clip,frame,source,orig_x,orig_y,orig_w,orig_h,orig_cx,orig_cy,x,y,w,h,det_x,det_y,det_w,det_h,visible,confidence,notes
e2711620-6d4e-4f9c-8922-b1b2d1fb74f2,0,manual_keyframe_v2,107.0,192.0,30.0,28.0,122.0,206.0,53.5,96.0,15.0,14.0,53.5,96.0,15.0,14.0,1,high,vision_manual_keyframe_interpolation_v2
e2711620-6d4e-4f9c-8922-b1b2d1fb74f2,1,manual_key_interp_v2,107.8,191.55,30.0,28.0,122.8,205.55,53.9,95.78,15.0,14.0,53.9,95.78,15.0,14.0,1,high,vision_manual_keyframe_interpolation_v2
e2711620-6d4e-4f9c-8922-b1b2d1fb74f2,2,manual_key_interp_v2,108.6,191.1,30.0,28.0,123.6,205.1,54.3,95.55,15.0,14.0,54.3,95.55,15.0,14.0,1,high,vision_manual_keyframe_interpolation_v2
e2711620-6d4e-4f9c-8922-b1b2d1fb74f2,3,manual_key_interp_v2,109.4,190.65,30.0,28.0,124.4,204.65,54.7,95.33,15.0,14.0,54.7,95.33,15.0,14.0,1,high,vision_manual_keyframe_interpolation_v2
e2711620-6d4e-4f9c-8922-b1b2d1fb74f2,4,manual_key_interp_v2,110.2,190.2,30.0,28.0,125.2,204.2,55.1,95.1,15.0,14.0,55.1,95.1,15.0,14.0,1,high,vision_manual_keyframe_interpolation_v2
e2711620-6d4e-4f9c-8922-b1b2d1fb74f2,5,manual_key_interp_v2,111.0,189.75,30.0,28.0,126.0,203.75,55.5,94.88,15.0,14.0,55.5,94.88,15.0,14.0,1,high,vision_manual_keyframe_interpolation_v2
e2711620-6d4e-4f9c-8922-b1b2d1fb74f2,6,manual_key_interp_v2,111.8,189.3,30.0,28.0,126.8,203.3,55.9,94.65,15.0,14.0,55.9,94.65,15.0,14.0,1,high,vision_manual_keyframe_interpolation_v2
e2711620-6d4e-4f9c-8922-b1b2d1fb74f2,7,manual_key_interp_v2,112.6,188.85,30.0,28.0,127.6,202.85,56.3,94.42,15.0,14.0,56.3,94.42,15.0,14.0,1,high,vision_manual_keyframe_interpolation_v2
e2711620-6d4e-4f9c-8922-b1b2d1fb74f2,8,manual_key_interp_v2,113.4,188.4,30.0,28.0,128.4,202.4,56.7,94.2,15.0,14.0,56.7,94.2,15.0,14.0,1,high,vision_manual_keyframe_interpolation_v2
e2711620-6d4e-4f9c-8922-b1b2d1fb74f2,9,manual_key_interp_v2,114.2,187.95,30.0,28.0,129.2,201.95,57.1,93.97,15.0,14.0,57.1,93.97,15.0,14.0,1,high,vision_manual_keyframe_interpolation_v2
e2711620-6d4e-4f9c-8922-b1b2d1fb74f2,10,manual_key_interp_v2,115.0,187.5,30.0,28.0,130.0,201.5,57.5,93.75,15.0,14.0,57.5,93.75,15.0,14.0,1,high,vision_manual_keyframe_interpolation_v2
e2711620-6d4e-4f9c-8922-b1b2d1fb74f2,11,manual_key_interp_v2,115.8,187.05,30.0,28.0,130.8,201.05,57.9,93.53,15.0,14.0,57.9,93.53,15.0,14.0,1,high,vision_manual_keyframe_interpolation_v2
e2711620-6d4e-4f9c-8922-b1b2d1fb74f2,12,manual_key_interp_v2,116.6,186.6,30.0,28.0,131.6,200.6,58.3,93.3,15.0,14.0,58.3,93.3,15.0,14.0,1,high,vision_manual_keyframe_interpolation_v2
e2711620-6d4e-4f9c-8922-b1b2d1fb74f2,13,manual_key_interp_v2,117.4,186.15,30.0,28.0,132.4,200.15,58.7,93.08,15.0,14.0,58.7,93.08,15.0,14.0,1,high,vision_manual_keyframe_interpolation_v2
e2711620-6d4e-4f9c-8922-b1b2d1fb74f2,14,manual_key_interp_v2,118.2,185.7,30.0,28.0,133.2,199.7,59.1,92.85,15.0,14.0,59.1,92.85,15.0,14.0,1,high,vision_manual_keyframe_interpolation_v2
e2711620-6d4e-4f9c-8922-b1b2d1fb74f2,15,manual_key_interp_v2,119.0,185.25,30.0,28.0,134.0,199.25,59.5,92.62,15.0,14.0,59.5,92.62,15.0,14.0,1,high,vision_manual_keyframe_interpolation_v2
e2711620-6d4e-4f9c-8922-b1b2d1fb74f2,16,manual_key_interp_v2,119.8,184.8,30.0,28.0,134.8,198.8,59.9,92.4,15.0,14.0,59.9,92.4,15.0,14.0,1,high,vision_manual_keyframe_interpolation_v2
e2711620-6d4e-4f9c-8922-b1b2d1fb74f2,17,manual_key_interp_v2,120.6,184.35,30.0,28.0,135.6,198.35,60.3,92.17,15.0,14.0,60.3,92.17,15.0,14.0,1,high,vision_manual_keyframe_interpolation_v2
e2711620-6d4e-4f9c-8922-b1b2d1fb74f2,18,manual_key_interp_v2,121.4,183.9,30.0,28.0,136.4,197.9,60.7,91.95,15.0,14.0,60.7,91.95,15.0,14.0,1,high,vision_manual_keyframe_interpolation_v2
e2711620-6d4e-4f9c-8922-b1b2d1fb74f2,19,manual_key_interp_v2,122.2,183.45,30.0,28.0,137.2,197.45,61.1,91.72,15.0,14.0,61.1,91.72,15.0,14.0,1,high,vision_manual_keyframe_interpolation_v2
e2711620-6d4e-4f9c-8922-b1b2d1fb74f2,20,manual_keyframe_v2,123.0,183.0,30.0,28.0,138.0,197.0,61.5,91.5,15.0,14.0,61.5,91.5,15.0,14.0,1,high,vision_manual_keyframe_interpolation_v2
e2711620-6d4e-4f9c-8922-b1b2d1fb74f2,21,manual_key_interp_v2,123.9,182.35,30.0,28.0,138.9,196.35,61.95,91.17,15.0,14.0,61.95,91.17,15.0,14.0,1,high,vision_manual_keyframe_interpolation_v2
e2711620-6d4e-4f9c-8922-b1b2d1fb74f2,22,manual_key_interp_v2,124.8,181.7,30.0,28.0,139.8,195.7,62.4,90.85,15.0,14.0,62.4,90.85,15.0,14.0,1,high,vision_manual_keyframe_interpolation_v2
e2711620-6d4e-4f9c-8922-b1b2d1fb74f2,23,manual_key_interp_v2,125.7,181.05,30.0,28.0,140.7,195.05,62.85,90.53,15.0,14.0,62.85,90.53,15.0,14.0,1,high,vision_manual_keyframe_interpolation_v2
e2711620-6d4e-4f9c-8922-b1b2d1fb74f2,24,manual_key_interp_v2,126.6,180.4,30.0,28.0,141.6,194.4,63.3,90.2,15.0,14.0,63.3,90.2,15.0,14.0,1,high,vision_manual_keyframe_interpolation_v2
e2711620-6d4e-4f9c-8922-b1b2d1fb74f2,25,manual_key_interp_v2,127.5,179.75,30.0,28.0,142.5,193.75,63.75,89.88,15.0,14.0,63.75,89.88,15.0,14.0,1,high,vision_manual_keyframe_interpolation_v2
e2711620-6d4e-4f9c-8922-b1b2d1fb74f2,26,manual_key_interp_v2,128.4,179.1,30.0,28.0,143.4,193.1,64.2,89.55,15.0,14.0,64.2,89.55,15.0,14.0,1,high,vision_manual_keyframe_interpolation_v2
e2711620-6d4e-4f9c-8922-b1b2d1fb74f2,27,manual_key_interp_v2,129.3,178.45,30.0,28.0,144.3,192.45,64.65,89.22,15.0,14.0,64.65,89.22,15.0,14.0,1,high,vision_manual_keyframe_interpolation_v2
e2711620-6d4e-4f9c-8922-b1b2d1fb74f2,28,manual_key_interp_v2,130.2,177.8,30.0,28.0,145.2,191.8,65.1,88.9,15.0,14.0,65.1,88.9,15.0,14.0,1,high,vision_manual_keyframe_interpolation_v2
e2711620-6d4e-4f9c-8922-b1b2d1fb74f2,29,manual_key_interp_v2,131.1,177.15,30.0,28.0,146.1,191.15,65.55,88.58,15.0,14.0,65.55,88.58,15.0,14.0,1,high,vision_manual_keyframe_interpolation_v2
e2711620-6d4e-4f9c-8922-b1b2d1fb74f2,30,manual_key_interp_v2,132.0,176.5,30.0,28.0,147.0,190.5,66.0,88.25,15.0,14.0,66.0,88.25,15.0,14.0,1,high,vision_manual_keyframe_interpolation_v2
e2711620-6d4e-4f9c-8922-b1b2d1fb74f2,31,manual_key_interp_v2,132.9,175.85,30.0,28.0,147.9,189.85,66.45,87.92,15.0,14.0,66.45,87.92,15.0,14.0,1,high,vision_manual_keyframe_interpolation_v2
e2711620-6d4e-4f9c-8922-b1b2d1fb74f2,32,manual_key_interp_v2,133.8,175.2,30.0,28.0,148.8,189.2,66.9,87.6,15.0,14.0,66.9,87.6,15.0,14.0,1,high,vision_manual_keyframe_interpolation_v2
e2711620-6d4e-4f9c-8922-b1b2d1fb74f2,33,manual_key_interp_v2,134.7,174.55,30.0,28.0,149.7,188.55,67.35,87.28,15.0,14.0,67.35,87.28,15.0,14.0,1,high,vision_manual_keyframe_interpolation_v2
e2711620-6d4e-4f9c-8922-b1b2d1fb74f2,34,manual_key_interp_v2,135.6,173.9,30.0,28.0,150.6,187.9,67.8,86.95,15.0,14.0,67.8,86.95,15.0,14.0,1,high,vision_manual_keyframe_interpolation_v2
e2711620-6d4e-4f9c-8922-b1b2d1fb74f2,35,manual_key_interp_v2,136.5,173.25,30.0,28.0,151.5,187.25,68.25,86.62,15.0,14.0,68.25,86.62,15.0,14.0,1,high,vision_manual_keyframe_interpolation_v2
e2711620-6d4e-4f9c-8922-b1b2d1fb74f2,36,manual_key_interp_v2,137.4,172.6,30.0,28.0,152.4,186.6,68.7,86.3,15.0,14.0,68.7,86.3,15.0,14.0,1,high,vision_manual_keyframe_interpolation_v2
e2711620-6d4e-4f9c-8922-b1b2d1fb74f2,37,manual_key_interp_v2,138.3,171.95,30.0,28.0,153.3,185.95,69.15,85.97,15.0,14.0,69.15,85.97,15.0,14.0,1,high,vision_manual_keyframe_interpolation_v2
e2711620-6d4e-4f9c-8922-b1b2d1fb74f2,38,manual_key_interp_v2,139.2,171.3,30.0,28.0,154.2,185.3,69.6,85.65,15.0,14.0,69.6,85.65,15.0,14.0,1,high,vision_manual_keyframe_interpolation_v2
e2711620-6d4e-4f9c-8922-b1b2d1fb74f2,39,manual_key_interp_v2,140.1,170.65,30.0,28.0,155.1,184.65,70.05,85.33,15.0,14.0,70.05,85.33,15.0,14.0,1,high,vision_manual_keyframe_interpolation_v2
e2711620-6d4e-4f9c-8922-b1b2d1fb74f2,40,manual_keyframe_v2,141.0,170.0,30.0,28.0,156.0,184.0,70.5,85.0,15.0,14.0,70.5,85.0,15.0,14.0,1,high,vision_manual_keyframe_interpolation_v2
e2711620-6d4e-4f9c-8922-b1b2d1fb74f2,41,manual_key_interp_v2,143.05,169.85,30.1,28.1,158.1,183.9,71.52,84.92,15.05,14.05,71.52,84.92,15.05,14.05,1,high,vision_manual_keyframe_interpolation_v2
e2711620-6d4e-4f9c-8922-b1b2d1fb74f2,42,manual_key_interp_v2,145.1,169.7,30.2,28.2,160.2,183.8,72.55,84.85,15.1,14.1,72.55,84.85,15.1,14.1,1,high,vision_manual_keyframe_interpolation_v2
e2711620-6d4e-4f9c-8922-b1b2d1fb74f2,43,manual_key_interp_v2,147.15,169.55,30.3,28.3,162.3,183.7,73.58,84.77,15.15,14.15,73.58,84.77,15.15,14.15,1,high,vision_manual_keyframe_interpolation_v2
e2711620-6d4e-4f9c-8922-b1b2d1fb74f2,44,manual_key_interp_v2,149.2,169.4,30.4,28.4,164.4,183.6,74.6,84.7,15.2,14.2,74.6,84.7,15.2,14.2,1,high,vision_manual_keyframe_interpolation_v2
e2711620-6d4e-4f9c-8922-b1b2d1fb74f2,45,manual_key_interp_v2,151.25,169.25,30.5,28.5,166.5,183.5,75.62,84.62,15.25,14.25,75.62,84.62,15.25,14.25,1,high,vision_manual_keyframe_interpolation_v2
e2711620-6d4e-4f9c-8922-b1b2d1fb74f2,46,manual_key_interp_v2,153.3,169.1,30.6,28.6,168.6,183.4,76.65,84.55,15.3,14.3,76.65,84.55,15.3,14.3,1,high,vision_manual_keyframe_interpolation_v2
e2711620-6d4e-4f9c-8922-b1b2d1fb74f2,47,manual_key_interp_v2,155.35,168.95,30.7,28.7,170.7,183.3,77.67,84.48,15.35,14.35,77.67,84.48,15.35,14.35,1,high,vision_manual_keyframe_interpolation_v2
e2711620-6d4e-4f9c-8922-b1b2d1fb74f2,48,manual_key_interp_v2,157.4,168.8,30.8,28.8,172.8,183.2,78.7,84.4,15.4,14.4,78.7,84.4,15.4,14.4,1,high,vision_manual_keyframe_interpolation_v2
e2711620-6d4e-4f9c-8922-b1b2d1fb74f2,49,manual_key_interp_v2,159.45,168.65,30.9,28.9,174.9,183.1,79.73,84.33,15.45,14.45,79.73,84.33,15.45,14.45,1,high,vision_manual_keyframe_interpolation_v2
e2711620-6d4e-4f9c-8922-b1b2d1fb74f2,50,manual_key_interp_v2,161.5,168.5,31.0,29.0,177.0,183.0,80.75,84.25,15.5,14.5,80.75,84.25,15.5,14.5,1,high,vision_manual_keyframe_interpolation_v2
e2711620-6d4e-4f9c-8922-b1b2d1fb74f2,51,manual_key_interp_v2,163.55,168.35,31.1,29.1,179.1,182.9,81.77,84.17,15.55,14.55,81.77,84.17,15.55,14.55,1,high,vision_manual_keyframe_interpolation_v2
e2711620-6d4e-4f9c-8922-b1b2d1fb74f2,52,manual_key_interp_v2,165.6,168.2,31.2,29.2,181.2,182.8,82.8,84.1,15.6,14.6,82.8,84.1,15.6,14.6,1,high,vision_manual_keyframe_interpolation_v2
e2711620-6d4e-4f9c-8922-b1b2d1fb74f2,53,manual_key_interp_v2,167.65,168.05,31.3,29.3,183.3,182.7,83.83,84.02,15.65,14.65,83.83,84.02,15.65,14.65,1,high,vision_manual_keyframe_interpolation_v2
e2711620-6d4e-4f9c-8922-b1b2d1fb74f2,54,manual_key_interp_v2,169.7,167.9,31.4,29.4,185.4,182.6,84.85,83.95,15.7,14.7,84.85,83.95,15.7,14.7,1,high,vision_manual_keyframe_interpolation_v2
e2711620-6d4e-4f9c-8922-b1b2d1fb74f2,55,manual_key_interp_v2,171.75,167.75,31.5,29.5,187.5,182.5,85.88,83.88,15.75,14.75,85.88,83.88,15.75,14.75,1,high,vision_manual_keyframe_interpolation_v2
e2711620-6d4e-4f9c-8922-b1b2d1fb74f2,56,manual_key_interp_v2,173.8,167.6,31.6,29.6,189.6,182.4,86.9,83.8,15.8,14.8,86.9,83.8,15.8,14.8,1,high,vision_manual_keyframe_interpolation_v2
e2711620-6d4e-4f9c-8922-b1b2d1fb74f2,57,manual_key_interp_v2,175.85,167.45,31.7,29.7,191.7,182.3,87.92,83.73,15.85,14.85,87.92,83.73,15.85,14.85,1,high,vision_manual_keyframe_interpolation_v2
e2711620-6d4e-4f9c-8922-b1b2d1fb74f2,58,manual_key_interp_v2,177.9,167.3,31.8,29.8,193.8,182.2,88.95,83.65,15.9,14.9,88.95,83.65,15.9,14.9,1,high,vision_manual_keyframe_interpolation_v2
e2711620-6d4e-4f9c-8922-b1b2d1fb74f2,59,manual_key_interp_v2,179.95,167.15,31.9,29.9,195.9,182.1,89.98,83.58,15.95,14.95,89.98,83.58,15.95,14.95,1,high,vision_manual_keyframe_interpolation_v2
e2711620-6d4e-4f9c-8922-b1b2d1fb74f2,60,manual_keyframe_v2,182.0,167.0,32.0,30.0,198.0,182.0,91.0,83.5,16.0,15.0,91.0,83.5,16.0,15.0,1,high,vision_manual_keyframe_interpolation_v2
e2711620-6d4e-4f9c-8922-b1b2d1fb74f2,61,manual_key_interp_v2,180.75,167.05,32.1,30.1,196.8,182.1,90.38,83.52,16.05,15.05,90.38,83.52,16.05,15.05,1,high,vision_manual_keyframe_interpolation_v2
e2711620-6d4e-4f9c-8922-b1b2d1fb74f2,62,manual_key_interp_v2,179.5,167.1,32.2,30.2,195.6,182.2,89.75,83.55,16.1,15.1,89.75,83.55,16.1,15.1,1,high,vision_manual_keyframe_interpolation_v2
e2711620-6d4e-4f9c-8922-b1b2d1fb74f2,63,manual_key_interp_v2,178.25,167.15,32.3,30.3,194.4,182.3,89.12,83.58,16.15,15.15,89.12,83.58,16.15,15.15,1,high,vision_manual_keyframe_interpolation_v2
e2711620-6d4e-4f9c-8922-b1b2d1fb74f2,64,manual_key_interp_v2,177.0,167.2,32.4,30.4,193.2,182.4,88.5,83.6,16.2,15.2,88.5,83.6,16.2,15.2,1,high,vision_manual_keyframe_interpolation_v2
e2711620-6d4e-4f9c-8922-b1b2d1fb74f2,65,manual_key_interp_v2,175.75,167.25,32.5,30.5,192.0,182.5,87.88,83.62,16.25,15.25,87.88,83.62,16.25,15.25,1,high,vision_manual_keyframe_interpolation_v2
e2711620-6d4e-4f9c-8922-b1b2d1fb74f2,66,manual_key_interp_v2,174.5,167.3,32.6,30.6,190.8,182.6,87.25,83.65,16.3,15.3,87.25,83.65,16.3,15.3,1,high,vision_manual_keyframe_interpolation_v2
e2711620-6d4e-4f9c-8922-b1b2d1fb74f2,67,manual_key_interp_v2,173.25,167.35,32.7,30.7,189.6,182.7,86.62,83.67,16.35,15.35,86.62,83.67,16.35,15.35,1,high,vision_manual_keyframe_interpolation_v2
e2711620-6d4e-4f9c-8922-b1b2d1fb74f2,68,manual_key_interp_v2,172.0,167.4,32.8,30.8,188.4,182.8,86.0,83.7,16.4,15.4,86.0,83.7,16.4,15.4,1,high,vision_manual_keyframe_interpolation_v2
e2711620-6d4e-4f9c-8922-b1b2d1fb74f2,69,manual_key_interp_v2,170.75,167.45,32.9,30.9,187.2,182.9,85.38,83.73,16.45,15.45,85.38,83.73,16.45,15.45,1,high,vision_manual_keyframe_interpolation_v2
e2711620-6d4e-4f9c-8922-b1b2d1fb74f2,70,manual_key_interp_v2,169.5,167.5,33.0,31.0,186.0,183.0,84.75,83.75,16.5,15.5,84.75,83.75,16.5,15.5,1,high,vision_manual_keyframe_interpolation_v2
e2711620-6d4e-4f9c-8922-b1b2d1fb74f2,71,manual_key_interp_v2,168.25,167.55,33.1,31.1,184.8,183.1,84.12,83.77,16.55,15.55,84.12,83.77,16.55,15.55,1,high,vision_manual_keyframe_interpolation_v2
e2711620-6d4e-4f9c-8922-b1b2d1fb74f2,72,manual_key_interp_v2,167.0,167.6,33.2,31.2,183.6,183.2,83.5,83.8,16.6,15.6,83.5,83.8,16.6,15.6,1,high,vision_manual_keyframe_interpolation_v2
e2711620-6d4e-4f9c-8922-b1b2d1fb74f2,73,manual_key_interp_v2,165.75,167.65,33.3,31.3,182.4,183.3,82.88,83.83,16.65,15.65,82.88,83.83,16.65,15.65,1,high,vision_manual_keyframe_interpolation_v2
e2711620-6d4e-4f9c-8922-b1b2d1fb74f2,74,manual_key_interp_v2,164.5,167.7,33.4,31.4,181.2,183.4,82.25,83.85,16.7,15.7,82.25,83.85,16.7,15.7,1,high,vision_manual_keyframe_interpolation_v2
e2711620-6d4e-4f9c-8922-b1b2d1fb74f2,75,manual_key_interp_v2,163.25,167.75,33.5,31.5,180.0,183.5,81.62,83.88,16.75,15.75,81.62,83.88,16.75,15.75,1,high,vision_manual_keyframe_interpolation_v2
e2711620-6d4e-4f9c-8922-b1b2d1fb74f2,76,manual_key_interp_v2,162.0,167.8,33.6,31.6,178.8,183.6,81.0,83.9,16.8,15.8,81.0,83.9,16.8,15.8,1,high,vision_manual_keyframe_interpolation_v2
e2711620-6d4e-4f9c-8922-b1b2d1fb74f2,77,manual_key_interp_v2,160.75,167.85,33.7,31.7,177.6,183.7,80.38,83.92,16.85,15.85,80.38,83.92,16.85,15.85,1,high,vision_manual_keyframe_interpolation_v2
e2711620-6d4e-4f9c-8922-b1b2d1fb74f2,78,manual_key_interp_v2,159.5,167.9,33.8,31.8,176.4,183.8,79.75,83.95,16.9,15.9,79.75,83.95,16.9,15.9,1,high,vision_manual_keyframe_interpolation_v2
e2711620-6d4e-4f9c-8922-b1b2d1fb74f2,79,manual_key_interp_v2,158.25,167.95,33.9,31.9,175.2,183.9,79.12,83.98,16.95,15.95,79.12,83.98,16.95,15.95,1,high,vision_manual_keyframe_interpolation_v2
e2711620-6d4e-4f9c-8922-b1b2d1fb74f2,80,manual_keyframe_v2,157.0,168.0,34.0,32.0,174.0,184.0,78.5,84.0,17.0,16.0,78.5,84.0,17.0,16.0,1,high,vision_manual_keyframe_interpolation_v2
e2711620-6d4e-4f9c-8922-b1b2d1fb74f2,81,manual_key_interp_v2,156.85,168.0,34.1,32.1,173.9,184.05,78.42,84.0,17.05,16.05,78.42,84.0,17.05,16.05,1,high,vision_manual_keyframe_interpolation_v2
e2711620-6d4e-4f9c-8922-b1b2d1fb74f2,82,manual_key_interp_v2,156.7,168.0,34.2,32.2,173.8,184.1,78.35,84.0,17.1,16.1,78.35,84.0,17.1,16.1,1,high,vision_manual_keyframe_interpolation_v2
e2711620-6d4e-4f9c-8922-b1b2d1fb74f2,83,manual_key_interp_v2,156.55,168.0,34.3,32.3,173.7,184.15,78.27,84.0,17.15,16.15,78.27,84.0,17.15,16.15,1,high,vision_manual_keyframe_interpolation_v2
e2711620-6d4e-4f9c-8922-b1b2d1fb74f2,84,manual_key_interp_v2,156.4,168.0,34.4,32.4,173.6,184.2,78.2,84.0,17.2,16.2,78.2,84.0,17.2,16.2,1,high,vision_manual_keyframe_interpolation_v2
e2711620-6d4e-4f9c-8922-b1b2d1fb74f2,85,manual_key_interp_v2,156.25,168.0,34.5,32.5,173.5,184.25,78.12,84.0,17.25,16.25,78.12,84.0,17.25,16.25,1,high,vision_manual_keyframe_interpolation_v2
e2711620-6d4e-4f9c-8922-b1b2d1fb74f2,86,manual_key_interp_v2,156.1,168.0,34.6,32.6,173.4,184.3,78.05,84.0,17.3,16.3,78.05,84.0,17.3,16.3,1,high,vision_manual_keyframe_interpolation_v2
e2711620-6d4e-4f9c-8922-b1b2d1fb74f2,87,manual_key_interp_v2,155.95,168.0,34.7,32.7,173.3,184.35,77.98,84.0,17.35,16.35,77.98,84.0,17.35,16.35,1,high,vision_manual_keyframe_interpolation_v2
e2711620-6d4e-4f9c-8922-b1b2d1fb74f2,88,manual_key_interp_v2,155.8,168.0,34.8,32.8,173.2,184.4,77.9,84.0,17.4,16.4,77.9,84.0,17.4,16.4,1,high,vision_manual_keyframe_interpolation_v2
e2711620-6d4e-4f9c-8922-b1b2d1fb74f2,89,manual_key_interp_v2,155.65,168.0,34.9,32.9,173.1,184.45,77.83,84.0,17.45,16.45,77.83,84.0,17.45,16.45,1,high,vision_manual_keyframe_interpolation_v2
e2711620-6d4e-4f9c-8922-b1b2d1fb74f2,90,manual_key_interp_v2,155.5,168.0,35.0,33.0,173.0,184.5,77.75,84.0,17.5,16.5,77.75,84.0,17.5,16.5,1,high,vision_manual_keyframe_interpolation_v2
e2711620-6d4e-4f9c-8922-b1b2d1fb74f2,91,manual_key_interp_v2,155.35,168.0,35.1,33.1,172.9,184.55,77.67,84.0,17.55,16.55,77.67,84.0,17.55,16.55,1,high,vision_manual_keyframe_interpolation_v2
e2711620-6d4e-4f9c-8922-b1b2d1fb74f2,92,manual_key_interp_v2,155.2,168.0,35.2,33.2,172.8,184.6,77.6,84.0,17.6,16.6,77.6,84.0,17.6,16.6,1,high,vision_manual_keyframe_interpolation_v2
e2711620-6d4e-4f9c-8922-b1b2d1fb74f2,93,manual_key_interp_v2,155.05,168.0,35.3,33.3,172.7,184.65,77.52,84.0,17.65,16.65,77.52,84.0,17.65,16.65,1,high,vision_manual_keyframe_interpolation_v2
e2711620-6d4e-4f9c-8922-b1b2d1fb74f2,94,manual_key_interp_v2,154.9,168.0,35.4,33.4,172.6,184.7,77.45,84.0,17.7,16.7,77.45,84.0,17.7,16.7,1,high,vision_manual_keyframe_interpolation_v2
e2711620-6d4e-4f9c-8922-b1b2d1fb74f2,95,manual_key_interp_v2,154.75,168.0,35.5,33.5,172.5,184.75,77.38,84.0,17.75,16.75,77.38,84.0,17.75,16.75,1,high,vision_manual_keyframe_interpolation_v2
e2711620-6d4e-4f9c-8922-b1b2d1fb74f2,96,manual_key_interp_v2,154.6,168.0,35.6,33.6,172.4,184.8,77.3,84.0,17.8,16.8,77.3,84.0,17.8,16.8,1,high,vision_manual_keyframe_interpolation_v2
e2711620-6d4e-4f9c-8922-b1b2d1fb74f2,97,manual_key_interp_v2,154.45,168.0,35.7,33.7,172.3,184.85,77.23,84.0,17.85,16.85,77.23,84.0,17.85,16.85,1,high,vision_manual_keyframe_interpolation_v2
e2711620-6d4e-4f9c-8922-b1b2d1fb74f2,98,manual_key_interp_v2,154.3,168.0,35.8,33.8,172.2,184.9,77.15,84.0,17.9,16.9,77.15,84.0,17.9,16.9,1,high,vision_manual_keyframe_interpolation_v2
e2711620-6d4e-4f9c-8922-b1b2d1fb74f2,99,manual_key_interp_v2,154.15,168.0,35.9,33.9,172.1,184.95,77.08,84.0,17.95,16.95,77.08,84.0,17.95,16.95,1,high,vision_manual_keyframe_interpolation_v2
e2711620-6d4e-4f9c-8922-b1b2d1fb74f2,100,manual_keyframe_v2,154.0,168.0,36.0,34.0,172.0,185.0,77.0,84.0,18.0,17.0,77.0,84.0,18.0,17.0,1,high,vision_manual_keyframe_interpolation_v2
e2711620-6d4e-4f9c-8922-b1b2d1fb74f2,101,manual_key_interp_v2,153.85,167.95,36.0,34.0,171.85,184.95,76.92,83.97,18.0,17.0,76.92,83.97,18.0,17.0,1,high,vision_manual_keyframe_interpolation_v2
e2711620-6d4e-4f9c-8922-b1b2d1fb74f2,102,manual_key_interp_v2,153.7,167.9,36.0,34.0,171.7,184.9,76.85,83.95,18.0,17.0,76.85,83.95,18.0,17.0,1,high,vision_manual_keyframe_interpolation_v2
e2711620-6d4e-4f9c-8922-b1b2d1fb74f2,103,manual_key_interp_v2,153.55,167.85,36.0,34.0,171.55,184.85,76.78,83.92,18.0,17.0,76.78,83.92,18.0,17.0,1,high,vision_manual_keyframe_interpolation_v2
e2711620-6d4e-4f9c-8922-b1b2d1fb74f2,104,manual_key_interp_v2,153.4,167.8,36.0,34.0,171.4,184.8,76.7,83.9,18.0,17.0,76.7,83.9,18.0,17.0,1,high,vision_manual_keyframe_interpolation_v2
e2711620-6d4e-4f9c-8922-b1b2d1fb74f2,105,manual_key_interp_v2,153.25,167.75,36.0,34.0,171.25,184.75,76.62,83.88,18.0,17.0,76.62,83.88,18.0,17.0,1,high,vision_manual_keyframe_interpolation_v2
e2711620-6d4e-4f9c-8922-b1b2d1fb74f2,106,manual_key_interp_v2,153.1,167.7,36.0,34.0,171.1,184.7,76.55,83.85,18.0,17.0,76.55,83.85,18.0,17.0,1,high,vision_manual_keyframe_interpolation_v2
e2711620-6d4e-4f9c-8922-b1b2d1fb74f2,107,manual_key_interp_v2,152.95,167.65,36.0,34.0,170.95,184.65,76.47,83.83,18.0,17.0,76.47,83.83,18.0,17.0,1,high,vision_manual_keyframe_interpolation_v2
e2711620-6d4e-4f9c-8922-b1b2d1fb74f2,108,manual_key_interp_v2,152.8,167.6,36.0,34.0,170.8,184.6,76.4,83.8,18.0,17.0,76.4,83.8,18.0,17.0,1,high,vision_manual_keyframe_interpolation_v2
e2711620-6d4e-4f9c-8922-b1b2d1fb74f2,109,manual_key_interp_v2,152.65,167.55,36.0,34.0,170.65,184.55,76.33,83.78,18.0,17.0,76.33,83.78,18.0,17.0,1,high,vision_manual_keyframe_interpolation_v2
e2711620-6d4e-4f9c-8922-b1b2d1fb74f2,110,manual_key_interp_v2,152.5,167.5,36.0,34.0,170.5,184.5,76.25,83.75,18.0,17.0,76.25,83.75,18.0,17.0,1,high,vision_manual_keyframe_interpolation_v2
e2711620-6d4e-4f9c-8922-b1b2d1fb74f2,111,manual_key_interp_v2,152.35,167.45,36.0,34.0,170.35,184.45,76.17,83.72,18.0,17.0,76.17,83.72,18.0,17.0,1,high,vision_manual_keyframe_interpolation_v2
e2711620-6d4e-4f9c-8922-b1b2d1fb74f2,112,manual_key_interp_v2,152.2,167.4,36.0,34.0,170.2,184.4,76.1,83.7,18.0,17.0,76.1,83.7,18.0,17.0,1,high,vision_manual_keyframe_interpolation_v2
e2711620-6d4e-4f9c-8922-b1b2d1fb74f2,113,manual_key_interp_v2,152.05,167.35,36.0,34.0,170.05,184.35,76.03,83.67,18.0,17.0,76.03,83.67,18.0,17.0,1,high,vision_manual_keyframe_interpolation_v2
e2711620-6d4e-4f9c-8922-b1b2d1fb74f2,114,manual_key_interp_v2,151.9,167.3,36.0,34.0,169.9,184.3,75.95,83.65,18.0,17.0,75.95,83.65,18.0,17.0,1,high,vision_manual_keyframe_interpolation_v2
e2711620-6d4e-4f9c-8922-b1b2d1fb74f2,115,manual_key_interp_v2,151.75,167.25,36.0,34.0,169.75,184.25,75.88,83.62,18.0,17.0,75.88,83.62,18.0,17.0,1,high,vision_manual_keyframe_interpolation_v2
e2711620-6d4e-4f9c-8922-b1b2d1fb74f2,116,manual_key_interp_v2,151.6,167.2,36.0,34.0,169.6,184.2,75.8,83.6,18.0,17.0,75.8,83.6,18.0,17.0,1,high,vision_manual_keyframe_interpolation_v2
e2711620-6d4e-4f9c-8922-b1b2d1fb74f2,117,manual_key_interp_v2,151.45,167.15,36.0,34.0,169.45,184.15,75.72,83.58,18.0,17.0,75.72,83.58,18.0,17.0,1,high,vision_manual_keyframe_interpolation_v2
e2711620-6d4e-4f9c-8922-b1b2d1fb74f2,118,manual_key_interp_v2,151.3,167.1,36.0,34.0,169.3,184.1,75.65,83.55,18.0,17.0,75.65,83.55,18.0,17.0,1,high,vision_manual_keyframe_interpolation_v2
e2711620-6d4e-4f9c-8922-b1b2d1fb74f2,119,manual_key_interp_v2,151.15,167.05,36.0,34.0,169.15,184.05,75.58,83.53,18.0,17.0,75.58,83.53,18.0,17.0,1,high,vision_manual_keyframe_interpolation_v2
e2711620-6d4e-4f9c-8922-b1b2d1fb74f2,120,manual_keyframe_v2,151.0,167.0,36.0,34.0,169.0,184.0,75.5,83.5,18.0,17.0,75.5,83.5,18.0,17.0,1,high,vision_manual_keyframe_interpolation_v2
e2711620-6d4e-4f9c-8922-b1b2d1fb74f2,121,manual_key_interp_v2,150.95,166.95,36.0,34.0,168.95,183.95,75.47,83.47,18.0,17.0,75.47,83.47,18.0,17.0,1,high,vision_manual_keyframe_interpolation_v2
e2711620-6d4e-4f9c-8922-b1b2d1fb74f2,122,manual_key_interp_v2,150.9,166.9,36.0,34.0,168.9,183.9,75.45,83.45,18.0,17.0,75.45,83.45,18.0,17.0,1,high,vision_manual_keyframe_interpolation_v2
e2711620-6d4e-4f9c-8922-b1b2d1fb74f2,123,manual_key_interp_v2,150.85,166.85,36.0,34.0,168.85,183.85,75.42,83.42,18.0,17.0,75.42,83.42,18.0,17.0,1,high,vision_manual_keyframe_interpolation_v2
e2711620-6d4e-4f9c-8922-b1b2d1fb74f2,124,manual_key_interp_v2,150.8,166.8,36.0,34.0,168.8,183.8,75.4,83.4,18.0,17.0,75.4,83.4,18.0,17.0,1,high,vision_manual_keyframe_interpolation_v2
e2711620-6d4e-4f9c-8922-b1b2d1fb74f2,125,manual_key_interp_v2,150.75,166.75,36.0,34.0,168.75,183.75,75.38,83.38,18.0,17.0,75.38,83.38,18.0,17.0,1,high,vision_manual_keyframe_interpolation_v2
e2711620-6d4e-4f9c-8922-b1b2d1fb74f2,126,manual_key_interp_v2,150.7,166.7,36.0,34.0,168.7,183.7,75.35,83.35,18.0,17.0,75.35,83.35,18.0,17.0,1,high,vision_manual_keyframe_interpolation_v2
e2711620-6d4e-4f9c-8922-b1b2d1fb74f2,127,manual_key_interp_v2,150.65,166.65,36.0,34.0,168.65,183.65,75.33,83.33,18.0,17.0,75.33,83.33,18.0,17.0,1,high,vision_manual_keyframe_interpolation_v2
e2711620-6d4e-4f9c-8922-b1b2d1fb74f2,128,manual_key_interp_v2,150.6,166.6,36.0,34.0,168.6,183.6,75.3,83.3,18.0,17.0,75.3,83.3,18.0,17.0,1,high,vision_manual_keyframe_interpolation_v2
e2711620-6d4e-4f9c-8922-b1b2d1fb74f2,129,manual_key_interp_v2,150.55,166.55,36.0,34.0,168.55,183.55,75.28,83.28,18.0,17.0,75.28,83.28,18.0,17.0,1,high,vision_manual_keyframe_interpolation_v2
e2711620-6d4e-4f9c-8922-b1b2d1fb74f2,130,manual_key_interp_v2,150.5,166.5,36.0,34.0,168.5,183.5,75.25,83.25,18.0,17.0,75.25,83.25,18.0,17.0,1,high,vision_manual_keyframe_interpolation_v2
e2711620-6d4e-4f9c-8922-b1b2d1fb74f2,131,manual_key_interp_v2,150.45,166.45,36.0,34.0,168.45,183.45,75.22,83.22,18.0,17.0,75.22,83.22,18.0,17.0,1,high,vision_manual_keyframe_interpolation_v2
e2711620-6d4e-4f9c-8922-b1b2d1fb74f2,132,manual_key_interp_v2,150.4,166.4,36.0,34.0,168.4,183.4,75.2,83.2,18.0,17.0,75.2,83.2,18.0,17.0,1,high,vision_manual_keyframe_interpolation_v2
e2711620-6d4e-4f9c-8922-b1b2d1fb74f2,133,manual_key_interp_v2,150.35,166.35,36.0,34.0,168.35,183.35,75.17,83.17,18.0,17.0,75.17,83.17,18.0,17.0,1,high,vision_manual_keyframe_interpolation_v2
e2711620-6d4e-4f9c-8922-b1b2d1fb74f2,134,manual_key_interp_v2,150.3,166.3,36.0,34.0,168.3,183.3,75.15,83.15,18.0,17.0,75.15,83.15,18.0,17.0,1,high,vision_manual_keyframe_interpolation_v2
e2711620-6d4e-4f9c-8922-b1b2d1fb74f2,135,manual_key_interp_v2,150.25,166.25,36.0,34.0,168.25,183.25,75.12,83.12,18.0,17.0,75.12,83.12,18.0,17.0,1,high,vision_manual_keyframe_interpolation_v2
e2711620-6d4e-4f9c-8922-b1b2d1fb74f2,136,manual_key_interp_v2,150.2,166.2,36.0,34.0,168.2,183.2,75.1,83.1,18.0,17.0,75.1,83.1,18.0,17.0,1,high,vision_manual_keyframe_interpolation_v2
e2711620-6d4e-4f9c-8922-b1b2d1fb74f2,137,manual_key_interp_v2,150.15,166.15,36.0,34.0,168.15,183.15,75.08,83.08,18.0,17.0,75.08,83.08,18.0,17.0,1,high,vision_manual_keyframe_interpolation_v2
e2711620-6d4e-4f9c-8922-b1b2d1fb74f2,138,manual_key_interp_v2,150.1,166.1,36.0,34.0,168.1,183.1,75.05,83.05,18.0,17.0,75.05,83.05,18.0,17.0,1,high,vision_manual_keyframe_interpolation_v2
e2711620-6d4e-4f9c-8922-b1b2d1fb74f2,139,manual_key_interp_v2,150.05,166.05,36.0,34.0,168.05,183.05,75.03,83.03,18.0,17.0,75.03,83.03,18.0,17.0,1,high,vision_manual_keyframe_interpolation_v2
e2711620-6d4e-4f9c-8922-b1b2d1fb74f2,140,manual_keyframe_v2,150.0,166.0,36.0,34.0,168.0,183.0,75.0,83.0,18.0,17.0,75.0,83.0,18.0,17.0,1,high,vision_manual_keyframe_interpolation_v2
e2711620-6d4e-4f9c-8922-b1b2d1fb74f2,141,manual_key_interp_v2,149.65,165.85,36.1,34.1,167.7,182.9,74.82,82.92,18.05,17.05,74.82,82.92,18.05,17.05,1,high,vision_manual_keyframe_interpolation_v2
e2711620-6d4e-4f9c-8922-b1b2d1fb74f2,142,manual_key_interp_v2,149.3,165.7,36.2,34.2,167.4,182.8,74.65,82.85,18.1,17.1,74.65,82.85,18.1,17.1,1,high,vision_manual_keyframe_interpolation_v2
e2711620-6d4e-4f9c-8922-b1b2d1fb74f2,143,manual_key_interp_v2,148.95,165.55,36.3,34.3,167.1,182.7,74.47,82.77,18.15,17.15,74.47,82.77,18.15,17.15,1,high,vision_manual_keyframe_interpolation_v2
e2711620-6d4e-4f9c-8922-b1b2d1fb74f2,144,manual_key_interp_v2,148.6,165.4,36.4,34.4,166.8,182.6,74.3,82.7,18.2,17.2,74.3,82.7,18.2,17.2,1,high,vision_manual_keyframe_interpolation_v2
e2711620-6d4e-4f9c-8922-b1b2d1fb74f2,145,manual_key_interp_v2,148.25,165.25,36.5,34.5,166.5,182.5,74.12,82.62,18.25,17.25,74.12,82.62,18.25,17.25,1,high,vision_manual_keyframe_interpolation_v2
e2711620-6d4e-4f9c-8922-b1b2d1fb74f2,146,manual_key_interp_v2,147.9,165.1,36.6,34.6,166.2,182.4,73.95,82.55,18.3,17.3,73.95,82.55,18.3,17.3,1,high,vision_manual_keyframe_interpolation_v2
e2711620-6d4e-4f9c-8922-b1b2d1fb74f2,147,manual_key_interp_v2,147.55,164.95,36.7,34.7,165.9,182.3,73.78,82.48,18.35,17.35,73.78,82.48,18.35,17.35,1,high,vision_manual_keyframe_interpolation_v2
e2711620-6d4e-4f9c-8922-b1b2d1fb74f2,148,manual_key_interp_v2,147.2,164.8,36.8,34.8,165.6,182.2,73.6,82.4,18.4,17.4,73.6,82.4,18.4,17.4,1,high,vision_manual_keyframe_interpolation_v2
e2711620-6d4e-4f9c-8922-b1b2d1fb74f2,149,manual_key_interp_v2,146.85,164.65,36.9,34.9,165.3,182.1,73.43,82.33,18.45,17.45,73.43,82.33,18.45,17.45,1,high,vision_manual_keyframe_interpolation_v2
e2711620-6d4e-4f9c-8922-b1b2d1fb74f2,150,manual_key_interp_v2,146.5,164.5,37.0,35.0,165.0,182.0,73.25,82.25,18.5,17.5,73.25,82.25,18.5,17.5,1,high,vision_manual_keyframe_interpolation_v2
e2711620-6d4e-4f9c-8922-b1b2d1fb74f2,151,manual_key_interp_v2,146.15,164.35,37.1,35.1,164.7,181.9,73.07,82.17,18.55,17.55,73.07,82.17,18.55,17.55,1,high,vision_manual_keyframe_interpolation_v2
e2711620-6d4e-4f9c-8922-b1b2d1fb74f2,152,manual_key_interp_v2,145.8,164.2,37.2,35.2,164.4,181.8,72.9,82.1,18.6,17.6,72.9,82.1,18.6,17.6,1,high,vision_manual_keyframe_interpolation_v2
e2711620-6d4e-4f9c-8922-b1b2d1fb74f2,153,manual_key_interp_v2,145.45,164.05,37.3,35.3,164.1,181.7,72.72,82.02,18.65,17.65,72.72,82.02,18.65,17.65,1,high,vision_manual_keyframe_interpolation_v2
e2711620-6d4e-4f9c-8922-b1b2d1fb74f2,154,manual_key_interp_v2,145.1,163.9,37.4,35.4,163.8,181.6,72.55,81.95,18.7,17.7,72.55,81.95,18.7,17.7,1,high,vision_manual_keyframe_interpolation_v2
e2711620-6d4e-4f9c-8922-b1b2d1fb74f2,155,manual_key_interp_v2,144.75,163.75,37.5,35.5,163.5,181.5,72.38,81.88,18.75,17.75,72.38,81.88,18.75,17.75,1,high,vision_manual_keyframe_interpolation_v2
e2711620-6d4e-4f9c-8922-b1b2d1fb74f2,156,manual_key_interp_v2,144.4,163.6,37.6,35.6,163.2,181.4,72.2,81.8,18.8,17.8,72.2,81.8,18.8,17.8,1,high,vision_manual_keyframe_interpolation_v2
e2711620-6d4e-4f9c-8922-b1b2d1fb74f2,157,manual_key_interp_v2,144.05,163.45,37.7,35.7,162.9,181.3,72.03,81.73,18.85,17.85,72.03,81.73,18.85,17.85,1,high,vision_manual_keyframe_interpolation_v2
e2711620-6d4e-4f9c-8922-b1b2d1fb74f2,158,manual_key_interp_v2,143.7,163.3,37.8,35.8,162.6,181.2,71.85,81.65,18.9,17.9,71.85,81.65,18.9,17.9,1,high,vision_manual_keyframe_interpolation_v2
e2711620-6d4e-4f9c-8922-b1b2d1fb74f2,159,manual_key_interp_v2,143.35,163.15,37.9,35.9,162.3,181.1,71.68,81.58,18.95,17.95,71.68,81.58,18.95,17.95,1,high,vision_manual_keyframe_interpolation_v2
e2711620-6d4e-4f9c-8922-b1b2d1fb74f2,160,manual_keyframe_v2,143.0,163.0,38.0,36.0,162.0,181.0,71.5,81.5,19.0,18.0,71.5,81.5,19.0,18.0,1,high,vision_manual_keyframe_interpolation_v2
e2711620-6d4e-4f9c-8922-b1b2d1fb74f2,161,manual_key_interp_v2,143.35,162.3,38.1,36.1,162.4,180.35,71.67,81.15,19.05,18.05,71.67,81.15,19.05,18.05,1,high,vision_manual_keyframe_interpolation_v2
e2711620-6d4e-4f9c-8922-b1b2d1fb74f2,162,manual_key_interp_v2,143.7,161.6,38.2,36.2,162.8,179.7,71.85,80.8,19.1,18.1,71.85,80.8,19.1,18.1,1,high,vision_manual_keyframe_interpolation_v2
e2711620-6d4e-4f9c-8922-b1b2d1fb74f2,163,manual_key_interp_v2,144.05,160.9,38.3,36.3,163.2,179.05,72.02,80.45,19.15,18.15,72.02,80.45,19.15,18.15,1,high,vision_manual_keyframe_interpolation_v2
e2711620-6d4e-4f9c-8922-b1b2d1fb74f2,164,manual_key_interp_v2,144.4,160.2,38.4,36.4,163.6,178.4,72.2,80.1,19.2,18.2,72.2,80.1,19.2,18.2,1,high,vision_manual_keyframe_interpolation_v2
e2711620-6d4e-4f9c-8922-b1b2d1fb74f2,165,manual_key_interp_v2,144.75,159.5,38.5,36.5,164.0,177.75,72.38,79.75,19.25,18.25,72.38,79.75,19.25,18.25,1,high,vision_manual_keyframe_interpolation_v2
e2711620-6d4e-4f9c-8922-b1b2d1fb74f2,166,manual_key_interp_v2,145.1,158.8,38.6,36.6,164.4,177.1,72.55,79.4,19.3,18.3,72.55,79.4,19.3,18.3,1,high,vision_manual_keyframe_interpolation_v2
e2711620-6d4e-4f9c-8922-b1b2d1fb74f2,167,manual_key_interp_v2,145.45,158.1,38.7,36.7,164.8,176.45,72.73,79.05,19.35,18.35,72.73,79.05,19.35,18.35,1,high,vision_manual_keyframe_interpolation_v2
e2711620-6d4e-4f9c-8922-b1b2d1fb74f2,168,manual_key_interp_v2,145.8,157.4,38.8,36.8,165.2,175.8,72.9,78.7,19.4,18.4,72.9,78.7,19.4,18.4,1,high,vision_manual_keyframe_interpolation_v2
e2711620-6d4e-4f9c-8922-b1b2d1fb74f2,169,manual_key_interp_v2,146.15,156.7,38.9,36.9,165.6,175.15,73.08,78.35,19.45,18.45,73.08,78.35,19.45,18.45,1,high,vision_manual_keyframe_interpolation_v2
e2711620-6d4e-4f9c-8922-b1b2d1fb74f2,170,manual_key_interp_v2,146.5,156.0,39.0,37.0,166.0,174.5,73.25,78.0,19.5,18.5,73.25,78.0,19.5,18.5,1,high,vision_manual_keyframe_interpolation_v2
e2711620-6d4e-4f9c-8922-b1b2d1fb74f2,171,manual_key_interp_v2,146.85,155.3,39.1,37.1,166.4,173.85,73.42,77.65,19.55,18.55,73.42,77.65,19.55,18.55,1,high,vision_manual_keyframe_interpolation_v2
e2711620-6d4e-4f9c-8922-b1b2d1fb74f2,172,manual_key_interp_v2,147.2,154.6,39.2,37.2,166.8,173.2,73.6,77.3,19.6,18.6,73.6,77.3,19.6,18.6,1,high,vision_manual_keyframe_interpolation_v2
e2711620-6d4e-4f9c-8922-b1b2d1fb74f2,173,manual_key_interp_v2,147.55,153.9,39.3,37.3,167.2,172.55,73.77,76.95,19.65,18.65,73.77,76.95,19.65,18.65,1,high,vision_manual_keyframe_interpolation_v2
e2711620-6d4e-4f9c-8922-b1b2d1fb74f2,174,manual_key_interp_v2,147.9,153.2,39.4,37.4,167.6,171.9,73.95,76.6,19.7,18.7,73.95,76.6,19.7,18.7,1,high,vision_manual_keyframe_interpolation_v2
e2711620-6d4e-4f9c-8922-b1b2d1fb74f2,175,manual_key_interp_v2,148.25,152.5,39.5,37.5,168.0,171.25,74.12,76.25,19.75,18.75,74.12,76.25,19.75,18.75,1,high,vision_manual_keyframe_interpolation_v2
e2711620-6d4e-4f9c-8922-b1b2d1fb74f2,176,manual_key_interp_v2,148.6,151.8,39.6,37.6,168.4,170.6,74.3,75.9,19.8,18.8,74.3,75.9,19.8,18.8,1,high,vision_manual_keyframe_interpolation_v2
e2711620-6d4e-4f9c-8922-b1b2d1fb74f2,177,manual_key_interp_v2,148.95,151.1,39.7,37.7,168.8,169.95,74.48,75.55,19.85,18.85,74.48,75.55,19.85,18.85,1,high,vision_manual_keyframe_interpolation_v2
e2711620-6d4e-4f9c-8922-b1b2d1fb74f2,178,manual_key_interp_v2,149.3,150.4,39.8,37.8,169.2,169.3,74.65,75.2,19.9,18.9,74.65,75.2,19.9,18.9,1,high,vision_manual_keyframe_interpolation_v2
e2711620-6d4e-4f9c-8922-b1b2d1fb74f2,179,manual_key_interp_v2,149.65,149.7,39.9,37.9,169.6,168.65,74.83,74.85,19.95,18.95,74.83,74.85,19.95,18.95,1,high,vision_manual_keyframe_interpolation_v2
e2711620-6d4e-4f9c-8922-b1b2d1fb74f2,180,manual_keyframe_v2,150.0,149.0,40.0,38.0,170.0,168.0,75.0,74.5,20.0,19.0,75.0,74.5,20.0,19.0,1,high,vision_manual_keyframe_interpolation_v2
e2711620-6d4e-4f9c-8922-b1b2d1fb74f2,181,manual_key_interp_v2,150.25,148.7,40.1,38.1,170.3,167.75,75.12,74.35,20.05,19.05,75.12,74.35,20.05,19.05,1,high,vision_manual_keyframe_interpolation_v2
e2711620-6d4e-4f9c-8922-b1b2d1fb74f2,182,manual_key_interp_v2,150.5,148.4,40.2,38.2,170.6,167.5,75.25,74.2,20.1,19.1,75.25,74.2,20.1,19.1,1,high,vision_manual_keyframe_interpolation_v2
e2711620-6d4e-4f9c-8922-b1b2d1fb74f2,183,manual_key_interp_v2,150.75,148.1,40.3,38.3,170.9,167.25,75.38,74.05,20.15,19.15,75.38,74.05,20.15,19.15,1,high,vision_manual_keyframe_interpolation_v2
e2711620-6d4e-4f9c-8922-b1b2d1fb74f2,184,manual_key_interp_v2,151.0,147.8,40.4,38.4,171.2,167.0,75.5,73.9,20.2,19.2,75.5,73.9,20.2,19.2,1,high,vision_manual_keyframe_interpolation_v2
e2711620-6d4e-4f9c-8922-b1b2d1fb74f2,185,manual_key_interp_v2,151.25,147.5,40.5,38.5,171.5,166.75,75.62,73.75,20.25,19.25,75.62,73.75,20.25,19.25,1,high,vision_manual_keyframe_interpolation_v2
e2711620-6d4e-4f9c-8922-b1b2d1fb74f2,186,manual_key_interp_v2,151.5,147.2,40.6,38.6,171.8,166.5,75.75,73.6,20.3,19.3,75.75,73.6,20.3,19.3,1,high,vision_manual_keyframe_interpolation_v2
e2711620-6d4e-4f9c-8922-b1b2d1fb74f2,187,manual_key_interp_v2,151.75,146.9,40.7,38.7,172.1,166.25,75.88,73.45,20.35,19.35,75.88,73.45,20.35,19.35,1,high,vision_manual_keyframe_interpolation_v2
e2711620-6d4e-4f9c-8922-b1b2d1fb74f2,188,manual_key_interp_v2,152.0,146.6,40.8,38.8,172.4,166.0,76.0,73.3,20.4,19.4,76.0,73.3,20.4,19.4,1,high,vision_manual_keyframe_interpolation_v2
e2711620-6d4e-4f9c-8922-b1b2d1fb74f2,189,manual_key_interp_v2,152.25,146.3,40.9,38.9,172.7,165.75,76.12,73.15,20.45,19.45,76.12,73.15,20.45,19.45,1,high,vision_manual_keyframe_interpolation_v2
e2711620-6d4e-4f9c-8922-b1b2d1fb74f2,190,manual_key_interp_v2,152.5,146.0,41.0,39.0,173.0,165.5,76.25,73.0,20.5,19.5,76.25,73.0,20.5,19.5,1,high,vision_manual_keyframe_interpolation_v2
e2711620-6d4e-4f9c-8922-b1b2d1fb74f2,191,manual_key_interp_v2,152.75,145.7,41.1,39.1,173.3,165.25,76.38,72.85,20.55,19.55,76.38,72.85,20.55,19.55,1,high,vision_manual_keyframe_interpolation_v2
e2711620-6d4e-4f9c-8922-b1b2d1fb74f2,192,manual_key_interp_v2,153.0,145.4,41.2,39.2,173.6,165.0,76.5,72.7,20.6,19.6,76.5,72.7,20.6,19.6,1,high,vision_manual_keyframe_interpolation_v2
e2711620-6d4e-4f9c-8922-b1b2d1fb74f2,193,manual_key_interp_v2,153.25,145.1,41.3,39.3,173.9,164.75,76.62,72.55,20.65,19.65,76.62,72.55,20.65,19.65,1,high,vision_manual_keyframe_interpolation_v2
e2711620-6d4e-4f9c-8922-b1b2d1fb74f2,194,manual_key_interp_v2,153.5,144.8,41.4,39.4,174.2,164.5,76.75,72.4,20.7,19.7,76.75,72.4,20.7,19.7,1,high,vision_manual_keyframe_interpolation_v2
e2711620-6d4e-4f9c-8922-b1b2d1fb74f2,195,manual_key_interp_v2,153.75,144.5,41.5,39.5,174.5,164.25,76.88,72.25,20.75,19.75,76.88,72.25,20.75,19.75,1,high,vision_manual_keyframe_interpolation_v2
e2711620-6d4e-4f9c-8922-b1b2d1fb74f2,196,manual_key_interp_v2,154.0,144.2,41.6,39.6,174.8,164.0,77.0,72.1,20.8,19.8,77.0,72.1,20.8,19.8,1,high,vision_manual_keyframe_interpolation_v2
e2711620-6d4e-4f9c-8922-b1b2d1fb74f2,197,manual_key_interp_v2,154.25,143.9,41.7,39.7,175.1,163.75,77.12,71.95,20.85,19.85,77.12,71.95,20.85,19.85,1,high,vision_manual_keyframe_interpolation_v2
e2711620-6d4e-4f9c-8922-b1b2d1fb74f2,198,manual_key_interp_v2,154.5,143.6,41.8,39.8,175.4,163.5,77.25,71.8,20.9,19.9,77.25,71.8,20.9,19.9,1,high,vision_manual_keyframe_interpolation_v2
e2711620-6d4e-4f9c-8922-b1b2d1fb74f2,199,manual_key_interp_v2,154.75,143.3,41.9,39.9,175.7,163.25,77.38,71.65,20.95,19.95,77.38,71.65,20.95,19.95,1,high,vision_manual_keyframe_interpolation_v2
e2711620-6d4e-4f9c-8922-b1b2d1fb74f2,200,manual_keyframe_v2,155.0,143.0,42.0,40.0,176.0,163.0,77.5,71.5,21.0,20.0,77.5,71.5,21.0,20.0,1,high,vision_manual_keyframe_interpolation_v2
e2711620-6d4e-4f9c-8922-b1b2d1fb74f2,201,manual_key_interp_v2,155.2,143.55,42.0,40.0,176.2,163.55,77.6,71.78,21.0,20.0,77.6,71.78,21.0,20.0,1,high,vision_manual_keyframe_interpolation_v2
e2711620-6d4e-4f9c-8922-b1b2d1fb74f2,202,manual_key_interp_v2,155.4,144.1,42.0,40.0,176.4,164.1,77.7,72.05,21.0,20.0,77.7,72.05,21.0,20.0,1,high,vision_manual_keyframe_interpolation_v2
e2711620-6d4e-4f9c-8922-b1b2d1fb74f2,203,manual_key_interp_v2,155.6,144.65,42.0,40.0,176.6,164.65,77.8,72.33,21.0,20.0,77.8,72.33,21.0,20.0,1,high,vision_manual_keyframe_interpolation_v2
e2711620-6d4e-4f9c-8922-b1b2d1fb74f2,204,manual_key_interp_v2,155.8,145.2,42.0,40.0,176.8,165.2,77.9,72.6,21.0,20.0,77.9,72.6,21.0,20.0,1,high,vision_manual_keyframe_interpolation_v2
e2711620-6d4e-4f9c-8922-b1b2d1fb74f2,205,manual_key_interp_v2,156.0,145.75,42.0,40.0,177.0,165.75,78.0,72.88,21.0,20.0,78.0,72.88,21.0,20.0,1,high,vision_manual_keyframe_interpolation_v2
e2711620-6d4e-4f9c-8922-b1b2d1fb74f2,206,manual_key_interp_v2,156.2,146.3,42.0,40.0,177.2,166.3,78.1,73.15,21.0,20.0,78.1,73.15,21.0,20.0,1,high,vision_manual_keyframe_interpolation_v2
e2711620-6d4e-4f9c-8922-b1b2d1fb74f2,207,manual_key_interp_v2,156.4,146.85,42.0,40.0,177.4,166.85,78.2,73.42,21.0,20.0,78.2,73.42,21.0,20.0,1,high,vision_manual_keyframe_interpolation_v2
e2711620-6d4e-4f9c-8922-b1b2d1fb74f2,208,manual_key_interp_v2,156.6,147.4,42.0,40.0,177.6,167.4,78.3,73.7,21.0,20.0,78.3,73.7,21.0,20.0,1,high,vision_manual_keyframe_interpolation_v2
e2711620-6d4e-4f9c-8922-b1b2d1fb74f2,209,manual_key_interp_v2,156.8,147.95,42.0,40.0,177.8,167.95,78.4,73.97,21.0,20.0,78.4,73.97,21.0,20.0,1,high,vision_manual_keyframe_interpolation_v2
e2711620-6d4e-4f9c-8922-b1b2d1fb74f2,210,manual_key_interp_v2,157.0,148.5,42.0,40.0,178.0,168.5,78.5,74.25,21.0,20.0,78.5,74.25,21.0,20.0,1,high,vision_manual_keyframe_interpolation_v2
e2711620-6d4e-4f9c-8922-b1b2d1fb74f2,211,manual_key_interp_v2,157.2,149.05,42.0,40.0,178.2,169.05,78.6,74.53,21.0,20.0,78.6,74.53,21.0,20.0,1,high,vision_manual_keyframe_interpolation_v2
e2711620-6d4e-4f9c-8922-b1b2d1fb74f2,212,manual_key_interp_v2,157.4,149.6,42.0,40.0,178.4,169.6,78.7,74.8,21.0,20.0,78.7,74.8,21.0,20.0,1,high,vision_manual_keyframe_interpolation_v2
e2711620-6d4e-4f9c-8922-b1b2d1fb74f2,213,manual_key_interp_v2,157.6,150.15,42.0,40.0,178.6,170.15,78.8,75.08,21.0,20.0,78.8,75.08,21.0,20.0,1,high,vision_manual_keyframe_interpolation_v2
e2711620-6d4e-4f9c-8922-b1b2d1fb74f2,214,manual_key_interp_v2,157.8,150.7,42.0,40.0,178.8,170.7,78.9,75.35,21.0,20.0,78.9,75.35,21.0,20.0,1,high,vision_manual_keyframe_interpolation_v2
e2711620-6d4e-4f9c-8922-b1b2d1fb74f2,215,manual_key_interp_v2,158.0,151.25,42.0,40.0,179.0,171.25,79.0,75.62,21.0,20.0,79.0,75.62,21.0,20.0,1,high,vision_manual_keyframe_interpolation_v2
e2711620-6d4e-4f9c-8922-b1b2d1fb74f2,216,manual_key_interp_v2,158.2,151.8,42.0,40.0,179.2,171.8,79.1,75.9,21.0,20.0,79.1,75.9,21.0,20.0,1,high,vision_manual_keyframe_interpolation_v2
e2711620-6d4e-4f9c-8922-b1b2d1fb74f2,217,manual_key_interp_v2,158.4,152.35,42.0,40.0,179.4,172.35,79.2,76.17,21.0,20.0,79.2,76.17,21.0,20.0,1,high,vision_manual_keyframe_interpolation_v2
e2711620-6d4e-4f9c-8922-b1b2d1fb74f2,218,manual_key_interp_v2,158.6,152.9,42.0,40.0,179.6,172.9,79.3,76.45,21.0,20.0,79.3,76.45,21.0,20.0,1,high,vision_manual_keyframe_interpolation_v2
e2711620-6d4e-4f9c-8922-b1b2d1fb74f2,219,manual_key_interp_v2,158.8,153.45,42.0,40.0,179.8,173.45,79.4,76.72,21.0,20.0,79.4,76.72,21.0,20.0,1,high,vision_manual_keyframe_interpolation_v2
e2711620-6d4e-4f9c-8922-b1b2d1fb74f2,220,manual_keyframe_v2,159.0,154.0,42.0,40.0,180.0,174.0,79.5,77.0,21.0,20.0,79.5,77.0,21.0,20.0,1,high,vision_manual_keyframe_interpolation_v2
e2711620-6d4e-4f9c-8922-b1b2d1fb74f2,221,manual_key_interp_v2,158.85,154.6,41.9,39.9,179.8,174.55,79.43,77.3,20.95,19.95,79.43,77.3,20.95,19.95,1,high,vision_manual_keyframe_interpolation_v2
e2711620-6d4e-4f9c-8922-b1b2d1fb74f2,222,manual_key_interp_v2,158.7,155.2,41.8,39.8,179.6,175.1,79.35,77.6,20.9,19.9,79.35,77.6,20.9,19.9,1,high,vision_manual_keyframe_interpolation_v2
e2711620-6d4e-4f9c-8922-b1b2d1fb74f2,223,manual_key_interp_v2,158.55,155.8,41.7,39.7,179.4,175.65,79.28,77.9,20.85,19.85,79.28,77.9,20.85,19.85,1,high,vision_manual_keyframe_interpolation_v2
e2711620-6d4e-4f9c-8922-b1b2d1fb74f2,224,manual_key_interp_v2,158.4,156.4,41.6,39.6,179.2,176.2,79.2,78.2,20.8,19.8,79.2,78.2,20.8,19.8,1,high,vision_manual_keyframe_interpolation_v2
e2711620-6d4e-4f9c-8922-b1b2d1fb74f2,225,manual_key_interp_v2,158.25,157.0,41.5,39.5,179.0,176.75,79.12,78.5,20.75,19.75,79.12,78.5,20.75,19.75,1,high,vision_manual_keyframe_interpolation_v2
e2711620-6d4e-4f9c-8922-b1b2d1fb74f2,226,manual_key_interp_v2,158.1,157.6,41.4,39.4,178.8,177.3,79.05,78.8,20.7,19.7,79.05,78.8,20.7,19.7,1,high,vision_manual_keyframe_interpolation_v2
e2711620-6d4e-4f9c-8922-b1b2d1fb74f2,227,manual_key_interp_v2,157.95,158.2,41.3,39.3,178.6,177.85,78.97,79.1,20.65,19.65,78.97,79.1,20.65,19.65,1,high,vision_manual_keyframe_interpolation_v2
e2711620-6d4e-4f9c-8922-b1b2d1fb74f2,228,manual_key_interp_v2,157.8,158.8,41.2,39.2,178.4,178.4,78.9,79.4,20.6,19.6,78.9,79.4,20.6,19.6,1,high,vision_manual_keyframe_interpolation_v2
e2711620-6d4e-4f9c-8922-b1b2d1fb74f2,229,manual_key_interp_v2,157.65,159.4,41.1,39.1,178.2,178.95,78.82,79.7,20.55,19.55,78.82,79.7,20.55,19.55,1,high,vision_manual_keyframe_interpolation_v2
e2711620-6d4e-4f9c-8922-b1b2d1fb74f2,230,manual_key_interp_v2,157.5,160.0,41.0,39.0,178.0,179.5,78.75,80.0,20.5,19.5,78.75,80.0,20.5,19.5,1,high,vision_manual_keyframe_interpolation_v2
e2711620-6d4e-4f9c-8922-b1b2d1fb74f2,231,manual_key_interp_v2,157.35,160.6,40.9,38.9,177.8,180.05,78.68,80.3,20.45,19.45,78.68,80.3,20.45,19.45,1,high,vision_manual_keyframe_interpolation_v2
e2711620-6d4e-4f9c-8922-b1b2d1fb74f2,232,manual_key_interp_v2,157.2,161.2,40.8,38.8,177.6,180.6,78.6,80.6,20.4,19.4,78.6,80.6,20.4,19.4,1,high,vision_manual_keyframe_interpolation_v2
e2711620-6d4e-4f9c-8922-b1b2d1fb74f2,233,manual_key_interp_v2,157.05,161.8,40.7,38.7,177.4,181.15,78.53,80.9,20.35,19.35,78.53,80.9,20.35,19.35,1,high,vision_manual_keyframe_interpolation_v2
e2711620-6d4e-4f9c-8922-b1b2d1fb74f2,234,manual_key_interp_v2,156.9,162.4,40.6,38.6,177.2,181.7,78.45,81.2,20.3,19.3,78.45,81.2,20.3,19.3,1,high,vision_manual_keyframe_interpolation_v2
e2711620-6d4e-4f9c-8922-b1b2d1fb74f2,235,manual_key_interp_v2,156.75,163.0,40.5,38.5,177.0,182.25,78.38,81.5,20.25,19.25,78.38,81.5,20.25,19.25,1,high,vision_manual_keyframe_interpolation_v2
e2711620-6d4e-4f9c-8922-b1b2d1fb74f2,236,manual_key_interp_v2,156.6,163.6,40.4,38.4,176.8,182.8,78.3,81.8,20.2,19.2,78.3,81.8,20.2,19.2,1,high,vision_manual_keyframe_interpolation_v2
e2711620-6d4e-4f9c-8922-b1b2d1fb74f2,237,manual_key_interp_v2,156.45,164.2,40.3,38.3,176.6,183.35,78.22,82.1,20.15,19.15,78.22,82.1,20.15,19.15,1,high,vision_manual_keyframe_interpolation_v2
e2711620-6d4e-4f9c-8922-b1b2d1fb74f2,238,manual_key_interp_v2,156.3,164.8,40.2,38.2,176.4,183.9,78.15,82.4,20.1,19.1,78.15,82.4,20.1,19.1,1,high,vision_manual_keyframe_interpolation_v2
e2711620-6d4e-4f9c-8922-b1b2d1fb74f2,239,manual_key_interp_v2,156.15,165.4,40.1,38.1,176.2,184.45,78.07,82.7,20.05,19.05,78.07,82.7,20.05,19.05,1,high,vision_manual_keyframe_interpolation_v2
e2711620-6d4e-4f9c-8922-b1b2d1fb74f2,240,manual_keyframe_v2,156.0,166.0,40.0,38.0,176.0,185.0,78.0,83.0,20.0,19.0,78.0,83.0,20.0,19.0,1,high,vision_manual_keyframe_interpolation_v2
e2711620-6d4e-4f9c-8922-b1b2d1fb74f2,241,manual_key_interp_v2,155.4,165.95,39.9,37.9,175.35,184.9,77.7,82.98,19.95,18.95,77.7,82.98,19.95,18.95,1,high,vision_manual_keyframe_interpolation_v2
e2711620-6d4e-4f9c-8922-b1b2d1fb74f2,242,manual_key_interp_v2,154.8,165.9,39.8,37.8,174.7,184.8,77.4,82.95,19.9,18.9,77.4,82.95,19.9,18.9,1,high,vision_manual_keyframe_interpolation_v2
e2711620-6d4e-4f9c-8922-b1b2d1fb74f2,243,manual_key_interp_v2,154.2,165.85,39.7,37.7,174.05,184.7,77.1,82.92,19.85,18.85,77.1,82.92,19.85,18.85,1,high,vision_manual_keyframe_interpolation_v2
e2711620-6d4e-4f9c-8922-b1b2d1fb74f2,244,manual_key_interp_v2,153.6,165.8,39.6,37.6,173.4,184.6,76.8,82.9,19.8,18.8,76.8,82.9,19.8,18.8,1,high,vision_manual_keyframe_interpolation_v2
e2711620-6d4e-4f9c-8922-b1b2d1fb74f2,245,manual_key_interp_v2,153.0,165.75,39.5,37.5,172.75,184.5,76.5,82.88,19.75,18.75,76.5,82.88,19.75,18.75,1,high,vision_manual_keyframe_interpolation_v2
e2711620-6d4e-4f9c-8922-b1b2d1fb74f2,246,manual_key_interp_v2,152.4,165.7,39.4,37.4,172.1,184.4,76.2,82.85,19.7,18.7,76.2,82.85,19.7,18.7,1,high,vision_manual_keyframe_interpolation_v2
e2711620-6d4e-4f9c-8922-b1b2d1fb74f2,247,manual_key_interp_v2,151.8,165.65,39.3,37.3,171.45,184.3,75.9,82.83,19.65,18.65,75.9,82.83,19.65,18.65,1,high,vision_manual_keyframe_interpolation_v2
e2711620-6d4e-4f9c-8922-b1b2d1fb74f2,248,manual_key_interp_v2,151.2,165.6,39.2,37.2,170.8,184.2,75.6,82.8,19.6,18.6,75.6,82.8,19.6,18.6,1,high,vision_manual_keyframe_interpolation_v2
e2711620-6d4e-4f9c-8922-b1b2d1fb74f2,249,manual_key_interp_v2,150.6,165.55,39.1,37.1,170.15,184.1,75.3,82.77,19.55,18.55,75.3,82.77,19.55,18.55,1,high,vision_manual_keyframe_interpolation_v2
e2711620-6d4e-4f9c-8922-b1b2d1fb74f2,250,manual_key_interp_v2,150.0,165.5,39.0,37.0,169.5,184.0,75.0,82.75,19.5,18.5,75.0,82.75,19.5,18.5,1,high,vision_manual_keyframe_interpolation_v2
e2711620-6d4e-4f9c-8922-b1b2d1fb74f2,251,manual_key_interp_v2,149.4,165.45,38.9,36.9,168.85,183.9,74.7,82.73,19.45,18.45,74.7,82.73,19.45,18.45,1,high,vision_manual_keyframe_interpolation_v2
e2711620-6d4e-4f9c-8922-b1b2d1fb74f2,252,manual_key_interp_v2,148.8,165.4,38.8,36.8,168.2,183.8,74.4,82.7,19.4,18.4,74.4,82.7,19.4,18.4,1,high,vision_manual_keyframe_interpolation_v2
e2711620-6d4e-4f9c-8922-b1b2d1fb74f2,253,manual_key_interp_v2,148.2,165.35,38.7,36.7,167.55,183.7,74.1,82.67,19.35,18.35,74.1,82.67,19.35,18.35,1,high,vision_manual_keyframe_interpolation_v2
e2711620-6d4e-4f9c-8922-b1b2d1fb74f2,254,manual_key_interp_v2,147.6,165.3,38.6,36.6,166.9,183.6,73.8,82.65,19.3,18.3,73.8,82.65,19.3,18.3,1,high,vision_manual_keyframe_interpolation_v2
e2711620-6d4e-4f9c-8922-b1b2d1fb74f2,255,manual_key_interp_v2,147.0,165.25,38.5,36.5,166.25,183.5,73.5,82.62,19.25,18.25,73.5,82.62,19.25,18.25,1,high,vision_manual_keyframe_interpolation_v2
e2711620-6d4e-4f9c-8922-b1b2d1fb74f2,256,manual_key_interp_v2,146.4,165.2,38.4,36.4,165.6,183.4,73.2,82.6,19.2,18.2,73.2,82.6,19.2,18.2,1,high,vision_manual_keyframe_interpolation_v2
e2711620-6d4e-4f9c-8922-b1b2d1fb74f2,257,manual_key_interp_v2,145.8,165.15,38.3,36.3,164.95,183.3,72.9,82.58,19.15,18.15,72.9,82.58,19.15,18.15,1,high,vision_manual_keyframe_interpolation_v2
e2711620-6d4e-4f9c-8922-b1b2d1fb74f2,258,manual_key_interp_v2,145.2,165.1,38.2,36.2,164.3,183.2,72.6,82.55,19.1,18.1,72.6,82.55,19.1,18.1,1,high,vision_manual_keyframe_interpolation_v2
e2711620-6d4e-4f9c-8922-b1b2d1fb74f2,259,manual_key_interp_v2,144.6,165.05,38.1,36.1,163.65,183.1,72.3,82.52,19.05,18.05,72.3,82.52,19.05,18.05,1,high,vision_manual_keyframe_interpolation_v2
e2711620-6d4e-4f9c-8922-b1b2d1fb74f2,260,manual_keyframe_v2,144.0,165.0,38.0,36.0,163.0,183.0,72.0,82.5,19.0,18.0,72.0,82.5,19.0,18.0,1,high,vision_manual_keyframe_interpolation_v2
e2711620-6d4e-4f9c-8922-b1b2d1fb74f2,261,manual_key_interp_v2,143.95,165.95,37.8,35.8,162.85,183.85,71.97,82.97,18.9,17.9,71.97,82.97,18.9,17.9,1,high,vision_manual_keyframe_interpolation_v2
e2711620-6d4e-4f9c-8922-b1b2d1fb74f2,262,manual_key_interp_v2,143.9,166.9,37.6,35.6,162.7,184.7,71.95,83.45,18.8,17.8,71.95,83.45,18.8,17.8,1,high,vision_manual_keyframe_interpolation_v2
e2711620-6d4e-4f9c-8922-b1b2d1fb74f2,263,manual_key_interp_v2,143.85,167.85,37.4,35.4,162.55,185.55,71.93,83.93,18.7,17.7,71.93,83.93,18.7,17.7,1,high,vision_manual_keyframe_interpolation_v2
e2711620-6d4e-4f9c-8922-b1b2d1fb74f2,264,manual_key_interp_v2,143.8,168.8,37.2,35.2,162.4,186.4,71.9,84.4,18.6,17.6,71.9,84.4,18.6,17.6,1,high,vision_manual_keyframe_interpolation_v2
e2711620-6d4e-4f9c-8922-b1b2d1fb74f2,265,manual_key_interp_v2,143.75,169.75,37.0,35.0,162.25,187.25,71.88,84.88,18.5,17.5,71.88,84.88,18.5,17.5,1,high,vision_manual_keyframe_interpolation_v2
e2711620-6d4e-4f9c-8922-b1b2d1fb74f2,266,manual_key_interp_v2,143.7,170.7,36.8,34.8,162.1,188.1,71.85,85.35,18.4,17.4,71.85,85.35,18.4,17.4,1,high,vision_manual_keyframe_interpolation_v2
e2711620-6d4e-4f9c-8922-b1b2d1fb74f2,267,manual_key_interp_v2,143.65,171.65,36.6,34.6,161.95,188.95,71.82,85.82,18.3,17.3,71.82,85.82,18.3,17.3,1,high,vision_manual_keyframe_interpolation_v2
e2711620-6d4e-4f9c-8922-b1b2d1fb74f2,268,manual_key_interp_v2,143.6,172.6,36.4,34.4,161.8,189.8,71.8,86.3,18.2,17.2,71.8,86.3,18.2,17.2,1,high,vision_manual_keyframe_interpolation_v2
e2711620-6d4e-4f9c-8922-b1b2d1fb74f2,269,manual_key_interp_v2,143.55,173.55,36.2,34.2,161.65,190.65,71.78,86.78,18.1,17.1,71.78,86.78,18.1,17.1,1,high,vision_manual_keyframe_interpolation_v2
e2711620-6d4e-4f9c-8922-b1b2d1fb74f2,270,manual_key_interp_v2,143.5,174.5,36.0,34.0,161.5,191.5,71.75,87.25,18.0,17.0,71.75,87.25,18.0,17.0,1,high,vision_manual_keyframe_interpolation_v2
e2711620-6d4e-4f9c-8922-b1b2d1fb74f2,271,manual_key_interp_v2,143.45,175.45,35.8,33.8,161.35,192.35,71.72,87.72,17.9,16.9,71.72,87.72,17.9,16.9,1,high,vision_manual_keyframe_interpolation_v2
e2711620-6d4e-4f9c-8922-b1b2d1fb74f2,272,manual_key_interp_v2,143.4,176.4,35.6,33.6,161.2,193.2,71.7,88.2,17.8,16.8,71.7,88.2,17.8,16.8,1,high,vision_manual_keyframe_interpolation_v2
e2711620-6d4e-4f9c-8922-b1b2d1fb74f2,273,manual_key_interp_v2,143.35,177.35,35.4,33.4,161.05,194.05,71.68,88.68,17.7,16.7,71.68,88.68,17.7,16.7,1,high,vision_manual_keyframe_interpolation_v2
e2711620-6d4e-4f9c-8922-b1b2d1fb74f2,274,manual_key_interp_v2,143.3,178.3,35.2,33.2,160.9,194.9,71.65,89.15,17.6,16.6,71.65,89.15,17.6,16.6,1,high,vision_manual_keyframe_interpolation_v2
e2711620-6d4e-4f9c-8922-b1b2d1fb74f2,275,manual_key_interp_v2,143.25,179.25,35.0,33.0,160.75,195.75,71.62,89.62,17.5,16.5,71.62,89.62,17.5,16.5,1,high,vision_manual_keyframe_interpolation_v2
e2711620-6d4e-4f9c-8922-b1b2d1fb74f2,276,manual_key_interp_v2,143.2,180.2,34.8,32.8,160.6,196.6,71.6,90.1,17.4,16.4,71.6,90.1,17.4,16.4,1,high,vision_manual_keyframe_interpolation_v2
e2711620-6d4e-4f9c-8922-b1b2d1fb74f2,277,manual_key_interp_v2,143.15,181.15,34.6,32.6,160.45,197.45,71.57,90.57,17.3,16.3,71.57,90.57,17.3,16.3,1,high,vision_manual_keyframe_interpolation_v2
e2711620-6d4e-4f9c-8922-b1b2d1fb74f2,278,manual_key_interp_v2,143.1,182.1,34.4,32.4,160.3,198.3,71.55,91.05,17.2,16.2,71.55,91.05,17.2,16.2,1,high,vision_manual_keyframe_interpolation_v2
e2711620-6d4e-4f9c-8922-b1b2d1fb74f2,279,manual_key_interp_v2,143.05,183.05,34.2,32.2,160.15,199.15,71.53,91.53,17.1,16.1,71.53,91.53,17.1,16.1,1,high,vision_manual_keyframe_interpolation_v2
e2711620-6d4e-4f9c-8922-b1b2d1fb74f2,280,manual_keyframe_v2,143.0,184.0,34.0,32.0,160.0,200.0,71.5,92.0,17.0,16.0,71.5,92.0,17.0,16.0,1,high,vision_manual_keyframe_interpolation_v2
e2711620-6d4e-4f9c-8922-b1b2d1fb74f2,281,manual_key_interp_v2,142.75,185.3,33.8,31.8,159.65,201.2,71.38,92.65,16.9,15.9,71.38,92.65,16.9,15.9,1,medium_high,vision_manual_keyframe_interpolation_v2
e2711620-6d4e-4f9c-8922-b1b2d1fb74f2,282,manual_key_interp_v2,142.5,186.6,33.6,31.6,159.3,202.4,71.25,93.3,16.8,15.8,71.25,93.3,16.8,15.8,1,medium_high,vision_manual_keyframe_interpolation_v2
e2711620-6d4e-4f9c-8922-b1b2d1fb74f2,283,manual_key_interp_v2,142.25,187.9,33.4,31.4,158.95,203.6,71.12,93.95,16.7,15.7,71.12,93.95,16.7,15.7,1,medium_high,vision_manual_keyframe_interpolation_v2
e2711620-6d4e-4f9c-8922-b1b2d1fb74f2,284,manual_key_interp_v2,142.0,189.2,33.2,31.2,158.6,204.8,71.0,94.6,16.6,15.6,71.0,94.6,16.6,15.6,1,medium_high,vision_manual_keyframe_interpolation_v2
e2711620-6d4e-4f9c-8922-b1b2d1fb74f2,285,manual_key_interp_v2,141.75,190.5,33.0,31.0,158.25,206.0,70.88,95.25,16.5,15.5,70.88,95.25,16.5,15.5,1,medium_high,vision_manual_keyframe_interpolation_v2
e2711620-6d4e-4f9c-8922-b1b2d1fb74f2,286,manual_key_interp_v2,141.5,191.8,32.8,30.8,157.9,207.2,70.75,95.9,16.4,15.4,70.75,95.9,16.4,15.4,1,medium_high,vision_manual_keyframe_interpolation_v2
e2711620-6d4e-4f9c-8922-b1b2d1fb74f2,287,manual_key_interp_v2,141.25,193.1,32.6,30.6,157.55,208.4,70.62,96.55,16.3,15.3,70.62,96.55,16.3,15.3,1,medium_high,vision_manual_keyframe_interpolation_v2
e2711620-6d4e-4f9c-8922-b1b2d1fb74f2,288,manual_key_interp_v2,141.0,194.4,32.4,30.4,157.2,209.6,70.5,97.2,16.2,15.2,70.5,97.2,16.2,15.2,1,medium_high,vision_manual_keyframe_interpolation_v2
e2711620-6d4e-4f9c-8922-b1b2d1fb74f2,289,manual_key_interp_v2,140.75,195.7,32.2,30.2,156.85,210.8,70.38,97.85,16.1,15.1,70.38,97.85,16.1,15.1,1,medium_high,vision_manual_keyframe_interpolation_v2
e2711620-6d4e-4f9c-8922-b1b2d1fb74f2,290,manual_key_interp_v2,140.5,197.0,32.0,30.0,156.5,212.0,70.25,98.5,16.0,15.0,70.25,98.5,16.0,15.0,1,medium_high,vision_manual_keyframe_interpolation_v2
e2711620-6d4e-4f9c-8922-b1b2d1fb74f2,291,manual_key_interp_v2,140.25,198.3,31.8,29.8,156.15,213.2,70.12,99.15,15.9,14.9,70.12,99.15,15.9,14.9,1,medium_high,vision_manual_keyframe_interpolation_v2
e2711620-6d4e-4f9c-8922-b1b2d1fb74f2,292,manual_key_interp_v2,140.0,199.6,31.6,29.6,155.8,214.4,70.0,99.8,15.8,14.8,70.0,99.8,15.8,14.8,1,medium_high,vision_manual_keyframe_interpolation_v2
e2711620-6d4e-4f9c-8922-b1b2d1fb74f2,293,manual_key_interp_v2,139.75,200.9,31.4,29.4,155.45,215.6,69.88,100.45,15.7,14.7,69.88,100.45,15.7,14.7,1,medium_high,vision_manual_keyframe_interpolation_v2
e2711620-6d4e-4f9c-8922-b1b2d1fb74f2,294,manual_key_interp_v2,139.5,202.2,31.2,29.2,155.1,216.8,69.75,101.1,15.6,14.6,69.75,101.1,15.6,14.6,1,medium_high,vision_manual_keyframe_interpolation_v2
e2711620-6d4e-4f9c-8922-b1b2d1fb74f2,295,manual_key_interp_v2,139.25,203.5,31.0,29.0,154.75,218.0,69.62,101.75,15.5,14.5,69.62,101.75,15.5,14.5,1,medium_high,vision_manual_keyframe_interpolation_v2
e2711620-6d4e-4f9c-8922-b1b2d1fb74f2,296,manual_key_interp_v2,139.0,204.8,30.8,28.8,154.4,219.2,69.5,102.4,15.4,14.4,69.5,102.4,15.4,14.4,1,medium_high,vision_manual_keyframe_interpolation_v2
e2711620-6d4e-4f9c-8922-b1b2d1fb74f2,297,manual_key_interp_v2,138.75,206.1,30.6,28.6,154.05,220.4,69.38,103.05,15.3,14.3,69.38,103.05,15.3,14.3,1,medium_high,vision_manual_keyframe_interpolation_v2
e2711620-6d4e-4f9c-8922-b1b2d1fb74f2,298,manual_key_interp_v2,138.5,207.4,30.4,28.4,153.7,221.6,69.25,103.7,15.2,14.2,69.25,103.7,15.2,14.2,1,medium_high,vision_manual_keyframe_interpolation_v2
e2711620-6d4e-4f9c-8922-b1b2d1fb74f2,299,manual_key_interp_v2,138.25,208.7,30.2,28.2,153.35,222.8,69.12,104.35,15.1,14.1,69.12,104.35,15.1,14.1,1,medium_high,vision_manual_keyframe_interpolation_v2
e2711620-6d4e-4f9c-8922-b1b2d1fb74f2,300,manual_keyframe_v2,138.0,210.0,30.0,28.0,153.0,224.0,69.0,105.0,15.0,14.0,69.0,105.0,15.0,14.0,1,medium_high,vision_manual_keyframe_interpolation_v2
e2711620-6d4e-4f9c-8922-b1b2d1fb74f2,301,manual_key_interp_v2,138.3,211.3,29.9,27.9,153.25,225.25,69.15,105.65,14.95,13.95,69.15,105.65,14.95,13.95,1,medium_high,vision_manual_keyframe_interpolation_v2
e2711620-6d4e-4f9c-8922-b1b2d1fb74f2,302,manual_key_interp_v2,138.6,212.6,29.8,27.8,153.5,226.5,69.3,106.3,14.9,13.9,69.3,106.3,14.9,13.9,1,medium_high,vision_manual_keyframe_interpolation_v2
e2711620-6d4e-4f9c-8922-b1b2d1fb74f2,303,manual_key_interp_v2,138.9,213.9,29.7,27.7,153.75,227.75,69.45,106.95,14.85,13.85,69.45,106.95,14.85,13.85,1,medium_high,vision_manual_keyframe_interpolation_v2
e2711620-6d4e-4f9c-8922-b1b2d1fb74f2,304,manual_key_interp_v2,139.2,215.2,29.6,27.6,154.0,229.0,69.6,107.6,14.8,13.8,69.6,107.6,14.8,13.8,1,medium_high,vision_manual_keyframe_interpolation_v2
e2711620-6d4e-4f9c-8922-b1b2d1fb74f2,305,manual_key_interp_v2,139.5,216.5,29.5,27.5,154.25,230.25,69.75,108.25,14.75,13.75,69.75,108.25,14.75,13.75,1,medium_high,vision_manual_keyframe_interpolation_v2
e2711620-6d4e-4f9c-8922-b1b2d1fb74f2,306,manual_key_interp_v2,139.8,217.8,29.4,27.4,154.5,231.5,69.9,108.9,14.7,13.7,69.9,108.9,14.7,13.7,1,medium_high,vision_manual_keyframe_interpolation_v2
e2711620-6d4e-4f9c-8922-b1b2d1fb74f2,307,manual_key_interp_v2,140.1,219.1,29.3,27.3,154.75,232.75,70.05,109.55,14.65,13.65,70.05,109.55,14.65,13.65,1,medium_high,vision_manual_keyframe_interpolation_v2
e2711620-6d4e-4f9c-8922-b1b2d1fb74f2,308,manual_key_interp_v2,140.4,220.4,29.2,27.2,155.0,234.0,70.2,110.2,14.6,13.6,70.2,110.2,14.6,13.6,1,medium_high,vision_manual_keyframe_interpolation_v2
e2711620-6d4e-4f9c-8922-b1b2d1fb74f2,309,manual_key_interp_v2,140.7,221.7,29.1,27.1,155.25,235.25,70.35,110.85,14.55,13.55,70.35,110.85,14.55,13.55,1,medium_high,vision_manual_keyframe_interpolation_v2
e2711620-6d4e-4f9c-8922-b1b2d1fb74f2,310,manual_key_interp_v2,141.0,223.0,29.0,27.0,155.5,236.5,70.5,111.5,14.5,13.5,70.5,111.5,14.5,13.5,1,medium_high,vision_manual_keyframe_interpolation_v2
e2711620-6d4e-4f9c-8922-b1b2d1fb74f2,311,manual_key_interp_v2,141.3,224.3,28.9,26.9,155.75,237.75,70.65,112.15,14.45,13.45,70.65,112.15,14.45,13.45,1,medium_high,vision_manual_keyframe_interpolation_v2
e2711620-6d4e-4f9c-8922-b1b2d1fb74f2,312,manual_key_interp_v2,141.6,225.6,28.8,26.8,156.0,239.0,70.8,112.8,14.4,13.4,70.8,112.8,14.4,13.4,1,medium_high,vision_manual_keyframe_interpolation_v2
e2711620-6d4e-4f9c-8922-b1b2d1fb74f2,313,manual_key_interp_v2,141.9,226.9,28.7,26.7,156.25,240.25,70.95,113.45,14.35,13.35,70.95,113.45,14.35,13.35,1,medium_high,vision_manual_keyframe_interpolation_v2
e2711620-6d4e-4f9c-8922-b1b2d1fb74f2,314,manual_key_interp_v2,142.2,228.2,28.6,26.6,156.5,241.5,71.1,114.1,14.3,13.3,71.1,114.1,14.3,13.3,1,medium_high,vision_manual_keyframe_interpolation_v2
e2711620-6d4e-4f9c-8922-b1b2d1fb74f2,315,manual_key_interp_v2,142.5,229.5,28.5,26.5,156.75,242.75,71.25,114.75,14.25,13.25,71.25,114.75,14.25,13.25,1,medium_high,vision_manual_keyframe_interpolation_v2
e2711620-6d4e-4f9c-8922-b1b2d1fb74f2,316,manual_key_interp_v2,142.8,230.8,28.4,26.4,157.0,244.0,71.4,115.4,14.2,13.2,71.4,115.4,14.2,13.2,1,medium_high,vision_manual_keyframe_interpolation_v2
e2711620-6d4e-4f9c-8922-b1b2d1fb74f2,317,manual_key_interp_v2,143.1,232.1,28.3,26.3,157.25,245.25,71.55,116.05,14.15,13.15,71.55,116.05,14.15,13.15,1,medium_high,vision_manual_keyframe_interpolation_v2
e2711620-6d4e-4f9c-8922-b1b2d1fb74f2,318,manual_key_interp_v2,143.4,233.4,28.2,26.2,157.5,246.5,71.7,116.7,14.1,13.1,71.7,116.7,14.1,13.1,1,medium_high,vision_manual_keyframe_interpolation_v2
e2711620-6d4e-4f9c-8922-b1b2d1fb74f2,319,manual_key_interp_v2,143.7,234.7,28.1,26.1,157.75,247.75,71.85,117.35,14.05,13.05,71.85,117.35,14.05,13.05,1,medium_high,vision_manual_keyframe_interpolation_v2
e2711620-6d4e-4f9c-8922-b1b2d1fb74f2,320,manual_keyframe_v2,144.0,236.0,28.0,26.0,158.0,249.0,72.0,118.0,14.0,13.0,72.0,118.0,14.0,13.0,1,medium_high,vision_manual_keyframe_interpolation_v2
e2711620-6d4e-4f9c-8922-b1b2d1fb74f2,321,manual_key_interp_v2,144.0,236.25,27.9,25.9,157.95,249.2,72.0,118.12,13.95,12.95,72.0,118.12,13.95,12.95,1,medium_high,vision_manual_keyframe_interpolation_v2
e2711620-6d4e-4f9c-8922-b1b2d1fb74f2,322,manual_key_interp_v2,144.0,236.5,27.8,25.8,157.9,249.4,72.0,118.25,13.9,12.9,72.0,118.25,13.9,12.9,1,medium_high,vision_manual_keyframe_interpolation_v2
e2711620-6d4e-4f9c-8922-b1b2d1fb74f2,323,manual_key_interp_v2,144.0,236.75,27.7,25.7,157.85,249.6,72.0,118.38,13.85,12.85,72.0,118.38,13.85,12.85,1,medium_high,vision_manual_keyframe_interpolation_v2
e2711620-6d4e-4f9c-8922-b1b2d1fb74f2,324,manual_key_interp_v2,144.0,237.0,27.6,25.6,157.8,249.8,72.0,118.5,13.8,12.8,72.0,118.5,13.8,12.8,1,medium_high,vision_manual_keyframe_interpolation_v2
e2711620-6d4e-4f9c-8922-b1b2d1fb74f2,325,manual_key_interp_v2,144.0,237.25,27.5,25.5,157.75,250.0,72.0,118.62,13.75,12.75,72.0,118.62,13.75,12.75,1,medium_high,vision_manual_keyframe_interpolation_v2
e2711620-6d4e-4f9c-8922-b1b2d1fb74f2,326,manual_key_interp_v2,144.0,237.5,27.4,25.4,157.7,250.2,72.0,118.75,13.7,12.7,72.0,118.75,13.7,12.7,1,medium_high,vision_manual_keyframe_interpolation_v2
e2711620-6d4e-4f9c-8922-b1b2d1fb74f2,327,manual_key_interp_v2,144.0,237.75,27.3,25.3,157.65,250.4,72.0,118.88,13.65,12.65,72.0,118.88,13.65,12.65,1,medium_high,vision_manual_keyframe_interpolation_v2
e2711620-6d4e-4f9c-8922-b1b2d1fb74f2,328,manual_key_interp_v2,144.0,238.0,27.2,25.2,157.6,250.6,72.0,119.0,13.6,12.6,72.0,119.0,13.6,12.6,1,medium_high,vision_manual_keyframe_interpolation_v2
e2711620-6d4e-4f9c-8922-b1b2d1fb74f2,329,manual_key_interp_v2,144.0,238.25,27.1,25.1,157.55,250.8,72.0,119.12,13.55,12.55,72.0,119.12,13.55,12.55,1,medium_high,vision_manual_keyframe_interpolation_v2
e2711620-6d4e-4f9c-8922-b1b2d1fb74f2,330,manual_key_interp_v2,144.0,238.5,27.0,25.0,157.5,251.0,72.0,119.25,13.5,12.5,72.0,119.25,13.5,12.5,1,medium_high,vision_manual_keyframe_interpolation_v2
e2711620-6d4e-4f9c-8922-b1b2d1fb74f2,331,manual_key_interp_v2,144.0,238.75,26.9,24.9,157.45,251.2,72.0,119.38,13.45,12.45,72.0,119.38,13.45,12.45,1,medium_high,vision_manual_keyframe_interpolation_v2
e2711620-6d4e-4f9c-8922-b1b2d1fb74f2,332,manual_key_interp_v2,144.0,239.0,26.8,24.8,157.4,251.4,72.0,119.5,13.4,12.4,72.0,119.5,13.4,12.4,1,medium_high,vision_manual_keyframe_interpolation_v2
e2711620-6d4e-4f9c-8922-b1b2d1fb74f2,333,manual_key_interp_v2,144.0,239.25,26.7,24.7,157.35,251.6,72.0,119.62,13.35,12.35,72.0,119.62,13.35,12.35,1,medium_high,vision_manual_keyframe_interpolation_v2
e2711620-6d4e-4f9c-8922-b1b2d1fb74f2,334,manual_key_interp_v2,144.0,239.5,26.6,24.6,157.3,251.8,72.0,119.75,13.3,12.3,72.0,119.75,13.3,12.3,1,medium_high,vision_manual_keyframe_interpolation_v2
e2711620-6d4e-4f9c-8922-b1b2d1fb74f2,335,manual_key_interp_v2,144.0,239.75,26.5,24.5,157.25,252.0,72.0,119.88,13.25,12.25,72.0,119.88,13.25,12.25,1,medium_high,vision_manual_keyframe_interpolation_v2
e2711620-6d4e-4f9c-8922-b1b2d1fb74f2,336,manual_key_interp_v2,144.0,240.0,26.4,24.4,157.2,252.2,72.0,120.0,13.2,12.2,72.0,120.0,13.2,12.2,1,medium_high,vision_manual_keyframe_interpolation_v2
e2711620-6d4e-4f9c-8922-b1b2d1fb74f2,337,manual_key_interp_v2,144.0,240.25,26.3,24.3,157.15,252.4,72.0,120.12,13.15,12.15,72.0,120.12,13.15,12.15,1,medium_high,vision_manual_keyframe_interpolation_v2
e2711620-6d4e-4f9c-8922-b1b2d1fb74f2,338,manual_key_interp_v2,144.0,240.5,26.2,24.2,157.1,252.6,72.0,120.25,13.1,12.1,72.0,120.25,13.1,12.1,1,medium_high,vision_manual_keyframe_interpolation_v2
e2711620-6d4e-4f9c-8922-b1b2d1fb74f2,339,manual_key_interp_v2,144.0,240.75,26.1,24.1,157.05,252.8,72.0,120.38,13.05,12.05,72.0,120.38,13.05,12.05,1,medium_high,vision_manual_keyframe_interpolation_v2
e2711620-6d4e-4f9c-8922-b1b2d1fb74f2,340,manual_keyframe_v2,144.0,241.0,26.0,24.0,157.0,253.0,72.0,120.5,13.0,12.0,72.0,120.5,13.0,12.0,1,medium_high,vision_manual_keyframe_interpolation_v2
e2711620-6d4e-4f9c-8922-b1b2d1fb74f2,341,manual_key_interp_v2,144.2,240.7,25.9,23.9,157.15,252.65,72.1,120.35,12.95,11.95,72.1,120.35,12.95,11.95,1,medium_high,vision_manual_keyframe_interpolation_v2
e2711620-6d4e-4f9c-8922-b1b2d1fb74f2,342,manual_key_interp_v2,144.4,240.4,25.8,23.8,157.3,252.3,72.2,120.2,12.9,11.9,72.2,120.2,12.9,11.9,1,medium_high,vision_manual_keyframe_interpolation_v2
e2711620-6d4e-4f9c-8922-b1b2d1fb74f2,343,manual_key_interp_v2,144.6,240.1,25.7,23.7,157.45,251.95,72.3,120.05,12.85,11.85,72.3,120.05,12.85,11.85,1,medium_high,vision_manual_keyframe_interpolation_v2
e2711620-6d4e-4f9c-8922-b1b2d1fb74f2,344,manual_key_interp_v2,144.8,239.8,25.6,23.6,157.6,251.6,72.4,119.9,12.8,11.8,72.4,119.9,12.8,11.8,1,medium_high,vision_manual_keyframe_interpolation_v2
e2711620-6d4e-4f9c-8922-b1b2d1fb74f2,345,manual_key_interp_v2,145.0,239.5,25.5,23.5,157.75,251.25,72.5,119.75,12.75,11.75,72.5,119.75,12.75,11.75,1,medium_high,vision_manual_keyframe_interpolation_v2
e2711620-6d4e-4f9c-8922-b1b2d1fb74f2,346,manual_key_interp_v2,145.2,239.2,25.4,23.4,157.9,250.9,72.6,119.6,12.7,11.7,72.6,119.6,12.7,11.7,1,medium_high,vision_manual_keyframe_interpolation_v2
e2711620-6d4e-4f9c-8922-b1b2d1fb74f2,347,manual_key_interp_v2,145.4,238.9,25.3,23.3,158.05,250.55,72.7,119.45,12.65,11.65,72.7,119.45,12.65,11.65,1,medium_high,vision_manual_keyframe_interpolation_v2
e2711620-6d4e-4f9c-8922-b1b2d1fb74f2,348,manual_key_interp_v2,145.6,238.6,25.2,23.2,158.2,250.2,72.8,119.3,12.6,11.6,72.8,119.3,12.6,11.6,1,medium_high,vision_manual_keyframe_interpolation_v2
e2711620-6d4e-4f9c-8922-b1b2d1fb74f2,349,manual_key_interp_v2,145.8,238.3,25.1,23.1,158.35,249.85,72.9,119.15,12.55,11.55,72.9,119.15,12.55,11.55,1,medium_high,vision_manual_keyframe_interpolation_v2
e2711620-6d4e-4f9c-8922-b1b2d1fb74f2,350,manual_key_interp_v2,146.0,238.0,25.0,23.0,158.5,249.5,73.0,119.0,12.5,11.5,73.0,119.0,12.5,11.5,1,medium_high,vision_manual_keyframe_interpolation_v2
e2711620-6d4e-4f9c-8922-b1b2d1fb74f2,351,manual_key_interp_v2,146.2,237.7,24.9,22.9,158.65,249.15,73.1,118.85,12.45,11.45,73.1,118.85,12.45,11.45,1,medium_high,vision_manual_keyframe_interpolation_v2
e2711620-6d4e-4f9c-8922-b1b2d1fb74f2,352,manual_key_interp_v2,146.4,237.4,24.8,22.8,158.8,248.8,73.2,118.7,12.4,11.4,73.2,118.7,12.4,11.4,1,medium_high,vision_manual_keyframe_interpolation_v2
e2711620-6d4e-4f9c-8922-b1b2d1fb74f2,353,manual_key_interp_v2,146.6,237.1,24.7,22.7,158.95,248.45,73.3,118.55,12.35,11.35,73.3,118.55,12.35,11.35,1,medium_high,vision_manual_keyframe_interpolation_v2
e2711620-6d4e-4f9c-8922-b1b2d1fb74f2,354,manual_key_interp_v2,146.8,236.8,24.6,22.6,159.1,248.1,73.4,118.4,12.3,11.3,73.4,118.4,12.3,11.3,1,medium_high,vision_manual_keyframe_interpolation_v2
e2711620-6d4e-4f9c-8922-b1b2d1fb74f2,355,manual_key_interp_v2,147.0,236.5,24.5,22.5,159.25,247.75,73.5,118.25,12.25,11.25,73.5,118.25,12.25,11.25,1,medium_high,vision_manual_keyframe_interpolation_v2
e2711620-6d4e-4f9c-8922-b1b2d1fb74f2,356,manual_key_interp_v2,147.2,236.2,24.4,22.4,159.4,247.4,73.6,118.1,12.2,11.2,73.6,118.1,12.2,11.2,1,medium_high,vision_manual_keyframe_interpolation_v2
e2711620-6d4e-4f9c-8922-b1b2d1fb74f2,357,manual_key_interp_v2,147.4,235.9,24.3,22.3,159.55,247.05,73.7,117.95,12.15,11.15,73.7,117.95,12.15,11.15,1,medium_high,vision_manual_keyframe_interpolation_v2
e2711620-6d4e-4f9c-8922-b1b2d1fb74f2,358,manual_key_interp_v2,147.6,235.6,24.2,22.2,159.7,246.7,73.8,117.8,12.1,11.1,73.8,117.8,12.1,11.1,1,medium_high,vision_manual_keyframe_interpolation_v2
e2711620-6d4e-4f9c-8922-b1b2d1fb74f2,359,manual_key_interp_v2,147.8,235.3,24.1,22.1,159.85,246.35,73.9,117.65,12.05,11.05,73.9,117.65,12.05,11.05,1,medium_high,vision_manual_keyframe_interpolation_v2
e2711620-6d4e-4f9c-8922-b1b2d1fb74f2,360,manual_keyframe_v2,148.0,235.0,24.0,22.0,160.0,246.0,74.0,117.5,12.0,11.0,74.0,117.5,12.0,11.0,1,medium_high,vision_manual_keyframe_interpolation_v2
e2711620-6d4e-4f9c-8922-b1b2d1fb74f2,361,manual_key_interp_v2,147.9,234.95,24.0,22.0,159.9,245.95,73.95,117.47,12.0,11.0,73.95,117.47,12.0,11.0,1,medium_high,vision_manual_keyframe_interpolation_v2
e2711620-6d4e-4f9c-8922-b1b2d1fb74f2,362,manual_key_interp_v2,147.8,234.9,24.0,22.0,159.8,245.9,73.9,117.45,12.0,11.0,73.9,117.45,12.0,11.0,1,medium_high,vision_manual_keyframe_interpolation_v2
e2711620-6d4e-4f9c-8922-b1b2d1fb74f2,363,manual_key_interp_v2,147.7,234.85,24.0,22.0,159.7,245.85,73.85,117.42,12.0,11.0,73.85,117.42,12.0,11.0,1,medium_high,vision_manual_keyframe_interpolation_v2
e2711620-6d4e-4f9c-8922-b1b2d1fb74f2,364,manual_key_interp_v2,147.6,234.8,24.0,22.0,159.6,245.8,73.8,117.4,12.0,11.0,73.8,117.4,12.0,11.0,1,medium_high,vision_manual_keyframe_interpolation_v2
e2711620-6d4e-4f9c-8922-b1b2d1fb74f2,365,manual_key_interp_v2,147.5,234.75,24.0,22.0,159.5,245.75,73.75,117.38,12.0,11.0,73.75,117.38,12.0,11.0,1,medium_high,vision_manual_keyframe_interpolation_v2
e2711620-6d4e-4f9c-8922-b1b2d1fb74f2,366,manual_key_interp_v2,147.4,234.7,24.0,22.0,159.4,245.7,73.7,117.35,12.0,11.0,73.7,117.35,12.0,11.0,1,medium_high,vision_manual_keyframe_interpolation_v2
e2711620-6d4e-4f9c-8922-b1b2d1fb74f2,367,manual_key_interp_v2,147.3,234.65,24.0,22.0,159.3,245.65,73.65,117.33,12.0,11.0,73.65,117.33,12.0,11.0,1,medium_high,vision_manual_keyframe_interpolation_v2
e2711620-6d4e-4f9c-8922-b1b2d1fb74f2,368,manual_key_interp_v2,147.2,234.6,24.0,22.0,159.2,245.6,73.6,117.3,12.0,11.0,73.6,117.3,12.0,11.0,1,medium_high,vision_manual_keyframe_interpolation_v2
e2711620-6d4e-4f9c-8922-b1b2d1fb74f2,369,manual_key_interp_v2,147.1,234.55,24.0,22.0,159.1,245.55,73.55,117.28,12.0,11.0,73.55,117.28,12.0,11.0,1,medium_high,vision_manual_keyframe_interpolation_v2
e2711620-6d4e-4f9c-8922-b1b2d1fb74f2,370,manual_key_interp_v2,147.0,234.5,24.0,22.0,159.0,245.5,73.5,117.25,12.0,11.0,73.5,117.25,12.0,11.0,1,medium_high,vision_manual_keyframe_interpolation_v2
e2711620-6d4e-4f9c-8922-b1b2d1fb74f2,371,manual_key_interp_v2,146.9,234.45,24.0,22.0,158.9,245.45,73.45,117.22,12.0,11.0,73.45,117.22,12.0,11.0,1,medium_high,vision_manual_keyframe_interpolation_v2
e2711620-6d4e-4f9c-8922-b1b2d1fb74f2,372,manual_key_interp_v2,146.8,234.4,24.0,22.0,158.8,245.4,73.4,117.2,12.0,11.0,73.4,117.2,12.0,11.0,1,medium_high,vision_manual_keyframe_interpolation_v2
e2711620-6d4e-4f9c-8922-b1b2d1fb74f2,373,manual_key_interp_v2,146.7,234.35,24.0,22.0,158.7,245.35,73.35,117.17,12.0,11.0,73.35,117.17,12.0,11.0,1,medium_high,vision_manual_keyframe_interpolation_v2
e2711620-6d4e-4f9c-8922-b1b2d1fb74f2,374,manual_key_interp_v2,146.6,234.3,24.0,22.0,158.6,245.3,73.3,117.15,12.0,11.0,73.3,117.15,12.0,11.0,1,medium_high,vision_manual_keyframe_interpolation_v2
e2711620-6d4e-4f9c-8922-b1b2d1fb74f2,375,manual_key_interp_v2,146.5,234.25,24.0,22.0,158.5,245.25,73.25,117.12,12.0,11.0,73.25,117.12,12.0,11.0,1,medium_high,vision_manual_keyframe_interpolation_v2
e2711620-6d4e-4f9c-8922-b1b2d1fb74f2,376,manual_key_interp_v2,146.4,234.2,24.0,22.0,158.4,245.2,73.2,117.1,12.0,11.0,73.2,117.1,12.0,11.0,1,medium_high,vision_manual_keyframe_interpolation_v2
e2711620-6d4e-4f9c-8922-b1b2d1fb74f2,377,manual_key_interp_v2,146.3,234.15,24.0,22.0,158.3,245.15,73.15,117.08,12.0,11.0,73.15,117.08,12.0,11.0,1,medium_high,vision_manual_keyframe_interpolation_v2
e2711620-6d4e-4f9c-8922-b1b2d1fb74f2,378,manual_key_interp_v2,146.2,234.1,24.0,22.0,158.2,245.1,73.1,117.05,12.0,11.0,73.1,117.05,12.0,11.0,1,medium_high,vision_manual_keyframe_interpolation_v2
e2711620-6d4e-4f9c-8922-b1b2d1fb74f2,379,manual_key_interp_v2,146.1,234.05,24.0,22.0,158.1,245.05,73.05,117.03,12.0,11.0,73.05,117.03,12.0,11.0,1,medium_high,vision_manual_keyframe_interpolation_v2
e2711620-6d4e-4f9c-8922-b1b2d1fb74f2,380,manual_keyframe_v2,146.0,234.0,24.0,22.0,158.0,245.0,73.0,117.0,12.0,11.0,73.0,117.0,12.0,11.0,1,medium_high,vision_manual_keyframe_interpolation_v2
e2711620-6d4e-4f9c-8922-b1b2d1fb74f2,381,manual_key_interp_v2,145.35,234.65,24.0,22.0,157.35,245.65,72.67,117.33,12.0,11.0,72.67,117.33,12.0,11.0,1,medium_high,vision_manual_keyframe_interpolation_v2
e2711620-6d4e-4f9c-8922-b1b2d1fb74f2,382,manual_key_interp_v2,144.7,235.3,24.0,22.0,156.7,246.3,72.35,117.65,12.0,11.0,72.35,117.65,12.0,11.0,1,medium_high,vision_manual_keyframe_interpolation_v2
e2711620-6d4e-4f9c-8922-b1b2d1fb74f2,383,manual_key_interp_v2,144.05,235.95,24.0,22.0,156.05,246.95,72.03,117.97,12.0,11.0,72.03,117.97,12.0,11.0,1,medium_high,vision_manual_keyframe_interpolation_v2
e2711620-6d4e-4f9c-8922-b1b2d1fb74f2,384,manual_key_interp_v2,143.4,236.6,24.0,22.0,155.4,247.6,71.7,118.3,12.0,11.0,71.7,118.3,12.0,11.0,1,medium_high,vision_manual_keyframe_interpolation_v2
e2711620-6d4e-4f9c-8922-b1b2d1fb74f2,385,manual_key_interp_v2,142.75,237.25,24.0,22.0,154.75,248.25,71.38,118.62,12.0,11.0,71.38,118.62,12.0,11.0,1,medium_high,vision_manual_keyframe_interpolation_v2
e2711620-6d4e-4f9c-8922-b1b2d1fb74f2,386,manual_key_interp_v2,142.1,237.9,24.0,22.0,154.1,248.9,71.05,118.95,12.0,11.0,71.05,118.95,12.0,11.0,1,medium_high,vision_manual_keyframe_interpolation_v2
e2711620-6d4e-4f9c-8922-b1b2d1fb74f2,387,manual_key_interp_v2,141.45,238.55,24.0,22.0,153.45,249.55,70.72,119.28,12.0,11.0,70.72,119.28,12.0,11.0,1,medium_high,vision_manual_keyframe_interpolation_v2
e2711620-6d4e-4f9c-8922-b1b2d1fb74f2,388,manual_key_interp_v2,140.8,239.2,24.0,22.0,152.8,250.2,70.4,119.6,12.0,11.0,70.4,119.6,12.0,11.0,1,medium_high,vision_manual_keyframe_interpolation_v2
e2711620-6d4e-4f9c-8922-b1b2d1fb74f2,389,manual_key_interp_v2,140.15,239.85,24.0,22.0,152.15,250.85,70.08,119.92,12.0,11.0,70.08,119.92,12.0,11.0,1,medium_high,vision_manual_keyframe_interpolation_v2
e2711620-6d4e-4f9c-8922-b1b2d1fb74f2,390,manual_key_interp_v2,139.5,240.5,24.0,22.0,151.5,251.5,69.75,120.25,12.0,11.0,69.75,120.25,12.0,11.0,1,medium_high,vision_manual_keyframe_interpolation_v2
e2711620-6d4e-4f9c-8922-b1b2d1fb74f2,391,manual_key_interp_v2,138.85,241.15,24.0,22.0,150.85,252.15,69.42,120.58,12.0,11.0,69.42,120.58,12.0,11.0,1,medium_high,vision_manual_keyframe_interpolation_v2
e2711620-6d4e-4f9c-8922-b1b2d1fb74f2,392,manual_key_interp_v2,138.2,241.8,24.0,22.0,150.2,252.8,69.1,120.9,12.0,11.0,69.1,120.9,12.0,11.0,1,medium_high,vision_manual_keyframe_interpolation_v2
e2711620-6d4e-4f9c-8922-b1b2d1fb74f2,393,manual_key_interp_v2,137.55,242.45,24.0,22.0,149.55,253.45,68.78,121.22,12.0,11.0,68.78,121.22,12.0,11.0,1,medium_high,vision_manual_keyframe_interpolation_v2
e2711620-6d4e-4f9c-8922-b1b2d1fb74f2,394,manual_key_interp_v2,136.9,243.1,24.0,22.0,148.9,254.1,68.45,121.55,12.0,11.0,68.45,121.55,12.0,11.0,1,medium_high,vision_manual_keyframe_interpolation_v2
e2711620-6d4e-4f9c-8922-b1b2d1fb74f2,395,manual_key_interp_v2,136.25,243.75,24.0,22.0,148.25,254.75,68.12,121.88,12.0,11.0,68.12,121.88,12.0,11.0,1,medium_high,vision_manual_keyframe_interpolation_v2
e2711620-6d4e-4f9c-8922-b1b2d1fb74f2,396,manual_key_interp_v2,135.6,244.4,24.0,22.0,147.6,255.4,67.8,122.2,12.0,11.0,67.8,122.2,12.0,11.0,1,medium_high,vision_manual_keyframe_interpolation_v2
e2711620-6d4e-4f9c-8922-b1b2d1fb74f2,397,manual_key_interp_v2,134.95,245.05,24.0,22.0,146.95,256.05,67.47,122.53,12.0,11.0,67.47,122.53,12.0,11.0,1,medium_high,vision_manual_keyframe_interpolation_v2
e2711620-6d4e-4f9c-8922-b1b2d1fb74f2,398,manual_key_interp_v2,134.3,245.7,24.0,22.0,146.3,256.7,67.15,122.85,12.0,11.0,67.15,122.85,12.0,11.0,1,medium_high,vision_manual_keyframe_interpolation_v2
e2711620-6d4e-4f9c-8922-b1b2d1fb74f2,399,manual_key_interp_v2,133.65,246.35,24.0,22.0,145.65,257.35,66.83,123.18,12.0,11.0,66.83,123.18,12.0,11.0,1,medium_high,vision_manual_keyframe_interpolation_v2
e2711620-6d4e-4f9c-8922-b1b2d1fb74f2,400,manual_keyframe_v2,133.0,247.0,24.0,22.0,145.0,258.0,66.5,123.5,12.0,11.0,66.5,123.5,12.0,11.0,1,medium_high,vision_manual_keyframe_interpolation_v2
e2711620-6d4e-4f9c-8922-b1b2d1fb74f2,401,manual_key_interp_v2,133.8,245.8,24.0,22.0,145.8,256.8,66.9,122.9,12.0,11.0,66.9,122.9,12.0,11.0,1,medium_high,vision_manual_keyframe_interpolation_v2
e2711620-6d4e-4f9c-8922-b1b2d1fb74f2,402,manual_key_interp_v2,134.6,244.6,24.0,22.0,146.6,255.6,67.3,122.3,12.0,11.0,67.3,122.3,12.0,11.0,1,medium_high,vision_manual_keyframe_interpolation_v2
e2711620-6d4e-4f9c-8922-b1b2d1fb74f2,403,manual_key_interp_v2,135.4,243.4,24.0,22.0,147.4,254.4,67.7,121.7,12.0,11.0,67.7,121.7,12.0,11.0,1,medium_high,vision_manual_keyframe_interpolation_v2
e2711620-6d4e-4f9c-8922-b1b2d1fb74f2,404,manual_key_interp_v2,136.2,242.2,24.0,22.0,148.2,253.2,68.1,121.1,12.0,11.0,68.1,121.1,12.0,11.0,1,medium_high,vision_manual_keyframe_interpolation_v2
e2711620-6d4e-4f9c-8922-b1b2d1fb74f2,405,manual_key_interp_v2,137.0,241.0,24.0,22.0,149.0,252.0,68.5,120.5,12.0,11.0,68.5,120.5,12.0,11.0,1,medium_high,vision_manual_keyframe_interpolation_v2
e2711620-6d4e-4f9c-8922-b1b2d1fb74f2,406,manual_key_interp_v2,137.8,239.8,24.0,22.0,149.8,250.8,68.9,119.9,12.0,11.0,68.9,119.9,12.0,11.0,1,medium_high,vision_manual_keyframe_interpolation_v2
e2711620-6d4e-4f9c-8922-b1b2d1fb74f2,407,manual_key_interp_v2,138.6,238.6,24.0,22.0,150.6,249.6,69.3,119.3,12.0,11.0,69.3,119.3,12.0,11.0,1,medium_high,vision_manual_keyframe_interpolation_v2
e2711620-6d4e-4f9c-8922-b1b2d1fb74f2,408,manual_key_interp_v2,139.4,237.4,24.0,22.0,151.4,248.4,69.7,118.7,12.0,11.0,69.7,118.7,12.0,11.0,1,medium_high,vision_manual_keyframe_interpolation_v2
e2711620-6d4e-4f9c-8922-b1b2d1fb74f2,409,manual_key_interp_v2,140.2,236.2,24.0,22.0,152.2,247.2,70.1,118.1,12.0,11.0,70.1,118.1,12.0,11.0,1,medium_high,vision_manual_keyframe_interpolation_v2
e2711620-6d4e-4f9c-8922-b1b2d1fb74f2,410,manual_key_interp_v2,141.0,235.0,24.0,22.0,153.0,246.0,70.5,117.5,12.0,11.0,70.5,117.5,12.0,11.0,1,medium_high,vision_manual_keyframe_interpolation_v2
e2711620-6d4e-4f9c-8922-b1b2d1fb74f2,411,manual_key_interp_v2,141.8,233.8,24.0,22.0,153.8,244.8,70.9,116.9,12.0,11.0,70.9,116.9,12.0,11.0,1,medium_high,vision_manual_keyframe_interpolation_v2
e2711620-6d4e-4f9c-8922-b1b2d1fb74f2,412,manual_key_interp_v2,142.6,232.6,24.0,22.0,154.6,243.6,71.3,116.3,12.0,11.0,71.3,116.3,12.0,11.0,1,medium_high,vision_manual_keyframe_interpolation_v2
e2711620-6d4e-4f9c-8922-b1b2d1fb74f2,413,manual_key_interp_v2,143.4,231.4,24.0,22.0,155.4,242.4,71.7,115.7,12.0,11.0,71.7,115.7,12.0,11.0,1,medium_high,vision_manual_keyframe_interpolation_v2
e2711620-6d4e-4f9c-8922-b1b2d1fb74f2,414,manual_key_interp_v2,144.2,230.2,24.0,22.0,156.2,241.2,72.1,115.1,12.0,11.0,72.1,115.1,12.0,11.0,1,medium_high,vision_manual_keyframe_interpolation_v2
e2711620-6d4e-4f9c-8922-b1b2d1fb74f2,415,manual_key_interp_v2,145.0,229.0,24.0,22.0,157.0,240.0,72.5,114.5,12.0,11.0,72.5,114.5,12.0,11.0,1,medium_high,vision_manual_keyframe_interpolation_v2
e2711620-6d4e-4f9c-8922-b1b2d1fb74f2,416,manual_key_interp_v2,145.8,227.8,24.0,22.0,157.8,238.8,72.9,113.9,12.0,11.0,72.9,113.9,12.0,11.0,1,medium_high,vision_manual_keyframe_interpolation_v2
e2711620-6d4e-4f9c-8922-b1b2d1fb74f2,417,manual_key_interp_v2,146.6,226.6,24.0,22.0,158.6,237.6,73.3,113.3,12.0,11.0,73.3,113.3,12.0,11.0,1,medium_high,vision_manual_keyframe_interpolation_v2
e2711620-6d4e-4f9c-8922-b1b2d1fb74f2,418,manual_key_interp_v2,147.4,225.4,24.0,22.0,159.4,236.4,73.7,112.7,12.0,11.0,73.7,112.7,12.0,11.0,1,medium_high,vision_manual_keyframe_interpolation_v2
e2711620-6d4e-4f9c-8922-b1b2d1fb74f2,419,manual_key_interp_v2,148.2,224.2,24.0,22.0,160.2,235.2,74.1,112.1,12.0,11.0,74.1,112.1,12.0,11.0,1,medium_high,vision_manual_keyframe_interpolation_v2
e2711620-6d4e-4f9c-8922-b1b2d1fb74f2,420,manual_keyframe_v2,149.0,223.0,24.0,22.0,161.0,234.0,74.5,111.5,12.0,11.0,74.5,111.5,12.0,11.0,1,medium_high,vision_manual_keyframe_interpolation_v2
e2711620-6d4e-4f9c-8922-b1b2d1fb74f2,421,manual_key_interp_v2,148.9,222.5,24.2,22.2,161.0,233.6,74.45,111.25,12.1,11.1,74.45,111.25,12.1,11.1,1,medium_high,vision_manual_keyframe_interpolation_v2
e2711620-6d4e-4f9c-8922-b1b2d1fb74f2,422,manual_key_interp_v2,148.8,222.0,24.4,22.4,161.0,233.2,74.4,111.0,12.2,11.2,74.4,111.0,12.2,11.2,1,medium_high,vision_manual_keyframe_interpolation_v2
e2711620-6d4e-4f9c-8922-b1b2d1fb74f2,423,manual_key_interp_v2,148.7,221.5,24.6,22.6,161.0,232.8,74.35,110.75,12.3,11.3,74.35,110.75,12.3,11.3,1,medium_high,vision_manual_keyframe_interpolation_v2
e2711620-6d4e-4f9c-8922-b1b2d1fb74f2,424,manual_key_interp_v2,148.6,221.0,24.8,22.8,161.0,232.4,74.3,110.5,12.4,11.4,74.3,110.5,12.4,11.4,1,medium_high,vision_manual_keyframe_interpolation_v2
e2711620-6d4e-4f9c-8922-b1b2d1fb74f2,425,manual_key_interp_v2,148.5,220.5,25.0,23.0,161.0,232.0,74.25,110.25,12.5,11.5,74.25,110.25,12.5,11.5,1,medium_high,vision_manual_keyframe_interpolation_v2
e2711620-6d4e-4f9c-8922-b1b2d1fb74f2,426,manual_key_interp_v2,148.4,220.0,25.2,23.2,161.0,231.6,74.2,110.0,12.6,11.6,74.2,110.0,12.6,11.6,1,medium_high,vision_manual_keyframe_interpolation_v2
e2711620-6d4e-4f9c-8922-b1b2d1fb74f2,427,manual_key_interp_v2,148.3,219.5,25.4,23.4,161.0,231.2,74.15,109.75,12.7,11.7,74.15,109.75,12.7,11.7,1,medium_high,vision_manual_keyframe_interpolation_v2
e2711620-6d4e-4f9c-8922-b1b2d1fb74f2,428,manual_key_interp_v2,148.2,219.0,25.6,23.6,161.0,230.8,74.1,109.5,12.8,11.8,74.1,109.5,12.8,11.8,1,medium_high,vision_manual_keyframe_interpolation_v2
e2711620-6d4e-4f9c-8922-b1b2d1fb74f2,429,manual_key_interp_v2,148.1,218.5,25.8,23.8,161.0,230.4,74.05,109.25,12.9,11.9,74.05,109.25,12.9,11.9,1,medium_high,vision_manual_keyframe_interpolation_v2
e2711620-6d4e-4f9c-8922-b1b2d1fb74f2,430,manual_key_interp_v2,148.0,218.0,26.0,24.0,161.0,230.0,74.0,109.0,13.0,12.0,74.0,109.0,13.0,12.0,1,medium_high,vision_manual_keyframe_interpolation_v2
e2711620-6d4e-4f9c-8922-b1b2d1fb74f2,431,manual_key_interp_v2,147.9,217.5,26.2,24.2,161.0,229.6,73.95,108.75,13.1,12.1,73.95,108.75,13.1,12.1,1,medium_high,vision_manual_keyframe_interpolation_v2
e2711620-6d4e-4f9c-8922-b1b2d1fb74f2,432,manual_key_interp_v2,147.8,217.0,26.4,24.4,161.0,229.2,73.9,108.5,13.2,12.2,73.9,108.5,13.2,12.2,1,medium_high,vision_manual_keyframe_interpolation_v2
e2711620-6d4e-4f9c-8922-b1b2d1fb74f2,433,manual_key_interp_v2,147.7,216.5,26.6,24.6,161.0,228.8,73.85,108.25,13.3,12.3,73.85,108.25,13.3,12.3,1,medium_high,vision_manual_keyframe_interpolation_v2
e2711620-6d4e-4f9c-8922-b1b2d1fb74f2,434,manual_key_interp_v2,147.6,216.0,26.8,24.8,161.0,228.4,73.8,108.0,13.4,12.4,73.8,108.0,13.4,12.4,1,medium_high,vision_manual_keyframe_interpolation_v2
e2711620-6d4e-4f9c-8922-b1b2d1fb74f2,435,manual_key_interp_v2,147.5,215.5,27.0,25.0,161.0,228.0,73.75,107.75,13.5,12.5,73.75,107.75,13.5,12.5,1,medium_high,vision_manual_keyframe_interpolation_v2
e2711620-6d4e-4f9c-8922-b1b2d1fb74f2,436,manual_key_interp_v2,147.4,215.0,27.2,25.2,161.0,227.6,73.7,107.5,13.6,12.6,73.7,107.5,13.6,12.6,1,medium_high,vision_manual_keyframe_interpolation_v2
e2711620-6d4e-4f9c-8922-b1b2d1fb74f2,437,manual_key_interp_v2,147.3,214.5,27.4,25.4,161.0,227.2,73.65,107.25,13.7,12.7,73.65,107.25,13.7,12.7,1,medium_high,vision_manual_keyframe_interpolation_v2
e2711620-6d4e-4f9c-8922-b1b2d1fb74f2,438,manual_key_interp_v2,147.2,214.0,27.6,25.6,161.0,226.8,73.6,107.0,13.8,12.8,73.6,107.0,13.8,12.8,1,medium_high,vision_manual_keyframe_interpolation_v2
e2711620-6d4e-4f9c-8922-b1b2d1fb74f2,439,manual_key_interp_v2,147.1,213.5,27.8,25.8,161.0,226.4,73.55,106.75,13.9,12.9,73.55,106.75,13.9,12.9,1,medium_high,vision_manual_keyframe_interpolation_v2
e2711620-6d4e-4f9c-8922-b1b2d1fb74f2,440,manual_keyframe_v2,147.0,213.0,28.0,26.0,161.0,226.0,73.5,106.5,14.0,13.0,73.5,106.5,14.0,13.0,1,medium_high,vision_manual_keyframe_interpolation_v2
e2711620-6d4e-4f9c-8922-b1b2d1fb74f2,441,manual_bridge_to_tail_v2,147.4,211.3,29.4,27.6,162.1,225.1,73.7,105.65,14.7,13.8,73.7,105.65,14.7,13.8,1,medium,vision_manual_keyframe_interpolation_v2
e2711620-6d4e-4f9c-8922-b1b2d1fb74f2,442,manual_bridge_to_tail_v2,147.8,209.6,30.8,29.2,163.2,224.2,73.9,104.8,15.4,14.6,73.9,104.8,15.4,14.6,1,medium,vision_manual_keyframe_interpolation_v2
e2711620-6d4e-4f9c-8922-b1b2d1fb74f2,443,manual_bridge_to_tail_v2,148.2,207.9,32.2,30.8,164.3,223.3,74.1,103.95,16.1,15.4,74.1,103.95,16.1,15.4,1,medium,vision_manual_keyframe_interpolation_v2
e2711620-6d4e-4f9c-8922-b1b2d1fb74f2,444,manual_bridge_to_tail_v2,148.6,206.2,33.6,32.4,165.4,222.4,74.3,103.1,16.8,16.2,74.3,103.1,16.8,16.2,1,medium,vision_manual_keyframe_interpolation_v2
e2711620-6d4e-4f9c-8922-b1b2d1fb74f2,445,manual_bridge_to_tail_v2,149.0,204.5,35.0,34.0,166.5,221.5,74.5,102.25,17.5,17.0,74.5,102.25,17.5,17.0,1,medium,vision_manual_keyframe_interpolation_v2
e2711620-6d4e-4f9c-8922-b1b2d1fb74f2,446,manual_bridge_to_tail_v2,149.4,202.8,36.4,35.6,167.6,220.6,74.7,101.4,18.2,17.8,74.7,101.4,18.2,17.8,1,medium,vision_manual_keyframe_interpolation_v2
e2711620-6d4e-4f9c-8922-b1b2d1fb74f2,447,manual_bridge_to_tail_v2,149.8,201.1,37.8,37.2,168.7,219.7,74.9,100.55,18.9,18.6,74.9,100.55,18.9,18.6,1,medium,vision_manual_keyframe_interpolation_v2
e2711620-6d4e-4f9c-8922-b1b2d1fb74f2,448,manual_bridge_to_tail_v2,150.2,199.4,39.2,38.8,169.8,218.8,75.1,99.7,19.6,19.4,75.1,99.7,19.6,19.4,1,medium,vision_manual_keyframe_interpolation_v2
e2711620-6d4e-4f9c-8922-b1b2d1fb74f2,449,manual_bridge_to_tail_v2,150.6,197.7,40.6,40.4,170.9,217.9,75.3,98.85,20.3,20.2,75.3,98.85,20.3,20.2,1,medium,vision_manual_keyframe_interpolation_v2
e2711620-6d4e-4f9c-8922-b1b2d1fb74f2,450,vision_assisted_pre594_video_v1,151.0,196.0,42.0,42.0,172.0,217.0,75.5,98.0,21.0,21.0,75.5,98.0,21.0,21.0,1,low_medium,existing_tail_label
e2711620-6d4e-4f9c-8922-b1b2d1fb74f2,451,vision_assisted_pre594_video_v1,151.08,195.94,42.0,42.0,172.08,216.94,75.54,97.97,21.0,21.0,75.54,97.97,21.0,21.0,1,low_medium,existing_tail_label
e2711620-6d4e-4f9c-8922-b1b2d1fb74f2,452,vision_assisted_pre594_video_v1,152.16,195.86,42.0,42.0,173.16,216.86,76.08,97.93,21.0,21.0,76.08,97.93,21.0,21.0,1,low_medium,existing_tail_label
e2711620-6d4e-4f9c-8922-b1b2d1fb74f2,453,vision_assisted_pre594_video_v1,152.26,195.8,42.0,42.0,173.26,216.8,76.13,97.9,21.0,21.0,76.13,97.9,21.0,21.0,1,low_medium,existing_tail_label
e2711620-6d4e-4f9c-8922-b1b2d1fb74f2,454,vision_assisted_pre594_video_v1,153.34,196.72,42.0,42.0,174.34,217.72,76.67,98.36,21.0,21.0,76.67,98.36,21.0,21.0,1,low_medium,existing_tail_label
e2711620-6d4e-4f9c-8922-b1b2d1fb74f2,455,vision_assisted_pre594_video_v1,154.42,196.66,42.0,42.0,175.42,217.66,77.21,98.33,21.0,21.0,77.21,98.33,21.0,21.0,1,low_medium,existing_tail_label
e2711620-6d4e-4f9c-8922-b1b2d1fb74f2,456,vision_assisted_pre594_video_v1,154.5,196.58,42.0,42.0,175.5,217.58,77.25,98.29,21.0,21.0,77.25,98.29,21.0,21.0,1,low_medium,existing_tail_label
e2711620-6d4e-4f9c-8922-b1b2d1fb74f2,457,vision_assisted_pre594_video_v1,155.58,197.52,42.0,42.0,176.58,218.52,77.79,98.76,21.0,21.0,77.79,98.76,21.0,21.0,1,low_medium,existing_tail_label
e2711620-6d4e-4f9c-8922-b1b2d1fb74f2,458,vision_assisted_pre594_video_v1,155.68,197.44,42.0,42.0,176.68,218.44,77.84,98.72,21.0,21.0,77.84,98.72,21.0,21.0,1,low_medium,existing_tail_label
e2711620-6d4e-4f9c-8922-b1b2d1fb74f2,459,vision_assisted_pre594_video_v1,156.76,198.38,42.0,42.0,177.76,219.38,78.38,99.19,21.0,21.0,78.38,99.19,21.0,21.0,1,low_medium,existing_tail_label
e2711620-6d4e-4f9c-8922-b1b2d1fb74f2,460,vision_assisted_pre594_video_v1,157.84,198.3,42.0,42.0,178.84,219.3,78.92,99.15,21.0,21.0,78.92,99.15,21.0,21.0,1,low_medium,existing_tail_label
e2711620-6d4e-4f9c-8922-b1b2d1fb74f2,461,vision_assisted_pre594_video_v1,157.92,198.24,42.0,42.0,178.92,219.24,78.96,99.12,21.0,21.0,78.96,99.12,21.0,21.0,1,low_medium,existing_tail_label
e2711620-6d4e-4f9c-8922-b1b2d1fb74f2,462,vision_assisted_pre594_video_v1,159.0,199.16,42.0,42.0,180.0,220.16,79.5,99.58,21.0,21.0,79.5,99.58,21.0,21.0,1,low_medium,existing_tail_label
e2711620-6d4e-4f9c-8922-b1b2d1fb74f2,463,vision_assisted_pre594_video_v1,159.1,199.1,42.0,42.0,180.1,220.1,79.55,99.55,21.0,21.0,79.55,99.55,21.0,21.0,1,low_medium,existing_tail_label
e2711620-6d4e-4f9c-8922-b1b2d1fb74f2,464,vision_assisted_pre594_video_v1,160.18,200.02,42.0,42.0,181.18,221.02,80.09,100.01,21.0,21.0,80.09,100.01,21.0,21.0,1,low_medium,existing_tail_label
e2711620-6d4e-4f9c-8922-b1b2d1fb74f2,465,vision_assisted_pre594_video_v1,161.26,200.96,42.0,42.0,182.26,221.96,80.63,100.48,21.0,21.0,80.63,100.48,21.0,21.0,1,low_medium,existing_tail_label
e2711620-6d4e-4f9c-8922-b1b2d1fb74f2,466,vision_assisted_pre594_video_v1,161.34,200.88,42.0,42.0,182.34,221.88,80.67,100.44,21.0,21.0,80.67,100.44,21.0,21.0,1,low_medium,existing_tail_label
e2711620-6d4e-4f9c-8922-b1b2d1fb74f2,467,vision_assisted_pre594_video_v1,162.42,200.82,42.0,42.0,183.42,221.82,81.21,100.41,21.0,21.0,81.21,100.41,21.0,21.0,1,low_medium,existing_tail_label
e2711620-6d4e-4f9c-8922-b1b2d1fb74f2,468,vision_assisted_pre594_video_v1,162.52,200.74,42.0,42.0,183.52,221.74,81.26,100.37,21.0,21.0,81.26,100.37,21.0,21.0,1,low_medium,existing_tail_label
e2711620-6d4e-4f9c-8922-b1b2d1fb74f2,469,vision_assisted_pre594_video_v1,163.6,201.68,42.0,42.0,184.6,222.68,81.8,100.84,21.0,21.0,81.8,100.84,21.0,21.0,1,low_medium,existing_tail_label
e2711620-6d4e-4f9c-8922-b1b2d1fb74f2,470,vision_assisted_pre594_video_v1,165.68,202.6,42.0,42.0,186.68,223.6,82.84,101.3,21.0,21.0,82.84,101.3,21.0,21.0,1,low_medium,existing_tail_label
e2711620-6d4e-4f9c-8922-b1b2d1fb74f2,471,vision_assisted_pre594_video_v1,165.76,202.54,42.0,42.0,186.76,223.54,82.88,101.27,21.0,21.0,82.88,101.27,21.0,21.0,1,low_medium,existing_tail_label
e2711620-6d4e-4f9c-8922-b1b2d1fb74f2,472,vision_assisted_pre594_video_v1,166.84,203.46,42.0,42.0,187.84,224.46,83.42,101.73,21.0,21.0,83.42,101.73,21.0,21.0,1,low_medium,existing_tail_label
e2711620-6d4e-4f9c-8922-b1b2d1fb74f2,473,vision_assisted_pre594_video_v1,166.94,203.4,42.0,42.0,187.94,224.4,83.47,101.7,21.0,21.0,83.47,101.7,21.0,21.0,1,low_medium,existing_tail_label
e2711620-6d4e-4f9c-8922-b1b2d1fb74f2,474,vision_assisted_pre594_video_v1,168.02,204.32,42.0,42.0,189.02,225.32,84.01,102.16,21.0,21.0,84.01,102.16,21.0,21.0,1,low_medium,existing_tail_label
e2711620-6d4e-4f9c-8922-b1b2d1fb74f2,475,vision_assisted_pre594_video_v1,169.1,205.26,42.0,42.0,190.1,226.26,84.55,102.63,21.0,21.0,84.55,102.63,21.0,21.0,1,low_medium,existing_tail_label
e2711620-6d4e-4f9c-8922-b1b2d1fb74f2,476,vision_assisted_pre594_video_v1,169.18,205.18,42.0,42.0,190.18,226.18,84.59,102.59,21.0,21.0,84.59,102.59,21.0,21.0,1,low_medium,existing_tail_label
e2711620-6d4e-4f9c-8922-b1b2d1fb74f2,477,vision_assisted_pre594_video_v1,171.26,206.12,42.0,42.0,192.26,227.12,85.63,103.06,21.0,21.0,85.63,103.06,21.0,21.0,1,low_medium,existing_tail_label
e2711620-6d4e-4f9c-8922-b1b2d1fb74f2,478,vision_assisted_pre594_video_v1,171.34,206.04,42.0,42.0,192.34,227.04,85.67,103.02,21.0,21.0,85.67,103.02,21.0,21.0,1,low_medium,existing_tail_label
e2711620-6d4e-4f9c-8922-b1b2d1fb74f2,479,vision_assisted_pre594_video_v1,172.44,206.98,42.0,42.0,193.44,227.98,86.22,103.49,21.0,21.0,86.22,103.49,21.0,21.0,1,low_medium,existing_tail_label
e2711620-6d4e-4f9c-8922-b1b2d1fb74f2,480,vision_assisted_pre594_video_v1,174.52,207.9,42.0,42.0,195.52,228.9,87.26,103.95,21.0,21.0,87.26,103.95,21.0,21.0,1,low_medium,existing_tail_label
e2711620-6d4e-4f9c-8922-b1b2d1fb74f2,481,vision_assisted_pre594_video_v1,174.6,207.84,42.0,42.0,195.6,228.84,87.3,103.92,21.0,21.0,87.3,103.92,21.0,21.0,1,low_medium,existing_tail_label
e2711620-6d4e-4f9c-8922-b1b2d1fb74f2,482,vision_assisted_pre594_video_v1,175.68,208.76,42.0,42.0,196.68,229.76,87.84,104.38,21.0,21.0,87.84,104.38,21.0,21.0,1,low_medium,existing_tail_label
e2711620-6d4e-4f9c-8922-b1b2d1fb74f2,483,vision_assisted_pre594_video_v1,175.76,208.7,42.0,42.0,196.76,229.7,87.88,104.35,21.0,21.0,87.88,104.35,21.0,21.0,1,low_medium,existing_tail_label
e2711620-6d4e-4f9c-8922-b1b2d1fb74f2,484,vision_assisted_pre594_video_v1,147.86,214.62,42.0,42.0,168.86,235.62,73.93,107.31,21.0,21.0,73.93,107.31,21.0,21.0,1,low_medium,existing_tail_label
e2711620-6d4e-4f9c-8922-b1b2d1fb74f2,485,vision_assisted_pre594_video_v1,147.94,214.56,42.0,42.0,168.94,235.56,73.97,107.28,21.0,21.0,73.97,107.28,21.0,21.0,1,low_medium,existing_tail_label
e2711620-6d4e-4f9c-8922-b1b2d1fb74f2,486,vision_assisted_pre594_video_v1,148.02,214.48,42.0,42.0,169.02,235.48,74.01,107.24,21.0,21.0,74.01,107.24,21.0,21.0,1,low_medium,existing_tail_label
e2711620-6d4e-4f9c-8922-b1b2d1fb74f2,487,vision_assisted_pre594_video_v1,148.1,214.42,42.0,42.0,169.1,235.42,74.05,107.21,21.0,21.0,74.05,107.21,21.0,21.0,1,low_medium,existing_tail_label
e2711620-6d4e-4f9c-8922-b1b2d1fb74f2,488,vision_assisted_pre594_video_v1,148.18,214.34,42.0,42.0,169.18,235.34,74.09,107.17,21.0,21.0,74.09,107.17,21.0,21.0,1,low_medium,existing_tail_label
e2711620-6d4e-4f9c-8922-b1b2d1fb74f2,489,vision_assisted_pre594_video_v1,148.28,214.28,42.0,42.0,169.28,235.28,74.14,107.14,21.0,21.0,74.14,107.14,21.0,21.0,1,low_medium,existing_tail_label
e2711620-6d4e-4f9c-8922-b1b2d1fb74f2,490,vision_assisted_pre594_video_v1,148.36,214.2,42.0,42.0,169.36,235.2,74.18,107.1,21.0,21.0,74.18,107.1,21.0,21.0,1,low_medium,existing_tail_label
e2711620-6d4e-4f9c-8922-b1b2d1fb74f2,491,vision_assisted_pre594_video_v1,148.44,214.14,42.0,42.0,169.44,235.14,74.22,107.07,21.0,21.0,74.22,107.07,21.0,21.0,1,low_medium,existing_tail_label
e2711620-6d4e-4f9c-8922-b1b2d1fb74f2,492,vision_assisted_pre594_video_v1,148.52,214.06,42.0,42.0,169.52,235.06,74.26,107.03,21.0,21.0,74.26,107.03,21.0,21.0,1,low_medium,existing_tail_label
e2711620-6d4e-4f9c-8922-b1b2d1fb74f2,493,vision_assisted_pre594_video_v1,148.6,214.0,42.0,42.0,169.6,235.0,74.3,107.0,21.0,21.0,74.3,107.0,21.0,21.0,1,low_medium,existing_tail_label
e2711620-6d4e-4f9c-8922-b1b2d1fb74f2,494,vision_assisted_pre594_video_v1,148.7,212.92,42.0,42.0,169.7,233.92,74.35,106.46,21.0,21.0,74.35,106.46,21.0,21.0,1,low_medium,existing_tail_label
e2711620-6d4e-4f9c-8922-b1b2d1fb74f2,495,vision_assisted_pre594_video_v1,148.78,212.86,42.0,42.0,169.78,233.86,74.39,106.43,21.0,21.0,74.39,106.43,21.0,21.0,1,low_medium,existing_tail_label
e2711620-6d4e-4f9c-8922-b1b2d1fb74f2,496,vision_assisted_pre594_video_v1,148.86,212.78,42.0,42.0,169.86,233.78,74.43,106.39,21.0,21.0,74.43,106.39,21.0,21.0,1,low_medium,existing_tail_label
e2711620-6d4e-4f9c-8922-b1b2d1fb74f2,497,vision_assisted_pre594_video_v1,148.94,212.72,42.0,42.0,169.94,233.72,74.47,106.36,21.0,21.0,74.47,106.36,21.0,21.0,1,low_medium,existing_tail_label
e2711620-6d4e-4f9c-8922-b1b2d1fb74f2,498,vision_assisted_pre594_video_v1,149.02,212.64,42.0,42.0,170.02,233.64,74.51,106.32,21.0,21.0,74.51,106.32,21.0,21.0,1,low_medium,existing_tail_label
e2711620-6d4e-4f9c-8922-b1b2d1fb74f2,499,vision_assisted_pre594_video_v1,149.12,211.58,42.0,42.0,170.12,232.58,74.56,105.79,21.0,21.0,74.56,105.79,21.0,21.0,1,low_medium,existing_tail_label
e2711620-6d4e-4f9c-8922-b1b2d1fb74f2,500,vision_assisted_pre594_video_v1,149.2,211.5,42.0,42.0,170.2,232.5,74.6,105.75,21.0,21.0,74.6,105.75,21.0,21.0,1,low_medium,existing_tail_label
e2711620-6d4e-4f9c-8922-b1b2d1fb74f2,501,vision_assisted_pre594_video_v1,149.28,210.44,42.0,42.0,170.28,231.44,74.64,105.22,21.0,21.0,74.64,105.22,21.0,21.0,1,low_medium,existing_tail_label
e2711620-6d4e-4f9c-8922-b1b2d1fb74f2,502,vision_assisted_pre594_video_v1,149.36,210.36,42.0,42.0,170.36,231.36,74.68,105.18,21.0,21.0,74.68,105.18,21.0,21.0,1,low_medium,existing_tail_label
e2711620-6d4e-4f9c-8922-b1b2d1fb74f2,503,vision_assisted_pre594_video_v1,149.44,210.3,42.0,42.0,170.44,231.3,74.72,105.15,21.0,21.0,74.72,105.15,21.0,21.0,1,low_medium,existing_tail_label
e2711620-6d4e-4f9c-8922-b1b2d1fb74f2,504,vision_assisted_pre594_video_v1,148.54,209.22,42.0,42.0,169.54,230.22,74.27,104.61,21.0,21.0,74.27,104.61,21.0,21.0,1,low_medium,existing_tail_label
e2711620-6d4e-4f9c-8922-b1b2d1fb74f2,505,vision_assisted_pre594_video_v1,148.62,209.16,42.0,42.0,169.62,230.16,74.31,104.58,21.0,21.0,74.31,104.58,21.0,21.0,1,low_medium,existing_tail_label
e2711620-6d4e-4f9c-8922-b1b2d1fb74f2,506,vision_assisted_pre594_video_v1,148.7,208.08,42.0,42.0,169.7,229.08,74.35,104.04,21.0,21.0,74.35,104.04,21.0,21.0,1,low_medium,existing_tail_label
e2711620-6d4e-4f9c-8922-b1b2d1fb74f2,507,vision_assisted_pre594_video_v1,148.78,207.02,42.0,42.0,169.78,228.02,74.39,103.51,21.0,21.0,74.39,103.51,21.0,21.0,1,low_medium,existing_tail_label
e2711620-6d4e-4f9c-8922-b1b2d1fb74f2,508,vision_assisted_pre594_video_v1,148.86,206.94,42.0,42.0,169.86,227.94,74.43,103.47,21.0,21.0,74.43,103.47,21.0,21.0,1,low_medium,existing_tail_label
e2711620-6d4e-4f9c-8922-b1b2d1fb74f2,509,vision_assisted_pre594_video_v1,148.96,205.88,42.0,42.0,169.96,226.88,74.48,102.94,21.0,21.0,74.48,102.94,21.0,21.0,1,low_medium,existing_tail_label
e2711620-6d4e-4f9c-8922-b1b2d1fb74f2,510,vision_assisted_pre594_video_v1,149.04,205.8,42.0,42.0,170.04,226.8,74.52,102.9,21.0,21.0,74.52,102.9,21.0,21.0,1,low_medium,existing_tail_label
e2711620-6d4e-4f9c-8922-b1b2d1fb74f2,511,vision_assisted_pre594_video_v1,148.12,204.74,42.0,42.0,169.12,225.74,74.06,102.37,21.0,21.0,74.06,102.37,21.0,21.0,1,low_medium,existing_tail_label
e2711620-6d4e-4f9c-8922-b1b2d1fb74f2,512,vision_assisted_pre594_video_v1,148.2,203.66,42.0,42.0,169.2,224.66,74.1,101.83,21.0,21.0,74.1,101.83,21.0,21.0,1,low_medium,existing_tail_label
e2711620-6d4e-4f9c-8922-b1b2d1fb74f2,513,vision_assisted_pre594_video_v1,148.28,203.6,42.0,42.0,169.28,224.6,74.14,101.8,21.0,21.0,74.14,101.8,21.0,21.0,1,low_medium,existing_tail_label
e2711620-6d4e-4f9c-8922-b1b2d1fb74f2,514,vision_assisted_pre594_video_v1,148.38,202.52,42.0,42.0,169.38,223.52,74.19,101.26,21.0,21.0,74.19,101.26,21.0,21.0,1,low_medium,existing_tail_label
e2711620-6d4e-4f9c-8922-b1b2d1fb74f2,515,vision_assisted_pre594_video_v1,148.46,202.46,42.0,42.0,169.46,223.46,74.23,101.23,21.0,21.0,74.23,101.23,21.0,21.0,1,low_medium,existing_tail_label
e2711620-6d4e-4f9c-8922-b1b2d1fb74f2,516,vision_assisted_pre594_video_v1,147.54,201.38,42.0,42.0,168.54,222.38,73.77,100.69,21.0,21.0,73.77,100.69,21.0,21.0,1,low_medium,existing_tail_label
e2711620-6d4e-4f9c-8922-b1b2d1fb74f2,517,vision_assisted_pre594_video_v1,147.62,199.32,42.0,42.0,168.62,220.32,73.81,99.66,21.0,21.0,73.81,99.66,21.0,21.0,1,low_medium,existing_tail_label
e2711620-6d4e-4f9c-8922-b1b2d1fb74f2,518,vision_assisted_pre594_video_v1,147.7,199.24,42.0,42.0,168.7,220.24,73.85,99.62,21.0,21.0,73.85,99.62,21.0,21.0,1,low_medium,existing_tail_label
e2711620-6d4e-4f9c-8922-b1b2d1fb74f2,519,vision_assisted_pre594_video_v1,147.8,198.18,42.0,42.0,168.8,219.18,73.9,99.09,21.0,21.0,73.9,99.09,21.0,21.0,1,low_medium,existing_tail_label
e2711620-6d4e-4f9c-8922-b1b2d1fb74f2,520,vision_assisted_pre594_video_v1,147.88,198.1,42.0,42.0,168.88,219.1,73.94,99.05,21.0,21.0,73.94,99.05,21.0,21.0,1,medium,existing_tail_label
e2711620-6d4e-4f9c-8922-b1b2d1fb74f2,521,vision_assisted_pre594_video_v1,146.96,197.04,42.0,42.0,167.96,218.04,73.48,98.52,21.0,21.0,73.48,98.52,21.0,21.0,1,medium,existing_tail_label
e2711620-6d4e-4f9c-8922-b1b2d1fb74f2,522,vision_assisted_pre594_video_v1,147.04,195.96,42.0,42.0,168.04,216.96,73.52,97.98,21.0,21.0,73.52,97.98,21.0,21.0,1,medium,existing_tail_label
e2711620-6d4e-4f9c-8922-b1b2d1fb74f2,523,vision_assisted_pre594_video_v1,147.12,195.9,42.0,42.0,168.12,216.9,73.56,97.95,21.0,21.0,73.56,97.95,21.0,21.0,1,medium,existing_tail_label
e2711620-6d4e-4f9c-8922-b1b2d1fb74f2,524,vision_assisted_pre594_video_v1,146.2,194.82,42.0,42.0,167.2,215.82,73.1,97.41,21.0,21.0,73.1,97.41,21.0,21.0,1,medium,existing_tail_label
e2711620-6d4e-4f9c-8922-b1b2d1fb74f2,525,vision_assisted_pre594_video_v1,146.3,194.76,42.0,42.0,167.3,215.76,73.15,97.38,21.0,21.0,73.15,97.38,21.0,21.0,1,medium,existing_tail_label
e2711620-6d4e-4f9c-8922-b1b2d1fb74f2,526,vision_assisted_pre594_video_v1,146.38,193.68,42.0,42.0,167.38,214.68,73.19,96.84,21.0,21.0,73.19,96.84,21.0,21.0,1,medium,existing_tail_label
e2711620-6d4e-4f9c-8922-b1b2d1fb74f2,527,vision_assisted_pre594_video_v1,146.46,192.62,42.0,42.0,167.46,213.62,73.23,96.31,21.0,21.0,73.23,96.31,21.0,21.0,1,medium,existing_tail_label
e2711620-6d4e-4f9c-8922-b1b2d1fb74f2,528,vision_assisted_pre594_video_v1,146.54,192.54,42.0,42.0,167.54,213.54,73.27,96.27,21.0,21.0,73.27,96.27,21.0,21.0,1,medium,existing_tail_label
e2711620-6d4e-4f9c-8922-b1b2d1fb74f2,529,vision_assisted_pre594_video_v1,145.62,190.48,42.0,42.0,166.62,211.48,72.81,95.24,21.0,21.0,72.81,95.24,21.0,21.0,1,medium,existing_tail_label
e2711620-6d4e-4f9c-8922-b1b2d1fb74f2,530,vision_assisted_pre594_video_v1,145.72,190.4,42.0,42.0,166.72,211.4,72.86,95.2,21.0,21.0,72.86,95.2,21.0,21.0,1,medium,existing_tail_label
e2711620-6d4e-4f9c-8922-b1b2d1fb74f2,531,vision_assisted_pre594_video_v1,145.8,189.34,42.0,42.0,166.8,210.34,72.9,94.67,21.0,21.0,72.9,94.67,21.0,21.0,1,medium,existing_tail_label
e2711620-6d4e-4f9c-8922-b1b2d1fb74f2,532,vision_assisted_pre594_video_v1,144.88,188.26,42.0,42.0,165.88,209.26,72.44,94.13,21.0,21.0,72.44,94.13,21.0,21.0,1,medium,existing_tail_label
e2711620-6d4e-4f9c-8922-b1b2d1fb74f2,533,vision_assisted_pre594_video_v1,144.96,188.2,42.0,42.0,165.96,209.2,72.48,94.1,21.0,21.0,72.48,94.1,21.0,21.0,1,medium,existing_tail_label
e2711620-6d4e-4f9c-8922-b1b2d1fb74f2,534,vision_assisted_pre594_video_v1,145.04,187.12,42.0,42.0,166.04,208.12,72.52,93.56,21.0,21.0,72.52,93.56,21.0,21.0,1,medium,existing_tail_label
e2711620-6d4e-4f9c-8922-b1b2d1fb74f2,535,vision_assisted_pre594_video_v1,145.14,187.06,42.0,42.0,166.14,208.06,72.57,93.53,21.0,21.0,72.57,93.53,21.0,21.0,1,medium,existing_tail_label
e2711620-6d4e-4f9c-8922-b1b2d1fb74f2,536,vision_assisted_pre594_video_v1,144.22,185.98,42.0,42.0,165.22,206.98,72.11,92.99,21.0,21.0,72.11,92.99,21.0,21.0,1,medium,existing_tail_label
e2711620-6d4e-4f9c-8922-b1b2d1fb74f2,537,vision_assisted_pre594_video_v1,144.3,184.92,42.0,42.0,165.3,205.92,72.15,92.46,21.0,21.0,72.15,92.46,21.0,21.0,1,medium,existing_tail_label
e2711620-6d4e-4f9c-8922-b1b2d1fb74f2,538,vision_assisted_pre594_video_v1,144.38,184.84,42.0,42.0,165.38,205.84,72.19,92.42,21.0,21.0,72.19,92.42,21.0,21.0,1,medium,existing_tail_label
e2711620-6d4e-4f9c-8922-b1b2d1fb74f2,539,vision_assisted_pre594_video_v1,144.46,183.78,42.0,42.0,165.46,204.78,72.23,91.89,21.0,21.0,72.23,91.89,21.0,21.0,1,medium,existing_tail_label
e2711620-6d4e-4f9c-8922-b1b2d1fb74f2,540,vision_assisted_pre594_video_v1,144.56,183.7,42.0,42.0,165.56,204.7,72.28,91.85,21.0,21.0,72.28,91.85,21.0,21.0,1,medium,existing_tail_label
e2711620-6d4e-4f9c-8922-b1b2d1fb74f2,541,vision_assisted_pre594_video_v1,143.64,182.64,42.0,42.0,164.64,203.64,71.82,91.32,21.0,21.0,71.82,91.32,21.0,21.0,1,medium,existing_tail_label
e2711620-6d4e-4f9c-8922-b1b2d1fb74f2,542,vision_assisted_pre594_video_v1,143.72,181.56,42.0,42.0,164.72,202.56,71.86,90.78,21.0,21.0,71.86,90.78,21.0,21.0,1,medium,existing_tail_label
e2711620-6d4e-4f9c-8922-b1b2d1fb74f2,543,vision_assisted_pre594_video_v1,143.8,181.5,42.0,42.0,164.8,202.5,71.9,90.75,21.0,21.0,71.9,90.75,21.0,21.0,1,medium,existing_tail_label
e2711620-6d4e-4f9c-8922-b1b2d1fb74f2,544,vision_assisted_pre594_video_v1,143.88,180.42,42.0,42.0,164.88,201.42,71.94,90.21,21.0,21.0,71.94,90.21,21.0,21.0,1,medium,existing_tail_label
e2711620-6d4e-4f9c-8922-b1b2d1fb74f2,545,vision_assisted_pre594_video_v1,143.98,180.36,42.0,42.0,164.98,201.36,71.99,90.18,21.0,21.0,71.99,90.18,21.0,21.0,1,medium,existing_tail_label
e2711620-6d4e-4f9c-8922-b1b2d1fb74f2,546,vision_assisted_pre594_video_v1,143.06,179.28,42.0,42.0,164.06,200.28,71.53,89.64,21.0,21.0,71.53,89.64,21.0,21.0,1,medium,existing_tail_label
e2711620-6d4e-4f9c-8922-b1b2d1fb74f2,547,vision_assisted_pre594_video_v1,143.14,178.22,42.0,42.0,164.14,199.22,71.57,89.11,21.0,21.0,71.57,89.11,21.0,21.0,1,medium,existing_tail_label
e2711620-6d4e-4f9c-8922-b1b2d1fb74f2,548,vision_assisted_pre594_video_v1,143.22,178.14,42.0,42.0,164.22,199.14,71.61,89.07,21.0,21.0,71.61,89.07,21.0,21.0,1,medium,existing_tail_label
e2711620-6d4e-4f9c-8922-b1b2d1fb74f2,549,vision_assisted_pre594_video_v1,143.3,177.08,42.0,42.0,164.3,198.08,71.65,88.54,21.0,21.0,71.65,88.54,21.0,21.0,1,medium,existing_tail_label
e2711620-6d4e-4f9c-8922-b1b2d1fb74f2,550,vision_assisted_pre594_video_v1,143.4,177.0,42.0,42.0,164.4,198.0,71.7,88.5,21.0,21.0,71.7,88.5,21.0,21.0,1,medium,existing_tail_label
e2711620-6d4e-4f9c-8922-b1b2d1fb74f2,551,vision_assisted_pre594_video_v1,142.48,175.94,42.0,42.0,163.48,196.94,71.24,87.97,21.0,21.0,71.24,87.97,21.0,21.0,1,medium,existing_tail_label
e2711620-6d4e-4f9c-8922-b1b2d1fb74f2,552,vision_assisted_pre594_video_v1,142.56,175.86,42.0,42.0,163.56,196.86,71.28,87.93,21.0,21.0,71.28,87.93,21.0,21.0,1,medium,existing_tail_label
e2711620-6d4e-4f9c-8922-b1b2d1fb74f2,553,vision_assisted_pre594_video_v1,142.64,175.8,42.0,42.0,163.64,196.8,71.32,87.9,21.0,21.0,71.32,87.9,21.0,21.0,1,medium,existing_tail_label
e2711620-6d4e-4f9c-8922-b1b2d1fb74f2,554,vision_assisted_pre594_video_v1,142.72,174.72,42.0,42.0,163.72,195.72,71.36,87.36,21.0,21.0,71.36,87.36,21.0,21.0,1,medium,existing_tail_label
e2711620-6d4e-4f9c-8922-b1b2d1fb74f2,555,vision_assisted_pre594_video_v1,142.82,174.66,42.0,42.0,163.82,195.66,71.41,87.33,21.0,21.0,71.41,87.33,21.0,21.0,1,medium,existing_tail_label
e2711620-6d4e-4f9c-8922-b1b2d1fb74f2,556,vision_assisted_pre594_video_v1,142.9,174.58,42.0,42.0,163.9,195.58,71.45,87.29,21.0,21.0,71.45,87.29,21.0,21.0,1,medium,existing_tail_label
e2711620-6d4e-4f9c-8922-b1b2d1fb74f2,557,vision_assisted_pre594_video_v1,141.98,173.52,42.0,42.0,162.98,194.52,70.99,86.76,21.0,21.0,70.99,86.76,21.0,21.0,1,medium,existing_tail_label
e2711620-6d4e-4f9c-8922-b1b2d1fb74f2,558,vision_assisted_pre594_video_v1,142.06,173.44,42.0,42.0,163.06,194.44,71.03,86.72,21.0,21.0,71.03,86.72,21.0,21.0,1,medium,existing_tail_label
e2711620-6d4e-4f9c-8922-b1b2d1fb74f2,559,vision_assisted_pre594_video_v1,142.14,173.38,42.0,42.0,163.14,194.38,71.07,86.69,21.0,21.0,71.07,86.69,21.0,21.0,1,medium,existing_tail_label
e2711620-6d4e-4f9c-8922-b1b2d1fb74f2,560,vision_assisted_pre594_video_v1,145.24,176.3,36.0,36.0,163.24,194.3,72.62,88.15,18.0,18.0,72.62,88.15,18.0,18.0,1,medium,existing_tail_label
e2711620-6d4e-4f9c-8922-b1b2d1fb74f2,561,vision_assisted_pre594_video_v1,145.32,176.24,36.0,36.0,163.32,194.24,72.66,88.12,18.0,18.0,72.66,88.12,18.0,18.0,1,medium,existing_tail_label
e2711620-6d4e-4f9c-8922-b1b2d1fb74f2,562,vision_assisted_pre594_video_v1,145.4,175.16,36.0,36.0,163.4,193.16,72.7,87.58,18.0,18.0,72.7,87.58,18.0,18.0,1,medium,existing_tail_label
e2711620-6d4e-4f9c-8922-b1b2d1fb74f2,563,vision_assisted_pre594_video_v1,145.48,175.1,36.0,36.0,163.48,193.1,72.74,87.55,18.0,18.0,72.74,87.55,18.0,18.0,1,medium,existing_tail_label
e2711620-6d4e-4f9c-8922-b1b2d1fb74f2,564,vision_assisted_pre594_video_v1,145.56,175.02,36.0,36.0,163.56,193.02,72.78,87.51,18.0,18.0,72.78,87.51,18.0,18.0,1,medium,existing_tail_label
e2711620-6d4e-4f9c-8922-b1b2d1fb74f2,565,vision_assisted_pre594_video_v1,145.66,174.96,36.0,36.0,163.66,192.96,72.83,87.48,18.0,18.0,72.83,87.48,18.0,18.0,1,medium,existing_tail_label
e2711620-6d4e-4f9c-8922-b1b2d1fb74f2,566,vision_assisted_pre594_video_v1,145.74,174.88,36.0,36.0,163.74,192.88,72.87,87.44,18.0,18.0,72.87,87.44,18.0,18.0,1,medium,existing_tail_label
e2711620-6d4e-4f9c-8922-b1b2d1fb74f2,567,vision_assisted_pre594_video_v1,145.82,174.82,36.0,36.0,163.82,192.82,72.91,87.41,18.0,18.0,72.91,87.41,18.0,18.0,1,medium,existing_tail_label
e2711620-6d4e-4f9c-8922-b1b2d1fb74f2,568,vision_assisted_pre594_video_v1,145.9,174.74,36.0,36.0,163.9,192.74,72.95,87.37,18.0,18.0,72.95,87.37,18.0,18.0,1,medium,existing_tail_label
e2711620-6d4e-4f9c-8922-b1b2d1fb74f2,569,vision_assisted_pre594_video_v1,145.98,174.68,36.0,36.0,163.98,192.68,72.99,87.34,18.0,18.0,72.99,87.34,18.0,18.0,1,medium,existing_tail_label
e2711620-6d4e-4f9c-8922-b1b2d1fb74f2,570,vision_assisted_pre594_video_v1,146.06,174.6,36.0,36.0,164.06,192.6,73.03,87.3,18.0,18.0,73.03,87.3,18.0,18.0,1,medium,existing_tail_label
e2711620-6d4e-4f9c-8922-b1b2d1fb74f2,571,vision_assisted_pre594_video_v1,145.16,174.54,36.0,36.0,163.16,192.54,72.58,87.27,18.0,18.0,72.58,87.27,18.0,18.0,1,medium,existing_tail_label
e2711620-6d4e-4f9c-8922-b1b2d1fb74f2,572,vision_assisted_pre594_video_v1,145.24,174.46,36.0,36.0,163.24,192.46,72.62,87.23,18.0,18.0,72.62,87.23,18.0,18.0,1,medium,existing_tail_label
e2711620-6d4e-4f9c-8922-b1b2d1fb74f2,573,vision_assisted_pre594_video_v1,145.32,174.4,36.0,36.0,163.32,192.4,72.66,87.2,18.0,18.0,72.66,87.2,18.0,18.0,1,medium,existing_tail_label
e2711620-6d4e-4f9c-8922-b1b2d1fb74f2,574,vision_assisted_pre594_video_v1,145.4,174.32,36.0,36.0,163.4,192.32,72.7,87.16,18.0,18.0,72.7,87.16,18.0,18.0,1,medium,existing_tail_label
e2711620-6d4e-4f9c-8922-b1b2d1fb74f2,575,vision_assisted_pre594_video_v1,145.48,174.26,36.0,36.0,163.48,192.26,72.74,87.13,18.0,18.0,72.74,87.13,18.0,18.0,1,medium,existing_tail_label
e2711620-6d4e-4f9c-8922-b1b2d1fb74f2,576,vision_assisted_pre594_video_v1,145.58,174.18,36.0,36.0,163.58,192.18,72.79,87.09,18.0,18.0,72.79,87.09,18.0,18.0,1,medium,existing_tail_label
e2711620-6d4e-4f9c-8922-b1b2d1fb74f2,577,vision_assisted_pre594_video_v1,145.66,174.12,36.0,36.0,163.66,192.12,72.83,87.06,18.0,18.0,72.83,87.06,18.0,18.0,1,medium,existing_tail_label
e2711620-6d4e-4f9c-8922-b1b2d1fb74f2,578,vision_assisted_pre594_video_v1,145.74,174.04,36.0,36.0,163.74,192.04,72.87,87.02,18.0,18.0,72.87,87.02,18.0,18.0,1,medium,existing_tail_label
e2711620-6d4e-4f9c-8922-b1b2d1fb74f2,579,vision_assisted_pre594_video_v1,144.82,173.98,36.0,36.0,162.82,191.98,72.41,86.99,18.0,18.0,72.41,86.99,18.0,18.0,1,medium,existing_tail_label
e2711620-6d4e-4f9c-8922-b1b2d1fb74f2,580,manual_tail_corrected_v4,134.0,176.0,34,30,151,191,67.0,88.0,17.0,15.0,67.0,88.0,17.0,15.0,1,medium_high,vision_manual_keyframe_interpolation_v4_tail_corrected
e2711620-6d4e-4f9c-8922-b1b2d1fb74f2,581,manual_tail_interp_v4,133.9,176.1,34.2,30.0,151.0,191.1,66.95,88.05,17.1,15.0,66.95,88.05,17.1,15.0,1,medium_high,vision_manual_keyframe_interpolation_v4_tail_corrected
e2711620-6d4e-4f9c-8922-b1b2d1fb74f2,582,manual_tail_interp_v4,133.8,176.2,34.4,30.0,151.0,191.2,66.9,88.1,17.2,15.0,66.9,88.1,17.2,15.0,1,medium_high,vision_manual_keyframe_interpolation_v4_tail_corrected
e2711620-6d4e-4f9c-8922-b1b2d1fb74f2,583,manual_tail_interp_v4,133.7,176.3,34.6,30.0,151.0,191.3,66.85,88.15,17.3,15.0,66.85,88.15,17.3,15.0,1,medium_high,vision_manual_keyframe_interpolation_v4_tail_corrected
e2711620-6d4e-4f9c-8922-b1b2d1fb74f2,584,manual_tail_interp_v4,133.6,176.4,34.8,30.0,151.0,191.4,66.8,88.2,17.4,15.0,66.8,88.2,17.4,15.0,1,medium_high,vision_manual_keyframe_interpolation_v4_tail_corrected
e2711620-6d4e-4f9c-8922-b1b2d1fb74f2,585,manual_tail_interp_v4,133.5,176.5,35.0,30.0,151.0,191.5,66.75,88.25,17.5,15.0,66.75,88.25,17.5,15.0,1,medium_high,vision_manual_keyframe_interpolation_v4_tail_corrected
e2711620-6d4e-4f9c-8922-b1b2d1fb74f2,586,manual_tail_interp_v4,133.4,176.6,35.2,30.0,151.0,191.6,66.7,88.3,17.6,15.0,66.7,88.3,17.6,15.0,1,medium_high,vision_manual_keyframe_interpolation_v4_tail_corrected
e2711620-6d4e-4f9c-8922-b1b2d1fb74f2,587,manual_tail_interp_v4,133.3,176.7,35.4,30.0,151.0,191.7,66.65,88.35,17.7,15.0,66.65,88.35,17.7,15.0,1,medium_high,vision_manual_keyframe_interpolation_v4_tail_corrected
e2711620-6d4e-4f9c-8922-b1b2d1fb74f2,588,manual_tail_interp_v4,133.2,176.8,35.6,30.0,151.0,191.8,66.6,88.4,17.8,15.0,66.6,88.4,17.8,15.0,1,medium_high,vision_manual_keyframe_interpolation_v4_tail_corrected
e2711620-6d4e-4f9c-8922-b1b2d1fb74f2,589,manual_tail_interp_v4,133.1,176.9,35.8,30.0,151.0,191.9,66.55,88.45,17.9,15.0,66.55,88.45,17.9,15.0,1,medium_high,vision_manual_keyframe_interpolation_v4_tail_corrected
e2711620-6d4e-4f9c-8922-b1b2d1fb74f2,590,manual_tail_interp_v4,133.0,177.0,36.0,30.0,151.0,192.0,66.5,88.5,18.0,15.0,66.5,88.5,18.0,15.0,1,medium_high,vision_manual_keyframe_interpolation_v4_tail_corrected
e2711620-6d4e-4f9c-8922-b1b2d1fb74f2,591,manual_tail_interp_v4,132.9,177.1,36.2,30.0,151.0,192.1,66.45,88.55,18.1,15.0,66.45,88.55,18.1,15.0,1,medium_high,vision_manual_keyframe_interpolation_v4_tail_corrected
e2711620-6d4e-4f9c-8922-b1b2d1fb74f2,592,manual_tail_interp_v4,132.8,177.2,36.4,30.0,151.0,192.2,66.4,88.6,18.2,15.0,66.4,88.6,18.2,15.0,1,medium_high,vision_manual_keyframe_interpolation_v4_tail_corrected
e2711620-6d4e-4f9c-8922-b1b2d1fb74f2,593,manual_tail_interp_v4,132.7,177.3,36.6,30.0,151.0,192.3,66.35,88.65,18.3,15.0,66.35,88.65,18.3,15.0,1,medium_high,vision_manual_keyframe_interpolation_v4_tail_corrected
e2711620-6d4e-4f9c-8922-b1b2d1fb74f2,594,manual_tail_interp_v4,132.6,177.4,36.8,30.0,151.0,192.4,66.3,88.7,18.4,15.0,66.3,88.7,18.4,15.0,1,medium_high,vision_manual_keyframe_interpolation_v4_tail_corrected
e2711620-6d4e-4f9c-8922-b1b2d1fb74f2,595,manual_tail_interp_v4,132.5,177.5,37.0,30.0,151.0,192.5,66.25,88.75,18.5,15.0,66.25,88.75,18.5,15.0,1,medium_high,vision_manual_keyframe_interpolation_v4_tail_corrected
e2711620-6d4e-4f9c-8922-b1b2d1fb74f2,596,manual_tail_interp_v4,132.4,177.6,37.2,30.0,151.0,192.6,66.2,88.8,18.6,15.0,66.2,88.8,18.6,15.0,1,medium_high,vision_manual_keyframe_interpolation_v4_tail_corrected
e2711620-6d4e-4f9c-8922-b1b2d1fb74f2,597,manual_tail_interp_v4,132.3,177.7,37.4,30.0,151.0,192.7,66.15,88.85,18.7,15.0,66.15,88.85,18.7,15.0,1,medium_high,vision_manual_keyframe_interpolation_v4_tail_corrected
e2711620-6d4e-4f9c-8922-b1b2d1fb74f2,598,manual_tail_interp_v4,132.2,177.8,37.6,30.0,151.0,192.8,66.1,88.9,18.8,15.0,66.1,88.9,18.8,15.0,1,medium_high,vision_manual_keyframe_interpolation_v4_tail_corrected
e2711620-6d4e-4f9c-8922-b1b2d1fb74f2,599,manual_tail_interp_v4,132.1,177.9,37.8,30.0,151.0,192.9,66.05,88.95,18.9,15.0,66.05,88.95,18.9,15.0,1,medium_high,vision_manual_keyframe_interpolation_v4_tail_corrected
e2711620-6d4e-4f9c-8922-b1b2d1fb74f2,600,manual_tail_corrected_v4,132.0,178.0,38.0,30.0,151.0,193.0,66.0,89.0,19.0,15.0,66.0,89.0,19.0,15.0,1,medium_high,vision_manual_keyframe_interpolation_v4_tail_corrected
e2711620-6d4e-4f9c-8922-b1b2d1fb74f2,601,manual_tail_interp_v4,131.5,177.8,38.0,29.9,150.5,192.75,65.75,88.9,19.0,14.95,65.75,88.9,19.0,14.95,1,medium_high,vision_manual_keyframe_interpolation_v4_tail_corrected
e2711620-6d4e-4f9c-8922-b1b2d1fb74f2,602,manual_tail_interp_v4,131.0,177.6,38.0,29.8,150.0,192.5,65.5,88.8,19.0,14.9,65.5,88.8,19.0,14.9,1,medium_high,vision_manual_keyframe_interpolation_v4_tail_corrected
e2711620-6d4e-4f9c-8922-b1b2d1fb74f2,603,manual_tail_interp_v4,130.5,177.4,38.0,29.7,149.5,192.25,65.25,88.7,19.0,14.85,65.25,88.7,19.0,14.85,1,medium_high,vision_manual_keyframe_interpolation_v4_tail_corrected
e2711620-6d4e-4f9c-8922-b1b2d1fb74f2,604,manual_tail_interp_v4,130.0,177.2,38.0,29.6,149.0,192.0,65.0,88.6,19.0,14.8,65.0,88.6,19.0,14.8,1,medium_high,vision_manual_keyframe_interpolation_v4_tail_corrected
e2711620-6d4e-4f9c-8922-b1b2d1fb74f2,605,manual_tail_interp_v4,129.5,177.0,38.0,29.5,148.5,191.75,64.75,88.5,19.0,14.75,64.75,88.5,19.0,14.75,1,medium_high,vision_manual_keyframe_interpolation_v4_tail_corrected
e2711620-6d4e-4f9c-8922-b1b2d1fb74f2,606,manual_tail_interp_v4,129.0,176.8,38.0,29.4,148.0,191.5,64.5,88.4,19.0,14.7,64.5,88.4,19.0,14.7,1,medium_high,vision_manual_keyframe_interpolation_v4_tail_corrected
e2711620-6d4e-4f9c-8922-b1b2d1fb74f2,607,manual_tail_interp_v4,128.5,176.6,38.0,29.3,147.5,191.25,64.25,88.3,19.0,14.65,64.25,88.3,19.0,14.65,1,medium_high,vision_manual_keyframe_interpolation_v4_tail_corrected
e2711620-6d4e-4f9c-8922-b1b2d1fb74f2,608,manual_tail_interp_v4,128.0,176.4,38.0,29.2,147.0,191.0,64.0,88.2,19.0,14.6,64.0,88.2,19.0,14.6,1,medium_high,vision_manual_keyframe_interpolation_v4_tail_corrected
e2711620-6d4e-4f9c-8922-b1b2d1fb74f2,609,manual_tail_interp_v4,127.5,176.2,38.0,29.1,146.5,190.75,63.75,88.1,19.0,14.55,63.75,88.1,19.0,14.55,1,medium_high,vision_manual_keyframe_interpolation_v4_tail_corrected
e2711620-6d4e-4f9c-8922-b1b2d1fb74f2,610,manual_tail_interp_v4,127.0,176.0,38.0,29.0,146.0,190.5,63.5,88.0,19.0,14.5,63.5,88.0,19.0,14.5,1,medium_high,vision_manual_keyframe_interpolation_v4_tail_corrected
e2711620-6d4e-4f9c-8922-b1b2d1fb74f2,611,manual_tail_interp_v4,126.5,175.8,38.0,28.9,145.5,190.25,63.25,87.9,19.0,14.45,63.25,87.9,19.0,14.45,1,high,vision_manual_keyframe_interpolation_v4_tail_corrected
e2711620-6d4e-4f9c-8922-b1b2d1fb74f2,612,manual_tail_interp_v4,126.0,175.6,38.0,28.8,145.0,190.0,63.0,87.8,19.0,14.4,63.0,87.8,19.0,14.4,1,high,vision_manual_keyframe_interpolation_v4_tail_corrected
e2711620-6d4e-4f9c-8922-b1b2d1fb74f2,613,manual_tail_interp_v4,125.5,175.4,38.0,28.7,144.5,189.75,62.75,87.7,19.0,14.35,62.75,87.7,19.0,14.35,1,high,vision_manual_keyframe_interpolation_v4_tail_corrected
e2711620-6d4e-4f9c-8922-b1b2d1fb74f2,614,manual_tail_interp_v4,125.0,175.2,38.0,28.6,144.0,189.5,62.5,87.6,19.0,14.3,62.5,87.6,19.0,14.3,1,high,vision_manual_keyframe_interpolation_v4_tail_corrected
e2711620-6d4e-4f9c-8922-b1b2d1fb74f2,615,manual_tail_interp_v4,124.5,175.0,38.0,28.5,143.5,189.25,62.25,87.5,19.0,14.25,62.25,87.5,19.0,14.25,1,high,vision_manual_keyframe_interpolation_v4_tail_corrected
e2711620-6d4e-4f9c-8922-b1b2d1fb74f2,616,manual_tail_interp_v4,124.0,174.8,38.0,28.4,143.0,189.0,62.0,87.4,19.0,14.2,62.0,87.4,19.0,14.2,1,high,vision_manual_keyframe_interpolation_v4_tail_corrected
e2711620-6d4e-4f9c-8922-b1b2d1fb74f2,617,manual_tail_interp_v4,123.5,174.6,38.0,28.3,142.5,188.75,61.75,87.3,19.0,14.15,61.75,87.3,19.0,14.15,1,high,vision_manual_keyframe_interpolation_v4_tail_corrected
e2711620-6d4e-4f9c-8922-b1b2d1fb74f2,618,manual_tail_interp_v4,123.0,174.4,38.0,28.2,142.0,188.5,61.5,87.2,19.0,14.1,61.5,87.2,19.0,14.1,1,high,vision_manual_keyframe_interpolation_v4_tail_corrected
e2711620-6d4e-4f9c-8922-b1b2d1fb74f2,619,manual_tail_interp_v4,122.5,174.2,38.0,28.1,141.5,188.25,61.25,87.1,19.0,14.05,61.25,87.1,19.0,14.05,1,high,vision_manual_keyframe_interpolation_v4_tail_corrected
e2711620-6d4e-4f9c-8922-b1b2d1fb74f2,620,manual_tail_corrected_v4,122.0,174.0,38.0,28.0,141.0,188.0,61.0,87.0,19.0,14.0,61.0,87.0,19.0,14.0,1,high,vision_manual_keyframe_interpolation_v4_tail_corrected
e2711620-6d4e-4f9c-8922-b1b2d1fb74f2,621,manual_tail_interp_v4,121.7,174.1,38.0,28.0,140.7,188.1,60.85,87.05,19.0,14.0,60.85,87.05,19.0,14.0,1,high,vision_manual_keyframe_interpolation_v4_tail_corrected
e2711620-6d4e-4f9c-8922-b1b2d1fb74f2,622,manual_tail_interp_v4,121.4,174.2,38.0,28.0,140.4,188.2,60.7,87.1,19.0,14.0,60.7,87.1,19.0,14.0,1,high,vision_manual_keyframe_interpolation_v4_tail_corrected
e2711620-6d4e-4f9c-8922-b1b2d1fb74f2,623,manual_tail_interp_v4,121.1,174.3,38.0,28.0,140.1,188.3,60.55,87.15,19.0,14.0,60.55,87.15,19.0,14.0,1,high,vision_manual_keyframe_interpolation_v4_tail_corrected
e2711620-6d4e-4f9c-8922-b1b2d1fb74f2,624,manual_tail_interp_v4,120.8,174.4,38.0,28.0,139.8,188.4,60.4,87.2,19.0,14.0,60.4,87.2,19.0,14.0,1,high,vision_manual_keyframe_interpolation_v4_tail_corrected
e2711620-6d4e-4f9c-8922-b1b2d1fb74f2,625,manual_tail_interp_v4,120.5,174.5,38.0,28.0,139.5,188.5,60.25,87.25,19.0,14.0,60.25,87.25,19.0,14.0,1,high,vision_manual_keyframe_interpolation_v4_tail_corrected
e2711620-6d4e-4f9c-8922-b1b2d1fb74f2,626,manual_tail_interp_v4,120.2,174.6,38.0,28.0,139.2,188.6,60.1,87.3,19.0,14.0,60.1,87.3,19.0,14.0,1,high,vision_manual_keyframe_interpolation_v4_tail_corrected
e2711620-6d4e-4f9c-8922-b1b2d1fb74f2,627,manual_tail_interp_v4,119.9,174.7,38.0,28.0,138.9,188.7,59.95,87.35,19.0,14.0,59.95,87.35,19.0,14.0,1,high,vision_manual_keyframe_interpolation_v4_tail_corrected
e2711620-6d4e-4f9c-8922-b1b2d1fb74f2,628,manual_tail_interp_v4,119.6,174.8,38.0,28.0,138.6,188.8,59.8,87.4,19.0,14.0,59.8,87.4,19.0,14.0,1,high,vision_manual_keyframe_interpolation_v4_tail_corrected
e2711620-6d4e-4f9c-8922-b1b2d1fb74f2,629,manual_tail_interp_v4,119.3,174.9,38.0,28.0,138.3,188.9,59.65,87.45,19.0,14.0,59.65,87.45,19.0,14.0,1,high,vision_manual_keyframe_interpolation_v4_tail_corrected
e2711620-6d4e-4f9c-8922-b1b2d1fb74f2,630,manual_tail_interp_v4,119.0,175.0,38.0,28.0,138.0,189.0,59.5,87.5,19.0,14.0,59.5,87.5,19.0,14.0,1,high,vision_manual_keyframe_interpolation_v4_tail_corrected
e2711620-6d4e-4f9c-8922-b1b2d1fb74f2,631,manual_tail_interp_v4,118.7,175.1,38.0,28.0,137.7,189.1,59.35,87.55,19.0,14.0,59.35,87.55,19.0,14.0,1,high,vision_manual_keyframe_interpolation_v4_tail_corrected
e2711620-6d4e-4f9c-8922-b1b2d1fb74f2,632,manual_tail_interp_v4,118.4,175.2,38.0,28.0,137.4,189.2,59.2,87.6,19.0,14.0,59.2,87.6,19.0,14.0,1,high,vision_manual_keyframe_interpolation_v4_tail_corrected
e2711620-6d4e-4f9c-8922-b1b2d1fb74f2,633,manual_tail_interp_v4,118.1,175.3,38.0,28.0,137.1,189.3,59.05,87.65,19.0,14.0,59.05,87.65,19.0,14.0,1,high,vision_manual_keyframe_interpolation_v4_tail_corrected
e2711620-6d4e-4f9c-8922-b1b2d1fb74f2,634,manual_tail_interp_v4,117.8,175.4,38.0,28.0,136.8,189.4,58.9,87.7,19.0,14.0,58.9,87.7,19.0,14.0,1,high,vision_manual_keyframe_interpolation_v4_tail_corrected
e2711620-6d4e-4f9c-8922-b1b2d1fb74f2,635,manual_tail_interp_v4,117.5,175.5,38.0,28.0,136.5,189.5,58.75,87.75,19.0,14.0,58.75,87.75,19.0,14.0,1,high,vision_manual_keyframe_interpolation_v4_tail_corrected
e2711620-6d4e-4f9c-8922-b1b2d1fb74f2,636,manual_tail_interp_v4,117.2,175.6,38.0,28.0,136.2,189.6,58.6,87.8,19.0,14.0,58.6,87.8,19.0,14.0,1,high,vision_manual_keyframe_interpolation_v4_tail_corrected
e2711620-6d4e-4f9c-8922-b1b2d1fb74f2,637,manual_tail_interp_v4,116.9,175.7,38.0,28.0,135.9,189.7,58.45,87.85,19.0,14.0,58.45,87.85,19.0,14.0,1,high,vision_manual_keyframe_interpolation_v4_tail_corrected
e2711620-6d4e-4f9c-8922-b1b2d1fb74f2,638,manual_tail_interp_v4,116.6,175.8,38.0,28.0,135.6,189.8,58.3,87.9,19.0,14.0,58.3,87.9,19.0,14.0,1,high,vision_manual_keyframe_interpolation_v4_tail_corrected
e2711620-6d4e-4f9c-8922-b1b2d1fb74f2,639,manual_tail_interp_v4,116.3,175.9,38.0,28.0,135.3,189.9,58.15,87.95,19.0,14.0,58.15,87.95,19.0,14.0,1,high,vision_manual_keyframe_interpolation_v4_tail_corrected
e2711620-6d4e-4f9c-8922-b1b2d1fb74f2,640,manual_tail_corrected_v4,116.0,176.0,38.0,28.0,135.0,190.0,58.0,88.0,19.0,14.0,58.0,88.0,19.0,14.0,1,high,vision_manual_keyframe_interpolation_v4_tail_corrected
e2711620-6d4e-4f9c-8922-b1b2d1fb74f2,641,manual_tail_interp_v4,115.6,176.9,38.0,28.0,134.6,190.9,57.8,88.45,19.0,14.0,57.8,88.45,19.0,14.0,1,high,vision_manual_keyframe_interpolation_v4_tail_corrected
e2711620-6d4e-4f9c-8922-b1b2d1fb74f2,642,manual_tail_interp_v4,115.2,177.8,38.0,28.0,134.2,191.8,57.6,88.9,19.0,14.0,57.6,88.9,19.0,14.0,1,high,vision_manual_keyframe_interpolation_v4_tail_corrected
e2711620-6d4e-4f9c-8922-b1b2d1fb74f2,643,manual_tail_interp_v4,114.8,178.7,38.0,28.0,133.8,192.7,57.4,89.35,19.0,14.0,57.4,89.35,19.0,14.0,1,high,vision_manual_keyframe_interpolation_v4_tail_corrected
e2711620-6d4e-4f9c-8922-b1b2d1fb74f2,644,manual_tail_interp_v4,114.4,179.6,38.0,28.0,133.4,193.6,57.2,89.8,19.0,14.0,57.2,89.8,19.0,14.0,1,high,vision_manual_keyframe_interpolation_v4_tail_corrected
e2711620-6d4e-4f9c-8922-b1b2d1fb74f2,645,manual_tail_interp_v4,114.0,180.5,38.0,28.0,133.0,194.5,57.0,90.25,19.0,14.0,57.0,90.25,19.0,14.0,1,high,vision_manual_keyframe_interpolation_v4_tail_corrected
e2711620-6d4e-4f9c-8922-b1b2d1fb74f2,646,manual_tail_interp_v4,113.6,181.4,38.0,28.0,132.6,195.4,56.8,90.7,19.0,14.0,56.8,90.7,19.0,14.0,1,high,vision_manual_keyframe_interpolation_v4_tail_corrected
e2711620-6d4e-4f9c-8922-b1b2d1fb74f2,647,manual_tail_interp_v4,113.2,182.3,38.0,28.0,132.2,196.3,56.6,91.15,19.0,14.0,56.6,91.15,19.0,14.0,1,high,vision_manual_keyframe_interpolation_v4_tail_corrected
e2711620-6d4e-4f9c-8922-b1b2d1fb74f2,648,manual_tail_interp_v4,112.8,183.2,38.0,28.0,131.8,197.2,56.4,91.6,19.0,14.0,56.4,91.6,19.0,14.0,1,high,vision_manual_keyframe_interpolation_v4_tail_corrected
e2711620-6d4e-4f9c-8922-b1b2d1fb74f2,649,manual_tail_interp_v4,112.4,184.1,38.0,28.0,131.4,198.1,56.2,92.05,19.0,14.0,56.2,92.05,19.0,14.0,1,high,vision_manual_keyframe_interpolation_v4_tail_corrected
e2711620-6d4e-4f9c-8922-b1b2d1fb74f2,650,manual_tail_corrected_v4,112.0,185.0,38.0,28.0,131.0,199.0,56.0,92.5,19.0,14.0,56.0,92.5,19.0,14.0,1,high,vision_manual_keyframe_interpolation_v4_tail_corrected
e2711620-6d4e-4f9c-8922-b1b2d1fb74f2,651,manual_tail_interp_v4,110.7,185.9,37.8,27.8,129.6,199.8,55.35,92.95,18.9,13.9,55.35,92.95,18.9,13.9,1,high,vision_manual_keyframe_interpolation_v4_tail_corrected
e2711620-6d4e-4f9c-8922-b1b2d1fb74f2,652,manual_tail_interp_v4,109.4,186.8,37.6,27.6,128.2,200.6,54.7,93.4,18.8,13.8,54.7,93.4,18.8,13.8,1,high,vision_manual_keyframe_interpolation_v4_tail_corrected
e2711620-6d4e-4f9c-8922-b1b2d1fb74f2,653,manual_tail_interp_v4,108.1,187.7,37.4,27.4,126.8,201.4,54.05,93.85,18.7,13.7,54.05,93.85,18.7,13.7,1,high,vision_manual_keyframe_interpolation_v4_tail_corrected
e2711620-6d4e-4f9c-8922-b1b2d1fb74f2,654,manual_tail_interp_v4,106.8,188.6,37.2,27.2,125.4,202.2,53.4,94.3,18.6,13.6,53.4,94.3,18.6,13.6,1,high,vision_manual_keyframe_interpolation_v4_tail_corrected
e2711620-6d4e-4f9c-8922-b1b2d1fb74f2,655,manual_tail_interp_v4,105.5,189.5,37.0,27.0,124.0,203.0,52.75,94.75,18.5,13.5,52.75,94.75,18.5,13.5,1,high,vision_manual_keyframe_interpolation_v4_tail_corrected
e2711620-6d4e-4f9c-8922-b1b2d1fb74f2,656,manual_tail_interp_v4,104.2,190.4,36.8,26.8,122.6,203.8,52.1,95.2,18.4,13.4,52.1,95.2,18.4,13.4,1,high,vision_manual_keyframe_interpolation_v4_tail_corrected
e2711620-6d4e-4f9c-8922-b1b2d1fb74f2,657,manual_tail_interp_v4,102.9,191.3,36.6,26.6,121.2,204.6,51.45,95.65,18.3,13.3,51.45,95.65,18.3,13.3,1,high,vision_manual_keyframe_interpolation_v4_tail_corrected
e2711620-6d4e-4f9c-8922-b1b2d1fb74f2,658,manual_tail_interp_v4,101.6,192.2,36.4,26.4,119.8,205.4,50.8,96.1,18.2,13.2,50.8,96.1,18.2,13.2,1,high,vision_manual_keyframe_interpolation_v4_tail_corrected
e2711620-6d4e-4f9c-8922-b1b2d1fb74f2,659,manual_tail_interp_v4,100.3,193.1,36.2,26.2,118.4,206.2,50.15,96.55,18.1,13.1,50.15,96.55,18.1,13.1,1,high,vision_manual_keyframe_interpolation_v4_tail_corrected
e2711620-6d4e-4f9c-8922-b1b2d1fb74f2,660,manual_tail_corrected_v4,99.0,194.0,36.0,26.0,117.0,207.0,49.5,97.0,18.0,13.0,49.5,97.0,18.0,13.0,1,high,vision_manual_keyframe_interpolation_v4_tail_corrected
e2711620-6d4e-4f9c-8922-b1b2d1fb74f2,661,manual_tail_interp_v4,98.5,194.9,36.0,25.8,116.5,207.8,49.25,97.45,18.0,12.9,49.25,97.45,18.0,12.9,1,high,vision_manual_keyframe_interpolation_v4_tail_corrected
e2711620-6d4e-4f9c-8922-b1b2d1fb74f2,662,manual_tail_interp_v4,98.0,195.8,36.0,25.6,116.0,208.6,49.0,97.9,18.0,12.8,49.0,97.9,18.0,12.8,1,high,vision_manual_keyframe_interpolation_v4_tail_corrected
e2711620-6d4e-4f9c-8922-b1b2d1fb74f2,663,manual_tail_interp_v4,97.5,196.7,36.0,25.4,115.5,209.4,48.75,98.35,18.0,12.7,48.75,98.35,18.0,12.7,1,high,vision_manual_keyframe_interpolation_v4_tail_corrected
e2711620-6d4e-4f9c-8922-b1b2d1fb74f2,664,manual_tail_interp_v4,97.0,197.6,36.0,25.2,115.0,210.2,48.5,98.8,18.0,12.6,48.5,98.8,18.0,12.6,1,high,vision_manual_keyframe_interpolation_v4_tail_corrected
e2711620-6d4e-4f9c-8922-b1b2d1fb74f2,665,manual_tail_interp_v4,96.5,198.5,36.0,25.0,114.5,211.0,48.25,99.25,18.0,12.5,48.25,99.25,18.0,12.5,1,high,vision_manual_keyframe_interpolation_v4_tail_corrected
e2711620-6d4e-4f9c-8922-b1b2d1fb74f2,666,manual_tail_interp_v4,96.0,199.4,36.0,24.8,114.0,211.8,48.0,99.7,18.0,12.4,48.0,99.7,18.0,12.4,1,high,vision_manual_keyframe_interpolation_v4_tail_corrected
e2711620-6d4e-4f9c-8922-b1b2d1fb74f2,667,manual_tail_interp_v4,95.5,200.3,36.0,24.6,113.5,212.6,47.75,100.15,18.0,12.3,47.75,100.15,18.0,12.3,1,high,vision_manual_keyframe_interpolation_v4_tail_corrected
e2711620-6d4e-4f9c-8922-b1b2d1fb74f2,668,manual_tail_interp_v4,95.0,201.2,36.0,24.4,113.0,213.4,47.5,100.6,18.0,12.2,47.5,100.6,18.0,12.2,1,high,vision_manual_keyframe_interpolation_v4_tail_corrected
e2711620-6d4e-4f9c-8922-b1b2d1fb74f2,669,manual_tail_interp_v4,94.5,202.1,36.0,24.2,112.5,214.2,47.25,101.05,18.0,12.1,47.25,101.05,18.0,12.1,1,high,vision_manual_keyframe_interpolation_v4_tail_corrected
e2711620-6d4e-4f9c-8922-b1b2d1fb74f2,670,manual_tail_corrected_v4,94.0,203.0,36.0,24.0,112.0,215.0,47.0,101.5,18.0,12.0,47.0,101.5,18.0,12.0,1,high,vision_manual_keyframe_interpolation_v4_tail_corrected
e2711620-6d4e-4f9c-8922-b1b2d1fb74f2,671,manual_tail_interp_v4,93.1,203.3,36.0,24.0,111.1,215.3,46.55,101.65,18.0,12.0,46.55,101.65,18.0,12.0,1,high,vision_manual_keyframe_interpolation_v4_tail_corrected
e2711620-6d4e-4f9c-8922-b1b2d1fb74f2,672,manual_tail_interp_v4,92.2,203.6,36.0,24.0,110.2,215.6,46.1,101.8,18.0,12.0,46.1,101.8,18.0,12.0,1,high,vision_manual_keyframe_interpolation_v4_tail_corrected
e2711620-6d4e-4f9c-8922-b1b2d1fb74f2,673,manual_tail_interp_v4,91.3,203.9,36.0,24.0,109.3,215.9,45.65,101.95,18.0,12.0,45.65,101.95,18.0,12.0,1,high,vision_manual_keyframe_interpolation_v4_tail_corrected
e2711620-6d4e-4f9c-8922-b1b2d1fb74f2,674,manual_tail_interp_v4,90.4,204.2,36.0,24.0,108.4,216.2,45.2,102.1,18.0,12.0,45.2,102.1,18.0,12.0,1,high,vision_manual_keyframe_interpolation_v4_tail_corrected
e2711620-6d4e-4f9c-8922-b1b2d1fb74f2,675,manual_tail_interp_v4,89.5,204.5,36.0,24.0,107.5,216.5,44.75,102.25,18.0,12.0,44.75,102.25,18.0,12.0,1,high,vision_manual_keyframe_interpolation_v4_tail_corrected
e2711620-6d4e-4f9c-8922-b1b2d1fb74f2,676,manual_tail_interp_v4,88.6,204.8,36.0,24.0,106.6,216.8,44.3,102.4,18.0,12.0,44.3,102.4,18.0,12.0,1,medium_high,vision_manual_keyframe_interpolation_v4_tail_corrected
e2711620-6d4e-4f9c-8922-b1b2d1fb74f2,677,manual_tail_interp_v4,87.7,205.1,36.0,24.0,105.7,217.1,43.85,102.55,18.0,12.0,43.85,102.55,18.0,12.0,1,medium_high,vision_manual_keyframe_interpolation_v4_tail_corrected
e2711620-6d4e-4f9c-8922-b1b2d1fb74f2,678,manual_tail_interp_v4,86.8,205.4,36.0,24.0,104.8,217.4,43.4,102.7,18.0,12.0,43.4,102.7,18.0,12.0,1,medium_high,vision_manual_keyframe_interpolation_v4_tail_corrected
e2711620-6d4e-4f9c-8922-b1b2d1fb74f2,679,manual_tail_interp_v4,85.9,205.7,36.0,24.0,103.9,217.7,42.95,102.85,18.0,12.0,42.95,102.85,18.0,12.0,1,medium_high,vision_manual_keyframe_interpolation_v4_tail_corrected
e2711620-6d4e-4f9c-8922-b1b2d1fb74f2,680,manual_tail_corrected_v4,85.0,206.0,36.0,24.0,103.0,218.0,42.5,103.0,18.0,12.0,42.5,103.0,18.0,12.0,1,medium_high,vision_manual_keyframe_interpolation_v4_tail_corrected
e2711620-6d4e-4f9c-8922-b1b2d1fb74f2,681,manual_tail_interp_v4,84.9,206.7,36.0,24.0,102.9,218.7,42.45,103.35,18.0,12.0,42.45,103.35,18.0,12.0,1,medium_high,vision_manual_keyframe_interpolation_v4_tail_corrected
e2711620-6d4e-4f9c-8922-b1b2d1fb74f2,682,manual_tail_interp_v4,84.8,207.4,36.0,24.0,102.8,219.4,42.4,103.7,18.0,12.0,42.4,103.7,18.0,12.0,1,medium_high,vision_manual_keyframe_interpolation_v4_tail_corrected
e2711620-6d4e-4f9c-8922-b1b2d1fb74f2,683,manual_tail_interp_v4,84.7,208.1,36.0,24.0,102.7,220.1,42.35,104.05,18.0,12.0,42.35,104.05,18.0,12.0,1,medium_high,vision_manual_keyframe_interpolation_v4_tail_corrected
e2711620-6d4e-4f9c-8922-b1b2d1fb74f2,684,manual_tail_interp_v4,84.6,208.8,36.0,24.0,102.6,220.8,42.3,104.4,18.0,12.0,42.3,104.4,18.0,12.0,1,medium_high,vision_manual_keyframe_interpolation_v4_tail_corrected
e2711620-6d4e-4f9c-8922-b1b2d1fb74f2,685,manual_tail_interp_v4,84.5,209.5,36.0,24.0,102.5,221.5,42.25,104.75,18.0,12.0,42.25,104.75,18.0,12.0,1,medium_high,vision_manual_keyframe_interpolation_v4_tail_corrected
e2711620-6d4e-4f9c-8922-b1b2d1fb74f2,686,manual_tail_interp_v4,84.4,210.2,36.0,24.0,102.4,222.2,42.2,105.1,18.0,12.0,42.2,105.1,18.0,12.0,1,medium_high,vision_manual_keyframe_interpolation_v4_tail_corrected
e2711620-6d4e-4f9c-8922-b1b2d1fb74f2,687,manual_tail_interp_v4,84.3,210.9,36.0,24.0,102.3,222.9,42.15,105.45,18.0,12.0,42.15,105.45,18.0,12.0,1,medium_high,vision_manual_keyframe_interpolation_v4_tail_corrected
e2711620-6d4e-4f9c-8922-b1b2d1fb74f2,688,manual_tail_interp_v4,84.2,211.6,36.0,24.0,102.2,223.6,42.1,105.8,18.0,12.0,42.1,105.8,18.0,12.0,1,medium_high,vision_manual_keyframe_interpolation_v4_tail_corrected
e2711620-6d4e-4f9c-8922-b1b2d1fb74f2,689,manual_tail_interp_v4,84.1,212.3,36.0,24.0,102.1,224.3,42.05,106.15,18.0,12.0,42.05,106.15,18.0,12.0,1,medium_high,vision_manual_keyframe_interpolation_v4_tail_corrected
e2711620-6d4e-4f9c-8922-b1b2d1fb74f2,690,manual_tail_corrected_v4,84.0,213.0,36.0,24.0,102.0,225.0,42.0,106.5,18.0,12.0,42.0,106.5,18.0,12.0,1,medium_high,vision_manual_keyframe_interpolation_v4_tail_corrected
e2711620-6d4e-4f9c-8922-b1b2d1fb74f2,691,manual_tail_interp_v4,84.12,213.5,36.0,24.0,102.12,225.5,42.06,106.75,18.0,12.0,42.06,106.75,18.0,12.0,1,medium_high,vision_manual_keyframe_interpolation_v4_tail_corrected
e2711620-6d4e-4f9c-8922-b1b2d1fb74f2,692,manual_tail_interp_v4,84.25,214.0,36.0,24.0,102.25,226.0,42.12,107.0,18.0,12.0,42.12,107.0,18.0,12.0,1,medium_high,vision_manual_keyframe_interpolation_v4_tail_corrected
e2711620-6d4e-4f9c-8922-b1b2d1fb74f2,693,manual_tail_interp_v4,84.38,214.5,36.0,24.0,102.38,226.5,42.19,107.25,18.0,12.0,42.19,107.25,18.0,12.0,1,medium_high,vision_manual_keyframe_interpolation_v4_tail_corrected
e2711620-6d4e-4f9c-8922-b1b2d1fb74f2,694,manual_tail_interp_v4,84.5,215.0,36.0,24.0,102.5,227.0,42.25,107.5,18.0,12.0,42.25,107.5,18.0,12.0,1,medium_high,vision_manual_keyframe_interpolation_v4_tail_corrected
e2711620-6d4e-4f9c-8922-b1b2d1fb74f2,695,manual_tail_interp_v4,84.62,215.5,36.0,24.0,102.62,227.5,42.31,107.75,18.0,12.0,42.31,107.75,18.0,12.0,1,medium_high,vision_manual_keyframe_interpolation_v4_tail_corrected
e2711620-6d4e-4f9c-8922-b1b2d1fb74f2,696,manual_tail_interp_v4,84.75,216.0,36.0,24.0,102.75,228.0,42.38,108.0,18.0,12.0,42.38,108.0,18.0,12.0,1,medium_high,vision_manual_keyframe_interpolation_v4_tail_corrected
e2711620-6d4e-4f9c-8922-b1b2d1fb74f2,697,manual_tail_interp_v4,84.88,216.5,36.0,24.0,102.88,228.5,42.44,108.25,18.0,12.0,42.44,108.25,18.0,12.0,1,medium_high,vision_manual_keyframe_interpolation_v4_tail_corrected
e2711620-6d4e-4f9c-8922-b1b2d1fb74f2,698,manual_tail_corrected_v4,85.0,217.0,36,24,103,229,42.5,108.5,18.0,12.0,42.5,108.5,18.0,12.0,1,medium_high,vision_manual_keyframe_interpolation_v4_tail_corrected
