model,frame,fold,confidence,rank,score,strict_hit,loose_hit,oracle_hit,dist_px,x,y,w,h,source
baseline_verified_score,1,,high,1,-8.639989,False,False,True,26.127,80,101,14,14,large_dark
baseline_verified_score,2,,high,1,10.109934,False,False,True,26.012,80,102,14,14,large_dark
baseline_verified_score,3,,high,1,14.205885,False,False,True,25.681,80,102,14,14,large_dark
baseline_verified_score,4,,high,1,18.330706,False,False,True,25.357,80,102,14,14,large_dark
baseline_verified_score,5,,high,1,22.486011,False,False,True,25.034,80,102,14,14,large_dark
baseline_verified_score,6,,high,1,26.605637,False,False,True,24.718,80,102,14,14,large_dark
baseline_verified_score,7,,high,1,30.725462,False,False,True,24.736,80,103,14,14,large_dark
baseline_verified_score,8,,high,1,34.67915,False,False,True,24.817,80,104,14,14,large_dark
baseline_verified_score,9,,high,1,38.720692,False,False,True,24.543,80,104,14,14,large_dark
baseline_verified_score,10,,high,1,41.341169,False,False,True,17.002,74,88,14,14,hybrid_coast
baseline_verified_score,11,,high,1,40.034355,False,False,True,24.004,80,104,14,14,large_dark
baseline_verified_score,12,,high,1,39.974697,False,False,True,23.747,80,104,14,14,large_dark
baseline_verified_score,13,,high,1,39.322971,False,False,True,24.486,80,106,14,14,large_dark
baseline_verified_score,14,,high,1,39.100434,False,False,True,24.271,80,106,14,14,large_dark
baseline_verified_score,15,,high,1,38.989619,False,False,True,24.063,80,106,14,14,large_dark
baseline_verified_score,16,,high,1,38.875896,False,False,True,23.856,80,106,14,14,large_dark
baseline_verified_score,17,,high,1,38.699062,False,False,True,24.26,80,107,14,14,large_dark
baseline_verified_score,18,,high,1,38.362538,False,False,True,24.719,80,108,14,14,large_dark
baseline_verified_score,19,,high,1,31.374608,True,True,True,2.72,64,93,14,14,large_dark
baseline_verified_score,20,,high,1,37.504889,False,False,True,24.418,80,108,14,14,large_dark
baseline_verified_score,21,,high,1,33.941354,True,True,True,2.398,64,93,14,14,large_dark
baseline_verified_score,22,,high,1,34.723844,True,True,True,2.394,65,92,14,14,large_dark
baseline_verified_score,23,,high,1,37.732599,True,True,True,3.03,66,92,14,14,large_dark
baseline_verified_score,24,,high,1,39.174485,True,True,True,2.843,66,92,14,14,large_dark
baseline_verified_score,25,,high,1,42.497307,True,True,True,2.078,66,91,14,14,large_dark
baseline_verified_score,26,,high,1,45.092234,True,True,True,1.947,66,91,14,14,large_dark
baseline_verified_score,27,,high,1,45.469104,True,True,True,1.973,66,91,14,14,large_dark
baseline_verified_score,28,,high,1,45.650442,True,True,True,1.78,67,90,14,14,large_dark
baseline_verified_score,29,,high,1,45.250767,True,True,True,3.549,67,92,14,14,large_dark
baseline_verified_score,30,,high,1,49.666557,True,True,True,4.039,68,92,14,14,large_dark
baseline_verified_score,31,,high,1,49.765849,True,True,True,4.213,68,92,14,14,large_dark
baseline_verified_score,32,,high,1,49.36928,True,True,True,3.453,68,91,14,14,large_dark
baseline_verified_score,33,,high,1,49.168147,True,True,True,3.894,69,91,14,14,large_dark
baseline_verified_score,34,,high,1,48.844858,True,True,True,4.11,69,91,14,14,large_dark
baseline_verified_score,35,,high,1,48.847953,True,True,True,3.604,70,90,14,14,large_dark
baseline_verified_score,36,,high,1,48.915023,True,True,True,3.785,70,90,14,14,large_dark
baseline_verified_score,37,,high,1,49.501496,True,True,True,4.045,70,90,14,14,large_dark
baseline_verified_score,38,,high,1,51.043639,True,True,True,4.351,70,90,14,14,large_dark
baseline_verified_score,39,,high,1,51.85714,True,True,True,4.702,70,90,14,14,large_dark
baseline_verified_score,40,,high,1,52.478617,True,True,True,5.0,71,90,14,14,large_dark
baseline_verified_score,41,,high,1,53.198577,True,True,True,5.162,71,90,14,14,large_dark
baseline_verified_score,42,,high,1,54.036601,True,True,True,5.217,72,90,14,14,large_dark
baseline_verified_score,43,,high,1,54.764088,True,True,True,4.681,72,89,14,14,large_dark
baseline_verified_score,44,,high,1,55.209177,True,True,True,5.28,72,89,14,14,large_dark
baseline_verified_score,45,,high,1,55.867706,True,True,True,5.349,72,88,14,14,large_dark
baseline_verified_score,46,,high,1,56.169072,True,True,True,6.243,72,88,14,14,large_dark
baseline_verified_score,47,,high,1,56.213551,True,True,True,6.764,72,87,14,14,large_dark
baseline_verified_score,48,,high,1,55.731601,True,True,True,7.247,73,88,14,14,large_dark
baseline_verified_score,49,,high,1,56.069537,False,True,False,8.212,73,88,14,14,large_dark
baseline_verified_score,50,,high,1,56.005024,False,True,True,8.631,73,86,14,14,large_dark
baseline_verified_score,51,,high,1,55.98875,False,True,True,9.671,73,86,14,14,large_dark
baseline_verified_score,52,,high,1,56.229044,False,True,True,9.732,74,86,14,14,large_dark
baseline_verified_score,53,,high,1,56.751464,False,True,True,10.675,74,85,14,14,large_dark
baseline_verified_score,54,,high,1,57.182288,False,True,True,11.721,74,85,14,14,large_dark
baseline_verified_score,55,,high,1,57.801947,False,True,True,12.758,74,84,14,14,large_dark
baseline_verified_score,56,,high,1,58.275888,False,True,True,13.801,74,84,14,14,large_dark
baseline_verified_score,57,,high,1,59.864021,False,True,True,14.846,74,84,14,14,large_dark
baseline_verified_score,58,,high,1,60.968113,False,True,True,14.9,75,84,14,14,large_dark
baseline_verified_score,59,,high,1,62.402017,False,True,True,15.955,75,84,14,14,large_dark
baseline_verified_score,60,,high,1,63.695917,False,False,True,16.031,76,83,14,14,large_dark
baseline_verified_score,61,,high,1,65.120864,False,True,True,15.44,76,83,14,14,large_dark
baseline_verified_score,62,,high,1,66.611712,False,True,True,14.948,76,82,14,14,large_dark
baseline_verified_score,63,,high,1,67.837995,False,True,True,14.791,76,80,14,14,large_dark
baseline_verified_score,64,,high,1,68.860519,False,True,True,14.234,76,80,14,14,large_dark
baseline_verified_score,65,,high,1,69.611397,False,True,True,13.197,76,82,14,14,large_dark
baseline_verified_score,66,,high,1,70.68369,False,True,True,12.612,76,82,14,14,large_dark
baseline_verified_score,67,,high,1,71.688555,False,True,True,11.047,77,82,14,14,large_dark
baseline_verified_score,68,,high,1,72.569181,False,True,True,9.508,78,82,14,14,large_dark
baseline_verified_score,69,,high,1,73.544699,False,True,True,8.948,78,82,14,14,large_dark
baseline_verified_score,70,,high,1,74.54032,False,True,True,8.732,78,81,14,14,large_dark
baseline_verified_score,71,,high,1,75.072352,False,True,True,8.201,78,81,14,14,large_dark
baseline_verified_score,72,,high,1,76.008098,True,True,True,7.694,78,81,14,14,large_dark
baseline_verified_score,73,,high,1,77.169217,True,True,True,7.757,78,80,14,14,large_dark
baseline_verified_score,74,,high,1,78.330321,True,True,True,7.311,78,80,14,14,large_dark
baseline_verified_score,75,,high,1,78.764755,True,True,True,6.896,78,80,14,14,large_dark
baseline_verified_score,76,,high,1,79.151202,True,True,True,6.512,78,80,14,14,large_dark
baseline_verified_score,77,,high,1,79.692472,True,True,True,6.161,78,80,14,14,large_dark
baseline_verified_score,78,,high,1,80.008299,True,True,True,5.852,78,80,14,14,large_dark
baseline_verified_score,79,,high,1,79.998048,True,True,True,5.593,78,80,14,14,large_dark
baseline_verified_score,80,,high,1,80.096624,True,True,True,5.099,79,80,14,14,large_dark
baseline_verified_score,81,,high,1,80.031955,True,True,True,5.113,79,80,14,14,large_dark
baseline_verified_score,82,,high,1,80.006763,True,True,True,5.13,79,80,14,14,large_dark
baseline_verified_score,83,,high,1,80.288296,True,True,True,5.145,79,80,14,14,large_dark
baseline_verified_score,84,,high,1,80.401982,True,True,True,5.162,79,80,14,14,large_dark
baseline_verified_score,85,,high,1,80.666247,True,True,True,5.179,79,80,14,14,large_dark
baseline_verified_score,86,,high,1,80.744938,True,True,True,5.197,79,80,14,14,large_dark
baseline_verified_score,87,,high,1,81.002181,True,True,True,4.226,79,81,14,14,large_dark
baseline_verified_score,88,,high,1,81.056094,True,True,True,4.219,80,81,14,14,large_dark
baseline_verified_score,89,,high,1,81.139027,True,True,True,4.248,80,81,14,14,large_dark
baseline_verified_score,90,,high,1,81.153732,True,True,True,4.279,80,81,14,14,large_dark
baseline_verified_score,91,,high,1,80.958659,True,True,True,4.311,80,81,14,14,large_dark
baseline_verified_score,92,,high,1,80.923935,True,True,True,3.324,79,82,14,14,large_dark
baseline_verified_score,93,,high,1,80.818082,True,True,True,3.343,79,82,14,14,large_dark
baseline_verified_score,94,,high,1,80.523233,True,True,True,3.363,79,82,14,14,large_dark
baseline_verified_score,95,,high,1,80.358255,True,True,True,3.385,79,82,14,14,large_dark
baseline_verified_score,96,,high,1,79.998305,True,True,True,3.406,79,82,14,14,large_dark
baseline_verified_score,97,,high,1,79.821128,True,True,True,3.429,79,82,14,14,large_dark
baseline_verified_score,98,,high,1,79.377057,True,True,True,4.451,79,81,14,14,large_dark
baseline_verified_score,99,,high,1,79.139417,True,True,True,4.475,79,81,14,14,large_dark
baseline_verified_score,100,,high,1,78.365344,True,True,True,3.64,78,82,14,14,large_dark
baseline_verified_score,101,,high,1,77.992009,True,True,True,3.59,78,82,14,14,large_dark
baseline_verified_score,102,,high,1,77.971453,True,True,True,3.553,78,82,14,14,large_dark
baseline_verified_score,103,,high,1,77.974174,True,True,True,2.543,78,83,14,14,large_dark
baseline_verified_score,104,,high,1,77.610583,True,True,True,2.5,78,83,14,14,large_dark
baseline_verified_score,105,,high,1,77.454891,True,True,True,3.436,78,82,14,14,large_dark
baseline_verified_score,106,,high,1,77.093012,True,True,True,3.395,78,82,14,14,large_dark
baseline_verified_score,107,,high,1,77.148911,True,True,True,3.363,78,82,14,14,large_dark
baseline_verified_score,108,,high,1,76.769879,True,True,True,3.324,78,82,14,14,large_dark
baseline_verified_score,109,,high,1,76.892297,True,True,True,3.297,78,82,14,14,large_dark
baseline_verified_score,110,,high,1,76.354103,True,True,True,2.574,77,83,14,14,large_dark
baseline_verified_score,111,,high,1,75.870464,True,True,True,2.509,77,83,14,14,large_dark
baseline_verified_score,112,,high,1,73.327753,True,True,True,2.419,76,84,14,14,large_dark
baseline_verified_score,113,,high,1,72.312055,True,True,True,2.343,76,84,14,14,large_dark
baseline_verified_score,114,,high,1,71.57209,True,True,True,2.264,76,84,14,14,large_dark
baseline_verified_score,115,,high,1,71.331157,True,True,True,2.188,76,84,14,14,large_dark
baseline_verified_score,116,,high,1,70.783788,True,True,True,2.11,76,84,14,14,large_dark
baseline_verified_score,117,,high,1,69.658341,True,True,True,2.031,76,84,14,14,large_dark
baseline_verified_score,118,,high,1,66.098677,True,True,True,2.85,75,84,14,14,large_dark
baseline_verified_score,119,,high,1,65.35425,True,True,True,2.778,75,84,14,14,large_dark
baseline_verified_score,120,,high,1,62.745477,True,True,True,2.693,75,84,14,14,large_dark
baseline_verified_score,121,,high,1,62.410201,True,True,True,2.654,75,84,14,14,large_dark
baseline_verified_score,122,,high,1,58.395358,True,True,True,3.578,74,84,14,14,large_dark
baseline_verified_score,123,,high,1,51.45705,True,True,True,4.744,80,94,4,4,hybrid_coast
baseline_verified_score,124,,high,1,46.101722,True,True,True,6.555,80,96,4,4,hybrid_coast
baseline_verified_score,125,,high,1,42.090511,False,True,True,9.342,87,98,4,4,hybrid_coast
baseline_verified_score,126,,high,1,38.222421,False,True,True,12.134,89,100,4,4,hybrid_coast
baseline_verified_score,127,,high,1,32.374674,False,False,True,17.568,95,102,4,4,hybrid_coast
baseline_verified_score,128,,high,1,34.676455,False,False,True,52.524,118,118,14,14,large_dark
baseline_verified_score,129,,high,1,21.728293,False,False,True,32.984,111,106,4,4,hybrid_coast
baseline_verified_score,130,,high,1,36.199944,False,False,True,54.158,120,118,14,14,large_dark
baseline_verified_score,131,,high,1,26.264661,False,False,True,77.786,6,116,14,14,large_dark
baseline_verified_score,132,,high,1,38.871645,False,False,True,52.541,122,124,4,4,hybrid_coast
baseline_verified_score,133,,high,1,37.193675,False,False,True,59.464,130,125,4,4,hybrid_coast
baseline_verified_score,134,,high,1,29.179917,False,False,True,51.054,118,126,4,4,hybrid_coast
baseline_verified_score,135,,high,1,39.076196,False,False,True,58.96,126,129,4,4,hybrid_coast
baseline_verified_score,136,,high,1,33.487419,False,False,True,67.093,133,135,1,4,hybrid_coast
baseline_verified_score,137,,high,1,32.308163,False,False,True,67.802,133,136,1,4,hybrid_coast
baseline_verified_score,138,,high,1,31.986255,False,False,True,66.491,133,134,1,4,hybrid_coast
baseline_verified_score,139,,high,1,20.480764,False,False,True,83.663,133,157,1,4,hybrid_coast
baseline_verified_score,140,,high,1,23.679497,False,False,True,72.237,13,118,14,14,large_dark
baseline_verified_score,141,,high,1,18.542662,False,False,True,90.233,124,170,1,4,hybrid_coast
baseline_verified_score,142,,high,1,18.654773,False,False,True,41.606,40,103,12,12,map
baseline_verified_score,143,,high,1,28.094144,False,False,True,33.063,46,97,14,14,large_dark
baseline_verified_score,144,,high,1,21.043654,False,True,True,9.405,67,84,14,14,large_dark
baseline_verified_score,145,,high,1,27.275175,False,False,True,32.825,46,97,14,14,large_dark
baseline_verified_score,146,,high,1,45.963371,False,True,True,10.259,66,86,14,14,large_dark
baseline_verified_score,147,,high,1,52.817424,False,True,True,9.029,67,83,14,14,large_dark
baseline_verified_score,148,,high,1,59.478453,False,True,True,9.047,67,82,14,14,large_dark
baseline_verified_score,149,,high,1,63.526646,False,True,True,8.896,67,82,14,14,large_dark
baseline_verified_score,150,,high,1,69.139349,False,True,True,8.732,67,82,14,14,large_dark
baseline_verified_score,151,,high,1,79.206158,False,True,True,8.569,67,82,14,14,large_dark
baseline_verified_score,152,,high,1,79.628519,False,True,True,8.417,67,82,14,14,large_dark
baseline_verified_score,153,,high,1,78.172467,False,True,True,9.118,66,85,14,14,large_dark
baseline_verified_score,154,,high,1,79.622675,False,True,True,8.981,66,85,14,14,large_dark
baseline_verified_score,155,,high,1,80.063141,False,True,True,8.758,66,84,14,14,large_dark
baseline_verified_score,156,,high,1,81.226942,False,True,True,8.605,66,84,14,14,large_dark
baseline_verified_score,157,,high,1,75.519746,False,True,True,8.462,66,84,14,14,hybrid_coast
baseline_verified_score,158,,high,1,76.063093,True,True,True,7.311,67,84,14,14,large_dark
baseline_verified_score,159,,high,1,76.446435,True,True,True,7.169,67,84,14,14,large_dark
baseline_verified_score,160,,high,1,75.547318,True,True,True,6.946,68,80,14,14,large_dark
baseline_verified_score,161,,high,1,75.381602,True,True,True,6.961,68,80,14,14,large_dark
baseline_verified_score,162,,high,1,72.928103,True,True,True,6.402,68,83,14,14,large_dark
baseline_verified_score,163,,high,1,65.800152,False,True,True,8.157,72,83,5,5,hybrid_coast
baseline_verified_score,164,,high,1,60.049144,False,True,True,8.682,72,82,5,5,hybrid_coast
baseline_verified_score,165,,high,1,55.231338,True,True,True,7.147,69,78,14,14,large_dark
baseline_verified_score,166,,high,1,61.007151,True,True,True,7.144,69,78,14,14,large_dark
baseline_verified_score,167,,high,1,60.807946,True,True,True,6.294,70,78,14,14,large_dark
baseline_verified_score,168,,high,1,60.450387,True,True,True,6.306,70,78,14,14,large_dark
baseline_verified_score,169,,high,1,60.339838,True,True,True,6.818,70,77,14,14,large_dark
baseline_verified_score,170,,high,1,52.239215,False,True,True,9.89,71,82,5,5,hybrid_coast
baseline_verified_score,171,,high,1,48.814988,False,True,True,10.966,70,82,5,5,hybrid_coast
baseline_verified_score,172,,high,1,50.354419,True,True,True,7.212,74,82,5,5,hybrid_coast
baseline_verified_score,173,,high,1,50.68711,True,True,True,7.314,74,82,5,5,hybrid_coast
baseline_verified_score,174,,high,1,52.165948,True,True,True,5.979,82,76,14,14,large_dark
baseline_verified_score,175,,high,1,54.059355,True,True,True,6.554,83,76,14,14,large_dark
baseline_verified_score,176,,high,1,55.052256,True,True,True,6.239,83,76,14,14,large_dark
baseline_verified_score,177,,high,1,49.131985,True,True,True,3.429,85,81,5,5,hybrid_coast
baseline_verified_score,178,,high,1,44.80107,True,True,True,3.12,85,81,5,5,hybrid_coast
baseline_verified_score,179,,high,1,72.742069,True,True,True,2.818,85,81,5,5,hybrid_coast
baseline_verified_score,180,,high,1,71.251535,True,True,True,7.616,85,74,14,14,large_dark
baseline_verified_score,181,,high,1,72.566295,True,True,True,7.433,85,74,14,14,large_dark
baseline_verified_score,182,,high,1,72.470867,False,True,True,8.176,86,74,14,14,large_dark
baseline_verified_score,183,,high,1,72.422129,True,True,True,7.989,86,74,14,14,large_dark
baseline_verified_score,184,,high,1,69.518638,False,True,True,8.186,86,73,14,14,large_dark
baseline_verified_score,185,,high,1,66.969822,False,True,True,8.002,86,73,14,14,large_dark
baseline_verified_score,186,,high,1,73.630797,True,True,True,7.808,86,73,14,14,large_dark
baseline_verified_score,187,,high,1,79.208149,False,True,True,8.952,87,72,14,14,large_dark
baseline_verified_score,188,,high,1,84.625254,False,True,True,8.766,87,72,14,14,large_dark
baseline_verified_score,189,,high,1,77.360373,False,True,True,8.861,90,74,5,5,hybrid_coast
baseline_verified_score,190,,high,1,74.963235,False,True,True,9.29,88,72,14,14,large_dark
baseline_verified_score,191,,high,1,74.426461,False,True,True,9.098,88,72,14,14,large_dark
baseline_verified_score,192,,high,1,67.753975,True,True,True,5.576,89,77,5,5,hybrid_coast
baseline_verified_score,193,,high,1,62.950139,True,True,True,3.994,76,76,14,14,large_dark
baseline_verified_score,194,,high,1,62.936956,True,True,True,4.168,76,76,14,14,large_dark
baseline_verified_score,195,,high,1,56.402712,True,True,True,5.327,75,76,14,14,hybrid_coast
baseline_verified_score,196,,high,1,51.88277,False,True,True,8.588,88,71,14,14,large_dark
baseline_verified_score,197,,high,1,50.398565,True,True,True,4.547,76,75,14,14,large_dark
baseline_verified_score,198,,high,1,59.508921,True,True,True,4.707,76,75,14,14,large_dark
baseline_verified_score,199,,high,1,66.382705,True,True,True,4.869,76,75,14,14,large_dark
baseline_verified_score,200,,high,1,72.561198,True,True,True,5.025,76,74,14,14,large_dark
baseline_verified_score,201,,high,1,72.931017,True,True,True,5.159,76,74,14,14,large_dark
baseline_verified_score,202,,high,1,74.332051,True,True,True,5.305,76,74,14,14,large_dark
baseline_verified_score,203,,high,1,76.243751,True,True,True,5.464,76,74,14,14,large_dark
baseline_verified_score,204,,high,1,77.380832,True,True,True,3.581,83,78,5,5,hybrid_coast
baseline_verified_score,205,,high,1,82.888288,True,True,True,4.585,77,75,14,14,large_dark
baseline_verified_score,206,,high,1,82.757108,True,True,True,4.742,77,75,14,14,large_dark
baseline_verified_score,207,,high,1,82.243211,True,True,True,4.91,77,75,14,14,large_dark
baseline_verified_score,208,,high,1,82.12349,True,True,True,5.092,77,75,14,14,large_dark
baseline_verified_score,209,,high,1,81.646668,True,True,True,5.281,77,75,14,14,large_dark
baseline_verified_score,210,,high,1,81.410711,True,True,True,5.154,77,76,14,14,large_dark
baseline_verified_score,211,,high,1,81.170758,True,True,True,5.325,77,76,14,14,large_dark
baseline_verified_score,212,,high,1,80.848445,True,True,True,5.503,77,76,14,14,large_dark
baseline_verified_score,213,,high,1,86.964509,True,True,True,5.694,77,76,14,14,large_dark
baseline_verified_score,214,,high,1,88.886773,True,True,True,6.818,76,76,14,14,large_dark
baseline_verified_score,215,,high,1,81.958591,False,True,True,9.246,78,81,5,5,hybrid_coast
baseline_verified_score,216,,high,1,75.21244,False,True,True,10.381,77,81,5,5,hybrid_coast
baseline_verified_score,217,,high,1,74.003981,True,True,True,7.043,76,77,14,14,large_dark
baseline_verified_score,218,,high,1,75.090717,True,True,True,7.228,76,77,14,14,large_dark
baseline_verified_score,219,,high,1,75.70943,True,True,True,7.111,76,78,14,14,large_dark
baseline_verified_score,220,,high,1,69.221698,True,True,True,6.708,78,78,12,12,map
baseline_verified_score,221,,high,1,63.091604,True,True,True,3.797,87,81,5,5,hybrid_coast
baseline_verified_score,222,,high,1,62.788297,True,True,True,7.262,76,78,14,14,large_dark
baseline_verified_score,223,,high,1,63.713662,True,True,True,7.276,76,78,14,14,large_dark
baseline_verified_score,224,,high,1,71.395761,True,True,True,6.926,76,79,14,14,large_dark
baseline_verified_score,225,,high,1,79.907533,True,True,True,6.639,76,80,14,14,large_dark
baseline_verified_score,226,,high,1,79.921722,True,True,True,6.609,76,80,14,14,large_dark
baseline_verified_score,227,,high,1,74.240696,True,True,True,4.504,83,84,5,5,hybrid_coast
baseline_verified_score,228,,high,1,68.15646,True,True,True,3.818,84,84,5,5,hybrid_coast
baseline_verified_score,229,,high,1,71.333879,True,True,True,7.247,75,81,14,14,large_dark
baseline_verified_score,230,,high,1,79.043294,False,True,True,8.035,74,82,14,14,large_dark
baseline_verified_score,231,,high,1,78.82834,True,True,True,7.971,74,82,14,14,large_dark
baseline_verified_score,232,,high,1,78.045085,True,True,True,7.908,74,82,14,14,large_dark
baseline_verified_score,233,,high,1,77.624978,True,True,True,7.864,74,82,14,14,large_dark
baseline_verified_score,234,,high,1,77.131876,True,True,True,7.647,74,83,14,14,large_dark
baseline_verified_score,235,,high,1,74.653462,True,True,True,7.703,75,80,14,14,large_dark
baseline_verified_score,236,,high,1,79.648592,True,True,True,7.767,75,80,14,14,large_dark
baseline_verified_score,237,,high,1,85.475821,True,True,True,7.326,74,84,14,14,large_dark
baseline_verified_score,238,,high,1,85.643634,True,True,True,7.262,74,84,14,14,large_dark
baseline_verified_score,239,,high,1,85.182687,False,True,True,8.187,73,84,14,14,large_dark
baseline_verified_score,240,,high,1,84.985383,False,True,True,8.139,73,84,14,14,large_dark
baseline_verified_score,241,,high,1,84.85227,True,True,True,7.812,73,84,14,14,large_dark
baseline_verified_score,242,,high,1,84.119613,False,True,True,8.36,72,85,14,14,large_dark
baseline_verified_score,243,,high,1,84.130428,False,True,True,8.032,72,85,14,14,large_dark
baseline_verified_score,244,,high,1,86.326283,True,True,True,7.706,72,85,14,14,large_dark
baseline_verified_score,245,,high,1,80.683018,True,True,True,6.38,73,85,14,14,hybrid_coast
baseline_verified_score,246,,high,1,75.790227,True,True,True,6.053,73,85,14,14,hybrid_coast
baseline_verified_score,247,,high,1,75.478448,True,True,True,6.778,72,86,14,14,large_dark
baseline_verified_score,248,,high,1,75.728566,True,True,True,6.463,72,86,14,14,large_dark
baseline_verified_score,249,,high,1,75.800186,True,True,True,6.15,72,86,14,14,large_dark
baseline_verified_score,250,,high,1,68.820282,True,True,True,7.267,75,90,5,5,hybrid_coast
baseline_verified_score,251,,high,1,62.873016,True,True,True,7.944,74,90,5,5,hybrid_coast
baseline_verified_score,252,,high,1,63.032946,True,True,True,6.198,71,86,14,14,large_dark
baseline_verified_score,253,,high,1,63.015751,True,True,True,5.889,71,86,14,14,large_dark
baseline_verified_score,254,,high,1,68.728647,True,True,True,6.561,70,86,14,14,large_dark
baseline_verified_score,255,,high,1,69.084469,True,True,True,2.905,78,88,5,5,map
baseline_verified_score,256,,high,1,63.185479,True,True,True,2.707,76,82,14,14,large_dark
baseline_verified_score,257,,high,1,61.914846,True,True,True,2.706,76,82,14,14,large_dark
baseline_verified_score,258,,high,1,60.254944,True,True,True,2.735,76,82,14,14,large_dark
baseline_verified_score,259,,high,1,66.244828,True,True,True,2.803,76,82,14,14,large_dark
baseline_verified_score,260,,high,1,67.726658,True,True,True,4.743,70,86,14,14,large_dark
baseline_verified_score,261,,high,1,66.301757,True,True,True,2.977,75,82,14,14,large_dark
baseline_verified_score,262,,high,1,65.624606,True,True,True,3.412,75,82,14,14,large_dark
baseline_verified_score,263,,high,1,65.485952,True,True,True,3.848,75,82,14,14,large_dark
baseline_verified_score,264,,high,1,71.733382,True,True,True,4.205,74,82,14,14,large_dark
baseline_verified_score,265,,high,1,73.279429,True,True,True,3.632,74,83,14,14,large_dark
baseline_verified_score,266,,high,1,74.200723,True,True,True,4.05,74,83,14,14,large_dark
baseline_verified_score,267,,high,1,76.331766,True,True,True,3.47,74,84,14,14,large_dark
baseline_verified_score,268,,high,1,77.205039,True,True,True,3.901,74,84,14,14,large_dark
baseline_verified_score,269,,high,1,84.199024,True,True,True,4.333,74,84,14,14,large_dark
baseline_verified_score,270,,high,1,85.165371,True,True,True,3.758,74,85,14,14,large_dark
baseline_verified_score,271,,high,1,85.20679,True,True,True,4.183,74,85,14,14,large_dark
baseline_verified_score,272,,high,1,87.000829,True,True,True,2.631,74,87,14,14,large_dark
baseline_verified_score,273,,high,1,86.481408,True,True,True,3.066,74,87,14,14,large_dark
baseline_verified_score,274,,high,1,86.236311,True,True,True,3.494,74,87,14,14,large_dark
baseline_verified_score,275,,high,1,85.453168,True,True,True,2.938,74,88,14,14,large_dark
baseline_verified_score,276,,high,1,84.378638,True,True,True,3.373,74,88,14,14,large_dark
baseline_verified_score,277,,high,1,83.500011,True,True,True,1.734,73,90,14,14,large_dark
baseline_verified_score,278,,high,1,81.69881,True,True,True,2.155,73,90,14,14,large_dark
baseline_verified_score,279,,high,1,80.33779,True,True,True,2.581,73,90,14,14,large_dark
baseline_verified_score,280,,high,1,79.102253,True,True,True,1.0,73,92,14,14,large_dark
baseline_verified_score,281,,medium_high,1,76.361954,True,True,True,1.609,73,92,14,14,large_dark
baseline_verified_score,282,,medium_high,1,73.794399,True,True,True,2.228,73,92,14,14,large_dark
baseline_verified_score,283,,medium_high,1,71.035716,True,True,True,2.85,73,92,14,14,large_dark
baseline_verified_score,284,,medium_high,1,68.818802,True,True,True,1.565,73,94,14,14,large_dark
baseline_verified_score,285,,medium_high,1,66.211622,True,True,True,1.325,73,95,14,14,large_dark
baseline_verified_score,286,,medium_high,1,62.560143,True,True,True,1.914,73,95,14,14,large_dark
baseline_verified_score,287,,medium_high,1,59.760698,True,True,True,0.305,72,97,14,14,large_dark
baseline_verified_score,288,,medium_high,1,56.493236,True,True,True,0.894,72,97,14,14,large_dark
baseline_verified_score,289,,medium_high,1,53.378871,True,True,True,1.698,72,100,14,14,large_dark
baseline_verified_score,290,,medium_high,1,51.396875,True,True,True,3.717,75,107,4,5,hybrid_coast
baseline_verified_score,291,,medium_high,1,49.65128,True,True,True,1.012,72,100,14,14,large_dark
baseline_verified_score,292,,medium_high,1,49.059107,True,True,True,2.11,72,102,14,14,large_dark
baseline_verified_score,293,,medium_high,1,47.452454,True,True,True,1.747,72,102,14,14,large_dark
baseline_verified_score,294,,medium_high,1,46.875723,True,True,True,2.977,72,104,14,14,large_dark
baseline_verified_score,295,,medium_high,1,46.634764,True,True,True,2.58,72,104,14,14,large_dark
baseline_verified_score,296,,medium_high,1,46.189217,True,True,True,3.0,72,105,14,14,large_dark
baseline_verified_score,297,,medium_high,1,46.69705,True,True,True,3.424,72,106,14,14,large_dark
baseline_verified_score,298,,medium_high,1,46.608799,True,True,True,3.076,72,106,14,14,large_dark
baseline_verified_score,299,,medium_high,1,47.06196,True,True,True,4.288,72,108,14,14,large_dark
baseline_verified_score,300,,medium_high,1,47.171165,True,True,True,4.717,72,109,14,14,large_dark
baseline_verified_score,301,,medium_high,1,46.191232,True,True,True,4.127,72,109,14,14,large_dark
baseline_verified_score,302,,medium_high,1,46.430554,True,True,True,4.373,72,110,14,14,large_dark
baseline_verified_score,303,,medium_high,1,46.106543,True,True,True,3.779,72,110,14,14,large_dark
baseline_verified_score,304,,medium_high,1,46.671948,True,True,True,4.924,72,112,14,14,large_dark
baseline_verified_score,305,,medium_high,1,47.566331,True,True,True,5.223,72,113,14,14,large_dark
baseline_verified_score,306,,medium_high,1,47.524375,True,True,True,4.596,72,113,14,14,large_dark
baseline_verified_score,307,,medium_high,1,48.358302,True,True,True,4.902,72,114,14,14,large_dark
baseline_verified_score,308,,medium_high,1,48.266605,True,True,True,4.272,72,114,14,14,large_dark
baseline_verified_score,309,,medium_high,1,48.686397,True,True,True,3.644,72,114,14,14,large_dark
baseline_verified_score,310,,medium_high,1,49.283679,True,True,True,4.912,72,116,14,14,large_dark
baseline_verified_score,311,,medium_high,1,49.711733,True,True,True,4.276,72,116,14,14,large_dark
baseline_verified_score,312,,medium_high,1,50.101863,True,True,True,4.61,72,117,14,14,large_dark
baseline_verified_score,313,,medium_high,1,50.03391,True,True,True,3.973,72,117,14,14,large_dark
baseline_verified_score,314,,medium_high,1,49.450744,True,True,True,2.264,71,116,14,14,large_dark
baseline_verified_score,315,,medium_high,1,48.742339,True,True,True,3.644,71,118,14,14,large_dark
baseline_verified_score,316,,medium_high,1,48.057219,True,True,True,3.041,71,118,14,14,large_dark
baseline_verified_score,317,,medium_high,1,47.951187,True,True,True,2.878,70,118,14,14,large_dark
baseline_verified_score,318,,medium_high,1,48.182699,False,False,True,49.433,120,127,14,14,large_dark
baseline_verified_score,319,,medium_high,1,47.916991,False,False,True,49.394,120,128,14,14,large_dark
baseline_verified_score,320,,medium_high,1,47.448483,True,True,True,2.062,70,118,14,14,large_dark
baseline_verified_score,321,,medium_high,1,47.27335,True,True,True,2.016,70,118,14,14,large_dark
baseline_verified_score,322,,medium_high,1,47.214505,True,True,True,2.344,70,119,14,14,large_dark
baseline_verified_score,323,,medium_high,1,47.395923,True,True,True,2.266,70,119,14,14,large_dark
baseline_verified_score,324,,medium_high,1,47.937036,True,True,True,2.832,70,120,14,14,large_dark
baseline_verified_score,325,,medium_high,1,47.962834,True,True,True,2.127,70,119,14,14,large_dark
baseline_verified_score,326,,medium_high,1,47.953027,True,True,True,2.057,70,119,14,14,large_dark
baseline_verified_score,327,,medium_high,1,47.994768,True,True,True,1.991,70,119,14,14,large_dark
baseline_verified_score,328,,medium_high,1,48.011515,True,True,True,1.931,70,119,14,14,large_dark
baseline_verified_score,329,,medium_high,1,48.052102,True,True,True,2.393,70,120,14,14,large_dark
baseline_verified_score,330,,medium_high,1,48.502964,True,True,True,2.305,70,120,14,14,large_dark
baseline_verified_score,331,,medium_high,1,48.867263,True,True,True,2.218,70,120,14,14,large_dark
baseline_verified_score,332,,medium_high,1,49.241196,True,True,True,2.14,70,120,14,14,large_dark
baseline_verified_score,333,,medium_high,1,49.84101,True,True,True,2.063,70,120,14,14,large_dark
baseline_verified_score,334,,medium_high,1,50.638639,True,True,True,1.653,70,119,14,14,large_dark
baseline_verified_score,335,,medium_high,1,51.382508,True,True,True,1.625,70,119,14,14,large_dark
baseline_verified_score,336,,medium_high,1,51.866631,True,True,True,1.603,70,119,14,14,large_dark
baseline_verified_score,337,,medium_high,1,52.439318,True,True,True,1.587,70,119,14,14,large_dark
baseline_verified_score,338,,medium_high,1,52.958564,True,True,True,1.579,70,119,14,14,large_dark
baseline_verified_score,339,,medium_high,1,53.242477,True,True,True,2.074,70,118,14,14,large_dark
baseline_verified_score,340,,medium_high,1,53.108182,True,True,True,2.121,70,118,14,14,large_dark
baseline_verified_score,341,,medium_high,1,52.786375,True,True,True,2.058,70,118,14,14,large_dark
baseline_verified_score,342,,medium_high,1,52.605853,True,True,True,2.011,70,118,14,14,large_dark
baseline_verified_score,343,,medium_high,1,52.022895,True,True,True,1.981,70,118,14,14,large_dark
baseline_verified_score,344,,medium_high,1,51.466049,True,True,True,1.97,70,118,14,14,large_dark
baseline_verified_score,345,,medium_high,1,50.97149,True,True,True,1.976,70,118,14,14,large_dark
baseline_verified_score,346,,medium_high,1,50.387557,True,True,True,2.001,70,118,14,14,large_dark
baseline_verified_score,347,,medium_high,1,49.78324,True,True,True,2.044,70,118,14,14,large_dark
baseline_verified_score,348,,medium_high,1,49.050697,True,True,True,2.102,70,118,14,14,large_dark
baseline_verified_score,349,,medium_high,1,49.137362,True,True,True,2.364,70,117,14,14,large_dark
baseline_verified_score,350,,medium_high,1,49.216717,True,True,True,2.372,70,117,14,14,large_dark
baseline_verified_score,351,,medium_high,1,49.15927,True,True,True,2.395,70,117,14,14,large_dark
baseline_verified_score,352,,medium_high,1,49.310616,True,True,True,2.778,70,116,14,14,large_dark
baseline_verified_score,353,,medium_high,1,49.288702,True,True,True,2.762,70,116,14,14,large_dark
baseline_verified_score,354,,medium_high,1,49.339201,True,True,True,2.758,70,116,14,14,large_dark
baseline_verified_score,355,,medium_high,1,49.320658,True,True,True,2.767,70,116,14,14,large_dark
baseline_verified_score,356,,medium_high,1,49.331691,True,True,True,2.789,70,116,14,14,large_dark
baseline_verified_score,357,,medium_high,1,49.50463,True,True,True,3.166,70,115,14,14,large_dark
baseline_verified_score,358,,medium_high,1,49.077584,True,True,True,3.154,70,115,14,14,large_dark
baseline_verified_score,359,,medium_high,1,49.171442,True,True,True,3.645,70,114,14,14,large_dark
baseline_verified_score,360,,medium_high,1,49.130047,True,True,True,3.606,70,114,14,14,large_dark
baseline_verified_score,361,,medium_high,1,48.892442,True,True,True,3.547,70,114,14,14,large_dark
baseline_verified_score,362,,medium_high,1,48.855048,True,True,True,3.495,70,114,14,14,large_dark
baseline_verified_score,363,,medium_high,1,48.678643,True,True,True,3.436,70,114,14,14,large_dark
baseline_verified_score,364,,medium_high,1,48.535904,True,True,True,4.801,70,112,14,14,large_dark
baseline_verified_score,365,,medium_high,1,48.440708,True,True,True,4.756,70,112,14,14,large_dark
baseline_verified_score,366,,medium_high,1,48.156971,True,True,True,4.702,70,112,14,14,large_dark
baseline_verified_score,367,,medium_high,1,48.212316,True,True,True,4.657,70,112,14,14,large_dark
baseline_verified_score,368,,medium_high,1,47.744929,True,True,True,4.604,70,112,14,14,large_dark
baseline_verified_score,369,,medium_high,1,47.598277,True,True,True,4.56,70,112,14,14,large_dark
baseline_verified_score,370,,medium_high,1,47.154179,True,True,True,5.368,70,111,14,14,large_dark
baseline_verified_score,371,,medium_high,1,46.823582,True,True,True,5.318,70,111,14,14,large_dark
baseline_verified_score,372,,medium_high,1,46.744354,True,True,True,6.185,70,110,14,14,large_dark
baseline_verified_score,373,,medium_high,1,46.767669,True,True,True,6.138,70,110,14,14,large_dark
baseline_verified_score,374,,medium_high,1,47.102469,True,True,True,5.798,71,110,14,14,large_dark
baseline_verified_score,375,,medium_high,1,47.472901,True,True,True,5.757,71,110,14,14,large_dark
baseline_verified_score,376,,medium_high,1,47.716418,True,True,True,5.727,71,110,14,14,large_dark
baseline_verified_score,377,,medium_high,1,47.997286,True,True,True,6.68,71,109,14,14,large_dark
baseline_verified_score,378,,medium_high,1,48.106537,True,True,True,6.642,71,109,14,14,large_dark
baseline_verified_score,379,,medium_high,1,48.666043,True,True,True,6.53,72,109,14,14,large_dark
baseline_verified_score,380,,medium_high,1,48.148807,True,True,True,7.5,72,108,14,14,large_dark
baseline_verified_score,381,,medium_high,1,48.029427,True,True,True,7.837,72,108,14,14,large_dark
baseline_verified_score,382,,medium_high,1,49.324776,False,False,True,28.638,95,100,14,14,large_dark
baseline_verified_score,383,,medium_high,1,43.860779,False,True,True,8.525,72,108,14,14,large_dark
baseline_verified_score,384,,medium_high,1,39.875978,False,True,True,8.896,72,108,14,14,large_dark
baseline_verified_score,385,,medium_high,1,49.355687,False,False,True,31.12,97,101,14,14,large_dark
baseline_verified_score,386,,medium_high,1,35.186673,False,False,True,31.574,97,101,14,14,large_dark
baseline_verified_score,387,,medium_high,1,48.986944,False,False,True,32.385,98,102,14,14,large_dark
baseline_verified_score,388,,medium_high,1,34.633118,False,False,True,32.82,98,102,14,14,large_dark
baseline_verified_score,389,,medium_high,1,34.676724,False,False,True,34.13,99,102,14,14,large_dark
baseline_verified_score,390,,medium_high,1,35.968912,False,False,True,49.468,38,80,14,14,large_dark
baseline_verified_score,391,,medium_high,1,36.207503,False,False,True,49.524,38,80,14,14,large_dark
baseline_verified_score,392,,medium_high,1,36.121924,False,False,True,48.981,39,80,14,14,large_dark
baseline_verified_score,393,,medium_high,1,36.297647,False,False,True,49.051,39,80,14,14,large_dark
baseline_verified_score,394,,medium_high,1,36.313414,False,False,False,48.315,39,81,14,14,large_dark
baseline_verified_score,395,,medium_high,1,36.547025,False,False,False,47.579,39,82,14,14,large_dark
baseline_verified_score,396,,medium_high,1,36.675125,False,False,False,47.65,39,82,14,14,large_dark
baseline_verified_score,397,,medium_high,1,40.191225,False,False,True,23.46,62,98,14,14,large_dark
baseline_verified_score,398,,medium_high,1,42.191301,False,False,True,23.716,62,98,14,14,large_dark
baseline_verified_score,399,,medium_high,1,41.752975,False,False,True,23.001,62,99,14,14,hybrid_coast
baseline_verified_score,400,,medium_high,1,40.522511,False,False,True,23.265,62,99,14,14,hybrid_coast
baseline_verified_score,401,,medium_high,1,38.802665,False,False,True,22.737,62,99,14,14,hybrid_coast
baseline_verified_score,402,,medium_high,1,37.061935,False,False,True,22.22,62,99,14,14,hybrid_coast
baseline_verified_score,403,,medium_high,1,35.532319,False,False,True,21.715,62,99,14,14,hybrid_coast
baseline_verified_score,404,,medium_high,1,38.33805,False,False,True,52.902,120,120,14,14,large_dark
baseline_verified_score,405,,medium_high,1,37.961635,False,False,True,52.51,120,120,14,14,large_dark
baseline_verified_score,406,,medium_high,1,37.575353,False,False,True,52.125,120,120,14,14,large_dark
baseline_verified_score,407,,medium_high,1,36.954766,False,False,False,51.799,120,121,14,14,large_dark
baseline_verified_score,408,,medium_high,1,36.220486,False,False,False,51.441,120,121,14,14,large_dark
baseline_verified_score,409,,medium_high,1,34.858446,False,False,True,51.683,121,122,13,14,hybrid_coast
baseline_verified_score,410,,medium_high,1,33.063196,False,False,True,52.612,123,124,11,14,hybrid_coast
baseline_verified_score,411,,medium_high,1,31.772179,False,False,True,52.485,123,125,11,14,hybrid_coast
baseline_verified_score,412,,medium_high,1,31.644563,False,False,False,75.971,0,86,14,14,large_dark
baseline_verified_score,413,,medium_high,1,31.956257,False,False,False,76.117,0,86,14,14,large_dark
baseline_verified_score,414,,medium_high,1,32.387587,False,False,True,76.269,0,86,14,14,large_dark
baseline_verified_score,415,,medium_high,1,33.181444,False,False,True,76.428,0,86,14,14,large_dark
baseline_verified_score,416,,medium_high,1,33.767664,False,False,False,76.594,0,86,14,14,large_dark
baseline_verified_score,417,,medium_high,1,34.195115,False,False,True,76.765,0,86,14,14,large_dark
baseline_verified_score,418,,medium_high,1,34.59669,False,False,True,76.944,0,86,14,14,large_dark
baseline_verified_score,419,,medium_high,1,35.120293,False,False,True,77.128,0,86,14,14,large_dark
baseline_verified_score,420,,medium_high,1,36.504713,False,False,True,77.319,0,86,14,14,large_dark
baseline_verified_score,421,,medium_high,1,37.097839,False,False,False,77.257,0,86,14,14,large_dark
baseline_verified_score,422,,medium_high,1,39.655475,False,False,True,77.196,0,86,14,14,large_dark
baseline_verified_score,423,,medium_high,1,40.389413,False,False,False,77.135,0,86,14,14,large_dark
baseline_verified_score,424,,medium_high,1,41.065163,False,False,True,26.76,53,92,14,14,large_dark
baseline_verified_score,425,,medium_high,1,42.32434,False,False,True,25.87,54,92,14,14,large_dark
baseline_verified_score,426,,medium_high,1,43.56036,False,False,True,25.739,54,92,14,14,large_dark
baseline_verified_score,427,,medium_high,1,44.079135,False,False,True,25.609,54,92,14,14,large_dark
baseline_verified_score,428,,medium_high,1,44.5357,False,False,True,25.48,54,92,14,14,large_dark
baseline_verified_score,429,,medium_high,1,44.844629,False,False,True,24.724,54,93,14,14,large_dark
baseline_verified_score,430,,medium_high,1,45.551282,False,False,False,24.602,54,93,14,14,large_dark
baseline_verified_score,431,,medium_high,1,46.339438,False,False,False,24.48,54,93,14,14,large_dark
baseline_verified_score,432,,medium_high,1,44.363169,False,False,True,28.566,51,90,14,14,large_dark
baseline_verified_score,433,,medium_high,1,44.604646,False,False,True,28.443,51,90,14,14,large_dark
baseline_verified_score,434,,medium_high,1,41.404268,False,False,False,75.966,0,88,14,14,large_dark
baseline_verified_score,435,,medium_high,1,41.874101,False,False,True,75.916,0,88,14,14,large_dark
baseline_verified_score,436,,medium_high,1,41.893333,False,False,False,75.866,0,88,14,14,large_dark
baseline_verified_score,437,,medium_high,1,42.050924,False,False,True,75.817,0,88,14,14,large_dark
baseline_verified_score,438,,medium_high,1,42.167998,False,False,True,75.768,0,88,14,14,large_dark
baseline_verified_score,439,,medium_high,1,42.329426,False,False,True,75.72,0,88,14,14,large_dark
baseline_verified_score,440,,medium_high,1,42.591195,False,False,True,75.672,0,88,14,14,large_dark
baseline_verified_score,441,,medium,1,42.66264,False,False,True,76.101,0,88,14,14,large_dark
baseline_verified_score,442,,medium,1,42.826969,False,False,True,76.535,0,88,14,14,large_dark
baseline_verified_score,443,,medium,1,42.73196,False,False,True,76.972,0,88,14,14,large_dark
baseline_verified_score,444,,medium,1,42.649877,False,False,True,77.414,0,88,14,14,large_dark
baseline_verified_score,445,,medium,1,41.666515,False,False,True,77.86,0,88,14,14,large_dark
baseline_verified_score,446,,medium,1,41.369998,False,False,True,28.141,52,90,14,14,large_dark
baseline_verified_score,447,,medium,1,41.714723,False,False,True,28.421,52,90,14,14,large_dark
baseline_verified_score,448,,medium,1,41.803522,False,False,True,28.715,52,90,14,14,large_dark
baseline_verified_score,449,,medium,1,42.04653,False,False,True,29.024,52,90,14,14,large_dark
baseline_verified_score,450,,low_medium,1,42.329864,False,False,True,29.347,52,90,14,14,large_dark
baseline_verified_score,451,,low_medium,1,42.363539,False,False,True,29.372,52,90,14,14,large_dark
baseline_verified_score,452,,low_medium,1,42.364512,False,False,True,29.855,52,90,14,14,large_dark
baseline_verified_score,453,,low_medium,1,42.383057,False,False,True,29.889,52,90,14,14,large_dark
baseline_verified_score,454,,low_medium,1,42.885274,False,False,True,30.565,52,90,14,14,large_dark
baseline_verified_score,455,,low_medium,1,43.427373,False,False,True,31.052,52,90,14,14,large_dark
baseline_verified_score,456,,low_medium,1,43.759907,False,False,True,31.074,52,90,14,14,large_dark
baseline_verified_score,457,,low_medium,1,43.61973,False,False,True,31.752,52,90,14,14,large_dark
baseline_verified_score,458,,low_medium,1,43.824026,False,False,True,31.783,52,90,14,14,large_dark
baseline_verified_score,459,,low_medium,1,46.052735,True,True,True,5.053,77,104,14,14,large_dark
baseline_verified_score,460,,low_medium,1,55.003049,False,False,True,32.23,52,92,14,14,large_dark
baseline_verified_score,461,,low_medium,1,54.778833,False,False,True,32.258,52,92,14,14,large_dark
baseline_verified_score,462,,low_medium,1,52.075862,False,False,True,32.921,52,92,14,14,large_dark
baseline_verified_score,463,,low_medium,1,51.114608,False,False,True,32.958,52,92,14,14,large_dark
baseline_verified_score,464,,low_medium,1,49.728853,True,True,True,6.119,78,106,14,14,large_dark
baseline_verified_score,465,,low_medium,1,50.032808,True,True,True,6.454,78,106,14,14,large_dark
baseline_verified_score,466,,low_medium,1,50.252873,True,True,True,6.505,78,106,14,14,large_dark
baseline_verified_score,467,,low_medium,1,50.518041,True,True,True,7.028,78,106,14,14,large_dark
baseline_verified_score,468,,low_medium,1,50.679293,True,True,True,7.088,78,106,14,14,large_dark
baseline_verified_score,469,,low_medium,1,50.965317,True,True,True,7.77,78,107,14,14,large_dark
baseline_verified_score,470,,low_medium,1,51.354236,False,True,True,8.933,78,108,14,14,large_dark
baseline_verified_score,471,,low_medium,1,51.506285,False,True,False,8.981,78,108,14,14,large_dark
baseline_verified_score,472,,low_medium,1,51.498586,False,True,False,8.39,79,108,14,14,large_dark
baseline_verified_score,473,,low_medium,1,51.472653,False,True,False,8.448,79,108,14,14,large_dark
baseline_verified_score,474,,low_medium,1,51.491119,False,True,True,8.826,79,108,14,14,large_dark
baseline_verified_score,475,,low_medium,1,51.637014,False,True,True,9.241,79,108,14,14,large_dark
baseline_verified_score,476,,low_medium,1,51.567131,False,True,True,9.288,79,108,14,14,large_dark
baseline_verified_score,477,,low_medium,1,51.567019,False,True,False,9.243,80,108,14,14,large_dark
baseline_verified_score,478,,low_medium,1,51.846243,False,True,False,9.289,80,108,14,14,large_dark
baseline_verified_score,479,,low_medium,1,51.928219,False,True,False,9.772,80,108,14,14,large_dark
baseline_verified_score,480,,low_medium,1,52.187486,False,True,True,10.774,80,108,14,14,large_dark
baseline_verified_score,481,,low_medium,1,52.677765,False,True,True,10.816,80,108,14,14,large_dark
baseline_verified_score,482,,low_medium,1,53.055158,False,True,False,11.341,80,108,14,14,large_dark
baseline_verified_score,483,,low_medium,1,53.119273,False,True,False,11.381,80,108,14,14,large_dark
baseline_verified_score,484,,low_medium,1,53.299829,True,True,True,3.808,80,108,14,14,large_dark
baseline_verified_score,485,,low_medium,1,53.631286,True,True,True,3.759,80,108,14,14,large_dark
baseline_verified_score,486,,low_medium,1,53.883006,True,True,True,3.702,80,108,14,14,large_dark
baseline_verified_score,487,,low_medium,1,54.289312,True,True,True,3.653,80,108,14,14,large_dark
baseline_verified_score,488,,low_medium,1,54.502126,True,True,True,3.597,80,108,14,14,large_dark
baseline_verified_score,489,,low_medium,1,52.398408,True,True,True,3.541,80,108,14,14,large_dark
baseline_verified_score,490,,low_medium,1,51.098517,True,True,True,3.485,80,108,14,14,large_dark
baseline_verified_score,491,,low_medium,1,50.682408,True,True,True,3.436,80,108,14,14,large_dark
baseline_verified_score,492,,low_medium,1,47.233526,True,True,True,3.379,80,108,14,14,large_dark
baseline_verified_score,493,,low_medium,1,46.163697,True,True,True,3.33,80,108,14,14,large_dark
baseline_verified_score,494,,low_medium,1,45.777503,False,False,True,55.207,25,94,14,14,large_dark
baseline_verified_score,495,,low_medium,1,46.06904,False,False,True,55.237,25,94,14,14,large_dark
baseline_verified_score,496,,low_medium,1,46.285676,False,False,True,55.264,25,94,14,14,large_dark
baseline_verified_score,497,,low_medium,1,46.211393,False,False,True,55.978,24,95,14,14,large_dark
baseline_verified_score,498,,low_medium,1,46.608709,False,False,True,56.006,24,95,14,14,large_dark
baseline_verified_score,499,,low_medium,1,46.722296,False,False,True,55.67,24,96,14,14,large_dark
baseline_verified_score,500,,low_medium,1,46.880436,False,False,True,55.699,24,96,14,14,large_dark
baseline_verified_score,501,,low_medium,1,47.232374,False,False,True,27.992,106,106,14,14,large_dark
baseline_verified_score,502,,low_medium,1,47.002002,False,False,True,55.644,24,96,14,14,large_dark
baseline_verified_score,503,,low_medium,1,46.737072,False,False,True,55.676,24,96,14,14,large_dark
baseline_verified_score,504,,low_medium,1,46.526353,False,False,True,55.117,24,96,14,14,large_dark
baseline_verified_score,505,,low_medium,1,46.312213,False,False,True,55.149,24,96,14,14,large_dark
baseline_verified_score,506,,low_medium,1,46.147102,False,False,True,56.051,23,96,14,14,large_dark
baseline_verified_score,507,,low_medium,1,45.955183,False,False,True,55.983,23,96,14,14,large_dark
baseline_verified_score,508,,low_medium,1,45.709988,False,False,True,56.015,23,96,14,14,large_dark
baseline_verified_score,509,,low_medium,1,45.264766,False,False,True,56.77,22,97,14,14,large_dark
baseline_verified_score,510,,low_medium,1,44.897067,False,False,True,56.803,22,97,14,14,large_dark
baseline_verified_score,511,,low_medium,1,44.544841,False,False,True,56.115,22,98,14,14,large_dark
baseline_verified_score,512,,low_medium,1,44.156687,False,False,True,56.081,22,98,14,14,large_dark
baseline_verified_score,513,,low_medium,1,43.793881,False,False,True,56.117,22,98,14,14,large_dark
baseline_verified_score,514,,low_medium,1,44.980937,False,False,True,26.127,52,100,14,14,large_dark
baseline_verified_score,515,,low_medium,1,47.449534,False,False,True,26.161,52,100,14,14,large_dark
baseline_verified_score,516,,low_medium,1,48.049038,False,False,True,25.615,52,100,14,14,large_dark
baseline_verified_score,517,,low_medium,1,52.718073,False,False,True,25.507,52,100,14,14,large_dark
baseline_verified_score,518,,low_medium,1,52.38746,False,False,True,25.541,52,100,14,14,large_dark
baseline_verified_score,519,,low_medium,1,51.918754,False,False,True,25.532,52,100,14,14,large_dark
baseline_verified_score,520,,medium,1,51.464852,False,False,True,25.567,52,100,14,14,large_dark
baseline_verified_score,521,,medium,1,51.117359,False,False,True,25.062,52,100,14,14,large_dark
baseline_verified_score,522,,medium,1,47.811276,False,False,True,20.075,57,100,14,14,large_dark
baseline_verified_score,523,,medium,1,40.871493,False,False,True,57.078,20,100,14,14,large_dark
baseline_verified_score,524,,medium,1,46.797181,False,False,True,19.621,57,100,14,14,large_dark
baseline_verified_score,525,,medium,1,40.289418,False,False,True,57.657,19,100,14,14,large_dark
baseline_verified_score,526,,medium,1,40.464032,True,True,True,2.682,78,98,14,14,large_dark
baseline_verified_score,527,,medium,1,40.602182,True,True,True,1.83,77,98,14,14,large_dark
baseline_verified_score,528,,medium,1,41.067033,True,True,True,1.785,77,98,14,14,large_dark
baseline_verified_score,529,,medium,1,42.279153,True,True,True,1.012,77,98,14,14,large_dark
baseline_verified_score,530,,medium,1,43.065401,True,True,True,0.948,77,98,14,14,large_dark
baseline_verified_score,531,,medium,1,44.909523,True,True,True,1.236,76,97,14,14,large_dark
baseline_verified_score,532,,medium,1,48.340345,True,True,True,1.631,76,96,14,14,large_dark
baseline_verified_score,533,,medium,1,49.814915,True,True,True,1.6,76,96,14,14,large_dark
baseline_verified_score,534,,medium,1,53.65845,True,True,True,1.06,76,96,14,14,large_dark
baseline_verified_score,535,,medium,1,54.720378,True,True,True,1.032,76,96,14,14,large_dark
baseline_verified_score,536,,medium,1,58.063016,True,True,True,2.52,76,94,14,14,large_dark
baseline_verified_score,537,,medium,1,63.714783,True,True,True,1.991,76,94,14,14,large_dark
baseline_verified_score,538,,medium,1,65.766562,True,True,True,1.945,76,94,14,14,large_dark
baseline_verified_score,539,,medium,1,70.08381,True,True,True,1.416,76,94,14,14,large_dark
baseline_verified_score,540,,medium,1,75.847454,True,True,True,1.368,76,94,14,14,large_dark
baseline_verified_score,541,,medium,1,76.567793,True,True,True,2.901,76,92,14,14,large_dark
baseline_verified_score,542,,medium,1,80.013942,True,True,True,1.431,76,93,14,14,large_dark
baseline_verified_score,543,,medium,1,80.781646,True,True,True,1.387,76,93,14,14,large_dark
baseline_verified_score,544,,medium,1,83.947403,True,True,True,1.799,76,92,14,14,large_dark
baseline_verified_score,545,,medium,1,83.775392,True,True,True,1.756,76,92,14,14,large_dark
baseline_verified_score,546,,medium,1,81.577574,True,True,True,1.14,75,92,14,14,large_dark
baseline_verified_score,547,,medium,1,79.626149,True,True,True,0.614,75,92,14,14,large_dark
baseline_verified_score,548,,medium,1,79.202011,True,True,True,0.581,75,92,14,14,large_dark
baseline_verified_score,549,,medium,1,78.442928,True,True,True,0.155,75,92,14,14,large_dark
baseline_verified_score,550,,medium,1,78.08618,True,True,True,0.2,75,92,14,14,large_dark
baseline_verified_score,551,,medium,1,77.977549,True,True,True,1.493,75,90,14,14,large_dark
baseline_verified_score,552,,medium,1,76.548609,True,True,True,1.447,75,90,14,14,large_dark
baseline_verified_score,553,,medium,1,75.342235,True,True,True,1.412,75,90,14,14,large_dark
baseline_verified_score,554,,medium,1,74.426491,True,True,True,1.865,75,89,14,14,large_dark
baseline_verified_score,555,,medium,1,74.325726,True,True,True,1.832,75,89,14,14,large_dark
baseline_verified_score,556,,medium,1,67.683954,True,True,True,2.255,79,98,5,4,hybrid_coast
baseline_verified_score,557,,medium,1,63.204152,True,True,True,3.74,79,99,5,4,hybrid_coast
baseline_verified_score,558,,medium,1,57.813364,True,True,True,4.78,79,100,5,4,hybrid_coast
baseline_verified_score,559,,medium,1,53.393808,True,True,True,2.263,74,88,14,14,large_dark
baseline_verified_score,560,,medium,1,52.718673,True,True,True,2.238,74,88,14,14,large_dark
baseline_verified_score,561,,medium,1,52.565737,True,True,True,0.671,74,90,14,14,large_dark
baseline_verified_score,562,,medium,1,48.131274,True,True,True,3.201,76,94,5,5,map
baseline_verified_score,563,,medium,1,41.708563,True,True,True,4.124,82,98,4,4,hybrid_coast
baseline_verified_score,564,,medium,1,37.195623,True,True,True,3.257,83,95,4,4,hybrid_coast
baseline_verified_score,565,,medium,1,41.229142,False,True,True,11.182,91,95,4,4,hybrid_coast
baseline_verified_score,566,,medium,1,39.069227,True,True,True,1.035,74,90,14,14,large_dark
baseline_verified_score,567,,medium,1,36.390146,True,True,True,1.085,74,90,14,14,large_dark
baseline_verified_score,568,,medium,1,34.259387,True,True,True,1.14,74,90,14,14,large_dark
baseline_verified_score,569,,medium,1,32.324004,True,True,True,1.19,74,90,14,14,large_dark
baseline_verified_score,570,,medium,1,29.932248,True,True,True,1.245,74,90,14,14,large_dark
baseline_verified_score,571,,medium,1,31.243446,True,True,True,1.396,74,88,14,14,large_dark
baseline_verified_score,572,,medium,1,31.651782,True,True,True,1.377,74,88,14,14,large_dark
baseline_verified_score,573,,medium,1,37.103358,True,True,True,1.37,74,88,14,14,large_dark
baseline_verified_score,574,,medium,1,34.563093,True,True,True,7.277,68,92,14,14,large_dark
baseline_verified_score,575,,medium,1,37.298728,True,True,True,7.326,68,92,14,14,large_dark
baseline_verified_score,576,,medium,1,40.779769,True,True,True,7.387,68,92,14,14,large_dark
baseline_verified_score,577,,medium,1,38.101192,True,True,True,4.128,76,96,5,5,hybrid_coast
baseline_verified_score,578,,medium,1,37.599137,True,True,True,1.341,74,88,14,14,large_dark
baseline_verified_score,579,,medium,1,39.65538,True,True,True,7.082,68,92,14,14,large_dark
baseline_verified_score,580,,medium_high,1,45.271366,True,True,True,3.536,68,92,14,14,large_dark
baseline_verified_score,581,,medium_high,1,48.568903,True,True,True,3.486,68,92,14,14,large_dark
baseline_verified_score,582,,medium_high,1,64.355962,True,True,True,4.54,73,88,14,14,large_dark
baseline_verified_score,583,,medium_high,1,69.300947,True,True,True,4.547,73,88,14,14,large_dark
baseline_verified_score,584,,medium_high,1,64.150024,True,True,True,3.338,68,92,14,14,large_dark
baseline_verified_score,585,,medium_high,1,64.332409,True,True,True,3.288,68,92,14,14,large_dark
baseline_verified_score,586,,medium_high,1,70.730476,True,True,True,3.534,67,92,14,14,large_dark
baseline_verified_score,587,,medium_high,1,78.23057,True,True,True,3.489,67,92,14,14,large_dark
baseline_verified_score,588,,medium_high,1,78.539764,True,True,True,3.444,67,92,14,14,large_dark
baseline_verified_score,589,,medium_high,1,78.188269,True,True,True,3.944,66,92,14,14,large_dark
baseline_verified_score,590,,medium_high,1,78.246619,True,True,True,3.905,66,92,14,14,large_dark
baseline_verified_score,591,,medium_high,1,83.007672,True,True,True,3.867,66,92,14,14,large_dark
baseline_verified_score,592,,medium_high,1,84.347817,True,True,True,3.829,66,92,14,14,large_dark
baseline_verified_score,593,,medium_high,1,90.694192,True,True,True,3.791,66,92,14,14,large_dark
baseline_verified_score,594,,medium_high,1,91.148808,True,True,True,3.754,66,92,14,14,large_dark
baseline_verified_score,595,,medium_high,1,91.901995,True,True,True,3.717,66,92,14,14,large_dark
baseline_verified_score,596,,medium_high,1,86.048433,True,True,True,4.42,65,92,14,14,large_dark
baseline_verified_score,597,,medium_high,1,81.159053,True,True,True,4.39,65,92,14,14,large_dark
baseline_verified_score,598,,medium_high,1,79.902703,True,True,True,4.36,65,92,14,14,large_dark
baseline_verified_score,599,,medium_high,1,75.665376,True,True,True,5.172,64,92,14,14,large_dark
baseline_verified_score,600,,medium_high,1,74.233059,True,True,True,5.148,64,92,14,14,large_dark
baseline_verified_score,601,,medium_high,1,71.413672,True,True,True,4.995,64,92,14,14,large_dark
baseline_verified_score,602,,medium_high,1,69.731507,True,True,True,4.854,64,92,14,14,large_dark
baseline_verified_score,603,,medium_high,1,67.93786,True,True,True,4.725,64,92,14,14,large_dark
baseline_verified_score,604,,medium_high,1,66.008874,True,True,True,5.408,63,92,14,14,large_dark
baseline_verified_score,605,,medium_high,1,67.132438,True,True,True,5.275,63,92,14,14,large_dark
baseline_verified_score,606,,medium_high,1,67.5375,True,True,True,5.963,62,92,14,14,large_dark
baseline_verified_score,607,,medium_high,1,62.147495,True,True,True,3.252,70,94,1,3,hybrid_coast
baseline_verified_score,608,,medium_high,1,57.734486,True,True,True,3.162,70,93,1,3,hybrid_coast
baseline_verified_score,609,,medium_high,1,57.165901,True,True,True,5.586,62,92,14,14,large_dark
baseline_verified_score,610,,medium_high,1,59.094839,True,True,True,5.483,62,92,14,14,large_dark
baseline_verified_score,611,,high,1,60.610411,True,True,True,5.392,62,92,14,14,large_dark
baseline_verified_score,612,,high,1,57.280213,True,True,True,1.118,68,92,7,7,map
baseline_verified_score,613,,high,1,53.107489,True,True,True,0.451,69,91,7,7,hybrid_coast
baseline_verified_score,614,,high,1,51.332129,True,True,True,5.154,61,91,14,14,large_dark
baseline_verified_score,615,,high,1,55.04724,True,True,True,5.045,61,91,14,14,large_dark
baseline_verified_score,616,,high,1,57.747234,True,True,True,5.148,62,92,14,14,hybrid_coast
baseline_verified_score,617,,high,1,63.817975,True,True,True,4.995,60,90,14,14,large_dark
baseline_verified_score,618,,high,1,66.41644,True,True,True,4.854,60,90,14,14,large_dark
baseline_verified_score,619,,high,1,70.988401,True,True,True,4.725,60,90,14,14,large_dark
baseline_verified_score,620,,high,1,72.186062,True,True,True,4.61,60,90,14,14,large_dark
baseline_verified_score,621,,high,1,79.436315,True,True,True,4.464,60,90,14,14,large_dark
baseline_verified_score,622,,high,1,88.721402,True,True,True,4.319,60,90,14,14,large_dark
baseline_verified_score,623,,high,1,90.671013,True,True,True,4.174,60,90,14,14,large_dark
baseline_verified_score,624,,high,1,91.246069,True,True,True,3.413,60,89,14,14,large_dark
baseline_verified_score,625,,high,1,99.152036,True,True,True,3.26,60,89,14,14,large_dark
baseline_verified_score,626,,high,1,100.789212,True,True,True,3.106,60,89,14,14,large_dark
baseline_verified_score,627,,high,1,101.68317,True,True,True,2.954,60,89,14,14,large_dark
baseline_verified_score,628,,high,1,101.626976,True,True,True,2.802,60,89,14,14,large_dark
baseline_verified_score,629,,high,1,100.577206,True,True,True,3.511,59,89,14,14,large_dark
baseline_verified_score,630,,high,1,100.536866,True,True,True,3.354,59,89,14,14,large_dark
baseline_verified_score,631,,high,1,99.871923,True,True,True,3.198,59,89,14,14,large_dark
baseline_verified_score,632,,high,1,98.439121,True,True,True,4.41,58,90,14,14,large_dark
baseline_verified_score,633,,high,1,97.662178,True,True,True,4.257,58,90,14,14,large_dark
baseline_verified_score,634,,high,1,97.691781,True,True,True,4.105,58,90,14,14,large_dark
baseline_verified_score,635,,high,1,97.102663,True,True,True,3.953,58,90,14,14,large_dark
baseline_verified_score,636,,high,1,96.434174,True,True,True,3.801,58,90,14,14,large_dark
baseline_verified_score,637,,high,1,94.307211,True,True,True,4.497,57,90,14,14,large_dark
baseline_verified_score,638,,high,1,94.176405,True,True,True,4.342,57,90,14,14,large_dark
baseline_verified_score,639,,high,1,91.996841,True,True,True,5.561,56,91,14,14,large_dark
baseline_verified_score,640,,high,1,91.294206,True,True,True,5.408,56,91,14,14,large_dark
baseline_verified_score,641,,high,1,84.623137,True,True,True,0.832,61,88,14,14,large_dark
baseline_verified_score,642,,high,1,79.985874,True,True,True,5.968,55,92,14,14,large_dark
baseline_verified_score,643,,high,1,78.512984,True,True,True,5.571,55,92,14,14,large_dark
baseline_verified_score,644,,high,1,72.51628,True,True,True,0.361,60,90,14,14,large_dark
baseline_verified_score,645,,high,1,70.899979,True,True,True,0.559,60,90,14,14,large_dark
baseline_verified_score,646,,high,1,70.123856,True,True,True,0.762,59,90,14,14,large_dark
baseline_verified_score,647,,high,1,69.149965,True,True,True,1.591,58,90,14,14,large_dark
baseline_verified_score,648,,high,1,69.750136,True,True,True,1.836,58,90,14,14,large_dark
baseline_verified_score,649,,high,1,64.536285,True,True,True,3.885,62,90,14,14,large_dark
baseline_verified_score,650,,high,1,71.310763,True,True,True,4.301,62,90,14,14,large_dark
baseline_verified_score,651,,high,1,70.848326,True,True,True,3.324,61,92,14,14,large_dark
baseline_verified_score,652,,high,1,66.7767,True,True,True,3.178,60,92,14,14,large_dark
baseline_verified_score,653,,high,1,68.015231,True,True,True,3.981,60,92,14,14,large_dark
baseline_verified_score,654,,high,1,63.821066,True,True,True,4.785,60,92,14,14,large_dark
baseline_verified_score,655,,high,1,60.325079,True,True,True,5.59,60,92,14,14,large_dark
baseline_verified_score,656,,high,1,53.266947,True,True,True,6.297,65,100,5,6,hybrid_coast
baseline_verified_score,657,,high,1,48.119432,True,True,True,1.432,53,94,14,14,large_dark
baseline_verified_score,658,,high,1,48.219898,True,True,True,1.703,53,94,14,14,large_dark
baseline_verified_score,659,,high,1,42.945843,True,True,True,0.949,57,101,5,6,hybrid_coast
baseline_verified_score,660,,high,1,39.880927,True,True,True,3.808,48,98,14,14,large_dark
baseline_verified_score,661,,high,1,38.738555,True,True,True,3.431,48,98,14,14,large_dark
baseline_verified_score,662,,high,1,37.974828,False,False,True,21.012,30,98,14,14,large_dark
baseline_verified_score,663,,high,1,35.122392,True,True,True,3.969,47,99,14,14,large_dark
baseline_verified_score,664,,high,1,38.041019,False,False,True,20.5,30,98,14,14,large_dark
baseline_verified_score,665,,high,1,36.568776,True,True,True,4.507,46,100,14,14,large_dark
baseline_verified_score,666,,high,1,34.293554,False,False,True,22.557,62,118,14,14,large_dark
baseline_verified_score,667,,high,1,40.239264,False,False,True,22.918,63,118,14,14,large_dark
baseline_verified_score,668,,high,1,41.101878,False,False,True,22.741,63,118,14,14,large_dark
baseline_verified_score,669,,high,1,43.480367,False,False,True,23.194,64,118,14,14,large_dark
baseline_verified_score,670,,high,1,44.660828,False,False,True,23.049,64,118,14,14,large_dark
baseline_verified_score,671,,high,1,45.423758,False,False,True,23.232,64,118,14,14,large_dark
baseline_verified_score,672,,high,1,45.58322,False,False,True,24.824,66,118,14,14,large_dark
baseline_verified_score,673,,high,1,46.3585,False,False,True,25.048,66,118,14,14,large_dark
baseline_verified_score,674,,high,1,46.725202,False,False,True,25.279,66,118,14,14,large_dark
baseline_verified_score,675,,high,1,46.788528,False,False,True,25.517,66,118,14,14,large_dark
baseline_verified_score,676,,medium_high,1,46.600104,False,False,True,27.321,68,118,14,14,large_dark
baseline_verified_score,677,,medium_high,1,46.9704,False,False,True,27.59,68,118,14,14,large_dark
baseline_verified_score,678,,medium_high,1,47.204572,False,False,True,27.865,68,118,14,14,large_dark
baseline_verified_score,679,,medium_high,1,47.379787,False,False,True,28.969,69,118,14,14,large_dark
baseline_verified_score,680,,medium_high,1,47.345189,False,False,True,29.262,69,118,14,14,large_dark
baseline_verified_score,681,,medium_high,1,47.561333,False,False,True,28.276,68,118,14,14,large_dark
baseline_verified_score,682,,medium_high,1,47.385897,False,False,True,28.97,69,118,14,14,large_dark
baseline_verified_score,683,,medium_high,1,47.387472,False,False,True,28.829,69,118,14,14,large_dark
baseline_verified_score,684,,medium_high,1,45.712673,False,False,True,29.558,70,118,14,14,large_dark
baseline_verified_score,685,,medium_high,1,45.737777,False,False,True,29.43,70,118,14,14,large_dark
baseline_verified_score,686,,medium_high,1,45.552255,False,False,True,29.306,70,118,14,14,large_dark
baseline_verified_score,687,,medium_high,1,44.99454,False,False,True,30.075,71,118,14,14,large_dark
baseline_verified_score,688,,medium_high,1,44.578573,False,False,True,29.964,71,118,14,14,large_dark
baseline_verified_score,689,,medium_high,1,42.696834,False,False,True,30.762,72,118,14,14,large_dark
baseline_verified_score,690,,medium_high,1,42.256018,False,False,True,30.663,72,118,14,14,large_dark
baseline_verified_score,691,,medium_high,1,41.818788,False,False,True,30.12,72,117,14,14,large_dark
baseline_verified_score,692,,medium_high,1,41.320971,False,False,True,29.972,72,117,14,14,large_dark
baseline_verified_score,693,,medium_high,1,41.043318,False,False,True,29.815,72,117,14,14,large_dark
baseline_verified_score,694,,medium_high,1,38.547285,False,False,True,27.542,73,121,7,7,hybrid_coast
baseline_verified_score,695,,medium_high,1,36.988713,False,False,True,19.99,32,91,14,14,large_dark
baseline_verified_score,696,,medium_high,1,36.979081,False,False,True,21.03,32,90,14,14,large_dark
baseline_verified_score,697,,medium_high,1,36.749362,False,False,True,21.268,32,90,14,14,large_dark
baseline_verified_score,698,,medium_high,1,37.585165,False,True,True,13.946,48,94,14,14,large_dark
logistic,1,0,high,18,0.018538,True,True,True,3.607,58,96,14,14,large_dark
logistic,2,0,high,27,0.771678,True,True,True,5.219,60,96,14,14,large_dark
logistic,3,0,high,39,0.553175,True,True,True,4.811,60,95,14,14,large_dark
logistic,4,0,high,38,0.531127,True,True,True,4.401,60,95,14,14,large_dark
logistic,5,0,high,34,0.63453,True,True,True,4.002,60,95,14,14,large_dark
logistic,6,0,high,29,0.689945,True,True,True,3.617,60,95,14,14,large_dark
logistic,7,0,high,10,0.767271,False,False,True,27.736,34,87,10,4,hybrid_coast
logistic,8,0,high,32,0.859488,True,True,True,3.805,61,94,14,14,large_dark
logistic,9,0,high,28,0.912462,True,True,True,3.4,61,94,14,14,large_dark
logistic,10,0,high,28,0.921287,True,True,True,4.008,62,94,14,14,large_dark
logistic,11,0,high,19,0.897437,True,True,True,3.631,62,94,14,14,large_dark
logistic,12,0,high,19,0.936308,True,True,True,3.276,62,94,14,14,large_dark
logistic,13,0,high,4,0.986103,False,False,True,34.391,29,86,10,4,hybrid_coast
logistic,14,0,high,4,0.9921,False,False,True,34.358,29,87,10,4,hybrid_coast
logistic,15,0,high,6,0.992754,False,False,True,36.267,28,85,10,4,hybrid_coast
logistic,16,0,high,4,0.991515,False,False,True,35.411,28,89,10,4,hybrid_coast
logistic,17,0,high,4,0.995613,False,False,True,37.217,27,87,10,4,hybrid_coast
logistic,18,0,high,4,0.984314,False,False,True,38.262,26,88,10,4,hybrid_coast
logistic,19,0,high,2,0.984755,False,False,True,38.888,25,92,10,4,hybrid_coast
logistic,20,0,high,5,0.991441,False,False,True,42.323,23,86,10,4,hybrid_coast
logistic,21,0,high,12,0.965011,False,False,True,35.516,29,94,10,4,hybrid_coast
logistic,22,0,high,5,0.963169,False,False,True,38.92,27,87,10,4,hybrid_coast
logistic,23,0,high,7,0.921261,False,False,True,41.047,25,88,10,4,hybrid_coast
logistic,24,0,high,3,0.954486,False,False,True,43.401,23,88,10,4,hybrid_coast
logistic,25,0,high,8,0.964763,False,False,True,38.864,28,88,10,4,hybrid_coast
logistic,26,0,high,7,0.940437,False,False,True,41.224,26,88,10,4,hybrid_coast
logistic,27,0,high,5,0.950643,False,False,True,44.586,23,88,10,4,hybrid_coast
logistic,28,0,high,2,0.93912,False,False,True,42.881,25,89,10,4,hybrid_coast
logistic,29,0,high,2,0.916924,False,False,True,43.199,25,90,10,4,hybrid_coast
logistic,30,0,high,6,0.963374,False,False,True,44.937,24,87,10,4,hybrid_coast
logistic,31,0,high,6,0.931051,False,False,True,46.213,23,88,10,4,hybrid_coast
logistic,32,0,high,5,0.924352,False,False,True,48.534,21,89,10,4,hybrid_coast
logistic,33,0,high,7,0.900124,False,False,True,51.123,19,87,10,4,hybrid_coast
logistic,34,0,high,5,0.964468,False,False,True,52.449,18,88,10,4,hybrid_coast
logistic,35,0,high,19,0.982037,False,False,True,47.822,23,89,10,4,hybrid_coast
logistic,36,0,high,23,0.973716,False,False,True,47.218,24,90,10,4,hybrid_coast
logistic,37,0,high,4,0.907006,False,False,True,60.65,11,91,10,4,hybrid_coast
logistic,38,0,high,1,0.924248,True,True,True,4.351,70,90,14,14,large_dark
logistic,39,0,high,1,0.93962,True,True,True,4.702,70,90,14,14,large_dark
logistic,40,0,high,1,0.915744,True,True,True,5.0,71,90,14,14,large_dark
logistic,41,0,high,1,0.921316,True,True,True,5.162,71,90,14,14,large_dark
logistic,42,0,high,1,0.964972,True,True,True,5.217,72,90,14,14,large_dark
logistic,43,0,high,1,0.938399,True,True,True,4.681,72,89,14,14,large_dark
logistic,44,0,high,1,0.949548,True,True,True,5.28,72,89,14,14,large_dark
logistic,45,0,high,1,0.962342,True,True,True,5.349,72,88,14,14,large_dark
logistic,46,0,high,1,0.957577,True,True,True,6.243,72,88,14,14,large_dark
logistic,47,0,high,2,0.9921,False,True,True,10.016,72,90,7,7,map
logistic,48,0,high,3,0.9894,False,True,True,11.934,71,89,7,7,hybrid_coast
logistic,49,0,high,3,0.986834,False,True,False,10.955,73,88,7,7,hybrid_coast
logistic,50,0,high,2,0.981322,True,True,True,6.083,79,87,7,7,hybrid_coast
logistic,51,0,high,9,0.980278,False,True,True,15.082,71,89,7,7,hybrid_coast
logistic,52,0,high,2,0.972867,False,True,True,13.727,74,92,7,7,hybrid_coast
logistic,53,0,high,5,0.985702,False,False,True,16.008,73,93,7,7,hybrid_coast
logistic,54,0,high,13,0.983084,False,False,True,18.283,72,94,7,7,hybrid_coast
logistic,55,0,high,2,0.986322,False,True,True,15.306,77,91,3,3,hybrid_coast
logistic,56,0,high,3,0.987746,False,False,True,17.349,76,91,3,3,hybrid_coast
logistic,57,0,high,2,0.996189,False,False,True,17.397,77,91,3,3,hybrid_coast
logistic,58,0,high,2,0.997414,False,False,True,16.575,79,92,3,3,hybrid_coast
logistic,59,0,high,2,0.998015,False,False,True,19.509,77,91,3,3,hybrid_coast
logistic,60,0,high,3,0.998079,False,False,True,21.552,76,91,3,3,hybrid_coast
logistic,61,0,high,2,0.999003,False,False,True,16.967,80,91,3,3,hybrid_coast
logistic,62,0,high,1,0.997301,False,True,True,14.948,76,82,14,14,large_dark
logistic,63,0,high,2,0.999817,False,True,True,15.709,80,89,3,3,hybrid_coast
logistic,64,0,high,3,0.999823,False,True,True,15.116,80,89,3,3,hybrid_coast
logistic,65,0,high,5,0.999758,False,False,True,16.597,78,88,3,3,hybrid_coast
logistic,66,0,high,1,0.99827,False,True,True,12.612,76,82,14,14,large_dark
logistic,67,0,high,1,0.999039,False,True,True,11.047,77,82,14,14,large_dark
logistic,68,0,high,5,0.999311,False,True,True,13.103,81,84,3,3,hybrid_coast
logistic,69,0,high,3,0.999761,False,True,True,11.491,81,87,3,3,hybrid_coast
logistic,70,0,high,4,0.999767,False,True,True,10.92,81,87,3,3,hybrid_coast
logistic,71,0,high,5,0.999516,False,True,True,11.085,80,88,3,3,hybrid_coast
logistic,72,0,high,7,0.999662,False,True,True,9.534,81,88,3,3,hybrid_coast
logistic,73,0,high,18,0.999699,False,True,True,9.941,80,88,3,3,hybrid_coast
logistic,74,0,high,2,0.999985,True,True,True,6.485,83,88,3,3,hybrid_coast
logistic,75,0,high,2,0.999878,True,True,True,5.636,83,89,3,3,hybrid_coast
logistic,76,0,high,3,0.999676,True,True,True,4.909,83,90,3,3,hybrid_coast
logistic,77,0,high,2,0.999578,True,True,True,4.356,87,86,3,3,hybrid_coast
logistic,78,0,high,2,0.999404,True,True,True,4.588,88,86,3,3,hybrid_coast
logistic,79,0,high,2,0.999464,True,True,True,4.456,86,86,3,3,hybrid_coast
logistic,80,0,high,2,0.99951,True,True,True,4.743,87,86,3,3,hybrid_coast
logistic,81,0,high,7,0.999782,True,True,True,3.767,82,89,3,3,hybrid_coast
logistic,82,0,high,2,0.999483,True,True,True,1.601,85,89,3,3,hybrid_coast
logistic,83,0,high,2,0.999531,True,True,True,4.865,87,86,3,3,hybrid_coast
logistic,84,0,high,2,0.998827,True,True,True,1.628,85,89,3,3,hybrid_coast
logistic,85,0,high,2,0.999328,True,True,True,4.947,87,86,3,3,hybrid_coast
logistic,86,0,high,2,0.999132,True,True,True,2.658,85,88,3,3,hybrid_coast
logistic,87,0,high,2,0.999807,True,True,True,1.682,85,89,3,3,hybrid_coast
logistic,88,0,high,4,0.999696,True,True,True,5.523,88,86,3,3,hybrid_coast
logistic,89,0,high,8,0.999663,True,True,True,4.064,81,91,3,3,hybrid_coast
logistic,90,0,high,4,0.999927,True,True,True,5.154,83,86,3,3,hybrid_coast
logistic,91,0,high,2,0.999926,True,True,True,5.669,88,86,3,3,hybrid_coast
logistic,92,0,high,2,0.999734,True,True,True,6.313,89,86,3,3,hybrid_coast
logistic,93,0,high,18,0.999726,True,True,True,6.17,81,86,3,3,hybrid_coast
logistic,94,0,high,2,0.999933,True,True,True,5.811,88,86,3,3,hybrid_coast
logistic,95,0,high,2,0.999704,True,True,True,6.464,89,86,3,3,hybrid_coast
logistic,96,0,high,1,0.999037,True,True,True,3.406,79,82,14,14,large_dark
logistic,97,0,high,3,0.999636,True,True,True,3.95,82,88,3,3,hybrid_coast
logistic,98,0,high,2,0.999847,True,True,True,4.654,81,88,3,3,hybrid_coast
logistic,99,0,high,4,0.999872,True,True,True,3.851,87,88,3,3,hybrid_coast
logistic,100,0,high,6,0.999862,True,True,True,7.159,78,88,3,3,hybrid_coast
logistic,101,0,high,16,0.999208,False,True,True,8.928,76,88,3,3,hybrid_coast
logistic,102,0,high,2,0.999631,True,True,True,1.351,83,91,3,3,hybrid_coast
logistic,103,0,high,2,0.999553,True,True,True,1.675,83,92,3,3,hybrid_coast
logistic,104,0,high,5,0.999916,True,True,True,4.801,87,87,3,3,hybrid_coast
logistic,105,0,high,4,0.999813,True,True,True,6.424,79,87,3,3,hybrid_coast
logistic,106,0,high,9,0.99992,True,True,True,7.604,77,88,3,3,hybrid_coast
logistic,107,0,high,2,0.999992,True,True,True,0.985,83,91,3,3,hybrid_coast
logistic,108,0,high,2,0.999969,True,True,True,1.5,83,92,3,3,hybrid_coast
logistic,109,0,high,2,0.999948,True,True,True,1.139,83,90,3,3,hybrid_coast
logistic,110,0,high,2,0.999947,True,True,True,0.791,83,91,3,3,hybrid_coast
logistic,111,0,high,2,0.999897,True,True,True,1.445,83,92,3,3,hybrid_coast
logistic,112,0,high,2,0.999867,True,True,True,2.377,83,93,3,3,hybrid_coast
logistic,113,0,high,2,0.999919,True,True,True,1.432,83,92,3,3,hybrid_coast
logistic,114,0,high,2,0.99942,True,True,True,2.393,83,93,3,3,hybrid_coast
logistic,115,0,high,4,0.999357,True,True,True,5.416,78,90,3,3,hybrid_coast
logistic,116,0,high,2,0.998317,True,True,True,1.432,83,92,3,3,hybrid_coast
logistic,117,0,high,4,0.999825,True,True,True,4.865,79,93,3,3,hybrid_coast
logistic,118,0,high,6,0.999732,True,True,True,5.179,78,90,3,3,hybrid_coast
logistic,119,0,high,2,0.999913,True,True,True,0.536,83,90,3,3,hybrid_coast
logistic,120,0,high,3,0.999742,True,True,True,1.118,84,90,3,3,hybrid_coast
logistic,121,0,high,7,0.999895,True,True,True,4.992,78,90,3,3,hybrid_coast
logistic,122,0,high,19,0.99936,True,True,True,5.967,77,90,3,3,hybrid_coast
logistic,123,0,high,28,0.999497,True,True,True,6.933,76,90,3,3,hybrid_coast
logistic,124,0,high,16,0.999633,True,True,True,3.189,80,92,4,4,hybrid_coast
logistic,125,0,high,8,0.999929,True,True,True,6.437,76,92,5,5,map
logistic,126,0,high,4,0.999398,False,True,True,8.351,69,85,14,14,large_dark
logistic,127,0,high,12,0.999708,True,True,True,4.669,79,92,3,5,appearance
logistic,128,0,high,10,0.99962,True,True,True,5.36,78,93,4,4,appearance
logistic,129,0,high,5,0.999599,False,True,True,9.283,68,85,14,14,large_dark
logistic,130,0,high,12,0.999987,True,True,True,6.374,76,92,5,5,map
logistic,131,0,high,5,0.999474,False,True,True,9.224,68,85,14,14,large_dark
logistic,132,0,high,14,0.999389,False,True,True,9.205,68,85,14,14,large_dark
logistic,133,0,high,29,0.998926,True,True,True,5.461,78,92,3,5,appearance
logistic,134,0,high,40,0.998009,True,True,True,5.454,78,92,3,5,appearance
logistic,135,0,high,50,0.999339,True,True,True,5.874,77,92,4,5,appearance
logistic,136,0,high,37,0.999168,True,True,True,5.867,77,92,4,5,appearance
logistic,137,0,high,50,0.997014,True,True,True,5.859,77,92,4,5,appearance
logistic,138,0,high,59,0.988101,False,True,True,9.067,68,84,14,14,large_dark
logistic,139,0,high,39,0.961468,True,True,True,5.24,77,90,4,6,appearance
logistic,140,1,high,40,0.999683,False,True,True,10.012,67,84,14,14,large_dark
logistic,141,1,high,19,0.999796,False,True,True,9.855,67,84,14,14,large_dark
logistic,142,1,high,21,0.999831,False,True,True,10.707,66,84,14,14,large_dark
logistic,143,1,high,3,0.999893,False,True,True,9.551,67,84,14,14,large_dark
logistic,144,1,high,1,0.999894,False,True,True,9.405,67,84,14,14,large_dark
logistic,145,1,high,5,0.999932,True,True,True,6.861,74,90,5,5,map
logistic,146,1,high,2,0.999983,True,True,True,5.749,75,90,5,5,hybrid_coast
logistic,147,1,high,1,0.999987,False,True,True,9.029,67,83,14,14,large_dark
logistic,148,1,high,2,0.999996,True,True,True,5.482,75,90,5,5,hybrid_coast
logistic,149,1,high,3,0.999986,True,True,True,4.399,76,90,5,5,hybrid_coast
logistic,150,1,high,5,0.999912,True,True,True,3.202,78,91,5,5,hybrid_coast
logistic,151,1,high,6,0.999951,False,True,True,10.387,71,83,5,5,hybrid_coast
logistic,152,1,high,1,0.999931,False,True,True,8.417,67,82,14,14,large_dark
logistic,153,1,high,1,0.999961,False,True,True,9.118,66,85,14,14,large_dark
logistic,154,1,high,12,0.999981,True,True,True,5.554,74,87,5,5,hybrid_coast
logistic,155,1,high,1,0.999959,False,True,True,8.758,66,84,14,14,large_dark
logistic,156,1,high,1,0.999949,False,True,True,8.605,66,84,14,14,large_dark
logistic,157,1,high,17,0.999979,True,True,True,3.912,78,82,14,14,large_dark
logistic,158,1,high,1,0.999998,True,True,True,7.311,67,84,14,14,large_dark
logistic,159,1,high,1,0.999998,True,True,True,7.169,67,84,14,14,large_dark
logistic,160,1,high,1,0.999999,True,True,True,6.946,68,80,14,14,large_dark
logistic,161,1,high,1,0.999999,True,True,True,6.961,68,80,14,14,large_dark
logistic,162,1,high,1,0.999999,True,True,True,6.402,68,83,14,14,large_dark
logistic,163,1,high,4,1.0,True,True,True,5.742,75,83,5,5,hybrid_coast
logistic,164,1,high,12,0.999999,True,True,True,5.646,80,80,14,14,large_dark
logistic,165,1,high,1,1.0,True,True,True,7.147,69,78,14,14,large_dark
logistic,166,1,high,1,1.0,True,True,True,7.144,69,78,14,14,large_dark
logistic,167,1,high,1,1.0,True,True,True,6.294,70,78,14,14,large_dark
logistic,168,1,high,1,1.0,True,True,True,6.306,70,78,14,14,large_dark
logistic,169,1,high,1,1.0,True,True,True,6.818,70,77,14,14,large_dark
logistic,170,1,high,20,1.0,True,True,True,2.795,81,82,5,5,hybrid_coast
logistic,171,1,high,18,1.0,True,True,True,6.5,82,77,14,14,large_dark
logistic,172,1,high,18,1.0,True,True,True,6.657,82,76,14,14,large_dark
logistic,173,1,high,25,1.0,True,True,True,1.778,81,82,5,5,hybrid_coast
logistic,174,1,high,16,1.0,True,True,True,1.481,81,82,5,5,hybrid_coast
logistic,175,1,high,2,1.0,True,True,True,1.233,82,82,5,5,hybrid_coast
logistic,176,1,high,4,1.0,True,True,True,1.063,81,82,5,5,hybrid_coast
logistic,177,1,high,8,1.0,True,True,True,6.709,72,74,14,14,large_dark
logistic,178,1,high,3,1.0,True,True,True,1.591,81,81,5,5,hybrid_coast
logistic,179,1,high,3,1.0,True,True,True,1.544,81,81,5,5,hybrid_coast
logistic,180,1,high,3,1.0,True,True,True,0.707,82,81,5,5,hybrid_coast
logistic,181,1,high,6,1.0,True,True,True,0.746,82,81,5,5,hybrid_coast
logistic,182,1,high,1,1.0,False,True,True,8.176,86,74,14,14,large_dark
logistic,183,1,high,1,1.0,True,True,True,7.989,86,74,14,14,large_dark
logistic,184,1,high,2,1.0,True,True,True,3.068,86,80,5,5,hybrid_coast
logistic,185,1,high,7,1.0,True,True,True,1.522,82,80,5,5,hybrid_coast
logistic,186,1,high,3,1.0,True,True,True,2.371,85,79,5,5,hybrid_coast
logistic,187,1,high,6,1.0,True,True,True,1.685,84,79,5,5,hybrid_coast
logistic,188,1,high,11,0.999999,True,True,True,1.655,83,79,5,5,hybrid_coast
logistic,189,1,high,4,0.999999,True,True,True,3.207,86,78,5,5,hybrid_coast
logistic,190,1,high,2,1.0,True,True,True,6.005,90,80,5,5,hybrid_coast
logistic,191,1,high,9,0.999999,True,True,True,1.449,83,81,5,5,hybrid_coast
logistic,192,1,high,7,1.0,True,True,True,3.833,76,76,14,14,large_dark
logistic,193,1,high,1,1.0,True,True,True,3.994,76,76,14,14,large_dark
logistic,194,1,high,1,1.0,True,True,True,4.168,76,76,14,14,large_dark
logistic,195,1,high,5,0.999999,True,True,True,2.905,86,77,5,5,hybrid_coast
logistic,196,1,high,7,0.999999,True,True,True,2.581,87,81,5,5,hybrid_coast
logistic,197,1,high,1,1.0,True,True,True,4.547,76,75,14,14,large_dark
logistic,198,1,high,1,0.999999,True,True,True,4.707,76,75,14,14,large_dark
logistic,199,1,high,1,1.0,True,True,True,4.869,76,75,14,14,large_dark
logistic,200,1,high,1,0.999999,True,True,True,5.025,76,74,14,14,large_dark
logistic,201,1,high,1,1.0,True,True,True,5.159,76,74,14,14,large_dark
logistic,202,1,high,1,0.999999,True,True,True,5.305,76,74,14,14,large_dark
logistic,203,1,high,1,0.999999,True,True,True,5.464,76,74,14,14,large_dark
logistic,204,1,high,1,0.99999,True,True,True,3.581,83,78,5,5,hybrid_coast
logistic,205,1,high,1,0.999996,True,True,True,4.585,77,75,14,14,large_dark
logistic,206,1,high,1,0.999998,True,True,True,4.742,77,75,14,14,large_dark
logistic,207,1,high,1,0.999999,True,True,True,4.91,77,75,14,14,large_dark
logistic,208,1,high,1,0.999999,True,True,True,5.092,77,75,14,14,large_dark
logistic,209,1,high,2,0.999999,True,True,True,3.493,86,78,5,5,map
logistic,210,1,high,1,0.999999,True,True,True,5.154,77,76,14,14,large_dark
logistic,211,1,high,1,0.999999,True,True,True,5.325,77,76,14,14,large_dark
logistic,212,1,high,7,1.0,True,True,True,6.339,86,76,5,5,hybrid_coast
logistic,213,1,high,5,0.999993,True,True,True,6.628,86,76,5,5,hybrid_coast
logistic,214,1,high,14,0.999986,False,True,True,8.44,90,75,5,5,hybrid_coast
logistic,215,1,high,6,0.999999,True,True,True,3.276,86,80,5,5,map
logistic,216,1,high,3,0.999989,True,True,True,3.92,84,81,5,5,hybrid_coast
logistic,217,1,high,1,0.999999,True,True,True,7.043,76,77,14,14,large_dark
logistic,218,1,high,1,0.999999,True,True,True,7.228,76,77,14,14,large_dark
logistic,219,1,high,1,1.0,True,True,True,7.111,76,78,14,14,large_dark
logistic,220,1,high,2,0.999998,True,True,True,4.301,85,81,5,5,hybrid_coast
logistic,221,1,high,1,0.999999,True,True,True,3.797,87,81,5,5,hybrid_coast
logistic,222,1,high,1,1.0,True,True,True,7.262,76,78,14,14,large_dark
logistic,223,1,high,1,1.0,True,True,True,7.276,76,78,14,14,large_dark
logistic,224,1,high,1,1.0,True,True,True,6.926,76,79,14,14,large_dark
logistic,225,1,high,1,1.0,True,True,True,6.639,76,80,14,14,large_dark
logistic,226,1,high,1,1.0,True,True,True,6.609,76,80,14,14,large_dark
logistic,227,1,high,6,1.0,True,True,True,2.434,87,84,5,5,hybrid_coast
logistic,228,1,high,1,1.0,True,True,True,3.818,84,84,5,5,hybrid_coast
logistic,229,1,high,2,1.0,True,True,True,3.376,85,84,5,5,hybrid_coast
logistic,230,1,high,1,1.0,False,True,True,8.035,74,82,14,14,large_dark
logistic,231,1,high,1,1.0,True,True,True,7.971,74,82,14,14,large_dark
logistic,232,1,high,1,1.0,True,True,True,7.908,74,82,14,14,large_dark
logistic,233,1,high,1,1.0,True,True,True,7.864,74,82,14,14,large_dark
logistic,234,1,high,1,1.0,True,True,True,7.647,74,83,14,14,large_dark
logistic,235,1,high,4,0.999999,True,True,True,4.709,83,85,5,5,hybrid_coast
logistic,236,1,high,1,0.999996,True,True,True,7.767,75,80,14,14,large_dark
logistic,237,1,high,2,0.999989,True,True,True,6.358,80,84,7,7,map
logistic,238,1,high,8,0.999989,True,True,True,2.365,88,90,5,5,hybrid_coast
logistic,239,1,high,1,0.999989,False,True,True,8.187,73,84,14,14,large_dark
logistic,240,1,high,2,1.0,True,True,True,4.031,82,88,5,5,map
logistic,241,1,high,3,0.999999,True,True,True,2.924,83,88,5,5,hybrid_coast
logistic,242,1,high,2,0.999998,True,True,True,4.293,81,88,5,5,hybrid_coast
logistic,243,1,high,6,0.999998,True,True,True,3.127,82,88,5,5,hybrid_coast
logistic,244,1,high,2,1.0,True,True,True,4.569,80,88,5,5,map
logistic,245,1,high,5,0.999997,True,True,True,2.568,82,88,5,5,hybrid_coast
logistic,246,1,high,6,0.999998,True,True,True,0.832,84,89,5,5,hybrid_coast
logistic,247,1,high,1,1.0,True,True,True,6.778,72,86,14,14,large_dark
logistic,248,1,high,1,1.0,True,True,True,6.463,72,86,14,14,large_dark
logistic,249,1,high,1,1.0,True,True,True,6.15,72,86,14,14,large_dark
logistic,250,1,high,4,0.999999,True,True,True,1.521,82,91,5,5,hybrid_coast
logistic,251,1,high,6,1.0,True,True,True,1.074,81,90,5,5,hybrid_coast
logistic,252,1,high,1,1.0,True,True,True,6.198,71,86,14,14,large_dark
logistic,253,1,high,1,1.0,True,True,True,5.889,71,86,14,14,large_dark
logistic,254,1,high,1,1.0,True,True,True,6.561,70,86,14,14,large_dark
logistic,255,1,high,1,0.999999,True,True,True,2.905,78,88,5,5,map
logistic,256,1,high,1,0.999999,True,True,True,2.707,76,82,14,14,large_dark
logistic,257,1,high,1,0.999999,True,True,True,2.706,76,82,14,14,large_dark
logistic,258,1,high,1,0.999999,True,True,True,2.735,76,82,14,14,large_dark
logistic,259,1,high,1,1.0,True,True,True,2.803,76,82,14,14,large_dark
logistic,260,1,high,1,1.0,True,True,True,4.743,70,86,14,14,large_dark
logistic,261,1,high,1,1.0,True,True,True,2.977,75,82,14,14,large_dark
logistic,262,1,high,1,1.0,True,True,True,3.412,75,82,14,14,large_dark
logistic,263,1,high,1,1.0,True,True,True,3.848,75,82,14,14,large_dark
logistic,264,1,high,2,0.999999,True,True,True,1.825,81,91,4,5,hybrid_coast
logistic,265,1,high,2,0.999999,True,True,True,3.574,82,89,4,5,hybrid_coast
logistic,266,1,high,1,0.999998,True,True,True,4.05,74,83,14,14,large_dark
logistic,267,1,high,5,0.999999,True,True,True,7.814,85,87,4,5,hybrid_coast
logistic,268,1,high,1,0.999998,True,True,True,3.901,74,84,14,14,large_dark
logistic,269,1,high,3,0.999997,True,True,True,7.792,84,87,4,5,hybrid_coast
logistic,270,1,high,2,0.999998,True,True,True,2.574,81,92,4,5,hybrid_coast
logistic,271,1,high,2,0.999997,True,True,True,5.736,82,89,4,5,hybrid_coast
logistic,272,1,high,2,0.999998,True,True,True,7.428,84,89,4,5,hybrid_coast
logistic,273,1,high,3,0.999999,True,True,True,6.529,82,89,4,5,hybrid_coast
logistic,274,1,high,4,0.999997,True,True,True,1.451,77,95,4,5,hybrid_coast
logistic,275,1,high,2,0.999999,True,True,True,2.737,76,94,4,5,hybrid_coast
logistic,276,1,high,5,0.999995,True,True,True,5.825,75,91,4,5,hybrid_coast
logistic,277,1,high,5,0.999998,True,True,True,5.308,75,92,4,5,hybrid_coast
logistic,278,1,high,6,0.999998,True,True,True,6.037,82,92,4,5,hybrid_coast
logistic,279,1,high,17,0.999988,True,True,True,7.072,83,92,4,5,hybrid_coast
logistic,280,2,high,11,0.999858,True,True,True,2.693,79,100,4,5,hybrid_coast
logistic,281,2,medium_high,1,0.997486,True,True,True,1.609,73,92,14,14,large_dark
logistic,282,2,medium_high,2,0.998818,True,True,True,2.667,75,99,4,5,hybrid_coast
logistic,283,2,medium_high,2,0.995646,True,True,True,3.54,74,100,4,5,hybrid_coast
logistic,284,2,medium_high,3,0.998386,True,True,True,3.479,74,101,4,5,hybrid_coast
logistic,285,2,medium_high,2,0.996341,True,True,True,3.17,74,101,4,5,hybrid_coast
logistic,286,2,medium_high,1,0.959706,True,True,True,1.914,73,95,14,14,large_dark
logistic,287,2,medium_high,3,0.970314,True,True,True,3.988,73,103,4,5,hybrid_coast
logistic,288,2,medium_high,4,0.951754,True,True,True,3.667,75,99,4,5,hybrid_coast
logistic,289,2,medium_high,10,0.982329,True,True,True,3.875,79,100,4,5,hybrid_coast
logistic,290,2,medium_high,12,0.954763,True,True,True,4.451,79,100,4,5,hybrid_coast
logistic,291,2,medium_high,8,0.949741,True,True,True,4.532,78,100,4,5,hybrid_coast
logistic,292,2,medium_high,13,0.92726,True,True,True,6.075,78,99,4,5,hybrid_coast
logistic,293,2,medium_high,1,0.772759,True,True,True,1.747,72,102,14,14,large_dark
logistic,294,2,medium_high,2,0.904404,True,True,True,2.39,77,104,4,5,hybrid_coast
logistic,295,2,medium_high,11,0.768995,False,True,True,9.857,78,97,4,5,hybrid_coast
logistic,296,2,medium_high,5,0.712369,True,True,True,4.177,78,104,4,5,hybrid_coast
logistic,297,2,medium_high,3,0.821313,False,True,True,8.815,78,116,4,5,hybrid_coast
logistic,298,2,medium_high,3,0.611142,True,True,True,7.404,78,115,4,5,hybrid_coast
logistic,299,2,medium_high,2,0.653344,True,True,True,7.377,80,114,4,5,hybrid_coast
logistic,300,2,medium_high,9,0.815616,True,True,True,6.519,81,110,4,5,hybrid_coast
logistic,301,2,medium_high,17,0.497166,True,True,True,7.376,82,110,4,5,hybrid_coast
logistic,302,2,medium_high,19,0.596186,False,True,True,15.35,84,123,4,5,hybrid_coast
logistic,303,2,medium_high,24,0.496105,False,True,True,13.263,84,121,4,5,hybrid_coast
logistic,304,2,medium_high,2,0.88226,True,True,True,5.385,80,114,4,5,hybrid_coast
logistic,305,2,medium_high,10,0.862494,True,True,True,6.337,81,115,4,5,hybrid_coast
logistic,306,2,medium_high,4,0.778067,True,True,True,5.062,80,115,4,5,hybrid_coast
logistic,307,2,medium_high,5,0.633139,True,True,True,6.013,81,116,4,5,hybrid_coast
logistic,308,2,medium_high,1,0.469597,True,True,True,4.272,72,114,14,14,large_dark
logistic,309,2,medium_high,3,0.823736,True,True,True,5.235,80,118,4,5,hybrid_coast
logistic,310,2,medium_high,4,0.938643,True,True,True,5.303,81,115,4,5,hybrid_coast
logistic,311,2,medium_high,7,0.723343,True,True,True,3.187,78,114,4,5,hybrid_coast
logistic,312,2,medium_high,3,0.853062,True,True,True,5.0,80,120,4,5,hybrid_coast
logistic,313,2,medium_high,3,0.893759,False,True,True,8.025,81,124,4,5,hybrid_coast
logistic,314,2,medium_high,16,0.731101,True,True,True,5.799,82,119,4,5,hybrid_coast
logistic,315,2,medium_high,25,0.711364,True,True,True,7.675,84,118,4,5,hybrid_coast
logistic,316,2,medium_high,29,0.464076,False,True,True,9.823,86,117,4,5,hybrid_coast
logistic,317,2,medium_high,2,0.621305,True,True,True,5.423,79,125,4,5,hybrid_coast
logistic,318,2,medium_high,7,0.637643,True,True,True,3.482,80,122,4,5,hybrid_coast
logistic,319,2,medium_high,15,0.390089,True,True,True,4.172,81,122,4,5,hybrid_coast
logistic,320,2,medium_high,6,0.710541,True,True,True,4.123,78,126,4,5,hybrid_coast
logistic,321,2,medium_high,5,0.800028,True,True,True,4.209,76,118,4,5,hybrid_coast
logistic,322,2,medium_high,4,0.870356,True,True,True,5.286,76,117,4,5,hybrid_coast
logistic,323,2,medium_high,14,0.801244,True,True,True,7.926,80,115,4,5,hybrid_coast
logistic,324,2,medium_high,5,0.838415,True,True,True,3.189,79,120,4,5,hybrid_coast
logistic,325,2,medium_high,7,0.873173,True,True,True,5.475,80,118,4,5,hybrid_coast
logistic,326,2,medium_high,5,0.645059,True,True,True,2.843,78,120,4,5,hybrid_coast
logistic,327,2,medium_high,2,0.661732,True,True,True,2.531,79,124,4,5,hybrid_coast
logistic,328,2,medium_high,10,0.797312,True,True,True,6.624,80,117,4,5,hybrid_coast
logistic,329,2,medium_high,16,0.734547,False,True,True,9.467,82,115,4,5,hybrid_coast
logistic,330,2,medium_high,23,0.650228,False,True,True,12.352,84,113,4,5,hybrid_coast
logistic,331,2,medium_high,8,0.96254,True,True,True,5.251,80,119,4,5,hybrid_coast
logistic,332,2,medium_high,2,0.750958,True,True,True,3.624,79,126,4,5,hybrid_coast
logistic,333,2,medium_high,5,0.840607,True,True,True,4.681,80,120,4,5,hybrid_coast
logistic,334,2,medium_high,8,0.864289,True,True,True,5.384,82,124,4,5,hybrid_coast
logistic,335,2,medium_high,6,0.967222,True,True,True,5.995,79,118,4,5,hybrid_coast
logistic,336,2,medium_high,7,0.935725,True,True,True,7.023,79,117,4,5,hybrid_coast
logistic,337,2,medium_high,12,0.935308,False,True,True,9.345,80,115,4,5,hybrid_coast
logistic,338,2,medium_high,9,0.978385,False,True,True,8.176,79,116,4,5,hybrid_coast
logistic,339,2,medium_high,7,0.970516,False,True,True,8.051,75,116,4,5,hybrid_coast
logistic,340,2,medium_high,4,0.996778,True,True,True,5.315,80,120,4,5,hybrid_coast
logistic,341,2,medium_high,11,0.968754,False,True,True,11.911,78,112,4,5,hybrid_coast
logistic,342,2,medium_high,17,0.97376,True,True,True,6.367,81,119,4,5,hybrid_coast
logistic,343,2,medium_high,5,0.911011,True,True,True,5.621,78,118,4,5,hybrid_coast
logistic,344,2,medium_high,7,0.968136,True,True,True,5.738,79,118,4,5,hybrid_coast
logistic,345,2,medium_high,5,0.97518,True,True,True,3.779,80,121,4,5,hybrid_coast
logistic,346,2,medium_high,14,0.941311,True,True,True,5.849,82,120,4,5,hybrid_coast
logistic,347,2,medium_high,5,0.912408,True,True,True,3.899,78,119,4,5,hybrid_coast
logistic,348,2,medium_high,6,0.863464,True,True,True,4.687,78,118,4,5,hybrid_coast
logistic,349,2,medium_high,24,0.662668,False,False,True,24.171,62,96,14,14,large_dark
logistic,350,2,medium_high,2,0.994082,True,True,True,3.553,80,120,4,5,hybrid_coast
logistic,351,2,medium_high,2,0.828043,True,True,True,3.148,78,119,4,5,hybrid_coast
logistic,352,2,medium_high,3,0.974552,True,True,True,3.312,79,119,4,5,hybrid_coast
logistic,353,2,medium_high,2,0.913971,True,True,True,3.762,78,118,4,5,hybrid_coast
logistic,354,2,medium_high,3,0.968667,True,True,True,3.835,79,118,4,5,hybrid_coast
logistic,355,2,medium_high,2,0.994682,True,True,True,3.396,78,118,4,5,hybrid_coast
logistic,356,2,medium_high,5,0.981484,True,True,True,4.397,79,117,4,5,hybrid_coast
logistic,357,2,medium_high,4,0.983379,True,True,True,4.207,79,117,4,5,hybrid_coast
logistic,358,2,medium_high,2,0.865389,True,True,True,5.191,76,116,4,5,hybrid_coast
logistic,359,2,medium_high,2,0.895749,True,True,True,7.547,72,116,4,5,hybrid_coast
logistic,360,2,medium_high,2,0.984187,True,True,True,4.5,78,116,4,5,hybrid_coast
logistic,361,2,medium_high,6,0.909312,False,True,True,12.365,70,111,4,5,hybrid_coast
logistic,362,2,medium_high,2,0.949666,True,True,True,6.174,75,115,4,5,hybrid_coast
logistic,363,2,medium_high,5,0.942101,False,True,True,9.388,71,114,4,5,hybrid_coast
logistic,364,2,medium_high,3,0.973876,True,True,True,7.912,75,113,4,5,hybrid_coast
logistic,365,2,medium_high,5,0.972948,False,True,True,10.76,71,112,4,5,hybrid_coast
logistic,366,2,medium_high,10,0.718483,False,True,True,15.704,68,108,4,5,hybrid_coast
logistic,367,2,medium_high,5,0.962841,True,True,True,1.847,77,121,2,2,motion
logistic,368,2,medium_high,39,0.767994,False,False,True,25.88,88,95,14,14,large_dark
logistic,369,2,medium_high,3,0.537925,True,True,True,3.063,74,121,5,3,hybrid_coast
logistic,370,2,medium_high,4,0.57816,False,True,True,10.078,70,114,5,3,hybrid_coast
logistic,371,2,medium_high,4,0.522392,False,True,True,10.764,70,113,5,3,hybrid_coast
logistic,372,2,medium_high,26,0.789683,False,False,True,28.591,58,91,14,14,large_dark
logistic,373,2,medium_high,1,0.410054,True,True,True,6.138,70,110,14,14,large_dark
logistic,374,2,medium_high,1,0.570226,True,True,True,5.798,71,110,14,14,large_dark
logistic,375,2,medium_high,2,0.728194,False,True,True,11.455,74,110,5,3,hybrid_coast
logistic,376,2,medium_high,2,0.63912,False,True,True,9.492,74,112,5,3,hybrid_coast
logistic,377,2,medium_high,13,0.64233,False,False,True,26.526,60,92,14,14,large_dark
logistic,378,2,medium_high,19,0.889284,False,False,True,27.291,93,98,14,14,large_dark
logistic,379,2,medium_high,19,0.903473,False,False,True,28.091,94,98,14,14,large_dark
logistic,380,2,medium_high,4,0.85799,False,True,True,10.308,74,111,5,3,hybrid_coast
logistic,381,2,medium_high,2,0.633784,False,True,True,10.805,73,111,5,3,hybrid_coast
logistic,382,2,medium_high,24,0.635583,False,False,True,24.889,60,94,14,14,large_dark
logistic,383,2,medium_high,1,0.558082,False,True,True,8.525,72,108,14,14,large_dark
logistic,384,2,medium_high,9,0.807938,False,False,True,25.186,60,94,14,14,large_dark
logistic,385,2,medium_high,23,0.757764,False,False,True,25.343,60,94,14,14,large_dark
logistic,386,2,medium_high,9,0.89944,False,False,True,25.513,60,94,14,14,large_dark
logistic,387,2,medium_high,13,0.909101,False,False,True,24.392,61,95,14,14,large_dark
logistic,388,2,medium_high,7,0.805421,False,False,True,24.58,61,95,14,14,large_dark
logistic,389,2,medium_high,15,0.68906,False,False,True,23.511,62,96,14,14,large_dark
logistic,390,2,medium_high,3,0.776313,False,True,True,11.231,72,108,14,14,large_dark
logistic,391,2,medium_high,7,0.683166,False,False,True,23.956,62,96,14,14,large_dark
logistic,392,2,medium_high,3,0.617423,False,True,True,12.049,72,108,14,14,large_dark
logistic,393,2,medium_high,3,0.49082,False,True,True,12.457,72,108,14,14,large_dark
logistic,394,2,medium_high,4,0.59653,False,True,False,12.88,72,108,14,14,large_dark
logistic,395,2,medium_high,5,0.591629,False,True,False,13.307,72,108,14,14,large_dark
logistic,396,2,medium_high,5,0.457202,False,True,False,13.723,72,108,14,14,large_dark
logistic,397,2,medium_high,5,0.442138,False,True,True,14.155,72,108,14,14,large_dark
logistic,398,2,medium_high,1,0.372717,False,False,True,23.716,62,98,14,14,large_dark
logistic,399,2,medium_high,13,0.348331,False,True,True,15.007,72,108,14,14,large_dark
logistic,400,2,medium_high,16,0.499085,False,False,True,16.348,72,107,14,14,large_dark
logistic,401,2,medium_high,16,0.486214,False,True,True,15.639,72,107,14,14,large_dark
logistic,402,2,medium_high,17,0.668457,False,True,True,14.931,72,107,14,14,large_dark
logistic,403,2,medium_high,15,0.605301,False,True,True,14.224,72,107,14,14,large_dark
logistic,404,2,medium_high,10,0.703931,False,True,True,14.456,72,106,14,14,large_dark
logistic,405,2,medium_high,11,0.718659,False,True,True,13.757,72,106,14,14,large_dark
logistic,406,2,medium_high,9,0.660588,False,True,True,13.06,72,106,14,14,large_dark
logistic,407,2,medium_high,10,0.698883,False,True,False,12.366,72,106,14,14,large_dark
logistic,408,2,medium_high,20,0.831024,False,False,False,18.399,66,99,14,14,hybrid_coast
logistic,409,2,medium_high,11,0.584665,False,True,True,10.99,72,106,14,14,large_dark
logistic,410,2,medium_high,12,0.530398,False,True,True,10.308,72,106,14,14,large_dark
logistic,411,2,medium_high,7,0.424587,False,True,True,9.632,72,106,14,14,large_dark
logistic,412,2,medium_high,11,0.53867,False,True,False,9.946,72,105,14,14,large_dark
logistic,413,2,medium_high,14,0.432997,False,True,False,9.291,72,105,14,14,large_dark
logistic,414,2,medium_high,21,0.446049,False,True,True,9.642,72,104,14,14,large_dark
logistic,415,2,medium_high,26,0.634215,False,True,True,9.014,72,104,14,14,large_dark
logistic,416,2,medium_high,23,0.660441,False,True,False,8.401,72,104,14,14,large_dark
logistic,417,2,medium_high,35,0.704795,False,True,True,8.633,77,105,12,12,map
logistic,418,2,medium_high,33,0.679966,False,True,True,8.386,78,105,12,12,map
logistic,419,2,medium_high,41,0.562603,False,True,True,8.134,77,104,12,12,map
logistic,420,3,medium_high,58,0.666221,False,True,True,8.515,70,115,4,5,appearance
logistic,421,3,medium_high,55,0.461472,False,True,False,9.651,69,116,4,5,appearance
logistic,422,3,medium_high,1,0.372179,False,False,True,77.196,0,86,14,14,large_dark
logistic,423,3,medium_high,1,0.365482,False,False,False,77.135,0,86,14,14,large_dark
logistic,424,3,medium_high,2,0.237199,False,False,True,77.075,0,86,14,14,large_dark
logistic,425,3,medium_high,3,0.840842,False,False,True,70.677,10,90,7,7,map
logistic,426,3,medium_high,3,0.518114,False,False,True,68.719,12,90,7,7,hybrid_coast
logistic,427,3,medium_high,7,0.53057,False,False,True,61.134,20,90,7,7,hybrid_coast
logistic,428,3,medium_high,3,0.532509,False,False,True,72.392,8,90,7,7,hybrid_coast
logistic,429,3,medium_high,4,0.675848,False,False,True,72.332,8,90,7,7,hybrid_coast
logistic,430,3,medium_high,7,0.723913,False,False,False,59.985,21,90,7,7,hybrid_coast
logistic,431,3,medium_high,3,0.573824,False,True,False,15.287,86,99,14,14,large_dark
logistic,432,3,medium_high,4,0.640376,False,False,True,72.803,6,95,7,7,hybrid_coast
logistic,433,3,medium_high,3,0.446023,False,False,True,73.346,7,89,7,7,hybrid_coast
logistic,434,3,medium_high,3,0.769537,False,False,False,16.189,88,100,14,14,large_dark
logistic,435,3,medium_high,6,0.86875,False,False,True,80.506,0,87,7,7,hybrid_coast
logistic,436,3,medium_high,6,0.860228,False,False,False,80.164,0,88,7,7,hybrid_coast
logistic,437,3,medium_high,2,0.884529,False,False,True,16.847,89,100,14,14,large_dark
logistic,438,3,medium_high,2,0.917604,False,False,True,16.769,89,100,14,14,large_dark
logistic,439,3,medium_high,2,0.828363,False,False,True,17.626,90,100,14,14,large_dark
logistic,440,3,medium_high,4,0.861855,False,False,True,79.682,0,89,7,7,hybrid_coast
logistic,441,3,medium,5,0.912264,False,False,True,16.888,90,100,14,14,large_dark
logistic,442,3,medium,4,0.981627,False,False,True,46.089,124,120,5,5,map
logistic,443,3,medium,7,0.880889,False,False,True,16.265,91,101,14,14,large_dark
logistic,444,3,medium,9,0.880491,False,False,True,16.611,92,101,14,14,large_dark
logistic,445,3,medium,5,0.871908,False,False,True,82.04,0,88,7,7,hybrid_coast
logistic,446,3,medium,5,0.847978,False,False,True,82.249,0,89,7,7,hybrid_coast
logistic,447,3,medium,2,0.931191,False,False,True,82.114,0,92,7,7,hybrid_coast
logistic,448,3,medium,4,0.888398,False,False,True,82.578,0,92,7,7,hybrid_coast
logistic,449,3,medium,3,0.921629,False,False,True,83.046,0,92,7,7,hybrid_coast
logistic,450,3,low_medium,3,0.972608,False,False,True,83.518,0,92,7,7,hybrid_coast
logistic,451,3,low_medium,3,0.941803,False,False,True,83.553,0,92,7,7,hybrid_coast
logistic,452,3,low_medium,3,0.940258,False,False,True,84.08,0,92,7,7,hybrid_coast
logistic,453,3,low_medium,3,0.910223,False,False,True,84.125,0,92,7,7,hybrid_coast
logistic,454,3,low_medium,3,0.885,False,False,True,84.73,0,92,7,7,hybrid_coast
logistic,455,3,low_medium,4,0.928815,False,False,True,85.259,0,92,7,7,hybrid_coast
logistic,456,3,low_medium,4,0.887589,False,False,True,85.292,0,92,7,7,hybrid_coast
logistic,457,3,low_medium,7,0.946218,False,False,True,85.899,0,92,7,7,hybrid_coast
logistic,458,3,low_medium,5,0.999509,False,False,True,20.911,66,106,3,3,hybrid_coast
logistic,459,3,low_medium,2,0.996856,False,False,True,29.677,58,104,3,3,hybrid_coast
logistic,460,3,low_medium,13,0.995972,False,False,True,22.92,65,108,3,3,hybrid_coast
logistic,461,3,low_medium,25,0.996451,False,False,True,26.46,62,103,3,3,hybrid_coast
logistic,462,3,low_medium,6,0.998896,False,False,True,30.709,58,105,3,3,hybrid_coast
logistic,463,3,low_medium,5,0.996789,False,False,True,31.05,58,103,3,3,hybrid_coast
logistic,464,3,low_medium,9,0.997854,False,False,True,31.348,58,105,3,3,hybrid_coast
logistic,465,3,low_medium,3,0.999499,False,False,True,32.502,58,102,3,3,hybrid_coast
logistic,466,3,low_medium,23,0.997691,False,False,True,27.673,62,109,3,3,hybrid_coast
logistic,467,3,low_medium,7,0.994597,False,False,True,32.661,58,104,3,3,hybrid_coast
logistic,468,3,low_medium,22,0.984897,False,False,True,33.091,58,102,3,3,hybrid_coast
logistic,469,3,low_medium,31,0.985414,False,False,True,33.506,58,103,3,3,hybrid_coast
logistic,470,3,low_medium,3,0.986571,False,False,True,36.648,52,92,14,14,large_dark
logistic,471,3,low_medium,2,0.99239,False,False,False,36.675,52,92,14,14,large_dark
logistic,472,3,low_medium,11,0.987187,False,False,False,37.342,52,92,14,14,large_dark
logistic,473,3,low_medium,12,0.984958,False,False,False,37.378,52,92,14,14,large_dark
logistic,474,3,low_medium,15,0.977735,False,False,True,38.047,52,92,14,14,large_dark
logistic,475,3,low_medium,31,0.980237,False,False,True,39.653,51,92,14,14,large_dark
logistic,476,3,low_medium,20,0.969072,False,False,True,40.684,133,124,1,5,hybrid_coast
logistic,477,3,low_medium,36,0.920893,False,False,False,39.529,52,93,14,14,large_dark
logistic,478,3,low_medium,3,0.886832,False,False,False,25.505,119,114,5,5,hybrid_coast
logistic,479,3,low_medium,32,0.903176,False,False,False,40.841,51,94,14,14,large_dark
logistic,480,3,low_medium,3,0.954277,False,False,True,24.083,119,116,5,5,hybrid_coast
logistic,481,3,low_medium,3,0.90343,False,False,True,26.022,121,116,5,5,hybrid_coast
logistic,482,3,low_medium,9,0.939415,False,False,False,31.368,126,121,5,5,hybrid_coast
logistic,483,3,low_medium,9,0.920678,False,False,False,30.378,125,121,5,5,hybrid_coast
logistic,484,3,low_medium,1,0.907254,True,True,True,3.808,80,108,14,14,large_dark
logistic,485,3,low_medium,1,0.945669,True,True,True,3.759,80,108,14,14,large_dark
logistic,486,3,low_medium,1,0.952392,True,True,True,3.702,80,108,14,14,large_dark
logistic,487,3,low_medium,1,0.973126,True,True,True,3.653,80,108,14,14,large_dark
logistic,488,3,low_medium,1,0.970065,True,True,True,3.597,80,108,14,14,large_dark
logistic,489,3,low_medium,1,0.96078,True,True,True,3.541,80,108,14,14,large_dark
logistic,490,3,low_medium,1,0.973793,True,True,True,3.485,80,108,14,14,large_dark
logistic,491,3,low_medium,1,0.970478,True,True,True,3.436,80,108,14,14,large_dark
logistic,492,3,low_medium,1,0.976056,True,True,True,3.379,80,108,14,14,large_dark
logistic,493,3,low_medium,1,0.96236,True,True,True,3.33,80,108,14,14,large_dark
logistic,494,3,low_medium,2,0.978498,True,True,True,2.909,80,108,14,14,large_dark
logistic,495,3,low_medium,2,0.994086,True,True,True,3.611,80,107,14,14,large_dark
logistic,496,3,low_medium,2,0.992962,True,True,True,3.555,80,107,14,14,large_dark
logistic,497,3,low_medium,10,0.999586,True,True,True,6.67,88,112,7,7,map
logistic,498,3,low_medium,22,0.997829,False,True,True,8.592,90,112,7,7,map
logistic,499,3,low_medium,3,0.997336,True,True,True,3.819,80,106,14,14,large_dark
logistic,500,3,low_medium,3,0.997567,True,True,True,3.765,80,106,14,14,large_dark
logistic,501,3,low_medium,3,0.998802,True,True,True,3.295,80,106,14,14,large_dark
logistic,502,3,low_medium,3,0.999039,True,True,True,3.24,80,106,14,14,large_dark
logistic,503,3,low_medium,4,0.998839,True,True,True,3.192,80,106,14,14,large_dark
logistic,504,3,low_medium,4,0.998868,True,True,True,3.07,80,106,14,14,large_dark
logistic,505,3,low_medium,3,0.998997,True,True,True,3.02,80,106,14,14,large_dark
logistic,506,3,low_medium,3,0.999666,True,True,True,3.328,80,105,14,14,large_dark
logistic,507,3,low_medium,3,0.999916,True,True,True,3.676,80,104,14,14,large_dark
logistic,508,3,low_medium,3,0.999771,True,True,True,3.62,80,104,14,14,large_dark
logistic,509,3,low_medium,3,0.999869,True,True,True,3.168,80,104,14,14,large_dark
logistic,510,3,low_medium,3,0.999828,True,True,True,3.111,80,104,14,14,large_dark
logistic,511,3,low_medium,3,0.999734,True,True,True,2.36,79,104,14,14,large_dark
logistic,512,3,low_medium,3,0.999962,True,True,True,3.612,79,102,14,14,large_dark
logistic,513,3,low_medium,5,0.999982,True,True,True,2.025,85,110,3,3,hybrid_coast
logistic,514,3,low_medium,6,0.999995,True,True,True,2.822,86,110,3,3,hybrid_coast
logistic,515,3,low_medium,5,0.999975,True,True,True,1.93,85,111,3,3,hybrid_coast
logistic,516,3,low_medium,7,0.999838,True,True,True,3.971,86,112,3,3,hybrid_coast
logistic,517,3,low_medium,5,0.999986,True,True,True,3.208,86,109,3,3,hybrid_coast
logistic,518,3,low_medium,5,0.999988,True,True,True,0.409,83,109,3,3,hybrid_coast
logistic,519,3,low_medium,5,0.999959,True,True,True,1.913,83,110,3,3,hybrid_coast
logistic,520,3,medium,9,0.999978,True,True,True,5.019,87,111,3,3,hybrid_coast
logistic,521,3,medium,5,0.999927,True,True,True,2.534,83,110,3,3,hybrid_coast
logistic,522,3,medium,5,0.999997,True,True,True,2.076,83,109,3,3,hybrid_coast
logistic,523,3,medium,5,0.999967,True,True,True,3.082,83,110,3,3,hybrid_coast
logistic,524,3,medium,5,0.999995,True,True,True,2.742,83,109,3,3,hybrid_coast
logistic,525,3,medium,3,0.999996,True,True,True,1.829,83,108,3,3,hybrid_coast
logistic,526,3,medium,3,0.999943,True,True,True,5.896,83,100,3,3,hybrid_coast
logistic,527,3,medium,1,0.999968,True,True,True,1.83,77,98,14,14,large_dark
logistic,528,3,medium,1,0.999964,True,True,True,1.785,77,98,14,14,large_dark
logistic,529,3,medium,3,1.0,True,True,True,2.125,83,106,3,3,hybrid_coast
logistic,530,3,medium,3,0.999999,True,True,True,3.023,83,107,3,3,hybrid_coast
logistic,531,3,medium,2,0.999994,True,True,True,2.919,79,104,3,3,hybrid_coast
logistic,532,3,medium,2,0.999997,True,True,True,2.59,79,104,3,3,hybrid_coast
logistic,533,3,medium,2,1.0,True,True,True,1.039,82,104,3,3,hybrid_coast
logistic,534,3,medium,2,1.0,True,True,True,1.518,82,104,3,3,hybrid_coast
logistic,535,3,medium,2,1.0,True,True,True,2.507,82,105,3,3,hybrid_coast
logistic,536,3,medium,3,0.99997,True,True,True,4.108,82,106,3,3,hybrid_coast
logistic,537,3,medium,3,0.999983,True,True,True,3.877,85,101,3,3,hybrid_coast
logistic,538,3,medium,2,0.99998,True,True,True,2.841,84,101,3,3,hybrid_coast
logistic,539,3,medium,2,0.999958,True,True,True,3.232,78,101,3,3,hybrid_coast
logistic,540,3,medium,2,0.999964,True,True,True,2.724,84,101,3,3,hybrid_coast
logistic,541,3,medium,3,0.999982,True,True,True,0.703,81,101,3,3,hybrid_coast
logistic,542,3,medium,2,0.999992,True,True,True,1.67,82,101,3,3,hybrid_coast
logistic,543,3,medium,3,0.99999,True,True,True,2.504,82,102,3,3,hybrid_coast
logistic,544,3,medium,10,0.999938,True,True,True,3.935,82,103,3,3,hybrid_coast
logistic,545,3,medium,6,0.999483,True,True,True,6.552,84,105,3,3,hybrid_coast
logistic,546,3,medium,11,0.999953,True,True,True,4.601,82,103,3,3,hybrid_coast
logistic,547,3,medium,3,0.999991,True,True,True,4.816,85,100,3,3,hybrid_coast
logistic,548,3,medium,3,0.999997,True,True,True,2.993,80,101,3,3,hybrid_coast
logistic,549,3,medium,3,0.999995,True,True,True,3.521,80,101,3,3,hybrid_coast
logistic,550,3,medium,2,0.999992,True,True,True,2.518,81,95,3,3,hybrid_coast
logistic,551,3,medium,2,0.999999,True,True,True,3.426,83,99,3,3,hybrid_coast
logistic,552,3,medium,7,0.999998,True,True,True,4.823,84,100,3,3,hybrid_coast
logistic,553,3,medium,8,0.999996,True,True,True,5.509,84,101,3,3,hybrid_coast
logistic,554,3,medium,2,0.999994,True,True,True,3.379,77,96,3,3,hybrid_coast
logistic,555,3,medium,2,0.999999,True,True,True,2.611,83,96,3,3,hybrid_coast
logistic,556,3,medium,6,0.999923,True,True,True,5.135,84,100,3,3,hybrid_coast
logistic,557,3,medium,3,0.999822,True,True,True,5.483,83,99,5,4,hybrid_coast
logistic,558,3,medium,4,0.999761,True,True,True,6.214,83,100,5,4,hybrid_coast
logistic,559,3,medium,1,0.999822,True,True,True,2.263,74,88,14,14,large_dark
logistic,560,4,medium,1,0.997326,True,True,True,2.238,74,88,14,14,large_dark
logistic,561,4,medium,1,0.998574,True,True,True,0.671,74,90,14,14,large_dark
logistic,562,4,medium,5,0.999233,True,True,True,6.192,69,92,14,14,large_dark
logistic,563,4,medium,5,0.999534,True,True,True,6.241,69,92,14,14,large_dark
logistic,564,4,medium,10,0.999674,True,True,True,0.921,74,90,14,14,large_dark
logistic,565,4,medium,4,0.999951,True,True,True,0.979,74,90,14,14,large_dark
logistic,566,4,medium,1,0.999976,True,True,True,1.035,74,90,14,14,large_dark
logistic,567,4,medium,1,0.999982,True,True,True,1.085,74,90,14,14,large_dark
logistic,568,4,medium,1,0.999969,True,True,True,1.14,74,90,14,14,large_dark
logistic,569,4,medium,1,0.999987,True,True,True,1.19,74,90,14,14,large_dark
logistic,570,4,medium,1,0.999973,True,True,True,1.245,74,90,14,14,large_dark
logistic,571,4,medium,1,0.999976,True,True,True,1.396,74,88,14,14,large_dark
logistic,572,4,medium,1,0.999975,True,True,True,1.377,74,88,14,14,large_dark
logistic,573,4,medium,1,0.999726,True,True,True,1.37,74,88,14,14,large_dark
logistic,574,4,medium,2,0.99995,True,True,True,0.869,80,94,5,5,map
logistic,575,4,medium,4,0.999988,True,True,True,2.27,77,94,5,5,hybrid_coast
logistic,576,4,medium,6,0.999995,True,True,True,1.911,78,95,5,5,hybrid_coast
logistic,577,4,medium,1,0.999998,True,True,True,4.128,76,96,5,5,hybrid_coast
logistic,578,4,medium,2,0.999995,True,True,True,3.43,77,96,5,5,hybrid_coast
logistic,579,4,medium,3,0.999959,True,True,True,5.39,83,97,5,5,hybrid_coast
logistic,580,4,medium_high,4,0.99992,False,True,True,11.705,84,97,5,5,hybrid_coast
logistic,581,4,medium_high,3,0.999997,True,True,True,4.0,77,93,5,5,hybrid_coast
logistic,582,4,medium_high,4,0.999994,True,True,True,4.173,78,97,1,3,motion
logistic,583,4,medium_high,6,1.0,True,True,True,4.911,79,97,1,3,hybrid_coast
logistic,584,4,medium_high,3,1.0,True,True,True,4.104,78,97,1,3,hybrid_coast
logistic,585,4,medium_high,3,0.99997,True,True,True,4.802,78,98,1,3,hybrid_coast
logistic,586,4,medium_high,5,1.0,True,True,True,3.081,78,95,1,3,hybrid_coast
logistic,587,4,medium_high,20,1.0,True,True,True,4.015,79,94,1,3,hybrid_coast
logistic,588,4,medium_high,4,1.0,True,True,True,3.4,78,96,1,3,hybrid_coast
logistic,589,4,medium_high,7,1.0,True,True,True,5.613,80,97,1,3,hybrid_coast
logistic,590,4,medium_high,2,1.0,True,True,True,3.202,77,97,1,3,hybrid_coast
logistic,591,4,medium_high,14,1.0,True,True,True,3.873,78,97,1,3,hybrid_coast
logistic,592,4,medium_high,2,1.0,True,True,True,2.6,74,96,5,5,map
logistic,593,4,medium_high,2,1.0,True,True,True,3.086,75,96,5,5,hybrid_coast
logistic,594,4,medium_high,4,1.0,True,True,True,4.614,77,96,5,5,hybrid_coast
logistic,595,4,medium_high,2,1.0,True,True,True,3.01,75,96,5,5,hybrid_coast
logistic,596,4,medium_high,9,1.0,True,True,True,5.936,78,97,5,5,hybrid_coast
logistic,597,4,medium_high,5,1.0,True,True,True,4.35,76,97,5,5,hybrid_coast
logistic,598,4,medium_high,17,1.0,True,True,True,5.883,78,97,5,5,hybrid_coast
logistic,599,4,medium_high,4,1.0,True,True,True,1.379,76,94,1,3,hybrid_coast
logistic,600,4,medium_high,8,1.0,True,True,True,2.236,77,96,1,3,hybrid_coast
logistic,601,4,medium_high,4,1.0,True,True,True,2.14,75,97,1,3,hybrid_coast
logistic,602,4,medium_high,20,1.0,True,True,True,2.704,76,97,1,3,hybrid_coast
logistic,603,4,medium_high,31,1.0,True,True,True,3.634,77,97,1,3,hybrid_coast
logistic,604,4,medium_high,2,1.0,True,True,True,2.5,72,96,5,5,map
logistic,605,4,medium_high,5,1.0,True,True,True,2.907,73,96,5,5,hybrid_coast
logistic,606,4,medium_high,2,1.0,True,True,True,1.677,72,95,1,3,hybrid_coast
logistic,607,4,medium_high,7,1.0,True,True,True,0.76,74,94,1,3,hybrid_coast
logistic,608,4,medium_high,24,1.0,True,True,True,3.162,76,93,1,3,hybrid_coast
logistic,609,4,medium_high,9,1.0,True,True,True,3.851,75,97,1,3,hybrid_coast
logistic,610,4,medium_high,26,1.0,True,True,True,7.267,79,97,1,3,hybrid_coast
logistic,611,4,high,6,1.0,True,True,True,5.762,74,97,5,5,hybrid_coast
logistic,612,4,high,4,1.0,True,True,True,4.61,73,96,5,5,hybrid_coast
logistic,613,4,high,6,1.0,True,True,True,6.38,75,96,5,5,hybrid_coast
logistic,614,4,high,5,0.999996,True,True,True,4.776,69,97,5,5,hybrid_coast
logistic,615,4,high,5,0.999994,True,True,True,6.13,71,98,5,5,hybrid_coast
logistic,616,4,high,6,0.999999,True,True,True,2.915,71,93,6,6,appearance
logistic,617,4,high,2,1.0,True,True,True,3.135,69,95,5,5,hybrid_coast
logistic,618,4,high,6,1.0,True,True,True,6.388,74,95,5,5,hybrid_coast
logistic,619,4,high,12,1.0,True,True,True,6.458,73,96,5,5,hybrid_coast
logistic,620,4,high,4,1.0,True,True,True,2.062,70,92,5,5,hybrid_coast
logistic,621,4,high,6,1.0,True,True,True,6.166,74,92,5,5,hybrid_coast
logistic,622,4,high,9,1.0,True,True,True,6.313,74,92,5,5,hybrid_coast
logistic,623,4,high,6,1.0,True,True,True,4.464,72,92,5,5,hybrid_coast
logistic,624,4,high,4,1.0,True,True,True,4.61,72,92,5,5,hybrid_coast
logistic,625,4,high,3,1.0,True,True,True,3.182,69,94,6,5,hybrid_coast
logistic,626,4,high,2,1.0,True,True,True,0.922,68,92,5,5,map
logistic,627,4,high,2,1.0,True,True,True,1.351,68,91,5,5,hybrid_coast
logistic,628,4,high,2,1.0,True,True,True,3.041,69,94,5,5,hybrid_coast
logistic,629,4,high,4,1.0,True,True,True,5.452,72,93,5,5,hybrid_coast
logistic,630,4,high,3,1.0,True,True,True,2.693,69,93,5,5,hybrid_coast
logistic,631,4,high,4,1.0,True,True,True,2.815,69,93,5,5,hybrid_coast
logistic,632,4,high,3,1.0,True,True,True,4.249,70,94,5,5,hybrid_coast
logistic,633,4,high,7,1.0,False,True,True,10.121,76,94,5,5,hybrid_coast
logistic,634,4,high,6,1.0,False,True,True,10.259,76,94,5,5,hybrid_coast
logistic,635,4,high,11,1.0,False,True,True,9.414,75,94,5,5,hybrid_coast
logistic,636,4,high,3,1.0,True,True,True,2.683,68,94,5,4,appearance
logistic,637,4,high,9,1.0,True,True,True,6.65,72,94,5,4,hybrid_coast
logistic,638,4,high,8,1.0,True,True,True,5.148,70,94,5,6,hybrid_coast
logistic,639,4,high,17,1.0,False,True,True,10.901,76,93,5,6,hybrid_coast
logistic,640,4,high,8,1.0,True,True,True,3.808,69,94,4,5,hybrid_coast
logistic,641,4,high,13,1.0,True,True,True,6.782,72,94,4,5,hybrid_coast
logistic,642,4,high,3,1.0,True,True,True,2.823,62,94,5,6,hybrid_coast
logistic,643,4,high,2,1.0,True,True,True,1.727,66,94,5,6,hybrid_coast
logistic,644,4,high,13,1.0,True,True,True,4.866,69,93,5,6,hybrid_coast
logistic,645,4,high,22,1.0,True,True,True,6.129,70,93,5,6,hybrid_coast
logistic,646,4,high,2,1.0,True,True,True,2.435,63,97,5,6,hybrid_coast
logistic,647,4,high,2,1.0,True,True,True,3.858,61,98,5,6,hybrid_coast
logistic,648,4,high,3,0.999999,True,True,True,3.453,64,99,5,6,hybrid_coast
logistic,649,4,high,3,0.999999,True,True,True,2.035,65,97,5,6,hybrid_coast
logistic,650,4,high,4,1.0,True,True,True,6.265,66,91,5,6,hybrid_coast
logistic,651,4,high,3,1.0,True,True,True,6.701,69,97,5,6,hybrid_coast
logistic,652,4,high,2,0.999999,True,True,True,1.746,62,99,5,6,hybrid_coast
logistic,653,4,high,3,0.999994,True,True,True,4.701,65,100,5,6,hybrid_coast
logistic,654,4,high,2,0.999994,True,True,True,2.247,61,96,5,6,hybrid_coast
logistic,655,4,high,2,0.999886,True,True,True,2.55,60,96,5,6,hybrid_coast
logistic,656,4,high,1,0.99944,True,True,True,6.297,65,100,5,6,hybrid_coast
logistic,657,4,high,9,0.998929,True,True,True,5.908,63,96,5,6,hybrid_coast
logistic,658,4,high,10,0.997752,True,True,True,3.981,61,98,5,6,hybrid_coast
logistic,659,4,high,2,0.997291,True,True,True,2.766,55,95,12,12,map
logistic,660,4,high,4,0.963564,True,True,True,5.408,59,96,5,6,hybrid_coast
logistic,661,4,high,49,0.987008,False,False,True,66.638,58,168,5,5,map
logistic,662,4,high,43,0.989294,False,False,True,70.202,56,172,5,5,map
logistic,663,4,high,42,0.984555,False,False,True,69.836,53,172,5,5,map
logistic,664,4,high,34,0.996482,False,False,True,73.407,54,176,5,5,map
logistic,665,4,high,61,0.960707,False,False,True,61.097,87,156,3,4,appearance
logistic,666,4,high,29,0.930839,False,False,True,78.729,50,182,5,5,map
logistic,667,4,high,20,0.989323,False,False,True,82.613,46,186,5,5,map
logistic,668,4,high,1,0.826993,False,False,True,22.741,63,118,14,14,large_dark
logistic,669,4,high,36,0.808958,False,False,True,89.507,89,189,2,2,motion
logistic,670,4,high,8,0.591676,False,False,True,81.403,119,146,9,14,hybrid_coast
logistic,671,4,high,3,0.885271,True,True,True,2.688,50,99,12,12,map
logistic,672,4,high,29,0.653401,False,False,True,119.088,42,223,7,7,hybrid_coast
logistic,673,4,high,1,0.564263,False,False,True,25.048,66,118,14,14,large_dark
logistic,674,4,high,1,0.62467,False,False,True,25.279,66,118,14,14,large_dark
logistic,675,4,high,65,0.715994,False,False,True,42.955,72,136,14,14,large_dark
logistic,676,4,medium_high,1,0.649307,False,False,True,27.321,68,118,14,14,large_dark
logistic,677,4,medium_high,1,0.785847,False,False,True,27.59,68,118,14,14,large_dark
logistic,678,4,medium_high,1,0.82216,False,False,True,27.865,68,118,14,14,large_dark
logistic,679,4,medium_high,1,0.820427,False,False,True,28.969,69,118,14,14,large_dark
logistic,680,4,medium_high,70,0.922847,False,False,True,67.994,77,167,7,7,map
logistic,681,4,medium_high,80,0.938927,False,False,True,70.542,76,172,5,5,map
logistic,682,4,medium_high,4,0.96621,False,False,True,20.441,62,121,7,7,hybrid_coast
logistic,683,4,medium_high,2,0.94334,False,False,True,23.2,66,121,7,7,hybrid_coast
logistic,684,4,medium_high,10,0.979217,False,False,True,26.602,64,128,7,7,hybrid_coast
logistic,685,4,medium_high,74,0.994954,False,False,True,66.582,76,169,5,5,map
logistic,686,4,medium_high,7,0.968132,False,False,True,21.285,68,114,7,7,hybrid_coast
logistic,687,4,medium_high,6,0.997314,False,False,True,31.396,70,130,7,7,hybrid_coast
logistic,688,4,medium_high,14,0.99231,False,False,True,37.638,76,133,7,7,hybrid_coast
logistic,689,4,medium_high,8,0.985739,False,False,True,23.079,70,114,7,7,hybrid_coast
logistic,690,4,medium_high,11,0.992438,False,False,True,33.034,73,130,7,7,hybrid_coast
logistic,691,4,medium_high,15,0.989571,False,False,True,33.369,71,133,7,7,hybrid_coast
logistic,692,4,medium_high,56,0.995909,False,False,True,39.041,82,128,7,7,hybrid_coast
logistic,693,4,medium_high,52,0.996519,False,False,True,39.84,82,130,7,7,hybrid_coast
logistic,694,4,medium_high,56,0.996237,False,False,True,40.707,82,132,7,7,hybrid_coast
logistic,695,4,medium_high,5,0.996621,False,False,True,34.941,79,126,7,7,hybrid_coast
logistic,696,4,medium_high,16,0.994986,False,False,True,42.856,87,128,7,7,hybrid_coast
logistic,697,4,medium_high,2,0.995242,False,False,True,29.874,76,121,7,7,hybrid_coast
logistic,698,4,medium_high,21,0.993624,False,False,True,35.355,73,136,7,7,hybrid_coast
hist_gbdt,1,0,high,10,0.049749,False,False,True,68.646,120,116,14,14,large_dark
hist_gbdt,2,0,high,4,0.104654,False,False,True,69.588,122,117,12,14,hybrid_coast
hist_gbdt,3,0,high,7,0.104654,False,False,True,69.276,122,117,12,14,hybrid_coast
hist_gbdt,4,0,high,8,0.104654,False,False,True,68.969,122,117,12,14,hybrid_coast
hist_gbdt,5,0,high,15,0.065933,False,False,True,70.269,124,119,10,14,hybrid_coast
hist_gbdt,6,0,high,16,0.068053,False,False,True,67.148,123,128,3,3,appearance
hist_gbdt,7,0,high,34,0.221398,True,True,True,3.227,60,94,14,14,large_dark
hist_gbdt,8,0,high,32,0.450117,True,True,True,3.805,61,94,14,14,large_dark
hist_gbdt,9,0,high,28,0.661705,True,True,True,3.4,61,94,14,14,large_dark
hist_gbdt,10,0,high,28,0.723576,True,True,True,4.008,62,94,14,14,large_dark
hist_gbdt,11,0,high,19,0.737942,True,True,True,3.631,62,94,14,14,large_dark
hist_gbdt,12,0,high,19,0.762856,True,True,True,3.276,62,94,14,14,large_dark
hist_gbdt,13,0,high,20,0.817515,True,True,True,2.947,62,94,14,14,large_dark
hist_gbdt,14,0,high,18,0.773586,True,True,True,2.661,62,94,14,14,large_dark
hist_gbdt,15,0,high,19,0.84361,True,True,True,3.024,63,93,14,14,large_dark
hist_gbdt,16,0,high,16,0.773586,True,True,True,2.668,63,93,14,14,large_dark
hist_gbdt,17,0,high,10,0.773586,True,True,True,3.306,64,93,14,14,large_dark
hist_gbdt,18,0,high,5,0.817311,True,True,True,2.99,64,93,14,14,large_dark
hist_gbdt,19,0,high,1,0.817311,True,True,True,2.72,64,93,14,14,large_dark
hist_gbdt,20,0,high,2,0.831265,True,True,True,2.5,64,93,14,14,large_dark
hist_gbdt,21,0,high,1,0.811765,True,True,True,2.398,64,93,14,14,large_dark
hist_gbdt,22,0,high,1,0.811765,True,True,True,2.394,65,92,14,14,large_dark
hist_gbdt,23,0,high,1,0.811765,True,True,True,3.03,66,92,14,14,large_dark
hist_gbdt,24,0,high,1,0.816816,True,True,True,2.843,66,92,14,14,large_dark
hist_gbdt,25,0,high,1,0.768661,True,True,True,2.078,66,91,14,14,large_dark
hist_gbdt,26,0,high,1,0.768661,True,True,True,1.947,66,91,14,14,large_dark
hist_gbdt,27,0,high,1,0.817241,True,True,True,1.973,66,91,14,14,large_dark
hist_gbdt,28,0,high,1,0.838005,True,True,True,1.78,67,90,14,14,large_dark
hist_gbdt,29,0,high,1,0.741747,True,True,True,3.549,67,92,14,14,large_dark
hist_gbdt,30,0,high,1,0.867247,True,True,True,4.039,68,92,14,14,large_dark
hist_gbdt,31,0,high,1,0.794543,True,True,True,4.213,68,92,14,14,large_dark
hist_gbdt,32,0,high,1,0.716582,True,True,True,3.453,68,91,14,14,large_dark
hist_gbdt,33,0,high,1,0.906581,True,True,True,3.894,69,91,14,14,large_dark
hist_gbdt,34,0,high,1,0.797423,True,True,True,4.11,69,91,14,14,large_dark
hist_gbdt,35,0,high,1,0.910482,True,True,True,3.604,70,90,14,14,large_dark
hist_gbdt,36,0,high,1,0.851752,True,True,True,3.785,70,90,14,14,large_dark
hist_gbdt,37,0,high,1,0.754702,True,True,True,4.045,70,90,14,14,large_dark
hist_gbdt,38,0,high,1,0.884453,True,True,True,4.351,70,90,14,14,large_dark
hist_gbdt,39,0,high,1,0.698051,True,True,True,4.702,70,90,14,14,large_dark
hist_gbdt,40,0,high,1,0.878473,True,True,True,5.0,71,90,14,14,large_dark
hist_gbdt,41,0,high,1,0.74544,True,True,True,5.162,71,90,14,14,large_dark
hist_gbdt,42,0,high,1,0.74544,True,True,True,5.217,72,90,14,14,large_dark
hist_gbdt,43,0,high,1,0.906521,True,True,True,4.681,72,89,14,14,large_dark
hist_gbdt,44,0,high,1,0.677764,True,True,True,5.28,72,89,14,14,large_dark
hist_gbdt,45,0,high,1,0.906521,True,True,True,5.349,72,88,14,14,large_dark
hist_gbdt,46,0,high,1,0.834913,True,True,True,6.243,72,88,14,14,large_dark
hist_gbdt,47,0,high,1,0.851237,True,True,True,6.764,72,87,14,14,large_dark
hist_gbdt,48,0,high,1,0.917193,True,True,True,7.247,73,88,14,14,large_dark
hist_gbdt,49,0,high,1,0.791011,False,True,False,8.212,73,88,14,14,large_dark
hist_gbdt,50,0,high,1,0.909418,False,True,True,8.631,73,86,14,14,large_dark
hist_gbdt,51,0,high,3,0.823491,True,True,True,6.724,80,85,7,7,hybrid_coast
hist_gbdt,52,0,high,2,0.884761,False,True,True,13.727,74,92,7,7,hybrid_coast
hist_gbdt,53,0,high,1,0.938188,False,True,True,10.675,74,85,14,14,large_dark
hist_gbdt,54,0,high,5,0.877417,True,True,True,4.368,87,91,3,3,hybrid_coast
hist_gbdt,55,0,high,1,0.939348,False,True,True,12.758,74,84,14,14,large_dark
hist_gbdt,56,0,high,2,0.837379,False,True,True,10.382,83,91,3,3,hybrid_coast
hist_gbdt,57,0,high,2,0.894152,False,False,True,17.397,77,91,3,3,hybrid_coast
hist_gbdt,58,0,high,2,0.934515,False,False,True,16.575,79,92,3,3,hybrid_coast
hist_gbdt,59,0,high,2,0.928881,False,False,True,19.509,77,91,3,3,hybrid_coast
hist_gbdt,60,0,high,3,0.939808,False,False,True,21.552,76,91,3,3,hybrid_coast
hist_gbdt,61,0,high,3,0.924439,False,True,True,12.987,84,91,3,3,hybrid_coast
hist_gbdt,62,0,high,4,0.936107,False,True,True,11.413,85,88,3,3,hybrid_coast
hist_gbdt,63,0,high,3,0.950668,False,True,True,10.715,85,89,3,3,hybrid_coast
hist_gbdt,64,0,high,9,0.945281,False,True,True,8.13,87,89,3,3,hybrid_coast
hist_gbdt,65,0,high,4,0.952645,False,True,True,11.106,85,84,3,3,hybrid_coast
hist_gbdt,66,0,high,2,0.944803,False,True,True,12.956,81,91,3,3,hybrid_coast
hist_gbdt,67,0,high,2,0.951459,False,True,True,14.575,79,87,3,3,hybrid_coast
hist_gbdt,68,0,high,3,0.952645,False,True,True,9.701,85,84,3,3,hybrid_coast
hist_gbdt,69,0,high,2,0.94703,True,True,True,7.181,85,91,3,3,hybrid_coast
hist_gbdt,70,0,high,2,0.952645,True,True,True,5.852,86,88,3,3,hybrid_coast
hist_gbdt,71,0,high,2,0.951459,True,True,True,7.191,87,84,3,3,hybrid_coast
hist_gbdt,72,0,high,4,0.951459,True,True,True,3.86,88,87,3,3,hybrid_coast
hist_gbdt,73,0,high,9,0.952645,False,True,True,8.272,83,95,3,3,hybrid_coast
hist_gbdt,74,0,high,9,0.952645,True,True,True,3.722,91,87,3,3,hybrid_coast
hist_gbdt,75,0,high,5,0.952645,True,True,True,1.952,87,89,3,3,hybrid_coast
hist_gbdt,76,0,high,13,0.952645,True,True,True,3.421,90,93,3,3,hybrid_coast
hist_gbdt,77,0,high,8,0.944803,False,True,True,8.331,79,91,3,3,hybrid_coast
hist_gbdt,78,0,high,8,0.949435,True,True,True,1.36,88,90,3,3,hybrid_coast
hist_gbdt,79,0,high,15,0.925258,True,True,True,4.661,90,93,3,3,hybrid_coast
hist_gbdt,80,0,high,8,0.947134,True,True,True,6.519,79,90,3,3,hybrid_coast
hist_gbdt,81,0,high,18,0.925258,False,True,True,10.572,95,86,3,3,hybrid_coast
hist_gbdt,82,0,high,4,0.907072,True,True,True,5.68,82,86,3,3,hybrid_coast
hist_gbdt,83,0,high,7,0.941371,True,True,True,3.7,89,90,3,3,hybrid_coast
hist_gbdt,84,0,high,18,0.922961,True,True,True,5.869,91,92,3,3,hybrid_coast
hist_gbdt,85,0,high,9,0.939921,True,True,True,3.807,89,90,3,3,hybrid_coast
hist_gbdt,86,0,high,13,0.920577,True,True,True,5.354,85,96,3,3,hybrid_coast
hist_gbdt,87,0,high,7,0.909238,True,True,True,4.194,89,89,3,3,hybrid_coast
hist_gbdt,88,0,high,5,0.947134,True,True,True,4.159,81,90,3,3,hybrid_coast
hist_gbdt,89,0,high,13,0.909365,True,True,True,7.06,78,91,3,3,hybrid_coast
hist_gbdt,90,0,high,2,0.918261,True,True,True,1.75,85,89,3,3,hybrid_coast
hist_gbdt,91,0,high,16,0.786341,False,True,True,12.042,96,86,3,3,hybrid_coast
hist_gbdt,92,0,high,6,0.912868,True,True,True,3.905,81,91,3,3,hybrid_coast
hist_gbdt,93,0,high,6,0.951459,True,True,True,5.221,90,90,3,3,hybrid_coast
hist_gbdt,94,0,high,11,0.946142,True,True,True,6.345,80,95,3,3,hybrid_coast
hist_gbdt,95,0,high,11,0.951459,True,True,True,6.848,78,92,3,3,hybrid_coast
hist_gbdt,96,0,high,18,0.954255,False,True,True,13.892,93,87,14,14,large_dark
hist_gbdt,97,0,high,7,0.950668,True,True,True,5.756,79,92,3,3,hybrid_coast
hist_gbdt,98,0,high,20,0.953367,False,True,True,13.986,93,87,14,14,large_dark
hist_gbdt,99,0,high,10,0.952645,True,True,True,6.079,80,95,3,3,hybrid_coast
hist_gbdt,100,0,high,20,0.955376,False,True,True,13.238,92,88,14,14,large_dark
hist_gbdt,101,0,high,6,0.951459,True,True,True,4.694,89,92,3,3,hybrid_coast
hist_gbdt,102,0,high,9,0.952645,True,True,True,7.275,91,88,3,3,hybrid_coast
hist_gbdt,103,0,high,4,0.952645,True,True,True,5.389,79,92,3,3,hybrid_coast
hist_gbdt,104,0,high,19,0.952645,False,True,True,8.766,76,94,3,3,hybrid_coast
hist_gbdt,105,0,high,6,0.952645,True,True,True,5.996,79,94,3,3,hybrid_coast
hist_gbdt,106,0,high,4,0.952645,True,True,True,6.239,83,97,3,3,hybrid_coast
hist_gbdt,107,0,high,7,0.952645,True,True,True,5.08,80,94,3,3,hybrid_coast
hist_gbdt,108,0,high,6,0.952645,True,True,True,5.045,79,92,3,3,hybrid_coast
hist_gbdt,109,0,high,10,0.952645,False,True,True,11.471,73,87,3,3,hybrid_coast
hist_gbdt,110,0,high,7,0.952645,True,True,True,4.316,83,95,3,3,hybrid_coast
hist_gbdt,111,0,high,11,0.952645,False,True,True,12.449,90,80,3,3,hybrid_coast
hist_gbdt,112,0,high,9,0.952645,False,True,True,8.417,87,83,3,3,hybrid_coast
hist_gbdt,113,0,high,4,0.952645,True,True,True,4.362,83,95,3,3,hybrid_coast
hist_gbdt,114,0,high,6,0.952645,True,True,True,6.366,83,97,3,3,hybrid_coast
hist_gbdt,115,0,high,8,0.952645,True,True,True,6.685,87,85,3,3,hybrid_coast
hist_gbdt,116,0,high,6,0.952645,True,True,True,6.546,87,96,3,3,hybrid_coast
hist_gbdt,117,0,high,5,0.952645,True,True,True,6.424,83,97,3,3,hybrid_coast
hist_gbdt,118,0,high,4,0.952645,True,True,True,7.452,83,98,3,3,hybrid_coast
hist_gbdt,119,0,high,5,0.951459,True,True,True,6.73,87,96,3,3,hybrid_coast
hist_gbdt,120,0,high,10,0.960196,False,True,True,8.382,80,98,4,4,hybrid_coast
hist_gbdt,121,0,high,22,0.960196,False,True,True,11.227,73,96,4,4,hybrid_coast
hist_gbdt,122,0,high,9,0.960196,True,True,True,5.478,87,93,4,4,hybrid_coast
hist_gbdt,123,0,high,10,0.960196,False,True,True,10.266,73,94,4,4,hybrid_coast
hist_gbdt,124,0,high,14,0.960196,False,True,True,11.206,73,96,4,4,hybrid_coast
hist_gbdt,125,0,high,8,0.960196,True,True,True,6.437,76,92,5,5,map
hist_gbdt,126,0,high,15,0.946082,True,True,True,6.697,85,96,4,4,hybrid_coast
hist_gbdt,127,0,high,12,0.945237,True,True,True,4.669,79,92,3,5,appearance
hist_gbdt,128,0,high,10,0.951932,True,True,True,5.36,78,93,4,4,appearance
hist_gbdt,129,0,high,10,0.946082,True,True,True,5.356,78,93,4,4,appearance
hist_gbdt,130,0,high,12,0.948178,True,True,True,6.374,76,92,5,5,map
hist_gbdt,131,0,high,9,0.848984,True,True,True,5.345,78,93,4,4,appearance
hist_gbdt,132,0,high,20,0.918189,True,True,True,5.341,78,93,4,4,appearance
hist_gbdt,133,0,high,29,0.867453,True,True,True,5.461,78,92,3,5,appearance
hist_gbdt,134,0,high,35,0.847981,True,True,True,1.595,78,86,14,14,large_dark
hist_gbdt,135,0,high,50,0.837955,True,True,True,5.874,77,92,4,5,appearance
hist_gbdt,136,0,high,37,0.830456,True,True,True,5.867,77,92,4,5,appearance
hist_gbdt,137,0,high,50,0.837955,True,True,True,5.859,77,92,4,5,appearance
hist_gbdt,138,0,high,44,0.806628,True,True,True,5.254,77,90,4,6,appearance
hist_gbdt,139,0,high,39,0.813244,True,True,True,5.24,77,90,4,6,appearance
hist_gbdt,140,1,high,58,0.651962,True,True,True,5.59,77,92,4,4,appearance
hist_gbdt,141,1,high,19,0.638283,False,True,True,9.855,67,84,14,14,large_dark
hist_gbdt,142,1,high,18,0.750951,True,True,True,5.277,72,82,14,14,large_dark
hist_gbdt,143,1,high,10,0.889453,True,True,True,4.837,77,91,4,4,appearance
hist_gbdt,144,1,high,1,0.874509,False,True,True,9.405,67,84,14,14,large_dark
hist_gbdt,145,1,high,3,0.874509,False,True,True,10.394,66,86,14,14,large_dark
hist_gbdt,146,1,high,1,0.921976,False,True,True,10.259,66,86,14,14,large_dark
hist_gbdt,147,1,high,3,0.935722,True,True,True,3.708,77,90,5,5,hybrid_coast
hist_gbdt,148,1,high,3,0.956184,False,True,True,8.417,72,90,5,5,hybrid_coast
hist_gbdt,149,1,high,3,0.958653,True,True,True,4.399,76,90,5,5,hybrid_coast
hist_gbdt,150,1,high,7,0.958074,True,True,True,5.59,75,91,5,5,hybrid_coast
hist_gbdt,151,1,high,21,0.958074,True,True,True,1.453,80,87,5,5,hybrid_coast
hist_gbdt,152,1,high,6,0.957796,True,True,True,1.204,79,88,4,6,hybrid_coast
hist_gbdt,153,1,high,3,0.953956,False,True,True,8.707,72,84,5,5,hybrid_coast
hist_gbdt,154,1,high,6,0.956797,True,True,True,2.408,77,88,5,6,appearance
hist_gbdt,155,1,high,17,0.957796,True,True,True,2.269,77,88,5,5,appearance
hist_gbdt,156,1,high,18,0.971124,False,True,True,11.002,77,99,5,5,hybrid_coast
hist_gbdt,157,1,high,17,0.963635,True,True,True,3.912,78,82,14,14,large_dark
hist_gbdt,158,1,high,29,0.961239,True,True,True,7.187,81,81,14,14,large_dark
hist_gbdt,159,1,high,14,0.954517,True,True,True,1.281,77,87,6,6,appearance
hist_gbdt,160,1,high,8,0.962528,True,True,True,2.693,80,86,7,7,map
hist_gbdt,161,1,high,16,0.948919,True,True,True,5.563,83,85,7,7,map
hist_gbdt,162,1,high,11,0.957796,True,True,True,2.972,76,88,5,5,hybrid_coast
hist_gbdt,163,1,high,4,0.958074,True,True,True,5.742,75,83,5,5,hybrid_coast
hist_gbdt,164,1,high,21,0.958074,True,True,True,5.743,76,82,5,5,hybrid_coast
hist_gbdt,165,1,high,12,0.956184,True,True,True,7.679,72,88,5,5,hybrid_coast
hist_gbdt,166,1,high,5,0.956184,True,True,True,7.758,72,87,5,5,hybrid_coast
hist_gbdt,167,1,high,3,0.958074,True,True,True,1.16,79,85,5,5,appearance
hist_gbdt,168,1,high,2,0.958074,True,True,True,3.126,77,85,5,5,hybrid_coast
hist_gbdt,169,1,high,2,0.953956,True,True,True,5.306,75,85,5,5,hybrid_coast
hist_gbdt,170,1,high,6,0.957796,True,True,True,1.953,79,86,5,5,hybrid_coast
hist_gbdt,171,1,high,17,0.954819,True,True,True,4.42,77,82,5,5,hybrid_coast
hist_gbdt,172,1,high,8,0.956184,True,True,True,7.669,75,89,5,5,hybrid_coast
hist_gbdt,173,1,high,18,0.954286,True,True,True,3.568,78,82,5,5,hybrid_coast
hist_gbdt,174,1,high,1,0.951286,True,True,True,5.979,82,76,14,14,large_dark
hist_gbdt,175,1,high,1,0.951286,True,True,True,6.554,83,76,14,14,large_dark
hist_gbdt,176,1,high,1,0.951286,True,True,True,6.239,83,76,14,14,large_dark
hist_gbdt,177,1,high,3,0.958074,True,True,True,5.441,85,78,5,5,hybrid_coast
hist_gbdt,178,1,high,4,0.955115,True,True,True,5.91,85,77,5,5,hybrid_coast
hist_gbdt,179,1,high,1,0.969285,True,True,True,2.818,85,81,5,5,hybrid_coast
hist_gbdt,180,1,high,2,0.969285,True,True,True,3.536,86,81,5,5,hybrid_coast
hist_gbdt,181,1,high,6,0.969285,True,True,True,0.746,82,81,5,5,hybrid_coast
hist_gbdt,182,1,high,3,0.957767,True,True,True,2.53,85,80,5,5,hybrid_coast
hist_gbdt,183,1,high,4,0.957767,True,True,True,1.535,84,80,5,5,hybrid_coast
hist_gbdt,184,1,high,2,0.957767,True,True,True,3.068,86,80,5,5,hybrid_coast
hist_gbdt,185,1,high,2,0.958074,True,True,True,5.6,86,76,5,5,hybrid_coast
hist_gbdt,186,1,high,9,0.958074,True,True,True,6.231,81,75,5,5,hybrid_coast
hist_gbdt,187,1,high,7,0.958074,True,True,True,5.643,84,75,5,5,hybrid_coast
hist_gbdt,188,1,high,16,0.958074,True,True,True,6.719,82,74,5,5,hybrid_coast
hist_gbdt,189,1,high,7,0.960164,True,True,True,4.347,75,76,14,14,large_dark
hist_gbdt,190,1,high,2,0.969285,True,True,True,6.005,90,80,5,5,hybrid_coast
hist_gbdt,191,1,high,7,0.969285,True,True,True,2.042,86,81,5,5,hybrid_coast
hist_gbdt,192,1,high,1,0.957796,True,True,True,5.576,89,77,5,5,hybrid_coast
hist_gbdt,193,1,high,2,0.957796,True,True,True,4.572,88,77,5,5,hybrid_coast
hist_gbdt,194,1,high,2,0.957796,True,True,True,3.65,87,77,5,5,hybrid_coast
hist_gbdt,195,1,high,2,0.957796,True,True,True,3.805,82,77,5,5,hybrid_coast
hist_gbdt,196,1,high,4,0.940346,True,True,True,2.943,82,80,5,5,hybrid_coast
hist_gbdt,197,1,high,2,0.933,True,True,True,5.898,89,75,5,5,hybrid_coast
hist_gbdt,198,1,high,4,0.957796,True,True,True,5.089,88,75,5,5,hybrid_coast
hist_gbdt,199,1,high,5,0.925046,True,True,True,1.65,87,79,5,5,hybrid_coast
hist_gbdt,200,1,high,11,0.952887,True,True,True,6.5,88,73,5,5,hybrid_coast
hist_gbdt,201,1,high,11,0.806138,False,True,True,9.376,90,71,5,5,hybrid_coast
hist_gbdt,202,1,high,14,0.948098,True,True,True,5.882,90,76,7,7,map
hist_gbdt,203,1,high,17,0.584616,False,True,True,9.965,94,75,7,7,map
hist_gbdt,204,1,high,1,0.81913,True,True,True,3.581,83,78,5,5,hybrid_coast
hist_gbdt,205,1,high,2,0.957796,True,True,True,2.582,85,78,5,5,hybrid_coast
hist_gbdt,206,1,high,7,0.957796,True,True,True,6.651,86,74,5,5,hybrid_coast
hist_gbdt,207,1,high,6,0.957796,True,True,True,3.43,88,78,5,5,hybrid_coast
hist_gbdt,208,1,high,19,0.957796,False,True,True,9.916,90,72,5,5,hybrid_coast
hist_gbdt,209,1,high,2,0.957796,True,True,True,3.493,86,78,5,5,map
hist_gbdt,210,1,high,2,0.958074,True,True,True,4.507,84,78,5,5,hybrid_coast
hist_gbdt,211,1,high,9,0.958074,False,True,True,8.72,90,74,5,5,hybrid_coast
hist_gbdt,212,1,high,7,0.958074,True,True,True,6.339,86,76,5,5,hybrid_coast
hist_gbdt,213,1,high,21,0.969307,False,True,True,9.041,93,76,5,5,hybrid_coast
hist_gbdt,214,1,high,14,0.952813,False,True,True,8.44,90,75,5,5,hybrid_coast
hist_gbdt,215,1,high,6,0.957796,True,True,True,3.276,86,80,5,5,map
hist_gbdt,216,1,high,15,0.953956,True,True,True,3.946,91,84,5,5,hybrid_coast
hist_gbdt,217,1,high,12,0.953956,True,True,True,3.869,90,81,5,5,hybrid_coast
hist_gbdt,218,1,high,9,0.953956,True,True,True,5.549,92,81,5,5,hybrid_coast
hist_gbdt,219,1,high,2,0.948579,True,True,True,3.245,87,81,5,5,hybrid_coast
hist_gbdt,220,1,high,2,0.953956,True,True,True,4.301,85,81,5,5,hybrid_coast
hist_gbdt,221,1,high,1,0.953956,True,True,True,3.797,87,81,5,5,hybrid_coast
hist_gbdt,222,1,high,2,0.953956,True,True,True,4.392,89,81,5,5,hybrid_coast
hist_gbdt,223,1,high,2,0.943561,True,True,True,5.383,84,81,5,5,hybrid_coast
hist_gbdt,224,1,high,2,0.957767,True,True,True,1.253,86,85,5,5,hybrid_coast
hist_gbdt,225,1,high,17,0.956184,False,True,True,11.917,88,74,5,5,hybrid_coast
hist_gbdt,226,1,high,3,0.957767,True,True,True,2.869,85,84,5,5,hybrid_coast
hist_gbdt,227,1,high,1,0.958074,True,True,True,4.504,83,84,5,5,hybrid_coast
hist_gbdt,228,1,high,1,0.958074,True,True,True,3.818,84,84,5,5,hybrid_coast
hist_gbdt,229,1,high,2,0.957796,True,True,True,3.376,85,84,5,5,hybrid_coast
hist_gbdt,230,1,high,3,0.956184,True,True,True,0.901,87,88,5,5,hybrid_coast
hist_gbdt,231,1,high,3,0.957796,True,True,True,2.451,84,88,5,5,hybrid_coast
hist_gbdt,232,1,high,2,0.958074,True,True,True,4.662,82,86,5,5,hybrid_coast
hist_gbdt,233,1,high,9,0.958074,True,True,True,2.222,87,86,5,5,hybrid_coast
hist_gbdt,234,1,high,3,0.957796,True,True,True,2.595,85,86,5,5,hybrid_coast
hist_gbdt,235,1,high,4,0.957796,True,True,True,4.709,83,85,5,5,hybrid_coast
hist_gbdt,236,1,high,2,0.948544,False,True,True,12.394,75,83,5,5,hybrid_coast
hist_gbdt,237,1,high,4,0.953956,True,True,True,2.8,83,89,5,5,hybrid_coast
hist_gbdt,238,1,high,8,0.951635,True,True,True,2.365,88,90,5,5,hybrid_coast
hist_gbdt,239,1,high,17,0.953956,True,True,True,5.553,91,91,5,5,hybrid_coast
hist_gbdt,240,1,high,2,0.948544,True,True,True,4.031,82,88,5,5,map
hist_gbdt,241,1,high,3,0.952813,True,True,True,2.924,83,88,5,5,hybrid_coast
hist_gbdt,242,1,high,15,0.951031,False,True,True,8.974,86,81,5,5,hybrid_coast
hist_gbdt,243,1,high,6,0.969285,True,True,True,3.127,82,88,5,5,hybrid_coast
hist_gbdt,244,1,high,2,0.953956,True,True,True,4.569,80,88,5,5,map
hist_gbdt,245,1,high,18,0.953956,False,True,True,8.954,82,81,5,5,hybrid_coast
hist_gbdt,246,1,high,25,0.950686,False,True,True,11.713,83,78,5,5,hybrid_coast
hist_gbdt,247,1,high,2,0.948544,True,True,True,5.861,78,87,5,5,hybrid_coast
hist_gbdt,248,1,high,2,0.952813,True,True,True,2.927,80,90,5,5,hybrid_coast
hist_gbdt,249,1,high,2,0.952845,True,True,True,3.003,80,88,5,5,map
hist_gbdt,250,1,high,2,0.953956,True,True,True,4.931,78,87,5,5,hybrid_coast
hist_gbdt,251,1,high,3,0.953956,True,True,True,5.229,78,86,5,5,hybrid_coast
hist_gbdt,252,1,high,7,0.956184,True,True,True,0.849,81,90,5,5,hybrid_coast
hist_gbdt,253,1,high,1,0.940695,True,True,True,5.889,71,86,14,14,large_dark
hist_gbdt,254,1,high,2,0.948544,True,True,True,2.072,79,90,5,5,hybrid_coast
hist_gbdt,255,1,high,1,0.953956,True,True,True,2.905,78,88,5,5,map
hist_gbdt,256,1,high,2,0.953956,True,True,True,2.22,79,91,5,5,hybrid_coast
hist_gbdt,257,1,high,3,0.956184,True,True,True,3.024,81,92,5,5,hybrid_coast
hist_gbdt,258,1,high,1,0.946887,True,True,True,2.735,76,82,14,14,large_dark
hist_gbdt,259,1,high,3,0.956184,True,True,True,3.397,81,92,5,5,hybrid_coast
hist_gbdt,260,1,high,2,0.958074,True,True,True,2.236,77,88,5,5,hybrid_coast
hist_gbdt,261,1,high,5,0.958074,True,True,True,3.897,76,92,5,5,hybrid_coast
hist_gbdt,262,1,high,2,0.958074,True,True,True,3.398,76,88,5,5,hybrid_coast
hist_gbdt,263,1,high,6,0.958074,True,True,True,4.153,75,92,5,5,hybrid_coast
hist_gbdt,264,1,high,2,0.953956,True,True,True,1.825,81,91,4,5,hybrid_coast
hist_gbdt,265,1,high,2,0.953956,True,True,True,3.574,82,89,4,5,hybrid_coast
hist_gbdt,266,1,high,10,0.953956,False,True,True,8.1,87,90,4,5,hybrid_coast
hist_gbdt,267,1,high,2,0.953956,True,True,True,5.79,76,87,4,5,hybrid_coast
hist_gbdt,268,1,high,11,0.953956,False,True,True,9.569,71,87,4,5,hybrid_coast
hist_gbdt,269,1,high,2,0.953956,True,True,True,1.655,80,94,4,5,hybrid_coast
hist_gbdt,270,1,high,2,0.953956,True,True,True,2.574,81,92,4,5,hybrid_coast
hist_gbdt,271,1,high,8,0.953956,True,True,True,4.709,82,97,4,5,hybrid_coast
hist_gbdt,272,1,high,2,0.953956,True,True,True,7.428,84,89,4,5,hybrid_coast
hist_gbdt,273,1,high,2,0.953956,True,True,True,3.51,82,94,4,5,hybrid_coast
hist_gbdt,274,1,high,2,0.956184,True,True,True,5.788,73,93,4,5,hybrid_coast
hist_gbdt,275,1,high,2,0.956184,True,True,True,2.737,76,94,4,5,hybrid_coast
hist_gbdt,276,1,high,6,0.956184,True,True,True,4.597,75,99,4,5,hybrid_coast
hist_gbdt,277,1,high,2,0.956184,True,True,True,3.228,75,96,4,5,hybrid_coast
hist_gbdt,278,1,high,2,0.956184,True,True,True,4.165,74,97,4,5,hybrid_coast
hist_gbdt,279,1,high,2,0.956184,True,True,True,5.163,73,98,4,5,hybrid_coast
hist_gbdt,280,2,high,2,0.958793,True,True,True,3.202,76,100,4,5,hybrid_coast
hist_gbdt,281,2,medium_high,2,0.958793,True,True,True,2.832,75,98,4,5,hybrid_coast
hist_gbdt,282,2,medium_high,1,0.958793,True,True,True,2.228,73,92,14,14,large_dark
hist_gbdt,283,2,medium_high,13,0.95954,False,True,True,11.319,67,95,4,5,hybrid_coast
hist_gbdt,284,2,medium_high,5,0.95954,False,True,True,8.276,70,96,4,5,hybrid_coast
hist_gbdt,285,2,medium_high,15,0.95954,True,True,True,7.55,78,93,4,5,hybrid_coast
hist_gbdt,286,2,medium_high,1,0.958793,True,True,True,1.914,73,95,14,14,large_dark
hist_gbdt,287,2,medium_high,1,0.936139,True,True,True,0.305,72,97,14,14,large_dark
hist_gbdt,288,2,medium_high,1,0.91143,True,True,True,0.894,72,97,14,14,large_dark
hist_gbdt,289,2,medium_high,1,0.904177,True,True,True,1.698,72,100,14,14,large_dark
hist_gbdt,290,2,medium_high,2,0.861883,True,True,True,1.25,72,100,14,14,large_dark
hist_gbdt,291,2,medium_high,1,0.803591,True,True,True,1.012,72,100,14,14,large_dark
hist_gbdt,292,2,medium_high,1,0.79082,True,True,True,2.11,72,102,14,14,large_dark
hist_gbdt,293,2,medium_high,1,0.359919,True,True,True,1.747,72,102,14,14,large_dark
hist_gbdt,294,2,medium_high,1,0.207022,True,True,True,2.977,72,104,14,14,large_dark
hist_gbdt,295,2,medium_high,1,0.240965,True,True,True,2.58,72,104,14,14,large_dark
hist_gbdt,296,2,medium_high,1,0.207022,True,True,True,3.0,72,105,14,14,large_dark
hist_gbdt,297,2,medium_high,1,0.281249,True,True,True,3.424,72,106,14,14,large_dark
hist_gbdt,298,2,medium_high,1,0.207022,True,True,True,3.076,72,106,14,14,large_dark
hist_gbdt,299,2,medium_high,1,0.207022,True,True,True,4.288,72,108,14,14,large_dark
hist_gbdt,300,2,medium_high,1,0.281249,True,True,True,4.717,72,109,14,14,large_dark
hist_gbdt,301,2,medium_high,1,0.207022,True,True,True,4.127,72,109,14,14,large_dark
hist_gbdt,302,2,medium_high,1,0.207022,True,True,True,4.373,72,110,14,14,large_dark
hist_gbdt,303,2,medium_high,1,0.207022,True,True,True,3.779,72,110,14,14,large_dark
hist_gbdt,304,2,medium_high,1,0.140917,True,True,True,4.924,72,112,14,14,large_dark
hist_gbdt,305,2,medium_high,1,0.233342,True,True,True,5.223,72,113,14,14,large_dark
hist_gbdt,306,2,medium_high,1,0.171182,True,True,True,4.596,72,113,14,14,large_dark
hist_gbdt,307,2,medium_high,1,0.190752,True,True,True,4.902,72,114,14,14,large_dark
hist_gbdt,308,2,medium_high,1,0.086879,True,True,True,4.272,72,114,14,14,large_dark
hist_gbdt,309,2,medium_high,1,0.275631,True,True,True,3.644,72,114,14,14,large_dark
hist_gbdt,310,2,medium_high,1,0.327823,True,True,True,4.912,72,116,14,14,large_dark
hist_gbdt,311,2,medium_high,1,0.164115,True,True,True,4.276,72,116,14,14,large_dark
hist_gbdt,312,2,medium_high,1,0.476489,True,True,True,4.61,72,117,14,14,large_dark
hist_gbdt,313,2,medium_high,1,0.213979,True,True,True,3.973,72,117,14,14,large_dark
hist_gbdt,314,2,medium_high,1,0.192192,True,True,True,2.264,71,116,14,14,large_dark
hist_gbdt,315,2,medium_high,1,0.392227,True,True,True,3.644,71,118,14,14,large_dark
hist_gbdt,316,2,medium_high,46,0.092745,False,False,True,26.669,98,112,14,14,large_dark
hist_gbdt,317,2,medium_high,55,0.092745,False,False,True,31.714,103,111,14,14,large_dark
hist_gbdt,318,2,medium_high,57,0.092745,False,False,True,36.785,108,110,14,14,large_dark
hist_gbdt,319,2,medium_high,3,0.082646,True,True,True,5.537,72,124,4,5,hybrid_coast
hist_gbdt,320,2,medium_high,1,0.149723,True,True,True,2.062,70,118,14,14,large_dark
hist_gbdt,321,2,medium_high,1,0.065968,True,True,True,2.016,70,118,14,14,large_dark
hist_gbdt,322,2,medium_high,1,0.171182,True,True,True,2.344,70,119,14,14,large_dark
hist_gbdt,323,2,medium_high,1,0.060888,True,True,True,2.266,70,119,14,14,large_dark
hist_gbdt,324,2,medium_high,24,0.100588,False,False,True,30.239,102,115,14,14,large_dark
hist_gbdt,325,2,medium_high,1,0.190752,True,True,True,2.127,70,119,14,14,large_dark
hist_gbdt,326,2,medium_high,1,0.149723,True,True,True,2.057,70,119,14,14,large_dark
hist_gbdt,327,2,medium_high,1,0.27281,True,True,True,1.991,70,119,14,14,large_dark
hist_gbdt,328,2,medium_high,1,0.171182,True,True,True,1.931,70,119,14,14,large_dark
hist_gbdt,329,2,medium_high,1,0.18094,True,True,True,2.393,70,120,14,14,large_dark
hist_gbdt,330,2,medium_high,1,0.716096,True,True,True,2.305,70,120,14,14,large_dark
hist_gbdt,331,2,medium_high,1,0.69928,True,True,True,2.218,70,120,14,14,large_dark
hist_gbdt,332,2,medium_high,1,0.789107,True,True,True,2.14,70,120,14,14,large_dark
hist_gbdt,333,2,medium_high,1,0.70158,True,True,True,2.063,70,120,14,14,large_dark
hist_gbdt,334,2,medium_high,1,0.810655,True,True,True,1.653,70,119,14,14,large_dark
hist_gbdt,335,2,medium_high,1,0.810655,True,True,True,1.625,70,119,14,14,large_dark
hist_gbdt,336,2,medium_high,1,0.810655,True,True,True,1.603,70,119,14,14,large_dark
hist_gbdt,337,2,medium_high,1,0.776459,True,True,True,1.587,70,119,14,14,large_dark
hist_gbdt,338,2,medium_high,1,0.810655,True,True,True,1.579,70,119,14,14,large_dark
hist_gbdt,339,2,medium_high,2,0.825347,True,True,True,6.766,71,120,4,5,hybrid_coast
hist_gbdt,340,2,medium_high,2,0.843924,True,True,True,4.031,77,120,4,5,hybrid_coast
hist_gbdt,341,2,medium_high,2,0.825347,True,True,True,5.469,74,119,4,5,hybrid_coast
hist_gbdt,342,2,medium_high,2,0.853476,True,True,True,5.352,74,119,4,5,hybrid_coast
hist_gbdt,343,2,medium_high,1,0.810655,True,True,True,1.981,70,118,14,14,large_dark
hist_gbdt,344,2,medium_high,1,0.810655,True,True,True,1.97,70,118,14,14,large_dark
hist_gbdt,345,2,medium_high,1,0.810655,True,True,True,1.976,70,118,14,14,large_dark
hist_gbdt,346,2,medium_high,1,0.810655,True,True,True,2.001,70,118,14,14,large_dark
hist_gbdt,347,2,medium_high,1,0.787278,True,True,True,2.044,70,118,14,14,large_dark
hist_gbdt,348,2,medium_high,1,0.716096,True,True,True,2.102,70,118,14,14,large_dark
hist_gbdt,349,2,medium_high,1,0.716096,True,True,True,2.364,70,117,14,14,large_dark
hist_gbdt,350,2,medium_high,1,0.787278,True,True,True,2.372,70,117,14,14,large_dark
hist_gbdt,351,2,medium_high,1,0.787278,True,True,True,2.395,70,117,14,14,large_dark
hist_gbdt,352,2,medium_high,1,0.787278,True,True,True,2.778,70,116,14,14,large_dark
hist_gbdt,353,2,medium_high,1,0.787278,True,True,True,2.762,70,116,14,14,large_dark
hist_gbdt,354,2,medium_high,1,0.787278,True,True,True,2.758,70,116,14,14,large_dark
hist_gbdt,355,2,medium_high,1,0.787278,True,True,True,2.767,70,116,14,14,large_dark
hist_gbdt,356,2,medium_high,1,0.787278,True,True,True,2.789,70,116,14,14,large_dark
hist_gbdt,357,2,medium_high,1,0.787278,True,True,True,3.166,70,115,14,14,large_dark
hist_gbdt,358,2,medium_high,1,0.787278,True,True,True,3.154,70,115,14,14,large_dark
hist_gbdt,359,2,medium_high,1,0.716096,True,True,True,3.645,70,114,14,14,large_dark
hist_gbdt,360,2,medium_high,1,0.716096,True,True,True,3.606,70,114,14,14,large_dark
hist_gbdt,361,2,medium_high,1,0.716096,True,True,True,3.547,70,114,14,14,large_dark
hist_gbdt,362,2,medium_high,1,0.716096,True,True,True,3.495,70,114,14,14,large_dark
hist_gbdt,363,2,medium_high,1,0.716096,True,True,True,3.436,70,114,14,14,large_dark
hist_gbdt,364,2,medium_high,1,0.716096,True,True,True,4.801,70,112,14,14,large_dark
hist_gbdt,365,2,medium_high,1,0.233342,True,True,True,4.756,70,112,14,14,large_dark
hist_gbdt,366,2,medium_high,1,0.233342,True,True,True,4.702,70,112,14,14,large_dark
hist_gbdt,367,2,medium_high,1,0.27281,True,True,True,4.657,70,112,14,14,large_dark
hist_gbdt,368,2,medium_high,1,0.27281,True,True,True,4.604,70,112,14,14,large_dark
hist_gbdt,369,2,medium_high,1,0.233342,True,True,True,4.56,70,112,14,14,large_dark
hist_gbdt,370,2,medium_high,1,0.233342,True,True,True,5.368,70,111,14,14,large_dark
hist_gbdt,371,2,medium_high,1,0.233342,True,True,True,5.318,70,111,14,14,large_dark
hist_gbdt,372,2,medium_high,1,0.27281,True,True,True,6.185,70,110,14,14,large_dark
hist_gbdt,373,2,medium_high,1,0.190752,True,True,True,6.138,70,110,14,14,large_dark
hist_gbdt,374,2,medium_high,1,0.190752,True,True,True,5.798,71,110,14,14,large_dark
hist_gbdt,375,2,medium_high,1,0.27281,True,True,True,5.757,71,110,14,14,large_dark
hist_gbdt,376,2,medium_high,31,0.201189,False,False,True,26.492,92,98,14,14,large_dark
hist_gbdt,377,2,medium_high,1,0.27281,True,True,True,6.68,71,109,14,14,large_dark
hist_gbdt,378,2,medium_high,19,0.203756,False,False,True,27.291,93,98,14,14,large_dark
hist_gbdt,379,2,medium_high,1,0.613122,True,True,True,6.53,72,109,14,14,large_dark
hist_gbdt,380,2,medium_high,1,0.787278,True,True,True,7.5,72,108,14,14,large_dark
hist_gbdt,381,2,medium_high,1,0.685466,True,True,True,7.837,72,108,14,14,large_dark
hist_gbdt,382,2,medium_high,2,0.770756,False,True,True,8.176,72,108,14,14,large_dark
hist_gbdt,383,2,medium_high,1,0.685466,False,True,True,8.525,72,108,14,14,large_dark
hist_gbdt,384,2,medium_high,1,0.531038,False,True,True,8.896,72,108,14,14,large_dark
hist_gbdt,385,2,medium_high,2,0.716096,False,True,True,9.263,72,108,14,14,large_dark
hist_gbdt,386,2,medium_high,2,0.600447,False,True,True,9.649,72,108,14,14,large_dark
hist_gbdt,387,2,medium_high,3,0.731883,False,True,True,10.042,72,108,14,14,large_dark
hist_gbdt,388,2,medium_high,2,0.600447,False,True,True,10.429,72,108,14,14,large_dark
hist_gbdt,389,2,medium_high,2,0.534393,False,True,True,10.821,72,108,14,14,large_dark
hist_gbdt,390,2,medium_high,3,0.665299,False,True,True,11.231,72,108,14,14,large_dark
hist_gbdt,391,2,medium_high,3,0.175648,False,True,True,11.644,72,108,14,14,large_dark
hist_gbdt,392,2,medium_high,3,0.239322,False,True,True,12.049,72,108,14,14,large_dark
hist_gbdt,393,2,medium_high,2,0.172455,False,False,True,35.85,100,104,14,14,large_dark
hist_gbdt,394,2,medium_high,4,0.153733,False,True,False,12.88,72,108,14,14,large_dark
hist_gbdt,395,2,medium_high,5,0.165317,False,True,False,13.307,72,108,14,14,large_dark
hist_gbdt,396,2,medium_high,5,0.144465,False,True,False,13.723,72,108,14,14,large_dark
hist_gbdt,397,2,medium_high,5,0.121133,False,True,True,14.155,72,108,14,14,large_dark
hist_gbdt,398,2,medium_high,15,0.082223,False,True,True,14.575,72,108,14,14,large_dark
hist_gbdt,399,2,medium_high,4,0.062293,False,False,True,39.422,102,106,14,14,large_dark
hist_gbdt,400,2,medium_high,16,0.139286,False,False,True,16.348,72,107,14,14,large_dark
hist_gbdt,401,2,medium_high,16,0.069376,False,True,True,15.639,72,107,14,14,large_dark
hist_gbdt,402,2,medium_high,17,0.192565,False,True,True,14.931,72,107,14,14,large_dark
hist_gbdt,403,2,medium_high,15,0.07678,False,True,True,14.224,72,107,14,14,large_dark
hist_gbdt,404,2,medium_high,10,0.089417,False,True,True,14.456,72,106,14,14,large_dark
hist_gbdt,405,2,medium_high,11,0.255237,False,True,True,13.757,72,106,14,14,large_dark
hist_gbdt,406,2,medium_high,9,0.136349,False,True,True,13.06,72,106,14,14,large_dark
hist_gbdt,407,2,medium_high,10,0.57378,False,True,False,12.366,72,106,14,14,large_dark
hist_gbdt,408,2,medium_high,11,0.414916,False,True,False,11.676,72,106,14,14,large_dark
hist_gbdt,409,2,medium_high,11,0.534393,False,True,True,10.99,72,106,14,14,large_dark
hist_gbdt,410,2,medium_high,12,0.662254,False,True,True,10.308,72,106,14,14,large_dark
hist_gbdt,411,2,medium_high,7,0.508096,False,True,True,9.632,72,106,14,14,large_dark
hist_gbdt,412,2,medium_high,11,0.720036,False,True,False,9.946,72,105,14,14,large_dark
hist_gbdt,413,2,medium_high,14,0.575339,False,True,False,9.291,72,105,14,14,large_dark
hist_gbdt,414,2,medium_high,21,0.542288,False,True,True,9.642,72,104,14,14,large_dark
hist_gbdt,415,2,medium_high,26,0.663144,False,True,True,9.014,72,104,14,14,large_dark
hist_gbdt,416,2,medium_high,23,0.508746,False,True,False,8.401,72,104,14,14,large_dark
hist_gbdt,417,2,medium_high,39,0.252952,True,True,True,7.806,72,104,14,14,large_dark
hist_gbdt,418,2,medium_high,36,0.182297,True,True,True,7.234,72,104,14,14,large_dark
hist_gbdt,419,2,medium_high,36,0.093411,False,True,True,15.426,82,98,14,14,large_dark
hist_gbdt,420,3,medium_high,1,0.339419,False,False,True,77.319,0,86,14,14,large_dark
hist_gbdt,421,3,medium_high,8,0.54917,False,True,False,15.149,83,98,14,14,large_dark
hist_gbdt,422,3,medium_high,9,0.603844,False,True,True,15.646,84,98,14,14,large_dark
hist_gbdt,423,3,medium_high,1,0.324316,False,False,False,77.135,0,86,14,14,large_dark
hist_gbdt,424,3,medium_high,2,0.324316,False,False,True,77.075,0,86,14,14,large_dark
hist_gbdt,425,3,medium_high,1,0.371156,False,False,True,25.87,54,92,14,14,large_dark
hist_gbdt,426,3,medium_high,2,0.324316,False,False,True,76.665,0,87,14,14,large_dark
hist_gbdt,427,3,medium_high,2,0.339419,False,False,True,76.608,0,87,14,14,large_dark
hist_gbdt,428,3,medium_high,2,0.324316,False,False,True,76.552,0,87,14,14,large_dark
hist_gbdt,429,3,medium_high,2,0.324316,False,False,True,76.496,0,87,14,14,large_dark
hist_gbdt,430,3,medium_high,2,0.339419,False,False,False,76.173,0,88,14,14,large_dark
hist_gbdt,431,3,medium_high,2,0.324316,False,False,False,76.12,0,88,14,14,large_dark
hist_gbdt,432,3,medium_high,3,0.339419,False,False,True,76.068,0,88,14,14,large_dark
hist_gbdt,433,3,medium_high,3,0.621503,False,False,True,73.346,7,89,7,7,hybrid_coast
hist_gbdt,434,3,medium_high,5,0.51652,False,False,False,80.276,0,88,7,7,hybrid_coast
hist_gbdt,435,3,medium_high,2,0.625249,False,False,True,74.184,6,89,7,7,hybrid_coast
hist_gbdt,436,3,medium_high,5,0.657586,False,False,False,73.466,7,88,7,7,hybrid_coast
hist_gbdt,437,3,medium_high,5,0.604295,False,False,True,80.109,0,88,7,7,hybrid_coast
hist_gbdt,438,3,medium_high,3,0.768425,False,False,True,73.053,7,89,7,7,hybrid_coast
hist_gbdt,439,3,medium_high,5,0.657586,False,False,True,73.286,7,88,7,7,hybrid_coast
hist_gbdt,440,3,medium_high,2,0.755266,False,False,True,73.9,6,89,7,7,hybrid_coast
hist_gbdt,441,3,medium,7,0.768425,False,False,True,73.623,7,88,7,7,hybrid_coast
hist_gbdt,442,3,medium,6,0.770146,False,False,True,80.522,0,89,7,7,hybrid_coast
hist_gbdt,443,3,medium,2,0.603837,False,False,True,27.396,52,90,14,14,large_dark
hist_gbdt,444,3,medium,4,0.657586,False,False,True,71.934,9,92,7,7,hybrid_coast
hist_gbdt,445,3,medium,5,0.659766,False,False,True,82.04,0,88,7,7,hybrid_coast
hist_gbdt,446,3,medium,5,0.757865,False,False,True,82.249,0,89,7,7,hybrid_coast
hist_gbdt,447,3,medium,4,0.770146,False,False,True,79.983,3,88,7,7,hybrid_coast
hist_gbdt,448,3,medium,5,0.644312,False,False,True,84.04,0,85,7,7,hybrid_coast
hist_gbdt,449,3,medium,1,0.603837,False,False,True,29.024,52,90,14,14,large_dark
hist_gbdt,450,3,low_medium,5,0.609703,False,False,True,77.661,5,100,7,7,hybrid_coast
hist_gbdt,451,3,low_medium,3,0.769681,False,False,True,83.553,0,92,7,7,hybrid_coast
hist_gbdt,452,3,low_medium,1,0.603837,False,False,True,29.855,52,90,14,14,large_dark
hist_gbdt,453,3,low_medium,3,0.710256,False,False,True,84.125,0,92,7,7,hybrid_coast
hist_gbdt,454,3,low_medium,1,0.603837,False,False,True,30.565,52,90,14,14,large_dark
hist_gbdt,455,3,low_medium,1,0.603837,False,False,True,31.052,52,90,14,14,large_dark
hist_gbdt,456,3,low_medium,4,0.724072,False,False,True,85.292,0,92,7,7,hybrid_coast
hist_gbdt,457,3,low_medium,7,0.724072,False,False,True,85.899,0,92,7,7,hybrid_coast
hist_gbdt,458,3,low_medium,15,0.616872,False,False,True,79.04,7,92,7,7,hybrid_coast
hist_gbdt,459,3,low_medium,3,0.603837,False,False,True,32.463,52,90,14,14,large_dark
hist_gbdt,460,3,low_medium,2,0.931115,False,False,True,30.762,58,101,3,3,hybrid_coast
hist_gbdt,461,3,low_medium,2,0.812013,False,False,True,30.394,58,103,3,3,hybrid_coast
hist_gbdt,462,3,low_medium,2,0.950016,False,False,True,31.428,58,101,3,3,hybrid_coast
hist_gbdt,463,3,low_medium,3,0.812013,False,False,True,36.125,54,98,3,3,hybrid_coast
hist_gbdt,464,3,low_medium,2,0.944178,False,False,True,32.105,58,101,3,3,hybrid_coast
hist_gbdt,465,3,low_medium,3,0.960694,False,False,True,32.502,58,102,3,3,hybrid_coast
hist_gbdt,466,3,low_medium,2,0.869564,False,False,True,31.98,58,105,3,3,hybrid_coast
hist_gbdt,467,3,low_medium,13,0.942757,False,False,True,33.29,58,101,3,3,hybrid_coast
hist_gbdt,468,3,low_medium,2,0.811292,False,False,True,34.844,52,92,14,14,large_dark
hist_gbdt,469,3,low_medium,2,0.811292,False,False,True,35.513,52,92,14,14,large_dark
hist_gbdt,470,3,low_medium,1,0.865542,False,True,True,8.933,78,108,14,14,large_dark
hist_gbdt,471,3,low_medium,1,0.766616,False,True,False,8.981,78,108,14,14,large_dark
hist_gbdt,472,3,low_medium,1,0.865542,False,True,False,8.39,79,108,14,14,large_dark
hist_gbdt,473,3,low_medium,12,0.824794,False,False,False,37.378,52,92,14,14,large_dark
hist_gbdt,474,3,low_medium,15,0.811292,False,False,True,38.047,52,92,14,14,large_dark
hist_gbdt,475,3,low_medium,1,0.865542,False,True,True,9.241,79,108,14,14,large_dark
hist_gbdt,476,3,low_medium,1,0.766616,False,True,True,9.288,79,108,14,14,large_dark
hist_gbdt,477,3,low_medium,1,0.865542,False,True,False,9.243,80,108,14,14,large_dark
hist_gbdt,478,3,low_medium,1,0.804761,False,True,False,9.289,80,108,14,14,large_dark
hist_gbdt,479,3,low_medium,1,0.865542,False,True,False,9.772,80,108,14,14,large_dark
hist_gbdt,480,3,low_medium,1,0.873275,False,True,True,10.774,80,108,14,14,large_dark
hist_gbdt,481,3,low_medium,1,0.950741,False,True,True,10.816,80,108,14,14,large_dark
hist_gbdt,482,3,low_medium,1,0.953835,False,True,False,11.341,80,108,14,14,large_dark
hist_gbdt,483,3,low_medium,1,0.950741,False,True,False,11.381,80,108,14,14,large_dark
hist_gbdt,484,3,low_medium,1,0.950741,True,True,True,3.808,80,108,14,14,large_dark
hist_gbdt,485,3,low_medium,1,0.953835,True,True,True,3.759,80,108,14,14,large_dark
hist_gbdt,486,3,low_medium,1,0.953835,True,True,True,3.702,80,108,14,14,large_dark
hist_gbdt,487,3,low_medium,1,0.953835,True,True,True,3.653,80,108,14,14,large_dark
hist_gbdt,488,3,low_medium,1,0.953835,True,True,True,3.597,80,108,14,14,large_dark
hist_gbdt,489,3,low_medium,1,0.953835,True,True,True,3.541,80,108,14,14,large_dark
hist_gbdt,490,3,low_medium,1,0.953835,True,True,True,3.485,80,108,14,14,large_dark
hist_gbdt,491,3,low_medium,1,0.953835,True,True,True,3.436,80,108,14,14,large_dark
hist_gbdt,492,3,low_medium,1,0.953835,True,True,True,3.379,80,108,14,14,large_dark
hist_gbdt,493,3,low_medium,1,0.953835,True,True,True,3.33,80,108,14,14,large_dark
hist_gbdt,494,3,low_medium,4,0.960497,False,False,True,45.658,129,124,1,5,hybrid_coast
hist_gbdt,495,3,low_medium,5,0.951833,False,False,True,48.769,132,125,1,5,hybrid_coast
hist_gbdt,496,3,low_medium,2,0.926041,True,True,True,3.555,80,107,14,14,large_dark
hist_gbdt,497,3,low_medium,2,0.926041,True,True,True,3.507,80,107,14,14,large_dark
hist_gbdt,498,3,low_medium,3,0.926041,True,True,True,3.451,80,107,14,14,large_dark
hist_gbdt,499,3,low_medium,3,0.926041,True,True,True,3.819,80,106,14,14,large_dark
hist_gbdt,500,3,low_medium,3,0.926041,True,True,True,3.765,80,106,14,14,large_dark
hist_gbdt,501,3,low_medium,3,0.926041,True,True,True,3.295,80,106,14,14,large_dark
hist_gbdt,502,3,low_medium,3,0.926041,True,True,True,3.24,80,106,14,14,large_dark
hist_gbdt,503,3,low_medium,4,0.926041,True,True,True,3.192,80,106,14,14,large_dark
hist_gbdt,504,3,low_medium,4,0.926041,True,True,True,3.07,80,106,14,14,large_dark
hist_gbdt,505,3,low_medium,3,0.926041,True,True,True,3.02,80,106,14,14,large_dark
hist_gbdt,506,3,low_medium,14,0.961247,True,True,True,3.35,80,113,3,3,appearance
hist_gbdt,507,3,low_medium,3,0.926041,True,True,True,3.676,80,104,14,14,large_dark
hist_gbdt,508,3,low_medium,3,0.926041,True,True,True,3.62,80,104,14,14,large_dark
hist_gbdt,509,3,low_medium,3,0.926041,True,True,True,3.168,80,104,14,14,large_dark
hist_gbdt,510,3,low_medium,3,0.926041,True,True,True,3.111,80,104,14,14,large_dark
hist_gbdt,511,3,low_medium,3,0.926041,True,True,True,2.36,79,104,14,14,large_dark
hist_gbdt,512,3,low_medium,6,0.961247,True,True,True,2.073,85,110,3,3,appearance
hist_gbdt,513,3,low_medium,5,0.961247,True,True,True,2.025,85,110,3,3,hybrid_coast
hist_gbdt,514,3,low_medium,5,0.961247,True,True,True,1.218,82,110,3,3,hybrid_coast
hist_gbdt,515,3,low_medium,5,0.961247,True,True,True,1.93,85,111,3,3,hybrid_coast
hist_gbdt,516,3,low_medium,4,0.961247,True,True,True,3.861,80,107,3,3,hybrid_coast
hist_gbdt,517,3,low_medium,5,0.961247,True,True,True,3.208,86,109,3,3,hybrid_coast
hist_gbdt,518,3,low_medium,5,0.961247,True,True,True,0.409,83,109,3,3,hybrid_coast
hist_gbdt,519,3,low_medium,5,0.961247,True,True,True,1.913,83,110,3,3,hybrid_coast
hist_gbdt,520,3,medium,5,0.961247,True,True,True,4.05,83,104,3,3,hybrid_coast
hist_gbdt,521,3,medium,4,0.961247,True,True,True,4.55,83,103,3,3,hybrid_coast
hist_gbdt,522,3,medium,5,0.961247,True,True,True,2.076,83,109,3,3,hybrid_coast
hist_gbdt,523,3,medium,4,0.961247,True,True,True,3.974,83,103,3,3,hybrid_coast
hist_gbdt,524,3,medium,4,0.961247,True,True,True,4.501,83,102,3,3,hybrid_coast
hist_gbdt,525,3,medium,3,0.961247,True,True,True,1.829,83,108,3,3,hybrid_coast
hist_gbdt,526,3,medium,3,0.961247,True,True,True,5.896,83,100,3,3,hybrid_coast
hist_gbdt,527,3,medium,3,0.961247,True,True,True,7.35,83,98,3,3,hybrid_coast
hist_gbdt,528,3,medium,3,0.961247,True,True,True,5.32,83,100,3,3,hybrid_coast
hist_gbdt,529,3,medium,3,0.961247,True,True,True,2.125,83,106,3,3,hybrid_coast
hist_gbdt,530,3,medium,3,0.961247,True,True,True,3.023,83,107,3,3,hybrid_coast
hist_gbdt,531,3,medium,2,0.961247,True,True,True,2.919,79,104,3,3,hybrid_coast
hist_gbdt,532,3,medium,2,0.961247,True,True,True,2.59,79,104,3,3,hybrid_coast
hist_gbdt,533,3,medium,2,0.961247,True,True,True,1.039,82,104,3,3,hybrid_coast
hist_gbdt,534,3,medium,2,0.961247,True,True,True,1.518,82,104,3,3,hybrid_coast
hist_gbdt,535,3,medium,2,0.961247,True,True,True,2.507,82,105,3,3,hybrid_coast
hist_gbdt,536,3,medium,2,0.961247,True,True,True,2.331,79,101,3,3,hybrid_coast
hist_gbdt,537,3,medium,2,0.961247,True,True,True,3.183,78,101,3,3,hybrid_coast
hist_gbdt,538,3,medium,2,0.961247,True,True,True,2.841,84,101,3,3,hybrid_coast
hist_gbdt,539,3,medium,2,0.961247,True,True,True,3.232,78,101,3,3,hybrid_coast
hist_gbdt,540,3,medium,2,0.961247,True,True,True,2.724,84,101,3,3,hybrid_coast
hist_gbdt,541,3,medium,2,0.961247,True,True,True,4.235,85,101,3,3,hybrid_coast
hist_gbdt,542,3,medium,2,0.961247,True,True,True,1.67,82,101,3,3,hybrid_coast
hist_gbdt,543,3,medium,2,0.961247,True,True,True,4.876,82,95,3,3,hybrid_coast
hist_gbdt,544,3,medium,2,0.961247,True,True,True,4.797,78,103,3,3,hybrid_coast
hist_gbdt,545,3,medium,2,0.961247,True,True,True,4.161,77,98,3,3,hybrid_coast
hist_gbdt,546,3,medium,2,0.961247,True,True,True,6.48,87,99,3,3,hybrid_coast
hist_gbdt,547,3,medium,2,0.961247,True,True,True,4.039,77,100,3,3,hybrid_coast
hist_gbdt,548,3,medium,2,0.961247,True,True,True,4.733,76,97,3,3,hybrid_coast
hist_gbdt,549,3,medium,2,0.961247,True,True,True,3.065,78,96,3,3,hybrid_coast
hist_gbdt,550,3,medium,2,0.961247,True,True,True,2.518,81,95,3,3,hybrid_coast
hist_gbdt,551,3,medium,2,0.961247,True,True,True,3.426,83,99,3,3,hybrid_coast
hist_gbdt,552,3,medium,2,0.961247,True,True,True,3.083,80,100,3,3,hybrid_coast
hist_gbdt,553,3,medium,2,0.961247,True,True,True,2.488,78,96,3,3,hybrid_coast
hist_gbdt,554,3,medium,2,0.961247,True,True,True,3.379,77,96,3,3,hybrid_coast
hist_gbdt,555,3,medium,2,0.961247,True,True,True,2.611,83,96,3,3,hybrid_coast
hist_gbdt,556,3,medium,1,0.961247,True,True,True,2.255,79,98,5,4,hybrid_coast
hist_gbdt,557,3,medium,1,0.961247,True,True,True,3.74,79,99,5,4,hybrid_coast
hist_gbdt,558,3,medium,1,0.961247,True,True,True,4.78,79,100,5,4,hybrid_coast
hist_gbdt,559,3,medium,2,0.961247,False,True,True,9.81,79,105,5,4,hybrid_coast
hist_gbdt,560,4,medium,9,0.948246,True,True,True,7.851,79,103,5,4,hybrid_coast
hist_gbdt,561,4,medium,7,0.953729,True,True,True,6.401,86,96,4,4,hybrid_coast
hist_gbdt,562,4,medium,7,0.953729,True,True,True,7.727,84,101,4,4,hybrid_coast
hist_gbdt,563,4,medium,8,0.953729,True,True,True,7.148,86,98,4,4,hybrid_coast
hist_gbdt,564,4,medium,6,0.953729,False,True,True,8.502,87,99,4,4,hybrid_coast
hist_gbdt,565,4,medium,13,0.947462,True,True,True,6.15,84,99,4,4,hybrid_coast
hist_gbdt,566,4,medium,10,0.950208,True,True,True,7.16,77,101,4,4,hybrid_coast
hist_gbdt,567,4,medium,1,0.935715,True,True,True,1.085,74,90,14,14,large_dark
hist_gbdt,568,4,medium,1,0.935715,True,True,True,1.14,74,90,14,14,large_dark
hist_gbdt,569,4,medium,1,0.935715,True,True,True,1.19,74,90,14,14,large_dark
hist_gbdt,570,4,medium,6,0.939165,False,True,True,9.72,72,100,7,7,hybrid_coast
hist_gbdt,571,4,medium,4,0.946728,False,True,True,10.842,70,100,7,7,hybrid_coast
hist_gbdt,572,4,medium,4,0.946728,False,True,True,10.899,70,100,7,7,hybrid_coast
hist_gbdt,573,4,medium,12,0.9476,False,True,True,12.372,70,102,7,7,hybrid_coast
hist_gbdt,574,4,medium,1,0.943459,True,True,True,7.277,68,92,14,14,large_dark
hist_gbdt,575,4,medium,11,0.950208,True,True,True,7.577,81,101,5,5,hybrid_coast
hist_gbdt,576,4,medium,7,0.950208,True,True,True,6.051,82,99,5,5,hybrid_coast
hist_gbdt,577,4,medium,3,0.953729,False,True,True,9.757,72,100,5,5,hybrid_coast
hist_gbdt,578,4,medium,7,0.953729,True,True,True,6.9,77,100,5,5,hybrid_coast
hist_gbdt,579,4,medium,9,0.950208,True,True,True,7.511,79,101,5,5,hybrid_coast
hist_gbdt,580,4,medium_high,2,0.949696,True,True,True,5.0,76,97,5,5,hybrid_coast
hist_gbdt,581,4,medium_high,4,0.951672,False,True,True,8.9,77,101,5,5,hybrid_coast
hist_gbdt,582,4,medium_high,3,0.956467,True,True,True,2.002,71,93,5,5,hybrid_coast
hist_gbdt,583,4,medium_high,2,0.956467,False,True,True,8.492,83,97,1,3,hybrid_coast
hist_gbdt,584,4,medium_high,4,0.956467,True,True,True,6.621,81,97,1,3,hybrid_coast
hist_gbdt,585,4,medium_high,2,0.956467,True,True,True,7.941,82,98,1,3,hybrid_coast
hist_gbdt,586,4,medium_high,2,0.956467,True,True,True,4.805,76,99,1,3,hybrid_coast
hist_gbdt,587,4,medium_high,2,0.956467,True,True,True,5.994,73,100,1,3,hybrid_coast
hist_gbdt,588,4,medium_high,2,0.956467,True,True,True,7.25,72,101,1,3,hybrid_coast
hist_gbdt,589,4,medium_high,2,0.956467,True,True,True,2.739,76,97,1,3,hybrid_coast
hist_gbdt,590,4,medium_high,2,0.956467,True,True,True,3.202,77,97,1,3,hybrid_coast
hist_gbdt,591,4,medium_high,2,0.956467,True,True,True,3.45,75,98,1,3,hybrid_coast
hist_gbdt,592,4,medium_high,3,0.956467,True,True,True,5.758,73,100,1,3,hybrid_coast
hist_gbdt,593,4,medium_high,3,0.956467,True,True,True,6.658,73,101,1,3,hybrid_coast
hist_gbdt,594,4,medium_high,3,0.956467,True,True,True,1.044,74,95,1,3,hybrid_coast
hist_gbdt,595,4,medium_high,3,0.956467,True,True,True,1.25,74,94,1,3,hybrid_coast
hist_gbdt,596,4,medium_high,3,0.956467,True,True,True,0.8,75,94,1,3,hybrid_coast
hist_gbdt,597,4,medium_high,2,0.956467,True,True,True,6.521,71,100,1,3,hybrid_coast
hist_gbdt,598,4,medium_high,2,0.956467,True,True,True,6.754,69,98,1,3,hybrid_coast
hist_gbdt,599,4,medium_high,2,0.956467,True,True,True,6.0,69,95,1,3,hybrid_coast
hist_gbdt,600,4,medium_high,2,0.956467,True,True,True,7.616,68,98,1,3,hybrid_coast
hist_gbdt,601,4,medium_high,25,0.95753,True,True,True,4.252,79,95,1,3,hybrid_coast
hist_gbdt,602,4,medium_high,2,0.956467,True,True,True,2.512,72,95,1,3,hybrid_coast
hist_gbdt,603,4,medium_high,9,0.956467,True,True,True,5.143,72,90,1,3,hybrid_coast
hist_gbdt,604,4,medium_high,23,0.953729,True,True,True,6.801,72,88,1,3,hybrid_coast
hist_gbdt,605,4,medium_high,8,0.954888,True,True,True,5.87,77,96,5,5,hybrid_coast
hist_gbdt,606,4,medium_high,2,0.956467,True,True,True,1.677,72,95,1,3,hybrid_coast
hist_gbdt,607,4,medium_high,7,0.959732,True,True,True,0.76,74,94,1,3,hybrid_coast
hist_gbdt,608,4,medium_high,24,0.95753,True,True,True,3.162,76,93,1,3,hybrid_coast
hist_gbdt,609,4,medium_high,6,0.956467,True,True,True,5.416,71,99,1,3,hybrid_coast
hist_gbdt,610,4,medium_high,17,0.953729,True,True,True,3.783,71,89,5,5,hybrid_coast
hist_gbdt,611,4,high,2,0.955736,True,True,True,1.398,70,94,5,5,map
hist_gbdt,612,4,high,12,0.953729,True,True,True,5.408,73,88,5,5,hybrid_coast
hist_gbdt,613,4,high,6,0.952999,True,True,True,6.38,75,96,5,5,hybrid_coast
hist_gbdt,614,4,high,13,0.953729,True,True,True,2.305,69,90,5,5,hybrid_coast
hist_gbdt,615,4,high,1,0.949418,True,True,True,5.045,61,91,14,14,large_dark
hist_gbdt,616,4,high,2,0.956467,True,True,True,7.616,62,95,5,5,hybrid_coast
hist_gbdt,617,4,high,2,0.956467,True,True,True,3.135,69,95,5,5,hybrid_coast
hist_gbdt,618,4,high,2,0.956467,False,True,True,9.1,60,95,5,5,hybrid_coast
hist_gbdt,619,4,high,2,0.956467,False,True,True,8.914,60,95,5,5,hybrid_coast
hist_gbdt,620,4,high,2,0.956467,True,True,True,6.185,62,90,5,5,hybrid_coast
hist_gbdt,621,4,high,3,0.956467,True,True,True,4.942,70,96,5,5,hybrid_coast
hist_gbdt,622,4,high,11,0.956467,False,True,True,10.5,74,100,5,5,hybrid_coast
hist_gbdt,623,4,high,8,0.956467,False,True,True,9.462,72,100,5,5,hybrid_coast
hist_gbdt,624,4,high,3,0.956467,True,True,True,4.717,63,90,5,5,hybrid_coast
hist_gbdt,625,4,high,4,0.956467,True,True,True,6.452,62,88,5,5,hybrid_coast
hist_gbdt,626,4,high,16,0.956467,False,True,True,11.61,78,94,6,5,hybrid_coast
hist_gbdt,627,4,high,8,0.956467,False,True,True,9.09,76,91,5,5,hybrid_coast
hist_gbdt,628,4,high,9,0.956467,True,True,True,6.485,73,90,5,5,hybrid_coast
hist_gbdt,629,4,high,13,0.956467,False,True,True,9.409,76,93,5,5,hybrid_coast
hist_gbdt,630,4,high,23,0.956467,False,True,True,10.966,74,84,5,5,hybrid_coast
hist_gbdt,631,4,high,10,0.956467,False,True,True,10.692,77,93,5,5,hybrid_coast
hist_gbdt,632,4,high,10,0.956467,False,True,True,9.362,64,83,5,5,hybrid_coast
hist_gbdt,633,4,high,20,0.956467,False,True,True,13.078,77,85,5,5,hybrid_coast
hist_gbdt,634,4,high,6,0.956467,False,True,True,10.259,76,94,5,5,hybrid_coast
hist_gbdt,635,4,high,17,0.956467,False,True,True,13.365,79,94,5,5,hybrid_coast
hist_gbdt,636,4,high,6,0.956466,False,True,True,9.749,69,100,7,7,hybrid_coast
hist_gbdt,637,4,high,7,0.955736,True,True,True,6.806,72,90,5,6,hybrid_coast
hist_gbdt,638,4,high,25,0.955736,False,True,True,12.51,75,85,5,4,hybrid_coast
hist_gbdt,639,4,high,16,0.956264,False,True,True,13.89,79,93,5,6,hybrid_coast
hist_gbdt,640,4,high,22,0.956466,False,True,True,10.817,74,98,5,6,hybrid_coast
hist_gbdt,641,4,high,10,0.941959,True,True,True,3.999,68,90,4,5,hybrid_coast
hist_gbdt,642,4,high,17,0.941959,True,True,True,7.292,70,88,4,5,hybrid_coast
hist_gbdt,643,4,high,6,0.939036,True,True,True,3.89,64,88,12,12,hybrid_coast
hist_gbdt,644,4,high,7,0.938265,False,True,True,8.836,73,93,5,6,hybrid_coast
hist_gbdt,645,4,high,2,0.952986,True,True,True,6.486,61,100,5,6,hybrid_coast
hist_gbdt,646,4,high,2,0.938265,True,True,True,2.435,63,97,5,6,hybrid_coast
hist_gbdt,647,4,high,3,0.938265,True,True,True,3.175,65,98,5,6,hybrid_coast
hist_gbdt,648,4,high,2,0.938265,True,True,True,2.668,66,95,5,6,hybrid_coast
hist_gbdt,649,4,high,6,0.938265,True,True,True,7.053,63,89,5,6,hybrid_coast
hist_gbdt,650,4,high,4,0.938265,True,True,True,6.265,66,91,5,6,hybrid_coast
hist_gbdt,651,4,high,2,0.938265,False,True,True,9.618,69,90,5,6,hybrid_coast
hist_gbdt,652,4,high,11,0.938265,False,True,True,8.969,65,89,5,6,hybrid_coast
hist_gbdt,653,4,high,18,0.938265,False,True,True,11.459,67,88,5,6,hybrid_coast
hist_gbdt,654,4,high,4,0.937249,True,True,True,6.989,66,102,5,6,hybrid_coast
hist_gbdt,655,4,high,1,0.930729,True,True,True,5.59,60,92,14,14,large_dark
hist_gbdt,656,4,high,2,0.883863,True,True,True,3.138,60,96,5,6,hybrid_coast
hist_gbdt,657,4,high,1,0.871925,True,True,True,1.432,53,94,14,14,large_dark
hist_gbdt,658,4,high,1,0.880677,True,True,True,1.703,53,94,14,14,large_dark
hist_gbdt,659,4,high,3,0.897753,True,True,True,4.61,48,98,14,14,large_dark
hist_gbdt,660,4,high,55,0.801494,False,False,True,45.634,76,135,14,14,large_dark
hist_gbdt,661,4,high,63,0.67111,False,False,True,46.817,77,136,14,14,large_dark
hist_gbdt,662,4,high,2,0.460437,True,True,True,4.346,47,99,14,14,large_dark
hist_gbdt,663,4,high,25,0.553305,False,False,True,79.474,56,177,14,14,large_dark
hist_gbdt,664,4,high,14,0.688314,False,False,True,79.979,118,141,14,14,large_dark
hist_gbdt,665,4,high,1,0.812637,True,True,True,4.507,46,100,14,14,large_dark
hist_gbdt,666,4,high,2,0.638336,False,False,True,82.205,120,142,14,14,large_dark
hist_gbdt,667,4,high,1,0.634518,False,False,True,22.918,63,118,14,14,large_dark
hist_gbdt,668,4,high,4,0.611644,True,True,True,1.772,49,98,14,14,large_dark
hist_gbdt,669,4,high,1,0.789856,False,False,True,23.194,64,118,14,14,large_dark
hist_gbdt,670,4,high,4,0.69402,True,True,True,1.803,48,99,14,14,large_dark
hist_gbdt,671,4,high,1,0.453739,False,False,True,23.232,64,118,14,14,large_dark
hist_gbdt,672,4,high,1,0.825885,False,False,True,24.824,66,118,14,14,large_dark
hist_gbdt,673,4,high,1,0.654365,False,False,True,25.048,66,118,14,14,large_dark
hist_gbdt,674,4,high,1,0.832821,False,False,True,25.279,66,118,14,14,large_dark
hist_gbdt,675,4,high,1,0.476453,False,False,True,25.517,66,118,14,14,large_dark
hist_gbdt,676,4,medium_high,1,0.357658,False,False,True,27.321,68,118,14,14,large_dark
hist_gbdt,677,4,medium_high,1,0.740725,False,False,True,27.59,68,118,14,14,large_dark
hist_gbdt,678,4,medium_high,1,0.459147,False,False,True,27.865,68,118,14,14,large_dark
hist_gbdt,679,4,medium_high,1,0.716103,False,False,True,28.969,69,118,14,14,large_dark
hist_gbdt,680,4,medium_high,1,0.312314,False,False,True,29.262,69,118,14,14,large_dark
hist_gbdt,681,4,medium_high,1,0.312314,False,False,True,28.276,68,118,14,14,large_dark
hist_gbdt,682,4,medium_high,1,0.716103,False,False,True,28.97,69,118,14,14,large_dark
hist_gbdt,683,4,medium_high,2,0.634949,False,False,True,23.2,66,121,7,7,hybrid_coast
hist_gbdt,684,4,medium_high,1,0.862612,False,False,True,29.558,70,118,14,14,large_dark
hist_gbdt,685,4,medium_high,2,0.905476,False,False,True,25.311,69,121,7,7,hybrid_coast
hist_gbdt,686,4,medium_high,2,0.918246,False,False,True,24.324,68,121,7,7,hybrid_coast
hist_gbdt,687,4,medium_high,1,0.899741,False,False,True,30.075,71,118,14,14,large_dark
hist_gbdt,688,4,medium_high,2,0.937216,False,False,True,26.624,71,121,7,7,hybrid_coast
hist_gbdt,689,4,medium_high,2,0.942821,False,False,True,25.623,70,121,7,7,hybrid_coast
hist_gbdt,690,4,medium_high,5,0.940308,False,False,True,29.262,72,125,7,7,hybrid_coast
hist_gbdt,691,4,medium_high,3,0.937216,False,False,True,32.148,75,126,7,7,hybrid_coast
hist_gbdt,692,4,medium_high,3,0.942821,False,False,True,25.162,70,121,7,7,hybrid_coast
hist_gbdt,693,4,medium_high,1,0.899741,False,False,True,29.815,72,117,14,14,large_dark
hist_gbdt,694,4,medium_high,1,0.93985,False,False,True,27.542,73,121,7,7,hybrid_coast
hist_gbdt,695,4,medium_high,5,0.944741,False,False,True,34.941,79,126,7,7,hybrid_coast
hist_gbdt,696,4,medium_high,3,0.939313,False,False,True,25.393,71,121,7,7,hybrid_coast
hist_gbdt,697,4,medium_high,2,0.93985,False,False,True,29.874,76,121,7,7,hybrid_coast
hist_gbdt,698,4,medium_high,3,0.93985,False,False,True,29.732,76,121,7,7,hybrid_coast
extra_trees,1,0,high,18,0.19547,True,True,True,3.607,58,96,14,14,large_dark
extra_trees,2,0,high,4,0.31673,False,False,True,69.588,122,117,12,14,hybrid_coast
extra_trees,3,0,high,11,0.297634,False,False,True,29.753,88,89,3,3,hybrid_coast
extra_trees,4,0,high,7,0.29441,False,False,True,42.251,102,90,3,3,hybrid_coast
extra_trees,5,0,high,9,0.34615,False,False,True,64.935,115,122,14,14,hybrid_coast
extra_trees,6,0,high,12,0.362909,False,False,True,40.314,102,96,3,3,hybrid_coast
extra_trees,7,0,high,2,0.454863,False,False,True,54.17,104,121,14,14,hybrid_coast
extra_trees,8,0,high,4,0.454138,False,False,True,35.192,27,85,10,4,hybrid_coast
extra_trees,9,0,high,1,0.498898,False,False,True,24.543,80,104,14,14,large_dark
extra_trees,10,0,high,1,0.561885,False,False,True,17.002,74,88,14,14,hybrid_coast
extra_trees,11,0,high,19,0.510497,True,True,True,3.631,62,94,14,14,large_dark
extra_trees,12,0,high,14,0.553747,False,False,True,31.914,29,101,10,4,hybrid_coast
extra_trees,13,0,high,11,0.581848,False,False,True,32.438,29,102,10,4,hybrid_coast
extra_trees,14,0,high,5,0.595866,False,False,True,33.004,29,103,10,4,hybrid_coast
extra_trees,15,0,high,4,0.598219,False,False,True,37.125,27,110,10,4,hybrid_coast
extra_trees,16,0,high,8,0.582022,False,False,True,38.612,25,107,10,4,hybrid_coast
extra_trees,17,0,high,10,0.555058,True,True,True,3.306,64,93,14,14,large_dark
extra_trees,18,0,high,5,0.566859,True,True,True,2.99,64,93,14,14,large_dark
extra_trees,19,0,high,1,0.574727,True,True,True,2.72,64,93,14,14,large_dark
extra_trees,20,0,high,2,0.572332,True,True,True,2.5,64,93,14,14,large_dark
extra_trees,21,0,high,1,0.565705,True,True,True,2.398,64,93,14,14,large_dark
extra_trees,22,0,high,1,0.563376,True,True,True,2.394,65,92,14,14,large_dark
extra_trees,23,0,high,1,0.563152,True,True,True,3.03,66,92,14,14,large_dark
extra_trees,24,0,high,1,0.562598,True,True,True,2.843,66,92,14,14,large_dark
extra_trees,25,0,high,1,0.565422,True,True,True,2.078,66,91,14,14,large_dark
extra_trees,26,0,high,1,0.566609,True,True,True,1.947,66,91,14,14,large_dark
extra_trees,27,0,high,1,0.56345,True,True,True,1.973,66,91,14,14,large_dark
extra_trees,28,0,high,1,0.553136,True,True,True,1.78,67,90,14,14,large_dark
extra_trees,29,0,high,1,0.552328,True,True,True,3.549,67,92,14,14,large_dark
extra_trees,30,0,high,1,0.559014,True,True,True,4.039,68,92,14,14,large_dark
extra_trees,31,0,high,1,0.556331,True,True,True,4.213,68,92,14,14,large_dark
extra_trees,32,0,high,1,0.560072,True,True,True,3.453,68,91,14,14,large_dark
extra_trees,33,0,high,1,0.556744,True,True,True,3.894,69,91,14,14,large_dark
extra_trees,34,0,high,1,0.557423,True,True,True,4.11,69,91,14,14,large_dark
extra_trees,35,0,high,1,0.554153,True,True,True,3.604,70,90,14,14,large_dark
extra_trees,36,0,high,1,0.552678,True,True,True,3.785,70,90,14,14,large_dark
extra_trees,37,0,high,1,0.555248,True,True,True,4.045,70,90,14,14,large_dark
extra_trees,38,0,high,1,0.565807,True,True,True,4.351,70,90,14,14,large_dark
extra_trees,39,0,high,1,0.573932,True,True,True,4.702,70,90,14,14,large_dark
extra_trees,40,0,high,1,0.579415,True,True,True,5.0,71,90,14,14,large_dark
extra_trees,41,0,high,1,0.582905,True,True,True,5.162,71,90,14,14,large_dark
extra_trees,42,0,high,1,0.587422,True,True,True,5.217,72,90,14,14,large_dark
extra_trees,43,0,high,1,0.592029,True,True,True,4.681,72,89,14,14,large_dark
extra_trees,44,0,high,1,0.586479,True,True,True,5.28,72,89,14,14,large_dark
extra_trees,45,0,high,1,0.595672,True,True,True,5.349,72,88,14,14,large_dark
extra_trees,46,0,high,1,0.601205,True,True,True,6.243,72,88,14,14,large_dark
extra_trees,47,0,high,2,0.612262,False,True,True,10.016,72,90,7,7,map
extra_trees,48,0,high,2,0.69105,False,True,True,14.284,71,96,7,7,hybrid_coast
extra_trees,49,0,high,2,0.728673,False,True,False,12.735,76,98,7,7,hybrid_coast
extra_trees,50,0,high,5,0.737072,False,True,True,15.0,76,100,7,7,hybrid_coast
extra_trees,51,0,high,8,0.745567,False,False,True,18.098,76,103,7,7,hybrid_coast
extra_trees,52,0,high,5,0.714232,False,True,True,11.226,77,83,7,7,hybrid_coast
extra_trees,53,0,high,2,0.797068,False,True,True,8.236,82,91,3,3,hybrid_coast
extra_trees,54,0,high,7,0.801788,False,True,True,9.71,83,95,3,3,hybrid_coast
extra_trees,55,0,high,4,0.8042,False,True,True,13.145,80,85,3,3,hybrid_coast
extra_trees,56,0,high,3,0.808823,False,False,True,17.349,76,91,3,3,hybrid_coast
extra_trees,57,0,high,3,0.829683,False,True,True,15.774,79,86,3,3,hybrid_coast
extra_trees,58,0,high,2,0.824191,False,False,True,16.575,79,92,3,3,hybrid_coast
extra_trees,59,0,high,4,0.832463,False,False,True,17.792,79,93,3,3,hybrid_coast
extra_trees,60,0,high,6,0.853562,False,True,True,13.73,84,87,3,3,hybrid_coast
extra_trees,61,0,high,4,0.852912,False,True,True,14.046,84,84,3,3,hybrid_coast
extra_trees,62,0,high,6,0.869911,False,True,True,12.2,85,85,3,3,hybrid_coast
extra_trees,63,0,high,4,0.877788,False,True,True,11.302,85,86,3,3,hybrid_coast
extra_trees,64,0,high,5,0.873366,False,True,True,10.242,86,85,3,3,hybrid_coast
extra_trees,65,0,high,4,0.889953,False,True,True,11.106,85,84,3,3,hybrid_coast
extra_trees,66,0,high,6,0.87605,False,True,True,14.144,81,84,3,3,hybrid_coast
extra_trees,67,0,high,5,0.891074,False,True,True,8.757,86,85,3,3,hybrid_coast
extra_trees,68,0,high,3,0.891938,False,True,True,9.701,85,84,3,3,hybrid_coast
extra_trees,69,0,high,6,0.886545,False,True,True,9.254,86,83,3,3,hybrid_coast
extra_trees,70,0,high,3,0.899144,True,True,True,7.433,86,85,3,3,hybrid_coast
extra_trees,71,0,high,2,0.896656,True,True,True,7.191,87,84,3,3,hybrid_coast
extra_trees,72,0,high,3,0.902235,False,True,True,9.492,84,83,3,3,hybrid_coast
extra_trees,73,0,high,2,0.90338,True,True,True,4.866,86,87,3,3,hybrid_coast
extra_trees,74,0,high,4,0.908038,True,True,True,7.5,87,83,3,3,hybrid_coast
extra_trees,75,0,high,3,0.905371,True,True,True,4.284,88,86,3,3,hybrid_coast
extra_trees,76,0,high,7,0.904647,True,True,True,4.785,90,86,3,3,hybrid_coast
extra_trees,77,0,high,5,0.905426,False,True,True,8.351,87,82,3,3,hybrid_coast
extra_trees,78,0,high,2,0.906097,True,True,True,4.588,88,86,3,3,hybrid_coast
extra_trees,79,0,high,3,0.905935,False,True,True,10.423,80,82,3,3,hybrid_coast
extra_trees,80,0,high,5,0.907857,False,True,True,8.631,87,82,3,3,hybrid_coast
extra_trees,81,0,high,5,0.907106,False,True,True,8.9,88,82,3,3,hybrid_coast
extra_trees,82,0,high,5,0.90281,False,True,True,9.277,89,82,3,3,hybrid_coast
extra_trees,83,0,high,8,0.906002,True,True,True,7.274,91,86,3,3,hybrid_coast
extra_trees,84,0,high,6,0.898923,False,True,True,9.014,88,82,3,3,hybrid_coast
extra_trees,85,0,high,4,0.904962,True,True,True,6.993,80,86,3,3,hybrid_coast
extra_trees,86,0,high,5,0.900828,False,True,True,9.092,88,82,3,3,hybrid_coast
extra_trees,87,0,high,6,0.908629,False,True,True,10.091,80,82,3,3,hybrid_coast
extra_trees,88,0,high,5,0.907953,True,True,True,4.159,81,90,3,3,hybrid_coast
extra_trees,89,0,high,3,0.903825,True,True,True,0.28,85,91,3,3,hybrid_coast
extra_trees,90,0,high,5,0.904249,True,True,True,5.056,90,90,3,3,hybrid_coast
extra_trees,91,0,high,5,0.903554,True,True,True,5.61,82,86,3,3,hybrid_coast
extra_trees,92,0,high,7,0.906333,True,True,True,5.608,82,86,3,3,hybrid_coast
extra_trees,93,0,high,3,0.907144,True,True,True,1.853,83,91,3,3,hybrid_coast
extra_trees,94,0,high,2,0.905865,True,True,True,5.811,88,86,3,3,hybrid_coast
extra_trees,95,0,high,4,0.908216,True,True,True,5.6,82,86,3,3,hybrid_coast
extra_trees,96,0,high,4,0.906897,True,True,True,1.703,83,91,3,3,hybrid_coast
extra_trees,97,0,high,4,0.906446,True,True,True,1.722,86,92,3,3,hybrid_coast
extra_trees,98,0,high,3,0.906965,True,True,True,1.401,86,91,3,3,hybrid_coast
extra_trees,99,0,high,2,0.906313,True,True,True,6.456,87,85,3,3,hybrid_coast
extra_trees,100,0,high,3,0.906526,True,True,True,4.61,88,88,3,3,hybrid_coast
extra_trees,101,0,high,3,0.903543,True,True,True,4.525,80,90,3,3,hybrid_coast
extra_trees,102,0,high,3,0.906867,True,True,True,6.65,79,87,3,3,hybrid_coast
extra_trees,103,0,high,3,0.910647,True,True,True,5.111,81,87,3,3,hybrid_coast
extra_trees,104,0,high,2,0.911176,True,True,True,5.731,80,87,3,3,hybrid_coast
extra_trees,105,0,high,8,0.907508,True,True,True,2.188,86,92,3,3,hybrid_coast
extra_trees,106,0,high,2,0.908656,True,True,True,4.912,81,87,3,3,hybrid_coast
extra_trees,107,0,high,3,0.906774,True,True,True,5.516,80,87,3,3,hybrid_coast
extra_trees,108,0,high,5,0.903602,True,True,True,4.342,86,87,3,3,hybrid_coast
extra_trees,109,0,high,2,0.895578,True,True,True,1.139,83,90,3,3,hybrid_coast
extra_trees,110,0,high,4,0.899227,True,True,True,4.757,79,91,3,3,hybrid_coast
extra_trees,111,0,high,3,0.901262,True,True,True,4.389,86,87,3,3,hybrid_coast
extra_trees,112,0,high,7,0.900065,True,True,True,5.143,79,93,3,3,hybrid_coast
extra_trees,113,0,high,3,0.906878,True,True,True,4.542,79,91,3,3,hybrid_coast
extra_trees,114,0,high,3,0.895907,True,True,True,5.032,79,93,3,3,hybrid_coast
extra_trees,115,0,high,9,0.899522,True,True,True,6.485,78,87,3,3,hybrid_coast
extra_trees,116,0,high,6,0.891978,True,True,True,6.546,87,96,3,3,hybrid_coast
extra_trees,117,0,high,4,0.896642,True,True,True,4.865,79,93,3,3,hybrid_coast
extra_trees,118,0,high,6,0.900845,True,True,True,5.179,78,90,3,3,hybrid_coast
extra_trees,119,0,high,4,0.89028,True,True,True,4.531,83,86,3,3,hybrid_coast
extra_trees,120,0,high,3,0.899739,True,True,True,1.118,84,90,3,3,hybrid_coast
extra_trees,121,0,high,3,0.89266,True,True,True,2.084,85,90,3,3,hybrid_coast
extra_trees,122,0,high,4,0.890188,True,True,True,3.083,86,90,3,3,hybrid_coast
extra_trees,123,0,high,4,0.89685,True,True,True,1.159,84,90,3,3,hybrid_coast
extra_trees,124,0,high,1,0.862446,True,True,True,6.555,80,96,4,4,hybrid_coast
extra_trees,125,0,high,11,0.863783,False,True,True,12.406,73,98,4,4,hybrid_coast
extra_trees,126,0,high,11,0.851238,True,True,True,4.116,85,93,4,4,hybrid_coast
extra_trees,127,0,high,14,0.776237,False,True,True,12.284,84,102,4,4,hybrid_coast
extra_trees,128,0,high,10,0.757069,True,True,True,5.36,78,93,4,4,appearance
extra_trees,129,0,high,10,0.725084,True,True,True,5.356,78,93,4,4,appearance
extra_trees,130,0,high,12,0.662306,True,True,True,6.374,76,92,5,5,map
extra_trees,131,0,high,9,0.654219,True,True,True,5.345,78,93,4,4,appearance
extra_trees,132,0,high,1,0.690463,False,False,True,52.541,122,124,4,4,hybrid_coast
extra_trees,133,0,high,1,0.671954,False,False,True,59.464,130,125,4,4,hybrid_coast
extra_trees,134,0,high,11,0.654341,False,False,True,54.985,128,120,4,4,hybrid_coast
extra_trees,135,0,high,3,0.653278,False,False,True,59.936,131,125,3,4,hybrid_coast
extra_trees,136,0,high,37,0.621942,True,True,True,5.867,77,92,4,5,appearance
extra_trees,137,0,high,1,0.576928,False,False,True,67.802,133,136,1,4,hybrid_coast
extra_trees,138,0,high,2,0.535278,False,False,True,71.361,133,141,1,4,hybrid_coast
extra_trees,139,0,high,39,0.47661,True,True,True,5.24,77,90,4,6,appearance
extra_trees,140,1,high,58,0.49916,True,True,True,5.59,77,92,4,4,appearance
extra_trees,141,1,high,55,0.442519,True,True,True,5.477,77,92,4,4,appearance
extra_trees,142,1,high,24,0.521476,True,True,True,5.371,77,92,4,4,appearance
extra_trees,143,1,high,10,0.63317,True,True,True,4.837,77,91,4,4,appearance
extra_trees,144,1,high,1,0.581407,False,True,True,9.405,67,84,14,14,large_dark
extra_trees,145,1,high,11,0.675711,True,True,True,3.554,79,92,4,4,hybrid_coast
extra_trees,146,1,high,3,0.73573,True,True,True,7.71,75,94,5,5,hybrid_coast
extra_trees,147,1,high,5,0.800297,False,True,True,13.608,69,96,5,5,hybrid_coast
extra_trees,148,1,high,3,0.844006,False,True,True,8.417,72,90,5,5,hybrid_coast
extra_trees,149,1,high,2,0.855736,False,True,True,11.248,69,90,5,5,hybrid_coast
extra_trees,150,1,high,6,0.859142,False,True,True,8.382,72,91,5,5,hybrid_coast
extra_trees,151,1,high,11,0.900697,False,True,True,9.533,71,92,5,5,hybrid_coast
extra_trees,152,1,high,3,0.888714,False,True,True,10.012,72,82,5,5,hybrid_coast
extra_trees,153,1,high,3,0.893516,False,True,True,8.707,72,84,5,5,hybrid_coast
extra_trees,154,1,high,4,0.904864,False,True,True,13.647,67,94,5,5,hybrid_coast
extra_trees,155,1,high,9,0.911187,True,True,True,7.29,73,92,5,5,hybrid_coast
extra_trees,156,1,high,5,0.913775,False,True,True,9.415,71,93,5,5,hybrid_coast
extra_trees,157,1,high,8,0.900924,False,True,True,10.495,71,95,5,5,hybrid_coast
extra_trees,158,1,high,4,0.903229,False,True,True,9.625,70,92,5,5,hybrid_coast
extra_trees,159,1,high,2,0.907211,False,True,True,9.968,70,93,5,5,hybrid_coast
extra_trees,160,1,high,2,0.905692,False,True,True,9.014,70,91,5,5,hybrid_coast
extra_trees,161,1,high,4,0.89055,False,True,True,9.711,70,92,5,5,hybrid_coast
extra_trees,162,1,high,8,0.877,False,True,True,10.938,69,92,5,5,hybrid_coast
extra_trees,163,1,high,1,0.873299,False,True,True,8.157,72,83,5,5,hybrid_coast
extra_trees,164,1,high,11,0.878724,True,True,True,7.654,72,89,5,5,hybrid_coast
extra_trees,165,1,high,15,0.853662,False,True,True,8.6,73,92,5,5,hybrid_coast
extra_trees,166,1,high,15,0.842335,False,True,True,9.731,72,92,5,5,hybrid_coast
extra_trees,167,1,high,2,0.846009,False,True,True,8.996,71,87,5,5,hybrid_coast
extra_trees,168,1,high,4,0.842553,False,True,True,10.197,70,84,5,5,hybrid_coast
extra_trees,169,1,high,3,0.855498,False,True,True,8.305,72,85,5,5,hybrid_coast
extra_trees,170,1,high,3,0.851034,False,True,True,11.105,71,79,5,5,hybrid_coast
extra_trees,171,1,high,2,0.845634,True,True,True,7.121,74,82,5,5,hybrid_coast
extra_trees,172,1,high,8,0.854718,True,True,True,7.669,75,89,5,5,hybrid_coast
extra_trees,173,1,high,1,0.847359,True,True,True,7.314,74,82,5,5,hybrid_coast
extra_trees,174,1,high,16,0.825356,True,True,True,1.481,81,82,5,5,hybrid_coast
extra_trees,175,1,high,3,0.852032,True,True,True,6.146,82,77,5,5,hybrid_coast
extra_trees,176,1,high,2,0.864543,False,True,True,9.27,88,76,5,5,hybrid_coast
extra_trees,177,1,high,3,0.867912,True,True,True,5.441,85,78,5,5,hybrid_coast
extra_trees,178,1,high,2,0.865795,True,True,True,6.995,89,81,5,5,hybrid_coast
extra_trees,179,1,high,4,0.884462,True,True,True,6.746,89,81,5,5,hybrid_coast
extra_trees,180,1,high,5,0.857369,False,True,True,10.512,93,81,5,5,hybrid_coast
extra_trees,181,1,high,2,0.851651,True,True,True,5.513,86,77,5,5,hybrid_coast
extra_trees,182,1,high,2,0.856874,False,True,True,8.13,88,75,5,5,hybrid_coast
extra_trees,183,1,high,6,0.843044,False,True,True,9.564,88,73,5,5,hybrid_coast
extra_trees,184,1,high,3,0.851538,False,True,True,11.576,93,75,5,5,hybrid_coast
extra_trees,185,1,high,4,0.861421,False,True,True,9.794,93,80,5,5,hybrid_coast
extra_trees,186,1,high,4,0.876002,False,True,True,10.603,94,81,5,5,hybrid_coast
extra_trees,187,1,high,4,0.895506,True,True,True,7.571,91,82,5,5,hybrid_coast
extra_trees,188,1,high,2,0.894405,False,True,True,10.409,94,79,5,5,hybrid_coast
extra_trees,189,1,high,1,0.898844,False,True,True,8.861,90,74,5,5,hybrid_coast
extra_trees,190,1,high,3,0.895115,False,True,True,9.411,90,73,5,5,hybrid_coast
extra_trees,191,1,high,2,0.884431,False,True,True,8.466,90,74,5,5,hybrid_coast
extra_trees,192,1,high,5,0.884236,False,True,True,8.431,89,73,5,5,hybrid_coast
extra_trees,193,1,high,6,0.87049,False,True,True,8.084,92,77,5,5,hybrid_coast
extra_trees,194,1,high,10,0.843164,False,True,True,9.794,94,77,5,5,hybrid_coast
extra_trees,195,1,high,2,0.83497,True,True,True,3.805,82,77,5,5,hybrid_coast
extra_trees,196,1,high,9,0.807878,True,True,True,4.545,82,83,5,5,hybrid_coast
extra_trees,197,1,high,2,0.79069,True,True,True,5.898,89,75,5,5,hybrid_coast
extra_trees,198,1,high,8,0.804241,False,True,True,8.019,92,75,5,5,hybrid_coast
extra_trees,199,1,high,3,0.833516,True,True,True,4.75,83,75,5,5,hybrid_coast
extra_trees,200,1,high,6,0.86068,True,True,True,6.185,84,73,5,5,hybrid_coast
extra_trees,201,1,high,3,0.863569,True,True,True,6.591,81,84,5,5,hybrid_coast
extra_trees,202,1,high,2,0.872931,True,True,True,5.3,81,82,5,5,hybrid_coast
extra_trees,203,1,high,3,0.873476,True,True,True,5.752,81,83,5,5,hybrid_coast
extra_trees,204,1,high,3,0.881042,True,True,True,6.263,81,84,5,5,hybrid_coast
extra_trees,205,1,high,4,0.887719,True,True,True,1.904,85,82,5,5,hybrid_coast
extra_trees,206,1,high,2,0.893861,True,True,True,4.726,82,83,5,5,hybrid_coast
extra_trees,207,1,high,3,0.895836,True,True,True,5.208,82,84,5,5,hybrid_coast
extra_trees,208,1,high,7,0.886776,True,True,True,4.809,86,86,5,5,hybrid_coast
extra_trees,209,1,high,3,0.885366,True,True,True,7.824,82,75,5,5,hybrid_coast
extra_trees,210,1,high,5,0.886125,False,True,True,9.839,82,73,5,5,hybrid_coast
extra_trees,211,1,high,5,0.898017,True,True,True,3.374,85,85,5,5,hybrid_coast
extra_trees,212,1,high,6,0.890402,True,True,True,0.99,86,83,5,5,hybrid_coast
extra_trees,213,1,high,2,0.886946,False,True,True,8.145,82,76,5,5,hybrid_coast
extra_trees,214,1,high,5,0.902144,True,True,True,2.869,85,85,5,5,hybrid_coast
extra_trees,215,1,high,2,0.888869,True,True,True,4.002,83,83,5,5,hybrid_coast
extra_trees,216,1,high,2,0.887038,True,True,True,3.158,84,84,5,5,hybrid_coast
extra_trees,217,1,high,4,0.884712,True,True,True,1.791,86,85,5,5,hybrid_coast
extra_trees,218,1,high,4,0.869506,True,True,True,2.528,85,85,5,5,hybrid_coast
extra_trees,219,1,high,4,0.860666,True,True,True,0.877,87,85,5,5,hybrid_coast
extra_trees,220,1,high,4,0.876041,True,True,True,2.915,85,86,5,5,hybrid_coast
extra_trees,221,1,high,6,0.837966,True,True,True,3.25,87,88,5,5,hybrid_coast
extra_trees,222,1,high,3,0.802971,True,True,True,1.701,89,85,5,5,hybrid_coast
extra_trees,223,1,high,3,0.806335,True,True,True,3.275,84,86,5,5,hybrid_coast
extra_trees,224,1,high,4,0.868059,True,True,True,5.289,82,87,5,5,hybrid_coast
extra_trees,225,1,high,6,0.886723,True,True,True,5.072,83,89,5,5,hybrid_coast
extra_trees,226,1,high,4,0.882523,True,True,True,2.081,85,87,5,5,hybrid_coast
extra_trees,227,1,high,2,0.88194,True,True,True,6.005,81,88,5,5,hybrid_coast
extra_trees,228,1,high,7,0.866934,True,True,True,6.586,81,90,5,5,hybrid_coast
extra_trees,229,1,high,8,0.863558,True,True,True,4.33,85,91,5,5,hybrid_coast
extra_trees,230,1,high,8,0.863899,True,True,True,3.783,87,91,5,5,hybrid_coast
extra_trees,231,1,high,2,0.871157,True,True,True,5.603,81,89,5,5,hybrid_coast
extra_trees,232,1,high,3,0.876017,False,True,True,8.587,78,90,5,5,hybrid_coast
extra_trees,233,1,high,5,0.864838,False,True,True,9.095,78,92,5,5,hybrid_coast
extra_trees,234,1,high,2,0.868656,False,True,True,10.641,76,85,5,5,hybrid_coast
extra_trees,235,1,high,3,0.867734,False,True,True,10.641,76,85,5,5,hybrid_coast
extra_trees,236,1,high,2,0.868575,False,True,True,12.394,75,83,5,5,hybrid_coast
extra_trees,237,1,high,3,0.885123,False,True,True,9.882,79,82,5,5,hybrid_coast
extra_trees,238,1,high,7,0.885276,False,True,True,10.784,79,81,5,5,hybrid_coast
extra_trees,239,1,high,6,0.891179,True,True,True,7.69,80,95,5,5,hybrid_coast
extra_trees,240,1,high,4,0.865125,False,True,True,13.647,72,88,5,5,hybrid_coast
extra_trees,241,1,high,9,0.879724,True,True,True,5.494,83,95,5,5,hybrid_coast
extra_trees,242,1,high,3,0.881763,False,True,True,11.051,74,92,5,5,hybrid_coast
extra_trees,243,1,high,3,0.896391,False,True,True,8.16,77,93,5,5,hybrid_coast
extra_trees,244,1,high,8,0.907231,False,True,True,8.092,78,95,5,5,hybrid_coast
extra_trees,245,1,high,4,0.898184,False,True,True,9.838,75,94,5,5,hybrid_coast
extra_trees,246,1,high,13,0.895668,True,True,True,7.314,84,97,5,5,hybrid_coast
extra_trees,247,1,high,8,0.897528,True,True,True,6.796,78,94,5,5,hybrid_coast
extra_trees,248,1,high,5,0.896165,False,True,True,8.762,76,95,5,5,hybrid_coast
extra_trees,249,1,high,4,0.885125,True,True,True,4.492,82,94,5,5,hybrid_coast
extra_trees,250,1,high,5,0.889105,True,True,True,4.507,82,94,5,5,hybrid_coast
extra_trees,251,1,high,7,0.872095,False,True,True,9.136,74,94,5,5,hybrid_coast
extra_trees,252,1,high,5,0.853619,False,True,True,8.884,74,94,5,5,hybrid_coast
extra_trees,253,1,high,2,0.816685,False,True,True,9.298,72,90,5,5,hybrid_coast
extra_trees,254,1,high,4,0.861736,False,True,True,10.109,72,94,5,5,hybrid_coast
extra_trees,255,1,high,3,0.899355,True,True,True,5.957,76,93,5,5,hybrid_coast
extra_trees,256,1,high,7,0.876804,True,True,True,6.444,76,94,5,5,hybrid_coast
extra_trees,257,1,high,14,0.83378,True,True,True,6.921,81,96,5,5,hybrid_coast
extra_trees,258,1,high,3,0.807943,True,True,True,4.553,82,93,5,5,hybrid_coast
extra_trees,259,1,high,4,0.850757,True,True,True,4.666,77,85,5,5,hybrid_coast
extra_trees,260,1,high,8,0.873768,True,True,True,5.385,77,84,5,5,hybrid_coast
extra_trees,261,1,high,7,0.877105,True,True,True,6.298,76,95,5,5,hybrid_coast
extra_trees,262,1,high,3,0.868629,True,True,True,6.507,76,84,5,5,hybrid_coast
extra_trees,263,1,high,4,0.864333,True,True,True,7.33,75,84,5,5,hybrid_coast
extra_trees,264,1,high,5,0.880585,False,True,True,8.184,74,84,5,5,hybrid_coast
extra_trees,265,1,high,8,0.888512,True,True,True,7.12,86,93,4,5,hybrid_coast
extra_trees,266,1,high,11,0.881666,True,True,True,6.731,83,97,4,5,hybrid_coast
extra_trees,267,1,high,6,0.897045,False,True,True,8.505,76,84,4,5,hybrid_coast
extra_trees,268,1,high,8,0.893606,False,True,True,10.177,75,83,4,5,hybrid_coast
extra_trees,269,1,high,9,0.900654,True,True,True,7.311,84,98,4,5,hybrid_coast
extra_trees,270,1,high,4,0.902459,True,True,True,3.26,77,96,4,5,hybrid_coast
extra_trees,271,1,high,8,0.909502,True,True,True,4.709,82,97,4,5,hybrid_coast
extra_trees,272,1,high,6,0.907549,True,True,True,1.664,80,95,4,5,hybrid_coast
extra_trees,273,1,high,5,0.907528,True,True,True,4.763,74,96,4,5,hybrid_coast
extra_trees,274,1,high,3,0.90911,True,True,True,5.55,84,95,4,5,hybrid_coast
extra_trees,275,1,high,5,0.908492,True,True,True,4.909,83,97,4,5,hybrid_coast
extra_trees,276,1,high,9,0.905056,False,True,True,8.469,75,88,4,5,hybrid_coast
extra_trees,277,1,high,6,0.904359,True,True,True,7.333,80,89,3,5,hybrid_coast
extra_trees,278,1,high,9,0.900018,True,True,True,2.871,81,97,4,5,hybrid_coast
extra_trees,279,1,high,5,0.891293,True,True,True,7.923,73,91,4,5,hybrid_coast
extra_trees,280,2,high,4,0.887598,True,True,True,7.5,72,93,4,5,hybrid_coast
extra_trees,281,2,medium_high,3,0.872701,True,True,True,4.197,75,95,4,5,hybrid_coast
extra_trees,282,2,medium_high,4,0.8596,True,True,True,5.051,75,103,4,5,hybrid_coast
extra_trees,283,2,medium_high,5,0.848347,True,True,True,7.192,74,93,4,5,hybrid_coast
extra_trees,284,2,medium_high,3,0.83524,True,True,True,3.479,74,101,4,5,hybrid_coast
extra_trees,285,2,medium_high,2,0.820118,True,True,True,3.17,74,101,4,5,hybrid_coast
extra_trees,286,2,medium_high,4,0.788159,True,True,True,6.294,73,106,4,5,hybrid_coast
extra_trees,287,2,medium_high,3,0.771439,True,True,True,3.988,73,103,4,5,hybrid_coast
extra_trees,288,2,medium_high,7,0.742295,True,True,True,6.712,71,106,4,5,hybrid_coast
extra_trees,289,2,medium_high,5,0.715132,True,True,True,6.036,72,107,4,5,hybrid_coast
extra_trees,290,2,medium_high,1,0.708411,True,True,True,3.717,75,107,4,5,hybrid_coast
extra_trees,291,2,medium_high,3,0.670463,True,True,True,2.257,74,105,4,5,hybrid_coast
extra_trees,292,2,medium_high,2,0.670102,True,True,True,2.983,74,107,4,5,hybrid_coast
extra_trees,293,2,medium_high,3,0.640267,True,True,True,3.84,73,108,4,5,hybrid_coast
extra_trees,294,2,medium_high,4,0.625857,True,True,True,4.713,72,109,4,5,hybrid_coast
extra_trees,295,2,medium_high,3,0.618723,True,True,True,7.624,74,114,4,5,hybrid_coast
extra_trees,296,2,medium_high,3,0.627198,True,True,True,3.64,73,110,4,5,hybrid_coast
extra_trees,297,2,medium_high,2,0.61429,True,True,True,4.48,72,111,4,5,hybrid_coast
extra_trees,298,2,medium_high,2,0.628353,True,True,True,3.796,74,112,4,5,hybrid_coast
extra_trees,299,2,medium_high,3,0.625362,True,True,True,5.366,73,114,4,5,hybrid_coast
extra_trees,300,2,medium_high,2,0.622553,True,True,True,7.517,74,117,4,5,hybrid_coast
extra_trees,301,2,medium_high,2,0.614721,True,True,True,5.139,73,115,4,5,hybrid_coast
extra_trees,302,2,medium_high,2,0.612568,False,True,True,8.551,77,119,4,5,hybrid_coast
extra_trees,303,2,medium_high,2,0.60929,True,True,True,1.846,74,113,4,5,hybrid_coast
extra_trees,304,2,medium_high,2,0.613523,True,True,True,5.385,80,114,4,5,hybrid_coast
extra_trees,305,2,medium_high,2,0.619756,False,True,True,8.421,76,121,4,5,hybrid_coast
extra_trees,306,2,medium_high,3,0.620022,False,True,True,9.779,76,123,4,5,hybrid_coast
extra_trees,307,2,medium_high,3,0.63519,False,True,True,9.146,76,123,4,5,hybrid_coast
extra_trees,308,2,medium_high,2,0.632599,True,True,True,2.915,74,117,4,5,hybrid_coast
extra_trees,309,2,medium_high,2,0.63096,True,True,True,3.893,73,118,4,5,hybrid_coast
extra_trees,310,2,medium_high,4,0.63132,True,True,True,5.303,81,115,4,5,hybrid_coast
extra_trees,311,2,medium_high,2,0.642055,True,True,True,3.226,74,119,4,5,hybrid_coast
extra_trees,312,2,medium_high,2,0.644544,True,True,True,4.243,73,120,4,5,hybrid_coast
extra_trees,313,2,medium_high,2,0.64872,False,True,True,8.376,76,126,4,5,hybrid_coast
extra_trees,314,2,medium_high,2,0.657668,True,True,True,6.755,76,125,4,5,hybrid_coast
extra_trees,315,2,medium_high,2,0.635312,False,True,True,9.133,76,128,4,5,hybrid_coast
extra_trees,316,2,medium_high,5,0.612629,False,True,True,10.512,76,130,4,5,hybrid_coast
extra_trees,317,2,medium_high,2,0.611758,True,True,True,5.423,79,125,4,5,hybrid_coast
extra_trees,318,2,medium_high,4,0.628809,True,True,True,5.303,76,126,4,5,hybrid_coast
extra_trees,319,2,medium_high,3,0.620043,True,True,True,5.537,72,124,4,5,hybrid_coast
extra_trees,320,2,medium_high,4,0.623999,True,True,True,6.708,71,119,4,5,hybrid_coast
extra_trees,321,2,medium_high,3,0.61074,True,True,True,5.001,76,127,4,5,hybrid_coast
extra_trees,322,2,medium_high,6,0.626237,True,True,True,7.179,72,117,4,5,hybrid_coast
extra_trees,323,2,medium_high,2,0.610961,True,True,True,5.074,75,127,4,5,hybrid_coast
extra_trees,324,2,medium_high,4,0.625873,True,True,True,6.868,75,129,4,5,hybrid_coast
extra_trees,325,2,medium_high,6,0.607518,False,True,True,9.688,75,132,4,5,hybrid_coast
extra_trees,326,2,medium_high,2,0.608048,True,True,True,5.881,71,122,4,5,hybrid_coast
extra_trees,327,2,medium_high,10,0.598108,True,True,True,6.861,70,122,4,5,hybrid_coast
extra_trees,328,2,medium_high,2,0.610879,True,True,True,4.569,75,127,4,5,hybrid_coast
extra_trees,329,2,medium_high,7,0.611189,True,True,True,5.844,71,122,4,5,hybrid_coast
extra_trees,330,2,medium_high,2,0.606672,True,True,True,6.21,72,127,4,5,hybrid_coast
extra_trees,331,2,medium_high,7,0.614661,True,True,True,6.1,71,121,4,5,hybrid_coast
extra_trees,332,2,medium_high,4,0.619593,True,True,True,7.009,75,130,4,5,hybrid_coast
extra_trees,333,2,medium_high,2,0.640076,True,True,True,5.218,73,127,4,5,hybrid_coast
extra_trees,334,2,medium_high,2,0.6667,True,True,True,4.856,72,122,4,5,hybrid_coast
extra_trees,335,2,medium_high,3,0.668114,True,True,True,5.823,71,122,4,5,hybrid_coast
extra_trees,336,2,medium_high,2,0.664043,True,True,True,5.284,72,121,4,5,hybrid_coast
extra_trees,337,2,medium_high,3,0.673547,True,True,True,6.192,71,121,4,5,hybrid_coast
extra_trees,338,2,medium_high,2,0.680773,True,True,True,4.104,75,120,4,5,hybrid_coast
extra_trees,339,2,medium_high,2,0.690334,True,True,True,6.766,71,120,4,5,hybrid_coast
extra_trees,340,2,medium_high,2,0.684297,True,True,True,4.031,77,120,4,5,hybrid_coast
extra_trees,341,2,medium_high,2,0.679214,True,True,True,5.469,74,119,4,5,hybrid_coast
extra_trees,342,2,medium_high,2,0.679144,True,True,True,5.352,74,119,4,5,hybrid_coast
extra_trees,343,2,medium_high,4,0.663123,True,True,True,6.116,74,118,4,5,hybrid_coast
extra_trees,344,2,medium_high,5,0.665013,True,True,True,6.894,74,117,4,5,hybrid_coast
extra_trees,345,2,medium_high,3,0.665466,True,True,True,6.654,71,120,4,5,hybrid_coast
extra_trees,346,2,medium_high,2,0.656143,True,True,True,4.93,74,119,4,5,hybrid_coast
extra_trees,347,2,medium_high,3,0.660244,True,True,True,4.837,74,119,4,5,hybrid_coast
extra_trees,348,2,medium_high,7,0.625173,True,True,True,7.64,71,118,4,5,hybrid_coast
extra_trees,349,2,medium_high,2,0.641243,True,True,True,5.569,74,127,4,5,hybrid_coast
extra_trees,350,2,medium_high,2,0.628941,True,True,True,3.553,80,120,4,5,hybrid_coast
extra_trees,351,2,medium_high,3,0.650951,True,True,True,3.736,75,125,4,5,hybrid_coast
extra_trees,352,2,medium_high,2,0.668185,True,True,True,6.129,72,119,4,5,hybrid_coast
extra_trees,353,2,medium_high,3,0.665484,True,True,True,7.47,71,118,4,5,hybrid_coast
extra_trees,354,2,medium_high,2,0.663417,True,True,True,6.588,72,118,4,5,hybrid_coast
extra_trees,355,2,medium_high,3,0.66779,True,True,True,7.435,71,118,4,5,hybrid_coast
extra_trees,356,2,medium_high,4,0.657089,True,True,True,7.08,72,117,4,5,hybrid_coast
extra_trees,357,2,medium_high,2,0.660505,True,True,True,6.775,71,121,4,5,hybrid_coast
extra_trees,358,2,medium_high,2,0.645009,True,True,True,5.191,76,116,4,5,hybrid_coast
extra_trees,359,2,medium_high,2,0.661136,True,True,True,7.547,72,116,4,5,hybrid_coast
extra_trees,360,2,medium_high,3,0.656975,False,True,True,8.322,71,116,4,5,hybrid_coast
extra_trees,361,2,medium_high,3,0.656339,False,True,True,8.082,72,115,4,5,hybrid_coast
extra_trees,362,2,medium_high,4,0.653761,False,True,True,8.793,71,115,4,5,hybrid_coast
extra_trees,363,2,medium_high,3,0.639305,True,True,True,4.635,74,123,4,5,hybrid_coast
extra_trees,364,2,medium_high,3,0.632826,True,True,True,7.912,75,113,4,5,hybrid_coast
extra_trees,365,2,medium_high,2,0.64301,False,True,True,8.064,74,114,5,3,hybrid_coast
extra_trees,366,2,medium_high,2,0.638467,True,True,True,7.817,72,115,4,5,hybrid_coast
extra_trees,367,2,medium_high,2,0.644363,True,True,True,7.07,74,115,5,3,hybrid_coast
extra_trees,368,2,medium_high,2,0.630403,True,True,True,7.931,74,114,5,3,hybrid_coast
extra_trees,369,2,medium_high,2,0.630128,True,True,True,7.893,74,114,5,3,hybrid_coast
extra_trees,370,2,medium_high,2,0.630622,True,True,True,7.846,74,114,5,3,hybrid_coast
extra_trees,371,2,medium_high,2,0.626644,False,True,True,8.733,74,113,5,3,hybrid_coast
extra_trees,372,2,medium_high,2,0.627602,False,True,True,8.698,74,113,5,3,hybrid_coast
extra_trees,373,2,medium_high,2,0.593195,False,True,True,9.603,74,112,5,3,hybrid_coast
extra_trees,374,2,medium_high,2,0.593687,False,True,True,10.529,74,111,5,3,hybrid_coast
extra_trees,375,2,medium_high,2,0.587328,False,True,True,11.455,74,110,5,3,hybrid_coast
extra_trees,376,2,medium_high,2,0.607286,False,True,True,9.492,74,112,5,3,hybrid_coast
extra_trees,377,2,medium_high,2,0.629515,False,True,True,9.459,74,112,5,3,hybrid_coast
extra_trees,378,2,medium_high,2,0.605721,False,True,True,10.381,74,111,5,3,hybrid_coast
extra_trees,379,2,medium_high,2,0.620737,False,True,True,10.349,74,111,5,3,hybrid_coast
extra_trees,380,2,medium_high,4,0.630997,False,True,True,10.308,74,111,5,3,hybrid_coast
extra_trees,381,2,medium_high,3,0.628985,True,True,True,7.079,73,115,5,3,hybrid_coast
extra_trees,382,2,medium_high,4,0.628345,True,True,True,7.684,72,115,5,3,hybrid_coast
extra_trees,383,2,medium_high,7,0.604919,False,True,True,12.799,71,110,5,3,hybrid_coast
extra_trees,384,2,medium_high,2,0.595332,True,True,True,7.572,71,116,5,3,hybrid_coast
extra_trees,385,2,medium_high,4,0.602252,False,True,True,12.759,73,110,5,3,hybrid_coast
extra_trees,386,2,medium_high,6,0.584304,False,True,True,10.272,72,113,5,3,hybrid_coast
extra_trees,387,2,medium_high,8,0.566831,False,True,True,14.639,71,109,5,3,hybrid_coast
extra_trees,388,2,medium_high,8,0.561317,False,True,True,9.443,70,115,5,3,hybrid_coast
extra_trees,389,2,medium_high,8,0.54223,True,True,True,6.396,76,118,5,3,hybrid_coast
extra_trees,390,2,medium_high,16,0.529978,True,True,True,4.257,76,121,5,3,hybrid_coast
extra_trees,391,2,medium_high,23,0.491538,True,True,True,4.062,71,121,5,3,hybrid_coast
extra_trees,392,2,medium_high,2,0.483016,False,False,True,35.423,100,104,14,14,large_dark
extra_trees,393,2,medium_high,2,0.481797,False,False,True,35.85,100,104,14,14,large_dark
extra_trees,394,2,medium_high,2,0.478668,False,False,False,36.292,100,104,14,14,large_dark
extra_trees,395,2,medium_high,3,0.472652,False,False,False,37.728,102,106,14,14,large_dark
extra_trees,396,2,medium_high,3,0.463735,False,False,False,38.146,102,106,14,14,large_dark
extra_trees,397,2,medium_high,3,0.451413,False,False,True,38.578,102,106,14,14,large_dark
extra_trees,398,2,medium_high,3,0.452952,False,False,True,38.998,102,106,14,14,large_dark
extra_trees,399,2,medium_high,1,0.51437,False,False,True,23.001,62,99,14,14,hybrid_coast
extra_trees,400,2,medium_high,1,0.499779,False,False,True,23.265,62,99,14,14,hybrid_coast
extra_trees,401,2,medium_high,1,0.485067,False,False,True,22.737,62,99,14,14,hybrid_coast
extra_trees,402,2,medium_high,1,0.461437,False,False,True,22.22,62,99,14,14,hybrid_coast
extra_trees,403,2,medium_high,1,0.454699,False,False,True,21.715,62,99,14,14,hybrid_coast
extra_trees,404,2,medium_high,3,0.449084,False,False,True,38.68,104,108,14,14,large_dark
extra_trees,405,2,medium_high,11,0.439087,False,True,True,13.757,72,106,14,14,large_dark
extra_trees,406,2,medium_high,9,0.449816,False,True,True,13.06,72,106,14,14,large_dark
extra_trees,407,2,medium_high,10,0.451703,False,True,False,12.366,72,106,14,14,large_dark
extra_trees,408,2,medium_high,11,0.450318,False,True,False,11.676,72,106,14,14,large_dark
extra_trees,409,2,medium_high,11,0.442291,False,True,True,10.99,72,106,14,14,large_dark
extra_trees,410,2,medium_high,12,0.436948,False,True,True,10.308,72,106,14,14,large_dark
extra_trees,411,2,medium_high,7,0.457554,False,True,True,9.632,72,106,14,14,large_dark
extra_trees,412,2,medium_high,11,0.453929,False,True,False,9.946,72,105,14,14,large_dark
extra_trees,413,2,medium_high,14,0.430909,False,True,False,9.291,72,105,14,14,large_dark
extra_trees,414,2,medium_high,21,0.423773,False,True,True,9.642,72,104,14,14,large_dark
extra_trees,415,2,medium_high,26,0.416543,False,True,True,9.014,72,104,14,14,large_dark
extra_trees,416,2,medium_high,23,0.425987,False,True,False,8.401,72,104,14,14,large_dark
extra_trees,417,2,medium_high,35,0.406406,False,True,True,8.633,77,105,12,12,map
extra_trees,418,2,medium_high,1,0.400282,False,False,True,76.944,0,86,14,14,large_dark
extra_trees,419,2,medium_high,1,0.399216,False,False,True,77.128,0,86,14,14,large_dark
extra_trees,420,3,medium_high,1,0.441309,False,False,True,77.319,0,86,14,14,large_dark
extra_trees,421,3,medium_high,1,0.444529,False,False,False,77.257,0,86,14,14,large_dark
extra_trees,422,3,medium_high,1,0.458603,False,False,True,77.196,0,86,14,14,large_dark
extra_trees,423,3,medium_high,1,0.457345,False,False,False,77.135,0,86,14,14,large_dark
extra_trees,424,3,medium_high,1,0.48286,False,False,True,26.76,53,92,14,14,large_dark
extra_trees,425,3,medium_high,1,0.507996,False,False,True,25.87,54,92,14,14,large_dark
extra_trees,426,3,medium_high,3,0.54472,False,False,True,68.719,12,90,7,7,hybrid_coast
extra_trees,427,3,medium_high,4,0.536014,False,False,True,67.708,13,90,7,7,hybrid_coast
extra_trees,428,3,medium_high,3,0.6116,False,False,True,72.392,8,90,7,7,hybrid_coast
extra_trees,429,3,medium_high,4,0.600838,False,False,True,72.332,8,90,7,7,hybrid_coast
extra_trees,430,3,medium_high,5,0.591742,False,False,False,71.318,9,90,7,7,hybrid_coast
extra_trees,431,3,medium_high,4,0.585505,False,False,False,69.352,11,90,7,7,hybrid_coast
extra_trees,432,3,medium_high,4,0.618887,False,False,True,72.803,6,95,7,7,hybrid_coast
extra_trees,433,3,medium_high,3,0.634135,False,False,True,73.346,7,89,7,7,hybrid_coast
extra_trees,434,3,medium_high,4,0.627915,False,False,False,73.589,7,88,7,7,hybrid_coast
extra_trees,435,3,medium_high,2,0.643477,False,False,True,74.184,6,89,7,7,hybrid_coast
extra_trees,436,3,medium_high,5,0.627696,False,False,False,73.466,7,88,7,7,hybrid_coast
extra_trees,437,3,medium_high,3,0.626659,False,False,True,72.588,6,95,7,7,hybrid_coast
extra_trees,438,3,medium_high,3,0.647547,False,False,True,73.053,7,89,7,7,hybrid_coast
extra_trees,439,3,medium_high,5,0.632477,False,False,True,73.286,7,88,7,7,hybrid_coast
extra_trees,440,3,medium_high,2,0.655689,False,False,True,73.9,6,89,7,7,hybrid_coast
extra_trees,441,3,medium,3,0.644157,False,False,True,71.935,7,95,7,7,hybrid_coast
extra_trees,442,3,medium,8,0.654865,False,False,True,75.266,6,87,7,7,hybrid_coast
extra_trees,443,3,medium,3,0.652463,False,False,True,72.472,8,92,7,7,hybrid_coast
extra_trees,444,3,medium,3,0.650071,False,False,True,79.391,1,94,7,7,hybrid_coast
extra_trees,445,3,medium,4,0.657051,False,False,True,74.76,6,95,7,7,hybrid_coast
extra_trees,446,3,medium,7,0.66215,False,False,True,76.893,6,87,7,7,hybrid_coast
extra_trees,447,3,medium,4,0.672227,False,False,True,79.983,3,88,7,7,hybrid_coast
extra_trees,448,3,medium,5,0.647735,False,False,True,84.04,0,85,7,7,hybrid_coast
extra_trees,449,3,medium,4,0.64243,False,False,True,76.419,6,97,7,7,hybrid_coast
extra_trees,450,3,low_medium,3,0.635768,False,False,True,83.518,0,92,7,7,hybrid_coast
extra_trees,451,3,low_medium,4,0.631706,False,False,True,77.853,5,98,7,7,hybrid_coast
extra_trees,452,3,low_medium,3,0.631347,False,False,True,84.08,0,92,7,7,hybrid_coast
extra_trees,453,3,low_medium,3,0.626622,False,False,True,84.125,0,92,7,7,hybrid_coast
extra_trees,454,3,low_medium,3,0.623034,False,False,True,84.73,0,92,7,7,hybrid_coast
extra_trees,455,3,low_medium,4,0.633593,False,False,True,85.259,0,92,7,7,hybrid_coast
extra_trees,456,3,low_medium,4,0.623362,False,False,True,85.292,0,92,7,7,hybrid_coast
extra_trees,457,3,low_medium,2,0.703663,False,False,True,26.226,61,103,3,3,appearance
extra_trees,458,3,low_medium,5,0.832497,False,False,True,20.911,66,106,3,3,hybrid_coast
extra_trees,459,3,low_medium,2,0.870831,False,False,True,29.677,58,104,3,3,hybrid_coast
extra_trees,460,3,low_medium,2,0.882485,False,False,True,30.762,58,101,3,3,hybrid_coast
extra_trees,461,3,low_medium,2,0.88845,False,False,True,30.394,58,103,3,3,hybrid_coast
extra_trees,462,3,low_medium,2,0.886747,False,False,True,31.428,58,101,3,3,hybrid_coast
extra_trees,463,3,low_medium,5,0.881303,False,False,True,31.05,58,103,3,3,hybrid_coast
extra_trees,464,3,low_medium,5,0.885021,False,False,True,36.764,53,102,3,3,hybrid_coast
extra_trees,465,3,low_medium,6,0.88482,False,False,True,36.407,54,102,3,3,hybrid_coast
extra_trees,466,3,low_medium,2,0.864922,False,False,True,31.98,58,105,3,3,hybrid_coast
extra_trees,467,3,low_medium,14,0.840254,False,False,True,36.237,54,108,3,3,hybrid_coast
extra_trees,468,3,low_medium,22,0.777449,False,False,True,33.091,58,102,3,3,hybrid_coast
extra_trees,469,3,low_medium,31,0.680265,False,False,True,33.506,58,103,3,3,hybrid_coast
extra_trees,470,3,low_medium,1,0.573404,False,True,True,8.933,78,108,14,14,large_dark
extra_trees,471,3,low_medium,8,0.696018,False,False,False,21.883,112,115,5,5,hybrid_coast
extra_trees,472,3,low_medium,3,0.70781,False,False,False,25.633,116,117,5,5,hybrid_coast
extra_trees,473,3,low_medium,10,0.722901,False,False,False,22.144,112,118,5,5,hybrid_coast
extra_trees,474,3,low_medium,9,0.653227,False,False,True,39.735,128,127,5,5,hybrid_coast
extra_trees,475,3,low_medium,3,0.743879,False,False,True,24.3,116,117,5,5,hybrid_coast
extra_trees,476,3,low_medium,10,0.767175,False,False,True,27.854,118,122,5,5,hybrid_coast
extra_trees,477,3,low_medium,7,0.768956,False,False,False,25.396,117,121,5,5,hybrid_coast
extra_trees,478,3,low_medium,9,0.771344,False,False,False,23.597,114,123,5,5,hybrid_coast
extra_trees,479,3,low_medium,7,0.723867,False,False,False,30.639,123,122,5,5,hybrid_coast
extra_trees,480,3,low_medium,6,0.772057,False,False,True,27.096,120,123,5,5,hybrid_coast
extra_trees,481,3,low_medium,7,0.760223,False,False,True,27.987,121,123,5,5,hybrid_coast
extra_trees,482,3,low_medium,6,0.747768,False,False,False,25.078,119,122,5,5,hybrid_coast
extra_trees,483,3,low_medium,4,0.773181,False,False,False,24.12,117,124,5,5,hybrid_coast
extra_trees,484,3,low_medium,7,0.738363,False,False,True,39.049,120,124,5,5,hybrid_coast
extra_trees,485,3,low_medium,12,0.731546,False,False,True,39.795,120,127,5,5,hybrid_coast
extra_trees,486,3,low_medium,5,0.741945,False,False,True,44.572,126,125,4,5,hybrid_coast
extra_trees,487,3,low_medium,6,0.764081,False,False,True,43.378,124,128,4,5,hybrid_coast
extra_trees,488,3,low_medium,16,0.738166,False,False,True,44.993,126,127,4,5,hybrid_coast
extra_trees,489,3,low_medium,16,0.713393,False,False,True,46.475,128,129,2,5,hybrid_coast
extra_trees,490,3,low_medium,4,0.680472,False,False,True,50.028,129,134,4,5,hybrid_coast
extra_trees,491,3,low_medium,4,0.750032,False,False,True,50.058,131,130,3,5,hybrid_coast
extra_trees,492,3,low_medium,4,0.686036,False,False,True,50.436,133,128,1,5,hybrid_coast
extra_trees,493,3,low_medium,4,0.782885,False,False,True,47.15,129,130,1,5,hybrid_coast
extra_trees,494,3,low_medium,8,0.739553,False,False,True,50.439,132,131,1,5,hybrid_coast
extra_trees,495,3,low_medium,4,0.737642,False,False,True,44.873,128,125,1,5,hybrid_coast
extra_trees,496,3,low_medium,9,0.718474,False,False,True,45.954,128,129,1,5,hybrid_coast
extra_trees,497,3,low_medium,11,0.705698,False,False,True,41.208,124,126,1,5,hybrid_coast
extra_trees,498,3,low_medium,9,0.703717,False,False,True,46.727,130,125,1,5,hybrid_coast
extra_trees,499,3,low_medium,8,0.68387,False,False,True,38.33,122,122,1,5,hybrid_coast
extra_trees,500,3,low_medium,4,0.718455,False,False,True,32.563,117,117,1,5,hybrid_coast
extra_trees,501,3,low_medium,4,0.731498,False,False,True,35.369,120,114,1,5,hybrid_coast
extra_trees,502,3,low_medium,4,0.718505,False,False,True,33.439,118,116,1,5,hybrid_coast
extra_trees,503,3,low_medium,3,0.732232,False,False,True,35.345,120,111,1,5,hybrid_coast
extra_trees,504,3,low_medium,3,0.744757,False,False,True,35.735,120,112,1,5,hybrid_coast
extra_trees,505,3,low_medium,6,0.722494,False,False,True,37.692,122,113,1,5,hybrid_coast
extra_trees,506,3,low_medium,5,0.736747,False,False,True,35.65,120,112,1,5,hybrid_coast
extra_trees,507,3,low_medium,4,0.729958,False,False,True,30.646,115,113,1,5,hybrid_coast
extra_trees,508,3,low_medium,6,0.71882,False,False,True,37.655,122,114,1,5,hybrid_coast
extra_trees,509,3,low_medium,7,0.719774,False,False,True,36.869,121,116,1,5,hybrid_coast
extra_trees,510,3,low_medium,5,0.716491,False,False,True,36.986,121,117,1,5,hybrid_coast
extra_trees,511,3,low_medium,5,0.727064,False,False,True,34.404,118,116,1,5,hybrid_coast
extra_trees,512,3,low_medium,6,0.735749,True,True,True,2.073,85,110,3,3,appearance
extra_trees,513,3,low_medium,7,0.8781,True,True,True,2.285,81,110,3,3,hybrid_coast
extra_trees,514,3,low_medium,5,0.878442,True,True,True,1.218,82,110,3,3,hybrid_coast
extra_trees,515,3,low_medium,6,0.881656,True,True,True,3.925,81,107,3,3,hybrid_coast
extra_trees,516,3,low_medium,6,0.888209,True,True,True,2.435,82,112,3,3,hybrid_coast
extra_trees,517,3,low_medium,7,0.88729,True,True,True,4.855,78,108,3,3,hybrid_coast
extra_trees,518,3,low_medium,7,0.888875,True,True,True,2.875,80,109,3,3,hybrid_coast
extra_trees,519,3,low_medium,5,0.896574,True,True,True,1.913,83,110,3,3,hybrid_coast
extra_trees,520,3,medium,6,0.903456,True,True,True,2.951,83,111,3,3,hybrid_coast
extra_trees,521,3,medium,5,0.897651,True,True,True,2.534,83,110,3,3,hybrid_coast
extra_trees,522,3,medium,11,0.889698,True,True,True,4.745,80,111,3,3,hybrid_coast
extra_trees,523,3,medium,5,0.90362,True,True,True,3.082,83,110,3,3,hybrid_coast
extra_trees,524,3,medium,8,0.897279,True,True,True,5.048,80,111,3,3,hybrid_coast
extra_trees,525,3,medium,10,0.88989,True,True,True,4.799,79,110,3,3,hybrid_coast
extra_trees,526,3,medium,4,0.902624,True,True,True,4.238,83,110,3,3,hybrid_coast
extra_trees,527,3,medium,8,0.897577,True,True,True,5.959,84,111,3,3,hybrid_coast
extra_trees,528,3,medium,4,0.885372,True,True,True,6.163,88,103,3,3,hybrid_coast
extra_trees,529,3,medium,6,0.888556,True,True,True,5.336,87,103,3,3,hybrid_coast
extra_trees,530,3,medium,5,0.91049,True,True,True,4.002,79,107,3,3,hybrid_coast
extra_trees,531,3,medium,6,0.917132,True,True,True,4.729,80,108,3,3,hybrid_coast
extra_trees,532,3,medium,9,0.917607,True,True,True,5.447,79,108,3,3,hybrid_coast
extra_trees,533,3,medium,9,0.914751,True,True,True,6.01,78,108,3,3,hybrid_coast
extra_trees,534,3,medium,9,0.916565,True,True,True,5.461,82,108,3,3,hybrid_coast
extra_trees,535,3,medium,11,0.924387,True,True,True,6.484,82,109,3,3,hybrid_coast
extra_trees,536,3,medium,6,0.926761,True,True,True,5.075,78,106,3,3,hybrid_coast
extra_trees,537,3,medium,9,0.923708,True,True,True,5.605,82,107,3,3,hybrid_coast
extra_trees,538,3,medium,9,0.927416,True,True,True,5.511,77,105,3,3,hybrid_coast
extra_trees,539,3,medium,6,0.916461,True,True,True,7.854,85,94,3,3,hybrid_coast
extra_trees,540,3,medium,10,0.927602,True,True,True,5.962,77,105,3,3,hybrid_coast
extra_trees,541,3,medium,8,0.924634,True,True,True,7.577,85,94,3,3,hybrid_coast
extra_trees,542,3,medium,17,0.928533,True,True,True,5.222,81,105,3,3,hybrid_coast
extra_trees,543,3,medium,10,0.934283,True,True,True,6.346,82,106,3,3,hybrid_coast
extra_trees,544,3,medium,2,0.932357,True,True,True,4.797,78,103,3,3,hybrid_coast
extra_trees,545,3,medium,17,0.931299,True,True,True,5.82,81,105,3,3,hybrid_coast
extra_trees,546,3,medium,5,0.931159,True,True,True,4.621,79,103,3,3,hybrid_coast
extra_trees,547,3,medium,2,0.912235,True,True,True,4.039,77,100,3,3,hybrid_coast
extra_trees,548,3,medium,8,0.932963,True,True,True,6.754,86,94,3,3,hybrid_coast
extra_trees,549,3,medium,10,0.933085,True,True,True,7.488,80,105,3,3,hybrid_coast
extra_trees,550,3,medium,5,0.936219,True,True,True,4.14,84,95,3,3,hybrid_coast
extra_trees,551,3,medium,6,0.939126,True,True,True,5.611,85,94,3,3,hybrid_coast
extra_trees,552,3,medium,3,0.940499,True,True,True,5.411,84,93,3,3,hybrid_coast
extra_trees,553,3,medium,4,0.938873,True,True,True,6.776,85,92,3,3,hybrid_coast
extra_trees,554,3,medium,5,0.929684,True,True,True,5.504,77,92,3,3,hybrid_coast
extra_trees,555,3,medium,5,0.939704,True,True,True,6.31,85,92,3,3,hybrid_coast
extra_trees,556,3,medium,3,0.938808,True,True,True,5.568,84,92,3,3,hybrid_coast
extra_trees,557,3,medium,4,0.934264,True,True,True,6.264,85,92,3,3,hybrid_coast
extra_trees,558,3,medium,3,0.907195,False,True,True,8.78,79,104,5,4,hybrid_coast
extra_trees,559,3,medium,9,0.906039,True,True,True,2.946,83,96,3,3,hybrid_coast
extra_trees,560,4,medium,6,0.871303,True,True,True,5.89,86,96,3,3,hybrid_coast
extra_trees,561,4,medium,4,0.855638,True,True,True,6.155,79,89,4,4,hybrid_coast
extra_trees,562,4,medium,9,0.853198,True,True,True,6.282,84,90,4,4,hybrid_coast
extra_trees,563,4,medium,18,0.830734,False,True,True,8.141,75,101,5,5,hybrid_coast
extra_trees,564,4,medium,7,0.81596,True,True,True,7.28,72,94,5,5,hybrid_coast
extra_trees,565,4,medium,8,0.82808,True,True,True,6.203,77,100,4,4,hybrid_coast
extra_trees,566,4,medium,4,0.81671,False,True,True,8.149,88,95,4,4,hybrid_coast
extra_trees,567,4,medium,1,0.718288,True,True,True,1.085,74,90,14,14,large_dark
extra_trees,568,4,medium,2,0.698063,True,True,True,4.591,74,94,7,7,map
extra_trees,569,4,medium,2,0.74012,True,True,True,5.492,73,93,7,7,hybrid_coast
extra_trees,570,4,medium,5,0.743228,False,True,True,9.542,76,102,7,7,hybrid_coast
extra_trees,571,4,medium,3,0.748737,False,True,True,8.083,70,93,7,7,hybrid_coast
extra_trees,572,4,medium,2,0.742601,False,True,True,11.123,67,93,7,7,hybrid_coast
extra_trees,573,4,medium,7,0.757055,False,True,True,9.372,77,102,7,7,hybrid_coast
extra_trees,574,4,medium,9,0.75782,False,True,True,9.901,69,89,7,7,hybrid_coast
extra_trees,575,4,medium,11,0.831643,True,True,True,7.577,81,101,5,5,hybrid_coast
extra_trees,576,4,medium,8,0.84464,False,True,True,9.031,76,102,5,5,hybrid_coast
extra_trees,577,4,medium,3,0.844501,False,True,True,9.757,72,100,5,5,hybrid_coast
extra_trees,578,4,medium,11,0.838444,False,True,True,9.772,77,103,5,5,hybrid_coast
extra_trees,579,4,medium,7,0.826291,False,True,True,8.923,70,93,5,5,hybrid_coast
extra_trees,580,4,medium_high,6,0.81311,False,True,True,10.63,80,101,5,5,hybrid_coast
extra_trees,581,4,medium_high,4,0.828934,False,True,True,8.9,77,101,5,5,hybrid_coast
extra_trees,582,4,medium_high,3,0.857562,True,True,True,2.002,71,93,5,5,hybrid_coast
extra_trees,583,4,medium_high,2,0.87085,False,True,True,8.492,83,97,1,3,hybrid_coast
extra_trees,584,4,medium_high,5,0.884134,False,True,True,10.072,85,93,1,3,hybrid_coast
extra_trees,585,4,medium_high,6,0.876078,False,True,True,9.277,84,92,1,3,hybrid_coast
extra_trees,586,4,medium_high,2,0.883561,True,True,True,4.805,76,99,1,3,hybrid_coast
extra_trees,587,4,medium_high,2,0.877418,True,True,True,5.994,73,100,1,3,hybrid_coast
extra_trees,588,4,medium_high,5,0.874442,True,True,True,6.675,76,101,1,3,hybrid_coast
extra_trees,589,4,medium_high,2,0.882248,True,True,True,2.739,76,97,1,3,hybrid_coast
extra_trees,590,4,medium_high,4,0.865773,True,True,True,6.801,77,101,1,3,hybrid_coast
extra_trees,591,4,medium_high,2,0.892634,True,True,True,3.45,75,98,1,3,hybrid_coast
extra_trees,592,4,medium_high,8,0.89406,True,True,True,7.467,76,102,1,3,hybrid_coast
extra_trees,593,4,medium_high,3,0.900574,True,True,True,6.658,73,101,1,3,hybrid_coast
extra_trees,594,4,medium_high,3,0.903882,True,True,True,1.044,74,95,1,3,hybrid_coast
extra_trees,595,4,medium_high,13,0.904852,True,True,True,6.047,81,94,1,3,hybrid_coast
extra_trees,596,4,medium_high,11,0.907662,False,True,True,11.36,78,104,5,5,hybrid_coast
extra_trees,597,4,medium_high,10,0.906337,False,True,True,10.584,76,104,5,5,hybrid_coast
extra_trees,598,4,medium_high,3,0.899385,True,True,True,7.295,71,101,1,3,hybrid_coast
extra_trees,599,4,medium_high,3,0.899678,True,True,True,4.172,76,99,1,3,hybrid_coast
extra_trees,600,4,medium_high,10,0.897181,True,True,True,7.81,81,100,1,3,hybrid_coast
extra_trees,601,4,medium_high,2,0.903317,True,True,True,6.35,71,100,1,3,hybrid_coast
extra_trees,602,4,medium_high,7,0.898586,True,True,True,7.669,72,102,1,3,hybrid_coast
extra_trees,603,4,medium_high,4,0.893713,True,True,True,6.76,72,101,1,3,hybrid_coast
extra_trees,604,4,medium_high,3,0.900065,True,True,True,5.59,73,100,1,3,hybrid_coast
extra_trees,605,4,medium_high,13,0.900519,False,True,True,9.706,73,103,5,5,hybrid_coast
extra_trees,606,4,medium_high,7,0.893643,False,True,True,9.1,71,103,1,3,hybrid_coast
extra_trees,607,4,medium_high,9,0.896725,True,True,True,6.916,74,101,1,3,hybrid_coast
extra_trees,608,4,medium_high,6,0.892213,True,True,True,6.708,70,100,1,3,hybrid_coast
extra_trees,609,4,medium_high,6,0.882977,True,True,True,5.416,71,99,1,3,hybrid_coast
extra_trees,610,4,medium_high,6,0.885986,True,True,True,7.267,71,100,5,5,hybrid_coast
extra_trees,611,4,high,3,0.88666,True,True,True,6.496,69,99,5,5,hybrid_coast
extra_trees,612,4,high,2,0.894089,True,True,True,6.801,68,99,5,5,hybrid_coast
extra_trees,613,4,high,4,0.862708,False,True,True,9.55,64,100,5,5,hybrid_coast
extra_trees,614,4,high,6,0.869133,False,True,True,8.764,69,101,5,5,hybrid_coast
extra_trees,615,4,high,9,0.821877,False,True,True,8.879,69,101,5,5,hybrid_coast
extra_trees,616,4,high,5,0.882301,True,True,True,7.0,69,99,5,5,hybrid_coast
extra_trees,617,4,high,6,0.879831,False,True,True,9.53,66,101,5,5,hybrid_coast
extra_trees,618,4,high,3,0.872019,True,True,True,7.701,61,90,5,5,hybrid_coast
extra_trees,619,4,high,3,0.857404,True,True,True,4.439,69,96,5,5,hybrid_coast
extra_trees,620,4,high,2,0.876587,True,True,True,6.185,62,90,5,5,hybrid_coast
extra_trees,621,4,high,10,0.885631,True,True,True,3.65,67,88,5,5,hybrid_coast
extra_trees,622,4,high,11,0.89857,False,True,True,10.5,74,100,5,5,hybrid_coast
extra_trees,623,4,high,8,0.900253,False,True,True,9.462,72,100,5,5,hybrid_coast
extra_trees,624,4,high,7,0.905261,False,True,True,9.489,72,100,5,5,hybrid_coast
extra_trees,625,4,high,11,0.885144,False,True,True,8.404,75,95,5,5,hybrid_coast
extra_trees,626,4,high,14,0.89001,False,True,True,11.807,74,101,6,5,hybrid_coast
extra_trees,627,4,high,9,0.903806,False,True,True,10.702,72,101,6,5,hybrid_coast
extra_trees,628,4,high,6,0.887502,True,True,True,5.554,69,97,5,5,hybrid_coast
extra_trees,629,4,high,10,0.904114,False,True,True,9.666,72,100,5,5,hybrid_coast
extra_trees,630,4,high,7,0.893114,False,True,True,8.382,69,100,5,5,hybrid_coast
extra_trees,631,4,high,12,0.914745,False,True,True,10.365,73,100,5,5,hybrid_coast
extra_trees,632,4,high,11,0.876428,False,True,True,11.834,78,93,5,5,hybrid_coast
extra_trees,633,4,high,9,0.904302,False,True,True,8.344,72,98,5,5,hybrid_coast
extra_trees,634,4,high,6,0.881399,False,True,True,10.259,76,94,5,5,hybrid_coast
extra_trees,635,4,high,17,0.857613,False,True,True,13.365,79,94,5,5,hybrid_coast
extra_trees,636,4,high,6,0.84349,False,True,True,9.749,69,100,7,7,hybrid_coast
extra_trees,637,4,high,14,0.872493,False,True,True,10.612,76,94,5,4,hybrid_coast
extra_trees,638,4,high,10,0.856925,True,True,True,7.701,70,98,5,6,hybrid_coast
extra_trees,639,4,high,3,0.86348,True,True,True,7.213,58,91,5,6,hybrid_coast
extra_trees,640,4,high,9,0.873945,True,True,True,6.519,69,98,4,5,hybrid_coast
extra_trees,641,4,high,8,0.88665,True,True,True,5.726,68,98,4,5,hybrid_coast
extra_trees,642,4,high,5,0.871463,True,True,True,7.209,58,90,5,6,hybrid_coast
extra_trees,643,4,high,7,0.872604,False,True,True,9.422,55,94,5,6,hybrid_coast
extra_trees,644,4,high,3,0.874372,True,True,True,6.251,58,93,5,6,hybrid_coast
extra_trees,645,4,high,3,0.875158,True,True,True,7.353,57,92,5,6,hybrid_coast
extra_trees,646,4,high,3,0.847288,True,True,True,4.115,62,91,5,6,hybrid_coast
extra_trees,647,4,high,4,0.847005,True,True,True,4.38,65,91,5,6,hybrid_coast
extra_trees,648,4,high,5,0.844255,True,True,True,5.772,62,90,5,6,hybrid_coast
extra_trees,649,4,high,6,0.836595,True,True,True,7.053,63,89,5,6,hybrid_coast
extra_trees,650,4,high,4,0.834616,True,True,True,6.265,66,91,5,6,hybrid_coast
extra_trees,651,4,high,5,0.835685,True,True,True,7.409,65,90,5,6,hybrid_coast
extra_trees,652,4,high,11,0.822551,False,True,True,8.969,65,89,5,6,hybrid_coast
extra_trees,653,4,high,2,0.801497,True,True,True,1.703,61,96,5,6,hybrid_coast
extra_trees,654,4,high,11,0.811722,True,True,True,6.152,61,92,5,6,hybrid_coast
extra_trees,655,4,high,10,0.779469,True,True,True,6.519,60,92,5,6,hybrid_coast
extra_trees,656,4,high,12,0.747526,True,True,True,5.554,61,104,5,6,hybrid_coast
extra_trees,657,4,high,18,0.733567,True,True,True,5.771,59,105,5,6,hybrid_coast
extra_trees,658,4,high,13,0.688593,True,True,True,7.256,61,106,5,6,hybrid_coast
extra_trees,659,4,high,1,0.664591,True,True,True,0.949,57,101,5,6,hybrid_coast
extra_trees,660,4,high,5,0.645555,True,True,True,7.159,49,102,5,6,hybrid_coast
extra_trees,661,4,high,9,0.612923,False,True,True,8.998,47,103,5,6,hybrid_coast
extra_trees,662,4,high,11,0.565151,True,True,True,6.895,49,99,5,6,hybrid_coast
extra_trees,663,4,high,17,0.530795,False,True,True,9.042,47,98,5,6,hybrid_coast
extra_trees,664,4,high,8,0.45503,False,False,True,18.445,64,86,5,6,hybrid_coast
extra_trees,665,4,high,15,0.508782,True,True,True,4.507,55,98,5,6,hybrid_coast
extra_trees,666,4,high,14,0.563038,True,True,True,5.124,53,98,5,6,hybrid_coast
extra_trees,667,4,high,3,0.597145,False,False,True,83.584,122,143,12,14,hybrid_coast
extra_trees,668,4,high,7,0.584815,False,False,True,30.634,85,99,3,3,hybrid_coast
extra_trees,669,4,high,4,0.596401,False,False,True,88.919,132,145,2,14,hybrid_coast
extra_trees,670,4,high,3,0.544262,False,False,True,86.869,126,146,8,14,hybrid_coast
extra_trees,671,4,high,2,0.561545,False,False,True,89.077,128,148,6,14,hybrid_coast
extra_trees,672,4,high,1,0.553944,False,False,True,24.824,66,118,14,14,large_dark
extra_trees,673,4,high,1,0.552853,False,False,True,25.048,66,118,14,14,large_dark
extra_trees,674,4,high,1,0.553915,False,False,True,25.279,66,118,14,14,large_dark
extra_trees,675,4,high,1,0.549821,False,False,True,25.517,66,118,14,14,large_dark
extra_trees,676,4,medium_high,1,0.557152,False,False,True,27.321,68,118,14,14,large_dark
extra_trees,677,4,medium_high,1,0.574283,False,False,True,27.59,68,118,14,14,large_dark
extra_trees,678,4,medium_high,1,0.565464,False,False,True,27.865,68,118,14,14,large_dark
extra_trees,679,4,medium_high,1,0.569262,False,False,True,28.969,69,118,14,14,large_dark
extra_trees,680,4,medium_high,1,0.561653,False,False,True,29.262,69,118,14,14,large_dark
extra_trees,681,4,medium_high,1,0.562571,False,False,True,28.276,68,118,14,14,large_dark
extra_trees,682,4,medium_high,4,0.579729,False,False,True,20.441,62,121,7,7,hybrid_coast
extra_trees,683,4,medium_high,2,0.674324,False,False,True,23.2,66,121,7,7,hybrid_coast
extra_trees,684,4,medium_high,9,0.646514,False,False,True,17.688,64,114,7,7,hybrid_coast
extra_trees,685,4,medium_high,2,0.711642,False,False,True,25.311,69,121,7,7,hybrid_coast
extra_trees,686,4,medium_high,2,0.702009,False,False,True,24.324,68,121,7,7,hybrid_coast
extra_trees,687,4,medium_high,8,0.677621,False,False,True,19.322,66,114,7,7,hybrid_coast
extra_trees,688,4,medium_high,2,0.73753,False,False,True,26.624,71,121,7,7,hybrid_coast
extra_trees,689,4,medium_high,2,0.72899,False,False,True,25.623,70,121,7,7,hybrid_coast
extra_trees,690,4,medium_high,5,0.73602,False,False,True,29.262,72,125,7,7,hybrid_coast
extra_trees,691,4,medium_high,3,0.76123,False,False,True,32.148,75,126,7,7,hybrid_coast
extra_trees,692,4,medium_high,4,0.755423,False,False,True,33.044,75,128,7,7,hybrid_coast
extra_trees,693,4,medium_high,3,0.723128,False,False,True,33.999,75,130,7,7,hybrid_coast
extra_trees,694,4,medium_high,4,0.759704,False,False,True,31.106,75,125,7,7,hybrid_coast
extra_trees,695,4,medium_high,5,0.742685,False,False,True,34.941,79,126,7,7,hybrid_coast
extra_trees,696,4,medium_high,3,0.709939,False,False,True,25.393,71,121,7,7,hybrid_coast
extra_trees,697,4,medium_high,2,0.746966,False,False,True,29.874,76,121,7,7,hybrid_coast
extra_trees,698,4,medium_high,3,0.736512,False,False,True,29.732,76,121,7,7,hybrid_coast
