model,clip,frame,confidence,rank,score,source,dist_px,strict_hit,loose_hit,oracle_hit
baseline_verified_score,1c1258a1-d0f6-433e-9466-dbc1705fa263,25,medium_high,1,12.769972,map,103.13,False,False,True
baseline_verified_score,1c1258a1-d0f6-433e-9466-dbc1705fa263,26,medium_high,1,17.665073,map,1.471,True,True,True
baseline_verified_score,1c1258a1-d0f6-433e-9466-dbc1705fa263,27,medium_high,1,15.512577,map,2.798,True,True,True
baseline_verified_score,1c1258a1-d0f6-433e-9466-dbc1705fa263,28,medium_high,1,24.659323,map,0.514,True,True,True
baseline_verified_score,1c1258a1-d0f6-433e-9466-dbc1705fa263,29,medium_high,1,23.032898,appearance,3.567,True,True,True
baseline_verified_score,1c1258a1-d0f6-433e-9466-dbc1705fa263,30,high,1,24.624979,appearance,3.354,True,True,True
baseline_verified_score,1c1258a1-d0f6-433e-9466-dbc1705fa263,31,high,1,32.003371,map,0.0,True,True,True
baseline_verified_score,1c1258a1-d0f6-433e-9466-dbc1705fa263,32,high,1,28.270609,appearance,4.61,True,True,True
baseline_verified_score,1c1258a1-d0f6-433e-9466-dbc1705fa263,33,high,1,35.192583,appearance,3.808,True,True,True
baseline_verified_score,1c1258a1-d0f6-433e-9466-dbc1705fa263,34,high,1,33.256252,appearance,5.701,True,True,True
baseline_verified_score,1c1258a1-d0f6-433e-9466-dbc1705fa263,35,high,1,33.368867,appearance,3.354,True,True,True
baseline_verified_score,1c1258a1-d0f6-433e-9466-dbc1705fa263,36,high,1,40.625956,map,0.0,True,True,True
baseline_verified_score,1c1258a1-d0f6-433e-9466-dbc1705fa263,37,high,1,33.756972,appearance,4.95,True,True,True
baseline_verified_score,1c1258a1-d0f6-433e-9466-dbc1705fa263,38,high,1,40.822202,map,0.0,True,True,True
baseline_verified_score,1c1258a1-d0f6-433e-9466-dbc1705fa263,39,high,1,36.663629,appearance,0.0,True,True,True
baseline_verified_score,1c1258a1-d0f6-433e-9466-dbc1705fa263,40,high,1,33.749086,map,0.0,True,True,True
baseline_verified_score,1c1258a1-d0f6-433e-9466-dbc1705fa263,41,high,1,43.603498,map,0.0,True,True,True
baseline_verified_score,1c1258a1-d0f6-433e-9466-dbc1705fa263,42,high,1,39.352076,appearance,3.202,True,True,True
baseline_verified_score,1c1258a1-d0f6-433e-9466-dbc1705fa263,43,high,1,46.163741,map,0.0,True,True,True
baseline_verified_score,1c1258a1-d0f6-433e-9466-dbc1705fa263,44,high,1,39.958509,appearance,4.031,True,True,True
baseline_verified_score,1c1258a1-d0f6-433e-9466-dbc1705fa263,45,high,1,41.938378,map,0.0,True,True,True
baseline_verified_score,1c1258a1-d0f6-433e-9466-dbc1705fa263,46,high,1,50.552026,map,4.743,True,True,True
baseline_verified_score,1c1258a1-d0f6-433e-9466-dbc1705fa263,47,high,1,42.500423,appearance,6.519,True,True,True
baseline_verified_score,1c1258a1-d0f6-433e-9466-dbc1705fa263,48,high,1,49.726641,map,0.0,True,True,True
baseline_verified_score,1c1258a1-d0f6-433e-9466-dbc1705fa263,49,high,1,46.424797,appearance,3.041,True,True,True
baseline_verified_score,1c1258a1-d0f6-433e-9466-dbc1705fa263,50,high,1,46.383126,map,0.0,True,True,True
baseline_verified_score,1c1258a1-d0f6-433e-9466-dbc1705fa263,51,high,1,54.296104,map,0.0,True,True,True
baseline_verified_score,1c1258a1-d0f6-433e-9466-dbc1705fa263,52,high,1,48.273237,map,3.162,True,True,True
baseline_verified_score,1c1258a1-d0f6-433e-9466-dbc1705fa263,53,high,1,53.657079,map,0.0,True,True,True
baseline_verified_score,1c1258a1-d0f6-433e-9466-dbc1705fa263,54,high,1,46.322822,map,3.606,True,True,True
baseline_verified_score,1c1258a1-d0f6-433e-9466-dbc1705fa263,55,high,1,47.264287,map,0.0,True,True,True
baseline_verified_score,1c1258a1-d0f6-433e-9466-dbc1705fa263,56,high,1,55.068714,map,0.0,True,True,True
baseline_verified_score,1c1258a1-d0f6-433e-9466-dbc1705fa263,57,high,1,44.586179,map,0.0,True,True,True
baseline_verified_score,1c1258a1-d0f6-433e-9466-dbc1705fa263,58,high,1,49.690495,map,4.95,True,True,True
baseline_verified_score,1c1258a1-d0f6-433e-9466-dbc1705fa263,59,high,1,37.568522,map,6.364,True,True,True
baseline_verified_score,1c1258a1-d0f6-433e-9466-dbc1705fa263,60,high,1,33.049872,map,3.536,True,True,True
baseline_verified_score,1c1258a1-d0f6-433e-9466-dbc1705fa263,61,high,1,40.255336,map,0.0,True,True,True
baseline_verified_score,1c1258a1-d0f6-433e-9466-dbc1705fa263,62,high,1,37.37358,map,0.0,True,True,True
baseline_verified_score,1c1258a1-d0f6-433e-9466-dbc1705fa263,63,high,1,43.103126,map,0.0,True,True,True
baseline_verified_score,1c1258a1-d0f6-433e-9466-dbc1705fa263,64,high,1,38.164608,map,0.0,True,True,True
baseline_verified_score,1c1258a1-d0f6-433e-9466-dbc1705fa263,65,high,1,40.603271,map,0.0,True,True,True
baseline_verified_score,1c1258a1-d0f6-433e-9466-dbc1705fa263,66,high,1,48.990249,map,0.0,True,True,True
baseline_verified_score,1c1258a1-d0f6-433e-9466-dbc1705fa263,67,high,1,49.692171,map,0.0,True,True,True
baseline_verified_score,1c1258a1-d0f6-433e-9466-dbc1705fa263,68,high,1,55.21458,map,0.0,True,True,True
baseline_verified_score,1c1258a1-d0f6-433e-9466-dbc1705fa263,69,high,1,49.980217,map,0.0,True,True,True
baseline_verified_score,1c1258a1-d0f6-433e-9466-dbc1705fa263,70,high,1,42.430234,map,6.964,True,True,True
baseline_verified_score,1c1258a1-d0f6-433e-9466-dbc1705fa263,71,high,1,49.538937,map,0.0,True,True,True
baseline_verified_score,1c1258a1-d0f6-433e-9466-dbc1705fa263,72,high,1,38.104973,map,0.0,True,True,True
baseline_verified_score,1c1258a1-d0f6-433e-9466-dbc1705fa263,73,high,1,42.753641,map,0.0,True,True,True
baseline_verified_score,1c1258a1-d0f6-433e-9466-dbc1705fa263,74,high,1,33.956511,appearance,10.77,False,True,True
baseline_verified_score,1c1258a1-d0f6-433e-9466-dbc1705fa263,75,high,1,33.797799,map,0.0,True,True,True
baseline_verified_score,1c1258a1-d0f6-433e-9466-dbc1705fa263,76,high,1,41.490764,map,0.0,True,True,True
baseline_verified_score,1c1258a1-d0f6-433e-9466-dbc1705fa263,77,high,1,38.220006,appearance,3.0,True,True,True
baseline_verified_score,1c1258a1-d0f6-433e-9466-dbc1705fa263,78,high,1,43.776128,map,0.0,True,True,True
baseline_verified_score,1c1258a1-d0f6-433e-9466-dbc1705fa263,79,high,1,45.558255,appearance,0.0,True,True,True
baseline_verified_score,1c1258a1-d0f6-433e-9466-dbc1705fa263,80,high,1,45.858395,map,0.0,True,True,True
baseline_verified_score,1c1258a1-d0f6-433e-9466-dbc1705fa263,81,high,1,55.984361,map,0.0,True,True,True
baseline_verified_score,1c1258a1-d0f6-433e-9466-dbc1705fa263,82,high,1,51.697228,appearance,11.705,False,True,True
baseline_verified_score,1c1258a1-d0f6-433e-9466-dbc1705fa263,83,high,1,58.803602,map,0.0,True,True,True
baseline_verified_score,1c1258a1-d0f6-433e-9466-dbc1705fa263,84,high,1,51.825351,appearance,3.0,True,True,True
baseline_verified_score,1c1258a1-d0f6-433e-9466-dbc1705fa263,85,high,1,52.680161,map,0.0,True,True,True
baseline_verified_score,1c1258a1-d0f6-433e-9466-dbc1705fa263,86,high,1,61.021874,map,0.0,True,True,True
baseline_verified_score,1c1258a1-d0f6-433e-9466-dbc1705fa263,87,high,1,53.656453,appearance,11.63,False,True,True
baseline_verified_score,1c1258a1-d0f6-433e-9466-dbc1705fa263,88,high,1,61.052735,map,0.0,True,True,True
baseline_verified_score,1c1258a1-d0f6-433e-9466-dbc1705fa263,89,high,1,52.540802,appearance,3.536,True,True,True
baseline_verified_score,1c1258a1-d0f6-433e-9466-dbc1705fa263,90,high,1,52.20913,map,0.0,True,True,True
baseline_verified_score,1c1258a1-d0f6-433e-9466-dbc1705fa263,91,high,1,51.115411,map,0.0,True,True,True
baseline_verified_score,1c1258a1-d0f6-433e-9466-dbc1705fa263,92,high,1,41.475244,map,0.0,True,True,True
baseline_verified_score,1c1258a1-d0f6-433e-9466-dbc1705fa263,93,high,1,38.805563,map,0.0,True,True,True
baseline_verified_score,1c1258a1-d0f6-433e-9466-dbc1705fa263,94,high,1,23.978421,map,0.0,True,True,True
baseline_verified_score,1c1258a1-d0f6-433e-9466-dbc1705fa263,95,high,1,14.573913,map,0.0,True,True,True
baseline_verified_score,1c1258a1-d0f6-433e-9466-dbc1705fa263,96,medium_high,1,11.873146,map,2.709,True,True,True
baseline_verified_score,1c1258a1-d0f6-433e-9466-dbc1705fa263,97,medium_high,1,6.083133,map,183.398,False,False,True
baseline_verified_score,1c1258a1-d0f6-433e-9466-dbc1705fa263,98,medium_high,1,10.088191,map,3.038,True,True,True
baseline_verified_score,1c1258a1-d0f6-433e-9466-dbc1705fa263,99,medium_high,1,9.231892,appearance,1.834,True,True,True
baseline_verified_score,1c1258a1-d0f6-433e-9466-dbc1705fa263,100,medium_high,1,19.818547,map,3.797,True,True,True
baseline_verified_score,1c1258a1-d0f6-433e-9466-dbc1705fa263,101,medium_high,1,16.248233,map,5.325,True,True,True
baseline_verified_score,1c1258a1-d0f6-433e-9466-dbc1705fa263,102,medium_high,1,14.751356,map,6.94,True,True,True
baseline_verified_score,1c1258a1-d0f6-433e-9466-dbc1705fa263,103,medium_high,1,16.822583,map,9.662,False,True,True
baseline_verified_score,1c1258a1-d0f6-433e-9466-dbc1705fa263,104,medium_high,1,18.629105,appearance,5.678,True,True,True
baseline_verified_score,1c1258a1-d0f6-433e-9466-dbc1705fa263,105,medium_high,1,18.863578,map,9.054,False,True,True
baseline_verified_score,1c1258a1-d0f6-433e-9466-dbc1705fa263,106,medium_high,1,18.699992,appearance,5.534,True,True,True
baseline_verified_score,1c1258a1-d0f6-433e-9466-dbc1705fa263,107,medium_high,1,16.566224,map,5.508,True,True,True
baseline_verified_score,1c1258a1-d0f6-433e-9466-dbc1705fa263,108,medium_high,1,15.622828,map,4.295,True,True,True
baseline_verified_score,1c1258a1-d0f6-433e-9466-dbc1705fa263,109,medium_high,1,5.680687,map,1.838,True,True,True
baseline_verified_score,1c1258a1-d0f6-433e-9466-dbc1705fa263,110,medium_high,1,11.83876,map,4.487,True,True,True
baseline_verified_score,1c1258a1-d0f6-433e-9466-dbc1705fa263,111,medium_high,1,15.150265,appearance,3.814,True,True,True
baseline_verified_score,1c1258a1-d0f6-433e-9466-dbc1705fa263,112,medium_high,1,11.821384,appearance,4.485,True,True,True
baseline_verified_score,1c1258a1-d0f6-433e-9466-dbc1705fa263,113,medium_high,1,11.502615,map,2.569,True,True,True
baseline_verified_score,1c1258a1-d0f6-433e-9466-dbc1705fa263,114,medium_high,1,14.734253,appearance,2.442,True,True,True
baseline_verified_score,1c1258a1-d0f6-433e-9466-dbc1705fa263,115,medium_high,1,15.182151,map,1.729,True,True,True
baseline_verified_score,1c1258a1-d0f6-433e-9466-dbc1705fa263,116,medium_high,1,13.933753,appearance,2.321,True,True,True
baseline_verified_score,1c1258a1-d0f6-433e-9466-dbc1705fa263,117,high,1,16.059385,map,0.0,True,True,True
baseline_verified_score,1c1258a1-d0f6-433e-9466-dbc1705fa263,118,high,1,22.118042,map,0.0,True,True,True
baseline_verified_score,1c1258a1-d0f6-433e-9466-dbc1705fa263,119,high,1,19.392637,appearance,0.0,True,True,True
baseline_verified_score,1c1258a1-d0f6-433e-9466-dbc1705fa263,120,high,1,22.696462,map,0.0,True,True,True
baseline_verified_score,1c1258a1-d0f6-433e-9466-dbc1705fa263,121,high,1,26.159228,appearance,1.118,True,True,True
baseline_verified_score,1c1258a1-d0f6-433e-9466-dbc1705fa263,122,high,1,29.058592,map,0.0,True,True,True
baseline_verified_score,1c1258a1-d0f6-433e-9466-dbc1705fa263,123,high,1,32.76283,map,0.0,True,True,True
baseline_verified_score,1c1258a1-d0f6-433e-9466-dbc1705fa263,124,high,1,31.935312,appearance,6.265,True,True,True
baseline_verified_score,1c1258a1-d0f6-433e-9466-dbc1705fa263,125,high,1,34.656745,map,0.0,True,True,True
baseline_verified_score,1c1258a1-d0f6-433e-9466-dbc1705fa263,126,high,1,34.175876,appearance,0.5,True,True,True
baseline_verified_score,1c1258a1-d0f6-433e-9466-dbc1705fa263,127,high,1,33.884475,map,0.0,True,True,True
baseline_verified_score,1c1258a1-d0f6-433e-9466-dbc1705fa263,128,high,1,36.737115,map,0.0,True,True,True
baseline_verified_score,1c1258a1-d0f6-433e-9466-dbc1705fa263,129,high,1,33.861389,appearance,0.5,True,True,True
baseline_verified_score,1c1258a1-d0f6-433e-9466-dbc1705fa263,130,high,1,35.294279,map,0.0,True,True,True
baseline_verified_score,1c1258a1-d0f6-433e-9466-dbc1705fa263,131,high,1,32.653391,appearance,0.0,True,True,True
baseline_verified_score,1c1258a1-d0f6-433e-9466-dbc1705fa263,132,high,1,27.205558,map,0.0,True,True,True
baseline_verified_score,1c1258a1-d0f6-433e-9466-dbc1705fa263,133,high,1,30.091935,map,0.0,True,True,True
baseline_verified_score,1c1258a1-d0f6-433e-9466-dbc1705fa263,134,high,1,26.960908,appearance,2.5,True,True,True
baseline_verified_score,1c1258a1-d0f6-433e-9466-dbc1705fa263,135,high,1,29.865671,map,0.0,True,True,True
baseline_verified_score,1c1258a1-d0f6-433e-9466-dbc1705fa263,136,high,1,27.311842,appearance,1.118,True,True,True
baseline_verified_score,1c1258a1-d0f6-433e-9466-dbc1705fa263,137,high,1,26.788308,map,0.0,True,True,True
baseline_verified_score,1c1258a1-d0f6-433e-9466-dbc1705fa263,138,high,1,28.337287,map,0.0,True,True,True
baseline_verified_score,1c1258a1-d0f6-433e-9466-dbc1705fa263,139,high,1,26.391561,appearance,1.581,True,True,True
baseline_verified_score,1c1258a1-d0f6-433e-9466-dbc1705fa263,140,high,1,29.494167,map,0.0,True,True,True
baseline_verified_score,1c1258a1-d0f6-433e-9466-dbc1705fa263,141,high,1,31.192165,appearance,0.707,True,True,True
baseline_verified_score,1c1258a1-d0f6-433e-9466-dbc1705fa263,142,high,1,30.835884,map,0.0,True,True,True
baseline_verified_score,1c1258a1-d0f6-433e-9466-dbc1705fa263,143,high,1,32.910165,map,0.0,True,True,True
baseline_verified_score,1c1258a1-d0f6-433e-9466-dbc1705fa263,144,high,1,29.3788,appearance,1.581,True,True,True
baseline_verified_score,1c1258a1-d0f6-433e-9466-dbc1705fa263,145,high,1,32.640697,map,0.0,True,True,True
baseline_verified_score,1c1258a1-d0f6-433e-9466-dbc1705fa263,146,high,1,29.536973,appearance,2.55,True,True,True
baseline_verified_score,1c1258a1-d0f6-433e-9466-dbc1705fa263,147,high,1,28.649664,map,0.0,True,True,True
baseline_verified_score,1c1258a1-d0f6-433e-9466-dbc1705fa263,148,high,1,30.037682,map,0.0,True,True,True
baseline_verified_score,1c1258a1-d0f6-433e-9466-dbc1705fa263,149,high,1,26.647235,appearance,1.581,True,True,True
baseline_verified_score,1c1258a1-d0f6-433e-9466-dbc1705fa263,150,high,1,29.452856,map,0.0,True,True,True
baseline_verified_score,1c1258a1-d0f6-433e-9466-dbc1705fa263,151,high,1,26.778799,appearance,1.581,True,True,True
baseline_verified_score,1c1258a1-d0f6-433e-9466-dbc1705fa263,152,high,1,27.728916,map,0.0,True,True,True
baseline_verified_score,1c1258a1-d0f6-433e-9466-dbc1705fa263,153,high,1,29.88288,map,3.808,True,True,True
baseline_verified_score,1c1258a1-d0f6-433e-9466-dbc1705fa263,154,high,1,25.762262,appearance,3.041,True,True,True
baseline_verified_score,1c1258a1-d0f6-433e-9466-dbc1705fa263,155,high,1,28.855563,map,0.0,True,True,True
baseline_verified_score,1c1258a1-d0f6-433e-9466-dbc1705fa263,156,high,1,27.242044,appearance,1.581,True,True,True
baseline_verified_score,1c1258a1-d0f6-433e-9466-dbc1705fa263,157,high,1,28.150223,map,0.0,True,True,True
baseline_verified_score,1c1258a1-d0f6-433e-9466-dbc1705fa263,158,high,1,31.22915,map,0.0,True,True,True
baseline_verified_score,1c1258a1-d0f6-433e-9466-dbc1705fa263,159,high,1,27.823421,appearance,1.581,True,True,True
baseline_verified_score,1c1258a1-d0f6-433e-9466-dbc1705fa263,160,high,1,30.636633,map,0.0,True,True,True
baseline_verified_score,1c1258a1-d0f6-433e-9466-dbc1705fa263,161,high,1,24.655828,map,0.0,True,True,True
baseline_verified_score,1c1258a1-d0f6-433e-9466-dbc1705fa263,162,high,1,25.675513,map,0.0,True,True,True
baseline_verified_score,1c1258a1-d0f6-433e-9466-dbc1705fa263,163,high,1,29.54135,map,0.0,True,True,True
baseline_verified_score,1c1258a1-d0f6-433e-9466-dbc1705fa263,164,high,1,26.52337,appearance,1.581,True,True,True
baseline_verified_score,1c1258a1-d0f6-433e-9466-dbc1705fa263,165,high,1,29.544824,map,0.0,True,True,True
baseline_verified_score,1c1258a1-d0f6-433e-9466-dbc1705fa263,166,high,1,24.365737,map,0.0,True,True,True
baseline_verified_score,1c1258a1-d0f6-433e-9466-dbc1705fa263,167,high,1,24.075225,map,0.0,True,True,True
baseline_verified_score,1c1258a1-d0f6-433e-9466-dbc1705fa263,168,high,1,27.506263,map,0.0,True,True,True
baseline_verified_score,1c1258a1-d0f6-433e-9466-dbc1705fa263,169,high,1,24.521901,appearance,2.121,True,True,True
baseline_verified_score,1c1258a1-d0f6-433e-9466-dbc1705fa263,170,high,1,30.630862,map,0.0,True,True,True
baseline_verified_score,1c1258a1-d0f6-433e-9466-dbc1705fa263,171,high,1,27.4095,appearance,2.121,True,True,True
baseline_verified_score,1c1258a1-d0f6-433e-9466-dbc1705fa263,172,high,1,27.039954,map,0.0,True,True,True
baseline_verified_score,1c1258a1-d0f6-433e-9466-dbc1705fa263,173,high,1,31.816613,map,0.0,True,True,True
baseline_verified_score,1c1258a1-d0f6-433e-9466-dbc1705fa263,174,high,1,28.556055,appearance,1.803,True,True,True
baseline_verified_score,1c1258a1-d0f6-433e-9466-dbc1705fa263,175,high,1,35.430512,map,0.0,True,True,True
baseline_verified_score,1c1258a1-d0f6-433e-9466-dbc1705fa263,176,high,1,32.651767,appearance,1.803,True,True,True
baseline_verified_score,1c1258a1-d0f6-433e-9466-dbc1705fa263,177,high,1,33.159453,map,0.0,True,True,True
baseline_verified_score,1c1258a1-d0f6-433e-9466-dbc1705fa263,178,high,1,38.988838,map,0.0,True,True,True
baseline_verified_score,1c1258a1-d0f6-433e-9466-dbc1705fa263,179,high,1,37.196459,map,0.0,True,True,True
baseline_verified_score,1c1258a1-d0f6-433e-9466-dbc1705fa263,180,high,1,42.513669,map,0.0,True,True,True
baseline_verified_score,1c1258a1-d0f6-433e-9466-dbc1705fa263,181,high,1,40.684138,map,0.0,True,True,True
baseline_verified_score,1c1258a1-d0f6-433e-9466-dbc1705fa263,182,high,1,41.18377,map,0.0,True,True,True
baseline_verified_score,1c1258a1-d0f6-433e-9466-dbc1705fa263,183,high,1,46.107687,map,0.0,True,True,True
baseline_verified_score,1c1258a1-d0f6-433e-9466-dbc1705fa263,184,high,1,41.676021,appearance,2.5,True,True,True
baseline_verified_score,1c1258a1-d0f6-433e-9466-dbc1705fa263,185,high,1,47.259158,map,0.0,True,True,True
baseline_verified_score,1c1258a1-d0f6-433e-9466-dbc1705fa263,186,high,1,43.697349,appearance,7.159,True,True,True
baseline_verified_score,1c1258a1-d0f6-433e-9466-dbc1705fa263,187,high,1,43.413078,map,0.0,True,True,True
baseline_verified_score,1c1258a1-d0f6-433e-9466-dbc1705fa263,188,high,1,46.132794,map,0.0,True,True,True
baseline_verified_score,1c1258a1-d0f6-433e-9466-dbc1705fa263,189,high,1,42.603708,map,1.581,True,True,True
baseline_verified_score,1c1258a1-d0f6-433e-9466-dbc1705fa263,190,high,1,45.969022,map,0.0,True,True,True
baseline_verified_score,1c1258a1-d0f6-433e-9466-dbc1705fa263,191,high,1,38.28021,map,0.0,True,True,True
baseline_verified_score,1c1258a1-d0f6-433e-9466-dbc1705fa263,192,high,1,37.67814,map,0.0,True,True,True
baseline_verified_score,1c1258a1-d0f6-433e-9466-dbc1705fa263,193,high,1,40.330742,map,0.0,True,True,True
baseline_verified_score,1c1258a1-d0f6-433e-9466-dbc1705fa263,194,high,1,32.220991,map,0.0,True,True,True
baseline_verified_score,1c1258a1-d0f6-433e-9466-dbc1705fa263,195,high,1,34.755391,map,0.0,True,True,True
baseline_verified_score,1c1258a1-d0f6-433e-9466-dbc1705fa263,196,high,1,30.553758,map,0.0,True,True,True
baseline_verified_score,1c1258a1-d0f6-433e-9466-dbc1705fa263,197,high,1,30.387572,map,0.0,True,True,True
baseline_verified_score,1c1258a1-d0f6-433e-9466-dbc1705fa263,198,high,1,30.892532,map,0.0,True,True,True
baseline_verified_score,1c1258a1-d0f6-433e-9466-dbc1705fa263,199,high,1,25.536364,map,0.0,True,True,True
baseline_verified_score,1c1258a1-d0f6-433e-9466-dbc1705fa263,200,high,1,31.424309,map,0.0,True,True,True
baseline_verified_score,1c1258a1-d0f6-433e-9466-dbc1705fa263,201,high,1,24.518863,map,0.0,True,True,True
baseline_verified_score,1c1258a1-d0f6-433e-9466-dbc1705fa263,202,high,1,25.241298,map,0.0,True,True,True
baseline_verified_score,1c1258a1-d0f6-433e-9466-dbc1705fa263,203,high,1,32.517908,map,0.0,True,True,True
baseline_verified_score,1c1258a1-d0f6-433e-9466-dbc1705fa263,204,high,1,29.369346,appearance,3.162,True,True,True
baseline_verified_score,1c1258a1-d0f6-433e-9466-dbc1705fa263,205,high,1,31.748737,map,0.0,True,True,True
baseline_verified_score,1c1258a1-d0f6-433e-9466-dbc1705fa263,206,high,1,26.752913,map,0.0,True,True,True
baseline_verified_score,1c1258a1-d0f6-433e-9466-dbc1705fa263,207,high,1,26.210624,map,0.0,True,True,True
baseline_verified_score,1c1258a1-d0f6-433e-9466-dbc1705fa263,208,high,1,31.16925,map,0.0,True,True,True
baseline_verified_score,1c1258a1-d0f6-433e-9466-dbc1705fa263,209,high,1,27.67848,appearance,0.0,True,True,True
baseline_verified_score,1c1258a1-d0f6-433e-9466-dbc1705fa263,210,high,1,31.359426,map,0.0,True,True,True
baseline_verified_score,1c1258a1-d0f6-433e-9466-dbc1705fa263,211,high,1,28.255823,appearance,1.803,True,True,True
baseline_verified_score,1c1258a1-d0f6-433e-9466-dbc1705fa263,212,high,1,28.064707,map,0.0,True,True,True
baseline_verified_score,1c1258a1-d0f6-433e-9466-dbc1705fa263,213,high,1,30.768728,map,0.0,True,True,True
baseline_verified_score,1c1258a1-d0f6-433e-9466-dbc1705fa263,214,high,1,27.256298,appearance,0.0,True,True,True
baseline_verified_score,1c1258a1-d0f6-433e-9466-dbc1705fa263,215,high,1,33.446874,map,0.0,True,True,True
baseline_verified_score,1c1258a1-d0f6-433e-9466-dbc1705fa263,216,high,1,32.887908,map,1.581,True,True,True
baseline_verified_score,1c1258a1-d0f6-433e-9466-dbc1705fa263,217,high,1,30.333806,map,0.0,True,True,True
baseline_verified_score,1c1258a1-d0f6-433e-9466-dbc1705fa263,218,high,1,34.579657,map,0.0,True,True,True
baseline_verified_score,1c1258a1-d0f6-433e-9466-dbc1705fa263,219,high,1,33.450581,appearance,2.915,True,True,True
baseline_verified_score,1c1258a1-d0f6-433e-9466-dbc1705fa263,220,high,1,36.67375,map,0.0,True,True,True
baseline_verified_score,1c1258a1-d0f6-433e-9466-dbc1705fa263,221,high,1,32.352608,appearance,0.0,True,True,True
baseline_verified_score,1c1258a1-d0f6-433e-9466-dbc1705fa263,222,high,1,32.922113,map,0.0,True,True,True
baseline_verified_score,1c1258a1-d0f6-433e-9466-dbc1705fa263,223,high,1,35.394452,map,3.536,True,True,True
baseline_verified_score,1c1258a1-d0f6-433e-9466-dbc1705fa263,224,high,1,30.149359,appearance,0.0,True,True,True
baseline_verified_score,1c1258a1-d0f6-433e-9466-dbc1705fa263,225,high,1,31.138542,map,3.536,True,True,True
baseline_verified_score,1c1258a1-d0f6-433e-9466-dbc1705fa263,226,high,1,28.87407,appearance,0.0,True,True,True
baseline_verified_score,1c1258a1-d0f6-433e-9466-dbc1705fa263,227,high,1,25.396601,map,0.0,True,True,True
baseline_verified_score,1c1258a1-d0f6-433e-9466-dbc1705fa263,228,high,1,29.144607,map,0.0,True,True,True
baseline_verified_score,1c1258a1-d0f6-433e-9466-dbc1705fa263,229,high,1,26.114096,appearance,0.0,True,True,True
baseline_verified_score,1c1258a1-d0f6-433e-9466-dbc1705fa263,230,high,1,28.761264,map,0.0,True,True,True
baseline_verified_score,1c1258a1-d0f6-433e-9466-dbc1705fa263,231,high,1,25.426326,appearance,3.536,True,True,True
baseline_verified_score,1c1258a1-d0f6-433e-9466-dbc1705fa263,232,high,1,22.717633,motion,0.0,True,True,True
baseline_verified_score,1c1258a1-d0f6-433e-9466-dbc1705fa263,233,high,1,20.208087,motion,3.5,True,True,True
baseline_verified_score,1c1258a1-d0f6-433e-9466-dbc1705fa263,234,medium_high,1,15.774146,appearance,2.0,True,True,True
baseline_verified_score,1c1258a1-d0f6-433e-9466-dbc1705fa263,235,medium_high,1,13.193089,appearance,2.001,True,True,True
baseline_verified_score,1c1258a1-d0f6-433e-9466-dbc1705fa263,236,medium_high,1,13.129934,appearance,2.532,True,True,True
baseline_verified_score,1c1258a1-d0f6-433e-9466-dbc1705fa263,237,medium_high,1,6.586473,appearance,2.527,True,True,True
baseline_verified_score,1c1258a1-d0f6-433e-9466-dbc1705fa263,238,medium_high,1,4.326787,map,178.28,False,False,True
baseline_verified_score,1c1258a1-d0f6-433e-9466-dbc1705fa263,239,medium_high,1,2.91204,map,177.645,False,False,True
baseline_verified_score,1c1258a1-d0f6-433e-9466-dbc1705fa263,240,medium_high,1,3.210041,map,190.82,False,False,True
baseline_verified_score,1c1258a1-d0f6-433e-9466-dbc1705fa263,241,medium_high,1,1.685041,map,191.126,False,False,True
baseline_verified_score,1c1258a1-d0f6-433e-9466-dbc1705fa263,242,medium_high,1,3.14139,map,188.928,False,False,True
baseline_verified_score,1c1258a1-d0f6-433e-9466-dbc1705fa263,243,medium_high,1,2.456474,map,135.6,False,False,True
baseline_verified_score,1c1258a1-d0f6-433e-9466-dbc1705fa263,244,medium_high,1,2.745262,map,201.849,False,False,True
baseline_verified_score,1c1258a1-d0f6-433e-9466-dbc1705fa263,245,medium_high,1,3.310206,map,190.174,False,False,True
baseline_verified_score,1c1258a1-d0f6-433e-9466-dbc1705fa263,246,medium_high,1,2.771802,map,198.224,False,False,True
baseline_verified_score,1c1258a1-d0f6-433e-9466-dbc1705fa263,247,medium_high,1,3.073521,map,194.186,False,False,True
baseline_verified_score,1c1258a1-d0f6-433e-9466-dbc1705fa263,248,medium_high,1,4.332313,map,105.746,False,False,True
baseline_verified_score,1c1258a1-d0f6-433e-9466-dbc1705fa263,249,medium_high,1,3.572763,appearance,6.494,True,True,True
baseline_verified_score,1c1258a1-d0f6-433e-9466-dbc1705fa263,250,medium_high,1,2.748401,map,113.061,False,False,True
baseline_verified_score,1c1258a1-d0f6-433e-9466-dbc1705fa263,251,medium_high,1,3.877271,appearance,5.951,True,True,True
baseline_verified_score,1c1258a1-d0f6-433e-9466-dbc1705fa263,252,medium_high,1,6.978679,appearance,6.843,True,True,True
baseline_verified_score,1c1258a1-d0f6-433e-9466-dbc1705fa263,253,medium_high,1,7.155574,map,8.769,False,True,True
baseline_verified_score,1c1258a1-d0f6-433e-9466-dbc1705fa263,254,medium_high,1,7.444731,appearance,5.86,True,True,True
baseline_verified_score,1c1258a1-d0f6-433e-9466-dbc1705fa263,255,medium_high,1,9.234683,map,8.723,False,True,True
baseline_verified_score,1c1258a1-d0f6-433e-9466-dbc1705fa263,256,medium_high,1,9.358914,map,8.692,False,True,True
baseline_verified_score,1c1258a1-d0f6-433e-9466-dbc1705fa263,257,medium_high,1,8.849145,appearance,4.888,True,True,True
baseline_verified_score,1c1258a1-d0f6-433e-9466-dbc1705fa263,258,medium_high,1,5.248161,appearance,4.862,True,True,True
baseline_verified_score,1c1258a1-d0f6-433e-9466-dbc1705fa263,259,medium_high,1,8.948821,appearance,3.714,True,True,True
baseline_verified_score,1c1258a1-d0f6-433e-9466-dbc1705fa263,260,medium_high,1,8.697747,map,2.1,True,True,True
baseline_verified_score,1c1258a1-d0f6-433e-9466-dbc1705fa263,261,medium_high,1,6.369104,appearance,2.719,True,True,True
baseline_verified_score,1c1258a1-d0f6-433e-9466-dbc1705fa263,262,medium_high,1,11.235457,map,0.03,True,True,True
baseline_verified_score,1c1258a1-d0f6-433e-9466-dbc1705fa263,263,high,1,13.765084,map,0.0,True,True,True
baseline_verified_score,1c1258a1-d0f6-433e-9466-dbc1705fa263,264,high,1,15.766936,appearance,3.0,True,True,True
baseline_verified_score,1c1258a1-d0f6-433e-9466-dbc1705fa263,265,high,1,21.919212,map,0.0,True,True,True
baseline_verified_score,1c1258a1-d0f6-433e-9466-dbc1705fa263,266,high,1,19.988658,appearance,3.536,True,True,True
baseline_verified_score,1c1258a1-d0f6-433e-9466-dbc1705fa263,267,high,1,29.172756,map,0.0,True,True,True
baseline_verified_score,1c1258a1-d0f6-433e-9466-dbc1705fa263,268,high,1,34.666064,map,0.0,True,True,True
baseline_verified_score,1c1258a1-d0f6-433e-9466-dbc1705fa263,269,high,1,34.248743,appearance,4.123,True,True,True
baseline_verified_score,1c1258a1-d0f6-433e-9466-dbc1705fa263,270,high,1,40.615155,map,0.0,True,True,True
baseline_verified_score,1c1258a1-d0f6-433e-9466-dbc1705fa263,271,high,1,39.174084,appearance,3.041,True,True,True
baseline_verified_score,1c1258a1-d0f6-433e-9466-dbc1705fa263,272,high,1,43.224124,map,0.0,True,True,True
baseline_verified_score,1c1258a1-d0f6-433e-9466-dbc1705fa263,273,high,1,48.350933,map,0.0,True,True,True
baseline_verified_score,1c1258a1-d0f6-433e-9466-dbc1705fa263,274,high,1,41.438464,appearance,4.031,True,True,True
baseline_verified_score,1c1258a1-d0f6-433e-9466-dbc1705fa263,275,high,1,47.704465,map,0.0,True,True,True
baseline_verified_score,1c1258a1-d0f6-433e-9466-dbc1705fa263,276,high,1,41.226436,appearance,3.808,True,True,True
baseline_verified_score,1c1258a1-d0f6-433e-9466-dbc1705fa263,277,high,1,40.587376,map,0.0,True,True,True
baseline_verified_score,1c1258a1-d0f6-433e-9466-dbc1705fa263,278,high,1,46.349106,map,0.0,True,True,True
baseline_verified_score,1c1258a1-d0f6-433e-9466-dbc1705fa263,279,high,1,40.027371,appearance,3.5,True,True,True
baseline_verified_score,1c1258a1-d0f6-433e-9466-dbc1705fa263,280,high,1,46.745884,map,0.0,True,True,True
baseline_verified_score,1c1258a1-d0f6-433e-9466-dbc1705fa263,281,high,1,39.736658,appearance,3.041,True,True,True
baseline_verified_score,1c1258a1-d0f6-433e-9466-dbc1705fa263,282,high,1,41.391561,map,0.0,True,True,True
baseline_verified_score,1c1258a1-d0f6-433e-9466-dbc1705fa263,283,high,1,45.485183,map,0.0,True,True,True
baseline_verified_score,1c1258a1-d0f6-433e-9466-dbc1705fa263,284,high,1,39.131701,appearance,3.5,True,True,True
baseline_verified_score,1c1258a1-d0f6-433e-9466-dbc1705fa263,285,high,1,45.75056,map,0.0,True,True,True
baseline_verified_score,1c1258a1-d0f6-433e-9466-dbc1705fa263,286,high,1,40.009028,appearance,3.041,True,True,True
baseline_verified_score,1c1258a1-d0f6-433e-9466-dbc1705fa263,287,high,1,41.199612,map,0.0,True,True,True
baseline_verified_score,1c1258a1-d0f6-433e-9466-dbc1705fa263,288,high,1,45.275361,map,0.0,True,True,True
baseline_verified_score,1c1258a1-d0f6-433e-9466-dbc1705fa263,289,high,1,38.560876,appearance,3.162,True,True,True
baseline_verified_score,1c1258a1-d0f6-433e-9466-dbc1705fa263,290,high,1,44.629402,map,0.0,True,True,True
baseline_verified_score,1c1258a1-d0f6-433e-9466-dbc1705fa263,291,high,1,37.678699,appearance,3.5,True,True,True
baseline_verified_score,1c1258a1-d0f6-433e-9466-dbc1705fa263,292,high,1,40.483331,map,0.0,True,True,True
baseline_verified_score,1c1258a1-d0f6-433e-9466-dbc1705fa263,293,high,1,50.318926,map,0.0,True,True,True
baseline_verified_score,1c1258a1-d0f6-433e-9466-dbc1705fa263,294,high,1,41.335404,appearance,3.64,True,True,True
baseline_verified_score,1c1258a1-d0f6-433e-9466-dbc1705fa263,295,high,1,48.81855,map,0.0,True,True,True
baseline_verified_score,1c1258a1-d0f6-433e-9466-dbc1705fa263,296,high,1,40.315971,appearance,3.041,True,True,True
baseline_verified_score,1c1258a1-d0f6-433e-9466-dbc1705fa263,297,high,1,44.92656,map,0.0,True,True,True
baseline_verified_score,1c1258a1-d0f6-433e-9466-dbc1705fa263,298,high,1,50.291891,map,0.0,True,True,True
baseline_verified_score,1c1258a1-d0f6-433e-9466-dbc1705fa263,299,high,1,41.797984,map,0.0,True,True,True
baseline_verified_score,1c1258a1-d0f6-433e-9466-dbc1705fa263,300,high,1,48.067177,map,0.0,True,True,True
baseline_verified_score,1c1258a1-d0f6-433e-9466-dbc1705fa263,301,high,1,42.169091,map,0.0,True,True,True
baseline_verified_score,1c1258a1-d0f6-433e-9466-dbc1705fa263,302,high,1,35.911768,map,0.0,True,True,True
baseline_verified_score,1c1258a1-d0f6-433e-9466-dbc1705fa263,303,high,1,38.781859,map,3.536,True,True,True
baseline_verified_score,1c1258a1-d0f6-433e-9466-dbc1705fa263,304,high,1,31.53351,map,0.0,True,True,True
baseline_verified_score,1c1258a1-d0f6-433e-9466-dbc1705fa263,305,high,1,37.609028,map,0.0,True,True,True
baseline_verified_score,1c1258a1-d0f6-433e-9466-dbc1705fa263,306,high,1,29.273918,map,0.0,True,True,True
baseline_verified_score,1c1258a1-d0f6-433e-9466-dbc1705fa263,307,high,1,26.488582,map,0.0,True,True,True
baseline_verified_score,1c1258a1-d0f6-433e-9466-dbc1705fa263,308,high,1,30.359998,map,4.301,True,True,True
baseline_verified_score,1c1258a1-d0f6-433e-9466-dbc1705fa263,309,high,1,21.531838,map,0.0,True,True,True
baseline_verified_score,1c1258a1-d0f6-433e-9466-dbc1705fa263,310,high,1,26.694548,map,0.0,True,True,True
baseline_verified_score,1c1258a1-d0f6-433e-9466-dbc1705fa263,311,high,1,23.424142,map,3.606,True,True,True
baseline_verified_score,1c1258a1-d0f6-433e-9466-dbc1705fa263,312,high,1,27.621434,map,0.0,True,True,True
baseline_verified_score,1c1258a1-d0f6-433e-9466-dbc1705fa263,313,high,1,34.986745,map,0.0,True,True,True
baseline_verified_score,1c1258a1-d0f6-433e-9466-dbc1705fa263,314,high,1,33.214694,map,0.0,True,True,True
baseline_verified_score,1c1258a1-d0f6-433e-9466-dbc1705fa263,315,high,1,39.821171,map,0.0,True,True,True
baseline_verified_score,1c1258a1-d0f6-433e-9466-dbc1705fa263,316,high,1,38.893793,map,0.0,True,True,True
baseline_verified_score,1c1258a1-d0f6-433e-9466-dbc1705fa263,317,high,1,44.525848,map,0.0,True,True,True
baseline_verified_score,1c1258a1-d0f6-433e-9466-dbc1705fa263,318,high,1,46.188375,map,3.808,True,True,True
baseline_verified_score,1c1258a1-d0f6-433e-9466-dbc1705fa263,319,high,1,39.973934,map,7.382,True,True,True
baseline_verified_score,1c1258a1-d0f6-433e-9466-dbc1705fa263,320,high,1,47.283649,map,0.0,True,True,True
baseline_verified_score,1c1258a1-d0f6-433e-9466-dbc1705fa263,321,high,1,40.634799,map,3.162,True,True,True
baseline_verified_score,1c1258a1-d0f6-433e-9466-dbc1705fa263,322,high,1,38.935954,map,0.0,True,True,True
baseline_verified_score,1c1258a1-d0f6-433e-9466-dbc1705fa263,323,high,1,43.701648,map,0.0,True,True,True
baseline_verified_score,1c1258a1-d0f6-433e-9466-dbc1705fa263,324,high,1,37.333578,appearance,5.22,True,True,True
baseline_verified_score,1c1258a1-d0f6-433e-9466-dbc1705fa263,325,high,1,41.423715,map,0.0,True,True,True
baseline_verified_score,1c1258a1-d0f6-433e-9466-dbc1705fa263,326,high,1,34.446673,appearance,5.025,True,True,True
baseline_verified_score,1c1258a1-d0f6-433e-9466-dbc1705fa263,327,high,1,32.768037,map,19.66,False,False,True
baseline_verified_score,1c1258a1-d0f6-433e-9466-dbc1705fa263,328,high,1,36.260087,map,0.0,True,True,True
baseline_verified_score,1c1258a1-d0f6-433e-9466-dbc1705fa263,329,high,1,26.66019,map,0.0,True,True,True
baseline_verified_score,1c1258a1-d0f6-433e-9466-dbc1705fa263,330,high,1,29.371764,map,13.285,False,True,True
baseline_verified_score,1c1258a1-d0f6-433e-9466-dbc1705fa263,331,high,1,22.35833,appearance,9.014,False,True,True
baseline_verified_score,1c1258a1-d0f6-433e-9466-dbc1705fa263,332,high,1,19.909903,map,10.7,False,True,True
baseline_verified_score,1c1258a1-d0f6-433e-9466-dbc1705fa263,333,high,1,19.898215,map,12.349,False,True,True
baseline_verified_score,1c1258a1-d0f6-433e-9466-dbc1705fa263,334,high,1,14.383787,appearance,53.528,False,False,False
baseline_verified_score,1c1258a1-d0f6-433e-9466-dbc1705fa263,335,high,1,18.107024,appearance,50.619,False,False,True
baseline_verified_score,1c1258a1-d0f6-433e-9466-dbc1705fa263,336,high,1,17.893007,appearance,51.662,False,False,True
baseline_verified_score,1c1258a1-d0f6-433e-9466-dbc1705fa263,337,high,1,18.170347,appearance,50.401,False,False,True
baseline_verified_score,1c1258a1-d0f6-433e-9466-dbc1705fa263,338,high,1,22.949276,map,12.971,False,True,True
baseline_verified_score,1c1258a1-d0f6-433e-9466-dbc1705fa263,339,high,1,17.919044,appearance,48.564,False,False,False
baseline_verified_score,1c1258a1-d0f6-433e-9466-dbc1705fa263,340,high,1,23.930809,map,12.53,False,True,True
baseline_verified_score,1c1258a1-d0f6-433e-9466-dbc1705fa263,341,high,1,18.828283,appearance,49.503,False,False,False
baseline_verified_score,1c1258a1-d0f6-433e-9466-dbc1705fa263,342,high,1,26.381407,map,13.454,False,True,False
baseline_verified_score,1c1258a1-d0f6-433e-9466-dbc1705fa263,343,high,1,35.398008,map,12.53,False,True,True
baseline_verified_score,1c1258a1-d0f6-433e-9466-dbc1705fa263,344,high,1,37.036434,appearance,11.673,False,True,True
baseline_verified_score,1c1258a1-d0f6-433e-9466-dbc1705fa263,345,high,1,45.899214,map,12.298,False,True,True
baseline_verified_score,1c1258a1-d0f6-433e-9466-dbc1705fa263,346,high,1,40.674934,appearance,11.336,False,True,False
baseline_verified_score,529a6584-8974-4cf9-b7f7-f66d49cd3845,37,high,1,13.688391,map,0.0,True,True,True
baseline_verified_score,529a6584-8974-4cf9-b7f7-f66d49cd3845,38,high,1,23.204597,map,0.0,True,True,True
baseline_verified_score,529a6584-8974-4cf9-b7f7-f66d49cd3845,39,high,1,25.0387,map,0.0,True,True,True
baseline_verified_score,529a6584-8974-4cf9-b7f7-f66d49cd3845,40,high,1,34.397856,map,0.0,True,True,True
baseline_verified_score,529a6584-8974-4cf9-b7f7-f66d49cd3845,41,high,1,35.537312,map,0.0,True,True,True
baseline_verified_score,529a6584-8974-4cf9-b7f7-f66d49cd3845,42,high,1,45.327541,map,0.0,True,True,True
baseline_verified_score,529a6584-8974-4cf9-b7f7-f66d49cd3845,43,high,1,53.886413,map,0.0,True,True,True
baseline_verified_score,529a6584-8974-4cf9-b7f7-f66d49cd3845,44,high,1,55.978637,map,4.123,True,True,True
baseline_verified_score,529a6584-8974-4cf9-b7f7-f66d49cd3845,45,high,1,63.5942,map,0.0,True,True,True
baseline_verified_score,529a6584-8974-4cf9-b7f7-f66d49cd3845,46,high,1,57.708082,map,3.606,True,True,True
baseline_verified_score,529a6584-8974-4cf9-b7f7-f66d49cd3845,47,high,1,56.98616,map,0.0,True,True,True
baseline_verified_score,529a6584-8974-4cf9-b7f7-f66d49cd3845,48,high,1,62.878497,map,0.0,True,True,True
baseline_verified_score,529a6584-8974-4cf9-b7f7-f66d49cd3845,49,high,1,56.239248,map,0.0,True,True,True
baseline_verified_score,529a6584-8974-4cf9-b7f7-f66d49cd3845,50,high,1,61.796906,map,0.0,True,True,True
baseline_verified_score,529a6584-8974-4cf9-b7f7-f66d49cd3845,51,high,1,54.535755,map,0.0,True,True,True
baseline_verified_score,529a6584-8974-4cf9-b7f7-f66d49cd3845,52,high,1,49.988305,map,0.0,True,True,True
baseline_verified_score,529a6584-8974-4cf9-b7f7-f66d49cd3845,53,high,1,58.705891,map,0.0,True,True,True
baseline_verified_score,529a6584-8974-4cf9-b7f7-f66d49cd3845,54,high,1,50.8399,map,0.0,True,True,True
baseline_verified_score,529a6584-8974-4cf9-b7f7-f66d49cd3845,55,high,1,57.757389,map,0.0,True,True,True
baseline_verified_score,529a6584-8974-4cf9-b7f7-f66d49cd3845,56,high,1,52.847612,map,4.243,True,True,True
baseline_verified_score,529a6584-8974-4cf9-b7f7-f66d49cd3845,57,high,1,52.415607,map,0.0,True,True,True
baseline_verified_score,529a6584-8974-4cf9-b7f7-f66d49cd3845,58,high,1,57.616435,map,0.0,True,True,True
baseline_verified_score,529a6584-8974-4cf9-b7f7-f66d49cd3845,59,high,1,53.033267,map,3.606,True,True,True
baseline_verified_score,529a6584-8974-4cf9-b7f7-f66d49cd3845,60,high,1,52.62651,map,0.0,True,True,True
baseline_verified_score,529a6584-8974-4cf9-b7f7-f66d49cd3845,61,high,1,47.700445,map,5.099,True,True,True
baseline_verified_score,529a6584-8974-4cf9-b7f7-f66d49cd3845,62,high,1,44.773453,map,0.0,True,True,True
baseline_verified_score,529a6584-8974-4cf9-b7f7-f66d49cd3845,63,high,1,49.869929,map,0.0,True,True,True
baseline_verified_score,529a6584-8974-4cf9-b7f7-f66d49cd3845,64,high,1,45.285482,map,3.0,True,True,True
baseline_verified_score,529a6584-8974-4cf9-b7f7-f66d49cd3845,65,high,1,49.275985,map,0.0,True,True,True
baseline_verified_score,529a6584-8974-4cf9-b7f7-f66d49cd3845,66,high,1,43.846454,map,3.606,True,True,True
baseline_verified_score,529a6584-8974-4cf9-b7f7-f66d49cd3845,67,high,1,37.293439,map,0.0,True,True,True
baseline_verified_score,529a6584-8974-4cf9-b7f7-f66d49cd3845,68,high,1,39.291463,map,4.528,True,True,True
baseline_verified_score,529a6584-8974-4cf9-b7f7-f66d49cd3845,69,high,1,37.623252,map,5.385,True,True,True
baseline_verified_score,529a6584-8974-4cf9-b7f7-f66d49cd3845,70,high,1,40.127631,map,4.95,True,True,True
baseline_verified_score,529a6584-8974-4cf9-b7f7-f66d49cd3845,71,high,1,36.545048,map,0.0,True,True,True
baseline_verified_score,529a6584-8974-4cf9-b7f7-f66d49cd3845,72,high,1,30.634484,map,4.123,True,True,True
baseline_verified_score,529a6584-8974-4cf9-b7f7-f66d49cd3845,73,high,1,35.329463,map,0.0,True,True,True
baseline_verified_score,529a6584-8974-4cf9-b7f7-f66d49cd3845,74,high,1,32.330534,map,0.0,True,True,True
baseline_verified_score,529a6584-8974-4cf9-b7f7-f66d49cd3845,75,high,1,36.90451,map,4.528,True,True,True
baseline_verified_score,529a6584-8974-4cf9-b7f7-f66d49cd3845,76,high,1,37.651399,map,0.0,True,True,True
baseline_verified_score,529a6584-8974-4cf9-b7f7-f66d49cd3845,77,high,1,39.037714,map,4.743,True,True,True
baseline_verified_score,529a6584-8974-4cf9-b7f7-f66d49cd3845,78,high,1,44.301619,map,5.701,True,True,True
baseline_verified_score,529a6584-8974-4cf9-b7f7-f66d49cd3845,79,high,1,41.489225,map,0.0,True,True,True
baseline_verified_score,529a6584-8974-4cf9-b7f7-f66d49cd3845,80,high,1,45.552972,map,4.95,True,True,True
baseline_verified_score,529a6584-8974-4cf9-b7f7-f66d49cd3845,81,high,1,44.999491,map,0.0,True,True,True
baseline_verified_score,529a6584-8974-4cf9-b7f7-f66d49cd3845,82,high,1,43.074823,map,5.701,True,True,True
baseline_verified_score,529a6584-8974-4cf9-b7f7-f66d49cd3845,83,high,1,46.470214,map,0.0,True,True,True
baseline_verified_score,529a6584-8974-4cf9-b7f7-f66d49cd3845,84,high,1,42.416741,appearance,3.354,True,True,True
baseline_verified_score,529a6584-8974-4cf9-b7f7-f66d49cd3845,85,high,1,46.330597,map,0.0,True,True,True
baseline_verified_score,529a6584-8974-4cf9-b7f7-f66d49cd3845,86,high,1,44.021617,map,3.0,True,True,True
baseline_verified_score,529a6584-8974-4cf9-b7f7-f66d49cd3845,87,high,1,42.30574,map,4.95,True,True,True
baseline_verified_score,529a6584-8974-4cf9-b7f7-f66d49cd3845,88,high,1,45.966501,map,0.0,True,True,True
baseline_verified_score,529a6584-8974-4cf9-b7f7-f66d49cd3845,89,high,1,42.980217,appearance,5.22,True,True,True
baseline_verified_score,529a6584-8974-4cf9-b7f7-f66d49cd3845,90,high,1,48.320639,map,0.0,True,True,True
baseline_verified_score,529a6584-8974-4cf9-b7f7-f66d49cd3845,91,high,1,44.449799,appearance,3.354,True,True,True
baseline_verified_score,529a6584-8974-4cf9-b7f7-f66d49cd3845,92,high,1,42.875005,map,5.148,True,True,True
baseline_verified_score,529a6584-8974-4cf9-b7f7-f66d49cd3845,93,high,1,50.232293,map,0.0,True,True,True
baseline_verified_score,529a6584-8974-4cf9-b7f7-f66d49cd3845,94,high,1,40.442136,appearance,4.61,True,True,True
baseline_verified_score,529a6584-8974-4cf9-b7f7-f66d49cd3845,95,high,1,48.556221,map,0.0,True,True,True
baseline_verified_score,529a6584-8974-4cf9-b7f7-f66d49cd3845,96,high,1,42.406931,appearance,4.5,True,True,True
baseline_verified_score,529a6584-8974-4cf9-b7f7-f66d49cd3845,97,high,1,38.352993,map,0.0,True,True,True
baseline_verified_score,529a6584-8974-4cf9-b7f7-f66d49cd3845,98,high,1,44.038275,map,0.0,True,True,True
baseline_verified_score,529a6584-8974-4cf9-b7f7-f66d49cd3845,99,high,1,37.076432,appearance,0.0,True,True,True
baseline_verified_score,529a6584-8974-4cf9-b7f7-f66d49cd3845,100,high,1,42.205895,map,0.0,True,True,True
baseline_verified_score,529a6584-8974-4cf9-b7f7-f66d49cd3845,101,high,1,40.1972,appearance,4.0,True,True,True
baseline_verified_score,529a6584-8974-4cf9-b7f7-f66d49cd3845,102,high,1,39.987607,map,0.0,True,True,True
baseline_verified_score,529a6584-8974-4cf9-b7f7-f66d49cd3845,103,high,1,45.942725,map,0.0,True,True,True
baseline_verified_score,529a6584-8974-4cf9-b7f7-f66d49cd3845,104,high,1,41.576274,appearance,0.0,True,True,True
baseline_verified_score,529a6584-8974-4cf9-b7f7-f66d49cd3845,105,high,1,47.518915,map,0.0,True,True,True
baseline_verified_score,529a6584-8974-4cf9-b7f7-f66d49cd3845,106,high,1,45.259358,appearance,9.192,False,True,True
baseline_verified_score,529a6584-8974-4cf9-b7f7-f66d49cd3845,107,high,1,44.525541,map,0.0,True,True,True
baseline_verified_score,529a6584-8974-4cf9-b7f7-f66d49cd3845,108,high,1,48.659548,map,0.0,True,True,True
baseline_verified_score,529a6584-8974-4cf9-b7f7-f66d49cd3845,109,high,1,43.371074,appearance,3.5,True,True,True
baseline_verified_score,529a6584-8974-4cf9-b7f7-f66d49cd3845,110,high,1,47.63391,map,0.0,True,True,True
baseline_verified_score,529a6584-8974-4cf9-b7f7-f66d49cd3845,111,high,1,40.732826,appearance,4.272,True,True,True
baseline_verified_score,529a6584-8974-4cf9-b7f7-f66d49cd3845,112,high,1,42.592378,map,0.0,True,True,True
baseline_verified_score,529a6584-8974-4cf9-b7f7-f66d49cd3845,113,high,1,48.357561,map,0.0,True,True,True
baseline_verified_score,529a6584-8974-4cf9-b7f7-f66d49cd3845,114,high,1,42.586117,appearance,3.808,True,True,True
baseline_verified_score,529a6584-8974-4cf9-b7f7-f66d49cd3845,115,high,1,48.129163,map,0.0,True,True,True
baseline_verified_score,529a6584-8974-4cf9-b7f7-f66d49cd3845,116,high,1,42.704702,appearance,3.162,True,True,True
baseline_verified_score,529a6584-8974-4cf9-b7f7-f66d49cd3845,117,high,1,43.312821,map,0.0,True,True,True
baseline_verified_score,529a6584-8974-4cf9-b7f7-f66d49cd3845,118,high,1,48.151282,map,0.0,True,True,True
baseline_verified_score,529a6584-8974-4cf9-b7f7-f66d49cd3845,119,high,1,43.943977,appearance,3.536,True,True,True
baseline_verified_score,529a6584-8974-4cf9-b7f7-f66d49cd3845,120,high,1,50.675769,map,0.0,True,True,True
baseline_verified_score,529a6584-8974-4cf9-b7f7-f66d49cd3845,121,high,1,43.520173,appearance,4.301,True,True,True
baseline_verified_score,529a6584-8974-4cf9-b7f7-f66d49cd3845,122,high,1,41.757627,map,0.0,True,True,True
baseline_verified_score,529a6584-8974-4cf9-b7f7-f66d49cd3845,123,high,1,47.64096,map,0.0,True,True,True
baseline_verified_score,529a6584-8974-4cf9-b7f7-f66d49cd3845,124,high,1,41.750581,appearance,3.536,True,True,True
baseline_verified_score,529a6584-8974-4cf9-b7f7-f66d49cd3845,125,high,1,45.847228,map,0.0,True,True,True
baseline_verified_score,529a6584-8974-4cf9-b7f7-f66d49cd3845,126,high,1,40.674513,appearance,3.536,True,True,True
baseline_verified_score,529a6584-8974-4cf9-b7f7-f66d49cd3845,127,high,1,40.032498,map,0.0,True,True,True
baseline_verified_score,529a6584-8974-4cf9-b7f7-f66d49cd3845,128,high,1,45.160389,map,0.0,True,True,True
baseline_verified_score,529a6584-8974-4cf9-b7f7-f66d49cd3845,129,high,1,38.985508,appearance,3.64,True,True,True
baseline_verified_score,529a6584-8974-4cf9-b7f7-f66d49cd3845,130,high,1,44.870915,map,0.0,True,True,True
baseline_verified_score,529a6584-8974-4cf9-b7f7-f66d49cd3845,131,high,1,39.400545,appearance,3.905,True,True,True
baseline_verified_score,529a6584-8974-4cf9-b7f7-f66d49cd3845,132,high,1,38.664265,map,0.0,True,True,True
baseline_verified_score,529a6584-8974-4cf9-b7f7-f66d49cd3845,133,high,1,44.17102,map,0.0,True,True,True
baseline_verified_score,529a6584-8974-4cf9-b7f7-f66d49cd3845,134,high,1,39.195139,appearance,3.905,True,True,True
baseline_verified_score,529a6584-8974-4cf9-b7f7-f66d49cd3845,135,high,1,43.869684,map,8.062,False,True,True
baseline_verified_score,529a6584-8974-4cf9-b7f7-f66d49cd3845,136,high,1,40.617708,map,7.81,True,True,True
baseline_verified_score,529a6584-8974-4cf9-b7f7-f66d49cd3845,137,high,1,33.380645,map,4.301,True,True,True
baseline_verified_score,529a6584-8974-4cf9-b7f7-f66d49cd3845,138,high,1,37.315713,map,0.0,True,True,True
baseline_verified_score,529a6584-8974-4cf9-b7f7-f66d49cd3845,139,high,1,30.549864,appearance,4.272,True,True,True
baseline_verified_score,529a6584-8974-4cf9-b7f7-f66d49cd3845,140,high,1,32.589337,map,7.906,True,True,True
baseline_verified_score,529a6584-8974-4cf9-b7f7-f66d49cd3845,141,high,1,26.481668,appearance,5.148,True,True,True
baseline_verified_score,529a6584-8974-4cf9-b7f7-f66d49cd3845,142,high,1,22.232381,map,8.485,False,True,True
baseline_verified_score,529a6584-8974-4cf9-b7f7-f66d49cd3845,143,high,1,26.112044,map,5.523,True,True,True
baseline_verified_score,529a6584-8974-4cf9-b7f7-f66d49cd3845,144,high,1,22.551122,appearance,5.59,True,True,True
baseline_verified_score,529a6584-8974-4cf9-b7f7-f66d49cd3845,145,high,1,27.697816,map,0.0,True,True,True
baseline_verified_score,529a6584-8974-4cf9-b7f7-f66d49cd3845,146,high,1,28.007867,appearance,4.95,True,True,True
baseline_verified_score,529a6584-8974-4cf9-b7f7-f66d49cd3845,147,high,1,31.075387,map,0.0,True,True,True
baseline_verified_score,529a6584-8974-4cf9-b7f7-f66d49cd3845,148,high,1,39.105474,map,0.0,True,True,True
baseline_verified_score,529a6584-8974-4cf9-b7f7-f66d49cd3845,149,high,1,34.456426,map,0.0,True,True,True
baseline_verified_score,7bd296cd-c800-4be9-ab0f-07e8d68cb648,437,high,1,26.776502,map,0.0,True,True,True
baseline_verified_score,7bd296cd-c800-4be9-ab0f-07e8d68cb648,438,high,1,36.312784,map,0.0,True,True,True
baseline_verified_score,7bd296cd-c800-4be9-ab0f-07e8d68cb648,439,high,1,38.317591,map,0.0,True,True,True
baseline_verified_score,7bd296cd-c800-4be9-ab0f-07e8d68cb648,440,high,1,47.442508,map,0.0,True,True,True
baseline_verified_score,7bd296cd-c800-4be9-ab0f-07e8d68cb648,441,high,1,48.54301,map,0.0,True,True,True
baseline_verified_score,7bd296cd-c800-4be9-ab0f-07e8d68cb648,442,high,1,57.738299,map,0.0,True,True,True
baseline_verified_score,7bd296cd-c800-4be9-ab0f-07e8d68cb648,443,high,1,64.905173,map,0.0,True,True,True
baseline_verified_score,7bd296cd-c800-4be9-ab0f-07e8d68cb648,444,high,1,58.795823,map,3.606,True,True,True
baseline_verified_score,7bd296cd-c800-4be9-ab0f-07e8d68cb648,445,high,1,63.908911,map,0.0,True,True,True
baseline_verified_score,7bd296cd-c800-4be9-ab0f-07e8d68cb648,446,high,1,56.919031,map,0.0,True,True,True
baseline_verified_score,7bd296cd-c800-4be9-ab0f-07e8d68cb648,447,high,1,54.289981,map,0.0,True,True,True
baseline_verified_score,7bd296cd-c800-4be9-ab0f-07e8d68cb648,448,high,1,56.409529,map,4.743,True,True,True
baseline_verified_score,7bd296cd-c800-4be9-ab0f-07e8d68cb648,449,high,1,47.792008,map,4.243,True,True,True
baseline_verified_score,7bd296cd-c800-4be9-ab0f-07e8d68cb648,450,high,1,53.429305,map,0.0,True,True,True
baseline_verified_score,7bd296cd-c800-4be9-ab0f-07e8d68cb648,451,high,1,46.751496,map,0.0,True,True,True
baseline_verified_score,7bd296cd-c800-4be9-ab0f-07e8d68cb648,452,high,1,44.646136,map,0.0,True,True,True
baseline_verified_score,7bd296cd-c800-4be9-ab0f-07e8d68cb648,453,high,1,50.907417,map,0.0,True,True,True
baseline_verified_score,7bd296cd-c800-4be9-ab0f-07e8d68cb648,454,high,1,47.274827,map,0.0,True,True,True
baseline_verified_score,7bd296cd-c800-4be9-ab0f-07e8d68cb648,455,high,1,51.445864,map,0.0,True,True,True
baseline_verified_score,7bd296cd-c800-4be9-ab0f-07e8d68cb648,456,high,1,46.421086,map,3.606,True,True,True
baseline_verified_score,7bd296cd-c800-4be9-ab0f-07e8d68cb648,457,high,1,52.674067,map,0.0,True,True,True
baseline_verified_score,7bd296cd-c800-4be9-ab0f-07e8d68cb648,458,high,1,58.045651,map,0.0,True,True,True
baseline_verified_score,7bd296cd-c800-4be9-ab0f-07e8d68cb648,459,high,1,53.474215,map,0.0,True,True,True
baseline_verified_score,7bd296cd-c800-4be9-ab0f-07e8d68cb648,460,high,1,53.131538,map,0.0,True,True,True
baseline_verified_score,7bd296cd-c800-4be9-ab0f-07e8d68cb648,461,high,1,48.585704,map,4.123,True,True,True
baseline_verified_score,7bd296cd-c800-4be9-ab0f-07e8d68cb648,462,high,1,45.868837,map,0.0,True,True,True
baseline_verified_score,7bd296cd-c800-4be9-ab0f-07e8d68cb648,463,high,1,51.04931,map,0.0,True,True,True
baseline_verified_score,7bd296cd-c800-4be9-ab0f-07e8d68cb648,464,high,1,46.685323,map,3.606,True,True,True
baseline_verified_score,7bd296cd-c800-4be9-ab0f-07e8d68cb648,465,high,1,47.05322,map,0.0,True,True,True
baseline_verified_score,7bd296cd-c800-4be9-ab0f-07e8d68cb648,466,high,1,39.22863,map,4.472,True,True,True
baseline_verified_score,7bd296cd-c800-4be9-ab0f-07e8d68cb648,467,high,1,33.9085,map,4.743,True,True,True
baseline_verified_score,7bd296cd-c800-4be9-ab0f-07e8d68cb648,468,high,1,36.387673,map,5.701,True,True,True
baseline_verified_score,7bd296cd-c800-4be9-ab0f-07e8d68cb648,469,high,1,34.177177,map,5.385,True,True,True
baseline_verified_score,7bd296cd-c800-4be9-ab0f-07e8d68cb648,470,high,1,35.300202,map,4.95,True,True,True
baseline_verified_score,7bd296cd-c800-4be9-ab0f-07e8d68cb648,471,high,1,32.182867,map,0.0,True,True,True
baseline_verified_score,7bd296cd-c800-4be9-ab0f-07e8d68cb648,472,high,1,28.500576,map,0.0,True,True,True
baseline_verified_score,7bd296cd-c800-4be9-ab0f-07e8d68cb648,473,high,1,30.382224,map,0.0,True,True,True
baseline_verified_score,7bd296cd-c800-4be9-ab0f-07e8d68cb648,474,high,1,31.36327,map,0.0,True,True,True
baseline_verified_score,7bd296cd-c800-4be9-ab0f-07e8d68cb648,475,high,1,37.671638,map,4.528,True,True,True
baseline_verified_score,7bd296cd-c800-4be9-ab0f-07e8d68cb648,476,high,1,37.915178,map,0.0,True,True,True
baseline_verified_score,7bd296cd-c800-4be9-ab0f-07e8d68cb648,477,high,1,41.142638,map,4.95,True,True,True
baseline_verified_score,7bd296cd-c800-4be9-ab0f-07e8d68cb648,478,high,1,48.027024,map,5.701,True,True,True
baseline_verified_score,7bd296cd-c800-4be9-ab0f-07e8d68cb648,479,high,1,40.755025,appearance,3.354,True,True,True
baseline_verified_score,7bd296cd-c800-4be9-ab0f-07e8d68cb648,480,high,1,47.22707,map,4.95,True,True,True
baseline_verified_score,7bd296cd-c800-4be9-ab0f-07e8d68cb648,481,high,1,42.13992,map,0.0,True,True,True
baseline_verified_score,7bd296cd-c800-4be9-ab0f-07e8d68cb648,482,high,1,40.988127,map,4.301,True,True,True
baseline_verified_score,7bd296cd-c800-4be9-ab0f-07e8d68cb648,483,high,1,44.385895,map,5.701,True,True,True
baseline_verified_score,7bd296cd-c800-4be9-ab0f-07e8d68cb648,484,high,1,40.17295,appearance,3.354,True,True,True
baseline_verified_score,7bd296cd-c800-4be9-ab0f-07e8d68cb648,485,high,1,44.140792,map,0.0,True,True,True
baseline_verified_score,7bd296cd-c800-4be9-ab0f-07e8d68cb648,486,high,1,42.473425,appearance,5.315,True,True,True
baseline_verified_score,7bd296cd-c800-4be9-ab0f-07e8d68cb648,487,high,1,46.567001,map,0.0,True,True,True
baseline_verified_score,7bd296cd-c800-4be9-ab0f-07e8d68cb648,488,high,1,57.212565,map,0.0,True,True,True
baseline_verified_score,7bd296cd-c800-4be9-ab0f-07e8d68cb648,489,high,1,50.745347,appearance,5.315,True,True,True
baseline_verified_score,7bd296cd-c800-4be9-ab0f-07e8d68cb648,490,high,1,55.12668,map,0.0,True,True,True
baseline_verified_score,7bd296cd-c800-4be9-ab0f-07e8d68cb648,491,high,1,51.329815,appearance,5.025,True,True,True
baseline_verified_score,7bd296cd-c800-4be9-ab0f-07e8d68cb648,492,high,1,50.946495,map,5.701,True,True,True
baseline_verified_score,7bd296cd-c800-4be9-ab0f-07e8d68cb648,493,high,1,57.839107,map,0.0,True,True,True
baseline_verified_score,7bd296cd-c800-4be9-ab0f-07e8d68cb648,494,high,1,46.624994,appearance,4.61,True,True,True
baseline_verified_score,7bd296cd-c800-4be9-ab0f-07e8d68cb648,495,high,1,48.190047,map,0.0,True,True,True
baseline_verified_score,7bd296cd-c800-4be9-ab0f-07e8d68cb648,496,high,1,39.030925,appearance,4.272,True,True,True
baseline_verified_score,7bd296cd-c800-4be9-ab0f-07e8d68cb648,497,high,1,33.654105,map,0.0,True,True,True
baseline_verified_score,7bd296cd-c800-4be9-ab0f-07e8d68cb648,498,high,1,39.479138,map,0.0,True,True,True
baseline_verified_score,7bd296cd-c800-4be9-ab0f-07e8d68cb648,499,high,1,33.667236,appearance,5.385,True,True,True
baseline_verified_score,7bd296cd-c800-4be9-ab0f-07e8d68cb648,500,high,1,38.488844,map,0.0,True,True,True
baseline_verified_score,7bd296cd-c800-4be9-ab0f-07e8d68cb648,501,high,1,35.35625,appearance,4.0,True,True,True
baseline_verified_score,7bd296cd-c800-4be9-ab0f-07e8d68cb648,502,high,1,35.569457,map,0.0,True,True,True
baseline_verified_score,7bd296cd-c800-4be9-ab0f-07e8d68cb648,503,high,1,41.105371,map,0.0,True,True,True
baseline_verified_score,7bd296cd-c800-4be9-ab0f-07e8d68cb648,504,high,1,39.556227,appearance,4.301,True,True,True
baseline_verified_score,7bd296cd-c800-4be9-ab0f-07e8d68cb648,505,high,1,47.99626,map,0.0,True,True,True
baseline_verified_score,7bd296cd-c800-4be9-ab0f-07e8d68cb648,506,high,1,43.632426,appearance,10.548,False,True,True
baseline_verified_score,7bd296cd-c800-4be9-ab0f-07e8d68cb648,507,high,1,42.778154,map,0.0,True,True,True
baseline_verified_score,7bd296cd-c800-4be9-ab0f-07e8d68cb648,508,high,1,45.975513,map,0.0,True,True,True
baseline_verified_score,7bd296cd-c800-4be9-ab0f-07e8d68cb648,509,high,1,40.504111,appearance,3.64,True,True,True
baseline_verified_score,7bd296cd-c800-4be9-ab0f-07e8d68cb648,510,high,1,44.297269,map,0.0,True,True,True
baseline_verified_score,7bd296cd-c800-4be9-ab0f-07e8d68cb648,511,high,1,40.274276,appearance,3.64,True,True,True
baseline_verified_score,7bd296cd-c800-4be9-ab0f-07e8d68cb648,512,high,1,41.914797,map,0.0,True,True,True
baseline_verified_score,7bd296cd-c800-4be9-ab0f-07e8d68cb648,513,high,1,47.819251,map,0.0,True,True,True
baseline_verified_score,7bd296cd-c800-4be9-ab0f-07e8d68cb648,514,high,1,41.925789,appearance,3.808,True,True,True
baseline_verified_score,7bd296cd-c800-4be9-ab0f-07e8d68cb648,515,high,1,47.37436,map,0.0,True,True,True
baseline_verified_score,7bd296cd-c800-4be9-ab0f-07e8d68cb648,516,high,1,42.108715,appearance,3.162,True,True,True
baseline_verified_score,7bd296cd-c800-4be9-ab0f-07e8d68cb648,517,high,1,44.217349,map,0.0,True,True,True
baseline_verified_score,7bd296cd-c800-4be9-ab0f-07e8d68cb648,518,high,1,50.013704,map,0.0,True,True,True
baseline_verified_score,7bd296cd-c800-4be9-ab0f-07e8d68cb648,519,high,1,46.71955,appearance,3.536,True,True,True
baseline_verified_score,7bd296cd-c800-4be9-ab0f-07e8d68cb648,520,high,1,52.655149,map,0.0,True,True,True
baseline_verified_score,7bd296cd-c800-4be9-ab0f-07e8d68cb648,521,high,1,45.592575,appearance,4.301,True,True,True
baseline_verified_score,7bd296cd-c800-4be9-ab0f-07e8d68cb648,522,high,1,43.120437,map,0.0,True,True,True
baseline_verified_score,7bd296cd-c800-4be9-ab0f-07e8d68cb648,523,high,1,50.499092,map,0.0,True,True,True
baseline_verified_score,7bd296cd-c800-4be9-ab0f-07e8d68cb648,524,high,1,44.744019,appearance,3.536,True,True,True
baseline_verified_score,7bd296cd-c800-4be9-ab0f-07e8d68cb648,525,high,1,48.625261,map,0.0,True,True,True
baseline_verified_score,7bd296cd-c800-4be9-ab0f-07e8d68cb648,526,high,1,42.698314,appearance,3.536,True,True,True
baseline_verified_score,7bd296cd-c800-4be9-ab0f-07e8d68cb648,527,high,1,41.634249,map,0.0,True,True,True
baseline_verified_score,7bd296cd-c800-4be9-ab0f-07e8d68cb648,528,high,1,45.807161,map,0.0,True,True,True
baseline_verified_score,7bd296cd-c800-4be9-ab0f-07e8d68cb648,529,high,1,39.950943,appearance,3.354,True,True,True
baseline_verified_score,7bd296cd-c800-4be9-ab0f-07e8d68cb648,530,high,1,44.12602,map,0.0,True,True,True
baseline_verified_score,7bd296cd-c800-4be9-ab0f-07e8d68cb648,531,high,1,38.273146,appearance,4.61,True,True,True
baseline_verified_score,7bd296cd-c800-4be9-ab0f-07e8d68cb648,532,high,1,36.427971,map,8.602,False,True,True
baseline_verified_score,7bd296cd-c800-4be9-ab0f-07e8d68cb648,533,high,1,41.962689,map,0.0,True,True,True
baseline_verified_score,7bd296cd-c800-4be9-ab0f-07e8d68cb648,534,high,1,37.48627,appearance,3.905,True,True,True
baseline_verified_score,7bd296cd-c800-4be9-ab0f-07e8d68cb648,535,high,1,42.046799,map,8.062,False,True,True
baseline_verified_score,7bd296cd-c800-4be9-ab0f-07e8d68cb648,536,high,1,36.601137,appearance,6.265,True,True,True
baseline_verified_score,7bd296cd-c800-4be9-ab0f-07e8d68cb648,537,high,1,35.079797,map,0.0,True,True,True
baseline_verified_score,7bd296cd-c800-4be9-ab0f-07e8d68cb648,538,high,1,36.850736,map,3.808,True,True,True
baseline_verified_score,7bd296cd-c800-4be9-ab0f-07e8d68cb648,539,high,1,32.277849,appearance,4.717,True,True,True
baseline_verified_score,7bd296cd-c800-4be9-ab0f-07e8d68cb648,540,high,1,36.224796,map,7.906,True,True,True
baseline_verified_score,7bd296cd-c800-4be9-ab0f-07e8d68cb648,541,high,1,28.722437,appearance,6.801,True,True,True
baseline_verified_score,7bd296cd-c800-4be9-ab0f-07e8d68cb648,542,high,1,22.625977,motion,10.512,False,True,True
baseline_verified_score,7bd296cd-c800-4be9-ab0f-07e8d68cb648,543,high,1,26.25719,map,68.447,False,False,True
baseline_verified_score,7bd296cd-c800-4be9-ab0f-07e8d68cb648,544,high,1,20.188601,appearance,4.61,True,True,True
baseline_verified_score,7bd296cd-c800-4be9-ab0f-07e8d68cb648,545,high,1,25.637608,map,0.0,True,True,True
baseline_verified_score,7bd296cd-c800-4be9-ab0f-07e8d68cb648,546,high,1,21.895228,appearance,4.301,True,True,True
baseline_verified_score,7bd296cd-c800-4be9-ab0f-07e8d68cb648,547,high,1,24.63717,map,0.0,True,True,True
baseline_verified_score,7bd296cd-c800-4be9-ab0f-07e8d68cb648,548,high,1,25.890339,map,6.964,True,True,True
baseline_verified_score,7bd296cd-c800-4be9-ab0f-07e8d68cb648,549,high,1,22.186862,appearance,4.528,True,True,True
baseline_verified_score,7bd296cd-c800-4be9-ab0f-07e8d68cb648,550,high,1,26.635671,map,6.364,True,True,True
baseline_verified_score,7bd296cd-c800-4be9-ab0f-07e8d68cb648,551,high,1,26.103464,appearance,5.59,True,True,True
baseline_verified_score,7bd296cd-c800-4be9-ab0f-07e8d68cb648,552,high,1,28.679485,map,0.0,True,True,True
baseline_verified_score,7bd296cd-c800-4be9-ab0f-07e8d68cb648,553,high,1,33.293604,map,0.0,True,True,True
baseline_verified_score,7bd296cd-c800-4be9-ab0f-07e8d68cb648,554,high,1,29.582112,appearance,0.0,True,True,True
baseline_verified_score,7bd296cd-c800-4be9-ab0f-07e8d68cb648,555,high,1,33.122275,map,0.0,True,True,True
baseline_verified_score,7bd296cd-c800-4be9-ab0f-07e8d68cb648,556,high,1,27.244579,appearance,4.472,True,True,True
baseline_verified_score,7bd296cd-c800-4be9-ab0f-07e8d68cb648,557,high,1,30.409956,map,0.0,True,True,True
baseline_verified_score,7bd296cd-c800-4be9-ab0f-07e8d68cb648,558,high,1,34.757771,map,0.0,True,True,True
baseline_verified_score,7bd296cd-c800-4be9-ab0f-07e8d68cb648,559,high,1,28.344353,map,0.0,True,True,True
baseline_verified_score,7bd296cd-c800-4be9-ab0f-07e8d68cb648,560,high,1,32.147772,map,0.0,True,True,True
baseline_verified_score,7bd296cd-c800-4be9-ab0f-07e8d68cb648,561,high,1,25.217616,map,0.0,True,True,True
baseline_verified_score,7bd296cd-c800-4be9-ab0f-07e8d68cb648,562,high,1,26.445196,map,0.0,True,True,True
baseline_verified_score,7bd296cd-c800-4be9-ab0f-07e8d68cb648,563,high,1,30.14511,map,0.0,True,True,True
baseline_verified_score,7bd296cd-c800-4be9-ab0f-07e8d68cb648,564,high,1,25.303176,map,0.0,True,True,True
baseline_verified_score,7bd296cd-c800-4be9-ab0f-07e8d68cb648,565,high,1,27.949156,map,0.0,True,True,True
baseline_verified_score,7bd296cd-c800-4be9-ab0f-07e8d68cb648,566,high,1,24.712369,map,6.083,True,True,True
baseline_verified_score,7bd296cd-c800-4be9-ab0f-07e8d68cb648,568,high,1,30.002081,map,0.0,True,True,True
baseline_verified_score,7bd296cd-c800-4be9-ab0f-07e8d68cb648,569,high,1,24.647331,map,0.0,True,True,True
baseline_verified_score,7bd296cd-c800-4be9-ab0f-07e8d68cb648,570,high,1,30.334331,map,7.382,True,True,True
baseline_verified_score,7bd296cd-c800-4be9-ab0f-07e8d68cb648,571,high,1,25.055993,map,0.0,True,True,True
baseline_verified_score,7bd296cd-c800-4be9-ab0f-07e8d68cb648,572,high,1,21.064556,map,10.198,False,True,True
baseline_verified_score,7bd296cd-c800-4be9-ab0f-07e8d68cb648,573,high,1,23.563134,map,6.671,True,True,True
baseline_verified_score,7bd296cd-c800-4be9-ab0f-07e8d68cb648,574,high,1,26.539468,map,0.0,True,True,True
baseline_verified_score,7bd296cd-c800-4be9-ab0f-07e8d68cb648,575,high,1,29.390579,map,7.382,True,True,True
baseline_verified_score,7bd296cd-c800-4be9-ab0f-07e8d68cb648,576,high,1,27.407774,map,0.0,True,True,True
baseline_verified_score,7bd296cd-c800-4be9-ab0f-07e8d68cb648,577,high,1,23.063123,map,0.0,True,True,True
baseline_verified_score,7bd296cd-c800-4be9-ab0f-07e8d68cb648,578,high,1,24.620743,map,8.515,False,True,True
baseline_verified_score,7bd296cd-c800-4be9-ab0f-07e8d68cb648,579,high,1,20.456555,map,0.0,True,True,True
baseline_verified_score,7bd296cd-c800-4be9-ab0f-07e8d68cb648,580,high,1,24.226138,appearance,8.062,False,True,True
baseline_verified_score,7bd296cd-c800-4be9-ab0f-07e8d68cb648,581,high,1,21.801824,appearance,10.817,False,True,True
baseline_verified_score,7bd296cd-c800-4be9-ab0f-07e8d68cb648,582,high,1,27.454913,map,9.0,False,True,True
baseline_verified_score,7bd296cd-c800-4be9-ab0f-07e8d68cb648,583,high,1,31.765783,map,0.0,True,True,True
baseline_verified_score,7bd296cd-c800-4be9-ab0f-07e8d68cb648,584,high,1,24.438771,map,0.0,True,True,True
baseline_verified_score,7bd296cd-c800-4be9-ab0f-07e8d68cb648,585,high,1,19.967868,map,33.526,False,False,True
baseline_verified_score,7bd296cd-c800-4be9-ab0f-07e8d68cb648,586,high,1,17.236102,map,28.284,False,False,True
baseline_verified_score,7bd296cd-c800-4be9-ab0f-07e8d68cb648,587,high,1,17.2543,map,0.0,True,True,True
baseline_verified_score,7bd296cd-c800-4be9-ab0f-07e8d68cb648,588,high,1,21.281605,map,0.0,True,True,True
baseline_verified_score,7bd296cd-c800-4be9-ab0f-07e8d68cb648,589,medium_high,1,12.134263,map,4.123,True,True,True
baseline_verified_score,7bd296cd-c800-4be9-ab0f-07e8d68cb648,590,medium_high,1,23.033179,map,3.0,True,True,True
baseline_verified_score,e2711620-6d4e-4f9c-8922-b1b2d1fb74f2,1,high,1,-8.639989,large_dark,26.127,False,False,True
baseline_verified_score,e2711620-6d4e-4f9c-8922-b1b2d1fb74f2,2,high,1,10.109934,large_dark,26.012,False,False,True
baseline_verified_score,e2711620-6d4e-4f9c-8922-b1b2d1fb74f2,3,high,1,14.205885,large_dark,25.681,False,False,True
baseline_verified_score,e2711620-6d4e-4f9c-8922-b1b2d1fb74f2,4,high,1,18.330706,large_dark,25.357,False,False,True
baseline_verified_score,e2711620-6d4e-4f9c-8922-b1b2d1fb74f2,5,high,1,22.486011,large_dark,25.034,False,False,True
baseline_verified_score,e2711620-6d4e-4f9c-8922-b1b2d1fb74f2,6,high,1,26.605637,large_dark,24.718,False,False,True
baseline_verified_score,e2711620-6d4e-4f9c-8922-b1b2d1fb74f2,7,high,1,30.725462,large_dark,24.736,False,False,True
baseline_verified_score,e2711620-6d4e-4f9c-8922-b1b2d1fb74f2,8,high,1,34.67915,large_dark,24.817,False,False,True
baseline_verified_score,e2711620-6d4e-4f9c-8922-b1b2d1fb74f2,9,high,1,38.720692,large_dark,24.543,False,False,True
baseline_verified_score,e2711620-6d4e-4f9c-8922-b1b2d1fb74f2,10,high,1,41.341169,hybrid_coast,17.002,False,False,True
baseline_verified_score,e2711620-6d4e-4f9c-8922-b1b2d1fb74f2,11,high,1,40.034355,large_dark,24.004,False,False,True
baseline_verified_score,e2711620-6d4e-4f9c-8922-b1b2d1fb74f2,12,high,1,39.974697,large_dark,23.747,False,False,True
baseline_verified_score,e2711620-6d4e-4f9c-8922-b1b2d1fb74f2,13,high,1,39.322971,large_dark,24.486,False,False,True
baseline_verified_score,e2711620-6d4e-4f9c-8922-b1b2d1fb74f2,14,high,1,39.100434,large_dark,24.271,False,False,True
baseline_verified_score,e2711620-6d4e-4f9c-8922-b1b2d1fb74f2,15,high,1,38.989619,large_dark,24.063,False,False,True
baseline_verified_score,e2711620-6d4e-4f9c-8922-b1b2d1fb74f2,16,high,1,38.875896,large_dark,23.856,False,False,True
baseline_verified_score,e2711620-6d4e-4f9c-8922-b1b2d1fb74f2,17,high,1,38.699062,large_dark,24.26,False,False,True
baseline_verified_score,e2711620-6d4e-4f9c-8922-b1b2d1fb74f2,18,high,1,38.362538,large_dark,24.719,False,False,True
baseline_verified_score,e2711620-6d4e-4f9c-8922-b1b2d1fb74f2,19,high,1,31.374608,large_dark,2.72,True,True,True
baseline_verified_score,e2711620-6d4e-4f9c-8922-b1b2d1fb74f2,20,high,1,37.504889,large_dark,24.418,False,False,True
baseline_verified_score,e2711620-6d4e-4f9c-8922-b1b2d1fb74f2,21,high,1,33.941354,large_dark,2.398,True,True,True
baseline_verified_score,e2711620-6d4e-4f9c-8922-b1b2d1fb74f2,22,high,1,34.723844,large_dark,2.394,True,True,True
baseline_verified_score,e2711620-6d4e-4f9c-8922-b1b2d1fb74f2,23,high,1,37.732599,large_dark,3.03,True,True,True
baseline_verified_score,e2711620-6d4e-4f9c-8922-b1b2d1fb74f2,24,high,1,39.174485,large_dark,2.843,True,True,True
baseline_verified_score,e2711620-6d4e-4f9c-8922-b1b2d1fb74f2,25,high,1,42.497307,large_dark,2.078,True,True,True
baseline_verified_score,e2711620-6d4e-4f9c-8922-b1b2d1fb74f2,26,high,1,45.092234,large_dark,1.947,True,True,True
baseline_verified_score,e2711620-6d4e-4f9c-8922-b1b2d1fb74f2,27,high,1,45.469104,large_dark,1.973,True,True,True
baseline_verified_score,e2711620-6d4e-4f9c-8922-b1b2d1fb74f2,28,high,1,45.650442,large_dark,1.78,True,True,True
baseline_verified_score,e2711620-6d4e-4f9c-8922-b1b2d1fb74f2,29,high,1,45.250767,large_dark,3.549,True,True,True
baseline_verified_score,e2711620-6d4e-4f9c-8922-b1b2d1fb74f2,30,high,1,49.666557,large_dark,4.039,True,True,True
baseline_verified_score,e2711620-6d4e-4f9c-8922-b1b2d1fb74f2,31,high,1,49.765849,large_dark,4.213,True,True,True
baseline_verified_score,e2711620-6d4e-4f9c-8922-b1b2d1fb74f2,32,high,1,49.36928,large_dark,3.453,True,True,True
baseline_verified_score,e2711620-6d4e-4f9c-8922-b1b2d1fb74f2,33,high,1,49.168147,large_dark,3.894,True,True,True
baseline_verified_score,e2711620-6d4e-4f9c-8922-b1b2d1fb74f2,34,high,1,48.844858,large_dark,4.11,True,True,True
baseline_verified_score,e2711620-6d4e-4f9c-8922-b1b2d1fb74f2,35,high,1,48.847953,large_dark,3.604,True,True,True
baseline_verified_score,e2711620-6d4e-4f9c-8922-b1b2d1fb74f2,36,high,1,48.915023,large_dark,3.785,True,True,True
baseline_verified_score,e2711620-6d4e-4f9c-8922-b1b2d1fb74f2,37,high,1,49.501496,large_dark,4.045,True,True,True
baseline_verified_score,e2711620-6d4e-4f9c-8922-b1b2d1fb74f2,38,high,1,51.043639,large_dark,4.351,True,True,True
baseline_verified_score,e2711620-6d4e-4f9c-8922-b1b2d1fb74f2,39,high,1,51.85714,large_dark,4.702,True,True,True
baseline_verified_score,e2711620-6d4e-4f9c-8922-b1b2d1fb74f2,40,high,1,52.478617,large_dark,5.0,True,True,True
baseline_verified_score,e2711620-6d4e-4f9c-8922-b1b2d1fb74f2,41,high,1,53.198577,large_dark,5.162,True,True,True
baseline_verified_score,e2711620-6d4e-4f9c-8922-b1b2d1fb74f2,42,high,1,54.036601,large_dark,5.217,True,True,True
baseline_verified_score,e2711620-6d4e-4f9c-8922-b1b2d1fb74f2,43,high,1,54.764088,large_dark,4.681,True,True,True
baseline_verified_score,e2711620-6d4e-4f9c-8922-b1b2d1fb74f2,44,high,1,55.209177,large_dark,5.28,True,True,True
baseline_verified_score,e2711620-6d4e-4f9c-8922-b1b2d1fb74f2,45,high,1,55.867706,large_dark,5.349,True,True,True
baseline_verified_score,e2711620-6d4e-4f9c-8922-b1b2d1fb74f2,46,high,1,56.169072,large_dark,6.243,True,True,True
baseline_verified_score,e2711620-6d4e-4f9c-8922-b1b2d1fb74f2,47,high,1,56.213551,large_dark,6.764,True,True,True
baseline_verified_score,e2711620-6d4e-4f9c-8922-b1b2d1fb74f2,48,high,1,55.731601,large_dark,7.247,True,True,True
baseline_verified_score,e2711620-6d4e-4f9c-8922-b1b2d1fb74f2,49,high,1,56.069537,large_dark,8.212,False,True,False
baseline_verified_score,e2711620-6d4e-4f9c-8922-b1b2d1fb74f2,50,high,1,56.005024,large_dark,8.631,False,True,True
baseline_verified_score,e2711620-6d4e-4f9c-8922-b1b2d1fb74f2,51,high,1,55.98875,large_dark,9.671,False,True,True
baseline_verified_score,e2711620-6d4e-4f9c-8922-b1b2d1fb74f2,52,high,1,56.229044,large_dark,9.732,False,True,True
baseline_verified_score,e2711620-6d4e-4f9c-8922-b1b2d1fb74f2,53,high,1,56.751464,large_dark,10.675,False,True,True
baseline_verified_score,e2711620-6d4e-4f9c-8922-b1b2d1fb74f2,54,high,1,57.182288,large_dark,11.721,False,True,True
baseline_verified_score,e2711620-6d4e-4f9c-8922-b1b2d1fb74f2,55,high,1,57.801947,large_dark,12.758,False,True,True
baseline_verified_score,e2711620-6d4e-4f9c-8922-b1b2d1fb74f2,56,high,1,58.275888,large_dark,13.801,False,True,True
baseline_verified_score,e2711620-6d4e-4f9c-8922-b1b2d1fb74f2,57,high,1,59.864021,large_dark,14.846,False,True,True
baseline_verified_score,e2711620-6d4e-4f9c-8922-b1b2d1fb74f2,58,high,1,60.968113,large_dark,14.9,False,True,True
baseline_verified_score,e2711620-6d4e-4f9c-8922-b1b2d1fb74f2,59,high,1,62.402017,large_dark,15.955,False,True,True
baseline_verified_score,e2711620-6d4e-4f9c-8922-b1b2d1fb74f2,60,high,1,63.695917,large_dark,16.031,False,False,True
baseline_verified_score,e2711620-6d4e-4f9c-8922-b1b2d1fb74f2,61,high,1,65.120864,large_dark,15.44,False,True,True
baseline_verified_score,e2711620-6d4e-4f9c-8922-b1b2d1fb74f2,62,high,1,66.611712,large_dark,14.948,False,True,True
baseline_verified_score,e2711620-6d4e-4f9c-8922-b1b2d1fb74f2,63,high,1,67.837995,large_dark,14.791,False,True,True
baseline_verified_score,e2711620-6d4e-4f9c-8922-b1b2d1fb74f2,64,high,1,68.860519,large_dark,14.234,False,True,True
baseline_verified_score,e2711620-6d4e-4f9c-8922-b1b2d1fb74f2,65,high,1,69.611397,large_dark,13.197,False,True,True
baseline_verified_score,e2711620-6d4e-4f9c-8922-b1b2d1fb74f2,66,high,1,70.68369,large_dark,12.612,False,True,True
baseline_verified_score,e2711620-6d4e-4f9c-8922-b1b2d1fb74f2,67,high,1,71.688555,large_dark,11.047,False,True,True
baseline_verified_score,e2711620-6d4e-4f9c-8922-b1b2d1fb74f2,68,high,1,72.569181,large_dark,9.508,False,True,True
baseline_verified_score,e2711620-6d4e-4f9c-8922-b1b2d1fb74f2,69,high,1,73.544699,large_dark,8.948,False,True,True
baseline_verified_score,e2711620-6d4e-4f9c-8922-b1b2d1fb74f2,70,high,1,74.54032,large_dark,8.732,False,True,True
baseline_verified_score,e2711620-6d4e-4f9c-8922-b1b2d1fb74f2,71,high,1,75.072352,large_dark,8.201,False,True,True
baseline_verified_score,e2711620-6d4e-4f9c-8922-b1b2d1fb74f2,72,high,1,76.008098,large_dark,7.694,True,True,True
baseline_verified_score,e2711620-6d4e-4f9c-8922-b1b2d1fb74f2,73,high,1,77.169217,large_dark,7.757,True,True,True
baseline_verified_score,e2711620-6d4e-4f9c-8922-b1b2d1fb74f2,74,high,1,78.330321,large_dark,7.311,True,True,True
baseline_verified_score,e2711620-6d4e-4f9c-8922-b1b2d1fb74f2,75,high,1,78.764755,large_dark,6.896,True,True,True
baseline_verified_score,e2711620-6d4e-4f9c-8922-b1b2d1fb74f2,76,high,1,79.151202,large_dark,6.512,True,True,True
baseline_verified_score,e2711620-6d4e-4f9c-8922-b1b2d1fb74f2,77,high,1,79.692472,large_dark,6.161,True,True,True
baseline_verified_score,e2711620-6d4e-4f9c-8922-b1b2d1fb74f2,78,high,1,80.008299,large_dark,5.852,True,True,True
baseline_verified_score,e2711620-6d4e-4f9c-8922-b1b2d1fb74f2,79,high,1,79.998048,large_dark,5.593,True,True,True
baseline_verified_score,e2711620-6d4e-4f9c-8922-b1b2d1fb74f2,80,high,1,80.096624,large_dark,5.099,True,True,True
baseline_verified_score,e2711620-6d4e-4f9c-8922-b1b2d1fb74f2,81,high,1,80.031955,large_dark,5.113,True,True,True
baseline_verified_score,e2711620-6d4e-4f9c-8922-b1b2d1fb74f2,82,high,1,80.006763,large_dark,5.13,True,True,True
baseline_verified_score,e2711620-6d4e-4f9c-8922-b1b2d1fb74f2,83,high,1,80.288296,large_dark,5.145,True,True,True
baseline_verified_score,e2711620-6d4e-4f9c-8922-b1b2d1fb74f2,84,high,1,80.401982,large_dark,5.162,True,True,True
baseline_verified_score,e2711620-6d4e-4f9c-8922-b1b2d1fb74f2,85,high,1,80.666247,large_dark,5.179,True,True,True
baseline_verified_score,e2711620-6d4e-4f9c-8922-b1b2d1fb74f2,86,high,1,80.744938,large_dark,5.197,True,True,True
baseline_verified_score,e2711620-6d4e-4f9c-8922-b1b2d1fb74f2,87,high,1,81.002181,large_dark,4.226,True,True,True
baseline_verified_score,e2711620-6d4e-4f9c-8922-b1b2d1fb74f2,88,high,1,81.056094,large_dark,4.219,True,True,True
baseline_verified_score,e2711620-6d4e-4f9c-8922-b1b2d1fb74f2,89,high,1,81.139027,large_dark,4.248,True,True,True
baseline_verified_score,e2711620-6d4e-4f9c-8922-b1b2d1fb74f2,90,high,1,81.153732,large_dark,4.279,True,True,True
baseline_verified_score,e2711620-6d4e-4f9c-8922-b1b2d1fb74f2,91,high,1,80.958659,large_dark,4.311,True,True,True
baseline_verified_score,e2711620-6d4e-4f9c-8922-b1b2d1fb74f2,92,high,1,80.923935,large_dark,3.324,True,True,True
baseline_verified_score,e2711620-6d4e-4f9c-8922-b1b2d1fb74f2,93,high,1,80.818082,large_dark,3.343,True,True,True
baseline_verified_score,e2711620-6d4e-4f9c-8922-b1b2d1fb74f2,94,high,1,80.523233,large_dark,3.363,True,True,True
baseline_verified_score,e2711620-6d4e-4f9c-8922-b1b2d1fb74f2,95,high,1,80.358255,large_dark,3.385,True,True,True
baseline_verified_score,e2711620-6d4e-4f9c-8922-b1b2d1fb74f2,96,high,1,79.998305,large_dark,3.406,True,True,True
baseline_verified_score,e2711620-6d4e-4f9c-8922-b1b2d1fb74f2,97,high,1,79.821128,large_dark,3.429,True,True,True
baseline_verified_score,e2711620-6d4e-4f9c-8922-b1b2d1fb74f2,98,high,1,79.377057,large_dark,4.451,True,True,True
baseline_verified_score,e2711620-6d4e-4f9c-8922-b1b2d1fb74f2,99,high,1,79.139417,large_dark,4.475,True,True,True
baseline_verified_score,e2711620-6d4e-4f9c-8922-b1b2d1fb74f2,100,high,1,78.365344,large_dark,3.64,True,True,True
baseline_verified_score,e2711620-6d4e-4f9c-8922-b1b2d1fb74f2,101,high,1,77.992009,large_dark,3.59,True,True,True
baseline_verified_score,e2711620-6d4e-4f9c-8922-b1b2d1fb74f2,102,high,1,77.971453,large_dark,3.553,True,True,True
baseline_verified_score,e2711620-6d4e-4f9c-8922-b1b2d1fb74f2,103,high,1,77.974174,large_dark,2.543,True,True,True
baseline_verified_score,e2711620-6d4e-4f9c-8922-b1b2d1fb74f2,104,high,1,77.610583,large_dark,2.5,True,True,True
baseline_verified_score,e2711620-6d4e-4f9c-8922-b1b2d1fb74f2,105,high,1,77.454891,large_dark,3.436,True,True,True
baseline_verified_score,e2711620-6d4e-4f9c-8922-b1b2d1fb74f2,106,high,1,77.093012,large_dark,3.395,True,True,True
baseline_verified_score,e2711620-6d4e-4f9c-8922-b1b2d1fb74f2,107,high,1,77.148911,large_dark,3.363,True,True,True
baseline_verified_score,e2711620-6d4e-4f9c-8922-b1b2d1fb74f2,108,high,1,76.769879,large_dark,3.324,True,True,True
baseline_verified_score,e2711620-6d4e-4f9c-8922-b1b2d1fb74f2,109,high,1,76.892297,large_dark,3.297,True,True,True
baseline_verified_score,e2711620-6d4e-4f9c-8922-b1b2d1fb74f2,110,high,1,76.354103,large_dark,2.574,True,True,True
baseline_verified_score,e2711620-6d4e-4f9c-8922-b1b2d1fb74f2,111,high,1,75.870464,large_dark,2.509,True,True,True
baseline_verified_score,e2711620-6d4e-4f9c-8922-b1b2d1fb74f2,112,high,1,73.327753,large_dark,2.419,True,True,True
baseline_verified_score,e2711620-6d4e-4f9c-8922-b1b2d1fb74f2,113,high,1,72.312055,large_dark,2.343,True,True,True
baseline_verified_score,e2711620-6d4e-4f9c-8922-b1b2d1fb74f2,114,high,1,71.57209,large_dark,2.264,True,True,True
baseline_verified_score,e2711620-6d4e-4f9c-8922-b1b2d1fb74f2,115,high,1,71.331157,large_dark,2.188,True,True,True
baseline_verified_score,e2711620-6d4e-4f9c-8922-b1b2d1fb74f2,116,high,1,70.783788,large_dark,2.11,True,True,True
baseline_verified_score,e2711620-6d4e-4f9c-8922-b1b2d1fb74f2,117,high,1,69.658341,large_dark,2.031,True,True,True
baseline_verified_score,e2711620-6d4e-4f9c-8922-b1b2d1fb74f2,118,high,1,66.098677,large_dark,2.85,True,True,True
baseline_verified_score,e2711620-6d4e-4f9c-8922-b1b2d1fb74f2,119,high,1,65.35425,large_dark,2.778,True,True,True
baseline_verified_score,e2711620-6d4e-4f9c-8922-b1b2d1fb74f2,120,high,1,62.745477,large_dark,2.693,True,True,True
baseline_verified_score,e2711620-6d4e-4f9c-8922-b1b2d1fb74f2,121,high,1,62.410201,large_dark,2.654,True,True,True
baseline_verified_score,e2711620-6d4e-4f9c-8922-b1b2d1fb74f2,122,high,1,58.395358,large_dark,3.578,True,True,True
baseline_verified_score,e2711620-6d4e-4f9c-8922-b1b2d1fb74f2,123,high,1,51.45705,hybrid_coast,4.744,True,True,True
baseline_verified_score,e2711620-6d4e-4f9c-8922-b1b2d1fb74f2,124,high,1,46.101722,hybrid_coast,6.555,True,True,True
baseline_verified_score,e2711620-6d4e-4f9c-8922-b1b2d1fb74f2,125,high,1,42.090511,hybrid_coast,9.342,False,True,True
baseline_verified_score,e2711620-6d4e-4f9c-8922-b1b2d1fb74f2,126,high,1,38.222421,hybrid_coast,12.134,False,True,True
baseline_verified_score,e2711620-6d4e-4f9c-8922-b1b2d1fb74f2,127,high,1,32.374674,hybrid_coast,17.568,False,False,True
baseline_verified_score,e2711620-6d4e-4f9c-8922-b1b2d1fb74f2,128,high,1,34.676455,large_dark,52.524,False,False,True
baseline_verified_score,e2711620-6d4e-4f9c-8922-b1b2d1fb74f2,129,high,1,21.728293,hybrid_coast,32.984,False,False,True
baseline_verified_score,e2711620-6d4e-4f9c-8922-b1b2d1fb74f2,130,high,1,36.199944,large_dark,54.158,False,False,True
baseline_verified_score,e2711620-6d4e-4f9c-8922-b1b2d1fb74f2,131,high,1,26.264661,large_dark,77.786,False,False,True
baseline_verified_score,e2711620-6d4e-4f9c-8922-b1b2d1fb74f2,132,high,1,38.871645,hybrid_coast,52.541,False,False,True
baseline_verified_score,e2711620-6d4e-4f9c-8922-b1b2d1fb74f2,133,high,1,37.193675,hybrid_coast,59.464,False,False,True
baseline_verified_score,e2711620-6d4e-4f9c-8922-b1b2d1fb74f2,134,high,1,29.179917,hybrid_coast,51.054,False,False,True
baseline_verified_score,e2711620-6d4e-4f9c-8922-b1b2d1fb74f2,135,high,1,39.076196,hybrid_coast,58.96,False,False,True
baseline_verified_score,e2711620-6d4e-4f9c-8922-b1b2d1fb74f2,136,high,1,33.487419,hybrid_coast,67.093,False,False,True
baseline_verified_score,e2711620-6d4e-4f9c-8922-b1b2d1fb74f2,137,high,1,32.308163,hybrid_coast,67.802,False,False,True
baseline_verified_score,e2711620-6d4e-4f9c-8922-b1b2d1fb74f2,138,high,1,31.986255,hybrid_coast,66.491,False,False,True
baseline_verified_score,e2711620-6d4e-4f9c-8922-b1b2d1fb74f2,139,high,1,20.480764,hybrid_coast,83.663,False,False,True
baseline_verified_score,e2711620-6d4e-4f9c-8922-b1b2d1fb74f2,140,high,1,23.679497,large_dark,72.237,False,False,True
baseline_verified_score,e2711620-6d4e-4f9c-8922-b1b2d1fb74f2,141,high,1,18.542662,hybrid_coast,90.233,False,False,True
baseline_verified_score,e2711620-6d4e-4f9c-8922-b1b2d1fb74f2,142,high,1,18.654773,map,41.606,False,False,True
baseline_verified_score,e2711620-6d4e-4f9c-8922-b1b2d1fb74f2,143,high,1,28.094144,large_dark,33.063,False,False,True
baseline_verified_score,e2711620-6d4e-4f9c-8922-b1b2d1fb74f2,144,high,1,21.043654,large_dark,9.405,False,True,True
baseline_verified_score,e2711620-6d4e-4f9c-8922-b1b2d1fb74f2,145,high,1,27.275175,large_dark,32.825,False,False,True
baseline_verified_score,e2711620-6d4e-4f9c-8922-b1b2d1fb74f2,146,high,1,45.963371,large_dark,10.259,False,True,True
baseline_verified_score,e2711620-6d4e-4f9c-8922-b1b2d1fb74f2,147,high,1,52.817424,large_dark,9.029,False,True,True
baseline_verified_score,e2711620-6d4e-4f9c-8922-b1b2d1fb74f2,148,high,1,59.478453,large_dark,9.047,False,True,True
baseline_verified_score,e2711620-6d4e-4f9c-8922-b1b2d1fb74f2,149,high,1,63.526646,large_dark,8.896,False,True,True
baseline_verified_score,e2711620-6d4e-4f9c-8922-b1b2d1fb74f2,150,high,1,69.139349,large_dark,8.732,False,True,True
baseline_verified_score,e2711620-6d4e-4f9c-8922-b1b2d1fb74f2,151,high,1,79.206158,large_dark,8.569,False,True,True
baseline_verified_score,e2711620-6d4e-4f9c-8922-b1b2d1fb74f2,152,high,1,79.628519,large_dark,8.417,False,True,True
baseline_verified_score,e2711620-6d4e-4f9c-8922-b1b2d1fb74f2,153,high,1,78.172467,large_dark,9.118,False,True,True
baseline_verified_score,e2711620-6d4e-4f9c-8922-b1b2d1fb74f2,154,high,1,79.622675,large_dark,8.981,False,True,True
baseline_verified_score,e2711620-6d4e-4f9c-8922-b1b2d1fb74f2,155,high,1,80.063141,large_dark,8.758,False,True,True
baseline_verified_score,e2711620-6d4e-4f9c-8922-b1b2d1fb74f2,156,high,1,81.226942,large_dark,8.605,False,True,True
baseline_verified_score,e2711620-6d4e-4f9c-8922-b1b2d1fb74f2,157,high,1,75.519746,hybrid_coast,8.462,False,True,True
baseline_verified_score,e2711620-6d4e-4f9c-8922-b1b2d1fb74f2,158,high,1,76.063093,large_dark,7.311,True,True,True
baseline_verified_score,e2711620-6d4e-4f9c-8922-b1b2d1fb74f2,159,high,1,76.446435,large_dark,7.169,True,True,True
baseline_verified_score,e2711620-6d4e-4f9c-8922-b1b2d1fb74f2,160,high,1,75.547318,large_dark,6.946,True,True,True
baseline_verified_score,e2711620-6d4e-4f9c-8922-b1b2d1fb74f2,161,high,1,75.381602,large_dark,6.961,True,True,True
baseline_verified_score,e2711620-6d4e-4f9c-8922-b1b2d1fb74f2,162,high,1,72.928103,large_dark,6.402,True,True,True
baseline_verified_score,e2711620-6d4e-4f9c-8922-b1b2d1fb74f2,163,high,1,65.800152,hybrid_coast,8.157,False,True,True
baseline_verified_score,e2711620-6d4e-4f9c-8922-b1b2d1fb74f2,164,high,1,60.049144,hybrid_coast,8.682,False,True,True
baseline_verified_score,e2711620-6d4e-4f9c-8922-b1b2d1fb74f2,165,high,1,55.231338,large_dark,7.147,True,True,True
baseline_verified_score,e2711620-6d4e-4f9c-8922-b1b2d1fb74f2,166,high,1,61.007151,large_dark,7.144,True,True,True
baseline_verified_score,e2711620-6d4e-4f9c-8922-b1b2d1fb74f2,167,high,1,60.807946,large_dark,6.294,True,True,True
baseline_verified_score,e2711620-6d4e-4f9c-8922-b1b2d1fb74f2,168,high,1,60.450387,large_dark,6.306,True,True,True
baseline_verified_score,e2711620-6d4e-4f9c-8922-b1b2d1fb74f2,169,high,1,60.339838,large_dark,6.818,True,True,True
baseline_verified_score,e2711620-6d4e-4f9c-8922-b1b2d1fb74f2,170,high,1,52.239215,hybrid_coast,9.89,False,True,True
baseline_verified_score,e2711620-6d4e-4f9c-8922-b1b2d1fb74f2,171,high,1,48.814988,hybrid_coast,10.966,False,True,True
baseline_verified_score,e2711620-6d4e-4f9c-8922-b1b2d1fb74f2,172,high,1,50.354419,hybrid_coast,7.212,True,True,True
baseline_verified_score,e2711620-6d4e-4f9c-8922-b1b2d1fb74f2,173,high,1,50.68711,hybrid_coast,7.314,True,True,True
baseline_verified_score,e2711620-6d4e-4f9c-8922-b1b2d1fb74f2,174,high,1,52.165948,large_dark,5.979,True,True,True
baseline_verified_score,e2711620-6d4e-4f9c-8922-b1b2d1fb74f2,175,high,1,54.059355,large_dark,6.554,True,True,True
baseline_verified_score,e2711620-6d4e-4f9c-8922-b1b2d1fb74f2,176,high,1,55.052256,large_dark,6.239,True,True,True
baseline_verified_score,e2711620-6d4e-4f9c-8922-b1b2d1fb74f2,177,high,1,49.131985,hybrid_coast,3.429,True,True,True
baseline_verified_score,e2711620-6d4e-4f9c-8922-b1b2d1fb74f2,178,high,1,44.80107,hybrid_coast,3.12,True,True,True
baseline_verified_score,e2711620-6d4e-4f9c-8922-b1b2d1fb74f2,179,high,1,72.742069,hybrid_coast,2.818,True,True,True
baseline_verified_score,e2711620-6d4e-4f9c-8922-b1b2d1fb74f2,180,high,1,71.251535,large_dark,7.616,True,True,True
baseline_verified_score,e2711620-6d4e-4f9c-8922-b1b2d1fb74f2,181,high,1,72.566295,large_dark,7.433,True,True,True
baseline_verified_score,e2711620-6d4e-4f9c-8922-b1b2d1fb74f2,182,high,1,72.470867,large_dark,8.176,False,True,True
baseline_verified_score,e2711620-6d4e-4f9c-8922-b1b2d1fb74f2,183,high,1,72.422129,large_dark,7.989,True,True,True
baseline_verified_score,e2711620-6d4e-4f9c-8922-b1b2d1fb74f2,184,high,1,69.518638,large_dark,8.186,False,True,True
baseline_verified_score,e2711620-6d4e-4f9c-8922-b1b2d1fb74f2,185,high,1,66.969822,large_dark,8.002,False,True,True
baseline_verified_score,e2711620-6d4e-4f9c-8922-b1b2d1fb74f2,186,high,1,73.630797,large_dark,7.808,True,True,True
baseline_verified_score,e2711620-6d4e-4f9c-8922-b1b2d1fb74f2,187,high,1,79.208149,large_dark,8.952,False,True,True
baseline_verified_score,e2711620-6d4e-4f9c-8922-b1b2d1fb74f2,188,high,1,84.625254,large_dark,8.766,False,True,True
baseline_verified_score,e2711620-6d4e-4f9c-8922-b1b2d1fb74f2,189,high,1,77.360373,hybrid_coast,8.861,False,True,True
baseline_verified_score,e2711620-6d4e-4f9c-8922-b1b2d1fb74f2,190,high,1,74.963235,large_dark,9.29,False,True,True
baseline_verified_score,e2711620-6d4e-4f9c-8922-b1b2d1fb74f2,191,high,1,74.426461,large_dark,9.098,False,True,True
baseline_verified_score,e2711620-6d4e-4f9c-8922-b1b2d1fb74f2,192,high,1,67.753975,hybrid_coast,5.576,True,True,True
baseline_verified_score,e2711620-6d4e-4f9c-8922-b1b2d1fb74f2,193,high,1,62.950139,large_dark,3.994,True,True,True
baseline_verified_score,e2711620-6d4e-4f9c-8922-b1b2d1fb74f2,194,high,1,62.936956,large_dark,4.168,True,True,True
baseline_verified_score,e2711620-6d4e-4f9c-8922-b1b2d1fb74f2,195,high,1,56.402712,hybrid_coast,5.327,True,True,True
baseline_verified_score,e2711620-6d4e-4f9c-8922-b1b2d1fb74f2,196,high,1,51.88277,large_dark,8.588,False,True,True
baseline_verified_score,e2711620-6d4e-4f9c-8922-b1b2d1fb74f2,197,high,1,50.398565,large_dark,4.547,True,True,True
baseline_verified_score,e2711620-6d4e-4f9c-8922-b1b2d1fb74f2,198,high,1,59.508921,large_dark,4.707,True,True,True
baseline_verified_score,e2711620-6d4e-4f9c-8922-b1b2d1fb74f2,199,high,1,66.382705,large_dark,4.869,True,True,True
baseline_verified_score,e2711620-6d4e-4f9c-8922-b1b2d1fb74f2,200,high,1,72.561198,large_dark,5.025,True,True,True
baseline_verified_score,e2711620-6d4e-4f9c-8922-b1b2d1fb74f2,201,high,1,72.931017,large_dark,5.159,True,True,True
baseline_verified_score,e2711620-6d4e-4f9c-8922-b1b2d1fb74f2,202,high,1,74.332051,large_dark,5.305,True,True,True
baseline_verified_score,e2711620-6d4e-4f9c-8922-b1b2d1fb74f2,203,high,1,76.243751,large_dark,5.464,True,True,True
baseline_verified_score,e2711620-6d4e-4f9c-8922-b1b2d1fb74f2,204,high,1,77.380832,hybrid_coast,3.581,True,True,True
baseline_verified_score,e2711620-6d4e-4f9c-8922-b1b2d1fb74f2,205,high,1,82.888288,large_dark,4.585,True,True,True
baseline_verified_score,e2711620-6d4e-4f9c-8922-b1b2d1fb74f2,206,high,1,82.757108,large_dark,4.742,True,True,True
baseline_verified_score,e2711620-6d4e-4f9c-8922-b1b2d1fb74f2,207,high,1,82.243211,large_dark,4.91,True,True,True
baseline_verified_score,e2711620-6d4e-4f9c-8922-b1b2d1fb74f2,208,high,1,82.12349,large_dark,5.092,True,True,True
baseline_verified_score,e2711620-6d4e-4f9c-8922-b1b2d1fb74f2,209,high,1,81.646668,large_dark,5.281,True,True,True
baseline_verified_score,e2711620-6d4e-4f9c-8922-b1b2d1fb74f2,210,high,1,81.410711,large_dark,5.154,True,True,True
baseline_verified_score,e2711620-6d4e-4f9c-8922-b1b2d1fb74f2,211,high,1,81.170758,large_dark,5.325,True,True,True
baseline_verified_score,e2711620-6d4e-4f9c-8922-b1b2d1fb74f2,212,high,1,80.848445,large_dark,5.503,True,True,True
baseline_verified_score,e2711620-6d4e-4f9c-8922-b1b2d1fb74f2,213,high,1,86.964509,large_dark,5.694,True,True,True
baseline_verified_score,e2711620-6d4e-4f9c-8922-b1b2d1fb74f2,214,high,1,88.886773,large_dark,6.818,True,True,True
baseline_verified_score,e2711620-6d4e-4f9c-8922-b1b2d1fb74f2,215,high,1,81.958591,hybrid_coast,9.246,False,True,True
baseline_verified_score,e2711620-6d4e-4f9c-8922-b1b2d1fb74f2,216,high,1,75.21244,hybrid_coast,10.381,False,True,True
baseline_verified_score,e2711620-6d4e-4f9c-8922-b1b2d1fb74f2,217,high,1,74.003981,large_dark,7.043,True,True,True
baseline_verified_score,e2711620-6d4e-4f9c-8922-b1b2d1fb74f2,218,high,1,75.090717,large_dark,7.228,True,True,True
baseline_verified_score,e2711620-6d4e-4f9c-8922-b1b2d1fb74f2,219,high,1,75.70943,large_dark,7.111,True,True,True
baseline_verified_score,e2711620-6d4e-4f9c-8922-b1b2d1fb74f2,220,high,1,69.221698,map,6.708,True,True,True
baseline_verified_score,e2711620-6d4e-4f9c-8922-b1b2d1fb74f2,221,high,1,63.091604,hybrid_coast,3.797,True,True,True
baseline_verified_score,e2711620-6d4e-4f9c-8922-b1b2d1fb74f2,222,high,1,62.788297,large_dark,7.262,True,True,True
baseline_verified_score,e2711620-6d4e-4f9c-8922-b1b2d1fb74f2,223,high,1,63.713662,large_dark,7.276,True,True,True
baseline_verified_score,e2711620-6d4e-4f9c-8922-b1b2d1fb74f2,224,high,1,71.395761,large_dark,6.926,True,True,True
baseline_verified_score,e2711620-6d4e-4f9c-8922-b1b2d1fb74f2,225,high,1,79.907533,large_dark,6.639,True,True,True
baseline_verified_score,e2711620-6d4e-4f9c-8922-b1b2d1fb74f2,226,high,1,79.921722,large_dark,6.609,True,True,True
baseline_verified_score,e2711620-6d4e-4f9c-8922-b1b2d1fb74f2,227,high,1,74.240696,hybrid_coast,4.504,True,True,True
baseline_verified_score,e2711620-6d4e-4f9c-8922-b1b2d1fb74f2,228,high,1,68.15646,hybrid_coast,3.818,True,True,True
baseline_verified_score,e2711620-6d4e-4f9c-8922-b1b2d1fb74f2,229,high,1,71.333879,large_dark,7.247,True,True,True
baseline_verified_score,e2711620-6d4e-4f9c-8922-b1b2d1fb74f2,230,high,1,79.043294,large_dark,8.035,False,True,True
baseline_verified_score,e2711620-6d4e-4f9c-8922-b1b2d1fb74f2,231,high,1,78.82834,large_dark,7.971,True,True,True
baseline_verified_score,e2711620-6d4e-4f9c-8922-b1b2d1fb74f2,232,high,1,78.045085,large_dark,7.908,True,True,True
baseline_verified_score,e2711620-6d4e-4f9c-8922-b1b2d1fb74f2,233,high,1,77.624978,large_dark,7.864,True,True,True
baseline_verified_score,e2711620-6d4e-4f9c-8922-b1b2d1fb74f2,234,high,1,77.131876,large_dark,7.647,True,True,True
baseline_verified_score,e2711620-6d4e-4f9c-8922-b1b2d1fb74f2,235,high,1,74.653462,large_dark,7.703,True,True,True
baseline_verified_score,e2711620-6d4e-4f9c-8922-b1b2d1fb74f2,236,high,1,79.648592,large_dark,7.767,True,True,True
baseline_verified_score,e2711620-6d4e-4f9c-8922-b1b2d1fb74f2,237,high,1,85.475821,large_dark,7.326,True,True,True
baseline_verified_score,e2711620-6d4e-4f9c-8922-b1b2d1fb74f2,238,high,1,85.643634,large_dark,7.262,True,True,True
baseline_verified_score,e2711620-6d4e-4f9c-8922-b1b2d1fb74f2,239,high,1,85.182687,large_dark,8.187,False,True,True
baseline_verified_score,e2711620-6d4e-4f9c-8922-b1b2d1fb74f2,240,high,1,84.985383,large_dark,8.139,False,True,True
baseline_verified_score,e2711620-6d4e-4f9c-8922-b1b2d1fb74f2,241,high,1,84.85227,large_dark,7.812,True,True,True
baseline_verified_score,e2711620-6d4e-4f9c-8922-b1b2d1fb74f2,242,high,1,84.119613,large_dark,8.36,False,True,True
baseline_verified_score,e2711620-6d4e-4f9c-8922-b1b2d1fb74f2,243,high,1,84.130428,large_dark,8.032,False,True,True
baseline_verified_score,e2711620-6d4e-4f9c-8922-b1b2d1fb74f2,244,high,1,86.326283,large_dark,7.706,True,True,True
baseline_verified_score,e2711620-6d4e-4f9c-8922-b1b2d1fb74f2,245,high,1,80.683018,hybrid_coast,6.38,True,True,True
baseline_verified_score,e2711620-6d4e-4f9c-8922-b1b2d1fb74f2,246,high,1,75.790227,hybrid_coast,6.053,True,True,True
baseline_verified_score,e2711620-6d4e-4f9c-8922-b1b2d1fb74f2,247,high,1,75.478448,large_dark,6.778,True,True,True
baseline_verified_score,e2711620-6d4e-4f9c-8922-b1b2d1fb74f2,248,high,1,75.728566,large_dark,6.463,True,True,True
baseline_verified_score,e2711620-6d4e-4f9c-8922-b1b2d1fb74f2,249,high,1,75.800186,large_dark,6.15,True,True,True
baseline_verified_score,e2711620-6d4e-4f9c-8922-b1b2d1fb74f2,250,high,1,68.820282,hybrid_coast,7.267,True,True,True
baseline_verified_score,e2711620-6d4e-4f9c-8922-b1b2d1fb74f2,251,high,1,62.873016,hybrid_coast,7.944,True,True,True
baseline_verified_score,e2711620-6d4e-4f9c-8922-b1b2d1fb74f2,252,high,1,63.032946,large_dark,6.198,True,True,True
baseline_verified_score,e2711620-6d4e-4f9c-8922-b1b2d1fb74f2,253,high,1,63.015751,large_dark,5.889,True,True,True
baseline_verified_score,e2711620-6d4e-4f9c-8922-b1b2d1fb74f2,254,high,1,68.728647,large_dark,6.561,True,True,True
baseline_verified_score,e2711620-6d4e-4f9c-8922-b1b2d1fb74f2,255,high,1,69.084469,map,2.905,True,True,True
baseline_verified_score,e2711620-6d4e-4f9c-8922-b1b2d1fb74f2,256,high,1,63.185479,large_dark,2.707,True,True,True
baseline_verified_score,e2711620-6d4e-4f9c-8922-b1b2d1fb74f2,257,high,1,61.914846,large_dark,2.706,True,True,True
baseline_verified_score,e2711620-6d4e-4f9c-8922-b1b2d1fb74f2,258,high,1,60.254944,large_dark,2.735,True,True,True
baseline_verified_score,e2711620-6d4e-4f9c-8922-b1b2d1fb74f2,259,high,1,66.244828,large_dark,2.803,True,True,True
baseline_verified_score,e2711620-6d4e-4f9c-8922-b1b2d1fb74f2,260,high,1,67.726658,large_dark,4.743,True,True,True
baseline_verified_score,e2711620-6d4e-4f9c-8922-b1b2d1fb74f2,261,high,1,66.301757,large_dark,2.977,True,True,True
baseline_verified_score,e2711620-6d4e-4f9c-8922-b1b2d1fb74f2,262,high,1,65.624606,large_dark,3.412,True,True,True
baseline_verified_score,e2711620-6d4e-4f9c-8922-b1b2d1fb74f2,263,high,1,65.485952,large_dark,3.848,True,True,True
baseline_verified_score,e2711620-6d4e-4f9c-8922-b1b2d1fb74f2,264,high,1,71.733382,large_dark,4.205,True,True,True
baseline_verified_score,e2711620-6d4e-4f9c-8922-b1b2d1fb74f2,265,high,1,73.279429,large_dark,3.632,True,True,True
baseline_verified_score,e2711620-6d4e-4f9c-8922-b1b2d1fb74f2,266,high,1,74.200723,large_dark,4.05,True,True,True
baseline_verified_score,e2711620-6d4e-4f9c-8922-b1b2d1fb74f2,267,high,1,76.331766,large_dark,3.47,True,True,True
baseline_verified_score,e2711620-6d4e-4f9c-8922-b1b2d1fb74f2,268,high,1,77.205039,large_dark,3.901,True,True,True
baseline_verified_score,e2711620-6d4e-4f9c-8922-b1b2d1fb74f2,269,high,1,84.199024,large_dark,4.333,True,True,True
baseline_verified_score,e2711620-6d4e-4f9c-8922-b1b2d1fb74f2,270,high,1,85.165371,large_dark,3.758,True,True,True
baseline_verified_score,e2711620-6d4e-4f9c-8922-b1b2d1fb74f2,271,high,1,85.20679,large_dark,4.183,True,True,True
baseline_verified_score,e2711620-6d4e-4f9c-8922-b1b2d1fb74f2,272,high,1,87.000829,large_dark,2.631,True,True,True
baseline_verified_score,e2711620-6d4e-4f9c-8922-b1b2d1fb74f2,273,high,1,86.481408,large_dark,3.066,True,True,True
baseline_verified_score,e2711620-6d4e-4f9c-8922-b1b2d1fb74f2,274,high,1,86.236311,large_dark,3.494,True,True,True
baseline_verified_score,e2711620-6d4e-4f9c-8922-b1b2d1fb74f2,275,high,1,85.453168,large_dark,2.938,True,True,True
baseline_verified_score,e2711620-6d4e-4f9c-8922-b1b2d1fb74f2,276,high,1,84.378638,large_dark,3.373,True,True,True
baseline_verified_score,e2711620-6d4e-4f9c-8922-b1b2d1fb74f2,277,high,1,83.500011,large_dark,1.734,True,True,True
baseline_verified_score,e2711620-6d4e-4f9c-8922-b1b2d1fb74f2,278,high,1,81.69881,large_dark,2.155,True,True,True
baseline_verified_score,e2711620-6d4e-4f9c-8922-b1b2d1fb74f2,279,high,1,80.33779,large_dark,2.581,True,True,True
baseline_verified_score,e2711620-6d4e-4f9c-8922-b1b2d1fb74f2,280,high,1,79.102253,large_dark,1.0,True,True,True
baseline_verified_score,e2711620-6d4e-4f9c-8922-b1b2d1fb74f2,281,medium_high,1,76.361954,large_dark,1.609,True,True,True
baseline_verified_score,e2711620-6d4e-4f9c-8922-b1b2d1fb74f2,282,medium_high,1,73.794399,large_dark,2.228,True,True,True
baseline_verified_score,e2711620-6d4e-4f9c-8922-b1b2d1fb74f2,283,medium_high,1,71.035716,large_dark,2.85,True,True,True
baseline_verified_score,e2711620-6d4e-4f9c-8922-b1b2d1fb74f2,284,medium_high,1,68.818802,large_dark,1.565,True,True,True
baseline_verified_score,e2711620-6d4e-4f9c-8922-b1b2d1fb74f2,285,medium_high,1,66.211622,large_dark,1.325,True,True,True
baseline_verified_score,e2711620-6d4e-4f9c-8922-b1b2d1fb74f2,286,medium_high,1,62.560143,large_dark,1.914,True,True,True
baseline_verified_score,e2711620-6d4e-4f9c-8922-b1b2d1fb74f2,287,medium_high,1,59.760698,large_dark,0.305,True,True,True
baseline_verified_score,e2711620-6d4e-4f9c-8922-b1b2d1fb74f2,288,medium_high,1,56.493236,large_dark,0.894,True,True,True
baseline_verified_score,e2711620-6d4e-4f9c-8922-b1b2d1fb74f2,289,medium_high,1,53.378871,large_dark,1.698,True,True,True
baseline_verified_score,e2711620-6d4e-4f9c-8922-b1b2d1fb74f2,290,medium_high,1,51.396875,hybrid_coast,3.717,True,True,True
baseline_verified_score,e2711620-6d4e-4f9c-8922-b1b2d1fb74f2,291,medium_high,1,49.65128,large_dark,1.012,True,True,True
baseline_verified_score,e2711620-6d4e-4f9c-8922-b1b2d1fb74f2,292,medium_high,1,49.059107,large_dark,2.11,True,True,True
baseline_verified_score,e2711620-6d4e-4f9c-8922-b1b2d1fb74f2,293,medium_high,1,47.452454,large_dark,1.747,True,True,True
baseline_verified_score,e2711620-6d4e-4f9c-8922-b1b2d1fb74f2,294,medium_high,1,46.875723,large_dark,2.977,True,True,True
baseline_verified_score,e2711620-6d4e-4f9c-8922-b1b2d1fb74f2,295,medium_high,1,46.634764,large_dark,2.58,True,True,True
baseline_verified_score,e2711620-6d4e-4f9c-8922-b1b2d1fb74f2,296,medium_high,1,46.189217,large_dark,3.0,True,True,True
baseline_verified_score,e2711620-6d4e-4f9c-8922-b1b2d1fb74f2,297,medium_high,1,46.69705,large_dark,3.424,True,True,True
baseline_verified_score,e2711620-6d4e-4f9c-8922-b1b2d1fb74f2,298,medium_high,1,46.608799,large_dark,3.076,True,True,True
baseline_verified_score,e2711620-6d4e-4f9c-8922-b1b2d1fb74f2,299,medium_high,1,47.06196,large_dark,4.288,True,True,True
baseline_verified_score,e2711620-6d4e-4f9c-8922-b1b2d1fb74f2,300,medium_high,1,47.171165,large_dark,4.717,True,True,True
baseline_verified_score,e2711620-6d4e-4f9c-8922-b1b2d1fb74f2,301,medium_high,1,46.191232,large_dark,4.127,True,True,True
baseline_verified_score,e2711620-6d4e-4f9c-8922-b1b2d1fb74f2,302,medium_high,1,46.430554,large_dark,4.373,True,True,True
baseline_verified_score,e2711620-6d4e-4f9c-8922-b1b2d1fb74f2,303,medium_high,1,46.106543,large_dark,3.779,True,True,True
baseline_verified_score,e2711620-6d4e-4f9c-8922-b1b2d1fb74f2,304,medium_high,1,46.671948,large_dark,4.924,True,True,True
baseline_verified_score,e2711620-6d4e-4f9c-8922-b1b2d1fb74f2,305,medium_high,1,47.566331,large_dark,5.223,True,True,True
baseline_verified_score,e2711620-6d4e-4f9c-8922-b1b2d1fb74f2,306,medium_high,1,47.524375,large_dark,4.596,True,True,True
baseline_verified_score,e2711620-6d4e-4f9c-8922-b1b2d1fb74f2,307,medium_high,1,48.358302,large_dark,4.902,True,True,True
baseline_verified_score,e2711620-6d4e-4f9c-8922-b1b2d1fb74f2,308,medium_high,1,48.266605,large_dark,4.272,True,True,True
baseline_verified_score,e2711620-6d4e-4f9c-8922-b1b2d1fb74f2,309,medium_high,1,48.686397,large_dark,3.644,True,True,True
baseline_verified_score,e2711620-6d4e-4f9c-8922-b1b2d1fb74f2,310,medium_high,1,49.283679,large_dark,4.912,True,True,True
baseline_verified_score,e2711620-6d4e-4f9c-8922-b1b2d1fb74f2,311,medium_high,1,49.711733,large_dark,4.276,True,True,True
baseline_verified_score,e2711620-6d4e-4f9c-8922-b1b2d1fb74f2,312,medium_high,1,50.101863,large_dark,4.61,True,True,True
baseline_verified_score,e2711620-6d4e-4f9c-8922-b1b2d1fb74f2,313,medium_high,1,50.03391,large_dark,3.973,True,True,True
baseline_verified_score,e2711620-6d4e-4f9c-8922-b1b2d1fb74f2,314,medium_high,1,49.450744,large_dark,2.264,True,True,True
baseline_verified_score,e2711620-6d4e-4f9c-8922-b1b2d1fb74f2,315,medium_high,1,48.742339,large_dark,3.644,True,True,True
baseline_verified_score,e2711620-6d4e-4f9c-8922-b1b2d1fb74f2,316,medium_high,1,48.057219,large_dark,3.041,True,True,True
baseline_verified_score,e2711620-6d4e-4f9c-8922-b1b2d1fb74f2,317,medium_high,1,47.951187,large_dark,2.878,True,True,True
baseline_verified_score,e2711620-6d4e-4f9c-8922-b1b2d1fb74f2,318,medium_high,1,48.182699,large_dark,49.433,False,False,True
baseline_verified_score,e2711620-6d4e-4f9c-8922-b1b2d1fb74f2,319,medium_high,1,47.916991,large_dark,49.394,False,False,True
baseline_verified_score,e2711620-6d4e-4f9c-8922-b1b2d1fb74f2,320,medium_high,1,47.448483,large_dark,2.062,True,True,True
baseline_verified_score,e2711620-6d4e-4f9c-8922-b1b2d1fb74f2,321,medium_high,1,47.27335,large_dark,2.016,True,True,True
baseline_verified_score,e2711620-6d4e-4f9c-8922-b1b2d1fb74f2,322,medium_high,1,47.214505,large_dark,2.344,True,True,True
baseline_verified_score,e2711620-6d4e-4f9c-8922-b1b2d1fb74f2,323,medium_high,1,47.395923,large_dark,2.266,True,True,True
baseline_verified_score,e2711620-6d4e-4f9c-8922-b1b2d1fb74f2,324,medium_high,1,47.937036,large_dark,2.832,True,True,True
baseline_verified_score,e2711620-6d4e-4f9c-8922-b1b2d1fb74f2,325,medium_high,1,47.962834,large_dark,2.127,True,True,True
baseline_verified_score,e2711620-6d4e-4f9c-8922-b1b2d1fb74f2,326,medium_high,1,47.953027,large_dark,2.057,True,True,True
baseline_verified_score,e2711620-6d4e-4f9c-8922-b1b2d1fb74f2,327,medium_high,1,47.994768,large_dark,1.991,True,True,True
baseline_verified_score,e2711620-6d4e-4f9c-8922-b1b2d1fb74f2,328,medium_high,1,48.011515,large_dark,1.931,True,True,True
baseline_verified_score,e2711620-6d4e-4f9c-8922-b1b2d1fb74f2,329,medium_high,1,48.052102,large_dark,2.393,True,True,True
baseline_verified_score,e2711620-6d4e-4f9c-8922-b1b2d1fb74f2,330,medium_high,1,48.502964,large_dark,2.305,True,True,True
baseline_verified_score,e2711620-6d4e-4f9c-8922-b1b2d1fb74f2,331,medium_high,1,48.867263,large_dark,2.218,True,True,True
baseline_verified_score,e2711620-6d4e-4f9c-8922-b1b2d1fb74f2,332,medium_high,1,49.241196,large_dark,2.14,True,True,True
baseline_verified_score,e2711620-6d4e-4f9c-8922-b1b2d1fb74f2,333,medium_high,1,49.84101,large_dark,2.063,True,True,True
baseline_verified_score,e2711620-6d4e-4f9c-8922-b1b2d1fb74f2,334,medium_high,1,50.638639,large_dark,1.653,True,True,True
baseline_verified_score,e2711620-6d4e-4f9c-8922-b1b2d1fb74f2,335,medium_high,1,51.382508,large_dark,1.625,True,True,True
baseline_verified_score,e2711620-6d4e-4f9c-8922-b1b2d1fb74f2,336,medium_high,1,51.866631,large_dark,1.603,True,True,True
baseline_verified_score,e2711620-6d4e-4f9c-8922-b1b2d1fb74f2,337,medium_high,1,52.439318,large_dark,1.587,True,True,True
baseline_verified_score,e2711620-6d4e-4f9c-8922-b1b2d1fb74f2,338,medium_high,1,52.958564,large_dark,1.579,True,True,True
baseline_verified_score,e2711620-6d4e-4f9c-8922-b1b2d1fb74f2,339,medium_high,1,53.242477,large_dark,2.074,True,True,True
baseline_verified_score,e2711620-6d4e-4f9c-8922-b1b2d1fb74f2,340,medium_high,1,53.108182,large_dark,2.121,True,True,True
baseline_verified_score,e2711620-6d4e-4f9c-8922-b1b2d1fb74f2,341,medium_high,1,52.786375,large_dark,2.058,True,True,True
baseline_verified_score,e2711620-6d4e-4f9c-8922-b1b2d1fb74f2,342,medium_high,1,52.605853,large_dark,2.011,True,True,True
baseline_verified_score,e2711620-6d4e-4f9c-8922-b1b2d1fb74f2,343,medium_high,1,52.022895,large_dark,1.981,True,True,True
baseline_verified_score,e2711620-6d4e-4f9c-8922-b1b2d1fb74f2,344,medium_high,1,51.466049,large_dark,1.97,True,True,True
baseline_verified_score,e2711620-6d4e-4f9c-8922-b1b2d1fb74f2,345,medium_high,1,50.97149,large_dark,1.976,True,True,True
baseline_verified_score,e2711620-6d4e-4f9c-8922-b1b2d1fb74f2,346,medium_high,1,50.387557,large_dark,2.001,True,True,True
baseline_verified_score,e2711620-6d4e-4f9c-8922-b1b2d1fb74f2,347,medium_high,1,49.78324,large_dark,2.044,True,True,True
baseline_verified_score,e2711620-6d4e-4f9c-8922-b1b2d1fb74f2,348,medium_high,1,49.050697,large_dark,2.102,True,True,True
baseline_verified_score,e2711620-6d4e-4f9c-8922-b1b2d1fb74f2,349,medium_high,1,49.137362,large_dark,2.364,True,True,True
baseline_verified_score,e2711620-6d4e-4f9c-8922-b1b2d1fb74f2,350,medium_high,1,49.216717,large_dark,2.372,True,True,True
baseline_verified_score,e2711620-6d4e-4f9c-8922-b1b2d1fb74f2,351,medium_high,1,49.15927,large_dark,2.395,True,True,True
baseline_verified_score,e2711620-6d4e-4f9c-8922-b1b2d1fb74f2,352,medium_high,1,49.310616,large_dark,2.778,True,True,True
baseline_verified_score,e2711620-6d4e-4f9c-8922-b1b2d1fb74f2,353,medium_high,1,49.288702,large_dark,2.762,True,True,True
baseline_verified_score,e2711620-6d4e-4f9c-8922-b1b2d1fb74f2,354,medium_high,1,49.339201,large_dark,2.758,True,True,True
baseline_verified_score,e2711620-6d4e-4f9c-8922-b1b2d1fb74f2,355,medium_high,1,49.320658,large_dark,2.767,True,True,True
baseline_verified_score,e2711620-6d4e-4f9c-8922-b1b2d1fb74f2,356,medium_high,1,49.331691,large_dark,2.789,True,True,True
baseline_verified_score,e2711620-6d4e-4f9c-8922-b1b2d1fb74f2,357,medium_high,1,49.50463,large_dark,3.166,True,True,True
baseline_verified_score,e2711620-6d4e-4f9c-8922-b1b2d1fb74f2,358,medium_high,1,49.077584,large_dark,3.154,True,True,True
baseline_verified_score,e2711620-6d4e-4f9c-8922-b1b2d1fb74f2,359,medium_high,1,49.171442,large_dark,3.645,True,True,True
baseline_verified_score,e2711620-6d4e-4f9c-8922-b1b2d1fb74f2,360,medium_high,1,49.130047,large_dark,3.606,True,True,True
baseline_verified_score,e2711620-6d4e-4f9c-8922-b1b2d1fb74f2,361,medium_high,1,48.892442,large_dark,3.547,True,True,True
baseline_verified_score,e2711620-6d4e-4f9c-8922-b1b2d1fb74f2,362,medium_high,1,48.855048,large_dark,3.495,True,True,True
baseline_verified_score,e2711620-6d4e-4f9c-8922-b1b2d1fb74f2,363,medium_high,1,48.678643,large_dark,3.436,True,True,True
baseline_verified_score,e2711620-6d4e-4f9c-8922-b1b2d1fb74f2,364,medium_high,1,48.535904,large_dark,4.801,True,True,True
baseline_verified_score,e2711620-6d4e-4f9c-8922-b1b2d1fb74f2,365,medium_high,1,48.440708,large_dark,4.756,True,True,True
baseline_verified_score,e2711620-6d4e-4f9c-8922-b1b2d1fb74f2,366,medium_high,1,48.156971,large_dark,4.702,True,True,True
baseline_verified_score,e2711620-6d4e-4f9c-8922-b1b2d1fb74f2,367,medium_high,1,48.212316,large_dark,4.657,True,True,True
baseline_verified_score,e2711620-6d4e-4f9c-8922-b1b2d1fb74f2,368,medium_high,1,47.744929,large_dark,4.604,True,True,True
baseline_verified_score,e2711620-6d4e-4f9c-8922-b1b2d1fb74f2,369,medium_high,1,47.598277,large_dark,4.56,True,True,True
baseline_verified_score,e2711620-6d4e-4f9c-8922-b1b2d1fb74f2,370,medium_high,1,47.154179,large_dark,5.368,True,True,True
baseline_verified_score,e2711620-6d4e-4f9c-8922-b1b2d1fb74f2,371,medium_high,1,46.823582,large_dark,5.318,True,True,True
baseline_verified_score,e2711620-6d4e-4f9c-8922-b1b2d1fb74f2,372,medium_high,1,46.744354,large_dark,6.185,True,True,True
baseline_verified_score,e2711620-6d4e-4f9c-8922-b1b2d1fb74f2,373,medium_high,1,46.767669,large_dark,6.138,True,True,True
baseline_verified_score,e2711620-6d4e-4f9c-8922-b1b2d1fb74f2,374,medium_high,1,47.102469,large_dark,5.798,True,True,True
baseline_verified_score,e2711620-6d4e-4f9c-8922-b1b2d1fb74f2,375,medium_high,1,47.472901,large_dark,5.757,True,True,True
baseline_verified_score,e2711620-6d4e-4f9c-8922-b1b2d1fb74f2,376,medium_high,1,47.716418,large_dark,5.727,True,True,True
baseline_verified_score,e2711620-6d4e-4f9c-8922-b1b2d1fb74f2,377,medium_high,1,47.997286,large_dark,6.68,True,True,True
baseline_verified_score,e2711620-6d4e-4f9c-8922-b1b2d1fb74f2,378,medium_high,1,48.106537,large_dark,6.642,True,True,True
baseline_verified_score,e2711620-6d4e-4f9c-8922-b1b2d1fb74f2,379,medium_high,1,48.666043,large_dark,6.53,True,True,True
baseline_verified_score,e2711620-6d4e-4f9c-8922-b1b2d1fb74f2,380,medium_high,1,48.148807,large_dark,7.5,True,True,True
baseline_verified_score,e2711620-6d4e-4f9c-8922-b1b2d1fb74f2,381,medium_high,1,48.029427,large_dark,7.837,True,True,True
baseline_verified_score,e2711620-6d4e-4f9c-8922-b1b2d1fb74f2,382,medium_high,1,49.324776,large_dark,28.638,False,False,True
baseline_verified_score,e2711620-6d4e-4f9c-8922-b1b2d1fb74f2,383,medium_high,1,43.860779,large_dark,8.525,False,True,True
baseline_verified_score,e2711620-6d4e-4f9c-8922-b1b2d1fb74f2,384,medium_high,1,39.875978,large_dark,8.896,False,True,True
baseline_verified_score,e2711620-6d4e-4f9c-8922-b1b2d1fb74f2,385,medium_high,1,49.355687,large_dark,31.12,False,False,True
baseline_verified_score,e2711620-6d4e-4f9c-8922-b1b2d1fb74f2,386,medium_high,1,35.186673,large_dark,31.574,False,False,True
baseline_verified_score,e2711620-6d4e-4f9c-8922-b1b2d1fb74f2,387,medium_high,1,48.986944,large_dark,32.385,False,False,True
baseline_verified_score,e2711620-6d4e-4f9c-8922-b1b2d1fb74f2,388,medium_high,1,34.633118,large_dark,32.82,False,False,True
baseline_verified_score,e2711620-6d4e-4f9c-8922-b1b2d1fb74f2,389,medium_high,1,34.676724,large_dark,34.13,False,False,True
baseline_verified_score,e2711620-6d4e-4f9c-8922-b1b2d1fb74f2,390,medium_high,1,35.968912,large_dark,49.468,False,False,True
baseline_verified_score,e2711620-6d4e-4f9c-8922-b1b2d1fb74f2,391,medium_high,1,36.207503,large_dark,49.524,False,False,True
baseline_verified_score,e2711620-6d4e-4f9c-8922-b1b2d1fb74f2,392,medium_high,1,36.121924,large_dark,48.981,False,False,True
baseline_verified_score,e2711620-6d4e-4f9c-8922-b1b2d1fb74f2,393,medium_high,1,36.297647,large_dark,49.051,False,False,True
baseline_verified_score,e2711620-6d4e-4f9c-8922-b1b2d1fb74f2,394,medium_high,1,36.313414,large_dark,48.315,False,False,False
baseline_verified_score,e2711620-6d4e-4f9c-8922-b1b2d1fb74f2,395,medium_high,1,36.547025,large_dark,47.579,False,False,False
baseline_verified_score,e2711620-6d4e-4f9c-8922-b1b2d1fb74f2,396,medium_high,1,36.675125,large_dark,47.65,False,False,False
baseline_verified_score,e2711620-6d4e-4f9c-8922-b1b2d1fb74f2,397,medium_high,1,40.191225,large_dark,23.46,False,False,True
baseline_verified_score,e2711620-6d4e-4f9c-8922-b1b2d1fb74f2,398,medium_high,1,42.191301,large_dark,23.716,False,False,True
baseline_verified_score,e2711620-6d4e-4f9c-8922-b1b2d1fb74f2,399,medium_high,1,41.752975,hybrid_coast,23.001,False,False,True
baseline_verified_score,e2711620-6d4e-4f9c-8922-b1b2d1fb74f2,400,medium_high,1,40.522511,hybrid_coast,23.265,False,False,True
baseline_verified_score,e2711620-6d4e-4f9c-8922-b1b2d1fb74f2,401,medium_high,1,38.802665,hybrid_coast,22.737,False,False,True
baseline_verified_score,e2711620-6d4e-4f9c-8922-b1b2d1fb74f2,402,medium_high,1,37.061935,hybrid_coast,22.22,False,False,True
baseline_verified_score,e2711620-6d4e-4f9c-8922-b1b2d1fb74f2,403,medium_high,1,35.532319,hybrid_coast,21.715,False,False,True
baseline_verified_score,e2711620-6d4e-4f9c-8922-b1b2d1fb74f2,404,medium_high,1,38.33805,large_dark,52.902,False,False,True
baseline_verified_score,e2711620-6d4e-4f9c-8922-b1b2d1fb74f2,405,medium_high,1,37.961635,large_dark,52.51,False,False,True
baseline_verified_score,e2711620-6d4e-4f9c-8922-b1b2d1fb74f2,406,medium_high,1,37.575353,large_dark,52.125,False,False,True
baseline_verified_score,e2711620-6d4e-4f9c-8922-b1b2d1fb74f2,407,medium_high,1,36.954766,large_dark,51.799,False,False,False
baseline_verified_score,e2711620-6d4e-4f9c-8922-b1b2d1fb74f2,408,medium_high,1,36.220486,large_dark,51.441,False,False,False
baseline_verified_score,e2711620-6d4e-4f9c-8922-b1b2d1fb74f2,409,medium_high,1,34.858446,hybrid_coast,51.683,False,False,True
baseline_verified_score,e2711620-6d4e-4f9c-8922-b1b2d1fb74f2,410,medium_high,1,33.063196,hybrid_coast,52.612,False,False,True
baseline_verified_score,e2711620-6d4e-4f9c-8922-b1b2d1fb74f2,411,medium_high,1,31.772179,hybrid_coast,52.485,False,False,True
baseline_verified_score,e2711620-6d4e-4f9c-8922-b1b2d1fb74f2,412,medium_high,1,31.644563,large_dark,75.971,False,False,False
baseline_verified_score,e2711620-6d4e-4f9c-8922-b1b2d1fb74f2,413,medium_high,1,31.956257,large_dark,76.117,False,False,False
baseline_verified_score,e2711620-6d4e-4f9c-8922-b1b2d1fb74f2,414,medium_high,1,32.387587,large_dark,76.269,False,False,True
baseline_verified_score,e2711620-6d4e-4f9c-8922-b1b2d1fb74f2,415,medium_high,1,33.181444,large_dark,76.428,False,False,True
baseline_verified_score,e2711620-6d4e-4f9c-8922-b1b2d1fb74f2,416,medium_high,1,33.767664,large_dark,76.594,False,False,False
baseline_verified_score,e2711620-6d4e-4f9c-8922-b1b2d1fb74f2,417,medium_high,1,34.195115,large_dark,76.765,False,False,True
baseline_verified_score,e2711620-6d4e-4f9c-8922-b1b2d1fb74f2,418,medium_high,1,34.59669,large_dark,76.944,False,False,True
baseline_verified_score,e2711620-6d4e-4f9c-8922-b1b2d1fb74f2,419,medium_high,1,35.120293,large_dark,77.128,False,False,True
baseline_verified_score,e2711620-6d4e-4f9c-8922-b1b2d1fb74f2,420,medium_high,1,36.504713,large_dark,77.319,False,False,True
baseline_verified_score,e2711620-6d4e-4f9c-8922-b1b2d1fb74f2,421,medium_high,1,37.097839,large_dark,77.257,False,False,False
baseline_verified_score,e2711620-6d4e-4f9c-8922-b1b2d1fb74f2,422,medium_high,1,39.655475,large_dark,77.196,False,False,True
baseline_verified_score,e2711620-6d4e-4f9c-8922-b1b2d1fb74f2,423,medium_high,1,40.389413,large_dark,77.135,False,False,False
baseline_verified_score,e2711620-6d4e-4f9c-8922-b1b2d1fb74f2,424,medium_high,1,41.065163,large_dark,26.76,False,False,True
baseline_verified_score,e2711620-6d4e-4f9c-8922-b1b2d1fb74f2,425,medium_high,1,42.32434,large_dark,25.87,False,False,True
baseline_verified_score,e2711620-6d4e-4f9c-8922-b1b2d1fb74f2,426,medium_high,1,43.56036,large_dark,25.739,False,False,True
baseline_verified_score,e2711620-6d4e-4f9c-8922-b1b2d1fb74f2,427,medium_high,1,44.079135,large_dark,25.609,False,False,True
baseline_verified_score,e2711620-6d4e-4f9c-8922-b1b2d1fb74f2,428,medium_high,1,44.5357,large_dark,25.48,False,False,True
baseline_verified_score,e2711620-6d4e-4f9c-8922-b1b2d1fb74f2,429,medium_high,1,44.844629,large_dark,24.724,False,False,True
baseline_verified_score,e2711620-6d4e-4f9c-8922-b1b2d1fb74f2,430,medium_high,1,45.551282,large_dark,24.602,False,False,False
baseline_verified_score,e2711620-6d4e-4f9c-8922-b1b2d1fb74f2,431,medium_high,1,46.339438,large_dark,24.48,False,False,False
baseline_verified_score,e2711620-6d4e-4f9c-8922-b1b2d1fb74f2,432,medium_high,1,44.363169,large_dark,28.566,False,False,True
baseline_verified_score,e2711620-6d4e-4f9c-8922-b1b2d1fb74f2,433,medium_high,1,44.604646,large_dark,28.443,False,False,True
baseline_verified_score,e2711620-6d4e-4f9c-8922-b1b2d1fb74f2,434,medium_high,1,41.404268,large_dark,75.966,False,False,False
baseline_verified_score,e2711620-6d4e-4f9c-8922-b1b2d1fb74f2,435,medium_high,1,41.874101,large_dark,75.916,False,False,True
baseline_verified_score,e2711620-6d4e-4f9c-8922-b1b2d1fb74f2,436,medium_high,1,41.893333,large_dark,75.866,False,False,False
baseline_verified_score,e2711620-6d4e-4f9c-8922-b1b2d1fb74f2,437,medium_high,1,42.050924,large_dark,75.817,False,False,True
baseline_verified_score,e2711620-6d4e-4f9c-8922-b1b2d1fb74f2,438,medium_high,1,42.167998,large_dark,75.768,False,False,True
baseline_verified_score,e2711620-6d4e-4f9c-8922-b1b2d1fb74f2,439,medium_high,1,42.329426,large_dark,75.72,False,False,True
baseline_verified_score,e2711620-6d4e-4f9c-8922-b1b2d1fb74f2,440,medium_high,1,42.591195,large_dark,75.672,False,False,True
baseline_verified_score,e2711620-6d4e-4f9c-8922-b1b2d1fb74f2,441,medium,1,42.66264,large_dark,76.101,False,False,True
baseline_verified_score,e2711620-6d4e-4f9c-8922-b1b2d1fb74f2,442,medium,1,42.826969,large_dark,76.535,False,False,True
baseline_verified_score,e2711620-6d4e-4f9c-8922-b1b2d1fb74f2,443,medium,1,42.73196,large_dark,76.972,False,False,True
baseline_verified_score,e2711620-6d4e-4f9c-8922-b1b2d1fb74f2,444,medium,1,42.649877,large_dark,77.414,False,False,True
baseline_verified_score,e2711620-6d4e-4f9c-8922-b1b2d1fb74f2,445,medium,1,41.666515,large_dark,77.86,False,False,True
baseline_verified_score,e2711620-6d4e-4f9c-8922-b1b2d1fb74f2,446,medium,1,41.369998,large_dark,28.141,False,False,True
baseline_verified_score,e2711620-6d4e-4f9c-8922-b1b2d1fb74f2,447,medium,1,41.714723,large_dark,28.421,False,False,True
baseline_verified_score,e2711620-6d4e-4f9c-8922-b1b2d1fb74f2,448,medium,1,41.803522,large_dark,28.715,False,False,True
baseline_verified_score,e2711620-6d4e-4f9c-8922-b1b2d1fb74f2,449,medium,1,42.04653,large_dark,29.024,False,False,True
baseline_verified_score,e2711620-6d4e-4f9c-8922-b1b2d1fb74f2,450,low_medium,1,42.329864,large_dark,29.347,False,False,True
baseline_verified_score,e2711620-6d4e-4f9c-8922-b1b2d1fb74f2,451,low_medium,1,42.363539,large_dark,29.372,False,False,True
baseline_verified_score,e2711620-6d4e-4f9c-8922-b1b2d1fb74f2,452,low_medium,1,42.364512,large_dark,29.855,False,False,True
baseline_verified_score,e2711620-6d4e-4f9c-8922-b1b2d1fb74f2,453,low_medium,1,42.383057,large_dark,29.889,False,False,True
baseline_verified_score,e2711620-6d4e-4f9c-8922-b1b2d1fb74f2,454,low_medium,1,42.885274,large_dark,30.565,False,False,True
baseline_verified_score,e2711620-6d4e-4f9c-8922-b1b2d1fb74f2,455,low_medium,1,43.427373,large_dark,31.052,False,False,True
baseline_verified_score,e2711620-6d4e-4f9c-8922-b1b2d1fb74f2,456,low_medium,1,43.759907,large_dark,31.074,False,False,True
baseline_verified_score,e2711620-6d4e-4f9c-8922-b1b2d1fb74f2,457,low_medium,1,43.61973,large_dark,31.752,False,False,True
baseline_verified_score,e2711620-6d4e-4f9c-8922-b1b2d1fb74f2,458,low_medium,1,43.824026,large_dark,31.783,False,False,True
baseline_verified_score,e2711620-6d4e-4f9c-8922-b1b2d1fb74f2,459,low_medium,1,46.052735,large_dark,5.053,True,True,True
baseline_verified_score,e2711620-6d4e-4f9c-8922-b1b2d1fb74f2,460,low_medium,1,55.003049,large_dark,32.23,False,False,True
baseline_verified_score,e2711620-6d4e-4f9c-8922-b1b2d1fb74f2,461,low_medium,1,54.778833,large_dark,32.258,False,False,True
baseline_verified_score,e2711620-6d4e-4f9c-8922-b1b2d1fb74f2,462,low_medium,1,52.075862,large_dark,32.921,False,False,True
baseline_verified_score,e2711620-6d4e-4f9c-8922-b1b2d1fb74f2,463,low_medium,1,51.114608,large_dark,32.958,False,False,True
baseline_verified_score,e2711620-6d4e-4f9c-8922-b1b2d1fb74f2,464,low_medium,1,49.728853,large_dark,6.119,True,True,True
baseline_verified_score,e2711620-6d4e-4f9c-8922-b1b2d1fb74f2,465,low_medium,1,50.032808,large_dark,6.454,True,True,True
baseline_verified_score,e2711620-6d4e-4f9c-8922-b1b2d1fb74f2,466,low_medium,1,50.252873,large_dark,6.505,True,True,True
baseline_verified_score,e2711620-6d4e-4f9c-8922-b1b2d1fb74f2,467,low_medium,1,50.518041,large_dark,7.028,True,True,True
baseline_verified_score,e2711620-6d4e-4f9c-8922-b1b2d1fb74f2,468,low_medium,1,50.679293,large_dark,7.088,True,True,True
baseline_verified_score,e2711620-6d4e-4f9c-8922-b1b2d1fb74f2,469,low_medium,1,50.965317,large_dark,7.77,True,True,True
baseline_verified_score,e2711620-6d4e-4f9c-8922-b1b2d1fb74f2,470,low_medium,1,51.354236,large_dark,8.933,False,True,True
baseline_verified_score,e2711620-6d4e-4f9c-8922-b1b2d1fb74f2,471,low_medium,1,51.506285,large_dark,8.981,False,True,False
baseline_verified_score,e2711620-6d4e-4f9c-8922-b1b2d1fb74f2,472,low_medium,1,51.498586,large_dark,8.39,False,True,False
baseline_verified_score,e2711620-6d4e-4f9c-8922-b1b2d1fb74f2,473,low_medium,1,51.472653,large_dark,8.448,False,True,False
baseline_verified_score,e2711620-6d4e-4f9c-8922-b1b2d1fb74f2,474,low_medium,1,51.491119,large_dark,8.826,False,True,True
baseline_verified_score,e2711620-6d4e-4f9c-8922-b1b2d1fb74f2,475,low_medium,1,51.637014,large_dark,9.241,False,True,True
baseline_verified_score,e2711620-6d4e-4f9c-8922-b1b2d1fb74f2,476,low_medium,1,51.567131,large_dark,9.288,False,True,True
baseline_verified_score,e2711620-6d4e-4f9c-8922-b1b2d1fb74f2,477,low_medium,1,51.567019,large_dark,9.243,False,True,False
baseline_verified_score,e2711620-6d4e-4f9c-8922-b1b2d1fb74f2,478,low_medium,1,51.846243,large_dark,9.289,False,True,False
baseline_verified_score,e2711620-6d4e-4f9c-8922-b1b2d1fb74f2,479,low_medium,1,51.928219,large_dark,9.772,False,True,False
baseline_verified_score,e2711620-6d4e-4f9c-8922-b1b2d1fb74f2,480,low_medium,1,52.187486,large_dark,10.774,False,True,True
baseline_verified_score,e2711620-6d4e-4f9c-8922-b1b2d1fb74f2,481,low_medium,1,52.677765,large_dark,10.816,False,True,True
baseline_verified_score,e2711620-6d4e-4f9c-8922-b1b2d1fb74f2,482,low_medium,1,53.055158,large_dark,11.341,False,True,False
baseline_verified_score,e2711620-6d4e-4f9c-8922-b1b2d1fb74f2,483,low_medium,1,53.119273,large_dark,11.381,False,True,False
baseline_verified_score,e2711620-6d4e-4f9c-8922-b1b2d1fb74f2,484,low_medium,1,53.299829,large_dark,3.808,True,True,True
baseline_verified_score,e2711620-6d4e-4f9c-8922-b1b2d1fb74f2,485,low_medium,1,53.631286,large_dark,3.759,True,True,True
baseline_verified_score,e2711620-6d4e-4f9c-8922-b1b2d1fb74f2,486,low_medium,1,53.883006,large_dark,3.702,True,True,True
baseline_verified_score,e2711620-6d4e-4f9c-8922-b1b2d1fb74f2,487,low_medium,1,54.289312,large_dark,3.653,True,True,True
baseline_verified_score,e2711620-6d4e-4f9c-8922-b1b2d1fb74f2,488,low_medium,1,54.502126,large_dark,3.597,True,True,True
baseline_verified_score,e2711620-6d4e-4f9c-8922-b1b2d1fb74f2,489,low_medium,1,52.398408,large_dark,3.541,True,True,True
baseline_verified_score,e2711620-6d4e-4f9c-8922-b1b2d1fb74f2,490,low_medium,1,51.098517,large_dark,3.485,True,True,True
baseline_verified_score,e2711620-6d4e-4f9c-8922-b1b2d1fb74f2,491,low_medium,1,50.682408,large_dark,3.436,True,True,True
baseline_verified_score,e2711620-6d4e-4f9c-8922-b1b2d1fb74f2,492,low_medium,1,47.233526,large_dark,3.379,True,True,True
baseline_verified_score,e2711620-6d4e-4f9c-8922-b1b2d1fb74f2,493,low_medium,1,46.163697,large_dark,3.33,True,True,True
baseline_verified_score,e2711620-6d4e-4f9c-8922-b1b2d1fb74f2,494,low_medium,1,45.777503,large_dark,55.207,False,False,True
baseline_verified_score,e2711620-6d4e-4f9c-8922-b1b2d1fb74f2,495,low_medium,1,46.06904,large_dark,55.237,False,False,True
baseline_verified_score,e2711620-6d4e-4f9c-8922-b1b2d1fb74f2,496,low_medium,1,46.285676,large_dark,55.264,False,False,True
baseline_verified_score,e2711620-6d4e-4f9c-8922-b1b2d1fb74f2,497,low_medium,1,46.211393,large_dark,55.978,False,False,True
baseline_verified_score,e2711620-6d4e-4f9c-8922-b1b2d1fb74f2,498,low_medium,1,46.608709,large_dark,56.006,False,False,True
baseline_verified_score,e2711620-6d4e-4f9c-8922-b1b2d1fb74f2,499,low_medium,1,46.722296,large_dark,55.67,False,False,True
baseline_verified_score,e2711620-6d4e-4f9c-8922-b1b2d1fb74f2,500,low_medium,1,46.880436,large_dark,55.699,False,False,True
baseline_verified_score,e2711620-6d4e-4f9c-8922-b1b2d1fb74f2,501,low_medium,1,47.232374,large_dark,27.992,False,False,True
baseline_verified_score,e2711620-6d4e-4f9c-8922-b1b2d1fb74f2,502,low_medium,1,47.002002,large_dark,55.644,False,False,True
baseline_verified_score,e2711620-6d4e-4f9c-8922-b1b2d1fb74f2,503,low_medium,1,46.737072,large_dark,55.676,False,False,True
baseline_verified_score,e2711620-6d4e-4f9c-8922-b1b2d1fb74f2,504,low_medium,1,46.526353,large_dark,55.117,False,False,True
baseline_verified_score,e2711620-6d4e-4f9c-8922-b1b2d1fb74f2,505,low_medium,1,46.312213,large_dark,55.149,False,False,True
baseline_verified_score,e2711620-6d4e-4f9c-8922-b1b2d1fb74f2,506,low_medium,1,46.147102,large_dark,56.051,False,False,True
baseline_verified_score,e2711620-6d4e-4f9c-8922-b1b2d1fb74f2,507,low_medium,1,45.955183,large_dark,55.983,False,False,True
baseline_verified_score,e2711620-6d4e-4f9c-8922-b1b2d1fb74f2,508,low_medium,1,45.709988,large_dark,56.015,False,False,True
baseline_verified_score,e2711620-6d4e-4f9c-8922-b1b2d1fb74f2,509,low_medium,1,45.264766,large_dark,56.77,False,False,True
baseline_verified_score,e2711620-6d4e-4f9c-8922-b1b2d1fb74f2,510,low_medium,1,44.897067,large_dark,56.803,False,False,True
baseline_verified_score,e2711620-6d4e-4f9c-8922-b1b2d1fb74f2,511,low_medium,1,44.544841,large_dark,56.115,False,False,True
baseline_verified_score,e2711620-6d4e-4f9c-8922-b1b2d1fb74f2,512,low_medium,1,44.156687,large_dark,56.081,False,False,True
baseline_verified_score,e2711620-6d4e-4f9c-8922-b1b2d1fb74f2,513,low_medium,1,43.793881,large_dark,56.117,False,False,True
baseline_verified_score,e2711620-6d4e-4f9c-8922-b1b2d1fb74f2,514,low_medium,1,44.980937,large_dark,26.127,False,False,True
baseline_verified_score,e2711620-6d4e-4f9c-8922-b1b2d1fb74f2,515,low_medium,1,47.449534,large_dark,26.161,False,False,True
baseline_verified_score,e2711620-6d4e-4f9c-8922-b1b2d1fb74f2,516,low_medium,1,48.049038,large_dark,25.615,False,False,True
baseline_verified_score,e2711620-6d4e-4f9c-8922-b1b2d1fb74f2,517,low_medium,1,52.718073,large_dark,25.507,False,False,True
baseline_verified_score,e2711620-6d4e-4f9c-8922-b1b2d1fb74f2,518,low_medium,1,52.38746,large_dark,25.541,False,False,True
baseline_verified_score,e2711620-6d4e-4f9c-8922-b1b2d1fb74f2,519,low_medium,1,51.918754,large_dark,25.532,False,False,True
baseline_verified_score,e2711620-6d4e-4f9c-8922-b1b2d1fb74f2,520,medium,1,51.464852,large_dark,25.567,False,False,True
baseline_verified_score,e2711620-6d4e-4f9c-8922-b1b2d1fb74f2,521,medium,1,51.117359,large_dark,25.062,False,False,True
baseline_verified_score,e2711620-6d4e-4f9c-8922-b1b2d1fb74f2,522,medium,1,47.811276,large_dark,20.075,False,False,True
baseline_verified_score,e2711620-6d4e-4f9c-8922-b1b2d1fb74f2,523,medium,1,40.871493,large_dark,57.078,False,False,True
baseline_verified_score,e2711620-6d4e-4f9c-8922-b1b2d1fb74f2,524,medium,1,46.797181,large_dark,19.621,False,False,True
baseline_verified_score,e2711620-6d4e-4f9c-8922-b1b2d1fb74f2,525,medium,1,40.289418,large_dark,57.657,False,False,True
baseline_verified_score,e2711620-6d4e-4f9c-8922-b1b2d1fb74f2,526,medium,1,40.464032,large_dark,2.682,True,True,True
baseline_verified_score,e2711620-6d4e-4f9c-8922-b1b2d1fb74f2,527,medium,1,40.602182,large_dark,1.83,True,True,True
baseline_verified_score,e2711620-6d4e-4f9c-8922-b1b2d1fb74f2,528,medium,1,41.067033,large_dark,1.785,True,True,True
baseline_verified_score,e2711620-6d4e-4f9c-8922-b1b2d1fb74f2,529,medium,1,42.279153,large_dark,1.012,True,True,True
baseline_verified_score,e2711620-6d4e-4f9c-8922-b1b2d1fb74f2,530,medium,1,43.065401,large_dark,0.948,True,True,True
baseline_verified_score,e2711620-6d4e-4f9c-8922-b1b2d1fb74f2,531,medium,1,44.909523,large_dark,1.236,True,True,True
baseline_verified_score,e2711620-6d4e-4f9c-8922-b1b2d1fb74f2,532,medium,1,48.340345,large_dark,1.631,True,True,True
baseline_verified_score,e2711620-6d4e-4f9c-8922-b1b2d1fb74f2,533,medium,1,49.814915,large_dark,1.6,True,True,True
baseline_verified_score,e2711620-6d4e-4f9c-8922-b1b2d1fb74f2,534,medium,1,53.65845,large_dark,1.06,True,True,True
baseline_verified_score,e2711620-6d4e-4f9c-8922-b1b2d1fb74f2,535,medium,1,54.720378,large_dark,1.032,True,True,True
baseline_verified_score,e2711620-6d4e-4f9c-8922-b1b2d1fb74f2,536,medium,1,58.063016,large_dark,2.52,True,True,True
baseline_verified_score,e2711620-6d4e-4f9c-8922-b1b2d1fb74f2,537,medium,1,63.714783,large_dark,1.991,True,True,True
baseline_verified_score,e2711620-6d4e-4f9c-8922-b1b2d1fb74f2,538,medium,1,65.766562,large_dark,1.945,True,True,True
baseline_verified_score,e2711620-6d4e-4f9c-8922-b1b2d1fb74f2,539,medium,1,70.08381,large_dark,1.416,True,True,True
baseline_verified_score,e2711620-6d4e-4f9c-8922-b1b2d1fb74f2,540,medium,1,75.847454,large_dark,1.368,True,True,True
baseline_verified_score,e2711620-6d4e-4f9c-8922-b1b2d1fb74f2,541,medium,1,76.567793,large_dark,2.901,True,True,True
baseline_verified_score,e2711620-6d4e-4f9c-8922-b1b2d1fb74f2,542,medium,1,80.013942,large_dark,1.431,True,True,True
baseline_verified_score,e2711620-6d4e-4f9c-8922-b1b2d1fb74f2,543,medium,1,80.781646,large_dark,1.387,True,True,True
baseline_verified_score,e2711620-6d4e-4f9c-8922-b1b2d1fb74f2,544,medium,1,83.947403,large_dark,1.799,True,True,True
baseline_verified_score,e2711620-6d4e-4f9c-8922-b1b2d1fb74f2,545,medium,1,83.775392,large_dark,1.756,True,True,True
baseline_verified_score,e2711620-6d4e-4f9c-8922-b1b2d1fb74f2,546,medium,1,81.577574,large_dark,1.14,True,True,True
baseline_verified_score,e2711620-6d4e-4f9c-8922-b1b2d1fb74f2,547,medium,1,79.626149,large_dark,0.614,True,True,True
baseline_verified_score,e2711620-6d4e-4f9c-8922-b1b2d1fb74f2,548,medium,1,79.202011,large_dark,0.581,True,True,True
baseline_verified_score,e2711620-6d4e-4f9c-8922-b1b2d1fb74f2,549,medium,1,78.442928,large_dark,0.155,True,True,True
baseline_verified_score,e2711620-6d4e-4f9c-8922-b1b2d1fb74f2,550,medium,1,78.08618,large_dark,0.2,True,True,True
baseline_verified_score,e2711620-6d4e-4f9c-8922-b1b2d1fb74f2,551,medium,1,77.977549,large_dark,1.493,True,True,True
baseline_verified_score,e2711620-6d4e-4f9c-8922-b1b2d1fb74f2,552,medium,1,76.548609,large_dark,1.447,True,True,True
baseline_verified_score,e2711620-6d4e-4f9c-8922-b1b2d1fb74f2,553,medium,1,75.342235,large_dark,1.412,True,True,True
baseline_verified_score,e2711620-6d4e-4f9c-8922-b1b2d1fb74f2,554,medium,1,74.426491,large_dark,1.865,True,True,True
baseline_verified_score,e2711620-6d4e-4f9c-8922-b1b2d1fb74f2,555,medium,1,74.325726,large_dark,1.832,True,True,True
baseline_verified_score,e2711620-6d4e-4f9c-8922-b1b2d1fb74f2,556,medium,1,67.683954,hybrid_coast,2.255,True,True,True
baseline_verified_score,e2711620-6d4e-4f9c-8922-b1b2d1fb74f2,557,medium,1,63.204152,hybrid_coast,3.74,True,True,True
baseline_verified_score,e2711620-6d4e-4f9c-8922-b1b2d1fb74f2,558,medium,1,57.813364,hybrid_coast,4.78,True,True,True
baseline_verified_score,e2711620-6d4e-4f9c-8922-b1b2d1fb74f2,559,medium,1,53.393808,large_dark,2.263,True,True,True
baseline_verified_score,e2711620-6d4e-4f9c-8922-b1b2d1fb74f2,560,medium,1,52.718673,large_dark,2.238,True,True,True
baseline_verified_score,e2711620-6d4e-4f9c-8922-b1b2d1fb74f2,561,medium,1,52.565737,large_dark,0.671,True,True,True
baseline_verified_score,e2711620-6d4e-4f9c-8922-b1b2d1fb74f2,562,medium,1,48.131274,map,3.201,True,True,True
baseline_verified_score,e2711620-6d4e-4f9c-8922-b1b2d1fb74f2,563,medium,1,41.708563,hybrid_coast,4.124,True,True,True
baseline_verified_score,e2711620-6d4e-4f9c-8922-b1b2d1fb74f2,564,medium,1,37.195623,hybrid_coast,3.257,True,True,True
baseline_verified_score,e2711620-6d4e-4f9c-8922-b1b2d1fb74f2,565,medium,1,41.229142,hybrid_coast,11.182,False,True,True
baseline_verified_score,e2711620-6d4e-4f9c-8922-b1b2d1fb74f2,566,medium,1,39.069227,large_dark,1.035,True,True,True
baseline_verified_score,e2711620-6d4e-4f9c-8922-b1b2d1fb74f2,567,medium,1,36.390146,large_dark,1.085,True,True,True
baseline_verified_score,e2711620-6d4e-4f9c-8922-b1b2d1fb74f2,568,medium,1,34.259387,large_dark,1.14,True,True,True
baseline_verified_score,e2711620-6d4e-4f9c-8922-b1b2d1fb74f2,569,medium,1,32.324004,large_dark,1.19,True,True,True
baseline_verified_score,e2711620-6d4e-4f9c-8922-b1b2d1fb74f2,570,medium,1,29.932248,large_dark,1.245,True,True,True
baseline_verified_score,e2711620-6d4e-4f9c-8922-b1b2d1fb74f2,571,medium,1,31.243446,large_dark,1.396,True,True,True
baseline_verified_score,e2711620-6d4e-4f9c-8922-b1b2d1fb74f2,572,medium,1,31.651782,large_dark,1.377,True,True,True
baseline_verified_score,e2711620-6d4e-4f9c-8922-b1b2d1fb74f2,573,medium,1,37.103358,large_dark,1.37,True,True,True
baseline_verified_score,e2711620-6d4e-4f9c-8922-b1b2d1fb74f2,574,medium,1,34.563093,large_dark,7.277,True,True,True
baseline_verified_score,e2711620-6d4e-4f9c-8922-b1b2d1fb74f2,575,medium,1,37.298728,large_dark,7.326,True,True,True
baseline_verified_score,e2711620-6d4e-4f9c-8922-b1b2d1fb74f2,576,medium,1,40.779769,large_dark,7.387,True,True,True
baseline_verified_score,e2711620-6d4e-4f9c-8922-b1b2d1fb74f2,577,medium,1,38.101192,hybrid_coast,4.128,True,True,True
baseline_verified_score,e2711620-6d4e-4f9c-8922-b1b2d1fb74f2,578,medium,1,37.599137,large_dark,1.341,True,True,True
baseline_verified_score,e2711620-6d4e-4f9c-8922-b1b2d1fb74f2,579,medium,1,39.65538,large_dark,7.082,True,True,True
baseline_verified_score,e2711620-6d4e-4f9c-8922-b1b2d1fb74f2,580,medium_high,1,45.271366,large_dark,3.536,True,True,True
baseline_verified_score,e2711620-6d4e-4f9c-8922-b1b2d1fb74f2,581,medium_high,1,48.568903,large_dark,3.486,True,True,True
baseline_verified_score,e2711620-6d4e-4f9c-8922-b1b2d1fb74f2,582,medium_high,1,64.355962,large_dark,4.54,True,True,True
baseline_verified_score,e2711620-6d4e-4f9c-8922-b1b2d1fb74f2,583,medium_high,1,69.300947,large_dark,4.547,True,True,True
baseline_verified_score,e2711620-6d4e-4f9c-8922-b1b2d1fb74f2,584,medium_high,1,64.150024,large_dark,3.338,True,True,True
baseline_verified_score,e2711620-6d4e-4f9c-8922-b1b2d1fb74f2,585,medium_high,1,64.332409,large_dark,3.288,True,True,True
baseline_verified_score,e2711620-6d4e-4f9c-8922-b1b2d1fb74f2,586,medium_high,1,70.730476,large_dark,3.534,True,True,True
baseline_verified_score,e2711620-6d4e-4f9c-8922-b1b2d1fb74f2,587,medium_high,1,78.23057,large_dark,3.489,True,True,True
baseline_verified_score,e2711620-6d4e-4f9c-8922-b1b2d1fb74f2,588,medium_high,1,78.539764,large_dark,3.444,True,True,True
baseline_verified_score,e2711620-6d4e-4f9c-8922-b1b2d1fb74f2,589,medium_high,1,78.188269,large_dark,3.944,True,True,True
baseline_verified_score,e2711620-6d4e-4f9c-8922-b1b2d1fb74f2,590,medium_high,1,78.246619,large_dark,3.905,True,True,True
baseline_verified_score,e2711620-6d4e-4f9c-8922-b1b2d1fb74f2,591,medium_high,1,83.007672,large_dark,3.867,True,True,True
baseline_verified_score,e2711620-6d4e-4f9c-8922-b1b2d1fb74f2,592,medium_high,1,84.347817,large_dark,3.829,True,True,True
baseline_verified_score,e2711620-6d4e-4f9c-8922-b1b2d1fb74f2,593,medium_high,1,90.694192,large_dark,3.791,True,True,True
baseline_verified_score,e2711620-6d4e-4f9c-8922-b1b2d1fb74f2,594,medium_high,1,91.148808,large_dark,3.754,True,True,True
baseline_verified_score,e2711620-6d4e-4f9c-8922-b1b2d1fb74f2,595,medium_high,1,91.901995,large_dark,3.717,True,True,True
baseline_verified_score,e2711620-6d4e-4f9c-8922-b1b2d1fb74f2,596,medium_high,1,86.048433,large_dark,4.42,True,True,True
baseline_verified_score,e2711620-6d4e-4f9c-8922-b1b2d1fb74f2,597,medium_high,1,81.159053,large_dark,4.39,True,True,True
baseline_verified_score,e2711620-6d4e-4f9c-8922-b1b2d1fb74f2,598,medium_high,1,79.902703,large_dark,4.36,True,True,True
baseline_verified_score,e2711620-6d4e-4f9c-8922-b1b2d1fb74f2,599,medium_high,1,75.665376,large_dark,5.172,True,True,True
baseline_verified_score,e2711620-6d4e-4f9c-8922-b1b2d1fb74f2,600,medium_high,1,74.233059,large_dark,5.148,True,True,True
baseline_verified_score,e2711620-6d4e-4f9c-8922-b1b2d1fb74f2,601,medium_high,1,71.413672,large_dark,4.995,True,True,True
baseline_verified_score,e2711620-6d4e-4f9c-8922-b1b2d1fb74f2,602,medium_high,1,69.731507,large_dark,4.854,True,True,True
baseline_verified_score,e2711620-6d4e-4f9c-8922-b1b2d1fb74f2,603,medium_high,1,67.93786,large_dark,4.725,True,True,True
baseline_verified_score,e2711620-6d4e-4f9c-8922-b1b2d1fb74f2,604,medium_high,1,66.008874,large_dark,5.408,True,True,True
baseline_verified_score,e2711620-6d4e-4f9c-8922-b1b2d1fb74f2,605,medium_high,1,67.132438,large_dark,5.275,True,True,True
baseline_verified_score,e2711620-6d4e-4f9c-8922-b1b2d1fb74f2,606,medium_high,1,67.5375,large_dark,5.963,True,True,True
baseline_verified_score,e2711620-6d4e-4f9c-8922-b1b2d1fb74f2,607,medium_high,1,62.147495,hybrid_coast,3.252,True,True,True
baseline_verified_score,e2711620-6d4e-4f9c-8922-b1b2d1fb74f2,608,medium_high,1,57.734486,hybrid_coast,3.162,True,True,True
baseline_verified_score,e2711620-6d4e-4f9c-8922-b1b2d1fb74f2,609,medium_high,1,57.165901,large_dark,5.586,True,True,True
baseline_verified_score,e2711620-6d4e-4f9c-8922-b1b2d1fb74f2,610,medium_high,1,59.094839,large_dark,5.483,True,True,True
baseline_verified_score,e2711620-6d4e-4f9c-8922-b1b2d1fb74f2,611,high,1,60.610411,large_dark,5.392,True,True,True
baseline_verified_score,e2711620-6d4e-4f9c-8922-b1b2d1fb74f2,612,high,1,57.280213,map,1.118,True,True,True
baseline_verified_score,e2711620-6d4e-4f9c-8922-b1b2d1fb74f2,613,high,1,53.107489,hybrid_coast,0.451,True,True,True
baseline_verified_score,e2711620-6d4e-4f9c-8922-b1b2d1fb74f2,614,high,1,51.332129,large_dark,5.154,True,True,True
baseline_verified_score,e2711620-6d4e-4f9c-8922-b1b2d1fb74f2,615,high,1,55.04724,large_dark,5.045,True,True,True
baseline_verified_score,e2711620-6d4e-4f9c-8922-b1b2d1fb74f2,616,high,1,57.747234,hybrid_coast,5.148,True,True,True
baseline_verified_score,e2711620-6d4e-4f9c-8922-b1b2d1fb74f2,617,high,1,63.817975,large_dark,4.995,True,True,True
baseline_verified_score,e2711620-6d4e-4f9c-8922-b1b2d1fb74f2,618,high,1,66.41644,large_dark,4.854,True,True,True
baseline_verified_score,e2711620-6d4e-4f9c-8922-b1b2d1fb74f2,619,high,1,70.988401,large_dark,4.725,True,True,True
baseline_verified_score,e2711620-6d4e-4f9c-8922-b1b2d1fb74f2,620,high,1,72.186062,large_dark,4.61,True,True,True
baseline_verified_score,e2711620-6d4e-4f9c-8922-b1b2d1fb74f2,621,high,1,79.436315,large_dark,4.464,True,True,True
baseline_verified_score,e2711620-6d4e-4f9c-8922-b1b2d1fb74f2,622,high,1,88.721402,large_dark,4.319,True,True,True
baseline_verified_score,e2711620-6d4e-4f9c-8922-b1b2d1fb74f2,623,high,1,90.671013,large_dark,4.174,True,True,True
baseline_verified_score,e2711620-6d4e-4f9c-8922-b1b2d1fb74f2,624,high,1,91.246069,large_dark,3.413,True,True,True
baseline_verified_score,e2711620-6d4e-4f9c-8922-b1b2d1fb74f2,625,high,1,99.152036,large_dark,3.26,True,True,True
baseline_verified_score,e2711620-6d4e-4f9c-8922-b1b2d1fb74f2,626,high,1,100.789212,large_dark,3.106,True,True,True
baseline_verified_score,e2711620-6d4e-4f9c-8922-b1b2d1fb74f2,627,high,1,101.68317,large_dark,2.954,True,True,True
baseline_verified_score,e2711620-6d4e-4f9c-8922-b1b2d1fb74f2,628,high,1,101.626976,large_dark,2.802,True,True,True
baseline_verified_score,e2711620-6d4e-4f9c-8922-b1b2d1fb74f2,629,high,1,100.577206,large_dark,3.511,True,True,True
baseline_verified_score,e2711620-6d4e-4f9c-8922-b1b2d1fb74f2,630,high,1,100.536866,large_dark,3.354,True,True,True
baseline_verified_score,e2711620-6d4e-4f9c-8922-b1b2d1fb74f2,631,high,1,99.871923,large_dark,3.198,True,True,True
baseline_verified_score,e2711620-6d4e-4f9c-8922-b1b2d1fb74f2,632,high,1,98.439121,large_dark,4.41,True,True,True
baseline_verified_score,e2711620-6d4e-4f9c-8922-b1b2d1fb74f2,633,high,1,97.662178,large_dark,4.257,True,True,True
baseline_verified_score,e2711620-6d4e-4f9c-8922-b1b2d1fb74f2,634,high,1,97.691781,large_dark,4.105,True,True,True
baseline_verified_score,e2711620-6d4e-4f9c-8922-b1b2d1fb74f2,635,high,1,97.102663,large_dark,3.953,True,True,True
baseline_verified_score,e2711620-6d4e-4f9c-8922-b1b2d1fb74f2,636,high,1,96.434174,large_dark,3.801,True,True,True
baseline_verified_score,e2711620-6d4e-4f9c-8922-b1b2d1fb74f2,637,high,1,94.307211,large_dark,4.497,True,True,True
baseline_verified_score,e2711620-6d4e-4f9c-8922-b1b2d1fb74f2,638,high,1,94.176405,large_dark,4.342,True,True,True
baseline_verified_score,e2711620-6d4e-4f9c-8922-b1b2d1fb74f2,639,high,1,91.996841,large_dark,5.561,True,True,True
baseline_verified_score,e2711620-6d4e-4f9c-8922-b1b2d1fb74f2,640,high,1,91.294206,large_dark,5.408,True,True,True
baseline_verified_score,e2711620-6d4e-4f9c-8922-b1b2d1fb74f2,641,high,1,84.623137,large_dark,0.832,True,True,True
baseline_verified_score,e2711620-6d4e-4f9c-8922-b1b2d1fb74f2,642,high,1,79.985874,large_dark,5.968,True,True,True
baseline_verified_score,e2711620-6d4e-4f9c-8922-b1b2d1fb74f2,643,high,1,78.512984,large_dark,5.571,True,True,True
baseline_verified_score,e2711620-6d4e-4f9c-8922-b1b2d1fb74f2,644,high,1,72.51628,large_dark,0.361,True,True,True
baseline_verified_score,e2711620-6d4e-4f9c-8922-b1b2d1fb74f2,645,high,1,70.899979,large_dark,0.559,True,True,True
baseline_verified_score,e2711620-6d4e-4f9c-8922-b1b2d1fb74f2,646,high,1,70.123856,large_dark,0.762,True,True,True
baseline_verified_score,e2711620-6d4e-4f9c-8922-b1b2d1fb74f2,647,high,1,69.149965,large_dark,1.591,True,True,True
baseline_verified_score,e2711620-6d4e-4f9c-8922-b1b2d1fb74f2,648,high,1,69.750136,large_dark,1.836,True,True,True
baseline_verified_score,e2711620-6d4e-4f9c-8922-b1b2d1fb74f2,649,high,1,64.536285,large_dark,3.885,True,True,True
baseline_verified_score,e2711620-6d4e-4f9c-8922-b1b2d1fb74f2,650,high,1,71.310763,large_dark,4.301,True,True,True
baseline_verified_score,e2711620-6d4e-4f9c-8922-b1b2d1fb74f2,651,high,1,70.848326,large_dark,3.324,True,True,True
baseline_verified_score,e2711620-6d4e-4f9c-8922-b1b2d1fb74f2,652,high,1,66.7767,large_dark,3.178,True,True,True
baseline_verified_score,e2711620-6d4e-4f9c-8922-b1b2d1fb74f2,653,high,1,68.015231,large_dark,3.981,True,True,True
baseline_verified_score,e2711620-6d4e-4f9c-8922-b1b2d1fb74f2,654,high,1,63.821066,large_dark,4.785,True,True,True
baseline_verified_score,e2711620-6d4e-4f9c-8922-b1b2d1fb74f2,655,high,1,60.325079,large_dark,5.59,True,True,True
baseline_verified_score,e2711620-6d4e-4f9c-8922-b1b2d1fb74f2,656,high,1,53.266947,hybrid_coast,6.297,True,True,True
baseline_verified_score,e2711620-6d4e-4f9c-8922-b1b2d1fb74f2,657,high,1,48.119432,large_dark,1.432,True,True,True
baseline_verified_score,e2711620-6d4e-4f9c-8922-b1b2d1fb74f2,658,high,1,48.219898,large_dark,1.703,True,True,True
baseline_verified_score,e2711620-6d4e-4f9c-8922-b1b2d1fb74f2,659,high,1,42.945843,hybrid_coast,0.949,True,True,True
baseline_verified_score,e2711620-6d4e-4f9c-8922-b1b2d1fb74f2,660,high,1,39.880927,large_dark,3.808,True,True,True
baseline_verified_score,e2711620-6d4e-4f9c-8922-b1b2d1fb74f2,661,high,1,38.738555,large_dark,3.431,True,True,True
baseline_verified_score,e2711620-6d4e-4f9c-8922-b1b2d1fb74f2,662,high,1,37.974828,large_dark,21.012,False,False,True
baseline_verified_score,e2711620-6d4e-4f9c-8922-b1b2d1fb74f2,663,high,1,35.122392,large_dark,3.969,True,True,True
baseline_verified_score,e2711620-6d4e-4f9c-8922-b1b2d1fb74f2,664,high,1,38.041019,large_dark,20.5,False,False,True
baseline_verified_score,e2711620-6d4e-4f9c-8922-b1b2d1fb74f2,665,high,1,36.568776,large_dark,4.507,True,True,True
baseline_verified_score,e2711620-6d4e-4f9c-8922-b1b2d1fb74f2,666,high,1,34.293554,large_dark,22.557,False,False,True
baseline_verified_score,e2711620-6d4e-4f9c-8922-b1b2d1fb74f2,667,high,1,40.239264,large_dark,22.918,False,False,True
baseline_verified_score,e2711620-6d4e-4f9c-8922-b1b2d1fb74f2,668,high,1,41.101878,large_dark,22.741,False,False,True
baseline_verified_score,e2711620-6d4e-4f9c-8922-b1b2d1fb74f2,669,high,1,43.480367,large_dark,23.194,False,False,True
baseline_verified_score,e2711620-6d4e-4f9c-8922-b1b2d1fb74f2,670,high,1,44.660828,large_dark,23.049,False,False,True
baseline_verified_score,e2711620-6d4e-4f9c-8922-b1b2d1fb74f2,671,high,1,45.423758,large_dark,23.232,False,False,True
baseline_verified_score,e2711620-6d4e-4f9c-8922-b1b2d1fb74f2,672,high,1,45.58322,large_dark,24.824,False,False,True
baseline_verified_score,e2711620-6d4e-4f9c-8922-b1b2d1fb74f2,673,high,1,46.3585,large_dark,25.048,False,False,True
baseline_verified_score,e2711620-6d4e-4f9c-8922-b1b2d1fb74f2,674,high,1,46.725202,large_dark,25.279,False,False,True
baseline_verified_score,e2711620-6d4e-4f9c-8922-b1b2d1fb74f2,675,high,1,46.788528,large_dark,25.517,False,False,True
baseline_verified_score,e2711620-6d4e-4f9c-8922-b1b2d1fb74f2,676,medium_high,1,46.600104,large_dark,27.321,False,False,True
baseline_verified_score,e2711620-6d4e-4f9c-8922-b1b2d1fb74f2,677,medium_high,1,46.9704,large_dark,27.59,False,False,True
baseline_verified_score,e2711620-6d4e-4f9c-8922-b1b2d1fb74f2,678,medium_high,1,47.204572,large_dark,27.865,False,False,True
baseline_verified_score,e2711620-6d4e-4f9c-8922-b1b2d1fb74f2,679,medium_high,1,47.379787,large_dark,28.969,False,False,True
baseline_verified_score,e2711620-6d4e-4f9c-8922-b1b2d1fb74f2,680,medium_high,1,47.345189,large_dark,29.262,False,False,True
baseline_verified_score,e2711620-6d4e-4f9c-8922-b1b2d1fb74f2,681,medium_high,1,47.561333,large_dark,28.276,False,False,True
baseline_verified_score,e2711620-6d4e-4f9c-8922-b1b2d1fb74f2,682,medium_high,1,47.385897,large_dark,28.97,False,False,True
baseline_verified_score,e2711620-6d4e-4f9c-8922-b1b2d1fb74f2,683,medium_high,1,47.387472,large_dark,28.829,False,False,True
baseline_verified_score,e2711620-6d4e-4f9c-8922-b1b2d1fb74f2,684,medium_high,1,45.712673,large_dark,29.558,False,False,True
baseline_verified_score,e2711620-6d4e-4f9c-8922-b1b2d1fb74f2,685,medium_high,1,45.737777,large_dark,29.43,False,False,True
baseline_verified_score,e2711620-6d4e-4f9c-8922-b1b2d1fb74f2,686,medium_high,1,45.552255,large_dark,29.306,False,False,True
baseline_verified_score,e2711620-6d4e-4f9c-8922-b1b2d1fb74f2,687,medium_high,1,44.99454,large_dark,30.075,False,False,True
baseline_verified_score,e2711620-6d4e-4f9c-8922-b1b2d1fb74f2,688,medium_high,1,44.578573,large_dark,29.964,False,False,True
baseline_verified_score,e2711620-6d4e-4f9c-8922-b1b2d1fb74f2,689,medium_high,1,42.696834,large_dark,30.762,False,False,True
baseline_verified_score,e2711620-6d4e-4f9c-8922-b1b2d1fb74f2,690,medium_high,1,42.256018,large_dark,30.663,False,False,True
baseline_verified_score,e2711620-6d4e-4f9c-8922-b1b2d1fb74f2,691,medium_high,1,41.818788,large_dark,30.12,False,False,True
baseline_verified_score,e2711620-6d4e-4f9c-8922-b1b2d1fb74f2,692,medium_high,1,41.320971,large_dark,29.972,False,False,True
baseline_verified_score,e2711620-6d4e-4f9c-8922-b1b2d1fb74f2,693,medium_high,1,41.043318,large_dark,29.815,False,False,True
baseline_verified_score,e2711620-6d4e-4f9c-8922-b1b2d1fb74f2,694,medium_high,1,38.547285,hybrid_coast,27.542,False,False,True
baseline_verified_score,e2711620-6d4e-4f9c-8922-b1b2d1fb74f2,695,medium_high,1,36.988713,large_dark,19.99,False,False,True
baseline_verified_score,e2711620-6d4e-4f9c-8922-b1b2d1fb74f2,696,medium_high,1,36.979081,large_dark,21.03,False,False,True
baseline_verified_score,e2711620-6d4e-4f9c-8922-b1b2d1fb74f2,697,medium_high,1,36.749362,large_dark,21.268,False,False,True
baseline_verified_score,e2711620-6d4e-4f9c-8922-b1b2d1fb74f2,698,medium_high,1,37.585165,large_dark,13.946,False,True,True
logistic,1c1258a1-d0f6-433e-9466-dbc1705fa263,25,medium_high,2,0.850535,appearance,0.406,True,True,True
logistic,1c1258a1-d0f6-433e-9466-dbc1705fa263,26,medium_high,1,0.981618,map,1.471,True,True,True
logistic,1c1258a1-d0f6-433e-9466-dbc1705fa263,27,medium_high,1,0.966043,map,2.798,True,True,True
logistic,1c1258a1-d0f6-433e-9466-dbc1705fa263,28,medium_high,14,0.999943,map,199.087,False,False,True
logistic,1c1258a1-d0f6-433e-9466-dbc1705fa263,29,medium_high,13,0.999763,map,198.33,False,False,True
logistic,1c1258a1-d0f6-433e-9466-dbc1705fa263,30,high,12,0.999398,map,199.28,False,False,True
logistic,1c1258a1-d0f6-433e-9466-dbc1705fa263,31,high,3,0.999946,map,12.748,False,True,True
logistic,1c1258a1-d0f6-433e-9466-dbc1705fa263,32,high,2,0.999913,map,0.0,True,True,True
logistic,1c1258a1-d0f6-433e-9466-dbc1705fa263,33,high,1,0.999962,appearance,3.808,True,True,True
logistic,1c1258a1-d0f6-433e-9466-dbc1705fa263,34,high,2,0.998961,map,0.0,True,True,True
logistic,1c1258a1-d0f6-433e-9466-dbc1705fa263,35,high,1,0.999965,appearance,3.354,True,True,True
logistic,1c1258a1-d0f6-433e-9466-dbc1705fa263,36,high,1,0.999982,map,0.0,True,True,True
logistic,1c1258a1-d0f6-433e-9466-dbc1705fa263,37,high,2,0.999888,map,0.0,True,True,True
logistic,1c1258a1-d0f6-433e-9466-dbc1705fa263,38,high,1,0.999994,map,0.0,True,True,True
logistic,1c1258a1-d0f6-433e-9466-dbc1705fa263,39,high,1,0.998895,appearance,0.0,True,True,True
logistic,1c1258a1-d0f6-433e-9466-dbc1705fa263,40,high,1,0.999981,map,0.0,True,True,True
logistic,1c1258a1-d0f6-433e-9466-dbc1705fa263,41,high,1,0.999995,map,0.0,True,True,True
logistic,1c1258a1-d0f6-433e-9466-dbc1705fa263,42,high,2,0.999976,map,0.0,True,True,True
logistic,1c1258a1-d0f6-433e-9466-dbc1705fa263,43,high,1,0.999992,map,0.0,True,True,True
logistic,1c1258a1-d0f6-433e-9466-dbc1705fa263,44,high,2,0.99995,map,0.0,True,True,True
logistic,1c1258a1-d0f6-433e-9466-dbc1705fa263,45,high,1,0.999946,map,0.0,True,True,True
logistic,1c1258a1-d0f6-433e-9466-dbc1705fa263,46,high,5,0.999992,map,185.031,False,False,True
logistic,1c1258a1-d0f6-433e-9466-dbc1705fa263,47,high,6,0.99994,map,184.712,False,False,True
logistic,1c1258a1-d0f6-433e-9466-dbc1705fa263,48,high,1,0.999998,map,0.0,True,True,True
logistic,1c1258a1-d0f6-433e-9466-dbc1705fa263,49,high,2,0.999999,map,0.0,True,True,True
logistic,1c1258a1-d0f6-433e-9466-dbc1705fa263,50,high,1,1.0,map,0.0,True,True,True
logistic,1c1258a1-d0f6-433e-9466-dbc1705fa263,51,high,2,1.0,map,3.536,True,True,True
logistic,1c1258a1-d0f6-433e-9466-dbc1705fa263,52,high,2,1.0,map,0.0,True,True,True
logistic,1c1258a1-d0f6-433e-9466-dbc1705fa263,53,high,3,1.0,map,11.068,False,True,True
logistic,1c1258a1-d0f6-433e-9466-dbc1705fa263,54,high,2,1.0,map,0.0,True,True,True
logistic,1c1258a1-d0f6-433e-9466-dbc1705fa263,55,high,2,1.0,map,7.649,True,True,True
logistic,1c1258a1-d0f6-433e-9466-dbc1705fa263,56,high,2,1.0,map,5.701,True,True,True
logistic,1c1258a1-d0f6-433e-9466-dbc1705fa263,57,high,2,1.0,map,7.106,True,True,True
logistic,1c1258a1-d0f6-433e-9466-dbc1705fa263,58,high,1,1.0,map,4.95,True,True,True
logistic,1c1258a1-d0f6-433e-9466-dbc1705fa263,59,high,1,1.0,map,6.364,True,True,True
logistic,1c1258a1-d0f6-433e-9466-dbc1705fa263,60,high,1,1.0,map,3.536,True,True,True
logistic,1c1258a1-d0f6-433e-9466-dbc1705fa263,61,high,2,1.0,map,6.519,True,True,True
logistic,1c1258a1-d0f6-433e-9466-dbc1705fa263,62,high,3,1.0,map,5.701,True,True,True
logistic,1c1258a1-d0f6-433e-9466-dbc1705fa263,63,high,4,1.0,map,6.519,True,True,True
logistic,1c1258a1-d0f6-433e-9466-dbc1705fa263,64,high,2,1.0,map,6.042,True,True,True
logistic,1c1258a1-d0f6-433e-9466-dbc1705fa263,65,high,2,1.0,map,3.808,True,True,True
logistic,1c1258a1-d0f6-433e-9466-dbc1705fa263,66,high,4,1.0,map,4.528,True,True,True
logistic,1c1258a1-d0f6-433e-9466-dbc1705fa263,67,high,4,1.0,map,6.964,True,True,True
logistic,1c1258a1-d0f6-433e-9466-dbc1705fa263,68,high,2,1.0,map,6.042,True,True,True
logistic,1c1258a1-d0f6-433e-9466-dbc1705fa263,69,high,2,1.0,map,9.301,False,True,True
logistic,1c1258a1-d0f6-433e-9466-dbc1705fa263,70,high,1,1.0,map,6.964,True,True,True
logistic,1c1258a1-d0f6-433e-9466-dbc1705fa263,71,high,7,1.0,map,3.536,True,True,True
logistic,1c1258a1-d0f6-433e-9466-dbc1705fa263,72,high,6,1.0,map,4.528,True,True,True
logistic,1c1258a1-d0f6-433e-9466-dbc1705fa263,73,high,6,1.0,map,5.701,True,True,True
logistic,1c1258a1-d0f6-433e-9466-dbc1705fa263,74,high,3,1.0,map,12.083,False,True,True
logistic,1c1258a1-d0f6-433e-9466-dbc1705fa263,75,high,4,1.0,map,6.964,True,True,True
logistic,1c1258a1-d0f6-433e-9466-dbc1705fa263,76,high,2,1.0,map,3.808,True,True,True
logistic,1c1258a1-d0f6-433e-9466-dbc1705fa263,77,high,3,1.0,map,7.778,True,True,True
logistic,1c1258a1-d0f6-433e-9466-dbc1705fa263,78,high,3,1.0,map,6.519,True,True,True
logistic,1c1258a1-d0f6-433e-9466-dbc1705fa263,79,high,2,1.0,map,10.512,False,True,True
logistic,1c1258a1-d0f6-433e-9466-dbc1705fa263,80,high,2,1.0,map,7.906,True,True,True
logistic,1c1258a1-d0f6-433e-9466-dbc1705fa263,81,high,2,1.0,map,7.382,True,True,True
logistic,1c1258a1-d0f6-433e-9466-dbc1705fa263,82,high,2,1.0,map,0.0,True,True,True
logistic,1c1258a1-d0f6-433e-9466-dbc1705fa263,83,high,3,1.0,map,6.519,True,True,True
logistic,1c1258a1-d0f6-433e-9466-dbc1705fa263,84,high,3,1.0,map,8.746,False,True,True
logistic,1c1258a1-d0f6-433e-9466-dbc1705fa263,85,high,2,1.0,map,6.519,True,True,True
logistic,1c1258a1-d0f6-433e-9466-dbc1705fa263,86,high,2,1.0,map,7.906,True,True,True
logistic,1c1258a1-d0f6-433e-9466-dbc1705fa263,87,high,2,1.0,map,0.0,True,True,True
logistic,1c1258a1-d0f6-433e-9466-dbc1705fa263,88,high,2,1.0,map,5.148,True,True,True
logistic,1c1258a1-d0f6-433e-9466-dbc1705fa263,89,high,3,1.0,map,7.382,True,True,True
logistic,1c1258a1-d0f6-433e-9466-dbc1705fa263,90,high,4,1.0,map,6.364,True,True,True
logistic,1c1258a1-d0f6-433e-9466-dbc1705fa263,91,high,4,1.0,map,8.515,False,True,True
logistic,1c1258a1-d0f6-433e-9466-dbc1705fa263,92,high,4,0.999999,map,10.7,False,True,True
logistic,1c1258a1-d0f6-433e-9466-dbc1705fa263,93,high,4,0.999999,map,9.823,False,True,True
logistic,1c1258a1-d0f6-433e-9466-dbc1705fa263,94,high,1,0.999994,map,0.0,True,True,True
logistic,1c1258a1-d0f6-433e-9466-dbc1705fa263,95,high,1,0.999981,map,0.0,True,True,True
logistic,1c1258a1-d0f6-433e-9466-dbc1705fa263,96,medium_high,1,0.99998,map,2.709,True,True,True
logistic,1c1258a1-d0f6-433e-9466-dbc1705fa263,97,medium_high,2,0.999733,map,3.425,True,True,True
logistic,1c1258a1-d0f6-433e-9466-dbc1705fa263,98,medium_high,8,0.999788,map,5.137,True,True,True
logistic,1c1258a1-d0f6-433e-9466-dbc1705fa263,99,medium_high,27,0.997188,map,6.85,True,True,True
logistic,1c1258a1-d0f6-433e-9466-dbc1705fa263,100,medium_high,2,0.999908,map,7.621,True,True,True
logistic,1c1258a1-d0f6-433e-9466-dbc1705fa263,101,medium_high,1,0.999899,map,5.325,True,True,True
logistic,1c1258a1-d0f6-433e-9466-dbc1705fa263,102,medium_high,2,0.999993,map,8.974,False,True,True
logistic,1c1258a1-d0f6-433e-9466-dbc1705fa263,103,medium_high,1,0.999966,map,9.662,False,True,True
logistic,1c1258a1-d0f6-433e-9466-dbc1705fa263,104,medium_high,2,0.999963,map,11.448,False,True,True
logistic,1c1258a1-d0f6-433e-9466-dbc1705fa263,105,medium_high,4,0.999981,map,12.381,False,True,True
logistic,1c1258a1-d0f6-433e-9466-dbc1705fa263,106,medium_high,3,0.999984,map,15.317,False,True,True
logistic,1c1258a1-d0f6-433e-9466-dbc1705fa263,107,medium_high,4,0.999932,map,18.255,False,False,True
logistic,1c1258a1-d0f6-433e-9466-dbc1705fa263,108,medium_high,1,0.999997,map,4.295,True,True,True
logistic,1c1258a1-d0f6-433e-9466-dbc1705fa263,109,medium_high,2,0.999989,map,3.872,True,True,True
logistic,1c1258a1-d0f6-433e-9466-dbc1705fa263,110,medium_high,5,0.99997,map,13.315,False,True,True
logistic,1c1258a1-d0f6-433e-9466-dbc1705fa263,111,medium_high,2,0.999978,map,9.441,False,True,True
logistic,1c1258a1-d0f6-433e-9466-dbc1705fa263,112,medium_high,10,0.999894,map,12.42,False,True,True
logistic,1c1258a1-d0f6-433e-9466-dbc1705fa263,113,medium_high,3,0.999755,map,11.316,False,True,True
logistic,1c1258a1-d0f6-433e-9466-dbc1705fa263,114,medium_high,2,0.999884,map,13.378,False,True,True
logistic,1c1258a1-d0f6-433e-9466-dbc1705fa263,115,medium_high,2,0.999984,map,6.87,True,True,True
logistic,1c1258a1-d0f6-433e-9466-dbc1705fa263,116,medium_high,2,0.999876,map,8.065,False,True,True
logistic,1c1258a1-d0f6-433e-9466-dbc1705fa263,117,high,2,0.999955,map,6.519,True,True,True
logistic,1c1258a1-d0f6-433e-9466-dbc1705fa263,118,high,3,0.99998,map,6.364,True,True,True
logistic,1c1258a1-d0f6-433e-9466-dbc1705fa263,119,high,3,0.999766,map,7.81,True,True,True
logistic,1c1258a1-d0f6-433e-9466-dbc1705fa263,120,high,2,0.999731,map,5.701,True,True,True
logistic,1c1258a1-d0f6-433e-9466-dbc1705fa263,121,high,3,0.999877,map,7.649,True,True,True
logistic,1c1258a1-d0f6-433e-9466-dbc1705fa263,122,high,2,0.999943,map,5.701,True,True,True
logistic,1c1258a1-d0f6-433e-9466-dbc1705fa263,123,high,2,0.999968,map,5.701,True,True,True
logistic,1c1258a1-d0f6-433e-9466-dbc1705fa263,124,high,2,0.999906,map,0.0,True,True,True
logistic,1c1258a1-d0f6-433e-9466-dbc1705fa263,125,high,3,0.999906,map,7.906,True,True,True
logistic,1c1258a1-d0f6-433e-9466-dbc1705fa263,126,high,3,0.999641,map,7.382,True,True,True
logistic,1c1258a1-d0f6-433e-9466-dbc1705fa263,127,high,3,0.998516,map,11.424,False,True,True
logistic,1c1258a1-d0f6-433e-9466-dbc1705fa263,128,high,1,0.98503,map,0.0,True,True,True
logistic,1c1258a1-d0f6-433e-9466-dbc1705fa263,129,high,2,0.988095,map,0.0,True,True,True
logistic,1c1258a1-d0f6-433e-9466-dbc1705fa263,130,high,3,0.989464,map,3.162,True,True,True
logistic,1c1258a1-d0f6-433e-9466-dbc1705fa263,131,high,1,0.803539,appearance,0.0,True,True,True
logistic,1c1258a1-d0f6-433e-9466-dbc1705fa263,132,high,1,0.932233,map,0.0,True,True,True
logistic,1c1258a1-d0f6-433e-9466-dbc1705fa263,133,high,1,0.958491,map,0.0,True,True,True
logistic,1c1258a1-d0f6-433e-9466-dbc1705fa263,134,high,2,0.947405,map,0.0,True,True,True
logistic,1c1258a1-d0f6-433e-9466-dbc1705fa263,135,high,3,0.926301,map,3.162,True,True,True
logistic,1c1258a1-d0f6-433e-9466-dbc1705fa263,136,high,2,0.907852,map,0.0,True,True,True
logistic,1c1258a1-d0f6-433e-9466-dbc1705fa263,137,high,1,0.759121,map,0.0,True,True,True
logistic,1c1258a1-d0f6-433e-9466-dbc1705fa263,138,high,1,0.844941,map,0.0,True,True,True
logistic,1c1258a1-d0f6-433e-9466-dbc1705fa263,139,high,2,0.857011,map,0.0,True,True,True
logistic,1c1258a1-d0f6-433e-9466-dbc1705fa263,140,high,1,0.736333,map,0.0,True,True,True
logistic,1c1258a1-d0f6-433e-9466-dbc1705fa263,141,high,2,0.812254,map,0.0,True,True,True
logistic,1c1258a1-d0f6-433e-9466-dbc1705fa263,142,high,1,0.499772,map,0.0,True,True,True
logistic,1c1258a1-d0f6-433e-9466-dbc1705fa263,143,high,1,0.535813,map,0.0,True,True,True
logistic,1c1258a1-d0f6-433e-9466-dbc1705fa263,144,high,2,0.515237,map,0.0,True,True,True
logistic,1c1258a1-d0f6-433e-9466-dbc1705fa263,145,high,1,0.548106,map,0.0,True,True,True
logistic,1c1258a1-d0f6-433e-9466-dbc1705fa263,146,high,2,0.639908,map,0.0,True,True,True
logistic,1c1258a1-d0f6-433e-9466-dbc1705fa263,147,high,1,0.255685,map,0.0,True,True,True
logistic,1c1258a1-d0f6-433e-9466-dbc1705fa263,148,high,1,0.398347,map,0.0,True,True,True
logistic,1c1258a1-d0f6-433e-9466-dbc1705fa263,149,high,2,0.371118,map,0.0,True,True,True
logistic,1c1258a1-d0f6-433e-9466-dbc1705fa263,150,high,1,0.301391,map,0.0,True,True,True
logistic,1c1258a1-d0f6-433e-9466-dbc1705fa263,151,high,2,0.442862,map,0.0,True,True,True
logistic,1c1258a1-d0f6-433e-9466-dbc1705fa263,152,high,3,0.354788,map,3.606,True,True,True
logistic,1c1258a1-d0f6-433e-9466-dbc1705fa263,153,high,1,0.791963,map,3.808,True,True,True
logistic,1c1258a1-d0f6-433e-9466-dbc1705fa263,154,high,2,0.294179,map,0.0,True,True,True
logistic,1c1258a1-d0f6-433e-9466-dbc1705fa263,155,high,3,0.325492,map,3.162,True,True,True
logistic,1c1258a1-d0f6-433e-9466-dbc1705fa263,156,high,2,0.299439,map,0.0,True,True,True
logistic,1c1258a1-d0f6-433e-9466-dbc1705fa263,157,high,1,0.173483,map,0.0,True,True,True
logistic,1c1258a1-d0f6-433e-9466-dbc1705fa263,158,high,1,0.275242,map,0.0,True,True,True
logistic,1c1258a1-d0f6-433e-9466-dbc1705fa263,159,high,2,0.302527,map,0.0,True,True,True
logistic,1c1258a1-d0f6-433e-9466-dbc1705fa263,160,high,3,0.516849,map,8.515,False,True,True
logistic,1c1258a1-d0f6-433e-9466-dbc1705fa263,161,high,3,0.28446,map,11.511,False,True,True
logistic,1c1258a1-d0f6-433e-9466-dbc1705fa263,162,high,2,0.63875,map,8.631,False,True,True
logistic,1c1258a1-d0f6-433e-9466-dbc1705fa263,163,high,2,0.64732,map,10.607,False,True,True
logistic,1c1258a1-d0f6-433e-9466-dbc1705fa263,164,high,2,0.572425,map,0.0,True,True,True
logistic,1c1258a1-d0f6-433e-9466-dbc1705fa263,165,high,1,0.612366,map,0.0,True,True,True
logistic,1c1258a1-d0f6-433e-9466-dbc1705fa263,166,high,1,0.639226,map,0.0,True,True,True
logistic,1c1258a1-d0f6-433e-9466-dbc1705fa263,167,high,1,0.504153,map,0.0,True,True,True
logistic,1c1258a1-d0f6-433e-9466-dbc1705fa263,168,high,1,0.697663,map,0.0,True,True,True
logistic,1c1258a1-d0f6-433e-9466-dbc1705fa263,169,high,2,0.713863,map,0.0,True,True,True
logistic,1c1258a1-d0f6-433e-9466-dbc1705fa263,170,high,1,0.721873,map,0.0,True,True,True
logistic,1c1258a1-d0f6-433e-9466-dbc1705fa263,171,high,2,0.708013,map,0.0,True,True,True
logistic,1c1258a1-d0f6-433e-9466-dbc1705fa263,172,high,1,0.375804,map,0.0,True,True,True
logistic,1c1258a1-d0f6-433e-9466-dbc1705fa263,173,high,1,0.670425,map,0.0,True,True,True
logistic,1c1258a1-d0f6-433e-9466-dbc1705fa263,174,high,2,0.66308,map,0.0,True,True,True
logistic,1c1258a1-d0f6-433e-9466-dbc1705fa263,175,high,1,0.616287,map,0.0,True,True,True
logistic,1c1258a1-d0f6-433e-9466-dbc1705fa263,176,high,2,0.687525,map,0.0,True,True,True
logistic,1c1258a1-d0f6-433e-9466-dbc1705fa263,177,high,1,0.483685,map,0.0,True,True,True
logistic,1c1258a1-d0f6-433e-9466-dbc1705fa263,178,high,1,0.824199,map,0.0,True,True,True
logistic,1c1258a1-d0f6-433e-9466-dbc1705fa263,179,high,1,0.93808,map,0.0,True,True,True
logistic,1c1258a1-d0f6-433e-9466-dbc1705fa263,180,high,1,0.895161,map,0.0,True,True,True
logistic,1c1258a1-d0f6-433e-9466-dbc1705fa263,181,high,1,0.957657,map,0.0,True,True,True
logistic,1c1258a1-d0f6-433e-9466-dbc1705fa263,182,high,1,0.833632,map,0.0,True,True,True
logistic,1c1258a1-d0f6-433e-9466-dbc1705fa263,183,high,1,0.935872,map,0.0,True,True,True
logistic,1c1258a1-d0f6-433e-9466-dbc1705fa263,184,high,2,0.924888,map,0.0,True,True,True
logistic,1c1258a1-d0f6-433e-9466-dbc1705fa263,185,high,1,0.974513,map,0.0,True,True,True
logistic,1c1258a1-d0f6-433e-9466-dbc1705fa263,186,high,2,0.967582,map,0.0,True,True,True
logistic,1c1258a1-d0f6-433e-9466-dbc1705fa263,187,high,1,0.949545,map,0.0,True,True,True
logistic,1c1258a1-d0f6-433e-9466-dbc1705fa263,188,high,1,0.977817,map,0.0,True,True,True
logistic,1c1258a1-d0f6-433e-9466-dbc1705fa263,189,high,1,0.997957,map,1.581,True,True,True
logistic,1c1258a1-d0f6-433e-9466-dbc1705fa263,190,high,2,0.998754,map,1.581,True,True,True
logistic,1c1258a1-d0f6-433e-9466-dbc1705fa263,191,high,2,0.998775,map,1.581,True,True,True
logistic,1c1258a1-d0f6-433e-9466-dbc1705fa263,192,high,1,0.981305,map,0.0,True,True,True
logistic,1c1258a1-d0f6-433e-9466-dbc1705fa263,193,high,2,0.985566,map,4.123,True,True,True
logistic,1c1258a1-d0f6-433e-9466-dbc1705fa263,194,high,2,0.972739,map,6.325,True,True,True
logistic,1c1258a1-d0f6-433e-9466-dbc1705fa263,195,high,1,0.943227,map,0.0,True,True,True
logistic,1c1258a1-d0f6-433e-9466-dbc1705fa263,196,high,1,0.993879,map,0.0,True,True,True
logistic,1c1258a1-d0f6-433e-9466-dbc1705fa263,197,high,2,0.993074,map,0.707,True,True,True
logistic,1c1258a1-d0f6-433e-9466-dbc1705fa263,198,high,3,0.992836,map,4.528,True,True,True
logistic,1c1258a1-d0f6-433e-9466-dbc1705fa263,199,high,1,0.978275,map,0.0,True,True,True
logistic,1c1258a1-d0f6-433e-9466-dbc1705fa263,200,high,2,0.992099,map,1.581,True,True,True
logistic,1c1258a1-d0f6-433e-9466-dbc1705fa263,201,high,2,0.980511,map,2.55,True,True,True
logistic,1c1258a1-d0f6-433e-9466-dbc1705fa263,202,high,1,0.411327,map,0.0,True,True,True
logistic,1c1258a1-d0f6-433e-9466-dbc1705fa263,203,high,1,0.604061,map,0.0,True,True,True
logistic,1c1258a1-d0f6-433e-9466-dbc1705fa263,204,high,2,0.276359,map,0.0,True,True,True
logistic,1c1258a1-d0f6-433e-9466-dbc1705fa263,205,high,1,0.192296,map,0.0,True,True,True
logistic,1c1258a1-d0f6-433e-9466-dbc1705fa263,206,high,1,0.460833,map,0.0,True,True,True
logistic,1c1258a1-d0f6-433e-9466-dbc1705fa263,207,high,2,0.54748,map,3.808,True,True,True
logistic,1c1258a1-d0f6-433e-9466-dbc1705fa263,208,high,2,0.593126,map,5.148,True,True,True
logistic,1c1258a1-d0f6-433e-9466-dbc1705fa263,209,high,1,0.098468,appearance,0.0,True,True,True
logistic,1c1258a1-d0f6-433e-9466-dbc1705fa263,210,high,1,0.437777,map,0.0,True,True,True
logistic,1c1258a1-d0f6-433e-9466-dbc1705fa263,211,high,2,0.534446,map,0.0,True,True,True
logistic,1c1258a1-d0f6-433e-9466-dbc1705fa263,212,high,1,0.73092,map,0.0,True,True,True
logistic,1c1258a1-d0f6-433e-9466-dbc1705fa263,213,high,2,0.825067,map,3.0,True,True,True
logistic,1c1258a1-d0f6-433e-9466-dbc1705fa263,214,high,1,0.633006,appearance,0.0,True,True,True
logistic,1c1258a1-d0f6-433e-9466-dbc1705fa263,215,high,1,0.90693,map,0.0,True,True,True
logistic,1c1258a1-d0f6-433e-9466-dbc1705fa263,216,high,1,0.988169,map,1.581,True,True,True
logistic,1c1258a1-d0f6-433e-9466-dbc1705fa263,217,high,2,0.984959,map,2.121,True,True,True
logistic,1c1258a1-d0f6-433e-9466-dbc1705fa263,218,high,2,0.99277,map,3.536,True,True,True
logistic,1c1258a1-d0f6-433e-9466-dbc1705fa263,219,high,2,0.783482,map,0.0,True,True,True
logistic,1c1258a1-d0f6-433e-9466-dbc1705fa263,220,high,1,0.729591,map,0.0,True,True,True
logistic,1c1258a1-d0f6-433e-9466-dbc1705fa263,221,high,1,0.321436,appearance,0.0,True,True,True
logistic,1c1258a1-d0f6-433e-9466-dbc1705fa263,222,high,1,0.382836,map,0.0,True,True,True
logistic,1c1258a1-d0f6-433e-9466-dbc1705fa263,223,high,1,0.85686,map,3.536,True,True,True
logistic,1c1258a1-d0f6-433e-9466-dbc1705fa263,224,high,1,0.028583,appearance,0.0,True,True,True
logistic,1c1258a1-d0f6-433e-9466-dbc1705fa263,225,high,1,0.895023,map,3.536,True,True,True
logistic,1c1258a1-d0f6-433e-9466-dbc1705fa263,226,high,1,0.102422,appearance,0.0,True,True,True
logistic,1c1258a1-d0f6-433e-9466-dbc1705fa263,227,high,1,0.934534,map,0.0,True,True,True
logistic,1c1258a1-d0f6-433e-9466-dbc1705fa263,228,high,1,0.977319,map,0.0,True,True,True
logistic,1c1258a1-d0f6-433e-9466-dbc1705fa263,229,high,2,0.906153,map,3.5,True,True,True
logistic,1c1258a1-d0f6-433e-9466-dbc1705fa263,230,high,1,0.990466,map,0.0,True,True,True
logistic,1c1258a1-d0f6-433e-9466-dbc1705fa263,231,high,4,0.966686,map,12.748,False,True,True
logistic,1c1258a1-d0f6-433e-9466-dbc1705fa263,232,high,24,0.619786,map,16.225,False,False,True
logistic,1c1258a1-d0f6-433e-9466-dbc1705fa263,233,high,2,0.998278,map,0.0,True,True,True
logistic,1c1258a1-d0f6-433e-9466-dbc1705fa263,234,medium_high,1,0.498688,appearance,2.0,True,True,True
logistic,1c1258a1-d0f6-433e-9466-dbc1705fa263,235,medium_high,1,0.563049,appearance,2.001,True,True,True
logistic,1c1258a1-d0f6-433e-9466-dbc1705fa263,236,medium_high,1,0.884731,appearance,2.532,True,True,True
logistic,1c1258a1-d0f6-433e-9466-dbc1705fa263,237,medium_high,3,0.828052,map,5.668,True,True,True
logistic,1c1258a1-d0f6-433e-9466-dbc1705fa263,238,medium_high,20,0.686366,map,6.905,True,True,True
logistic,1c1258a1-d0f6-433e-9466-dbc1705fa263,239,medium_high,24,0.570278,map,8.194,False,True,True
logistic,1c1258a1-d0f6-433e-9466-dbc1705fa263,240,medium_high,9,0.009152,map,114.17,False,False,True
logistic,1c1258a1-d0f6-433e-9466-dbc1705fa263,241,medium_high,5,0.060599,map,106.754,False,False,True
logistic,1c1258a1-d0f6-433e-9466-dbc1705fa263,242,medium_high,15,0.045373,map,106.944,False,False,True
logistic,1c1258a1-d0f6-433e-9466-dbc1705fa263,243,medium_high,43,0.000108,map,5.08,True,True,True
logistic,1c1258a1-d0f6-433e-9466-dbc1705fa263,244,medium_high,43,0.000631,map,4.145,True,True,True
logistic,1c1258a1-d0f6-433e-9466-dbc1705fa263,245,medium_high,1,0.000849,map,190.174,False,False,True
logistic,1c1258a1-d0f6-433e-9466-dbc1705fa263,246,medium_high,2,0.005276,map,189.989,False,False,True
logistic,1c1258a1-d0f6-433e-9466-dbc1705fa263,247,medium_high,12,0.00488,map,189.808,False,False,True
logistic,1c1258a1-d0f6-433e-9466-dbc1705fa263,248,medium_high,9,0.031118,appearance,7.382,True,True,True
logistic,1c1258a1-d0f6-433e-9466-dbc1705fa263,249,medium_high,5,0.052738,map,108.58,False,False,True
logistic,1c1258a1-d0f6-433e-9466-dbc1705fa263,250,medium_high,18,0.044841,map,108.81,False,False,True
logistic,1c1258a1-d0f6-433e-9466-dbc1705fa263,251,medium_high,1,0.004687,appearance,5.951,True,True,True
logistic,1c1258a1-d0f6-433e-9466-dbc1705fa263,252,medium_high,26,0.385059,map,4.37,True,True,True
logistic,1c1258a1-d0f6-433e-9466-dbc1705fa263,253,medium_high,1,0.716294,map,8.769,False,True,True
logistic,1c1258a1-d0f6-433e-9466-dbc1705fa263,254,medium_high,2,0.753747,map,9.407,False,True,True
logistic,1c1258a1-d0f6-433e-9466-dbc1705fa263,255,medium_high,1,0.638287,map,8.723,False,True,True
logistic,1c1258a1-d0f6-433e-9466-dbc1705fa263,256,medium_high,1,0.815589,map,8.692,False,True,True
logistic,1c1258a1-d0f6-433e-9466-dbc1705fa263,257,medium_high,2,0.676756,map,8.668,False,True,True
logistic,1c1258a1-d0f6-433e-9466-dbc1705fa263,258,medium_high,1,0.041041,appearance,4.862,True,True,True
logistic,1c1258a1-d0f6-433e-9466-dbc1705fa263,259,medium_high,1,0.006767,appearance,3.714,True,True,True
logistic,1c1258a1-d0f6-433e-9466-dbc1705fa263,260,medium_high,1,0.987935,map,2.1,True,True,True
logistic,1c1258a1-d0f6-433e-9466-dbc1705fa263,261,medium_high,2,0.99075,map,1.465,True,True,True
logistic,1c1258a1-d0f6-433e-9466-dbc1705fa263,262,medium_high,1,0.998666,map,0.03,True,True,True
logistic,1c1258a1-d0f6-433e-9466-dbc1705fa263,263,high,1,0.999215,map,0.0,True,True,True
logistic,1c1258a1-d0f6-433e-9466-dbc1705fa263,264,high,2,0.999699,map,0.0,True,True,True
logistic,1c1258a1-d0f6-433e-9466-dbc1705fa263,265,high,1,0.99994,map,0.0,True,True,True
logistic,1c1258a1-d0f6-433e-9466-dbc1705fa263,266,high,2,0.999914,map,0.0,True,True,True
logistic,1c1258a1-d0f6-433e-9466-dbc1705fa263,267,high,1,0.999971,map,0.0,True,True,True
logistic,1c1258a1-d0f6-433e-9466-dbc1705fa263,268,high,1,0.999979,map,0.0,True,True,True
logistic,1c1258a1-d0f6-433e-9466-dbc1705fa263,269,high,2,0.999987,map,0.0,True,True,True
logistic,1c1258a1-d0f6-433e-9466-dbc1705fa263,270,high,1,0.999991,map,0.0,True,True,True
logistic,1c1258a1-d0f6-433e-9466-dbc1705fa263,271,high,2,0.999991,map,0.0,True,True,True
logistic,1c1258a1-d0f6-433e-9466-dbc1705fa263,272,high,1,0.999984,map,0.0,True,True,True
logistic,1c1258a1-d0f6-433e-9466-dbc1705fa263,273,high,1,0.999982,map,0.0,True,True,True
logistic,1c1258a1-d0f6-433e-9466-dbc1705fa263,274,high,2,0.999979,map,0.0,True,True,True
logistic,1c1258a1-d0f6-433e-9466-dbc1705fa263,275,high,1,0.999971,map,0.0,True,True,True
logistic,1c1258a1-d0f6-433e-9466-dbc1705fa263,276,high,2,0.999969,map,0.0,True,True,True
logistic,1c1258a1-d0f6-433e-9466-dbc1705fa263,277,high,1,0.999977,map,0.0,True,True,True
logistic,1c1258a1-d0f6-433e-9466-dbc1705fa263,278,high,1,0.999991,map,0.0,True,True,True
logistic,1c1258a1-d0f6-433e-9466-dbc1705fa263,279,high,2,0.999989,map,0.0,True,True,True
logistic,1c1258a1-d0f6-433e-9466-dbc1705fa263,280,high,1,0.999986,map,0.0,True,True,True
logistic,1c1258a1-d0f6-433e-9466-dbc1705fa263,281,high,2,0.999982,map,0.0,True,True,True
logistic,1c1258a1-d0f6-433e-9466-dbc1705fa263,282,high,2,0.999991,map,3.536,True,True,True
logistic,1c1258a1-d0f6-433e-9466-dbc1705fa263,283,high,2,0.999998,map,3.536,True,True,True
logistic,1c1258a1-d0f6-433e-9466-dbc1705fa263,284,high,3,0.999995,map,4.528,True,True,True
logistic,1c1258a1-d0f6-433e-9466-dbc1705fa263,285,high,2,1.0,map,3.808,True,True,True
logistic,1c1258a1-d0f6-433e-9466-dbc1705fa263,286,high,3,0.999998,map,5.148,True,True,True
logistic,1c1258a1-d0f6-433e-9466-dbc1705fa263,287,high,3,0.999992,map,5.701,True,True,True
logistic,1c1258a1-d0f6-433e-9466-dbc1705fa263,288,high,1,0.999998,map,0.0,True,True,True
logistic,1c1258a1-d0f6-433e-9466-dbc1705fa263,289,high,2,0.999994,map,0.0,True,True,True
logistic,1c1258a1-d0f6-433e-9466-dbc1705fa263,290,high,3,1.0,map,3.536,True,True,True
logistic,1c1258a1-d0f6-433e-9466-dbc1705fa263,291,high,3,0.999999,map,5.701,True,True,True
logistic,1c1258a1-d0f6-433e-9466-dbc1705fa263,292,high,2,1.0,map,3.808,True,True,True
logistic,1c1258a1-d0f6-433e-9466-dbc1705fa263,293,high,2,0.999999,map,4.743,True,True,True
logistic,1c1258a1-d0f6-433e-9466-dbc1705fa263,294,high,3,0.999997,map,6.964,True,True,True
logistic,1c1258a1-d0f6-433e-9466-dbc1705fa263,295,high,4,0.999998,map,7.382,True,True,True
logistic,1c1258a1-d0f6-433e-9466-dbc1705fa263,296,high,2,0.99999,map,0.0,True,True,True
logistic,1c1258a1-d0f6-433e-9466-dbc1705fa263,297,high,2,0.999999,map,3.808,True,True,True
logistic,1c1258a1-d0f6-433e-9466-dbc1705fa263,298,high,4,0.999998,map,1.581,True,True,True
logistic,1c1258a1-d0f6-433e-9466-dbc1705fa263,299,high,5,0.999991,map,1.581,True,True,True
logistic,1c1258a1-d0f6-433e-9466-dbc1705fa263,300,high,5,0.999953,map,8.86,False,True,True
logistic,1c1258a1-d0f6-433e-9466-dbc1705fa263,301,high,3,0.999547,map,9.618,False,True,True
logistic,1c1258a1-d0f6-433e-9466-dbc1705fa263,302,high,1,0.998615,map,0.0,True,True,True
logistic,1c1258a1-d0f6-433e-9466-dbc1705fa263,303,high,1,1.0,map,3.536,True,True,True
logistic,1c1258a1-d0f6-433e-9466-dbc1705fa263,304,high,2,1.0,map,3.808,True,True,True
logistic,1c1258a1-d0f6-433e-9466-dbc1705fa263,305,high,2,1.0,map,4.528,True,True,True
logistic,1c1258a1-d0f6-433e-9466-dbc1705fa263,306,high,3,1.0,map,3.536,True,True,True
logistic,1c1258a1-d0f6-433e-9466-dbc1705fa263,307,high,1,1.0,map,0.0,True,True,True
logistic,1c1258a1-d0f6-433e-9466-dbc1705fa263,308,high,7,1.0,map,200.934,False,False,True
logistic,1c1258a1-d0f6-433e-9466-dbc1705fa263,309,high,5,1.0,map,201.302,False,False,True
logistic,1c1258a1-d0f6-433e-9466-dbc1705fa263,310,high,15,1.0,map,200.321,False,False,True
logistic,1c1258a1-d0f6-433e-9466-dbc1705fa263,311,high,4,1.0,map,7.649,True,True,True
logistic,1c1258a1-d0f6-433e-9466-dbc1705fa263,312,high,16,0.999999,map,192.797,False,False,True
logistic,1c1258a1-d0f6-433e-9466-dbc1705fa263,313,high,2,1.0,map,5.148,True,True,True
logistic,1c1258a1-d0f6-433e-9466-dbc1705fa263,314,high,2,1.0,map,7.106,True,True,True
logistic,1c1258a1-d0f6-433e-9466-dbc1705fa263,315,high,2,1.0,map,3.808,True,True,True
logistic,1c1258a1-d0f6-433e-9466-dbc1705fa263,316,high,3,1.0,map,5.701,True,True,True
logistic,1c1258a1-d0f6-433e-9466-dbc1705fa263,317,high,3,1.0,map,3.808,True,True,True
logistic,1c1258a1-d0f6-433e-9466-dbc1705fa263,318,high,1,1.0,map,3.808,True,True,True
logistic,1c1258a1-d0f6-433e-9466-dbc1705fa263,319,high,1,1.0,map,7.382,True,True,True
logistic,1c1258a1-d0f6-433e-9466-dbc1705fa263,320,high,2,1.0,map,4.301,True,True,True
logistic,1c1258a1-d0f6-433e-9466-dbc1705fa263,321,high,4,1.0,map,3.808,True,True,True
logistic,1c1258a1-d0f6-433e-9466-dbc1705fa263,322,high,5,1.0,map,4.743,True,True,True
logistic,1c1258a1-d0f6-433e-9466-dbc1705fa263,323,high,2,1.0,map,4.301,True,True,True
logistic,1c1258a1-d0f6-433e-9466-dbc1705fa263,324,high,3,1.0,map,5.701,True,True,True
logistic,1c1258a1-d0f6-433e-9466-dbc1705fa263,325,high,3,1.0,map,12.981,False,True,True
logistic,1c1258a1-d0f6-433e-9466-dbc1705fa263,326,high,3,1.0,map,18.069,False,False,True
logistic,1c1258a1-d0f6-433e-9466-dbc1705fa263,327,high,3,1.0,map,5.099,True,True,True
logistic,1c1258a1-d0f6-433e-9466-dbc1705fa263,328,high,1,1.0,map,0.0,True,True,True
logistic,1c1258a1-d0f6-433e-9466-dbc1705fa263,329,high,1,1.0,map,0.0,True,True,True
logistic,1c1258a1-d0f6-433e-9466-dbc1705fa263,330,high,2,1.0,map,0.0,True,True,True
logistic,1c1258a1-d0f6-433e-9466-dbc1705fa263,331,high,3,1.0,map,2.693,True,True,True
logistic,1c1258a1-d0f6-433e-9466-dbc1705fa263,332,high,1,0.999996,map,10.7,False,True,True
logistic,1c1258a1-d0f6-433e-9466-dbc1705fa263,333,high,3,1.0,map,14.765,False,True,True
logistic,1c1258a1-d0f6-433e-9466-dbc1705fa263,334,high,14,1.0,map,16.8,False,False,False
logistic,1c1258a1-d0f6-433e-9466-dbc1705fa263,335,high,4,1.0,map,13.865,False,True,True
logistic,1c1258a1-d0f6-433e-9466-dbc1705fa263,336,high,7,1.0,map,15.0,False,True,True
logistic,1c1258a1-d0f6-433e-9466-dbc1705fa263,337,high,4,1.0,map,14.5,False,True,True
logistic,1c1258a1-d0f6-433e-9466-dbc1705fa263,338,high,5,1.0,map,13.901,False,True,True
logistic,1c1258a1-d0f6-433e-9466-dbc1705fa263,339,high,13,1.0,map,14.916,False,True,False
logistic,1c1258a1-d0f6-433e-9466-dbc1705fa263,340,high,1,1.0,map,12.53,False,True,True
logistic,1c1258a1-d0f6-433e-9466-dbc1705fa263,341,high,2,0.999999,map,12.806,False,True,False
logistic,1c1258a1-d0f6-433e-9466-dbc1705fa263,342,high,1,0.999998,map,13.454,False,True,False
logistic,1c1258a1-d0f6-433e-9466-dbc1705fa263,343,high,1,1.0,map,12.53,False,True,True
logistic,1c1258a1-d0f6-433e-9466-dbc1705fa263,344,high,15,0.99972,map,7.762,True,True,True
logistic,1c1258a1-d0f6-433e-9466-dbc1705fa263,345,high,1,0.999998,map,12.298,False,True,True
logistic,1c1258a1-d0f6-433e-9466-dbc1705fa263,346,high,4,0.999944,map,9.487,False,True,False
logistic,529a6584-8974-4cf9-b7f7-f66d49cd3845,37,high,1,0.999813,map,0.0,True,True,True
logistic,529a6584-8974-4cf9-b7f7-f66d49cd3845,38,high,1,0.999994,map,0.0,True,True,True
logistic,529a6584-8974-4cf9-b7f7-f66d49cd3845,39,high,2,0.999992,map,3.606,True,True,True
logistic,529a6584-8974-4cf9-b7f7-f66d49cd3845,40,high,1,0.999988,map,0.0,True,True,True
logistic,529a6584-8974-4cf9-b7f7-f66d49cd3845,41,high,2,0.99999,map,4.472,True,True,True
logistic,529a6584-8974-4cf9-b7f7-f66d49cd3845,42,high,1,0.999991,map,0.0,True,True,True
logistic,529a6584-8974-4cf9-b7f7-f66d49cd3845,43,high,1,0.999997,map,0.0,True,True,True
logistic,529a6584-8974-4cf9-b7f7-f66d49cd3845,44,high,2,0.999998,map,0.0,True,True,True
logistic,529a6584-8974-4cf9-b7f7-f66d49cd3845,45,high,1,0.999996,map,0.0,True,True,True
logistic,529a6584-8974-4cf9-b7f7-f66d49cd3845,46,high,2,0.999998,map,0.0,True,True,True
logistic,529a6584-8974-4cf9-b7f7-f66d49cd3845,47,high,1,0.999997,map,0.0,True,True,True
logistic,529a6584-8974-4cf9-b7f7-f66d49cd3845,48,high,1,0.999999,map,0.0,True,True,True
logistic,529a6584-8974-4cf9-b7f7-f66d49cd3845,49,high,1,0.999965,map,0.0,True,True,True
logistic,529a6584-8974-4cf9-b7f7-f66d49cd3845,50,high,1,0.999998,map,0.0,True,True,True
logistic,529a6584-8974-4cf9-b7f7-f66d49cd3845,51,high,1,0.999963,map,0.0,True,True,True
logistic,529a6584-8974-4cf9-b7f7-f66d49cd3845,52,high,1,0.999997,map,0.0,True,True,True
logistic,529a6584-8974-4cf9-b7f7-f66d49cd3845,53,high,1,0.999999,map,0.0,True,True,True
logistic,529a6584-8974-4cf9-b7f7-f66d49cd3845,54,high,1,0.999971,map,0.0,True,True,True
logistic,529a6584-8974-4cf9-b7f7-f66d49cd3845,55,high,3,0.999999,map,8.86,False,True,True
logistic,529a6584-8974-4cf9-b7f7-f66d49cd3845,56,high,2,0.999997,map,0.0,True,True,True
logistic,529a6584-8974-4cf9-b7f7-f66d49cd3845,57,high,1,0.999993,map,0.0,True,True,True
logistic,529a6584-8974-4cf9-b7f7-f66d49cd3845,58,high,1,0.999998,map,0.0,True,True,True
logistic,529a6584-8974-4cf9-b7f7-f66d49cd3845,59,high,2,0.999996,map,0.0,True,True,True
logistic,529a6584-8974-4cf9-b7f7-f66d49cd3845,60,high,1,0.999997,map,0.0,True,True,True
logistic,529a6584-8974-4cf9-b7f7-f66d49cd3845,61,high,2,0.999993,map,0.0,True,True,True
logistic,529a6584-8974-4cf9-b7f7-f66d49cd3845,62,high,1,0.999993,map,0.0,True,True,True
logistic,529a6584-8974-4cf9-b7f7-f66d49cd3845,63,high,1,0.999998,map,0.0,True,True,True
logistic,529a6584-8974-4cf9-b7f7-f66d49cd3845,64,high,2,0.999998,map,0.0,True,True,True
logistic,529a6584-8974-4cf9-b7f7-f66d49cd3845,65,high,1,0.999997,map,0.0,True,True,True
logistic,529a6584-8974-4cf9-b7f7-f66d49cd3845,66,high,2,0.999997,map,0.0,True,True,True
logistic,529a6584-8974-4cf9-b7f7-f66d49cd3845,67,high,2,1.0,map,4.743,True,True,True
logistic,529a6584-8974-4cf9-b7f7-f66d49cd3845,68,high,2,1.0,map,5.701,True,True,True
logistic,529a6584-8974-4cf9-b7f7-f66d49cd3845,69,high,2,0.999999,map,7.106,True,True,True
logistic,529a6584-8974-4cf9-b7f7-f66d49cd3845,70,high,1,0.999997,map,4.95,True,True,True
logistic,529a6584-8974-4cf9-b7f7-f66d49cd3845,71,high,2,0.999992,map,3.808,True,True,True
logistic,529a6584-8974-4cf9-b7f7-f66d49cd3845,72,high,2,1.0,map,3.808,True,True,True
logistic,529a6584-8974-4cf9-b7f7-f66d49cd3845,73,high,2,1.0,map,4.301,True,True,True
logistic,529a6584-8974-4cf9-b7f7-f66d49cd3845,74,high,2,1.0,map,3.536,True,True,True
logistic,529a6584-8974-4cf9-b7f7-f66d49cd3845,75,high,3,1.0,map,5.701,True,True,True
logistic,529a6584-8974-4cf9-b7f7-f66d49cd3845,76,high,3,1.0,map,7.106,True,True,True
logistic,529a6584-8974-4cf9-b7f7-f66d49cd3845,77,high,1,1.0,map,4.743,True,True,True
logistic,529a6584-8974-4cf9-b7f7-f66d49cd3845,78,high,2,0.999999,map,0.0,True,True,True
logistic,529a6584-8974-4cf9-b7f7-f66d49cd3845,79,high,2,0.99999,map,5.701,True,True,True
logistic,529a6584-8974-4cf9-b7f7-f66d49cd3845,80,high,2,1.0,map,0.0,True,True,True
logistic,529a6584-8974-4cf9-b7f7-f66d49cd3845,81,high,2,0.999998,map,4.95,True,True,True
logistic,529a6584-8974-4cf9-b7f7-f66d49cd3845,82,high,2,1.0,map,0.0,True,True,True
logistic,529a6584-8974-4cf9-b7f7-f66d49cd3845,83,high,3,1.0,map,5.701,True,True,True
logistic,529a6584-8974-4cf9-b7f7-f66d49cd3845,84,high,4,1.0,map,7.106,True,True,True
logistic,529a6584-8974-4cf9-b7f7-f66d49cd3845,85,high,3,1.0,map,5.701,True,True,True
logistic,529a6584-8974-4cf9-b7f7-f66d49cd3845,86,high,4,1.0,map,7.106,True,True,True
logistic,529a6584-8974-4cf9-b7f7-f66d49cd3845,87,high,1,1.0,map,4.95,True,True,True
logistic,529a6584-8974-4cf9-b7f7-f66d49cd3845,88,high,3,1.0,map,5.701,True,True,True
logistic,529a6584-8974-4cf9-b7f7-f66d49cd3845,89,high,3,1.0,map,0.0,True,True,True
logistic,529a6584-8974-4cf9-b7f7-f66d49cd3845,90,high,2,1.0,map,5.701,True,True,True
logistic,529a6584-8974-4cf9-b7f7-f66d49cd3845,91,high,3,1.0,map,6.964,True,True,True
logistic,529a6584-8974-4cf9-b7f7-f66d49cd3845,92,high,2,1.0,map,5.701,True,True,True
logistic,529a6584-8974-4cf9-b7f7-f66d49cd3845,93,high,3,1.0,map,3.808,True,True,True
logistic,529a6584-8974-4cf9-b7f7-f66d49cd3845,94,high,4,1.0,map,4.743,True,True,True
logistic,529a6584-8974-4cf9-b7f7-f66d49cd3845,95,high,1,1.0,map,0.0,True,True,True
logistic,529a6584-8974-4cf9-b7f7-f66d49cd3845,96,high,2,0.999999,map,0.0,True,True,True
logistic,529a6584-8974-4cf9-b7f7-f66d49cd3845,97,high,2,1.0,map,4.301,True,True,True
logistic,529a6584-8974-4cf9-b7f7-f66d49cd3845,98,high,2,1.0,map,3.536,True,True,True
logistic,529a6584-8974-4cf9-b7f7-f66d49cd3845,99,high,3,1.0,map,6.0,True,True,True
logistic,529a6584-8974-4cf9-b7f7-f66d49cd3845,100,high,1,0.999999,map,0.0,True,True,True
logistic,529a6584-8974-4cf9-b7f7-f66d49cd3845,101,high,2,0.999999,map,0.0,True,True,True
logistic,529a6584-8974-4cf9-b7f7-f66d49cd3845,102,high,1,1.0,map,0.0,True,True,True
logistic,529a6584-8974-4cf9-b7f7-f66d49cd3845,103,high,1,1.0,map,0.0,True,True,True
logistic,529a6584-8974-4cf9-b7f7-f66d49cd3845,104,high,1,0.999814,appearance,0.0,True,True,True
logistic,529a6584-8974-4cf9-b7f7-f66d49cd3845,105,high,1,1.0,map,0.0,True,True,True
logistic,529a6584-8974-4cf9-b7f7-f66d49cd3845,106,high,2,0.999985,map,0.0,True,True,True
logistic,529a6584-8974-4cf9-b7f7-f66d49cd3845,107,high,1,1.0,map,0.0,True,True,True
logistic,529a6584-8974-4cf9-b7f7-f66d49cd3845,108,high,1,1.0,map,0.0,True,True,True
logistic,529a6584-8974-4cf9-b7f7-f66d49cd3845,109,high,2,0.999999,map,0.0,True,True,True
logistic,529a6584-8974-4cf9-b7f7-f66d49cd3845,110,high,4,0.999999,map,3.162,True,True,True
logistic,529a6584-8974-4cf9-b7f7-f66d49cd3845,111,high,2,0.999988,map,0.0,True,True,True
logistic,529a6584-8974-4cf9-b7f7-f66d49cd3845,112,high,1,0.999989,map,0.0,True,True,True
logistic,529a6584-8974-4cf9-b7f7-f66d49cd3845,113,high,2,1.0,map,3.536,True,True,True
logistic,529a6584-8974-4cf9-b7f7-f66d49cd3845,114,high,3,1.0,map,4.743,True,True,True
logistic,529a6584-8974-4cf9-b7f7-f66d49cd3845,115,high,5,1.0,map,2.55,True,True,True
logistic,529a6584-8974-4cf9-b7f7-f66d49cd3845,116,high,2,0.999995,map,0.0,True,True,True
logistic,529a6584-8974-4cf9-b7f7-f66d49cd3845,117,high,1,0.999995,map,0.0,True,True,True
logistic,529a6584-8974-4cf9-b7f7-f66d49cd3845,118,high,1,0.999999,map,0.0,True,True,True
logistic,529a6584-8974-4cf9-b7f7-f66d49cd3845,119,high,2,0.999999,map,0.0,True,True,True
logistic,529a6584-8974-4cf9-b7f7-f66d49cd3845,120,high,4,0.999999,map,3.606,True,True,True
logistic,529a6584-8974-4cf9-b7f7-f66d49cd3845,121,high,2,0.999995,map,0.0,True,True,True
logistic,529a6584-8974-4cf9-b7f7-f66d49cd3845,122,high,1,0.999999,map,0.0,True,True,True
logistic,529a6584-8974-4cf9-b7f7-f66d49cd3845,123,high,1,1.0,map,0.0,True,True,True
logistic,529a6584-8974-4cf9-b7f7-f66d49cd3845,124,high,2,0.999999,map,0.0,True,True,True
logistic,529a6584-8974-4cf9-b7f7-f66d49cd3845,125,high,2,1.0,map,3.536,True,True,True
logistic,529a6584-8974-4cf9-b7f7-f66d49cd3845,126,high,3,1.0,map,4.528,True,True,True
logistic,529a6584-8974-4cf9-b7f7-f66d49cd3845,127,high,1,0.999998,map,0.0,True,True,True
logistic,529a6584-8974-4cf9-b7f7-f66d49cd3845,128,high,1,0.999999,map,0.0,True,True,True
logistic,529a6584-8974-4cf9-b7f7-f66d49cd3845,129,high,2,0.999999,map,0.0,True,True,True
logistic,529a6584-8974-4cf9-b7f7-f66d49cd3845,130,high,3,1.0,map,3.536,True,True,True
logistic,529a6584-8974-4cf9-b7f7-f66d49cd3845,131,high,4,1.0,map,4.95,True,True,True
logistic,529a6584-8974-4cf9-b7f7-f66d49cd3845,132,high,6,1.0,map,6.364,True,True,True
logistic,529a6584-8974-4cf9-b7f7-f66d49cd3845,133,high,1,0.999994,map,0.0,True,True,True
logistic,529a6584-8974-4cf9-b7f7-f66d49cd3845,134,high,2,0.999991,map,0.0,True,True,True
logistic,529a6584-8974-4cf9-b7f7-f66d49cd3845,135,high,1,0.99997,map,8.062,False,True,True
logistic,529a6584-8974-4cf9-b7f7-f66d49cd3845,136,high,2,0.999968,map,10.296,False,True,True
logistic,529a6584-8974-4cf9-b7f7-f66d49cd3845,137,high,3,0.999912,map,4.0,True,True,True
logistic,529a6584-8974-4cf9-b7f7-f66d49cd3845,138,high,3,0.999994,map,3.808,True,True,True
logistic,529a6584-8974-4cf9-b7f7-f66d49cd3845,139,high,4,0.999991,map,9.055,False,True,True
logistic,529a6584-8974-4cf9-b7f7-f66d49cd3845,140,high,1,1.0,map,7.906,True,True,True
logistic,529a6584-8974-4cf9-b7f7-f66d49cd3845,141,high,2,1.0,map,9.823,False,True,True
logistic,529a6584-8974-4cf9-b7f7-f66d49cd3845,142,high,6,1.0,map,5.701,True,True,True
logistic,529a6584-8974-4cf9-b7f7-f66d49cd3845,143,high,5,1.0,map,4.301,True,True,True
logistic,529a6584-8974-4cf9-b7f7-f66d49cd3845,144,high,6,0.999999,map,5.148,True,True,True
logistic,529a6584-8974-4cf9-b7f7-f66d49cd3845,145,high,7,0.999998,map,6.708,True,True,True
logistic,529a6584-8974-4cf9-b7f7-f66d49cd3845,146,high,2,0.999996,map,0.0,True,True,True
logistic,529a6584-8974-4cf9-b7f7-f66d49cd3845,147,high,1,0.999997,map,0.0,True,True,True
logistic,529a6584-8974-4cf9-b7f7-f66d49cd3845,148,high,1,0.999999,map,0.0,True,True,True
logistic,529a6584-8974-4cf9-b7f7-f66d49cd3845,149,high,2,0.999999,map,5.0,True,True,True
logistic,7bd296cd-c800-4be9-ab0f-07e8d68cb648,437,high,1,0.999954,map,0.0,True,True,True
logistic,7bd296cd-c800-4be9-ab0f-07e8d68cb648,438,high,1,0.999994,map,0.0,True,True,True
logistic,7bd296cd-c800-4be9-ab0f-07e8d68cb648,439,high,2,0.999994,map,3.606,True,True,True
logistic,7bd296cd-c800-4be9-ab0f-07e8d68cb648,440,high,1,0.999988,map,0.0,True,True,True
logistic,7bd296cd-c800-4be9-ab0f-07e8d68cb648,441,high,2,0.999991,map,4.472,True,True,True
logistic,7bd296cd-c800-4be9-ab0f-07e8d68cb648,442,high,1,0.999993,map,0.0,True,True,True
logistic,7bd296cd-c800-4be9-ab0f-07e8d68cb648,443,high,1,0.999999,map,0.0,True,True,True
logistic,7bd296cd-c800-4be9-ab0f-07e8d68cb648,444,high,2,0.999999,map,0.0,True,True,True
logistic,7bd296cd-c800-4be9-ab0f-07e8d68cb648,445,high,1,1.0,map,0.0,True,True,True
logistic,7bd296cd-c800-4be9-ab0f-07e8d68cb648,446,high,1,0.999998,map,0.0,True,True,True
logistic,7bd296cd-c800-4be9-ab0f-07e8d68cb648,447,high,1,1.0,map,0.0,True,True,True
logistic,7bd296cd-c800-4be9-ab0f-07e8d68cb648,448,high,1,1.0,map,4.743,True,True,True
logistic,7bd296cd-c800-4be9-ab0f-07e8d68cb648,449,high,1,1.0,map,4.243,True,True,True
logistic,7bd296cd-c800-4be9-ab0f-07e8d68cb648,450,high,1,1.0,map,0.0,True,True,True
logistic,7bd296cd-c800-4be9-ab0f-07e8d68cb648,451,high,1,1.0,map,0.0,True,True,True
logistic,7bd296cd-c800-4be9-ab0f-07e8d68cb648,452,high,1,1.0,map,0.0,True,True,True
logistic,7bd296cd-c800-4be9-ab0f-07e8d68cb648,453,high,1,1.0,map,0.0,True,True,True
logistic,7bd296cd-c800-4be9-ab0f-07e8d68cb648,454,high,1,1.0,map,0.0,True,True,True
logistic,7bd296cd-c800-4be9-ab0f-07e8d68cb648,455,high,1,1.0,map,0.0,True,True,True
logistic,7bd296cd-c800-4be9-ab0f-07e8d68cb648,456,high,2,1.0,map,0.0,True,True,True
logistic,7bd296cd-c800-4be9-ab0f-07e8d68cb648,457,high,1,1.0,map,0.0,True,True,True
logistic,7bd296cd-c800-4be9-ab0f-07e8d68cb648,458,high,1,1.0,map,0.0,True,True,True
logistic,7bd296cd-c800-4be9-ab0f-07e8d68cb648,459,high,1,0.999996,map,0.0,True,True,True
logistic,7bd296cd-c800-4be9-ab0f-07e8d68cb648,460,high,1,1.0,map,0.0,True,True,True
logistic,7bd296cd-c800-4be9-ab0f-07e8d68cb648,461,high,2,1.0,map,0.0,True,True,True
logistic,7bd296cd-c800-4be9-ab0f-07e8d68cb648,462,high,1,1.0,map,0.0,True,True,True
logistic,7bd296cd-c800-4be9-ab0f-07e8d68cb648,463,high,1,1.0,map,0.0,True,True,True
logistic,7bd296cd-c800-4be9-ab0f-07e8d68cb648,464,high,2,1.0,map,0.0,True,True,True
logistic,7bd296cd-c800-4be9-ab0f-07e8d68cb648,465,high,1,1.0,map,0.0,True,True,True
logistic,7bd296cd-c800-4be9-ab0f-07e8d68cb648,466,high,2,1.0,map,0.0,True,True,True
logistic,7bd296cd-c800-4be9-ab0f-07e8d68cb648,467,high,1,1.0,map,4.743,True,True,True
logistic,7bd296cd-c800-4be9-ab0f-07e8d68cb648,468,high,2,1.0,map,3.536,True,True,True
logistic,7bd296cd-c800-4be9-ab0f-07e8d68cb648,469,high,3,0.999999,map,4.528,True,True,True
logistic,7bd296cd-c800-4be9-ab0f-07e8d68cb648,470,high,2,1.0,map,0.0,True,True,True
logistic,7bd296cd-c800-4be9-ab0f-07e8d68cb648,471,high,2,0.999999,map,5.099,True,True,True
logistic,7bd296cd-c800-4be9-ab0f-07e8d68cb648,472,high,2,0.999996,map,4.528,True,True,True
logistic,7bd296cd-c800-4be9-ab0f-07e8d68cb648,473,high,2,1.0,map,4.301,True,True,True
logistic,7bd296cd-c800-4be9-ab0f-07e8d68cb648,474,high,2,0.999993,map,3.536,True,True,True
logistic,7bd296cd-c800-4be9-ab0f-07e8d68cb648,475,high,2,0.999999,map,0.0,True,True,True
logistic,7bd296cd-c800-4be9-ab0f-07e8d68cb648,476,high,3,0.999992,map,7.106,True,True,True
logistic,7bd296cd-c800-4be9-ab0f-07e8d68cb648,477,high,2,0.999999,map,0.0,True,True,True
logistic,7bd296cd-c800-4be9-ab0f-07e8d68cb648,478,high,2,1.0,map,0.0,True,True,True
logistic,7bd296cd-c800-4be9-ab0f-07e8d68cb648,479,high,3,0.999999,map,0.0,True,True,True
logistic,7bd296cd-c800-4be9-ab0f-07e8d68cb648,480,high,2,1.0,map,0.0,True,True,True
logistic,7bd296cd-c800-4be9-ab0f-07e8d68cb648,481,high,2,0.999999,map,4.301,True,True,True
logistic,7bd296cd-c800-4be9-ab0f-07e8d68cb648,482,high,2,1.0,map,0.0,True,True,True
logistic,7bd296cd-c800-4be9-ab0f-07e8d68cb648,483,high,2,1.0,map,0.0,True,True,True
logistic,7bd296cd-c800-4be9-ab0f-07e8d68cb648,484,high,3,1.0,map,0.0,True,True,True
logistic,7bd296cd-c800-4be9-ab0f-07e8d68cb648,485,high,3,1.0,map,5.701,True,True,True
logistic,7bd296cd-c800-4be9-ab0f-07e8d68cb648,486,high,3,0.999999,map,9.055,False,True,True
logistic,7bd296cd-c800-4be9-ab0f-07e8d68cb648,487,high,2,0.999995,map,4.528,True,True,True
logistic,7bd296cd-c800-4be9-ab0f-07e8d68cb648,488,high,2,1.0,map,3.536,True,True,True
logistic,7bd296cd-c800-4be9-ab0f-07e8d68cb648,489,high,3,0.999999,map,0.0,True,True,True
logistic,7bd296cd-c800-4be9-ab0f-07e8d68cb648,490,high,4,0.999999,map,7.382,True,True,True
logistic,7bd296cd-c800-4be9-ab0f-07e8d68cb648,491,high,2,0.999999,map,0.0,True,True,True
logistic,7bd296cd-c800-4be9-ab0f-07e8d68cb648,492,high,2,0.999997,map,0.0,True,True,True
logistic,7bd296cd-c800-4be9-ab0f-07e8d68cb648,493,high,4,0.999999,map,5.385,True,True,True
logistic,7bd296cd-c800-4be9-ab0f-07e8d68cb648,494,high,5,0.999998,map,7.616,True,True,True
logistic,7bd296cd-c800-4be9-ab0f-07e8d68cb648,495,high,1,0.999992,map,0.0,True,True,True
logistic,7bd296cd-c800-4be9-ab0f-07e8d68cb648,496,high,2,0.999994,map,0.0,True,True,True
logistic,7bd296cd-c800-4be9-ab0f-07e8d68cb648,497,high,2,0.99999,map,4.301,True,True,True
logistic,7bd296cd-c800-4be9-ab0f-07e8d68cb648,498,high,2,0.999991,map,4.301,True,True,True
logistic,7bd296cd-c800-4be9-ab0f-07e8d68cb648,499,high,2,0.999982,map,10.0,False,True,True
logistic,7bd296cd-c800-4be9-ab0f-07e8d68cb648,500,high,1,0.999991,map,0.0,True,True,True
logistic,7bd296cd-c800-4be9-ab0f-07e8d68cb648,501,high,2,0.999984,map,0.0,True,True,True
logistic,7bd296cd-c800-4be9-ab0f-07e8d68cb648,502,high,1,0.999996,map,0.0,True,True,True
logistic,7bd296cd-c800-4be9-ab0f-07e8d68cb648,503,high,2,0.999995,map,3.0,True,True,True
logistic,7bd296cd-c800-4be9-ab0f-07e8d68cb648,504,high,2,0.99999,map,0.0,True,True,True
logistic,7bd296cd-c800-4be9-ab0f-07e8d68cb648,505,high,1,0.999998,map,0.0,True,True,True
logistic,7bd296cd-c800-4be9-ab0f-07e8d68cb648,506,high,1,0.999742,appearance,10.548,False,True,True
logistic,7bd296cd-c800-4be9-ab0f-07e8d68cb648,507,high,1,0.999998,map,0.0,True,True,True
logistic,7bd296cd-c800-4be9-ab0f-07e8d68cb648,508,high,3,0.999999,map,4.123,True,True,True
logistic,7bd296cd-c800-4be9-ab0f-07e8d68cb648,509,high,3,0.999995,map,6.083,True,True,True
logistic,7bd296cd-c800-4be9-ab0f-07e8d68cb648,510,high,1,0.999994,map,0.0,True,True,True
logistic,7bd296cd-c800-4be9-ab0f-07e8d68cb648,511,high,2,0.999978,map,0.0,True,True,True
logistic,7bd296cd-c800-4be9-ab0f-07e8d68cb648,512,high,1,0.999979,map,0.0,True,True,True
logistic,7bd296cd-c800-4be9-ab0f-07e8d68cb648,513,high,2,0.999998,map,3.536,True,True,True
logistic,7bd296cd-c800-4be9-ab0f-07e8d68cb648,514,high,3,0.999993,map,4.743,True,True,True
logistic,7bd296cd-c800-4be9-ab0f-07e8d68cb648,515,high,6,0.999996,map,2.55,True,True,True
logistic,7bd296cd-c800-4be9-ab0f-07e8d68cb648,516,high,2,0.999963,map,0.0,True,True,True
logistic,7bd296cd-c800-4be9-ab0f-07e8d68cb648,517,high,1,0.999992,map,0.0,True,True,True
logistic,7bd296cd-c800-4be9-ab0f-07e8d68cb648,518,high,1,0.999993,map,0.0,True,True,True
logistic,7bd296cd-c800-4be9-ab0f-07e8d68cb648,519,high,2,0.999984,map,0.0,True,True,True
logistic,7bd296cd-c800-4be9-ab0f-07e8d68cb648,520,high,1,0.999988,map,0.0,True,True,True
logistic,7bd296cd-c800-4be9-ab0f-07e8d68cb648,521,high,2,0.999988,map,0.0,True,True,True
logistic,7bd296cd-c800-4be9-ab0f-07e8d68cb648,522,high,1,0.999984,map,0.0,True,True,True
logistic,7bd296cd-c800-4be9-ab0f-07e8d68cb648,523,high,2,0.999997,map,3.808,True,True,True
logistic,7bd296cd-c800-4be9-ab0f-07e8d68cb648,524,high,3,0.999995,map,4.743,True,True,True
logistic,7bd296cd-c800-4be9-ab0f-07e8d68cb648,525,high,2,0.999993,map,3.536,True,True,True
logistic,7bd296cd-c800-4be9-ab0f-07e8d68cb648,526,high,3,0.999976,map,4.528,True,True,True
logistic,7bd296cd-c800-4be9-ab0f-07e8d68cb648,527,high,3,0.999995,map,3.808,True,True,True
logistic,7bd296cd-c800-4be9-ab0f-07e8d68cb648,528,high,1,0.999977,map,0.0,True,True,True
logistic,7bd296cd-c800-4be9-ab0f-07e8d68cb648,529,high,2,0.999974,map,0.0,True,True,True
logistic,7bd296cd-c800-4be9-ab0f-07e8d68cb648,530,high,2,0.999988,map,4.301,True,True,True
logistic,7bd296cd-c800-4be9-ab0f-07e8d68cb648,531,high,2,0.999974,map,0.0,True,True,True
logistic,7bd296cd-c800-4be9-ab0f-07e8d68cb648,532,high,1,0.999973,map,8.602,False,True,True
logistic,7bd296cd-c800-4be9-ab0f-07e8d68cb648,533,high,1,0.999982,map,0.0,True,True,True
logistic,7bd296cd-c800-4be9-ab0f-07e8d68cb648,534,high,2,0.999969,map,0.0,True,True,True
logistic,7bd296cd-c800-4be9-ab0f-07e8d68cb648,535,high,1,0.99988,map,8.062,False,True,True
logistic,7bd296cd-c800-4be9-ab0f-07e8d68cb648,536,high,2,0.999744,map,10.296,False,True,True
logistic,7bd296cd-c800-4be9-ab0f-07e8d68cb648,537,high,2,0.999726,map,3.536,True,True,True
logistic,7bd296cd-c800-4be9-ab0f-07e8d68cb648,538,high,2,0.999906,map,0.0,True,True,True
logistic,7bd296cd-c800-4be9-ab0f-07e8d68cb648,539,high,2,0.999878,map,4.743,True,True,True
logistic,7bd296cd-c800-4be9-ab0f-07e8d68cb648,540,high,1,0.999973,map,7.906,True,True,True
logistic,7bd296cd-c800-4be9-ab0f-07e8d68cb648,541,high,2,0.99995,map,10.124,False,True,True
logistic,7bd296cd-c800-4be9-ab0f-07e8d68cb648,542,high,1,0.999852,motion,10.512,False,True,True
logistic,7bd296cd-c800-4be9-ab0f-07e8d68cb648,543,high,2,0.999961,map,0.0,True,True,True
logistic,7bd296cd-c800-4be9-ab0f-07e8d68cb648,544,high,3,0.999906,map,0.0,True,True,True
logistic,7bd296cd-c800-4be9-ab0f-07e8d68cb648,545,high,1,0.999987,map,0.0,True,True,True
logistic,7bd296cd-c800-4be9-ab0f-07e8d68cb648,546,high,2,0.999984,map,0.0,True,True,True
logistic,7bd296cd-c800-4be9-ab0f-07e8d68cb648,547,high,4,0.999984,map,7.071,True,True,True
logistic,7bd296cd-c800-4be9-ab0f-07e8d68cb648,548,high,3,0.999978,map,0.0,True,True,True
logistic,7bd296cd-c800-4be9-ab0f-07e8d68cb648,549,high,4,0.999837,map,0.0,True,True,True
logistic,7bd296cd-c800-4be9-ab0f-07e8d68cb648,550,high,6,0.999937,map,9.487,False,True,True
logistic,7bd296cd-c800-4be9-ab0f-07e8d68cb648,551,high,2,0.998447,map,9.192,False,True,True
logistic,7bd296cd-c800-4be9-ab0f-07e8d68cb648,552,high,2,0.997493,map,5.701,True,True,True
logistic,7bd296cd-c800-4be9-ab0f-07e8d68cb648,553,high,1,0.99889,map,0.0,True,True,True
logistic,7bd296cd-c800-4be9-ab0f-07e8d68cb648,554,high,6,0.997429,map,67.862,False,False,True
logistic,7bd296cd-c800-4be9-ab0f-07e8d68cb648,555,high,1,0.994877,map,0.0,True,True,True
logistic,7bd296cd-c800-4be9-ab0f-07e8d68cb648,556,high,2,0.993959,map,0.0,True,True,True
logistic,7bd296cd-c800-4be9-ab0f-07e8d68cb648,557,high,5,0.99725,map,4.123,True,True,True
logistic,7bd296cd-c800-4be9-ab0f-07e8d68cb648,558,high,2,0.990866,map,10.198,False,True,True
logistic,7bd296cd-c800-4be9-ab0f-07e8d68cb648,559,high,4,0.959078,motion,10.0,False,True,True
logistic,7bd296cd-c800-4be9-ab0f-07e8d68cb648,560,high,40,0.465728,map,60.877,False,False,True
logistic,7bd296cd-c800-4be9-ab0f-07e8d68cb648,561,high,23,0.553025,appearance,64.288,False,False,True
logistic,7bd296cd-c800-4be9-ab0f-07e8d68cb648,562,high,1,0.369149,map,0.0,True,True,True
logistic,7bd296cd-c800-4be9-ab0f-07e8d68cb648,563,high,2,0.844968,map,9.192,False,True,True
logistic,7bd296cd-c800-4be9-ab0f-07e8d68cb648,564,high,3,0.851629,map,6.671,True,True,True
logistic,7bd296cd-c800-4be9-ab0f-07e8d68cb648,565,high,5,0.70367,map,9.301,False,True,True
logistic,7bd296cd-c800-4be9-ab0f-07e8d68cb648,566,high,5,0.818777,map,10.7,False,True,True
logistic,7bd296cd-c800-4be9-ab0f-07e8d68cb648,568,high,4,0.596595,map,4.301,True,True,True
logistic,7bd296cd-c800-4be9-ab0f-07e8d68cb648,569,high,7,0.445985,map,4.743,True,True,True
logistic,7bd296cd-c800-4be9-ab0f-07e8d68cb648,570,high,5,0.32069,map,13.038,False,True,True
logistic,7bd296cd-c800-4be9-ab0f-07e8d68cb648,571,high,41,0.900275,appearance,64.904,False,False,True
logistic,7bd296cd-c800-4be9-ab0f-07e8d68cb648,572,high,2,0.569401,motion,7.762,True,True,True
logistic,7bd296cd-c800-4be9-ab0f-07e8d68cb648,573,high,4,0.628147,motion,11.413,False,True,True
logistic,7bd296cd-c800-4be9-ab0f-07e8d68cb648,574,high,4,0.779349,motion,8.201,False,True,True
logistic,7bd296cd-c800-4be9-ab0f-07e8d68cb648,575,high,2,0.126595,map,14.714,False,True,True
logistic,7bd296cd-c800-4be9-ab0f-07e8d68cb648,576,high,44,0.829216,appearance,67.383,False,False,True
logistic,7bd296cd-c800-4be9-ab0f-07e8d68cb648,577,high,3,0.085529,map,7.106,True,True,True
logistic,7bd296cd-c800-4be9-ab0f-07e8d68cb648,578,high,7,0.044943,map,4.743,True,True,True
logistic,7bd296cd-c800-4be9-ab0f-07e8d68cb648,579,high,71,0.487568,appearance,71.474,False,False,True
logistic,7bd296cd-c800-4be9-ab0f-07e8d68cb648,580,high,15,0.551328,map,65.788,False,False,True
logistic,7bd296cd-c800-4be9-ab0f-07e8d68cb648,581,high,43,0.429995,appearance,75.316,False,False,True
logistic,7bd296cd-c800-4be9-ab0f-07e8d68cb648,582,high,17,0.305993,appearance,95.635,False,False,True
logistic,7bd296cd-c800-4be9-ab0f-07e8d68cb648,583,high,16,0.442802,appearance,103.347,False,False,True
logistic,7bd296cd-c800-4be9-ab0f-07e8d68cb648,584,high,54,0.035462,map,101.383,False,False,True
logistic,7bd296cd-c800-4be9-ab0f-07e8d68cb648,585,high,38,0.509919,map,73.746,False,False,True
logistic,7bd296cd-c800-4be9-ab0f-07e8d68cb648,586,high,30,0.554854,map,77.347,False,False,True
logistic,7bd296cd-c800-4be9-ab0f-07e8d68cb648,587,high,14,0.872017,map,81.465,False,False,True
logistic,7bd296cd-c800-4be9-ab0f-07e8d68cb648,588,high,1,0.756892,map,0.0,True,True,True
logistic,7bd296cd-c800-4be9-ab0f-07e8d68cb648,589,medium_high,3,0.981022,map,11.18,False,True,True
logistic,7bd296cd-c800-4be9-ab0f-07e8d68cb648,590,medium_high,9,0.759855,map,94.839,False,False,True
logistic,e2711620-6d4e-4f9c-8922-b1b2d1fb74f2,1,high,1,1.0,large_dark,26.127,False,False,True
logistic,e2711620-6d4e-4f9c-8922-b1b2d1fb74f2,2,high,1,1.0,large_dark,26.012,False,False,True
logistic,e2711620-6d4e-4f9c-8922-b1b2d1fb74f2,3,high,1,1.0,large_dark,25.681,False,False,True
logistic,e2711620-6d4e-4f9c-8922-b1b2d1fb74f2,4,high,1,1.0,large_dark,25.357,False,False,True
logistic,e2711620-6d4e-4f9c-8922-b1b2d1fb74f2,5,high,1,1.0,large_dark,25.034,False,False,True
logistic,e2711620-6d4e-4f9c-8922-b1b2d1fb74f2,6,high,1,1.0,large_dark,24.718,False,False,True
logistic,e2711620-6d4e-4f9c-8922-b1b2d1fb74f2,7,high,1,1.0,large_dark,24.736,False,False,True
logistic,e2711620-6d4e-4f9c-8922-b1b2d1fb74f2,8,high,1,1.0,large_dark,24.817,False,False,True
logistic,e2711620-6d4e-4f9c-8922-b1b2d1fb74f2,9,high,1,1.0,large_dark,24.543,False,False,True
logistic,e2711620-6d4e-4f9c-8922-b1b2d1fb74f2,10,high,1,1.0,hybrid_coast,17.002,False,False,True
logistic,e2711620-6d4e-4f9c-8922-b1b2d1fb74f2,11,high,1,1.0,large_dark,24.004,False,False,True
logistic,e2711620-6d4e-4f9c-8922-b1b2d1fb74f2,12,high,1,1.0,large_dark,23.747,False,False,True
logistic,e2711620-6d4e-4f9c-8922-b1b2d1fb74f2,13,high,1,1.0,large_dark,24.486,False,False,True
logistic,e2711620-6d4e-4f9c-8922-b1b2d1fb74f2,14,high,1,1.0,large_dark,24.271,False,False,True
logistic,e2711620-6d4e-4f9c-8922-b1b2d1fb74f2,15,high,1,1.0,large_dark,24.063,False,False,True
logistic,e2711620-6d4e-4f9c-8922-b1b2d1fb74f2,16,high,1,1.0,large_dark,23.856,False,False,True
logistic,e2711620-6d4e-4f9c-8922-b1b2d1fb74f2,17,high,1,1.0,large_dark,24.26,False,False,True
logistic,e2711620-6d4e-4f9c-8922-b1b2d1fb74f2,18,high,1,1.0,large_dark,24.719,False,False,True
logistic,e2711620-6d4e-4f9c-8922-b1b2d1fb74f2,19,high,1,1.0,large_dark,2.72,True,True,True
logistic,e2711620-6d4e-4f9c-8922-b1b2d1fb74f2,20,high,1,1.0,large_dark,24.418,False,False,True
logistic,e2711620-6d4e-4f9c-8922-b1b2d1fb74f2,21,high,1,1.0,large_dark,2.398,True,True,True
logistic,e2711620-6d4e-4f9c-8922-b1b2d1fb74f2,22,high,1,1.0,large_dark,2.394,True,True,True
logistic,e2711620-6d4e-4f9c-8922-b1b2d1fb74f2,23,high,1,1.0,large_dark,3.03,True,True,True
logistic,e2711620-6d4e-4f9c-8922-b1b2d1fb74f2,24,high,1,1.0,large_dark,2.843,True,True,True
logistic,e2711620-6d4e-4f9c-8922-b1b2d1fb74f2,25,high,1,1.0,large_dark,2.078,True,True,True
logistic,e2711620-6d4e-4f9c-8922-b1b2d1fb74f2,26,high,1,1.0,large_dark,1.947,True,True,True
logistic,e2711620-6d4e-4f9c-8922-b1b2d1fb74f2,27,high,1,1.0,large_dark,1.973,True,True,True
logistic,e2711620-6d4e-4f9c-8922-b1b2d1fb74f2,28,high,1,1.0,large_dark,1.78,True,True,True
logistic,e2711620-6d4e-4f9c-8922-b1b2d1fb74f2,29,high,1,1.0,large_dark,3.549,True,True,True
logistic,e2711620-6d4e-4f9c-8922-b1b2d1fb74f2,30,high,1,1.0,large_dark,4.039,True,True,True
logistic,e2711620-6d4e-4f9c-8922-b1b2d1fb74f2,31,high,1,1.0,large_dark,4.213,True,True,True
logistic,e2711620-6d4e-4f9c-8922-b1b2d1fb74f2,32,high,1,1.0,large_dark,3.453,True,True,True
logistic,e2711620-6d4e-4f9c-8922-b1b2d1fb74f2,33,high,1,1.0,large_dark,3.894,True,True,True
logistic,e2711620-6d4e-4f9c-8922-b1b2d1fb74f2,34,high,1,1.0,large_dark,4.11,True,True,True
logistic,e2711620-6d4e-4f9c-8922-b1b2d1fb74f2,35,high,1,1.0,large_dark,3.604,True,True,True
logistic,e2711620-6d4e-4f9c-8922-b1b2d1fb74f2,36,high,1,1.0,large_dark,3.785,True,True,True
logistic,e2711620-6d4e-4f9c-8922-b1b2d1fb74f2,37,high,1,1.0,large_dark,4.045,True,True,True
logistic,e2711620-6d4e-4f9c-8922-b1b2d1fb74f2,38,high,1,1.0,large_dark,4.351,True,True,True
logistic,e2711620-6d4e-4f9c-8922-b1b2d1fb74f2,39,high,1,1.0,large_dark,4.702,True,True,True
logistic,e2711620-6d4e-4f9c-8922-b1b2d1fb74f2,40,high,1,1.0,large_dark,5.0,True,True,True
logistic,e2711620-6d4e-4f9c-8922-b1b2d1fb74f2,41,high,1,1.0,large_dark,5.162,True,True,True
logistic,e2711620-6d4e-4f9c-8922-b1b2d1fb74f2,42,high,1,1.0,large_dark,5.217,True,True,True
logistic,e2711620-6d4e-4f9c-8922-b1b2d1fb74f2,43,high,1,1.0,large_dark,4.681,True,True,True
logistic,e2711620-6d4e-4f9c-8922-b1b2d1fb74f2,44,high,1,1.0,large_dark,5.28,True,True,True
logistic,e2711620-6d4e-4f9c-8922-b1b2d1fb74f2,45,high,1,1.0,large_dark,5.349,True,True,True
logistic,e2711620-6d4e-4f9c-8922-b1b2d1fb74f2,46,high,1,1.0,large_dark,6.243,True,True,True
logistic,e2711620-6d4e-4f9c-8922-b1b2d1fb74f2,47,high,1,1.0,large_dark,6.764,True,True,True
logistic,e2711620-6d4e-4f9c-8922-b1b2d1fb74f2,48,high,1,1.0,large_dark,7.247,True,True,True
logistic,e2711620-6d4e-4f9c-8922-b1b2d1fb74f2,49,high,1,1.0,large_dark,8.212,False,True,False
logistic,e2711620-6d4e-4f9c-8922-b1b2d1fb74f2,50,high,1,1.0,large_dark,8.631,False,True,True
logistic,e2711620-6d4e-4f9c-8922-b1b2d1fb74f2,51,high,1,1.0,large_dark,9.671,False,True,True
logistic,e2711620-6d4e-4f9c-8922-b1b2d1fb74f2,52,high,1,1.0,large_dark,9.732,False,True,True
logistic,e2711620-6d4e-4f9c-8922-b1b2d1fb74f2,53,high,1,1.0,large_dark,10.675,False,True,True
logistic,e2711620-6d4e-4f9c-8922-b1b2d1fb74f2,54,high,1,1.0,large_dark,11.721,False,True,True
logistic,e2711620-6d4e-4f9c-8922-b1b2d1fb74f2,55,high,1,1.0,large_dark,12.758,False,True,True
logistic,e2711620-6d4e-4f9c-8922-b1b2d1fb74f2,56,high,1,1.0,large_dark,13.801,False,True,True
logistic,e2711620-6d4e-4f9c-8922-b1b2d1fb74f2,57,high,1,1.0,large_dark,14.846,False,True,True
logistic,e2711620-6d4e-4f9c-8922-b1b2d1fb74f2,58,high,1,1.0,large_dark,14.9,False,True,True
logistic,e2711620-6d4e-4f9c-8922-b1b2d1fb74f2,59,high,1,1.0,large_dark,15.955,False,True,True
logistic,e2711620-6d4e-4f9c-8922-b1b2d1fb74f2,60,high,1,1.0,large_dark,16.031,False,False,True
logistic,e2711620-6d4e-4f9c-8922-b1b2d1fb74f2,61,high,1,1.0,large_dark,15.44,False,True,True
logistic,e2711620-6d4e-4f9c-8922-b1b2d1fb74f2,62,high,1,1.0,large_dark,14.948,False,True,True
logistic,e2711620-6d4e-4f9c-8922-b1b2d1fb74f2,63,high,1,1.0,large_dark,14.791,False,True,True
logistic,e2711620-6d4e-4f9c-8922-b1b2d1fb74f2,64,high,1,1.0,large_dark,14.234,False,True,True
logistic,e2711620-6d4e-4f9c-8922-b1b2d1fb74f2,65,high,1,1.0,large_dark,13.197,False,True,True
logistic,e2711620-6d4e-4f9c-8922-b1b2d1fb74f2,66,high,1,1.0,large_dark,12.612,False,True,True
logistic,e2711620-6d4e-4f9c-8922-b1b2d1fb74f2,67,high,1,1.0,large_dark,11.047,False,True,True
logistic,e2711620-6d4e-4f9c-8922-b1b2d1fb74f2,68,high,1,1.0,large_dark,9.508,False,True,True
logistic,e2711620-6d4e-4f9c-8922-b1b2d1fb74f2,69,high,1,1.0,large_dark,8.948,False,True,True
logistic,e2711620-6d4e-4f9c-8922-b1b2d1fb74f2,70,high,1,1.0,large_dark,8.732,False,True,True
logistic,e2711620-6d4e-4f9c-8922-b1b2d1fb74f2,71,high,1,1.0,large_dark,8.201,False,True,True
logistic,e2711620-6d4e-4f9c-8922-b1b2d1fb74f2,72,high,1,1.0,large_dark,7.694,True,True,True
logistic,e2711620-6d4e-4f9c-8922-b1b2d1fb74f2,73,high,1,1.0,large_dark,7.757,True,True,True
logistic,e2711620-6d4e-4f9c-8922-b1b2d1fb74f2,74,high,1,1.0,large_dark,7.311,True,True,True
logistic,e2711620-6d4e-4f9c-8922-b1b2d1fb74f2,75,high,1,1.0,large_dark,6.896,True,True,True
logistic,e2711620-6d4e-4f9c-8922-b1b2d1fb74f2,76,high,1,1.0,large_dark,6.512,True,True,True
logistic,e2711620-6d4e-4f9c-8922-b1b2d1fb74f2,77,high,1,1.0,large_dark,6.161,True,True,True
logistic,e2711620-6d4e-4f9c-8922-b1b2d1fb74f2,78,high,1,1.0,large_dark,5.852,True,True,True
logistic,e2711620-6d4e-4f9c-8922-b1b2d1fb74f2,79,high,1,1.0,large_dark,5.593,True,True,True
logistic,e2711620-6d4e-4f9c-8922-b1b2d1fb74f2,80,high,1,1.0,large_dark,5.099,True,True,True
logistic,e2711620-6d4e-4f9c-8922-b1b2d1fb74f2,81,high,1,1.0,large_dark,5.113,True,True,True
logistic,e2711620-6d4e-4f9c-8922-b1b2d1fb74f2,82,high,1,1.0,large_dark,5.13,True,True,True
logistic,e2711620-6d4e-4f9c-8922-b1b2d1fb74f2,83,high,1,1.0,large_dark,5.145,True,True,True
logistic,e2711620-6d4e-4f9c-8922-b1b2d1fb74f2,84,high,1,1.0,large_dark,5.162,True,True,True
logistic,e2711620-6d4e-4f9c-8922-b1b2d1fb74f2,85,high,1,1.0,large_dark,5.179,True,True,True
logistic,e2711620-6d4e-4f9c-8922-b1b2d1fb74f2,86,high,1,1.0,large_dark,5.197,True,True,True
logistic,e2711620-6d4e-4f9c-8922-b1b2d1fb74f2,87,high,1,1.0,large_dark,4.226,True,True,True
logistic,e2711620-6d4e-4f9c-8922-b1b2d1fb74f2,88,high,1,1.0,large_dark,4.219,True,True,True
logistic,e2711620-6d4e-4f9c-8922-b1b2d1fb74f2,89,high,1,1.0,large_dark,4.248,True,True,True
logistic,e2711620-6d4e-4f9c-8922-b1b2d1fb74f2,90,high,1,1.0,large_dark,4.279,True,True,True
logistic,e2711620-6d4e-4f9c-8922-b1b2d1fb74f2,91,high,1,1.0,large_dark,4.311,True,True,True
logistic,e2711620-6d4e-4f9c-8922-b1b2d1fb74f2,92,high,1,1.0,large_dark,3.324,True,True,True
logistic,e2711620-6d4e-4f9c-8922-b1b2d1fb74f2,93,high,1,1.0,large_dark,3.343,True,True,True
logistic,e2711620-6d4e-4f9c-8922-b1b2d1fb74f2,94,high,1,1.0,large_dark,3.363,True,True,True
logistic,e2711620-6d4e-4f9c-8922-b1b2d1fb74f2,95,high,1,1.0,large_dark,3.385,True,True,True
logistic,e2711620-6d4e-4f9c-8922-b1b2d1fb74f2,96,high,1,1.0,large_dark,3.406,True,True,True
logistic,e2711620-6d4e-4f9c-8922-b1b2d1fb74f2,97,high,1,1.0,large_dark,3.429,True,True,True
logistic,e2711620-6d4e-4f9c-8922-b1b2d1fb74f2,98,high,1,1.0,large_dark,4.451,True,True,True
logistic,e2711620-6d4e-4f9c-8922-b1b2d1fb74f2,99,high,1,1.0,large_dark,4.475,True,True,True
logistic,e2711620-6d4e-4f9c-8922-b1b2d1fb74f2,100,high,1,1.0,large_dark,3.64,True,True,True
logistic,e2711620-6d4e-4f9c-8922-b1b2d1fb74f2,101,high,1,1.0,large_dark,3.59,True,True,True
logistic,e2711620-6d4e-4f9c-8922-b1b2d1fb74f2,102,high,1,1.0,large_dark,3.553,True,True,True
logistic,e2711620-6d4e-4f9c-8922-b1b2d1fb74f2,103,high,1,1.0,large_dark,2.543,True,True,True
logistic,e2711620-6d4e-4f9c-8922-b1b2d1fb74f2,104,high,1,1.0,large_dark,2.5,True,True,True
logistic,e2711620-6d4e-4f9c-8922-b1b2d1fb74f2,105,high,1,1.0,large_dark,3.436,True,True,True
logistic,e2711620-6d4e-4f9c-8922-b1b2d1fb74f2,106,high,1,1.0,large_dark,3.395,True,True,True
logistic,e2711620-6d4e-4f9c-8922-b1b2d1fb74f2,107,high,1,1.0,large_dark,3.363,True,True,True
logistic,e2711620-6d4e-4f9c-8922-b1b2d1fb74f2,108,high,1,1.0,large_dark,3.324,True,True,True
logistic,e2711620-6d4e-4f9c-8922-b1b2d1fb74f2,109,high,1,1.0,large_dark,3.297,True,True,True
logistic,e2711620-6d4e-4f9c-8922-b1b2d1fb74f2,110,high,1,1.0,large_dark,2.574,True,True,True
logistic,e2711620-6d4e-4f9c-8922-b1b2d1fb74f2,111,high,1,1.0,large_dark,2.509,True,True,True
logistic,e2711620-6d4e-4f9c-8922-b1b2d1fb74f2,112,high,1,1.0,large_dark,2.419,True,True,True
logistic,e2711620-6d4e-4f9c-8922-b1b2d1fb74f2,113,high,1,1.0,large_dark,2.343,True,True,True
logistic,e2711620-6d4e-4f9c-8922-b1b2d1fb74f2,114,high,1,1.0,large_dark,2.264,True,True,True
logistic,e2711620-6d4e-4f9c-8922-b1b2d1fb74f2,115,high,1,1.0,large_dark,2.188,True,True,True
logistic,e2711620-6d4e-4f9c-8922-b1b2d1fb74f2,116,high,1,1.0,large_dark,2.11,True,True,True
logistic,e2711620-6d4e-4f9c-8922-b1b2d1fb74f2,117,high,1,1.0,large_dark,2.031,True,True,True
logistic,e2711620-6d4e-4f9c-8922-b1b2d1fb74f2,118,high,1,1.0,large_dark,2.85,True,True,True
logistic,e2711620-6d4e-4f9c-8922-b1b2d1fb74f2,119,high,1,1.0,large_dark,2.778,True,True,True
logistic,e2711620-6d4e-4f9c-8922-b1b2d1fb74f2,120,high,1,1.0,large_dark,2.693,True,True,True
logistic,e2711620-6d4e-4f9c-8922-b1b2d1fb74f2,121,high,1,1.0,large_dark,2.654,True,True,True
logistic,e2711620-6d4e-4f9c-8922-b1b2d1fb74f2,122,high,1,1.0,large_dark,3.578,True,True,True
logistic,e2711620-6d4e-4f9c-8922-b1b2d1fb74f2,123,high,1,1.0,hybrid_coast,4.744,True,True,True
logistic,e2711620-6d4e-4f9c-8922-b1b2d1fb74f2,124,high,1,1.0,hybrid_coast,6.555,True,True,True
logistic,e2711620-6d4e-4f9c-8922-b1b2d1fb74f2,125,high,1,1.0,hybrid_coast,9.342,False,True,True
logistic,e2711620-6d4e-4f9c-8922-b1b2d1fb74f2,126,high,1,1.0,hybrid_coast,12.134,False,True,True
logistic,e2711620-6d4e-4f9c-8922-b1b2d1fb74f2,127,high,1,1.0,hybrid_coast,17.568,False,False,True
logistic,e2711620-6d4e-4f9c-8922-b1b2d1fb74f2,128,high,1,1.0,large_dark,52.524,False,False,True
logistic,e2711620-6d4e-4f9c-8922-b1b2d1fb74f2,129,high,1,1.0,hybrid_coast,32.984,False,False,True
logistic,e2711620-6d4e-4f9c-8922-b1b2d1fb74f2,130,high,1,1.0,large_dark,54.158,False,False,True
logistic,e2711620-6d4e-4f9c-8922-b1b2d1fb74f2,131,high,1,1.0,large_dark,77.786,False,False,True
logistic,e2711620-6d4e-4f9c-8922-b1b2d1fb74f2,132,high,1,1.0,hybrid_coast,52.541,False,False,True
logistic,e2711620-6d4e-4f9c-8922-b1b2d1fb74f2,133,high,1,1.0,hybrid_coast,59.464,False,False,True
logistic,e2711620-6d4e-4f9c-8922-b1b2d1fb74f2,134,high,1,1.0,hybrid_coast,51.054,False,False,True
logistic,e2711620-6d4e-4f9c-8922-b1b2d1fb74f2,135,high,1,1.0,hybrid_coast,58.96,False,False,True
logistic,e2711620-6d4e-4f9c-8922-b1b2d1fb74f2,136,high,1,1.0,hybrid_coast,67.093,False,False,True
logistic,e2711620-6d4e-4f9c-8922-b1b2d1fb74f2,137,high,1,1.0,hybrid_coast,67.802,False,False,True
logistic,e2711620-6d4e-4f9c-8922-b1b2d1fb74f2,138,high,3,1.0,large_dark,71.374,False,False,True
logistic,e2711620-6d4e-4f9c-8922-b1b2d1fb74f2,139,high,8,1.0,large_dark,71.365,False,False,True
logistic,e2711620-6d4e-4f9c-8922-b1b2d1fb74f2,140,high,1,1.0,large_dark,72.237,False,False,True
logistic,e2711620-6d4e-4f9c-8922-b1b2d1fb74f2,141,high,7,1.0,large_dark,32.938,False,False,True
logistic,e2711620-6d4e-4f9c-8922-b1b2d1fb74f2,142,high,3,1.0,large_dark,75.995,False,False,True
logistic,e2711620-6d4e-4f9c-8922-b1b2d1fb74f2,143,high,1,1.0,large_dark,33.063,False,False,True
logistic,e2711620-6d4e-4f9c-8922-b1b2d1fb74f2,144,high,1,1.0,large_dark,9.405,False,True,True
logistic,e2711620-6d4e-4f9c-8922-b1b2d1fb74f2,145,high,1,1.0,large_dark,32.825,False,False,True
logistic,e2711620-6d4e-4f9c-8922-b1b2d1fb74f2,146,high,1,1.0,large_dark,10.259,False,True,True
logistic,e2711620-6d4e-4f9c-8922-b1b2d1fb74f2,147,high,1,1.0,large_dark,9.029,False,True,True
logistic,e2711620-6d4e-4f9c-8922-b1b2d1fb74f2,148,high,1,1.0,large_dark,9.047,False,True,True
logistic,e2711620-6d4e-4f9c-8922-b1b2d1fb74f2,149,high,1,1.0,large_dark,8.896,False,True,True
logistic,e2711620-6d4e-4f9c-8922-b1b2d1fb74f2,150,high,1,1.0,large_dark,8.732,False,True,True
logistic,e2711620-6d4e-4f9c-8922-b1b2d1fb74f2,151,high,1,1.0,large_dark,8.569,False,True,True
logistic,e2711620-6d4e-4f9c-8922-b1b2d1fb74f2,152,high,1,1.0,large_dark,8.417,False,True,True
logistic,e2711620-6d4e-4f9c-8922-b1b2d1fb74f2,153,high,1,1.0,large_dark,9.118,False,True,True
logistic,e2711620-6d4e-4f9c-8922-b1b2d1fb74f2,154,high,1,1.0,large_dark,8.981,False,True,True
logistic,e2711620-6d4e-4f9c-8922-b1b2d1fb74f2,155,high,1,1.0,large_dark,8.758,False,True,True
logistic,e2711620-6d4e-4f9c-8922-b1b2d1fb74f2,156,high,1,1.0,large_dark,8.605,False,True,True
logistic,e2711620-6d4e-4f9c-8922-b1b2d1fb74f2,157,high,1,1.0,hybrid_coast,8.462,False,True,True
logistic,e2711620-6d4e-4f9c-8922-b1b2d1fb74f2,158,high,1,1.0,large_dark,7.311,True,True,True
logistic,e2711620-6d4e-4f9c-8922-b1b2d1fb74f2,159,high,1,1.0,large_dark,7.169,True,True,True
logistic,e2711620-6d4e-4f9c-8922-b1b2d1fb74f2,160,high,1,1.0,large_dark,6.946,True,True,True
logistic,e2711620-6d4e-4f9c-8922-b1b2d1fb74f2,161,high,1,1.0,large_dark,6.961,True,True,True
logistic,e2711620-6d4e-4f9c-8922-b1b2d1fb74f2,162,high,1,1.0,large_dark,6.402,True,True,True
logistic,e2711620-6d4e-4f9c-8922-b1b2d1fb74f2,163,high,1,1.0,hybrid_coast,8.157,False,True,True
logistic,e2711620-6d4e-4f9c-8922-b1b2d1fb74f2,164,high,1,1.0,hybrid_coast,8.682,False,True,True
logistic,e2711620-6d4e-4f9c-8922-b1b2d1fb74f2,165,high,1,1.0,large_dark,7.147,True,True,True
logistic,e2711620-6d4e-4f9c-8922-b1b2d1fb74f2,166,high,1,1.0,large_dark,7.144,True,True,True
logistic,e2711620-6d4e-4f9c-8922-b1b2d1fb74f2,167,high,1,1.0,large_dark,6.294,True,True,True
logistic,e2711620-6d4e-4f9c-8922-b1b2d1fb74f2,168,high,1,1.0,large_dark,6.306,True,True,True
logistic,e2711620-6d4e-4f9c-8922-b1b2d1fb74f2,169,high,1,1.0,large_dark,6.818,True,True,True
logistic,e2711620-6d4e-4f9c-8922-b1b2d1fb74f2,170,high,1,1.0,hybrid_coast,9.89,False,True,True
logistic,e2711620-6d4e-4f9c-8922-b1b2d1fb74f2,171,high,1,1.0,hybrid_coast,10.966,False,True,True
logistic,e2711620-6d4e-4f9c-8922-b1b2d1fb74f2,172,high,1,1.0,hybrid_coast,7.212,True,True,True
logistic,e2711620-6d4e-4f9c-8922-b1b2d1fb74f2,173,high,1,1.0,hybrid_coast,7.314,True,True,True
logistic,e2711620-6d4e-4f9c-8922-b1b2d1fb74f2,174,high,1,1.0,large_dark,5.979,True,True,True
logistic,e2711620-6d4e-4f9c-8922-b1b2d1fb74f2,175,high,1,1.0,large_dark,6.554,True,True,True
logistic,e2711620-6d4e-4f9c-8922-b1b2d1fb74f2,176,high,1,1.0,large_dark,6.239,True,True,True
logistic,e2711620-6d4e-4f9c-8922-b1b2d1fb74f2,177,high,1,1.0,hybrid_coast,3.429,True,True,True
logistic,e2711620-6d4e-4f9c-8922-b1b2d1fb74f2,178,high,1,1.0,hybrid_coast,3.12,True,True,True
logistic,e2711620-6d4e-4f9c-8922-b1b2d1fb74f2,179,high,1,1.0,hybrid_coast,2.818,True,True,True
logistic,e2711620-6d4e-4f9c-8922-b1b2d1fb74f2,180,high,1,1.0,large_dark,7.616,True,True,True
logistic,e2711620-6d4e-4f9c-8922-b1b2d1fb74f2,181,high,1,1.0,large_dark,7.433,True,True,True
logistic,e2711620-6d4e-4f9c-8922-b1b2d1fb74f2,182,high,1,1.0,large_dark,8.176,False,True,True
logistic,e2711620-6d4e-4f9c-8922-b1b2d1fb74f2,183,high,1,1.0,large_dark,7.989,True,True,True
logistic,e2711620-6d4e-4f9c-8922-b1b2d1fb74f2,184,high,1,1.0,large_dark,8.186,False,True,True
logistic,e2711620-6d4e-4f9c-8922-b1b2d1fb74f2,185,high,1,1.0,large_dark,8.002,False,True,True
logistic,e2711620-6d4e-4f9c-8922-b1b2d1fb74f2,186,high,1,1.0,large_dark,7.808,True,True,True
logistic,e2711620-6d4e-4f9c-8922-b1b2d1fb74f2,187,high,1,1.0,large_dark,8.952,False,True,True
logistic,e2711620-6d4e-4f9c-8922-b1b2d1fb74f2,188,high,1,1.0,large_dark,8.766,False,True,True
logistic,e2711620-6d4e-4f9c-8922-b1b2d1fb74f2,189,high,1,1.0,hybrid_coast,8.861,False,True,True
logistic,e2711620-6d4e-4f9c-8922-b1b2d1fb74f2,190,high,1,1.0,large_dark,9.29,False,True,True
logistic,e2711620-6d4e-4f9c-8922-b1b2d1fb74f2,191,high,1,1.0,large_dark,9.098,False,True,True
logistic,e2711620-6d4e-4f9c-8922-b1b2d1fb74f2,192,high,1,1.0,hybrid_coast,5.576,True,True,True
logistic,e2711620-6d4e-4f9c-8922-b1b2d1fb74f2,193,high,1,1.0,large_dark,3.994,True,True,True
logistic,e2711620-6d4e-4f9c-8922-b1b2d1fb74f2,194,high,1,1.0,large_dark,4.168,True,True,True
logistic,e2711620-6d4e-4f9c-8922-b1b2d1fb74f2,195,high,1,1.0,hybrid_coast,5.327,True,True,True
logistic,e2711620-6d4e-4f9c-8922-b1b2d1fb74f2,196,high,1,1.0,large_dark,8.588,False,True,True
logistic,e2711620-6d4e-4f9c-8922-b1b2d1fb74f2,197,high,1,1.0,large_dark,4.547,True,True,True
logistic,e2711620-6d4e-4f9c-8922-b1b2d1fb74f2,198,high,1,1.0,large_dark,4.707,True,True,True
logistic,e2711620-6d4e-4f9c-8922-b1b2d1fb74f2,199,high,1,1.0,large_dark,4.869,True,True,True
logistic,e2711620-6d4e-4f9c-8922-b1b2d1fb74f2,200,high,1,1.0,large_dark,5.025,True,True,True
logistic,e2711620-6d4e-4f9c-8922-b1b2d1fb74f2,201,high,1,1.0,large_dark,5.159,True,True,True
logistic,e2711620-6d4e-4f9c-8922-b1b2d1fb74f2,202,high,1,1.0,large_dark,5.305,True,True,True
logistic,e2711620-6d4e-4f9c-8922-b1b2d1fb74f2,203,high,1,1.0,large_dark,5.464,True,True,True
logistic,e2711620-6d4e-4f9c-8922-b1b2d1fb74f2,204,high,1,1.0,hybrid_coast,3.581,True,True,True
logistic,e2711620-6d4e-4f9c-8922-b1b2d1fb74f2,205,high,1,1.0,large_dark,4.585,True,True,True
logistic,e2711620-6d4e-4f9c-8922-b1b2d1fb74f2,206,high,1,1.0,large_dark,4.742,True,True,True
logistic,e2711620-6d4e-4f9c-8922-b1b2d1fb74f2,207,high,1,1.0,large_dark,4.91,True,True,True
logistic,e2711620-6d4e-4f9c-8922-b1b2d1fb74f2,208,high,1,1.0,large_dark,5.092,True,True,True
logistic,e2711620-6d4e-4f9c-8922-b1b2d1fb74f2,209,high,1,1.0,large_dark,5.281,True,True,True
logistic,e2711620-6d4e-4f9c-8922-b1b2d1fb74f2,210,high,1,1.0,large_dark,5.154,True,True,True
logistic,e2711620-6d4e-4f9c-8922-b1b2d1fb74f2,211,high,1,1.0,large_dark,5.325,True,True,True
logistic,e2711620-6d4e-4f9c-8922-b1b2d1fb74f2,212,high,1,1.0,large_dark,5.503,True,True,True
logistic,e2711620-6d4e-4f9c-8922-b1b2d1fb74f2,213,high,1,1.0,large_dark,5.694,True,True,True
logistic,e2711620-6d4e-4f9c-8922-b1b2d1fb74f2,214,high,1,1.0,large_dark,6.818,True,True,True
logistic,e2711620-6d4e-4f9c-8922-b1b2d1fb74f2,215,high,1,1.0,hybrid_coast,9.246,False,True,True
logistic,e2711620-6d4e-4f9c-8922-b1b2d1fb74f2,216,high,1,1.0,hybrid_coast,10.381,False,True,True
logistic,e2711620-6d4e-4f9c-8922-b1b2d1fb74f2,217,high,1,1.0,large_dark,7.043,True,True,True
logistic,e2711620-6d4e-4f9c-8922-b1b2d1fb74f2,218,high,1,1.0,large_dark,7.228,True,True,True
logistic,e2711620-6d4e-4f9c-8922-b1b2d1fb74f2,219,high,1,1.0,large_dark,7.111,True,True,True
logistic,e2711620-6d4e-4f9c-8922-b1b2d1fb74f2,220,high,1,1.0,map,6.708,True,True,True
logistic,e2711620-6d4e-4f9c-8922-b1b2d1fb74f2,221,high,1,1.0,hybrid_coast,3.797,True,True,True
logistic,e2711620-6d4e-4f9c-8922-b1b2d1fb74f2,222,high,1,1.0,large_dark,7.262,True,True,True
logistic,e2711620-6d4e-4f9c-8922-b1b2d1fb74f2,223,high,1,1.0,large_dark,7.276,True,True,True
logistic,e2711620-6d4e-4f9c-8922-b1b2d1fb74f2,224,high,1,1.0,large_dark,6.926,True,True,True
logistic,e2711620-6d4e-4f9c-8922-b1b2d1fb74f2,225,high,1,1.0,large_dark,6.639,True,True,True
logistic,e2711620-6d4e-4f9c-8922-b1b2d1fb74f2,226,high,1,1.0,large_dark,6.609,True,True,True
logistic,e2711620-6d4e-4f9c-8922-b1b2d1fb74f2,227,high,1,1.0,hybrid_coast,4.504,True,True,True
logistic,e2711620-6d4e-4f9c-8922-b1b2d1fb74f2,228,high,1,1.0,hybrid_coast,3.818,True,True,True
logistic,e2711620-6d4e-4f9c-8922-b1b2d1fb74f2,229,high,1,1.0,large_dark,7.247,True,True,True
logistic,e2711620-6d4e-4f9c-8922-b1b2d1fb74f2,230,high,1,1.0,large_dark,8.035,False,True,True
logistic,e2711620-6d4e-4f9c-8922-b1b2d1fb74f2,231,high,1,1.0,large_dark,7.971,True,True,True
logistic,e2711620-6d4e-4f9c-8922-b1b2d1fb74f2,232,high,1,1.0,large_dark,7.908,True,True,True
logistic,e2711620-6d4e-4f9c-8922-b1b2d1fb74f2,233,high,1,1.0,large_dark,7.864,True,True,True
logistic,e2711620-6d4e-4f9c-8922-b1b2d1fb74f2,234,high,1,1.0,large_dark,7.647,True,True,True
logistic,e2711620-6d4e-4f9c-8922-b1b2d1fb74f2,235,high,1,1.0,large_dark,7.703,True,True,True
logistic,e2711620-6d4e-4f9c-8922-b1b2d1fb74f2,236,high,1,1.0,large_dark,7.767,True,True,True
logistic,e2711620-6d4e-4f9c-8922-b1b2d1fb74f2,237,high,1,1.0,large_dark,7.326,True,True,True
logistic,e2711620-6d4e-4f9c-8922-b1b2d1fb74f2,238,high,1,1.0,large_dark,7.262,True,True,True
logistic,e2711620-6d4e-4f9c-8922-b1b2d1fb74f2,239,high,1,1.0,large_dark,8.187,False,True,True
logistic,e2711620-6d4e-4f9c-8922-b1b2d1fb74f2,240,high,1,1.0,large_dark,8.139,False,True,True
logistic,e2711620-6d4e-4f9c-8922-b1b2d1fb74f2,241,high,1,1.0,large_dark,7.812,True,True,True
logistic,e2711620-6d4e-4f9c-8922-b1b2d1fb74f2,242,high,1,1.0,large_dark,8.36,False,True,True
logistic,e2711620-6d4e-4f9c-8922-b1b2d1fb74f2,243,high,1,1.0,large_dark,8.032,False,True,True
logistic,e2711620-6d4e-4f9c-8922-b1b2d1fb74f2,244,high,1,1.0,large_dark,7.706,True,True,True
logistic,e2711620-6d4e-4f9c-8922-b1b2d1fb74f2,245,high,1,1.0,hybrid_coast,6.38,True,True,True
logistic,e2711620-6d4e-4f9c-8922-b1b2d1fb74f2,246,high,1,1.0,hybrid_coast,6.053,True,True,True
logistic,e2711620-6d4e-4f9c-8922-b1b2d1fb74f2,247,high,1,1.0,large_dark,6.778,True,True,True
logistic,e2711620-6d4e-4f9c-8922-b1b2d1fb74f2,248,high,1,1.0,large_dark,6.463,True,True,True
logistic,e2711620-6d4e-4f9c-8922-b1b2d1fb74f2,249,high,1,1.0,large_dark,6.15,True,True,True
logistic,e2711620-6d4e-4f9c-8922-b1b2d1fb74f2,250,high,1,1.0,hybrid_coast,7.267,True,True,True
logistic,e2711620-6d4e-4f9c-8922-b1b2d1fb74f2,251,high,1,1.0,hybrid_coast,7.944,True,True,True
logistic,e2711620-6d4e-4f9c-8922-b1b2d1fb74f2,252,high,1,1.0,large_dark,6.198,True,True,True
logistic,e2711620-6d4e-4f9c-8922-b1b2d1fb74f2,253,high,1,1.0,large_dark,5.889,True,True,True
logistic,e2711620-6d4e-4f9c-8922-b1b2d1fb74f2,254,high,1,1.0,large_dark,6.561,True,True,True
logistic,e2711620-6d4e-4f9c-8922-b1b2d1fb74f2,255,high,1,1.0,map,2.905,True,True,True
logistic,e2711620-6d4e-4f9c-8922-b1b2d1fb74f2,256,high,1,1.0,large_dark,2.707,True,True,True
logistic,e2711620-6d4e-4f9c-8922-b1b2d1fb74f2,257,high,1,1.0,large_dark,2.706,True,True,True
logistic,e2711620-6d4e-4f9c-8922-b1b2d1fb74f2,258,high,1,1.0,large_dark,2.735,True,True,True
logistic,e2711620-6d4e-4f9c-8922-b1b2d1fb74f2,259,high,1,1.0,large_dark,2.803,True,True,True
logistic,e2711620-6d4e-4f9c-8922-b1b2d1fb74f2,260,high,1,1.0,large_dark,4.743,True,True,True
logistic,e2711620-6d4e-4f9c-8922-b1b2d1fb74f2,261,high,1,1.0,large_dark,2.977,True,True,True
logistic,e2711620-6d4e-4f9c-8922-b1b2d1fb74f2,262,high,1,1.0,large_dark,3.412,True,True,True
logistic,e2711620-6d4e-4f9c-8922-b1b2d1fb74f2,263,high,1,1.0,large_dark,3.848,True,True,True
logistic,e2711620-6d4e-4f9c-8922-b1b2d1fb74f2,264,high,1,1.0,large_dark,4.205,True,True,True
logistic,e2711620-6d4e-4f9c-8922-b1b2d1fb74f2,265,high,1,1.0,large_dark,3.632,True,True,True
logistic,e2711620-6d4e-4f9c-8922-b1b2d1fb74f2,266,high,1,1.0,large_dark,4.05,True,True,True
logistic,e2711620-6d4e-4f9c-8922-b1b2d1fb74f2,267,high,1,1.0,large_dark,3.47,True,True,True
logistic,e2711620-6d4e-4f9c-8922-b1b2d1fb74f2,268,high,1,1.0,large_dark,3.901,True,True,True
logistic,e2711620-6d4e-4f9c-8922-b1b2d1fb74f2,269,high,1,1.0,large_dark,4.333,True,True,True
logistic,e2711620-6d4e-4f9c-8922-b1b2d1fb74f2,270,high,1,1.0,large_dark,3.758,True,True,True
logistic,e2711620-6d4e-4f9c-8922-b1b2d1fb74f2,271,high,1,1.0,large_dark,4.183,True,True,True
logistic,e2711620-6d4e-4f9c-8922-b1b2d1fb74f2,272,high,1,1.0,large_dark,2.631,True,True,True
logistic,e2711620-6d4e-4f9c-8922-b1b2d1fb74f2,273,high,1,1.0,large_dark,3.066,True,True,True
logistic,e2711620-6d4e-4f9c-8922-b1b2d1fb74f2,274,high,1,1.0,large_dark,3.494,True,True,True
logistic,e2711620-6d4e-4f9c-8922-b1b2d1fb74f2,275,high,1,1.0,large_dark,2.938,True,True,True
logistic,e2711620-6d4e-4f9c-8922-b1b2d1fb74f2,276,high,1,1.0,large_dark,3.373,True,True,True
logistic,e2711620-6d4e-4f9c-8922-b1b2d1fb74f2,277,high,1,1.0,large_dark,1.734,True,True,True
logistic,e2711620-6d4e-4f9c-8922-b1b2d1fb74f2,278,high,1,1.0,large_dark,2.155,True,True,True
logistic,e2711620-6d4e-4f9c-8922-b1b2d1fb74f2,279,high,1,1.0,large_dark,2.581,True,True,True
logistic,e2711620-6d4e-4f9c-8922-b1b2d1fb74f2,280,high,1,1.0,large_dark,1.0,True,True,True
logistic,e2711620-6d4e-4f9c-8922-b1b2d1fb74f2,281,medium_high,1,1.0,large_dark,1.609,True,True,True
logistic,e2711620-6d4e-4f9c-8922-b1b2d1fb74f2,282,medium_high,1,1.0,large_dark,2.228,True,True,True
logistic,e2711620-6d4e-4f9c-8922-b1b2d1fb74f2,283,medium_high,1,1.0,large_dark,2.85,True,True,True
logistic,e2711620-6d4e-4f9c-8922-b1b2d1fb74f2,284,medium_high,1,1.0,large_dark,1.565,True,True,True
logistic,e2711620-6d4e-4f9c-8922-b1b2d1fb74f2,285,medium_high,1,1.0,large_dark,1.325,True,True,True
logistic,e2711620-6d4e-4f9c-8922-b1b2d1fb74f2,286,medium_high,1,1.0,large_dark,1.914,True,True,True
logistic,e2711620-6d4e-4f9c-8922-b1b2d1fb74f2,287,medium_high,1,1.0,large_dark,0.305,True,True,True
logistic,e2711620-6d4e-4f9c-8922-b1b2d1fb74f2,288,medium_high,1,1.0,large_dark,0.894,True,True,True
logistic,e2711620-6d4e-4f9c-8922-b1b2d1fb74f2,289,medium_high,1,1.0,large_dark,1.698,True,True,True
logistic,e2711620-6d4e-4f9c-8922-b1b2d1fb74f2,290,medium_high,1,1.0,hybrid_coast,3.717,True,True,True
logistic,e2711620-6d4e-4f9c-8922-b1b2d1fb74f2,291,medium_high,1,1.0,large_dark,1.012,True,True,True
logistic,e2711620-6d4e-4f9c-8922-b1b2d1fb74f2,292,medium_high,1,1.0,large_dark,2.11,True,True,True
logistic,e2711620-6d4e-4f9c-8922-b1b2d1fb74f2,293,medium_high,1,1.0,large_dark,1.747,True,True,True
logistic,e2711620-6d4e-4f9c-8922-b1b2d1fb74f2,294,medium_high,1,1.0,large_dark,2.977,True,True,True
logistic,e2711620-6d4e-4f9c-8922-b1b2d1fb74f2,295,medium_high,1,1.0,large_dark,2.58,True,True,True
logistic,e2711620-6d4e-4f9c-8922-b1b2d1fb74f2,296,medium_high,1,1.0,large_dark,3.0,True,True,True
logistic,e2711620-6d4e-4f9c-8922-b1b2d1fb74f2,297,medium_high,1,1.0,large_dark,3.424,True,True,True
logistic,e2711620-6d4e-4f9c-8922-b1b2d1fb74f2,298,medium_high,1,1.0,large_dark,3.076,True,True,True
logistic,e2711620-6d4e-4f9c-8922-b1b2d1fb74f2,299,medium_high,1,1.0,large_dark,4.288,True,True,True
logistic,e2711620-6d4e-4f9c-8922-b1b2d1fb74f2,300,medium_high,1,1.0,large_dark,4.717,True,True,True
logistic,e2711620-6d4e-4f9c-8922-b1b2d1fb74f2,301,medium_high,1,1.0,large_dark,4.127,True,True,True
logistic,e2711620-6d4e-4f9c-8922-b1b2d1fb74f2,302,medium_high,1,1.0,large_dark,4.373,True,True,True
logistic,e2711620-6d4e-4f9c-8922-b1b2d1fb74f2,303,medium_high,1,1.0,large_dark,3.779,True,True,True
logistic,e2711620-6d4e-4f9c-8922-b1b2d1fb74f2,304,medium_high,1,1.0,large_dark,4.924,True,True,True
logistic,e2711620-6d4e-4f9c-8922-b1b2d1fb74f2,305,medium_high,1,1.0,large_dark,5.223,True,True,True
logistic,e2711620-6d4e-4f9c-8922-b1b2d1fb74f2,306,medium_high,1,1.0,large_dark,4.596,True,True,True
logistic,e2711620-6d4e-4f9c-8922-b1b2d1fb74f2,307,medium_high,1,1.0,large_dark,4.902,True,True,True
logistic,e2711620-6d4e-4f9c-8922-b1b2d1fb74f2,308,medium_high,1,1.0,large_dark,4.272,True,True,True
logistic,e2711620-6d4e-4f9c-8922-b1b2d1fb74f2,309,medium_high,1,1.0,large_dark,3.644,True,True,True
logistic,e2711620-6d4e-4f9c-8922-b1b2d1fb74f2,310,medium_high,1,1.0,large_dark,4.912,True,True,True
logistic,e2711620-6d4e-4f9c-8922-b1b2d1fb74f2,311,medium_high,1,1.0,large_dark,4.276,True,True,True
logistic,e2711620-6d4e-4f9c-8922-b1b2d1fb74f2,312,medium_high,1,1.0,large_dark,4.61,True,True,True
logistic,e2711620-6d4e-4f9c-8922-b1b2d1fb74f2,313,medium_high,1,1.0,large_dark,3.973,True,True,True
logistic,e2711620-6d4e-4f9c-8922-b1b2d1fb74f2,314,medium_high,1,1.0,large_dark,2.264,True,True,True
logistic,e2711620-6d4e-4f9c-8922-b1b2d1fb74f2,315,medium_high,1,1.0,large_dark,3.644,True,True,True
logistic,e2711620-6d4e-4f9c-8922-b1b2d1fb74f2,316,medium_high,1,1.0,large_dark,3.041,True,True,True
logistic,e2711620-6d4e-4f9c-8922-b1b2d1fb74f2,317,medium_high,1,1.0,large_dark,2.878,True,True,True
logistic,e2711620-6d4e-4f9c-8922-b1b2d1fb74f2,318,medium_high,1,1.0,large_dark,49.433,False,False,True
logistic,e2711620-6d4e-4f9c-8922-b1b2d1fb74f2,319,medium_high,1,1.0,large_dark,49.394,False,False,True
logistic,e2711620-6d4e-4f9c-8922-b1b2d1fb74f2,320,medium_high,1,1.0,large_dark,2.062,True,True,True
logistic,e2711620-6d4e-4f9c-8922-b1b2d1fb74f2,321,medium_high,1,1.0,large_dark,2.016,True,True,True
logistic,e2711620-6d4e-4f9c-8922-b1b2d1fb74f2,322,medium_high,1,1.0,large_dark,2.344,True,True,True
logistic,e2711620-6d4e-4f9c-8922-b1b2d1fb74f2,323,medium_high,1,1.0,large_dark,2.266,True,True,True
logistic,e2711620-6d4e-4f9c-8922-b1b2d1fb74f2,324,medium_high,1,1.0,large_dark,2.832,True,True,True
logistic,e2711620-6d4e-4f9c-8922-b1b2d1fb74f2,325,medium_high,1,1.0,large_dark,2.127,True,True,True
logistic,e2711620-6d4e-4f9c-8922-b1b2d1fb74f2,326,medium_high,1,1.0,large_dark,2.057,True,True,True
logistic,e2711620-6d4e-4f9c-8922-b1b2d1fb74f2,327,medium_high,1,1.0,large_dark,1.991,True,True,True
logistic,e2711620-6d4e-4f9c-8922-b1b2d1fb74f2,328,medium_high,1,1.0,large_dark,1.931,True,True,True
logistic,e2711620-6d4e-4f9c-8922-b1b2d1fb74f2,329,medium_high,1,1.0,large_dark,2.393,True,True,True
logistic,e2711620-6d4e-4f9c-8922-b1b2d1fb74f2,330,medium_high,1,1.0,large_dark,2.305,True,True,True
logistic,e2711620-6d4e-4f9c-8922-b1b2d1fb74f2,331,medium_high,1,1.0,large_dark,2.218,True,True,True
logistic,e2711620-6d4e-4f9c-8922-b1b2d1fb74f2,332,medium_high,1,1.0,large_dark,2.14,True,True,True
logistic,e2711620-6d4e-4f9c-8922-b1b2d1fb74f2,333,medium_high,1,1.0,large_dark,2.063,True,True,True
logistic,e2711620-6d4e-4f9c-8922-b1b2d1fb74f2,334,medium_high,1,1.0,large_dark,1.653,True,True,True
logistic,e2711620-6d4e-4f9c-8922-b1b2d1fb74f2,335,medium_high,1,1.0,large_dark,1.625,True,True,True
logistic,e2711620-6d4e-4f9c-8922-b1b2d1fb74f2,336,medium_high,1,1.0,large_dark,1.603,True,True,True
logistic,e2711620-6d4e-4f9c-8922-b1b2d1fb74f2,337,medium_high,1,1.0,large_dark,1.587,True,True,True
logistic,e2711620-6d4e-4f9c-8922-b1b2d1fb74f2,338,medium_high,1,1.0,large_dark,1.579,True,True,True
logistic,e2711620-6d4e-4f9c-8922-b1b2d1fb74f2,339,medium_high,1,1.0,large_dark,2.074,True,True,True
logistic,e2711620-6d4e-4f9c-8922-b1b2d1fb74f2,340,medium_high,1,1.0,large_dark,2.121,True,True,True
logistic,e2711620-6d4e-4f9c-8922-b1b2d1fb74f2,341,medium_high,1,1.0,large_dark,2.058,True,True,True
logistic,e2711620-6d4e-4f9c-8922-b1b2d1fb74f2,342,medium_high,1,1.0,large_dark,2.011,True,True,True
logistic,e2711620-6d4e-4f9c-8922-b1b2d1fb74f2,343,medium_high,1,1.0,large_dark,1.981,True,True,True
logistic,e2711620-6d4e-4f9c-8922-b1b2d1fb74f2,344,medium_high,1,1.0,large_dark,1.97,True,True,True
logistic,e2711620-6d4e-4f9c-8922-b1b2d1fb74f2,345,medium_high,1,1.0,large_dark,1.976,True,True,True
logistic,e2711620-6d4e-4f9c-8922-b1b2d1fb74f2,346,medium_high,1,1.0,large_dark,2.001,True,True,True
logistic,e2711620-6d4e-4f9c-8922-b1b2d1fb74f2,347,medium_high,1,1.0,large_dark,2.044,True,True,True
logistic,e2711620-6d4e-4f9c-8922-b1b2d1fb74f2,348,medium_high,1,1.0,large_dark,2.102,True,True,True
logistic,e2711620-6d4e-4f9c-8922-b1b2d1fb74f2,349,medium_high,1,1.0,large_dark,2.364,True,True,True
logistic,e2711620-6d4e-4f9c-8922-b1b2d1fb74f2,350,medium_high,1,1.0,large_dark,2.372,True,True,True
logistic,e2711620-6d4e-4f9c-8922-b1b2d1fb74f2,351,medium_high,1,1.0,large_dark,2.395,True,True,True
logistic,e2711620-6d4e-4f9c-8922-b1b2d1fb74f2,352,medium_high,1,1.0,large_dark,2.778,True,True,True
logistic,e2711620-6d4e-4f9c-8922-b1b2d1fb74f2,353,medium_high,1,1.0,large_dark,2.762,True,True,True
logistic,e2711620-6d4e-4f9c-8922-b1b2d1fb74f2,354,medium_high,1,1.0,large_dark,2.758,True,True,True
logistic,e2711620-6d4e-4f9c-8922-b1b2d1fb74f2,355,medium_high,1,1.0,large_dark,2.767,True,True,True
logistic,e2711620-6d4e-4f9c-8922-b1b2d1fb74f2,356,medium_high,1,1.0,large_dark,2.789,True,True,True
logistic,e2711620-6d4e-4f9c-8922-b1b2d1fb74f2,357,medium_high,1,1.0,large_dark,3.166,True,True,True
logistic,e2711620-6d4e-4f9c-8922-b1b2d1fb74f2,358,medium_high,1,1.0,large_dark,3.154,True,True,True
logistic,e2711620-6d4e-4f9c-8922-b1b2d1fb74f2,359,medium_high,1,1.0,large_dark,3.645,True,True,True
logistic,e2711620-6d4e-4f9c-8922-b1b2d1fb74f2,360,medium_high,1,1.0,large_dark,3.606,True,True,True
logistic,e2711620-6d4e-4f9c-8922-b1b2d1fb74f2,361,medium_high,1,1.0,large_dark,3.547,True,True,True
logistic,e2711620-6d4e-4f9c-8922-b1b2d1fb74f2,362,medium_high,1,1.0,large_dark,3.495,True,True,True
logistic,e2711620-6d4e-4f9c-8922-b1b2d1fb74f2,363,medium_high,1,1.0,large_dark,3.436,True,True,True
logistic,e2711620-6d4e-4f9c-8922-b1b2d1fb74f2,364,medium_high,1,1.0,large_dark,4.801,True,True,True
logistic,e2711620-6d4e-4f9c-8922-b1b2d1fb74f2,365,medium_high,1,1.0,large_dark,4.756,True,True,True
logistic,e2711620-6d4e-4f9c-8922-b1b2d1fb74f2,366,medium_high,1,1.0,large_dark,4.702,True,True,True
logistic,e2711620-6d4e-4f9c-8922-b1b2d1fb74f2,367,medium_high,1,1.0,large_dark,4.657,True,True,True
logistic,e2711620-6d4e-4f9c-8922-b1b2d1fb74f2,368,medium_high,1,1.0,large_dark,4.604,True,True,True
logistic,e2711620-6d4e-4f9c-8922-b1b2d1fb74f2,369,medium_high,1,1.0,large_dark,4.56,True,True,True
logistic,e2711620-6d4e-4f9c-8922-b1b2d1fb74f2,370,medium_high,1,1.0,large_dark,5.368,True,True,True
logistic,e2711620-6d4e-4f9c-8922-b1b2d1fb74f2,371,medium_high,1,1.0,large_dark,5.318,True,True,True
logistic,e2711620-6d4e-4f9c-8922-b1b2d1fb74f2,372,medium_high,1,1.0,large_dark,6.185,True,True,True
logistic,e2711620-6d4e-4f9c-8922-b1b2d1fb74f2,373,medium_high,1,1.0,large_dark,6.138,True,True,True
logistic,e2711620-6d4e-4f9c-8922-b1b2d1fb74f2,374,medium_high,1,1.0,large_dark,5.798,True,True,True
logistic,e2711620-6d4e-4f9c-8922-b1b2d1fb74f2,375,medium_high,1,1.0,large_dark,5.757,True,True,True
logistic,e2711620-6d4e-4f9c-8922-b1b2d1fb74f2,376,medium_high,1,1.0,large_dark,5.727,True,True,True
logistic,e2711620-6d4e-4f9c-8922-b1b2d1fb74f2,377,medium_high,1,1.0,large_dark,6.68,True,True,True
logistic,e2711620-6d4e-4f9c-8922-b1b2d1fb74f2,378,medium_high,1,1.0,large_dark,6.642,True,True,True
logistic,e2711620-6d4e-4f9c-8922-b1b2d1fb74f2,379,medium_high,1,1.0,large_dark,6.53,True,True,True
logistic,e2711620-6d4e-4f9c-8922-b1b2d1fb74f2,380,medium_high,1,1.0,large_dark,7.5,True,True,True
logistic,e2711620-6d4e-4f9c-8922-b1b2d1fb74f2,381,medium_high,1,1.0,large_dark,7.837,True,True,True
logistic,e2711620-6d4e-4f9c-8922-b1b2d1fb74f2,382,medium_high,1,1.0,large_dark,28.638,False,False,True
logistic,e2711620-6d4e-4f9c-8922-b1b2d1fb74f2,383,medium_high,1,1.0,large_dark,8.525,False,True,True
logistic,e2711620-6d4e-4f9c-8922-b1b2d1fb74f2,384,medium_high,1,1.0,large_dark,8.896,False,True,True
logistic,e2711620-6d4e-4f9c-8922-b1b2d1fb74f2,385,medium_high,1,1.0,large_dark,31.12,False,False,True
logistic,e2711620-6d4e-4f9c-8922-b1b2d1fb74f2,386,medium_high,1,1.0,large_dark,31.574,False,False,True
logistic,e2711620-6d4e-4f9c-8922-b1b2d1fb74f2,387,medium_high,1,1.0,large_dark,32.385,False,False,True
logistic,e2711620-6d4e-4f9c-8922-b1b2d1fb74f2,388,medium_high,1,1.0,large_dark,32.82,False,False,True
logistic,e2711620-6d4e-4f9c-8922-b1b2d1fb74f2,389,medium_high,1,1.0,large_dark,34.13,False,False,True
logistic,e2711620-6d4e-4f9c-8922-b1b2d1fb74f2,390,medium_high,1,1.0,large_dark,49.468,False,False,True
logistic,e2711620-6d4e-4f9c-8922-b1b2d1fb74f2,391,medium_high,1,1.0,large_dark,49.524,False,False,True
logistic,e2711620-6d4e-4f9c-8922-b1b2d1fb74f2,392,medium_high,1,1.0,large_dark,48.981,False,False,True
logistic,e2711620-6d4e-4f9c-8922-b1b2d1fb74f2,393,medium_high,1,1.0,large_dark,49.051,False,False,True
logistic,e2711620-6d4e-4f9c-8922-b1b2d1fb74f2,394,medium_high,1,1.0,large_dark,48.315,False,False,False
logistic,e2711620-6d4e-4f9c-8922-b1b2d1fb74f2,395,medium_high,1,1.0,large_dark,47.579,False,False,False
logistic,e2711620-6d4e-4f9c-8922-b1b2d1fb74f2,396,medium_high,1,1.0,large_dark,47.65,False,False,False
logistic,e2711620-6d4e-4f9c-8922-b1b2d1fb74f2,397,medium_high,1,1.0,large_dark,23.46,False,False,True
logistic,e2711620-6d4e-4f9c-8922-b1b2d1fb74f2,398,medium_high,1,1.0,large_dark,23.716,False,False,True
logistic,e2711620-6d4e-4f9c-8922-b1b2d1fb74f2,399,medium_high,1,1.0,hybrid_coast,23.001,False,False,True
logistic,e2711620-6d4e-4f9c-8922-b1b2d1fb74f2,400,medium_high,1,1.0,hybrid_coast,23.265,False,False,True
logistic,e2711620-6d4e-4f9c-8922-b1b2d1fb74f2,401,medium_high,1,1.0,hybrid_coast,22.737,False,False,True
logistic,e2711620-6d4e-4f9c-8922-b1b2d1fb74f2,402,medium_high,1,1.0,hybrid_coast,22.22,False,False,True
logistic,e2711620-6d4e-4f9c-8922-b1b2d1fb74f2,403,medium_high,2,1.0,large_dark,75.89,False,False,True
logistic,e2711620-6d4e-4f9c-8922-b1b2d1fb74f2,404,medium_high,1,1.0,large_dark,52.902,False,False,True
logistic,e2711620-6d4e-4f9c-8922-b1b2d1fb74f2,405,medium_high,1,1.0,large_dark,52.51,False,False,True
logistic,e2711620-6d4e-4f9c-8922-b1b2d1fb74f2,406,medium_high,1,1.0,large_dark,52.125,False,False,True
logistic,e2711620-6d4e-4f9c-8922-b1b2d1fb74f2,407,medium_high,1,1.0,large_dark,51.799,False,False,False
logistic,e2711620-6d4e-4f9c-8922-b1b2d1fb74f2,408,medium_high,1,1.0,large_dark,51.441,False,False,False
logistic,e2711620-6d4e-4f9c-8922-b1b2d1fb74f2,409,medium_high,1,1.0,hybrid_coast,51.683,False,False,True
logistic,e2711620-6d4e-4f9c-8922-b1b2d1fb74f2,410,medium_high,2,1.0,large_dark,75.698,False,False,True
logistic,e2711620-6d4e-4f9c-8922-b1b2d1fb74f2,411,medium_high,2,1.0,large_dark,75.831,False,False,True
logistic,e2711620-6d4e-4f9c-8922-b1b2d1fb74f2,412,medium_high,1,1.0,large_dark,75.971,False,False,False
logistic,e2711620-6d4e-4f9c-8922-b1b2d1fb74f2,413,medium_high,1,1.0,large_dark,76.117,False,False,False
logistic,e2711620-6d4e-4f9c-8922-b1b2d1fb74f2,414,medium_high,1,1.0,large_dark,76.269,False,False,True
logistic,e2711620-6d4e-4f9c-8922-b1b2d1fb74f2,415,medium_high,1,1.0,large_dark,76.428,False,False,True
logistic,e2711620-6d4e-4f9c-8922-b1b2d1fb74f2,416,medium_high,1,1.0,large_dark,76.594,False,False,False
logistic,e2711620-6d4e-4f9c-8922-b1b2d1fb74f2,417,medium_high,1,1.0,large_dark,76.765,False,False,True
logistic,e2711620-6d4e-4f9c-8922-b1b2d1fb74f2,418,medium_high,1,1.0,large_dark,76.944,False,False,True
logistic,e2711620-6d4e-4f9c-8922-b1b2d1fb74f2,419,medium_high,1,1.0,large_dark,77.128,False,False,True
logistic,e2711620-6d4e-4f9c-8922-b1b2d1fb74f2,420,medium_high,1,1.0,large_dark,77.319,False,False,True
logistic,e2711620-6d4e-4f9c-8922-b1b2d1fb74f2,421,medium_high,1,1.0,large_dark,77.257,False,False,False
logistic,e2711620-6d4e-4f9c-8922-b1b2d1fb74f2,422,medium_high,1,1.0,large_dark,77.196,False,False,True
logistic,e2711620-6d4e-4f9c-8922-b1b2d1fb74f2,423,medium_high,1,1.0,large_dark,77.135,False,False,False
logistic,e2711620-6d4e-4f9c-8922-b1b2d1fb74f2,424,medium_high,1,1.0,large_dark,26.76,False,False,True
logistic,e2711620-6d4e-4f9c-8922-b1b2d1fb74f2,425,medium_high,1,1.0,large_dark,25.87,False,False,True
logistic,e2711620-6d4e-4f9c-8922-b1b2d1fb74f2,426,medium_high,1,1.0,large_dark,25.739,False,False,True
logistic,e2711620-6d4e-4f9c-8922-b1b2d1fb74f2,427,medium_high,1,1.0,large_dark,25.609,False,False,True
logistic,e2711620-6d4e-4f9c-8922-b1b2d1fb74f2,428,medium_high,1,1.0,large_dark,25.48,False,False,True
logistic,e2711620-6d4e-4f9c-8922-b1b2d1fb74f2,429,medium_high,1,1.0,large_dark,24.724,False,False,True
logistic,e2711620-6d4e-4f9c-8922-b1b2d1fb74f2,430,medium_high,1,1.0,large_dark,24.602,False,False,False
logistic,e2711620-6d4e-4f9c-8922-b1b2d1fb74f2,431,medium_high,1,1.0,large_dark,24.48,False,False,False
logistic,e2711620-6d4e-4f9c-8922-b1b2d1fb74f2,432,medium_high,1,1.0,large_dark,28.566,False,False,True
logistic,e2711620-6d4e-4f9c-8922-b1b2d1fb74f2,433,medium_high,1,1.0,large_dark,28.443,False,False,True
logistic,e2711620-6d4e-4f9c-8922-b1b2d1fb74f2,434,medium_high,1,1.0,large_dark,75.966,False,False,False
logistic,e2711620-6d4e-4f9c-8922-b1b2d1fb74f2,435,medium_high,1,1.0,large_dark,75.916,False,False,True
logistic,e2711620-6d4e-4f9c-8922-b1b2d1fb74f2,436,medium_high,1,1.0,large_dark,75.866,False,False,False
logistic,e2711620-6d4e-4f9c-8922-b1b2d1fb74f2,437,medium_high,1,1.0,large_dark,75.817,False,False,True
logistic,e2711620-6d4e-4f9c-8922-b1b2d1fb74f2,438,medium_high,1,1.0,large_dark,75.768,False,False,True
logistic,e2711620-6d4e-4f9c-8922-b1b2d1fb74f2,439,medium_high,1,1.0,large_dark,75.72,False,False,True
logistic,e2711620-6d4e-4f9c-8922-b1b2d1fb74f2,440,medium_high,1,1.0,large_dark,75.672,False,False,True
logistic,e2711620-6d4e-4f9c-8922-b1b2d1fb74f2,441,medium,1,1.0,large_dark,76.101,False,False,True
logistic,e2711620-6d4e-4f9c-8922-b1b2d1fb74f2,442,medium,1,1.0,large_dark,76.535,False,False,True
logistic,e2711620-6d4e-4f9c-8922-b1b2d1fb74f2,443,medium,1,1.0,large_dark,76.972,False,False,True
logistic,e2711620-6d4e-4f9c-8922-b1b2d1fb74f2,444,medium,1,1.0,large_dark,77.414,False,False,True
logistic,e2711620-6d4e-4f9c-8922-b1b2d1fb74f2,445,medium,1,1.0,large_dark,77.86,False,False,True
logistic,e2711620-6d4e-4f9c-8922-b1b2d1fb74f2,446,medium,1,1.0,large_dark,28.141,False,False,True
logistic,e2711620-6d4e-4f9c-8922-b1b2d1fb74f2,447,medium,1,1.0,large_dark,28.421,False,False,True
logistic,e2711620-6d4e-4f9c-8922-b1b2d1fb74f2,448,medium,1,1.0,large_dark,28.715,False,False,True
logistic,e2711620-6d4e-4f9c-8922-b1b2d1fb74f2,449,medium,1,1.0,large_dark,29.024,False,False,True
logistic,e2711620-6d4e-4f9c-8922-b1b2d1fb74f2,450,low_medium,1,1.0,large_dark,29.347,False,False,True
logistic,e2711620-6d4e-4f9c-8922-b1b2d1fb74f2,451,low_medium,1,1.0,large_dark,29.372,False,False,True
logistic,e2711620-6d4e-4f9c-8922-b1b2d1fb74f2,452,low_medium,1,1.0,large_dark,29.855,False,False,True
logistic,e2711620-6d4e-4f9c-8922-b1b2d1fb74f2,453,low_medium,1,1.0,large_dark,29.889,False,False,True
logistic,e2711620-6d4e-4f9c-8922-b1b2d1fb74f2,454,low_medium,1,1.0,large_dark,30.565,False,False,True
logistic,e2711620-6d4e-4f9c-8922-b1b2d1fb74f2,455,low_medium,1,1.0,large_dark,31.052,False,False,True
logistic,e2711620-6d4e-4f9c-8922-b1b2d1fb74f2,456,low_medium,1,1.0,large_dark,31.074,False,False,True
logistic,e2711620-6d4e-4f9c-8922-b1b2d1fb74f2,457,low_medium,1,1.0,large_dark,31.752,False,False,True
logistic,e2711620-6d4e-4f9c-8922-b1b2d1fb74f2,458,low_medium,1,1.0,large_dark,31.783,False,False,True
logistic,e2711620-6d4e-4f9c-8922-b1b2d1fb74f2,459,low_medium,1,1.0,large_dark,5.053,True,True,True
logistic,e2711620-6d4e-4f9c-8922-b1b2d1fb74f2,460,low_medium,1,1.0,large_dark,32.23,False,False,True
logistic,e2711620-6d4e-4f9c-8922-b1b2d1fb74f2,461,low_medium,1,1.0,large_dark,32.258,False,False,True
logistic,e2711620-6d4e-4f9c-8922-b1b2d1fb74f2,462,low_medium,1,1.0,large_dark,32.921,False,False,True
logistic,e2711620-6d4e-4f9c-8922-b1b2d1fb74f2,463,low_medium,1,1.0,large_dark,32.958,False,False,True
logistic,e2711620-6d4e-4f9c-8922-b1b2d1fb74f2,464,low_medium,1,1.0,large_dark,6.119,True,True,True
logistic,e2711620-6d4e-4f9c-8922-b1b2d1fb74f2,465,low_medium,1,1.0,large_dark,6.454,True,True,True
logistic,e2711620-6d4e-4f9c-8922-b1b2d1fb74f2,466,low_medium,1,1.0,large_dark,6.505,True,True,True
logistic,e2711620-6d4e-4f9c-8922-b1b2d1fb74f2,467,low_medium,1,1.0,large_dark,7.028,True,True,True
logistic,e2711620-6d4e-4f9c-8922-b1b2d1fb74f2,468,low_medium,1,1.0,large_dark,7.088,True,True,True
logistic,e2711620-6d4e-4f9c-8922-b1b2d1fb74f2,469,low_medium,1,1.0,large_dark,7.77,True,True,True
logistic,e2711620-6d4e-4f9c-8922-b1b2d1fb74f2,470,low_medium,1,1.0,large_dark,8.933,False,True,True
logistic,e2711620-6d4e-4f9c-8922-b1b2d1fb74f2,471,low_medium,1,1.0,large_dark,8.981,False,True,False
logistic,e2711620-6d4e-4f9c-8922-b1b2d1fb74f2,472,low_medium,1,1.0,large_dark,8.39,False,True,False
logistic,e2711620-6d4e-4f9c-8922-b1b2d1fb74f2,473,low_medium,1,1.0,large_dark,8.448,False,True,False
logistic,e2711620-6d4e-4f9c-8922-b1b2d1fb74f2,474,low_medium,1,1.0,large_dark,8.826,False,True,True
logistic,e2711620-6d4e-4f9c-8922-b1b2d1fb74f2,475,low_medium,1,1.0,large_dark,9.241,False,True,True
logistic,e2711620-6d4e-4f9c-8922-b1b2d1fb74f2,476,low_medium,1,1.0,large_dark,9.288,False,True,True
logistic,e2711620-6d4e-4f9c-8922-b1b2d1fb74f2,477,low_medium,1,1.0,large_dark,9.243,False,True,False
logistic,e2711620-6d4e-4f9c-8922-b1b2d1fb74f2,478,low_medium,1,1.0,large_dark,9.289,False,True,False
logistic,e2711620-6d4e-4f9c-8922-b1b2d1fb74f2,479,low_medium,1,1.0,large_dark,9.772,False,True,False
logistic,e2711620-6d4e-4f9c-8922-b1b2d1fb74f2,480,low_medium,1,1.0,large_dark,10.774,False,True,True
logistic,e2711620-6d4e-4f9c-8922-b1b2d1fb74f2,481,low_medium,1,1.0,large_dark,10.816,False,True,True
logistic,e2711620-6d4e-4f9c-8922-b1b2d1fb74f2,482,low_medium,1,1.0,large_dark,11.341,False,True,False
logistic,e2711620-6d4e-4f9c-8922-b1b2d1fb74f2,483,low_medium,1,1.0,large_dark,11.381,False,True,False
logistic,e2711620-6d4e-4f9c-8922-b1b2d1fb74f2,484,low_medium,1,1.0,large_dark,3.808,True,True,True
logistic,e2711620-6d4e-4f9c-8922-b1b2d1fb74f2,485,low_medium,1,1.0,large_dark,3.759,True,True,True
logistic,e2711620-6d4e-4f9c-8922-b1b2d1fb74f2,486,low_medium,1,1.0,large_dark,3.702,True,True,True
logistic,e2711620-6d4e-4f9c-8922-b1b2d1fb74f2,487,low_medium,1,1.0,large_dark,3.653,True,True,True
logistic,e2711620-6d4e-4f9c-8922-b1b2d1fb74f2,488,low_medium,1,1.0,large_dark,3.597,True,True,True
logistic,e2711620-6d4e-4f9c-8922-b1b2d1fb74f2,489,low_medium,1,1.0,large_dark,3.541,True,True,True
logistic,e2711620-6d4e-4f9c-8922-b1b2d1fb74f2,490,low_medium,1,1.0,large_dark,3.485,True,True,True
logistic,e2711620-6d4e-4f9c-8922-b1b2d1fb74f2,491,low_medium,1,1.0,large_dark,3.436,True,True,True
logistic,e2711620-6d4e-4f9c-8922-b1b2d1fb74f2,492,low_medium,1,1.0,large_dark,3.379,True,True,True
logistic,e2711620-6d4e-4f9c-8922-b1b2d1fb74f2,493,low_medium,1,1.0,large_dark,3.33,True,True,True
logistic,e2711620-6d4e-4f9c-8922-b1b2d1fb74f2,494,low_medium,1,1.0,large_dark,55.207,False,False,True
logistic,e2711620-6d4e-4f9c-8922-b1b2d1fb74f2,495,low_medium,1,1.0,large_dark,55.237,False,False,True
logistic,e2711620-6d4e-4f9c-8922-b1b2d1fb74f2,496,low_medium,1,1.0,large_dark,55.264,False,False,True
logistic,e2711620-6d4e-4f9c-8922-b1b2d1fb74f2,497,low_medium,1,1.0,large_dark,55.978,False,False,True
logistic,e2711620-6d4e-4f9c-8922-b1b2d1fb74f2,498,low_medium,1,1.0,large_dark,56.006,False,False,True
logistic,e2711620-6d4e-4f9c-8922-b1b2d1fb74f2,499,low_medium,1,1.0,large_dark,55.67,False,False,True
logistic,e2711620-6d4e-4f9c-8922-b1b2d1fb74f2,500,low_medium,1,1.0,large_dark,55.699,False,False,True
logistic,e2711620-6d4e-4f9c-8922-b1b2d1fb74f2,501,low_medium,1,1.0,large_dark,27.992,False,False,True
logistic,e2711620-6d4e-4f9c-8922-b1b2d1fb74f2,502,low_medium,1,1.0,large_dark,55.644,False,False,True
logistic,e2711620-6d4e-4f9c-8922-b1b2d1fb74f2,503,low_medium,1,1.0,large_dark,55.676,False,False,True
logistic,e2711620-6d4e-4f9c-8922-b1b2d1fb74f2,504,low_medium,1,1.0,large_dark,55.117,False,False,True
logistic,e2711620-6d4e-4f9c-8922-b1b2d1fb74f2,505,low_medium,1,1.0,large_dark,55.149,False,False,True
logistic,e2711620-6d4e-4f9c-8922-b1b2d1fb74f2,506,low_medium,1,1.0,large_dark,56.051,False,False,True
logistic,e2711620-6d4e-4f9c-8922-b1b2d1fb74f2,507,low_medium,1,1.0,large_dark,55.983,False,False,True
logistic,e2711620-6d4e-4f9c-8922-b1b2d1fb74f2,508,low_medium,1,1.0,large_dark,56.015,False,False,True
logistic,e2711620-6d4e-4f9c-8922-b1b2d1fb74f2,509,low_medium,1,1.0,large_dark,56.77,False,False,True
logistic,e2711620-6d4e-4f9c-8922-b1b2d1fb74f2,510,low_medium,1,1.0,large_dark,56.803,False,False,True
logistic,e2711620-6d4e-4f9c-8922-b1b2d1fb74f2,511,low_medium,1,1.0,large_dark,56.115,False,False,True
logistic,e2711620-6d4e-4f9c-8922-b1b2d1fb74f2,512,low_medium,1,1.0,large_dark,56.081,False,False,True
logistic,e2711620-6d4e-4f9c-8922-b1b2d1fb74f2,513,low_medium,1,1.0,large_dark,56.117,False,False,True
logistic,e2711620-6d4e-4f9c-8922-b1b2d1fb74f2,514,low_medium,1,1.0,large_dark,26.127,False,False,True
logistic,e2711620-6d4e-4f9c-8922-b1b2d1fb74f2,515,low_medium,1,1.0,large_dark,26.161,False,False,True
logistic,e2711620-6d4e-4f9c-8922-b1b2d1fb74f2,516,low_medium,1,1.0,large_dark,25.615,False,False,True
logistic,e2711620-6d4e-4f9c-8922-b1b2d1fb74f2,517,low_medium,1,1.0,large_dark,25.507,False,False,True
logistic,e2711620-6d4e-4f9c-8922-b1b2d1fb74f2,518,low_medium,1,1.0,large_dark,25.541,False,False,True
logistic,e2711620-6d4e-4f9c-8922-b1b2d1fb74f2,519,low_medium,1,1.0,large_dark,25.532,False,False,True
logistic,e2711620-6d4e-4f9c-8922-b1b2d1fb74f2,520,medium,1,1.0,large_dark,25.567,False,False,True
logistic,e2711620-6d4e-4f9c-8922-b1b2d1fb74f2,521,medium,1,1.0,large_dark,25.062,False,False,True
logistic,e2711620-6d4e-4f9c-8922-b1b2d1fb74f2,522,medium,1,1.0,large_dark,20.075,False,False,True
logistic,e2711620-6d4e-4f9c-8922-b1b2d1fb74f2,523,medium,1,1.0,large_dark,57.078,False,False,True
logistic,e2711620-6d4e-4f9c-8922-b1b2d1fb74f2,524,medium,1,1.0,large_dark,19.621,False,False,True
logistic,e2711620-6d4e-4f9c-8922-b1b2d1fb74f2,525,medium,1,1.0,large_dark,57.657,False,False,True
logistic,e2711620-6d4e-4f9c-8922-b1b2d1fb74f2,526,medium,1,1.0,large_dark,2.682,True,True,True
logistic,e2711620-6d4e-4f9c-8922-b1b2d1fb74f2,527,medium,1,1.0,large_dark,1.83,True,True,True
logistic,e2711620-6d4e-4f9c-8922-b1b2d1fb74f2,528,medium,1,1.0,large_dark,1.785,True,True,True
logistic,e2711620-6d4e-4f9c-8922-b1b2d1fb74f2,529,medium,1,1.0,large_dark,1.012,True,True,True
logistic,e2711620-6d4e-4f9c-8922-b1b2d1fb74f2,530,medium,1,1.0,large_dark,0.948,True,True,True
logistic,e2711620-6d4e-4f9c-8922-b1b2d1fb74f2,531,medium,1,1.0,large_dark,1.236,True,True,True
logistic,e2711620-6d4e-4f9c-8922-b1b2d1fb74f2,532,medium,1,1.0,large_dark,1.631,True,True,True
logistic,e2711620-6d4e-4f9c-8922-b1b2d1fb74f2,533,medium,1,1.0,large_dark,1.6,True,True,True
logistic,e2711620-6d4e-4f9c-8922-b1b2d1fb74f2,534,medium,1,1.0,large_dark,1.06,True,True,True
logistic,e2711620-6d4e-4f9c-8922-b1b2d1fb74f2,535,medium,1,1.0,large_dark,1.032,True,True,True
logistic,e2711620-6d4e-4f9c-8922-b1b2d1fb74f2,536,medium,1,1.0,large_dark,2.52,True,True,True
logistic,e2711620-6d4e-4f9c-8922-b1b2d1fb74f2,537,medium,1,1.0,large_dark,1.991,True,True,True
logistic,e2711620-6d4e-4f9c-8922-b1b2d1fb74f2,538,medium,1,1.0,large_dark,1.945,True,True,True
logistic,e2711620-6d4e-4f9c-8922-b1b2d1fb74f2,539,medium,1,1.0,large_dark,1.416,True,True,True
logistic,e2711620-6d4e-4f9c-8922-b1b2d1fb74f2,540,medium,1,1.0,large_dark,1.368,True,True,True
logistic,e2711620-6d4e-4f9c-8922-b1b2d1fb74f2,541,medium,1,1.0,large_dark,2.901,True,True,True
logistic,e2711620-6d4e-4f9c-8922-b1b2d1fb74f2,542,medium,1,1.0,large_dark,1.431,True,True,True
logistic,e2711620-6d4e-4f9c-8922-b1b2d1fb74f2,543,medium,1,1.0,large_dark,1.387,True,True,True
logistic,e2711620-6d4e-4f9c-8922-b1b2d1fb74f2,544,medium,1,1.0,large_dark,1.799,True,True,True
logistic,e2711620-6d4e-4f9c-8922-b1b2d1fb74f2,545,medium,1,1.0,large_dark,1.756,True,True,True
logistic,e2711620-6d4e-4f9c-8922-b1b2d1fb74f2,546,medium,1,1.0,large_dark,1.14,True,True,True
logistic,e2711620-6d4e-4f9c-8922-b1b2d1fb74f2,547,medium,1,1.0,large_dark,0.614,True,True,True
logistic,e2711620-6d4e-4f9c-8922-b1b2d1fb74f2,548,medium,1,1.0,large_dark,0.581,True,True,True
logistic,e2711620-6d4e-4f9c-8922-b1b2d1fb74f2,549,medium,1,1.0,large_dark,0.155,True,True,True
logistic,e2711620-6d4e-4f9c-8922-b1b2d1fb74f2,550,medium,1,1.0,large_dark,0.2,True,True,True
logistic,e2711620-6d4e-4f9c-8922-b1b2d1fb74f2,551,medium,1,1.0,large_dark,1.493,True,True,True
logistic,e2711620-6d4e-4f9c-8922-b1b2d1fb74f2,552,medium,1,1.0,large_dark,1.447,True,True,True
logistic,e2711620-6d4e-4f9c-8922-b1b2d1fb74f2,553,medium,1,1.0,large_dark,1.412,True,True,True
logistic,e2711620-6d4e-4f9c-8922-b1b2d1fb74f2,554,medium,1,1.0,large_dark,1.865,True,True,True
logistic,e2711620-6d4e-4f9c-8922-b1b2d1fb74f2,555,medium,1,1.0,large_dark,1.832,True,True,True
logistic,e2711620-6d4e-4f9c-8922-b1b2d1fb74f2,556,medium,1,1.0,hybrid_coast,2.255,True,True,True
logistic,e2711620-6d4e-4f9c-8922-b1b2d1fb74f2,557,medium,1,1.0,hybrid_coast,3.74,True,True,True
logistic,e2711620-6d4e-4f9c-8922-b1b2d1fb74f2,558,medium,1,1.0,hybrid_coast,4.78,True,True,True
logistic,e2711620-6d4e-4f9c-8922-b1b2d1fb74f2,559,medium,1,1.0,large_dark,2.263,True,True,True
logistic,e2711620-6d4e-4f9c-8922-b1b2d1fb74f2,560,medium,1,1.0,large_dark,2.238,True,True,True
logistic,e2711620-6d4e-4f9c-8922-b1b2d1fb74f2,561,medium,1,1.0,large_dark,0.671,True,True,True
logistic,e2711620-6d4e-4f9c-8922-b1b2d1fb74f2,562,medium,1,1.0,map,3.201,True,True,True
logistic,e2711620-6d4e-4f9c-8922-b1b2d1fb74f2,563,medium,1,1.0,hybrid_coast,4.124,True,True,True
logistic,e2711620-6d4e-4f9c-8922-b1b2d1fb74f2,564,medium,1,1.0,hybrid_coast,3.257,True,True,True
logistic,e2711620-6d4e-4f9c-8922-b1b2d1fb74f2,565,medium,1,1.0,hybrid_coast,11.182,False,True,True
logistic,e2711620-6d4e-4f9c-8922-b1b2d1fb74f2,566,medium,1,1.0,large_dark,1.035,True,True,True
logistic,e2711620-6d4e-4f9c-8922-b1b2d1fb74f2,567,medium,1,1.0,large_dark,1.085,True,True,True
logistic,e2711620-6d4e-4f9c-8922-b1b2d1fb74f2,568,medium,1,1.0,large_dark,1.14,True,True,True
logistic,e2711620-6d4e-4f9c-8922-b1b2d1fb74f2,569,medium,1,1.0,large_dark,1.19,True,True,True
logistic,e2711620-6d4e-4f9c-8922-b1b2d1fb74f2,570,medium,1,1.0,large_dark,1.245,True,True,True
logistic,e2711620-6d4e-4f9c-8922-b1b2d1fb74f2,571,medium,1,1.0,large_dark,1.396,True,True,True
logistic,e2711620-6d4e-4f9c-8922-b1b2d1fb74f2,572,medium,1,1.0,large_dark,1.377,True,True,True
logistic,e2711620-6d4e-4f9c-8922-b1b2d1fb74f2,573,medium,1,1.0,large_dark,1.37,True,True,True
logistic,e2711620-6d4e-4f9c-8922-b1b2d1fb74f2,574,medium,1,1.0,large_dark,7.277,True,True,True
logistic,e2711620-6d4e-4f9c-8922-b1b2d1fb74f2,575,medium,1,1.0,large_dark,7.326,True,True,True
logistic,e2711620-6d4e-4f9c-8922-b1b2d1fb74f2,576,medium,1,1.0,large_dark,7.387,True,True,True
logistic,e2711620-6d4e-4f9c-8922-b1b2d1fb74f2,577,medium,1,1.0,hybrid_coast,4.128,True,True,True
logistic,e2711620-6d4e-4f9c-8922-b1b2d1fb74f2,578,medium,1,1.0,large_dark,1.341,True,True,True
logistic,e2711620-6d4e-4f9c-8922-b1b2d1fb74f2,579,medium,1,1.0,large_dark,7.082,True,True,True
logistic,e2711620-6d4e-4f9c-8922-b1b2d1fb74f2,580,medium_high,1,1.0,large_dark,3.536,True,True,True
logistic,e2711620-6d4e-4f9c-8922-b1b2d1fb74f2,581,medium_high,1,1.0,large_dark,3.486,True,True,True
logistic,e2711620-6d4e-4f9c-8922-b1b2d1fb74f2,582,medium_high,1,1.0,large_dark,4.54,True,True,True
logistic,e2711620-6d4e-4f9c-8922-b1b2d1fb74f2,583,medium_high,1,1.0,large_dark,4.547,True,True,True
logistic,e2711620-6d4e-4f9c-8922-b1b2d1fb74f2,584,medium_high,1,1.0,large_dark,3.338,True,True,True
logistic,e2711620-6d4e-4f9c-8922-b1b2d1fb74f2,585,medium_high,1,1.0,large_dark,3.288,True,True,True
logistic,e2711620-6d4e-4f9c-8922-b1b2d1fb74f2,586,medium_high,1,1.0,large_dark,3.534,True,True,True
logistic,e2711620-6d4e-4f9c-8922-b1b2d1fb74f2,587,medium_high,1,1.0,large_dark,3.489,True,True,True
logistic,e2711620-6d4e-4f9c-8922-b1b2d1fb74f2,588,medium_high,1,1.0,large_dark,3.444,True,True,True
logistic,e2711620-6d4e-4f9c-8922-b1b2d1fb74f2,589,medium_high,1,1.0,large_dark,3.944,True,True,True
logistic,e2711620-6d4e-4f9c-8922-b1b2d1fb74f2,590,medium_high,1,1.0,large_dark,3.905,True,True,True
logistic,e2711620-6d4e-4f9c-8922-b1b2d1fb74f2,591,medium_high,1,1.0,large_dark,3.867,True,True,True
logistic,e2711620-6d4e-4f9c-8922-b1b2d1fb74f2,592,medium_high,1,1.0,large_dark,3.829,True,True,True
logistic,e2711620-6d4e-4f9c-8922-b1b2d1fb74f2,593,medium_high,1,1.0,large_dark,3.791,True,True,True
logistic,e2711620-6d4e-4f9c-8922-b1b2d1fb74f2,594,medium_high,1,1.0,large_dark,3.754,True,True,True
logistic,e2711620-6d4e-4f9c-8922-b1b2d1fb74f2,595,medium_high,1,1.0,large_dark,3.717,True,True,True
logistic,e2711620-6d4e-4f9c-8922-b1b2d1fb74f2,596,medium_high,1,1.0,large_dark,4.42,True,True,True
logistic,e2711620-6d4e-4f9c-8922-b1b2d1fb74f2,597,medium_high,1,1.0,large_dark,4.39,True,True,True
logistic,e2711620-6d4e-4f9c-8922-b1b2d1fb74f2,598,medium_high,1,1.0,large_dark,4.36,True,True,True
logistic,e2711620-6d4e-4f9c-8922-b1b2d1fb74f2,599,medium_high,1,1.0,large_dark,5.172,True,True,True
logistic,e2711620-6d4e-4f9c-8922-b1b2d1fb74f2,600,medium_high,1,1.0,large_dark,5.148,True,True,True
logistic,e2711620-6d4e-4f9c-8922-b1b2d1fb74f2,601,medium_high,1,1.0,large_dark,4.995,True,True,True
logistic,e2711620-6d4e-4f9c-8922-b1b2d1fb74f2,602,medium_high,1,1.0,large_dark,4.854,True,True,True
logistic,e2711620-6d4e-4f9c-8922-b1b2d1fb74f2,603,medium_high,1,1.0,large_dark,4.725,True,True,True
logistic,e2711620-6d4e-4f9c-8922-b1b2d1fb74f2,604,medium_high,1,1.0,large_dark,5.408,True,True,True
logistic,e2711620-6d4e-4f9c-8922-b1b2d1fb74f2,605,medium_high,1,1.0,large_dark,5.275,True,True,True
logistic,e2711620-6d4e-4f9c-8922-b1b2d1fb74f2,606,medium_high,1,1.0,large_dark,5.963,True,True,True
logistic,e2711620-6d4e-4f9c-8922-b1b2d1fb74f2,607,medium_high,1,1.0,hybrid_coast,3.252,True,True,True
logistic,e2711620-6d4e-4f9c-8922-b1b2d1fb74f2,608,medium_high,1,1.0,hybrid_coast,3.162,True,True,True
logistic,e2711620-6d4e-4f9c-8922-b1b2d1fb74f2,609,medium_high,1,1.0,large_dark,5.586,True,True,True
logistic,e2711620-6d4e-4f9c-8922-b1b2d1fb74f2,610,medium_high,1,1.0,large_dark,5.483,True,True,True
logistic,e2711620-6d4e-4f9c-8922-b1b2d1fb74f2,611,high,1,1.0,large_dark,5.392,True,True,True
logistic,e2711620-6d4e-4f9c-8922-b1b2d1fb74f2,612,high,1,1.0,map,1.118,True,True,True
logistic,e2711620-6d4e-4f9c-8922-b1b2d1fb74f2,613,high,1,1.0,hybrid_coast,0.451,True,True,True
logistic,e2711620-6d4e-4f9c-8922-b1b2d1fb74f2,614,high,1,1.0,large_dark,5.154,True,True,True
logistic,e2711620-6d4e-4f9c-8922-b1b2d1fb74f2,615,high,1,1.0,large_dark,5.045,True,True,True
logistic,e2711620-6d4e-4f9c-8922-b1b2d1fb74f2,616,high,1,1.0,hybrid_coast,5.148,True,True,True
logistic,e2711620-6d4e-4f9c-8922-b1b2d1fb74f2,617,high,1,1.0,large_dark,4.995,True,True,True
logistic,e2711620-6d4e-4f9c-8922-b1b2d1fb74f2,618,high,1,1.0,large_dark,4.854,True,True,True
logistic,e2711620-6d4e-4f9c-8922-b1b2d1fb74f2,619,high,1,1.0,large_dark,4.725,True,True,True
logistic,e2711620-6d4e-4f9c-8922-b1b2d1fb74f2,620,high,1,1.0,large_dark,4.61,True,True,True
logistic,e2711620-6d4e-4f9c-8922-b1b2d1fb74f2,621,high,1,1.0,large_dark,4.464,True,True,True
logistic,e2711620-6d4e-4f9c-8922-b1b2d1fb74f2,622,high,1,1.0,large_dark,4.319,True,True,True
logistic,e2711620-6d4e-4f9c-8922-b1b2d1fb74f2,623,high,1,1.0,large_dark,4.174,True,True,True
logistic,e2711620-6d4e-4f9c-8922-b1b2d1fb74f2,624,high,1,1.0,large_dark,3.413,True,True,True
logistic,e2711620-6d4e-4f9c-8922-b1b2d1fb74f2,625,high,1,1.0,large_dark,3.26,True,True,True
logistic,e2711620-6d4e-4f9c-8922-b1b2d1fb74f2,626,high,1,1.0,large_dark,3.106,True,True,True
logistic,e2711620-6d4e-4f9c-8922-b1b2d1fb74f2,627,high,1,1.0,large_dark,2.954,True,True,True
logistic,e2711620-6d4e-4f9c-8922-b1b2d1fb74f2,628,high,1,1.0,large_dark,2.802,True,True,True
logistic,e2711620-6d4e-4f9c-8922-b1b2d1fb74f2,629,high,1,1.0,large_dark,3.511,True,True,True
logistic,e2711620-6d4e-4f9c-8922-b1b2d1fb74f2,630,high,1,1.0,large_dark,3.354,True,True,True
logistic,e2711620-6d4e-4f9c-8922-b1b2d1fb74f2,631,high,1,1.0,large_dark,3.198,True,True,True
logistic,e2711620-6d4e-4f9c-8922-b1b2d1fb74f2,632,high,1,1.0,large_dark,4.41,True,True,True
logistic,e2711620-6d4e-4f9c-8922-b1b2d1fb74f2,633,high,1,1.0,large_dark,4.257,True,True,True
logistic,e2711620-6d4e-4f9c-8922-b1b2d1fb74f2,634,high,1,1.0,large_dark,4.105,True,True,True
logistic,e2711620-6d4e-4f9c-8922-b1b2d1fb74f2,635,high,1,1.0,large_dark,3.953,True,True,True
logistic,e2711620-6d4e-4f9c-8922-b1b2d1fb74f2,636,high,1,1.0,large_dark,3.801,True,True,True
logistic,e2711620-6d4e-4f9c-8922-b1b2d1fb74f2,637,high,1,1.0,large_dark,4.497,True,True,True
logistic,e2711620-6d4e-4f9c-8922-b1b2d1fb74f2,638,high,1,1.0,large_dark,4.342,True,True,True
logistic,e2711620-6d4e-4f9c-8922-b1b2d1fb74f2,639,high,1,1.0,large_dark,5.561,True,True,True
logistic,e2711620-6d4e-4f9c-8922-b1b2d1fb74f2,640,high,1,1.0,large_dark,5.408,True,True,True
logistic,e2711620-6d4e-4f9c-8922-b1b2d1fb74f2,641,high,1,1.0,large_dark,0.832,True,True,True
logistic,e2711620-6d4e-4f9c-8922-b1b2d1fb74f2,642,high,1,1.0,large_dark,5.968,True,True,True
logistic,e2711620-6d4e-4f9c-8922-b1b2d1fb74f2,643,high,1,1.0,large_dark,5.571,True,True,True
logistic,e2711620-6d4e-4f9c-8922-b1b2d1fb74f2,644,high,1,1.0,large_dark,0.361,True,True,True
logistic,e2711620-6d4e-4f9c-8922-b1b2d1fb74f2,645,high,1,1.0,large_dark,0.559,True,True,True
logistic,e2711620-6d4e-4f9c-8922-b1b2d1fb74f2,646,high,1,1.0,large_dark,0.762,True,True,True
logistic,e2711620-6d4e-4f9c-8922-b1b2d1fb74f2,647,high,1,1.0,large_dark,1.591,True,True,True
logistic,e2711620-6d4e-4f9c-8922-b1b2d1fb74f2,648,high,1,1.0,large_dark,1.836,True,True,True
logistic,e2711620-6d4e-4f9c-8922-b1b2d1fb74f2,649,high,1,1.0,large_dark,3.885,True,True,True
logistic,e2711620-6d4e-4f9c-8922-b1b2d1fb74f2,650,high,1,1.0,large_dark,4.301,True,True,True
logistic,e2711620-6d4e-4f9c-8922-b1b2d1fb74f2,651,high,1,1.0,large_dark,3.324,True,True,True
logistic,e2711620-6d4e-4f9c-8922-b1b2d1fb74f2,652,high,1,1.0,large_dark,3.178,True,True,True
logistic,e2711620-6d4e-4f9c-8922-b1b2d1fb74f2,653,high,1,1.0,large_dark,3.981,True,True,True
logistic,e2711620-6d4e-4f9c-8922-b1b2d1fb74f2,654,high,1,1.0,large_dark,4.785,True,True,True
logistic,e2711620-6d4e-4f9c-8922-b1b2d1fb74f2,655,high,1,1.0,large_dark,5.59,True,True,True
logistic,e2711620-6d4e-4f9c-8922-b1b2d1fb74f2,656,high,1,1.0,hybrid_coast,6.297,True,True,True
logistic,e2711620-6d4e-4f9c-8922-b1b2d1fb74f2,657,high,1,1.0,large_dark,1.432,True,True,True
logistic,e2711620-6d4e-4f9c-8922-b1b2d1fb74f2,658,high,1,1.0,large_dark,1.703,True,True,True
logistic,e2711620-6d4e-4f9c-8922-b1b2d1fb74f2,659,high,1,1.0,hybrid_coast,0.949,True,True,True
logistic,e2711620-6d4e-4f9c-8922-b1b2d1fb74f2,660,high,1,1.0,large_dark,3.808,True,True,True
logistic,e2711620-6d4e-4f9c-8922-b1b2d1fb74f2,661,high,1,1.0,large_dark,3.431,True,True,True
logistic,e2711620-6d4e-4f9c-8922-b1b2d1fb74f2,662,high,1,1.0,large_dark,21.012,False,False,True
logistic,e2711620-6d4e-4f9c-8922-b1b2d1fb74f2,663,high,1,1.0,large_dark,3.969,True,True,True
logistic,e2711620-6d4e-4f9c-8922-b1b2d1fb74f2,664,high,1,1.0,large_dark,20.5,False,False,True
logistic,e2711620-6d4e-4f9c-8922-b1b2d1fb74f2,665,high,1,1.0,large_dark,4.507,True,True,True
logistic,e2711620-6d4e-4f9c-8922-b1b2d1fb74f2,666,high,1,1.0,large_dark,22.557,False,False,True
logistic,e2711620-6d4e-4f9c-8922-b1b2d1fb74f2,667,high,1,1.0,large_dark,22.918,False,False,True
logistic,e2711620-6d4e-4f9c-8922-b1b2d1fb74f2,668,high,1,1.0,large_dark,22.741,False,False,True
logistic,e2711620-6d4e-4f9c-8922-b1b2d1fb74f2,669,high,1,1.0,large_dark,23.194,False,False,True
logistic,e2711620-6d4e-4f9c-8922-b1b2d1fb74f2,670,high,1,1.0,large_dark,23.049,False,False,True
logistic,e2711620-6d4e-4f9c-8922-b1b2d1fb74f2,671,high,1,1.0,large_dark,23.232,False,False,True
logistic,e2711620-6d4e-4f9c-8922-b1b2d1fb74f2,672,high,1,1.0,large_dark,24.824,False,False,True
logistic,e2711620-6d4e-4f9c-8922-b1b2d1fb74f2,673,high,1,1.0,large_dark,25.048,False,False,True
logistic,e2711620-6d4e-4f9c-8922-b1b2d1fb74f2,674,high,1,1.0,large_dark,25.279,False,False,True
logistic,e2711620-6d4e-4f9c-8922-b1b2d1fb74f2,675,high,1,1.0,large_dark,25.517,False,False,True
logistic,e2711620-6d4e-4f9c-8922-b1b2d1fb74f2,676,medium_high,1,1.0,large_dark,27.321,False,False,True
logistic,e2711620-6d4e-4f9c-8922-b1b2d1fb74f2,677,medium_high,1,1.0,large_dark,27.59,False,False,True
logistic,e2711620-6d4e-4f9c-8922-b1b2d1fb74f2,678,medium_high,1,1.0,large_dark,27.865,False,False,True
logistic,e2711620-6d4e-4f9c-8922-b1b2d1fb74f2,679,medium_high,1,1.0,large_dark,28.969,False,False,True
logistic,e2711620-6d4e-4f9c-8922-b1b2d1fb74f2,680,medium_high,1,1.0,large_dark,29.262,False,False,True
logistic,e2711620-6d4e-4f9c-8922-b1b2d1fb74f2,681,medium_high,1,1.0,large_dark,28.276,False,False,True
logistic,e2711620-6d4e-4f9c-8922-b1b2d1fb74f2,682,medium_high,1,1.0,large_dark,28.97,False,False,True
logistic,e2711620-6d4e-4f9c-8922-b1b2d1fb74f2,683,medium_high,1,1.0,large_dark,28.829,False,False,True
logistic,e2711620-6d4e-4f9c-8922-b1b2d1fb74f2,684,medium_high,1,1.0,large_dark,29.558,False,False,True
logistic,e2711620-6d4e-4f9c-8922-b1b2d1fb74f2,685,medium_high,1,1.0,large_dark,29.43,False,False,True
logistic,e2711620-6d4e-4f9c-8922-b1b2d1fb74f2,686,medium_high,1,1.0,large_dark,29.306,False,False,True
logistic,e2711620-6d4e-4f9c-8922-b1b2d1fb74f2,687,medium_high,1,1.0,large_dark,30.075,False,False,True
logistic,e2711620-6d4e-4f9c-8922-b1b2d1fb74f2,688,medium_high,1,1.0,large_dark,29.964,False,False,True
logistic,e2711620-6d4e-4f9c-8922-b1b2d1fb74f2,689,medium_high,1,1.0,large_dark,30.762,False,False,True
logistic,e2711620-6d4e-4f9c-8922-b1b2d1fb74f2,690,medium_high,1,1.0,large_dark,30.663,False,False,True
logistic,e2711620-6d4e-4f9c-8922-b1b2d1fb74f2,691,medium_high,1,1.0,large_dark,30.12,False,False,True
logistic,e2711620-6d4e-4f9c-8922-b1b2d1fb74f2,692,medium_high,1,1.0,large_dark,29.972,False,False,True
logistic,e2711620-6d4e-4f9c-8922-b1b2d1fb74f2,693,medium_high,1,1.0,large_dark,29.815,False,False,True
logistic,e2711620-6d4e-4f9c-8922-b1b2d1fb74f2,694,medium_high,1,1.0,hybrid_coast,27.542,False,False,True
logistic,e2711620-6d4e-4f9c-8922-b1b2d1fb74f2,695,medium_high,1,1.0,large_dark,19.99,False,False,True
logistic,e2711620-6d4e-4f9c-8922-b1b2d1fb74f2,696,medium_high,1,1.0,large_dark,21.03,False,False,True
logistic,e2711620-6d4e-4f9c-8922-b1b2d1fb74f2,697,medium_high,1,1.0,large_dark,21.268,False,False,True
logistic,e2711620-6d4e-4f9c-8922-b1b2d1fb74f2,698,medium_high,1,1.0,large_dark,13.946,False,True,True
hist_gbdt,1c1258a1-d0f6-433e-9466-dbc1705fa263,25,medium_high,2,0.052817,appearance,0.406,True,True,True
hist_gbdt,1c1258a1-d0f6-433e-9466-dbc1705fa263,26,medium_high,34,0.051506,map,100.809,False,False,True
hist_gbdt,1c1258a1-d0f6-433e-9466-dbc1705fa263,27,medium_high,2,0.234587,appearance,2.223,True,True,True
hist_gbdt,1c1258a1-d0f6-433e-9466-dbc1705fa263,28,medium_high,1,0.501221,map,0.514,True,True,True
hist_gbdt,1c1258a1-d0f6-433e-9466-dbc1705fa263,29,medium_high,2,0.46728,map,1.05,True,True,True
hist_gbdt,1c1258a1-d0f6-433e-9466-dbc1705fa263,30,high,2,0.488391,map,0.0,True,True,True
hist_gbdt,1c1258a1-d0f6-433e-9466-dbc1705fa263,31,high,1,0.657732,map,0.0,True,True,True
hist_gbdt,1c1258a1-d0f6-433e-9466-dbc1705fa263,32,high,2,0.561064,map,0.0,True,True,True
hist_gbdt,1c1258a1-d0f6-433e-9466-dbc1705fa263,33,high,1,0.719006,appearance,3.808,True,True,True
hist_gbdt,1c1258a1-d0f6-433e-9466-dbc1705fa263,34,high,2,0.662477,map,0.0,True,True,True
hist_gbdt,1c1258a1-d0f6-433e-9466-dbc1705fa263,35,high,2,0.760336,map,0.0,True,True,True
hist_gbdt,1c1258a1-d0f6-433e-9466-dbc1705fa263,36,high,1,0.866948,map,0.0,True,True,True
hist_gbdt,1c1258a1-d0f6-433e-9466-dbc1705fa263,37,high,2,0.767119,map,0.0,True,True,True
hist_gbdt,1c1258a1-d0f6-433e-9466-dbc1705fa263,38,high,1,0.884114,map,0.0,True,True,True
hist_gbdt,1c1258a1-d0f6-433e-9466-dbc1705fa263,39,high,1,0.821108,appearance,0.0,True,True,True
hist_gbdt,1c1258a1-d0f6-433e-9466-dbc1705fa263,40,high,1,0.794105,map,0.0,True,True,True
hist_gbdt,1c1258a1-d0f6-433e-9466-dbc1705fa263,41,high,1,0.903719,map,0.0,True,True,True
hist_gbdt,1c1258a1-d0f6-433e-9466-dbc1705fa263,42,high,2,0.851238,map,0.0,True,True,True
hist_gbdt,1c1258a1-d0f6-433e-9466-dbc1705fa263,43,high,1,0.873586,map,0.0,True,True,True
hist_gbdt,1c1258a1-d0f6-433e-9466-dbc1705fa263,44,high,2,0.864283,map,0.0,True,True,True
hist_gbdt,1c1258a1-d0f6-433e-9466-dbc1705fa263,45,high,1,0.902242,map,0.0,True,True,True
hist_gbdt,1c1258a1-d0f6-433e-9466-dbc1705fa263,46,high,1,0.887619,map,4.743,True,True,True
hist_gbdt,1c1258a1-d0f6-433e-9466-dbc1705fa263,47,high,1,0.894742,appearance,6.519,True,True,True
hist_gbdt,1c1258a1-d0f6-433e-9466-dbc1705fa263,48,high,3,0.904846,map,9.22,False,True,True
hist_gbdt,1c1258a1-d0f6-433e-9466-dbc1705fa263,49,high,2,0.903719,map,0.0,True,True,True
hist_gbdt,1c1258a1-d0f6-433e-9466-dbc1705fa263,50,high,1,0.903719,map,0.0,True,True,True
hist_gbdt,1c1258a1-d0f6-433e-9466-dbc1705fa263,51,high,1,0.951447,map,0.0,True,True,True
hist_gbdt,1c1258a1-d0f6-433e-9466-dbc1705fa263,52,high,2,0.919579,map,0.0,True,True,True
hist_gbdt,1c1258a1-d0f6-433e-9466-dbc1705fa263,53,high,1,0.951447,map,0.0,True,True,True
hist_gbdt,1c1258a1-d0f6-433e-9466-dbc1705fa263,54,high,2,0.919579,map,0.0,True,True,True
hist_gbdt,1c1258a1-d0f6-433e-9466-dbc1705fa263,55,high,1,0.950964,map,0.0,True,True,True
hist_gbdt,1c1258a1-d0f6-433e-9466-dbc1705fa263,56,high,1,0.961857,map,0.0,True,True,True
hist_gbdt,1c1258a1-d0f6-433e-9466-dbc1705fa263,57,high,1,0.948504,map,0.0,True,True,True
hist_gbdt,1c1258a1-d0f6-433e-9466-dbc1705fa263,58,high,3,0.961474,map,0.0,True,True,True
hist_gbdt,1c1258a1-d0f6-433e-9466-dbc1705fa263,59,high,3,0.939565,map,0.0,True,True,True
hist_gbdt,1c1258a1-d0f6-433e-9466-dbc1705fa263,60,high,2,0.937395,map,0.0,True,True,True
hist_gbdt,1c1258a1-d0f6-433e-9466-dbc1705fa263,61,high,1,0.941966,map,0.0,True,True,True
hist_gbdt,1c1258a1-d0f6-433e-9466-dbc1705fa263,62,high,1,0.936571,map,0.0,True,True,True
hist_gbdt,1c1258a1-d0f6-433e-9466-dbc1705fa263,63,high,1,0.940425,map,0.0,True,True,True
hist_gbdt,1c1258a1-d0f6-433e-9466-dbc1705fa263,64,high,1,0.942907,map,0.0,True,True,True
hist_gbdt,1c1258a1-d0f6-433e-9466-dbc1705fa263,65,high,1,0.942143,map,0.0,True,True,True
hist_gbdt,1c1258a1-d0f6-433e-9466-dbc1705fa263,66,high,1,0.961474,map,0.0,True,True,True
hist_gbdt,1c1258a1-d0f6-433e-9466-dbc1705fa263,67,high,2,0.961474,map,3.0,True,True,True
hist_gbdt,1c1258a1-d0f6-433e-9466-dbc1705fa263,68,high,1,0.961857,map,0.0,True,True,True
hist_gbdt,1c1258a1-d0f6-433e-9466-dbc1705fa263,69,high,1,0.948504,map,0.0,True,True,True
hist_gbdt,1c1258a1-d0f6-433e-9466-dbc1705fa263,70,high,2,0.949021,map,0.0,True,True,True
hist_gbdt,1c1258a1-d0f6-433e-9466-dbc1705fa263,71,high,1,0.961474,map,0.0,True,True,True
hist_gbdt,1c1258a1-d0f6-433e-9466-dbc1705fa263,72,high,1,0.944013,map,0.0,True,True,True
hist_gbdt,1c1258a1-d0f6-433e-9466-dbc1705fa263,73,high,1,0.940425,map,0.0,True,True,True
hist_gbdt,1c1258a1-d0f6-433e-9466-dbc1705fa263,74,high,1,0.916352,appearance,10.77,False,True,True
hist_gbdt,1c1258a1-d0f6-433e-9466-dbc1705fa263,75,high,1,0.923554,map,0.0,True,True,True
hist_gbdt,1c1258a1-d0f6-433e-9466-dbc1705fa263,76,high,2,0.944102,map,3.808,True,True,True
hist_gbdt,1c1258a1-d0f6-433e-9466-dbc1705fa263,77,high,2,0.939565,map,0.0,True,True,True
hist_gbdt,1c1258a1-d0f6-433e-9466-dbc1705fa263,78,high,1,0.959929,map,0.0,True,True,True
hist_gbdt,1c1258a1-d0f6-433e-9466-dbc1705fa263,79,high,1,0.946982,appearance,0.0,True,True,True
hist_gbdt,1c1258a1-d0f6-433e-9466-dbc1705fa263,80,high,1,0.950964,map,0.0,True,True,True
hist_gbdt,1c1258a1-d0f6-433e-9466-dbc1705fa263,81,high,1,0.951447,map,0.0,True,True,True
hist_gbdt,1c1258a1-d0f6-433e-9466-dbc1705fa263,82,high,1,0.895367,appearance,11.705,False,True,True
hist_gbdt,1c1258a1-d0f6-433e-9466-dbc1705fa263,83,high,1,0.946853,map,0.0,True,True,True
hist_gbdt,1c1258a1-d0f6-433e-9466-dbc1705fa263,84,high,2,0.944634,map,0.0,True,True,True
hist_gbdt,1c1258a1-d0f6-433e-9466-dbc1705fa263,85,high,1,0.910434,map,0.0,True,True,True
hist_gbdt,1c1258a1-d0f6-433e-9466-dbc1705fa263,86,high,1,0.96445,map,0.0,True,True,True
hist_gbdt,1c1258a1-d0f6-433e-9466-dbc1705fa263,87,high,1,0.946468,appearance,11.63,False,True,True
hist_gbdt,1c1258a1-d0f6-433e-9466-dbc1705fa263,88,high,1,0.959788,map,0.0,True,True,True
hist_gbdt,1c1258a1-d0f6-433e-9466-dbc1705fa263,89,high,2,0.956869,map,0.0,True,True,True
hist_gbdt,1c1258a1-d0f6-433e-9466-dbc1705fa263,90,high,1,0.945175,map,0.0,True,True,True
hist_gbdt,1c1258a1-d0f6-433e-9466-dbc1705fa263,91,high,1,0.961857,map,0.0,True,True,True
hist_gbdt,1c1258a1-d0f6-433e-9466-dbc1705fa263,92,high,1,0.940425,map,0.0,True,True,True
hist_gbdt,1c1258a1-d0f6-433e-9466-dbc1705fa263,93,high,1,0.94487,map,0.0,True,True,True
hist_gbdt,1c1258a1-d0f6-433e-9466-dbc1705fa263,94,high,3,0.839097,appearance,11.068,False,True,True
hist_gbdt,1c1258a1-d0f6-433e-9466-dbc1705fa263,95,high,2,0.727014,map,6.325,True,True,True
hist_gbdt,1c1258a1-d0f6-433e-9466-dbc1705fa263,96,medium_high,4,0.676117,appearance,6.374,True,True,True
hist_gbdt,1c1258a1-d0f6-433e-9466-dbc1705fa263,97,medium_high,2,0.425862,map,3.425,True,True,True
hist_gbdt,1c1258a1-d0f6-433e-9466-dbc1705fa263,98,medium_high,8,0.309422,map,5.137,True,True,True
hist_gbdt,1c1258a1-d0f6-433e-9466-dbc1705fa263,99,medium_high,1,0.638331,appearance,1.834,True,True,True
hist_gbdt,1c1258a1-d0f6-433e-9466-dbc1705fa263,100,medium_high,1,0.839917,map,3.797,True,True,True
hist_gbdt,1c1258a1-d0f6-433e-9466-dbc1705fa263,101,medium_high,1,0.810933,map,5.325,True,True,True
hist_gbdt,1c1258a1-d0f6-433e-9466-dbc1705fa263,102,medium_high,1,0.800664,map,6.94,True,True,True
hist_gbdt,1c1258a1-d0f6-433e-9466-dbc1705fa263,103,medium_high,2,0.820958,map,5.837,True,True,True
hist_gbdt,1c1258a1-d0f6-433e-9466-dbc1705fa263,104,medium_high,1,0.815127,appearance,5.678,True,True,True
hist_gbdt,1c1258a1-d0f6-433e-9466-dbc1705fa263,105,medium_high,2,0.804848,appearance,6.398,True,True,True
hist_gbdt,1c1258a1-d0f6-433e-9466-dbc1705fa263,106,medium_high,1,0.839097,appearance,5.534,True,True,True
hist_gbdt,1c1258a1-d0f6-433e-9466-dbc1705fa263,107,medium_high,1,0.830731,map,5.508,True,True,True
hist_gbdt,1c1258a1-d0f6-433e-9466-dbc1705fa263,108,medium_high,1,0.815663,map,4.295,True,True,True
hist_gbdt,1c1258a1-d0f6-433e-9466-dbc1705fa263,109,medium_high,1,0.567133,map,1.838,True,True,True
hist_gbdt,1c1258a1-d0f6-433e-9466-dbc1705fa263,110,medium_high,1,0.752015,map,4.487,True,True,True
hist_gbdt,1c1258a1-d0f6-433e-9466-dbc1705fa263,111,medium_high,1,0.756688,appearance,3.814,True,True,True
hist_gbdt,1c1258a1-d0f6-433e-9466-dbc1705fa263,112,medium_high,1,0.647102,appearance,4.485,True,True,True
hist_gbdt,1c1258a1-d0f6-433e-9466-dbc1705fa263,113,medium_high,1,0.7312,map,2.569,True,True,True
hist_gbdt,1c1258a1-d0f6-433e-9466-dbc1705fa263,114,medium_high,1,0.710507,appearance,2.442,True,True,True
hist_gbdt,1c1258a1-d0f6-433e-9466-dbc1705fa263,115,medium_high,1,0.7312,map,1.729,True,True,True
hist_gbdt,1c1258a1-d0f6-433e-9466-dbc1705fa263,116,medium_high,1,0.662778,appearance,2.321,True,True,True
hist_gbdt,1c1258a1-d0f6-433e-9466-dbc1705fa263,117,high,1,0.699349,map,0.0,True,True,True
hist_gbdt,1c1258a1-d0f6-433e-9466-dbc1705fa263,118,high,1,0.75444,map,0.0,True,True,True
hist_gbdt,1c1258a1-d0f6-433e-9466-dbc1705fa263,119,high,1,0.54424,appearance,0.0,True,True,True
hist_gbdt,1c1258a1-d0f6-433e-9466-dbc1705fa263,120,high,1,0.694856,map,0.0,True,True,True
hist_gbdt,1c1258a1-d0f6-433e-9466-dbc1705fa263,121,high,2,0.694856,map,0.0,True,True,True
hist_gbdt,1c1258a1-d0f6-433e-9466-dbc1705fa263,122,high,1,0.741769,map,0.0,True,True,True
hist_gbdt,1c1258a1-d0f6-433e-9466-dbc1705fa263,123,high,1,0.874782,map,0.0,True,True,True
hist_gbdt,1c1258a1-d0f6-433e-9466-dbc1705fa263,124,high,1,0.778027,appearance,6.265,True,True,True
hist_gbdt,1c1258a1-d0f6-433e-9466-dbc1705fa263,125,high,1,0.869548,map,0.0,True,True,True
hist_gbdt,1c1258a1-d0f6-433e-9466-dbc1705fa263,126,high,2,0.822146,map,0.0,True,True,True
hist_gbdt,1c1258a1-d0f6-433e-9466-dbc1705fa263,127,high,1,0.719737,map,0.0,True,True,True
hist_gbdt,1c1258a1-d0f6-433e-9466-dbc1705fa263,128,high,1,0.85287,map,0.0,True,True,True
hist_gbdt,1c1258a1-d0f6-433e-9466-dbc1705fa263,129,high,1,0.730554,appearance,0.5,True,True,True
hist_gbdt,1c1258a1-d0f6-433e-9466-dbc1705fa263,130,high,1,0.792096,map,0.0,True,True,True
hist_gbdt,1c1258a1-d0f6-433e-9466-dbc1705fa263,131,high,1,0.682819,appearance,0.0,True,True,True
hist_gbdt,1c1258a1-d0f6-433e-9466-dbc1705fa263,132,high,1,0.447792,map,0.0,True,True,True
hist_gbdt,1c1258a1-d0f6-433e-9466-dbc1705fa263,133,high,1,0.348214,map,0.0,True,True,True
hist_gbdt,1c1258a1-d0f6-433e-9466-dbc1705fa263,134,high,1,0.436075,appearance,2.5,True,True,True
hist_gbdt,1c1258a1-d0f6-433e-9466-dbc1705fa263,135,high,1,0.340671,map,0.0,True,True,True
hist_gbdt,1c1258a1-d0f6-433e-9466-dbc1705fa263,136,high,1,0.301947,appearance,1.118,True,True,True
hist_gbdt,1c1258a1-d0f6-433e-9466-dbc1705fa263,137,high,2,0.524002,appearance,1.803,True,True,True
hist_gbdt,1c1258a1-d0f6-433e-9466-dbc1705fa263,138,high,1,0.356904,map,0.0,True,True,True
hist_gbdt,1c1258a1-d0f6-433e-9466-dbc1705fa263,139,high,2,0.147438,map,0.0,True,True,True
hist_gbdt,1c1258a1-d0f6-433e-9466-dbc1705fa263,140,high,1,0.306575,map,0.0,True,True,True
hist_gbdt,1c1258a1-d0f6-433e-9466-dbc1705fa263,141,high,1,0.311116,appearance,0.707,True,True,True
hist_gbdt,1c1258a1-d0f6-433e-9466-dbc1705fa263,142,high,2,0.383338,appearance,1.581,True,True,True
hist_gbdt,1c1258a1-d0f6-433e-9466-dbc1705fa263,143,high,1,0.642191,map,0.0,True,True,True
hist_gbdt,1c1258a1-d0f6-433e-9466-dbc1705fa263,144,high,1,0.193857,appearance,1.581,True,True,True
hist_gbdt,1c1258a1-d0f6-433e-9466-dbc1705fa263,145,high,1,0.558794,map,0.0,True,True,True
hist_gbdt,1c1258a1-d0f6-433e-9466-dbc1705fa263,146,high,1,0.287981,appearance,2.55,True,True,True
hist_gbdt,1c1258a1-d0f6-433e-9466-dbc1705fa263,147,high,1,0.214886,map,0.0,True,True,True
hist_gbdt,1c1258a1-d0f6-433e-9466-dbc1705fa263,148,high,1,0.297821,map,0.0,True,True,True
hist_gbdt,1c1258a1-d0f6-433e-9466-dbc1705fa263,149,high,1,0.12026,appearance,1.581,True,True,True
hist_gbdt,1c1258a1-d0f6-433e-9466-dbc1705fa263,150,high,1,0.266282,map,0.0,True,True,True
hist_gbdt,1c1258a1-d0f6-433e-9466-dbc1705fa263,151,high,2,0.117684,map,0.0,True,True,True
hist_gbdt,1c1258a1-d0f6-433e-9466-dbc1705fa263,152,high,1,0.118222,map,0.0,True,True,True
hist_gbdt,1c1258a1-d0f6-433e-9466-dbc1705fa263,153,high,1,0.339416,map,3.808,True,True,True
hist_gbdt,1c1258a1-d0f6-433e-9466-dbc1705fa263,154,high,1,0.131022,appearance,3.041,True,True,True
hist_gbdt,1c1258a1-d0f6-433e-9466-dbc1705fa263,155,high,1,0.254285,map,0.0,True,True,True
hist_gbdt,1c1258a1-d0f6-433e-9466-dbc1705fa263,156,high,1,0.102441,appearance,1.581,True,True,True
hist_gbdt,1c1258a1-d0f6-433e-9466-dbc1705fa263,157,high,2,0.245961,appearance,1.581,True,True,True
hist_gbdt,1c1258a1-d0f6-433e-9466-dbc1705fa263,158,high,1,0.307951,map,0.0,True,True,True
hist_gbdt,1c1258a1-d0f6-433e-9466-dbc1705fa263,159,high,1,0.175085,appearance,1.581,True,True,True
hist_gbdt,1c1258a1-d0f6-433e-9466-dbc1705fa263,160,high,1,0.29181,map,0.0,True,True,True
hist_gbdt,1c1258a1-d0f6-433e-9466-dbc1705fa263,161,high,1,0.13255,map,0.0,True,True,True
hist_gbdt,1c1258a1-d0f6-433e-9466-dbc1705fa263,162,high,1,0.109249,map,0.0,True,True,True
hist_gbdt,1c1258a1-d0f6-433e-9466-dbc1705fa263,163,high,1,0.29376,map,0.0,True,True,True
hist_gbdt,1c1258a1-d0f6-433e-9466-dbc1705fa263,164,high,2,0.117819,map,0.0,True,True,True
hist_gbdt,1c1258a1-d0f6-433e-9466-dbc1705fa263,165,high,1,0.254533,map,0.0,True,True,True
hist_gbdt,1c1258a1-d0f6-433e-9466-dbc1705fa263,166,high,2,0.11923,appearance,1.581,True,True,True
hist_gbdt,1c1258a1-d0f6-433e-9466-dbc1705fa263,167,high,1,0.139932,map,0.0,True,True,True
hist_gbdt,1c1258a1-d0f6-433e-9466-dbc1705fa263,168,high,1,0.242346,map,0.0,True,True,True
hist_gbdt,1c1258a1-d0f6-433e-9466-dbc1705fa263,169,high,1,0.20832,appearance,2.121,True,True,True
hist_gbdt,1c1258a1-d0f6-433e-9466-dbc1705fa263,170,high,1,0.523128,map,0.0,True,True,True
hist_gbdt,1c1258a1-d0f6-433e-9466-dbc1705fa263,171,high,2,0.240193,map,0.0,True,True,True
hist_gbdt,1c1258a1-d0f6-433e-9466-dbc1705fa263,172,high,1,0.281986,map,0.0,True,True,True
hist_gbdt,1c1258a1-d0f6-433e-9466-dbc1705fa263,173,high,1,0.542267,map,0.0,True,True,True
hist_gbdt,1c1258a1-d0f6-433e-9466-dbc1705fa263,174,high,1,0.45821,appearance,1.803,True,True,True
hist_gbdt,1c1258a1-d0f6-433e-9466-dbc1705fa263,175,high,1,0.83059,map,0.0,True,True,True
hist_gbdt,1c1258a1-d0f6-433e-9466-dbc1705fa263,176,high,1,0.58069,appearance,1.803,True,True,True
hist_gbdt,1c1258a1-d0f6-433e-9466-dbc1705fa263,177,high,1,0.516234,map,0.0,True,True,True
hist_gbdt,1c1258a1-d0f6-433e-9466-dbc1705fa263,178,high,1,0.896111,map,0.0,True,True,True
hist_gbdt,1c1258a1-d0f6-433e-9466-dbc1705fa263,179,high,1,0.893732,map,0.0,True,True,True
hist_gbdt,1c1258a1-d0f6-433e-9466-dbc1705fa263,180,high,1,0.944534,map,0.0,True,True,True
hist_gbdt,1c1258a1-d0f6-433e-9466-dbc1705fa263,181,high,1,0.940162,map,0.0,True,True,True
hist_gbdt,1c1258a1-d0f6-433e-9466-dbc1705fa263,182,high,1,0.929028,map,0.0,True,True,True
hist_gbdt,1c1258a1-d0f6-433e-9466-dbc1705fa263,183,high,1,0.946151,map,0.0,True,True,True
hist_gbdt,1c1258a1-d0f6-433e-9466-dbc1705fa263,184,high,1,0.952897,appearance,2.5,True,True,True
hist_gbdt,1c1258a1-d0f6-433e-9466-dbc1705fa263,185,high,1,0.946151,map,0.0,True,True,True
hist_gbdt,1c1258a1-d0f6-433e-9466-dbc1705fa263,186,high,1,0.954265,appearance,7.159,True,True,True
hist_gbdt,1c1258a1-d0f6-433e-9466-dbc1705fa263,187,high,1,0.946151,map,0.0,True,True,True
hist_gbdt,1c1258a1-d0f6-433e-9466-dbc1705fa263,188,high,1,0.946151,map,0.0,True,True,True
hist_gbdt,1c1258a1-d0f6-433e-9466-dbc1705fa263,189,high,1,0.948607,map,1.581,True,True,True
hist_gbdt,1c1258a1-d0f6-433e-9466-dbc1705fa263,190,high,1,0.946151,map,0.0,True,True,True
hist_gbdt,1c1258a1-d0f6-433e-9466-dbc1705fa263,191,high,1,0.901777,map,0.0,True,True,True
hist_gbdt,1c1258a1-d0f6-433e-9466-dbc1705fa263,192,high,1,0.901777,map,0.0,True,True,True
hist_gbdt,1c1258a1-d0f6-433e-9466-dbc1705fa263,193,high,1,0.931065,map,0.0,True,True,True
hist_gbdt,1c1258a1-d0f6-433e-9466-dbc1705fa263,194,high,1,0.612343,map,0.0,True,True,True
hist_gbdt,1c1258a1-d0f6-433e-9466-dbc1705fa263,195,high,1,0.678039,map,0.0,True,True,True
hist_gbdt,1c1258a1-d0f6-433e-9466-dbc1705fa263,196,high,1,0.479736,map,0.0,True,True,True
hist_gbdt,1c1258a1-d0f6-433e-9466-dbc1705fa263,197,high,2,0.53627,map,0.707,True,True,True
hist_gbdt,1c1258a1-d0f6-433e-9466-dbc1705fa263,198,high,1,0.476367,map,0.0,True,True,True
hist_gbdt,1c1258a1-d0f6-433e-9466-dbc1705fa263,199,high,1,0.260892,map,0.0,True,True,True
hist_gbdt,1c1258a1-d0f6-433e-9466-dbc1705fa263,200,high,1,0.491603,map,0.0,True,True,True
hist_gbdt,1c1258a1-d0f6-433e-9466-dbc1705fa263,201,high,2,0.171144,map,2.55,True,True,True
hist_gbdt,1c1258a1-d0f6-433e-9466-dbc1705fa263,202,high,1,0.179143,map,0.0,True,True,True
hist_gbdt,1c1258a1-d0f6-433e-9466-dbc1705fa263,203,high,1,0.484315,map,0.0,True,True,True
hist_gbdt,1c1258a1-d0f6-433e-9466-dbc1705fa263,204,high,1,0.40273,appearance,3.162,True,True,True
hist_gbdt,1c1258a1-d0f6-433e-9466-dbc1705fa263,205,high,1,0.405701,map,0.0,True,True,True
hist_gbdt,1c1258a1-d0f6-433e-9466-dbc1705fa263,206,high,1,0.252211,map,0.0,True,True,True
hist_gbdt,1c1258a1-d0f6-433e-9466-dbc1705fa263,207,high,1,0.245656,map,0.0,True,True,True
hist_gbdt,1c1258a1-d0f6-433e-9466-dbc1705fa263,208,high,1,0.515313,map,0.0,True,True,True
hist_gbdt,1c1258a1-d0f6-433e-9466-dbc1705fa263,209,high,1,0.300357,appearance,0.0,True,True,True
hist_gbdt,1c1258a1-d0f6-433e-9466-dbc1705fa263,210,high,1,0.54963,map,0.0,True,True,True
hist_gbdt,1c1258a1-d0f6-433e-9466-dbc1705fa263,211,high,1,0.721485,appearance,1.803,True,True,True
hist_gbdt,1c1258a1-d0f6-433e-9466-dbc1705fa263,212,high,1,0.758337,map,0.0,True,True,True
hist_gbdt,1c1258a1-d0f6-433e-9466-dbc1705fa263,213,high,3,0.558685,appearance,0.5,True,True,True
hist_gbdt,1c1258a1-d0f6-433e-9466-dbc1705fa263,214,high,1,0.621624,appearance,0.0,True,True,True
hist_gbdt,1c1258a1-d0f6-433e-9466-dbc1705fa263,215,high,1,0.697853,map,0.0,True,True,True
hist_gbdt,1c1258a1-d0f6-433e-9466-dbc1705fa263,216,high,1,0.810333,map,1.581,True,True,True
hist_gbdt,1c1258a1-d0f6-433e-9466-dbc1705fa263,217,high,1,0.808754,map,0.0,True,True,True
hist_gbdt,1c1258a1-d0f6-433e-9466-dbc1705fa263,218,high,1,0.697853,map,0.0,True,True,True
hist_gbdt,1c1258a1-d0f6-433e-9466-dbc1705fa263,219,high,1,0.824464,appearance,2.915,True,True,True
hist_gbdt,1c1258a1-d0f6-433e-9466-dbc1705fa263,220,high,1,0.868845,map,0.0,True,True,True
hist_gbdt,1c1258a1-d0f6-433e-9466-dbc1705fa263,221,high,1,0.754467,appearance,0.0,True,True,True
hist_gbdt,1c1258a1-d0f6-433e-9466-dbc1705fa263,222,high,1,0.629212,map,0.0,True,True,True
hist_gbdt,1c1258a1-d0f6-433e-9466-dbc1705fa263,223,high,1,0.89577,map,3.536,True,True,True
hist_gbdt,1c1258a1-d0f6-433e-9466-dbc1705fa263,224,high,1,0.697665,appearance,0.0,True,True,True
hist_gbdt,1c1258a1-d0f6-433e-9466-dbc1705fa263,225,high,2,0.755038,map,0.0,True,True,True
hist_gbdt,1c1258a1-d0f6-433e-9466-dbc1705fa263,226,high,1,0.714107,appearance,0.0,True,True,True
hist_gbdt,1c1258a1-d0f6-433e-9466-dbc1705fa263,227,high,1,0.561743,map,0.0,True,True,True
hist_gbdt,1c1258a1-d0f6-433e-9466-dbc1705fa263,228,high,1,0.776612,map,0.0,True,True,True
hist_gbdt,1c1258a1-d0f6-433e-9466-dbc1705fa263,229,high,1,0.650591,appearance,0.0,True,True,True
hist_gbdt,1c1258a1-d0f6-433e-9466-dbc1705fa263,230,high,1,0.757195,map,0.0,True,True,True
hist_gbdt,1c1258a1-d0f6-433e-9466-dbc1705fa263,231,high,1,0.625502,appearance,3.536,True,True,True
hist_gbdt,1c1258a1-d0f6-433e-9466-dbc1705fa263,232,high,1,0.56408,motion,0.0,True,True,True
hist_gbdt,1c1258a1-d0f6-433e-9466-dbc1705fa263,233,high,2,0.619042,map,0.0,True,True,True
hist_gbdt,1c1258a1-d0f6-433e-9466-dbc1705fa263,234,medium_high,1,0.522003,appearance,2.0,True,True,True
hist_gbdt,1c1258a1-d0f6-433e-9466-dbc1705fa263,235,medium_high,1,0.487508,appearance,2.001,True,True,True
hist_gbdt,1c1258a1-d0f6-433e-9466-dbc1705fa263,236,medium_high,1,0.503948,appearance,2.532,True,True,True
hist_gbdt,1c1258a1-d0f6-433e-9466-dbc1705fa263,237,medium_high,3,0.282931,map,5.668,True,True,True
hist_gbdt,1c1258a1-d0f6-433e-9466-dbc1705fa263,238,medium_high,2,0.262534,appearance,2.522,True,True,True
hist_gbdt,1c1258a1-d0f6-433e-9466-dbc1705fa263,239,medium_high,24,0.103616,map,8.194,False,True,True
hist_gbdt,1c1258a1-d0f6-433e-9466-dbc1705fa263,240,medium_high,31,0.047949,motion,6.668,True,True,True
hist_gbdt,1c1258a1-d0f6-433e-9466-dbc1705fa263,241,medium_high,20,0.047949,motion,6.14,True,True,True
hist_gbdt,1c1258a1-d0f6-433e-9466-dbc1705fa263,242,medium_high,38,0.047949,motion,5.757,True,True,True
hist_gbdt,1c1258a1-d0f6-433e-9466-dbc1705fa263,243,medium_high,43,0.035292,map,5.08,True,True,True
hist_gbdt,1c1258a1-d0f6-433e-9466-dbc1705fa263,244,medium_high,43,0.035292,map,4.145,True,True,True
hist_gbdt,1c1258a1-d0f6-433e-9466-dbc1705fa263,245,medium_high,27,0.047949,motion,7.507,True,True,True
hist_gbdt,1c1258a1-d0f6-433e-9466-dbc1705fa263,246,medium_high,16,0.047949,motion,6.774,True,True,True
hist_gbdt,1c1258a1-d0f6-433e-9466-dbc1705fa263,247,medium_high,17,0.047949,motion,7.799,True,True,True
hist_gbdt,1c1258a1-d0f6-433e-9466-dbc1705fa263,248,medium_high,9,0.078853,appearance,7.382,True,True,True
hist_gbdt,1c1258a1-d0f6-433e-9466-dbc1705fa263,249,medium_high,1,0.081813,appearance,6.494,True,True,True
hist_gbdt,1c1258a1-d0f6-433e-9466-dbc1705fa263,250,medium_high,8,0.067378,appearance,5.646,True,True,True
hist_gbdt,1c1258a1-d0f6-433e-9466-dbc1705fa263,251,medium_high,1,0.067417,appearance,5.951,True,True,True
hist_gbdt,1c1258a1-d0f6-433e-9466-dbc1705fa263,252,medium_high,26,0.250539,map,4.37,True,True,True
hist_gbdt,1c1258a1-d0f6-433e-9466-dbc1705fa263,253,medium_high,30,0.211169,map,4.444,True,True,True
hist_gbdt,1c1258a1-d0f6-433e-9466-dbc1705fa263,254,medium_high,29,0.211169,map,4.742,True,True,True
hist_gbdt,1c1258a1-d0f6-433e-9466-dbc1705fa263,255,medium_high,1,0.173928,map,8.723,False,True,True
hist_gbdt,1c1258a1-d0f6-433e-9466-dbc1705fa263,256,medium_high,1,0.173928,map,8.692,False,True,True
hist_gbdt,1c1258a1-d0f6-433e-9466-dbc1705fa263,257,medium_high,1,0.173928,appearance,4.888,True,True,True
hist_gbdt,1c1258a1-d0f6-433e-9466-dbc1705fa263,258,medium_high,1,0.099175,appearance,4.862,True,True,True
hist_gbdt,1c1258a1-d0f6-433e-9466-dbc1705fa263,259,medium_high,1,0.15964,appearance,3.714,True,True,True
hist_gbdt,1c1258a1-d0f6-433e-9466-dbc1705fa263,260,medium_high,1,0.527558,map,2.1,True,True,True
hist_gbdt,1c1258a1-d0f6-433e-9466-dbc1705fa263,261,medium_high,2,0.318605,map,1.465,True,True,True
hist_gbdt,1c1258a1-d0f6-433e-9466-dbc1705fa263,262,medium_high,1,0.560707,map,0.03,True,True,True
hist_gbdt,1c1258a1-d0f6-433e-9466-dbc1705fa263,263,high,1,0.575995,map,0.0,True,True,True
hist_gbdt,1c1258a1-d0f6-433e-9466-dbc1705fa263,264,high,1,0.584562,appearance,3.0,True,True,True
hist_gbdt,1c1258a1-d0f6-433e-9466-dbc1705fa263,265,high,1,0.78038,map,0.0,True,True,True
hist_gbdt,1c1258a1-d0f6-433e-9466-dbc1705fa263,266,high,2,0.768718,map,0.0,True,True,True
hist_gbdt,1c1258a1-d0f6-433e-9466-dbc1705fa263,267,high,1,0.872112,map,0.0,True,True,True
hist_gbdt,1c1258a1-d0f6-433e-9466-dbc1705fa263,268,high,1,0.930483,map,0.0,True,True,True
hist_gbdt,1c1258a1-d0f6-433e-9466-dbc1705fa263,269,high,2,0.902008,map,0.0,True,True,True
hist_gbdt,1c1258a1-d0f6-433e-9466-dbc1705fa263,270,high,1,0.954702,map,0.0,True,True,True
hist_gbdt,1c1258a1-d0f6-433e-9466-dbc1705fa263,271,high,2,0.937804,map,0.0,True,True,True
hist_gbdt,1c1258a1-d0f6-433e-9466-dbc1705fa263,272,high,1,0.945171,map,0.0,True,True,True
hist_gbdt,1c1258a1-d0f6-433e-9466-dbc1705fa263,273,high,1,0.956438,map,0.0,True,True,True
hist_gbdt,1c1258a1-d0f6-433e-9466-dbc1705fa263,274,high,1,0.958308,appearance,4.031,True,True,True
hist_gbdt,1c1258a1-d0f6-433e-9466-dbc1705fa263,275,high,1,0.956438,map,0.0,True,True,True
hist_gbdt,1c1258a1-d0f6-433e-9466-dbc1705fa263,276,high,1,0.952879,appearance,3.808,True,True,True
hist_gbdt,1c1258a1-d0f6-433e-9466-dbc1705fa263,277,high,1,0.954702,map,0.0,True,True,True
hist_gbdt,1c1258a1-d0f6-433e-9466-dbc1705fa263,278,high,1,0.956438,map,0.0,True,True,True
hist_gbdt,1c1258a1-d0f6-433e-9466-dbc1705fa263,279,high,1,0.956643,appearance,3.5,True,True,True
hist_gbdt,1c1258a1-d0f6-433e-9466-dbc1705fa263,280,high,1,0.956438,map,0.0,True,True,True
hist_gbdt,1c1258a1-d0f6-433e-9466-dbc1705fa263,281,high,1,0.951008,appearance,3.041,True,True,True
hist_gbdt,1c1258a1-d0f6-433e-9466-dbc1705fa263,282,high,1,0.956438,map,0.0,True,True,True
hist_gbdt,1c1258a1-d0f6-433e-9466-dbc1705fa263,283,high,1,0.956438,map,0.0,True,True,True
hist_gbdt,1c1258a1-d0f6-433e-9466-dbc1705fa263,284,high,2,0.936845,map,0.0,True,True,True
hist_gbdt,1c1258a1-d0f6-433e-9466-dbc1705fa263,285,high,1,0.956438,map,0.0,True,True,True
hist_gbdt,1c1258a1-d0f6-433e-9466-dbc1705fa263,286,high,1,0.951008,appearance,3.041,True,True,True
hist_gbdt,1c1258a1-d0f6-433e-9466-dbc1705fa263,287,high,1,0.95573,map,0.0,True,True,True
hist_gbdt,1c1258a1-d0f6-433e-9466-dbc1705fa263,288,high,1,0.956438,map,0.0,True,True,True
hist_gbdt,1c1258a1-d0f6-433e-9466-dbc1705fa263,289,high,2,0.937804,map,0.0,True,True,True
hist_gbdt,1c1258a1-d0f6-433e-9466-dbc1705fa263,290,high,1,0.956438,map,0.0,True,True,True
hist_gbdt,1c1258a1-d0f6-433e-9466-dbc1705fa263,291,high,2,0.937804,map,0.0,True,True,True
hist_gbdt,1c1258a1-d0f6-433e-9466-dbc1705fa263,292,high,1,0.943745,map,0.0,True,True,True
hist_gbdt,1c1258a1-d0f6-433e-9466-dbc1705fa263,293,high,1,0.956438,map,0.0,True,True,True
hist_gbdt,1c1258a1-d0f6-433e-9466-dbc1705fa263,294,high,1,0.940171,appearance,3.64,True,True,True
hist_gbdt,1c1258a1-d0f6-433e-9466-dbc1705fa263,295,high,1,0.956438,map,0.0,True,True,True
hist_gbdt,1c1258a1-d0f6-433e-9466-dbc1705fa263,296,high,1,0.937828,appearance,3.041,True,True,True
hist_gbdt,1c1258a1-d0f6-433e-9466-dbc1705fa263,297,high,1,0.930535,map,0.0,True,True,True
hist_gbdt,1c1258a1-d0f6-433e-9466-dbc1705fa263,298,high,3,0.954702,map,4.0,True,True,True
hist_gbdt,1c1258a1-d0f6-433e-9466-dbc1705fa263,299,high,4,0.878246,map,5.0,True,True,True
hist_gbdt,1c1258a1-d0f6-433e-9466-dbc1705fa263,300,high,1,0.957429,map,0.0,True,True,True
hist_gbdt,1c1258a1-d0f6-433e-9466-dbc1705fa263,301,high,2,0.937804,map,3.162,True,True,True
hist_gbdt,1c1258a1-d0f6-433e-9466-dbc1705fa263,302,high,1,0.85631,map,0.0,True,True,True
hist_gbdt,1c1258a1-d0f6-433e-9466-dbc1705fa263,303,high,1,0.919819,map,3.536,True,True,True
hist_gbdt,1c1258a1-d0f6-433e-9466-dbc1705fa263,304,high,2,0.876883,map,3.808,True,True,True
hist_gbdt,1c1258a1-d0f6-433e-9466-dbc1705fa263,305,high,2,0.902037,map,4.528,True,True,True
hist_gbdt,1c1258a1-d0f6-433e-9466-dbc1705fa263,306,high,2,0.841373,map,4.472,True,True,True
hist_gbdt,1c1258a1-d0f6-433e-9466-dbc1705fa263,307,high,1,0.722141,map,0.0,True,True,True
hist_gbdt,1c1258a1-d0f6-433e-9466-dbc1705fa263,308,high,2,0.857669,map,0.0,True,True,True
hist_gbdt,1c1258a1-d0f6-433e-9466-dbc1705fa263,309,high,2,0.670509,map,6.519,True,True,True
hist_gbdt,1c1258a1-d0f6-433e-9466-dbc1705fa263,310,high,1,0.826326,map,0.0,True,True,True
hist_gbdt,1c1258a1-d0f6-433e-9466-dbc1705fa263,311,high,2,0.78038,map,0.0,True,True,True
hist_gbdt,1c1258a1-d0f6-433e-9466-dbc1705fa263,312,high,1,0.885575,map,0.0,True,True,True
hist_gbdt,1c1258a1-d0f6-433e-9466-dbc1705fa263,313,high,1,0.936038,map,0.0,True,True,True
hist_gbdt,1c1258a1-d0f6-433e-9466-dbc1705fa263,314,high,1,0.91269,map,0.0,True,True,True
hist_gbdt,1c1258a1-d0f6-433e-9466-dbc1705fa263,315,high,1,0.944013,map,0.0,True,True,True
hist_gbdt,1c1258a1-d0f6-433e-9466-dbc1705fa263,316,high,2,0.919173,map,3.162,True,True,True
hist_gbdt,1c1258a1-d0f6-433e-9466-dbc1705fa263,317,high,1,0.916501,map,0.0,True,True,True
hist_gbdt,1c1258a1-d0f6-433e-9466-dbc1705fa263,318,high,1,0.944344,map,3.808,True,True,True
hist_gbdt,1c1258a1-d0f6-433e-9466-dbc1705fa263,319,high,3,0.865158,map,8.515,False,True,True
hist_gbdt,1c1258a1-d0f6-433e-9466-dbc1705fa263,320,high,1,0.944634,map,0.0,True,True,True
hist_gbdt,1c1258a1-d0f6-433e-9466-dbc1705fa263,321,high,2,0.862388,map,0.0,True,True,True
hist_gbdt,1c1258a1-d0f6-433e-9466-dbc1705fa263,322,high,1,0.853138,map,0.0,True,True,True
hist_gbdt,1c1258a1-d0f6-433e-9466-dbc1705fa263,323,high,1,0.836266,map,0.0,True,True,True
hist_gbdt,1c1258a1-d0f6-433e-9466-dbc1705fa263,324,high,2,0.775424,map,0.0,True,True,True
hist_gbdt,1c1258a1-d0f6-433e-9466-dbc1705fa263,325,high,1,0.919378,map,0.0,True,True,True
hist_gbdt,1c1258a1-d0f6-433e-9466-dbc1705fa263,326,high,2,0.879568,map,1.0,True,True,True
hist_gbdt,1c1258a1-d0f6-433e-9466-dbc1705fa263,327,high,1,0.881866,map,19.66,False,False,True
hist_gbdt,1c1258a1-d0f6-433e-9466-dbc1705fa263,328,high,2,0.873793,map,12.981,False,True,True
hist_gbdt,1c1258a1-d0f6-433e-9466-dbc1705fa263,329,high,2,0.766124,map,17.103,False,False,True
hist_gbdt,1c1258a1-d0f6-433e-9466-dbc1705fa263,330,high,1,0.734602,map,13.285,False,True,True
hist_gbdt,1c1258a1-d0f6-433e-9466-dbc1705fa263,331,high,1,0.762243,appearance,9.014,False,True,True
hist_gbdt,1c1258a1-d0f6-433e-9466-dbc1705fa263,332,high,1,0.78038,map,10.7,False,True,True
hist_gbdt,1c1258a1-d0f6-433e-9466-dbc1705fa263,333,high,1,0.78038,map,12.349,False,True,True
hist_gbdt,1c1258a1-d0f6-433e-9466-dbc1705fa263,334,high,7,0.535595,map,13.793,False,True,False
hist_gbdt,1c1258a1-d0f6-433e-9466-dbc1705fa263,335,high,4,0.459404,map,13.865,False,True,True
hist_gbdt,1c1258a1-d0f6-433e-9466-dbc1705fa263,336,high,7,0.407947,map,15.0,False,True,True
hist_gbdt,1c1258a1-d0f6-433e-9466-dbc1705fa263,337,high,4,0.603459,map,14.5,False,True,True
hist_gbdt,1c1258a1-d0f6-433e-9466-dbc1705fa263,338,high,1,0.623384,map,12.971,False,True,True
hist_gbdt,1c1258a1-d0f6-433e-9466-dbc1705fa263,339,high,3,0.558918,map,12.806,False,True,False
hist_gbdt,1c1258a1-d0f6-433e-9466-dbc1705fa263,340,high,1,0.51623,map,12.53,False,True,True
hist_gbdt,1c1258a1-d0f6-433e-9466-dbc1705fa263,341,high,2,0.393774,map,12.806,False,True,False
hist_gbdt,1c1258a1-d0f6-433e-9466-dbc1705fa263,342,high,1,0.508488,map,13.454,False,True,False
hist_gbdt,1c1258a1-d0f6-433e-9466-dbc1705fa263,343,high,1,0.57013,map,12.53,False,True,True
hist_gbdt,1c1258a1-d0f6-433e-9466-dbc1705fa263,344,high,1,0.654758,appearance,11.673,False,True,True
hist_gbdt,1c1258a1-d0f6-433e-9466-dbc1705fa263,345,high,1,0.686949,map,12.298,False,True,True
hist_gbdt,1c1258a1-d0f6-433e-9466-dbc1705fa263,346,high,1,0.785118,appearance,11.336,False,True,False
hist_gbdt,529a6584-8974-4cf9-b7f7-f66d49cd3845,37,high,1,0.94059,map,0.0,True,True,True
hist_gbdt,529a6584-8974-4cf9-b7f7-f66d49cd3845,38,high,1,0.962316,map,0.0,True,True,True
hist_gbdt,529a6584-8974-4cf9-b7f7-f66d49cd3845,39,high,2,0.962316,map,3.606,True,True,True
hist_gbdt,529a6584-8974-4cf9-b7f7-f66d49cd3845,40,high,1,0.962836,map,0.0,True,True,True
hist_gbdt,529a6584-8974-4cf9-b7f7-f66d49cd3845,41,high,2,0.964388,map,4.472,True,True,True
hist_gbdt,529a6584-8974-4cf9-b7f7-f66d49cd3845,42,high,2,0.964203,map,4.123,True,True,True
hist_gbdt,529a6584-8974-4cf9-b7f7-f66d49cd3845,43,high,1,0.960874,map,0.0,True,True,True
hist_gbdt,529a6584-8974-4cf9-b7f7-f66d49cd3845,44,high,1,0.960874,map,4.123,True,True,True
hist_gbdt,529a6584-8974-4cf9-b7f7-f66d49cd3845,45,high,1,0.962573,map,0.0,True,True,True
hist_gbdt,529a6584-8974-4cf9-b7f7-f66d49cd3845,46,high,1,0.961821,map,3.606,True,True,True
hist_gbdt,529a6584-8974-4cf9-b7f7-f66d49cd3845,47,high,1,0.961821,map,0.0,True,True,True
hist_gbdt,529a6584-8974-4cf9-b7f7-f66d49cd3845,48,high,1,0.96235,map,0.0,True,True,True
hist_gbdt,529a6584-8974-4cf9-b7f7-f66d49cd3845,49,high,1,0.959285,map,0.0,True,True,True
hist_gbdt,529a6584-8974-4cf9-b7f7-f66d49cd3845,50,high,1,0.96235,map,0.0,True,True,True
hist_gbdt,529a6584-8974-4cf9-b7f7-f66d49cd3845,51,high,1,0.960874,map,0.0,True,True,True
hist_gbdt,529a6584-8974-4cf9-b7f7-f66d49cd3845,52,high,1,0.959039,map,0.0,True,True,True
hist_gbdt,529a6584-8974-4cf9-b7f7-f66d49cd3845,53,high,1,0.961594,map,0.0,True,True,True
hist_gbdt,529a6584-8974-4cf9-b7f7-f66d49cd3845,54,high,1,0.960874,map,0.0,True,True,True
hist_gbdt,529a6584-8974-4cf9-b7f7-f66d49cd3845,55,high,1,0.961594,map,0.0,True,True,True
hist_gbdt,529a6584-8974-4cf9-b7f7-f66d49cd3845,56,high,1,0.961105,map,4.243,True,True,True
hist_gbdt,529a6584-8974-4cf9-b7f7-f66d49cd3845,57,high,1,0.959081,map,0.0,True,True,True
hist_gbdt,529a6584-8974-4cf9-b7f7-f66d49cd3845,58,high,1,0.961821,map,0.0,True,True,True
hist_gbdt,529a6584-8974-4cf9-b7f7-f66d49cd3845,59,high,2,0.959039,map,0.0,True,True,True
hist_gbdt,529a6584-8974-4cf9-b7f7-f66d49cd3845,60,high,1,0.959081,map,0.0,True,True,True
hist_gbdt,529a6584-8974-4cf9-b7f7-f66d49cd3845,61,high,2,0.959025,map,0.0,True,True,True
hist_gbdt,529a6584-8974-4cf9-b7f7-f66d49cd3845,62,high,3,0.963056,map,4.0,True,True,True
hist_gbdt,529a6584-8974-4cf9-b7f7-f66d49cd3845,63,high,2,0.96113,map,3.0,True,True,True
hist_gbdt,529a6584-8974-4cf9-b7f7-f66d49cd3845,64,high,2,0.955821,map,0.0,True,True,True
hist_gbdt,529a6584-8974-4cf9-b7f7-f66d49cd3845,65,high,1,0.92955,map,0.0,True,True,True
hist_gbdt,529a6584-8974-4cf9-b7f7-f66d49cd3845,66,high,3,0.96113,map,5.099,True,True,True
hist_gbdt,529a6584-8974-4cf9-b7f7-f66d49cd3845,67,high,3,0.958824,map,4.0,True,True,True
hist_gbdt,529a6584-8974-4cf9-b7f7-f66d49cd3845,68,high,3,0.934104,map,0.0,True,True,True
hist_gbdt,529a6584-8974-4cf9-b7f7-f66d49cd3845,69,high,2,0.958824,map,7.106,True,True,True
hist_gbdt,529a6584-8974-4cf9-b7f7-f66d49cd3845,70,high,2,0.958942,map,0.0,True,True,True
hist_gbdt,529a6584-8974-4cf9-b7f7-f66d49cd3845,71,high,2,0.963044,map,3.808,True,True,True
hist_gbdt,529a6584-8974-4cf9-b7f7-f66d49cd3845,72,high,1,0.960333,map,4.123,True,True,True
hist_gbdt,529a6584-8974-4cf9-b7f7-f66d49cd3845,73,high,2,0.960333,map,4.301,True,True,True
hist_gbdt,529a6584-8974-4cf9-b7f7-f66d49cd3845,74,high,2,0.96502,map,3.536,True,True,True
hist_gbdt,529a6584-8974-4cf9-b7f7-f66d49cd3845,75,high,2,0.962836,map,0.0,True,True,True
hist_gbdt,529a6584-8974-4cf9-b7f7-f66d49cd3845,76,high,2,0.96113,map,5.701,True,True,True
hist_gbdt,529a6584-8974-4cf9-b7f7-f66d49cd3845,77,high,2,0.958699,map,4.528,True,True,True
hist_gbdt,529a6584-8974-4cf9-b7f7-f66d49cd3845,78,high,1,0.958796,map,5.701,True,True,True
hist_gbdt,529a6584-8974-4cf9-b7f7-f66d49cd3845,79,high,2,0.958011,map,5.701,True,True,True
hist_gbdt,529a6584-8974-4cf9-b7f7-f66d49cd3845,80,high,1,0.958796,map,4.95,True,True,True
hist_gbdt,529a6584-8974-4cf9-b7f7-f66d49cd3845,81,high,2,0.957428,map,4.95,True,True,True
hist_gbdt,529a6584-8974-4cf9-b7f7-f66d49cd3845,82,high,1,0.958796,map,5.701,True,True,True
hist_gbdt,529a6584-8974-4cf9-b7f7-f66d49cd3845,83,high,1,0.958796,map,0.0,True,True,True
hist_gbdt,529a6584-8974-4cf9-b7f7-f66d49cd3845,84,high,1,0.960161,appearance,3.354,True,True,True
hist_gbdt,529a6584-8974-4cf9-b7f7-f66d49cd3845,85,high,1,0.958796,map,0.0,True,True,True
hist_gbdt,529a6584-8974-4cf9-b7f7-f66d49cd3845,86,high,1,0.958796,map,3.0,True,True,True
hist_gbdt,529a6584-8974-4cf9-b7f7-f66d49cd3845,87,high,1,0.957428,map,4.95,True,True,True
hist_gbdt,529a6584-8974-4cf9-b7f7-f66d49cd3845,88,high,1,0.958796,map,0.0,True,True,True
hist_gbdt,529a6584-8974-4cf9-b7f7-f66d49cd3845,89,high,1,0.960161,appearance,5.22,True,True,True
hist_gbdt,529a6584-8974-4cf9-b7f7-f66d49cd3845,90,high,3,0.962836,map,3.536,True,True,True
hist_gbdt,529a6584-8974-4cf9-b7f7-f66d49cd3845,91,high,1,0.960161,appearance,3.354,True,True,True
hist_gbdt,529a6584-8974-4cf9-b7f7-f66d49cd3845,92,high,1,0.958796,map,5.148,True,True,True
hist_gbdt,529a6584-8974-4cf9-b7f7-f66d49cd3845,93,high,1,0.960874,map,0.0,True,True,True
hist_gbdt,529a6584-8974-4cf9-b7f7-f66d49cd3845,94,high,1,0.958836,appearance,4.61,True,True,True
hist_gbdt,529a6584-8974-4cf9-b7f7-f66d49cd3845,95,high,2,0.958836,appearance,3.64,True,True,True
hist_gbdt,529a6584-8974-4cf9-b7f7-f66d49cd3845,96,high,1,0.961942,appearance,4.5,True,True,True
hist_gbdt,529a6584-8974-4cf9-b7f7-f66d49cd3845,97,high,3,0.958824,map,6.364,True,True,True
hist_gbdt,529a6584-8974-4cf9-b7f7-f66d49cd3845,98,high,1,0.959025,map,0.0,True,True,True
hist_gbdt,529a6584-8974-4cf9-b7f7-f66d49cd3845,99,high,3,0.95932,map,6.0,True,True,True
hist_gbdt,529a6584-8974-4cf9-b7f7-f66d49cd3845,100,high,1,0.956912,map,0.0,True,True,True
hist_gbdt,529a6584-8974-4cf9-b7f7-f66d49cd3845,101,high,2,0.958259,map,0.0,True,True,True
hist_gbdt,529a6584-8974-4cf9-b7f7-f66d49cd3845,102,high,2,0.959343,appearance,3.162,True,True,True
hist_gbdt,529a6584-8974-4cf9-b7f7-f66d49cd3845,103,high,1,0.959039,map,0.0,True,True,True
hist_gbdt,529a6584-8974-4cf9-b7f7-f66d49cd3845,104,high,1,0.960396,appearance,0.0,True,True,True
hist_gbdt,529a6584-8974-4cf9-b7f7-f66d49cd3845,105,high,3,0.959148,appearance,3.808,True,True,True
hist_gbdt,529a6584-8974-4cf9-b7f7-f66d49cd3845,106,high,1,0.960161,appearance,9.192,False,True,True
hist_gbdt,529a6584-8974-4cf9-b7f7-f66d49cd3845,107,high,3,0.960302,appearance,3.536,True,True,True
hist_gbdt,529a6584-8974-4cf9-b7f7-f66d49cd3845,108,high,2,0.96193,appearance,4.5,True,True,True
hist_gbdt,529a6584-8974-4cf9-b7f7-f66d49cd3845,109,high,1,0.961942,appearance,3.5,True,True,True
hist_gbdt,529a6584-8974-4cf9-b7f7-f66d49cd3845,110,high,3,0.960441,appearance,4.61,True,True,True
hist_gbdt,529a6584-8974-4cf9-b7f7-f66d49cd3845,111,high,1,0.958629,appearance,4.272,True,True,True
hist_gbdt,529a6584-8974-4cf9-b7f7-f66d49cd3845,112,high,3,0.958982,appearance,3.905,True,True,True
hist_gbdt,529a6584-8974-4cf9-b7f7-f66d49cd3845,113,high,1,0.959025,map,0.0,True,True,True
hist_gbdt,529a6584-8974-4cf9-b7f7-f66d49cd3845,114,high,3,0.961541,map,4.743,True,True,True
hist_gbdt,529a6584-8974-4cf9-b7f7-f66d49cd3845,115,high,2,0.959389,appearance,3.808,True,True,True
hist_gbdt,529a6584-8974-4cf9-b7f7-f66d49cd3845,116,high,2,0.957985,map,0.0,True,True,True
hist_gbdt,529a6584-8974-4cf9-b7f7-f66d49cd3845,117,high,3,0.941483,appearance,3.606,True,True,True
hist_gbdt,529a6584-8974-4cf9-b7f7-f66d49cd3845,118,high,2,0.955485,map,3.0,True,True,True
hist_gbdt,529a6584-8974-4cf9-b7f7-f66d49cd3845,119,high,3,0.962836,map,4.0,True,True,True
hist_gbdt,529a6584-8974-4cf9-b7f7-f66d49cd3845,120,high,3,0.960396,appearance,3.536,True,True,True
hist_gbdt,529a6584-8974-4cf9-b7f7-f66d49cd3845,121,high,2,0.957679,map,0.0,True,True,True
hist_gbdt,529a6584-8974-4cf9-b7f7-f66d49cd3845,122,high,2,0.96113,appearance,3.536,True,True,True
hist_gbdt,529a6584-8974-4cf9-b7f7-f66d49cd3845,123,high,1,0.959039,map,0.0,True,True,True
hist_gbdt,529a6584-8974-4cf9-b7f7-f66d49cd3845,124,high,1,0.958337,appearance,3.536,True,True,True
hist_gbdt,529a6584-8974-4cf9-b7f7-f66d49cd3845,125,high,1,0.959025,map,0.0,True,True,True
hist_gbdt,529a6584-8974-4cf9-b7f7-f66d49cd3845,126,high,3,0.958942,map,4.528,True,True,True
hist_gbdt,529a6584-8974-4cf9-b7f7-f66d49cd3845,127,high,3,0.95732,appearance,4.528,True,True,True
hist_gbdt,529a6584-8974-4cf9-b7f7-f66d49cd3845,128,high,1,0.959039,map,0.0,True,True,True
hist_gbdt,529a6584-8974-4cf9-b7f7-f66d49cd3845,129,high,1,0.958943,appearance,3.64,True,True,True
hist_gbdt,529a6584-8974-4cf9-b7f7-f66d49cd3845,130,high,1,0.959025,map,0.0,True,True,True
hist_gbdt,529a6584-8974-4cf9-b7f7-f66d49cd3845,131,high,2,0.958699,map,0.0,True,True,True
hist_gbdt,529a6584-8974-4cf9-b7f7-f66d49cd3845,132,high,2,0.928778,map,8.602,False,True,True
hist_gbdt,529a6584-8974-4cf9-b7f7-f66d49cd3845,133,high,1,0.956912,map,0.0,True,True,True
hist_gbdt,529a6584-8974-4cf9-b7f7-f66d49cd3845,134,high,2,0.958942,map,0.0,True,True,True
hist_gbdt,529a6584-8974-4cf9-b7f7-f66d49cd3845,135,high,3,0.960302,appearance,3.041,True,True,True
hist_gbdt,529a6584-8974-4cf9-b7f7-f66d49cd3845,136,high,2,0.958942,map,10.296,False,True,True
hist_gbdt,529a6584-8974-4cf9-b7f7-f66d49cd3845,137,high,3,0.957922,map,4.0,True,True,True
hist_gbdt,529a6584-8974-4cf9-b7f7-f66d49cd3845,138,high,3,0.958824,map,3.808,True,True,True
hist_gbdt,529a6584-8974-4cf9-b7f7-f66d49cd3845,139,high,2,0.964416,map,8.515,False,True,True
hist_gbdt,529a6584-8974-4cf9-b7f7-f66d49cd3845,140,high,1,0.959552,map,7.906,True,True,True
hist_gbdt,529a6584-8974-4cf9-b7f7-f66d49cd3845,141,high,2,0.962236,map,9.823,False,True,True
hist_gbdt,529a6584-8974-4cf9-b7f7-f66d49cd3845,142,high,2,0.961429,motion,3.808,True,True,True
hist_gbdt,529a6584-8974-4cf9-b7f7-f66d49cd3845,143,high,1,0.956126,map,5.523,True,True,True
hist_gbdt,529a6584-8974-4cf9-b7f7-f66d49cd3845,144,high,3,0.958645,map,0.0,True,True,True
hist_gbdt,529a6584-8974-4cf9-b7f7-f66d49cd3845,145,high,1,0.959305,map,0.0,True,True,True
hist_gbdt,529a6584-8974-4cf9-b7f7-f66d49cd3845,146,high,2,0.959305,map,0.0,True,True,True
hist_gbdt,529a6584-8974-4cf9-b7f7-f66d49cd3845,147,high,1,0.958758,map,0.0,True,True,True
hist_gbdt,529a6584-8974-4cf9-b7f7-f66d49cd3845,148,high,2,0.957088,map,6.519,True,True,True
hist_gbdt,529a6584-8974-4cf9-b7f7-f66d49cd3845,149,high,1,0.957308,map,0.0,True,True,True
hist_gbdt,7bd296cd-c800-4be9-ab0f-07e8d68cb648,437,high,1,0.958282,map,0.0,True,True,True
hist_gbdt,7bd296cd-c800-4be9-ab0f-07e8d68cb648,438,high,1,0.97025,map,0.0,True,True,True
hist_gbdt,7bd296cd-c800-4be9-ab0f-07e8d68cb648,439,high,2,0.970657,map,3.606,True,True,True
hist_gbdt,7bd296cd-c800-4be9-ab0f-07e8d68cb648,440,high,2,0.970657,map,3.606,True,True,True
hist_gbdt,7bd296cd-c800-4be9-ab0f-07e8d68cb648,441,high,2,0.968118,map,4.472,True,True,True
hist_gbdt,7bd296cd-c800-4be9-ab0f-07e8d68cb648,442,high,1,0.968118,map,0.0,True,True,True
hist_gbdt,7bd296cd-c800-4be9-ab0f-07e8d68cb648,443,high,1,0.967034,map,0.0,True,True,True
hist_gbdt,7bd296cd-c800-4be9-ab0f-07e8d68cb648,444,high,2,0.968118,map,0.0,True,True,True
hist_gbdt,7bd296cd-c800-4be9-ab0f-07e8d68cb648,445,high,1,0.968102,map,0.0,True,True,True
hist_gbdt,7bd296cd-c800-4be9-ab0f-07e8d68cb648,446,high,1,0.968118,map,0.0,True,True,True
hist_gbdt,7bd296cd-c800-4be9-ab0f-07e8d68cb648,447,high,1,0.968118,map,0.0,True,True,True
hist_gbdt,7bd296cd-c800-4be9-ab0f-07e8d68cb648,448,high,1,0.968118,map,4.743,True,True,True
hist_gbdt,7bd296cd-c800-4be9-ab0f-07e8d68cb648,449,high,1,0.966808,map,4.243,True,True,True
hist_gbdt,7bd296cd-c800-4be9-ab0f-07e8d68cb648,450,high,1,0.968118,map,0.0,True,True,True
hist_gbdt,7bd296cd-c800-4be9-ab0f-07e8d68cb648,451,high,1,0.968118,map,0.0,True,True,True
hist_gbdt,7bd296cd-c800-4be9-ab0f-07e8d68cb648,452,high,1,0.968118,map,0.0,True,True,True
hist_gbdt,7bd296cd-c800-4be9-ab0f-07e8d68cb648,453,high,2,0.97025,map,5.0,True,True,True
hist_gbdt,7bd296cd-c800-4be9-ab0f-07e8d68cb648,454,high,1,0.968118,map,0.0,True,True,True
hist_gbdt,7bd296cd-c800-4be9-ab0f-07e8d68cb648,455,high,1,0.968118,map,0.0,True,True,True
hist_gbdt,7bd296cd-c800-4be9-ab0f-07e8d68cb648,456,high,2,0.968118,map,0.0,True,True,True
hist_gbdt,7bd296cd-c800-4be9-ab0f-07e8d68cb648,457,high,2,0.965596,map,4.472,True,True,True
hist_gbdt,7bd296cd-c800-4be9-ab0f-07e8d68cb648,458,high,2,0.967743,map,4.472,True,True,True
hist_gbdt,7bd296cd-c800-4be9-ab0f-07e8d68cb648,459,high,1,0.919021,map,0.0,True,True,True
hist_gbdt,7bd296cd-c800-4be9-ab0f-07e8d68cb648,460,high,2,0.965698,map,3.606,True,True,True
hist_gbdt,7bd296cd-c800-4be9-ab0f-07e8d68cb648,461,high,2,0.957675,map,0.0,True,True,True
hist_gbdt,7bd296cd-c800-4be9-ab0f-07e8d68cb648,462,high,3,0.969251,map,4.0,True,True,True
hist_gbdt,7bd296cd-c800-4be9-ab0f-07e8d68cb648,463,high,1,0.957675,map,0.0,True,True,True
hist_gbdt,7bd296cd-c800-4be9-ab0f-07e8d68cb648,464,high,2,0.96705,map,0.0,True,True,True
hist_gbdt,7bd296cd-c800-4be9-ab0f-07e8d68cb648,465,high,2,0.955956,map,5.0,True,True,True
hist_gbdt,7bd296cd-c800-4be9-ab0f-07e8d68cb648,466,high,2,0.966664,map,0.0,True,True,True
hist_gbdt,7bd296cd-c800-4be9-ab0f-07e8d68cb648,467,high,1,0.960477,map,4.743,True,True,True
hist_gbdt,7bd296cd-c800-4be9-ab0f-07e8d68cb648,468,high,1,0.966664,map,5.701,True,True,True
hist_gbdt,7bd296cd-c800-4be9-ab0f-07e8d68cb648,469,high,2,0.969876,map,7.106,True,True,True
hist_gbdt,7bd296cd-c800-4be9-ab0f-07e8d68cb648,470,high,1,0.97025,map,4.95,True,True,True
hist_gbdt,7bd296cd-c800-4be9-ab0f-07e8d68cb648,471,high,1,0.964975,map,0.0,True,True,True
hist_gbdt,7bd296cd-c800-4be9-ab0f-07e8d68cb648,472,high,1,0.969979,map,0.0,True,True,True
hist_gbdt,7bd296cd-c800-4be9-ab0f-07e8d68cb648,473,high,2,0.969989,map,4.301,True,True,True
hist_gbdt,7bd296cd-c800-4be9-ab0f-07e8d68cb648,474,high,1,0.954044,map,0.0,True,True,True
hist_gbdt,7bd296cd-c800-4be9-ab0f-07e8d68cb648,475,high,1,0.957905,map,4.528,True,True,True
hist_gbdt,7bd296cd-c800-4be9-ab0f-07e8d68cb648,476,high,2,0.963632,map,5.701,True,True,True
hist_gbdt,7bd296cd-c800-4be9-ab0f-07e8d68cb648,477,high,1,0.959336,map,4.95,True,True,True
hist_gbdt,7bd296cd-c800-4be9-ab0f-07e8d68cb648,478,high,1,0.968554,map,5.701,True,True,True
hist_gbdt,7bd296cd-c800-4be9-ab0f-07e8d68cb648,479,high,2,0.967163,map,7.106,True,True,True
hist_gbdt,7bd296cd-c800-4be9-ab0f-07e8d68cb648,480,high,2,0.968554,map,0.0,True,True,True
hist_gbdt,7bd296cd-c800-4be9-ab0f-07e8d68cb648,481,high,2,0.966709,map,4.301,True,True,True
hist_gbdt,7bd296cd-c800-4be9-ab0f-07e8d68cb648,482,high,1,0.967163,map,4.301,True,True,True
hist_gbdt,7bd296cd-c800-4be9-ab0f-07e8d68cb648,483,high,1,0.968554,map,5.701,True,True,True
hist_gbdt,7bd296cd-c800-4be9-ab0f-07e8d68cb648,484,high,2,0.966462,map,7.106,True,True,True
hist_gbdt,7bd296cd-c800-4be9-ab0f-07e8d68cb648,485,high,1,0.968554,map,0.0,True,True,True
hist_gbdt,7bd296cd-c800-4be9-ab0f-07e8d68cb648,486,high,1,0.967261,appearance,5.315,True,True,True
hist_gbdt,7bd296cd-c800-4be9-ab0f-07e8d68cb648,487,high,1,0.968554,map,0.0,True,True,True
hist_gbdt,7bd296cd-c800-4be9-ab0f-07e8d68cb648,488,high,1,0.968554,map,0.0,True,True,True
hist_gbdt,7bd296cd-c800-4be9-ab0f-07e8d68cb648,489,high,2,0.968554,map,4.528,True,True,True
hist_gbdt,7bd296cd-c800-4be9-ab0f-07e8d68cb648,490,high,1,0.968554,map,0.0,True,True,True
hist_gbdt,7bd296cd-c800-4be9-ab0f-07e8d68cb648,491,high,2,0.968554,map,0.0,True,True,True
hist_gbdt,7bd296cd-c800-4be9-ab0f-07e8d68cb648,492,high,1,0.968554,map,5.701,True,True,True
hist_gbdt,7bd296cd-c800-4be9-ab0f-07e8d68cb648,493,high,1,0.968554,map,0.0,True,True,True
hist_gbdt,7bd296cd-c800-4be9-ab0f-07e8d68cb648,494,high,2,0.968554,map,1.414,True,True,True
hist_gbdt,7bd296cd-c800-4be9-ab0f-07e8d68cb648,495,high,1,0.968118,map,0.0,True,True,True
hist_gbdt,7bd296cd-c800-4be9-ab0f-07e8d68cb648,496,high,3,0.967743,map,5.148,True,True,True
hist_gbdt,7bd296cd-c800-4be9-ab0f-07e8d68cb648,497,high,2,0.969251,map,4.301,True,True,True
hist_gbdt,7bd296cd-c800-4be9-ab0f-07e8d68cb648,498,high,2,0.967986,map,4.301,True,True,True
hist_gbdt,7bd296cd-c800-4be9-ab0f-07e8d68cb648,499,high,1,0.957954,appearance,5.385,True,True,True
hist_gbdt,7bd296cd-c800-4be9-ab0f-07e8d68cb648,500,high,1,0.966709,map,0.0,True,True,True
hist_gbdt,7bd296cd-c800-4be9-ab0f-07e8d68cb648,501,high,2,0.960147,map,0.0,True,True,True
hist_gbdt,7bd296cd-c800-4be9-ab0f-07e8d68cb648,502,high,1,0.967743,map,0.0,True,True,True
hist_gbdt,7bd296cd-c800-4be9-ab0f-07e8d68cb648,503,high,2,0.97025,map,3.0,True,True,True
hist_gbdt,7bd296cd-c800-4be9-ab0f-07e8d68cb648,504,high,1,0.965687,appearance,4.301,True,True,True
hist_gbdt,7bd296cd-c800-4be9-ab0f-07e8d68cb648,505,high,1,0.96705,map,0.0,True,True,True
hist_gbdt,7bd296cd-c800-4be9-ab0f-07e8d68cb648,506,high,1,0.965698,appearance,10.548,False,True,True
hist_gbdt,7bd296cd-c800-4be9-ab0f-07e8d68cb648,507,high,3,0.955445,appearance,4.717,True,True,True
hist_gbdt,7bd296cd-c800-4be9-ab0f-07e8d68cb648,508,high,3,0.965596,map,4.123,True,True,True
hist_gbdt,7bd296cd-c800-4be9-ab0f-07e8d68cb648,509,high,2,0.955826,map,0.0,True,True,True
hist_gbdt,7bd296cd-c800-4be9-ab0f-07e8d68cb648,510,high,4,0.96239,map,3.0,True,True,True
hist_gbdt,7bd296cd-c800-4be9-ab0f-07e8d68cb648,511,high,2,0.955826,map,0.0,True,True,True
hist_gbdt,7bd296cd-c800-4be9-ab0f-07e8d68cb648,512,high,3,0.944824,appearance,3.905,True,True,True
hist_gbdt,7bd296cd-c800-4be9-ab0f-07e8d68cb648,513,high,1,0.916024,map,0.0,True,True,True
hist_gbdt,7bd296cd-c800-4be9-ab0f-07e8d68cb648,514,high,3,0.944824,map,4.743,True,True,True
hist_gbdt,7bd296cd-c800-4be9-ab0f-07e8d68cb648,515,high,4,0.961138,map,3.606,True,True,True
hist_gbdt,7bd296cd-c800-4be9-ab0f-07e8d68cb648,516,high,2,0.955826,map,0.0,True,True,True
hist_gbdt,7bd296cd-c800-4be9-ab0f-07e8d68cb648,517,high,3,0.940257,appearance,3.162,True,True,True
hist_gbdt,7bd296cd-c800-4be9-ab0f-07e8d68cb648,518,high,1,0.96705,map,0.0,True,True,True
hist_gbdt,7bd296cd-c800-4be9-ab0f-07e8d68cb648,519,high,2,0.968118,map,0.0,True,True,True
hist_gbdt,7bd296cd-c800-4be9-ab0f-07e8d68cb648,520,high,1,0.96705,map,0.0,True,True,True
hist_gbdt,7bd296cd-c800-4be9-ab0f-07e8d68cb648,521,high,2,0.968118,map,0.0,True,True,True
hist_gbdt,7bd296cd-c800-4be9-ab0f-07e8d68cb648,522,high,2,0.963423,appearance,3.536,True,True,True
hist_gbdt,7bd296cd-c800-4be9-ab0f-07e8d68cb648,523,high,1,0.96705,map,0.0,True,True,True
hist_gbdt,7bd296cd-c800-4be9-ab0f-07e8d68cb648,524,high,2,0.968118,map,0.0,True,True,True
hist_gbdt,7bd296cd-c800-4be9-ab0f-07e8d68cb648,525,high,1,0.96705,map,0.0,True,True,True
hist_gbdt,7bd296cd-c800-4be9-ab0f-07e8d68cb648,526,high,2,0.966709,map,0.0,True,True,True
hist_gbdt,7bd296cd-c800-4be9-ab0f-07e8d68cb648,527,high,4,0.945368,appearance,4.301,True,True,True
hist_gbdt,7bd296cd-c800-4be9-ab0f-07e8d68cb648,528,high,1,0.957675,map,0.0,True,True,True
hist_gbdt,7bd296cd-c800-4be9-ab0f-07e8d68cb648,529,high,2,0.956511,map,0.0,True,True,True
hist_gbdt,7bd296cd-c800-4be9-ab0f-07e8d68cb648,530,high,4,0.940942,appearance,5.315,True,True,True
hist_gbdt,7bd296cd-c800-4be9-ab0f-07e8d68cb648,531,high,2,0.956511,map,0.0,True,True,True
hist_gbdt,7bd296cd-c800-4be9-ab0f-07e8d68cb648,532,high,1,0.956511,map,8.602,False,True,True
hist_gbdt,7bd296cd-c800-4be9-ab0f-07e8d68cb648,533,high,1,0.968118,map,0.0,True,True,True
hist_gbdt,7bd296cd-c800-4be9-ab0f-07e8d68cb648,534,high,1,0.957101,appearance,3.905,True,True,True
hist_gbdt,7bd296cd-c800-4be9-ab0f-07e8d68cb648,535,high,1,0.968118,map,8.062,False,True,True
hist_gbdt,7bd296cd-c800-4be9-ab0f-07e8d68cb648,536,high,2,0.960147,map,10.296,False,True,True
hist_gbdt,7bd296cd-c800-4be9-ab0f-07e8d68cb648,537,high,2,0.969251,map,3.536,True,True,True
hist_gbdt,7bd296cd-c800-4be9-ab0f-07e8d68cb648,538,high,2,0.964862,map,0.0,True,True,True
hist_gbdt,7bd296cd-c800-4be9-ab0f-07e8d68cb648,539,high,1,0.958369,appearance,4.717,True,True,True
hist_gbdt,7bd296cd-c800-4be9-ab0f-07e8d68cb648,540,high,1,0.955445,map,7.906,True,True,True
hist_gbdt,7bd296cd-c800-4be9-ab0f-07e8d68cb648,541,high,2,0.959896,map,10.124,False,True,True
hist_gbdt,7bd296cd-c800-4be9-ab0f-07e8d68cb648,542,high,1,0.821987,motion,10.512,False,True,True
hist_gbdt,7bd296cd-c800-4be9-ab0f-07e8d68cb648,543,high,2,0.931776,map,0.0,True,True,True
hist_gbdt,7bd296cd-c800-4be9-ab0f-07e8d68cb648,544,high,1,0.806185,appearance,4.61,True,True,True
hist_gbdt,7bd296cd-c800-4be9-ab0f-07e8d68cb648,545,high,1,0.924488,map,0.0,True,True,True
hist_gbdt,7bd296cd-c800-4be9-ab0f-07e8d68cb648,546,high,2,0.908197,map,0.0,True,True,True
hist_gbdt,7bd296cd-c800-4be9-ab0f-07e8d68cb648,547,high,1,0.868245,map,0.0,True,True,True
hist_gbdt,7bd296cd-c800-4be9-ab0f-07e8d68cb648,548,high,2,0.852221,map,7.106,True,True,True
hist_gbdt,7bd296cd-c800-4be9-ab0f-07e8d68cb648,549,high,2,0.834167,map,10.124,False,True,True
hist_gbdt,7bd296cd-c800-4be9-ab0f-07e8d68cb648,550,high,1,0.933912,map,6.364,True,True,True
hist_gbdt,7bd296cd-c800-4be9-ab0f-07e8d68cb648,551,high,2,0.875812,map,9.192,False,True,True
hist_gbdt,7bd296cd-c800-4be9-ab0f-07e8d68cb648,552,high,1,0.932777,map,0.0,True,True,True
hist_gbdt,7bd296cd-c800-4be9-ab0f-07e8d68cb648,553,high,1,0.939427,map,0.0,True,True,True
hist_gbdt,7bd296cd-c800-4be9-ab0f-07e8d68cb648,554,high,1,0.933765,appearance,0.0,True,True,True
hist_gbdt,7bd296cd-c800-4be9-ab0f-07e8d68cb648,555,high,1,0.958259,map,0.0,True,True,True
hist_gbdt,7bd296cd-c800-4be9-ab0f-07e8d68cb648,556,high,2,0.925342,map,0.0,True,True,True
hist_gbdt,7bd296cd-c800-4be9-ab0f-07e8d68cb648,557,high,1,0.949356,map,0.0,True,True,True
hist_gbdt,7bd296cd-c800-4be9-ab0f-07e8d68cb648,558,high,2,0.957602,map,10.198,False,True,True
hist_gbdt,7bd296cd-c800-4be9-ab0f-07e8d68cb648,559,high,3,0.862847,map,13.342,False,True,True
hist_gbdt,7bd296cd-c800-4be9-ab0f-07e8d68cb648,560,high,1,0.915931,map,0.0,True,True,True
hist_gbdt,7bd296cd-c800-4be9-ab0f-07e8d68cb648,561,high,2,0.683838,map,6.083,True,True,True
hist_gbdt,7bd296cd-c800-4be9-ab0f-07e8d68cb648,562,high,1,0.570878,map,0.0,True,True,True
hist_gbdt,7bd296cd-c800-4be9-ab0f-07e8d68cb648,563,high,1,0.837405,map,0.0,True,True,True
hist_gbdt,7bd296cd-c800-4be9-ab0f-07e8d68cb648,564,high,2,0.746272,map,5.831,True,True,True
hist_gbdt,7bd296cd-c800-4be9-ab0f-07e8d68cb648,565,high,1,0.795848,map,0.0,True,True,True
hist_gbdt,7bd296cd-c800-4be9-ab0f-07e8d68cb648,566,high,2,0.744958,map,0.0,True,True,True
hist_gbdt,7bd296cd-c800-4be9-ab0f-07e8d68cb648,568,high,1,0.726406,map,0.0,True,True,True
hist_gbdt,7bd296cd-c800-4be9-ab0f-07e8d68cb648,569,high,2,0.587654,map,6.083,True,True,True
hist_gbdt,7bd296cd-c800-4be9-ab0f-07e8d68cb648,570,high,1,0.81627,map,7.382,True,True,True
hist_gbdt,7bd296cd-c800-4be9-ab0f-07e8d68cb648,571,high,2,0.511144,map,4.301,True,True,True
hist_gbdt,7bd296cd-c800-4be9-ab0f-07e8d68cb648,572,high,2,0.465928,motion,7.762,True,True,True
hist_gbdt,7bd296cd-c800-4be9-ab0f-07e8d68cb648,573,high,1,0.333717,map,6.671,True,True,True
hist_gbdt,7bd296cd-c800-4be9-ab0f-07e8d68cb648,574,high,2,0.333717,map,9.301,False,True,True
hist_gbdt,7bd296cd-c800-4be9-ab0f-07e8d68cb648,575,high,1,0.289585,map,7.382,True,True,True
hist_gbdt,7bd296cd-c800-4be9-ab0f-07e8d68cb648,576,high,2,0.285172,appearance,11.068,False,True,True
hist_gbdt,7bd296cd-c800-4be9-ab0f-07e8d68cb648,577,high,1,0.156447,map,0.0,True,True,True
hist_gbdt,7bd296cd-c800-4be9-ab0f-07e8d68cb648,578,high,2,0.240321,map,0.0,True,True,True
hist_gbdt,7bd296cd-c800-4be9-ab0f-07e8d68cb648,579,high,1,0.20626,map,0.0,True,True,True
hist_gbdt,7bd296cd-c800-4be9-ab0f-07e8d68cb648,580,high,2,0.301197,map,0.0,True,True,True
hist_gbdt,7bd296cd-c800-4be9-ab0f-07e8d68cb648,581,high,1,0.19208,appearance,10.817,False,True,True
hist_gbdt,7bd296cd-c800-4be9-ab0f-07e8d68cb648,582,high,1,0.182844,map,9.0,False,True,True
hist_gbdt,7bd296cd-c800-4be9-ab0f-07e8d68cb648,583,high,1,0.289032,map,0.0,True,True,True
hist_gbdt,7bd296cd-c800-4be9-ab0f-07e8d68cb648,584,high,2,0.187544,map,9.513,False,True,True
hist_gbdt,7bd296cd-c800-4be9-ab0f-07e8d68cb648,585,high,2,0.200514,map,23.505,False,False,True
hist_gbdt,7bd296cd-c800-4be9-ab0f-07e8d68cb648,586,high,1,0.19293,map,28.284,False,False,True
hist_gbdt,7bd296cd-c800-4be9-ab0f-07e8d68cb648,587,high,1,0.531515,map,0.0,True,True,True
hist_gbdt,7bd296cd-c800-4be9-ab0f-07e8d68cb648,588,high,1,0.588787,map,0.0,True,True,True
hist_gbdt,7bd296cd-c800-4be9-ab0f-07e8d68cb648,589,medium_high,1,0.562919,map,4.123,True,True,True
hist_gbdt,7bd296cd-c800-4be9-ab0f-07e8d68cb648,590,medium_high,1,0.562141,map,3.0,True,True,True
hist_gbdt,e2711620-6d4e-4f9c-8922-b1b2d1fb74f2,1,high,9,0.242306,large_dark,36.269,False,False,True
hist_gbdt,e2711620-6d4e-4f9c-8922-b1b2d1fb74f2,2,high,22,0.295516,large_dark,56.303,False,False,True
hist_gbdt,e2711620-6d4e-4f9c-8922-b1b2d1fb74f2,3,high,25,0.25267,large_dark,37.052,False,False,True
hist_gbdt,e2711620-6d4e-4f9c-8922-b1b2d1fb74f2,4,high,28,0.220542,large_dark,56.901,False,False,True
hist_gbdt,e2711620-6d4e-4f9c-8922-b1b2d1fb74f2,5,high,8,0.279101,hybrid_coast,41.572,False,False,True
hist_gbdt,e2711620-6d4e-4f9c-8922-b1b2d1fb74f2,6,high,13,0.262891,hybrid_coast,44.847,False,False,True
hist_gbdt,e2711620-6d4e-4f9c-8922-b1b2d1fb74f2,7,high,4,0.46483,hybrid_coast,40.739,False,False,True
hist_gbdt,e2711620-6d4e-4f9c-8922-b1b2d1fb74f2,8,high,13,0.510492,hybrid_coast,29.988,False,False,True
hist_gbdt,e2711620-6d4e-4f9c-8922-b1b2d1fb74f2,9,high,3,0.534277,hybrid_coast,34.158,False,False,True
hist_gbdt,e2711620-6d4e-4f9c-8922-b1b2d1fb74f2,10,high,4,0.705312,hybrid_coast,34.089,False,False,True
hist_gbdt,e2711620-6d4e-4f9c-8922-b1b2d1fb74f2,11,high,11,0.741068,hybrid_coast,26.575,False,False,True
hist_gbdt,e2711620-6d4e-4f9c-8922-b1b2d1fb74f2,12,high,18,0.741068,hybrid_coast,23.701,False,False,True
hist_gbdt,e2711620-6d4e-4f9c-8922-b1b2d1fb74f2,13,high,4,0.830081,hybrid_coast,34.391,False,False,True
hist_gbdt,e2711620-6d4e-4f9c-8922-b1b2d1fb74f2,14,high,4,0.830081,hybrid_coast,34.358,False,False,True
hist_gbdt,e2711620-6d4e-4f9c-8922-b1b2d1fb74f2,15,high,5,0.832429,hybrid_coast,35.335,False,False,True
hist_gbdt,e2711620-6d4e-4f9c-8922-b1b2d1fb74f2,16,high,20,0.879022,appearance,30.887,False,False,True
hist_gbdt,e2711620-6d4e-4f9c-8922-b1b2d1fb74f2,17,high,14,0.670685,hybrid_coast,43.396,False,False,True
hist_gbdt,e2711620-6d4e-4f9c-8922-b1b2d1fb74f2,18,high,4,0.683821,hybrid_coast,38.262,False,False,True
hist_gbdt,e2711620-6d4e-4f9c-8922-b1b2d1fb74f2,19,high,10,0.65122,hybrid_coast,45.844,False,False,True
hist_gbdt,e2711620-6d4e-4f9c-8922-b1b2d1fb74f2,20,high,5,0.681998,hybrid_coast,42.323,False,False,True
hist_gbdt,e2711620-6d4e-4f9c-8922-b1b2d1fb74f2,21,high,3,0.659429,hybrid_coast,42.896,False,False,True
hist_gbdt,e2711620-6d4e-4f9c-8922-b1b2d1fb74f2,22,high,5,0.63149,hybrid_coast,38.92,False,False,True
hist_gbdt,e2711620-6d4e-4f9c-8922-b1b2d1fb74f2,23,high,7,0.619052,hybrid_coast,41.047,False,False,True
hist_gbdt,e2711620-6d4e-4f9c-8922-b1b2d1fb74f2,24,high,3,0.607066,hybrid_coast,43.401,False,False,True
hist_gbdt,e2711620-6d4e-4f9c-8922-b1b2d1fb74f2,25,high,21,0.607923,hybrid_coast,35.145,False,False,True
hist_gbdt,e2711620-6d4e-4f9c-8922-b1b2d1fb74f2,26,high,2,0.607066,hybrid_coast,48.148,False,False,True
hist_gbdt,e2711620-6d4e-4f9c-8922-b1b2d1fb74f2,27,high,4,0.686938,hybrid_coast,51.198,False,False,True
hist_gbdt,e2711620-6d4e-4f9c-8922-b1b2d1fb74f2,28,high,2,0.6823,hybrid_coast,42.881,False,False,True
hist_gbdt,e2711620-6d4e-4f9c-8922-b1b2d1fb74f2,29,high,2,0.663176,hybrid_coast,43.199,False,False,True
hist_gbdt,e2711620-6d4e-4f9c-8922-b1b2d1fb74f2,30,high,5,0.666905,hybrid_coast,44.534,False,False,True
hist_gbdt,e2711620-6d4e-4f9c-8922-b1b2d1fb74f2,31,high,3,0.656326,hybrid_coast,52.958,False,False,True
hist_gbdt,e2711620-6d4e-4f9c-8922-b1b2d1fb74f2,32,high,12,0.707157,hybrid_coast,41.402,False,False,True
hist_gbdt,e2711620-6d4e-4f9c-8922-b1b2d1fb74f2,33,high,7,0.811987,hybrid_coast,51.123,False,False,True
hist_gbdt,e2711620-6d4e-4f9c-8922-b1b2d1fb74f2,34,high,5,0.819958,hybrid_coast,52.449,False,False,True
hist_gbdt,e2711620-6d4e-4f9c-8922-b1b2d1fb74f2,35,high,6,0.811987,hybrid_coast,54.813,False,False,True
hist_gbdt,e2711620-6d4e-4f9c-8922-b1b2d1fb74f2,36,high,5,0.819958,hybrid_coast,57.215,False,False,True
hist_gbdt,e2711620-6d4e-4f9c-8922-b1b2d1fb74f2,37,high,20,0.67985,appearance,13.928,False,True,True
hist_gbdt,e2711620-6d4e-4f9c-8922-b1b2d1fb74f2,38,high,12,0.684224,hybrid_coast,57.116,False,False,True
hist_gbdt,e2711620-6d4e-4f9c-8922-b1b2d1fb74f2,39,high,13,0.65501,hybrid_coast,59.61,False,False,True
hist_gbdt,e2711620-6d4e-4f9c-8922-b1b2d1fb74f2,40,high,15,0.65501,hybrid_coast,70.0,False,False,True
hist_gbdt,e2711620-6d4e-4f9c-8922-b1b2d1fb74f2,41,high,17,0.65501,hybrid_coast,71.045,False,False,True
hist_gbdt,e2711620-6d4e-4f9c-8922-b1b2d1fb74f2,42,high,12,0.618381,hybrid_coast,74.108,False,False,True
hist_gbdt,e2711620-6d4e-4f9c-8922-b1b2d1fb74f2,43,high,1,0.476599,large_dark,4.681,True,True,True
hist_gbdt,e2711620-6d4e-4f9c-8922-b1b2d1fb74f2,44,high,3,0.481347,hybrid_coast,73.204,False,False,True
hist_gbdt,e2711620-6d4e-4f9c-8922-b1b2d1fb74f2,45,high,3,0.481347,hybrid_coast,77.245,False,False,True
hist_gbdt,e2711620-6d4e-4f9c-8922-b1b2d1fb74f2,46,high,1,0.520581,large_dark,6.243,True,True,True
hist_gbdt,e2711620-6d4e-4f9c-8922-b1b2d1fb74f2,47,high,8,0.626222,hybrid_coast,80.362,False,False,True
hist_gbdt,e2711620-6d4e-4f9c-8922-b1b2d1fb74f2,48,high,14,0.792141,hybrid_coast,81.402,False,False,True
hist_gbdt,e2711620-6d4e-4f9c-8922-b1b2d1fb74f2,49,high,24,0.786595,hybrid_coast,82.457,False,False,False
hist_gbdt,e2711620-6d4e-4f9c-8922-b1b2d1fb74f2,50,high,8,0.669782,hybrid_coast,15.264,False,True,True
hist_gbdt,e2711620-6d4e-4f9c-8922-b1b2d1fb74f2,51,high,6,0.692314,hybrid_coast,3.096,True,True,True
hist_gbdt,e2711620-6d4e-4f9c-8922-b1b2d1fb74f2,52,high,22,0.747889,hybrid_coast,20.727,False,False,True
hist_gbdt,e2711620-6d4e-4f9c-8922-b1b2d1fb74f2,53,high,11,0.773639,hybrid_coast,7.29,True,True,True
hist_gbdt,e2711620-6d4e-4f9c-8922-b1b2d1fb74f2,54,high,5,0.857003,hybrid_coast,4.368,True,True,True
hist_gbdt,e2711620-6d4e-4f9c-8922-b1b2d1fb74f2,55,high,10,0.798832,hybrid_coast,1.768,True,True,True
hist_gbdt,e2711620-6d4e-4f9c-8922-b1b2d1fb74f2,56,high,17,0.827555,large_dark,6.203,True,True,True
hist_gbdt,e2711620-6d4e-4f9c-8922-b1b2d1fb74f2,57,high,23,0.852012,large_dark,10.22,False,True,True
hist_gbdt,e2711620-6d4e-4f9c-8922-b1b2d1fb74f2,58,high,41,0.841027,hybrid_coast,26.437,False,False,True
hist_gbdt,e2711620-6d4e-4f9c-8922-b1b2d1fb74f2,59,high,23,0.687555,hybrid_coast,24.317,False,False,True
hist_gbdt,e2711620-6d4e-4f9c-8922-b1b2d1fb74f2,60,high,32,0.781862,hybrid_coast,27.613,False,False,True
hist_gbdt,e2711620-6d4e-4f9c-8922-b1b2d1fb74f2,61,high,17,0.68324,hybrid_coast,8.8,False,True,True
hist_gbdt,e2711620-6d4e-4f9c-8922-b1b2d1fb74f2,62,high,27,0.695076,hybrid_coast,7.71,True,True,True
hist_gbdt,e2711620-6d4e-4f9c-8922-b1b2d1fb74f2,63,high,3,0.859035,hybrid_coast,10.715,False,True,True
hist_gbdt,e2711620-6d4e-4f9c-8922-b1b2d1fb74f2,64,high,11,0.755855,hybrid_coast,9.68,False,True,True
hist_gbdt,e2711620-6d4e-4f9c-8922-b1b2d1fb74f2,65,high,18,0.723502,hybrid_coast,11.957,False,True,True
hist_gbdt,e2711620-6d4e-4f9c-8922-b1b2d1fb74f2,66,high,22,0.723502,hybrid_coast,12.8,False,True,True
hist_gbdt,e2711620-6d4e-4f9c-8922-b1b2d1fb74f2,67,high,30,0.727567,large_dark,24.708,False,False,True
hist_gbdt,e2711620-6d4e-4f9c-8922-b1b2d1fb74f2,68,high,40,0.727567,large_dark,28.844,False,False,True
hist_gbdt,e2711620-6d4e-4f9c-8922-b1b2d1fb74f2,69,high,45,0.596083,large_dark,33.076,False,False,True
hist_gbdt,e2711620-6d4e-4f9c-8922-b1b2d1fb74f2,70,high,1,0.675253,large_dark,8.732,False,True,True
hist_gbdt,e2711620-6d4e-4f9c-8922-b1b2d1fb74f2,71,high,23,0.690385,hybrid_coast,9.765,False,True,True
hist_gbdt,e2711620-6d4e-4f9c-8922-b1b2d1fb74f2,72,high,30,0.65654,hybrid_coast,12.12,False,True,True
hist_gbdt,e2711620-6d4e-4f9c-8922-b1b2d1fb74f2,73,high,24,0.690385,hybrid_coast,6.881,True,True,True
hist_gbdt,e2711620-6d4e-4f9c-8922-b1b2d1fb74f2,74,high,2,0.728548,hybrid_coast,6.485,True,True,True
hist_gbdt,e2711620-6d4e-4f9c-8922-b1b2d1fb74f2,75,high,20,0.614935,hybrid_coast,5.129,True,True,True
hist_gbdt,e2711620-6d4e-4f9c-8922-b1b2d1fb74f2,76,high,24,0.577886,hybrid_coast,8.349,False,True,True
hist_gbdt,e2711620-6d4e-4f9c-8922-b1b2d1fb74f2,77,high,12,0.325291,hybrid_coast,6.341,True,True,True
hist_gbdt,e2711620-6d4e-4f9c-8922-b1b2d1fb74f2,78,high,18,0.325291,hybrid_coast,8.453,False,True,True
hist_gbdt,e2711620-6d4e-4f9c-8922-b1b2d1fb74f2,79,high,2,0.302947,hybrid_coast,4.456,True,True,True
hist_gbdt,e2711620-6d4e-4f9c-8922-b1b2d1fb74f2,80,high,3,0.441447,appearance,2.55,True,True,True
hist_gbdt,e2711620-6d4e-4f9c-8922-b1b2d1fb74f2,81,high,2,0.312875,appearance,2.564,True,True,True
hist_gbdt,e2711620-6d4e-4f9c-8922-b1b2d1fb74f2,82,high,17,0.347477,hybrid_coast,5.465,True,True,True
hist_gbdt,e2711620-6d4e-4f9c-8922-b1b2d1fb74f2,83,high,10,0.159828,hybrid_coast,3.442,True,True,True
hist_gbdt,e2711620-6d4e-4f9c-8922-b1b2d1fb74f2,84,high,26,0.189963,hybrid_coast,10.404,False,True,True
hist_gbdt,e2711620-6d4e-4f9c-8922-b1b2d1fb74f2,85,high,27,0.396304,hybrid_coast,9.378,False,True,True
hist_gbdt,e2711620-6d4e-4f9c-8922-b1b2d1fb74f2,86,high,2,0.282477,hybrid_coast,2.658,True,True,True
hist_gbdt,e2711620-6d4e-4f9c-8922-b1b2d1fb74f2,87,high,17,0.693901,hybrid_coast,5.327,True,True,True
hist_gbdt,e2711620-6d4e-4f9c-8922-b1b2d1fb74f2,88,high,31,0.526705,large_dark,20.938,False,False,True
hist_gbdt,e2711620-6d4e-4f9c-8922-b1b2d1fb74f2,89,high,21,0.670414,hybrid_coast,10.275,False,True,True
hist_gbdt,e2711620-6d4e-4f9c-8922-b1b2d1fb74f2,90,high,27,0.635539,hybrid_coast,14.25,False,True,True
hist_gbdt,e2711620-6d4e-4f9c-8922-b1b2d1fb74f2,91,high,38,0.576432,map,41.225,False,False,True
hist_gbdt,e2711620-6d4e-4f9c-8922-b1b2d1fb74f2,92,high,14,0.24896,hybrid_coast,4.201,True,True,True
hist_gbdt,e2711620-6d4e-4f9c-8922-b1b2d1fb74f2,93,high,2,0.426967,hybrid_coast,4.418,True,True,True
hist_gbdt,e2711620-6d4e-4f9c-8922-b1b2d1fb74f2,94,high,11,0.383144,hybrid_coast,6.345,True,True,True
hist_gbdt,e2711620-6d4e-4f9c-8922-b1b2d1fb74f2,95,high,39,0.415203,large_dark,18.402,False,False,True
hist_gbdt,e2711620-6d4e-4f9c-8922-b1b2d1fb74f2,96,high,42,0.415203,large_dark,23.294,False,False,True
hist_gbdt,e2711620-6d4e-4f9c-8922-b1b2d1fb74f2,97,high,10,0.320099,hybrid_coast,5.25,True,True,True
hist_gbdt,e2711620-6d4e-4f9c-8922-b1b2d1fb74f2,98,high,2,0.42002,hybrid_coast,4.654,True,True,True
hist_gbdt,e2711620-6d4e-4f9c-8922-b1b2d1fb74f2,99,high,11,0.490456,hybrid_coast,5.588,True,True,True
hist_gbdt,e2711620-6d4e-4f9c-8922-b1b2d1fb74f2,100,high,11,0.832396,appearance,1.118,True,True,True
hist_gbdt,e2711620-6d4e-4f9c-8922-b1b2d1fb74f2,101,high,30,0.446223,hybrid_coast,11.943,False,True,True
hist_gbdt,e2711620-6d4e-4f9c-8922-b1b2d1fb74f2,102,high,2,0.558619,hybrid_coast,1.351,True,True,True
hist_gbdt,e2711620-6d4e-4f9c-8922-b1b2d1fb74f2,103,high,6,0.630776,hybrid_coast,5.239,True,True,True
hist_gbdt,e2711620-6d4e-4f9c-8922-b1b2d1fb74f2,104,high,8,0.517538,hybrid_coast,7.201,True,True,True
hist_gbdt,e2711620-6d4e-4f9c-8922-b1b2d1fb74f2,105,high,2,0.562378,hybrid_coast,1.584,True,True,True
hist_gbdt,e2711620-6d4e-4f9c-8922-b1b2d1fb74f2,106,high,4,0.852581,hybrid_coast,6.239,True,True,True
hist_gbdt,e2711620-6d4e-4f9c-8922-b1b2d1fb74f2,107,high,17,0.925265,hybrid_coast,9.658,False,True,True
hist_gbdt,e2711620-6d4e-4f9c-8922-b1b2d1fb74f2,108,high,8,0.961116,hybrid_coast,5.277,True,True,True
hist_gbdt,e2711620-6d4e-4f9c-8922-b1b2d1fb74f2,109,high,12,0.951453,hybrid_coast,10.254,False,True,True
hist_gbdt,e2711620-6d4e-4f9c-8922-b1b2d1fb74f2,110,high,7,0.961116,hybrid_coast,4.316,True,True,True
hist_gbdt,e2711620-6d4e-4f9c-8922-b1b2d1fb74f2,111,high,27,0.943824,hybrid_coast,16.294,False,False,True
hist_gbdt,e2711620-6d4e-4f9c-8922-b1b2d1fb74f2,112,high,16,0.698923,hybrid_coast,8.429,False,True,True
hist_gbdt,e2711620-6d4e-4f9c-8922-b1b2d1fb74f2,113,high,24,0.726673,hybrid_coast,11.99,False,True,True
hist_gbdt,e2711620-6d4e-4f9c-8922-b1b2d1fb74f2,114,high,33,0.698562,hybrid_coast,15.551,False,True,True
hist_gbdt,e2711620-6d4e-4f9c-8922-b1b2d1fb74f2,115,high,19,0.783136,hybrid_coast,13.436,False,True,True
hist_gbdt,e2711620-6d4e-4f9c-8922-b1b2d1fb74f2,116,high,22,0.792374,hybrid_coast,14.596,False,True,True
hist_gbdt,e2711620-6d4e-4f9c-8922-b1b2d1fb74f2,117,high,4,0.504648,hybrid_coast,4.865,True,True,True
hist_gbdt,e2711620-6d4e-4f9c-8922-b1b2d1fb74f2,118,high,23,0.792374,hybrid_coast,15.951,False,True,True
hist_gbdt,e2711620-6d4e-4f9c-8922-b1b2d1fb74f2,119,high,31,0.685822,large_dark,27.086,False,False,True
hist_gbdt,e2711620-6d4e-4f9c-8922-b1b2d1fb74f2,120,high,10,0.783136,hybrid_coast,8.382,False,True,True
hist_gbdt,e2711620-6d4e-4f9c-8922-b1b2d1fb74f2,121,high,32,0.688348,large_dark,16.784,False,False,True
hist_gbdt,e2711620-6d4e-4f9c-8922-b1b2d1fb74f2,122,high,6,0.643975,hybrid_coast,7.464,True,True,True
hist_gbdt,e2711620-6d4e-4f9c-8922-b1b2d1fb74f2,123,high,35,0.607677,large_dark,16.39,False,False,True
hist_gbdt,e2711620-6d4e-4f9c-8922-b1b2d1fb74f2,124,high,16,0.784008,hybrid_coast,3.189,True,True,True
hist_gbdt,e2711620-6d4e-4f9c-8922-b1b2d1fb74f2,125,high,1,0.818389,hybrid_coast,9.342,False,True,True
hist_gbdt,e2711620-6d4e-4f9c-8922-b1b2d1fb74f2,126,high,1,0.755056,hybrid_coast,12.134,False,True,True
hist_gbdt,e2711620-6d4e-4f9c-8922-b1b2d1fb74f2,127,high,21,0.848453,hybrid_coast,16.792,False,False,True
hist_gbdt,e2711620-6d4e-4f9c-8922-b1b2d1fb74f2,128,high,2,0.876885,hybrid_coast,25.102,False,False,True
hist_gbdt,e2711620-6d4e-4f9c-8922-b1b2d1fb74f2,129,high,1,0.882682,hybrid_coast,32.984,False,False,True
hist_gbdt,e2711620-6d4e-4f9c-8922-b1b2d1fb74f2,130,high,7,0.708922,hybrid_coast,43.739,False,False,True
hist_gbdt,e2711620-6d4e-4f9c-8922-b1b2d1fb74f2,131,high,37,0.655023,hybrid_coast,39.104,False,False,True
hist_gbdt,e2711620-6d4e-4f9c-8922-b1b2d1fb74f2,132,high,36,0.327385,hybrid_coast,50.94,False,False,True
hist_gbdt,e2711620-6d4e-4f9c-8922-b1b2d1fb74f2,133,high,32,0.671124,large_dark,1.568,True,True,True
hist_gbdt,e2711620-6d4e-4f9c-8922-b1b2d1fb74f2,134,high,48,0.585599,large_dark,4.08,True,True,True
hist_gbdt,e2711620-6d4e-4f9c-8922-b1b2d1fb74f2,135,high,56,0.596894,large_dark,4.118,True,True,True
hist_gbdt,e2711620-6d4e-4f9c-8922-b1b2d1fb74f2,136,high,52,0.596894,large_dark,7.041,True,True,True
hist_gbdt,e2711620-6d4e-4f9c-8922-b1b2d1fb74f2,137,high,70,0.393965,appearance,31.95,False,False,True
hist_gbdt,e2711620-6d4e-4f9c-8922-b1b2d1fb74f2,138,high,65,0.365147,appearance,31.755,False,False,True
hist_gbdt,e2711620-6d4e-4f9c-8922-b1b2d1fb74f2,139,high,62,0.330241,appearance,37.679,False,False,True
hist_gbdt,e2711620-6d4e-4f9c-8922-b1b2d1fb74f2,140,high,40,0.597941,large_dark,10.012,False,True,True
hist_gbdt,e2711620-6d4e-4f9c-8922-b1b2d1fb74f2,141,high,19,0.580404,large_dark,9.855,False,True,True
hist_gbdt,e2711620-6d4e-4f9c-8922-b1b2d1fb74f2,142,high,18,0.76805,large_dark,5.277,True,True,True
hist_gbdt,e2711620-6d4e-4f9c-8922-b1b2d1fb74f2,143,high,3,0.810214,large_dark,9.551,False,True,True
hist_gbdt,e2711620-6d4e-4f9c-8922-b1b2d1fb74f2,144,high,1,0.886713,large_dark,9.405,False,True,True
hist_gbdt,e2711620-6d4e-4f9c-8922-b1b2d1fb74f2,145,high,3,0.926384,large_dark,10.394,False,True,True
hist_gbdt,e2711620-6d4e-4f9c-8922-b1b2d1fb74f2,146,high,5,0.967448,hybrid_coast,2.062,True,True,True
hist_gbdt,e2711620-6d4e-4f9c-8922-b1b2d1fb74f2,147,high,7,0.965735,hybrid_coast,1.451,True,True,True
hist_gbdt,e2711620-6d4e-4f9c-8922-b1b2d1fb74f2,148,high,10,0.845488,hybrid_coast,3.041,True,True,True
hist_gbdt,e2711620-6d4e-4f9c-8922-b1b2d1fb74f2,149,high,21,0.873012,hybrid_coast,6.021,True,True,True
hist_gbdt,e2711620-6d4e-4f9c-8922-b1b2d1fb74f2,150,high,27,0.881712,hybrid_coast,9.124,False,True,True
hist_gbdt,e2711620-6d4e-4f9c-8922-b1b2d1fb74f2,151,high,24,0.846678,hybrid_coast,6.262,True,True,True
hist_gbdt,e2711620-6d4e-4f9c-8922-b1b2d1fb74f2,152,high,30,0.840659,hybrid_coast,9.489,False,True,True
hist_gbdt,e2711620-6d4e-4f9c-8922-b1b2d1fb74f2,153,high,23,0.872539,hybrid_coast,5.957,True,True,True
hist_gbdt,e2711620-6d4e-4f9c-8922-b1b2d1fb74f2,154,high,33,0.849874,hybrid_coast,9.102,False,True,True
hist_gbdt,e2711620-6d4e-4f9c-8922-b1b2d1fb74f2,155,high,17,0.858141,appearance,2.269,True,True,True
hist_gbdt,e2711620-6d4e-4f9c-8922-b1b2d1fb74f2,156,high,16,0.483725,map,4.738,True,True,True
hist_gbdt,e2711620-6d4e-4f9c-8922-b1b2d1fb74f2,157,high,15,0.762648,appearance,1.961,True,True,True
hist_gbdt,e2711620-6d4e-4f9c-8922-b1b2d1fb74f2,158,high,22,0.950266,appearance,1.432,True,True,True
hist_gbdt,e2711620-6d4e-4f9c-8922-b1b2d1fb74f2,159,high,27,0.904,map,4.877,True,True,True
hist_gbdt,e2711620-6d4e-4f9c-8922-b1b2d1fb74f2,160,high,29,0.889778,map,8.016,False,True,True
hist_gbdt,e2711620-6d4e-4f9c-8922-b1b2d1fb74f2,161,high,11,0.739438,appearance,1.813,True,True,True
hist_gbdt,e2711620-6d4e-4f9c-8922-b1b2d1fb74f2,162,high,23,0.932695,appearance,1.741,True,True,True
hist_gbdt,e2711620-6d4e-4f9c-8922-b1b2d1fb74f2,163,high,15,0.889745,appearance,1.214,True,True,True
hist_gbdt,e2711620-6d4e-4f9c-8922-b1b2d1fb74f2,164,high,22,0.934481,appearance,1.315,True,True,True
hist_gbdt,e2711620-6d4e-4f9c-8922-b1b2d1fb74f2,165,high,16,0.963436,map,5.763,True,True,True
hist_gbdt,e2711620-6d4e-4f9c-8922-b1b2d1fb74f2,166,high,22,0.963436,map,7.671,True,True,True
hist_gbdt,e2711620-6d4e-4f9c-8922-b1b2d1fb74f2,167,high,27,0.957607,map,9.577,False,True,True
hist_gbdt,e2711620-6d4e-4f9c-8922-b1b2d1fb74f2,168,high,2,0.952075,hybrid_coast,3.126,True,True,True
hist_gbdt,e2711620-6d4e-4f9c-8922-b1b2d1fb74f2,169,high,6,0.896745,hybrid_coast,2.696,True,True,True
hist_gbdt,e2711620-6d4e-4f9c-8922-b1b2d1fb74f2,170,high,7,0.93979,hybrid_coast,1.953,True,True,True
hist_gbdt,e2711620-6d4e-4f9c-8922-b1b2d1fb74f2,171,high,20,0.935576,hybrid_coast,7.746,True,True,True
hist_gbdt,e2711620-6d4e-4f9c-8922-b1b2d1fb74f2,172,high,26,0.938828,hybrid_coast,10.827,False,True,True
hist_gbdt,e2711620-6d4e-4f9c-8922-b1b2d1fb74f2,173,high,25,0.934755,hybrid_coast,1.778,True,True,True
hist_gbdt,e2711620-6d4e-4f9c-8922-b1b2d1fb74f2,174,high,20,0.946226,hybrid_coast,3.605,True,True,True
hist_gbdt,e2711620-6d4e-4f9c-8922-b1b2d1fb74f2,175,high,2,0.94509,hybrid_coast,1.233,True,True,True
hist_gbdt,e2711620-6d4e-4f9c-8922-b1b2d1fb74f2,176,high,4,0.934452,hybrid_coast,1.063,True,True,True
hist_gbdt,e2711620-6d4e-4f9c-8922-b1b2d1fb74f2,177,high,8,0.952623,large_dark,6.709,True,True,True
hist_gbdt,e2711620-6d4e-4f9c-8922-b1b2d1fb74f2,178,high,17,0.956499,large_dark,9.777,False,True,True
hist_gbdt,e2711620-6d4e-4f9c-8922-b1b2d1fb74f2,179,high,27,0.959484,large_dark,12.95,False,True,True
hist_gbdt,e2711620-6d4e-4f9c-8922-b1b2d1fb74f2,180,high,12,0.95728,large_dark,8.062,False,True,True
hist_gbdt,e2711620-6d4e-4f9c-8922-b1b2d1fb74f2,181,high,16,0.95456,large_dark,10.363,False,True,True
hist_gbdt,e2711620-6d4e-4f9c-8922-b1b2d1fb74f2,182,high,17,0.941782,hybrid_coast,7.114,True,True,True
hist_gbdt,e2711620-6d4e-4f9c-8922-b1b2d1fb74f2,183,high,8,0.91166,hybrid_coast,3.162,True,True,True
hist_gbdt,e2711620-6d4e-4f9c-8922-b1b2d1fb74f2,184,high,2,0.902756,hybrid_coast,3.068,True,True,True
hist_gbdt,e2711620-6d4e-4f9c-8922-b1b2d1fb74f2,185,high,22,0.955932,hybrid_coast,8.291,False,True,True
hist_gbdt,e2711620-6d4e-4f9c-8922-b1b2d1fb74f2,186,high,30,0.948969,hybrid_coast,11.425,False,True,True
hist_gbdt,e2711620-6d4e-4f9c-8922-b1b2d1fb74f2,187,high,11,0.947696,hybrid_coast,3.909,True,True,True
hist_gbdt,e2711620-6d4e-4f9c-8922-b1b2d1fb74f2,188,high,20,0.947696,hybrid_coast,6.866,True,True,True
hist_gbdt,e2711620-6d4e-4f9c-8922-b1b2d1fb74f2,189,high,4,0.90343,hybrid_coast,3.207,True,True,True
hist_gbdt,e2711620-6d4e-4f9c-8922-b1b2d1fb74f2,190,high,6,0.940327,hybrid_coast,0.75,True,True,True
hist_gbdt,e2711620-6d4e-4f9c-8922-b1b2d1fb74f2,191,high,21,0.949341,hybrid_coast,3.026,True,True,True
hist_gbdt,e2711620-6d4e-4f9c-8922-b1b2d1fb74f2,192,high,7,0.931147,large_dark,3.833,True,True,True
hist_gbdt,e2711620-6d4e-4f9c-8922-b1b2d1fb74f2,193,high,1,0.94041,large_dark,3.994,True,True,True
hist_gbdt,e2711620-6d4e-4f9c-8922-b1b2d1fb74f2,194,high,4,0.926549,hybrid_coast,5.359,True,True,True
hist_gbdt,e2711620-6d4e-4f9c-8922-b1b2d1fb74f2,195,high,2,0.951262,hybrid_coast,3.805,True,True,True
hist_gbdt,e2711620-6d4e-4f9c-8922-b1b2d1fb74f2,196,high,19,0.945651,hybrid_coast,7.501,True,True,True
hist_gbdt,e2711620-6d4e-4f9c-8922-b1b2d1fb74f2,197,high,3,0.955245,hybrid_coast,5.33,True,True,True
hist_gbdt,e2711620-6d4e-4f9c-8922-b1b2d1fb74f2,198,high,6,0.946322,hybrid_coast,2.811,True,True,True
hist_gbdt,e2711620-6d4e-4f9c-8922-b1b2d1fb74f2,199,high,17,0.701271,hybrid_coast,10.258,False,True,True
hist_gbdt,e2711620-6d4e-4f9c-8922-b1b2d1fb74f2,200,high,27,0.794098,hybrid_coast,7.018,True,True,True
hist_gbdt,e2711620-6d4e-4f9c-8922-b1b2d1fb74f2,201,high,11,0.376592,hybrid_coast,9.376,False,True,True
hist_gbdt,e2711620-6d4e-4f9c-8922-b1b2d1fb74f2,202,high,31,0.341179,hybrid_coast,12.288,False,True,True
hist_gbdt,e2711620-6d4e-4f9c-8922-b1b2d1fb74f2,203,high,17,0.326518,map,9.965,False,True,True
hist_gbdt,e2711620-6d4e-4f9c-8922-b1b2d1fb74f2,204,high,7,0.738274,appearance,3.744,True,True,True
hist_gbdt,e2711620-6d4e-4f9c-8922-b1b2d1fb74f2,205,high,5,0.821021,hybrid_coast,3.829,True,True,True
hist_gbdt,e2711620-6d4e-4f9c-8922-b1b2d1fb74f2,206,high,6,0.756661,hybrid_coast,4.715,True,True,True
hist_gbdt,e2711620-6d4e-4f9c-8922-b1b2d1fb74f2,207,high,14,0.819805,hybrid_coast,9.272,False,True,True
hist_gbdt,e2711620-6d4e-4f9c-8922-b1b2d1fb74f2,208,high,23,0.921267,hybrid_coast,12.13,False,True,True
hist_gbdt,e2711620-6d4e-4f9c-8922-b1b2d1fb74f2,209,high,31,0.909347,hybrid_coast,15.007,False,True,True
hist_gbdt,e2711620-6d4e-4f9c-8922-b1b2d1fb74f2,210,high,3,0.88992,hybrid_coast,4.039,True,True,True
hist_gbdt,e2711620-6d4e-4f9c-8922-b1b2d1fb74f2,211,high,11,0.841839,hybrid_coast,6.738,True,True,True
hist_gbdt,e2711620-6d4e-4f9c-8922-b1b2d1fb74f2,212,high,3,0.89189,hybrid_coast,3.373,True,True,True
hist_gbdt,e2711620-6d4e-4f9c-8922-b1b2d1fb74f2,213,high,26,0.814253,hybrid_coast,15.585,False,True,True
hist_gbdt,e2711620-6d4e-4f9c-8922-b1b2d1fb74f2,214,high,9,0.767716,appearance,4.487,True,True,True
hist_gbdt,e2711620-6d4e-4f9c-8922-b1b2d1fb74f2,215,high,6,0.883083,map,3.276,True,True,True
hist_gbdt,e2711620-6d4e-4f9c-8922-b1b2d1fb74f2,216,high,14,0.921565,appearance,4.491,True,True,True
hist_gbdt,e2711620-6d4e-4f9c-8922-b1b2d1fb74f2,217,high,12,0.941527,hybrid_coast,3.869,True,True,True
hist_gbdt,e2711620-6d4e-4f9c-8922-b1b2d1fb74f2,218,high,9,0.91399,hybrid_coast,5.549,True,True,True
hist_gbdt,e2711620-6d4e-4f9c-8922-b1b2d1fb74f2,219,high,13,0.934991,hybrid_coast,7.344,True,True,True
hist_gbdt,e2711620-6d4e-4f9c-8922-b1b2d1fb74f2,220,high,10,0.823811,large_dark,7.81,True,True,True
hist_gbdt,e2711620-6d4e-4f9c-8922-b1b2d1fb74f2,221,high,1,0.934452,hybrid_coast,3.797,True,True,True
hist_gbdt,e2711620-6d4e-4f9c-8922-b1b2d1fb74f2,222,high,2,0.951262,hybrid_coast,4.392,True,True,True
hist_gbdt,e2711620-6d4e-4f9c-8922-b1b2d1fb74f2,223,high,4,0.92985,hybrid_coast,5.754,True,True,True
hist_gbdt,e2711620-6d4e-4f9c-8922-b1b2d1fb74f2,224,high,7,0.943935,hybrid_coast,7.481,True,True,True
hist_gbdt,e2711620-6d4e-4f9c-8922-b1b2d1fb74f2,225,high,18,0.901369,hybrid_coast,13.364,False,True,True
hist_gbdt,e2711620-6d4e-4f9c-8922-b1b2d1fb74f2,226,high,22,0.902179,hybrid_coast,9.599,False,True,True
hist_gbdt,e2711620-6d4e-4f9c-8922-b1b2d1fb74f2,227,high,6,0.894002,hybrid_coast,2.434,True,True,True
hist_gbdt,e2711620-6d4e-4f9c-8922-b1b2d1fb74f2,228,high,2,0.916403,hybrid_coast,2.997,True,True,True
hist_gbdt,e2711620-6d4e-4f9c-8922-b1b2d1fb74f2,229,high,2,0.950904,hybrid_coast,3.376,True,True,True
hist_gbdt,e2711620-6d4e-4f9c-8922-b1b2d1fb74f2,230,high,10,0.951748,map,4.75,True,True,True
hist_gbdt,e2711620-6d4e-4f9c-8922-b1b2d1fb74f2,231,high,4,0.924339,hybrid_coast,4.267,True,True,True
hist_gbdt,e2711620-6d4e-4f9c-8922-b1b2d1fb74f2,232,high,7,0.936341,hybrid_coast,2.816,True,True,True
hist_gbdt,e2711620-6d4e-4f9c-8922-b1b2d1fb74f2,233,high,23,0.957225,hybrid_coast,10.609,False,True,True
hist_gbdt,e2711620-6d4e-4f9c-8922-b1b2d1fb74f2,234,high,12,0.962856,hybrid_coast,6.351,True,True,True
hist_gbdt,e2711620-6d4e-4f9c-8922-b1b2d1fb74f2,235,high,8,0.932754,hybrid_coast,3.297,True,True,True
hist_gbdt,e2711620-6d4e-4f9c-8922-b1b2d1fb74f2,236,high,23,0.727747,hybrid_coast,13.417,False,True,True
hist_gbdt,e2711620-6d4e-4f9c-8922-b1b2d1fb74f2,237,high,4,0.873708,hybrid_coast,2.8,True,True,True
hist_gbdt,e2711620-6d4e-4f9c-8922-b1b2d1fb74f2,238,high,8,0.786607,hybrid_coast,2.365,True,True,True
hist_gbdt,e2711620-6d4e-4f9c-8922-b1b2d1fb74f2,239,high,17,0.814669,hybrid_coast,5.553,True,True,True
hist_gbdt,e2711620-6d4e-4f9c-8922-b1b2d1fb74f2,240,high,29,0.73199,hybrid_coast,13.647,False,True,True
hist_gbdt,e2711620-6d4e-4f9c-8922-b1b2d1fb74f2,241,high,10,0.743841,hybrid_coast,2.674,True,True,True
hist_gbdt,e2711620-6d4e-4f9c-8922-b1b2d1fb74f2,242,high,14,0.730849,hybrid_coast,8.369,False,True,True
hist_gbdt,e2711620-6d4e-4f9c-8922-b1b2d1fb74f2,243,high,26,0.874747,hybrid_coast,12.611,False,True,True
hist_gbdt,e2711620-6d4e-4f9c-8922-b1b2d1fb74f2,244,high,33,0.869271,hybrid_coast,16.896,False,False,True
hist_gbdt,e2711620-6d4e-4f9c-8922-b1b2d1fb74f2,245,high,15,0.835276,large_dark,5.656,True,True,True
hist_gbdt,e2711620-6d4e-4f9c-8922-b1b2d1fb74f2,246,high,22,0.862089,large_dark,8.991,False,True,True
hist_gbdt,e2711620-6d4e-4f9c-8922-b1b2d1fb74f2,247,high,30,0.955768,map,3.167,True,True,True
hist_gbdt,e2711620-6d4e-4f9c-8922-b1b2d1fb74f2,248,high,28,0.909325,hybrid_coast,4.168,True,True,True
hist_gbdt,e2711620-6d4e-4f9c-8922-b1b2d1fb74f2,249,high,28,0.931983,hybrid_coast,5.691,True,True,True
hist_gbdt,e2711620-6d4e-4f9c-8922-b1b2d1fb74f2,250,high,18,0.917458,hybrid_coast,9.763,False,True,True
hist_gbdt,e2711620-6d4e-4f9c-8922-b1b2d1fb74f2,251,high,31,0.929788,hybrid_coast,13.086,False,True,True
hist_gbdt,e2711620-6d4e-4f9c-8922-b1b2d1fb74f2,252,high,7,0.871422,hybrid_coast,0.849,True,True,True
hist_gbdt,e2711620-6d4e-4f9c-8922-b1b2d1fb74f2,253,high,12,0.894328,appearance,0.441,True,True,True
hist_gbdt,e2711620-6d4e-4f9c-8922-b1b2d1fb74f2,254,high,21,0.907334,map,3.84,True,True,True
hist_gbdt,e2711620-6d4e-4f9c-8922-b1b2d1fb74f2,255,high,1,0.589624,map,2.905,True,True,True
hist_gbdt,e2711620-6d4e-4f9c-8922-b1b2d1fb74f2,256,high,2,0.806872,hybrid_coast,2.22,True,True,True
hist_gbdt,e2711620-6d4e-4f9c-8922-b1b2d1fb74f2,257,high,3,0.862177,hybrid_coast,3.024,True,True,True
hist_gbdt,e2711620-6d4e-4f9c-8922-b1b2d1fb74f2,258,high,2,0.606304,hybrid_coast,3.261,True,True,True
hist_gbdt,e2711620-6d4e-4f9c-8922-b1b2d1fb74f2,259,high,2,0.970066,hybrid_coast,2.549,True,True,True
hist_gbdt,e2711620-6d4e-4f9c-8922-b1b2d1fb74f2,260,high,1,0.970066,large_dark,4.743,True,True,True
hist_gbdt,e2711620-6d4e-4f9c-8922-b1b2d1fb74f2,261,high,2,0.970066,hybrid_coast,3.247,True,True,True
hist_gbdt,e2711620-6d4e-4f9c-8922-b1b2d1fb74f2,262,high,2,0.970066,hybrid_coast,3.398,True,True,True
hist_gbdt,e2711620-6d4e-4f9c-8922-b1b2d1fb74f2,263,high,6,0.959763,hybrid_coast,4.153,True,True,True
hist_gbdt,e2711620-6d4e-4f9c-8922-b1b2d1fb74f2,264,high,3,0.973057,hybrid_coast,2.22,True,True,True
hist_gbdt,e2711620-6d4e-4f9c-8922-b1b2d1fb74f2,265,high,3,0.859035,hybrid_coast,2.185,True,True,True
hist_gbdt,e2711620-6d4e-4f9c-8922-b1b2d1fb74f2,266,high,20,0.914086,hybrid_coast,9.328,False,True,True
hist_gbdt,e2711620-6d4e-4f9c-8922-b1b2d1fb74f2,267,high,27,0.901195,hybrid_coast,12.123,False,True,True
hist_gbdt,e2711620-6d4e-4f9c-8922-b1b2d1fb74f2,268,high,30,0.862406,large_dark,20.669,False,False,True
hist_gbdt,e2711620-6d4e-4f9c-8922-b1b2d1fb74f2,269,high,36,0.836747,large_dark,25.63,False,False,True
hist_gbdt,e2711620-6d4e-4f9c-8922-b1b2d1fb74f2,270,high,1,0.655102,large_dark,3.758,True,True,True
hist_gbdt,e2711620-6d4e-4f9c-8922-b1b2d1fb74f2,271,high,36,0.836747,large_dark,24.084,False,False,True
hist_gbdt,e2711620-6d4e-4f9c-8922-b1b2d1fb74f2,272,high,40,0.637835,appearance,40.67,False,False,True
hist_gbdt,e2711620-6d4e-4f9c-8922-b1b2d1fb74f2,273,high,33,0.573197,large_dark,39.403,False,False,True
hist_gbdt,e2711620-6d4e-4f9c-8922-b1b2d1fb74f2,274,high,4,0.870641,hybrid_coast,1.451,True,True,True
hist_gbdt,e2711620-6d4e-4f9c-8922-b1b2d1fb74f2,275,high,15,0.85025,hybrid_coast,2.876,True,True,True
hist_gbdt,e2711620-6d4e-4f9c-8922-b1b2d1fb74f2,276,high,16,0.85025,hybrid_coast,3.624,True,True,True
hist_gbdt,e2711620-6d4e-4f9c-8922-b1b2d1fb74f2,277,high,26,0.832041,hybrid_coast,13.474,False,True,True
hist_gbdt,e2711620-6d4e-4f9c-8922-b1b2d1fb74f2,278,high,26,0.829567,hybrid_coast,15.51,False,True,True
hist_gbdt,e2711620-6d4e-4f9c-8922-b1b2d1fb74f2,279,high,3,0.870641,hybrid_coast,1.419,True,True,True
hist_gbdt,e2711620-6d4e-4f9c-8922-b1b2d1fb74f2,280,high,2,0.922754,hybrid_coast,3.202,True,True,True
hist_gbdt,e2711620-6d4e-4f9c-8922-b1b2d1fb74f2,281,medium_high,8,0.821154,hybrid_coast,8.392,False,True,True
hist_gbdt,e2711620-6d4e-4f9c-8922-b1b2d1fb74f2,282,medium_high,22,0.911789,hybrid_coast,14.758,False,True,True
hist_gbdt,e2711620-6d4e-4f9c-8922-b1b2d1fb74f2,283,medium_high,26,0.898591,hybrid_coast,18.256,False,False,True
hist_gbdt,e2711620-6d4e-4f9c-8922-b1b2d1fb74f2,284,medium_high,9,0.898749,appearance,1.118,True,True,True
hist_gbdt,e2711620-6d4e-4f9c-8922-b1b2d1fb74f2,285,medium_high,32,0.884166,large_dark,23.287,False,False,True
hist_gbdt,e2711620-6d4e-4f9c-8922-b1b2d1fb74f2,286,medium_high,33,0.888566,large_dark,23.259,False,False,True
hist_gbdt,e2711620-6d4e-4f9c-8922-b1b2d1fb74f2,287,medium_high,15,0.85025,hybrid_coast,3.482,True,True,True
hist_gbdt,e2711620-6d4e-4f9c-8922-b1b2d1fb74f2,288,medium_high,2,0.870641,hybrid_coast,3.041,True,True,True
hist_gbdt,e2711620-6d4e-4f9c-8922-b1b2d1fb74f2,289,medium_high,4,0.870641,hybrid_coast,4.839,True,True,True
hist_gbdt,e2711620-6d4e-4f9c-8922-b1b2d1fb74f2,290,medium_high,1,0.870641,hybrid_coast,3.717,True,True,True
hist_gbdt,e2711620-6d4e-4f9c-8922-b1b2d1fb74f2,291,medium_high,4,0.870641,hybrid_coast,5.266,True,True,True
hist_gbdt,e2711620-6d4e-4f9c-8922-b1b2d1fb74f2,292,medium_high,11,0.85652,hybrid_coast,11.086,False,True,True
hist_gbdt,e2711620-6d4e-4f9c-8922-b1b2d1fb74f2,293,medium_high,18,0.85652,hybrid_coast,13.75,False,True,True
hist_gbdt,e2711620-6d4e-4f9c-8922-b1b2d1fb74f2,294,medium_high,25,0.719362,hybrid_coast,21.804,False,False,True
hist_gbdt,e2711620-6d4e-4f9c-8922-b1b2d1fb74f2,295,medium_high,36,0.79999,hybrid_coast,14.689,False,True,True
hist_gbdt,e2711620-6d4e-4f9c-8922-b1b2d1fb74f2,296,medium_high,17,0.4367,hybrid_coast,13.396,False,True,True
hist_gbdt,e2711620-6d4e-4f9c-8922-b1b2d1fb74f2,297,medium_high,18,0.392648,hybrid_coast,9.193,False,True,True
hist_gbdt,e2711620-6d4e-4f9c-8922-b1b2d1fb74f2,298,medium_high,11,0.383144,hybrid_coast,11.748,False,True,True
hist_gbdt,e2711620-6d4e-4f9c-8922-b1b2d1fb74f2,299,medium_high,63,0.465355,appearance,55.461,False,False,True
hist_gbdt,e2711620-6d4e-4f9c-8922-b1b2d1fb74f2,300,medium_high,60,0.378523,appearance,34.533,False,False,True
hist_gbdt,e2711620-6d4e-4f9c-8922-b1b2d1fb74f2,301,medium_high,60,0.209918,appearance,37.435,False,False,True
hist_gbdt,e2711620-6d4e-4f9c-8922-b1b2d1fb74f2,302,medium_high,4,0.37636,hybrid_coast,6.828,True,True,True
hist_gbdt,e2711620-6d4e-4f9c-8922-b1b2d1fb74f2,303,medium_high,51,0.219287,appearance,34.291,False,False,True
hist_gbdt,e2711620-6d4e-4f9c-8922-b1b2d1fb74f2,304,medium_high,3,0.37636,hybrid_coast,2.828,True,True,True
hist_gbdt,e2711620-6d4e-4f9c-8922-b1b2d1fb74f2,305,medium_high,4,0.37636,hybrid_coast,7.1,True,True,True
hist_gbdt,e2711620-6d4e-4f9c-8922-b1b2d1fb74f2,306,medium_high,13,0.374685,hybrid_coast,6.49,True,True,True
hist_gbdt,e2711620-6d4e-4f9c-8922-b1b2d1fb74f2,307,medium_high,2,0.37636,hybrid_coast,4.6,True,True,True
hist_gbdt,e2711620-6d4e-4f9c-8922-b1b2d1fb74f2,308,medium_high,49,0.277765,appearance,44.721,False,False,True
hist_gbdt,e2711620-6d4e-4f9c-8922-b1b2d1fb74f2,309,medium_high,14,0.383144,hybrid_coast,17.611,False,False,True
hist_gbdt,e2711620-6d4e-4f9c-8922-b1b2d1fb74f2,310,medium_high,55,0.422934,appearance,38.349,False,False,True
hist_gbdt,e2711620-6d4e-4f9c-8922-b1b2d1fb74f2,311,medium_high,51,0.353933,appearance,38.341,False,False,True
hist_gbdt,e2711620-6d4e-4f9c-8922-b1b2d1fb74f2,312,medium_high,8,0.383144,hybrid_coast,12.042,False,True,True
hist_gbdt,e2711620-6d4e-4f9c-8922-b1b2d1fb74f2,313,medium_high,61,0.263215,large_dark,55.336,False,False,True
hist_gbdt,e2711620-6d4e-4f9c-8922-b1b2d1fb74f2,314,medium_high,44,0.092881,large_dark,21.855,False,False,True
hist_gbdt,e2711620-6d4e-4f9c-8922-b1b2d1fb74f2,315,medium_high,49,0.115642,large_dark,22.294,False,False,True
hist_gbdt,e2711620-6d4e-4f9c-8922-b1b2d1fb74f2,316,medium_high,48,0.115642,large_dark,22.743,False,False,True
hist_gbdt,e2711620-6d4e-4f9c-8922-b1b2d1fb74f2,317,medium_high,58,0.295515,large_dark,25.427,False,False,True
hist_gbdt,e2711620-6d4e-4f9c-8922-b1b2d1fb74f2,318,medium_high,55,0.293625,large_dark,23.369,False,False,True
hist_gbdt,e2711620-6d4e-4f9c-8922-b1b2d1fb74f2,319,medium_high,40,0.268297,large_dark,43.05,False,False,True
hist_gbdt,e2711620-6d4e-4f9c-8922-b1b2d1fb74f2,320,medium_high,37,0.268297,large_dark,44.037,False,False,True
hist_gbdt,e2711620-6d4e-4f9c-8922-b1b2d1fb74f2,321,medium_high,36,0.266708,appearance,40.232,False,False,True
hist_gbdt,e2711620-6d4e-4f9c-8922-b1b2d1fb74f2,322,medium_high,39,0.363624,appearance,42.685,False,False,True
hist_gbdt,e2711620-6d4e-4f9c-8922-b1b2d1fb74f2,323,medium_high,41,0.351376,appearance,42.071,False,False,True
hist_gbdt,e2711620-6d4e-4f9c-8922-b1b2d1fb74f2,324,medium_high,46,0.351376,appearance,43.269,False,False,True
hist_gbdt,e2711620-6d4e-4f9c-8922-b1b2d1fb74f2,325,medium_high,38,0.571167,appearance,44.148,False,False,True
hist_gbdt,e2711620-6d4e-4f9c-8922-b1b2d1fb74f2,326,medium_high,38,0.306685,appearance,44.199,False,False,True
hist_gbdt,e2711620-6d4e-4f9c-8922-b1b2d1fb74f2,327,medium_high,5,0.398619,hybrid_coast,9.285,False,True,True
hist_gbdt,e2711620-6d4e-4f9c-8922-b1b2d1fb74f2,328,medium_high,8,0.383144,hybrid_coast,12.028,False,True,True
hist_gbdt,e2711620-6d4e-4f9c-8922-b1b2d1fb74f2,329,medium_high,5,0.396341,hybrid_coast,8.404,False,True,True
hist_gbdt,e2711620-6d4e-4f9c-8922-b1b2d1fb74f2,330,medium_high,6,0.383144,hybrid_coast,10.467,False,True,True
hist_gbdt,e2711620-6d4e-4f9c-8922-b1b2d1fb74f2,331,medium_high,31,0.495272,appearance,46.944,False,False,True
hist_gbdt,e2711620-6d4e-4f9c-8922-b1b2d1fb74f2,332,medium_high,3,0.420512,hybrid_coast,2.309,True,True,True
hist_gbdt,e2711620-6d4e-4f9c-8922-b1b2d1fb74f2,333,medium_high,12,0.383144,hybrid_coast,8.017,False,True,True
hist_gbdt,e2711620-6d4e-4f9c-8922-b1b2d1fb74f2,334,medium_high,2,0.420512,hybrid_coast,4.856,True,True,True
hist_gbdt,e2711620-6d4e-4f9c-8922-b1b2d1fb74f2,335,medium_high,16,0.394919,hybrid_coast,9.943,False,True,True
hist_gbdt,e2711620-6d4e-4f9c-8922-b1b2d1fb74f2,336,medium_high,4,0.426967,hybrid_coast,3.538,True,True,True
hist_gbdt,e2711620-6d4e-4f9c-8922-b1b2d1fb74f2,337,medium_high,3,0.420512,hybrid_coast,6.192,True,True,True
hist_gbdt,e2711620-6d4e-4f9c-8922-b1b2d1fb74f2,338,medium_high,3,0.420512,hybrid_coast,2.458,True,True,True
hist_gbdt,e2711620-6d4e-4f9c-8922-b1b2d1fb74f2,339,medium_high,2,0.426967,hybrid_coast,6.766,True,True,True
hist_gbdt,e2711620-6d4e-4f9c-8922-b1b2d1fb74f2,340,medium_high,53,0.601785,appearance,22.091,False,False,True
hist_gbdt,e2711620-6d4e-4f9c-8922-b1b2d1fb74f2,341,medium_high,56,0.566512,appearance,26.016,False,False,True
hist_gbdt,e2711620-6d4e-4f9c-8922-b1b2d1fb74f2,342,medium_high,3,0.439129,hybrid_coast,4.663,True,True,True
hist_gbdt,e2711620-6d4e-4f9c-8922-b1b2d1fb74f2,343,medium_high,3,0.408003,hybrid_coast,5.749,True,True,True
hist_gbdt,e2711620-6d4e-4f9c-8922-b1b2d1fb74f2,344,medium_high,3,0.384423,hybrid_coast,3.183,True,True,True
hist_gbdt,e2711620-6d4e-4f9c-8922-b1b2d1fb74f2,345,medium_high,3,0.420512,hybrid_coast,6.654,True,True,True
hist_gbdt,e2711620-6d4e-4f9c-8922-b1b2d1fb74f2,346,medium_high,3,0.408003,hybrid_coast,3.95,True,True,True
hist_gbdt,e2711620-6d4e-4f9c-8922-b1b2d1fb74f2,347,medium_high,2,0.388057,hybrid_coast,5.172,True,True,True
hist_gbdt,e2711620-6d4e-4f9c-8922-b1b2d1fb74f2,348,medium_high,9,0.380899,hybrid_coast,10.381,False,True,True
hist_gbdt,e2711620-6d4e-4f9c-8922-b1b2d1fb74f2,349,medium_high,6,0.380899,hybrid_coast,9.086,False,True,True
hist_gbdt,e2711620-6d4e-4f9c-8922-b1b2d1fb74f2,350,medium_high,53,0.716065,hybrid_coast,10.96,False,True,True
hist_gbdt,e2711620-6d4e-4f9c-8922-b1b2d1fb74f2,351,medium_high,56,0.716065,hybrid_coast,13.86,False,True,True
hist_gbdt,e2711620-6d4e-4f9c-8922-b1b2d1fb74f2,352,medium_high,41,0.685286,hybrid_coast,9.998,False,True,True
hist_gbdt,e2711620-6d4e-4f9c-8922-b1b2d1fb74f2,353,medium_high,49,0.667325,hybrid_coast,13.123,False,True,True
hist_gbdt,e2711620-6d4e-4f9c-8922-b1b2d1fb74f2,354,medium_high,50,0.632302,hybrid_coast,16.257,False,False,True
hist_gbdt,e2711620-6d4e-4f9c-8922-b1b2d1fb74f2,355,medium_high,5,0.409472,hybrid_coast,4.334,True,True,True
hist_gbdt,e2711620-6d4e-4f9c-8922-b1b2d1fb74f2,356,medium_high,2,0.420512,hybrid_coast,4.993,True,True,True
hist_gbdt,e2711620-6d4e-4f9c-8922-b1b2d1fb74f2,357,medium_high,5,0.45275,hybrid_coast,5.45,True,True,True
hist_gbdt,e2711620-6d4e-4f9c-8922-b1b2d1fb74f2,358,medium_high,10,0.4367,hybrid_coast,6.91,True,True,True
hist_gbdt,e2711620-6d4e-4f9c-8922-b1b2d1fb74f2,359,medium_high,32,0.844622,appearance,48.757,False,False,True
hist_gbdt,e2711620-6d4e-4f9c-8922-b1b2d1fb74f2,360,medium_high,36,0.488485,appearance,46.155,False,False,True
hist_gbdt,e2711620-6d4e-4f9c-8922-b1b2d1fb74f2,361,medium_high,14,0.383144,hybrid_coast,14.957,False,True,True
hist_gbdt,e2711620-6d4e-4f9c-8922-b1b2d1fb74f2,362,medium_high,15,0.395057,hybrid_coast,16.906,False,False,True
hist_gbdt,e2711620-6d4e-4f9c-8922-b1b2d1fb74f2,363,medium_high,18,0.383144,hybrid_coast,19.854,False,False,True
hist_gbdt,e2711620-6d4e-4f9c-8922-b1b2d1fb74f2,364,medium_high,2,0.439129,motion,3.585,True,True,True
hist_gbdt,e2711620-6d4e-4f9c-8922-b1b2d1fb74f2,365,medium_high,15,0.380899,hybrid_coast,16.964,False,False,True
hist_gbdt,e2711620-6d4e-4f9c-8922-b1b2d1fb74f2,366,medium_high,3,0.426967,hybrid_coast,9.882,False,True,True
hist_gbdt,e2711620-6d4e-4f9c-8922-b1b2d1fb74f2,367,medium_high,9,0.400811,hybrid_coast,2.802,True,True,True
hist_gbdt,e2711620-6d4e-4f9c-8922-b1b2d1fb74f2,368,medium_high,12,0.406761,hybrid_coast,15.318,False,True,True
hist_gbdt,e2711620-6d4e-4f9c-8922-b1b2d1fb74f2,369,medium_high,2,0.37636,hybrid_coast,7.893,True,True,True
hist_gbdt,e2711620-6d4e-4f9c-8922-b1b2d1fb74f2,370,medium_high,5,0.416517,hybrid_coast,11.643,False,True,True
hist_gbdt,e2711620-6d4e-4f9c-8922-b1b2d1fb74f2,371,medium_high,5,0.396341,hybrid_coast,12.571,False,True,True
hist_gbdt,e2711620-6d4e-4f9c-8922-b1b2d1fb74f2,372,medium_high,15,0.380899,hybrid_coast,15.286,False,True,True
hist_gbdt,e2711620-6d4e-4f9c-8922-b1b2d1fb74f2,373,medium_high,32,0.212329,large_dark,35.012,False,False,True
hist_gbdt,e2711620-6d4e-4f9c-8922-b1b2d1fb74f2,374,medium_high,30,0.212329,large_dark,35.054,False,False,True
hist_gbdt,e2711620-6d4e-4f9c-8922-b1b2d1fb74f2,375,medium_high,33,0.19035,large_dark,35.094,False,False,True
hist_gbdt,e2711620-6d4e-4f9c-8922-b1b2d1fb74f2,376,medium_high,33,0.194962,appearance,41.678,False,False,True
hist_gbdt,e2711620-6d4e-4f9c-8922-b1b2d1fb74f2,377,medium_high,38,0.632433,large_dark,40.239,False,False,True
hist_gbdt,e2711620-6d4e-4f9c-8922-b1b2d1fb74f2,378,medium_high,42,0.632433,large_dark,40.284,False,False,True
hist_gbdt,e2711620-6d4e-4f9c-8922-b1b2d1fb74f2,379,medium_high,42,0.63626,large_dark,41.2,False,False,True
hist_gbdt,e2711620-6d4e-4f9c-8922-b1b2d1fb74f2,380,medium_high,40,0.63626,large_dark,42.146,False,False,True
hist_gbdt,e2711620-6d4e-4f9c-8922-b1b2d1fb74f2,381,medium_high,39,0.63626,large_dark,42.503,False,False,True
hist_gbdt,e2711620-6d4e-4f9c-8922-b1b2d1fb74f2,382,medium_high,41,0.63626,large_dark,42.851,False,False,True
hist_gbdt,e2711620-6d4e-4f9c-8922-b1b2d1fb74f2,383,medium_high,36,0.602509,large_dark,39.503,False,False,True
hist_gbdt,e2711620-6d4e-4f9c-8922-b1b2d1fb74f2,384,medium_high,32,0.794546,large_dark,45.386,False,False,True
hist_gbdt,e2711620-6d4e-4f9c-8922-b1b2d1fb74f2,385,medium_high,36,0.706265,appearance,49.689,False,False,True
hist_gbdt,e2711620-6d4e-4f9c-8922-b1b2d1fb74f2,386,medium_high,33,0.626891,large_dark,42.443,False,False,True
hist_gbdt,e2711620-6d4e-4f9c-8922-b1b2d1fb74f2,387,medium_high,27,0.659741,large_dark,44.656,False,False,True
hist_gbdt,e2711620-6d4e-4f9c-8922-b1b2d1fb74f2,388,medium_high,21,0.659741,large_dark,45.015,False,False,True
hist_gbdt,e2711620-6d4e-4f9c-8922-b1b2d1fb74f2,389,medium_high,14,0.786833,large_dark,45.376,False,False,True
hist_gbdt,e2711620-6d4e-4f9c-8922-b1b2d1fb74f2,390,medium_high,5,0.759751,large_dark,47.488,False,False,True
hist_gbdt,e2711620-6d4e-4f9c-8922-b1b2d1fb74f2,391,medium_high,16,0.610857,hybrid_coast,18.676,False,False,True
hist_gbdt,e2711620-6d4e-4f9c-8922-b1b2d1fb74f2,392,medium_high,24,0.573688,hybrid_coast,23.349,False,False,True
hist_gbdt,e2711620-6d4e-4f9c-8922-b1b2d1fb74f2,393,medium_high,4,0.348978,large_dark,24.414,False,False,True
hist_gbdt,e2711620-6d4e-4f9c-8922-b1b2d1fb74f2,394,medium_high,3,0.317181,large_dark,23.686,False,False,False
hist_gbdt,e2711620-6d4e-4f9c-8922-b1b2d1fb74f2,395,medium_high,5,0.178375,large_dark,13.307,False,True,False
hist_gbdt,e2711620-6d4e-4f9c-8922-b1b2d1fb74f2,396,medium_high,5,0.176272,large_dark,13.723,False,True,False
hist_gbdt,e2711620-6d4e-4f9c-8922-b1b2d1fb74f2,397,medium_high,5,0.176272,large_dark,14.155,False,True,True
hist_gbdt,e2711620-6d4e-4f9c-8922-b1b2d1fb74f2,398,medium_high,15,0.179432,large_dark,14.575,False,True,True
hist_gbdt,e2711620-6d4e-4f9c-8922-b1b2d1fb74f2,399,medium_high,38,0.249834,appearance,18.151,False,False,True
hist_gbdt,e2711620-6d4e-4f9c-8922-b1b2d1fb74f2,400,medium_high,41,0.26854,appearance,7.211,True,True,True
hist_gbdt,e2711620-6d4e-4f9c-8922-b1b2d1fb74f2,401,medium_high,42,0.423209,appearance,24.77,False,False,True
hist_gbdt,e2711620-6d4e-4f9c-8922-b1b2d1fb74f2,402,medium_high,47,0.460572,appearance,1.697,True,True,True
hist_gbdt,e2711620-6d4e-4f9c-8922-b1b2d1fb74f2,403,medium_high,37,0.26854,appearance,1.811,True,True,True
hist_gbdt,e2711620-6d4e-4f9c-8922-b1b2d1fb74f2,404,medium_high,35,0.447158,appearance,3.423,True,True,True
hist_gbdt,e2711620-6d4e-4f9c-8922-b1b2d1fb74f2,405,medium_high,11,0.277979,large_dark,13.757,False,True,True
hist_gbdt,e2711620-6d4e-4f9c-8922-b1b2d1fb74f2,406,medium_high,25,0.428395,appearance,7.611,True,True,True
hist_gbdt,e2711620-6d4e-4f9c-8922-b1b2d1fb74f2,407,medium_high,10,0.305257,large_dark,12.366,False,True,False
hist_gbdt,e2711620-6d4e-4f9c-8922-b1b2d1fb74f2,408,medium_high,11,0.305257,large_dark,11.676,False,True,False
hist_gbdt,e2711620-6d4e-4f9c-8922-b1b2d1fb74f2,409,medium_high,23,0.667325,appearance,3.489,True,True,True
hist_gbdt,e2711620-6d4e-4f9c-8922-b1b2d1fb74f2,410,medium_high,25,0.667325,appearance,4.031,True,True,True
hist_gbdt,e2711620-6d4e-4f9c-8922-b1b2d1fb74f2,411,medium_high,24,0.501985,appearance,7.601,True,True,True
hist_gbdt,e2711620-6d4e-4f9c-8922-b1b2d1fb74f2,412,medium_high,35,0.746509,appearance,9.787,False,True,False
hist_gbdt,e2711620-6d4e-4f9c-8922-b1b2d1fb74f2,413,medium_high,37,0.644258,appearance,13.318,False,True,False
hist_gbdt,e2711620-6d4e-4f9c-8922-b1b2d1fb74f2,414,medium_high,38,0.260368,appearance,4.071,True,True,True
hist_gbdt,e2711620-6d4e-4f9c-8922-b1b2d1fb74f2,415,medium_high,52,0.260368,appearance,8.846,False,True,True
hist_gbdt,e2711620-6d4e-4f9c-8922-b1b2d1fb74f2,416,medium_high,52,0.171807,large_dark,22.135,False,False,False
hist_gbdt,e2711620-6d4e-4f9c-8922-b1b2d1fb74f2,417,medium_high,56,0.084358,appearance,7.654,True,True,True
hist_gbdt,e2711620-6d4e-4f9c-8922-b1b2d1fb74f2,418,medium_high,49,0.084358,appearance,9.705,False,True,True
hist_gbdt,e2711620-6d4e-4f9c-8922-b1b2d1fb74f2,419,medium_high,50,0.084358,appearance,8.67,False,True,True
hist_gbdt,e2711620-6d4e-4f9c-8922-b1b2d1fb74f2,420,medium_high,3,0.158246,hybrid_coast,65.508,False,False,True
hist_gbdt,e2711620-6d4e-4f9c-8922-b1b2d1fb74f2,421,medium_high,55,0.108298,appearance,9.651,False,True,False
hist_gbdt,e2711620-6d4e-4f9c-8922-b1b2d1fb74f2,422,medium_high,59,0.358821,appearance,8.509,False,True,True
hist_gbdt,e2711620-6d4e-4f9c-8922-b1b2d1fb74f2,423,medium_high,48,0.364103,appearance,8.521,False,True,False
hist_gbdt,e2711620-6d4e-4f9c-8922-b1b2d1fb74f2,424,medium_high,55,0.197328,appearance,8.538,False,True,True
hist_gbdt,e2711620-6d4e-4f9c-8922-b1b2d1fb74f2,425,medium_high,6,0.077745,large_dark,39.702,False,False,True
hist_gbdt,e2711620-6d4e-4f9c-8922-b1b2d1fb74f2,426,medium_high,16,0.083448,large_dark,39.723,False,False,True
hist_gbdt,e2711620-6d4e-4f9c-8922-b1b2d1fb74f2,427,medium_high,23,0.08586,large_dark,7.747,True,True,True
hist_gbdt,e2711620-6d4e-4f9c-8922-b1b2d1fb74f2,428,medium_high,29,0.08586,large_dark,7.55,True,True,True
hist_gbdt,e2711620-6d4e-4f9c-8922-b1b2d1fb74f2,429,medium_high,8,0.199395,hybrid_coast,63.719,False,False,True
hist_gbdt,e2711620-6d4e-4f9c-8922-b1b2d1fb74f2,430,medium_high,10,0.355036,hybrid_coast,62.5,False,False,False
hist_gbdt,e2711620-6d4e-4f9c-8922-b1b2d1fb74f2,431,medium_high,10,0.355036,hybrid_coast,60.525,False,False,False
hist_gbdt,e2711620-6d4e-4f9c-8922-b1b2d1fb74f2,432,medium_high,20,0.355036,hybrid_coast,57.308,False,False,True
hist_gbdt,e2711620-6d4e-4f9c-8922-b1b2d1fb74f2,433,medium_high,27,0.299351,hybrid_coast,54.093,False,False,True
hist_gbdt,e2711620-6d4e-4f9c-8922-b1b2d1fb74f2,434,medium_high,3,0.107027,large_dark,16.189,False,False,False
hist_gbdt,e2711620-6d4e-4f9c-8922-b1b2d1fb74f2,435,medium_high,47,0.283078,appearance,10.966,False,True,True
hist_gbdt,e2711620-6d4e-4f9c-8922-b1b2d1fb74f2,436,medium_high,50,0.252892,appearance,12.573,False,True,False
hist_gbdt,e2711620-6d4e-4f9c-8922-b1b2d1fb74f2,437,medium_high,47,0.176339,appearance,16.063,False,False,True
hist_gbdt,e2711620-6d4e-4f9c-8922-b1b2d1fb74f2,438,medium_high,8,0.118062,large_dark,27.041,False,False,True
hist_gbdt,e2711620-6d4e-4f9c-8922-b1b2d1fb74f2,439,medium_high,9,0.118062,large_dark,26.92,False,False,True
hist_gbdt,e2711620-6d4e-4f9c-8922-b1b2d1fb74f2,440,medium_high,22,0.124116,map,51.393,False,False,True
hist_gbdt,e2711620-6d4e-4f9c-8922-b1b2d1fb74f2,441,medium,30,0.138651,large_dark,46.051,False,False,True
hist_gbdt,e2711620-6d4e-4f9c-8922-b1b2d1fb74f2,442,medium,40,0.233892,map,43.4,False,False,True
hist_gbdt,e2711620-6d4e-4f9c-8922-b1b2d1fb74f2,443,medium,41,0.296848,large_dark,36.757,False,False,True
hist_gbdt,e2711620-6d4e-4f9c-8922-b1b2d1fb74f2,444,medium,31,0.215066,hybrid_coast,44.251,False,False,True
hist_gbdt,e2711620-6d4e-4f9c-8922-b1b2d1fb74f2,445,medium,40,0.215066,hybrid_coast,43.631,False,False,True
hist_gbdt,e2711620-6d4e-4f9c-8922-b1b2d1fb74f2,446,medium,11,0.414286,hybrid_coast,45.112,False,False,True
hist_gbdt,e2711620-6d4e-4f9c-8922-b1b2d1fb74f2,447,medium,24,0.432725,hybrid_coast,50.512,False,False,True
hist_gbdt,e2711620-6d4e-4f9c-8922-b1b2d1fb74f2,448,medium,24,0.509755,hybrid_coast,44.285,False,False,True
hist_gbdt,e2711620-6d4e-4f9c-8922-b1b2d1fb74f2,449,medium,37,0.182776,large_dark,2.451,True,True,True
hist_gbdt,e2711620-6d4e-4f9c-8922-b1b2d1fb74f2,450,low_medium,1,0.118946,large_dark,29.347,False,False,True
hist_gbdt,e2711620-6d4e-4f9c-8922-b1b2d1fb74f2,451,low_medium,1,0.131883,large_dark,29.372,False,False,True
hist_gbdt,e2711620-6d4e-4f9c-8922-b1b2d1fb74f2,452,low_medium,1,0.118946,large_dark,29.855,False,False,True
hist_gbdt,e2711620-6d4e-4f9c-8922-b1b2d1fb74f2,453,low_medium,1,0.131883,large_dark,29.889,False,False,True
hist_gbdt,e2711620-6d4e-4f9c-8922-b1b2d1fb74f2,454,low_medium,1,0.131883,large_dark,30.565,False,False,True
hist_gbdt,e2711620-6d4e-4f9c-8922-b1b2d1fb74f2,455,low_medium,1,0.131883,large_dark,31.052,False,False,True
hist_gbdt,e2711620-6d4e-4f9c-8922-b1b2d1fb74f2,456,low_medium,32,0.221919,large_dark,5.239,True,True,True
hist_gbdt,e2711620-6d4e-4f9c-8922-b1b2d1fb74f2,457,low_medium,2,0.421206,appearance,26.226,False,False,True
hist_gbdt,e2711620-6d4e-4f9c-8922-b1b2d1fb74f2,458,low_medium,26,0.536462,hybrid_coast,24.899,False,False,True
hist_gbdt,e2711620-6d4e-4f9c-8922-b1b2d1fb74f2,459,low_medium,31,0.498515,hybrid_coast,22.556,False,False,True
hist_gbdt,e2711620-6d4e-4f9c-8922-b1b2d1fb74f2,460,low_medium,38,0.722434,map,82.663,False,False,True
hist_gbdt,e2711620-6d4e-4f9c-8922-b1b2d1fb74f2,461,low_medium,40,0.694187,map,82.673,False,False,True
hist_gbdt,e2711620-6d4e-4f9c-8922-b1b2d1fb74f2,462,low_medium,47,0.694187,map,82.028,False,False,True
hist_gbdt,e2711620-6d4e-4f9c-8922-b1b2d1fb74f2,463,low_medium,41,0.299035,hybrid_coast,24.599,False,False,True
hist_gbdt,e2711620-6d4e-4f9c-8922-b1b2d1fb74f2,464,low_medium,7,0.320099,hybrid_coast,44.474,False,False,True
hist_gbdt,e2711620-6d4e-4f9c-8922-b1b2d1fb74f2,465,low_medium,12,0.409058,hybrid_coast,39.348,False,False,True
hist_gbdt,e2711620-6d4e-4f9c-8922-b1b2d1fb74f2,466,low_medium,2,0.355429,hybrid_coast,31.98,False,False,True
hist_gbdt,e2711620-6d4e-4f9c-8922-b1b2d1fb74f2,467,low_medium,39,0.706067,map,84.738,False,False,True
hist_gbdt,e2711620-6d4e-4f9c-8922-b1b2d1fb74f2,468,low_medium,42,0.6769,map,84.797,False,False,True
hist_gbdt,e2711620-6d4e-4f9c-8922-b1b2d1fb74f2,469,low_medium,43,0.6769,map,84.642,False,False,True
hist_gbdt,e2711620-6d4e-4f9c-8922-b1b2d1fb74f2,470,low_medium,40,0.395704,hybrid_coast,41.402,False,False,True
hist_gbdt,e2711620-6d4e-4f9c-8922-b1b2d1fb74f2,471,low_medium,21,0.338647,map,62.86,False,False,False
hist_gbdt,e2711620-6d4e-4f9c-8922-b1b2d1fb74f2,472,low_medium,47,0.22722,appearance,32.995,False,False,False
hist_gbdt,e2711620-6d4e-4f9c-8922-b1b2d1fb74f2,473,low_medium,45,0.487199,appearance,32.021,False,False,False
hist_gbdt,e2711620-6d4e-4f9c-8922-b1b2d1fb74f2,474,low_medium,47,0.448875,appearance,31.959,False,False,True
hist_gbdt,e2711620-6d4e-4f9c-8922-b1b2d1fb74f2,475,low_medium,39,0.318511,map,77.478,False,False,True
hist_gbdt,e2711620-6d4e-4f9c-8922-b1b2d1fb74f2,476,low_medium,43,0.344663,map,77.513,False,False,True
hist_gbdt,e2711620-6d4e-4f9c-8922-b1b2d1fb74f2,477,low_medium,43,0.465691,map,79.592,False,False,False
hist_gbdt,e2711620-6d4e-4f9c-8922-b1b2d1fb74f2,478,low_medium,40,0.431864,map,79.627,False,False,False
hist_gbdt,e2711620-6d4e-4f9c-8922-b1b2d1fb74f2,479,low_medium,34,0.465691,map,81.114,False,False,False
hist_gbdt,e2711620-6d4e-4f9c-8922-b1b2d1fb74f2,480,low_medium,32,0.383577,map,83.19,False,False,True
hist_gbdt,e2711620-6d4e-4f9c-8922-b1b2d1fb74f2,481,low_medium,30,0.383577,map,84.222,False,False,True
hist_gbdt,e2711620-6d4e-4f9c-8922-b1b2d1fb74f2,482,low_medium,40,0.432701,large_dark,41.458,False,False,False
hist_gbdt,e2711620-6d4e-4f9c-8922-b1b2d1fb74f2,483,low_medium,30,0.383577,map,84.744,False,False,False
hist_gbdt,e2711620-6d4e-4f9c-8922-b1b2d1fb74f2,484,low_medium,33,0.383577,map,71.255,False,False,True
hist_gbdt,e2711620-6d4e-4f9c-8922-b1b2d1fb74f2,485,low_medium,35,0.383577,map,73.127,False,False,True
hist_gbdt,e2711620-6d4e-4f9c-8922-b1b2d1fb74f2,486,low_medium,47,0.389725,appearance,25.717,False,False,True
hist_gbdt,e2711620-6d4e-4f9c-8922-b1b2d1fb74f2,487,low_medium,44,0.466209,appearance,26.57,False,False,True
hist_gbdt,e2711620-6d4e-4f9c-8922-b1b2d1fb74f2,488,low_medium,45,0.428024,appearance,26.798,False,False,True
hist_gbdt,e2711620-6d4e-4f9c-8922-b1b2d1fb74f2,489,low_medium,46,0.255583,appearance,27.921,False,False,True
hist_gbdt,e2711620-6d4e-4f9c-8922-b1b2d1fb74f2,490,low_medium,5,0.260735,hybrid_coast,53.069,False,False,True
hist_gbdt,e2711620-6d4e-4f9c-8922-b1b2d1fb74f2,491,low_medium,28,0.401014,appearance,21.38,False,False,True
hist_gbdt,e2711620-6d4e-4f9c-8922-b1b2d1fb74f2,492,low_medium,12,0.363694,hybrid_coast,59.987,False,False,True
hist_gbdt,e2711620-6d4e-4f9c-8922-b1b2d1fb74f2,493,low_medium,43,0.25175,appearance,44.881,False,False,True
hist_gbdt,e2711620-6d4e-4f9c-8922-b1b2d1fb74f2,494,low_medium,5,0.33946,hybrid_coast,49.577,False,False,True
hist_gbdt,e2711620-6d4e-4f9c-8922-b1b2d1fb74f2,495,low_medium,15,0.325041,hybrid_coast,49.543,False,False,True
hist_gbdt,e2711620-6d4e-4f9c-8922-b1b2d1fb74f2,496,low_medium,58,0.223861,appearance,29.703,False,False,True
hist_gbdt,e2711620-6d4e-4f9c-8922-b1b2d1fb74f2,497,low_medium,52,0.555684,map,72.401,False,False,True
hist_gbdt,e2711620-6d4e-4f9c-8922-b1b2d1fb74f2,498,low_medium,55,0.521702,map,72.446,False,False,True
hist_gbdt,e2711620-6d4e-4f9c-8922-b1b2d1fb74f2,499,low_medium,66,0.521702,map,72.978,False,False,True
hist_gbdt,e2711620-6d4e-4f9c-8922-b1b2d1fb74f2,500,low_medium,50,0.416962,map,58.98,False,False,True
hist_gbdt,e2711620-6d4e-4f9c-8922-b1b2d1fb74f2,501,low_medium,32,0.419863,map,63.574,False,False,True
hist_gbdt,e2711620-6d4e-4f9c-8922-b1b2d1fb74f2,502,low_medium,3,0.427945,large_dark,3.24,True,True,True
hist_gbdt,e2711620-6d4e-4f9c-8922-b1b2d1fb74f2,503,low_medium,4,0.415863,large_dark,3.192,True,True,True
hist_gbdt,e2711620-6d4e-4f9c-8922-b1b2d1fb74f2,504,low_medium,72,0.46371,appearance,30.092,False,False,True
hist_gbdt,e2711620-6d4e-4f9c-8922-b1b2d1fb74f2,505,low_medium,68,0.46371,appearance,31.94,False,False,True
hist_gbdt,e2711620-6d4e-4f9c-8922-b1b2d1fb74f2,506,low_medium,14,0.844754,appearance,3.35,True,True,True
hist_gbdt,e2711620-6d4e-4f9c-8922-b1b2d1fb74f2,507,low_medium,30,0.898749,appearance,5.592,True,True,True
hist_gbdt,e2711620-6d4e-4f9c-8922-b1b2d1fb74f2,508,low_medium,46,0.704411,appearance,7.849,True,True,True
hist_gbdt,e2711620-6d4e-4f9c-8922-b1b2d1fb74f2,509,low_medium,53,0.495032,appearance,29.568,False,False,True
hist_gbdt,e2711620-6d4e-4f9c-8922-b1b2d1fb74f2,510,low_medium,3,0.415863,large_dark,3.111,True,True,True
hist_gbdt,e2711620-6d4e-4f9c-8922-b1b2d1fb74f2,511,low_medium,3,0.415863,large_dark,2.36,True,True,True
hist_gbdt,e2711620-6d4e-4f9c-8922-b1b2d1fb74f2,512,low_medium,6,0.968066,appearance,2.073,True,True,True
hist_gbdt,e2711620-6d4e-4f9c-8922-b1b2d1fb74f2,513,low_medium,5,0.966476,hybrid_coast,2.025,True,True,True
hist_gbdt,e2711620-6d4e-4f9c-8922-b1b2d1fb74f2,514,low_medium,17,0.961116,hybrid_coast,7.302,True,True,True
hist_gbdt,e2711620-6d4e-4f9c-8922-b1b2d1fb74f2,515,low_medium,18,0.961116,hybrid_coast,8.249,False,True,True
hist_gbdt,e2711620-6d4e-4f9c-8922-b1b2d1fb74f2,516,low_medium,21,0.857587,hybrid_coast,7.817,True,True,True
hist_gbdt,e2711620-6d4e-4f9c-8922-b1b2d1fb74f2,517,low_medium,23,0.9011,hybrid_coast,13.716,False,True,True
hist_gbdt,e2711620-6d4e-4f9c-8922-b1b2d1fb74f2,518,low_medium,5,0.856885,hybrid_coast,0.409,True,True,True
hist_gbdt,e2711620-6d4e-4f9c-8922-b1b2d1fb74f2,519,low_medium,16,0.9011,hybrid_coast,8.911,False,True,True
hist_gbdt,e2711620-6d4e-4f9c-8922-b1b2d1fb74f2,520,medium,14,0.819163,hybrid_coast,9.95,False,True,True
hist_gbdt,e2711620-6d4e-4f9c-8922-b1b2d1fb74f2,521,medium,40,0.670824,appearance,35.361,False,False,True
hist_gbdt,e2711620-6d4e-4f9c-8922-b1b2d1fb74f2,522,medium,51,0.690922,large_dark,41.394,False,False,True
hist_gbdt,e2711620-6d4e-4f9c-8922-b1b2d1fb74f2,523,medium,49,0.655608,large_dark,41.443,False,False,True
hist_gbdt,e2711620-6d4e-4f9c-8922-b1b2d1fb74f2,524,medium,47,0.622766,appearance,36.354,False,False,True
hist_gbdt,e2711620-6d4e-4f9c-8922-b1b2d1fb74f2,525,medium,40,0.531194,large_dark,41.81,False,False,True
hist_gbdt,e2711620-6d4e-4f9c-8922-b1b2d1fb74f2,526,medium,34,0.691305,map,51.728,False,False,True
hist_gbdt,e2711620-6d4e-4f9c-8922-b1b2d1fb74f2,527,medium,33,0.691305,map,52.178,False,False,True
hist_gbdt,e2711620-6d4e-4f9c-8922-b1b2d1fb74f2,528,medium,37,0.661375,map,52.195,False,False,True
hist_gbdt,e2711620-6d4e-4f9c-8922-b1b2d1fb74f2,529,medium,53,0.645701,appearance,38.301,False,False,True
hist_gbdt,e2711620-6d4e-4f9c-8922-b1b2d1fb74f2,530,medium,52,0.530731,appearance,46.791,False,False,True
hist_gbdt,e2711620-6d4e-4f9c-8922-b1b2d1fb74f2,531,medium,49,0.514922,appearance,38.94,False,False,True
hist_gbdt,e2711620-6d4e-4f9c-8922-b1b2d1fb74f2,532,medium,63,0.550402,appearance,38.573,False,False,True
hist_gbdt,e2711620-6d4e-4f9c-8922-b1b2d1fb74f2,533,medium,2,0.930133,hybrid_coast,1.039,True,True,True
hist_gbdt,e2711620-6d4e-4f9c-8922-b1b2d1fb74f2,534,medium,2,0.882363,hybrid_coast,1.518,True,True,True
hist_gbdt,e2711620-6d4e-4f9c-8922-b1b2d1fb74f2,535,medium,54,0.460186,appearance,50.549,False,False,True
hist_gbdt,e2711620-6d4e-4f9c-8922-b1b2d1fb74f2,536,medium,2,0.521317,hybrid_coast,2.331,True,True,True
hist_gbdt,e2711620-6d4e-4f9c-8922-b1b2d1fb74f2,537,medium,2,0.870641,hybrid_coast,3.183,True,True,True
hist_gbdt,e2711620-6d4e-4f9c-8922-b1b2d1fb74f2,538,medium,2,0.882363,hybrid_coast,2.841,True,True,True
hist_gbdt,e2711620-6d4e-4f9c-8922-b1b2d1fb74f2,539,medium,2,0.870641,hybrid_coast,3.232,True,True,True
hist_gbdt,e2711620-6d4e-4f9c-8922-b1b2d1fb74f2,540,medium,2,0.882363,hybrid_coast,2.724,True,True,True
hist_gbdt,e2711620-6d4e-4f9c-8922-b1b2d1fb74f2,541,medium,3,0.891037,hybrid_coast,0.703,True,True,True
hist_gbdt,e2711620-6d4e-4f9c-8922-b1b2d1fb74f2,542,medium,18,0.900857,hybrid_coast,8.221,False,True,True
hist_gbdt,e2711620-6d4e-4f9c-8922-b1b2d1fb74f2,543,medium,36,0.818546,large_dark,21.758,False,False,True
hist_gbdt,e2711620-6d4e-4f9c-8922-b1b2d1fb74f2,544,medium,35,0.769037,appearance,41.256,False,False,True
hist_gbdt,e2711620-6d4e-4f9c-8922-b1b2d1fb74f2,545,medium,41,0.617495,appearance,49.784,False,False,True
hist_gbdt,e2711620-6d4e-4f9c-8922-b1b2d1fb74f2,546,medium,48,0.314094,appearance,58.289,False,False,True
hist_gbdt,e2711620-6d4e-4f9c-8922-b1b2d1fb74f2,547,medium,45,0.584356,appearance,44.52,False,False,True
hist_gbdt,e2711620-6d4e-4f9c-8922-b1b2d1fb74f2,548,medium,3,0.870641,hybrid_coast,2.993,True,True,True
hist_gbdt,e2711620-6d4e-4f9c-8922-b1b2d1fb74f2,549,medium,2,0.870641,hybrid_coast,3.065,True,True,True
hist_gbdt,e2711620-6d4e-4f9c-8922-b1b2d1fb74f2,550,medium,2,0.870641,hybrid_coast,2.518,True,True,True
hist_gbdt,e2711620-6d4e-4f9c-8922-b1b2d1fb74f2,551,medium,2,0.922754,hybrid_coast,3.426,True,True,True
hist_gbdt,e2711620-6d4e-4f9c-8922-b1b2d1fb74f2,552,medium,21,0.886503,hybrid_coast,3.995,True,True,True
hist_gbdt,e2711620-6d4e-4f9c-8922-b1b2d1fb74f2,553,medium,2,0.870641,hybrid_coast,2.488,True,True,True
hist_gbdt,e2711620-6d4e-4f9c-8922-b1b2d1fb74f2,554,medium,3,0.970066,appearance,1.195,True,True,True
hist_gbdt,e2711620-6d4e-4f9c-8922-b1b2d1fb74f2,555,medium,3,0.966608,appearance,1.24,True,True,True
hist_gbdt,e2711620-6d4e-4f9c-8922-b1b2d1fb74f2,556,medium,1,0.903291,hybrid_coast,2.255,True,True,True
hist_gbdt,e2711620-6d4e-4f9c-8922-b1b2d1fb74f2,557,medium,1,0.893823,hybrid_coast,3.74,True,True,True
hist_gbdt,e2711620-6d4e-4f9c-8922-b1b2d1fb74f2,558,medium,1,0.806988,hybrid_coast,4.78,True,True,True
hist_gbdt,e2711620-6d4e-4f9c-8922-b1b2d1fb74f2,559,medium,7,0.89278,hybrid_coast,1.811,True,True,True
hist_gbdt,e2711620-6d4e-4f9c-8922-b1b2d1fb74f2,560,medium,9,0.485736,hybrid_coast,7.851,True,True,True
hist_gbdt,e2711620-6d4e-4f9c-8922-b1b2d1fb74f2,561,medium,2,0.882363,hybrid_coast,4.742,True,True,True
hist_gbdt,e2711620-6d4e-4f9c-8922-b1b2d1fb74f2,562,medium,1,0.870641,map,3.201,True,True,True
hist_gbdt,e2711620-6d4e-4f9c-8922-b1b2d1fb74f2,563,medium,3,0.895289,hybrid_coast,0.245,True,True,True
hist_gbdt,e2711620-6d4e-4f9c-8922-b1b2d1fb74f2,564,medium,4,0.719407,hybrid_coast,9.08,False,True,True
hist_gbdt,e2711620-6d4e-4f9c-8922-b1b2d1fb74f2,565,medium,15,0.813507,hybrid_coast,4.991,True,True,True
hist_gbdt,e2711620-6d4e-4f9c-8922-b1b2d1fb74f2,566,medium,18,0.816828,hybrid_coast,5.952,True,True,True
hist_gbdt,e2711620-6d4e-4f9c-8922-b1b2d1fb74f2,567,medium,1,0.59302,large_dark,1.085,True,True,True
hist_gbdt,e2711620-6d4e-4f9c-8922-b1b2d1fb74f2,568,medium,56,0.56293,appearance,64.32,False,False,True
hist_gbdt,e2711620-6d4e-4f9c-8922-b1b2d1fb74f2,569,medium,2,0.870641,hybrid_coast,5.492,True,True,True
hist_gbdt,e2711620-6d4e-4f9c-8922-b1b2d1fb74f2,570,medium,1,0.431793,large_dark,1.245,True,True,True
hist_gbdt,e2711620-6d4e-4f9c-8922-b1b2d1fb74f2,571,medium,2,0.591918,hybrid_coast,5.34,True,True,True
hist_gbdt,e2711620-6d4e-4f9c-8922-b1b2d1fb74f2,572,medium,1,0.580902,large_dark,1.377,True,True,True
hist_gbdt,e2711620-6d4e-4f9c-8922-b1b2d1fb74f2,573,medium,2,0.844621,hybrid_coast,2.576,True,True,True
hist_gbdt,e2711620-6d4e-4f9c-8922-b1b2d1fb74f2,574,medium,2,0.892667,map,0.869,True,True,True
hist_gbdt,e2711620-6d4e-4f9c-8922-b1b2d1fb74f2,575,medium,4,0.928833,hybrid_coast,2.27,True,True,True
hist_gbdt,e2711620-6d4e-4f9c-8922-b1b2d1fb74f2,576,medium,5,0.951977,hybrid_coast,3.055,True,True,True
hist_gbdt,e2711620-6d4e-4f9c-8922-b1b2d1fb74f2,577,medium,19,0.927588,hybrid_coast,3.942,True,True,True
hist_gbdt,e2711620-6d4e-4f9c-8922-b1b2d1fb74f2,578,medium,2,0.901466,hybrid_coast,3.43,True,True,True
hist_gbdt,e2711620-6d4e-4f9c-8922-b1b2d1fb74f2,579,medium,3,0.968771,hybrid_coast,5.39,True,True,True
hist_gbdt,e2711620-6d4e-4f9c-8922-b1b2d1fb74f2,580,medium_high,3,0.970066,hybrid_coast,8.062,False,True,True
hist_gbdt,e2711620-6d4e-4f9c-8922-b1b2d1fb74f2,581,medium_high,7,0.935686,hybrid_coast,11.688,False,True,True
hist_gbdt,e2711620-6d4e-4f9c-8922-b1b2d1fb74f2,582,medium_high,17,0.901369,hybrid_coast,18.418,False,False,True
hist_gbdt,e2711620-6d4e-4f9c-8922-b1b2d1fb74f2,583,medium_high,29,0.886806,hybrid_coast,21.35,False,False,True
hist_gbdt,e2711620-6d4e-4f9c-8922-b1b2d1fb74f2,584,medium_high,17,0.914438,hybrid_coast,5.731,True,True,True
hist_gbdt,e2711620-6d4e-4f9c-8922-b1b2d1fb74f2,585,medium_high,3,0.939302,hybrid_coast,4.802,True,True,True
hist_gbdt,e2711620-6d4e-4f9c-8922-b1b2d1fb74f2,586,medium_high,13,0.961116,hybrid_coast,5.576,True,True,True
hist_gbdt,e2711620-6d4e-4f9c-8922-b1b2d1fb74f2,587,medium_high,28,0.954934,hybrid_coast,6.397,True,True,True
hist_gbdt,e2711620-6d4e-4f9c-8922-b1b2d1fb74f2,588,medium_high,29,0.954934,hybrid_coast,8.92,False,True,True
hist_gbdt,e2711620-6d4e-4f9c-8922-b1b2d1fb74f2,589,medium_high,15,0.909769,hybrid_coast,4.29,True,True,True
hist_gbdt,e2711620-6d4e-4f9c-8922-b1b2d1fb74f2,590,medium_high,6,0.961356,hybrid_coast,6.5,True,True,True
hist_gbdt,e2711620-6d4e-4f9c-8922-b1b2d1fb74f2,591,medium_high,26,0.922552,hybrid_coast,12.248,False,True,True
hist_gbdt,e2711620-6d4e-4f9c-8922-b1b2d1fb74f2,592,medium_high,38,0.910807,hybrid_coast,15.191,False,True,True
hist_gbdt,e2711620-6d4e-4f9c-8922-b1b2d1fb74f2,593,medium_high,8,0.876095,hybrid_coast,6.444,True,True,True
hist_gbdt,e2711620-6d4e-4f9c-8922-b1b2d1fb74f2,594,medium_high,15,0.901369,hybrid_coast,11.238,False,True,True
hist_gbdt,e2711620-6d4e-4f9c-8922-b1b2d1fb74f2,595,medium_high,8,0.834729,hybrid_coast,6.408,True,True,True
hist_gbdt,e2711620-6d4e-4f9c-8922-b1b2d1fb74f2,596,medium_high,13,0.962856,hybrid_coast,9.552,False,True,True
hist_gbdt,e2711620-6d4e-4f9c-8922-b1b2d1fb74f2,597,medium_high,21,0.901369,hybrid_coast,9.188,False,True,True
hist_gbdt,e2711620-6d4e-4f9c-8922-b1b2d1fb74f2,598,medium_high,35,0.901369,hybrid_coast,12.345,False,True,True
hist_gbdt,e2711620-6d4e-4f9c-8922-b1b2d1fb74f2,599,medium_high,30,0.88255,hybrid_coast,7.636,True,True,True
hist_gbdt,e2711620-6d4e-4f9c-8922-b1b2d1fb74f2,600,medium_high,8,0.890399,hybrid_coast,2.236,True,True,True
hist_gbdt,e2711620-6d4e-4f9c-8922-b1b2d1fb74f2,601,medium_high,35,0.762567,appearance,6.458,True,True,True
hist_gbdt,e2711620-6d4e-4f9c-8922-b1b2d1fb74f2,602,medium_high,41,0.727205,hybrid_coast,6.543,True,True,True
hist_gbdt,e2711620-6d4e-4f9c-8922-b1b2d1fb74f2,603,medium_high,26,0.744541,hybrid_coast,10.318,False,True,True
hist_gbdt,e2711620-6d4e-4f9c-8922-b1b2d1fb74f2,604,medium_high,33,0.744541,hybrid_coast,4.61,True,True,True
hist_gbdt,e2711620-6d4e-4f9c-8922-b1b2d1fb74f2,605,medium_high,36,0.575357,hybrid_coast,6.686,True,True,True
hist_gbdt,e2711620-6d4e-4f9c-8922-b1b2d1fb74f2,606,medium_high,6,0.686004,appearance,2.704,True,True,True
hist_gbdt,e2711620-6d4e-4f9c-8922-b1b2d1fb74f2,607,medium_high,22,0.762567,appearance,4.439,True,True,True
hist_gbdt,e2711620-6d4e-4f9c-8922-b1b2d1fb74f2,608,medium_high,3,0.779562,large_dark,7.517,True,True,True
hist_gbdt,e2711620-6d4e-4f9c-8922-b1b2d1fb74f2,609,medium_high,2,0.873708,map,1.352,True,True,True
hist_gbdt,e2711620-6d4e-4f9c-8922-b1b2d1fb74f2,610,medium_high,5,0.916642,hybrid_coast,0.559,True,True,True
hist_gbdt,e2711620-6d4e-4f9c-8922-b1b2d1fb74f2,611,high,2,0.89189,map,1.398,True,True,True
hist_gbdt,e2711620-6d4e-4f9c-8922-b1b2d1fb74f2,612,high,8,0.936162,hybrid_coast,3.041,True,True,True
hist_gbdt,e2711620-6d4e-4f9c-8922-b1b2d1fb74f2,613,high,19,0.893635,large_dark,9.789,False,True,True
hist_gbdt,e2711620-6d4e-4f9c-8922-b1b2d1fb74f2,614,high,3,0.947855,hybrid_coast,2.512,True,True,True
hist_gbdt,e2711620-6d4e-4f9c-8922-b1b2d1fb74f2,615,high,16,0.931147,hybrid_coast,1.152,True,True,True
hist_gbdt,e2711620-6d4e-4f9c-8922-b1b2d1fb74f2,616,high,9,0.951832,large_dark,7.517,True,True,True
hist_gbdt,e2711620-6d4e-4f9c-8922-b1b2d1fb74f2,617,high,5,0.966166,hybrid_coast,2.886,True,True,True
hist_gbdt,e2711620-6d4e-4f9c-8922-b1b2d1fb74f2,618,high,1,0.970066,large_dark,4.854,True,True,True
hist_gbdt,e2711620-6d4e-4f9c-8922-b1b2d1fb74f2,619,high,28,0.967151,hybrid_coast,3.802,True,True,True
hist_gbdt,e2711620-6d4e-4f9c-8922-b1b2d1fb74f2,620,high,1,0.970066,large_dark,4.61,True,True,True
hist_gbdt,e2711620-6d4e-4f9c-8922-b1b2d1fb74f2,621,high,15,0.861755,hybrid_coast,6.658,True,True,True
hist_gbdt,e2711620-6d4e-4f9c-8922-b1b2d1fb74f2,622,high,4,0.898099,appearance,3.13,True,True,True
hist_gbdt,e2711620-6d4e-4f9c-8922-b1b2d1fb74f2,623,high,33,0.865993,hybrid_coast,14.115,False,True,True
hist_gbdt,e2711620-6d4e-4f9c-8922-b1b2d1fb74f2,624,high,2,0.881628,hybrid_coast,1.304,True,True,True
hist_gbdt,e2711620-6d4e-4f9c-8922-b1b2d1fb74f2,625,high,25,0.830834,hybrid_coast,15.35,False,True,True
hist_gbdt,e2711620-6d4e-4f9c-8922-b1b2d1fb74f2,626,high,2,0.873708,map,0.922,True,True,True
hist_gbdt,e2711620-6d4e-4f9c-8922-b1b2d1fb74f2,627,high,6,0.888177,map,6.027,True,True,True
hist_gbdt,e2711620-6d4e-4f9c-8922-b1b2d1fb74f2,628,high,20,0.834344,hybrid_coast,13.336,False,True,True
hist_gbdt,e2711620-6d4e-4f9c-8922-b1b2d1fb74f2,629,high,27,0.841841,hybrid_coast,17.599,False,False,True
hist_gbdt,e2711620-6d4e-4f9c-8922-b1b2d1fb74f2,630,high,24,0.839422,hybrid_coast,13.124,False,True,True
hist_gbdt,e2711620-6d4e-4f9c-8922-b1b2d1fb74f2,631,high,10,0.834669,hybrid_coast,10.692,False,True,True
hist_gbdt,e2711620-6d4e-4f9c-8922-b1b2d1fb74f2,632,high,17,0.826047,hybrid_coast,11.439,False,True,True
hist_gbdt,e2711620-6d4e-4f9c-8922-b1b2d1fb74f2,633,high,24,0.825558,hybrid_coast,14.65,False,True,True
hist_gbdt,e2711620-6d4e-4f9c-8922-b1b2d1fb74f2,634,high,6,0.808926,hybrid_coast,10.259,False,True,True
hist_gbdt,e2711620-6d4e-4f9c-8922-b1b2d1fb74f2,635,high,23,0.737333,hybrid_coast,18.911,False,False,True
hist_gbdt,e2711620-6d4e-4f9c-8922-b1b2d1fb74f2,636,high,32,0.706439,hybrid_coast,23.496,False,False,True
hist_gbdt,e2711620-6d4e-4f9c-8922-b1b2d1fb74f2,637,high,4,0.6543,hybrid_coast,3.335,True,True,True
hist_gbdt,e2711620-6d4e-4f9c-8922-b1b2d1fb74f2,638,high,26,0.625473,hybrid_coast,18.732,False,False,True
hist_gbdt,e2711620-6d4e-4f9c-8922-b1b2d1fb74f2,639,high,12,0.647269,hybrid_coast,6.93,True,True,True
hist_gbdt,e2711620-6d4e-4f9c-8922-b1b2d1fb74f2,640,high,11,0.534434,hybrid_coast,4.472,True,True,True
hist_gbdt,e2711620-6d4e-4f9c-8922-b1b2d1fb74f2,641,high,10,0.538314,hybrid_coast,3.999,True,True,True
hist_gbdt,e2711620-6d4e-4f9c-8922-b1b2d1fb74f2,642,high,17,0.759796,hybrid_coast,7.292,True,True,True
hist_gbdt,e2711620-6d4e-4f9c-8922-b1b2d1fb74f2,643,high,2,0.794694,hybrid_coast,1.727,True,True,True
hist_gbdt,e2711620-6d4e-4f9c-8922-b1b2d1fb74f2,644,high,65,0.623756,map,93.988,False,False,True
hist_gbdt,e2711620-6d4e-4f9c-8922-b1b2d1fb74f2,645,high,22,0.562852,hybrid_coast,6.129,True,True,True
hist_gbdt,e2711620-6d4e-4f9c-8922-b1b2d1fb74f2,646,high,30,0.524665,hybrid_coast,7.398,True,True,True
hist_gbdt,e2711620-6d4e-4f9c-8922-b1b2d1fb74f2,647,high,60,0.740303,map,90.272,False,False,True
hist_gbdt,e2711620-6d4e-4f9c-8922-b1b2d1fb74f2,648,high,59,0.619375,map,91.803,False,False,True
hist_gbdt,e2711620-6d4e-4f9c-8922-b1b2d1fb74f2,649,high,50,0.72375,map,94.626,False,False,True
hist_gbdt,e2711620-6d4e-4f9c-8922-b1b2d1fb74f2,650,high,29,0.839794,hybrid_coast,16.621,False,False,True
hist_gbdt,e2711620-6d4e-4f9c-8922-b1b2d1fb74f2,651,high,11,0.967151,hybrid_coast,5.63,True,True,True
hist_gbdt,e2711620-6d4e-4f9c-8922-b1b2d1fb74f2,652,high,22,0.874254,hybrid_coast,9.872,False,True,True
hist_gbdt,e2711620-6d4e-4f9c-8922-b1b2d1fb74f2,653,high,25,0.96189,hybrid_coast,11.459,False,True,True
hist_gbdt,e2711620-6d4e-4f9c-8922-b1b2d1fb74f2,654,high,5,0.856059,hybrid_coast,3.828,True,True,True
hist_gbdt,e2711620-6d4e-4f9c-8922-b1b2d1fb74f2,655,high,2,0.796566,hybrid_coast,2.55,True,True,True
hist_gbdt,e2711620-6d4e-4f9c-8922-b1b2d1fb74f2,656,high,6,0.835193,hybrid_coast,4.031,True,True,True
hist_gbdt,e2711620-6d4e-4f9c-8922-b1b2d1fb74f2,657,high,9,0.847914,hybrid_coast,5.908,True,True,True
hist_gbdt,e2711620-6d4e-4f9c-8922-b1b2d1fb74f2,658,high,23,0.813766,hybrid_coast,15.838,False,True,True
hist_gbdt,e2711620-6d4e-4f9c-8922-b1b2d1fb74f2,659,high,23,0.888962,hybrid_coast,16.227,False,False,True
hist_gbdt,e2711620-6d4e-4f9c-8922-b1b2d1fb74f2,660,high,23,0.929541,hybrid_coast,13.086,False,True,True
hist_gbdt,e2711620-6d4e-4f9c-8922-b1b2d1fb74f2,661,high,3,0.936559,hybrid_coast,9.863,False,True,True
hist_gbdt,e2711620-6d4e-4f9c-8922-b1b2d1fb74f2,662,high,20,0.92774,hybrid_coast,14.898,False,True,True
hist_gbdt,e2711620-6d4e-4f9c-8922-b1b2d1fb74f2,663,high,4,0.939465,hybrid_coast,15.273,False,True,True
hist_gbdt,e2711620-6d4e-4f9c-8922-b1b2d1fb74f2,664,high,22,0.93282,hybrid_coast,16.131,False,False,True
hist_gbdt,e2711620-6d4e-4f9c-8922-b1b2d1fb74f2,665,high,12,0.85951,hybrid_coast,12.562,False,True,True
hist_gbdt,e2711620-6d4e-4f9c-8922-b1b2d1fb74f2,666,high,48,0.69355,map,90.628,False,False,True
hist_gbdt,e2711620-6d4e-4f9c-8922-b1b2d1fb74f2,667,high,61,0.663732,map,90.165,False,False,True
hist_gbdt,e2711620-6d4e-4f9c-8922-b1b2d1fb74f2,668,high,60,0.663732,map,89.702,False,False,True
hist_gbdt,e2711620-6d4e-4f9c-8922-b1b2d1fb74f2,669,high,53,0.706067,map,108.026,False,False,True
hist_gbdt,e2711620-6d4e-4f9c-8922-b1b2d1fb74f2,670,high,46,0.706067,map,107.556,False,False,True
hist_gbdt,e2711620-6d4e-4f9c-8922-b1b2d1fb74f2,671,high,61,0.6769,map,107.22,False,False,True
hist_gbdt,e2711620-6d4e-4f9c-8922-b1b2d1fb74f2,672,high,63,0.63825,map,60.817,False,False,True
hist_gbdt,e2711620-6d4e-4f9c-8922-b1b2d1fb74f2,673,high,19,0.746903,map,126.716,False,False,True
hist_gbdt,e2711620-6d4e-4f9c-8922-b1b2d1fb74f2,674,high,74,0.892565,map,95.852,False,False,True
hist_gbdt,e2711620-6d4e-4f9c-8922-b1b2d1fb74f2,675,high,64,0.892565,map,98.555,False,False,True
hist_gbdt,e2711620-6d4e-4f9c-8922-b1b2d1fb74f2,676,medium_high,68,0.887955,map,103.286,False,False,True
hist_gbdt,e2711620-6d4e-4f9c-8922-b1b2d1fb74f2,677,medium_high,75,0.887955,map,107.051,False,False,True
hist_gbdt,e2711620-6d4e-4f9c-8922-b1b2d1fb74f2,678,medium_high,80,0.887955,map,110.843,False,False,True
hist_gbdt,e2711620-6d4e-4f9c-8922-b1b2d1fb74f2,679,medium_high,14,0.783894,map,86.933,False,False,True
hist_gbdt,e2711620-6d4e-4f9c-8922-b1b2d1fb74f2,680,medium_high,51,0.747083,map,122.7,False,False,True
hist_gbdt,e2711620-6d4e-4f9c-8922-b1b2d1fb74f2,681,medium_high,8,0.400398,hybrid_coast,7.15,True,True,True
hist_gbdt,e2711620-6d4e-4f9c-8922-b1b2d1fb74f2,682,medium_high,56,0.423084,map,70.893,False,False,True
hist_gbdt,e2711620-6d4e-4f9c-8922-b1b2d1fb74f2,683,medium_high,7,0.32466,hybrid_coast,2.197,True,True,True
hist_gbdt,e2711620-6d4e-4f9c-8922-b1b2d1fb74f2,684,medium_high,45,0.423084,map,73.298,False,False,True
hist_gbdt,e2711620-6d4e-4f9c-8922-b1b2d1fb74f2,685,medium_high,44,0.423084,map,74.603,False,False,True
hist_gbdt,e2711620-6d4e-4f9c-8922-b1b2d1fb74f2,686,medium_high,45,0.423084,map,78.221,False,False,True
hist_gbdt,e2711620-6d4e-4f9c-8922-b1b2d1fb74f2,687,medium_high,25,0.389323,hybrid_coast,14.357,False,True,True
hist_gbdt,e2711620-6d4e-4f9c-8922-b1b2d1fb74f2,688,medium_high,62,0.35824,map,83.233,False,False,True
hist_gbdt,e2711620-6d4e-4f9c-8922-b1b2d1fb74f2,689,medium_high,57,0.388949,map,85.466,False,False,True
hist_gbdt,e2711620-6d4e-4f9c-8922-b1b2d1fb74f2,690,medium_high,58,0.834704,map,87.07,False,False,True
hist_gbdt,e2711620-6d4e-4f9c-8922-b1b2d1fb74f2,691,medium_high,64,0.834704,map,90.751,False,False,True
hist_gbdt,e2711620-6d4e-4f9c-8922-b1b2d1fb74f2,692,medium_high,53,0.834704,map,93.514,False,False,True
hist_gbdt,e2711620-6d4e-4f9c-8922-b1b2d1fb74f2,693,medium_high,47,0.833915,map,96.321,False,False,True
hist_gbdt,e2711620-6d4e-4f9c-8922-b1b2d1fb74f2,694,medium_high,27,0.809883,map,106.447,False,False,True
hist_gbdt,e2711620-6d4e-4f9c-8922-b1b2d1fb74f2,695,medium_high,41,0.702892,map,110.495,False,False,True
hist_gbdt,e2711620-6d4e-4f9c-8922-b1b2d1fb74f2,696,medium_high,35,0.722517,map,116.587,False,False,True
hist_gbdt,e2711620-6d4e-4f9c-8922-b1b2d1fb74f2,697,medium_high,36,0.776465,map,75.052,False,False,True
hist_gbdt,e2711620-6d4e-4f9c-8922-b1b2d1fb74f2,698,medium_high,51,0.792664,map,78.262,False,False,True
extra_trees,1c1258a1-d0f6-433e-9466-dbc1705fa263,25,medium_high,2,0.381468,appearance,0.406,True,True,True
extra_trees,1c1258a1-d0f6-433e-9466-dbc1705fa263,26,medium_high,1,0.413351,map,1.471,True,True,True
extra_trees,1c1258a1-d0f6-433e-9466-dbc1705fa263,27,medium_high,2,0.425729,appearance,2.223,True,True,True
extra_trees,1c1258a1-d0f6-433e-9466-dbc1705fa263,28,medium_high,2,0.515117,appearance,2.697,True,True,True
extra_trees,1c1258a1-d0f6-433e-9466-dbc1705fa263,29,medium_high,1,0.482296,appearance,3.567,True,True,True
extra_trees,1c1258a1-d0f6-433e-9466-dbc1705fa263,30,high,2,0.513288,map,0.0,True,True,True
extra_trees,1c1258a1-d0f6-433e-9466-dbc1705fa263,31,high,1,0.549551,map,0.0,True,True,True
extra_trees,1c1258a1-d0f6-433e-9466-dbc1705fa263,32,high,1,0.525382,appearance,4.61,True,True,True
extra_trees,1c1258a1-d0f6-433e-9466-dbc1705fa263,33,high,2,0.586352,map,0.0,True,True,True
extra_trees,1c1258a1-d0f6-433e-9466-dbc1705fa263,34,high,2,0.56131,map,0.0,True,True,True
extra_trees,1c1258a1-d0f6-433e-9466-dbc1705fa263,35,high,2,0.594963,map,0.0,True,True,True
extra_trees,1c1258a1-d0f6-433e-9466-dbc1705fa263,36,high,1,0.616012,map,0.0,True,True,True
extra_trees,1c1258a1-d0f6-433e-9466-dbc1705fa263,37,high,1,0.602027,appearance,4.95,True,True,True
extra_trees,1c1258a1-d0f6-433e-9466-dbc1705fa263,38,high,1,0.665419,map,0.0,True,True,True
extra_trees,1c1258a1-d0f6-433e-9466-dbc1705fa263,39,high,1,0.634034,appearance,0.0,True,True,True
extra_trees,1c1258a1-d0f6-433e-9466-dbc1705fa263,40,high,1,0.649371,map,0.0,True,True,True
extra_trees,1c1258a1-d0f6-433e-9466-dbc1705fa263,41,high,1,0.70809,map,0.0,True,True,True
extra_trees,1c1258a1-d0f6-433e-9466-dbc1705fa263,42,high,2,0.690313,map,0.0,True,True,True
extra_trees,1c1258a1-d0f6-433e-9466-dbc1705fa263,43,high,1,0.730243,map,0.0,True,True,True
extra_trees,1c1258a1-d0f6-433e-9466-dbc1705fa263,44,high,2,0.710301,map,0.0,True,True,True
extra_trees,1c1258a1-d0f6-433e-9466-dbc1705fa263,45,high,1,0.750212,map,0.0,True,True,True
extra_trees,1c1258a1-d0f6-433e-9466-dbc1705fa263,46,high,2,0.768249,map,0.0,True,True,True
extra_trees,1c1258a1-d0f6-433e-9466-dbc1705fa263,47,high,1,0.735152,appearance,6.519,True,True,True
extra_trees,1c1258a1-d0f6-433e-9466-dbc1705fa263,48,high,1,0.762322,map,0.0,True,True,True
extra_trees,1c1258a1-d0f6-433e-9466-dbc1705fa263,49,high,2,0.75288,map,0.0,True,True,True
extra_trees,1c1258a1-d0f6-433e-9466-dbc1705fa263,50,high,1,0.776366,map,0.0,True,True,True
extra_trees,1c1258a1-d0f6-433e-9466-dbc1705fa263,51,high,1,0.780032,map,0.0,True,True,True
extra_trees,1c1258a1-d0f6-433e-9466-dbc1705fa263,52,high,1,0.758043,map,3.162,True,True,True
extra_trees,1c1258a1-d0f6-433e-9466-dbc1705fa263,53,high,1,0.774766,map,0.0,True,True,True
extra_trees,1c1258a1-d0f6-433e-9466-dbc1705fa263,54,high,1,0.764112,map,3.606,True,True,True
extra_trees,1c1258a1-d0f6-433e-9466-dbc1705fa263,55,high,1,0.795513,map,0.0,True,True,True
extra_trees,1c1258a1-d0f6-433e-9466-dbc1705fa263,56,high,1,0.792865,map,0.0,True,True,True
extra_trees,1c1258a1-d0f6-433e-9466-dbc1705fa263,57,high,1,0.773188,map,0.0,True,True,True
extra_trees,1c1258a1-d0f6-433e-9466-dbc1705fa263,58,high,3,0.772148,map,0.0,True,True,True
extra_trees,1c1258a1-d0f6-433e-9466-dbc1705fa263,59,high,1,0.735493,map,6.364,True,True,True
extra_trees,1c1258a1-d0f6-433e-9466-dbc1705fa263,60,high,2,0.72843,map,0.0,True,True,True
extra_trees,1c1258a1-d0f6-433e-9466-dbc1705fa263,61,high,1,0.737202,map,0.0,True,True,True
extra_trees,1c1258a1-d0f6-433e-9466-dbc1705fa263,62,high,1,0.721089,map,0.0,True,True,True
extra_trees,1c1258a1-d0f6-433e-9466-dbc1705fa263,63,high,1,0.735299,map,0.0,True,True,True
extra_trees,1c1258a1-d0f6-433e-9466-dbc1705fa263,64,high,1,0.724822,map,0.0,True,True,True
extra_trees,1c1258a1-d0f6-433e-9466-dbc1705fa263,65,high,1,0.743183,map,0.0,True,True,True
extra_trees,1c1258a1-d0f6-433e-9466-dbc1705fa263,66,high,1,0.733077,map,0.0,True,True,True
extra_trees,1c1258a1-d0f6-433e-9466-dbc1705fa263,67,high,1,0.72481,map,0.0,True,True,True
extra_trees,1c1258a1-d0f6-433e-9466-dbc1705fa263,68,high,1,0.76729,map,0.0,True,True,True
extra_trees,1c1258a1-d0f6-433e-9466-dbc1705fa263,69,high,1,0.756737,map,0.0,True,True,True
extra_trees,1c1258a1-d0f6-433e-9466-dbc1705fa263,70,high,1,0.76043,map,6.964,True,True,True
extra_trees,1c1258a1-d0f6-433e-9466-dbc1705fa263,71,high,1,0.751552,map,0.0,True,True,True
extra_trees,1c1258a1-d0f6-433e-9466-dbc1705fa263,72,high,1,0.721028,map,0.0,True,True,True
extra_trees,1c1258a1-d0f6-433e-9466-dbc1705fa263,73,high,1,0.712975,map,0.0,True,True,True
extra_trees,1c1258a1-d0f6-433e-9466-dbc1705fa263,74,high,1,0.695034,appearance,10.77,False,True,True
extra_trees,1c1258a1-d0f6-433e-9466-dbc1705fa263,75,high,1,0.700438,map,0.0,True,True,True
extra_trees,1c1258a1-d0f6-433e-9466-dbc1705fa263,76,high,2,0.74397,map,3.808,True,True,True
extra_trees,1c1258a1-d0f6-433e-9466-dbc1705fa263,77,high,1,0.703397,appearance,3.0,True,True,True
extra_trees,1c1258a1-d0f6-433e-9466-dbc1705fa263,78,high,1,0.722041,map,0.0,True,True,True
extra_trees,1c1258a1-d0f6-433e-9466-dbc1705fa263,79,high,1,0.716038,appearance,0.0,True,True,True
extra_trees,1c1258a1-d0f6-433e-9466-dbc1705fa263,80,high,1,0.723521,map,0.0,True,True,True
extra_trees,1c1258a1-d0f6-433e-9466-dbc1705fa263,81,high,1,0.757661,map,0.0,True,True,True
extra_trees,1c1258a1-d0f6-433e-9466-dbc1705fa263,82,high,1,0.741809,appearance,11.705,False,True,True
extra_trees,1c1258a1-d0f6-433e-9466-dbc1705fa263,83,high,1,0.765308,map,0.0,True,True,True
extra_trees,1c1258a1-d0f6-433e-9466-dbc1705fa263,84,high,1,0.750476,appearance,3.0,True,True,True
extra_trees,1c1258a1-d0f6-433e-9466-dbc1705fa263,85,high,1,0.765228,map,0.0,True,True,True
extra_trees,1c1258a1-d0f6-433e-9466-dbc1705fa263,86,high,1,0.778359,map,0.0,True,True,True
extra_trees,1c1258a1-d0f6-433e-9466-dbc1705fa263,87,high,1,0.76324,appearance,11.63,False,True,True
extra_trees,1c1258a1-d0f6-433e-9466-dbc1705fa263,88,high,1,0.77724,map,0.0,True,True,True
extra_trees,1c1258a1-d0f6-433e-9466-dbc1705fa263,89,high,1,0.772536,appearance,3.536,True,True,True
extra_trees,1c1258a1-d0f6-433e-9466-dbc1705fa263,90,high,1,0.780943,map,0.0,True,True,True
extra_trees,1c1258a1-d0f6-433e-9466-dbc1705fa263,91,high,1,0.769445,map,0.0,True,True,True
extra_trees,1c1258a1-d0f6-433e-9466-dbc1705fa263,92,high,1,0.742836,map,0.0,True,True,True
extra_trees,1c1258a1-d0f6-433e-9466-dbc1705fa263,93,high,2,0.68938,map,5.701,True,True,True
extra_trees,1c1258a1-d0f6-433e-9466-dbc1705fa263,94,high,3,0.631846,appearance,11.068,False,True,True
extra_trees,1c1258a1-d0f6-433e-9466-dbc1705fa263,95,high,1,0.575711,map,0.0,True,True,True
extra_trees,1c1258a1-d0f6-433e-9466-dbc1705fa263,96,medium_high,1,0.509673,map,2.709,True,True,True
extra_trees,1c1258a1-d0f6-433e-9466-dbc1705fa263,97,medium_high,2,0.455567,map,3.425,True,True,True
extra_trees,1c1258a1-d0f6-433e-9466-dbc1705fa263,98,medium_high,1,0.432985,map,3.038,True,True,True
extra_trees,1c1258a1-d0f6-433e-9466-dbc1705fa263,99,medium_high,1,0.445208,appearance,1.834,True,True,True
extra_trees,1c1258a1-d0f6-433e-9466-dbc1705fa263,100,medium_high,1,0.575782,map,3.797,True,True,True
extra_trees,1c1258a1-d0f6-433e-9466-dbc1705fa263,101,medium_high,1,0.52967,map,5.325,True,True,True
extra_trees,1c1258a1-d0f6-433e-9466-dbc1705fa263,102,medium_high,2,0.509304,map,8.974,False,True,True
extra_trees,1c1258a1-d0f6-433e-9466-dbc1705fa263,103,medium_high,1,0.515935,map,9.662,False,True,True
extra_trees,1c1258a1-d0f6-433e-9466-dbc1705fa263,104,medium_high,1,0.539033,appearance,5.678,True,True,True
extra_trees,1c1258a1-d0f6-433e-9466-dbc1705fa263,105,medium_high,4,0.571031,map,12.381,False,True,True
extra_trees,1c1258a1-d0f6-433e-9466-dbc1705fa263,106,medium_high,1,0.51346,appearance,5.534,True,True,True
extra_trees,1c1258a1-d0f6-433e-9466-dbc1705fa263,107,medium_high,1,0.499786,map,5.508,True,True,True
extra_trees,1c1258a1-d0f6-433e-9466-dbc1705fa263,108,medium_high,1,0.562861,map,4.295,True,True,True
extra_trees,1c1258a1-d0f6-433e-9466-dbc1705fa263,109,medium_high,2,0.422036,map,3.872,True,True,True
extra_trees,1c1258a1-d0f6-433e-9466-dbc1705fa263,110,medium_high,1,0.498739,map,4.487,True,True,True
extra_trees,1c1258a1-d0f6-433e-9466-dbc1705fa263,111,medium_high,1,0.58729,appearance,3.814,True,True,True
extra_trees,1c1258a1-d0f6-433e-9466-dbc1705fa263,112,medium_high,2,0.554359,map,9.259,False,True,True
extra_trees,1c1258a1-d0f6-433e-9466-dbc1705fa263,113,medium_high,21,0.486233,map,7.266,True,True,True
extra_trees,1c1258a1-d0f6-433e-9466-dbc1705fa263,114,medium_high,1,0.550806,appearance,2.442,True,True,True
extra_trees,1c1258a1-d0f6-433e-9466-dbc1705fa263,115,medium_high,2,0.574038,map,6.87,True,True,True
extra_trees,1c1258a1-d0f6-433e-9466-dbc1705fa263,116,medium_high,1,0.519189,appearance,2.321,True,True,True
extra_trees,1c1258a1-d0f6-433e-9466-dbc1705fa263,117,high,2,0.56169,map,6.519,True,True,True
extra_trees,1c1258a1-d0f6-433e-9466-dbc1705fa263,118,high,1,0.60787,map,0.0,True,True,True
extra_trees,1c1258a1-d0f6-433e-9466-dbc1705fa263,119,high,1,0.583551,appearance,0.0,True,True,True
extra_trees,1c1258a1-d0f6-433e-9466-dbc1705fa263,120,high,2,0.587229,map,5.701,True,True,True
extra_trees,1c1258a1-d0f6-433e-9466-dbc1705fa263,121,high,1,0.651097,appearance,1.118,True,True,True
extra_trees,1c1258a1-d0f6-433e-9466-dbc1705fa263,122,high,2,0.663839,map,5.701,True,True,True
extra_trees,1c1258a1-d0f6-433e-9466-dbc1705fa263,123,high,2,0.675516,map,5.701,True,True,True
extra_trees,1c1258a1-d0f6-433e-9466-dbc1705fa263,124,high,1,0.648385,appearance,6.265,True,True,True
extra_trees,1c1258a1-d0f6-433e-9466-dbc1705fa263,125,high,2,0.677641,map,5.148,True,True,True
extra_trees,1c1258a1-d0f6-433e-9466-dbc1705fa263,126,high,1,0.656753,appearance,0.5,True,True,True
extra_trees,1c1258a1-d0f6-433e-9466-dbc1705fa263,127,high,1,0.619152,map,0.0,True,True,True
extra_trees,1c1258a1-d0f6-433e-9466-dbc1705fa263,128,high,1,0.643488,map,0.0,True,True,True
extra_trees,1c1258a1-d0f6-433e-9466-dbc1705fa263,129,high,1,0.643655,appearance,0.5,True,True,True
extra_trees,1c1258a1-d0f6-433e-9466-dbc1705fa263,130,high,1,0.645861,map,0.0,True,True,True
extra_trees,1c1258a1-d0f6-433e-9466-dbc1705fa263,131,high,1,0.625684,appearance,0.0,True,True,True
extra_trees,1c1258a1-d0f6-433e-9466-dbc1705fa263,132,high,1,0.579083,map,0.0,True,True,True
extra_trees,1c1258a1-d0f6-433e-9466-dbc1705fa263,133,high,1,0.610592,map,0.0,True,True,True
extra_trees,1c1258a1-d0f6-433e-9466-dbc1705fa263,134,high,1,0.573098,appearance,2.5,True,True,True
extra_trees,1c1258a1-d0f6-433e-9466-dbc1705fa263,135,high,1,0.615082,map,0.0,True,True,True
extra_trees,1c1258a1-d0f6-433e-9466-dbc1705fa263,136,high,1,0.595938,appearance,1.118,True,True,True
extra_trees,1c1258a1-d0f6-433e-9466-dbc1705fa263,137,high,1,0.572394,map,0.0,True,True,True
extra_trees,1c1258a1-d0f6-433e-9466-dbc1705fa263,138,high,1,0.598692,map,0.0,True,True,True
extra_trees,1c1258a1-d0f6-433e-9466-dbc1705fa263,139,high,1,0.567976,appearance,1.581,True,True,True
extra_trees,1c1258a1-d0f6-433e-9466-dbc1705fa263,140,high,1,0.598846,map,0.0,True,True,True
extra_trees,1c1258a1-d0f6-433e-9466-dbc1705fa263,141,high,1,0.579655,appearance,0.707,True,True,True
extra_trees,1c1258a1-d0f6-433e-9466-dbc1705fa263,142,high,1,0.569118,map,0.0,True,True,True
extra_trees,1c1258a1-d0f6-433e-9466-dbc1705fa263,143,high,1,0.596941,map,0.0,True,True,True
extra_trees,1c1258a1-d0f6-433e-9466-dbc1705fa263,144,high,1,0.537808,appearance,1.581,True,True,True
extra_trees,1c1258a1-d0f6-433e-9466-dbc1705fa263,145,high,1,0.597384,map,0.0,True,True,True
extra_trees,1c1258a1-d0f6-433e-9466-dbc1705fa263,146,high,1,0.565387,appearance,2.55,True,True,True
extra_trees,1c1258a1-d0f6-433e-9466-dbc1705fa263,147,high,1,0.548794,map,0.0,True,True,True
extra_trees,1c1258a1-d0f6-433e-9466-dbc1705fa263,148,high,1,0.58453,map,0.0,True,True,True
extra_trees,1c1258a1-d0f6-433e-9466-dbc1705fa263,149,high,1,0.534737,appearance,1.581,True,True,True
extra_trees,1c1258a1-d0f6-433e-9466-dbc1705fa263,150,high,1,0.569888,map,0.0,True,True,True
extra_trees,1c1258a1-d0f6-433e-9466-dbc1705fa263,151,high,1,0.516166,appearance,1.581,True,True,True
extra_trees,1c1258a1-d0f6-433e-9466-dbc1705fa263,152,high,1,0.54076,map,0.0,True,True,True
extra_trees,1c1258a1-d0f6-433e-9466-dbc1705fa263,153,high,1,0.599067,map,3.808,True,True,True
extra_trees,1c1258a1-d0f6-433e-9466-dbc1705fa263,154,high,1,0.485994,appearance,3.041,True,True,True
extra_trees,1c1258a1-d0f6-433e-9466-dbc1705fa263,155,high,1,0.534421,map,0.0,True,True,True
extra_trees,1c1258a1-d0f6-433e-9466-dbc1705fa263,156,high,1,0.486683,appearance,1.581,True,True,True
extra_trees,1c1258a1-d0f6-433e-9466-dbc1705fa263,157,high,1,0.502314,map,0.0,True,True,True
extra_trees,1c1258a1-d0f6-433e-9466-dbc1705fa263,158,high,1,0.542313,map,0.0,True,True,True
extra_trees,1c1258a1-d0f6-433e-9466-dbc1705fa263,159,high,1,0.499773,appearance,1.581,True,True,True
extra_trees,1c1258a1-d0f6-433e-9466-dbc1705fa263,160,high,1,0.551693,map,0.0,True,True,True
extra_trees,1c1258a1-d0f6-433e-9466-dbc1705fa263,161,high,1,0.463328,map,0.0,True,True,True
extra_trees,1c1258a1-d0f6-433e-9466-dbc1705fa263,162,high,1,0.501226,map,0.0,True,True,True
extra_trees,1c1258a1-d0f6-433e-9466-dbc1705fa263,163,high,1,0.52986,map,0.0,True,True,True
extra_trees,1c1258a1-d0f6-433e-9466-dbc1705fa263,164,high,1,0.511022,appearance,1.581,True,True,True
extra_trees,1c1258a1-d0f6-433e-9466-dbc1705fa263,165,high,1,0.541292,map,0.0,True,True,True
extra_trees,1c1258a1-d0f6-433e-9466-dbc1705fa263,166,high,1,0.448308,map,0.0,True,True,True
extra_trees,1c1258a1-d0f6-433e-9466-dbc1705fa263,167,high,1,0.457092,map,0.0,True,True,True
extra_trees,1c1258a1-d0f6-433e-9466-dbc1705fa263,168,high,1,0.482548,map,0.0,True,True,True
extra_trees,1c1258a1-d0f6-433e-9466-dbc1705fa263,169,high,1,0.459184,appearance,2.121,True,True,True
extra_trees,1c1258a1-d0f6-433e-9466-dbc1705fa263,170,high,1,0.552209,map,0.0,True,True,True
extra_trees,1c1258a1-d0f6-433e-9466-dbc1705fa263,171,high,1,0.544709,appearance,2.121,True,True,True
extra_trees,1c1258a1-d0f6-433e-9466-dbc1705fa263,172,high,1,0.529231,map,0.0,True,True,True
extra_trees,1c1258a1-d0f6-433e-9466-dbc1705fa263,173,high,1,0.553022,map,0.0,True,True,True
extra_trees,1c1258a1-d0f6-433e-9466-dbc1705fa263,174,high,1,0.528216,appearance,1.803,True,True,True
extra_trees,1c1258a1-d0f6-433e-9466-dbc1705fa263,175,high,1,0.616159,map,0.0,True,True,True
extra_trees,1c1258a1-d0f6-433e-9466-dbc1705fa263,176,high,1,0.558497,appearance,1.803,True,True,True
extra_trees,1c1258a1-d0f6-433e-9466-dbc1705fa263,177,high,1,0.559348,map,0.0,True,True,True
extra_trees,1c1258a1-d0f6-433e-9466-dbc1705fa263,178,high,1,0.666644,map,0.0,True,True,True
extra_trees,1c1258a1-d0f6-433e-9466-dbc1705fa263,179,high,1,0.658372,map,0.0,True,True,True
extra_trees,1c1258a1-d0f6-433e-9466-dbc1705fa263,180,high,1,0.678707,map,0.0,True,True,True
extra_trees,1c1258a1-d0f6-433e-9466-dbc1705fa263,181,high,1,0.688135,map,0.0,True,True,True
extra_trees,1c1258a1-d0f6-433e-9466-dbc1705fa263,182,high,1,0.675959,map,0.0,True,True,True
extra_trees,1c1258a1-d0f6-433e-9466-dbc1705fa263,183,high,1,0.704339,map,0.0,True,True,True
extra_trees,1c1258a1-d0f6-433e-9466-dbc1705fa263,184,high,1,0.681073,appearance,2.5,True,True,True
extra_trees,1c1258a1-d0f6-433e-9466-dbc1705fa263,185,high,1,0.727826,map,0.0,True,True,True
extra_trees,1c1258a1-d0f6-433e-9466-dbc1705fa263,186,high,1,0.692504,appearance,7.159,True,True,True
extra_trees,1c1258a1-d0f6-433e-9466-dbc1705fa263,187,high,1,0.691581,map,0.0,True,True,True
extra_trees,1c1258a1-d0f6-433e-9466-dbc1705fa263,188,high,1,0.712299,map,0.0,True,True,True
extra_trees,1c1258a1-d0f6-433e-9466-dbc1705fa263,189,high,1,0.714632,map,1.581,True,True,True
extra_trees,1c1258a1-d0f6-433e-9466-dbc1705fa263,190,high,1,0.706709,map,0.0,True,True,True
extra_trees,1c1258a1-d0f6-433e-9466-dbc1705fa263,191,high,1,0.632305,map,0.0,True,True,True
extra_trees,1c1258a1-d0f6-433e-9466-dbc1705fa263,192,high,1,0.668103,map,0.0,True,True,True
extra_trees,1c1258a1-d0f6-433e-9466-dbc1705fa263,193,high,1,0.680004,map,0.0,True,True,True
extra_trees,1c1258a1-d0f6-433e-9466-dbc1705fa263,194,high,1,0.565117,map,0.0,True,True,True
extra_trees,1c1258a1-d0f6-433e-9466-dbc1705fa263,195,high,1,0.571734,map,0.0,True,True,True
extra_trees,1c1258a1-d0f6-433e-9466-dbc1705fa263,196,high,1,0.613226,map,0.0,True,True,True
extra_trees,1c1258a1-d0f6-433e-9466-dbc1705fa263,197,high,1,0.557627,map,0.0,True,True,True
extra_trees,1c1258a1-d0f6-433e-9466-dbc1705fa263,198,high,1,0.550086,map,0.0,True,True,True
extra_trees,1c1258a1-d0f6-433e-9466-dbc1705fa263,199,high,1,0.550989,map,0.0,True,True,True
extra_trees,1c1258a1-d0f6-433e-9466-dbc1705fa263,200,high,1,0.622022,map,0.0,True,True,True
extra_trees,1c1258a1-d0f6-433e-9466-dbc1705fa263,201,high,1,0.493463,map,0.0,True,True,True
extra_trees,1c1258a1-d0f6-433e-9466-dbc1705fa263,202,high,1,0.501103,map,0.0,True,True,True
extra_trees,1c1258a1-d0f6-433e-9466-dbc1705fa263,203,high,1,0.583781,map,0.0,True,True,True
extra_trees,1c1258a1-d0f6-433e-9466-dbc1705fa263,204,high,1,0.542907,appearance,3.162,True,True,True
extra_trees,1c1258a1-d0f6-433e-9466-dbc1705fa263,205,high,1,0.544352,map,0.0,True,True,True
extra_trees,1c1258a1-d0f6-433e-9466-dbc1705fa263,206,high,1,0.574322,map,0.0,True,True,True
extra_trees,1c1258a1-d0f6-433e-9466-dbc1705fa263,207,high,1,0.5432,map,0.0,True,True,True
extra_trees,1c1258a1-d0f6-433e-9466-dbc1705fa263,208,high,1,0.571058,map,0.0,True,True,True
extra_trees,1c1258a1-d0f6-433e-9466-dbc1705fa263,209,high,1,0.573292,appearance,0.0,True,True,True
extra_trees,1c1258a1-d0f6-433e-9466-dbc1705fa263,210,high,1,0.641489,map,0.0,True,True,True
extra_trees,1c1258a1-d0f6-433e-9466-dbc1705fa263,211,high,1,0.599706,appearance,1.803,True,True,True
extra_trees,1c1258a1-d0f6-433e-9466-dbc1705fa263,212,high,1,0.634521,map,0.0,True,True,True
extra_trees,1c1258a1-d0f6-433e-9466-dbc1705fa263,213,high,1,0.649086,map,0.0,True,True,True
extra_trees,1c1258a1-d0f6-433e-9466-dbc1705fa263,214,high,1,0.629288,appearance,0.0,True,True,True
extra_trees,1c1258a1-d0f6-433e-9466-dbc1705fa263,215,high,1,0.663632,map,0.0,True,True,True
extra_trees,1c1258a1-d0f6-433e-9466-dbc1705fa263,216,high,1,0.652566,map,1.581,True,True,True
extra_trees,1c1258a1-d0f6-433e-9466-dbc1705fa263,217,high,1,0.61736,map,0.0,True,True,True
extra_trees,1c1258a1-d0f6-433e-9466-dbc1705fa263,218,high,1,0.653549,map,0.0,True,True,True
extra_trees,1c1258a1-d0f6-433e-9466-dbc1705fa263,219,high,1,0.611158,appearance,2.915,True,True,True
extra_trees,1c1258a1-d0f6-433e-9466-dbc1705fa263,220,high,1,0.658159,map,0.0,True,True,True
extra_trees,1c1258a1-d0f6-433e-9466-dbc1705fa263,221,high,1,0.591248,appearance,0.0,True,True,True
extra_trees,1c1258a1-d0f6-433e-9466-dbc1705fa263,222,high,1,0.584285,map,0.0,True,True,True
extra_trees,1c1258a1-d0f6-433e-9466-dbc1705fa263,223,high,1,0.67918,map,3.536,True,True,True
extra_trees,1c1258a1-d0f6-433e-9466-dbc1705fa263,224,high,1,0.604656,appearance,0.0,True,True,True
extra_trees,1c1258a1-d0f6-433e-9466-dbc1705fa263,225,high,1,0.658416,map,3.536,True,True,True
extra_trees,1c1258a1-d0f6-433e-9466-dbc1705fa263,226,high,1,0.623642,appearance,0.0,True,True,True
extra_trees,1c1258a1-d0f6-433e-9466-dbc1705fa263,227,high,1,0.60769,map,0.0,True,True,True
extra_trees,1c1258a1-d0f6-433e-9466-dbc1705fa263,228,high,1,0.673296,map,0.0,True,True,True
extra_trees,1c1258a1-d0f6-433e-9466-dbc1705fa263,229,high,1,0.643721,appearance,0.0,True,True,True
extra_trees,1c1258a1-d0f6-433e-9466-dbc1705fa263,230,high,1,0.68003,map,0.0,True,True,True
extra_trees,1c1258a1-d0f6-433e-9466-dbc1705fa263,231,high,1,0.647,appearance,3.536,True,True,True
extra_trees,1c1258a1-d0f6-433e-9466-dbc1705fa263,232,high,1,0.638726,motion,0.0,True,True,True
extra_trees,1c1258a1-d0f6-433e-9466-dbc1705fa263,233,high,2,0.689471,map,0.0,True,True,True
extra_trees,1c1258a1-d0f6-433e-9466-dbc1705fa263,234,medium_high,1,0.606351,appearance,2.0,True,True,True
extra_trees,1c1258a1-d0f6-433e-9466-dbc1705fa263,235,medium_high,1,0.556858,appearance,2.001,True,True,True
extra_trees,1c1258a1-d0f6-433e-9466-dbc1705fa263,236,medium_high,1,0.543434,appearance,2.532,True,True,True
extra_trees,1c1258a1-d0f6-433e-9466-dbc1705fa263,237,medium_high,3,0.449092,map,5.668,True,True,True
extra_trees,1c1258a1-d0f6-433e-9466-dbc1705fa263,238,medium_high,20,0.348076,map,6.905,True,True,True
extra_trees,1c1258a1-d0f6-433e-9466-dbc1705fa263,239,medium_high,21,0.25797,map,36.883,False,False,True
extra_trees,1c1258a1-d0f6-433e-9466-dbc1705fa263,240,medium_high,18,0.27092,map,35.065,False,False,True
extra_trees,1c1258a1-d0f6-433e-9466-dbc1705fa263,241,medium_high,9,0.277224,map,34.894,False,False,True
extra_trees,1c1258a1-d0f6-433e-9466-dbc1705fa263,242,medium_high,18,0.260958,map,35.053,False,False,True
extra_trees,1c1258a1-d0f6-433e-9466-dbc1705fa263,243,medium_high,20,0.264298,map,33.282,False,False,True
extra_trees,1c1258a1-d0f6-433e-9466-dbc1705fa263,244,medium_high,17,0.270803,map,33.073,False,False,True
extra_trees,1c1258a1-d0f6-433e-9466-dbc1705fa263,245,medium_high,13,0.269514,map,32.085,False,False,True
extra_trees,1c1258a1-d0f6-433e-9466-dbc1705fa263,246,medium_high,8,0.271172,map,33.062,False,False,True
extra_trees,1c1258a1-d0f6-433e-9466-dbc1705fa263,247,medium_high,14,0.271597,map,31.3,False,False,True
extra_trees,1c1258a1-d0f6-433e-9466-dbc1705fa263,248,medium_high,9,0.25591,appearance,7.382,True,True,True
extra_trees,1c1258a1-d0f6-433e-9466-dbc1705fa263,249,medium_high,1,0.27812,appearance,6.494,True,True,True
extra_trees,1c1258a1-d0f6-433e-9466-dbc1705fa263,250,medium_high,8,0.220688,appearance,5.646,True,True,True
extra_trees,1c1258a1-d0f6-433e-9466-dbc1705fa263,251,medium_high,1,0.254406,appearance,5.951,True,True,True
extra_trees,1c1258a1-d0f6-433e-9466-dbc1705fa263,252,medium_high,1,0.347062,appearance,6.843,True,True,True
extra_trees,1c1258a1-d0f6-433e-9466-dbc1705fa263,253,medium_high,1,0.372803,map,8.769,False,True,True
extra_trees,1c1258a1-d0f6-433e-9466-dbc1705fa263,254,medium_high,2,0.366768,map,9.407,False,True,True
extra_trees,1c1258a1-d0f6-433e-9466-dbc1705fa263,255,medium_high,1,0.431826,map,8.723,False,True,True
extra_trees,1c1258a1-d0f6-433e-9466-dbc1705fa263,256,medium_high,1,0.372396,map,8.692,False,True,True
extra_trees,1c1258a1-d0f6-433e-9466-dbc1705fa263,257,medium_high,1,0.352468,appearance,4.888,True,True,True
extra_trees,1c1258a1-d0f6-433e-9466-dbc1705fa263,258,medium_high,1,0.273887,appearance,4.862,True,True,True
extra_trees,1c1258a1-d0f6-433e-9466-dbc1705fa263,259,medium_high,1,0.342448,appearance,3.714,True,True,True
extra_trees,1c1258a1-d0f6-433e-9466-dbc1705fa263,260,medium_high,1,0.415042,map,2.1,True,True,True
extra_trees,1c1258a1-d0f6-433e-9466-dbc1705fa263,261,medium_high,1,0.407589,appearance,2.719,True,True,True
extra_trees,1c1258a1-d0f6-433e-9466-dbc1705fa263,262,medium_high,1,0.54972,map,0.03,True,True,True
extra_trees,1c1258a1-d0f6-433e-9466-dbc1705fa263,263,high,1,0.597325,map,0.0,True,True,True
extra_trees,1c1258a1-d0f6-433e-9466-dbc1705fa263,264,high,1,0.655779,appearance,3.0,True,True,True
extra_trees,1c1258a1-d0f6-433e-9466-dbc1705fa263,265,high,1,0.703654,map,0.0,True,True,True
extra_trees,1c1258a1-d0f6-433e-9466-dbc1705fa263,266,high,1,0.714017,appearance,3.536,True,True,True
extra_trees,1c1258a1-d0f6-433e-9466-dbc1705fa263,267,high,1,0.754184,map,0.0,True,True,True
extra_trees,1c1258a1-d0f6-433e-9466-dbc1705fa263,268,high,1,0.773361,map,0.0,True,True,True
extra_trees,1c1258a1-d0f6-433e-9466-dbc1705fa263,269,high,1,0.773641,appearance,4.123,True,True,True
extra_trees,1c1258a1-d0f6-433e-9466-dbc1705fa263,270,high,1,0.786873,map,0.0,True,True,True
extra_trees,1c1258a1-d0f6-433e-9466-dbc1705fa263,271,high,1,0.794797,appearance,3.041,True,True,True
extra_trees,1c1258a1-d0f6-433e-9466-dbc1705fa263,272,high,1,0.790159,map,0.0,True,True,True
extra_trees,1c1258a1-d0f6-433e-9466-dbc1705fa263,273,high,1,0.797389,map,0.0,True,True,True
extra_trees,1c1258a1-d0f6-433e-9466-dbc1705fa263,274,high,1,0.800598,appearance,4.031,True,True,True
extra_trees,1c1258a1-d0f6-433e-9466-dbc1705fa263,275,high,1,0.792064,map,0.0,True,True,True
extra_trees,1c1258a1-d0f6-433e-9466-dbc1705fa263,276,high,1,0.786961,appearance,3.808,True,True,True
extra_trees,1c1258a1-d0f6-433e-9466-dbc1705fa263,277,high,1,0.784104,map,0.0,True,True,True
extra_trees,1c1258a1-d0f6-433e-9466-dbc1705fa263,278,high,1,0.78206,map,0.0,True,True,True
extra_trees,1c1258a1-d0f6-433e-9466-dbc1705fa263,279,high,1,0.775003,appearance,3.5,True,True,True
extra_trees,1c1258a1-d0f6-433e-9466-dbc1705fa263,280,high,1,0.782401,map,0.0,True,True,True
extra_trees,1c1258a1-d0f6-433e-9466-dbc1705fa263,281,high,1,0.766024,appearance,3.041,True,True,True
extra_trees,1c1258a1-d0f6-433e-9466-dbc1705fa263,282,high,1,0.775736,map,0.0,True,True,True
extra_trees,1c1258a1-d0f6-433e-9466-dbc1705fa263,283,high,1,0.777417,map,0.0,True,True,True
extra_trees,1c1258a1-d0f6-433e-9466-dbc1705fa263,284,high,1,0.769228,appearance,3.5,True,True,True
extra_trees,1c1258a1-d0f6-433e-9466-dbc1705fa263,285,high,1,0.782277,map,0.0,True,True,True
extra_trees,1c1258a1-d0f6-433e-9466-dbc1705fa263,286,high,1,0.744736,appearance,3.041,True,True,True
extra_trees,1c1258a1-d0f6-433e-9466-dbc1705fa263,287,high,1,0.763174,map,0.0,True,True,True
extra_trees,1c1258a1-d0f6-433e-9466-dbc1705fa263,288,high,1,0.775987,map,0.0,True,True,True
extra_trees,1c1258a1-d0f6-433e-9466-dbc1705fa263,289,high,1,0.751575,appearance,3.162,True,True,True
extra_trees,1c1258a1-d0f6-433e-9466-dbc1705fa263,290,high,1,0.773317,map,0.0,True,True,True
extra_trees,1c1258a1-d0f6-433e-9466-dbc1705fa263,291,high,1,0.745055,appearance,3.5,True,True,True
extra_trees,1c1258a1-d0f6-433e-9466-dbc1705fa263,292,high,1,0.760039,map,0.0,True,True,True
extra_trees,1c1258a1-d0f6-433e-9466-dbc1705fa263,293,high,1,0.767373,map,0.0,True,True,True
extra_trees,1c1258a1-d0f6-433e-9466-dbc1705fa263,294,high,1,0.752067,appearance,3.64,True,True,True
extra_trees,1c1258a1-d0f6-433e-9466-dbc1705fa263,295,high,1,0.758574,map,0.0,True,True,True
extra_trees,1c1258a1-d0f6-433e-9466-dbc1705fa263,296,high,1,0.733534,appearance,3.041,True,True,True
extra_trees,1c1258a1-d0f6-433e-9466-dbc1705fa263,297,high,1,0.751892,map,0.0,True,True,True
extra_trees,1c1258a1-d0f6-433e-9466-dbc1705fa263,298,high,1,0.736368,map,0.0,True,True,True
extra_trees,1c1258a1-d0f6-433e-9466-dbc1705fa263,299,high,2,0.72322,appearance,7.106,True,True,True
extra_trees,1c1258a1-d0f6-433e-9466-dbc1705fa263,300,high,1,0.713752,map,0.0,True,True,True
extra_trees,1c1258a1-d0f6-433e-9466-dbc1705fa263,301,high,1,0.707857,map,0.0,True,True,True
extra_trees,1c1258a1-d0f6-433e-9466-dbc1705fa263,302,high,1,0.690853,map,0.0,True,True,True
extra_trees,1c1258a1-d0f6-433e-9466-dbc1705fa263,303,high,1,0.719509,map,3.536,True,True,True
extra_trees,1c1258a1-d0f6-433e-9466-dbc1705fa263,304,high,1,0.673635,map,0.0,True,True,True
extra_trees,1c1258a1-d0f6-433e-9466-dbc1705fa263,305,high,1,0.681594,map,0.0,True,True,True
extra_trees,1c1258a1-d0f6-433e-9466-dbc1705fa263,306,high,1,0.661067,map,0.0,True,True,True
extra_trees,1c1258a1-d0f6-433e-9466-dbc1705fa263,307,high,1,0.667808,map,0.0,True,True,True
extra_trees,1c1258a1-d0f6-433e-9466-dbc1705fa263,308,high,2,0.659116,map,0.0,True,True,True
extra_trees,1c1258a1-d0f6-433e-9466-dbc1705fa263,309,high,1,0.633607,map,0.0,True,True,True
extra_trees,1c1258a1-d0f6-433e-9466-dbc1705fa263,310,high,1,0.652721,map,0.0,True,True,True
extra_trees,1c1258a1-d0f6-433e-9466-dbc1705fa263,311,high,1,0.636523,map,3.606,True,True,True
extra_trees,1c1258a1-d0f6-433e-9466-dbc1705fa263,312,high,1,0.643059,map,0.0,True,True,True
extra_trees,1c1258a1-d0f6-433e-9466-dbc1705fa263,313,high,1,0.641868,map,0.0,True,True,True
extra_trees,1c1258a1-d0f6-433e-9466-dbc1705fa263,314,high,1,0.634963,map,0.0,True,True,True
extra_trees,1c1258a1-d0f6-433e-9466-dbc1705fa263,315,high,2,0.707611,map,3.808,True,True,True
extra_trees,1c1258a1-d0f6-433e-9466-dbc1705fa263,316,high,1,0.693047,map,0.0,True,True,True
extra_trees,1c1258a1-d0f6-433e-9466-dbc1705fa263,317,high,1,0.710651,map,0.0,True,True,True
extra_trees,1c1258a1-d0f6-433e-9466-dbc1705fa263,318,high,2,0.697182,map,0.0,True,True,True
extra_trees,1c1258a1-d0f6-433e-9466-dbc1705fa263,319,high,2,0.684376,map,0.0,True,True,True
extra_trees,1c1258a1-d0f6-433e-9466-dbc1705fa263,320,high,1,0.715984,map,0.0,True,True,True
extra_trees,1c1258a1-d0f6-433e-9466-dbc1705fa263,321,high,1,0.697721,map,3.162,True,True,True
extra_trees,1c1258a1-d0f6-433e-9466-dbc1705fa263,322,high,1,0.707308,map,0.0,True,True,True
extra_trees,1c1258a1-d0f6-433e-9466-dbc1705fa263,323,high,1,0.697457,map,0.0,True,True,True
extra_trees,1c1258a1-d0f6-433e-9466-dbc1705fa263,324,high,1,0.682284,appearance,5.22,True,True,True
extra_trees,1c1258a1-d0f6-433e-9466-dbc1705fa263,325,high,3,0.668425,map,12.981,False,True,True
extra_trees,1c1258a1-d0f6-433e-9466-dbc1705fa263,326,high,1,0.64726,appearance,5.025,True,True,True
extra_trees,1c1258a1-d0f6-433e-9466-dbc1705fa263,327,high,2,0.592145,appearance,14.534,False,True,True
extra_trees,1c1258a1-d0f6-433e-9466-dbc1705fa263,328,high,1,0.61668,map,0.0,True,True,True
extra_trees,1c1258a1-d0f6-433e-9466-dbc1705fa263,329,high,3,0.550408,appearance,13.0,False,True,True
extra_trees,1c1258a1-d0f6-433e-9466-dbc1705fa263,330,high,2,0.502132,map,0.0,True,True,True
extra_trees,1c1258a1-d0f6-433e-9466-dbc1705fa263,331,high,1,0.501031,appearance,9.014,False,True,True
extra_trees,1c1258a1-d0f6-433e-9466-dbc1705fa263,332,high,1,0.478545,map,10.7,False,True,True
extra_trees,1c1258a1-d0f6-433e-9466-dbc1705fa263,333,high,3,0.557787,map,14.765,False,True,True
extra_trees,1c1258a1-d0f6-433e-9466-dbc1705fa263,334,high,14,0.462427,map,16.8,False,False,False
extra_trees,1c1258a1-d0f6-433e-9466-dbc1705fa263,335,high,4,0.484742,map,13.865,False,True,True
extra_trees,1c1258a1-d0f6-433e-9466-dbc1705fa263,336,high,7,0.423432,map,15.0,False,True,True
extra_trees,1c1258a1-d0f6-433e-9466-dbc1705fa263,337,high,2,0.43204,map,49.932,False,False,True
extra_trees,1c1258a1-d0f6-433e-9466-dbc1705fa263,338,high,1,0.434666,map,12.971,False,True,True
extra_trees,1c1258a1-d0f6-433e-9466-dbc1705fa263,339,high,1,0.42124,appearance,48.564,False,False,False
extra_trees,1c1258a1-d0f6-433e-9466-dbc1705fa263,340,high,2,0.423473,appearance,45.853,False,False,True
extra_trees,1c1258a1-d0f6-433e-9466-dbc1705fa263,341,high,1,0.423247,appearance,49.503,False,False,False
extra_trees,1c1258a1-d0f6-433e-9466-dbc1705fa263,342,high,2,0.421639,appearance,49.664,False,False,False
extra_trees,1c1258a1-d0f6-433e-9466-dbc1705fa263,343,high,1,0.464561,map,12.53,False,True,True
extra_trees,1c1258a1-d0f6-433e-9466-dbc1705fa263,344,high,1,0.506036,appearance,11.673,False,True,True
extra_trees,1c1258a1-d0f6-433e-9466-dbc1705fa263,345,high,1,0.567647,map,12.298,False,True,True
extra_trees,1c1258a1-d0f6-433e-9466-dbc1705fa263,346,high,1,0.58448,appearance,11.336,False,True,False
extra_trees,529a6584-8974-4cf9-b7f7-f66d49cd3845,37,high,1,0.709183,map,0.0,True,True,True
extra_trees,529a6584-8974-4cf9-b7f7-f66d49cd3845,38,high,1,0.75415,map,0.0,True,True,True
extra_trees,529a6584-8974-4cf9-b7f7-f66d49cd3845,39,high,1,0.755171,map,0.0,True,True,True
extra_trees,529a6584-8974-4cf9-b7f7-f66d49cd3845,40,high,1,0.837662,map,0.0,True,True,True
extra_trees,529a6584-8974-4cf9-b7f7-f66d49cd3845,41,high,1,0.847607,map,0.0,True,True,True
extra_trees,529a6584-8974-4cf9-b7f7-f66d49cd3845,42,high,1,0.899547,map,0.0,True,True,True
extra_trees,529a6584-8974-4cf9-b7f7-f66d49cd3845,43,high,1,0.91573,map,0.0,True,True,True
extra_trees,529a6584-8974-4cf9-b7f7-f66d49cd3845,44,high,1,0.91663,map,4.123,True,True,True
extra_trees,529a6584-8974-4cf9-b7f7-f66d49cd3845,45,high,1,0.929113,map,0.0,True,True,True
extra_trees,529a6584-8974-4cf9-b7f7-f66d49cd3845,46,high,1,0.91754,map,3.606,True,True,True
extra_trees,529a6584-8974-4cf9-b7f7-f66d49cd3845,47,high,1,0.923891,map,0.0,True,True,True
extra_trees,529a6584-8974-4cf9-b7f7-f66d49cd3845,48,high,1,0.930323,map,0.0,True,True,True
extra_trees,529a6584-8974-4cf9-b7f7-f66d49cd3845,49,high,1,0.915799,map,0.0,True,True,True
extra_trees,529a6584-8974-4cf9-b7f7-f66d49cd3845,50,high,1,0.927703,map,0.0,True,True,True
extra_trees,529a6584-8974-4cf9-b7f7-f66d49cd3845,51,high,1,0.916319,map,0.0,True,True,True
extra_trees,529a6584-8974-4cf9-b7f7-f66d49cd3845,52,high,1,0.920694,map,0.0,True,True,True
extra_trees,529a6584-8974-4cf9-b7f7-f66d49cd3845,53,high,1,0.926706,map,0.0,True,True,True
extra_trees,529a6584-8974-4cf9-b7f7-f66d49cd3845,54,high,1,0.913251,map,0.0,True,True,True
extra_trees,529a6584-8974-4cf9-b7f7-f66d49cd3845,55,high,1,0.924976,map,0.0,True,True,True
extra_trees,529a6584-8974-4cf9-b7f7-f66d49cd3845,56,high,1,0.911774,map,4.243,True,True,True
extra_trees,529a6584-8974-4cf9-b7f7-f66d49cd3845,57,high,1,0.92167,map,0.0,True,True,True
extra_trees,529a6584-8974-4cf9-b7f7-f66d49cd3845,58,high,1,0.925529,map,0.0,True,True,True
extra_trees,529a6584-8974-4cf9-b7f7-f66d49cd3845,59,high,1,0.911447,map,3.606,True,True,True
extra_trees,529a6584-8974-4cf9-b7f7-f66d49cd3845,60,high,1,0.924629,map,0.0,True,True,True
extra_trees,529a6584-8974-4cf9-b7f7-f66d49cd3845,61,high,1,0.913935,map,5.099,True,True,True
extra_trees,529a6584-8974-4cf9-b7f7-f66d49cd3845,62,high,1,0.916308,map,0.0,True,True,True
extra_trees,529a6584-8974-4cf9-b7f7-f66d49cd3845,63,high,1,0.923722,map,0.0,True,True,True
extra_trees,529a6584-8974-4cf9-b7f7-f66d49cd3845,64,high,1,0.906548,map,3.0,True,True,True
extra_trees,529a6584-8974-4cf9-b7f7-f66d49cd3845,65,high,1,0.920155,map,0.0,True,True,True
extra_trees,529a6584-8974-4cf9-b7f7-f66d49cd3845,66,high,1,0.902935,map,3.606,True,True,True
extra_trees,529a6584-8974-4cf9-b7f7-f66d49cd3845,67,high,1,0.893384,map,0.0,True,True,True
extra_trees,529a6584-8974-4cf9-b7f7-f66d49cd3845,68,high,1,0.90641,map,4.528,True,True,True
extra_trees,529a6584-8974-4cf9-b7f7-f66d49cd3845,69,high,2,0.893242,map,7.106,True,True,True
extra_trees,529a6584-8974-4cf9-b7f7-f66d49cd3845,70,high,1,0.908937,map,4.95,True,True,True
extra_trees,529a6584-8974-4cf9-b7f7-f66d49cd3845,71,high,2,0.894169,map,3.808,True,True,True
extra_trees,529a6584-8974-4cf9-b7f7-f66d49cd3845,72,high,2,0.855348,map,3.808,True,True,True
extra_trees,529a6584-8974-4cf9-b7f7-f66d49cd3845,73,high,1,0.89175,map,0.0,True,True,True
extra_trees,529a6584-8974-4cf9-b7f7-f66d49cd3845,74,high,1,0.842243,map,0.0,True,True,True
extra_trees,529a6584-8974-4cf9-b7f7-f66d49cd3845,75,high,1,0.890036,map,4.528,True,True,True
extra_trees,529a6584-8974-4cf9-b7f7-f66d49cd3845,76,high,2,0.895313,map,5.701,True,True,True
extra_trees,529a6584-8974-4cf9-b7f7-f66d49cd3845,77,high,2,0.875251,map,4.528,True,True,True
extra_trees,529a6584-8974-4cf9-b7f7-f66d49cd3845,78,high,1,0.904311,map,5.701,True,True,True
extra_trees,529a6584-8974-4cf9-b7f7-f66d49cd3845,79,high,2,0.892378,map,5.701,True,True,True
extra_trees,529a6584-8974-4cf9-b7f7-f66d49cd3845,80,high,1,0.898699,map,4.95,True,True,True
extra_trees,529a6584-8974-4cf9-b7f7-f66d49cd3845,81,high,2,0.893878,map,4.95,True,True,True
extra_trees,529a6584-8974-4cf9-b7f7-f66d49cd3845,82,high,1,0.874211,map,5.701,True,True,True
extra_trees,529a6584-8974-4cf9-b7f7-f66d49cd3845,83,high,2,0.896431,map,4.528,True,True,True
extra_trees,529a6584-8974-4cf9-b7f7-f66d49cd3845,84,high,3,0.874404,map,5.523,True,True,True
extra_trees,529a6584-8974-4cf9-b7f7-f66d49cd3845,85,high,2,0.900493,map,5.148,True,True,True
extra_trees,529a6584-8974-4cf9-b7f7-f66d49cd3845,86,high,3,0.881891,map,6.519,True,True,True
extra_trees,529a6584-8974-4cf9-b7f7-f66d49cd3845,87,high,1,0.882515,map,4.95,True,True,True
extra_trees,529a6584-8974-4cf9-b7f7-f66d49cd3845,88,high,2,0.905426,map,4.528,True,True,True
extra_trees,529a6584-8974-4cf9-b7f7-f66d49cd3845,89,high,2,0.890917,map,6.325,True,True,True
extra_trees,529a6584-8974-4cf9-b7f7-f66d49cd3845,90,high,2,0.890543,map,5.701,True,True,True
extra_trees,529a6584-8974-4cf9-b7f7-f66d49cd3845,91,high,1,0.891321,appearance,3.354,True,True,True
extra_trees,529a6584-8974-4cf9-b7f7-f66d49cd3845,92,high,1,0.904599,map,5.148,True,True,True
extra_trees,529a6584-8974-4cf9-b7f7-f66d49cd3845,93,high,2,0.920407,map,5.701,True,True,True
extra_trees,529a6584-8974-4cf9-b7f7-f66d49cd3845,94,high,3,0.896519,map,7.649,True,True,True
extra_trees,529a6584-8974-4cf9-b7f7-f66d49cd3845,95,high,1,0.931402,map,0.0,True,True,True
extra_trees,529a6584-8974-4cf9-b7f7-f66d49cd3845,96,high,2,0.913251,map,0.0,True,True,True
extra_trees,529a6584-8974-4cf9-b7f7-f66d49cd3845,97,high,1,0.916055,map,0.0,True,True,True
extra_trees,529a6584-8974-4cf9-b7f7-f66d49cd3845,98,high,1,0.925912,map,0.0,True,True,True
extra_trees,529a6584-8974-4cf9-b7f7-f66d49cd3845,99,high,1,0.882104,appearance,0.0,True,True,True
extra_trees,529a6584-8974-4cf9-b7f7-f66d49cd3845,100,high,1,0.919451,map,0.0,True,True,True
extra_trees,529a6584-8974-4cf9-b7f7-f66d49cd3845,101,high,2,0.912693,map,0.0,True,True,True
extra_trees,529a6584-8974-4cf9-b7f7-f66d49cd3845,102,high,1,0.921174,map,0.0,True,True,True
extra_trees,529a6584-8974-4cf9-b7f7-f66d49cd3845,103,high,1,0.919348,map,0.0,True,True,True
extra_trees,529a6584-8974-4cf9-b7f7-f66d49cd3845,104,high,1,0.902808,appearance,0.0,True,True,True
extra_trees,529a6584-8974-4cf9-b7f7-f66d49cd3845,105,high,1,0.923565,map,0.0,True,True,True
extra_trees,529a6584-8974-4cf9-b7f7-f66d49cd3845,106,high,1,0.911953,appearance,9.192,False,True,True
extra_trees,529a6584-8974-4cf9-b7f7-f66d49cd3845,107,high,1,0.922651,map,0.0,True,True,True
extra_trees,529a6584-8974-4cf9-b7f7-f66d49cd3845,108,high,1,0.920471,map,0.0,True,True,True
extra_trees,529a6584-8974-4cf9-b7f7-f66d49cd3845,109,high,2,0.90229,map,0.0,True,True,True
extra_trees,529a6584-8974-4cf9-b7f7-f66d49cd3845,110,high,1,0.925569,map,0.0,True,True,True
extra_trees,529a6584-8974-4cf9-b7f7-f66d49cd3845,111,high,2,0.906424,map,0.0,True,True,True
extra_trees,529a6584-8974-4cf9-b7f7-f66d49cd3845,112,high,1,0.928161,map,0.0,True,True,True
extra_trees,529a6584-8974-4cf9-b7f7-f66d49cd3845,113,high,1,0.933482,map,0.0,True,True,True
extra_trees,529a6584-8974-4cf9-b7f7-f66d49cd3845,114,high,2,0.916732,map,0.0,True,True,True
extra_trees,529a6584-8974-4cf9-b7f7-f66d49cd3845,115,high,1,0.934496,map,0.0,True,True,True
extra_trees,529a6584-8974-4cf9-b7f7-f66d49cd3845,116,high,2,0.912099,map,0.0,True,True,True
extra_trees,529a6584-8974-4cf9-b7f7-f66d49cd3845,117,high,1,0.930457,map,0.0,True,True,True
extra_trees,529a6584-8974-4cf9-b7f7-f66d49cd3845,118,high,1,0.932788,map,0.0,True,True,True
extra_trees,529a6584-8974-4cf9-b7f7-f66d49cd3845,119,high,2,0.909818,map,0.0,True,True,True
extra_trees,529a6584-8974-4cf9-b7f7-f66d49cd3845,120,high,1,0.936541,map,0.0,True,True,True
extra_trees,529a6584-8974-4cf9-b7f7-f66d49cd3845,121,high,2,0.913927,map,0.0,True,True,True
extra_trees,529a6584-8974-4cf9-b7f7-f66d49cd3845,122,high,1,0.925054,map,0.0,True,True,True
extra_trees,529a6584-8974-4cf9-b7f7-f66d49cd3845,123,high,1,0.933552,map,0.0,True,True,True
extra_trees,529a6584-8974-4cf9-b7f7-f66d49cd3845,124,high,2,0.902352,map,0.0,True,True,True
extra_trees,529a6584-8974-4cf9-b7f7-f66d49cd3845,125,high,1,0.926705,map,0.0,True,True,True
extra_trees,529a6584-8974-4cf9-b7f7-f66d49cd3845,126,high,2,0.900466,map,0.0,True,True,True
extra_trees,529a6584-8974-4cf9-b7f7-f66d49cd3845,127,high,1,0.921382,map,0.0,True,True,True
extra_trees,529a6584-8974-4cf9-b7f7-f66d49cd3845,128,high,1,0.926938,map,0.0,True,True,True
extra_trees,529a6584-8974-4cf9-b7f7-f66d49cd3845,129,high,2,0.895467,map,0.0,True,True,True
extra_trees,529a6584-8974-4cf9-b7f7-f66d49cd3845,130,high,1,0.922188,map,0.0,True,True,True
extra_trees,529a6584-8974-4cf9-b7f7-f66d49cd3845,131,high,2,0.90885,map,0.0,True,True,True
extra_trees,529a6584-8974-4cf9-b7f7-f66d49cd3845,132,high,1,0.922514,map,0.0,True,True,True
extra_trees,529a6584-8974-4cf9-b7f7-f66d49cd3845,133,high,1,0.924425,map,0.0,True,True,True
extra_trees,529a6584-8974-4cf9-b7f7-f66d49cd3845,134,high,2,0.904613,map,0.0,True,True,True
extra_trees,529a6584-8974-4cf9-b7f7-f66d49cd3845,135,high,1,0.922225,map,8.062,False,True,True
extra_trees,529a6584-8974-4cf9-b7f7-f66d49cd3845,136,high,2,0.903645,map,10.296,False,True,True
extra_trees,529a6584-8974-4cf9-b7f7-f66d49cd3845,137,high,1,0.875967,map,4.301,True,True,True
extra_trees,529a6584-8974-4cf9-b7f7-f66d49cd3845,138,high,1,0.908368,map,0.0,True,True,True
extra_trees,529a6584-8974-4cf9-b7f7-f66d49cd3845,139,high,4,0.860334,map,9.055,False,True,True
extra_trees,529a6584-8974-4cf9-b7f7-f66d49cd3845,140,high,1,0.883851,map,7.906,True,True,True
extra_trees,529a6584-8974-4cf9-b7f7-f66d49cd3845,141,high,2,0.832308,map,9.823,False,True,True
extra_trees,529a6584-8974-4cf9-b7f7-f66d49cd3845,142,high,2,0.828409,motion,3.808,True,True,True
extra_trees,529a6584-8974-4cf9-b7f7-f66d49cd3845,143,high,3,0.87798,map,0.0,True,True,True
extra_trees,529a6584-8974-4cf9-b7f7-f66d49cd3845,144,high,3,0.799223,map,0.0,True,True,True
extra_trees,529a6584-8974-4cf9-b7f7-f66d49cd3845,145,high,1,0.827389,map,0.0,True,True,True
extra_trees,529a6584-8974-4cf9-b7f7-f66d49cd3845,146,high,1,0.830795,appearance,4.95,True,True,True
extra_trees,529a6584-8974-4cf9-b7f7-f66d49cd3845,147,high,1,0.874749,map,0.0,True,True,True
extra_trees,529a6584-8974-4cf9-b7f7-f66d49cd3845,148,high,1,0.894705,map,0.0,True,True,True
extra_trees,529a6584-8974-4cf9-b7f7-f66d49cd3845,149,high,2,0.886754,map,5.0,True,True,True
extra_trees,7bd296cd-c800-4be9-ab0f-07e8d68cb648,437,high,1,0.850248,map,0.0,True,True,True
extra_trees,7bd296cd-c800-4be9-ab0f-07e8d68cb648,438,high,1,0.882521,map,0.0,True,True,True
extra_trees,7bd296cd-c800-4be9-ab0f-07e8d68cb648,439,high,2,0.860462,map,3.606,True,True,True
extra_trees,7bd296cd-c800-4be9-ab0f-07e8d68cb648,440,high,1,0.911435,map,0.0,True,True,True
extra_trees,7bd296cd-c800-4be9-ab0f-07e8d68cb648,441,high,2,0.905956,map,4.472,True,True,True
extra_trees,7bd296cd-c800-4be9-ab0f-07e8d68cb648,442,high,1,0.940895,map,0.0,True,True,True
extra_trees,7bd296cd-c800-4be9-ab0f-07e8d68cb648,443,high,1,0.940275,map,0.0,True,True,True
extra_trees,7bd296cd-c800-4be9-ab0f-07e8d68cb648,444,high,2,0.925337,map,0.0,True,True,True
extra_trees,7bd296cd-c800-4be9-ab0f-07e8d68cb648,445,high,1,0.939464,map,0.0,True,True,True
extra_trees,7bd296cd-c800-4be9-ab0f-07e8d68cb648,446,high,1,0.922369,map,0.0,True,True,True
extra_trees,7bd296cd-c800-4be9-ab0f-07e8d68cb648,447,high,1,0.935073,map,0.0,True,True,True
extra_trees,7bd296cd-c800-4be9-ab0f-07e8d68cb648,448,high,2,0.927185,map,0.0,True,True,True
extra_trees,7bd296cd-c800-4be9-ab0f-07e8d68cb648,449,high,1,0.908686,map,4.243,True,True,True
extra_trees,7bd296cd-c800-4be9-ab0f-07e8d68cb648,450,high,1,0.935825,map,0.0,True,True,True
extra_trees,7bd296cd-c800-4be9-ab0f-07e8d68cb648,451,high,1,0.904423,map,0.0,True,True,True
extra_trees,7bd296cd-c800-4be9-ab0f-07e8d68cb648,452,high,1,0.917987,map,0.0,True,True,True
extra_trees,7bd296cd-c800-4be9-ab0f-07e8d68cb648,453,high,1,0.934038,map,0.0,True,True,True
extra_trees,7bd296cd-c800-4be9-ab0f-07e8d68cb648,454,high,1,0.909626,map,0.0,True,True,True
extra_trees,7bd296cd-c800-4be9-ab0f-07e8d68cb648,455,high,1,0.934823,map,0.0,True,True,True
extra_trees,7bd296cd-c800-4be9-ab0f-07e8d68cb648,456,high,2,0.915539,map,0.0,True,True,True
extra_trees,7bd296cd-c800-4be9-ab0f-07e8d68cb648,457,high,1,0.931655,map,0.0,True,True,True
extra_trees,7bd296cd-c800-4be9-ab0f-07e8d68cb648,458,high,1,0.934032,map,0.0,True,True,True
extra_trees,7bd296cd-c800-4be9-ab0f-07e8d68cb648,459,high,1,0.91727,map,0.0,True,True,True
extra_trees,7bd296cd-c800-4be9-ab0f-07e8d68cb648,460,high,1,0.929655,map,0.0,True,True,True
extra_trees,7bd296cd-c800-4be9-ab0f-07e8d68cb648,461,high,1,0.914062,map,4.123,True,True,True
extra_trees,7bd296cd-c800-4be9-ab0f-07e8d68cb648,462,high,1,0.921175,map,0.0,True,True,True
extra_trees,7bd296cd-c800-4be9-ab0f-07e8d68cb648,463,high,1,0.929214,map,0.0,True,True,True
extra_trees,7bd296cd-c800-4be9-ab0f-07e8d68cb648,464,high,1,0.903644,map,3.606,True,True,True
extra_trees,7bd296cd-c800-4be9-ab0f-07e8d68cb648,465,high,1,0.916603,map,0.0,True,True,True
extra_trees,7bd296cd-c800-4be9-ab0f-07e8d68cb648,466,high,2,0.885681,map,0.0,True,True,True
extra_trees,7bd296cd-c800-4be9-ab0f-07e8d68cb648,467,high,2,0.871474,map,0.0,True,True,True
extra_trees,7bd296cd-c800-4be9-ab0f-07e8d68cb648,468,high,3,0.885522,map,0.0,True,True,True
extra_trees,7bd296cd-c800-4be9-ab0f-07e8d68cb648,469,high,1,0.876739,map,5.385,True,True,True
extra_trees,7bd296cd-c800-4be9-ab0f-07e8d68cb648,470,high,2,0.881053,map,0.0,True,True,True
extra_trees,7bd296cd-c800-4be9-ab0f-07e8d68cb648,471,high,1,0.850825,map,0.0,True,True,True
extra_trees,7bd296cd-c800-4be9-ab0f-07e8d68cb648,472,high,1,0.839718,map,0.0,True,True,True
extra_trees,7bd296cd-c800-4be9-ab0f-07e8d68cb648,473,high,2,0.845123,map,4.301,True,True,True
extra_trees,7bd296cd-c800-4be9-ab0f-07e8d68cb648,474,high,1,0.800694,map,0.0,True,True,True
extra_trees,7bd296cd-c800-4be9-ab0f-07e8d68cb648,475,high,1,0.860172,map,4.528,True,True,True
extra_trees,7bd296cd-c800-4be9-ab0f-07e8d68cb648,476,high,1,0.815643,map,0.0,True,True,True
extra_trees,7bd296cd-c800-4be9-ab0f-07e8d68cb648,477,high,1,0.868963,map,4.95,True,True,True
extra_trees,7bd296cd-c800-4be9-ab0f-07e8d68cb648,478,high,1,0.903404,map,5.701,True,True,True
extra_trees,7bd296cd-c800-4be9-ab0f-07e8d68cb648,479,high,2,0.862052,map,7.106,True,True,True
extra_trees,7bd296cd-c800-4be9-ab0f-07e8d68cb648,480,high,1,0.910921,map,4.95,True,True,True
extra_trees,7bd296cd-c800-4be9-ab0f-07e8d68cb648,481,high,2,0.89535,map,4.301,True,True,True
extra_trees,7bd296cd-c800-4be9-ab0f-07e8d68cb648,482,high,1,0.878816,map,4.301,True,True,True
extra_trees,7bd296cd-c800-4be9-ab0f-07e8d68cb648,483,high,1,0.897667,map,5.701,True,True,True
extra_trees,7bd296cd-c800-4be9-ab0f-07e8d68cb648,484,high,2,0.869784,map,7.106,True,True,True
extra_trees,7bd296cd-c800-4be9-ab0f-07e8d68cb648,485,high,2,0.894457,map,5.148,True,True,True
extra_trees,7bd296cd-c800-4be9-ab0f-07e8d68cb648,486,high,3,0.859511,map,9.055,False,True,True
extra_trees,7bd296cd-c800-4be9-ab0f-07e8d68cb648,487,high,1,0.89483,map,0.0,True,True,True
extra_trees,7bd296cd-c800-4be9-ab0f-07e8d68cb648,488,high,1,0.918723,map,0.0,True,True,True
extra_trees,7bd296cd-c800-4be9-ab0f-07e8d68cb648,489,high,1,0.89358,appearance,5.315,True,True,True
extra_trees,7bd296cd-c800-4be9-ab0f-07e8d68cb648,490,high,1,0.928584,map,0.0,True,True,True
extra_trees,7bd296cd-c800-4be9-ab0f-07e8d68cb648,491,high,1,0.906071,appearance,5.025,True,True,True
extra_trees,7bd296cd-c800-4be9-ab0f-07e8d68cb648,492,high,2,0.92642,map,0.0,True,True,True
extra_trees,7bd296cd-c800-4be9-ab0f-07e8d68cb648,493,high,1,0.928073,map,0.0,True,True,True
extra_trees,7bd296cd-c800-4be9-ab0f-07e8d68cb648,494,high,2,0.912199,map,1.414,True,True,True
extra_trees,7bd296cd-c800-4be9-ab0f-07e8d68cb648,495,high,1,0.924639,map,0.0,True,True,True
extra_trees,7bd296cd-c800-4be9-ab0f-07e8d68cb648,496,high,2,0.885017,map,0.0,True,True,True
extra_trees,7bd296cd-c800-4be9-ab0f-07e8d68cb648,497,high,2,0.873191,map,4.301,True,True,True
extra_trees,7bd296cd-c800-4be9-ab0f-07e8d68cb648,498,high,1,0.904391,map,0.0,True,True,True
extra_trees,7bd296cd-c800-4be9-ab0f-07e8d68cb648,499,high,1,0.837456,appearance,5.385,True,True,True
extra_trees,7bd296cd-c800-4be9-ab0f-07e8d68cb648,500,high,1,0.904296,map,0.0,True,True,True
extra_trees,7bd296cd-c800-4be9-ab0f-07e8d68cb648,501,high,2,0.845154,map,0.0,True,True,True
extra_trees,7bd296cd-c800-4be9-ab0f-07e8d68cb648,502,high,1,0.89973,map,0.0,True,True,True
extra_trees,7bd296cd-c800-4be9-ab0f-07e8d68cb648,503,high,1,0.897614,map,0.0,True,True,True
extra_trees,7bd296cd-c800-4be9-ab0f-07e8d68cb648,504,high,1,0.883997,appearance,4.301,True,True,True
extra_trees,7bd296cd-c800-4be9-ab0f-07e8d68cb648,505,high,1,0.928021,map,0.0,True,True,True
extra_trees,7bd296cd-c800-4be9-ab0f-07e8d68cb648,506,high,1,0.903579,appearance,10.548,False,True,True
extra_trees,7bd296cd-c800-4be9-ab0f-07e8d68cb648,507,high,1,0.924275,map,0.0,True,True,True
extra_trees,7bd296cd-c800-4be9-ab0f-07e8d68cb648,508,high,1,0.921932,map,0.0,True,True,True
extra_trees,7bd296cd-c800-4be9-ab0f-07e8d68cb648,509,high,2,0.902521,map,0.0,True,True,True
extra_trees,7bd296cd-c800-4be9-ab0f-07e8d68cb648,510,high,1,0.918774,map,0.0,True,True,True
extra_trees,7bd296cd-c800-4be9-ab0f-07e8d68cb648,511,high,2,0.908249,map,0.0,True,True,True
extra_trees,7bd296cd-c800-4be9-ab0f-07e8d68cb648,512,high,1,0.918738,map,0.0,True,True,True
extra_trees,7bd296cd-c800-4be9-ab0f-07e8d68cb648,513,high,1,0.929894,map,0.0,True,True,True
extra_trees,7bd296cd-c800-4be9-ab0f-07e8d68cb648,514,high,2,0.916538,map,0.0,True,True,True
extra_trees,7bd296cd-c800-4be9-ab0f-07e8d68cb648,515,high,1,0.933506,map,0.0,True,True,True
extra_trees,7bd296cd-c800-4be9-ab0f-07e8d68cb648,516,high,2,0.916954,map,0.0,True,True,True
extra_trees,7bd296cd-c800-4be9-ab0f-07e8d68cb648,517,high,1,0.930911,map,0.0,True,True,True
extra_trees,7bd296cd-c800-4be9-ab0f-07e8d68cb648,518,high,1,0.933292,map,0.0,True,True,True
extra_trees,7bd296cd-c800-4be9-ab0f-07e8d68cb648,519,high,2,0.917277,map,0.0,True,True,True
extra_trees,7bd296cd-c800-4be9-ab0f-07e8d68cb648,520,high,1,0.939211,map,0.0,True,True,True
extra_trees,7bd296cd-c800-4be9-ab0f-07e8d68cb648,521,high,2,0.919564,map,0.0,True,True,True
extra_trees,7bd296cd-c800-4be9-ab0f-07e8d68cb648,522,high,1,0.923398,map,0.0,True,True,True
extra_trees,7bd296cd-c800-4be9-ab0f-07e8d68cb648,523,high,1,0.932864,map,0.0,True,True,True
extra_trees,7bd296cd-c800-4be9-ab0f-07e8d68cb648,524,high,2,0.906257,map,0.0,True,True,True
extra_trees,7bd296cd-c800-4be9-ab0f-07e8d68cb648,525,high,1,0.927891,map,0.0,True,True,True
extra_trees,7bd296cd-c800-4be9-ab0f-07e8d68cb648,526,high,2,0.898272,map,0.0,True,True,True
extra_trees,7bd296cd-c800-4be9-ab0f-07e8d68cb648,527,high,1,0.918373,map,0.0,True,True,True
extra_trees,7bd296cd-c800-4be9-ab0f-07e8d68cb648,528,high,1,0.922441,map,0.0,True,True,True
extra_trees,7bd296cd-c800-4be9-ab0f-07e8d68cb648,529,high,2,0.890315,map,0.0,True,True,True
extra_trees,7bd296cd-c800-4be9-ab0f-07e8d68cb648,530,high,1,0.909937,map,0.0,True,True,True
extra_trees,7bd296cd-c800-4be9-ab0f-07e8d68cb648,531,high,2,0.889876,map,0.0,True,True,True
extra_trees,7bd296cd-c800-4be9-ab0f-07e8d68cb648,532,high,1,0.902866,map,8.602,False,True,True
extra_trees,7bd296cd-c800-4be9-ab0f-07e8d68cb648,533,high,1,0.905206,map,0.0,True,True,True
extra_trees,7bd296cd-c800-4be9-ab0f-07e8d68cb648,534,high,2,0.841147,map,0.0,True,True,True
extra_trees,7bd296cd-c800-4be9-ab0f-07e8d68cb648,535,high,1,0.90283,map,8.062,False,True,True
extra_trees,7bd296cd-c800-4be9-ab0f-07e8d68cb648,536,high,2,0.84066,map,10.296,False,True,True
extra_trees,7bd296cd-c800-4be9-ab0f-07e8d68cb648,537,high,1,0.895632,map,0.0,True,True,True
extra_trees,7bd296cd-c800-4be9-ab0f-07e8d68cb648,538,high,2,0.900954,map,0.0,True,True,True
extra_trees,7bd296cd-c800-4be9-ab0f-07e8d68cb648,539,high,3,0.843051,map,0.0,True,True,True
extra_trees,7bd296cd-c800-4be9-ab0f-07e8d68cb648,540,high,1,0.88301,map,7.906,True,True,True
extra_trees,7bd296cd-c800-4be9-ab0f-07e8d68cb648,541,high,2,0.856037,map,10.124,False,True,True
extra_trees,7bd296cd-c800-4be9-ab0f-07e8d68cb648,542,high,6,0.824959,map,9.487,False,True,True
extra_trees,7bd296cd-c800-4be9-ab0f-07e8d68cb648,543,high,2,0.867942,map,0.0,True,True,True
extra_trees,7bd296cd-c800-4be9-ab0f-07e8d68cb648,544,high,3,0.815669,map,0.0,True,True,True
extra_trees,7bd296cd-c800-4be9-ab0f-07e8d68cb648,545,high,1,0.872694,map,0.0,True,True,True
extra_trees,7bd296cd-c800-4be9-ab0f-07e8d68cb648,546,high,2,0.83612,map,0.0,True,True,True
extra_trees,7bd296cd-c800-4be9-ab0f-07e8d68cb648,547,high,1,0.845405,map,0.0,True,True,True
extra_trees,7bd296cd-c800-4be9-ab0f-07e8d68cb648,548,high,4,0.851641,map,5.099,True,True,True
extra_trees,7bd296cd-c800-4be9-ab0f-07e8d68cb648,549,high,2,0.813867,map,10.124,False,True,True
extra_trees,7bd296cd-c800-4be9-ab0f-07e8d68cb648,550,high,2,0.855679,map,0.0,True,True,True
extra_trees,7bd296cd-c800-4be9-ab0f-07e8d68cb648,551,high,2,0.823044,map,9.192,False,True,True
extra_trees,7bd296cd-c800-4be9-ab0f-07e8d68cb648,552,high,1,0.861609,map,0.0,True,True,True
extra_trees,7bd296cd-c800-4be9-ab0f-07e8d68cb648,553,high,1,0.887083,map,0.0,True,True,True
extra_trees,7bd296cd-c800-4be9-ab0f-07e8d68cb648,554,high,1,0.807987,appearance,0.0,True,True,True
extra_trees,7bd296cd-c800-4be9-ab0f-07e8d68cb648,555,high,1,0.855752,map,0.0,True,True,True
extra_trees,7bd296cd-c800-4be9-ab0f-07e8d68cb648,556,high,2,0.803062,map,0.0,True,True,True
extra_trees,7bd296cd-c800-4be9-ab0f-07e8d68cb648,557,high,1,0.837127,map,0.0,True,True,True
extra_trees,7bd296cd-c800-4be9-ab0f-07e8d68cb648,558,high,1,0.845117,map,0.0,True,True,True
extra_trees,7bd296cd-c800-4be9-ab0f-07e8d68cb648,559,high,1,0.762801,map,0.0,True,True,True
extra_trees,7bd296cd-c800-4be9-ab0f-07e8d68cb648,560,high,1,0.768628,map,0.0,True,True,True
extra_trees,7bd296cd-c800-4be9-ab0f-07e8d68cb648,561,high,1,0.692599,map,0.0,True,True,True
extra_trees,7bd296cd-c800-4be9-ab0f-07e8d68cb648,562,high,1,0.74624,map,0.0,True,True,True
extra_trees,7bd296cd-c800-4be9-ab0f-07e8d68cb648,563,high,1,0.780516,map,0.0,True,True,True
extra_trees,7bd296cd-c800-4be9-ab0f-07e8d68cb648,564,high,1,0.714112,map,0.0,True,True,True
extra_trees,7bd296cd-c800-4be9-ab0f-07e8d68cb648,565,high,1,0.71227,map,0.0,True,True,True
extra_trees,7bd296cd-c800-4be9-ab0f-07e8d68cb648,566,high,2,0.640003,map,0.0,True,True,True
extra_trees,7bd296cd-c800-4be9-ab0f-07e8d68cb648,568,high,1,0.715626,map,0.0,True,True,True
extra_trees,7bd296cd-c800-4be9-ab0f-07e8d68cb648,569,high,1,0.701782,map,0.0,True,True,True
extra_trees,7bd296cd-c800-4be9-ab0f-07e8d68cb648,570,high,1,0.767206,map,7.382,True,True,True
extra_trees,7bd296cd-c800-4be9-ab0f-07e8d68cb648,571,high,1,0.700149,map,0.0,True,True,True
extra_trees,7bd296cd-c800-4be9-ab0f-07e8d68cb648,572,high,2,0.633419,motion,7.762,True,True,True
extra_trees,7bd296cd-c800-4be9-ab0f-07e8d68cb648,573,high,2,0.661967,map,5.701,True,True,True
extra_trees,7bd296cd-c800-4be9-ab0f-07e8d68cb648,574,high,1,0.659572,map,0.0,True,True,True
extra_trees,7bd296cd-c800-4be9-ab0f-07e8d68cb648,575,high,2,0.696829,map,14.714,False,True,True
extra_trees,7bd296cd-c800-4be9-ab0f-07e8d68cb648,576,high,2,0.675257,appearance,11.068,False,True,True
extra_trees,7bd296cd-c800-4be9-ab0f-07e8d68cb648,577,high,3,0.670072,map,7.106,True,True,True
extra_trees,7bd296cd-c800-4be9-ab0f-07e8d68cb648,578,high,7,0.67192,map,4.743,True,True,True
extra_trees,7bd296cd-c800-4be9-ab0f-07e8d68cb648,579,high,1,0.615736,map,0.0,True,True,True
extra_trees,7bd296cd-c800-4be9-ab0f-07e8d68cb648,580,high,4,0.654122,map,13.657,False,True,True
extra_trees,7bd296cd-c800-4be9-ab0f-07e8d68cb648,581,high,9,0.595533,map,4.743,True,True,True
extra_trees,7bd296cd-c800-4be9-ab0f-07e8d68cb648,582,high,3,0.65576,map,16.643,False,False,True
extra_trees,7bd296cd-c800-4be9-ab0f-07e8d68cb648,583,high,2,0.670806,map,8.515,False,True,True
extra_trees,7bd296cd-c800-4be9-ab0f-07e8d68cb648,584,high,1,0.629063,map,0.0,True,True,True
extra_trees,7bd296cd-c800-4be9-ab0f-07e8d68cb648,585,high,7,0.671196,map,0.0,True,True,True
extra_trees,7bd296cd-c800-4be9-ab0f-07e8d68cb648,586,high,6,0.647204,map,0.0,True,True,True
extra_trees,7bd296cd-c800-4be9-ab0f-07e8d68cb648,587,high,1,0.717631,map,0.0,True,True,True
extra_trees,7bd296cd-c800-4be9-ab0f-07e8d68cb648,588,high,1,0.739141,map,0.0,True,True,True
extra_trees,7bd296cd-c800-4be9-ab0f-07e8d68cb648,589,medium_high,1,0.696806,map,4.123,True,True,True
extra_trees,7bd296cd-c800-4be9-ab0f-07e8d68cb648,590,medium_high,1,0.729055,map,3.0,True,True,True
extra_trees,e2711620-6d4e-4f9c-8922-b1b2d1fb74f2,1,high,18,0.364913,large_dark,3.607,True,True,True
extra_trees,e2711620-6d4e-4f9c-8922-b1b2d1fb74f2,2,high,27,0.466482,large_dark,5.219,True,True,True
extra_trees,e2711620-6d4e-4f9c-8922-b1b2d1fb74f2,3,high,39,0.441371,large_dark,4.811,True,True,True
extra_trees,e2711620-6d4e-4f9c-8922-b1b2d1fb74f2,4,high,38,0.425334,large_dark,4.401,True,True,True
extra_trees,e2711620-6d4e-4f9c-8922-b1b2d1fb74f2,5,high,7,0.596311,appearance,29.957,False,False,True
extra_trees,e2711620-6d4e-4f9c-8922-b1b2d1fb74f2,6,high,7,0.661666,hybrid_coast,27.959,False,False,True
extra_trees,e2711620-6d4e-4f9c-8922-b1b2d1fb74f2,7,high,13,0.751588,hybrid_coast,25.246,False,False,True
extra_trees,e2711620-6d4e-4f9c-8922-b1b2d1fb74f2,8,high,21,0.725322,hybrid_coast,25.731,False,False,True
extra_trees,e2711620-6d4e-4f9c-8922-b1b2d1fb74f2,9,high,32,0.70752,hybrid_coast,24.679,False,False,True
extra_trees,e2711620-6d4e-4f9c-8922-b1b2d1fb74f2,10,high,7,0.698412,hybrid_coast,32.925,False,False,True
extra_trees,e2711620-6d4e-4f9c-8922-b1b2d1fb74f2,11,high,11,0.737722,hybrid_coast,26.575,False,False,True
extra_trees,e2711620-6d4e-4f9c-8922-b1b2d1fb74f2,12,high,18,0.716689,hybrid_coast,23.701,False,False,True
extra_trees,e2711620-6d4e-4f9c-8922-b1b2d1fb74f2,13,high,4,0.746666,hybrid_coast,34.391,False,False,True
extra_trees,e2711620-6d4e-4f9c-8922-b1b2d1fb74f2,14,high,4,0.73407,hybrid_coast,34.358,False,False,True
extra_trees,e2711620-6d4e-4f9c-8922-b1b2d1fb74f2,15,high,6,0.718881,hybrid_coast,36.267,False,False,True
extra_trees,e2711620-6d4e-4f9c-8922-b1b2d1fb74f2,16,high,20,0.732309,appearance,30.887,False,False,True
extra_trees,e2711620-6d4e-4f9c-8922-b1b2d1fb74f2,17,high,4,0.66218,hybrid_coast,37.217,False,False,True
extra_trees,e2711620-6d4e-4f9c-8922-b1b2d1fb74f2,18,high,4,0.656138,hybrid_coast,38.262,False,False,True
extra_trees,e2711620-6d4e-4f9c-8922-b1b2d1fb74f2,19,high,5,0.659423,hybrid_coast,40.34,False,False,True
extra_trees,e2711620-6d4e-4f9c-8922-b1b2d1fb74f2,20,high,18,0.708239,hybrid_coast,45.401,False,False,True
extra_trees,e2711620-6d4e-4f9c-8922-b1b2d1fb74f2,21,high,21,0.678643,hybrid_coast,47.891,False,False,True
extra_trees,e2711620-6d4e-4f9c-8922-b1b2d1fb74f2,22,high,5,0.650191,hybrid_coast,38.92,False,False,True
extra_trees,e2711620-6d4e-4f9c-8922-b1b2d1fb74f2,23,high,13,0.695214,hybrid_coast,40.504,False,False,True
extra_trees,e2711620-6d4e-4f9c-8922-b1b2d1fb74f2,24,high,12,0.688522,hybrid_coast,42.838,False,False,True
extra_trees,e2711620-6d4e-4f9c-8922-b1b2d1fb74f2,25,high,8,0.710224,hybrid_coast,38.864,False,False,True
extra_trees,e2711620-6d4e-4f9c-8922-b1b2d1fb74f2,26,high,6,0.64711,hybrid_coast,47.768,False,False,True
extra_trees,e2711620-6d4e-4f9c-8922-b1b2d1fb74f2,27,high,13,0.69528,hybrid_coast,44.151,False,False,True
extra_trees,e2711620-6d4e-4f9c-8922-b1b2d1fb74f2,28,high,14,0.713333,hybrid_coast,47.6,False,False,True
extra_trees,e2711620-6d4e-4f9c-8922-b1b2d1fb74f2,29,high,13,0.720229,hybrid_coast,50.167,False,False,True
extra_trees,e2711620-6d4e-4f9c-8922-b1b2d1fb74f2,30,high,6,0.724791,hybrid_coast,44.937,False,False,True
extra_trees,e2711620-6d4e-4f9c-8922-b1b2d1fb74f2,31,high,6,0.690359,hybrid_coast,46.213,False,False,True
extra_trees,e2711620-6d4e-4f9c-8922-b1b2d1fb74f2,32,high,5,0.693782,hybrid_coast,48.534,False,False,True
extra_trees,e2711620-6d4e-4f9c-8922-b1b2d1fb74f2,33,high,7,0.717049,hybrid_coast,51.123,False,False,True
extra_trees,e2711620-6d4e-4f9c-8922-b1b2d1fb74f2,34,high,5,0.726724,hybrid_coast,52.449,False,False,True
extra_trees,e2711620-6d4e-4f9c-8922-b1b2d1fb74f2,35,high,20,0.765497,appearance,44.939,False,False,True
extra_trees,e2711620-6d4e-4f9c-8922-b1b2d1fb74f2,36,high,25,0.738762,appearance,44.289,False,False,True
extra_trees,e2711620-6d4e-4f9c-8922-b1b2d1fb74f2,37,high,20,0.751565,appearance,13.928,False,True,True
extra_trees,e2711620-6d4e-4f9c-8922-b1b2d1fb74f2,38,high,32,0.717131,appearance,18.668,False,False,True
extra_trees,e2711620-6d4e-4f9c-8922-b1b2d1fb74f2,39,high,36,0.686332,appearance,23.453,False,False,True
extra_trees,e2711620-6d4e-4f9c-8922-b1b2d1fb74f2,40,high,7,0.677519,hybrid_coast,55.009,False,False,True
extra_trees,e2711620-6d4e-4f9c-8922-b1b2d1fb74f2,41,high,12,0.672472,hybrid_coast,51.045,False,False,True
extra_trees,e2711620-6d4e-4f9c-8922-b1b2d1fb74f2,42,high,5,0.644611,hybrid_coast,67.587,False,False,True
extra_trees,e2711620-6d4e-4f9c-8922-b1b2d1fb74f2,43,high,4,0.707224,large_dark,19.276,False,False,True
extra_trees,e2711620-6d4e-4f9c-8922-b1b2d1fb74f2,44,high,15,0.662324,large_dark,24.411,False,False,True
extra_trees,e2711620-6d4e-4f9c-8922-b1b2d1fb74f2,45,high,8,0.737253,large_dark,19.717,False,False,True
extra_trees,e2711620-6d4e-4f9c-8922-b1b2d1fb74f2,46,high,15,0.734326,large_dark,20.014,False,False,True
extra_trees,e2711620-6d4e-4f9c-8922-b1b2d1fb74f2,47,high,16,0.725242,large_dark,21.311,False,False,True
extra_trees,e2711620-6d4e-4f9c-8922-b1b2d1fb74f2,48,high,7,0.756742,hybrid_coast,18.921,False,False,True
extra_trees,e2711620-6d4e-4f9c-8922-b1b2d1fb74f2,49,high,16,0.73589,hybrid_coast,23.955,False,False,False
extra_trees,e2711620-6d4e-4f9c-8922-b1b2d1fb74f2,50,high,2,0.832803,hybrid_coast,6.083,True,True,True
extra_trees,e2711620-6d4e-4f9c-8922-b1b2d1fb74f2,51,high,6,0.829175,hybrid_coast,3.096,True,True,True
extra_trees,e2711620-6d4e-4f9c-8922-b1b2d1fb74f2,52,high,20,0.834583,hybrid_coast,12.248,False,True,True
extra_trees,e2711620-6d4e-4f9c-8922-b1b2d1fb74f2,53,high,7,0.884518,hybrid_coast,5.283,True,True,True
extra_trees,e2711620-6d4e-4f9c-8922-b1b2d1fb74f2,54,high,5,0.855379,hybrid_coast,4.368,True,True,True
extra_trees,e2711620-6d4e-4f9c-8922-b1b2d1fb74f2,55,high,10,0.854995,hybrid_coast,1.768,True,True,True
extra_trees,e2711620-6d4e-4f9c-8922-b1b2d1fb74f2,56,high,17,0.817432,large_dark,6.203,True,True,True
extra_trees,e2711620-6d4e-4f9c-8922-b1b2d1fb74f2,57,high,13,0.820401,hybrid_coast,21.068,False,False,True
extra_trees,e2711620-6d4e-4f9c-8922-b1b2d1fb74f2,58,high,23,0.814106,hybrid_coast,23.793,False,False,True
extra_trees,e2711620-6d4e-4f9c-8922-b1b2d1fb74f2,59,high,23,0.784639,hybrid_coast,24.317,False,False,True
extra_trees,e2711620-6d4e-4f9c-8922-b1b2d1fb74f2,60,high,8,0.836684,hybrid_coast,10.512,False,True,True
extra_trees,e2711620-6d4e-4f9c-8922-b1b2d1fb74f2,61,high,17,0.824801,hybrid_coast,8.8,False,True,True
extra_trees,e2711620-6d4e-4f9c-8922-b1b2d1fb74f2,62,high,13,0.840197,hybrid_coast,4.924,True,True,True
extra_trees,e2711620-6d4e-4f9c-8922-b1b2d1fb74f2,63,high,3,0.841781,hybrid_coast,10.715,False,True,True
extra_trees,e2711620-6d4e-4f9c-8922-b1b2d1fb74f2,64,high,11,0.841743,hybrid_coast,9.68,False,True,True
extra_trees,e2711620-6d4e-4f9c-8922-b1b2d1fb74f2,65,high,10,0.836699,hybrid_coast,15.116,False,True,True
extra_trees,e2711620-6d4e-4f9c-8922-b1b2d1fb74f2,66,high,22,0.827403,hybrid_coast,12.8,False,True,True
extra_trees,e2711620-6d4e-4f9c-8922-b1b2d1fb74f2,67,high,11,0.828076,hybrid_coast,19.415,False,False,True
extra_trees,e2711620-6d4e-4f9c-8922-b1b2d1fb74f2,68,high,3,0.839462,hybrid_coast,9.701,False,True,True
extra_trees,e2711620-6d4e-4f9c-8922-b1b2d1fb74f2,69,high,22,0.781284,hybrid_coast,20.994,False,False,True
extra_trees,e2711620-6d4e-4f9c-8922-b1b2d1fb74f2,70,high,2,0.851829,hybrid_coast,5.852,True,True,True
extra_trees,e2711620-6d4e-4f9c-8922-b1b2d1fb74f2,71,high,23,0.80912,hybrid_coast,9.765,False,True,True
extra_trees,e2711620-6d4e-4f9c-8922-b1b2d1fb74f2,72,high,3,0.832332,hybrid_coast,9.492,False,True,True
extra_trees,e2711620-6d4e-4f9c-8922-b1b2d1fb74f2,73,high,2,0.850585,hybrid_coast,4.866,True,True,True
extra_trees,e2711620-6d4e-4f9c-8922-b1b2d1fb74f2,74,high,11,0.83391,hybrid_coast,2.012,True,True,True
extra_trees,e2711620-6d4e-4f9c-8922-b1b2d1fb74f2,75,high,15,0.836367,hybrid_coast,7.95,True,True,True
extra_trees,e2711620-6d4e-4f9c-8922-b1b2d1fb74f2,76,high,13,0.820892,hybrid_coast,3.421,True,True,True
extra_trees,e2711620-6d4e-4f9c-8922-b1b2d1fb74f2,77,high,12,0.83784,hybrid_coast,6.341,True,True,True
extra_trees,e2711620-6d4e-4f9c-8922-b1b2d1fb74f2,78,high,18,0.830165,hybrid_coast,8.453,False,True,True
extra_trees,e2711620-6d4e-4f9c-8922-b1b2d1fb74f2,79,high,27,0.795221,hybrid_coast,10.99,False,True,True
extra_trees,e2711620-6d4e-4f9c-8922-b1b2d1fb74f2,80,high,3,0.790273,appearance,2.55,True,True,True
extra_trees,e2711620-6d4e-4f9c-8922-b1b2d1fb74f2,81,high,2,0.793643,appearance,2.564,True,True,True
extra_trees,e2711620-6d4e-4f9c-8922-b1b2d1fb74f2,82,high,3,0.785818,hybrid_coast,5.802,True,True,True
extra_trees,e2711620-6d4e-4f9c-8922-b1b2d1fb74f2,83,high,2,0.777739,hybrid_coast,4.865,True,True,True
extra_trees,e2711620-6d4e-4f9c-8922-b1b2d1fb74f2,84,high,20,0.741757,hybrid_coast,6.407,True,True,True
extra_trees,e2711620-6d4e-4f9c-8922-b1b2d1fb74f2,85,high,2,0.782409,hybrid_coast,4.947,True,True,True
extra_trees,e2711620-6d4e-4f9c-8922-b1b2d1fb74f2,86,high,16,0.749374,hybrid_coast,10.847,False,True,True
extra_trees,e2711620-6d4e-4f9c-8922-b1b2d1fb74f2,87,high,2,0.839444,hybrid_coast,1.682,True,True,True
extra_trees,e2711620-6d4e-4f9c-8922-b1b2d1fb74f2,88,high,15,0.843653,hybrid_coast,6.301,True,True,True
extra_trees,e2711620-6d4e-4f9c-8922-b1b2d1fb74f2,89,high,21,0.836718,hybrid_coast,10.275,False,True,True
extra_trees,e2711620-6d4e-4f9c-8922-b1b2d1fb74f2,90,high,27,0.8214,hybrid_coast,14.25,False,True,True
extra_trees,e2711620-6d4e-4f9c-8922-b1b2d1fb74f2,91,high,38,0.818632,map,41.225,False,False,True
extra_trees,e2711620-6d4e-4f9c-8922-b1b2d1fb74f2,92,high,3,0.818193,hybrid_coast,0.224,True,True,True
extra_trees,e2711620-6d4e-4f9c-8922-b1b2d1fb74f2,93,high,14,0.855378,hybrid_coast,8.835,False,True,True
extra_trees,e2711620-6d4e-4f9c-8922-b1b2d1fb74f2,94,high,23,0.841916,hybrid_coast,11.894,False,True,True
extra_trees,e2711620-6d4e-4f9c-8922-b1b2d1fb74f2,95,high,32,0.824483,hybrid_coast,14.992,False,True,True
extra_trees,e2711620-6d4e-4f9c-8922-b1b2d1fb74f2,96,high,42,0.776983,large_dark,23.294,False,False,True
extra_trees,e2711620-6d4e-4f9c-8922-b1b2d1fb74f2,97,high,10,0.824443,hybrid_coast,5.25,True,True,True
extra_trees,e2711620-6d4e-4f9c-8922-b1b2d1fb74f2,98,high,3,0.84603,hybrid_coast,1.401,True,True,True
extra_trees,e2711620-6d4e-4f9c-8922-b1b2d1fb74f2,99,high,11,0.853122,hybrid_coast,5.588,True,True,True
extra_trees,e2711620-6d4e-4f9c-8922-b1b2d1fb74f2,100,high,11,0.839742,appearance,1.118,True,True,True
extra_trees,e2711620-6d4e-4f9c-8922-b1b2d1fb74f2,101,high,30,0.778764,hybrid_coast,11.943,False,True,True
extra_trees,e2711620-6d4e-4f9c-8922-b1b2d1fb74f2,102,high,2,0.867564,hybrid_coast,1.351,True,True,True
extra_trees,e2711620-6d4e-4f9c-8922-b1b2d1fb74f2,103,high,6,0.888213,hybrid_coast,5.239,True,True,True
extra_trees,e2711620-6d4e-4f9c-8922-b1b2d1fb74f2,104,high,12,0.847311,hybrid_coast,10.171,False,True,True
extra_trees,e2711620-6d4e-4f9c-8922-b1b2d1fb74f2,105,high,2,0.894404,hybrid_coast,1.584,True,True,True
extra_trees,e2711620-6d4e-4f9c-8922-b1b2d1fb74f2,106,high,4,0.881437,hybrid_coast,6.239,True,True,True
extra_trees,e2711620-6d4e-4f9c-8922-b1b2d1fb74f2,107,high,2,0.863569,hybrid_coast,0.985,True,True,True
extra_trees,e2711620-6d4e-4f9c-8922-b1b2d1fb74f2,108,high,8,0.896688,hybrid_coast,5.277,True,True,True
extra_trees,e2711620-6d4e-4f9c-8922-b1b2d1fb74f2,109,high,12,0.868223,hybrid_coast,10.254,False,True,True
extra_trees,e2711620-6d4e-4f9c-8922-b1b2d1fb74f2,110,high,7,0.9,hybrid_coast,4.316,True,True,True
extra_trees,e2711620-6d4e-4f9c-8922-b1b2d1fb74f2,111,high,12,0.887054,hybrid_coast,8.307,False,True,True
extra_trees,e2711620-6d4e-4f9c-8922-b1b2d1fb74f2,112,high,8,0.85097,hybrid_coast,6.329,True,True,True
extra_trees,e2711620-6d4e-4f9c-8922-b1b2d1fb74f2,113,high,4,0.869562,hybrid_coast,4.362,True,True,True
extra_trees,e2711620-6d4e-4f9c-8922-b1b2d1fb74f2,114,high,13,0.846526,hybrid_coast,9.123,False,True,True
extra_trees,e2711620-6d4e-4f9c-8922-b1b2d1fb74f2,115,high,15,0.855966,large_dark,15.392,False,True,True
extra_trees,e2711620-6d4e-4f9c-8922-b1b2d1fb74f2,116,high,6,0.841513,hybrid_coast,6.546,True,True,True
extra_trees,e2711620-6d4e-4f9c-8922-b1b2d1fb74f2,117,high,17,0.814595,hybrid_coast,12.276,False,True,True
extra_trees,e2711620-6d4e-4f9c-8922-b1b2d1fb74f2,118,high,4,0.835951,hybrid_coast,7.452,True,True,True
extra_trees,e2711620-6d4e-4f9c-8922-b1b2d1fb74f2,119,high,13,0.794572,hybrid_coast,8.821,False,True,True
extra_trees,e2711620-6d4e-4f9c-8922-b1b2d1fb74f2,120,high,10,0.803683,hybrid_coast,8.382,False,True,True
extra_trees,e2711620-6d4e-4f9c-8922-b1b2d1fb74f2,121,high,16,0.761203,hybrid_coast,13.851,False,True,True
extra_trees,e2711620-6d4e-4f9c-8922-b1b2d1fb74f2,122,high,6,0.77062,hybrid_coast,7.464,True,True,True
extra_trees,e2711620-6d4e-4f9c-8922-b1b2d1fb74f2,123,high,2,0.782362,hybrid_coast,7.607,True,True,True
extra_trees,e2711620-6d4e-4f9c-8922-b1b2d1fb74f2,124,high,16,0.77659,hybrid_coast,3.189,True,True,True
extra_trees,e2711620-6d4e-4f9c-8922-b1b2d1fb74f2,125,high,1,0.815102,hybrid_coast,9.342,False,True,True
extra_trees,e2711620-6d4e-4f9c-8922-b1b2d1fb74f2,126,high,1,0.826351,hybrid_coast,12.134,False,True,True
extra_trees,e2711620-6d4e-4f9c-8922-b1b2d1fb74f2,127,high,21,0.798759,hybrid_coast,16.792,False,False,True
extra_trees,e2711620-6d4e-4f9c-8922-b1b2d1fb74f2,128,high,21,0.789154,hybrid_coast,23.077,False,False,True
extra_trees,e2711620-6d4e-4f9c-8922-b1b2d1fb74f2,129,high,10,0.806826,appearance,5.356,True,True,True
extra_trees,e2711620-6d4e-4f9c-8922-b1b2d1fb74f2,130,high,12,0.778271,map,6.374,True,True,True
extra_trees,e2711620-6d4e-4f9c-8922-b1b2d1fb74f2,131,high,9,0.769523,appearance,5.345,True,True,True
extra_trees,e2711620-6d4e-4f9c-8922-b1b2d1fb74f2,132,high,1,0.719997,hybrid_coast,52.541,False,False,True
extra_trees,e2711620-6d4e-4f9c-8922-b1b2d1fb74f2,133,high,7,0.731821,hybrid_coast,48.915,False,False,True
extra_trees,e2711620-6d4e-4f9c-8922-b1b2d1fb74f2,134,high,3,0.755598,hybrid_coast,48.33,False,False,True
extra_trees,e2711620-6d4e-4f9c-8922-b1b2d1fb74f2,135,high,12,0.714341,hybrid_coast,51.302,False,False,True
extra_trees,e2711620-6d4e-4f9c-8922-b1b2d1fb74f2,136,high,2,0.718605,hybrid_coast,69.159,False,False,True
extra_trees,e2711620-6d4e-4f9c-8922-b1b2d1fb74f2,137,high,7,0.739098,hybrid_coast,79.615,False,False,True
extra_trees,e2711620-6d4e-4f9c-8922-b1b2d1fb74f2,138,high,62,0.713001,large_dark,20.224,False,False,True
extra_trees,e2711620-6d4e-4f9c-8922-b1b2d1fb74f2,139,high,60,0.687597,large_dark,26.0,False,False,True
extra_trees,e2711620-6d4e-4f9c-8922-b1b2d1fb74f2,140,high,40,0.738267,large_dark,10.012,False,True,True
extra_trees,e2711620-6d4e-4f9c-8922-b1b2d1fb74f2,141,high,19,0.764779,large_dark,9.855,False,True,True
extra_trees,e2711620-6d4e-4f9c-8922-b1b2d1fb74f2,142,high,24,0.78808,appearance,5.371,True,True,True
extra_trees,e2711620-6d4e-4f9c-8922-b1b2d1fb74f2,143,high,3,0.838206,large_dark,9.551,False,True,True
extra_trees,e2711620-6d4e-4f9c-8922-b1b2d1fb74f2,144,high,11,0.851059,appearance,4.717,True,True,True
extra_trees,e2711620-6d4e-4f9c-8922-b1b2d1fb74f2,145,high,5,0.883986,map,6.861,True,True,True
extra_trees,e2711620-6d4e-4f9c-8922-b1b2d1fb74f2,146,high,2,0.918548,hybrid_coast,5.749,True,True,True
extra_trees,e2711620-6d4e-4f9c-8922-b1b2d1fb74f2,147,high,3,0.912452,hybrid_coast,3.708,True,True,True
extra_trees,e2711620-6d4e-4f9c-8922-b1b2d1fb74f2,148,high,2,0.905488,hybrid_coast,5.482,True,True,True
extra_trees,e2711620-6d4e-4f9c-8922-b1b2d1fb74f2,149,high,3,0.87317,hybrid_coast,4.399,True,True,True
extra_trees,e2711620-6d4e-4f9c-8922-b1b2d1fb74f2,150,high,5,0.891297,hybrid_coast,3.202,True,True,True
extra_trees,e2711620-6d4e-4f9c-8922-b1b2d1fb74f2,151,high,4,0.888157,appearance,3.345,True,True,True
extra_trees,e2711620-6d4e-4f9c-8922-b1b2d1fb74f2,152,high,6,0.873801,hybrid_coast,1.204,True,True,True
extra_trees,e2711620-6d4e-4f9c-8922-b1b2d1fb74f2,153,high,23,0.840585,hybrid_coast,5.957,True,True,True
extra_trees,e2711620-6d4e-4f9c-8922-b1b2d1fb74f2,154,high,6,0.855244,appearance,2.408,True,True,True
extra_trees,e2711620-6d4e-4f9c-8922-b1b2d1fb74f2,155,high,7,0.884812,map,4.657,True,True,True
extra_trees,e2711620-6d4e-4f9c-8922-b1b2d1fb74f2,156,high,16,0.824563,map,4.738,True,True,True
extra_trees,e2711620-6d4e-4f9c-8922-b1b2d1fb74f2,157,high,2,0.804064,hybrid_coast,11.956,False,True,True
extra_trees,e2711620-6d4e-4f9c-8922-b1b2d1fb74f2,158,high,3,0.831585,hybrid_coast,8.812,False,True,True
extra_trees,e2711620-6d4e-4f9c-8922-b1b2d1fb74f2,159,high,27,0.792971,map,4.877,True,True,True
extra_trees,e2711620-6d4e-4f9c-8922-b1b2d1fb74f2,160,high,1,0.853278,large_dark,6.946,True,True,True
extra_trees,e2711620-6d4e-4f9c-8922-b1b2d1fb74f2,161,high,1,0.848086,large_dark,6.961,True,True,True
extra_trees,e2711620-6d4e-4f9c-8922-b1b2d1fb74f2,162,high,19,0.848545,map,5.411,True,True,True
extra_trees,e2711620-6d4e-4f9c-8922-b1b2d1fb74f2,163,high,1,0.888414,hybrid_coast,8.157,False,True,True
extra_trees,e2711620-6d4e-4f9c-8922-b1b2d1fb74f2,164,high,1,0.879942,hybrid_coast,8.682,False,True,True
extra_trees,e2711620-6d4e-4f9c-8922-b1b2d1fb74f2,165,high,16,0.881213,map,5.763,True,True,True
extra_trees,e2711620-6d4e-4f9c-8922-b1b2d1fb74f2,166,high,22,0.878982,map,7.671,True,True,True
extra_trees,e2711620-6d4e-4f9c-8922-b1b2d1fb74f2,167,high,3,0.886048,appearance,1.16,True,True,True
extra_trees,e2711620-6d4e-4f9c-8922-b1b2d1fb74f2,168,high,6,0.896335,hybrid_coast,0.985,True,True,True
extra_trees,e2711620-6d4e-4f9c-8922-b1b2d1fb74f2,169,high,6,0.854493,hybrid_coast,2.696,True,True,True
extra_trees,e2711620-6d4e-4f9c-8922-b1b2d1fb74f2,170,high,20,0.854019,hybrid_coast,2.795,True,True,True
extra_trees,e2711620-6d4e-4f9c-8922-b1b2d1fb74f2,171,high,20,0.841905,hybrid_coast,7.746,True,True,True
extra_trees,e2711620-6d4e-4f9c-8922-b1b2d1fb74f2,172,high,18,0.843224,large_dark,6.657,True,True,True
extra_trees,e2711620-6d4e-4f9c-8922-b1b2d1fb74f2,173,high,2,0.86238,large_dark,6.32,True,True,True
extra_trees,e2711620-6d4e-4f9c-8922-b1b2d1fb74f2,174,high,16,0.891393,hybrid_coast,1.481,True,True,True
extra_trees,e2711620-6d4e-4f9c-8922-b1b2d1fb74f2,175,high,12,0.872141,hybrid_coast,6.592,True,True,True
extra_trees,e2711620-6d4e-4f9c-8922-b1b2d1fb74f2,176,high,4,0.863952,hybrid_coast,1.063,True,True,True
extra_trees,e2711620-6d4e-4f9c-8922-b1b2d1fb74f2,177,high,3,0.869228,hybrid_coast,5.441,True,True,True
extra_trees,e2711620-6d4e-4f9c-8922-b1b2d1fb74f2,178,high,4,0.867277,hybrid_coast,5.91,True,True,True
extra_trees,e2711620-6d4e-4f9c-8922-b1b2d1fb74f2,179,high,2,0.910976,hybrid_coast,5.527,True,True,True
extra_trees,e2711620-6d4e-4f9c-8922-b1b2d1fb74f2,180,high,4,0.89557,hybrid_coast,5.701,True,True,True
extra_trees,e2711620-6d4e-4f9c-8922-b1b2d1fb74f2,181,high,9,0.873327,hybrid_coast,3.664,True,True,True
extra_trees,e2711620-6d4e-4f9c-8922-b1b2d1fb74f2,182,high,17,0.905314,hybrid_coast,7.114,True,True,True
extra_trees,e2711620-6d4e-4f9c-8922-b1b2d1fb74f2,183,high,4,0.868373,hybrid_coast,1.535,True,True,True
extra_trees,e2711620-6d4e-4f9c-8922-b1b2d1fb74f2,184,high,2,0.87013,hybrid_coast,3.068,True,True,True
extra_trees,e2711620-6d4e-4f9c-8922-b1b2d1fb74f2,185,high,7,0.923232,hybrid_coast,1.522,True,True,True
extra_trees,e2711620-6d4e-4f9c-8922-b1b2d1fb74f2,186,high,17,0.905946,hybrid_coast,3.482,True,True,True
extra_trees,e2711620-6d4e-4f9c-8922-b1b2d1fb74f2,187,high,28,0.857902,hybrid_coast,10.573,False,True,True
extra_trees,e2711620-6d4e-4f9c-8922-b1b2d1fb74f2,188,high,16,0.838284,hybrid_coast,6.719,True,True,True
extra_trees,e2711620-6d4e-4f9c-8922-b1b2d1fb74f2,189,high,4,0.875484,hybrid_coast,3.207,True,True,True
extra_trees,e2711620-6d4e-4f9c-8922-b1b2d1fb74f2,190,high,6,0.878087,hybrid_coast,0.75,True,True,True
extra_trees,e2711620-6d4e-4f9c-8922-b1b2d1fb74f2,191,high,9,0.868423,hybrid_coast,1.449,True,True,True
extra_trees,e2711620-6d4e-4f9c-8922-b1b2d1fb74f2,192,high,7,0.864325,large_dark,3.833,True,True,True
extra_trees,e2711620-6d4e-4f9c-8922-b1b2d1fb74f2,193,high,3,0.879166,hybrid_coast,3.729,True,True,True
extra_trees,e2711620-6d4e-4f9c-8922-b1b2d1fb74f2,194,high,2,0.901273,hybrid_coast,3.65,True,True,True
extra_trees,e2711620-6d4e-4f9c-8922-b1b2d1fb74f2,195,high,9,0.905752,hybrid_coast,6.741,True,True,True
extra_trees,e2711620-6d4e-4f9c-8922-b1b2d1fb74f2,196,high,6,0.901302,hybrid_coast,3.669,True,True,True
extra_trees,e2711620-6d4e-4f9c-8922-b1b2d1fb74f2,197,high,1,0.880767,large_dark,4.547,True,True,True
extra_trees,e2711620-6d4e-4f9c-8922-b1b2d1fb74f2,198,high,6,0.870001,hybrid_coast,2.811,True,True,True
extra_trees,e2711620-6d4e-4f9c-8922-b1b2d1fb74f2,199,high,3,0.843487,hybrid_coast,4.75,True,True,True
extra_trees,e2711620-6d4e-4f9c-8922-b1b2d1fb74f2,200,high,7,0.837787,appearance,2.828,True,True,True
extra_trees,e2711620-6d4e-4f9c-8922-b1b2d1fb74f2,201,high,11,0.810621,hybrid_coast,9.376,False,True,True
extra_trees,e2711620-6d4e-4f9c-8922-b1b2d1fb74f2,202,high,31,0.76675,hybrid_coast,12.288,False,True,True
extra_trees,e2711620-6d4e-4f9c-8922-b1b2d1fb74f2,203,high,8,0.761338,appearance,3.585,True,True,True
extra_trees,e2711620-6d4e-4f9c-8922-b1b2d1fb74f2,204,high,7,0.861507,appearance,3.744,True,True,True
extra_trees,e2711620-6d4e-4f9c-8922-b1b2d1fb74f2,205,high,5,0.882097,hybrid_coast,3.829,True,True,True
extra_trees,e2711620-6d4e-4f9c-8922-b1b2d1fb74f2,206,high,6,0.88797,hybrid_coast,4.715,True,True,True
extra_trees,e2711620-6d4e-4f9c-8922-b1b2d1fb74f2,207,high,6,0.9015,hybrid_coast,3.43,True,True,True
extra_trees,e2711620-6d4e-4f9c-8922-b1b2d1fb74f2,208,high,21,0.856283,hybrid_coast,9.27,False,True,True
extra_trees,e2711620-6d4e-4f9c-8922-b1b2d1fb74f2,209,high,4,0.878368,hybrid_coast,6.482,True,True,True
extra_trees,e2711620-6d4e-4f9c-8922-b1b2d1fb74f2,210,high,2,0.897716,hybrid_coast,4.507,True,True,True
extra_trees,e2711620-6d4e-4f9c-8922-b1b2d1fb74f2,211,high,6,0.871893,hybrid_coast,4.691,True,True,True
extra_trees,e2711620-6d4e-4f9c-8922-b1b2d1fb74f2,212,high,7,0.90478,hybrid_coast,6.339,True,True,True
extra_trees,e2711620-6d4e-4f9c-8922-b1b2d1fb74f2,213,high,14,0.787056,hybrid_coast,10.648,False,True,True
extra_trees,e2711620-6d4e-4f9c-8922-b1b2d1fb74f2,214,high,23,0.776386,hybrid_coast,13.219,False,True,True
extra_trees,e2711620-6d4e-4f9c-8922-b1b2d1fb74f2,215,high,6,0.848124,map,3.276,True,True,True
extra_trees,e2711620-6d4e-4f9c-8922-b1b2d1fb74f2,216,high,14,0.852429,appearance,4.491,True,True,True
extra_trees,e2711620-6d4e-4f9c-8922-b1b2d1fb74f2,217,high,12,0.883259,hybrid_coast,3.869,True,True,True
extra_trees,e2711620-6d4e-4f9c-8922-b1b2d1fb74f2,218,high,9,0.885793,hybrid_coast,5.549,True,True,True
extra_trees,e2711620-6d4e-4f9c-8922-b1b2d1fb74f2,219,high,13,0.865687,hybrid_coast,7.344,True,True,True
extra_trees,e2711620-6d4e-4f9c-8922-b1b2d1fb74f2,220,high,2,0.889556,hybrid_coast,4.301,True,True,True
extra_trees,e2711620-6d4e-4f9c-8922-b1b2d1fb74f2,221,high,1,0.92576,hybrid_coast,3.797,True,True,True
extra_trees,e2711620-6d4e-4f9c-8922-b1b2d1fb74f2,222,high,3,0.954489,hybrid_coast,1.701,True,True,True
extra_trees,e2711620-6d4e-4f9c-8922-b1b2d1fb74f2,223,high,6,0.943196,hybrid_coast,3.809,True,True,True
extra_trees,e2711620-6d4e-4f9c-8922-b1b2d1fb74f2,224,high,10,0.941418,hybrid_coast,6.064,True,True,True
extra_trees,e2711620-6d4e-4f9c-8922-b1b2d1fb74f2,225,high,18,0.904326,hybrid_coast,13.364,False,True,True
extra_trees,e2711620-6d4e-4f9c-8922-b1b2d1fb74f2,226,high,28,0.869977,hybrid_coast,15.733,False,True,True
extra_trees,e2711620-6d4e-4f9c-8922-b1b2d1fb74f2,227,high,1,0.889706,hybrid_coast,4.504,True,True,True
extra_trees,e2711620-6d4e-4f9c-8922-b1b2d1fb74f2,228,high,2,0.920635,hybrid_coast,2.997,True,True,True
extra_trees,e2711620-6d4e-4f9c-8922-b1b2d1fb74f2,229,high,4,0.908598,hybrid_coast,3.826,True,True,True
extra_trees,e2711620-6d4e-4f9c-8922-b1b2d1fb74f2,230,high,3,0.949112,hybrid_coast,0.901,True,True,True
extra_trees,e2711620-6d4e-4f9c-8922-b1b2d1fb74f2,231,high,7,0.923727,hybrid_coast,2.172,True,True,True
extra_trees,e2711620-6d4e-4f9c-8922-b1b2d1fb74f2,232,high,2,0.935705,hybrid_coast,4.662,True,True,True
extra_trees,e2711620-6d4e-4f9c-8922-b1b2d1fb74f2,233,high,9,0.934859,hybrid_coast,2.222,True,True,True
extra_trees,e2711620-6d4e-4f9c-8922-b1b2d1fb74f2,234,high,12,0.940076,hybrid_coast,6.351,True,True,True
extra_trees,e2711620-6d4e-4f9c-8922-b1b2d1fb74f2,235,high,8,0.895469,hybrid_coast,3.297,True,True,True
extra_trees,e2711620-6d4e-4f9c-8922-b1b2d1fb74f2,236,high,23,0.812564,hybrid_coast,13.417,False,True,True
extra_trees,e2711620-6d4e-4f9c-8922-b1b2d1fb74f2,237,high,4,0.874628,hybrid_coast,2.8,True,True,True
extra_trees,e2711620-6d4e-4f9c-8922-b1b2d1fb74f2,238,high,8,0.853529,hybrid_coast,2.365,True,True,True
extra_trees,e2711620-6d4e-4f9c-8922-b1b2d1fb74f2,239,high,17,0.836937,hybrid_coast,5.553,True,True,True
extra_trees,e2711620-6d4e-4f9c-8922-b1b2d1fb74f2,240,high,2,0.807034,map,4.031,True,True,True
extra_trees,e2711620-6d4e-4f9c-8922-b1b2d1fb74f2,241,high,3,0.815547,hybrid_coast,2.924,True,True,True
extra_trees,e2711620-6d4e-4f9c-8922-b1b2d1fb74f2,242,high,14,0.851151,hybrid_coast,8.369,False,True,True
extra_trees,e2711620-6d4e-4f9c-8922-b1b2d1fb74f2,243,high,26,0.836159,hybrid_coast,12.611,False,True,True
extra_trees,e2711620-6d4e-4f9c-8922-b1b2d1fb74f2,244,high,2,0.873959,map,4.569,True,True,True
extra_trees,e2711620-6d4e-4f9c-8922-b1b2d1fb74f2,245,high,5,0.808228,hybrid_coast,2.568,True,True,True
extra_trees,e2711620-6d4e-4f9c-8922-b1b2d1fb74f2,246,high,6,0.809137,hybrid_coast,0.832,True,True,True
extra_trees,e2711620-6d4e-4f9c-8922-b1b2d1fb74f2,247,high,3,0.807919,hybrid_coast,1.273,True,True,True
extra_trees,e2711620-6d4e-4f9c-8922-b1b2d1fb74f2,248,high,6,0.79131,hybrid_coast,1.17,True,True,True
extra_trees,e2711620-6d4e-4f9c-8922-b1b2d1fb74f2,249,high,10,0.865137,hybrid_coast,6.441,True,True,True
extra_trees,e2711620-6d4e-4f9c-8922-b1b2d1fb74f2,250,high,2,0.85287,hybrid_coast,4.931,True,True,True
extra_trees,e2711620-6d4e-4f9c-8922-b1b2d1fb74f2,251,high,6,0.891472,hybrid_coast,1.074,True,True,True
extra_trees,e2711620-6d4e-4f9c-8922-b1b2d1fb74f2,252,high,7,0.919577,hybrid_coast,0.849,True,True,True
extra_trees,e2711620-6d4e-4f9c-8922-b1b2d1fb74f2,253,high,15,0.889107,hybrid_coast,5.006,True,True,True
extra_trees,e2711620-6d4e-4f9c-8922-b1b2d1fb74f2,254,high,24,0.86203,hybrid_coast,7.549,True,True,True
extra_trees,e2711620-6d4e-4f9c-8922-b1b2d1fb74f2,255,high,1,0.868241,map,2.905,True,True,True
extra_trees,e2711620-6d4e-4f9c-8922-b1b2d1fb74f2,256,high,2,0.882131,hybrid_coast,2.22,True,True,True
extra_trees,e2711620-6d4e-4f9c-8922-b1b2d1fb74f2,257,high,3,0.906887,hybrid_coast,3.024,True,True,True
extra_trees,e2711620-6d4e-4f9c-8922-b1b2d1fb74f2,258,high,10,0.867361,hybrid_coast,8.242,False,True,True
extra_trees,e2711620-6d4e-4f9c-8922-b1b2d1fb74f2,259,high,2,0.912584,hybrid_coast,2.549,True,True,True
extra_trees,e2711620-6d4e-4f9c-8922-b1b2d1fb74f2,260,high,2,0.910191,hybrid_coast,2.236,True,True,True
extra_trees,e2711620-6d4e-4f9c-8922-b1b2d1fb74f2,261,high,2,0.895387,hybrid_coast,3.247,True,True,True
extra_trees,e2711620-6d4e-4f9c-8922-b1b2d1fb74f2,262,high,2,0.884564,hybrid_coast,3.398,True,True,True
extra_trees,e2711620-6d4e-4f9c-8922-b1b2d1fb74f2,263,high,6,0.878291,hybrid_coast,4.153,True,True,True
extra_trees,e2711620-6d4e-4f9c-8922-b1b2d1fb74f2,264,high,2,0.863965,hybrid_coast,1.825,True,True,True
extra_trees,e2711620-6d4e-4f9c-8922-b1b2d1fb74f2,265,high,3,0.841362,hybrid_coast,2.185,True,True,True
extra_trees,e2711620-6d4e-4f9c-8922-b1b2d1fb74f2,266,high,19,0.808638,hybrid_coast,9.592,False,True,True
extra_trees,e2711620-6d4e-4f9c-8922-b1b2d1fb74f2,267,high,3,0.837694,hybrid_coast,3.124,True,True,True
extra_trees,e2711620-6d4e-4f9c-8922-b1b2d1fb74f2,268,high,12,0.80749,hybrid_coast,7.91,True,True,True
extra_trees,e2711620-6d4e-4f9c-8922-b1b2d1fb74f2,269,high,2,0.876954,hybrid_coast,1.655,True,True,True
extra_trees,e2711620-6d4e-4f9c-8922-b1b2d1fb74f2,270,high,2,0.866557,hybrid_coast,2.574,True,True,True
extra_trees,e2711620-6d4e-4f9c-8922-b1b2d1fb74f2,271,high,8,0.808151,hybrid_coast,4.709,True,True,True
extra_trees,e2711620-6d4e-4f9c-8922-b1b2d1fb74f2,272,high,6,0.862702,hybrid_coast,1.664,True,True,True
extra_trees,e2711620-6d4e-4f9c-8922-b1b2d1fb74f2,273,high,2,0.850395,hybrid_coast,3.51,True,True,True
extra_trees,e2711620-6d4e-4f9c-8922-b1b2d1fb74f2,274,high,4,0.895813,hybrid_coast,1.451,True,True,True
extra_trees,e2711620-6d4e-4f9c-8922-b1b2d1fb74f2,275,high,2,0.896377,hybrid_coast,2.737,True,True,True
extra_trees,e2711620-6d4e-4f9c-8922-b1b2d1fb74f2,276,high,8,0.876079,hybrid_coast,8.896,False,True,True
extra_trees,e2711620-6d4e-4f9c-8922-b1b2d1fb74f2,277,high,2,0.889299,hybrid_coast,3.228,True,True,True
extra_trees,e2711620-6d4e-4f9c-8922-b1b2d1fb74f2,278,high,7,0.871174,hybrid_coast,8.158,False,True,True
extra_trees,e2711620-6d4e-4f9c-8922-b1b2d1fb74f2,279,high,3,0.929603,hybrid_coast,1.419,True,True,True
extra_trees,e2711620-6d4e-4f9c-8922-b1b2d1fb74f2,280,high,2,0.94929,hybrid_coast,3.202,True,True,True
extra_trees,e2711620-6d4e-4f9c-8922-b1b2d1fb74f2,281,medium_high,9,0.904199,hybrid_coast,7.865,True,True,True
extra_trees,e2711620-6d4e-4f9c-8922-b1b2d1fb74f2,282,medium_high,2,0.921163,hybrid_coast,2.667,True,True,True
extra_trees,e2711620-6d4e-4f9c-8922-b1b2d1fb74f2,283,medium_high,2,0.919369,hybrid_coast,3.54,True,True,True
extra_trees,e2711620-6d4e-4f9c-8922-b1b2d1fb74f2,284,medium_high,3,0.921219,hybrid_coast,3.479,True,True,True
extra_trees,e2711620-6d4e-4f9c-8922-b1b2d1fb74f2,285,medium_high,3,0.928058,hybrid_coast,2.647,True,True,True
extra_trees,e2711620-6d4e-4f9c-8922-b1b2d1fb74f2,286,medium_high,2,0.902024,hybrid_coast,4.051,True,True,True
extra_trees,e2711620-6d4e-4f9c-8922-b1b2d1fb74f2,287,medium_high,3,0.904424,hybrid_coast,3.988,True,True,True
extra_trees,e2711620-6d4e-4f9c-8922-b1b2d1fb74f2,288,medium_high,2,0.91815,hybrid_coast,3.041,True,True,True
extra_trees,e2711620-6d4e-4f9c-8922-b1b2d1fb74f2,289,medium_high,3,0.918151,hybrid_coast,4.342,True,True,True
extra_trees,e2711620-6d4e-4f9c-8922-b1b2d1fb74f2,290,medium_high,1,0.913117,hybrid_coast,3.717,True,True,True
extra_trees,e2711620-6d4e-4f9c-8922-b1b2d1fb74f2,291,medium_high,4,0.909635,hybrid_coast,5.266,True,True,True
extra_trees,e2711620-6d4e-4f9c-8922-b1b2d1fb74f2,292,medium_high,12,0.89734,hybrid_coast,13.918,False,True,True
extra_trees,e2711620-6d4e-4f9c-8922-b1b2d1fb74f2,293,medium_high,5,0.881775,hybrid_coast,7.235,True,True,True
extra_trees,e2711620-6d4e-4f9c-8922-b1b2d1fb74f2,294,medium_high,7,0.867322,hybrid_coast,7.61,True,True,True
extra_trees,e2711620-6d4e-4f9c-8922-b1b2d1fb74f2,295,medium_high,6,0.874991,hybrid_coast,7.012,True,True,True
extra_trees,e2711620-6d4e-4f9c-8922-b1b2d1fb74f2,296,medium_high,7,0.851702,hybrid_coast,10.754,False,True,True
extra_trees,e2711620-6d4e-4f9c-8922-b1b2d1fb74f2,297,medium_high,8,0.846374,hybrid_coast,12.668,False,True,True
extra_trees,e2711620-6d4e-4f9c-8922-b1b2d1fb74f2,298,medium_high,7,0.792048,hybrid_coast,9.1,False,True,True
extra_trees,e2711620-6d4e-4f9c-8922-b1b2d1fb74f2,299,medium_high,12,0.81562,hybrid_coast,16.32,False,False,True
extra_trees,e2711620-6d4e-4f9c-8922-b1b2d1fb74f2,300,medium_high,19,0.786417,hybrid_coast,19.812,False,False,True
extra_trees,e2711620-6d4e-4f9c-8922-b1b2d1fb74f2,301,medium_high,3,0.723728,hybrid_coast,9.187,False,True,True
extra_trees,e2711620-6d4e-4f9c-8922-b1b2d1fb74f2,302,medium_high,8,0.777203,hybrid_coast,13.532,False,True,True
extra_trees,e2711620-6d4e-4f9c-8922-b1b2d1fb74f2,303,medium_high,4,0.758517,hybrid_coast,7.444,True,True,True
extra_trees,e2711620-6d4e-4f9c-8922-b1b2d1fb74f2,304,medium_high,19,0.749154,hybrid_coast,18.385,False,False,True
extra_trees,e2711620-6d4e-4f9c-8922-b1b2d1fb74f2,305,medium_high,8,0.766661,hybrid_coast,6.096,True,True,True
extra_trees,e2711620-6d4e-4f9c-8922-b1b2d1fb74f2,306,medium_high,7,0.772358,hybrid_coast,10.277,False,True,True
extra_trees,e2711620-6d4e-4f9c-8922-b1b2d1fb74f2,307,medium_high,13,0.78374,hybrid_coast,14.591,False,True,True
extra_trees,e2711620-6d4e-4f9c-8922-b1b2d1fb74f2,308,medium_high,4,0.757721,hybrid_coast,10.977,False,True,True
extra_trees,e2711620-6d4e-4f9c-8922-b1b2d1fb74f2,309,medium_high,13,0.810347,hybrid_coast,18.067,False,False,True
extra_trees,e2711620-6d4e-4f9c-8922-b1b2d1fb74f2,310,medium_high,23,0.789595,hybrid_coast,20.691,False,False,True
extra_trees,e2711620-6d4e-4f9c-8922-b1b2d1fb74f2,311,medium_high,5,0.78898,hybrid_coast,11.276,False,True,True
extra_trees,e2711620-6d4e-4f9c-8922-b1b2d1fb74f2,312,medium_high,7,0.799572,hybrid_coast,15.264,False,True,True
extra_trees,e2711620-6d4e-4f9c-8922-b1b2d1fb74f2,313,medium_high,11,0.748981,hybrid_coast,6.197,True,True,True
extra_trees,e2711620-6d4e-4f9c-8922-b1b2d1fb74f2,314,medium_high,4,0.777051,hybrid_coast,11.56,False,True,True
extra_trees,e2711620-6d4e-4f9c-8922-b1b2d1fb74f2,315,medium_high,3,0.787078,hybrid_coast,10.12,False,True,True
extra_trees,e2711620-6d4e-4f9c-8922-b1b2d1fb74f2,316,medium_high,6,0.789288,hybrid_coast,12.903,False,True,True
extra_trees,e2711620-6d4e-4f9c-8922-b1b2d1fb74f2,317,medium_high,6,0.789866,hybrid_coast,14.677,False,True,True
extra_trees,e2711620-6d4e-4f9c-8922-b1b2d1fb74f2,318,medium_high,17,0.759395,hybrid_coast,17.062,False,False,True
extra_trees,e2711620-6d4e-4f9c-8922-b1b2d1fb74f2,319,medium_high,8,0.75235,hybrid_coast,11.679,False,True,True
extra_trees,e2711620-6d4e-4f9c-8922-b1b2d1fb74f2,320,medium_high,11,0.76077,hybrid_coast,13.454,False,True,True
extra_trees,e2711620-6d4e-4f9c-8922-b1b2d1fb74f2,321,medium_high,13,0.748298,hybrid_coast,12.656,False,True,True
extra_trees,e2711620-6d4e-4f9c-8922-b1b2d1fb74f2,322,medium_high,5,0.756973,hybrid_coast,7.858,True,True,True
extra_trees,e2711620-6d4e-4f9c-8922-b1b2d1fb74f2,323,medium_high,12,0.745295,hybrid_coast,13.11,False,True,True
extra_trees,e2711620-6d4e-4f9c-8922-b1b2d1fb74f2,324,medium_high,8,0.737173,hybrid_coast,11.08,False,True,True
extra_trees,e2711620-6d4e-4f9c-8922-b1b2d1fb74f2,325,medium_high,7,0.766007,hybrid_coast,5.475,True,True,True
extra_trees,e2711620-6d4e-4f9c-8922-b1b2d1fb74f2,326,medium_high,11,0.725152,large_dark,17.295,False,False,True
extra_trees,e2711620-6d4e-4f9c-8922-b1b2d1fb74f2,327,medium_high,5,0.769781,hybrid_coast,9.285,False,True,True
extra_trees,e2711620-6d4e-4f9c-8922-b1b2d1fb74f2,328,medium_high,8,0.76467,hybrid_coast,12.028,False,True,True
extra_trees,e2711620-6d4e-4f9c-8922-b1b2d1fb74f2,329,medium_high,6,0.777361,hybrid_coast,10.69,False,True,True
extra_trees,e2711620-6d4e-4f9c-8922-b1b2d1fb74f2,330,medium_high,15,0.763561,hybrid_coast,14.32,False,True,True
extra_trees,e2711620-6d4e-4f9c-8922-b1b2d1fb74f2,331,medium_high,10,0.763505,hybrid_coast,7.823,True,True,True
extra_trees,e2711620-6d4e-4f9c-8922-b1b2d1fb74f2,332,medium_high,8,0.761725,hybrid_coast,11.042,False,True,True
extra_trees,e2711620-6d4e-4f9c-8922-b1b2d1fb74f2,333,medium_high,7,0.761493,hybrid_coast,10.391,False,True,True
extra_trees,e2711620-6d4e-4f9c-8922-b1b2d1fb74f2,334,medium_high,2,0.785799,hybrid_coast,4.856,True,True,True
extra_trees,e2711620-6d4e-4f9c-8922-b1b2d1fb74f2,335,medium_high,2,0.817488,hybrid_coast,2.039,True,True,True
extra_trees,e2711620-6d4e-4f9c-8922-b1b2d1fb74f2,336,medium_high,7,0.849749,hybrid_coast,7.023,True,True,True
extra_trees,e2711620-6d4e-4f9c-8922-b1b2d1fb74f2,337,medium_high,12,0.836854,hybrid_coast,9.345,False,True,True
extra_trees,e2711620-6d4e-4f9c-8922-b1b2d1fb74f2,338,medium_high,9,0.850591,hybrid_coast,8.176,False,True,True
extra_trees,e2711620-6d4e-4f9c-8922-b1b2d1fb74f2,339,medium_high,4,0.828354,hybrid_coast,4.623,True,True,True
extra_trees,e2711620-6d4e-4f9c-8922-b1b2d1fb74f2,340,medium_high,9,0.859313,hybrid_coast,8.732,False,True,True
extra_trees,e2711620-6d4e-4f9c-8922-b1b2d1fb74f2,341,medium_high,7,0.881323,hybrid_coast,8.939,False,True,True
extra_trees,e2711620-6d4e-4f9c-8922-b1b2d1fb74f2,342,medium_high,12,0.869962,hybrid_coast,11.885,False,True,True
extra_trees,e2711620-6d4e-4f9c-8922-b1b2d1fb74f2,343,medium_high,11,0.837482,hybrid_coast,9.744,False,True,True
extra_trees,e2711620-6d4e-4f9c-8922-b1b2d1fb74f2,344,medium_high,9,0.824763,hybrid_coast,10.933,False,True,True
extra_trees,e2711620-6d4e-4f9c-8922-b1b2d1fb74f2,345,medium_high,9,0.836205,hybrid_coast,6.876,True,True,True
extra_trees,e2711620-6d4e-4f9c-8922-b1b2d1fb74f2,346,medium_high,6,0.809838,hybrid_coast,10.95,False,True,True
extra_trees,e2711620-6d4e-4f9c-8922-b1b2d1fb74f2,347,medium_high,3,0.837221,hybrid_coast,4.837,True,True,True
extra_trees,e2711620-6d4e-4f9c-8922-b1b2d1fb74f2,348,medium_high,11,0.790657,hybrid_coast,12.007,False,True,True
extra_trees,e2711620-6d4e-4f9c-8922-b1b2d1fb74f2,349,medium_high,11,0.802716,hybrid_coast,14.895,False,True,True
extra_trees,e2711620-6d4e-4f9c-8922-b1b2d1fb74f2,350,medium_high,6,0.816397,hybrid_coast,10.612,False,True,True
extra_trees,e2711620-6d4e-4f9c-8922-b1b2d1fb74f2,351,medium_high,8,0.83953,hybrid_coast,12.073,False,True,True
extra_trees,e2711620-6d4e-4f9c-8922-b1b2d1fb74f2,352,medium_high,10,0.842599,hybrid_coast,10.694,False,True,True
extra_trees,e2711620-6d4e-4f9c-8922-b1b2d1fb74f2,353,medium_high,6,0.837936,hybrid_coast,4.135,True,True,True
extra_trees,e2711620-6d4e-4f9c-8922-b1b2d1fb74f2,354,medium_high,9,0.834127,hybrid_coast,11.641,False,True,True
extra_trees,e2711620-6d4e-4f9c-8922-b1b2d1fb74f2,355,medium_high,5,0.871061,hybrid_coast,4.334,True,True,True
extra_trees,e2711620-6d4e-4f9c-8922-b1b2d1fb74f2,356,medium_high,5,0.855023,hybrid_coast,4.397,True,True,True
extra_trees,e2711620-6d4e-4f9c-8922-b1b2d1fb74f2,357,medium_high,5,0.854656,hybrid_coast,5.45,True,True,True
extra_trees,e2711620-6d4e-4f9c-8922-b1b2d1fb74f2,358,medium_high,22,0.809487,large_dark,21.713,False,False,True
extra_trees,e2711620-6d4e-4f9c-8922-b1b2d1fb74f2,359,medium_high,2,0.810752,hybrid_coast,7.547,True,True,True
extra_trees,e2711620-6d4e-4f9c-8922-b1b2d1fb74f2,360,medium_high,7,0.837171,hybrid_coast,11.011,False,True,True
extra_trees,e2711620-6d4e-4f9c-8922-b1b2d1fb74f2,361,medium_high,6,0.839666,hybrid_coast,12.365,False,True,True
extra_trees,e2711620-6d4e-4f9c-8922-b1b2d1fb74f2,362,medium_high,9,0.853811,hybrid_coast,14.234,False,True,True
extra_trees,e2711620-6d4e-4f9c-8922-b1b2d1fb74f2,363,medium_high,6,0.854988,hybrid_coast,10.803,False,True,True
extra_trees,e2711620-6d4e-4f9c-8922-b1b2d1fb74f2,364,medium_high,10,0.843688,hybrid_coast,14.67,False,True,True
extra_trees,e2711620-6d4e-4f9c-8922-b1b2d1fb74f2,365,medium_high,2,0.847156,hybrid_coast,8.064,False,True,True
extra_trees,e2711620-6d4e-4f9c-8922-b1b2d1fb74f2,366,medium_high,7,0.833965,hybrid_coast,13.728,False,True,True
extra_trees,e2711620-6d4e-4f9c-8922-b1b2d1fb74f2,367,medium_high,13,0.855799,hybrid_coast,17.614,False,False,True
extra_trees,e2711620-6d4e-4f9c-8922-b1b2d1fb74f2,368,medium_high,5,0.81239,hybrid_coast,10.183,False,True,True
extra_trees,e2711620-6d4e-4f9c-8922-b1b2d1fb74f2,369,medium_high,9,0.814873,hybrid_coast,14.602,False,True,True
extra_trees,e2711620-6d4e-4f9c-8922-b1b2d1fb74f2,370,medium_high,5,0.814147,hybrid_coast,11.643,False,True,True
extra_trees,e2711620-6d4e-4f9c-8922-b1b2d1fb74f2,371,medium_high,10,0.811915,hybrid_coast,15.503,False,True,True
extra_trees,e2711620-6d4e-4f9c-8922-b1b2d1fb74f2,372,medium_high,12,0.815785,hybrid_coast,15.474,False,True,True
extra_trees,e2711620-6d4e-4f9c-8922-b1b2d1fb74f2,373,medium_high,5,0.76638,hybrid_coast,13.475,False,True,True
extra_trees,e2711620-6d4e-4f9c-8922-b1b2d1fb74f2,374,medium_high,10,0.765578,hybrid_coast,17.377,False,False,True
extra_trees,e2711620-6d4e-4f9c-8922-b1b2d1fb74f2,375,medium_high,21,0.756887,large_dark,28.447,False,False,True
extra_trees,e2711620-6d4e-4f9c-8922-b1b2d1fb74f2,376,medium_high,27,0.723668,large_dark,34.234,False,False,True
extra_trees,e2711620-6d4e-4f9c-8922-b1b2d1fb74f2,377,medium_high,2,0.748495,hybrid_coast,9.459,False,True,True
extra_trees,e2711620-6d4e-4f9c-8922-b1b2d1fb74f2,378,medium_high,5,0.773948,hybrid_coast,14.289,False,True,True
extra_trees,e2711620-6d4e-4f9c-8922-b1b2d1fb74f2,379,medium_high,10,0.772396,hybrid_coast,17.22,False,False,True
extra_trees,e2711620-6d4e-4f9c-8922-b1b2d1fb74f2,380,medium_high,19,0.811869,large_dark,25.5,False,False,True
extra_trees,e2711620-6d4e-4f9c-8922-b1b2d1fb74f2,381,medium_high,20,0.812481,large_dark,25.64,False,False,True
extra_trees,e2711620-6d4e-4f9c-8922-b1b2d1fb74f2,382,medium_high,27,0.791956,large_dark,29.361,False,False,True
extra_trees,e2711620-6d4e-4f9c-8922-b1b2d1fb74f2,383,medium_high,31,0.764444,large_dark,33.081,False,False,True
extra_trees,e2711620-6d4e-4f9c-8922-b1b2d1fb74f2,384,medium_high,19,0.76384,hybrid_coast,19.553,False,False,True
extra_trees,e2711620-6d4e-4f9c-8922-b1b2d1fb74f2,385,medium_high,6,0.778695,hybrid_coast,17.629,False,False,True
extra_trees,e2711620-6d4e-4f9c-8922-b1b2d1fb74f2,386,medium_high,9,0.793735,large_dark,25.513,False,False,True
extra_trees,e2711620-6d4e-4f9c-8922-b1b2d1fb74f2,387,medium_high,13,0.820098,large_dark,24.392,False,False,True
extra_trees,e2711620-6d4e-4f9c-8922-b1b2d1fb74f2,388,medium_high,20,0.791576,large_dark,28.481,False,False,True
extra_trees,e2711620-6d4e-4f9c-8922-b1b2d1fb74f2,389,medium_high,4,0.761956,hybrid_coast,5.627,True,True,True
extra_trees,e2711620-6d4e-4f9c-8922-b1b2d1fb74f2,390,medium_high,11,0.738186,large_dark,23.73,False,False,True
extra_trees,e2711620-6d4e-4f9c-8922-b1b2d1fb74f2,391,medium_high,7,0.747653,large_dark,23.956,False,False,True
extra_trees,e2711620-6d4e-4f9c-8922-b1b2d1fb74f2,392,medium_high,6,0.752793,large_dark,24.182,False,False,True
extra_trees,e2711620-6d4e-4f9c-8922-b1b2d1fb74f2,393,medium_high,4,0.760524,large_dark,24.414,False,False,True
extra_trees,e2711620-6d4e-4f9c-8922-b1b2d1fb74f2,394,medium_high,3,0.796444,large_dark,23.686,False,False,False
extra_trees,e2711620-6d4e-4f9c-8922-b1b2d1fb74f2,395,medium_high,2,0.7622,large_dark,22.958,False,False,False
extra_trees,e2711620-6d4e-4f9c-8922-b1b2d1fb74f2,396,medium_high,7,0.652799,hybrid_coast,60.958,False,False,False
extra_trees,e2711620-6d4e-4f9c-8922-b1b2d1fb74f2,397,medium_high,15,0.615653,hybrid_coast,51.427,False,False,True
extra_trees,e2711620-6d4e-4f9c-8922-b1b2d1fb74f2,398,medium_high,22,0.593011,hybrid_coast,52.822,False,False,True
extra_trees,e2711620-6d4e-4f9c-8922-b1b2d1fb74f2,399,medium_high,38,0.634772,appearance,18.151,False,False,True
extra_trees,e2711620-6d4e-4f9c-8922-b1b2d1fb74f2,400,medium_high,7,0.675498,hybrid_coast,100.58,False,False,True
extra_trees,e2711620-6d4e-4f9c-8922-b1b2d1fb74f2,401,medium_high,5,0.652808,hybrid_coast,108.641,False,False,True
extra_trees,e2711620-6d4e-4f9c-8922-b1b2d1fb74f2,402,medium_high,45,0.655862,appearance,17.615,False,False,True
extra_trees,e2711620-6d4e-4f9c-8922-b1b2d1fb74f2,403,medium_high,38,0.641651,appearance,20.801,False,False,True
extra_trees,e2711620-6d4e-4f9c-8922-b1b2d1fb74f2,404,medium_high,31,0.678496,appearance,2.884,True,True,True
extra_trees,e2711620-6d4e-4f9c-8922-b1b2d1fb74f2,405,medium_high,26,0.676452,appearance,3.162,True,True,True
extra_trees,e2711620-6d4e-4f9c-8922-b1b2d1fb74f2,406,medium_high,25,0.660225,appearance,7.611,True,True,True
extra_trees,e2711620-6d4e-4f9c-8922-b1b2d1fb74f2,407,medium_high,10,0.589388,large_dark,12.366,False,True,False
extra_trees,e2711620-6d4e-4f9c-8922-b1b2d1fb74f2,408,medium_high,20,0.657857,hybrid_coast,18.399,False,False,False
extra_trees,e2711620-6d4e-4f9c-8922-b1b2d1fb74f2,409,medium_high,4,0.695619,hybrid_coast,28.781,False,False,True
extra_trees,e2711620-6d4e-4f9c-8922-b1b2d1fb74f2,410,medium_high,3,0.707603,hybrid_coast,31.627,False,False,True
extra_trees,e2711620-6d4e-4f9c-8922-b1b2d1fb74f2,411,medium_high,24,0.666152,appearance,7.601,True,True,True
extra_trees,e2711620-6d4e-4f9c-8922-b1b2d1fb74f2,412,medium_high,35,0.739898,appearance,9.787,False,True,False
extra_trees,e2711620-6d4e-4f9c-8922-b1b2d1fb74f2,413,medium_high,37,0.670706,appearance,13.318,False,True,False
extra_trees,e2711620-6d4e-4f9c-8922-b1b2d1fb74f2,414,medium_high,38,0.641232,appearance,4.071,True,True,True
extra_trees,e2711620-6d4e-4f9c-8922-b1b2d1fb74f2,415,medium_high,52,0.641281,appearance,8.846,False,True,True
extra_trees,e2711620-6d4e-4f9c-8922-b1b2d1fb74f2,416,medium_high,3,0.658995,hybrid_coast,80.082,False,False,False
extra_trees,e2711620-6d4e-4f9c-8922-b1b2d1fb74f2,417,medium_high,5,0.655635,hybrid_coast,75.322,False,False,True
extra_trees,e2711620-6d4e-4f9c-8922-b1b2d1fb74f2,418,medium_high,5,0.620295,hybrid_coast,88.704,False,False,True
extra_trees,e2711620-6d4e-4f9c-8922-b1b2d1fb74f2,419,medium_high,52,0.581464,large_dark,23.575,False,False,True
extra_trees,e2711620-6d4e-4f9c-8922-b1b2d1fb74f2,420,medium_high,56,0.593348,appearance,11.102,False,True,True
extra_trees,e2711620-6d4e-4f9c-8922-b1b2d1fb74f2,421,medium_high,8,0.603553,large_dark,15.149,False,True,False
extra_trees,e2711620-6d4e-4f9c-8922-b1b2d1fb74f2,422,medium_high,59,0.646389,appearance,8.509,False,True,True
extra_trees,e2711620-6d4e-4f9c-8922-b1b2d1fb74f2,423,medium_high,6,0.608573,large_dark,15.499,False,True,False
extra_trees,e2711620-6d4e-4f9c-8922-b1b2d1fb74f2,424,medium_high,27,0.59709,map,7.622,True,True,True
extra_trees,e2711620-6d4e-4f9c-8922-b1b2d1fb74f2,425,medium_high,11,0.676915,map,6.021,True,True,True
extra_trees,e2711620-6d4e-4f9c-8922-b1b2d1fb74f2,426,medium_high,7,0.622493,hybrid_coast,62.139,False,False,True
extra_trees,e2711620-6d4e-4f9c-8922-b1b2d1fb74f2,427,medium_high,42,0.634292,appearance,9.603,False,True,True
extra_trees,e2711620-6d4e-4f9c-8922-b1b2d1fb74f2,428,medium_high,8,0.620988,hybrid_coast,63.765,False,False,True
extra_trees,e2711620-6d4e-4f9c-8922-b1b2d1fb74f2,429,medium_high,7,0.714674,hybrid_coast,74.731,False,False,True
extra_trees,e2711620-6d4e-4f9c-8922-b1b2d1fb74f2,430,medium_high,10,0.757653,hybrid_coast,62.5,False,False,False
extra_trees,e2711620-6d4e-4f9c-8922-b1b2d1fb74f2,431,medium_high,10,0.762194,hybrid_coast,60.525,False,False,False
extra_trees,e2711620-6d4e-4f9c-8922-b1b2d1fb74f2,432,medium_high,20,0.740807,hybrid_coast,57.308,False,False,True
extra_trees,e2711620-6d4e-4f9c-8922-b1b2d1fb74f2,433,medium_high,27,0.704306,hybrid_coast,54.093,False,False,True
extra_trees,e2711620-6d4e-4f9c-8922-b1b2d1fb74f2,434,medium_high,19,0.68607,hybrid_coast,60.044,False,False,False
extra_trees,e2711620-6d4e-4f9c-8922-b1b2d1fb74f2,435,medium_high,15,0.6984,hybrid_coast,71.395,False,False,True
extra_trees,e2711620-6d4e-4f9c-8922-b1b2d1fb74f2,436,medium_high,31,0.668668,hybrid_coast,71.096,False,False,False
extra_trees,e2711620-6d4e-4f9c-8922-b1b2d1fb74f2,437,medium_high,10,0.716856,hybrid_coast,81.63,False,False,True
extra_trees,e2711620-6d4e-4f9c-8922-b1b2d1fb74f2,438,medium_high,10,0.724255,hybrid_coast,62.636,False,False,True
extra_trees,e2711620-6d4e-4f9c-8922-b1b2d1fb74f2,439,medium_high,11,0.728575,hybrid_coast,64.267,False,False,True
extra_trees,e2711620-6d4e-4f9c-8922-b1b2d1fb74f2,440,medium_high,22,0.715796,map,51.393,False,False,True
extra_trees,e2711620-6d4e-4f9c-8922-b1b2d1fb74f2,441,medium,16,0.704276,hybrid_coast,66.946,False,False,True
extra_trees,e2711620-6d4e-4f9c-8922-b1b2d1fb74f2,442,medium,13,0.692713,hybrid_coast,66.657,False,False,True
extra_trees,e2711620-6d4e-4f9c-8922-b1b2d1fb74f2,443,medium,9,0.703305,hybrid_coast,71.719,False,False,True
extra_trees,e2711620-6d4e-4f9c-8922-b1b2d1fb74f2,444,medium,15,0.697281,hybrid_coast,69.212,False,False,True
extra_trees,e2711620-6d4e-4f9c-8922-b1b2d1fb74f2,445,medium,10,0.730809,hybrid_coast,65.549,False,False,True
extra_trees,e2711620-6d4e-4f9c-8922-b1b2d1fb74f2,446,medium,19,0.708398,hybrid_coast,63.061,False,False,True
extra_trees,e2711620-6d4e-4f9c-8922-b1b2d1fb74f2,447,medium,10,0.703557,hybrid_coast,83.882,False,False,True
extra_trees,e2711620-6d4e-4f9c-8922-b1b2d1fb74f2,448,medium,7,0.711918,hybrid_coast,69.409,False,False,True
extra_trees,e2711620-6d4e-4f9c-8922-b1b2d1fb74f2,449,medium,13,0.67805,hybrid_coast,58.517,False,False,True
extra_trees,e2711620-6d4e-4f9c-8922-b1b2d1fb74f2,450,low_medium,7,0.736204,map,40.376,False,False,True
extra_trees,e2711620-6d4e-4f9c-8922-b1b2d1fb74f2,451,low_medium,18,0.718057,map,45.173,False,False,True
extra_trees,e2711620-6d4e-4f9c-8922-b1b2d1fb74f2,452,low_medium,6,0.768928,map,41.933,False,False,True
extra_trees,e2711620-6d4e-4f9c-8922-b1b2d1fb74f2,453,low_medium,8,0.785006,hybrid_coast,46.754,False,False,True
extra_trees,e2711620-6d4e-4f9c-8922-b1b2d1fb74f2,454,low_medium,14,0.803355,hybrid_coast,53.177,False,False,True
extra_trees,e2711620-6d4e-4f9c-8922-b1b2d1fb74f2,455,low_medium,25,0.747256,hybrid_coast,58.722,False,False,True
extra_trees,e2711620-6d4e-4f9c-8922-b1b2d1fb74f2,456,low_medium,30,0.718786,hybrid_coast,63.831,False,False,True
extra_trees,e2711620-6d4e-4f9c-8922-b1b2d1fb74f2,457,low_medium,2,0.750684,appearance,26.226,False,False,True
extra_trees,e2711620-6d4e-4f9c-8922-b1b2d1fb74f2,458,low_medium,5,0.742369,hybrid_coast,20.911,False,False,True
extra_trees,e2711620-6d4e-4f9c-8922-b1b2d1fb74f2,459,low_medium,31,0.754348,hybrid_coast,22.556,False,False,True
extra_trees,e2711620-6d4e-4f9c-8922-b1b2d1fb74f2,460,low_medium,7,0.793765,hybrid_coast,30.167,False,False,True
extra_trees,e2711620-6d4e-4f9c-8922-b1b2d1fb74f2,461,low_medium,13,0.773784,hybrid_coast,31.248,False,False,True
extra_trees,e2711620-6d4e-4f9c-8922-b1b2d1fb74f2,462,low_medium,6,0.765722,hybrid_coast,30.709,False,False,True
extra_trees,e2711620-6d4e-4f9c-8922-b1b2d1fb74f2,463,low_medium,4,0.798031,hybrid_coast,39.968,False,False,True
extra_trees,e2711620-6d4e-4f9c-8922-b1b2d1fb74f2,464,low_medium,7,0.812373,hybrid_coast,44.474,False,False,True
extra_trees,e2711620-6d4e-4f9c-8922-b1b2d1fb74f2,465,low_medium,14,0.790644,hybrid_coast,48.022,False,False,True
extra_trees,e2711620-6d4e-4f9c-8922-b1b2d1fb74f2,466,low_medium,19,0.758744,hybrid_coast,50.97,False,False,True
extra_trees,e2711620-6d4e-4f9c-8922-b1b2d1fb74f2,467,low_medium,5,0.74543,hybrid_coast,34.583,False,False,True
extra_trees,e2711620-6d4e-4f9c-8922-b1b2d1fb74f2,468,low_medium,61,0.732605,large_dark,19.426,False,False,True
extra_trees,e2711620-6d4e-4f9c-8922-b1b2d1fb74f2,469,low_medium,18,0.70612,large_dark,53.454,False,False,True
extra_trees,e2711620-6d4e-4f9c-8922-b1b2d1fb74f2,470,low_medium,68,0.686904,map,65.182,False,False,True
extra_trees,e2711620-6d4e-4f9c-8922-b1b2d1fb74f2,471,low_medium,76,0.669814,appearance,31.404,False,False,False
extra_trees,e2711620-6d4e-4f9c-8922-b1b2d1fb74f2,472,low_medium,5,0.74443,hybrid_coast,32.406,False,False,False
extra_trees,e2711620-6d4e-4f9c-8922-b1b2d1fb74f2,473,low_medium,5,0.746761,hybrid_coast,38.437,False,False,False
extra_trees,e2711620-6d4e-4f9c-8922-b1b2d1fb74f2,474,low_medium,11,0.688929,hybrid_coast,39.093,False,False,True
extra_trees,e2711620-6d4e-4f9c-8922-b1b2d1fb74f2,475,low_medium,6,0.770544,hybrid_coast,31.109,False,False,True
extra_trees,e2711620-6d4e-4f9c-8922-b1b2d1fb74f2,476,low_medium,16,0.775551,hybrid_coast,37.156,False,False,True
extra_trees,e2711620-6d4e-4f9c-8922-b1b2d1fb74f2,477,low_medium,10,0.755751,map,27.631,False,False,False
extra_trees,e2711620-6d4e-4f9c-8922-b1b2d1fb74f2,478,low_medium,12,0.799394,hybrid_coast,33.075,False,False,False
extra_trees,e2711620-6d4e-4f9c-8922-b1b2d1fb74f2,479,low_medium,11,0.779083,hybrid_coast,37.752,False,False,False
extra_trees,e2711620-6d4e-4f9c-8922-b1b2d1fb74f2,480,low_medium,5,0.813935,hybrid_coast,28.034,False,False,True
extra_trees,e2711620-6d4e-4f9c-8922-b1b2d1fb74f2,481,low_medium,10,0.80657,hybrid_coast,32.954,False,False,True
extra_trees,e2711620-6d4e-4f9c-8922-b1b2d1fb74f2,482,low_medium,15,0.77677,hybrid_coast,35.008,False,False,False
extra_trees,e2711620-6d4e-4f9c-8922-b1b2d1fb74f2,483,low_medium,8,0.727402,hybrid_coast,33.445,False,False,False
extra_trees,e2711620-6d4e-4f9c-8922-b1b2d1fb74f2,484,low_medium,3,0.807858,hybrid_coast,47.147,False,False,True
extra_trees,e2711620-6d4e-4f9c-8922-b1b2d1fb74f2,485,low_medium,3,0.777768,hybrid_coast,47.675,False,False,True
extra_trees,e2711620-6d4e-4f9c-8922-b1b2d1fb74f2,486,low_medium,22,0.757083,appearance,18.483,False,False,True
extra_trees,e2711620-6d4e-4f9c-8922-b1b2d1fb74f2,487,low_medium,3,0.773069,hybrid_coast,44.826,False,False,True
extra_trees,e2711620-6d4e-4f9c-8922-b1b2d1fb74f2,488,low_medium,3,0.80578,hybrid_coast,47.899,False,False,True
extra_trees,e2711620-6d4e-4f9c-8922-b1b2d1fb74f2,489,low_medium,3,0.796729,hybrid_coast,49.02,False,False,True
extra_trees,e2711620-6d4e-4f9c-8922-b1b2d1fb74f2,490,low_medium,5,0.819323,hybrid_coast,53.069,False,False,True
extra_trees,e2711620-6d4e-4f9c-8922-b1b2d1fb74f2,491,low_medium,11,0.803238,hybrid_coast,53.446,False,False,True
extra_trees,e2711620-6d4e-4f9c-8922-b1b2d1fb74f2,492,low_medium,21,0.791692,map,60.013,False,False,True
extra_trees,e2711620-6d4e-4f9c-8922-b1b2d1fb74f2,493,low_medium,31,0.742349,map,64.82,False,False,True
extra_trees,e2711620-6d4e-4f9c-8922-b1b2d1fb74f2,494,low_medium,18,0.758344,hybrid_coast,48.716,False,False,True
extra_trees,e2711620-6d4e-4f9c-8922-b1b2d1fb74f2,495,low_medium,10,0.765944,hybrid_coast,47.744,False,False,True
extra_trees,e2711620-6d4e-4f9c-8922-b1b2d1fb74f2,496,low_medium,11,0.732253,hybrid_coast,49.81,False,False,True
extra_trees,e2711620-6d4e-4f9c-8922-b1b2d1fb74f2,497,low_medium,9,0.754137,hybrid_coast,39.535,False,False,True
extra_trees,e2711620-6d4e-4f9c-8922-b1b2d1fb74f2,498,low_medium,16,0.76201,hybrid_coast,38.732,False,False,True
extra_trees,e2711620-6d4e-4f9c-8922-b1b2d1fb74f2,499,low_medium,10,0.751868,hybrid_coast,47.725,False,False,True
extra_trees,e2711620-6d4e-4f9c-8922-b1b2d1fb74f2,500,low_medium,7,0.744883,hybrid_coast,44.519,False,False,True
extra_trees,e2711620-6d4e-4f9c-8922-b1b2d1fb74f2,501,low_medium,12,0.764759,hybrid_coast,41.532,False,False,True
extra_trees,e2711620-6d4e-4f9c-8922-b1b2d1fb74f2,502,low_medium,28,0.733008,hybrid_coast,46.684,False,False,True
extra_trees,e2711620-6d4e-4f9c-8922-b1b2d1fb74f2,503,low_medium,11,0.724961,hybrid_coast,42.557,False,False,True
extra_trees,e2711620-6d4e-4f9c-8922-b1b2d1fb74f2,504,low_medium,3,0.742325,hybrid_coast,35.735,False,False,True
extra_trees,e2711620-6d4e-4f9c-8922-b1b2d1fb74f2,505,low_medium,15,0.725011,hybrid_coast,38.413,False,False,True
extra_trees,e2711620-6d4e-4f9c-8922-b1b2d1fb74f2,506,low_medium,14,0.767639,appearance,3.35,True,True,True
extra_trees,e2711620-6d4e-4f9c-8922-b1b2d1fb74f2,507,low_medium,48,0.786815,appearance,16.655,False,False,True
extra_trees,e2711620-6d4e-4f9c-8922-b1b2d1fb74f2,508,low_medium,52,0.775418,appearance,23.029,False,False,True
extra_trees,e2711620-6d4e-4f9c-8922-b1b2d1fb74f2,509,low_medium,53,0.763917,appearance,29.568,False,False,True
extra_trees,e2711620-6d4e-4f9c-8922-b1b2d1fb74f2,510,low_medium,16,0.680665,hybrid_coast,26.2,False,False,True
extra_trees,e2711620-6d4e-4f9c-8922-b1b2d1fb74f2,511,low_medium,5,0.696392,hybrid_coast,34.404,False,False,True
extra_trees,e2711620-6d4e-4f9c-8922-b1b2d1fb74f2,512,low_medium,6,0.778844,appearance,2.073,True,True,True
extra_trees,e2711620-6d4e-4f9c-8922-b1b2d1fb74f2,513,low_medium,5,0.856497,hybrid_coast,2.025,True,True,True
extra_trees,e2711620-6d4e-4f9c-8922-b1b2d1fb74f2,514,low_medium,17,0.849581,hybrid_coast,7.302,True,True,True
extra_trees,e2711620-6d4e-4f9c-8922-b1b2d1fb74f2,515,low_medium,5,0.828673,hybrid_coast,1.93,True,True,True
extra_trees,e2711620-6d4e-4f9c-8922-b1b2d1fb74f2,516,low_medium,12,0.818315,hybrid_coast,9.854,False,True,True
extra_trees,e2711620-6d4e-4f9c-8922-b1b2d1fb74f2,517,low_medium,23,0.79549,hybrid_coast,13.716,False,True,True
extra_trees,e2711620-6d4e-4f9c-8922-b1b2d1fb74f2,518,low_medium,5,0.839008,hybrid_coast,0.409,True,True,True
extra_trees,e2711620-6d4e-4f9c-8922-b1b2d1fb74f2,519,low_medium,16,0.838388,hybrid_coast,8.911,False,True,True
extra_trees,e2711620-6d4e-4f9c-8922-b1b2d1fb74f2,520,medium,14,0.808074,hybrid_coast,9.95,False,True,True
extra_trees,e2711620-6d4e-4f9c-8922-b1b2d1fb74f2,521,medium,15,0.794775,hybrid_coast,11.58,False,True,True
extra_trees,e2711620-6d4e-4f9c-8922-b1b2d1fb74f2,522,medium,15,0.783331,hybrid_coast,11.119,False,True,True
extra_trees,e2711620-6d4e-4f9c-8922-b1b2d1fb74f2,523,medium,21,0.773726,hybrid_coast,15.119,False,True,True
extra_trees,e2711620-6d4e-4f9c-8922-b1b2d1fb74f2,524,medium,17,0.803804,hybrid_coast,11.745,False,True,True
extra_trees,e2711620-6d4e-4f9c-8922-b1b2d1fb74f2,525,medium,3,0.790835,hybrid_coast,1.829,True,True,True
extra_trees,e2711620-6d4e-4f9c-8922-b1b2d1fb74f2,526,medium,10,0.786452,hybrid_coast,7.458,True,True,True
extra_trees,e2711620-6d4e-4f9c-8922-b1b2d1fb74f2,527,medium,3,0.782928,hybrid_coast,7.35,True,True,True
extra_trees,e2711620-6d4e-4f9c-8922-b1b2d1fb74f2,528,medium,12,0.777243,hybrid_coast,13.29,False,True,True
extra_trees,e2711620-6d4e-4f9c-8922-b1b2d1fb74f2,529,medium,3,0.808228,hybrid_coast,2.125,True,True,True
extra_trees,e2711620-6d4e-4f9c-8922-b1b2d1fb74f2,530,medium,3,0.775411,hybrid_coast,3.023,True,True,True
extra_trees,e2711620-6d4e-4f9c-8922-b1b2d1fb74f2,531,medium,3,0.815976,hybrid_coast,3.397,True,True,True
extra_trees,e2711620-6d4e-4f9c-8922-b1b2d1fb74f2,532,medium,2,0.82233,hybrid_coast,2.59,True,True,True
extra_trees,e2711620-6d4e-4f9c-8922-b1b2d1fb74f2,533,medium,2,0.816081,hybrid_coast,1.039,True,True,True
extra_trees,e2711620-6d4e-4f9c-8922-b1b2d1fb74f2,534,medium,2,0.801125,hybrid_coast,1.518,True,True,True
extra_trees,e2711620-6d4e-4f9c-8922-b1b2d1fb74f2,535,medium,30,0.719173,large_dark,23.83,False,False,True
extra_trees,e2711620-6d4e-4f9c-8922-b1b2d1fb74f2,536,medium,2,0.769079,hybrid_coast,2.331,True,True,True
extra_trees,e2711620-6d4e-4f9c-8922-b1b2d1fb74f2,537,medium,2,0.832004,hybrid_coast,3.183,True,True,True
extra_trees,e2711620-6d4e-4f9c-8922-b1b2d1fb74f2,538,medium,11,0.806346,hybrid_coast,8.201,False,True,True
extra_trees,e2711620-6d4e-4f9c-8922-b1b2d1fb74f2,539,medium,2,0.830941,hybrid_coast,3.232,True,True,True
extra_trees,e2711620-6d4e-4f9c-8922-b1b2d1fb74f2,540,medium,2,0.820418,hybrid_coast,2.724,True,True,True
extra_trees,e2711620-6d4e-4f9c-8922-b1b2d1fb74f2,541,medium,5,0.822726,hybrid_coast,2.901,True,True,True
extra_trees,e2711620-6d4e-4f9c-8922-b1b2d1fb74f2,542,medium,2,0.861932,hybrid_coast,1.67,True,True,True
extra_trees,e2711620-6d4e-4f9c-8922-b1b2d1fb74f2,543,medium,3,0.847788,hybrid_coast,2.504,True,True,True
extra_trees,e2711620-6d4e-4f9c-8922-b1b2d1fb74f2,544,medium,35,0.842784,appearance,41.256,False,False,True
extra_trees,e2711620-6d4e-4f9c-8922-b1b2d1fb74f2,545,medium,41,0.807476,appearance,49.784,False,False,True
extra_trees,e2711620-6d4e-4f9c-8922-b1b2d1fb74f2,546,medium,3,0.849672,hybrid_coast,5.542,True,True,True
extra_trees,e2711620-6d4e-4f9c-8922-b1b2d1fb74f2,547,medium,2,0.866401,hybrid_coast,4.039,True,True,True
extra_trees,e2711620-6d4e-4f9c-8922-b1b2d1fb74f2,548,medium,3,0.855088,hybrid_coast,2.993,True,True,True
extra_trees,e2711620-6d4e-4f9c-8922-b1b2d1fb74f2,549,medium,3,0.895488,hybrid_coast,3.521,True,True,True
extra_trees,e2711620-6d4e-4f9c-8922-b1b2d1fb74f2,550,medium,2,0.867704,hybrid_coast,2.518,True,True,True
extra_trees,e2711620-6d4e-4f9c-8922-b1b2d1fb74f2,551,medium,3,0.884104,hybrid_coast,4.701,True,True,True
extra_trees,e2711620-6d4e-4f9c-8922-b1b2d1fb74f2,552,medium,2,0.878047,hybrid_coast,3.083,True,True,True
extra_trees,e2711620-6d4e-4f9c-8922-b1b2d1fb74f2,553,medium,2,0.844873,hybrid_coast,2.488,True,True,True
extra_trees,e2711620-6d4e-4f9c-8922-b1b2d1fb74f2,554,medium,2,0.865621,hybrid_coast,3.379,True,True,True
extra_trees,e2711620-6d4e-4f9c-8922-b1b2d1fb74f2,555,medium,13,0.806425,hybrid_coast,11.415,False,True,True
extra_trees,e2711620-6d4e-4f9c-8922-b1b2d1fb74f2,556,medium,1,0.784749,hybrid_coast,2.255,True,True,True
extra_trees,e2711620-6d4e-4f9c-8922-b1b2d1fb74f2,557,medium,3,0.805639,hybrid_coast,5.483,True,True,True
extra_trees,e2711620-6d4e-4f9c-8922-b1b2d1fb74f2,558,medium,6,0.788311,hybrid_coast,8.452,False,True,True
extra_trees,e2711620-6d4e-4f9c-8922-b1b2d1fb74f2,559,medium,7,0.841419,hybrid_coast,1.811,True,True,True
extra_trees,e2711620-6d4e-4f9c-8922-b1b2d1fb74f2,560,medium,9,0.770853,hybrid_coast,7.851,True,True,True
extra_trees,e2711620-6d4e-4f9c-8922-b1b2d1fb74f2,561,medium,2,0.807852,hybrid_coast,4.742,True,True,True
extra_trees,e2711620-6d4e-4f9c-8922-b1b2d1fb74f2,562,medium,1,0.834173,map,3.201,True,True,True
extra_trees,e2711620-6d4e-4f9c-8922-b1b2d1fb74f2,563,medium,4,0.821491,hybrid_coast,3.528,True,True,True
extra_trees,e2711620-6d4e-4f9c-8922-b1b2d1fb74f2,564,medium,3,0.818583,hybrid_coast,7.72,True,True,True
extra_trees,e2711620-6d4e-4f9c-8922-b1b2d1fb74f2,565,medium,9,0.821623,hybrid_coast,4.202,True,True,True
extra_trees,e2711620-6d4e-4f9c-8922-b1b2d1fb74f2,566,medium,4,0.832406,hybrid_coast,8.149,False,True,True
extra_trees,e2711620-6d4e-4f9c-8922-b1b2d1fb74f2,567,medium,8,0.826121,hybrid_coast,11.106,False,True,True
extra_trees,e2711620-6d4e-4f9c-8922-b1b2d1fb74f2,568,medium,2,0.817358,map,4.591,True,True,True
extra_trees,e2711620-6d4e-4f9c-8922-b1b2d1fb74f2,569,medium,2,0.850651,hybrid_coast,5.492,True,True,True
extra_trees,e2711620-6d4e-4f9c-8922-b1b2d1fb74f2,570,medium,4,0.798185,hybrid_coast,13.531,False,True,True
extra_trees,e2711620-6d4e-4f9c-8922-b1b2d1fb74f2,571,medium,2,0.772813,hybrid_coast,5.34,True,True,True
extra_trees,e2711620-6d4e-4f9c-8922-b1b2d1fb74f2,572,medium,7,0.767643,hybrid_coast,12.998,False,True,True
extra_trees,e2711620-6d4e-4f9c-8922-b1b2d1fb74f2,573,medium,2,0.744882,hybrid_coast,2.576,True,True,True
extra_trees,e2711620-6d4e-4f9c-8922-b1b2d1fb74f2,574,medium,5,0.816376,hybrid_coast,3.549,True,True,True
extra_trees,e2711620-6d4e-4f9c-8922-b1b2d1fb74f2,575,medium,4,0.849679,hybrid_coast,2.27,True,True,True
extra_trees,e2711620-6d4e-4f9c-8922-b1b2d1fb74f2,576,medium,10,0.847877,hybrid_coast,3.749,True,True,True
extra_trees,e2711620-6d4e-4f9c-8922-b1b2d1fb74f2,577,medium,1,0.879851,hybrid_coast,4.128,True,True,True
extra_trees,e2711620-6d4e-4f9c-8922-b1b2d1fb74f2,578,medium,2,0.881092,hybrid_coast,3.43,True,True,True
extra_trees,e2711620-6d4e-4f9c-8922-b1b2d1fb74f2,579,medium,2,0.901026,hybrid_coast,3.511,True,True,True
extra_trees,e2711620-6d4e-4f9c-8922-b1b2d1fb74f2,580,medium_high,3,0.903873,hybrid_coast,8.062,False,True,True
extra_trees,e2711620-6d4e-4f9c-8922-b1b2d1fb74f2,581,medium_high,9,0.890321,hybrid_coast,15.511,False,True,True
extra_trees,e2711620-6d4e-4f9c-8922-b1b2d1fb74f2,582,medium_high,17,0.918095,hybrid_coast,18.418,False,False,True
extra_trees,e2711620-6d4e-4f9c-8922-b1b2d1fb74f2,583,medium_high,6,0.880743,hybrid_coast,4.911,True,True,True
extra_trees,e2711620-6d4e-4f9c-8922-b1b2d1fb74f2,584,medium_high,3,0.922009,hybrid_coast,4.104,True,True,True
extra_trees,e2711620-6d4e-4f9c-8922-b1b2d1fb74f2,585,medium_high,3,0.940584,hybrid_coast,4.802,True,True,True
extra_trees,e2711620-6d4e-4f9c-8922-b1b2d1fb74f2,586,medium_high,13,0.923642,hybrid_coast,5.576,True,True,True
extra_trees,e2711620-6d4e-4f9c-8922-b1b2d1fb74f2,587,medium_high,3,0.910152,hybrid_coast,2.593,True,True,True
extra_trees,e2711620-6d4e-4f9c-8922-b1b2d1fb74f2,588,medium_high,4,0.932484,hybrid_coast,3.4,True,True,True
extra_trees,e2711620-6d4e-4f9c-8922-b1b2d1fb74f2,589,medium_high,4,0.931682,map,3.627,True,True,True
extra_trees,e2711620-6d4e-4f9c-8922-b1b2d1fb74f2,590,medium_high,6,0.928651,hybrid_coast,6.5,True,True,True
extra_trees,e2711620-6d4e-4f9c-8922-b1b2d1fb74f2,591,medium_high,16,0.899217,hybrid_coast,11.528,False,True,True
extra_trees,e2711620-6d4e-4f9c-8922-b1b2d1fb74f2,592,medium_high,2,0.934786,map,2.6,True,True,True
extra_trees,e2711620-6d4e-4f9c-8922-b1b2d1fb74f2,593,medium_high,8,0.897865,hybrid_coast,6.444,True,True,True
extra_trees,e2711620-6d4e-4f9c-8922-b1b2d1fb74f2,594,medium_high,15,0.895489,hybrid_coast,11.238,False,True,True
extra_trees,e2711620-6d4e-4f9c-8922-b1b2d1fb74f2,595,medium_high,8,0.856108,hybrid_coast,6.408,True,True,True
extra_trees,e2711620-6d4e-4f9c-8922-b1b2d1fb74f2,596,medium_high,13,0.889626,hybrid_coast,9.552,False,True,True
extra_trees,e2711620-6d4e-4f9c-8922-b1b2d1fb74f2,597,medium_high,21,0.867161,hybrid_coast,9.188,False,True,True
extra_trees,e2711620-6d4e-4f9c-8922-b1b2d1fb74f2,598,medium_high,35,0.860028,hybrid_coast,12.345,False,True,True
extra_trees,e2711620-6d4e-4f9c-8922-b1b2d1fb74f2,599,medium_high,44,0.847669,hybrid_coast,15.511,False,True,True
extra_trees,e2711620-6d4e-4f9c-8922-b1b2d1fb74f2,600,medium_high,8,0.777733,hybrid_coast,2.236,True,True,True
extra_trees,e2711620-6d4e-4f9c-8922-b1b2d1fb74f2,601,medium_high,4,0.731406,hybrid_coast,2.14,True,True,True
extra_trees,e2711620-6d4e-4f9c-8922-b1b2d1fb74f2,602,medium_high,2,0.796867,hybrid_coast,2.512,True,True,True
extra_trees,e2711620-6d4e-4f9c-8922-b1b2d1fb74f2,603,medium_high,9,0.746714,hybrid_coast,5.143,True,True,True
extra_trees,e2711620-6d4e-4f9c-8922-b1b2d1fb74f2,604,medium_high,2,0.738122,map,2.5,True,True,True
extra_trees,e2711620-6d4e-4f9c-8922-b1b2d1fb74f2,605,medium_high,5,0.733553,hybrid_coast,2.907,True,True,True
extra_trees,e2711620-6d4e-4f9c-8922-b1b2d1fb74f2,606,medium_high,2,0.793909,hybrid_coast,1.677,True,True,True
extra_trees,e2711620-6d4e-4f9c-8922-b1b2d1fb74f2,607,medium_high,15,0.761695,hybrid_coast,0.28,True,True,True
extra_trees,e2711620-6d4e-4f9c-8922-b1b2d1fb74f2,608,medium_high,3,0.750604,large_dark,7.517,True,True,True
extra_trees,e2711620-6d4e-4f9c-8922-b1b2d1fb74f2,609,medium_high,2,0.82841,map,1.352,True,True,True
extra_trees,e2711620-6d4e-4f9c-8922-b1b2d1fb74f2,610,medium_high,5,0.83509,hybrid_coast,0.559,True,True,True
extra_trees,e2711620-6d4e-4f9c-8922-b1b2d1fb74f2,611,high,2,0.83286,map,1.398,True,True,True
extra_trees,e2711620-6d4e-4f9c-8922-b1b2d1fb74f2,612,high,8,0.833126,hybrid_coast,3.041,True,True,True
extra_trees,e2711620-6d4e-4f9c-8922-b1b2d1fb74f2,613,high,19,0.795239,large_dark,9.789,False,True,True
extra_trees,e2711620-6d4e-4f9c-8922-b1b2d1fb74f2,614,high,1,0.845296,large_dark,5.154,True,True,True
extra_trees,e2711620-6d4e-4f9c-8922-b1b2d1fb74f2,615,high,1,0.866997,large_dark,5.045,True,True,True
extra_trees,e2711620-6d4e-4f9c-8922-b1b2d1fb74f2,616,high,6,0.878432,appearance,2.915,True,True,True
extra_trees,e2711620-6d4e-4f9c-8922-b1b2d1fb74f2,617,high,8,0.933857,map,2.226,True,True,True
extra_trees,e2711620-6d4e-4f9c-8922-b1b2d1fb74f2,618,high,4,0.942847,hybrid_coast,3.579,True,True,True
extra_trees,e2711620-6d4e-4f9c-8922-b1b2d1fb74f2,619,high,6,0.932752,appearance,2.414,True,True,True
extra_trees,e2711620-6d4e-4f9c-8922-b1b2d1fb74f2,620,high,4,0.953106,hybrid_coast,2.062,True,True,True
extra_trees,e2711620-6d4e-4f9c-8922-b1b2d1fb74f2,621,high,7,0.917422,hybrid_coast,10.451,False,True,True
extra_trees,e2711620-6d4e-4f9c-8922-b1b2d1fb74f2,622,high,4,0.902371,appearance,3.13,True,True,True
extra_trees,e2711620-6d4e-4f9c-8922-b1b2d1fb74f2,623,high,3,0.872935,hybrid_coast,1.012,True,True,True
extra_trees,e2711620-6d4e-4f9c-8922-b1b2d1fb74f2,624,high,2,0.920871,hybrid_coast,1.304,True,True,True
extra_trees,e2711620-6d4e-4f9c-8922-b1b2d1fb74f2,625,high,7,0.900275,hybrid_coast,6.49,True,True,True
extra_trees,e2711620-6d4e-4f9c-8922-b1b2d1fb74f2,626,high,2,0.872265,map,0.922,True,True,True
extra_trees,e2711620-6d4e-4f9c-8922-b1b2d1fb74f2,627,high,2,0.887236,hybrid_coast,1.351,True,True,True
extra_trees,e2711620-6d4e-4f9c-8922-b1b2d1fb74f2,628,high,9,0.855018,hybrid_coast,6.485,True,True,True
extra_trees,e2711620-6d4e-4f9c-8922-b1b2d1fb74f2,629,high,13,0.865762,hybrid_coast,9.409,False,True,True
extra_trees,e2711620-6d4e-4f9c-8922-b1b2d1fb74f2,630,high,21,0.853372,hybrid_coast,16.53,False,False,True
extra_trees,e2711620-6d4e-4f9c-8922-b1b2d1fb74f2,631,high,10,0.847641,hybrid_coast,10.692,False,True,True
extra_trees,e2711620-6d4e-4f9c-8922-b1b2d1fb74f2,632,high,10,0.835797,hybrid_coast,9.362,False,True,True
extra_trees,e2711620-6d4e-4f9c-8922-b1b2d1fb74f2,633,high,21,0.817397,hybrid_coast,16.28,False,False,True
extra_trees,e2711620-6d4e-4f9c-8922-b1b2d1fb74f2,634,high,6,0.85556,hybrid_coast,10.259,False,True,True
extra_trees,e2711620-6d4e-4f9c-8922-b1b2d1fb74f2,635,high,17,0.816221,hybrid_coast,13.365,False,True,True
extra_trees,e2711620-6d4e-4f9c-8922-b1b2d1fb74f2,636,high,2,0.874052,hybrid_coast,1.0,True,True,True
extra_trees,e2711620-6d4e-4f9c-8922-b1b2d1fb74f2,637,high,5,0.913815,map,3.567,True,True,True
extra_trees,e2711620-6d4e-4f9c-8922-b1b2d1fb74f2,638,high,14,0.852927,hybrid_coast,9.646,False,True,True
extra_trees,e2711620-6d4e-4f9c-8922-b1b2d1fb74f2,639,high,10,0.845814,hybrid_coast,6.271,True,True,True
extra_trees,e2711620-6d4e-4f9c-8922-b1b2d1fb74f2,640,high,22,0.807552,hybrid_coast,10.817,False,True,True
extra_trees,e2711620-6d4e-4f9c-8922-b1b2d1fb74f2,641,high,10,0.839485,hybrid_coast,3.999,True,True,True
extra_trees,e2711620-6d4e-4f9c-8922-b1b2d1fb74f2,642,high,3,0.866989,hybrid_coast,2.823,True,True,True
extra_trees,e2711620-6d4e-4f9c-8922-b1b2d1fb74f2,643,high,2,0.863968,hybrid_coast,1.727,True,True,True
extra_trees,e2711620-6d4e-4f9c-8922-b1b2d1fb74f2,644,high,9,0.852796,hybrid_coast,5.769,True,True,True
extra_trees,e2711620-6d4e-4f9c-8922-b1b2d1fb74f2,645,high,16,0.824447,hybrid_coast,12.572,False,True,True
extra_trees,e2711620-6d4e-4f9c-8922-b1b2d1fb74f2,646,high,2,0.879454,hybrid_coast,2.435,True,True,True
extra_trees,e2711620-6d4e-4f9c-8922-b1b2d1fb74f2,647,high,2,0.901075,hybrid_coast,3.858,True,True,True
extra_trees,e2711620-6d4e-4f9c-8922-b1b2d1fb74f2,648,high,1,0.874095,large_dark,1.836,True,True,True
extra_trees,e2711620-6d4e-4f9c-8922-b1b2d1fb74f2,649,high,4,0.893202,hybrid_coast,5.417,True,True,True
extra_trees,e2711620-6d4e-4f9c-8922-b1b2d1fb74f2,650,high,3,0.894944,hybrid_coast,3.905,True,True,True
extra_trees,e2711620-6d4e-4f9c-8922-b1b2d1fb74f2,651,high,11,0.907904,hybrid_coast,5.63,True,True,True
extra_trees,e2711620-6d4e-4f9c-8922-b1b2d1fb74f2,652,high,7,0.913842,hybrid_coast,4.272,True,True,True
extra_trees,e2711620-6d4e-4f9c-8922-b1b2d1fb74f2,653,high,4,0.914542,hybrid_coast,2.302,True,True,True
extra_trees,e2711620-6d4e-4f9c-8922-b1b2d1fb74f2,654,high,2,0.911167,hybrid_coast,2.247,True,True,True
extra_trees,e2711620-6d4e-4f9c-8922-b1b2d1fb74f2,655,high,2,0.903033,hybrid_coast,2.55,True,True,True
extra_trees,e2711620-6d4e-4f9c-8922-b1b2d1fb74f2,656,high,6,0.910587,hybrid_coast,4.031,True,True,True
extra_trees,e2711620-6d4e-4f9c-8922-b1b2d1fb74f2,657,high,12,0.91657,hybrid_coast,6.935,True,True,True
extra_trees,e2711620-6d4e-4f9c-8922-b1b2d1fb74f2,658,high,14,0.896139,hybrid_coast,10.102,False,True,True
extra_trees,e2711620-6d4e-4f9c-8922-b1b2d1fb74f2,659,high,3,0.895759,large_dark,4.61,True,True,True
extra_trees,e2711620-6d4e-4f9c-8922-b1b2d1fb74f2,660,high,6,0.866428,hybrid_coast,9.394,False,True,True
extra_trees,e2711620-6d4e-4f9c-8922-b1b2d1fb74f2,661,high,3,0.884175,hybrid_coast,9.863,False,True,True
extra_trees,e2711620-6d4e-4f9c-8922-b1b2d1fb74f2,662,high,4,0.858488,hybrid_coast,12.567,False,True,True
extra_trees,e2711620-6d4e-4f9c-8922-b1b2d1fb74f2,663,high,5,0.847911,hybrid_coast,11.817,False,True,True
extra_trees,e2711620-6d4e-4f9c-8922-b1b2d1fb74f2,664,high,5,0.83747,hybrid_coast,15.08,False,True,True
extra_trees,e2711620-6d4e-4f9c-8922-b1b2d1fb74f2,665,high,50,0.818022,map,84.596,False,False,True
extra_trees,e2711620-6d4e-4f9c-8922-b1b2d1fb74f2,666,high,29,0.795665,map,78.729,False,False,True
extra_trees,e2711620-6d4e-4f9c-8922-b1b2d1fb74f2,667,high,20,0.842397,map,82.613,False,False,True
extra_trees,e2711620-6d4e-4f9c-8922-b1b2d1fb74f2,668,high,34,0.829065,map,83.527,False,False,True
extra_trees,e2711620-6d4e-4f9c-8922-b1b2d1fb74f2,669,high,7,0.855701,map,100.974,False,False,True
extra_trees,e2711620-6d4e-4f9c-8922-b1b2d1fb74f2,670,high,6,0.880431,hybrid_coast,104.873,False,False,True
extra_trees,e2711620-6d4e-4f9c-8922-b1b2d1fb74f2,671,high,6,0.898821,map,111.016,False,False,True
extra_trees,e2711620-6d4e-4f9c-8922-b1b2d1fb74f2,672,high,2,0.894066,hybrid_coast,116.198,False,False,True
extra_trees,e2711620-6d4e-4f9c-8922-b1b2d1fb74f2,673,high,2,0.881062,hybrid_coast,121.406,False,False,True
extra_trees,e2711620-6d4e-4f9c-8922-b1b2d1fb74f2,674,high,5,0.876634,map,129.842,False,False,True
extra_trees,e2711620-6d4e-4f9c-8922-b1b2d1fb74f2,675,high,2,0.862487,hybrid_coast,131.399,False,False,True
extra_trees,e2711620-6d4e-4f9c-8922-b1b2d1fb74f2,676,medium_high,7,0.821341,hybrid_coast,129.835,False,False,True
extra_trees,e2711620-6d4e-4f9c-8922-b1b2d1fb74f2,677,medium_high,3,0.810845,hybrid_coast,136.45,False,False,True
extra_trees,e2711620-6d4e-4f9c-8922-b1b2d1fb74f2,678,medium_high,7,0.794675,hybrid_coast,137.205,False,False,True
extra_trees,e2711620-6d4e-4f9c-8922-b1b2d1fb74f2,679,medium_high,7,0.796157,hybrid_coast,134.864,False,False,True
extra_trees,e2711620-6d4e-4f9c-8922-b1b2d1fb74f2,680,medium_high,2,0.746064,hybrid_coast,3.202,True,True,True
extra_trees,e2711620-6d4e-4f9c-8922-b1b2d1fb74f2,681,medium_high,4,0.755921,hybrid_coast,5.378,True,True,True
extra_trees,e2711620-6d4e-4f9c-8922-b1b2d1fb74f2,682,medium_high,3,0.763965,large_dark,2.729,True,True,True
extra_trees,e2711620-6d4e-4f9c-8922-b1b2d1fb74f2,683,medium_high,7,0.781923,hybrid_coast,2.197,True,True,True
extra_trees,e2711620-6d4e-4f9c-8922-b1b2d1fb74f2,684,medium_high,8,0.805456,hybrid_coast,4.342,True,True,True
extra_trees,e2711620-6d4e-4f9c-8922-b1b2d1fb74f2,685,medium_high,6,0.783595,hybrid_coast,6.49,True,True,True
extra_trees,e2711620-6d4e-4f9c-8922-b1b2d1fb74f2,686,medium_high,10,0.795971,hybrid_coast,9.605,False,True,True
extra_trees,e2711620-6d4e-4f9c-8922-b1b2d1fb74f2,687,medium_high,9,0.835833,hybrid_coast,8.702,False,True,True
extra_trees,e2711620-6d4e-4f9c-8922-b1b2d1fb74f2,688,medium_high,19,0.8137,hybrid_coast,11.129,False,True,True
extra_trees,e2711620-6d4e-4f9c-8922-b1b2d1fb74f2,689,medium_high,4,0.786245,hybrid_coast,1.151,True,True,True
extra_trees,e2711620-6d4e-4f9c-8922-b1b2d1fb74f2,690,medium_high,3,0.724958,hybrid_coast,1.5,True,True,True
extra_trees,e2711620-6d4e-4f9c-8922-b1b2d1fb74f2,691,medium_high,9,0.734115,large_dark,13.342,False,True,True
extra_trees,e2711620-6d4e-4f9c-8922-b1b2d1fb74f2,692,medium_high,34,0.752949,map,98.566,False,False,True
extra_trees,e2711620-6d4e-4f9c-8922-b1b2d1fb74f2,693,medium_high,71,0.708423,map,92.373,False,False,True
extra_trees,e2711620-6d4e-4f9c-8922-b1b2d1fb74f2,694,medium_high,27,0.757432,map,106.447,False,False,True
extra_trees,e2711620-6d4e-4f9c-8922-b1b2d1fb74f2,695,medium_high,41,0.711831,map,110.495,False,False,True
extra_trees,e2711620-6d4e-4f9c-8922-b1b2d1fb74f2,696,medium_high,35,0.715309,map,116.587,False,False,True
extra_trees,e2711620-6d4e-4f9c-8922-b1b2d1fb74f2,697,medium_high,47,0.722457,large_dark,63.315,False,False,True
extra_trees,e2711620-6d4e-4f9c-8922-b1b2d1fb74f2,698,medium_high,17,0.703897,hybrid_coast,22.204,False,False,True
