clip,frame,det_x,det_y,det_w,det_h,visible,confidence,bg_split,source,oracle_hit,strict_hit,selected_dist_px,oracle_rank,oracle_source,vision_confidence,review_rank,notes
1c1258a1-d0f6-433e-9466-dbc1705fa263,25,188.45,107.57,11.87,11.6,1,medium_high,textured_non_sky,surface_audit_seed_v2,True,False,103.13,2,appearance,,,
1c1258a1-d0f6-433e-9466-dbc1705fa263,26,188.12,106.22,11.87,11.61,1,medium_high,textured_non_sky,surface_audit_seed_v2,True,True,1.471,1,map,,,
1c1258a1-d0f6-433e-9466-dbc1705fa263,27,187.78,104.87,11.87,11.61,1,medium_high,textured_non_sky,surface_audit_seed_v2,True,True,2.798,2,appearance,,,
1c1258a1-d0f6-433e-9466-dbc1705fa263,28,187.45,103.53,11.87,11.62,1,medium_high,textured_non_sky,surface_audit_seed_v2,True,True,0.514,1,map,,,
1c1258a1-d0f6-433e-9466-dbc1705fa263,29,187.11,102.18,11.88,11.63,1,medium_high,textured_non_sky,surface_audit_seed_v2,True,True,3.567,2,map,,,
1c1258a1-d0f6-433e-9466-dbc1705fa263,30,187.0,101.0,12.0,12.0,1,high,textured_non_sky,surface_audit_seed_v2,True,True,3.354,2,map,,,
1c1258a1-d0f6-433e-9466-dbc1705fa263,31,187.0,99.0,12.0,12.0,1,high,textured_non_sky,surface_audit_seed_v2,True,True,0.0,1,map,,,
1c1258a1-d0f6-433e-9466-dbc1705fa263,32,186.0,97.0,12.0,12.0,1,high,textured_non_sky,surface_audit_seed_v2,True,True,4.61,2,map,,,
1c1258a1-d0f6-433e-9466-dbc1705fa263,33,186.0,96.0,12.0,12.0,1,high,textured_non_sky,surface_audit_seed_v2,True,True,3.808,2,map,,,
1c1258a1-d0f6-433e-9466-dbc1705fa263,34,185.0,94.0,12.0,12.0,1,high,textured_non_sky,surface_audit_seed_v2,True,True,5.701,2,map,,,
1c1258a1-d0f6-433e-9466-dbc1705fa263,35,186.0,94.0,12.0,12.0,1,high,textured_non_sky,surface_audit_seed_v2,True,True,3.354,2,map,,,
1c1258a1-d0f6-433e-9466-dbc1705fa263,36,185.0,92.0,12.0,12.0,1,high,textured_non_sky,surface_audit_seed_v2,True,True,0.0,1,map,,,
1c1258a1-d0f6-433e-9466-dbc1705fa263,37,184.0,90.0,12.0,12.0,1,high,textured_non_sky,surface_audit_seed_v2,True,True,4.95,2,map,,,
1c1258a1-d0f6-433e-9466-dbc1705fa263,38,186.0,91.0,12.0,12.0,1,high,textured_non_sky,surface_audit_seed_v2,True,True,0.0,1,map,,,
1c1258a1-d0f6-433e-9466-dbc1705fa263,39,187.0,95.0,10.0,6.0,1,high,textured_non_sky,surface_audit_seed_v2,True,True,0.0,1,appearance,,,
1c1258a1-d0f6-433e-9466-dbc1705fa263,40,182.0,89.0,12.0,12.0,1,high,textured_non_sky,surface_audit_seed_v2,True,True,0.0,1,map,,,
1c1258a1-d0f6-433e-9466-dbc1705fa263,41,181.0,87.0,12.0,12.0,1,high,textured_non_sky,surface_audit_seed_v2,True,True,0.0,1,map,,,
1c1258a1-d0f6-433e-9466-dbc1705fa263,42,180.0,85.0,12.0,12.0,1,high,textured_non_sky,surface_audit_seed_v2,True,True,3.202,2,map,,,
1c1258a1-d0f6-433e-9466-dbc1705fa263,43,180.0,84.0,12.0,12.0,1,high,textured_non_sky,surface_audit_seed_v2,True,True,0.0,1,map,,,
1c1258a1-d0f6-433e-9466-dbc1705fa263,44,179.0,82.0,12.0,12.0,1,high,textured_non_sky,surface_audit_seed_v2,True,True,4.031,2,map,,,
1c1258a1-d0f6-433e-9466-dbc1705fa263,45,180.0,81.0,12.0,12.0,1,high,textured_non_sky,surface_audit_seed_v2,True,True,0.0,1,map,,,
1c1258a1-d0f6-433e-9466-dbc1705fa263,46,184.0,76.0,12.0,12.0,1,high,textured_non_sky,surface_audit_seed_v2,True,True,4.743,2,map,,,
1c1258a1-d0f6-433e-9466-dbc1705fa263,47,185.0,73.0,12.0,12.0,1,high,textured_non_sky,surface_audit_seed_v2,True,True,6.519,3,map,,,
1c1258a1-d0f6-433e-9466-dbc1705fa263,48,180.0,77.0,12.0,12.0,1,high,textured_non_sky,surface_audit_seed_v2,True,True,0.0,1,map,,,
1c1258a1-d0f6-433e-9466-dbc1705fa263,49,180.0,76.0,12.0,12.0,1,high,textured_non_sky,surface_audit_seed_v2,True,True,3.041,2,map,,,
1c1258a1-d0f6-433e-9466-dbc1705fa263,50,182.0,75.0,12.0,12.0,1,high,textured_non_sky,surface_audit_seed_v2,True,True,0.0,1,map,,,
1c1258a1-d0f6-433e-9466-dbc1705fa263,51,182.0,74.0,12.0,12.0,1,high,textured_non_sky,surface_audit_seed_v2,True,True,0.0,1,map,,,
1c1258a1-d0f6-433e-9466-dbc1705fa263,52,182.0,73.0,12.0,12.0,1,high,textured_non_sky,surface_audit_seed_v2,True,True,3.162,2,map,,,
1c1258a1-d0f6-433e-9466-dbc1705fa263,53,179.0,75.0,12.0,12.0,1,high,textured_non_sky,surface_audit_seed_v2,True,True,0.0,1,map,,,
1c1258a1-d0f6-433e-9466-dbc1705fa263,54,178.0,75.0,12.0,12.0,1,high,textured_non_sky,surface_audit_seed_v2,True,True,3.606,2,map,,,
1c1258a1-d0f6-433e-9466-dbc1705fa263,55,180.0,73.0,12.0,12.0,1,high,textured_non_sky,surface_audit_seed_v2,True,True,0.0,1,map,,,
1c1258a1-d0f6-433e-9466-dbc1705fa263,56,179.0,73.0,12.0,12.0,1,high,textured_non_sky,surface_audit_seed_v2,True,True,0.0,1,map,,,
1c1258a1-d0f6-433e-9466-dbc1705fa263,57,179.0,74.0,12.0,12.0,1,high,textured_non_sky,surface_audit_seed_v2,True,True,0.0,1,map,,,
1c1258a1-d0f6-433e-9466-dbc1705fa263,58,176.0,73.0,12.0,12.0,1,high,textured_non_sky,surface_audit_seed_v2,True,True,4.95,3,map,,,
1c1258a1-d0f6-433e-9466-dbc1705fa263,59,175.0,73.0,12.0,12.0,1,high,textured_non_sky,surface_audit_seed_v2,True,True,6.364,3,map,,,
1c1258a1-d0f6-433e-9466-dbc1705fa263,60,173.0,72.0,12.0,12.0,1,high,textured_non_sky,surface_audit_seed_v2,True,True,3.536,2,map,,,
1c1258a1-d0f6-433e-9466-dbc1705fa263,61,168.0,71.0,12.0,12.0,1,high,textured_non_sky,surface_audit_seed_v2,True,True,0.0,1,map,,,
1c1258a1-d0f6-433e-9466-dbc1705fa263,62,168.0,71.0,12.0,12.0,1,high,textured_non_sky,surface_audit_seed_v2,True,True,0.0,1,map,,,
1c1258a1-d0f6-433e-9466-dbc1705fa263,63,166.0,71.0,12.0,12.0,1,high,textured_non_sky,surface_audit_seed_v2,True,True,0.0,1,map,,,
1c1258a1-d0f6-433e-9466-dbc1705fa263,64,166.0,71.0,12.0,12.0,1,high,textured_non_sky,surface_audit_seed_v2,True,True,0.0,1,map,,,
1c1258a1-d0f6-433e-9466-dbc1705fa263,65,165.0,72.0,12.0,12.0,1,high,textured_non_sky,surface_audit_seed_v2,True,True,0.0,1,map,,,
1c1258a1-d0f6-433e-9466-dbc1705fa263,66,161.0,73.0,12.0,12.0,1,high,textured_non_sky,surface_audit_seed_v2,True,True,0.0,1,map,,,
1c1258a1-d0f6-433e-9466-dbc1705fa263,67,162.0,73.0,12.0,12.0,1,high,textured_non_sky,surface_audit_seed_v2,True,True,0.0,1,map,,,
1c1258a1-d0f6-433e-9466-dbc1705fa263,68,162.0,74.0,12.0,12.0,1,high,textured_non_sky,surface_audit_seed_v2,True,True,0.0,1,map,,,
1c1258a1-d0f6-433e-9466-dbc1705fa263,69,163.0,74.0,12.0,12.0,1,high,textured_non_sky,surface_audit_seed_v2,True,True,0.0,1,map,,,
1c1258a1-d0f6-433e-9466-dbc1705fa263,70,160.0,73.0,12.0,12.0,1,high,textured_non_sky,surface_audit_seed_v2,True,True,6.964,2,map,,,
1c1258a1-d0f6-433e-9466-dbc1705fa263,71,157.0,74.0,12.0,12.0,1,high,textured_non_sky,surface_audit_seed_v2,True,True,0.0,1,map,,,
1c1258a1-d0f6-433e-9466-dbc1705fa263,72,155.0,74.0,12.0,12.0,1,high,textured_non_sky,surface_audit_seed_v2,True,True,0.0,1,map,,,
1c1258a1-d0f6-433e-9466-dbc1705fa263,73,155.0,73.0,12.0,12.0,1,high,textured_non_sky,surface_audit_seed_v2,True,True,0.0,1,map,,,
1c1258a1-d0f6-433e-9466-dbc1705fa263,74,151.0,81.0,3.0,3.0,1,high,textured_non_sky,surface_audit_seed_v2,True,False,10.77,2,map,,,
1c1258a1-d0f6-433e-9466-dbc1705fa263,75,154.0,72.0,12.0,12.0,1,high,textured_non_sky,surface_audit_seed_v2,True,True,0.0,1,map,,,
1c1258a1-d0f6-433e-9466-dbc1705fa263,76,154.0,69.0,12.0,12.0,1,high,textured_non_sky,surface_audit_seed_v2,True,True,0.0,1,map,,,
1c1258a1-d0f6-433e-9466-dbc1705fa263,77,153.0,68.0,12.0,12.0,1,high,textured_non_sky,surface_audit_seed_v2,True,True,3.0,2,map,,,
1c1258a1-d0f6-433e-9466-dbc1705fa263,78,151.0,70.0,12.0,12.0,1,high,textured_non_sky,surface_audit_seed_v2,True,True,0.0,1,map,,,
1c1258a1-d0f6-433e-9466-dbc1705fa263,79,155.0,70.0,6.0,12.0,1,high,textured_non_sky,surface_audit_seed_v2,True,True,0.0,1,appearance,,,
1c1258a1-d0f6-433e-9466-dbc1705fa263,80,150.0,69.0,12.0,12.0,1,high,textured_non_sky,surface_audit_seed_v2,True,True,0.0,1,map,,,
1c1258a1-d0f6-433e-9466-dbc1705fa263,81,148.0,70.0,12.0,12.0,1,high,textured_non_sky,surface_audit_seed_v2,True,True,0.0,1,map,,,
1c1258a1-d0f6-433e-9466-dbc1705fa263,82,142.0,79.0,3.0,3.0,1,high,textured_non_sky,surface_audit_seed_v2,True,False,11.705,2,map,,,
1c1258a1-d0f6-433e-9466-dbc1705fa263,83,145.0,71.0,12.0,12.0,1,high,textured_non_sky,surface_audit_seed_v2,True,True,0.0,1,map,,,
1c1258a1-d0f6-433e-9466-dbc1705fa263,84,143.0,71.0,12.0,12.0,1,high,textured_non_sky,surface_audit_seed_v2,True,True,3.0,2,map,,,
1c1258a1-d0f6-433e-9466-dbc1705fa263,85,143.0,70.0,12.0,12.0,1,high,textured_non_sky,surface_audit_seed_v2,True,True,0.0,1,map,,,
1c1258a1-d0f6-433e-9466-dbc1705fa263,86,140.0,69.0,12.0,12.0,1,high,textured_non_sky,surface_audit_seed_v2,True,True,0.0,1,map,,,
1c1258a1-d0f6-433e-9466-dbc1705fa263,87,134.0,79.0,3.0,3.0,1,high,textured_non_sky,surface_audit_seed_v2,True,False,11.63,2,map,,,
1c1258a1-d0f6-433e-9466-dbc1705fa263,88,136.0,69.0,12.0,12.0,1,high,textured_non_sky,surface_audit_seed_v2,True,True,0.0,1,map,,,
1c1258a1-d0f6-433e-9466-dbc1705fa263,89,134.0,69.0,12.0,12.0,1,high,textured_non_sky,surface_audit_seed_v2,True,True,3.536,2,map,,,
1c1258a1-d0f6-433e-9466-dbc1705fa263,90,134.0,68.0,12.0,12.0,1,high,textured_non_sky,surface_audit_seed_v2,True,True,0.0,1,map,,,
1c1258a1-d0f6-433e-9466-dbc1705fa263,91,132.0,68.0,12.0,12.0,1,high,textured_non_sky,surface_audit_seed_v2,True,True,0.0,1,map,,,
1c1258a1-d0f6-433e-9466-dbc1705fa263,92,130.0,68.0,12.0,12.0,1,high,textured_non_sky,surface_audit_seed_v2,True,True,0.0,1,map,,,
1c1258a1-d0f6-433e-9466-dbc1705fa263,93,128.0,68.0,12.0,12.0,1,high,textured_non_sky,surface_audit_seed_v2,True,True,0.0,1,map,,,
1c1258a1-d0f6-433e-9466-dbc1705fa263,94,124.0,77.0,3.0,3.0,1,high,textured_non_sky,surface_audit_seed_v2,True,True,0.0,1,map,,,
1c1258a1-d0f6-433e-9466-dbc1705fa263,95,126.0,76.0,3.0,3.0,1,high,textured_non_sky,surface_audit_seed_v2,True,True,0.0,1,map,,,
1c1258a1-d0f6-433e-9466-dbc1705fa263,96,126.5,75.95,3.41,3.41,1,medium_high,textured_non_sky,surface_audit_seed_v2,True,True,2.709,1,map,,,
1c1258a1-d0f6-433e-9466-dbc1705fa263,97,127.0,75.91,3.82,3.82,1,medium_high,textured_non_sky,surface_audit_seed_v2,True,False,183.398,2,map,,,
1c1258a1-d0f6-433e-9466-dbc1705fa263,98,127.5,75.86,4.23,4.23,1,medium_high,textured_non_sky,surface_audit_seed_v2,True,True,3.038,1,map,,,
1c1258a1-d0f6-433e-9466-dbc1705fa263,99,128.0,75.82,4.64,4.64,1,medium_high,textured_non_sky,surface_audit_seed_v2,True,True,1.834,1,appearance,,,
1c1258a1-d0f6-433e-9466-dbc1705fa263,100,128.5,75.77,5.05,5.05,1,medium_high,textured_non_sky,surface_audit_seed_v2,True,True,3.797,1,map,,,
1c1258a1-d0f6-433e-9466-dbc1705fa263,101,129.0,75.73,5.45,5.45,1,medium_high,textured_non_sky,surface_audit_seed_v2,True,True,5.325,1,map,,,
1c1258a1-d0f6-433e-9466-dbc1705fa263,102,129.5,75.68,5.86,5.86,1,medium_high,textured_non_sky,surface_audit_seed_v2,True,True,6.94,1,map,,,
1c1258a1-d0f6-433e-9466-dbc1705fa263,103,130.0,75.64,6.27,6.27,1,medium_high,textured_non_sky,surface_audit_seed_v2,True,False,9.662,2,map,,,
1c1258a1-d0f6-433e-9466-dbc1705fa263,104,130.5,75.59,6.68,6.68,1,medium_high,textured_non_sky,surface_audit_seed_v2,True,True,5.678,1,appearance,,,
1c1258a1-d0f6-433e-9466-dbc1705fa263,105,131.0,75.55,7.09,7.09,1,medium_high,textured_non_sky,surface_audit_seed_v2,True,False,9.054,2,appearance,,,
1c1258a1-d0f6-433e-9466-dbc1705fa263,106,131.5,75.5,7.5,7.5,1,medium_high,textured_non_sky,surface_audit_seed_v2,True,True,5.534,1,appearance,,,
1c1258a1-d0f6-433e-9466-dbc1705fa263,107,132.0,75.45,7.91,7.91,1,medium_high,textured_non_sky,surface_audit_seed_v2,True,True,5.508,1,map,,,
1c1258a1-d0f6-433e-9466-dbc1705fa263,108,132.5,75.41,8.32,8.32,1,medium_high,textured_non_sky,surface_audit_seed_v2,True,True,4.295,2,map,,,
1c1258a1-d0f6-433e-9466-dbc1705fa263,109,133.0,75.36,8.73,8.73,1,medium_high,textured_non_sky,surface_audit_seed_v2,True,True,1.838,1,map,,,
1c1258a1-d0f6-433e-9466-dbc1705fa263,110,133.5,75.32,9.14,9.14,1,medium_high,textured_non_sky,surface_audit_seed_v2,True,True,4.487,4,map,,,
1c1258a1-d0f6-433e-9466-dbc1705fa263,111,134.0,75.27,9.55,9.55,1,medium_high,textured_non_sky,surface_audit_seed_v2,True,True,3.814,1,appearance,,,
1c1258a1-d0f6-433e-9466-dbc1705fa263,112,134.5,75.23,9.95,9.95,1,medium_high,textured_non_sky,surface_audit_seed_v2,True,True,4.485,1,appearance,,,
1c1258a1-d0f6-433e-9466-dbc1705fa263,113,135.0,75.18,10.36,10.36,1,medium_high,textured_non_sky,surface_audit_seed_v2,True,True,2.569,1,map,,,
1c1258a1-d0f6-433e-9466-dbc1705fa263,114,135.5,75.14,10.77,10.77,1,medium_high,textured_non_sky,surface_audit_seed_v2,True,True,2.442,1,appearance,,,
1c1258a1-d0f6-433e-9466-dbc1705fa263,115,136.0,75.09,11.18,11.18,1,medium_high,textured_non_sky,surface_audit_seed_v2,True,True,1.729,1,map,,,
1c1258a1-d0f6-433e-9466-dbc1705fa263,116,136.5,75.05,11.59,11.59,1,medium_high,textured_non_sky,surface_audit_seed_v2,True,True,2.321,1,appearance,,,
1c1258a1-d0f6-433e-9466-dbc1705fa263,117,137.0,75.0,12.0,12.0,1,high,textured_non_sky,surface_audit_seed_v2,True,True,0.0,1,map,,,
1c1258a1-d0f6-433e-9466-dbc1705fa263,118,136.0,75.0,12.0,12.0,1,high,textured_non_sky,surface_audit_seed_v2,True,True,0.0,1,map,,,
1c1258a1-d0f6-433e-9466-dbc1705fa263,119,141.0,79.0,3.0,5.0,1,high,textured_non_sky,surface_audit_seed_v2,True,True,0.0,1,appearance,,,
1c1258a1-d0f6-433e-9466-dbc1705fa263,120,137.0,75.0,12.0,12.0,1,high,textured_non_sky,surface_audit_seed_v2,True,True,0.0,1,map,,,
1c1258a1-d0f6-433e-9466-dbc1705fa263,121,138.0,75.0,12.0,12.0,1,high,textured_non_sky,surface_audit_seed_v2,True,True,1.118,2,map,,,
1c1258a1-d0f6-433e-9466-dbc1705fa263,122,139.0,75.0,12.0,12.0,1,high,textured_non_sky,surface_audit_seed_v2,True,True,0.0,1,map,,,
1c1258a1-d0f6-433e-9466-dbc1705fa263,123,139.0,75.0,12.0,12.0,1,high,textured_non_sky,surface_audit_seed_v2,True,True,0.0,1,map,,,
1c1258a1-d0f6-433e-9466-dbc1705fa263,124,137.0,77.0,3.0,3.0,1,high,textured_non_sky,surface_audit_seed_v2,True,True,6.265,2,map,,,
1c1258a1-d0f6-433e-9466-dbc1705fa263,125,138.0,76.0,12.0,12.0,1,high,textured_non_sky,surface_audit_seed_v2,True,True,0.0,1,map,,,
1c1258a1-d0f6-433e-9466-dbc1705fa263,126,138.0,76.0,12.0,12.0,1,high,textured_non_sky,surface_audit_seed_v2,True,True,0.5,2,map,,,
1c1258a1-d0f6-433e-9466-dbc1705fa263,127,140.0,76.0,12.0,12.0,1,high,textured_non_sky,surface_audit_seed_v2,True,True,0.0,1,map,,,
1c1258a1-d0f6-433e-9466-dbc1705fa263,128,140.0,76.0,12.0,12.0,1,high,textured_non_sky,surface_audit_seed_v2,True,True,0.0,1,map,,,
1c1258a1-d0f6-433e-9466-dbc1705fa263,129,140.0,76.0,12.0,12.0,1,high,textured_non_sky,surface_audit_seed_v2,True,True,0.5,2,map,,,
1c1258a1-d0f6-433e-9466-dbc1705fa263,130,143.0,77.0,12.0,12.0,1,high,textured_non_sky,surface_audit_seed_v2,True,True,0.0,1,map,,,
1c1258a1-d0f6-433e-9466-dbc1705fa263,131,147.0,80.0,3.0,5.0,1,high,textured_non_sky,surface_audit_seed_v2,True,True,0.0,1,appearance,,,
1c1258a1-d0f6-433e-9466-dbc1705fa263,132,146.0,76.0,12.0,12.0,1,high,textured_non_sky,surface_audit_seed_v2,True,True,0.0,1,map,,,
1c1258a1-d0f6-433e-9466-dbc1705fa263,133,148.0,76.0,12.0,12.0,1,high,textured_non_sky,surface_audit_seed_v2,True,True,0.0,1,map,,,
1c1258a1-d0f6-433e-9466-dbc1705fa263,134,150.0,76.0,12.0,12.0,1,high,textured_non_sky,surface_audit_seed_v2,True,True,2.5,2,map,,,
1c1258a1-d0f6-433e-9466-dbc1705fa263,135,149.0,75.0,12.0,12.0,1,high,textured_non_sky,surface_audit_seed_v2,True,True,0.0,1,map,,,
1c1258a1-d0f6-433e-9466-dbc1705fa263,136,150.0,75.0,12.0,12.0,1,high,textured_non_sky,surface_audit_seed_v2,True,True,1.118,2,map,,,
1c1258a1-d0f6-433e-9466-dbc1705fa263,137,152.0,75.0,12.0,12.0,1,high,textured_non_sky,surface_audit_seed_v2,True,True,0.0,1,map,,,
1c1258a1-d0f6-433e-9466-dbc1705fa263,138,153.0,75.0,12.0,12.0,1,high,textured_non_sky,surface_audit_seed_v2,True,True,0.0,1,map,,,
1c1258a1-d0f6-433e-9466-dbc1705fa263,139,154.0,75.0,12.0,12.0,1,high,textured_non_sky,surface_audit_seed_v2,True,True,1.581,2,map,,,
1c1258a1-d0f6-433e-9466-dbc1705fa263,140,153.0,75.0,12.0,12.0,1,high,textured_non_sky,surface_audit_seed_v2,True,True,0.0,1,map,,,
1c1258a1-d0f6-433e-9466-dbc1705fa263,141,154.0,75.0,12.0,12.0,1,high,textured_non_sky,surface_audit_seed_v2,True,True,0.707,2,map,,,
1c1258a1-d0f6-433e-9466-dbc1705fa263,142,156.0,76.0,12.0,12.0,1,high,textured_non_sky,surface_audit_seed_v2,True,True,0.0,1,map,,,
1c1258a1-d0f6-433e-9466-dbc1705fa263,143,157.0,76.0,12.0,12.0,1,high,textured_non_sky,surface_audit_seed_v2,True,True,0.0,1,map,,,
1c1258a1-d0f6-433e-9466-dbc1705fa263,144,158.0,76.0,12.0,12.0,1,high,textured_non_sky,surface_audit_seed_v2,True,True,1.581,2,map,,,
1c1258a1-d0f6-433e-9466-dbc1705fa263,145,157.0,74.0,12.0,12.0,1,high,textured_non_sky,surface_audit_seed_v2,True,True,0.0,1,map,,,
1c1258a1-d0f6-433e-9466-dbc1705fa263,146,158.0,73.0,12.0,12.0,1,high,textured_non_sky,surface_audit_seed_v2,True,True,2.55,2,map,,,
1c1258a1-d0f6-433e-9466-dbc1705fa263,147,158.0,74.0,12.0,12.0,1,high,textured_non_sky,surface_audit_seed_v2,True,True,0.0,1,map,,,
1c1258a1-d0f6-433e-9466-dbc1705fa263,148,160.0,75.0,12.0,12.0,1,high,textured_non_sky,surface_audit_seed_v2,True,True,0.0,1,map,,,
1c1258a1-d0f6-433e-9466-dbc1705fa263,149,161.0,75.0,12.0,12.0,1,high,textured_non_sky,surface_audit_seed_v2,True,True,1.581,2,map,,,
1c1258a1-d0f6-433e-9466-dbc1705fa263,150,160.0,76.0,12.0,12.0,1,high,textured_non_sky,surface_audit_seed_v2,True,True,0.0,1,map,,,
1c1258a1-d0f6-433e-9466-dbc1705fa263,151,161.0,76.0,12.0,12.0,1,high,textured_non_sky,surface_audit_seed_v2,True,True,1.581,2,map,,,
1c1258a1-d0f6-433e-9466-dbc1705fa263,152,159.0,74.0,12.0,12.0,1,high,textured_non_sky,surface_audit_seed_v2,True,True,0.0,1,map,,,
1c1258a1-d0f6-433e-9466-dbc1705fa263,153,162.0,76.0,12.0,12.0,1,high,textured_non_sky,surface_audit_seed_v2,True,True,3.808,2,map,,,
1c1258a1-d0f6-433e-9466-dbc1705fa263,154,163.0,76.0,12.0,12.0,1,high,textured_non_sky,surface_audit_seed_v2,True,True,3.041,2,map,,,
1c1258a1-d0f6-433e-9466-dbc1705fa263,155,161.0,75.0,12.0,12.0,1,high,textured_non_sky,surface_audit_seed_v2,True,True,0.0,1,map,,,
1c1258a1-d0f6-433e-9466-dbc1705fa263,156,162.0,75.0,12.0,12.0,1,high,textured_non_sky,surface_audit_seed_v2,True,True,1.581,2,map,,,
1c1258a1-d0f6-433e-9466-dbc1705fa263,157,161.0,74.0,12.0,12.0,1,high,textured_non_sky,surface_audit_seed_v2,True,True,0.0,1,map,,,
1c1258a1-d0f6-433e-9466-dbc1705fa263,158,162.0,74.0,12.0,12.0,1,high,textured_non_sky,surface_audit_seed_v2,True,True,0.0,1,map,,,
1c1258a1-d0f6-433e-9466-dbc1705fa263,159,163.0,74.0,12.0,12.0,1,high,textured_non_sky,surface_audit_seed_v2,True,True,1.581,2,map,,,
1c1258a1-d0f6-433e-9466-dbc1705fa263,160,163.0,74.0,12.0,12.0,1,high,textured_non_sky,surface_audit_seed_v2,True,True,0.0,1,map,,,
1c1258a1-d0f6-433e-9466-dbc1705fa263,161,164.0,74.0,12.0,12.0,1,high,textured_non_sky,surface_audit_seed_v2,True,True,0.0,1,map,,,
1c1258a1-d0f6-433e-9466-dbc1705fa263,162,164.0,74.0,12.0,12.0,1,high,textured_non_sky,surface_audit_seed_v2,True,True,0.0,1,map,,,
1c1258a1-d0f6-433e-9466-dbc1705fa263,163,165.0,73.0,12.0,12.0,1,high,textured_non_sky,surface_audit_seed_v2,True,True,0.0,1,map,,,
1c1258a1-d0f6-433e-9466-dbc1705fa263,164,166.0,73.0,12.0,12.0,1,high,textured_non_sky,surface_audit_seed_v2,True,True,1.581,2,map,,,
1c1258a1-d0f6-433e-9466-dbc1705fa263,165,166.0,73.0,12.0,12.0,1,high,textured_non_sky,surface_audit_seed_v2,True,True,0.0,1,map,,,
1c1258a1-d0f6-433e-9466-dbc1705fa263,166,167.0,73.0,12.0,12.0,1,high,textured_non_sky,surface_audit_seed_v2,True,True,0.0,1,map,,,
1c1258a1-d0f6-433e-9466-dbc1705fa263,167,167.0,75.0,12.0,12.0,1,high,textured_non_sky,surface_audit_seed_v2,True,True,0.0,1,map,,,
1c1258a1-d0f6-433e-9466-dbc1705fa263,168,168.0,75.0,12.0,12.0,1,high,textured_non_sky,surface_audit_seed_v2,True,True,0.0,1,map,,,
1c1258a1-d0f6-433e-9466-dbc1705fa263,169,169.0,75.0,12.0,12.0,1,high,textured_non_sky,surface_audit_seed_v2,True,True,2.121,2,map,,,
1c1258a1-d0f6-433e-9466-dbc1705fa263,170,169.0,75.0,12.0,12.0,1,high,textured_non_sky,surface_audit_seed_v2,True,True,0.0,1,map,,,
1c1258a1-d0f6-433e-9466-dbc1705fa263,171,170.0,75.0,12.0,12.0,1,high,textured_non_sky,surface_audit_seed_v2,True,True,2.121,2,map,,,
1c1258a1-d0f6-433e-9466-dbc1705fa263,172,169.0,75.0,12.0,12.0,1,high,textured_non_sky,surface_audit_seed_v2,True,True,0.0,1,map,,,
1c1258a1-d0f6-433e-9466-dbc1705fa263,173,170.0,75.0,12.0,12.0,1,high,textured_non_sky,surface_audit_seed_v2,True,True,0.0,1,map,,,
1c1258a1-d0f6-433e-9466-dbc1705fa263,174,171.0,75.0,12.0,12.0,1,high,textured_non_sky,surface_audit_seed_v2,True,True,1.803,2,map,,,
1c1258a1-d0f6-433e-9466-dbc1705fa263,175,171.0,75.0,12.0,12.0,1,high,textured_non_sky,surface_audit_seed_v2,True,True,0.0,1,map,,,
1c1258a1-d0f6-433e-9466-dbc1705fa263,176,172.0,75.0,12.0,12.0,1,high,textured_non_sky,surface_audit_seed_v2,True,True,1.803,2,map,,,
1c1258a1-d0f6-433e-9466-dbc1705fa263,177,172.0,75.0,12.0,12.0,1,high,textured_non_sky,surface_audit_seed_v2,True,True,0.0,1,map,,,
1c1258a1-d0f6-433e-9466-dbc1705fa263,178,172.0,71.0,12.0,12.0,1,high,textured_non_sky,surface_audit_seed_v2,True,True,0.0,1,map,,,
1c1258a1-d0f6-433e-9466-dbc1705fa263,180,173.0,69.0,12.0,12.0,1,high,textured_non_sky,surface_audit_seed_v2,True,True,0.0,1,map,,,
1c1258a1-d0f6-433e-9466-dbc1705fa263,182,174.0,67.0,12.0,12.0,1,high,textured_non_sky,surface_audit_seed_v2,True,True,0.0,1,map,,,
1c1258a1-d0f6-433e-9466-dbc1705fa263,183,175.0,67.0,12.0,12.0,1,high,textured_non_sky,surface_audit_seed_v2,True,True,0.0,1,map,,,
1c1258a1-d0f6-433e-9466-dbc1705fa263,184,176.0,66.0,12.0,12.0,1,high,textured_non_sky,surface_audit_seed_v2,True,True,2.5,2,map,,,
1c1258a1-d0f6-433e-9466-dbc1705fa263,185,176.0,68.0,12.0,12.0,1,high,textured_non_sky,surface_audit_seed_v2,True,True,0.0,1,map,,,
1c1258a1-d0f6-433e-9466-dbc1705fa263,186,184.0,80.0,3.0,3.0,1,high,textured_non_sky,surface_audit_seed_v2,True,True,7.159,2,map,,,
1c1258a1-d0f6-433e-9466-dbc1705fa263,187,176.0,69.0,12.0,12.0,1,high,textured_non_sky,surface_audit_seed_v2,True,True,0.0,1,map,,,
1c1258a1-d0f6-433e-9466-dbc1705fa263,188,177.0,70.0,12.0,12.0,1,high,textured_non_sky,surface_audit_seed_v2,True,True,0.0,1,map,,,
1c1258a1-d0f6-433e-9466-dbc1705fa263,189,177.0,70.0,12.0,12.0,1,high,textured_non_sky,surface_audit_seed_v2,True,True,1.581,2,map,,,
1c1258a1-d0f6-433e-9466-dbc1705fa263,190,178.0,74.0,12.0,12.0,1,high,textured_non_sky,surface_audit_seed_v2,True,True,0.0,1,map,,,
1c1258a1-d0f6-433e-9466-dbc1705fa263,191,178.0,75.0,12.0,12.0,1,high,textured_non_sky,surface_audit_seed_v2,True,True,0.0,1,map,,,
1c1258a1-d0f6-433e-9466-dbc1705fa263,192,178.0,73.0,12.0,12.0,1,high,textured_non_sky,surface_audit_seed_v2,True,True,0.0,1,map,,,
1c1258a1-d0f6-433e-9466-dbc1705fa263,193,179.0,77.0,12.0,12.0,1,high,textured_non_sky,surface_audit_seed_v2,True,True,0.0,1,map,,,
1c1258a1-d0f6-433e-9466-dbc1705fa263,194,180.0,79.0,12.0,12.0,1,high,textured_non_sky,surface_audit_seed_v2,True,True,0.0,1,map,,,
1c1258a1-d0f6-433e-9466-dbc1705fa263,195,179.0,76.0,12.0,12.0,1,high,textured_non_sky,surface_audit_seed_v2,True,True,0.0,1,map,,,
1c1258a1-d0f6-433e-9466-dbc1705fa263,197,179.0,78.0,12.0,12.0,1,high,textured_non_sky,surface_audit_seed_v2,True,True,0.0,1,map,,,
1c1258a1-d0f6-433e-9466-dbc1705fa263,198,180.0,82.0,12.0,12.0,1,high,textured_non_sky,surface_audit_seed_v2,True,True,0.0,1,map,,,
1c1258a1-d0f6-433e-9466-dbc1705fa263,200,180.0,81.0,12.0,12.0,1,high,textured_non_sky,surface_audit_seed_v2,True,True,0.0,1,map,,,
1c1258a1-d0f6-433e-9466-dbc1705fa263,201,180.0,82.0,12.0,12.0,1,high,textured_non_sky,surface_audit_seed_v2,True,True,0.0,1,map,,,
1c1258a1-d0f6-433e-9466-dbc1705fa263,202,181.0,85.0,12.0,12.0,1,high,textured_non_sky,surface_audit_seed_v2,True,True,0.0,1,map,,,
1c1258a1-d0f6-433e-9466-dbc1705fa263,203,181.0,87.0,12.0,12.0,1,high,textured_non_sky,surface_audit_seed_v2,True,True,0.0,1,map,,,
1c1258a1-d0f6-433e-9466-dbc1705fa263,204,181.0,89.0,12.0,12.0,1,high,textured_non_sky,surface_audit_seed_v2,True,True,3.162,2,map,,,
1c1258a1-d0f6-433e-9466-dbc1705fa263,205,181.0,88.0,12.0,12.0,1,high,textured_non_sky,surface_audit_seed_v2,True,True,0.0,1,map,,,
1c1258a1-d0f6-433e-9466-dbc1705fa263,207,182.0,90.0,12.0,12.0,1,high,textured_non_sky,surface_audit_seed_v2,True,True,0.0,1,map,,,
1c1258a1-d0f6-433e-9466-dbc1705fa263,208,182.0,91.0,12.0,12.0,1,high,textured_non_sky,surface_audit_seed_v2,True,True,0.0,1,map,,,
1c1258a1-d0f6-433e-9466-dbc1705fa263,210,182.0,90.0,12.0,12.0,1,high,textured_non_sky,surface_audit_seed_v2,True,True,0.0,1,map,,,
1c1258a1-d0f6-433e-9466-dbc1705fa263,211,182.0,90.0,12.0,12.0,1,high,textured_non_sky,surface_audit_seed_v2,True,True,1.803,2,map,,,
1c1258a1-d0f6-433e-9466-dbc1705fa263,212,183.0,91.0,12.0,12.0,1,high,textured_non_sky,surface_audit_seed_v2,True,True,0.0,1,map,,,
1c1258a1-d0f6-433e-9466-dbc1705fa263,213,183.0,94.0,12.0,12.0,1,high,textured_non_sky,surface_audit_seed_v2,True,True,0.0,1,map,,,
1c1258a1-d0f6-433e-9466-dbc1705fa263,215,184.0,92.0,12.0,12.0,1,high,textured_non_sky,surface_audit_seed_v2,True,True,0.0,1,map,,,
1c1258a1-d0f6-433e-9466-dbc1705fa263,216,184.0,92.0,12.0,12.0,1,high,textured_non_sky,surface_audit_seed_v2,True,True,1.581,2,map,,,
1c1258a1-d0f6-433e-9466-dbc1705fa263,217,185.0,95.0,12.0,12.0,1,high,textured_non_sky,surface_audit_seed_v2,True,True,0.0,1,map,,,
1c1258a1-d0f6-433e-9466-dbc1705fa263,218,186.0,96.0,12.0,12.0,1,high,textured_non_sky,surface_audit_seed_v2,True,True,0.0,1,map,,,
1c1258a1-d0f6-433e-9466-dbc1705fa263,219,187.0,97.0,12.0,12.0,1,high,textured_non_sky,surface_audit_seed_v2,True,True,2.915,2,map,,,
1c1258a1-d0f6-433e-9466-dbc1705fa263,220,186.0,97.0,12.0,12.0,1,high,textured_non_sky,surface_audit_seed_v2,True,True,0.0,1,map,,,
1c1258a1-d0f6-433e-9466-dbc1705fa263,222,185.0,99.0,12.0,12.0,1,high,textured_non_sky,surface_audit_seed_v2,True,True,0.0,1,map,,,
1c1258a1-d0f6-433e-9466-dbc1705fa263,223,188.0,99.0,12.0,12.0,1,high,textured_non_sky,surface_audit_seed_v2,True,True,3.536,2,map,,,
1c1258a1-d0f6-433e-9466-dbc1705fa263,225,188.0,101.0,12.0,12.0,1,high,textured_non_sky,surface_audit_seed_v2,True,True,3.536,2,map,,,
1c1258a1-d0f6-433e-9466-dbc1705fa263,227,189.0,103.0,12.0,12.0,1,high,textured_non_sky,surface_audit_seed_v2,True,True,0.0,1,map,,,
1c1258a1-d0f6-433e-9466-dbc1705fa263,228,186.0,104.0,12.0,12.0,1,high,textured_non_sky,surface_audit_seed_v2,True,True,0.0,1,map,,,
1c1258a1-d0f6-433e-9466-dbc1705fa263,230,187.0,107.0,12.0,12.0,1,high,textured_non_sky,surface_audit_seed_v2,True,True,0.0,1,map,,,
1c1258a1-d0f6-433e-9466-dbc1705fa263,233,188.0,112.0,12.0,12.0,1,high,textured_non_sky,surface_audit_seed_v2,True,True,3.5,2,map,,,
1c1258a1-d0f6-433e-9466-dbc1705fa263,234,188.0,113.03,12.0,12.0,1,medium_high,textured_non_sky,surface_audit_seed_v2,True,True,2.0,1,appearance,,,
1c1258a1-d0f6-433e-9466-dbc1705fa263,235,188.0,114.07,12.0,12.0,1,medium_high,textured_non_sky,surface_audit_seed_v2,True,True,2.001,1,appearance,,,
1c1258a1-d0f6-433e-9466-dbc1705fa263,236,188.0,115.1,12.0,12.0,1,medium_high,textured_non_sky,surface_audit_seed_v2,True,True,2.532,1,appearance,,,
1c1258a1-d0f6-433e-9466-dbc1705fa263,237,188.0,116.13,12.0,12.0,1,medium_high,textured_non_sky,surface_audit_seed_v2,True,True,2.527,1,appearance,,,
1c1258a1-d0f6-433e-9466-dbc1705fa263,238,188.0,117.17,12.0,12.0,1,medium_high,textured_non_sky,surface_audit_seed_v2,True,False,178.28,2,appearance,,,
1c1258a1-d0f6-433e-9466-dbc1705fa263,239,188.0,118.2,12.0,12.0,1,medium_high,textured_non_sky,surface_audit_seed_v2,True,False,177.645,44,appearance,,,
1c1258a1-d0f6-433e-9466-dbc1705fa263,240,188.0,119.23,12.0,12.0,1,medium_high,textured_non_sky,surface_audit_seed_v2,True,False,190.82,24,map,,,
1c1258a1-d0f6-433e-9466-dbc1705fa263,241,188.0,120.27,12.0,12.0,1,medium_high,textured_non_sky,surface_audit_seed_v2,True,False,191.126,14,map,,,
1c1258a1-d0f6-433e-9466-dbc1705fa263,242,188.0,121.3,12.0,12.0,1,medium_high,textured_non_sky,surface_audit_seed_v2,True,False,188.928,32,map,,,
1c1258a1-d0f6-433e-9466-dbc1705fa263,243,188.0,122.33,12.0,12.0,1,medium_high,textured_non_sky,surface_audit_seed_v2,True,False,135.6,43,map,,,
1c1258a1-d0f6-433e-9466-dbc1705fa263,244,188.0,123.37,12.0,12.0,1,medium_high,textured_non_sky,surface_audit_seed_v2,True,False,201.849,43,map,,,
1c1258a1-d0f6-433e-9466-dbc1705fa263,245,188.0,124.4,12.0,12.0,1,medium_high,textured_non_sky,surface_audit_seed_v2,True,False,190.174,35,map,,,
1c1258a1-d0f6-433e-9466-dbc1705fa263,246,188.0,125.43,12.0,12.0,1,medium_high,textured_non_sky,surface_audit_seed_v2,True,False,198.224,20,map,,,
1c1258a1-d0f6-433e-9466-dbc1705fa263,247,188.0,126.47,12.0,12.0,1,medium_high,textured_non_sky,surface_audit_seed_v2,True,False,194.186,34,map,,,
1c1258a1-d0f6-433e-9466-dbc1705fa263,248,188.0,127.5,12.0,12.0,1,medium_high,textured_non_sky,surface_audit_seed_v2,True,False,105.746,42,map,,,
1c1258a1-d0f6-433e-9466-dbc1705fa263,249,188.0,128.53,12.0,12.0,1,medium_high,textured_non_sky,surface_audit_seed_v2,True,True,6.494,40,map,,,
1c1258a1-d0f6-433e-9466-dbc1705fa263,250,188.0,129.57,12.0,12.0,1,medium_high,textured_non_sky,surface_audit_seed_v2,True,False,113.061,8,appearance,,,
1c1258a1-d0f6-433e-9466-dbc1705fa263,251,188.0,130.6,12.0,12.0,1,medium_high,textured_non_sky,surface_audit_seed_v2,True,True,5.951,1,appearance,,,
1c1258a1-d0f6-433e-9466-dbc1705fa263,252,188.0,131.63,12.0,12.0,1,medium_high,textured_non_sky,surface_audit_seed_v2,True,True,6.843,26,map,,,
1c1258a1-d0f6-433e-9466-dbc1705fa263,253,188.0,132.67,12.0,12.0,1,medium_high,textured_non_sky,surface_audit_seed_v2,True,False,8.769,30,map,,,
1c1258a1-d0f6-433e-9466-dbc1705fa263,254,188.0,133.7,12.0,12.0,1,medium_high,textured_non_sky,surface_audit_seed_v2,True,True,5.86,29,map,,,
1c1258a1-d0f6-433e-9466-dbc1705fa263,255,188.0,134.73,12.0,12.0,1,medium_high,textured_non_sky,surface_audit_seed_v2,True,False,8.723,2,appearance,,,
1c1258a1-d0f6-433e-9466-dbc1705fa263,256,188.0,135.77,12.0,12.0,1,medium_high,textured_non_sky,surface_audit_seed_v2,True,False,8.692,2,appearance,,,
1c1258a1-d0f6-433e-9466-dbc1705fa263,257,188.0,136.8,12.0,12.0,1,medium_high,textured_non_sky,surface_audit_seed_v2,True,True,4.888,1,appearance,,,
1c1258a1-d0f6-433e-9466-dbc1705fa263,258,188.0,137.83,12.0,12.0,1,medium_high,textured_non_sky,surface_audit_seed_v2,True,True,4.862,1,appearance,,,
1c1258a1-d0f6-433e-9466-dbc1705fa263,259,188.0,138.87,12.0,12.0,1,medium_high,textured_non_sky,surface_audit_seed_v2,True,True,3.714,1,appearance,,,
1c1258a1-d0f6-433e-9466-dbc1705fa263,260,188.0,139.9,12.0,12.0,1,medium_high,textured_non_sky,surface_audit_seed_v2,True,True,2.1,1,map,,,
1c1258a1-d0f6-433e-9466-dbc1705fa263,261,188.0,140.93,12.0,12.0,1,medium_high,textured_non_sky,surface_audit_seed_v2,True,True,2.719,2,map,,,
1c1258a1-d0f6-433e-9466-dbc1705fa263,262,188.0,141.97,12.0,12.0,1,medium_high,textured_non_sky,surface_audit_seed_v2,True,True,0.03,1,map,,,
1c1258a1-d0f6-433e-9466-dbc1705fa263,263,188.0,143.0,12.0,12.0,1,high,textured_non_sky,surface_audit_seed_v2,True,True,0.0,1,map,,,
1c1258a1-d0f6-433e-9466-dbc1705fa263,264,188.0,143.0,12.0,12.0,1,high,textured_non_sky,surface_audit_seed_v2,True,True,3.0,2,map,,,
1c1258a1-d0f6-433e-9466-dbc1705fa263,265,188.0,143.0,12.0,12.0,1,high,textured_non_sky,surface_audit_seed_v2,True,True,0.0,1,map,,,
1c1258a1-d0f6-433e-9466-dbc1705fa263,266,187.0,143.0,12.0,12.0,1,high,textured_non_sky,surface_audit_seed_v2,True,True,3.536,2,map,,,
1c1258a1-d0f6-433e-9466-dbc1705fa263,267,187.0,143.0,12.0,12.0,1,high,textured_non_sky,surface_audit_seed_v2,True,True,0.0,1,map,,,
1c1258a1-d0f6-433e-9466-dbc1705fa263,268,186.0,142.0,12.0,12.0,1,high,textured_non_sky,surface_audit_seed_v2,True,True,0.0,1,map,,,
1c1258a1-d0f6-433e-9466-dbc1705fa263,269,185.0,142.0,12.0,12.0,1,high,textured_non_sky,surface_audit_seed_v2,True,True,4.123,2,map,,,
1c1258a1-d0f6-433e-9466-dbc1705fa263,270,185.0,142.0,12.0,12.0,1,high,textured_non_sky,surface_audit_seed_v2,True,True,0.0,1,map,,,
1c1258a1-d0f6-433e-9466-dbc1705fa263,271,184.0,142.0,12.0,12.0,1,high,textured_non_sky,surface_audit_seed_v2,True,True,3.041,2,map,,,
1c1258a1-d0f6-433e-9466-dbc1705fa263,272,184.0,141.0,12.0,12.0,1,high,textured_non_sky,surface_audit_seed_v2,True,True,0.0,1,map,,,
1c1258a1-d0f6-433e-9466-dbc1705fa263,273,184.0,141.0,12.0,12.0,1,high,textured_non_sky,surface_audit_seed_v2,True,True,0.0,1,map,,,
1c1258a1-d0f6-433e-9466-dbc1705fa263,274,183.0,141.0,12.0,12.0,1,high,textured_non_sky,surface_audit_seed_v2,True,True,4.031,2,map,,,
1c1258a1-d0f6-433e-9466-dbc1705fa263,275,184.0,140.0,12.0,12.0,1,high,textured_non_sky,surface_audit_seed_v2,True,True,0.0,1,map,,,
1c1258a1-d0f6-433e-9466-dbc1705fa263,276,183.0,139.0,12.0,12.0,1,high,textured_non_sky,surface_audit_seed_v2,True,True,3.808,2,map,,,
1c1258a1-d0f6-433e-9466-dbc1705fa263,277,184.0,140.0,12.0,12.0,1,high,textured_non_sky,surface_audit_seed_v2,True,True,0.0,1,map,,,
1c1258a1-d0f6-433e-9466-dbc1705fa263,278,184.0,140.0,12.0,12.0,1,high,textured_non_sky,surface_audit_seed_v2,True,True,0.0,1,map,,,
1c1258a1-d0f6-433e-9466-dbc1705fa263,279,184.0,140.0,12.0,12.0,1,high,textured_non_sky,surface_audit_seed_v2,True,True,3.5,2,map,,,
1c1258a1-d0f6-433e-9466-dbc1705fa263,280,185.0,140.0,12.0,12.0,1,high,textured_non_sky,surface_audit_seed_v2,True,True,0.0,1,map,,,
1c1258a1-d0f6-433e-9466-dbc1705fa263,281,185.0,140.0,12.0,12.0,1,high,textured_non_sky,surface_audit_seed_v2,True,True,3.041,2,map,,,
1c1258a1-d0f6-433e-9466-dbc1705fa263,282,185.0,139.0,12.0,12.0,1,high,textured_non_sky,surface_audit_seed_v2,True,True,0.0,1,map,,,
1c1258a1-d0f6-433e-9466-dbc1705fa263,283,186.0,139.0,12.0,12.0,1,high,textured_non_sky,surface_audit_seed_v2,True,True,0.0,1,map,,,
1c1258a1-d0f6-433e-9466-dbc1705fa263,284,186.0,139.0,12.0,12.0,1,high,textured_non_sky,surface_audit_seed_v2,True,True,3.5,2,map,,,
1c1258a1-d0f6-433e-9466-dbc1705fa263,285,187.0,139.0,12.0,12.0,1,high,textured_non_sky,surface_audit_seed_v2,True,True,0.0,1,map,,,
1c1258a1-d0f6-433e-9466-dbc1705fa263,286,187.0,139.0,12.0,12.0,1,high,textured_non_sky,surface_audit_seed_v2,True,True,3.041,2,map,,,
1c1258a1-d0f6-433e-9466-dbc1705fa263,287,187.0,138.0,12.0,12.0,1,high,textured_non_sky,surface_audit_seed_v2,True,True,0.0,1,map,,,
1c1258a1-d0f6-433e-9466-dbc1705fa263,288,188.0,138.0,12.0,12.0,1,high,textured_non_sky,surface_audit_seed_v2,True,True,0.0,1,map,,,
1c1258a1-d0f6-433e-9466-dbc1705fa263,289,188.0,138.0,12.0,12.0,1,high,textured_non_sky,surface_audit_seed_v2,True,True,3.162,2,map,,,
1c1258a1-d0f6-433e-9466-dbc1705fa263,290,188.0,137.0,12.0,12.0,1,high,textured_non_sky,surface_audit_seed_v2,True,True,0.0,1,map,,,
1c1258a1-d0f6-433e-9466-dbc1705fa263,291,188.0,137.0,12.0,12.0,1,high,textured_non_sky,surface_audit_seed_v2,True,True,3.5,2,map,,,
1c1258a1-d0f6-433e-9466-dbc1705fa263,292,189.0,137.0,12.0,12.0,1,high,textured_non_sky,surface_audit_seed_v2,True,True,0.0,1,map,,,
1c1258a1-d0f6-433e-9466-dbc1705fa263,293,189.0,136.0,12.0,12.0,1,high,textured_non_sky,surface_audit_seed_v2,True,True,0.0,1,map,,,
1c1258a1-d0f6-433e-9466-dbc1705fa263,294,189.0,136.0,12.0,12.0,1,high,textured_non_sky,surface_audit_seed_v2,True,True,3.64,2,map,,,
1c1258a1-d0f6-433e-9466-dbc1705fa263,295,189.0,134.0,12.0,12.0,1,high,textured_non_sky,surface_audit_seed_v2,True,True,0.0,1,map,,,
1c1258a1-d0f6-433e-9466-dbc1705fa263,296,189.0,133.0,12.0,12.0,1,high,textured_non_sky,surface_audit_seed_v2,True,True,3.041,2,map,,,
1c1258a1-d0f6-433e-9466-dbc1705fa263,297,189.0,133.0,12.0,12.0,1,high,textured_non_sky,surface_audit_seed_v2,True,True,0.0,1,map,,,
1c1258a1-d0f6-433e-9466-dbc1705fa263,298,188.0,128.0,12.0,12.0,1,high,textured_non_sky,surface_audit_seed_v2,True,True,0.0,1,map,,,
1c1258a1-d0f6-433e-9466-dbc1705fa263,299,187.0,126.0,12.0,12.0,1,high,textured_non_sky,surface_audit_seed_v2,True,True,0.0,1,map,,,
1c1258a1-d0f6-433e-9466-dbc1705fa263,300,188.0,127.0,12.0,12.0,1,high,textured_non_sky,surface_audit_seed_v2,True,True,0.0,1,map,,,
1c1258a1-d0f6-433e-9466-dbc1705fa263,301,191.0,127.0,12.0,12.0,1,high,textured_non_sky,surface_audit_seed_v2,True,True,0.0,1,map,,,
1c1258a1-d0f6-433e-9466-dbc1705fa263,302,187.0,126.0,12.0,12.0,1,high,textured_non_sky,surface_audit_seed_v2,True,True,0.0,1,map,,,
1c1258a1-d0f6-433e-9466-dbc1705fa263,303,188.0,129.0,12.0,12.0,1,high,textured_non_sky,surface_audit_seed_v2,True,True,3.536,2,map,,,
1c1258a1-d0f6-433e-9466-dbc1705fa263,304,191.0,126.0,12.0,12.0,1,high,textured_non_sky,surface_audit_seed_v2,True,True,0.0,1,map,,,
1c1258a1-d0f6-433e-9466-dbc1705fa263,305,188.0,128.0,12.0,12.0,1,high,textured_non_sky,surface_audit_seed_v2,True,True,0.0,1,map,,,
1c1258a1-d0f6-433e-9466-dbc1705fa263,306,190.0,125.0,12.0,12.0,1,high,textured_non_sky,surface_audit_seed_v2,True,True,0.0,1,map,,,
1c1258a1-d0f6-433e-9466-dbc1705fa263,307,192.0,128.0,3.0,3.0,1,high,textured_non_sky,surface_audit_seed_v2,True,True,0.0,1,map,,,
1c1258a1-d0f6-433e-9466-dbc1705fa263,308,188.0,125.0,12.0,12.0,1,high,textured_non_sky,surface_audit_seed_v2,True,True,4.301,2,map,,,
1c1258a1-d0f6-433e-9466-dbc1705fa263,309,190.0,123.0,12.0,12.0,1,high,textured_non_sky,surface_audit_seed_v2,True,True,0.0,1,map,,,
1c1258a1-d0f6-433e-9466-dbc1705fa263,310,188.0,124.0,12.0,12.0,1,high,textured_non_sky,surface_audit_seed_v2,True,True,0.0,1,map,,,
1c1258a1-d0f6-433e-9466-dbc1705fa263,311,188.0,124.0,12.0,12.0,1,high,textured_non_sky,surface_audit_seed_v2,True,True,3.606,2,map,,,
1c1258a1-d0f6-433e-9466-dbc1705fa263,312,188.0,122.0,12.0,12.0,1,high,textured_non_sky,surface_audit_seed_v2,True,True,0.0,1,map,,,
1c1258a1-d0f6-433e-9466-dbc1705fa263,313,188.0,120.0,12.0,12.0,1,high,textured_non_sky,surface_audit_seed_v2,True,True,0.0,1,map,,,
1c1258a1-d0f6-433e-9466-dbc1705fa263,314,189.0,118.0,12.0,12.0,1,high,textured_non_sky,surface_audit_seed_v2,True,True,0.0,1,map,,,
1c1258a1-d0f6-433e-9466-dbc1705fa263,315,187.0,119.0,12.0,12.0,1,high,textured_non_sky,surface_audit_seed_v2,True,True,0.0,1,map,,,
1c1258a1-d0f6-433e-9466-dbc1705fa263,316,189.0,117.0,12.0,12.0,1,high,textured_non_sky,surface_audit_seed_v2,True,True,0.0,1,map,,,
1c1258a1-d0f6-433e-9466-dbc1705fa263,317,187.0,118.0,12.0,12.0,1,high,textured_non_sky,surface_audit_seed_v2,True,True,0.0,1,map,,,
1c1258a1-d0f6-433e-9466-dbc1705fa263,318,185.0,116.0,12.0,12.0,1,high,textured_non_sky,surface_audit_seed_v2,True,True,3.808,2,map,,,
1c1258a1-d0f6-433e-9466-dbc1705fa263,319,186.0,114.0,12.0,12.0,1,high,textured_non_sky,surface_audit_seed_v2,True,True,7.382,2,map,,,
1c1258a1-d0f6-433e-9466-dbc1705fa263,320,182.0,115.0,12.0,12.0,1,high,textured_non_sky,surface_audit_seed_v2,True,True,0.0,1,map,,,
1c1258a1-d0f6-433e-9466-dbc1705fa263,321,180.0,114.0,12.0,12.0,1,high,textured_non_sky,surface_audit_seed_v2,True,True,3.162,2,map,,,
1c1258a1-d0f6-433e-9466-dbc1705fa263,322,179.0,113.0,12.0,12.0,1,high,textured_non_sky,surface_audit_seed_v2,True,True,0.0,1,map,,,
1c1258a1-d0f6-433e-9466-dbc1705fa263,323,175.0,112.0,12.0,12.0,1,high,textured_non_sky,surface_audit_seed_v2,True,True,0.0,1,map,,,
1c1258a1-d0f6-433e-9466-dbc1705fa263,324,172.0,111.0,12.0,12.0,1,high,textured_non_sky,surface_audit_seed_v2,True,True,5.22,2,map,,,
1c1258a1-d0f6-433e-9466-dbc1705fa263,325,171.0,111.0,12.0,12.0,1,high,textured_non_sky,surface_audit_seed_v2,True,True,0.0,1,map,,,
1c1258a1-d0f6-433e-9466-dbc1705fa263,326,168.0,110.0,12.0,12.0,1,high,textured_non_sky,surface_audit_seed_v2,True,True,5.025,2,map,,,
1c1258a1-d0f6-433e-9466-dbc1705fa263,327,190.0,112.0,5.0,5.0,1,high,textured_non_sky,surface_audit_seed_v2,True,False,19.66,4,map,,,
1c1258a1-d0f6-433e-9466-dbc1705fa263,328,180.0,112.0,3.0,3.0,1,high,textured_non_sky,surface_audit_seed_v2,True,True,0.0,1,map,,,
1c1258a1-d0f6-433e-9466-dbc1705fa263,329,181.0,111.0,3.0,3.0,1,high,textured_non_sky,surface_audit_seed_v2,True,True,0.0,1,map,,,
1c1258a1-d0f6-433e-9466-dbc1705fa263,330,176.0,112.0,3.0,3.0,1,high,textured_non_sky,surface_audit_seed_v2,True,False,13.285,2,map,,,
1c1258a1-d0f6-433e-9466-dbc1705fa263,331,167.0,105.5,14.0,14.0,1,high,textured_non_sky,surface_audit_seed_v2,True,False,9.014,3,map,,,
1c1258a1-d0f6-433e-9466-dbc1705fa263,332,163.5,103.5,14.0,14.0,1,high,textured_non_sky,surface_audit_seed_v2,True,False,10.7,8,map,,,
1c1258a1-d0f6-433e-9466-dbc1705fa263,333,163.5,103.5,14.0,14.0,1,high,textured_non_sky,surface_audit_seed_v2,True,False,12.349,9,map,,,
1c1258a1-d0f6-433e-9466-dbc1705fa263,334,161.0,100.5,14.0,14.0,1,high,textured_non_sky,surface_audit_seed_v2,False,False,53.528,19,map,,,
1c1258a1-d0f6-433e-9466-dbc1705fa263,335,161.0,100.5,14.0,14.0,1,high,textured_non_sky,surface_audit_seed_v2,True,False,50.619,19,map,,,
1c1258a1-d0f6-433e-9466-dbc1705fa263,336,158.5,96.5,14.0,14.0,1,high,textured_non_sky,surface_audit_seed_v2,True,False,51.662,12,map,,,
1c1258a1-d0f6-433e-9466-dbc1705fa263,337,156.5,92.0,14.0,14.0,1,high,textured_non_sky,surface_audit_seed_v2,True,False,50.401,24,map,,,
1c1258a1-d0f6-433e-9466-dbc1705fa263,338,156.5,92.0,14.0,14.0,1,high,textured_non_sky,surface_audit_seed_v2,True,False,12.971,23,map,,,
1c1258a1-d0f6-433e-9466-dbc1705fa263,339,154.0,87.0,14.0,14.0,1,high,textured_non_sky,surface_audit_seed_v2,False,False,48.564,19,map,,,
1c1258a1-d0f6-433e-9466-dbc1705fa263,340,154.0,87.0,14.0,14.0,1,high,textured_non_sky,surface_audit_seed_v2,True,False,12.53,21,map,,,
1c1258a1-d0f6-433e-9466-dbc1705fa263,341,152.0,82.0,14.0,14.0,1,high,textured_non_sky,surface_audit_seed_v2,False,False,49.503,13,map,,,
1c1258a1-d0f6-433e-9466-dbc1705fa263,342,150.0,78.0,14.0,14.0,1,high,textured_non_sky,surface_audit_seed_v2,False,False,13.454,10,map,,,
1c1258a1-d0f6-433e-9466-dbc1705fa263,343,150.0,78.0,14.0,14.0,1,high,textured_non_sky,surface_audit_seed_v2,True,False,12.53,11,map,,,
1c1258a1-d0f6-433e-9466-dbc1705fa263,344,148.0,74.5,14.0,14.0,1,high,textured_non_sky,surface_audit_seed_v2,True,False,11.673,15,map,,,
1c1258a1-d0f6-433e-9466-dbc1705fa263,345,148.0,74.5,14.0,14.0,1,high,textured_non_sky,surface_audit_seed_v2,True,False,12.298,3,map,,,
1c1258a1-d0f6-433e-9466-dbc1705fa263,346,146.5,71.5,14.0,14.0,1,high,textured_non_sky,surface_audit_seed_v2,False,False,11.336,4,map,,,
529a6584-8974-4cf9-b7f7-f66d49cd3845,37,178.0,69.0,12.0,12.0,1,high,textured_non_sky,surface_audit_seed_v2,True,True,0.0,1,map,,,
529a6584-8974-4cf9-b7f7-f66d49cd3845,38,177.0,69.0,12.0,12.0,1,high,textured_non_sky,surface_audit_seed_v2,True,True,0.0,1,map,,,
529a6584-8974-4cf9-b7f7-f66d49cd3845,39,175.0,71.0,12.0,12.0,1,high,textured_non_sky,surface_audit_seed_v2,True,True,0.0,1,map,,,
529a6584-8974-4cf9-b7f7-f66d49cd3845,40,176.0,68.0,12.0,12.0,1,high,textured_non_sky,surface_audit_seed_v2,True,True,0.0,1,map,,,
529a6584-8974-4cf9-b7f7-f66d49cd3845,41,174.0,71.0,12.0,12.0,1,high,textured_non_sky,surface_audit_seed_v2,True,True,0.0,1,map,,,
529a6584-8974-4cf9-b7f7-f66d49cd3845,42,175.0,70.0,12.0,12.0,1,high,textured_non_sky,surface_audit_seed_v2,True,True,0.0,1,map,,,
529a6584-8974-4cf9-b7f7-f66d49cd3845,43,174.0,71.0,12.0,12.0,1,high,textured_non_sky,surface_audit_seed_v2,True,True,0.0,1,map,,,
529a6584-8974-4cf9-b7f7-f66d49cd3845,44,174.0,71.0,12.0,12.0,1,high,textured_non_sky,surface_audit_seed_v2,True,True,4.123,2,map,,,
529a6584-8974-4cf9-b7f7-f66d49cd3845,45,172.0,72.0,12.0,12.0,1,high,textured_non_sky,surface_audit_seed_v2,True,True,0.0,1,map,,,
529a6584-8974-4cf9-b7f7-f66d49cd3845,46,172.0,72.0,12.0,12.0,1,high,textured_non_sky,surface_audit_seed_v2,True,True,3.606,2,map,,,
529a6584-8974-4cf9-b7f7-f66d49cd3845,47,170.0,74.0,12.0,12.0,1,high,textured_non_sky,surface_audit_seed_v2,True,True,0.0,1,map,,,
529a6584-8974-4cf9-b7f7-f66d49cd3845,48,168.0,74.0,12.0,12.0,1,high,textured_non_sky,surface_audit_seed_v2,True,True,0.0,1,map,,,
529a6584-8974-4cf9-b7f7-f66d49cd3845,49,165.0,76.0,12.0,12.0,1,high,textured_non_sky,surface_audit_seed_v2,True,True,0.0,1,map,,,
529a6584-8974-4cf9-b7f7-f66d49cd3845,50,166.0,75.0,12.0,12.0,1,high,textured_non_sky,surface_audit_seed_v2,True,True,0.0,1,map,,,
529a6584-8974-4cf9-b7f7-f66d49cd3845,51,163.0,77.0,12.0,12.0,1,high,textured_non_sky,surface_audit_seed_v2,True,True,0.0,1,map,,,
529a6584-8974-4cf9-b7f7-f66d49cd3845,52,164.0,75.0,12.0,12.0,1,high,textured_non_sky,surface_audit_seed_v2,True,True,0.0,1,map,,,
529a6584-8974-4cf9-b7f7-f66d49cd3845,53,162.0,75.0,12.0,12.0,1,high,textured_non_sky,surface_audit_seed_v2,True,True,0.0,1,map,,,
529a6584-8974-4cf9-b7f7-f66d49cd3845,54,159.0,76.0,12.0,12.0,1,high,textured_non_sky,surface_audit_seed_v2,True,True,0.0,1,map,,,
529a6584-8974-4cf9-b7f7-f66d49cd3845,55,161.0,74.0,12.0,12.0,1,high,textured_non_sky,surface_audit_seed_v2,True,True,0.0,1,map,,,
529a6584-8974-4cf9-b7f7-f66d49cd3845,56,161.0,73.0,12.0,12.0,1,high,textured_non_sky,surface_audit_seed_v2,True,True,4.243,2,map,,,
529a6584-8974-4cf9-b7f7-f66d49cd3845,57,159.0,73.0,12.0,12.0,1,high,textured_non_sky,surface_audit_seed_v2,True,True,0.0,1,map,,,
529a6584-8974-4cf9-b7f7-f66d49cd3845,58,157.0,73.0,12.0,12.0,1,high,textured_non_sky,surface_audit_seed_v2,True,True,0.0,1,map,,,
529a6584-8974-4cf9-b7f7-f66d49cd3845,59,156.0,72.0,12.0,12.0,1,high,textured_non_sky,surface_audit_seed_v2,True,True,3.606,2,map,,,
529a6584-8974-4cf9-b7f7-f66d49cd3845,60,154.0,72.0,12.0,12.0,1,high,textured_non_sky,surface_audit_seed_v2,True,True,0.0,1,map,,,
529a6584-8974-4cf9-b7f7-f66d49cd3845,61,153.0,71.0,12.0,12.0,1,high,textured_non_sky,surface_audit_seed_v2,True,True,5.099,2,map,,,
529a6584-8974-4cf9-b7f7-f66d49cd3845,62,152.0,74.0,12.0,12.0,1,high,textured_non_sky,surface_audit_seed_v2,True,True,0.0,1,map,,,
529a6584-8974-4cf9-b7f7-f66d49cd3845,63,150.0,75.0,12.0,12.0,1,high,textured_non_sky,surface_audit_seed_v2,True,True,0.0,1,map,,,
529a6584-8974-4cf9-b7f7-f66d49cd3845,64,149.0,75.0,12.0,12.0,1,high,textured_non_sky,surface_audit_seed_v2,True,True,3.0,2,map,,,
529a6584-8974-4cf9-b7f7-f66d49cd3845,100,124.0,99.0,12.0,12.0,1,high,textured_non_sky,surface_audit_seed_v2,True,True,0.0,1,map,,,
529a6584-8974-4cf9-b7f7-f66d49cd3845,101,124.0,100.0,12.0,12.0,1,high,textured_non_sky,surface_audit_seed_v2,True,True,4.0,2,map,,,
529a6584-8974-4cf9-b7f7-f66d49cd3845,102,121.0,100.0,12.0,12.0,1,high,textured_non_sky,surface_audit_seed_v2,True,True,0.0,1,map,,,
529a6584-8974-4cf9-b7f7-f66d49cd3845,103,119.0,101.0,12.0,12.0,1,high,textured_non_sky,surface_audit_seed_v2,True,True,0.0,1,map,,,
529a6584-8974-4cf9-b7f7-f66d49cd3845,105,117.0,101.0,12.0,12.0,1,high,textured_non_sky,surface_audit_seed_v2,True,True,0.0,1,map,,,
529a6584-8974-4cf9-b7f7-f66d49cd3845,106,105.0,105.0,12.0,12.0,1,high,textured_non_sky,surface_audit_seed_v2,True,False,9.192,2,map,,,
529a6584-8974-4cf9-b7f7-f66d49cd3845,107,115.0,101.0,12.0,12.0,1,high,textured_non_sky,surface_audit_seed_v2,True,True,0.0,1,map,,,
529a6584-8974-4cf9-b7f7-f66d49cd3845,108,114.0,102.0,12.0,12.0,1,high,textured_non_sky,surface_audit_seed_v2,True,True,0.0,1,map,,,
529a6584-8974-4cf9-b7f7-f66d49cd3845,109,113.0,102.0,12.0,12.0,1,high,textured_non_sky,surface_audit_seed_v2,True,True,3.5,2,map,,,
529a6584-8974-4cf9-b7f7-f66d49cd3845,115,109.0,99.0,12.0,12.0,1,high,textured_non_sky,surface_audit_seed_v2,True,True,0.0,1,map,,,
529a6584-8974-4cf9-b7f7-f66d49cd3845,116,109.0,99.0,12.0,12.0,1,high,textured_non_sky,surface_audit_seed_v2,True,True,3.162,2,map,,,
529a6584-8974-4cf9-b7f7-f66d49cd3845,118,108.0,100.0,12.0,12.0,1,high,textured_non_sky,surface_audit_seed_v2,True,True,0.0,1,map,,,
529a6584-8974-4cf9-b7f7-f66d49cd3845,119,108.0,100.0,12.0,12.0,1,high,textured_non_sky,surface_audit_seed_v2,True,True,3.536,2,map,,,
529a6584-8974-4cf9-b7f7-f66d49cd3845,122,106.0,100.0,12.0,12.0,1,high,textured_non_sky,surface_audit_seed_v2,True,True,0.0,1,map,,,
529a6584-8974-4cf9-b7f7-f66d49cd3845,123,105.0,100.0,12.0,12.0,1,high,textured_non_sky,surface_audit_seed_v2,True,True,0.0,1,map,,,
529a6584-8974-4cf9-b7f7-f66d49cd3845,124,105.0,100.0,12.0,12.0,1,high,textured_non_sky,surface_audit_seed_v2,True,True,3.536,2,map,,,
529a6584-8974-4cf9-b7f7-f66d49cd3845,127,105.0,102.0,12.0,12.0,1,high,textured_non_sky,surface_audit_seed_v2,True,True,0.0,1,map,,,
529a6584-8974-4cf9-b7f7-f66d49cd3845,128,104.0,102.0,12.0,12.0,1,high,textured_non_sky,surface_audit_seed_v2,True,True,0.0,1,map,,,
529a6584-8974-4cf9-b7f7-f66d49cd3845,129,104.0,102.0,12.0,12.0,1,high,textured_non_sky,surface_audit_seed_v2,True,True,3.64,2,map,,,
529a6584-8974-4cf9-b7f7-f66d49cd3845,135,96.0,105.0,12.0,12.0,1,high,textured_non_sky,surface_audit_seed_v2,True,False,8.062,2,map,,,
529a6584-8974-4cf9-b7f7-f66d49cd3845,136,94.0,106.0,12.0,12.0,1,high,textured_non_sky,surface_audit_seed_v2,True,True,7.81,3,map,,,
529a6584-8974-4cf9-b7f7-f66d49cd3845,140,94.0,104.0,12.0,12.0,1,high,textured_non_sky,surface_audit_seed_v2,True,True,7.906,2,map,,,
529a6584-8974-4cf9-b7f7-f66d49cd3845,141,93.0,104.0,12.0,12.0,1,high,textured_non_sky,surface_audit_seed_v2,True,True,5.148,3,map,,,
529a6584-8974-4cf9-b7f7-f66d49cd3845,143,101.0,104.0,12.0,12.0,1,high,textured_non_sky,surface_audit_seed_v2,True,True,5.523,3,map,,,
529a6584-8974-4cf9-b7f7-f66d49cd3845,144,101.0,105.0,12.0,12.0,1,high,textured_non_sky,surface_audit_seed_v2,True,True,5.59,3,map,,,
529a6584-8974-4cf9-b7f7-f66d49cd3845,147,97.0,105.0,12.0,12.0,1,high,textured_non_sky,surface_audit_seed_v2,True,True,0.0,1,map,,,
529a6584-8974-4cf9-b7f7-f66d49cd3845,148,96.0,106.0,12.0,12.0,1,high,textured_non_sky,surface_audit_seed_v2,True,True,0.0,1,map,,,
7bd296cd-c800-4be9-ab0f-07e8d68cb648,437,177.0,70.0,12.0,12.0,1,high,textured_non_sky,surface_audit_seed_v2,True,True,0.0,1,map,,,
7bd296cd-c800-4be9-ab0f-07e8d68cb648,438,177.0,69.0,12.0,12.0,1,high,textured_non_sky,surface_audit_seed_v2,True,True,0.0,1,map,,,
7bd296cd-c800-4be9-ab0f-07e8d68cb648,439,175.0,71.0,12.0,12.0,1,high,textured_non_sky,surface_audit_seed_v2,True,True,0.0,1,map,,,
7bd296cd-c800-4be9-ab0f-07e8d68cb648,440,176.0,68.0,12.0,12.0,1,high,textured_non_sky,surface_audit_seed_v2,True,True,0.0,1,map,,,
7bd296cd-c800-4be9-ab0f-07e8d68cb648,441,174.0,71.0,12.0,12.0,1,high,textured_non_sky,surface_audit_seed_v2,True,True,0.0,1,map,,,
7bd296cd-c800-4be9-ab0f-07e8d68cb648,442,175.0,70.0,12.0,12.0,1,high,textured_non_sky,surface_audit_seed_v2,True,True,0.0,1,map,,,
7bd296cd-c800-4be9-ab0f-07e8d68cb648,443,174.0,71.0,12.0,12.0,1,high,textured_non_sky,surface_audit_seed_v2,True,True,0.0,1,map,,,
7bd296cd-c800-4be9-ab0f-07e8d68cb648,444,174.0,71.0,12.0,12.0,1,high,textured_non_sky,surface_audit_seed_v2,True,True,3.606,2,map,,,
7bd296cd-c800-4be9-ab0f-07e8d68cb648,445,172.0,72.0,12.0,12.0,1,high,textured_non_sky,surface_audit_seed_v2,True,True,0.0,1,map,,,
7bd296cd-c800-4be9-ab0f-07e8d68cb648,446,169.0,74.0,12.0,12.0,1,high,textured_non_sky,surface_audit_seed_v2,True,True,0.0,1,map,,,
7bd296cd-c800-4be9-ab0f-07e8d68cb648,447,170.0,74.0,12.0,12.0,1,high,textured_non_sky,surface_audit_seed_v2,True,True,0.0,1,map,,,
7bd296cd-c800-4be9-ab0f-07e8d68cb648,448,164.0,73.0,12.0,12.0,1,high,textured_non_sky,surface_audit_seed_v2,True,True,4.743,2,map,,,
7bd296cd-c800-4be9-ab0f-07e8d68cb648,449,162.0,73.0,12.0,12.0,1,high,textured_non_sky,surface_audit_seed_v2,True,True,4.243,2,map,,,
7bd296cd-c800-4be9-ab0f-07e8d68cb648,450,166.0,75.0,12.0,12.0,1,high,textured_non_sky,surface_audit_seed_v2,True,True,0.0,1,map,,,
7bd296cd-c800-4be9-ab0f-07e8d68cb648,451,163.0,77.0,12.0,12.0,1,high,textured_non_sky,surface_audit_seed_v2,True,True,0.0,1,map,,,
7bd296cd-c800-4be9-ab0f-07e8d68cb648,452,164.0,75.0,12.0,12.0,1,high,textured_non_sky,surface_audit_seed_v2,True,True,0.0,1,map,,,
7bd296cd-c800-4be9-ab0f-07e8d68cb648,453,162.0,75.0,12.0,12.0,1,high,textured_non_sky,surface_audit_seed_v2,True,True,0.0,1,map,,,
7bd296cd-c800-4be9-ab0f-07e8d68cb648,454,159.0,76.0,12.0,12.0,1,high,textured_non_sky,surface_audit_seed_v2,True,True,0.0,1,map,,,
7bd296cd-c800-4be9-ab0f-07e8d68cb648,455,160.0,73.0,12.0,12.0,1,high,textured_non_sky,surface_audit_seed_v2,True,True,0.0,1,map,,,
7bd296cd-c800-4be9-ab0f-07e8d68cb648,456,159.0,72.0,12.0,12.0,1,high,textured_non_sky,surface_audit_seed_v2,True,True,3.606,2,map,,,
7bd296cd-c800-4be9-ab0f-07e8d68cb648,457,159.0,73.0,12.0,12.0,1,high,textured_non_sky,surface_audit_seed_v2,True,True,0.0,1,map,,,
7bd296cd-c800-4be9-ab0f-07e8d68cb648,458,157.0,73.0,12.0,12.0,1,high,textured_non_sky,surface_audit_seed_v2,True,True,0.0,1,map,,,
7bd296cd-c800-4be9-ab0f-07e8d68cb648,459,154.0,75.0,12.0,12.0,1,high,textured_non_sky,surface_audit_seed_v2,True,True,0.0,1,map,,,
7bd296cd-c800-4be9-ab0f-07e8d68cb648,460,154.0,72.0,12.0,12.0,1,high,textured_non_sky,surface_audit_seed_v2,True,True,0.0,1,map,,,
7bd296cd-c800-4be9-ab0f-07e8d68cb648,461,153.0,71.0,12.0,12.0,1,high,textured_non_sky,surface_audit_seed_v2,True,True,4.123,2,map,,,
7bd296cd-c800-4be9-ab0f-07e8d68cb648,462,152.0,74.0,12.0,12.0,1,high,textured_non_sky,surface_audit_seed_v2,True,True,0.0,1,map,,,
7bd296cd-c800-4be9-ab0f-07e8d68cb648,463,150.0,75.0,12.0,12.0,1,high,textured_non_sky,surface_audit_seed_v2,True,True,0.0,1,map,,,
7bd296cd-c800-4be9-ab0f-07e8d68cb648,465,147.0,74.0,12.0,12.0,1,high,textured_non_sky,surface_audit_seed_v2,True,True,0.0,1,map,,,
7bd296cd-c800-4be9-ab0f-07e8d68cb648,494,132.0,99.0,12.0,12.0,1,high,textured_non_sky,surface_audit_seed_v2,True,True,4.61,2,map,,,
7bd296cd-c800-4be9-ab0f-07e8d68cb648,500,124.0,99.0,12.0,12.0,1,high,textured_non_sky,surface_audit_seed_v2,True,True,0.0,1,map,,,
7bd296cd-c800-4be9-ab0f-07e8d68cb648,501,124.0,100.0,12.0,12.0,1,high,textured_non_sky,surface_audit_seed_v2,True,True,4.0,2,map,,,
7bd296cd-c800-4be9-ab0f-07e8d68cb648,503,119.0,101.0,12.0,12.0,1,high,textured_non_sky,surface_audit_seed_v2,True,True,0.0,1,map,,,
7bd296cd-c800-4be9-ab0f-07e8d68cb648,505,117.0,101.0,12.0,12.0,1,high,textured_non_sky,surface_audit_seed_v2,True,True,0.0,1,map,,,
7bd296cd-c800-4be9-ab0f-07e8d68cb648,506,103.0,103.0,12.0,12.0,1,high,textured_non_sky,surface_audit_seed_v2,True,False,10.548,2,map,,,
7bd296cd-c800-4be9-ab0f-07e8d68cb648,508,114.0,102.0,12.0,12.0,1,high,textured_non_sky,surface_audit_seed_v2,True,True,0.0,1,map,,,
7bd296cd-c800-4be9-ab0f-07e8d68cb648,509,113.0,103.0,12.0,12.0,1,high,textured_non_sky,surface_audit_seed_v2,True,True,3.64,2,map,,,
7bd296cd-c800-4be9-ab0f-07e8d68cb648,510,112.0,101.0,12.0,12.0,1,high,textured_non_sky,surface_audit_seed_v2,True,True,0.0,1,map,,,
7bd296cd-c800-4be9-ab0f-07e8d68cb648,511,112.0,101.0,12.0,12.0,1,high,textured_non_sky,surface_audit_seed_v2,True,True,3.64,2,map,,,
7bd296cd-c800-4be9-ab0f-07e8d68cb648,515,109.0,99.0,12.0,12.0,1,high,textured_non_sky,surface_audit_seed_v2,True,True,0.0,1,map,,,
7bd296cd-c800-4be9-ab0f-07e8d68cb648,516,109.0,99.0,12.0,12.0,1,high,textured_non_sky,surface_audit_seed_v2,True,True,3.162,2,map,,,
7bd296cd-c800-4be9-ab0f-07e8d68cb648,517,108.0,99.0,12.0,12.0,1,high,textured_non_sky,surface_audit_seed_v2,True,True,0.0,1,map,,,
7bd296cd-c800-4be9-ab0f-07e8d68cb648,532,96.0,106.0,12.0,12.0,1,high,textured_non_sky,surface_audit_seed_v2,True,False,8.602,2,map,,,
7bd296cd-c800-4be9-ab0f-07e8d68cb648,535,96.0,105.0,12.0,12.0,1,high,textured_non_sky,surface_audit_seed_v2,True,False,8.062,2,map,,,
7bd296cd-c800-4be9-ab0f-07e8d68cb648,536,94.0,106.0,12.0,12.0,1,high,textured_non_sky,surface_audit_seed_v2,True,True,6.265,3,map,,,
7bd296cd-c800-4be9-ab0f-07e8d68cb648,537,103.0,104.0,12.0,12.0,1,high,textured_non_sky,surface_audit_seed_v2,True,True,0.0,1,map,,,
7bd296cd-c800-4be9-ab0f-07e8d68cb648,540,94.0,104.0,12.0,12.0,1,high,textured_non_sky,surface_audit_seed_v2,True,True,7.906,2,map,,,
7bd296cd-c800-4be9-ab0f-07e8d68cb648,541,92.0,105.0,12.0,12.0,1,high,textured_non_sky,surface_audit_seed_v2,True,True,6.801,3,map,,,
7bd296cd-c800-4be9-ab0f-07e8d68cb648,547,97.0,105.0,12.0,12.0,1,high,textured_non_sky,surface_audit_seed_v2,True,True,0.0,1,map,,,
7bd296cd-c800-4be9-ab0f-07e8d68cb648,550,93.0,108.0,12.0,12.0,1,high,textured_non_sky,surface_audit_seed_v2,True,True,6.364,2,map,,,
7bd296cd-c800-4be9-ab0f-07e8d68cb648,551,92.0,110.0,12.0,12.0,1,high,textured_non_sky,surface_audit_seed_v2,True,True,5.59,3,map,,,
7bd296cd-c800-4be9-ab0f-07e8d68cb648,552,95.0,107.0,12.0,12.0,1,high,textured_non_sky,surface_audit_seed_v2,True,True,0.0,1,map,,,
7bd296cd-c800-4be9-ab0f-07e8d68cb648,553,95.0,106.0,12.0,12.0,1,high,textured_non_sky,surface_audit_seed_v2,True,True,0.0,1,map,,,
7bd296cd-c800-4be9-ab0f-07e8d68cb648,554,96.0,106.0,11.0,8.0,1,high,textured_non_sky,surface_audit_seed_v2,True,True,0.0,1,appearance,,,
7bd296cd-c800-4be9-ab0f-07e8d68cb648,555,93.0,105.0,12.0,12.0,1,high,textured_non_sky,surface_audit_seed_v2,True,True,0.0,1,map,,,
7bd296cd-c800-4be9-ab0f-07e8d68cb648,556,92.0,105.0,12.0,12.0,1,high,textured_non_sky,surface_audit_seed_v2,True,True,4.472,2,map,,,
7bd296cd-c800-4be9-ab0f-07e8d68cb648,557,92.0,101.0,12.0,12.0,1,high,textured_non_sky,surface_audit_seed_v2,True,True,0.0,1,map,,,
7bd296cd-c800-4be9-ab0f-07e8d68cb648,558,93.0,90.0,12.0,12.0,1,high,textured_non_sky,surface_audit_seed_v2,True,True,0.0,1,map,,,
7bd296cd-c800-4be9-ab0f-07e8d68cb648,559,93.0,86.0,12.0,12.0,1,high,textured_non_sky,surface_audit_seed_v2,True,True,0.0,1,map,,,
7bd296cd-c800-4be9-ab0f-07e8d68cb648,560,92.0,85.0,12.0,12.0,1,high,textured_non_sky,surface_audit_seed_v2,True,True,0.0,1,map,,,
7bd296cd-c800-4be9-ab0f-07e8d68cb648,561,90.0,88.0,12.0,12.0,1,high,textured_non_sky,surface_audit_seed_v2,True,True,0.0,1,map,,,
7bd296cd-c800-4be9-ab0f-07e8d68cb648,562,89.0,80.0,12.0,12.0,1,high,textured_non_sky,surface_audit_seed_v2,True,True,0.0,1,map,,,
7bd296cd-c800-4be9-ab0f-07e8d68cb648,563,83.0,78.0,12.0,12.0,1,high,textured_non_sky,surface_audit_seed_v2,True,True,0.0,1,map,,,
7bd296cd-c800-4be9-ab0f-07e8d68cb648,564,85.0,79.0,12.0,12.0,1,high,textured_non_sky,surface_audit_seed_v2,True,True,0.0,1,map,,,
7bd296cd-c800-4be9-ab0f-07e8d68cb648,565,84.0,72.0,12.0,12.0,1,high,textured_non_sky,surface_audit_seed_v2,True,True,0.0,1,map,,,
7bd296cd-c800-4be9-ab0f-07e8d68cb648,566,83.0,69.0,12.0,12.0,1,high,textured_non_sky,surface_audit_seed_v2,True,True,6.083,2,map,,,
7bd296cd-c800-4be9-ab0f-07e8d68cb648,568,77.0,67.0,12.0,12.0,1,high,textured_non_sky,surface_audit_seed_v2,True,True,0.0,1,map,,,
7bd296cd-c800-4be9-ab0f-07e8d68cb648,569,76.0,70.0,12.0,12.0,1,high,textured_non_sky,surface_audit_seed_v2,True,True,0.0,1,map,,,
7bd296cd-c800-4be9-ab0f-07e8d68cb648,570,78.0,73.0,12.0,12.0,1,high,textured_non_sky,surface_audit_seed_v2,True,True,7.382,2,map,,,
7bd296cd-c800-4be9-ab0f-07e8d68cb648,571,72.0,71.0,12.0,12.0,1,high,textured_non_sky,surface_audit_seed_v2,True,True,0.0,1,map,,,
7bd296cd-c800-4be9-ab0f-07e8d68cb648,572,64.0,73.0,12.0,12.0,1,high,textured_non_sky,surface_audit_seed_v2,True,False,10.198,3,map,,,
7bd296cd-c800-4be9-ab0f-07e8d68cb648,573,65.0,81.0,12.0,12.0,1,high,textured_non_sky,surface_audit_seed_v2,True,True,6.671,6,map,,,
7bd296cd-c800-4be9-ab0f-07e8d68cb648,574,63.0,76.0,12.0,12.0,1,high,textured_non_sky,surface_audit_seed_v2,True,True,0.0,1,map,,,
7bd296cd-c800-4be9-ab0f-07e8d68cb648,575,53.0,81.0,12.0,12.0,1,high,textured_non_sky,surface_audit_seed_v2,True,True,7.382,3,map,,,
7bd296cd-c800-4be9-ab0f-07e8d68cb648,576,57.0,81.0,12.0,12.0,1,high,textured_non_sky,surface_audit_seed_v2,True,True,0.0,1,map,,,
7bd296cd-c800-4be9-ab0f-07e8d68cb648,577,57.0,88.0,12.0,12.0,1,high,textured_non_sky,surface_audit_seed_v2,True,True,0.0,1,map,,,
7bd296cd-c800-4be9-ab0f-07e8d68cb648,578,51.0,90.0,12.0,12.0,1,high,textured_non_sky,surface_audit_seed_v2,True,False,8.515,2,map,,,
7bd296cd-c800-4be9-ab0f-07e8d68cb648,579,44.0,93.0,12.0,12.0,1,high,textured_non_sky,surface_audit_seed_v2,True,True,0.0,1,map,,,
7bd296cd-c800-4be9-ab0f-07e8d68cb648,580,44.0,94.0,12.0,12.0,1,high,textured_non_sky,surface_audit_seed_v2,True,False,8.062,2,map,,,
7bd296cd-c800-4be9-ab0f-07e8d68cb648,581,41.0,96.0,12.0,12.0,1,high,textured_non_sky,surface_audit_seed_v2,True,False,10.817,5,map,,,
7bd296cd-c800-4be9-ab0f-07e8d68cb648,582,18.0,107.0,12.0,12.0,1,high,textured_non_sky,surface_audit_seed_v2,True,False,9.0,2,map,,,
7bd296cd-c800-4be9-ab0f-07e8d68cb648,583,14.0,114.0,7.0,7.0,1,high,textured_non_sky,surface_audit_seed_v2,True,True,0.0,1,map,,,
7bd296cd-c800-4be9-ab0f-07e8d68cb648,584,7.0,118.0,7.0,7.0,1,high,textured_non_sky,surface_audit_seed_v2,True,True,0.0,1,map,,,
7bd296cd-c800-4be9-ab0f-07e8d68cb648,585,34.0,114.0,3.0,3.0,1,high,textured_non_sky,surface_audit_seed_v2,True,False,33.526,7,map,,,
7bd296cd-c800-4be9-ab0f-07e8d68cb648,586,31.0,116.0,3.0,3.0,1,high,textured_non_sky,surface_audit_seed_v2,True,False,28.284,6,map,,,
7bd296cd-c800-4be9-ab0f-07e8d68cb648,587,28.0,116.0,3.0,3.0,1,high,textured_non_sky,surface_audit_seed_v2,True,True,0.0,1,map,,,
7bd296cd-c800-4be9-ab0f-07e8d68cb648,588,20.0,116.0,3.0,3.0,1,high,textured_non_sky,surface_audit_seed_v2,True,True,0.0,1,map,,,
7bd296cd-c800-4be9-ab0f-07e8d68cb648,589,6.0,111.0,13.0,13.0,1,medium_high,textured_non_sky,surface_audit_seed_v2,True,True,4.123,5,appearance,,,
7bd296cd-c800-4be9-ab0f-07e8d68cb648,590,6.0,111.0,13.0,13.0,1,medium_high,textured_non_sky,surface_audit_seed_v2,True,True,3.0,1,map,,,
e2711620-6d4e-4f9c-8922-b1b2d1fb74f2,0,59.5,96.5,12.0,12.0,1,high,textured_non_sky,surface_audit_seed_v2,False,False,,,,,,
e2711620-6d4e-4f9c-8922-b1b2d1fb74f2,1,59.5,96.5,12.0,12.0,1,high,textured_non_sky,surface_audit_seed_v2,False,False,30.61,1,map,,,
e2711620-6d4e-4f9c-8922-b1b2d1fb74f2,2,60.5,96.5,12.0,12.0,1,high,textured_non_sky,surface_audit_seed_v2,True,False,99.005,33,map,,,
e2711620-6d4e-4f9c-8922-b1b2d1fb74f2,3,60.5,96.0,12.0,12.0,1,high,textured_non_sky,surface_audit_seed_v2,True,False,36.101,56,map,,,
e2711620-6d4e-4f9c-8922-b1b2d1fb74f2,4,60.5,96.0,12.0,12.0,1,high,textured_non_sky,surface_audit_seed_v2,True,False,75.348,58,map,,,
e2711620-6d4e-4f9c-8922-b1b2d1fb74f2,5,61.0,96.0,12.0,12.0,1,high,textured_non_sky,surface_audit_seed_v2,True,False,39.3,68,map,,,
e2711620-6d4e-4f9c-8922-b1b2d1fb74f2,6,61.0,96.0,12.0,12.0,1,high,textured_non_sky,surface_audit_seed_v2,True,False,40.7,47,map,,,
e2711620-6d4e-4f9c-8922-b1b2d1fb74f2,7,61.5,95.0,12.0,12.0,1,high,textured_non_sky,surface_audit_seed_v2,True,False,63.72,65,map,,,
e2711620-6d4e-4f9c-8922-b1b2d1fb74f2,8,62.0,95.0,12.0,12.0,1,high,textured_non_sky,surface_audit_seed_v2,True,False,63.565,65,map,,,
e2711620-6d4e-4f9c-8922-b1b2d1fb74f2,9,62.0,95.0,12.0,12.0,1,high,textured_non_sky,surface_audit_seed_v2,True,False,71.418,64,map,,,
e2711620-6d4e-4f9c-8922-b1b2d1fb74f2,10,62.5,95.0,12.0,12.0,1,high,textured_non_sky,surface_audit_seed_v2,True,False,106.477,80,map,,,
e2711620-6d4e-4f9c-8922-b1b2d1fb74f2,11,62.5,95.0,12.0,12.0,1,high,textured_non_sky,surface_audit_seed_v2,True,False,106.477,56,map,,,
e2711620-6d4e-4f9c-8922-b1b2d1fb74f2,12,63.0,94.5,12.0,12.0,1,high,textured_non_sky,surface_audit_seed_v2,False,False,57.561,60,map,,,
e2711620-6d4e-4f9c-8922-b1b2d1fb74f2,13,63.5,94.5,12.0,12.0,1,high,textured_non_sky,surface_audit_seed_v2,True,False,56.719,77,map,,,
e2711620-6d4e-4f9c-8922-b1b2d1fb74f2,14,63.5,94.5,12.0,12.0,1,high,textured_non_sky,surface_audit_seed_v2,True,False,24.698,76,map,,,
e2711620-6d4e-4f9c-8922-b1b2d1fb74f2,15,64.0,94.0,12.0,12.0,1,high,textured_non_sky,surface_audit_seed_v2,False,False,78.0,57,map,,,
e2711620-6d4e-4f9c-8922-b1b2d1fb74f2,16,64.0,94.0,12.0,12.0,1,high,textured_non_sky,surface_audit_seed_v2,True,False,54.722,53,map,,,
e2711620-6d4e-4f9c-8922-b1b2d1fb74f2,17,64.5,94.0,12.0,12.0,1,high,textured_non_sky,surface_audit_seed_v2,False,False,54.233,66,map,,,
e2711620-6d4e-4f9c-8922-b1b2d1fb74f2,18,65.0,94.0,12.0,12.0,1,high,textured_non_sky,surface_audit_seed_v2,False,False,55.7,61,map,,,
e2711620-6d4e-4f9c-8922-b1b2d1fb74f2,19,65.0,94.0,12.0,12.0,1,high,textured_non_sky,surface_audit_seed_v2,True,False,56.679,80,map,,,
e2711620-6d4e-4f9c-8922-b1b2d1fb74f2,20,65.5,94.0,12.0,12.0,1,high,textured_non_sky,surface_audit_seed_v2,True,False,57.169,71,map,,,
e2711620-6d4e-4f9c-8922-b1b2d1fb74f2,21,65.5,94.0,12.0,12.0,1,high,textured_non_sky,surface_audit_seed_v2,True,False,58.149,51,map,,,
e2711620-6d4e-4f9c-8922-b1b2d1fb74f2,22,66.0,93.0,12.0,12.0,1,high,textured_non_sky,surface_audit_seed_v2,True,False,86.501,4,map,,,
e2711620-6d4e-4f9c-8922-b1b2d1fb74f2,23,66.5,92.5,12.0,12.0,1,high,textured_non_sky,surface_audit_seed_v2,True,False,85.802,24,map,,,
e2711620-6d4e-4f9c-8922-b1b2d1fb74f2,24,66.5,92.5,12.0,12.0,1,high,textured_non_sky,surface_audit_seed_v2,True,False,82.037,20,map,,,
e2711620-6d4e-4f9c-8922-b1b2d1fb74f2,25,67.0,92.0,12.0,12.0,1,high,textured_non_sky,surface_audit_seed_v2,True,False,83.932,70,map,,,
e2711620-6d4e-4f9c-8922-b1b2d1fb74f2,26,67.0,92.0,12.0,12.0,1,high,textured_non_sky,surface_audit_seed_v2,True,False,91.228,57,map,,,
e2711620-6d4e-4f9c-8922-b1b2d1fb74f2,27,67.5,91.5,12.0,12.0,1,high,textured_non_sky,surface_audit_seed_v2,True,False,98.671,5,map,,,
e2711620-6d4e-4f9c-8922-b1b2d1fb74f2,28,68.0,91.5,12.0,12.0,1,high,textured_non_sky,surface_audit_seed_v2,True,True,1.803,1,map,,,
e2711620-6d4e-4f9c-8922-b1b2d1fb74f2,29,68.0,92.0,12.0,12.0,1,high,textured_non_sky,surface_audit_seed_v2,True,True,1.414,1,map,,,
e2711620-6d4e-4f9c-8922-b1b2d1fb74f2,30,69.0,92.5,12.0,12.0,1,high,textured_non_sky,surface_audit_seed_v2,True,True,1.5,1,map,,,
e2711620-6d4e-4f9c-8922-b1b2d1fb74f2,31,69.0,92.5,12.0,12.0,1,high,textured_non_sky,surface_audit_seed_v2,True,True,1.5,59,appearance,,,
e2711620-6d4e-4f9c-8922-b1b2d1fb74f2,32,69.5,92.0,12.0,12.0,1,high,textured_non_sky,surface_audit_seed_v2,True,True,0.5,1,map,,,
e2711620-6d4e-4f9c-8922-b1b2d1fb74f2,33,70.0,92.0,12.0,12.0,1,high,textured_non_sky,surface_audit_seed_v2,True,True,3.162,2,map,,,
e2711620-6d4e-4f9c-8922-b1b2d1fb74f2,34,70.0,92.0,12.0,12.0,1,high,textured_non_sky,surface_audit_seed_v2,True,True,4.123,2,map,,,
e2711620-6d4e-4f9c-8922-b1b2d1fb74f2,35,70.5,91.5,12.0,12.0,1,high,textured_non_sky,surface_audit_seed_v2,True,True,2.55,1,map,,,
e2711620-6d4e-4f9c-8922-b1b2d1fb74f2,36,70.5,91.5,12.0,12.0,1,high,textured_non_sky,surface_audit_seed_v2,True,True,2.55,38,appearance,,,
e2711620-6d4e-4f9c-8922-b1b2d1fb74f2,37,71.0,91.0,12.0,12.0,1,high,textured_non_sky,surface_audit_seed_v2,True,True,1.0,66,appearance,,,
e2711620-6d4e-4f9c-8922-b1b2d1fb74f2,38,71.5,91.0,12.0,12.0,1,high,textured_non_sky,surface_audit_seed_v2,True,True,3.041,73,appearance,,,
e2711620-6d4e-4f9c-8922-b1b2d1fb74f2,39,71.5,91.0,12.0,12.0,1,high,textured_non_sky,surface_audit_seed_v2,True,True,4.031,1,map,,,
e2711620-6d4e-4f9c-8922-b1b2d1fb74f2,40,71.5,89.0,12.0,12.0,1,high,textured_non_sky,surface_audit_seed_v2,True,True,1.118,1,map,,,
e2711620-6d4e-4f9c-8922-b1b2d1fb74f2,41,71.5,89.0,12.0,12.0,1,high,textured_non_sky,surface_audit_seed_v2,True,True,1.803,1,map,,,
e2711620-6d4e-4f9c-8922-b1b2d1fb74f2,42,72.5,90.5,12.0,12.0,1,high,textured_non_sky,surface_audit_seed_v2,True,True,1.581,1,map,,,
e2711620-6d4e-4f9c-8922-b1b2d1fb74f2,43,72.5,88.5,12.0,12.0,1,high,textured_non_sky,surface_audit_seed_v2,True,True,0.707,1,map,,,
e2711620-6d4e-4f9c-8922-b1b2d1fb74f2,44,72.5,88.5,12.0,12.0,1,high,textured_non_sky,surface_audit_seed_v2,True,True,1.0,2,map,,,
e2711620-6d4e-4f9c-8922-b1b2d1fb74f2,45,73.5,89.5,12.0,12.0,1,high,textured_non_sky,surface_audit_seed_v2,True,True,0.707,1,map,,,
e2711620-6d4e-4f9c-8922-b1b2d1fb74f2,46,73.5,89.5,12.0,12.0,1,high,textured_non_sky,surface_audit_seed_v2,True,True,1.581,2,appearance,,,
e2711620-6d4e-4f9c-8922-b1b2d1fb74f2,47,73.5,88.0,12.0,12.0,1,high,textured_non_sky,surface_audit_seed_v2,True,True,0.5,1,map,,,
e2711620-6d4e-4f9c-8922-b1b2d1fb74f2,48,74.0,87.5,12.0,12.0,1,high,textured_non_sky,surface_audit_seed_v2,True,True,1.803,1,map,,,
e2711620-6d4e-4f9c-8922-b1b2d1fb74f2,49,74.0,87.5,12.0,12.0,1,high,textured_non_sky,surface_audit_seed_v2,True,True,0.5,1,appearance,,,
e2711620-6d4e-4f9c-8922-b1b2d1fb74f2,50,74.0,86.5,12.0,12.0,1,high,textured_non_sky,surface_audit_seed_v2,True,True,2.693,2,appearance,,,
e2711620-6d4e-4f9c-8922-b1b2d1fb74f2,51,74.0,86.5,12.0,12.0,1,high,textured_non_sky,surface_audit_seed_v2,True,True,0.707,1,appearance,,,
e2711620-6d4e-4f9c-8922-b1b2d1fb74f2,52,74.5,86.5,12.0,12.0,1,high,textured_non_sky,surface_audit_seed_v2,True,True,2.55,2,appearance,,,
e2711620-6d4e-4f9c-8922-b1b2d1fb74f2,53,75.0,86.0,12.0,12.0,1,high,textured_non_sky,surface_audit_seed_v2,True,True,2.236,3,appearance,,,
e2711620-6d4e-4f9c-8922-b1b2d1fb74f2,54,75.0,86.0,12.0,12.0,1,high,textured_non_sky,surface_audit_seed_v2,True,True,1.118,1,appearance,,,
e2711620-6d4e-4f9c-8922-b1b2d1fb74f2,55,75.0,85.0,12.0,12.0,1,high,textured_non_sky,surface_audit_seed_v2,True,True,0.707,1,map,,,
e2711620-6d4e-4f9c-8922-b1b2d1fb74f2,56,75.0,85.0,12.0,12.0,1,high,textured_non_sky,surface_audit_seed_v2,True,True,1.414,1,appearance,,,
e2711620-6d4e-4f9c-8922-b1b2d1fb74f2,57,75.5,85.0,12.0,12.0,1,high,textured_non_sky,surface_audit_seed_v2,True,True,2.062,3,appearance,,,
e2711620-6d4e-4f9c-8922-b1b2d1fb74f2,58,76.0,84.5,12.0,12.0,1,high,textured_non_sky,surface_audit_seed_v2,True,True,1.5,1,map,,,
e2711620-6d4e-4f9c-8922-b1b2d1fb74f2,59,76.0,84.5,12.0,12.0,1,high,textured_non_sky,surface_audit_seed_v2,True,True,2.121,1,appearance,,,
e2711620-6d4e-4f9c-8922-b1b2d1fb74f2,60,75.5,83.0,14.0,14.0,1,high,textured_non_sky,surface_audit_seed_v2,True,True,2.236,2,map,,,
e2711620-6d4e-4f9c-8922-b1b2d1fb74f2,61,75.5,83.0,14.0,14.0,1,high,textured_non_sky,surface_audit_seed_v2,True,True,2.236,2,map,,,
e2711620-6d4e-4f9c-8922-b1b2d1fb74f2,62,76.0,82.5,14.0,14.0,1,high,textured_non_sky,surface_audit_seed_v2,True,True,2.062,2,map,,,
e2711620-6d4e-4f9c-8922-b1b2d1fb74f2,63,76.5,80.5,14.0,14.0,1,high,textured_non_sky,surface_audit_seed_v2,True,True,2.0,1,map,,,
e2711620-6d4e-4f9c-8922-b1b2d1fb74f2,64,76.5,80.5,14.0,14.0,1,high,textured_non_sky,surface_audit_seed_v2,True,True,3.5,1,appearance,,,
e2711620-6d4e-4f9c-8922-b1b2d1fb74f2,65,76.5,81.5,14.0,14.0,1,high,textured_non_sky,surface_audit_seed_v2,True,True,2.236,1,map,,,
e2711620-6d4e-4f9c-8922-b1b2d1fb74f2,66,76.5,81.5,14.0,14.0,1,high,textured_non_sky,surface_audit_seed_v2,True,True,2.0,1,appearance,,,
e2711620-6d4e-4f9c-8922-b1b2d1fb74f2,67,77.0,81.5,14.0,14.0,1,high,textured_non_sky,surface_audit_seed_v2,True,True,1.803,1,map,,,
e2711620-6d4e-4f9c-8922-b1b2d1fb74f2,68,77.5,81.5,14.0,14.0,1,high,textured_non_sky,surface_audit_seed_v2,True,True,1.414,1,map,,,
e2711620-6d4e-4f9c-8922-b1b2d1fb74f2,69,77.5,81.5,14.0,14.0,1,high,textured_non_sky,surface_audit_seed_v2,True,True,1.5,1,appearance,,,
e2711620-6d4e-4f9c-8922-b1b2d1fb74f2,70,77.5,81.0,14.0,14.0,1,high,textured_non_sky,surface_audit_seed_v2,True,True,0.5,1,map,,,
e2711620-6d4e-4f9c-8922-b1b2d1fb74f2,71,77.5,81.0,14.0,14.0,1,high,textured_non_sky,surface_audit_seed_v2,True,True,1.5,2,map,,,
e2711620-6d4e-4f9c-8922-b1b2d1fb74f2,72,78.0,81.0,14.0,14.0,1,high,textured_non_sky,surface_audit_seed_v2,True,True,1.581,1,appearance,,,
e2711620-6d4e-4f9c-8922-b1b2d1fb74f2,73,78.0,80.5,14.0,14.0,1,high,textured_non_sky,surface_audit_seed_v2,True,True,1.118,1,map,,,
e2711620-6d4e-4f9c-8922-b1b2d1fb74f2,74,78.0,80.5,14.0,14.0,1,high,textured_non_sky,surface_audit_seed_v2,True,True,1.581,2,map,,,
e2711620-6d4e-4f9c-8922-b1b2d1fb74f2,75,78.5,80.5,14.0,14.0,1,high,textured_non_sky,surface_audit_seed_v2,True,True,1.0,3,map,,,
e2711620-6d4e-4f9c-8922-b1b2d1fb74f2,76,78.5,80.5,14.0,14.0,1,high,textured_non_sky,surface_audit_seed_v2,True,True,1.0,1,appearance,,,
e2711620-6d4e-4f9c-8922-b1b2d1fb74f2,77,78.5,80.5,14.0,14.0,1,high,textured_non_sky,surface_audit_seed_v2,True,True,1.0,1,appearance,,,
e2711620-6d4e-4f9c-8922-b1b2d1fb74f2,78,78.5,80.5,14.0,14.0,1,high,textured_non_sky,surface_audit_seed_v2,True,True,1.0,1,appearance,,,
e2711620-6d4e-4f9c-8922-b1b2d1fb74f2,79,78.5,80.5,14.0,14.0,1,high,textured_non_sky,surface_audit_seed_v2,True,True,1.0,1,appearance,,,
e2711620-6d4e-4f9c-8922-b1b2d1fb74f2,80,79.0,80.5,14.0,14.0,1,high,textured_non_sky,surface_audit_seed_v2,True,True,2.062,1,appearance,,,
e2711620-6d4e-4f9c-8922-b1b2d1fb74f2,81,79.0,80.5,14.0,14.0,1,high,textured_non_sky,surface_audit_seed_v2,True,True,2.062,1,appearance,,,
e2711620-6d4e-4f9c-8922-b1b2d1fb74f2,82,79.0,80.5,14.0,14.0,1,high,textured_non_sky,surface_audit_seed_v2,True,True,1.581,1,appearance,,,
e2711620-6d4e-4f9c-8922-b1b2d1fb74f2,83,79.0,80.5,14.0,14.0,1,high,textured_non_sky,surface_audit_seed_v2,True,True,1.581,1,appearance,,,
e2711620-6d4e-4f9c-8922-b1b2d1fb74f2,84,79.0,80.5,14.0,14.0,1,high,textured_non_sky,surface_audit_seed_v2,True,True,1.581,1,appearance,,,
e2711620-6d4e-4f9c-8922-b1b2d1fb74f2,85,79.0,80.5,14.0,14.0,1,high,textured_non_sky,surface_audit_seed_v2,True,True,1.581,1,appearance,,,
e2711620-6d4e-4f9c-8922-b1b2d1fb74f2,86,79.0,80.5,14.0,14.0,1,high,textured_non_sky,surface_audit_seed_v2,True,True,1.581,1,appearance,,,
e2711620-6d4e-4f9c-8922-b1b2d1fb74f2,87,79.0,81.0,14.0,14.0,1,high,textured_non_sky,surface_audit_seed_v2,True,True,1.118,1,appearance,,,
e2711620-6d4e-4f9c-8922-b1b2d1fb74f2,88,79.5,81.0,14.0,14.0,1,high,textured_non_sky,surface_audit_seed_v2,True,True,4.924,2,appearance,,,
e2711620-6d4e-4f9c-8922-b1b2d1fb74f2,89,79.5,81.0,14.0,14.0,1,high,textured_non_sky,surface_audit_seed_v2,True,True,6.801,2,appearance,,,
e2711620-6d4e-4f9c-8922-b1b2d1fb74f2,90,79.5,81.0,14.0,14.0,1,high,textured_non_sky,surface_audit_seed_v2,True,True,3.041,1,map,,,
e2711620-6d4e-4f9c-8922-b1b2d1fb74f2,91,79.5,81.0,14.0,14.0,1,high,textured_non_sky,surface_audit_seed_v2,True,True,4.031,1,map,,,
e2711620-6d4e-4f9c-8922-b1b2d1fb74f2,92,79.0,81.5,14.0,14.0,1,high,textured_non_sky,surface_audit_seed_v2,True,False,67.862,73,appearance,,,
e2711620-6d4e-4f9c-8922-b1b2d1fb74f2,93,79.0,81.5,14.0,14.0,1,high,textured_non_sky,surface_audit_seed_v2,True,False,70.677,2,map,,,
e2711620-6d4e-4f9c-8922-b1b2d1fb74f2,94,79.0,81.5,14.0,14.0,1,high,textured_non_sky,surface_audit_seed_v2,True,False,72.085,72,appearance,,,
e2711620-6d4e-4f9c-8922-b1b2d1fb74f2,95,79.0,81.5,14.0,14.0,1,high,textured_non_sky,surface_audit_seed_v2,True,False,73.493,77,appearance,,,
e2711620-6d4e-4f9c-8922-b1b2d1fb74f2,96,79.0,81.5,14.0,14.0,1,high,textured_non_sky,surface_audit_seed_v2,True,True,2.0,1,appearance,,,
e2711620-6d4e-4f9c-8922-b1b2d1fb74f2,97,79.0,82.0,14.0,14.0,1,high,textured_non_sky,surface_audit_seed_v2,True,True,1.5,1,appearance,,,
e2711620-6d4e-4f9c-8922-b1b2d1fb74f2,98,79.0,81.0,14.0,14.0,1,high,textured_non_sky,surface_audit_seed_v2,True,False,31.662,2,appearance,,,
e2711620-6d4e-4f9c-8922-b1b2d1fb74f2,99,79.0,81.0,14.0,14.0,1,high,textured_non_sky,surface_audit_seed_v2,True,False,52.502,80,appearance,,,
e2711620-6d4e-4f9c-8922-b1b2d1fb74f2,100,78.5,82.5,14.0,14.0,1,high,textured_non_sky,surface_audit_seed_v2,True,False,53.852,2,map,,,
e2711620-6d4e-4f9c-8922-b1b2d1fb74f2,101,78.5,82.5,14.0,14.0,1,high,textured_non_sky,surface_audit_seed_v2,True,False,55.154,61,appearance,,,
e2711620-6d4e-4f9c-8922-b1b2d1fb74f2,102,78.5,81.5,14.0,14.0,1,high,textured_non_sky,surface_audit_seed_v2,True,False,34.015,24,map,,,
e2711620-6d4e-4f9c-8922-b1b2d1fb74f2,103,78.0,83.0,14.0,14.0,1,high,textured_non_sky,surface_audit_seed_v2,True,False,66.727,9,appearance,,,
e2711620-6d4e-4f9c-8922-b1b2d1fb74f2,104,78.0,83.0,14.0,14.0,1,high,textured_non_sky,surface_audit_seed_v2,True,True,2.5,1,appearance,,,
e2711620-6d4e-4f9c-8922-b1b2d1fb74f2,105,78.0,82.0,14.0,14.0,1,high,textured_non_sky,surface_audit_seed_v2,True,True,4.0,1,appearance,,,
e2711620-6d4e-4f9c-8922-b1b2d1fb74f2,106,78.0,82.0,14.0,14.0,1,high,textured_non_sky,surface_audit_seed_v2,True,True,4.0,1,appearance,,,
e2711620-6d4e-4f9c-8922-b1b2d1fb74f2,107,77.5,82.5,14.0,14.0,1,high,textured_non_sky,surface_audit_seed_v2,True,True,3.5,1,appearance,,,
e2711620-6d4e-4f9c-8922-b1b2d1fb74f2,108,77.5,82.5,14.0,14.0,1,high,textured_non_sky,surface_audit_seed_v2,True,True,3.5,1,appearance,,,
e2711620-6d4e-4f9c-8922-b1b2d1fb74f2,109,77.5,82.5,14.0,14.0,1,high,textured_non_sky,surface_audit_seed_v2,True,True,3.5,1,appearance,,,
e2711620-6d4e-4f9c-8922-b1b2d1fb74f2,110,77.0,83.0,14.0,14.0,1,high,textured_non_sky,surface_audit_seed_v2,True,True,3.808,1,map,,,
e2711620-6d4e-4f9c-8922-b1b2d1fb74f2,111,77.0,83.0,14.0,14.0,1,high,textured_non_sky,surface_audit_seed_v2,True,True,4.0,1,appearance,,,
e2711620-6d4e-4f9c-8922-b1b2d1fb74f2,112,76.5,83.5,14.0,14.0,1,high,textured_non_sky,surface_audit_seed_v2,True,True,2.121,1,map,,,
e2711620-6d4e-4f9c-8922-b1b2d1fb74f2,113,76.5,83.5,14.0,14.0,1,high,textured_non_sky,surface_audit_seed_v2,True,True,3.041,2,map,,,
e2711620-6d4e-4f9c-8922-b1b2d1fb74f2,114,76.5,83.5,14.0,14.0,1,high,textured_non_sky,surface_audit_seed_v2,True,True,3.041,2,map,,,
e2711620-6d4e-4f9c-8922-b1b2d1fb74f2,115,76.0,83.5,14.0,14.0,1,high,textured_non_sky,surface_audit_seed_v2,True,True,1.803,1,map,,,
e2711620-6d4e-4f9c-8922-b1b2d1fb74f2,116,76.0,83.5,14.0,14.0,1,high,textured_non_sky,surface_audit_seed_v2,True,True,4.5,2,map,,,
e2711620-6d4e-4f9c-8922-b1b2d1fb74f2,117,75.5,84.0,14.0,14.0,1,high,textured_non_sky,surface_audit_seed_v2,True,True,3.5,1,appearance,,,
e2711620-6d4e-4f9c-8922-b1b2d1fb74f2,118,75.0,84.0,14.0,14.0,1,high,textured_non_sky,surface_audit_seed_v2,True,True,4.0,6,map,,,
e2711620-6d4e-4f9c-8922-b1b2d1fb74f2,119,75.0,84.0,14.0,14.0,1,high,textured_non_sky,surface_audit_seed_v2,True,True,4.0,33,map,,,
e2711620-6d4e-4f9c-8922-b1b2d1fb74f2,120,75.0,84.0,14.0,14.0,1,high,textured_non_sky,surface_audit_seed_v2,True,True,2.915,52,map,,,
e2711620-6d4e-4f9c-8922-b1b2d1fb74f2,121,75.0,84.0,14.0,14.0,1,high,textured_non_sky,surface_audit_seed_v2,True,True,4.031,1,appearance,,,
e2711620-6d4e-4f9c-8922-b1b2d1fb74f2,122,74.5,84.0,14.0,14.0,1,high,textured_non_sky,surface_audit_seed_v2,True,True,4.0,76,map,,,
e2711620-6d4e-4f9c-8922-b1b2d1fb74f2,123,69.5,85.0,14.0,14.0,1,high,textured_non_sky,surface_audit_seed_v2,True,True,5.831,6,map,,,
e2711620-6d4e-4f9c-8922-b1b2d1fb74f2,124,69.5,85.0,14.0,14.0,1,high,textured_non_sky,surface_audit_seed_v2,True,False,67.017,43,map,,,
e2711620-6d4e-4f9c-8922-b1b2d1fb74f2,125,67.5,83.5,17.0,17.0,1,high,textured_non_sky,surface_audit_seed_v2,True,False,67.309,56,map,,,
e2711620-6d4e-4f9c-8922-b1b2d1fb74f2,126,67.5,83.5,17.0,17.0,1,high,textured_non_sky,surface_audit_seed_v2,True,False,67.309,51,appearance,,,
e2711620-6d4e-4f9c-8922-b1b2d1fb74f2,127,72.0,82.5,17.0,17.0,1,high,textured_non_sky,surface_audit_seed_v2,True,False,65.048,24,map,,,
e2711620-6d4e-4f9c-8922-b1b2d1fb74f2,128,67.0,83.5,17.0,17.0,1,high,textured_non_sky,surface_audit_seed_v2,True,False,67.604,56,map,,,
e2711620-6d4e-4f9c-8922-b1b2d1fb74f2,129,67.0,83.5,17.0,17.0,1,high,textured_non_sky,surface_audit_seed_v2,True,False,67.604,54,map,,,
e2711620-6d4e-4f9c-8922-b1b2d1fb74f2,130,66.5,83.5,17.0,17.0,1,high,textured_non_sky,surface_audit_seed_v2,True,False,69.112,50,map,,,
e2711620-6d4e-4f9c-8922-b1b2d1fb74f2,131,66.5,83.5,17.0,17.0,1,high,textured_non_sky,surface_audit_seed_v2,True,False,69.732,36,map,,,
e2711620-6d4e-4f9c-8922-b1b2d1fb74f2,132,66.5,83.5,17.0,17.0,1,high,textured_non_sky,surface_audit_seed_v2,True,False,58.758,77,map,,,
e2711620-6d4e-4f9c-8922-b1b2d1fb74f2,133,76.5,84.0,17.0,17.0,1,high,textured_non_sky,surface_audit_seed_v2,False,False,63.885,57,map,,,
e2711620-6d4e-4f9c-8922-b1b2d1fb74f2,134,76.5,84.0,17.0,17.0,1,high,textured_non_sky,surface_audit_seed_v2,True,False,87.001,80,appearance,,,
e2711620-6d4e-4f9c-8922-b1b2d1fb74f2,135,66.0,83.0,17.0,17.0,1,high,textured_non_sky,surface_audit_seed_v2,True,False,69.029,55,map,,,
e2711620-6d4e-4f9c-8922-b1b2d1fb74f2,136,66.0,83.0,17.0,17.0,1,high,textured_non_sky,surface_audit_seed_v2,True,False,69.029,45,map,,,
e2711620-6d4e-4f9c-8922-b1b2d1fb74f2,137,71.0,82.0,17.0,17.0,1,high,textured_non_sky,surface_audit_seed_v2,True,False,64.815,80,map,,,
e2711620-6d4e-4f9c-8922-b1b2d1fb74f2,138,76.0,83.5,17.0,17.0,1,high,textured_non_sky,surface_audit_seed_v2,True,False,63.097,73,appearance,,,
e2711620-6d4e-4f9c-8922-b1b2d1fb74f2,139,76.0,83.5,17.0,17.0,1,high,textured_non_sky,surface_audit_seed_v2,True,False,105.02,70,appearance,,,
e2711620-6d4e-4f9c-8922-b1b2d1fb74f2,140,65.5,82.5,17.0,17.0,1,high,textured_non_sky,surface_audit_seed_v2,True,False,68.72,61,appearance,,,
e2711620-6d4e-4f9c-8922-b1b2d1fb74f2,141,65.5,82.5,17.0,17.0,1,high,textured_non_sky,surface_audit_seed_v2,True,False,62.31,31,appearance,,,
e2711620-6d4e-4f9c-8922-b1b2d1fb74f2,142,70.5,81.0,17.0,17.0,1,high,textured_non_sky,surface_audit_seed_v2,True,False,69.342,77,map,,,
e2711620-6d4e-4f9c-8922-b1b2d1fb74f2,143,65.5,82.0,17.0,17.0,1,high,textured_non_sky,surface_audit_seed_v2,True,False,43.304,64,appearance,,,
e2711620-6d4e-4f9c-8922-b1b2d1fb74f2,144,65.5,82.0,17.0,17.0,1,high,textured_non_sky,surface_audit_seed_v2,True,False,69.923,62,appearance,,,
e2711620-6d4e-4f9c-8922-b1b2d1fb74f2,145,64.5,85.0,17.0,17.0,1,high,textured_non_sky,surface_audit_seed_v2,True,False,71.318,74,map,,,
e2711620-6d4e-4f9c-8922-b1b2d1fb74f2,146,64.5,85.0,17.0,17.0,1,high,textured_non_sky,surface_audit_seed_v2,True,False,71.318,33,appearance,,,
e2711620-6d4e-4f9c-8922-b1b2d1fb74f2,147,65.5,81.5,17.0,17.0,1,high,textured_non_sky,surface_audit_seed_v2,True,False,80.327,73,map,,,
e2711620-6d4e-4f9c-8922-b1b2d1fb74f2,148,65.5,81.0,17.0,17.0,1,high,textured_non_sky,surface_audit_seed_v2,True,False,87.945,66,map,,,
e2711620-6d4e-4f9c-8922-b1b2d1fb74f2,149,65.5,81.0,17.0,17.0,1,high,textured_non_sky,surface_audit_seed_v2,True,False,85.16,64,map,,,
e2711620-6d4e-4f9c-8922-b1b2d1fb74f2,150,65.5,80.5,17.0,17.0,1,high,textured_non_sky,surface_audit_seed_v2,True,False,95.564,38,map,,,
e2711620-6d4e-4f9c-8922-b1b2d1fb74f2,151,65.5,80.5,17.0,17.0,1,high,textured_non_sky,surface_audit_seed_v2,True,False,99.169,9,map,,,
e2711620-6d4e-4f9c-8922-b1b2d1fb74f2,152,65.5,80.5,17.0,17.0,1,high,textured_non_sky,surface_audit_seed_v2,True,False,103.925,53,map,,,
e2711620-6d4e-4f9c-8922-b1b2d1fb74f2,153,65.0,83.5,17.0,17.0,1,high,textured_non_sky,surface_audit_seed_v2,True,False,8.732,71,map,,,
e2711620-6d4e-4f9c-8922-b1b2d1fb74f2,154,65.0,83.5,17.0,17.0,1,high,textured_non_sky,surface_audit_seed_v2,True,False,9.708,69,map,,,
e2711620-6d4e-4f9c-8922-b1b2d1fb74f2,155,65.0,83.0,17.0,17.0,1,high,textured_non_sky,surface_audit_seed_v2,True,False,12.166,6,map,,,
e2711620-6d4e-4f9c-8922-b1b2d1fb74f2,156,65.0,83.0,17.0,17.0,1,high,textured_non_sky,surface_audit_seed_v2,True,False,14.142,23,map,,,
e2711620-6d4e-4f9c-8922-b1b2d1fb74f2,157,66.0,79.0,17.0,17.0,1,high,textured_non_sky,surface_audit_seed_v2,True,False,101.119,23,map,,,
e2711620-6d4e-4f9c-8922-b1b2d1fb74f2,158,65.5,82.5,17.0,17.0,1,high,textured_non_sky,surface_audit_seed_v2,True,False,103.298,24,map,,,
e2711620-6d4e-4f9c-8922-b1b2d1fb74f2,159,65.5,82.5,17.0,17.0,1,high,textured_non_sky,surface_audit_seed_v2,True,False,103.298,23,map,,,
e2711620-6d4e-4f9c-8922-b1b2d1fb74f2,160,66.5,78.0,17.0,17.0,1,high,textured_non_sky,surface_audit_seed_v2,True,False,100.763,8,map,,,
e2711620-6d4e-4f9c-8922-b1b2d1fb74f2,161,66.5,78.0,17.0,17.0,1,high,textured_non_sky,surface_audit_seed_v2,True,False,100.763,21,map,,,
e2711620-6d4e-4f9c-8922-b1b2d1fb74f2,162,66.0,81.5,17.0,17.0,1,high,textured_non_sky,surface_audit_seed_v2,True,False,102.914,26,map,,,
e2711620-6d4e-4f9c-8922-b1b2d1fb74f2,163,78.0,78.0,17.0,17.0,1,high,textured_non_sky,surface_audit_seed_v2,True,False,109.225,3,map,,,
e2711620-6d4e-4f9c-8922-b1b2d1fb74f2,164,78.0,78.0,17.0,17.0,1,high,textured_non_sky,surface_audit_seed_v2,True,False,109.225,7,map,,,
e2711620-6d4e-4f9c-8922-b1b2d1fb74f2,165,67.5,76.5,17.0,17.0,1,high,textured_non_sky,surface_audit_seed_v2,True,False,100.432,80,map,,,
e2711620-6d4e-4f9c-8922-b1b2d1fb74f2,166,67.5,76.5,17.0,17.0,1,high,textured_non_sky,surface_audit_seed_v2,True,False,12.0,50,map,,,
e2711620-6d4e-4f9c-8922-b1b2d1fb74f2,167,68.0,76.0,17.0,17.0,1,high,textured_non_sky,surface_audit_seed_v2,True,False,9.618,10,map,,,
e2711620-6d4e-4f9c-8922-b1b2d1fb74f2,168,68.0,76.0,17.0,17.0,1,high,textured_non_sky,surface_audit_seed_v2,True,False,9.618,9,map,,,
e2711620-6d4e-4f9c-8922-b1b2d1fb74f2,169,68.5,75.5,17.0,17.0,1,high,textured_non_sky,surface_audit_seed_v2,True,False,10.05,73,map,,,
e2711620-6d4e-4f9c-8922-b1b2d1fb74f2,170,80.0,75.5,17.0,17.0,1,high,textured_non_sky,surface_audit_seed_v2,True,True,1.118,1,map,,,
e2711620-6d4e-4f9c-8922-b1b2d1fb74f2,171,80.0,75.5,17.0,17.0,1,high,textured_non_sky,surface_audit_seed_v2,True,True,1.803,1,map,,,
e2711620-6d4e-4f9c-8922-b1b2d1fb74f2,172,80.5,75.0,17.0,17.0,1,high,textured_non_sky,surface_audit_seed_v2,True,True,0.5,1,map,,,
e2711620-6d4e-4f9c-8922-b1b2d1fb74f2,173,80.5,75.0,17.0,17.0,1,high,textured_non_sky,surface_audit_seed_v2,True,True,1.5,1,map,,,
e2711620-6d4e-4f9c-8922-b1b2d1fb74f2,174,81.0,74.5,17.0,17.0,1,high,textured_non_sky,surface_audit_seed_v2,True,True,0.5,1,map,,,
e2711620-6d4e-4f9c-8922-b1b2d1fb74f2,175,81.5,74.0,17.0,17.0,1,high,textured_non_sky,surface_audit_seed_v2,True,True,1.118,1,map,,,
e2711620-6d4e-4f9c-8922-b1b2d1fb74f2,176,81.5,74.0,17.0,17.0,1,high,textured_non_sky,surface_audit_seed_v2,True,True,2.062,1,map,,,
e2711620-6d4e-4f9c-8922-b1b2d1fb74f2,177,71.0,72.5,17.0,17.0,1,high,textured_non_sky,surface_audit_seed_v2,True,False,12.01,5,map,,,
e2711620-6d4e-4f9c-8922-b1b2d1fb74f2,178,71.0,72.5,17.0,17.0,1,high,textured_non_sky,surface_audit_seed_v2,True,True,6.042,4,map,,,
e2711620-6d4e-4f9c-8922-b1b2d1fb74f2,179,71.5,72.0,17.0,17.0,1,high,textured_non_sky,surface_audit_seed_v2,True,False,11.543,3,map,,,
e2711620-6d4e-4f9c-8922-b1b2d1fb74f2,180,83.5,72.5,17.0,17.0,1,high,textured_non_sky,surface_audit_seed_v2,True,True,3.536,2,map,,,
e2711620-6d4e-4f9c-8922-b1b2d1fb74f2,181,83.5,72.5,17.0,17.0,1,high,textured_non_sky,surface_audit_seed_v2,True,True,4.95,2,map,,,
e2711620-6d4e-4f9c-8922-b1b2d1fb74f2,182,84.0,72.0,17.0,17.0,1,high,textured_non_sky,surface_audit_seed_v2,True,True,5.099,2,map,,,
e2711620-6d4e-4f9c-8922-b1b2d1fb74f2,183,84.0,72.0,17.0,17.0,1,high,textured_non_sky,surface_audit_seed_v2,True,True,6.0,3,map,,,
e2711620-6d4e-4f9c-8922-b1b2d1fb74f2,184,84.5,71.5,17.0,17.0,1,high,textured_non_sky,surface_audit_seed_v2,True,True,0.707,1,map,,,
e2711620-6d4e-4f9c-8922-b1b2d1fb74f2,185,85.0,71.5,17.0,17.0,1,high,textured_non_sky,surface_audit_seed_v2,True,True,0.5,1,map,,,
e2711620-6d4e-4f9c-8922-b1b2d1fb74f2,186,85.0,71.5,17.0,17.0,1,high,textured_non_sky,surface_audit_seed_v2,True,False,65.368,2,map,,,
e2711620-6d4e-4f9c-8922-b1b2d1fb74f2,187,85.5,71.0,17.0,17.0,1,high,textured_non_sky,surface_audit_seed_v2,True,False,68.964,2,map,,,
e2711620-6d4e-4f9c-8922-b1b2d1fb74f2,188,85.5,71.0,17.0,17.0,1,high,textured_non_sky,surface_audit_seed_v2,True,False,70.328,2,map,,,
e2711620-6d4e-4f9c-8922-b1b2d1fb74f2,189,73.5,74.5,17.0,17.0,1,high,textured_non_sky,surface_audit_seed_v2,True,False,63.973,39,map,,,
e2711620-6d4e-4f9c-8922-b1b2d1fb74f2,190,86.0,70.5,17.0,17.0,1,high,textured_non_sky,surface_audit_seed_v2,True,False,76.345,2,map,,,
e2711620-6d4e-4f9c-8922-b1b2d1fb74f2,191,86.0,70.5,17.0,17.0,1,high,textured_non_sky,surface_audit_seed_v2,True,True,6.5,1,appearance,,,
e2711620-6d4e-4f9c-8922-b1b2d1fb74f2,192,74.0,74.0,17.0,17.0,1,high,textured_non_sky,surface_audit_seed_v2,True,True,6.801,1,appearance,,,
e2711620-6d4e-4f9c-8922-b1b2d1fb74f2,193,74.0,74.0,17.0,17.0,1,high,textured_non_sky,surface_audit_seed_v2,True,True,7.28,47,map,,,
e2711620-6d4e-4f9c-8922-b1b2d1fb74f2,194,74.5,74.0,17.0,17.0,1,high,textured_non_sky,surface_audit_seed_v2,True,True,6.801,2,map,,,
e2711620-6d4e-4f9c-8922-b1b2d1fb74f2,195,87.0,69.5,17.0,17.0,1,high,textured_non_sky,surface_audit_seed_v2,True,True,6.042,3,map,,,
e2711620-6d4e-4f9c-8922-b1b2d1fb74f2,196,87.0,69.5,17.0,17.0,1,high,textured_non_sky,surface_audit_seed_v2,True,True,6.042,3,map,,,
e2711620-6d4e-4f9c-8922-b1b2d1fb74f2,197,75.0,73.5,17.0,17.0,1,high,textured_non_sky,surface_audit_seed_v2,True,True,6.576,2,map,,,
e2711620-6d4e-4f9c-8922-b1b2d1fb74f2,198,75.0,73.5,17.0,17.0,1,high,textured_non_sky,surface_audit_seed_v2,True,True,6.576,2,map,,,
e2711620-6d4e-4f9c-8922-b1b2d1fb74f2,199,75.0,73.5,17.0,17.0,1,high,textured_non_sky,surface_audit_seed_v2,True,True,5.22,2,map,,,
e2711620-6d4e-4f9c-8922-b1b2d1fb74f2,200,75.0,73.0,17.0,17.0,1,high,textured_non_sky,surface_audit_seed_v2,True,True,4.123,1,map,,,
e2711620-6d4e-4f9c-8922-b1b2d1fb74f2,201,75.0,73.0,17.0,17.0,1,high,textured_non_sky,surface_audit_seed_v2,True,True,7.28,2,map,,,
e2711620-6d4e-4f9c-8922-b1b2d1fb74f2,202,75.0,73.0,17.0,17.0,1,high,textured_non_sky,surface_audit_seed_v2,True,True,7.28,4,map,,,
e2711620-6d4e-4f9c-8922-b1b2d1fb74f2,203,75.0,73.0,17.0,17.0,1,high,textured_non_sky,surface_audit_seed_v2,True,True,7.28,3,map,,,
e2711620-6d4e-4f9c-8922-b1b2d1fb74f2,204,87.5,69.5,17.0,17.0,1,high,textured_non_sky,surface_audit_seed_v2,True,True,5.701,3,map,,,
e2711620-6d4e-4f9c-8922-b1b2d1fb74f2,205,87.5,69.5,17.0,17.0,1,high,textured_non_sky,surface_audit_seed_v2,True,True,5.701,3,map,,,
e2711620-6d4e-4f9c-8922-b1b2d1fb74f2,206,75.5,73.5,17.0,17.0,1,high,textured_non_sky,surface_audit_seed_v2,True,True,6.964,2,map,,,
e2711620-6d4e-4f9c-8922-b1b2d1fb74f2,207,75.5,73.5,17.0,17.0,1,high,textured_non_sky,surface_audit_seed_v2,True,True,4.743,1,map,,,
e2711620-6d4e-4f9c-8922-b1b2d1fb74f2,208,75.5,73.5,17.0,17.0,1,high,textured_non_sky,surface_audit_seed_v2,True,True,3.808,1,map,,,
e2711620-6d4e-4f9c-8922-b1b2d1fb74f2,209,75.5,73.5,17.0,17.0,1,high,textured_non_sky,surface_audit_seed_v2,True,True,4.743,9,map,,,
e2711620-6d4e-4f9c-8922-b1b2d1fb74f2,210,75.5,74.0,17.0,17.0,1,high,textured_non_sky,surface_audit_seed_v2,True,False,8.078,2,map,,,
e2711620-6d4e-4f9c-8922-b1b2d1fb74f2,211,75.5,74.0,17.0,17.0,1,high,textured_non_sky,surface_audit_seed_v2,True,True,6.801,2,map,,,
e2711620-6d4e-4f9c-8922-b1b2d1fb74f2,212,75.5,74.0,17.0,17.0,1,high,textured_non_sky,surface_audit_seed_v2,True,False,9.552,5,map,,,
e2711620-6d4e-4f9c-8922-b1b2d1fb74f2,213,75.5,74.0,17.0,17.0,1,high,textured_non_sky,surface_audit_seed_v2,True,True,6.801,3,map,,,
e2711620-6d4e-4f9c-8922-b1b2d1fb74f2,214,75.0,74.5,17.0,17.0,1,high,textured_non_sky,surface_audit_seed_v2,True,False,8.732,73,map,,,
e2711620-6d4e-4f9c-8922-b1b2d1fb74f2,215,87.5,71.0,17.0,17.0,1,high,textured_non_sky,surface_audit_seed_v2,True,False,8.078,2,map,,,
e2711620-6d4e-4f9c-8922-b1b2d1fb74f2,216,87.5,71.0,17.0,17.0,1,high,textured_non_sky,surface_audit_seed_v2,True,True,5.852,3,map,,,
e2711620-6d4e-4f9c-8922-b1b2d1fb74f2,217,75.0,75.5,17.0,17.0,1,high,textured_non_sky,surface_audit_seed_v2,True,False,8.382,3,map,,,
e2711620-6d4e-4f9c-8922-b1b2d1fb74f2,218,75.0,75.5,17.0,17.0,1,high,textured_non_sky,surface_audit_seed_v2,True,True,6.964,2,map,,,
e2711620-6d4e-4f9c-8922-b1b2d1fb74f2,219,75.0,76.0,17.0,17.0,1,high,textured_non_sky,surface_audit_seed_v2,True,True,6.801,3,map,,,
e2711620-6d4e-4f9c-8922-b1b2d1fb74f2,220,87.0,72.5,17.0,17.0,1,high,textured_non_sky,surface_audit_seed_v2,True,True,6.042,2,map,,,
e2711620-6d4e-4f9c-8922-b1b2d1fb74f2,221,87.0,72.5,17.0,17.0,1,high,textured_non_sky,surface_audit_seed_v2,True,True,6.042,2,map,,,
e2711620-6d4e-4f9c-8922-b1b2d1fb74f2,222,74.5,77.0,17.0,17.0,1,high,textured_non_sky,surface_audit_seed_v2,True,False,8.732,2,map,,,
e2711620-6d4e-4f9c-8922-b1b2d1fb74f2,223,74.5,77.0,17.0,17.0,1,high,textured_non_sky,surface_audit_seed_v2,True,True,6.801,2,map,,,
e2711620-6d4e-4f9c-8922-b1b2d1fb74f2,224,74.5,77.5,17.0,17.0,1,high,textured_non_sky,surface_audit_seed_v2,True,True,3.808,1,map,,,
e2711620-6d4e-4f9c-8922-b1b2d1fb74f2,225,74.0,78.0,17.0,17.0,1,high,textured_non_sky,surface_audit_seed_v2,True,True,3.606,1,map,,,
e2711620-6d4e-4f9c-8922-b1b2d1fb74f2,226,74.0,78.0,17.0,17.0,1,high,textured_non_sky,surface_audit_seed_v2,True,True,6.801,2,map,,,
e2711620-6d4e-4f9c-8922-b1b2d1fb74f2,227,86.0,75.0,17.0,17.0,1,high,textured_non_sky,surface_audit_seed_v2,True,True,5.59,3,map,,,
e2711620-6d4e-4f9c-8922-b1b2d1fb74f2,228,86.0,75.0,17.0,17.0,1,high,textured_non_sky,surface_audit_seed_v2,True,True,5.852,1,appearance,,,
e2711620-6d4e-4f9c-8922-b1b2d1fb74f2,229,73.5,79.5,17.0,17.0,1,high,textured_non_sky,surface_audit_seed_v2,True,True,7.906,3,map,,,
e2711620-6d4e-4f9c-8922-b1b2d1fb74f2,230,73.0,80.0,17.0,17.0,1,high,textured_non_sky,surface_audit_seed_v2,True,False,13.0,7,map,,,
e2711620-6d4e-4f9c-8922-b1b2d1fb74f2,231,73.0,80.0,17.0,17.0,1,high,textured_non_sky,surface_audit_seed_v2,True,True,4.123,1,map,,,
e2711620-6d4e-4f9c-8922-b1b2d1fb74f2,232,73.0,81.0,17.0,17.0,1,high,textured_non_sky,surface_audit_seed_v2,True,True,6.325,4,map,,,
e2711620-6d4e-4f9c-8922-b1b2d1fb74f2,233,73.0,81.0,17.0,17.0,1,high,textured_non_sky,surface_audit_seed_v2,True,True,6.325,28,map,,,
e2711620-6d4e-4f9c-8922-b1b2d1fb74f2,234,72.5,81.5,17.0,17.0,1,high,textured_non_sky,surface_audit_seed_v2,True,True,6.671,41,map,,,
e2711620-6d4e-4f9c-8922-b1b2d1fb74f2,235,73.5,78.0,17.0,17.0,1,high,textured_non_sky,surface_audit_seed_v2,True,True,3.202,49,map,,,
e2711620-6d4e-4f9c-8922-b1b2d1fb74f2,236,73.5,78.0,17.0,17.0,1,high,textured_non_sky,surface_audit_seed_v2,True,True,5.59,2,map,,,
e2711620-6d4e-4f9c-8922-b1b2d1fb74f2,237,72.0,82.5,17.0,17.0,1,high,textured_non_sky,surface_audit_seed_v2,True,True,4.61,1,map,,,
e2711620-6d4e-4f9c-8922-b1b2d1fb74f2,238,72.0,82.5,17.0,17.0,1,high,textured_non_sky,surface_audit_seed_v2,True,True,6.325,2,map,,,
e2711620-6d4e-4f9c-8922-b1b2d1fb74f2,239,73.0,79.0,17.0,17.0,1,high,textured_non_sky,surface_audit_seed_v2,True,True,5.385,4,map,,,
e2711620-6d4e-4f9c-8922-b1b2d1fb74f2,240,71.5,83.0,17.0,17.0,1,high,textured_non_sky,surface_audit_seed_v2,True,True,4.61,2,map,,,
e2711620-6d4e-4f9c-8922-b1b2d1fb74f2,241,71.5,83.0,17.0,17.0,1,high,textured_non_sky,surface_audit_seed_v2,True,True,6.325,3,map,,,
e2711620-6d4e-4f9c-8922-b1b2d1fb74f2,242,71.0,83.5,17.0,17.0,1,high,textured_non_sky,surface_audit_seed_v2,True,True,6.185,4,map,,,
e2711620-6d4e-4f9c-8922-b1b2d1fb74f2,243,71.0,83.5,17.0,17.0,1,high,textured_non_sky,surface_audit_seed_v2,True,True,6.185,1,appearance,,,
e2711620-6d4e-4f9c-8922-b1b2d1fb74f2,244,71.0,83.5,17.0,17.0,1,high,textured_non_sky,surface_audit_seed_v2,True,True,6.185,6,map,,,
e2711620-6d4e-4f9c-8922-b1b2d1fb74f2,245,82.0,80.5,17.0,17.0,1,high,textured_non_sky,surface_audit_seed_v2,True,False,8.139,3,map,,,
e2711620-6d4e-4f9c-8922-b1b2d1fb74f2,246,82.0,80.5,17.0,17.0,1,high,textured_non_sky,surface_audit_seed_v2,True,True,5.701,3,map,,,
e2711620-6d4e-4f9c-8922-b1b2d1fb74f2,247,70.5,84.0,17.0,17.0,1,high,textured_non_sky,surface_audit_seed_v2,True,True,4.031,2,map,,,
e2711620-6d4e-4f9c-8922-b1b2d1fb74f2,248,70.5,84.0,17.0,17.0,1,high,textured_non_sky,surface_audit_seed_v2,True,True,5.701,3,map,,,
e2711620-6d4e-4f9c-8922-b1b2d1fb74f2,249,70.0,84.0,17.0,17.0,1,high,textured_non_sky,surface_audit_seed_v2,True,True,4.472,2,map,,,
e2711620-6d4e-4f9c-8922-b1b2d1fb74f2,250,75.5,79.5,17.0,17.0,1,high,textured_non_sky,surface_audit_seed_v2,True,True,7.382,66,map,,,
e2711620-6d4e-4f9c-8922-b1b2d1fb74f2,251,75.5,79.5,17.0,17.0,1,high,textured_non_sky,surface_audit_seed_v2,True,True,3.0,68,map,,,
e2711620-6d4e-4f9c-8922-b1b2d1fb74f2,252,69.5,84.0,17.0,17.0,1,high,textured_non_sky,surface_audit_seed_v2,True,True,5.59,2,map,,,
e2711620-6d4e-4f9c-8922-b1b2d1fb74f2,253,69.5,84.0,17.0,17.0,1,high,textured_non_sky,surface_audit_seed_v2,True,True,5.59,2,map,,,
e2711620-6d4e-4f9c-8922-b1b2d1fb74f2,254,69.0,84.0,17.0,17.0,1,high,textured_non_sky,surface_audit_seed_v2,True,True,6.185,2,map,,,
e2711620-6d4e-4f9c-8922-b1b2d1fb74f2,255,74.5,80.0,17.0,17.0,1,high,textured_non_sky,surface_audit_seed_v2,True,True,3.202,76,map,,,
e2711620-6d4e-4f9c-8922-b1b2d1fb74f2,256,74.5,80.0,17.0,17.0,1,high,textured_non_sky,surface_audit_seed_v2,True,True,2.5,1,appearance,,,
e2711620-6d4e-4f9c-8922-b1b2d1fb74f2,257,74.0,80.0,17.0,17.0,1,high,textured_non_sky,surface_audit_seed_v2,True,True,2.828,73,map,,,
e2711620-6d4e-4f9c-8922-b1b2d1fb74f2,258,74.0,80.0,17.0,17.0,1,high,textured_non_sky,surface_audit_seed_v2,True,True,3.0,47,map,,,
e2711620-6d4e-4f9c-8922-b1b2d1fb74f2,259,74.0,80.0,17.0,17.0,1,high,textured_non_sky,surface_audit_seed_v2,True,True,3.0,77,map,,,
e2711620-6d4e-4f9c-8922-b1b2d1fb74f2,260,68.0,84.5,17.0,17.0,1,high,textured_non_sky,surface_audit_seed_v2,True,True,6.185,1,appearance,,,
e2711620-6d4e-4f9c-8922-b1b2d1fb74f2,261,68.0,84.5,17.0,17.0,1,high,textured_non_sky,surface_audit_seed_v2,True,True,6.185,1,appearance,,,
e2711620-6d4e-4f9c-8922-b1b2d1fb74f2,262,73.5,80.5,17.0,17.0,1,high,textured_non_sky,surface_audit_seed_v2,True,False,9.618,61,map,,,
e2711620-6d4e-4f9c-8922-b1b2d1fb74f2,263,73.5,80.5,17.0,17.0,1,high,textured_non_sky,surface_audit_seed_v2,True,False,74.003,32,appearance,,,
e2711620-6d4e-4f9c-8922-b1b2d1fb74f2,264,73.0,81.0,17.0,17.0,1,high,textured_non_sky,surface_audit_seed_v2,True,False,73.376,61,appearance,,,
e2711620-6d4e-4f9c-8922-b1b2d1fb74f2,265,73.0,81.5,17.0,17.0,1,high,textured_non_sky,surface_audit_seed_v2,True,False,75.142,60,appearance,,,
e2711620-6d4e-4f9c-8922-b1b2d1fb74f2,266,73.0,81.5,17.0,17.0,1,high,textured_non_sky,surface_audit_seed_v2,True,False,70.682,73,appearance,,,
e2711620-6d4e-4f9c-8922-b1b2d1fb74f2,267,72.5,83.0,17.0,17.0,1,high,textured_non_sky,surface_audit_seed_v2,True,False,73.371,69,map,,,
e2711620-6d4e-4f9c-8922-b1b2d1fb74f2,268,72.5,83.0,17.0,17.0,1,high,textured_non_sky,surface_audit_seed_v2,True,False,76.937,55,appearance,,,
e2711620-6d4e-4f9c-8922-b1b2d1fb74f2,269,72.5,83.0,17.0,17.0,1,high,textured_non_sky,surface_audit_seed_v2,True,False,80.506,74,map,,,
e2711620-6d4e-4f9c-8922-b1b2d1fb74f2,270,72.5,83.5,17.0,17.0,1,high,textured_non_sky,surface_audit_seed_v2,True,False,74.111,65,map,,,
e2711620-6d4e-4f9c-8922-b1b2d1fb74f2,271,72.5,83.5,17.0,17.0,1,high,textured_non_sky,surface_audit_seed_v2,True,False,82.347,63,map,,,
e2711620-6d4e-4f9c-8922-b1b2d1fb74f2,272,72.0,85.5,17.0,17.0,1,high,textured_non_sky,surface_audit_seed_v2,True,False,72.672,70,map,,,
e2711620-6d4e-4f9c-8922-b1b2d1fb74f2,273,72.0,85.5,17.0,17.0,1,high,textured_non_sky,surface_audit_seed_v2,True,False,46.295,53,appearance,,,
e2711620-6d4e-4f9c-8922-b1b2d1fb74f2,274,72.0,85.5,17.0,17.0,1,high,textured_non_sky,surface_audit_seed_v2,True,False,46.295,34,map,,,
e2711620-6d4e-4f9c-8922-b1b2d1fb74f2,500,80.0,106.5,14.0,14.0,1,medium_high,textured_non_sky,surface_audit_seed_v2,False,False,83.954,55,appearance,,,
e2711620-6d4e-4f9c-8922-b1b2d1fb74f2,501,80.0,106.0,14.0,14.0,1,medium_high,textured_non_sky,surface_audit_seed_v2,True,False,51.735,4,map,,,
e2711620-6d4e-4f9c-8922-b1b2d1fb74f2,502,79.5,106.0,14.0,14.0,1,medium_high,textured_non_sky,surface_audit_seed_v2,True,True,5.025,80,map,,,
e2711620-6d4e-4f9c-8922-b1b2d1fb74f2,503,79.5,106.0,14.0,14.0,1,medium_high,textured_non_sky,surface_audit_seed_v2,True,False,73.9,79,map,,,
e2711620-6d4e-4f9c-8922-b1b2d1fb74f2,504,79.5,105.5,14.0,14.0,1,medium_high,textured_non_sky,surface_audit_seed_v2,True,False,48.27,3,map,,,
e2711620-6d4e-4f9c-8922-b1b2d1fb74f2,505,79.5,105.5,14.0,14.0,1,medium_high,textured_non_sky,surface_audit_seed_v2,True,False,50.329,69,map,,,
e2711620-6d4e-4f9c-8922-b1b2d1fb74f2,506,79.5,105.0,14.0,14.0,1,medium_high,textured_non_sky,surface_audit_seed_v2,True,False,54.233,18,map,,,
e2711620-6d4e-4f9c-8922-b1b2d1fb74f2,507,79.5,104.0,14.0,14.0,1,medium_high,textured_non_sky,surface_audit_seed_v2,True,False,57.717,9,map,,,
e2711620-6d4e-4f9c-8922-b1b2d1fb74f2,508,79.5,104.0,14.0,14.0,1,medium_high,textured_non_sky,surface_audit_seed_v2,True,False,60.171,9,map,,,
e2711620-6d4e-4f9c-8922-b1b2d1fb74f2,509,79.5,103.5,14.0,14.0,1,medium_high,textured_non_sky,surface_audit_seed_v2,True,False,36.77,79,appearance,,,
e2711620-6d4e-4f9c-8922-b1b2d1fb74f2,510,79.5,103.5,14.0,14.0,1,medium_high,textured_non_sky,surface_audit_seed_v2,True,False,36.77,40,map,,,
e2711620-6d4e-4f9c-8922-b1b2d1fb74f2,511,79.5,103.0,14.0,14.0,1,medium_high,textured_non_sky,surface_audit_seed_v2,True,False,39.853,59,map,,,
e2711620-6d4e-4f9c-8922-b1b2d1fb74f2,512,79.0,102.5,14.0,14.0,1,medium_high,textured_non_sky,surface_audit_seed_v2,True,False,44.32,67,appearance,,,
e2711620-6d4e-4f9c-8922-b1b2d1fb74f2,513,79.0,102.5,14.0,14.0,1,medium_high,textured_non_sky,surface_audit_seed_v2,True,False,44.32,69,appearance,,,
e2711620-6d4e-4f9c-8922-b1b2d1fb74f2,514,79.0,102.0,14.0,14.0,1,medium_high,textured_non_sky,surface_audit_seed_v2,True,False,45.853,70,appearance,,,
e2711620-6d4e-4f9c-8922-b1b2d1fb74f2,515,79.0,102.0,14.0,14.0,1,medium_high,textured_non_sky,surface_audit_seed_v2,True,False,47.186,49,map,,,
e2711620-6d4e-4f9c-8922-b1b2d1fb74f2,516,78.5,101.5,14.0,14.0,1,medium_high,textured_non_sky,surface_audit_seed_v2,True,False,68.633,66,map,,,
e2711620-6d4e-4f9c-8922-b1b2d1fb74f2,517,78.5,101.0,14.0,14.0,1,medium_high,textured_non_sky,surface_audit_seed_v2,False,False,68.156,80,appearance,,,
e2711620-6d4e-4f9c-8922-b1b2d1fb74f2,518,78.5,101.0,14.0,14.0,1,medium_high,textured_non_sky,surface_audit_seed_v2,False,False,69.701,80,appearance,,,
e2711620-6d4e-4f9c-8922-b1b2d1fb74f2,519,78.5,100.0,14.0,14.0,1,medium_high,textured_non_sky,surface_audit_seed_v2,False,False,67.203,80,appearance,,,
e2711620-6d4e-4f9c-8922-b1b2d1fb74f2,520,78.5,100.0,14.0,14.0,1,medium_high,textured_non_sky,surface_audit_seed_v2,True,False,70.301,41,map,,,
e2711620-6d4e-4f9c-8922-b1b2d1fb74f2,521,78.0,100.0,14.0,14.0,1,medium_high,textured_non_sky,surface_audit_seed_v2,True,False,67.052,61,map,,,
e2711620-6d4e-4f9c-8922-b1b2d1fb74f2,522,78.0,99.0,14.0,14.0,1,medium_high,textured_non_sky,surface_audit_seed_v2,True,False,65.803,72,map,,,
e2711620-6d4e-4f9c-8922-b1b2d1fb74f2,523,78.0,99.0,14.0,14.0,1,medium_high,textured_non_sky,surface_audit_seed_v2,True,False,65.803,70,map,,,
e2711620-6d4e-4f9c-8922-b1b2d1fb74f2,524,77.5,99.0,14.0,14.0,1,medium_high,textured_non_sky,surface_audit_seed_v2,True,False,65.949,63,appearance,,,
e2711620-6d4e-4f9c-8922-b1b2d1fb74f2,525,77.5,99.0,14.0,14.0,1,medium_high,textured_non_sky,surface_audit_seed_v2,True,False,65.949,47,map,,,
e2711620-6d4e-4f9c-8922-b1b2d1fb74f2,526,77.5,98.0,14.0,14.0,1,medium_high,textured_non_sky,surface_audit_seed_v2,True,False,69.723,62,appearance,,,
e2711620-6d4e-4f9c-8922-b1b2d1fb74f2,527,77.0,98.0,14.0,14.0,1,medium_high,textured_non_sky,surface_audit_seed_v2,True,False,64.56,65,map,,,
e2711620-6d4e-4f9c-8922-b1b2d1fb74f2,528,77.0,98.0,14.0,14.0,1,medium_high,textured_non_sky,surface_audit_seed_v2,True,False,64.56,77,appearance,,,
e2711620-6d4e-4f9c-8922-b1b2d1fb74f2,529,77.0,97.0,14.0,14.0,1,medium_high,textured_non_sky,surface_audit_seed_v2,True,False,63.6,2,map,,,
e2711620-6d4e-4f9c-8922-b1b2d1fb74f2,530,77.0,97.0,14.0,14.0,1,medium_high,textured_non_sky,surface_audit_seed_v2,True,True,1.118,2,map,,,
e2711620-6d4e-4f9c-8922-b1b2d1fb74f2,531,76.5,97.0,14.0,14.0,1,medium_high,textured_non_sky,surface_audit_seed_v2,True,True,1.118,1,map,,,
e2711620-6d4e-4f9c-8922-b1b2d1fb74f2,532,76.5,96.5,14.0,14.0,1,medium_high,textured_non_sky,surface_audit_seed_v2,True,True,1.581,1,map,,,
e2711620-6d4e-4f9c-8922-b1b2d1fb74f2,533,76.5,96.5,14.0,14.0,1,medium_high,textured_non_sky,surface_audit_seed_v2,True,True,1.581,1,appearance,,,
e2711620-6d4e-4f9c-8922-b1b2d1fb74f2,534,76.5,95.5,14.0,14.0,1,medium_high,textured_non_sky,surface_audit_seed_v2,True,True,0.707,1,map,,,
e2711620-6d4e-4f9c-8922-b1b2d1fb74f2,535,76.5,95.5,14.0,14.0,1,medium_high,textured_non_sky,surface_audit_seed_v2,True,True,1.5,1,appearance,,,
e2711620-6d4e-4f9c-8922-b1b2d1fb74f2,536,76.5,94.0,14.0,14.0,1,medium_high,textured_non_sky,surface_audit_seed_v2,True,True,0.5,1,map,,,
e2711620-6d4e-4f9c-8922-b1b2d1fb74f2,537,76.0,94.5,14.0,14.0,1,medium_high,textured_non_sky,surface_audit_seed_v2,True,True,0.5,1,map,,,
e2711620-6d4e-4f9c-8922-b1b2d1fb74f2,538,76.0,94.5,14.0,14.0,1,medium_high,textured_non_sky,surface_audit_seed_v2,True,True,1.0,1,appearance,,,
e2711620-6d4e-4f9c-8922-b1b2d1fb74f2,539,76.0,93.0,14.0,14.0,1,medium_high,textured_non_sky,surface_audit_seed_v2,True,True,0.0,1,map,,,
e2711620-6d4e-4f9c-8922-b1b2d1fb74f2,540,76.0,93.0,14.0,14.0,1,medium_high,textured_non_sky,surface_audit_seed_v2,True,True,1.0,1,map,,,
e2711620-6d4e-4f9c-8922-b1b2d1fb74f2,541,76.0,92.5,14.0,14.0,1,medium_high,textured_non_sky,surface_audit_seed_v2,True,True,1.118,1,map,,,
e2711620-6d4e-4f9c-8922-b1b2d1fb74f2,542,75.5,93.0,14.0,14.0,1,medium_high,textured_non_sky,surface_audit_seed_v2,True,True,1.118,1,map,,,
e2711620-6d4e-4f9c-8922-b1b2d1fb74f2,543,75.5,93.0,14.0,14.0,1,medium_high,textured_non_sky,surface_audit_seed_v2,True,True,1.803,1,map,,,
e2711620-6d4e-4f9c-8922-b1b2d1fb74f2,544,75.5,91.5,14.0,14.0,1,medium_high,textured_non_sky,surface_audit_seed_v2,True,True,2.828,3,map,,,
e2711620-6d4e-4f9c-8922-b1b2d1fb74f2,545,75.5,91.5,14.0,14.0,1,medium_high,textured_non_sky,surface_audit_seed_v2,True,True,3.606,3,map,,,
e2711620-6d4e-4f9c-8922-b1b2d1fb74f2,546,75.0,92.0,14.0,14.0,1,medium_high,textured_non_sky,surface_audit_seed_v2,True,True,1.0,1,map,,,
e2711620-6d4e-4f9c-8922-b1b2d1fb74f2,547,75.0,91.5,14.0,14.0,1,medium_high,textured_non_sky,surface_audit_seed_v2,True,True,4.61,2,map,,,
e2711620-6d4e-4f9c-8922-b1b2d1fb74f2,548,75.0,91.5,14.0,14.0,1,medium_high,textured_non_sky,surface_audit_seed_v2,True,True,5.59,6,appearance,,,
e2711620-6d4e-4f9c-8922-b1b2d1fb74f2,549,74.5,91.5,14.0,14.0,1,medium_high,textured_non_sky,surface_audit_seed_v2,True,True,6.083,5,map,,,
e2711620-6d4e-4f9c-8922-b1b2d1fb74f2,550,74.5,91.5,14.0,14.0,1,medium_high,textured_non_sky,surface_audit_seed_v2,True,False,68.25,7,map,,,
e2711620-6d4e-4f9c-8922-b1b2d1fb74f2,551,75.0,89.5,14.0,14.0,1,medium_high,textured_non_sky,surface_audit_seed_v2,True,False,92.905,75,map,,,
e2711620-6d4e-4f9c-8922-b1b2d1fb74f2,552,75.0,89.5,14.0,14.0,1,medium_high,textured_non_sky,surface_audit_seed_v2,True,False,76.31,72,map,,,
e2711620-6d4e-4f9c-8922-b1b2d1fb74f2,553,75.0,89.5,14.0,14.0,1,medium_high,textured_non_sky,surface_audit_seed_v2,True,False,76.31,64,appearance,,,
e2711620-6d4e-4f9c-8922-b1b2d1fb74f2,554,75.0,89.0,14.0,14.0,1,medium_high,textured_non_sky,surface_audit_seed_v2,True,False,78.042,66,appearance,,,
e2711620-6d4e-4f9c-8922-b1b2d1fb74f2,555,75.0,89.0,14.0,14.0,1,medium_high,textured_non_sky,surface_audit_seed_v2,True,False,79.451,34,appearance,,,
e2711620-6d4e-4f9c-8922-b1b2d1fb74f2,556,69.5,92.0,14.0,14.0,1,medium_high,textured_non_sky,surface_audit_seed_v2,True,False,69.809,39,map,,,
e2711620-6d4e-4f9c-8922-b1b2d1fb74f2,557,74.5,88.5,14.0,14.0,1,medium_high,textured_non_sky,surface_audit_seed_v2,True,False,68.964,13,appearance,,,
e2711620-6d4e-4f9c-8922-b1b2d1fb74f2,558,74.5,88.5,14.0,14.0,1,medium_high,textured_non_sky,surface_audit_seed_v2,True,False,68.964,4,appearance,,,
e2711620-6d4e-4f9c-8922-b1b2d1fb74f2,559,74.5,88.5,14.0,14.0,1,medium_high,textured_non_sky,surface_audit_seed_v2,True,False,69.156,10,appearance,,,
e2711620-6d4e-4f9c-8922-b1b2d1fb74f2,560,74.5,88.5,14.0,14.0,1,medium_high,textured_non_sky,surface_audit_seed_v2,True,False,69.156,2,appearance,,,
e2711620-6d4e-4f9c-8922-b1b2d1fb74f2,561,74.0,90.0,14.0,14.0,1,medium_high,textured_non_sky,surface_audit_seed_v2,True,True,1.0,1,appearance,,,
e2711620-6d4e-4f9c-8922-b1b2d1fb74f2,562,69.0,91.5,14.0,14.0,1,medium_high,textured_non_sky,surface_audit_seed_v2,True,True,3.202,5,map,,,
e2711620-6d4e-4f9c-8922-b1b2d1fb74f2,563,69.0,91.5,14.0,14.0,1,medium_high,textured_non_sky,surface_audit_seed_v2,True,True,5.099,4,map,,,
e2711620-6d4e-4f9c-8922-b1b2d1fb74f2,564,74.0,89.5,14.0,14.0,1,medium_high,textured_non_sky,surface_audit_seed_v2,True,True,1.0,1,appearance,,,
e2711620-6d4e-4f9c-8922-b1b2d1fb74f2,565,74.0,89.5,14.0,14.0,1,medium_high,textured_non_sky,surface_audit_seed_v2,True,True,1.0,1,appearance,,,
e2711620-6d4e-4f9c-8922-b1b2d1fb74f2,566,74.0,89.5,14.0,14.0,1,medium_high,textured_non_sky,surface_audit_seed_v2,True,True,1.0,1,appearance,,,
e2711620-6d4e-4f9c-8922-b1b2d1fb74f2,567,74.0,89.5,14.0,14.0,1,medium_high,textured_non_sky,surface_audit_seed_v2,True,True,2.5,1,map,,,
e2711620-6d4e-4f9c-8922-b1b2d1fb74f2,568,74.0,89.0,14.0,14.0,1,medium_high,textured_non_sky,surface_audit_seed_v2,True,True,1.5,1,appearance,,,
e2711620-6d4e-4f9c-8922-b1b2d1fb74f2,569,69.0,91.5,14.0,14.0,1,medium_high,textured_non_sky,surface_audit_seed_v2,True,True,2.062,1,map,,,
e2711620-6d4e-4f9c-8922-b1b2d1fb74f2,570,69.0,91.5,14.0,14.0,1,medium_high,textured_non_sky,surface_audit_seed_v2,True,True,5.099,2,map,,,
e2711620-6d4e-4f9c-8922-b1b2d1fb74f2,571,74.0,88.0,14.0,14.0,1,medium_high,textured_non_sky,surface_audit_seed_v2,True,True,2.915,73,map,,,
e2711620-6d4e-4f9c-8922-b1b2d1fb74f2,572,74.0,88.0,14.0,14.0,1,medium_high,textured_non_sky,surface_audit_seed_v2,True,True,2.915,77,map,,,
e2711620-6d4e-4f9c-8922-b1b2d1fb74f2,573,74.0,88.0,14.0,14.0,1,medium_high,textured_non_sky,surface_audit_seed_v2,True,True,2.915,77,map,,,
e2711620-6d4e-4f9c-8922-b1b2d1fb74f2,574,68.5,91.5,14.0,14.0,1,medium_high,textured_non_sky,surface_audit_seed_v2,True,True,1.0,1,map,,,
e2711620-6d4e-4f9c-8922-b1b2d1fb74f2,575,68.5,91.5,14.0,14.0,1,medium_high,textured_non_sky,surface_audit_seed_v2,True,True,1.414,1,map,,,
e2711620-6d4e-4f9c-8922-b1b2d1fb74f2,576,68.5,91.5,14.0,14.0,1,medium_high,textured_non_sky,surface_audit_seed_v2,True,True,1.0,1,map,,,
e2711620-6d4e-4f9c-8922-b1b2d1fb74f2,577,73.5,88.0,14.0,14.0,1,medium_high,textured_non_sky,surface_audit_seed_v2,True,True,5.59,2,map,,,
e2711620-6d4e-4f9c-8922-b1b2d1fb74f2,578,73.5,88.0,14.0,14.0,1,medium_high,textured_non_sky,surface_audit_seed_v2,True,True,2.5,1,appearance,,,
e2711620-6d4e-4f9c-8922-b1b2d1fb74f2,579,68.0,91.5,14.0,14.0,1,medium_high,textured_non_sky,surface_audit_seed_v2,True,True,1.118,1,map,,,
e2711620-6d4e-4f9c-8922-b1b2d1fb74f2,580,68.0,91.5,14.0,14.0,1,medium_high,textured_non_sky,surface_audit_seed_v2,True,True,1.803,1,map,,,
e2711620-6d4e-4f9c-8922-b1b2d1fb74f2,581,68.0,91.5,14.0,14.0,1,medium_high,textured_non_sky,surface_audit_seed_v2,True,True,1.118,1,map,,,
e2711620-6d4e-4f9c-8922-b1b2d1fb74f2,582,73.0,88.5,14.0,14.0,1,medium_high,textured_non_sky,surface_audit_seed_v2,True,True,7.632,2,map,,,
e2711620-6d4e-4f9c-8922-b1b2d1fb74f2,583,73.0,88.5,14.0,14.0,1,medium_high,textured_non_sky,surface_audit_seed_v2,True,False,9.014,2,map,,,
e2711620-6d4e-4f9c-8922-b1b2d1fb74f2,584,67.5,92.0,14.0,14.0,1,medium_high,textured_non_sky,surface_audit_seed_v2,True,True,1.118,1,map,,,
e2711620-6d4e-4f9c-8922-b1b2d1fb74f2,585,67.5,92.0,14.0,14.0,1,medium_high,textured_non_sky,surface_audit_seed_v2,True,True,1.118,1,map,,,
e2711620-6d4e-4f9c-8922-b1b2d1fb74f2,586,67.0,92.0,14.0,14.0,1,medium_high,textured_non_sky,surface_audit_seed_v2,True,True,0.707,1,map,,,
e2711620-6d4e-4f9c-8922-b1b2d1fb74f2,587,67.0,92.0,14.0,14.0,1,medium_high,textured_non_sky,surface_audit_seed_v2,True,True,0.707,1,map,,,
e2711620-6d4e-4f9c-8922-b1b2d1fb74f2,588,67.0,92.0,14.0,14.0,1,medium_high,textured_non_sky,surface_audit_seed_v2,True,True,0.707,1,map,,,
e2711620-6d4e-4f9c-8922-b1b2d1fb74f2,589,66.5,92.0,14.0,14.0,1,medium_high,textured_non_sky,surface_audit_seed_v2,True,True,6.801,2,map,,,
e2711620-6d4e-4f9c-8922-b1b2d1fb74f2,590,66.5,92.0,14.0,14.0,1,medium_high,textured_non_sky,surface_audit_seed_v2,True,True,6.083,3,map,,,
e2711620-6d4e-4f9c-8922-b1b2d1fb74f2,591,66.5,92.5,14.0,14.0,1,medium_high,textured_non_sky,surface_audit_seed_v2,True,True,5.701,2,map,,,
e2711620-6d4e-4f9c-8922-b1b2d1fb74f2,592,66.0,92.5,14.0,14.0,1,medium_high,textured_non_sky,surface_audit_seed_v2,True,True,3.64,3,map,,,
e2711620-6d4e-4f9c-8922-b1b2d1fb74f2,593,66.0,92.5,14.0,14.0,1,medium_high,textured_non_sky,surface_audit_seed_v2,True,True,6.083,2,map,,,
e2711620-6d4e-4f9c-8922-b1b2d1fb74f2,594,74.0,90.0,12.0,12.0,1,medium_high,textured_non_sky,surface_audit_seed_v2,True,True,4.301,2,map,,,
e2711620-6d4e-4f9c-8922-b1b2d1fb74f2,595,75.0,89.0,12.0,12.0,1,medium_high,textured_non_sky,surface_audit_seed_v2,True,True,3.905,3,map,,,
e2711620-6d4e-4f9c-8922-b1b2d1fb74f2,596,71.0,90.0,12.0,12.0,1,medium_high,textured_non_sky,surface_audit_seed_v2,True,True,0.0,1,map,,,
e2711620-6d4e-4f9c-8922-b1b2d1fb74f2,597,73.0,90.0,12.0,12.0,1,medium_high,textured_non_sky,surface_audit_seed_v2,True,True,3.536,2,map,,,
e2711620-6d4e-4f9c-8922-b1b2d1fb74f2,598,74.0,90.0,12.0,12.0,1,medium_high,textured_non_sky,surface_audit_seed_v2,True,True,3.536,2,map,,,
e2711620-6d4e-4f9c-8922-b1b2d1fb74f2,599,71.0,90.0,12.0,12.0,1,medium_high,textured_non_sky,surface_audit_seed_v2,True,True,0.0,1,map,,,
e2711620-6d4e-4f9c-8922-b1b2d1fb74f2,600,71.0,89.0,12.0,12.0,1,medium_high,textured_non_sky,surface_audit_seed_v2,True,True,3.041,2,map,,,
e2711620-6d4e-4f9c-8922-b1b2d1fb74f2,601,72.0,90.0,12.0,12.0,1,medium_high,textured_non_sky,surface_audit_seed_v2,True,True,4.301,2,map,,,
e2711620-6d4e-4f9c-8922-b1b2d1fb74f2,602,72.0,89.0,12.0,12.0,1,medium_high,textured_non_sky,surface_audit_seed_v2,True,True,5.701,4,map,,,
e2711620-6d4e-4f9c-8922-b1b2d1fb74f2,603,81.0,93.0,3.0,3.0,1,medium_high,textured_non_sky,surface_audit_seed_v2,True,True,7.382,4,map,,,
e2711620-6d4e-4f9c-8922-b1b2d1fb74f2,604,72.0,96.0,5.0,5.0,1,medium_high,textured_non_sky,surface_audit_seed_v2,True,True,0.0,1,map,,,
e2711620-6d4e-4f9c-8922-b1b2d1fb74f2,605,72.0,89.0,12.0,12.0,1,medium_high,textured_non_sky,surface_audit_seed_v2,True,True,3.606,2,map,,,
e2711620-6d4e-4f9c-8922-b1b2d1fb74f2,622,67.0,86.0,12.0,12.0,1,medium_high,textured_non_sky,surface_audit_seed_v2,True,True,0.0,1,map,,,
e2711620-6d4e-4f9c-8922-b1b2d1fb74f2,623,67.0,85.0,12.0,12.0,1,medium_high,textured_non_sky,surface_audit_seed_v2,True,True,0.0,1,map,,,
e2711620-6d4e-4f9c-8922-b1b2d1fb74f2,624,66.0,86.0,12.0,12.0,1,medium_high,textured_non_sky,surface_audit_seed_v2,True,True,0.0,1,map,,,
e2711620-6d4e-4f9c-8922-b1b2d1fb74f2,625,64.0,94.0,3.0,3.0,1,medium_high,textured_non_sky,surface_audit_seed_v2,True,True,7.382,2,map,,,
e2711620-6d4e-4f9c-8922-b1b2d1fb74f2,626,68.0,92.0,5.0,5.0,1,medium_high,textured_non_sky,surface_audit_seed_v2,True,True,0.0,1,map,,,
e2711620-6d4e-4f9c-8922-b1b2d1fb74f2,627,69.0,86.0,12.0,12.0,1,medium_high,textured_non_sky,surface_audit_seed_v2,True,True,5.148,2,map,,,
e2711620-6d4e-4f9c-8922-b1b2d1fb74f2,628,70.0,86.0,12.0,12.0,1,medium_high,textured_non_sky,surface_audit_seed_v2,True,True,4.031,2,map,,,
e2711620-6d4e-4f9c-8922-b1b2d1fb74f2,629,68.0,92.0,5.0,5.0,1,medium_high,textured_non_sky,surface_audit_seed_v2,True,True,0.0,1,map,,,
e2711620-6d4e-4f9c-8922-b1b2d1fb74f2,630,67.0,85.0,12.0,12.0,1,medium_high,textured_non_sky,surface_audit_seed_v2,True,True,3.808,2,map,,,
e2711620-6d4e-4f9c-8922-b1b2d1fb74f2,631,67.0,86.0,12.0,12.0,1,medium_high,textured_non_sky,surface_audit_seed_v2,True,True,3.536,2,map,,,
e2711620-6d4e-4f9c-8922-b1b2d1fb74f2,632,68.0,86.0,12.0,12.0,1,medium_high,textured_non_sky,surface_audit_seed_v2,True,True,0.0,1,map,,,
e2711620-6d4e-4f9c-8922-b1b2d1fb74f2,633,69.0,86.0,12.0,12.0,1,medium_high,textured_non_sky,surface_audit_seed_v2,True,True,4.61,2,map,,,
e2711620-6d4e-4f9c-8922-b1b2d1fb74f2,634,66.0,87.0,12.0,12.0,1,medium_high,textured_non_sky,surface_audit_seed_v2,True,True,0.0,1,map,,,
e2711620-6d4e-4f9c-8922-b1b2d1fb74f2,635,62.0,97.0,3.0,3.0,1,medium_high,textured_non_sky,surface_audit_seed_v2,True,True,7.826,2,map,,,
e2711620-6d4e-4f9c-8922-b1b2d1fb74f2,636,66.0,87.0,12.0,12.0,1,medium_high,textured_non_sky,surface_audit_seed_v2,True,True,3.808,2,map,,,
e2711620-6d4e-4f9c-8922-b1b2d1fb74f2,637,65.0,87.0,12.0,12.0,1,medium_high,textured_non_sky,surface_audit_seed_v2,True,True,0.0,1,map,,,
e2711620-6d4e-4f9c-8922-b1b2d1fb74f2,638,65.0,87.0,12.0,12.0,1,medium_high,textured_non_sky,surface_audit_seed_v2,True,True,3.354,2,map,,,
e2711620-6d4e-4f9c-8922-b1b2d1fb74f2,639,62.0,89.0,12.0,12.0,1,medium_high,textured_non_sky,surface_audit_seed_v2,True,True,0.0,1,map,,,
e2711620-6d4e-4f9c-8922-b1b2d1fb74f2,640,60.0,97.0,3.0,3.0,1,medium_high,textured_non_sky,surface_audit_seed_v2,True,True,7.762,2,map,,,
e2711620-6d4e-4f9c-8922-b1b2d1fb74f2,641,64.0,88.0,12.0,12.0,1,medium_high,textured_non_sky,surface_audit_seed_v2,True,True,4.301,2,map,,,
e2711620-6d4e-4f9c-8922-b1b2d1fb74f2,642,63.0,89.0,12.0,12.0,1,medium_high,textured_non_sky,surface_audit_seed_v2,True,True,4.301,2,map,,,
e2711620-6d4e-4f9c-8922-b1b2d1fb74f2,643,63.0,97.0,3.0,3.0,1,medium_high,textured_non_sky,surface_audit_seed_v2,True,True,3.354,2,map,,,
e2711620-6d4e-4f9c-8922-b1b2d1fb74f2,644,63.0,89.0,12.0,12.0,1,medium_high,textured_non_sky,surface_audit_seed_v2,True,True,3.606,3,map,,,
e2711620-6d4e-4f9c-8922-b1b2d1fb74f2,645,64.0,88.0,12.0,12.0,1,medium_high,textured_non_sky,surface_audit_seed_v2,True,True,5.0,2,map,,,
e2711620-6d4e-4f9c-8922-b1b2d1fb74f2,646,60.0,90.0,12.0,12.0,1,medium_high,textured_non_sky,surface_audit_seed_v2,True,True,0.0,1,map,,,
e2711620-6d4e-4f9c-8922-b1b2d1fb74f2,647,59.0,91.0,12.0,12.0,1,medium_high,textured_non_sky,surface_audit_seed_v2,True,True,0.0,1,map,,,
e2711620-6d4e-4f9c-8922-b1b2d1fb74f2,648,58.0,91.0,12.0,12.0,1,medium_high,textured_non_sky,surface_audit_seed_v2,True,True,3.162,2,map,,,
e2711620-6d4e-4f9c-8922-b1b2d1fb74f2,649,58.0,91.0,12.0,12.0,1,medium_high,textured_non_sky,surface_audit_seed_v2,True,True,0.0,1,map,,,
e2711620-6d4e-4f9c-8922-b1b2d1fb74f2,650,56.5,89.5,15.0,15.0,1,high,textured_non_sky,surface_audit_seed_v2,True,True,1.414,1,map,,,
e2711620-6d4e-4f9c-8922-b1b2d1fb74f2,651,56.0,89.5,15.0,15.0,1,high,textured_non_sky,surface_audit_seed_v2,True,True,1.803,1,map,,,
e2711620-6d4e-4f9c-8922-b1b2d1fb74f2,652,60.0,89.5,15.0,15.0,1,high,textured_non_sky,surface_audit_seed_v2,True,True,2.5,1,map,,,
e2711620-6d4e-4f9c-8922-b1b2d1fb74f2,653,60.0,89.5,15.0,15.0,1,high,textured_non_sky,surface_audit_seed_v2,True,False,90.29,2,map,,,
e2711620-6d4e-4f9c-8922-b1b2d1fb74f2,654,62.0,89.5,15.0,15.0,1,high,textured_non_sky,surface_audit_seed_v2,True,False,94.41,3,map,,,
e2711620-6d4e-4f9c-8922-b1b2d1fb74f2,655,62.0,89.5,15.0,15.0,1,high,textured_non_sky,surface_audit_seed_v2,True,False,98.256,31,appearance,,,
e2711620-6d4e-4f9c-8922-b1b2d1fb74f2,656,64.0,89.5,15.0,15.0,1,high,textured_non_sky,surface_audit_seed_v2,False,False,102.885,71,map,,,
e2711620-6d4e-4f9c-8922-b1b2d1fb74f2,657,65.5,89.5,15.0,15.0,1,high,textured_non_sky,surface_audit_seed_v2,False,False,80.638,13,map,,,
e2711620-6d4e-4f9c-8922-b1b2d1fb74f2,658,65.5,89.5,15.0,15.0,1,high,textured_non_sky,surface_audit_seed_v2,False,False,82.611,23,map,,,
e2711620-6d4e-4f9c-8922-b1b2d1fb74f2,659,67.5,89.5,15.0,15.0,1,high,textured_non_sky,surface_audit_seed_v2,False,False,85.15,7,map,,,
e2711620-6d4e-4f9c-8922-b1b2d1fb74f2,660,67.5,89.5,15.0,15.0,1,high,textured_non_sky,surface_audit_seed_v2,False,False,88.014,14,map,,,
e2711620-6d4e-4f9c-8922-b1b2d1fb74f2,661,69.0,89.5,15.0,15.0,1,high,textured_non_sky,surface_audit_seed_v2,False,False,82.111,53,map,,,
e2711620-6d4e-4f9c-8922-b1b2d1fb74f2,662,70.5,89.5,15.0,15.0,1,high,textured_non_sky,surface_audit_seed_v2,False,False,94.66,30,map,,,
e2711620-6d4e-4f9c-8922-b1b2d1fb74f2,663,70.5,89.5,15.0,15.0,1,high,textured_non_sky,surface_audit_seed_v2,False,False,89.68,31,map,,,
e2711620-6d4e-4f9c-8922-b1b2d1fb74f2,664,72.0,89.5,15.0,15.0,1,high,textured_non_sky,surface_audit_seed_v2,False,False,93.452,16,map,,,
e2711620-6d4e-4f9c-8922-b1b2d1fb74f2,665,72.0,89.5,15.0,15.0,1,high,textured_non_sky,surface_audit_seed_v2,False,False,96.805,65,map,,,
e2711620-6d4e-4f9c-8922-b1b2d1fb74f2,666,74.0,89.5,15.0,15.0,1,high,textured_non_sky,surface_audit_seed_v2,False,False,100.654,20,map,,,
e2711620-6d4e-4f9c-8922-b1b2d1fb74f2,667,75.5,89.5,15.0,15.0,1,high,textured_non_sky,surface_audit_seed_v2,False,False,97.788,60,map,,,
e2711620-6d4e-4f9c-8922-b1b2d1fb74f2,668,75.5,89.5,15.0,15.0,1,high,textured_non_sky,surface_audit_seed_v2,False,False,101.669,58,map,,,
e2711620-6d4e-4f9c-8922-b1b2d1fb74f2,669,76.5,89.0,15.0,15.0,1,high,textured_non_sky,surface_audit_seed_v2,False,False,117.487,17,map,,,
e2711620-6d4e-4f9c-8922-b1b2d1fb74f2,670,76.5,89.0,15.0,15.0,1,high,textured_non_sky,surface_audit_seed_v2,False,False,121.319,11,map,,,
e2711620-6d4e-4f9c-8922-b1b2d1fb74f2,671,78.0,89.0,15.0,15.0,1,high,textured_non_sky,surface_audit_seed_v2,False,False,81.345,51,map,,,
e2711620-6d4e-4f9c-8922-b1b2d1fb74f2,672,79.5,89.0,15.0,15.0,1,high,textured_non_sky,surface_audit_seed_v2,False,False,82.748,32,map,,,
e2711620-6d4e-4f9c-8922-b1b2d1fb74f2,673,79.5,89.0,15.0,15.0,1,high,textured_non_sky,surface_audit_seed_v2,False,False,82.748,22,map,,,
e2711620-6d4e-4f9c-8922-b1b2d1fb74f2,674,80.5,89.0,15.0,15.0,1,high,textured_non_sky,surface_audit_seed_v2,False,False,28.935,57,map,,,
e2711620-6d4e-4f9c-8922-b1b2d1fb74f2,675,80.5,89.0,15.0,15.0,1,high,textured_non_sky,surface_audit_seed_v2,True,False,94.854,51,appearance,,,
e2711620-6d4e-4f9c-8922-b1b2d1fb74f2,676,82.0,89.0,15.0,15.0,1,high,textured_non_sky,surface_audit_seed_v2,False,False,101.257,3,map,,,
e2711620-6d4e-4f9c-8922-b1b2d1fb74f2,677,83.0,88.5,15.0,15.0,1,high,textured_non_sky,surface_audit_seed_v2,True,False,109.001,69,appearance,,,
e2711620-6d4e-4f9c-8922-b1b2d1fb74f2,678,83.0,88.5,15.0,15.0,1,high,textured_non_sky,surface_audit_seed_v2,True,False,113.804,41,appearance,,,
e2711620-6d4e-4f9c-8922-b1b2d1fb74f2,679,84.0,88.5,15.0,15.0,1,high,textured_non_sky,surface_audit_seed_v2,False,False,118.01,8,map,,,
e2711620-6d4e-4f9c-8922-b1b2d1fb74f2,680,84.0,88.5,15.0,15.0,1,high,textured_non_sky,surface_audit_seed_v2,True,False,85.266,68,appearance,,,
e2711620-6d4e-4f9c-8922-b1b2d1fb74f2,681,85.5,88.5,15.0,15.0,1,high,textured_non_sky,surface_audit_seed_v2,False,False,88.558,15,map,,,
e2711620-6d4e-4f9c-8922-b1b2d1fb74f2,682,86.0,88.0,15.0,15.0,1,high,textured_non_sky,surface_audit_seed_v2,False,False,132.136,15,map,,,
e2711620-6d4e-4f9c-8922-b1b2d1fb74f2,683,86.0,88.0,15.0,15.0,1,high,textured_non_sky,surface_audit_seed_v2,True,False,86.649,52,appearance,,,
e2711620-6d4e-4f9c-8922-b1b2d1fb74f2,684,87.0,88.0,15.0,15.0,1,high,textured_non_sky,surface_audit_seed_v2,False,False,92.027,13,map,,,
e2711620-6d4e-4f9c-8922-b1b2d1fb74f2,685,87.0,88.0,15.0,15.0,1,high,textured_non_sky,surface_audit_seed_v2,True,False,142.555,71,appearance,,,
e2711620-6d4e-4f9c-8922-b1b2d1fb74f2,686,88.0,87.5,15.0,15.0,1,high,textured_non_sky,surface_audit_seed_v2,False,False,99.153,21,map,,,
e2711620-6d4e-4f9c-8922-b1b2d1fb74f2,687,89.0,87.5,15.0,15.0,1,high,textured_non_sky,surface_audit_seed_v2,False,False,105.94,18,map,,,
e2711620-6d4e-4f9c-8922-b1b2d1fb74f2,688,89.0,87.5,15.0,15.0,1,high,textured_non_sky,surface_audit_seed_v2,False,False,110.771,16,map,,,
e2711620-6d4e-4f9c-8922-b1b2d1fb74f2,689,89.5,87.0,15.0,15.0,1,high,textured_non_sky,surface_audit_seed_v2,False,False,116.272,66,map,,,
e2711620-6d4e-4f9c-8922-b1b2d1fb74f2,690,89.5,87.0,15.0,15.0,1,high,textured_non_sky,surface_audit_seed_v2,True,False,113.275,69,appearance,,,
e2711620-6d4e-4f9c-8922-b1b2d1fb74f2,691,90.5,87.0,15.0,15.0,1,high,textured_non_sky,surface_audit_seed_v2,False,False,118.504,17,map,,,
e2711620-6d4e-4f9c-8922-b1b2d1fb74f2,692,91.0,86.5,15.0,15.0,1,high,textured_non_sky,surface_audit_seed_v2,False,False,128.091,26,map,,,
e2711620-6d4e-4f9c-8922-b1b2d1fb74f2,693,91.0,86.5,15.0,15.0,1,high,textured_non_sky,surface_audit_seed_v2,False,False,124.769,27,map,,,
e2711620-6d4e-4f9c-8922-b1b2d1fb74f2,694,92.0,86.5,15.0,15.0,1,high,textured_non_sky,surface_audit_seed_v2,False,False,105.03,23,map,,,
e2711620-6d4e-4f9c-8922-b1b2d1fb74f2,695,92.0,86.5,15.0,15.0,1,high,textured_non_sky,surface_audit_seed_v2,False,False,132.726,26,map,,,
e2711620-6d4e-4f9c-8922-b1b2d1fb74f2,696,92.5,86.0,15.0,15.0,1,high,textured_non_sky,surface_audit_seed_v2,False,False,111.352,35,map,,,
e2711620-6d4e-4f9c-8922-b1b2d1fb74f2,697,93.5,86.0,15.0,15.0,1,high,textured_non_sky,surface_audit_seed_v2,False,False,120.292,31,map,,,
e2711620-6d4e-4f9c-8922-b1b2d1fb74f2,698,93.5,86.0,15.0,15.0,1,high,textured_non_sky,surface_audit_seed_v2,False,False,123.378,20,map,,,
aaf1eafd-36d7-43e4-a539-fd79029ddf90,288,159.0,110.0,4.0,4.0,1,high,textured_non_sky,surface_audit_seed_v2,True,True,0.0,1,temporal_stack,,,
aaf1eafd-36d7-43e4-a539-fd79029ddf90,290,160.0,112.0,3.0,3.0,1,high,textured_non_sky,surface_audit_seed_v2,True,True,0.0,1,temporal_stack,,,
aaf1eafd-36d7-43e4-a539-fd79029ddf90,291,159.0,112.0,3.0,3.0,1,high,textured_non_sky,surface_audit_seed_v2,True,True,0.0,1,temporal_stack,,,
aaf1eafd-36d7-43e4-a539-fd79029ddf90,303,158.0,108.0,3.0,3.0,1,high,textured_non_sky,surface_audit_seed_v2,True,True,0.0,1,temporal_stack,,,
aaf1eafd-36d7-43e4-a539-fd79029ddf90,304,158.0,108.0,3.0,3.0,1,high,textured_non_sky,surface_audit_seed_v2,True,True,0.0,1,temporal_stack,,,
aaf1eafd-36d7-43e4-a539-fd79029ddf90,305,158.0,108.0,3.0,3.0,1,high,textured_non_sky,surface_audit_seed_v2,True,True,0.0,1,temporal_stack,,,
aaf1eafd-36d7-43e4-a539-fd79029ddf90,306,158.0,108.0,3.0,3.0,1,high,textured_non_sky,surface_audit_seed_v2,True,True,0.0,1,temporal_stack,,,
aaf1eafd-36d7-43e4-a539-fd79029ddf90,307,158.0,109.0,3.0,3.0,1,high,textured_non_sky,surface_audit_seed_v2,True,True,0.0,1,temporal_stack,,,
aaf1eafd-36d7-43e4-a539-fd79029ddf90,308,158.0,109.0,3.0,3.0,1,high,textured_non_sky,surface_audit_seed_v2,True,True,0.0,1,temporal_stack,,,
aaf1eafd-36d7-43e4-a539-fd79029ddf90,309,158.0,109.0,3.0,3.0,1,high,textured_non_sky,surface_audit_seed_v2,True,True,0.0,1,temporal_stack,,,
aaf1eafd-36d7-43e4-a539-fd79029ddf90,310,158.0,109.0,3.0,3.0,1,high,textured_non_sky,surface_audit_seed_v2,True,True,0.0,1,temporal_stack,,,
aaf1eafd-36d7-43e4-a539-fd79029ddf90,311,161.0,109.0,3.0,3.0,1,high,textured_non_sky,surface_audit_seed_v2,True,True,0.0,1,temporal_stack,,,
aaf1eafd-36d7-43e4-a539-fd79029ddf90,312,158.0,108.0,3.0,3.0,1,high,textured_non_sky,surface_audit_seed_v2,True,True,0.0,1,temporal_stack,,,
aaf1eafd-36d7-43e4-a539-fd79029ddf90,313,158.0,108.0,3.0,3.0,1,high,textured_non_sky,surface_audit_seed_v2,True,True,0.0,1,temporal_stack,,,
aaf1eafd-36d7-43e4-a539-fd79029ddf90,314,158.0,108.0,3.0,3.0,1,high,textured_non_sky,surface_audit_seed_v2,True,True,0.0,1,temporal_stack,,,
aaf1eafd-36d7-43e4-a539-fd79029ddf90,315,157.0,110.0,3.0,3.0,1,high,textured_non_sky,surface_audit_seed_v2,True,True,0.0,1,temporal_stack,,,
aaf1eafd-36d7-43e4-a539-fd79029ddf90,316,157.0,110.0,3.0,3.0,1,high,textured_non_sky,surface_audit_seed_v2,True,True,0.0,1,temporal_stack,,,
aaf1eafd-36d7-43e4-a539-fd79029ddf90,317,157.0,110.0,3.0,3.0,1,high,textured_non_sky,surface_audit_seed_v2,True,True,0.0,1,temporal_stack,,,
aaf1eafd-36d7-43e4-a539-fd79029ddf90,318,157.0,110.0,3.0,3.0,1,high,textured_non_sky,surface_audit_seed_v2,True,True,0.0,1,temporal_stack,,,
aaf1eafd-36d7-43e4-a539-fd79029ddf90,319,157.0,110.0,3.0,3.0,1,high,textured_non_sky,surface_audit_seed_v2,True,True,0.0,1,temporal_stack,,,
aaf1eafd-36d7-43e4-a539-fd79029ddf90,320,157.0,111.0,3.0,3.0,1,high,textured_non_sky,surface_audit_seed_v2,True,True,0.0,1,temporal_stack,,,
aaf1eafd-36d7-43e4-a539-fd79029ddf90,321,157.0,111.0,3.0,3.0,1,high,textured_non_sky,surface_audit_seed_v2,True,True,0.0,1,temporal_stack,,,
aaf1eafd-36d7-43e4-a539-fd79029ddf90,322,157.0,110.0,3.0,3.0,1,high,textured_non_sky,surface_audit_seed_v2,True,True,0.0,1,temporal_stack,,,
aaf1eafd-36d7-43e4-a539-fd79029ddf90,323,157.0,110.0,3.0,3.0,1,high,textured_non_sky,surface_audit_seed_v2,True,True,0.0,1,temporal_stack,,,
aaf1eafd-36d7-43e4-a539-fd79029ddf90,324,156.0,110.0,3.0,3.0,1,high,textured_non_sky,surface_audit_seed_v2,True,True,0.0,1,temporal_stack,,,
aaf1eafd-36d7-43e4-a539-fd79029ddf90,325,156.0,110.0,3.0,3.0,1,high,textured_non_sky,surface_audit_seed_v2,True,True,0.0,1,temporal_stack,,,
aaf1eafd-36d7-43e4-a539-fd79029ddf90,326,156.0,110.0,3.0,3.0,1,high,textured_non_sky,surface_audit_seed_v2,True,True,0.0,1,temporal_stack,,,
aaf1eafd-36d7-43e4-a539-fd79029ddf90,327,156.0,110.0,3.0,3.0,1,high,textured_non_sky,surface_audit_seed_v2,True,True,0.0,1,temporal_stack,,,
aaf1eafd-36d7-43e4-a539-fd79029ddf90,328,156.0,112.0,3.0,3.0,1,high,textured_non_sky,surface_audit_seed_v2,True,True,0.0,1,temporal_stack,,,
aaf1eafd-36d7-43e4-a539-fd79029ddf90,329,156.0,112.0,3.0,3.0,1,high,textured_non_sky,surface_audit_seed_v2,True,True,0.0,1,temporal_stack,,,
aaf1eafd-36d7-43e4-a539-fd79029ddf90,330,156.0,112.0,3.0,3.0,1,high,textured_non_sky,surface_audit_seed_v2,True,True,0.0,1,temporal_stack,,,
aaf1eafd-36d7-43e4-a539-fd79029ddf90,331,153.0,115.0,3.0,3.0,1,high,textured_non_sky,surface_audit_seed_v2,True,True,0.0,1,temporal_stack,,,
aaf1eafd-36d7-43e4-a539-fd79029ddf90,332,153.0,118.0,3.0,3.0,1,high,textured_non_sky,surface_audit_seed_v2,True,True,0.0,1,temporal_stack,,,
aaf1eafd-36d7-43e4-a539-fd79029ddf90,333,153.0,118.0,3.0,3.0,1,high,textured_non_sky,surface_audit_seed_v2,True,True,0.0,1,temporal_stack,,,
aaf1eafd-36d7-43e4-a539-fd79029ddf90,334,153.0,115.0,3.0,3.0,1,high,textured_non_sky,surface_audit_seed_v2,True,True,0.0,1,temporal_stack,,,
aaf1eafd-36d7-43e4-a539-fd79029ddf90,335,153.0,112.0,3.0,3.0,1,high,textured_non_sky,surface_audit_seed_v2,True,True,0.0,1,temporal_stack,,,
aaf1eafd-36d7-43e4-a539-fd79029ddf90,336,153.0,116.0,3.0,3.0,1,high,textured_non_sky,surface_audit_seed_v2,True,False,71.549,2,temporal_stack,,,
aaf1eafd-36d7-43e4-a539-fd79029ddf90,337,152.0,116.0,3.0,3.0,1,high,textured_non_sky,surface_audit_seed_v2,True,False,71.063,4,temporal_stack,,,
aaf1eafd-36d7-43e4-a539-fd79029ddf90,338,156.0,112.0,3.0,3.0,1,high,textured_non_sky,surface_audit_seed_v2,True,False,75.961,5,temporal_stack,,,
aaf1eafd-36d7-43e4-a539-fd79029ddf90,339,156.0,112.0,3.0,3.0,1,high,textured_non_sky,surface_audit_seed_v2,True,False,76.441,6,temporal_stack,,,
aaf1eafd-36d7-43e4-a539-fd79029ddf90,340,156.0,112.0,3.0,3.0,1,high,textured_non_sky,surface_audit_seed_v2,True,False,77.403,5,temporal_stack,,,
aaf1eafd-36d7-43e4-a539-fd79029ddf90,341,152.0,116.0,3.0,3.0,1,high,textured_non_sky,surface_audit_seed_v2,True,False,72.521,5,temporal_stack,,,
aaf1eafd-36d7-43e4-a539-fd79029ddf90,342,152.0,116.0,3.0,3.0,1,high,textured_non_sky,surface_audit_seed_v2,True,False,72.892,6,temporal_stack,,,
aaf1eafd-36d7-43e4-a539-fd79029ddf90,343,152.0,116.0,3.0,3.0,1,high,textured_non_sky,surface_audit_seed_v2,True,False,72.892,5,temporal_stack,,,
aaf1eafd-36d7-43e4-a539-fd79029ddf90,344,152.0,116.0,3.0,3.0,1,high,textured_non_sky,surface_audit_seed_v2,True,False,72.892,3,temporal_stack,,,
aaf1eafd-36d7-43e4-a539-fd79029ddf90,345,152.0,112.0,3.0,3.0,1,high,textured_non_sky,surface_audit_seed_v2,True,True,0.0,1,temporal_stack,,,
aaf1eafd-36d7-43e4-a539-fd79029ddf90,346,152.0,116.0,3.0,3.0,1,high,textured_non_sky,surface_audit_seed_v2,True,True,0.0,1,temporal_stack,,,
aaf1eafd-36d7-43e4-a539-fd79029ddf90,347,152.0,112.0,3.0,3.0,1,high,textured_non_sky,surface_audit_seed_v2,True,True,0.0,1,temporal_stack,,,
aaf1eafd-36d7-43e4-a539-fd79029ddf90,348,152.0,112.0,3.0,3.0,1,high,textured_non_sky,surface_audit_seed_v2,True,True,0.0,1,temporal_stack,,,
aaf1eafd-36d7-43e4-a539-fd79029ddf90,349,152.0,112.0,3.0,3.0,1,high,textured_non_sky,surface_audit_seed_v2,True,True,0.0,1,temporal_stack,,,
aaf1eafd-36d7-43e4-a539-fd79029ddf90,350,152.0,115.0,3.0,3.0,1,high,textured_non_sky,surface_audit_seed_v2,True,True,0.0,1,temporal_stack,,,
aaf1eafd-36d7-43e4-a539-fd79029ddf90,351,155.0,115.0,3.0,3.0,1,high,textured_non_sky,surface_audit_seed_v2,True,True,0.0,1,temporal_stack,,,
aaf1eafd-36d7-43e4-a539-fd79029ddf90,352,156.0,115.0,3.0,3.0,1,high,textured_non_sky,surface_audit_seed_v2,True,True,0.0,1,temporal_stack,,,
aaf1eafd-36d7-43e4-a539-fd79029ddf90,353,157.0,115.0,3.0,3.0,1,high,textured_non_sky,surface_audit_seed_v2,True,False,106.622,2,temporal_stack,,,
aaf1eafd-36d7-43e4-a539-fd79029ddf90,440,153.0,104.0,3.0,3.0,1,medium,textured_non_sky,surface_audit_seed_v2,True,True,0.0,1,temporal_stack,,,
aaf1eafd-36d7-43e4-a539-fd79029ddf90,441,153.0,104.0,3.0,3.0,1,medium,textured_non_sky,surface_audit_seed_v2,True,True,0.0,1,temporal_stack,,,
aaf1eafd-36d7-43e4-a539-fd79029ddf90,442,162.0,104.0,3.0,3.0,1,medium,textured_non_sky,surface_audit_seed_v2,True,True,0.0,1,temporal_stack,,,
aaf1eafd-36d7-43e4-a539-fd79029ddf90,443,154.0,104.0,3.0,3.0,1,medium,textured_non_sky,surface_audit_seed_v2,True,True,0.0,1,temporal_stack,,,
aaf1eafd-36d7-43e4-a539-fd79029ddf90,444,155.0,104.0,3.0,3.0,1,medium,textured_non_sky,surface_audit_seed_v2,True,True,0.0,1,temporal_stack,,,
aaf1eafd-36d7-43e4-a539-fd79029ddf90,445,156.0,104.0,3.0,3.0,1,medium,textured_non_sky,surface_audit_seed_v2,True,True,0.0,1,temporal_stack,,,
aaf1eafd-36d7-43e4-a539-fd79029ddf90,446,156.0,104.0,3.0,3.0,1,medium,textured_non_sky,surface_audit_seed_v2,True,True,0.0,1,temporal_stack,,,
aaf1eafd-36d7-43e4-a539-fd79029ddf90,447,156.0,104.0,3.0,3.0,1,medium,textured_non_sky,surface_audit_seed_v2,True,True,0.0,1,temporal_stack,,,
aaf1eafd-36d7-43e4-a539-fd79029ddf90,452,158.0,106.0,3.0,3.0,1,medium,textured_non_sky,surface_audit_seed_v2,True,True,0.0,1,temporal_stack,,,
aaf1eafd-36d7-43e4-a539-fd79029ddf90,453,158.0,106.0,3.0,3.0,1,medium,textured_non_sky,surface_audit_seed_v2,True,True,0.0,1,temporal_stack,,,
aaf1eafd-36d7-43e4-a539-fd79029ddf90,454,158.0,106.0,3.0,3.0,1,medium,textured_non_sky,surface_audit_seed_v2,True,True,0.0,1,temporal_stack,,,
aaf1eafd-36d7-43e4-a539-fd79029ddf90,455,158.0,106.0,3.0,3.0,1,medium,textured_non_sky,surface_audit_seed_v2,True,True,0.0,1,temporal_stack,,,
aaf1eafd-36d7-43e4-a539-fd79029ddf90,476,162.0,106.0,3.0,3.0,1,medium,textured_non_sky,surface_audit_seed_v2,True,True,0.0,1,temporal_stack,,,
aaf1eafd-36d7-43e4-a539-fd79029ddf90,477,163.0,106.0,3.0,3.0,1,medium,textured_non_sky,surface_audit_seed_v2,True,True,0.0,1,temporal_stack,,,
aaf1eafd-36d7-43e4-a539-fd79029ddf90,478,163.0,106.0,3.0,3.0,1,medium,textured_non_sky,surface_audit_seed_v2,True,True,0.0,1,temporal_stack,,,
aaf1eafd-36d7-43e4-a539-fd79029ddf90,642,122.0,121.0,4.0,4.0,1,high,textured_non_sky,surface_audit_seed_v2,True,True,2.0,10,map,,,
aaf1eafd-36d7-43e4-a539-fd79029ddf90,643,122.0,121.0,4.0,4.0,1,high,textured_non_sky,surface_audit_seed_v2,True,True,4.0,2,temporal_stack,,,
aaf1eafd-36d7-43e4-a539-fd79029ddf90,644,123.0,120.0,4.0,4.0,1,high,textured_non_sky,surface_audit_seed_v2,True,True,0.0,1,temporal_stack,,,
aaf1eafd-36d7-43e4-a539-fd79029ddf90,645,123.0,120.0,4.0,4.0,1,high,textured_non_sky,surface_audit_seed_v2,True,True,0.0,1,temporal_stack,,,
aaf1eafd-36d7-43e4-a539-fd79029ddf90,646,124.0,120.0,4.0,4.0,1,high,textured_non_sky,surface_audit_seed_v2,True,True,0.0,1,temporal_stack,,,
aaf1eafd-36d7-43e4-a539-fd79029ddf90,647,124.0,121.0,4.0,4.0,1,high,textured_non_sky,surface_audit_seed_v2,True,True,3.0,10,map,,,
b96cec7a-3912-46b7-9014-dc3c632ffa12,186,176,73,12,12,1,high,surface_horizon_manual,gpt_vision_top_tube_surface_v1,,,,,,0.88,1,Visually confirmed in contact_overviews/contact_crops; using top-tube bbox as coordinate carrier.
b96cec7a-3912-46b7-9014-dc3c632ffa12,192,175,70,12,12,1,high,surface_horizon_manual,gpt_vision_top_tube_surface_v1,,,,,,0.88,1,Visually confirmed in contact_overviews/contact_crops; using top-tube bbox as coordinate carrier.
b96cec7a-3912-46b7-9014-dc3c632ffa12,198,168,74,12,12,1,high,surface_horizon_manual,gpt_vision_top_tube_surface_v1,,,,,,0.88,1,Visually confirmed in contact_overviews/contact_crops; using top-tube bbox as coordinate carrier.
b96cec7a-3912-46b7-9014-dc3c632ffa12,204,159,76,12,12,1,high,surface_horizon_manual,gpt_vision_top_tube_surface_v1,,,,,,0.88,1,Visually confirmed in contact_overviews/contact_crops; using top-tube bbox as coordinate carrier.
b96cec7a-3912-46b7-9014-dc3c632ffa12,210,155,74,12,12,1,high,surface_horizon_manual,gpt_vision_top_tube_surface_v1,,,,,,0.88,1,Visually confirmed in contact_overviews/contact_crops; using top-tube bbox as coordinate carrier.
b96cec7a-3912-46b7-9014-dc3c632ffa12,216,144,78,12,12,1,high,surface_horizon_manual,gpt_vision_top_tube_surface_v1,,,,,,0.88,1,Visually confirmed in contact_overviews/contact_crops; using top-tube bbox as coordinate carrier.
b96cec7a-3912-46b7-9014-dc3c632ffa12,222,140,84,7,7,1,high,surface_horizon_manual,gpt_vision_top_tube_surface_v1,,,,,,0.88,1,Visually confirmed in contact_overviews/contact_crops; using top-tube bbox as coordinate carrier.
b96cec7a-3912-46b7-9014-dc3c632ffa12,228,138,90,7,7,1,high,surface_horizon_manual,gpt_vision_top_tube_surface_v1,,,,,,0.88,1,Visually confirmed in contact_overviews/contact_crops; using top-tube bbox as coordinate carrier.
b96cec7a-3912-46b7-9014-dc3c632ffa12,234,129,96,11,6,1,high,surface_horizon_manual,gpt_vision_top_tube_surface_v1,,,,,,0.88,1,Visually confirmed in contact_overviews/contact_crops; using top-tube bbox as coordinate carrier.
b96cec7a-3912-46b7-9014-dc3c632ffa12,240,134,100,7,7,1,high,surface_horizon_manual,gpt_vision_top_tube_surface_v1,,,,,,0.88,1,Visually confirmed in contact_overviews/contact_crops; using top-tube bbox as coordinate carrier.
b96cec7a-3912-46b7-9014-dc3c632ffa12,246,127,101,11,6,1,high,surface_horizon_manual,gpt_vision_top_tube_surface_v1,,,,,,0.88,1,Visually confirmed in contact_overviews/contact_crops; using top-tube bbox as coordinate carrier.
b96cec7a-3912-46b7-9014-dc3c632ffa12,252,121,100,12,12,1,high,surface_horizon_manual,gpt_vision_top_tube_surface_v1,,,,,,0.88,1,Visually confirmed in contact_overviews/contact_crops; using top-tube bbox as coordinate carrier.
b96cec7a-3912-46b7-9014-dc3c632ffa12,258,114,102,12,12,1,high,surface_horizon_manual,gpt_vision_top_tube_surface_v1,,,,,,0.88,1,Visually confirmed in contact_overviews/contact_crops; using top-tube bbox as coordinate carrier.
b96cec7a-3912-46b7-9014-dc3c632ffa12,264,107,104,11,5,1,high,surface_horizon_manual,gpt_vision_top_tube_surface_v1,,,,,,0.88,1,Visually confirmed in contact_overviews/contact_crops; using top-tube bbox as coordinate carrier.
b96cec7a-3912-46b7-9014-dc3c632ffa12,270,107,99,12,12,1,high,surface_horizon_manual,gpt_vision_top_tube_surface_v1,,,,,,0.88,1,Visually confirmed in contact_overviews/contact_crops; using top-tube bbox as coordinate carrier.
b96cec7a-3912-46b7-9014-dc3c632ffa12,276,101,99,12,12,1,high,surface_horizon_manual,gpt_vision_top_tube_surface_v1,,,,,,0.88,1,Visually confirmed in contact_overviews/contact_crops; using top-tube bbox as coordinate carrier.
b96cec7a-3912-46b7-9014-dc3c632ffa12,282,103,101,12,12,1,high,surface_horizon_manual,gpt_vision_top_tube_surface_v1,,,,,,0.88,1,Visually confirmed in contact_overviews/contact_crops; using top-tube bbox as coordinate carrier.
b96cec7a-3912-46b7-9014-dc3c632ffa12,288,98,106,7,7,1,high,surface_horizon_manual,gpt_vision_top_tube_surface_v1,,,,,,0.88,1,Visually confirmed in contact_overviews/contact_crops; using top-tube bbox as coordinate carrier.
59e41a0c-f704-4589-96db-d7c283d33717,324,156,81,12,12,1,high,surface_horizon_manual,gpt_vision_top_tube_surface_v1,,,,,,0.82,1,Visually confirmed in contact_overviews/contact_crops; using top-tube bbox as coordinate carrier.
59e41a0c-f704-4589-96db-d7c283d33717,330,151,89,12,12,1,high,surface_horizon_manual,gpt_vision_top_tube_surface_v1,,,,,,0.82,1,Visually confirmed in contact_overviews/contact_crops; using top-tube bbox as coordinate carrier.
59e41a0c-f704-4589-96db-d7c283d33717,336,153,88,12,12,1,high,surface_horizon_manual,gpt_vision_top_tube_surface_v1,,,,,,0.82,1,Visually confirmed in contact_overviews/contact_crops; using top-tube bbox as coordinate carrier.
59e41a0c-f704-4589-96db-d7c283d33717,342,154,104,6,4,1,high,surface_horizon_manual,gpt_vision_top_tube_surface_v1,,,,,,0.82,1,Visually confirmed in contact_overviews/contact_crops; using top-tube bbox as coordinate carrier.
59e41a0c-f704-4589-96db-d7c283d33717,348,148,121,12,12,1,high,surface_horizon_manual,gpt_vision_top_tube_surface_v1,,,,,,0.82,1,Visually confirmed in contact_overviews/contact_crops; using top-tube bbox as coordinate carrier.
d129cd72-3228-426d-9252-4e0b3e14927b,212,61.0,100.0,12.0,12.0,1,medium_high,surface_backed_manual,gpt_vision_full_video_d129_v1,,,,,,,,Continuous vision-labeled target path; keyframes verified from raw/contact and top-tube crops.
d129cd72-3228-426d-9252-4e0b3e14927b,213,61.25,99.75,12.0,12.0,1,medium_high,surface_backed_manual,gpt_vision_full_video_d129_v1,,,,,,,,Continuous vision-labeled target path; keyframes verified from raw/contact and top-tube crops.
d129cd72-3228-426d-9252-4e0b3e14927b,214,61.5,99.5,12.0,12.0,1,medium_high,surface_backed_manual,gpt_vision_full_video_d129_v1,,,,,,,,Continuous vision-labeled target path; keyframes verified from raw/contact and top-tube crops.
d129cd72-3228-426d-9252-4e0b3e14927b,215,61.75,99.25,12.0,12.0,1,medium_high,surface_backed_manual,gpt_vision_full_video_d129_v1,,,,,,,,Continuous vision-labeled target path; keyframes verified from raw/contact and top-tube crops.
d129cd72-3228-426d-9252-4e0b3e14927b,216,62.0,99.0,12.0,12.0,1,high,surface_backed_manual,gpt_vision_full_video_d129_v1,,,,,,,,Continuous vision-labeled target path; keyframes verified from raw/contact and top-tube crops.
d129cd72-3228-426d-9252-4e0b3e14927b,217,62.12,100.0,12.0,12.0,1,high,surface_backed_manual,gpt_vision_full_video_d129_v1,,,,,,,,Continuous vision-labeled target path; keyframes verified from raw/contact and top-tube crops.
d129cd72-3228-426d-9252-4e0b3e14927b,218,62.25,101.0,12.0,12.0,1,high,surface_backed_manual,gpt_vision_full_video_d129_v1,,,,,,,,Continuous vision-labeled target path; keyframes verified from raw/contact and top-tube crops.
d129cd72-3228-426d-9252-4e0b3e14927b,219,62.38,102.0,12.0,12.0,1,high,surface_backed_manual,gpt_vision_full_video_d129_v1,,,,,,,,Continuous vision-labeled target path; keyframes verified from raw/contact and top-tube crops.
d129cd72-3228-426d-9252-4e0b3e14927b,220,62.5,103.0,12.0,12.0,1,high,surface_backed_manual,gpt_vision_full_video_d129_v1,,,,,,,,Continuous vision-labeled target path; keyframes verified from raw/contact and top-tube crops.
d129cd72-3228-426d-9252-4e0b3e14927b,221,62.62,104.0,12.0,12.0,1,high,surface_backed_manual,gpt_vision_full_video_d129_v1,,,,,,,,Continuous vision-labeled target path; keyframes verified from raw/contact and top-tube crops.
d129cd72-3228-426d-9252-4e0b3e14927b,222,62.75,105.0,12.0,12.0,1,high,surface_backed_manual,gpt_vision_full_video_d129_v1,,,,,,,,Continuous vision-labeled target path; keyframes verified from raw/contact and top-tube crops.
d129cd72-3228-426d-9252-4e0b3e14927b,223,62.88,106.0,12.0,12.0,1,high,surface_backed_manual,gpt_vision_full_video_d129_v1,,,,,,,,Continuous vision-labeled target path; keyframes verified from raw/contact and top-tube crops.
d129cd72-3228-426d-9252-4e0b3e14927b,224,63.0,107.0,12.0,12.0,1,high,surface_backed_manual,gpt_vision_full_video_d129_v1,,,,,,,,Continuous vision-labeled target path; keyframes verified from raw/contact and top-tube crops.
d129cd72-3228-426d-9252-4e0b3e14927b,225,63.25,107.88,12.0,12.0,1,high,surface_backed_manual,gpt_vision_full_video_d129_v1,,,,,,,,Continuous vision-labeled target path; keyframes verified from raw/contact and top-tube crops.
d129cd72-3228-426d-9252-4e0b3e14927b,226,63.5,108.75,12.0,12.0,1,high,surface_backed_manual,gpt_vision_full_video_d129_v1,,,,,,,,Continuous vision-labeled target path; keyframes verified from raw/contact and top-tube crops.
d129cd72-3228-426d-9252-4e0b3e14927b,227,63.75,109.62,12.0,12.0,1,high,surface_backed_manual,gpt_vision_full_video_d129_v1,,,,,,,,Continuous vision-labeled target path; keyframes verified from raw/contact and top-tube crops.
d129cd72-3228-426d-9252-4e0b3e14927b,228,64.0,110.5,12.0,12.0,1,high,surface_backed_manual,gpt_vision_full_video_d129_v1,,,,,,,,Continuous vision-labeled target path; keyframes verified from raw/contact and top-tube crops.
d129cd72-3228-426d-9252-4e0b3e14927b,229,64.25,111.38,12.0,12.0,1,high,surface_backed_manual,gpt_vision_full_video_d129_v1,,,,,,,,Continuous vision-labeled target path; keyframes verified from raw/contact and top-tube crops.
d129cd72-3228-426d-9252-4e0b3e14927b,230,64.5,112.25,12.0,12.0,1,high,surface_backed_manual,gpt_vision_full_video_d129_v1,,,,,,,,Continuous vision-labeled target path; keyframes verified from raw/contact and top-tube crops.
d129cd72-3228-426d-9252-4e0b3e14927b,231,64.75,113.12,12.0,12.0,1,high,surface_backed_manual,gpt_vision_full_video_d129_v1,,,,,,,,Continuous vision-labeled target path; keyframes verified from raw/contact and top-tube crops.
d129cd72-3228-426d-9252-4e0b3e14927b,232,65.0,114.0,12.0,12.0,1,high,surface_backed_manual,gpt_vision_full_video_d129_v1,,,,,,,,Continuous vision-labeled target path; keyframes verified from raw/contact and top-tube crops.
d129cd72-3228-426d-9252-4e0b3e14927b,233,65.38,113.75,12.0,12.0,1,high,surface_backed_manual,gpt_vision_full_video_d129_v1,,,,,,,,Continuous vision-labeled target path; keyframes verified from raw/contact and top-tube crops.
d129cd72-3228-426d-9252-4e0b3e14927b,234,65.75,113.5,12.0,12.0,1,high,surface_backed_manual,gpt_vision_full_video_d129_v1,,,,,,,,Continuous vision-labeled target path; keyframes verified from raw/contact and top-tube crops.
d129cd72-3228-426d-9252-4e0b3e14927b,235,66.12,113.25,12.0,12.0,1,high,surface_backed_manual,gpt_vision_full_video_d129_v1,,,,,,,,Continuous vision-labeled target path; keyframes verified from raw/contact and top-tube crops.
d129cd72-3228-426d-9252-4e0b3e14927b,236,66.5,113.0,12.0,12.0,1,high,surface_backed_manual,gpt_vision_full_video_d129_v1,,,,,,,,Continuous vision-labeled target path; keyframes verified from raw/contact and top-tube crops.
d129cd72-3228-426d-9252-4e0b3e14927b,237,66.88,112.75,12.0,12.0,1,high,surface_backed_manual,gpt_vision_full_video_d129_v1,,,,,,,,Continuous vision-labeled target path; keyframes verified from raw/contact and top-tube crops.
d129cd72-3228-426d-9252-4e0b3e14927b,238,67.25,112.5,12.0,12.0,1,high,surface_backed_manual,gpt_vision_full_video_d129_v1,,,,,,,,Continuous vision-labeled target path; keyframes verified from raw/contact and top-tube crops.
d129cd72-3228-426d-9252-4e0b3e14927b,239,67.62,112.25,12.0,12.0,1,high,surface_backed_manual,gpt_vision_full_video_d129_v1,,,,,,,,Continuous vision-labeled target path; keyframes verified from raw/contact and top-tube crops.
d129cd72-3228-426d-9252-4e0b3e14927b,240,68.0,112.0,12.0,12.0,1,high,surface_backed_manual,gpt_vision_full_video_d129_v1,,,,,,,,Continuous vision-labeled target path; keyframes verified from raw/contact and top-tube crops.
d129cd72-3228-426d-9252-4e0b3e14927b,241,68.75,111.75,12.0,12.0,1,high,surface_backed_manual,gpt_vision_full_video_d129_v1,,,,,,,,Continuous vision-labeled target path; keyframes verified from raw/contact and top-tube crops.
d129cd72-3228-426d-9252-4e0b3e14927b,242,69.5,111.5,12.0,12.0,1,high,surface_backed_manual,gpt_vision_full_video_d129_v1,,,,,,,,Continuous vision-labeled target path; keyframes verified from raw/contact and top-tube crops.
d129cd72-3228-426d-9252-4e0b3e14927b,243,70.25,111.25,12.0,12.0,1,high,surface_backed_manual,gpt_vision_full_video_d129_v1,,,,,,,,Continuous vision-labeled target path; keyframes verified from raw/contact and top-tube crops.
d129cd72-3228-426d-9252-4e0b3e14927b,244,71.0,111.0,12.0,12.0,1,high,surface_backed_manual,gpt_vision_full_video_d129_v1,,,,,,,,Continuous vision-labeled target path; keyframes verified from raw/contact and top-tube crops.
d129cd72-3228-426d-9252-4e0b3e14927b,245,71.75,110.75,12.0,12.0,1,high,surface_backed_manual,gpt_vision_full_video_d129_v1,,,,,,,,Continuous vision-labeled target path; keyframes verified from raw/contact and top-tube crops.
d129cd72-3228-426d-9252-4e0b3e14927b,246,72.5,110.5,12.0,12.0,1,high,surface_backed_manual,gpt_vision_full_video_d129_v1,,,,,,,,Continuous vision-labeled target path; keyframes verified from raw/contact and top-tube crops.
d129cd72-3228-426d-9252-4e0b3e14927b,247,73.25,110.25,12.0,12.0,1,high,surface_backed_manual,gpt_vision_full_video_d129_v1,,,,,,,,Continuous vision-labeled target path; keyframes verified from raw/contact and top-tube crops.
d129cd72-3228-426d-9252-4e0b3e14927b,248,74.0,110.0,12.0,12.0,1,high,surface_backed_manual,gpt_vision_full_video_d129_v1,,,,,,,,Continuous vision-labeled target path; keyframes verified from raw/contact and top-tube crops.
d129cd72-3228-426d-9252-4e0b3e14927b,249,75.0,110.0,12.0,12.0,1,high,surface_backed_manual,gpt_vision_full_video_d129_v1,,,,,,,,Continuous vision-labeled target path; keyframes verified from raw/contact and top-tube crops.
