frame,y,dist_px,rank,source,confidence
631,1,3.536,2,map,medium_high
631,1,0.0,3,map,medium_high
631,1,4.472,4,map,medium_high
631,0,41.049,5,large_dark,medium_high
631,0,77.414,6,large_dark,medium_high
631,0,33.242,7,large_dark,medium_high
631,0,36.749,8,appearance,medium_high
631,0,61.0,9,large_dark,medium_high
631,0,64.0,10,large_dark,medium_high
631,0,57.559,11,large_dark,medium_high
631,0,44.972,12,appearance,medium_high
631,0,61.66,13,large_dark,medium_high
631,0,69.635,14,map,medium_high
631,0,68.691,15,map,medium_high
631,0,98.349,16,map,medium_high
631,0,84.336,17,map,medium_high
631,0,51.865,18,large_dark,medium_high
631,0,58.694,19,large_dark,medium_high
631,0,144.688,20,map,medium_high
631,0,110.781,21,map,medium_high
631,0,114.326,22,map,medium_high
631,0,72.719,23,map,medium_high
631,0,94.141,24,map,medium_high
631,0,132.197,25,map,medium_high
631,0,48.104,26,map,medium_high
631,0,121.807,27,map,medium_high
631,0,130.225,28,map,medium_high
631,0,86.452,29,motion,medium_high
631,0,41.785,30,map,medium_high
631,0,64.734,31,map,medium_high
631,0,113.716,32,motion,medium_high
631,0,50.7,33,appearance,medium_high
631,0,103.466,34,motion,medium_high
631,0,83.943,35,map,medium_high
631,0,64.195,36,motion,medium_high
631,0,112.661,37,map,medium_high
631,0,68.411,38,large_dark,medium_high
631,0,113.004,39,motion,medium_high
631,0,87.92,40,motion,medium_high
631,0,83.322,41,motion,medium_high
631,0,67.546,42,motion,medium_high
631,0,32.202,43,large_dark,medium_high
631,0,32.016,44,large_dark,medium_high
631,0,57.801,45,large_dark,medium_high
632,1,4.743,2,map,medium_high
632,1,0.0,3,map,medium_high
632,0,41.012,4,large_dark,medium_high
632,0,82.492,5,large_dark,medium_high
632,0,79.511,6,large_dark,medium_high
632,0,60.008,7,large_dark,medium_high
632,0,32.28,8,large_dark,medium_high
632,0,35.784,9,appearance,medium_high
632,0,65.0,10,large_dark,medium_high
632,0,59.682,11,large_dark,medium_high
632,0,49.739,12,large_dark,medium_high
632,0,47.817,13,appearance,medium_high
632,0,69.635,14,map,medium_high
632,0,61.074,15,large_dark,medium_high
632,0,52.612,16,map,medium_high
632,0,67.897,17,large_dark,medium_high
632,0,56.859,18,large_dark,medium_high
632,0,55.073,19,map,medium_high
632,0,69.112,20,map,medium_high
632,0,109.829,21,map,medium_high
632,0,98.745,22,map,medium_high
632,0,84.997,23,map,medium_high
632,0,51.313,24,large_dark,medium_high
632,0,69.123,25,large_dark,medium_high
632,0,59.615,26,large_dark,medium_high
632,0,145.15,27,map,medium_high
632,0,111.061,28,map,medium_high
632,0,114.806,29,map,medium_high
632,0,72.201,30,map,medium_high
632,0,93.96,31,map,medium_high
632,0,132.382,32,map,medium_high
632,0,47.381,33,map,medium_high
632,0,121.598,34,map,medium_high
632,0,130.025,35,map,medium_high
632,0,60.803,36,map,medium_high
632,0,86.954,37,motion,medium_high
632,0,64.657,38,map,medium_high
632,0,114.268,39,motion,medium_high
632,0,104.097,40,motion,medium_high
632,0,83.322,41,map,medium_high
632,0,112.43,42,map,medium_high
632,0,113.0,43,motion,medium_high
632,0,88.482,44,motion,medium_high
632,0,83.943,45,motion,medium_high
632,0,56.613,46,large_dark,medium_high
632,0,72.085,47,motion,medium_high
632,0,32.249,48,large_dark,medium_high
633,1,4.61,2,appearance,medium_high
633,1,1.414,3,map,medium_high
633,0,41.049,4,large_dark,medium_high
633,0,82.608,5,large_dark,medium_high
633,0,85.586,6,large_dark,medium_high
633,0,61.008,7,large_dark,medium_high
633,0,33.242,8,large_dark,medium_high
633,0,36.749,9,appearance,medium_high
633,0,49.244,10,large_dark,medium_high
633,0,70.093,11,large_dark,medium_high
633,0,60.44,12,large_dark,medium_high
633,0,59.841,13,large_dark,medium_high
633,0,57.775,14,large_dark,medium_high
633,0,63.953,15,large_dark,medium_high
633,0,69.635,16,map,medium_high
633,0,52.469,17,map,medium_high
633,0,54.589,18,map,medium_high
633,0,69.545,19,map,medium_high
633,0,110.257,20,map,medium_high
633,0,99.149,21,map,medium_high
633,0,85.665,22,map,medium_high
633,0,50.774,23,large_dark,medium_high
633,0,50.7,24,appearance,medium_high
633,0,145.618,25,map,medium_high
633,0,111.349,26,map,medium_high
633,0,115.293,27,map,medium_high
633,0,71.694,28,map,medium_high
633,0,93.79,29,map,medium_high
633,0,132.575,30,map,medium_high
633,0,46.669,31,map,medium_high
633,0,121.396,32,map,medium_high
633,0,129.833,33,map,medium_high
633,0,87.464,34,motion,medium_high
633,0,60.0,35,map,medium_high
633,0,64.595,36,map,medium_high
633,0,114.827,37,motion,medium_high
633,0,104.734,38,motion,medium_high
633,0,82.707,39,map,medium_high
633,0,112.207,40,map,medium_high
633,0,113.004,41,motion,medium_high
633,0,89.051,42,motion,medium_high
633,0,84.572,43,motion,medium_high
633,0,72.727,44,motion,medium_high
633,0,32.45,45,large_dark,medium_high
634,1,0.0,2,map,medium_high
634,1,6.708,3,map,medium_high
634,0,41.049,4,large_dark,medium_high
634,0,86.47,5,large_dark,medium_high
634,0,83.295,6,large_dark,medium_high
634,0,55.036,7,large_dark,medium_high
634,0,28.16,8,large_dark,medium_high
634,0,30.7,9,appearance,medium_high
634,0,33.593,10,appearance,medium_high
634,0,66.94,11,large_dark,medium_high
634,0,52.802,12,large_dark,medium_high
634,0,49.396,13,large_dark,medium_high
634,0,61.62,14,large_dark,medium_high
634,0,60.407,15,large_dark,medium_high
634,0,69.516,16,map,medium_high
634,0,75.819,17,map,medium_high
634,0,117.024,18,map,medium_high
634,0,96.408,19,map,medium_high
634,0,133.448,20,map,medium_high
634,0,80.156,21,map,medium_high
634,0,108.27,22,map,medium_high
634,0,116.52,23,map,medium_high
634,0,53.935,24,map,medium_high
634,0,56.939,25,map,medium_high
634,0,103.347,26,motion,medium_high
634,0,108.086,27,map,medium_high
634,0,126.646,28,motion,medium_high
634,0,120.702,29,motion,medium_high
634,0,94.215,30,map,medium_high
634,0,66.611,31,large_dark,medium_high
634,0,63.008,32,map,medium_high
634,0,98.698,33,motion,medium_high
634,0,135.744,34,map,medium_high
634,0,92.635,35,motion,medium_high
634,0,99.742,36,motion,medium_high
634,0,112.805,37,map,medium_high
634,0,87.192,38,map,medium_high
634,0,105.262,39,map,medium_high
634,0,71.612,40,motion,medium_high
634,0,33.838,41,large_dark,medium_high
634,0,70.018,42,map,medium_high
634,0,77.078,43,large_dark,medium_high
634,0,89.404,44,map,medium_high
635,1,2.121,1,large_dark,medium_high
635,1,7.826,2,appearance,medium_high
635,0,37.02,4,large_dark,medium_high
635,0,80.502,5,large_dark,medium_high
635,0,83.513,6,large_dark,medium_high
635,0,47.101,7,large_dark,medium_high
635,0,57.467,10,large_dark,medium_high
635,0,42.808,11,large_dark,medium_high
635,0,24.187,12,appearance,medium_high
635,0,49.543,13,large_dark,medium_high
635,0,63.957,14,large_dark,medium_high
635,0,60.0,15,map,medium_high
635,0,67.417,16,map,medium_high
635,0,108.632,17,map,medium_high
635,0,89.269,18,map,medium_high
635,0,125.686,19,map,medium_high
635,0,80.861,20,map,medium_high
635,0,104.809,21,map,medium_high
635,0,110.528,22,map,medium_high
635,0,95.189,23,motion,medium_high
635,0,122.679,24,motion,medium_high
635,0,114.588,25,motion,medium_high
635,0,84.504,26,map,medium_high
635,0,89.706,27,motion,medium_high
635,0,132.563,28,map,medium_high
635,0,54.521,29,large_dark,medium_high
635,0,83.014,30,motion,medium_high
635,0,90.427,31,motion,medium_high
635,0,109.738,32,map,medium_high
635,0,84.504,33,map,medium_high
635,0,102.482,34,map,medium_high
635,0,35.532,35,large_dark,medium_high
635,0,79.903,36,large_dark,medium_high
635,0,66.219,37,map,medium_high
635,0,90.579,38,map,medium_high
636,1,3.808,2,map,medium_high
636,1,0.0,3,map,medium_high
636,1,4.472,4,map,medium_high
636,0,42.107,5,large_dark,medium_high
636,0,82.298,6,large_dark,medium_high
636,0,88.014,7,motion,medium_high
636,0,88.566,8,large_dark,medium_high
636,0,55.036,9,large_dark,medium_high
636,0,92.655,10,large_dark,medium_high
636,0,25.298,11,large_dark,medium_high
636,0,28.784,12,appearance,medium_high
636,0,65.0,13,large_dark,medium_high
636,0,35.171,14,large_dark,medium_high
636,0,50.99,15,large_dark,medium_high
636,0,64.382,16,large_dark,medium_high
636,0,72.308,17,map,medium_high
636,0,80.29,18,map,medium_high
636,0,118.036,19,map,medium_high
636,0,130.363,20,map,medium_high
636,0,143.124,21,map,medium_high
636,0,51.58,22,map,medium_high
636,0,105.7,23,map,medium_high
636,0,70.859,24,map,medium_high
636,0,102.599,25,map,medium_high
636,0,75.819,26,map,medium_high
636,0,117.024,27,map,medium_high
636,0,96.408,28,map,medium_high
636,0,133.448,29,map,medium_high
636,0,97.949,30,map,medium_high
636,0,80.156,31,map,medium_high
636,0,108.27,32,map,medium_high
636,0,139.807,33,motion,medium_high
636,0,118.121,34,map,medium_high
636,0,116.52,35,map,medium_high
636,0,109.217,36,motion,medium_high
636,0,126.646,37,motion,medium_high
636,0,120.702,38,motion,medium_high
636,0,83.952,39,map,medium_high
636,0,133.855,40,motion,medium_high
636,0,94.512,41,map,medium_high
636,0,94.215,42,map,medium_high
636,0,108.491,43,motion,medium_high
636,0,83.762,44,map,medium_high
636,0,98.698,45,motion,medium_high
636,0,135.744,46,map,medium_high
636,0,75.581,47,map,medium_high
636,0,60.407,48,large_dark,medium_high
636,0,92.635,49,motion,medium_high
636,0,99.742,50,motion,medium_high
636,0,87.192,51,map,medium_high
636,0,93.622,52,map,medium_high
636,0,105.262,53,map,medium_high
636,0,33.838,54,large_dark,medium_high
636,0,114.004,55,map,medium_high
636,0,77.078,56,large_dark,medium_high
636,0,73.99,57,map,medium_high
636,0,123.556,58,map,medium_high
636,0,70.018,59,map,medium_high
636,0,89.404,60,map,medium_high
637,1,3.354,2,appearance,medium_high
637,1,0.0,3,map,medium_high
637,1,3.162,4,map,medium_high
637,0,42.426,5,large_dark,medium_high
637,0,51.039,6,large_dark,medium_high
637,0,85.921,7,map,medium_high
637,0,62.097,8,large_dark,medium_high
637,0,82.219,9,large_dark,medium_high
637,0,90.003,10,motion,medium_high
637,0,90.554,11,large_dark,medium_high
637,0,94.641,12,map,medium_high
637,0,27.83,14,appearance,medium_high
637,0,48.754,15,large_dark,medium_high
637,0,101.119,16,motion,medium_high
637,0,33.838,17,large_dark,medium_high
637,0,106.066,18,large_dark,medium_high
637,0,68.033,19,map,medium_high
637,0,85.866,20,map,medium_high
637,0,71.502,21,map,medium_high
637,0,63.151,22,large_dark,medium_high
637,0,65.276,23,large_dark,medium_high
637,0,81.194,24,map,medium_high
637,0,116.715,25,map,medium_high
637,0,90.38,26,map,medium_high
637,0,75.928,27,map,medium_high
637,0,117.501,28,map,medium_high
637,0,129.917,29,map,medium_high
637,0,142.977,30,map,medium_high
637,0,51.386,31,map,medium_high
637,0,105.425,32,map,medium_high
637,0,70.711,33,map,medium_high
637,0,102.237,34,map,medium_high
637,0,38.601,35,large_dark,medium_high
637,0,111.826,36,motion,medium_high
637,0,98.858,37,map,medium_high
637,0,104.788,38,motion,medium_high
637,0,139.918,39,motion,medium_high
637,0,118.29,40,map,medium_high
637,0,108.634,41,motion,medium_high
637,0,84.172,42,map,medium_high
637,0,133.717,43,motion,medium_high
637,0,95.103,44,map,medium_high
637,0,107.964,45,motion,medium_high
637,0,84.315,46,map,medium_high
637,0,128.565,47,map,medium_high
637,0,75.911,48,map,medium_high
637,0,87.92,49,map,medium_high
637,0,60.299,50,large_dark,medium_high
637,0,82.234,51,map,medium_high
637,0,93.862,52,map,medium_high
637,0,111.343,53,motion,medium_high
637,0,100.896,54,map,medium_high
637,0,76.368,55,large_dark,medium_high
637,0,34.409,56,large_dark,medium_high
637,0,78.959,57,map,medium_high
637,0,114.237,58,map,medium_high
637,0,124.952,59,map,medium_high
637,0,75.103,60,map,medium_high
637,0,135.518,61,map,medium_high
638,1,3.354,2,appearance,medium_high
638,1,2.236,3,map,medium_high
638,1,5.385,4,map,medium_high
638,0,42.426,5,large_dark,medium_high
638,0,62.097,6,large_dark,medium_high
638,0,87.02,7,map,medium_high
638,0,82.219,8,large_dark,medium_high
638,0,92.1,9,motion,medium_high
638,0,102.956,10,large_dark,medium_high
638,0,48.754,11,large_dark,medium_high
638,0,97.739,12,map,medium_high
638,0,27.83,14,appearance,medium_high
638,0,51.039,15,large_dark,medium_high
638,0,106.367,16,motion,medium_high
638,0,70.146,17,map,medium_high
638,0,33.106,18,large_dark,medium_high
638,0,63.151,19,large_dark,medium_high
638,0,113.283,20,large_dark,medium_high
638,0,88.549,21,map,medium_high
638,0,66.272,22,large_dark,medium_high
638,0,72.308,23,map,medium_high
638,0,38.601,24,large_dark,medium_high
638,0,82.526,25,map,medium_high
638,0,116.715,26,map,medium_high
638,0,90.38,27,map,medium_high
638,0,75.928,28,map,medium_high
638,0,117.501,29,map,medium_high
638,0,129.917,30,map,medium_high
638,0,142.977,31,map,medium_high
638,0,51.386,32,map,medium_high
638,0,105.425,33,map,medium_high
638,0,70.711,34,map,medium_high
638,0,102.237,35,map,medium_high
638,0,111.826,36,motion,medium_high
638,0,100.424,37,map,medium_high
638,0,103.414,38,motion,medium_high
638,0,139.918,39,motion,medium_high
638,0,118.29,40,map,medium_high
638,0,108.634,41,motion,medium_high
638,0,84.172,42,map,medium_high
638,0,133.717,43,motion,medium_high
638,0,95.103,44,map,medium_high
638,0,107.964,45,motion,medium_high
638,0,84.315,46,map,medium_high
638,0,128.565,47,map,medium_high
638,0,75.911,48,map,medium_high
638,0,89.308,49,map,medium_high
638,0,82.234,50,map,medium_high
638,0,76.368,51,large_dark,medium_high
638,0,93.862,52,map,medium_high
638,0,110.369,53,motion,medium_high
638,0,100.896,54,map,medium_high
638,0,81.942,55,map,medium_high
638,0,114.237,56,map,medium_high
638,0,124.952,57,map,medium_high
638,0,76.095,58,map,medium_high
638,0,135.518,59,map,medium_high
639,1,5.831,1,large_dark,medium_high
639,1,1.803,2,appearance,medium_high
639,0,56.754,5,large_dark,medium_high
639,0,38.328,6,large_dark,medium_high
639,0,41.231,7,large_dark,medium_high
639,0,52.54,8,appearance,medium_high
639,0,43.382,9,large_dark,medium_high
639,0,85.828,10,map,medium_high
639,0,105.802,11,large_dark,medium_high
639,0,98.509,12,map,medium_high
639,0,45.177,13,large_dark,medium_high
639,0,76.105,14,large_dark,medium_high
639,0,64.938,15,large_dark,medium_high
639,0,69.904,16,map,medium_high
639,0,60.828,17,large_dark,medium_high
639,0,109.179,18,motion,medium_high
639,0,34.67,19,large_dark,medium_high
639,0,88.102,20,map,medium_high
639,0,69.516,21,map,medium_high
639,0,118.089,22,large_dark,medium_high
639,0,59.506,23,map,medium_high
639,0,58.052,24,large_dark,medium_high
639,0,65.299,25,map,medium_high
639,0,66.562,26,map,medium_high
639,0,56.873,27,map,medium_high
639,0,107.541,28,map,medium_high
639,0,113.941,29,map,medium_high
639,0,90.312,30,motion,medium_high
639,0,87.135,31,map,medium_high
639,0,72.471,32,map,medium_high
639,0,108.674,33,motion,medium_high
639,0,98.795,34,motion,medium_high
639,0,127.098,35,map,medium_high
639,0,78.645,36,large_dark,medium_high
639,0,90.802,37,map,medium_high
639,0,81.428,38,map,medium_high
639,0,68.107,39,motion,medium_high
639,0,108.186,40,motion,medium_high
639,0,99.725,41,map,medium_high
639,0,83.298,42,map,medium_high
639,0,123.693,43,map,medium_high
639,0,134.172,44,map,medium_high
640,1,1.581,1,large_dark,medium_high
640,1,7.762,2,appearance,medium_high
640,0,49.624,5,large_dark,medium_high
640,0,36.366,6,large_dark,medium_high
640,0,40.478,7,large_dark,medium_high
640,0,42.45,8,appearance,medium_high
640,0,36.007,9,large_dark,medium_high
640,0,39.224,10,large_dark,medium_high
640,0,60.667,11,large_dark,medium_high
640,0,73.256,12,large_dark,medium_high
640,0,106.839,13,large_dark,medium_high
640,0,28.399,14,large_dark,medium_high
640,0,72.763,15,large_dark,medium_high
640,0,60.254,16,large_dark,medium_high
640,0,56.679,17,large_dark,medium_high
640,0,65.563,18,map,medium_high
640,0,72.211,19,map,medium_high
640,0,64.444,20,map,medium_high
640,0,61.392,21,map,medium_high
640,0,101.324,22,map,medium_high
640,0,94.542,23,motion,medium_high
640,0,81.502,24,large_dark,medium_high
640,0,67.978,25,motion,medium_high
641,1,2.236,1,large_dark,medium_high
641,1,2.693,4,appearance,medium_high
641,0,26.879,6,appearance,medium_high
641,0,29.707,7,appearance,medium_high
641,0,57.009,8,large_dark,medium_high
641,0,39.319,9,large_dark,medium_high
641,0,39.051,10,large_dark,medium_high
641,0,32.596,11,appearance,medium_high
641,0,49.015,12,appearance,medium_high
641,0,43.829,13,large_dark,medium_high
641,0,70.612,14,large_dark,medium_high
641,0,67.469,15,large_dark,medium_high
641,0,43.105,16,large_dark,medium_high
641,0,46.098,17,large_dark,medium_high
641,0,58.796,18,large_dark,medium_high
641,0,75.382,19,map,medium_high
641,0,36.62,20,large_dark,medium_high
641,0,76.105,21,large_dark,medium_high
641,0,75.425,22,large_dark,medium_high
641,0,102.774,23,map,medium_high
641,0,73.817,24,map,medium_high
641,0,56.045,25,map,medium_high
641,0,99.298,26,map,medium_high
641,0,146.48,27,map,medium_high
641,0,109.738,28,map,medium_high
641,0,87.261,29,map,medium_high
641,0,74.003,30,map,medium_high
641,0,111.306,31,motion,medium_high
641,0,57.775,32,map,medium_high
641,0,63.253,33,map,medium_high
641,0,67.413,34,map,medium_high
641,0,133.459,35,motion,medium_high
641,0,117.024,36,map,medium_high
641,0,55.682,37,map,medium_high
641,0,109.417,38,map,medium_high
641,0,128.983,39,motion,medium_high
641,0,140.943,40,motion,medium_high
641,0,89.17,41,motion,medium_high
641,0,89.177,42,map,medium_high
641,0,74.953,43,large_dark,medium_high
641,0,77.833,44,large_dark,medium_high
641,0,117.686,45,map,medium_high
641,0,68.37,46,motion,medium_high
641,0,86.026,47,map,medium_high
641,0,96.519,48,map,medium_high
642,1,0.0,1,map,medium_high
642,1,4.272,5,appearance,medium_high
642,0,39.459,7,large_dark,medium_high
642,0,53.852,8,large_dark,medium_high
642,0,30.7,9,appearance,medium_high
642,0,34.59,10,appearance,medium_high
642,0,40.2,11,large_dark,medium_high
642,0,38.053,12,large_dark,medium_high
642,0,40.249,13,large_dark,medium_high
642,0,73.756,14,large_dark,medium_high
642,0,67.469,15,large_dark,medium_high
642,0,48.508,16,large_dark,medium_high
642,0,59.414,17,large_dark,medium_high
642,0,78.208,18,map,medium_high
642,0,35.228,19,large_dark,medium_high
642,0,75.581,20,map,medium_high
642,0,44.181,21,large_dark,medium_high
642,0,77.798,22,map,medium_high
642,0,74.632,23,map,medium_high
642,0,91.49,24,map,medium_high
642,0,74.33,25,large_dark,medium_high
642,0,47.202,26,large_dark,medium_high
642,0,75.382,27,map,medium_high
642,0,105.87,28,map,medium_high
642,0,57.706,29,map,medium_high
642,0,119.852,30,map,medium_high
642,0,101.393,31,map,medium_high
642,0,102.774,32,map,medium_high
642,0,54.818,33,map,medium_high
642,0,97.949,34,map,medium_high
642,0,145.198,35,map,medium_high
642,0,108.483,36,map,medium_high
642,0,87.158,37,map,medium_high
642,0,73.366,38,map,medium_high
642,0,142.215,39,motion,medium_high
642,0,132.673,40,motion,medium_high
642,0,116.535,41,map,medium_high
642,0,62.29,42,large_dark,medium_high
642,0,122.492,43,motion,medium_high
642,0,127.846,44,motion,medium_high
642,0,139.718,45,motion,medium_high
642,0,94.882,46,map,medium_high
642,0,111.8,47,motion,medium_high
642,0,51.442,48,appearance,medium_high
642,0,128.456,49,map,medium_high
642,0,88.558,50,map,medium_high
642,0,79.246,51,large_dark,medium_high
642,0,74.25,52,large_dark,medium_high
642,0,118.964,53,map,medium_high
642,0,116.927,54,map,medium_high
642,0,90.898,55,map,medium_high
642,0,85.15,56,map,medium_high
642,0,135.22,57,motion,medium_high
642,0,96.26,58,map,medium_high
642,0,101.514,59,map,medium_high
643,1,2.55,1,large_dark,medium_high
643,1,3.354,2,appearance,medium_high
643,1,7.106,3,map,medium_high
643,0,37.02,6,large_dark,medium_high
643,0,48.647,8,large_dark,medium_high
643,0,36.014,9,appearance,medium_high
643,0,36.284,10,large_dark,medium_high
643,0,34.677,11,large_dark,medium_high
643,0,69.459,12,large_dark,medium_high
643,0,44.749,13,large_dark,medium_high
643,0,72.763,14,large_dark,medium_high
643,0,43.157,15,large_dark,medium_high
643,0,61.012,16,large_dark,medium_high
643,0,47.397,17,large_dark,medium_high
643,0,78.23,18,map,medium_high
643,0,44.57,19,large_dark,medium_high
643,0,69.76,20,map,medium_high
643,0,77.473,21,map,medium_high
643,0,93.349,22,map,medium_high
643,0,47.943,23,large_dark,medium_high
643,0,70.214,24,map,medium_high
643,0,100.648,25,map,medium_high
643,0,53.689,26,map,medium_high
643,0,59.435,27,large_dark,medium_high
643,0,115.135,28,map,medium_high
643,0,96.042,29,map,medium_high
643,0,99.045,30,map,medium_high
643,0,50.403,31,map,medium_high
643,0,92.804,32,map,medium_high
643,0,140.407,33,map,medium_high
643,0,103.846,34,map,medium_high
643,0,72.56,35,map,medium_high
643,0,87.681,36,map,medium_high
643,0,71.694,37,map,medium_high
643,0,138.031,38,motion,medium_high
643,0,130.243,39,motion,medium_high
643,0,115.412,40,map,medium_high
643,0,118.302,41,motion,medium_high
643,0,123.794,42,motion,medium_high
643,0,135.22,43,motion,medium_high
643,0,93.231,44,map,medium_high
643,0,107.728,45,motion,medium_high
643,0,80.352,46,large_dark,medium_high
643,0,126.002,47,map,medium_high
643,0,86.925,48,map,medium_high
643,0,54.427,49,appearance,medium_high
643,0,74.461,50,large_dark,medium_high
643,0,114.543,51,map,medium_high
643,0,114.632,52,map,medium_high
643,0,89.805,53,map,medium_high
643,0,82.377,54,map,medium_high
643,0,130.817,55,motion,medium_high
643,0,96.128,56,map,medium_high
643,0,101.304,57,map,medium_high
644,1,2.828,1,large_dark,medium_high
644,1,2.828,3,map,medium_high
644,0,40.792,4,large_dark,medium_high
644,0,51.662,5,large_dark,medium_high
644,0,47.461,8,appearance,medium_high
644,0,78.102,9,large_dark,medium_high
644,0,38.471,10,large_dark,medium_high
644,0,54.332,11,large_dark,medium_high
644,0,49.239,12,map,medium_high
644,0,46.53,13,large_dark,medium_high
644,0,49.649,14,large_dark,medium_high
644,0,47.202,15,large_dark,medium_high
644,0,56.886,16,large_dark,medium_high
644,0,38.21,17,large_dark,medium_high
644,0,33.541,18,large_dark,medium_high
644,0,57.306,19,large_dark,medium_high
644,0,60.836,20,map,medium_high
644,0,69.311,21,map,medium_high
644,0,62.933,22,map,medium_high
644,0,76.276,23,map,medium_high
644,0,80.352,24,map,medium_high
644,0,94.311,25,map,medium_high
644,0,75.382,26,map,medium_high
644,0,105.87,27,map,medium_high
644,0,57.706,28,map,medium_high
644,0,62.29,29,large_dark,medium_high
644,0,119.852,30,map,medium_high
644,0,52.173,31,large_dark,medium_high
644,0,102.774,32,map,medium_high
644,0,75.7,33,map,medium_high
644,0,56.045,34,large_dark,medium_high
644,0,142.215,35,motion,medium_high
644,0,122.492,36,motion,medium_high
644,0,79.246,37,large_dark,medium_high
644,0,94.882,38,map,medium_high
644,0,111.8,39,motion,medium_high
644,0,128.456,40,map,medium_high
644,0,60.879,41,appearance,medium_high
644,0,118.964,42,map,medium_high
644,0,94.723,43,map,medium_high
644,0,135.22,44,motion,medium_high
644,0,101.514,45,map,medium_high
645,1,4.243,1,large_dark,medium_high
645,0,41.593,3,large_dark,medium_high
645,0,52.887,4,large_dark,medium_high
645,0,45.853,5,appearance,medium_high
645,0,79.31,6,large_dark,medium_high
645,0,28.609,7,appearance,medium_high
645,0,39.825,8,large_dark,medium_high
645,0,82.462,9,large_dark,medium_high
645,0,55.227,10,large_dark,medium_high
645,0,47.434,11,large_dark,medium_high
645,0,47.011,12,large_dark,medium_high
645,0,39.115,13,large_dark,medium_high
645,0,60.208,14,large_dark,medium_high
645,0,34.886,15,large_dark,medium_high
645,0,59.506,16,map,medium_high
645,0,67.897,17,map,medium_high
645,0,62.948,18,map,medium_high
645,0,59.77,19,map,medium_high
645,0,63.198,20,large_dark,medium_high
645,0,53.759,21,large_dark,medium_high
645,0,60.415,22,large_dark,medium_high
645,0,42.297,23,large_dark,medium_high
645,0,79.209,24,large_dark,medium_high
645,0,57.28,25,large_dark,medium_high
646,1,1.0,1,large_dark,medium_high
646,0,40.522,2,large_dark,medium_high
646,0,46.325,3,large_dark,medium_high
646,0,42.385,4,appearance,medium_high
646,0,81.253,5,large_dark,medium_high
646,0,78.645,6,large_dark,medium_high
646,0,38.581,7,appearance,medium_high
646,0,59.841,9,large_dark,medium_high
646,0,27.659,10,large_dark,medium_high
646,0,30.806,11,large_dark,medium_high
646,0,55.731,12,large_dark,medium_high
646,0,49.578,13,large_dark,medium_high
646,0,67.175,14,map,medium_high
646,0,58.694,15,large_dark,medium_high
646,0,28.504,16,appearance,medium_high
646,0,33.377,17,large_dark,medium_high
646,0,31.016,18,large_dark,medium_high
646,0,50.249,19,large_dark,medium_high
646,0,61.522,20,map,medium_high
646,0,63.64,21,large_dark,medium_high
646,0,87.912,22,map,medium_high
646,0,84.537,23,map,medium_high
646,0,96.512,24,map,medium_high
646,0,90.477,25,map,medium_high
646,0,147.195,26,map,medium_high
646,0,74.515,27,map,medium_high
646,0,62.097,28,map,medium_high
646,0,87.284,29,map,medium_high
646,0,111.544,30,map,medium_high
646,0,121.807,31,map,medium_high
646,0,99.812,32,map,medium_high
646,0,131.795,33,map,medium_high
646,0,49.739,34,large_dark,medium_high
646,0,63.063,35,map,medium_high
646,0,63.032,36,large_dark,medium_high
646,0,72.125,37,map,medium_high
646,0,61.583,38,map,medium_high
646,0,42.755,39,large_dark,medium_high
646,0,137.463,40,motion,medium_high
646,0,81.468,41,large_dark,medium_high
646,0,117.72,42,motion,medium_high
646,0,84.903,43,map,medium_high
646,0,79.035,44,map,medium_high
646,0,64.517,45,map,medium_high
646,0,128.983,46,map,medium_high
646,0,71.449,47,large_dark,medium_high
646,0,108.786,48,map,medium_high
646,0,105.304,49,map,medium_high
647,1,0.0,1,large_dark,medium_high
647,1,3.0,2,appearance,medium_high
647,0,44.147,3,large_dark,medium_high
647,0,42.379,4,large_dark,medium_high
647,0,87.923,5,map,medium_high
647,0,38.269,6,appearance,medium_high
647,0,82.462,7,large_dark,medium_high
647,0,85.703,8,motion,medium_high
647,0,79.624,9,large_dark,medium_high
647,0,50.912,10,large_dark,medium_high
647,0,57.559,11,large_dark,medium_high
647,0,29.12,12,large_dark,medium_high
647,0,69.459,13,map,medium_high
647,0,63.64,14,map,medium_high
647,0,57.871,16,large_dark,medium_high
647,0,24.759,17,large_dark,medium_high
647,0,51.157,19,large_dark,medium_high
647,0,62.801,20,large_dark,medium_high
647,0,30.594,21,large_dark,medium_high
647,0,99.161,22,map,medium_high
647,0,63.325,23,map,medium_high
647,0,90.501,24,map,medium_high
647,0,91.72,25,map,medium_high
647,0,133.507,26,map,medium_high
647,0,106.024,27,map,medium_high
647,0,60.407,28,map,medium_high
647,0,86.501,29,map,medium_high
647,0,83.573,30,map,medium_high
647,0,95.501,31,map,medium_high
647,0,89.196,32,map,medium_high
647,0,146.671,33,map,medium_high
647,0,38.079,34,large_dark,medium_high
647,0,73.12,35,map,medium_high
647,0,86.675,36,map,medium_high
647,0,110.454,37,map,medium_high
647,0,130.614,38,map,medium_high
647,0,63.127,39,large_dark,medium_high
647,0,105.94,40,motion,medium_high
647,0,136.33,41,motion,medium_high
647,0,121.926,42,motion,medium_high
647,0,81.566,43,large_dark,medium_high
647,0,124.107,44,map,medium_high
647,0,125.419,45,motion,medium_high
647,0,83.537,46,map,medium_high
647,0,115.761,47,map,medium_high
647,0,78.259,48,map,medium_high
647,0,74.431,49,large_dark,medium_high
647,0,90.733,50,map,medium_high
647,0,82.961,51,map,medium_high
647,0,49.477,52,large_dark,medium_high
647,0,128.15,53,map,medium_high
647,0,70.576,54,large_dark,medium_high
647,0,112.688,55,map,medium_high
647,0,108.15,56,map,medium_high
647,0,104.389,57,map,medium_high
648,1,1.0,1,large_dark,medium_high
648,1,3.162,2,appearance,medium_high
648,0,43.174,3,large_dark,medium_high
648,0,42.72,4,large_dark,medium_high
648,0,92.046,5,map,medium_high
648,0,84.646,6,large_dark,medium_high
648,0,34.475,7,appearance,medium_high
648,0,51.624,8,large_dark,medium_high
648,0,89.889,9,motion,medium_high
648,0,28.862,10,large_dark,medium_high
648,0,56.569,11,large_dark,medium_high
648,0,67.175,12,map,medium_high
648,0,51.088,13,large_dark,medium_high
648,0,58.052,14,large_dark,medium_high
648,0,61.4,15,map,medium_high
648,0,61.984,16,large_dark,medium_high
648,0,98.793,19,map,medium_high
648,0,24.042,20,large_dark,medium_high
648,0,64.288,21,map,medium_high
648,0,88.513,22,map,medium_high
648,0,93.939,23,map,medium_high
648,0,133.36,24,map,medium_high
648,0,105.603,25,map,medium_high
648,0,85.852,26,map,medium_high
648,0,83.621,27,map,medium_high
648,0,95.501,28,map,medium_high
648,0,88.865,29,map,medium_high
648,0,147.073,30,map,medium_high
648,0,72.308,31,map,medium_high
648,0,87.02,32,map,medium_high
648,0,110.368,33,map,medium_high
648,0,130.419,34,map,medium_high
648,0,26.505,35,appearance,medium_high
648,0,63.891,36,large_dark,medium_high
648,0,106.312,37,motion,medium_high
648,0,136.195,38,motion,medium_high
648,0,121.926,39,motion,medium_high
648,0,32.985,40,large_dark,medium_high
648,0,74.545,41,large_dark,medium_high
648,0,123.671,42,map,medium_high
648,0,82.329,43,large_dark,medium_high
648,0,42.72,44,large_dark,medium_high
648,0,125.686,45,motion,medium_high
648,0,83.045,46,map,medium_high
648,0,115.111,47,map,medium_high
648,0,78.476,48,map,medium_high
648,0,90.236,49,map,medium_high
648,0,85.115,50,map,medium_high
648,0,128.314,51,map,medium_high
648,0,70.711,52,large_dark,medium_high
648,0,29.614,53,large_dark,medium_high
648,0,112.75,54,map,medium_high
648,0,108.473,55,map,medium_high
648,0,104.48,56,map,medium_high
649,1,5.0,1,large_dark,medium_high
649,1,3.606,2,appearance,medium_high
649,1,1.0,3,large_dark,medium_high
649,1,4.123,4,appearance,medium_high
649,0,42.202,5,large_dark,medium_high
649,0,42.72,6,large_dark,medium_high
649,0,94.987,7,map,medium_high
649,0,28.636,8,large_dark,medium_high
649,0,52.345,9,large_dark,medium_high
649,0,91.829,10,map,medium_high
649,0,94.541,11,motion,medium_high
649,0,55.579,12,large_dark,medium_high
649,0,52.154,13,large_dark,medium_high
649,0,28.844,14,large_dark,medium_high
649,0,67.897,15,map,medium_high
649,0,65.058,16,map,medium_high
649,0,60.017,17,large_dark,medium_high
649,0,59.304,18,map,medium_high
649,0,73.57,19,map,medium_high
649,0,97.09,20,map,medium_high
649,0,65.069,21,large_dark,medium_high
649,0,96.501,22,map,medium_high
649,0,107.935,23,map,medium_high
649,0,113.748,24,map,medium_high
649,0,133.66,25,map,medium_high
649,0,98.793,26,map,medium_high
649,0,65.521,27,map,medium_high
649,0,65.924,28,large_dark,medium_high
649,0,86.513,29,map,medium_high
649,0,105.603,30,map,medium_high
649,0,138.254,32,motion,medium_high
649,0,106.312,34,motion,medium_high
649,0,97.788,35,map,medium_high
649,0,129.184,36,map,medium_high
649,0,126.998,37,map,medium_high
649,0,122.053,38,motion,medium_high
649,0,116.726,39,map,medium_high
649,0,79.31,40,large_dark,medium_high
649,0,75.538,41,large_dark,medium_high
649,0,123.671,42,map,medium_high
649,0,112.478,43,motion,medium_high
649,0,86.721,44,map,medium_high
649,0,69.989,45,map,medium_high
649,0,114.16,46,map,medium_high
649,0,90.236,47,map,medium_high
649,0,27.893,48,large_dark,medium_high
649,0,112.75,49,map,medium_high
649,0,36.401,50,large_dark,medium_high
649,0,124.016,51,map,medium_high
650,1,5.0,1,large_dark,high
650,1,3.606,2,appearance,high
650,1,1.0,3,large_dark,high
650,1,5.099,4,appearance,high
650,0,42.202,5,large_dark,high
650,0,42.72,6,large_dark,high
650,0,28.636,7,large_dark,high
650,0,98.704,8,map,high
650,0,53.075,9,large_dark,high
650,0,52.154,10,large_dark,high
650,0,95.197,11,map,high
650,0,55.579,12,large_dark,high
650,0,28.844,13,large_dark,high
650,0,26.173,14,large_dark,high
650,0,66.91,15,map,high
650,0,65.069,16,large_dark,high
650,0,60.017,17,large_dark,high
650,0,99.952,18,map,high
650,0,70.036,19,large_dark,high
650,0,96.501,20,map,high
650,0,74.73,21,map,high
650,0,107.935,22,map,high
650,0,133.821,23,map,high
650,0,113.748,24,map,high
650,0,138.254,25,motion,high
650,0,79.31,26,large_dark,high
650,0,97.788,27,map,high
650,0,129.184,28,map,high
650,0,126.998,29,map,high
650,0,116.726,31,map,high
650,0,76.531,32,large_dark,high
650,0,112.478,33,motion,high
650,0,88.535,34,map,high
650,0,27.893,35,large_dark,high
650,0,75.621,36,map,high
650,0,124.016,37,map,high
651,1,4.924,1,large_dark,high
651,1,3.808,2,appearance,high
651,0,39.778,3,large_dark,high
651,0,34.63,4,appearance,high
651,0,43.27,5,large_dark,high
651,0,28.535,6,large_dark,high
651,0,54.187,7,large_dark,high
651,0,53.106,8,large_dark,high
651,0,102.31,9,map,high
651,0,101.308,10,map,high
651,0,55.725,11,map,high
651,0,98.444,12,map,high
651,0,56.932,13,large_dark,high
651,0,26.8,14,large_dark,high
651,0,102.967,15,map,high
651,0,32.191,16,large_dark,high
651,0,91.505,17,map,high
651,0,137.154,18,map,high
651,0,80.114,19,map,high
651,0,72.272,20,map,high
651,0,104.577,21,map,high
651,0,137.533,22,map,high
651,0,63.303,23,map,high
651,0,75.44,24,map,high
651,0,70.401,25,large_dark,high
651,0,24.13,26,large_dark,high
651,0,63.058,27,large_dark,high
651,0,66.845,28,large_dark,high
651,0,71.563,29,map,high
651,0,105.812,30,map,high
651,0,75.374,31,large_dark,high
651,0,96.5,32,map,high
651,0,65.843,33,map,high
651,0,121.22,34,motion,high
651,0,133.904,35,map,high
651,0,107.737,36,map,high
651,0,113.716,37,map,high
651,0,84.18,38,large_dark,high
651,0,75.804,39,map,high
651,0,138.371,40,motion,high
651,0,57.866,41,appearance,high
651,0,81.26,42,large_dark,high
651,0,139.561,43,map,high
651,0,97.521,44,map,high
651,0,92.419,45,map,high
651,0,129.43,46,map,high
651,0,127.131,47,map,high
651,0,116.5,48,map,high
651,0,25.48,49,large_dark,high
651,0,112.652,50,motion,high
651,0,119.504,51,map,high
651,0,73.981,52,map,high
651,0,81.432,53,map,high
651,0,124.025,54,map,high
652,1,2.062,1,large_dark,high
652,0,41.716,3,large_dark,high
652,0,35.584,4,appearance,high
652,0,29.568,5,large_dark,high
652,0,43.165,6,large_dark,high
652,0,55.653,7,large_dark,high
652,0,55.084,8,large_dark,high
652,0,106.257,9,motion,high
652,0,107.444,10,map,high
652,0,60.904,11,large_dark,high
652,0,29.262,12,large_dark,high
652,0,59.508,13,map,high
652,0,111.809,14,map,high
652,0,56.641,15,map,high
652,0,117.64,16,motion,high
652,0,107.337,17,map,high
652,0,109.171,18,map,high
652,0,104.777,19,map,high
652,0,86.54,20,map,high
652,0,66.002,21,large_dark,high
652,0,115.353,22,map,high
652,0,57.239,23,map,high
652,0,89.701,24,map,high
652,0,103.408,25,map,high
652,0,128.282,26,map,high
652,0,71.507,27,map,high
652,0,109.746,28,map,high
652,0,136.232,29,map,high
652,0,32.035,30,large_dark,high
652,0,81.008,31,map,high
652,0,73.125,32,map,high
652,0,104.806,33,map,high
652,0,137.678,34,map,high
652,0,66.568,35,map,high
652,0,90.001,36,large_dark,high
652,0,77.713,37,map,high
652,0,89.461,38,map,high
652,0,73.493,39,map,high
652,0,104.193,40,map,high
652,0,64.236,41,large_dark,high
652,0,80.039,42,map,high
652,0,122.989,43,motion,high
652,0,64.701,44,large_dark,high
652,0,72.479,45,large_dark,high
652,0,29.347,46,large_dark,high
652,0,129.059,47,motion,high
652,0,82.524,48,motion,high
652,0,61.5,49,appearance,high
652,0,87.001,50,large_dark,high
652,0,99.746,51,map,high
652,0,83.014,52,large_dark,high
652,0,137.743,53,map,high
652,0,94.838,54,map,high
652,0,82.5,55,map,high
652,0,28.377,57,large_dark,high
652,0,117.568,58,map,high
652,0,38.81,59,large_dark,high
652,0,74.641,60,map,high
653,1,2.062,1,large_dark,high
653,0,41.716,3,large_dark,high
653,0,32.73,4,appearance,high
653,0,43.165,5,large_dark,high
653,0,56.641,6,large_dark,high
653,0,55.084,7,large_dark,high
653,0,29.262,8,large_dark,high
653,0,59.534,9,native_map,high
653,0,58.917,10,large_dark,high
653,0,109.747,11,motion,high
653,0,111.325,12,map,high
653,0,64.236,13,large_dark,high
653,0,25.812,14,large_dark,high
653,0,57.925,15,map,high
653,0,117.283,16,map,high
653,0,66.002,17,large_dark,high
653,0,113.847,18,map,high
653,0,125.077,19,motion,high
653,0,90.001,20,large_dark,high
653,0,111.943,21,map,high
653,0,107.686,22,map,high
653,0,89.035,23,map,high
653,0,115.353,24,map,high
653,0,57.239,25,map,high
653,0,87.78,26,map,high
653,0,103.408,27,map,high
653,0,128.282,28,map,high
653,0,71.507,29,map,high
653,0,109.746,30,map,high
653,0,136.232,31,map,high
653,0,81.008,32,map,high
653,0,73.125,33,map,high
653,0,104.806,34,map,high
653,0,137.678,35,map,high
653,0,66.568,36,map,high
653,0,94.012,37,large_dark,high
653,0,77.713,38,map,high
653,0,89.461,39,map,high
653,0,73.493,40,map,high
653,0,104.193,41,map,high
653,0,32.035,42,large_dark,high
653,0,80.039,43,map,high
653,0,122.989,44,motion,high
653,0,64.701,45,large_dark,high
653,0,84.506,46,motion,high
653,0,129.059,47,motion,high
653,0,61.5,48,appearance,high
653,0,29.108,49,large_dark,high
653,0,103.674,50,map,high
653,0,137.743,51,map,high
653,0,27.354,52,large_dark,high
653,0,97.751,53,map,high
653,0,82.5,55,map,high
653,0,27.409,57,large_dark,high
653,0,38.81,58,large_dark,high
653,0,115.608,59,map,high
653,0,41.967,60,large_dark,high
653,0,75.46,61,map,high
654,1,3.202,1,large_dark,high
654,0,41.716,2,large_dark,high
654,0,54.948,3,large_dark,high
654,0,61.508,4,map,high
654,0,61.533,5,native_map,high
654,0,43.546,6,large_dark,high
654,0,59.044,7,large_dark,high
654,0,68.09,8,large_dark,high
654,0,32.928,9,large_dark,high
654,0,67.315,10,large_dark,high
654,0,117.797,11,map,high
654,0,28.04,12,large_dark,high
654,0,67.039,13,large_dark,high
654,0,124.6,14,map,high
654,0,62.787,15,large_dark,high
654,0,94.161,16,large_dark,high
654,0,113.941,17,motion,high
654,0,117.924,18,motion,high
654,0,94.41,19,map,high
654,0,24.703,20,large_dark,high
654,0,59.835,21,map,high
654,0,75.665,22,map,high
654,0,77.603,23,map,high
654,0,127.009,24,map,high
654,0,131.341,25,motion,high
654,0,116.543,26,map,high
654,0,83.9,27,map,high
654,0,96.532,28,motion,high
654,0,83.2,29,map,high
654,0,115.612,30,map,high
654,0,102.241,31,map,high
654,0,128.982,32,map,high
654,0,93.066,33,map,high
654,0,71.563,34,map,high
654,0,109.024,35,map,high
654,0,98.103,36,large_dark,high
654,0,112.641,37,motion,high
654,0,88.336,38,map,high
654,0,139.163,39,motion,high
654,0,78.805,40,map,high
654,0,127.927,41,map,high
654,0,106.519,42,map,high
654,0,86.523,43,motion,high
654,0,128.547,44,motion,high
654,0,63.453,45,appearance,high
654,0,65.416,46,large_dark,high
654,0,32.004,47,large_dark,high
654,0,27.409,48,large_dark,high
654,0,30.104,49,large_dark,high
654,0,84.595,50,motion,high
654,0,83.715,52,map,high
654,0,27.354,53,large_dark,high
654,0,143.848,55,map,high
654,0,42.933,56,large_dark,high
654,0,89.957,57,map,high
654,0,78.277,58,map,high
654,0,47.056,59,large_dark,high
655,1,3.202,1,large_dark,high
655,0,41.716,2,large_dark,high
655,0,62.508,3,native_map,high
655,0,54.948,4,large_dark,high
655,0,58.807,5,large_dark,high
655,0,67.039,6,large_dark,high
655,0,68.09,7,large_dark,high
655,0,63.626,8,native_map,high
655,0,43.546,9,large_dark,high
655,0,94.161,10,large_dark,high
655,0,71.213,11,large_dark,high
655,0,122.561,12,map,high
655,0,70.642,13,large_dark,high
655,0,32.928,14,large_dark,high
655,0,32.33,15,large_dark,high
655,0,96.97,16,map,high
655,0,97.29,17,large_dark,high
655,0,25.928,18,large_dark,high
655,0,130.082,19,map,high
655,0,60.508,20,map,high
655,0,76.735,21,map,high
655,0,77.603,22,map,high
655,0,127.009,23,map,high
655,0,116.543,24,map,high
655,0,83.9,25,map,high
655,0,122.772,26,motion,high
655,0,83.2,27,map,high
655,0,100.561,28,motion,high
655,0,93.066,29,map,high
655,0,112.641,30,motion,high
655,0,139.163,31,motion,high
655,0,138.89,32,motion,high
655,0,110.5,33,map,high
655,0,27.409,34,large_dark,high
655,0,65.416,35,large_dark,high
655,0,133.717,36,map,high
655,0,84.595,37,motion,high
655,0,32.004,38,large_dark,high
655,0,29.21,40,large_dark,high
655,0,143.848,41,map,high
655,0,45.125,42,large_dark,high
655,0,89.957,43,map,high
655,0,80.257,44,map,high
656,1,6.103,1,appearance,high
656,1,4.272,2,large_dark,high
656,0,41.488,5,large_dark,high
656,0,63.697,6,map,high
656,0,55.94,7,large_dark,high
656,0,68.178,8,large_dark,high
656,0,58.807,9,large_dark,high
656,0,70.002,10,large_dark,high
656,0,101.544,11,large_dark,high
656,0,64.694,12,large_dark,high
656,0,126.084,13,map,high
656,0,43.546,14,large_dark,high
656,0,96.376,15,large_dark,high
656,0,70.045,16,large_dark,high
656,0,81.995,17,map,high
656,0,62.66,18,map,high
656,0,74.204,19,large_dark,high
656,0,100.276,20,map,high
656,0,33.679,21,large_dark,high
656,0,54.647,22,large_dark,high
656,0,89.001,23,map,high
656,0,82.512,24,map,high
656,0,137.384,25,map,high
656,0,81.8,26,map,high
656,0,121.311,27,map,high
656,0,114.57,28,map,high
656,0,78.021,29,map,high
656,0,106.114,30,map,high
656,0,134.541,31,map,high
656,0,95.096,32,map,high
656,0,141.891,33,motion,high
656,0,78.653,34,map,high
656,0,33.56,35,large_dark,high
656,0,127.378,36,map,high
656,0,115.898,37,map,high
656,0,85.037,38,map,high
656,0,131.732,39,motion,high
656,0,125.109,40,motion,high
656,0,82.014,41,map,high
656,0,104.53,42,motion,high
656,0,29.602,43,large_dark,high
656,0,92.721,44,map,high
656,0,124.472,45,motion,high
656,0,146.021,46,motion,high
656,0,112.872,47,motion,high
656,0,128.445,48,motion,high
656,0,138.752,49,motion,high
656,0,91.647,50,motion,high
656,0,142.265,51,map,high
656,0,66.138,52,large_dark,high
656,0,85.231,53,motion,high
656,0,32.004,54,large_dark,high
656,0,30.203,55,large_dark,high
656,0,144.638,56,map,high
656,0,27.681,57,large_dark,high
656,0,91.226,58,map,high
656,0,96.754,59,map,high
657,1,4.472,2,large_dark,high
657,1,7.906,3,appearance,high
657,0,41.976,4,large_dark,high
657,0,28.302,6,large_dark,high
657,0,71.784,7,large_dark,high
657,0,68.033,8,map,high
657,0,68.622,9,large_dark,high
657,0,64.827,10,map,high
657,0,56.321,11,large_dark,high
657,0,87.132,12,large_dark,high
657,0,74.061,13,large_dark,high
657,0,135.624,14,map,high
657,0,61.294,15,large_dark,high
657,0,110.318,16,large_dark,high
657,0,129.757,17,map,high
657,0,101.274,18,motion,high
657,0,104.809,19,large_dark,high
657,0,65.058,20,map,high
657,0,45.122,21,large_dark,high
657,0,138.067,22,motion,high
657,0,122.868,23,map,high
657,0,98.615,24,large_dark,high
657,0,96.75,25,map,high
657,0,72.028,26,large_dark,high
657,0,137.873,27,motion,high
657,0,53.852,28,large_dark,high
657,0,132.439,29,map,high
657,0,118.737,30,map,high
657,0,103.581,31,map,high
657,0,91.304,32,map,high
657,0,83.358,33,map,high
657,0,87.376,34,map,high
657,0,85.677,35,map,high
657,0,94.085,36,motion,high
657,0,120.88,37,map,high
657,0,105.387,38,map,high
657,0,94.332,39,map,high
657,0,142.247,40,motion,high
657,0,99.403,41,motion,high
657,0,33.971,42,large_dark,high
657,0,108.915,43,map,high
657,0,29.12,44,large_dark,high
657,0,132.382,45,motion,high
657,0,80.638,46,map,high
657,0,125.357,47,motion,high
657,0,153.0,48,motion,high
657,0,124.04,49,motion,high
657,0,53.24,50,appearance,high
657,0,105.026,51,map,high
657,0,147.447,52,map,high
657,0,61.241,53,appearance,high
657,0,92.198,54,motion,high
657,0,67.209,55,large_dark,high
657,0,29.12,56,large_dark,high
657,0,37.736,57,large_dark,high
657,0,29.428,58,large_dark,high
657,0,97.745,59,map,high
658,1,4.472,2,large_dark,high
658,0,41.976,3,large_dark,high
658,0,25.298,5,large_dark,high
658,0,28.302,6,large_dark,high
658,0,71.784,7,large_dark,high
658,0,34.67,8,large_dark,high
658,0,87.132,9,large_dark,high
658,0,70.146,10,map,high
658,0,56.321,11,large_dark,high
658,0,90.427,12,large_dark,high
658,0,110.318,13,large_dark,high
658,0,74.061,14,large_dark,high
658,0,65.822,15,map,high
658,0,115.741,16,large_dark,high
658,0,103.385,17,motion,high
658,0,107.912,18,large_dark,high
658,0,139.517,19,map,high
658,0,77.058,20,large_dark,high
658,0,65.192,21,large_dark,high
658,0,65.761,22,map,high
658,0,45.122,23,large_dark,high
658,0,128.111,24,map,high
658,0,133.634,25,map,high
658,0,100.192,26,map,high
658,0,142.963,27,motion,high
658,0,137.674,28,motion,high
658,0,53.852,29,large_dark,high
658,0,132.439,30,map,high
658,0,103.581,31,map,high
658,0,122.868,32,map,high
658,0,92.707,33,map,high
658,0,95.047,34,motion,high
658,0,83.358,35,map,high
658,0,87.376,36,map,high
658,0,120.88,37,map,high
658,0,29.12,38,large_dark,high
658,0,105.387,39,map,high
658,0,94.332,40,map,high
658,0,142.247,41,motion,high
658,0,99.403,42,motion,high
658,0,108.915,43,map,high
658,0,132.382,44,motion,high
658,0,125.357,45,motion,high
658,0,67.209,46,large_dark,high
658,0,90.81,47,map,high
658,0,124.04,48,motion,high
658,0,33.242,49,large_dark,high
658,0,85.314,50,map,high
658,0,105.026,51,map,high
658,0,61.241,52,appearance,high
658,0,92.198,53,motion,high
658,0,156.985,54,motion,high
658,0,56.661,55,appearance,high
658,0,150.972,56,map,high
658,0,29.12,57,large_dark,high
658,0,37.736,58,large_dark,high
658,0,26.833,59,large_dark,high
658,0,37.643,60,large_dark,high
658,0,97.745,61,map,high
659,1,4.123,2,large_dark,high
659,0,42.953,4,large_dark,high
659,0,73.082,5,large_dark,high
659,0,92.195,6,large_dark,high
659,0,34.828,7,large_dark,high
659,0,35.511,8,large_dark,high
659,0,56.321,9,large_dark,high
659,0,120.416,10,large_dark,high
659,0,67.941,11,large_dark,high
659,0,89.627,12,large_dark,high
659,0,42.72,13,large_dark,high
659,0,108.27,14,map,high
659,0,78.313,15,large_dark,high
659,0,114.935,16,large_dark,high
659,0,133.404,17,map,high
659,0,69.3,18,map,high
659,0,104.94,19,map,high
659,0,59.211,20,large_dark,high
659,0,105.795,21,motion,high
659,0,142.285,22,map,high
659,0,45.706,23,large_dark,high
659,0,112.688,24,map,high
659,0,56.648,25,map,high
659,0,109.659,26,map,high
659,0,90.446,27,map,high
659,0,91.501,28,map,high
659,0,98.363,29,motion,high
659,0,70.615,30,map,high
659,0,110.015,31,motion,high
659,0,137.873,32,motion,high
659,0,96.083,33,motion,high
659,0,131.939,34,map,high
659,0,103.078,35,map,high
659,0,139.488,36,motion,high
659,0,86.675,37,map,high
659,0,29.12,38,large_dark,high
659,0,100.225,39,motion,high
659,0,108.002,40,map,high
659,0,104.845,41,map,high
659,0,95.794,42,map,high
659,0,63.186,43,appearance,high
659,0,58.86,44,native_map,high
659,0,89.647,45,map,high
659,0,53.74,46,large_dark,high
659,0,29.411,47,large_dark,high
659,0,49.193,48,large_dark,high
659,0,59.552,49,appearance,high
659,0,29.069,50,large_dark,high
659,0,36.62,51,large_dark,high
659,0,26.907,52,large_dark,high
659,0,36.77,53,large_dark,high
659,0,101.308,54,motion,high
660,1,4.123,1,large_dark,high
660,0,25.08,4,large_dark,high
660,0,73.082,5,large_dark,high
660,0,42.953,6,large_dark,high
660,0,92.195,7,large_dark,high
660,0,78.313,8,large_dark,high
660,0,95.567,9,large_dark,high
660,0,120.416,10,large_dark,high
660,0,125.718,11,large_dark,high
660,0,34.828,12,large_dark,high
660,0,67.941,13,large_dark,high
660,0,81.394,14,large_dark,high
660,0,56.321,15,large_dark,high
660,0,111.591,16,map,high
660,0,40.361,17,large_dark,high
660,0,60.208,18,large_dark,high
660,0,41.049,19,large_dark,high
660,0,70.714,20,map,high
660,0,108.418,21,map,high
660,0,138.609,22,map,high
660,0,71.207,23,map,high
660,0,98.363,24,motion,high
660,0,45.706,25,large_dark,high
660,0,112.688,26,map,high
660,0,56.648,27,map,high
660,0,91.392,28,map,high
660,0,109.659,29,map,high
660,0,90.512,30,map,high
660,0,110.015,31,motion,high
660,0,29.12,32,large_dark,high
660,0,139.488,33,motion,high
660,0,58.86,34,native_map,high
660,0,29.411,35,large_dark,high
660,0,53.74,36,large_dark,high
660,0,50.931,37,large_dark,high
660,0,49.193,38,large_dark,high
660,0,51.624,39,large_dark,high
660,0,28.844,40,large_dark,high
660,0,101.308,41,motion,high
660,0,36.878,42,large_dark,high
661,1,4.272,2,large_dark,high
661,0,75.56,3,large_dark,high
661,0,30.004,5,large_dark,high
661,0,101.263,6,large_dark,high
661,0,42.264,7,large_dark,high
661,0,82.802,8,large_dark,high
661,0,131.819,9,large_dark,high
661,0,94.711,10,large_dark,high
661,0,69.016,11,large_dark,high
661,0,35.217,12,large_dark,high
661,0,91.281,13,map,high
661,0,124.086,14,large_dark,high
661,0,117.793,15,motion,high
661,0,75.221,16,map,high
661,0,42.898,17,large_dark,high
661,0,74.668,18,map,high
661,0,60.706,19,large_dark,high
661,0,98.327,20,map,high
661,0,47.056,21,large_dark,high
661,0,111.572,22,map,high
661,0,65.622,23,large_dark,high
661,0,142.555,24,map,high
661,0,55.823,25,large_dark,high
661,0,84.63,26,map,high
661,0,69.959,27,large_dark,high
661,0,95.688,28,map,high
661,0,105.14,29,motion,high
661,0,122.504,30,map,high
661,0,119.763,31,map,high
661,0,46.607,32,large_dark,high
661,0,87.248,33,map,high
661,0,30.842,34,large_dark,high
661,0,112.611,35,map,high
661,0,57.195,36,map,high
661,0,122.431,37,motion,high
661,0,72.32,38,map,high
661,0,91.871,39,map,high
661,0,109.34,40,map,high
661,0,98.572,41,motion,high
661,0,89.857,42,map,high
661,0,117.976,43,motion,high
661,0,110.691,44,motion,high
661,0,139.163,45,motion,high
661,0,115.695,46,motion,high
661,0,89.522,47,map,high
661,0,138.189,48,map,high
661,0,123.52,49,map,high
661,0,122.038,50,motion,high
661,0,107.912,51,motion,high
661,0,59.298,52,native_map,high
661,0,96.547,53,map,high
661,0,54.095,54,large_dark,high
661,0,29.568,55,large_dark,high
661,0,50.559,56,large_dark,high
661,0,47.257,57,large_dark,high
661,0,47.056,58,large_dark,high
661,0,50.855,59,large_dark,high
661,0,107.517,60,motion,high
661,0,53.537,61,large_dark,high
661,0,101.0,62,motion,high
662,0,41.773,1,large_dark,high
662,1,4.123,2,large_dark,high
662,0,25.632,3,large_dark,high
662,0,78.102,4,large_dark,high
662,0,111.018,6,large_dark,high
662,0,88.284,7,large_dark,high
662,0,106.042,8,large_dark,high
662,0,70.093,9,large_dark,high
662,0,97.268,10,large_dark,high
662,0,99.32,11,map,high
662,0,137.786,12,large_dark,high
662,0,92.339,13,map,high
662,0,85.159,14,large_dark,high
662,0,57.315,15,large_dark,high
662,0,128.501,16,map,high
662,0,79.916,17,map,high
662,0,127.816,18,large_dark,high
662,0,74.823,19,map,high
662,0,106.764,20,map,high
662,0,119.331,21,motion,high
662,0,41.869,22,large_dark,high
662,0,114.631,23,motion,high
662,0,79.398,24,map,high
662,0,102.218,25,map,high
662,0,71.449,26,large_dark,high
662,0,101.037,27,map,high
662,0,123.501,28,map,high
662,0,95.971,29,motion,high
662,0,91.458,30,map,high
662,0,94.66,31,map,high
662,0,50.99,32,large_dark,high
662,0,110.328,33,motion,high
662,0,79.177,34,map,high
662,0,65.123,35,large_dark,high
662,0,129.314,36,map,high
662,0,85.244,37,map,high
662,0,61.66,38,map,high
662,0,98.145,39,map,high
662,0,113.864,40,map,high
662,0,46.53,41,large_dark,high
662,0,119.604,42,map,high
662,0,83.92,43,motion,high
662,0,92.962,44,motion,high
662,0,88.116,45,map,high
662,0,28.16,46,large_dark,high
662,0,73.147,47,motion,high
662,0,93.704,48,map,high
662,0,129.107,49,map,high
662,0,61.205,50,large_dark,high
662,0,123.167,51,motion,high
662,0,94.921,52,motion,high
662,0,118.42,53,motion,high
662,0,134.798,54,motion,high
662,0,122.965,55,motion,high
662,0,32.28,56,large_dark,high
662,0,117.712,57,motion,high
662,0,126.856,58,motion,high
662,0,105.927,59,map,high
662,0,118.324,60,motion,high
662,0,89.121,61,map,high
662,0,115.354,62,motion,high
662,0,59.737,63,native_map,high
662,0,138.869,64,map,high
662,0,122.909,65,map,high
662,0,122.886,66,motion,high
662,0,108.117,67,motion,high
662,0,30.083,68,large_dark,high
662,0,56.307,69,appearance,high
662,0,101.541,70,motion,high
662,0,53.74,71,large_dark,high
662,0,103.53,72,map,high
662,0,48.795,73,large_dark,high
662,0,47.885,74,large_dark,high
662,0,47.707,75,large_dark,high
662,0,107.277,76,motion,high
662,0,52.697,77,large_dark,high
663,0,25.632,1,large_dark,high
663,1,4.123,2,large_dark,high
663,0,78.102,3,large_dark,high
663,0,111.018,4,large_dark,high
663,0,70.093,5,large_dark,high
663,0,116.692,6,large_dark,high
663,0,41.773,7,large_dark,high
663,0,88.284,8,large_dark,high
663,0,91.591,10,large_dark,high
663,0,102.599,11,map,high
663,0,92.997,12,map,high
663,0,142.443,13,large_dark,high
663,0,132.229,14,map,high
663,0,71.449,15,large_dark,high
663,0,80.7,16,map,high
663,0,112.029,17,map,high
663,0,120.54,18,motion,high
663,0,81.566,19,map,high
663,0,74.381,20,map,high
663,0,114.443,21,motion,high
663,0,104.902,22,map,high
663,0,47.424,23,large_dark,high
663,0,105.795,24,map,high
663,0,123.501,25,map,high
663,0,94.66,26,map,high
663,0,79.177,27,map,high
663,0,28.16,28,large_dark,high
663,0,46.53,29,large_dark,high
663,0,85.244,30,map,high
663,0,129.314,31,map,high
663,0,61.66,32,map,high
663,0,101.037,33,map,high
663,0,57.315,34,large_dark,high
663,0,113.864,35,map,high
663,0,119.604,36,map,high
663,0,93.126,37,map,high
663,0,83.92,38,motion,high
663,0,88.116,39,map,high
663,0,73.147,40,motion,high
663,0,95.103,41,map,high
663,0,129.107,42,map,high
663,0,101.944,43,motion,high
663,0,123.167,44,motion,high
663,0,94.921,45,motion,high
663,0,118.42,46,motion,high
663,0,134.798,47,motion,high
663,0,122.965,48,motion,high
663,0,117.712,49,motion,high
663,0,126.856,50,motion,high
663,0,105.927,51,map,high
663,0,59.737,52,native_map,high
663,0,32.28,53,large_dark,high
663,0,118.324,54,motion,high
663,0,115.354,55,motion,high
663,0,30.083,56,large_dark,high
663,0,65.123,57,large_dark,high
663,0,138.869,58,map,high
663,0,122.909,59,map,high
663,0,122.886,60,motion,high
663,0,88.693,61,map,high
663,0,108.117,62,motion,high
663,0,101.541,63,motion,high
663,0,53.74,64,large_dark,high
663,0,60.601,65,appearance,high
663,0,50.931,66,large_dark,high
663,0,47.885,67,large_dark,high
663,0,44.598,68,large_dark,high
663,0,110.501,69,map,high
663,0,49.396,70,large_dark,high
663,0,49.204,71,large_dark,high
663,0,107.277,72,motion,high
664,0,43.246,1,large_dark,high
664,1,4.272,2,large_dark,high
664,0,28.324,3,large_dark,high
664,0,81.488,4,large_dark,high
664,0,122.259,5,map,high
664,0,68.347,6,large_dark,high
664,0,94.256,7,large_dark,high
664,0,78.748,8,large_dark,high
664,0,116.216,9,large_dark,high
664,0,90.704,10,large_dark,high
664,0,84.683,11,map,high
664,0,106.87,12,map,high
664,0,106.561,14,map,high
664,0,56.818,15,large_dark,high
664,0,73.056,16,large_dark,high
664,0,29.904,17,large_dark,high
664,0,125.902,18,motion,high
664,0,136.452,19,map,high
664,0,82.778,20,map,high
664,0,60.797,21,large_dark,high
664,0,118.158,22,map,high
664,0,115.383,23,map,high
664,0,79.601,24,map,high
664,0,82.069,25,map,high
664,0,104.533,26,map,high
664,0,114.536,27,motion,high
664,0,108.422,28,map,high
664,0,100.286,29,map,high
664,0,95.448,30,map,high
664,0,74.473,31,map,high
664,0,54.233,32,map,high
664,0,123.504,33,map,high
664,0,131.527,34,map,high
664,0,101.436,35,map,high
664,0,94.585,36,map,high
664,0,79.889,37,map,high
664,0,101.1,38,motion,high
664,0,129.218,39,map,high
664,0,63.145,40,map,high
664,0,96.204,41,map,high
664,0,113.689,42,map,high
664,0,136.825,43,motion,high
664,0,127.883,44,motion,high
664,0,123.086,45,motion,high
664,0,84.654,46,motion,high
664,0,113.368,47,map,high
664,0,31.149,48,large_dark,high
664,0,73.866,49,motion,high
664,0,98.995,50,motion,high
664,0,129.943,51,map,high
664,0,46.328,52,large_dark,high
664,0,61.059,53,native_map,high
664,0,94.632,54,motion,high
664,0,119.199,55,motion,high
664,0,135.577,56,motion,high
664,0,122.675,57,motion,high
664,0,40.028,58,large_dark,high
664,0,108.061,59,motion,high
664,0,126.646,60,motion,high
664,0,57.559,61,appearance,high
664,0,101.337,62,motion,high
664,0,47.647,63,large_dark,high
664,0,53.388,64,large_dark,high
664,0,64.624,65,appearance,high
664,0,47.056,66,large_dark,high
664,0,50.202,67,large_dark,high
665,0,29.904,1,large_dark,high
665,0,28.324,2,large_dark,high
665,1,4.272,3,large_dark,high
665,0,68.347,4,large_dark,high
665,0,81.488,5,large_dark,high
665,0,94.256,6,large_dark,high
665,0,43.246,7,large_dark,high
665,0,128.336,8,map,high
665,0,97.628,9,large_dark,high
665,0,120.98,10,large_dark,high
665,0,73.056,11,large_dark,high
665,0,84.595,12,map,high
665,0,110.396,13,map,high
665,0,84.96,14,map,high
665,0,132.922,15,motion,high
665,0,106.477,16,map,high
665,0,122.148,17,map,high
665,0,95.448,18,map,high
665,0,54.233,19,map,high
665,0,79.883,20,map,high
665,0,131.527,21,map,high
665,0,104.873,22,map,high
665,0,56.818,23,large_dark,high
665,0,101.1,24,motion,high
665,0,61.059,25,native_map,high
665,0,53.388,26,large_dark,high
665,0,102.505,27,map,high
665,0,136.825,28,motion,high
665,0,123.086,29,motion,high
665,0,31.149,30,large_dark,high
665,0,98.995,31,motion,high
665,0,40.028,32,large_dark,high
665,0,46.328,33,large_dark,high
665,0,130.614,34,motion,high
665,0,121.43,35,map,high
665,0,62.787,36,large_dark,high
665,0,47.647,37,large_dark,high
665,0,61.66,38,appearance,high
666,0,30.663,1,large_dark,high
666,0,69.096,2,large_dark,high
666,0,25.773,3,large_dark,high
666,1,4.031,4,large_dark,high
666,1,4.61,5,appearance,high
666,0,31.149,6,large_dark,high
666,0,85.078,7,large_dark,high
666,0,100.654,8,map,high
666,0,43.246,9,large_dark,high
666,0,134.269,10,map,high
666,0,96.893,11,large_dark,high
666,0,92.181,12,map,high
666,0,56.721,13,large_dark,high
666,0,73.056,14,large_dark,high
666,0,131.009,15,map,high
666,0,111.496,16,map,high
666,0,118.141,17,map,high
666,0,84.275,18,map,high
666,0,85.33,19,map,high
666,0,140.073,20,motion,high
666,0,88.63,21,map,high
666,0,110.61,22,motion,high
666,0,52.69,23,large_dark,high
666,0,109.505,24,map,high
666,0,114.696,25,map,high
666,0,107.978,26,map,high
666,0,70.45,27,map,high
666,0,108.518,28,map,high
666,0,97.971,29,map,high
666,0,57.656,30,map,high
666,0,91.001,31,map,high
666,0,133.076,32,map,high
666,0,112.424,33,map,high
666,0,62.155,34,map,high
666,0,62.835,35,native_map,high
666,0,94.458,36,map,high
666,0,97.766,37,motion,high
666,0,131.192,38,map,high
666,0,129.812,39,map,high
666,0,106.36,40,motion,high
666,0,102.241,41,motion,high
666,0,136.94,42,motion,high
666,0,136.62,43,motion,high
666,0,29.887,44,large_dark,high
666,0,122.907,45,motion,high
666,0,130.082,46,map,high
666,0,80.798,47,map,high
666,0,98.732,48,motion,high
666,0,46.22,49,large_dark,high
666,0,47.024,50,large_dark,high
666,0,33.049,51,large_dark,high
666,0,106.204,52,map,high
666,0,133.754,53,motion,high
666,0,47.183,54,large_dark,high
666,0,39.029,55,large_dark,high
666,0,129.755,56,map,high
666,0,120.587,57,map,high
666,0,57.055,58,map,high
666,0,65.49,59,appearance,high
666,0,58.807,60,appearance,high
667,0,30.871,1,large_dark,high
667,0,43.738,2,large_dark,high
667,0,68.442,3,large_dark,high
667,0,28.16,4,large_dark,high
667,1,4.0,5,large_dark,high
667,0,88.685,6,large_dark,high
667,0,109.144,7,map,high
667,1,5.701,8,appearance,high
667,0,102.485,9,motion,high
667,0,33.526,10,large_dark,high
667,0,97.788,11,map,high
667,0,73.682,12,large_dark,high
667,0,90.824,13,map,high
667,0,88.817,14,motion,high
667,0,99.459,15,large_dark,high
667,0,140.118,16,map,high
667,0,58.215,17,large_dark,high
667,0,58.822,18,large_dark,high
667,0,62.129,19,large_dark,high
667,0,117.96,20,map,high
667,0,136.428,21,map,high
667,0,146.077,22,map,high
667,0,114.998,23,map,high
667,0,93.6,24,map,high
667,0,119.854,25,motion,high
667,0,84.155,26,map,high
667,0,58.694,27,map,high
667,0,62.65,28,map,high
667,0,75.213,29,map,high
667,0,118.29,30,map,high
667,0,112.314,31,motion,high
667,0,124.107,32,map,high
667,0,110.293,33,map,high
667,0,62.169,34,map,high
667,0,99.298,35,map,high
667,0,117.68,36,map,high
667,0,64.176,37,native_map,high
667,0,46.669,38,large_dark,high
667,0,117.768,39,motion,high
667,0,146.741,40,motion,high
667,0,71.281,41,map,high
667,0,98.166,42,map,high
667,0,108.556,43,map,high
667,0,130.146,44,motion,high
667,0,91.81,45,map,high
667,0,133.034,46,map,high
667,0,117.637,47,map,high
667,0,102.189,48,map,high
667,0,119.551,49,motion,high
667,0,97.367,50,motion,high
667,0,91.981,51,map,high
667,0,105.845,52,motion,high
667,0,124.064,53,motion,high
667,0,112.75,54,motion,high
667,0,141.826,55,motion,high
667,0,98.603,56,motion,high
667,0,142.858,57,map,high
667,0,90.157,58,motion,high
667,0,106.18,59,motion,high
667,0,137.402,60,motion,high
667,0,29.411,61,large_dark,high
667,0,137.377,62,map,high
667,0,103.356,63,motion,high
667,0,42.202,64,large_dark,high
667,0,133.366,65,map,high
667,0,41.037,66,large_dark,high
667,0,46.174,67,large_dark,high
667,0,34.482,68,large_dark,high
667,0,46.957,69,large_dark,high
667,0,38.21,70,large_dark,high
667,0,44.181,71,large_dark,high
667,0,102.149,72,motion,high
667,0,120.839,73,map,high
667,0,59.076,74,large_dark,high
667,0,85.921,75,map,high
667,0,61.008,76,map,high
667,0,60.667,77,appearance,high
668,0,30.871,1,large_dark,high
668,0,43.738,2,large_dark,high
668,0,28.16,3,large_dark,high
668,1,4.0,4,large_dark,high
668,0,68.768,5,large_dark,high
668,0,88.685,6,large_dark,high
668,0,109.768,7,large_dark,high
668,0,91.662,8,large_dark,high
668,0,114.806,9,map,high
668,0,73.682,10,large_dark,high
668,1,5.701,11,appearance,high
668,0,105.642,12,motion,high
668,0,99.812,13,map,high
668,0,58.215,14,large_dark,high
668,0,91.0,15,map,high
668,0,58.822,16,large_dark,high
668,0,91.665,17,motion,high
668,0,61.131,18,large_dark,high
668,0,145.413,19,map,high
668,0,56.303,20,large_dark,high
668,0,122.754,21,map,high
668,0,66.068,22,large_dark,high
668,0,118.796,23,map,high
668,0,64.176,24,native_map,high
668,0,141.289,25,map,high
668,0,153.638,26,map,high
668,0,58.694,27,map,high
668,0,62.65,28,map,high
668,0,118.29,29,map,high
668,0,76.609,30,map,high
668,0,95.802,31,map,high
668,0,110.293,32,map,high
668,0,114.98,33,motion,high
668,0,99.298,34,map,high
668,0,62.169,35,map,high
668,0,117.68,36,map,high
668,0,71.281,37,map,high
668,0,108.556,38,map,high
668,0,99.058,39,map,high
668,0,126.905,40,motion,high
668,0,91.81,41,map,high
668,0,133.034,42,map,high
668,0,121.871,43,map,high
668,0,83.57,44,map,high
668,0,104.883,45,map,high
668,0,119.551,46,motion,high
668,0,96.831,47,motion,high
668,0,91.981,48,map,high
668,0,106.664,49,motion,high
668,0,124.064,50,motion,high
668,0,112.75,51,motion,high
668,0,98.603,52,motion,high
668,0,141.826,53,motion,high
668,0,41.773,54,large_dark,high
668,0,124.64,55,motion,high
668,0,47.413,56,large_dark,high
668,0,90.157,57,motion,high
668,0,129.47,58,map,high
668,0,106.18,59,motion,high
668,0,29.411,60,large_dark,high
668,0,147.225,61,motion,high
668,0,137.402,62,motion,high
668,0,137.743,63,motion,high
668,0,103.356,64,motion,high
668,0,151.104,65,map,high
668,0,133.366,66,map,high
668,0,144.231,67,map,high
668,0,36.056,68,large_dark,high
668,0,46.271,69,large_dark,high
668,0,44.181,70,large_dark,high
668,0,102.149,71,motion,high
668,0,120.839,72,map,high
668,0,85.921,73,map,high
668,0,59.076,74,large_dark,high
668,0,62.129,75,large_dark,high
668,0,65.008,76,map,high
668,0,62.662,77,appearance,high
668,0,42.202,78,large_dark,high
669,0,31.325,1,large_dark,high
669,0,43.832,2,large_dark,high
669,0,30.516,3,large_dark,high
669,0,117.487,4,map,high
669,0,73.616,5,large_dark,high
669,0,93.932,6,large_dark,high
669,1,4.61,7,large_dark,high
669,0,114.005,8,large_dark,high
669,0,91.051,9,large_dark,high
669,0,110.581,10,motion,high
669,0,121.273,11,map,high
669,0,109.547,12,motion,high
669,0,106.964,13,map,high
669,0,57.177,14,large_dark,high
669,0,93.692,15,motion,high
669,0,102.753,16,map,high
669,0,126.219,17,map,high
669,0,59.23,18,large_dark,high
669,0,92.159,19,map,high
669,0,129.674,20,map,high
669,0,61.247,21,large_dark,high
669,0,56.721,22,large_dark,high
669,0,95.033,23,motion,high
669,0,65.094,24,large_dark,high
669,0,53.77,25,large_dark,high
669,0,98.409,26,map,high
669,0,80.401,27,map,high
669,0,64.399,28,native_map,high
669,0,131.534,29,map,high
669,0,159.883,30,map,high
669,0,61.166,31,map,high
669,0,65.744,32,map,high
669,0,82.579,33,map,high
669,0,114.027,34,map,high
669,0,76.709,35,map,high
669,0,121.001,36,motion,high
669,0,63.571,37,map,high
669,0,119.261,38,map,high
669,0,118.179,39,motion,high
669,0,121.084,40,motion,high
669,0,106.425,41,map,high
669,0,100.276,42,map,high
669,0,118.238,43,map,high
669,0,134.0,44,motion,high
669,0,107.63,45,map,high
669,0,120.566,46,motion,high
669,0,134.66,47,motion,high
669,0,97.255,48,motion,high
669,0,91.942,49,map,high
669,0,42.606,50,large_dark,high
669,0,108.467,51,motion,high
669,0,97.201,52,motion,high
669,0,124.536,53,motion,high
669,0,113.187,54,motion,high
669,0,142.581,55,motion,high
669,0,28.306,56,large_dark,high
669,0,91.14,57,motion,high
669,0,143.148,58,motion,high
669,0,103.664,59,motion,high
669,0,146.268,60,motion,high
669,0,157.179,61,map,high
669,0,29.971,62,large_dark,high
669,0,108.334,63,motion,high
669,0,102.539,64,motion,high
669,0,44.78,65,large_dark,high
669,0,90.732,66,map,high
669,0,61.703,67,large_dark,high
669,0,86.523,68,map,high
669,0,65.774,69,large_dark,high
670,0,31.325,1,large_dark,high
670,0,43.832,2,large_dark,high
670,0,30.516,3,large_dark,high
670,0,119.068,4,large_dark,high
670,0,122.259,5,map,high
670,0,73.616,6,large_dark,high
670,0,93.932,7,large_dark,high
670,1,4.61,8,large_dark,high
670,0,112.784,9,motion,high
670,0,96.831,10,large_dark,high
670,0,110.888,11,map,high
670,0,57.177,12,large_dark,high
670,0,59.23,13,large_dark,high
670,0,137.918,14,map,high
670,0,130.182,15,map,high
670,0,96.583,16,motion,high
670,0,61.1,17,large_dark,high
670,0,64.399,18,native_map,high
670,0,82.403,19,map,high
670,0,54.802,20,large_dark,high
670,0,131.534,21,map,high
670,0,100.614,22,map,high
670,0,61.873,23,map,high
670,0,65.744,24,map,high
670,0,82.579,25,map,high
670,0,76.709,26,map,high
670,0,106.425,27,map,high
670,0,116.01,28,map,high
670,0,123.828,29,motion,high
670,0,134.0,30,motion,high
670,0,125.009,31,motion,high
670,0,28.306,32,large_dark,high
670,0,97.201,33,motion,high
670,0,42.606,34,large_dark,high
670,0,41.488,35,large_dark,high
670,0,149.443,36,motion,high
670,0,108.334,37,motion,high
670,0,44.78,38,large_dark,high
670,0,91.855,39,map,high
670,0,61.703,40,large_dark,high
671,0,31.977,1,large_dark,high
671,0,30.7,2,map,high
671,0,73.12,3,large_dark,high
671,0,129.449,4,map,high
671,0,123.071,5,large_dark,high
671,0,44.142,6,large_dark,high
671,0,119.852,7,motion,high
671,1,4.472,8,appearance,high
671,1,4.743,9,large_dark,high
671,0,95.794,10,large_dark,high
671,0,37.316,11,large_dark,high
671,0,99.652,12,large_dark,high
671,0,115.434,13,motion,high
671,0,115.451,14,map,high
671,0,58.673,15,large_dark,high
671,0,99.062,16,motion,high
671,0,135.724,17,map,high
671,0,58.945,18,large_dark,high
671,0,62.229,19,map,high
671,0,61.6,20,large_dark,high
671,0,86.131,21,map,high
671,0,141.382,22,map,high
671,0,99.501,23,motion,high
671,0,81.123,24,map,high
671,0,66.547,25,large_dark,high
671,0,65.742,26,native_map,high
671,0,146.083,27,map,high
671,0,69.156,28,map,high
671,0,137.058,29,map,high
671,0,80.654,30,map,high
671,0,114.983,31,map,high
671,0,122.004,32,map,high
671,0,63.675,33,map,high
671,0,132.412,34,map,high
671,0,83.863,35,map,high
671,0,77.414,36,map,high
671,0,102.416,37,map,high
671,0,116.303,38,map,high
671,0,107.306,39,map,high
671,0,105.34,40,motion,high
671,0,25.622,41,large_dark,high
671,0,48.585,42,large_dark,high
671,0,134.008,43,motion,high
671,0,155.913,44,map,high
671,0,125.643,45,motion,high
671,0,115.608,46,motion,high
671,0,118.207,47,map,high
671,0,98.103,48,motion,high
671,0,126.62,49,motion,high
671,0,28.784,50,large_dark,high
671,0,129.035,51,motion,high
671,0,40.7,52,large_dark,high
671,0,39.604,53,large_dark,high
671,0,128.501,54,motion,high
671,0,95.525,55,map,high
671,0,108.227,56,motion,high
671,0,45.962,57,large_dark,high
671,0,63.832,58,large_dark,high
672,0,31.753,1,large_dark,high
672,0,44.635,2,large_dark,high
672,0,38.108,3,large_dark,high
672,0,32.144,4,map,high
672,0,140.432,5,map,high
672,0,73.616,6,large_dark,high
672,0,135.743,7,map,high
672,0,131.207,8,motion,high
672,0,127.115,9,large_dark,high
672,0,80.822,10,large_dark,high
672,0,122.561,11,motion,high
672,1,3.5,12,large_dark,high
672,0,97.684,13,large_dark,high
672,0,58.174,14,large_dark,high
672,1,5.315,15,appearance,high
672,0,40.918,16,large_dark,high
672,0,62.724,17,map,high
672,0,140.472,18,map,high
672,0,126.788,19,map,high
672,0,120.084,20,map,high
672,0,59.23,21,large_dark,high
672,0,87.397,22,map,high
672,0,116.281,23,motion,high
672,0,102.0,24,motion,high
672,0,113.887,25,map,high
672,0,92.576,26,map,high
672,0,65.094,27,large_dark,high
672,0,89.114,28,map,high
672,0,66.191,29,native_map,high
672,0,105.0,30,motion,high
672,0,58.773,31,map,high
672,0,83.266,32,map,high
672,0,66.867,33,map,high
672,0,147.684,34,map,high
672,0,74.002,35,map,high
672,0,103.248,36,map,high
672,0,121.644,37,map,high
672,0,69.895,38,map,high
672,0,137.253,39,map,high
672,0,112.028,40,map,high
672,0,81.168,41,map,high
672,0,114.797,42,map,high
672,0,122.026,43,map,high
672,0,115.683,44,motion,high
672,0,27.06,45,large_dark,high
672,0,123.509,46,motion,high
672,0,117.219,47,map,high
672,0,162.152,48,map,high
672,0,106.279,49,motion,high
672,0,126.58,50,motion,high
672,0,115.553,51,motion,high
672,0,45.697,52,large_dark,high
672,0,117.797,53,map,high
672,0,102.865,54,map,high
672,0,38.81,55,large_dark,high
672,0,48.788,56,large_dark,high
672,0,132.077,57,map,high
672,0,128.504,58,motion,high
672,0,98.164,59,map,high
672,0,47.183,60,large_dark,high
672,0,66.259,61,large_dark,high
673,0,31.753,1,large_dark,high
673,0,38.108,2,large_dark,high
673,0,43.649,3,large_dark,high
673,0,32.144,4,map,high
673,0,80.822,5,large_dark,high
673,0,72.624,6,large_dark,high
673,0,147.937,7,map,high
673,1,3.5,8,large_dark,high
673,0,141.504,9,map,high
673,0,135.659,10,motion,high
673,0,124.781,11,motion,high
673,0,58.174,12,large_dark,high
673,0,142.886,13,map,high
673,0,62.099,14,large_dark,high
673,1,5.315,15,appearance,high
673,0,59.23,16,large_dark,high
673,0,57.786,17,map,high
673,0,90.157,18,map,high
673,0,43.523,19,large_dark,high
673,0,96.048,20,map,high
673,0,66.191,21,native_map,high
673,0,105.019,22,motion,high
673,0,133.53,23,map,high
673,0,124.102,24,map,high
673,0,91.166,25,map,high
673,0,118.959,26,motion,high
673,0,84.642,27,map,high
673,0,70.045,28,large_dark,high
673,0,115.854,29,map,high
673,0,74.002,30,map,high
673,0,68.281,31,map,high
673,0,103.248,32,map,high
673,0,121.644,33,map,high
673,0,27.06,34,large_dark,high
673,0,53.845,35,map,high
673,0,69.895,36,map,high
673,0,109.018,37,motion,high
673,0,137.253,38,map,high
673,0,81.168,39,map,high
673,0,114.797,40,map,high
673,0,122.026,41,map,high
673,0,115.683,42,motion,high
673,0,119.127,43,map,high
673,0,150.683,44,map,high
673,0,123.509,45,motion,high
673,0,117.219,46,map,high
673,0,106.279,47,motion,high
673,0,126.58,48,motion,high
673,0,164.3,49,map,high
673,0,115.553,50,motion,high
673,0,48.788,51,large_dark,high
673,0,117.797,52,map,high
673,0,43.661,53,large_dark,high
673,0,106.982,54,map,high
673,0,133.114,55,map,high
673,0,47.183,56,large_dark,high
673,0,128.504,57,motion,high
673,0,100.55,58,map,high
673,0,66.259,59,large_dark,high
674,0,32.206,1,large_dark,high
674,0,40.636,2,map,high
674,0,43.649,3,large_dark,high
674,0,33.425,4,map,high
674,0,73.616,5,large_dark,high
674,0,151.909,6,map,high
674,0,37.165,7,large_dark,high
674,0,81.812,8,large_dark,high
674,1,3.64,9,large_dark,high
674,1,4.272,10,appearance,high
674,0,155.443,11,map,high
674,0,142.539,12,motion,high
674,0,140.479,13,motion,high
674,0,92.083,14,map,high
674,0,59.171,15,large_dark,high
674,0,59.81,16,large_dark,high
674,0,98.784,17,map,high
674,0,62.099,18,large_dark,high
674,0,67.091,19,native_map,high
674,0,67.047,20,large_dark,high
674,0,139.826,21,map,high
674,0,53.845,22,map,high
674,0,26.101,23,large_dark,high
674,0,77.809,24,map,high
674,0,72.672,25,map,high
674,0,110.554,26,map,high
674,0,88.387,27,map,high
674,0,131.344,28,map,high
674,0,70.429,29,map,high
674,0,123.565,30,map,high
674,0,74.52,31,map,high
674,0,125.706,32,motion,high
674,0,103.568,33,map,high
674,0,121.545,34,map,high
674,0,123.282,35,motion,high
674,0,132.705,36,motion,high
674,0,111.54,37,map,high
674,0,122.099,38,motion,high
674,0,118.458,39,map,high
674,0,120.126,40,map,high
674,0,116.329,41,motion,high
674,0,123.501,42,motion,high
674,0,84.34,43,large_dark,high
674,0,126.358,44,map,high
674,0,48.386,45,large_dark,high
674,0,133.515,46,motion,high
674,0,109.769,47,map,high
674,0,126.595,48,map,high
674,0,117.976,49,map,high
674,0,47.363,50,large_dark,high
674,0,134.21,51,map,high
674,0,69.378,52,large_dark,high
675,0,32.206,1,large_dark,high
675,0,43.649,2,large_dark,high
675,0,41.908,3,map,high
675,0,32.898,4,map,high
675,0,73.616,5,large_dark,high
675,0,37.165,6,large_dark,high
675,0,38.108,7,large_dark,high
675,1,3.64,8,large_dark,high
675,0,81.812,9,large_dark,high
675,1,4.272,10,appearance,high
675,0,157.227,11,map,high
675,0,94.854,12,map,high
675,0,59.171,13,large_dark,high
675,0,59.81,14,large_dark,high
675,0,146.08,15,motion,high
675,0,26.101,16,large_dark,high
675,0,146.131,17,map,high
675,0,102.28,18,map,high
675,0,67.091,19,native_map,high
675,0,65.048,20,large_dark,high
675,0,127.359,21,map,high
675,0,77.809,22,map,high
675,0,110.554,23,map,high
675,0,128.891,24,motion,high
675,0,88.387,25,map,high
675,0,131.344,26,map,high
675,0,74.841,27,map,high
675,0,123.282,28,motion,high
675,0,132.705,29,motion,high
675,0,48.386,30,large_dark,high
675,0,115.569,31,map,high
675,0,127.221,32,map,high
675,0,69.378,33,large_dark,high
675,0,85.868,34,large_dark,high
675,0,133.515,35,motion,high
675,0,84.34,36,large_dark,high
675,0,113.147,37,map,high
675,0,47.363,38,large_dark,high
675,0,126.595,39,map,high
676,0,31.977,1,large_dark,high
676,0,58.945,2,large_dark,high
676,0,42.691,3,map,high
676,0,73.12,5,large_dark,high
676,0,37.108,6,map,high
676,0,37.583,7,large_dark,high
676,0,101.257,8,map,high
676,0,33.771,9,map,high
676,1,3.536,10,large_dark,high
676,0,44.972,11,large_dark,high
676,1,4.472,12,appearance,high
676,0,40.404,13,large_dark,high
676,0,58.673,14,large_dark,high
676,0,160.555,15,map,high
676,0,26.58,16,large_dark,high
676,0,106.811,17,map,high
676,0,61.664,18,large_dark,high
676,0,68.447,19,native_map,high
676,0,83.358,20,map,high
676,0,97.082,21,map,high
676,0,63.376,22,map,high
676,0,93.984,23,map,high
676,0,120.154,24,map,high
676,0,150.222,25,motion,high
676,0,135.242,26,map,high
676,0,119.735,27,map,high
676,0,98.005,28,map,high
676,0,114.285,29,map,high
676,0,153.183,30,map,high
676,0,136.752,31,map,high
676,0,78.629,32,map,high
676,0,111.072,33,map,high
676,0,88.865,34,map,high
676,0,131.244,35,map,high
676,0,49.503,36,large_dark,high
676,0,75.99,37,map,high
676,0,137.307,38,motion,high
676,0,113.51,39,motion,high
676,0,124.279,40,motion,high
676,0,132.019,41,map,high
676,0,118.849,42,map,high
676,0,133.62,43,motion,high
676,0,132.843,44,motion,high
676,0,136.795,45,map,high
676,0,71.976,46,large_dark,high
676,0,48.647,47,large_dark,high
676,0,131.548,48,map,high
676,0,133.546,49,motion,high
676,0,134.451,50,map,high
676,0,110.718,51,motion,high
676,0,89.042,52,large_dark,high
676,0,86.652,53,large_dark,high
676,0,126.905,54,map,high
676,0,85.782,55,large_dark,high
676,0,36.503,56,large_dark,high
677,0,32.882,1,large_dark,high
677,0,60.747,2,large_dark,high
677,0,44.06,3,large_dark,high
677,0,43.798,4,map,high
677,0,109.001,6,map,high
677,0,74.177,7,large_dark,high
677,0,38.2,8,map,high
677,0,37.858,9,large_dark,high
677,0,105.614,11,map,high
677,1,3.041,12,large_dark,high
677,0,35.302,13,map,high
677,1,4.61,14,appearance,high
677,0,26.725,15,large_dark,high
677,0,59.71,16,large_dark,high
677,0,98.885,17,motion,high
677,0,114.905,18,map,high
677,0,111.383,19,map,high
677,0,69.565,20,native_map,high
677,0,103.331,21,motion,high
677,0,100.001,22,map,high
677,0,148.799,23,map,high
677,0,104.577,24,map,high
677,0,89.108,25,map,high
677,0,105.101,26,map,high
677,0,50.51,27,large_dark,high
677,0,62.66,28,map,high
677,0,76.31,29,map,high
677,0,130.726,30,map,high
677,0,92.522,31,map,high
677,0,84.34,32,map,high
677,0,124.805,33,map,high
677,0,97.96,34,map,high
677,0,97.5,35,map,high
677,0,94.806,36,map,high
677,0,121.001,37,map,high
677,0,135.467,38,map,high
677,0,143.252,39,map,high
677,0,120.301,40,map,high
677,0,80.12,41,map,high
677,0,128.923,42,map,high
677,0,98.52,43,map,high
677,0,115.266,44,map,high
677,0,63.697,45,large_dark,high
677,0,150.842,46,motion,high
677,0,138.554,47,motion,high
677,0,122.009,48,motion,high
677,0,119.651,49,motion,high
677,0,123.973,50,map,high
677,0,118.754,51,motion,high
677,0,74.627,52,large_dark,high
677,0,138.241,53,motion,high
677,0,129.512,54,map,high
677,0,114.001,55,motion,high
677,0,137.518,56,map,high
677,0,50.331,57,large_dark,high
677,0,107.667,58,motion,high
677,0,73.186,59,motion,high
677,0,112.664,60,motion,high
677,0,88.393,61,large_dark,high
677,0,86.881,62,large_dark,high
677,0,34.033,63,large_dark,high
678,0,32.882,1,large_dark,high
678,0,60.747,2,large_dark,high
678,0,74.177,4,large_dark,high
678,0,113.804,5,map,high
678,0,43.798,6,map,high
678,0,37.858,7,large_dark,high
678,0,44.06,9,large_dark,high
678,1,3.041,10,large_dark,high
678,0,35.584,11,map,high
678,0,109.001,12,map,high
678,0,26.725,13,large_dark,high
678,1,4.61,14,appearance,high
678,0,59.71,16,large_dark,high
678,0,32.423,17,map,high
678,0,100.276,18,motion,high
678,0,50.51,19,large_dark,high
678,0,69.565,20,native_map,high
678,0,118.445,21,map,high
678,0,101.308,22,map,high
678,0,114.91,23,map,high
678,0,105.434,24,motion,high
678,0,89.108,25,map,high
678,0,106.617,26,map,high
678,0,105.101,27,map,high
678,0,130.726,28,map,high
678,0,84.34,29,map,high
678,0,92.522,30,map,high
678,0,155.181,31,map,high
678,0,97.96,32,map,high
678,0,124.805,33,map,high
678,0,94.806,34,map,high
678,0,134.582,35,map,high
678,0,97.5,36,map,high
678,0,121.001,37,map,high
678,0,135.467,38,map,high
678,0,120.301,39,map,high
678,0,98.52,40,map,high
678,0,76.31,41,map,high
678,0,115.266,42,map,high
678,0,150.842,43,motion,high
678,0,57.976,44,map,high
678,0,82.312,45,map,high
678,0,148.799,46,map,high
678,0,74.627,47,large_dark,high
678,0,122.009,48,motion,high
678,0,119.651,49,motion,high
678,0,128.364,50,map,high
678,0,120.948,51,motion,high
678,0,142.703,52,motion,high
678,0,50.331,53,large_dark,high
678,0,138.241,54,motion,high
678,0,128.43,55,map,high
678,0,114.001,56,motion,high
678,0,137.518,57,map,high
678,0,107.667,58,motion,high
678,0,74.049,59,motion,high
678,0,113.887,60,motion,high
678,0,86.881,61,large_dark,high
678,0,31.325,62,large_dark,high
679,0,32.882,1,large_dark,high
679,0,61.321,2,large_dark,high
679,0,45.047,3,large_dark,high
679,0,41.113,4,map,high
679,0,118.01,5,map,high
679,0,43.798,6,map,high
679,0,73.186,8,large_dark,high
679,0,25.773,9,large_dark,high
679,0,37.858,10,large_dark,high
679,1,3.354,12,large_dark,high
679,1,4.61,13,appearance,high
679,0,50.885,14,large_dark,high
679,0,106.1,16,map,high
679,0,58.637,17,large_dark,high
679,0,34.004,18,map,high
679,0,110.721,19,map,high
679,0,107.477,20,map,high
679,0,102.241,21,motion,high
679,0,138.666,22,map,high
679,0,104.073,23,large_dark,high
679,0,70.472,24,native_map,high
679,0,96.547,25,map,high
679,0,120.562,26,map,high
679,0,136.606,27,map,high
679,0,77.854,28,map,high
679,0,94.505,29,map,high
679,0,84.287,30,native_map,high
679,0,138.554,31,map,high
679,0,108.061,32,motion,high
679,0,103.011,33,map,high
679,0,102.133,34,map,high
679,0,89.701,35,map,high
679,0,105.543,36,map,high
679,0,159.894,37,map,high
679,0,83.014,38,map,high
679,0,131.134,39,map,high
679,0,92.549,40,map,high
679,0,125.4,41,map,high
679,0,138.924,42,motion,high
679,0,99.906,43,motion,high
679,0,83.074,44,map,high
679,0,77.08,45,map,high
679,0,78.219,46,large_dark,high
679,0,97.751,47,map,high
679,0,131.577,48,motion,high
679,0,50.826,49,large_dark,high
679,0,151.368,50,motion,high
679,0,94.949,51,map,high
679,0,74.473,52,map,high
679,0,141.775,53,map,high
679,0,123.42,54,motion,high
679,0,147.412,55,motion,high
679,0,128.111,56,motion,high
679,0,122.026,57,motion,high
679,0,119.605,58,motion,high
679,0,54.335,59,map,high
679,0,127.433,60,map,high
679,0,107.616,61,motion,high
679,0,114.07,62,motion,high
679,0,88.121,63,large_dark,high
679,0,75.042,64,motion,high
679,0,73.629,65,map,high
679,0,63.508,66,large_dark,high
680,0,32.882,1,large_dark,high
680,0,61.321,2,large_dark,high
680,0,45.047,3,large_dark,high
680,0,73.186,5,large_dark,high
680,0,39.424,6,map,high
680,0,122.218,7,map,high
680,0,43.546,8,map,high
680,0,37.858,9,large_dark,high
680,0,25.773,10,large_dark,high
680,0,50.885,12,large_dark,high
680,1,3.354,13,large_dark,high
680,1,4.61,14,appearance,high
680,0,58.637,16,large_dark,high
680,0,113.782,17,map,high
680,0,111.028,18,map,high
680,0,70.472,19,native_map,high
680,0,103.693,20,large_dark,high
680,0,143.42,21,map,high
680,0,107.5,22,map,high
680,0,97.546,23,map,high
680,0,136.606,24,map,high
680,0,77.854,25,map,high
680,0,94.505,26,map,high
680,0,138.554,27,map,high
680,0,103.365,28,map,high
680,0,78.219,29,large_dark,high
680,0,50.826,30,large_dark,high
680,0,84.417,31,map,high
680,0,82.512,32,map,high
680,0,138.924,33,motion,high
680,0,99.906,34,motion,high
680,0,131.577,35,motion,high
680,0,94.949,36,map,high
680,0,141.775,37,map,high
680,0,130.616,38,motion,high
680,0,88.121,39,large_dark,high
680,0,75.308,40,map,high
680,0,84.287,41,native_map,high
680,0,114.07,42,motion,high
680,0,74.278,43,map,high
680,0,63.508,44,large_dark,high
680,0,68.74,45,large_dark,high
681,0,34.132,1,large_dark,high
681,0,59.908,2,large_dark,high
681,0,45.541,3,large_dark,high
681,0,44.272,4,map,high
681,0,74.813,5,large_dark,high
681,0,38.275,6,large_dark,high
681,0,39.224,8,map,high
681,0,128.55,9,map,high
681,0,44.777,10,map,high
681,0,60.133,11,large_dark,high
681,0,50.329,12,large_dark,high
681,0,31.623,14,large_dark,high
681,0,26.249,15,large_dark,high
681,1,3.0,16,large_dark,high
681,1,4.301,17,appearance,high
681,0,118.964,18,map,high
681,0,115.206,20,map,high
681,0,62.968,21,map,high
681,0,148.117,22,motion,high
681,0,101.185,23,map,high
681,0,102.706,24,map,high
681,0,71.837,25,native_map,high
681,0,109.437,26,map,high
681,0,109.018,27,large_dark,high
681,0,84.039,28,map,high
681,0,101.671,29,map,high
681,0,154.637,30,map,high
681,0,114.634,31,map,high
681,0,78.23,32,map,high
681,0,120.0,33,map,high
681,0,98.603,34,map,high
681,0,137.523,35,map,high
681,0,108.777,36,map,high
681,0,156.083,37,motion,high
681,0,95.425,38,map,high
681,0,82.006,39,large_dark,high
681,0,84.202,40,map,high
681,0,139.372,41,map,high
681,0,90.214,42,map,high
681,0,105.026,43,map,high
681,0,107.081,44,motion,high
681,0,137.501,45,motion,high
681,0,109.809,46,map,high
681,0,52.887,47,large_dark,high
681,0,138.514,48,motion,high
681,0,122.485,49,map,high
681,0,82.792,50,map,high
681,0,139.105,51,motion,high
681,0,100.464,52,motion,high
681,0,131.637,53,motion,high
681,0,79.828,54,map,high
681,0,89.56,55,large_dark,high
681,0,95.7,56,map,high
681,0,142.438,57,map,high
681,0,133.609,58,motion,high
681,0,86.649,59,native_map,high
681,0,76.371,60,map,high
681,0,114.027,61,motion,high
681,0,78.654,62,map,high
681,0,66.31,63,large_dark,high
681,0,75.858,64,map,high
681,0,69.354,65,large_dark,high
681,0,74.686,66,large_dark,high
682,0,34.3,1,large_dark,high
682,0,60.601,2,large_dark,high
682,0,45.128,3,large_dark,high
682,0,47.122,4,large_dark,high
682,0,59.603,5,large_dark,high
682,0,43.732,6,map,high
682,0,75.236,7,large_dark,high
682,0,81.317,8,large_dark,high
682,0,30.042,9,large_dark,high
682,0,134.121,10,map,high
682,0,38.138,11,large_dark,high
682,0,50.621,13,large_dark,high
682,0,126.775,14,map,high
682,0,30.042,15,large_dark,high
682,1,3.808,16,large_dark,high
682,1,4.472,17,appearance,high
682,0,125.674,18,map,high
682,0,33.204,19,large_dark,high
682,0,123.584,20,map,high
682,0,62.39,22,map,high
682,0,109.371,23,map,high
682,0,25.622,24,large_dark,high
682,0,119.436,25,map,high
682,0,58.451,26,map,high
682,0,115.7,27,motion,high
682,0,153.942,28,motion,high
682,0,117.004,29,map,high
682,0,86.683,30,map,high
682,0,88.51,31,map,high
682,0,116.587,32,large_dark,high
682,0,100.703,33,map,high
682,0,81.685,34,map,high
682,0,106.301,35,map,high
682,0,91.501,36,map,high
682,0,110.136,37,map,high
682,0,72.498,38,native_map,high
682,0,113.53,39,map,high
682,0,111.881,40,motion,high
682,0,139.243,41,map,high
682,0,109.529,42,large_dark,high
682,0,74.632,43,map,high
682,0,84.723,44,map,high
682,0,102.374,45,map,high
682,0,155.332,46,map,high
682,0,115.336,47,map,high
682,0,78.692,48,map,high
682,0,120.501,49,map,high
682,0,53.782,50,large_dark,high
682,0,84.903,51,map,high
682,0,97.185,52,motion,high
682,0,83.358,53,map,high
682,0,109.481,54,map,high
682,0,156.756,55,motion,high
682,0,146.82,56,motion,high
682,0,96.4,57,motion,high
682,0,108.389,58,motion,high
682,0,154.299,59,motion,high
682,0,122.613,60,motion,high
682,0,131.773,61,motion,high
682,0,90.609,62,map,high
682,0,134.112,63,map,high
682,0,107.737,64,motion,high
682,0,138.004,65,motion,high
682,0,89.903,66,large_dark,high
682,0,139.149,67,motion,high
682,0,123.167,68,map,high
682,0,87.284,69,native_map,high
682,0,82.037,70,map,high
682,0,43.709,71,large_dark,high
682,0,82.765,72,map,high
682,0,132.015,73,map,high
682,0,69.602,74,large_dark,high
682,0,75.356,75,large_dark,high
683,0,34.3,1,large_dark,high
683,0,60.601,2,large_dark,high
683,0,47.122,3,large_dark,high
683,0,44.142,4,large_dark,high
683,0,47.27,5,large_dark,high
683,0,81.317,6,large_dark,high
683,0,37.316,7,large_dark,high
683,0,42.714,8,map,high
683,0,75.236,9,large_dark,high
683,0,59.603,10,large_dark,high
683,0,50.621,11,large_dark,high
683,0,30.042,12,large_dark,high
683,0,30.042,13,large_dark,high
683,0,25.348,14,large_dark,high
683,0,131.973,15,map,high
683,0,137.064,16,map,high
683,1,3.808,17,large_dark,high
683,1,4.472,18,appearance,high
683,0,131.484,20,map,high
683,0,127.664,21,map,high
683,0,113.442,22,map,high
683,0,116.587,23,large_dark,high
683,0,123.004,24,map,high
683,0,117.934,25,motion,high
683,0,121.433,26,map,high
683,0,34.475,27,large_dark,high
683,0,59.435,28,map,high
683,0,87.02,29,large_dark,high
683,0,53.54,30,map,high
683,0,99.569,31,map,high
683,0,89.889,32,map,high
683,0,109.371,33,map,high
683,0,82.683,34,map,high
683,0,156.387,35,motion,high
683,0,91.501,36,map,high
683,0,110.136,37,map,high
683,0,117.004,38,map,high
683,0,114.766,39,motion,high
683,0,109.529,40,large_dark,high
683,0,139.243,41,map,high
683,0,84.723,42,map,high
683,0,74.632,43,map,high
683,0,53.782,44,large_dark,high
683,0,102.374,45,map,high
683,0,89.903,46,large_dark,high
683,0,155.332,47,map,high
683,0,115.336,48,map,high
683,0,78.692,49,map,high
683,0,72.498,50,native_map,high
683,0,120.501,51,map,high
683,0,84.903,52,map,high
683,0,97.185,53,motion,high
683,0,109.481,54,map,high
683,0,156.756,55,motion,high
683,0,96.607,56,motion,high
683,0,108.389,57,motion,high
683,0,154.299,58,motion,high
683,0,122.613,59,motion,high
683,0,131.773,60,motion,high
683,0,90.609,61,map,high
683,0,134.112,62,map,high
683,0,107.737,63,motion,high
683,0,87.284,64,native_map,high
683,0,138.004,65,motion,high
683,0,139.149,66,motion,high
683,0,85.115,67,map,high
683,0,123.167,68,map,high
683,0,149.833,69,motion,high
683,0,43.709,70,large_dark,high
683,0,83.726,71,map,high
683,0,132.015,72,map,high
683,0,42.479,73,large_dark,high
683,0,84.534,74,map,high
683,0,69.602,75,large_dark,high
683,0,73.583,76,large_dark,high
684,0,34.3,1,large_dark,high
684,0,60.054,2,large_dark,high
684,0,59.603,3,large_dark,high
684,0,45.238,4,large_dark,high
684,0,48.749,5,large_dark,high
684,0,48.523,6,large_dark,high
684,0,24.668,7,large_dark,high
684,0,74.246,9,large_dark,high
684,0,83.298,10,large_dark,high
684,0,42.573,11,large_dark,high
684,0,137.321,12,map,high
684,0,51.909,13,large_dark,high
684,0,30.992,14,large_dark,high
684,0,117.835,15,map,high
684,1,3.536,16,large_dark,high
684,0,136.883,17,map,high
684,0,62.39,18,map,high
684,1,4.472,19,appearance,high
684,0,126.874,20,map,high
684,0,28.151,21,large_dark,high
684,0,30.992,22,large_dark,high
684,0,92.027,23,map,high
684,0,94.578,25,map,high
684,0,124.338,26,motion,high
684,0,121.583,27,large_dark,high
684,0,120.584,28,motion,high
684,0,91.14,29,large_dark,high
684,0,79.202,30,map,high
684,0,87.923,31,map,high
684,0,110.82,32,map,high
684,0,64.517,33,map,high
684,0,73.543,34,map,high
684,0,148.408,35,map,high
684,0,133.373,36,motion,high
684,0,83.621,37,map,high
684,0,103.078,38,map,high
684,0,57.467,39,map,high
684,0,145.207,40,motion,high
684,0,89.513,41,large_dark,high
684,0,92.307,42,map,high
684,0,118.983,43,map,high
684,0,110.675,44,map,high
684,0,117.925,45,motion,high
684,0,139.049,46,map,high
684,0,96.138,47,map,high
684,0,120.026,48,motion,high
684,0,75.213,49,map,high
684,0,139.608,50,motion,high
684,0,117.034,51,motion,high
684,0,54.079,52,large_dark,high
684,0,88.23,53,native_map,high
684,0,97.837,54,motion,high
684,0,97.417,55,motion,high
684,0,109.024,56,motion,high
684,0,154.797,57,motion,high
684,0,123.227,58,motion,high
684,0,132.349,59,motion,high
684,0,134.629,60,map,high
684,0,153.418,61,motion,high
684,0,63.941,62,large_dark,high
684,0,87.078,63,map,high
684,0,42.314,64,large_dark,high
684,0,41.815,65,large_dark,high
684,0,132.034,66,map,high
684,0,87.433,67,large_dark,high
684,0,79.076,68,map,high
684,0,72.681,69,large_dark,high
684,0,86.954,70,map,high
684,0,41.067,71,large_dark,high
684,0,78.042,72,large_dark,high
685,0,34.3,1,large_dark,high
685,0,60.054,2,large_dark,high
685,0,45.238,3,large_dark,high
685,0,49.503,4,large_dark,high
685,0,59.603,5,large_dark,high
685,0,24.668,6,large_dark,high
685,0,74.246,7,large_dark,high
685,0,42.573,8,large_dark,high
685,0,142.555,10,map,high
685,0,84.288,11,large_dark,high
685,0,51.909,12,large_dark,high
685,0,45.962,14,large_dark,high
685,1,3.536,15,large_dark,high
685,0,30.992,16,large_dark,high
685,0,122.053,17,map,high
685,1,4.472,18,appearance,high
685,0,142.299,19,map,high
685,0,131.674,20,map,high
685,0,63.423,21,map,high
685,0,91.14,22,large_dark,high
685,0,94.578,23,map,high
685,0,97.35,24,map,high
685,0,126.548,25,large_dark,high
685,0,126.574,26,motion,high
685,0,30.992,27,large_dark,high
685,0,25.348,28,large_dark,high
685,0,79.202,29,map,high
685,0,110.82,30,map,high
685,0,64.517,31,map,high
685,0,89.647,32,map,high
685,0,73.543,33,map,high
685,0,148.408,34,map,high
685,0,103.078,35,map,high
685,0,88.23,36,native_map,high
685,0,118.983,37,map,high
685,0,91.72,38,large_dark,high
685,0,122.891,39,motion,high
685,0,96.138,40,map,high
685,0,139.608,41,motion,high
685,0,117.034,42,motion,high
685,0,134.779,43,motion,high
685,0,151.238,44,motion,high
685,0,54.079,45,large_dark,high
685,0,87.433,46,large_dark,high
685,0,63.941,47,large_dark,high
685,0,42.314,48,large_dark,high
685,0,67.797,49,large_dark,high
685,0,40.33,50,large_dark,high
685,0,72.681,51,large_dark,high
685,0,88.874,52,large_dark,high
685,0,41.067,53,large_dark,high
685,0,77.666,54,map,high
686,0,35.246,1,large_dark,high
686,0,60.632,2,large_dark,high
686,0,60.797,3,large_dark,high
686,0,47.289,4,large_dark,high
686,0,73.186,5,large_dark,high
686,0,24.52,7,large_dark,high
686,0,52.031,8,large_dark,high
686,0,145.986,9,map,high
686,0,126.646,10,map,high
686,0,46.607,11,large_dark,high
686,0,139.181,13,map,high
686,1,4.031,14,large_dark,high
686,0,63.295,15,map,high
686,0,31.149,16,large_dark,high
686,1,4.717,17,appearance,high
686,0,101.1,18,map,high
686,0,92.24,20,large_dark,high
686,0,99.153,21,map,high
686,0,50.202,22,large_dark,high
686,0,148.658,23,map,high
686,0,83.014,24,map,high
686,0,30.203,25,large_dark,high
686,0,67.5,26,map,high
686,0,117.052,27,map,high
686,0,144.365,28,map,high
686,0,129.697,29,motion,high
686,0,76.408,30,map,high
686,0,89.338,31,native_map,high
686,0,111.136,32,map,high
686,0,74.015,33,map,high
686,0,149.37,34,map,high
686,0,104.097,35,map,high
686,0,129.973,36,motion,high
686,0,135.06,37,motion,high
686,0,93.017,38,map,high
686,0,119.955,39,map,high
686,0,88.523,40,map,high
686,0,126.437,41,motion,high
686,0,110.432,42,motion,high
686,0,97.243,43,map,high
686,0,140.151,44,motion,high
686,0,118.065,45,motion,high
686,0,126.531,46,motion,high
686,0,92.088,47,map,high
686,0,56.923,48,map,high
686,0,161.834,49,map,high
686,0,101.667,50,map,high
686,0,92.359,51,large_dark,high
686,0,137.202,52,motion,high
686,0,66.62,53,large_dark,high
686,0,158.276,54,motion,high
686,0,89.31,55,large_dark,high
686,0,48.231,56,large_dark,high
686,0,65.622,57,map,high
686,0,42.723,58,large_dark,high
686,0,76.251,59,large_dark,high
686,0,40.028,60,large_dark,high
686,0,72.403,61,large_dark,high
686,0,82.227,62,map,high
686,0,38.668,63,large_dark,high
686,0,91.538,64,large_dark,high
686,0,76.976,65,map,high
687,0,35.246,1,large_dark,high
687,0,59.634,2,large_dark,high
687,0,60.285,3,large_dark,high
687,0,48.231,4,large_dark,high
687,0,74.177,5,large_dark,high
687,0,52.652,6,large_dark,high
687,0,136.452,9,map,high
687,0,130.886,10,map,high
687,0,150.154,11,motion,high
687,0,63.295,13,map,high
687,0,145.311,14,map,high
687,0,108.634,15,map,high
687,1,4.031,16,large_dark,high
687,0,105.94,17,map,high
687,0,31.149,18,large_dark,high
687,1,4.61,19,appearance,high
687,0,93.2,20,large_dark,high
687,0,104.452,21,map,high
687,0,160.07,22,motion,high
687,0,50.302,23,large_dark,high
687,0,65.248,25,map,high
687,0,139.69,26,motion,high
687,0,87.705,27,map,high
687,0,70.301,28,map,high
687,0,102.651,29,map,high
687,0,100.51,30,map,high
687,0,134.835,31,motion,high
687,0,90.284,32,native_map,high
687,0,84.464,33,map,high
687,0,85.037,34,map,high
687,0,30.037,35,large_dark,high
687,0,156.065,36,map,high
687,0,118.631,37,map,high
687,0,146.425,38,map,high
687,0,125.683,39,map,high
687,0,116.894,40,map,high
687,0,144.928,41,map,high
687,0,77.274,42,map,high
687,0,138.406,43,map,high
687,0,92.505,44,map,high
687,0,126.405,45,motion,high
687,0,30.549,46,large_dark,high
687,0,154.991,47,motion,high
687,0,146.531,48,motion,high
687,0,130.3,49,motion,high
687,0,101.1,50,map,high
687,0,97.664,51,map,high
687,0,88.506,52,map,high
687,0,127.103,53,motion,high
687,0,111.073,54,motion,high
687,0,112.144,55,motion,high
687,0,98.246,56,large_dark,high
687,0,162.392,57,map,high
687,0,94.764,58,large_dark,high
687,0,58.149,59,map,high
687,0,69.414,60,large_dark,high
687,0,91.001,61,large_dark,high
687,0,80.052,62,map,high
687,0,41.331,63,large_dark,high
687,0,86.881,64,map,high
687,0,46.328,65,large_dark,high
687,0,40.028,66,large_dark,high
687,0,37.911,67,large_dark,high
687,0,80.295,68,map,high
688,0,35.246,1,large_dark,high
688,0,59.634,2,large_dark,high
688,0,60.285,3,large_dark,high
688,0,48.231,4,large_dark,high
688,0,74.177,5,large_dark,high
688,0,52.652,6,large_dark,high
688,0,142.885,9,map,high
688,0,31.149,10,large_dark,high
688,1,4.031,11,large_dark,high
688,0,112.82,12,map,high
688,0,134.99,14,map,high
688,0,156.321,15,motion,high
688,0,93.2,16,large_dark,high
688,1,4.61,17,appearance,high
688,0,151.077,18,map,high
688,0,64.275,19,map,high
688,0,110.771,20,map,high
688,0,107.239,21,map,high
688,0,30.037,23,large_dark,high
688,0,90.284,24,native_map,high
688,0,89.757,25,map,high
688,0,71.703,26,map,high
688,0,101.692,27,map,high
688,0,143.789,28,motion,high
688,0,166.393,29,motion,high
688,0,85.564,30,map,high
688,0,66.575,31,map,high
688,0,86.442,32,map,high
688,0,105.812,33,map,high
688,0,156.065,34,map,high
688,0,118.631,35,map,high
688,0,146.425,36,map,high
688,0,125.683,37,map,high
688,0,116.894,38,map,high
688,0,144.928,39,map,high
688,0,77.274,40,map,high
688,0,138.406,41,map,high
688,0,138.414,42,motion,high
688,0,93.505,43,map,high
688,0,126.405,44,motion,high
688,0,154.991,45,motion,high
688,0,146.531,46,motion,high
688,0,130.3,47,motion,high
688,0,101.1,48,map,high
688,0,30.004,49,large_dark,high
688,0,88.506,50,map,high
688,0,127.103,51,motion,high
688,0,111.073,52,motion,high
688,0,112.144,53,motion,high
688,0,98.246,54,large_dark,high
688,0,100.823,55,map,high
688,0,78.945,56,large_dark,high
688,0,162.392,57,map,high
688,0,41.331,58,large_dark,high
688,0,101.1,59,large_dark,high
688,0,82.288,60,map,high
688,0,69.414,61,large_dark,high
688,0,96.831,62,large_dark,high
688,0,59.036,63,map,high
688,0,40.14,64,large_dark,high
688,0,85.92,65,map,high
688,0,44.116,66,large_dark,high
688,0,38.668,67,large_dark,high
688,0,78.104,68,map,high
689,0,35.415,1,large_dark,high
689,0,60.169,2,large_dark,high
689,0,60.467,3,large_dark,high
689,0,48.87,4,large_dark,high
689,0,53.285,5,large_dark,high
689,0,72.624,6,large_dark,high
689,0,46.457,7,large_dark,high
689,0,24.192,8,large_dark,high
689,0,32.745,9,large_dark,high
689,0,40.227,10,large_dark,high
689,0,84.358,11,map,high
689,0,114.914,12,map,high
689,0,78.462,14,large_dark,high
689,0,147.481,15,map,high
689,1,4.61,16,large_dark,high
689,0,30.842,17,large_dark,high
689,0,159.522,19,motion,high
689,1,4.717,20,appearance,high
689,0,80.971,21,large_dark,high
689,0,91.62,22,large_dark,high
689,0,62.883,23,map,high
689,0,92.522,24,map,high
689,0,73.015,25,map,high
689,0,111.046,26,map,high
689,0,44.003,27,large_dark,high
689,0,91.865,28,native_map,high
689,0,116.272,29,map,high
689,0,30.516,31,large_dark,high
689,0,148.53,32,motion,high
689,0,50.122,33,large_dark,high
689,0,169.098,34,motion,high
689,0,65.949,35,map,high
689,0,82.421,36,map,high
689,0,60.904,37,map,high
689,0,103.664,38,map,high
689,0,150.6,39,motion,high
689,0,108.14,40,map,high
689,0,115.911,41,map,high
689,0,142.31,42,map,high
689,0,80.556,43,map,high
689,0,137.194,44,map,high
689,0,97.012,45,map,high
689,0,87.397,46,map,high
689,0,151.902,47,map,high
689,0,156.762,48,map,high
689,0,119.337,49,map,high
689,0,147.127,50,map,high
689,0,100.056,51,motion,high
689,0,126.358,52,map,high
689,0,142.667,53,motion,high
689,0,127.892,54,motion,high
689,0,160.07,55,motion,high
689,0,139.105,56,map,high
689,0,127.048,57,motion,high
689,0,87.945,58,map,high
689,0,155.657,59,motion,high
689,0,147.208,60,motion,high
689,0,103.2,61,map,high
689,0,127.645,62,motion,high
689,0,101.795,63,map,high
689,0,112.695,64,motion,high
689,0,96.469,65,large_dark,high
689,0,119.446,66,motion,high
689,0,103.924,67,map,high
689,0,41.464,68,large_dark,high
689,0,104.729,69,large_dark,high
689,0,75.142,70,large_dark,high
689,0,71.311,71,large_dark,high
689,0,62.211,72,map,high
689,0,91.903,73,map,high
689,0,85.582,74,map,high
689,0,39.259,75,large_dark,high
690,0,35.415,1,large_dark,high
690,0,60.169,2,large_dark,high
690,0,60.467,3,large_dark,high
690,0,53.285,4,large_dark,high
690,0,48.87,5,large_dark,high
690,0,72.624,6,large_dark,high
690,0,24.192,7,large_dark,high
690,0,32.745,8,large_dark,high
690,0,78.462,9,large_dark,high
690,0,46.457,10,large_dark,high
690,0,87.076,11,map,high
690,0,46.133,12,large_dark,high
690,1,4.61,13,large_dark,high
690,0,40.227,14,large_dark,high
690,0,29.904,16,large_dark,high
690,0,117.708,17,map,high
690,0,91.62,18,large_dark,high
690,1,4.717,19,appearance,high
690,0,38.108,20,large_dark,high
690,0,82.324,21,large_dark,high
690,0,33.515,22,large_dark,high
690,0,96.469,24,large_dark,high
690,0,50.122,25,large_dark,high
690,0,94.59,26,map,high
690,0,74.419,27,map,high
690,0,91.865,28,native_map,high
690,0,113.275,30,map,high
690,0,30.516,31,large_dark,high
690,0,63.908,32,map,high
690,0,82.421,33,map,high
690,0,60.904,34,map,high
690,0,108.14,35,map,high
690,0,115.911,36,map,high
690,0,142.31,37,map,high
690,0,80.556,38,map,high
690,0,99.032,39,map,high
690,0,137.194,40,map,high
690,0,151.902,41,map,high
690,0,153.757,42,motion,high
690,0,100.056,43,motion,high
690,0,127.892,44,motion,high
690,0,160.07,45,motion,high
690,0,91.702,46,map,high
690,0,44.003,47,large_dark,high
690,0,127.645,48,motion,high
690,0,106.425,49,map,high
690,0,119.446,50,motion,high
690,0,41.464,51,large_dark,high
690,0,106.128,52,map,high
690,0,75.142,53,large_dark,high
690,0,60.731,54,map,high
690,0,93.152,55,map,high
691,0,35.089,1,large_dark,high
691,0,61.166,2,large_dark,high
691,0,73.751,3,large_dark,high
691,0,53.285,4,large_dark,high
691,0,45.467,5,large_dark,high
691,0,40.227,7,large_dark,high
691,0,32.882,8,large_dark,high
691,0,82.579,9,large_dark,high
691,0,75.995,10,map,high
691,0,87.569,11,map,high
691,0,47.003,12,large_dark,high
691,0,79.5,13,large_dark,high
691,0,125.113,14,map,high
691,1,3.64,15,large_dark,high
691,0,91.62,16,large_dark,high
691,0,33.5,17,large_dark,high
691,1,4.472,18,appearance,high
691,0,37.138,19,large_dark,high
691,0,41.464,20,large_dark,high
691,0,51.732,21,large_dark,high
691,0,121.1,22,map,high
691,0,69.507,23,large_dark,high
691,0,98.824,24,map,high
691,0,102.938,27,map,high
691,0,118.504,28,map,high
691,0,77.08,29,map,high
691,0,62.332,30,map,high
691,0,83.65,31,map,high
691,0,103.045,32,large_dark,high
691,0,34.86,33,large_dark,high
691,0,101.031,34,map,high
691,0,85.037,35,map,high
691,0,114.439,36,map,high
691,0,105.812,37,map,high
691,0,123.739,38,map,high
691,0,92.813,39,native_map,high
691,0,63.097,40,map,high
691,0,56.269,41,map,high
691,0,138.015,42,map,high
691,0,63.885,43,map,high
691,0,104.433,44,map,high
691,0,92.5,46,map,high
691,0,148.608,47,map,high
691,0,108.795,48,map,high
691,0,115.79,49,map,high
691,0,142.85,50,map,high
691,0,80.599,51,map,high
691,0,137.682,52,map,high
691,0,137.874,53,motion,high
691,0,152.5,54,map,high
691,0,156.704,55,map,high
691,0,66.251,56,map,high
691,0,111.903,57,map,high
691,0,100.206,58,motion,high
691,0,128.554,59,motion,high
691,0,160.563,60,motion,high
691,0,76.232,61,large_dark,high
691,0,129.402,62,motion,high
691,0,156.356,63,motion,high
691,0,44.003,64,large_dark,high
691,0,96.22,65,map,high
691,0,128.344,66,motion,high
691,0,119.575,67,motion,high
691,0,109.262,68,map,high
691,0,78.085,69,large_dark,high
691,0,98.043,70,motion,high
691,0,59.718,71,map,high
691,0,96.614,72,map,high
692,0,35.781,1,large_dark,high
692,0,60.632,2,large_dark,high
692,0,74.319,3,large_dark,high
692,0,55.814,4,large_dark,high
692,0,46.035,5,large_dark,high
692,0,93.724,6,map,high
692,0,91.001,8,large_dark,high
692,0,39.538,9,large_dark,high
692,0,84.642,10,large_dark,high
692,0,128.091,11,map,high
692,0,75.619,12,map,high
692,0,89.617,13,map,high
692,0,33.455,14,large_dark,high
692,0,135.112,15,motion,high
692,0,80.723,16,large_dark,high
692,0,52.376,17,large_dark,high
692,1,4.031,18,large_dark,high
692,0,80.599,19,map,high
692,0,130.642,20,map,high
692,0,122.708,21,map,high
692,0,42.723,22,large_dark,high
692,0,110.4,23,map,high
692,0,69.859,24,large_dark,high
692,0,62.308,25,map,high
692,0,34.004,26,large_dark,high
692,1,4.924,28,appearance,high
692,0,102.354,29,map,high
692,0,98.804,30,map,high
692,0,88.172,31,map,high
692,0,35.288,32,large_dark,high
692,0,77.494,33,map,high
692,0,87.471,34,map,high
692,0,65.339,35,map,high
692,0,119.793,36,map,high
692,0,111.136,37,map,high
692,0,107.095,38,map,high
692,0,109.833,39,large_dark,high
692,0,73.527,40,large_dark,high
692,0,97.96,41,motion,high
692,0,132.141,42,map,high
692,0,62.938,43,map,high
692,0,85.178,44,map,high
692,0,162.325,45,map,high
692,0,103.543,46,map,high
692,0,111.374,48,map,high
692,0,96.287,49,map,high
692,0,52.738,50,map,high
692,0,139.329,51,motion,high
692,0,115.144,52,map,high
692,0,106.397,53,map,high
692,0,124.182,54,map,high
692,0,63.791,55,map,high
692,0,56.976,56,map,high
692,0,105.101,57,map,high
692,0,149.292,59,map,high
692,0,151.084,60,motion,high
692,0,93.447,61,native_map,high
692,0,78.366,62,large_dark,high
692,0,123.476,63,map,high
692,0,138.428,64,motion,high
692,0,157.398,65,map,high
692,0,148.476,66,motion,high
692,0,129.971,67,motion,high
692,0,69.658,68,large_dark,high
692,0,112.104,69,map,high
692,0,118.432,70,map,high
692,0,85.809,71,large_dark,high
692,0,80.964,72,large_dark,high
692,0,103.568,73,map,high
692,0,98.681,74,motion,high
692,0,97.243,75,map,high
693,0,35.781,1,large_dark,high
693,0,60.632,2,large_dark,high
693,0,74.319,3,large_dark,high
693,0,55.814,4,large_dark,high
693,0,46.035,5,large_dark,high
693,0,39.538,6,large_dark,high
693,0,52.376,7,large_dark,high
693,0,96.469,8,map,high
693,0,42.723,9,large_dark,high
693,0,33.455,10,large_dark,high
693,1,4.031,11,large_dark,high
693,0,86.019,12,large_dark,high
693,0,74.601,13,map,high
693,1,4.924,14,appearance,high
693,0,90.985,15,map,high
693,0,133.874,16,map,high
693,0,140.724,17,motion,high
693,0,34.004,20,large_dark,high
693,0,135.482,21,map,high
693,0,81.733,22,map,high
693,0,126.259,23,map,high
693,0,58.363,24,map,high
693,0,69.859,25,large_dark,high
693,0,116.431,26,map,high
693,0,91.001,27,large_dark,high
693,0,73.207,28,large_dark,high
693,0,105.177,29,map,high
693,0,35.288,30,large_dark,high
693,0,90.168,32,map,high
693,0,88.353,33,map,high
693,0,65.759,34,map,high
693,0,110.137,35,map,high
693,0,113.107,36,map,high
693,0,103.466,37,map,high
693,0,78.366,38,large_dark,high
693,0,132.141,39,map,high
693,0,62.938,40,map,high
693,0,77.435,41,map,high
693,0,86.176,42,map,high
693,0,162.325,43,map,high
693,0,128.372,44,map,high
693,0,105.543,45,map,high
693,0,111.374,46,map,high
693,0,139.171,47,motion,high
693,0,52.738,48,map,high
693,0,115.144,49,map,high
693,0,106.397,50,map,high
693,0,124.182,51,map,high
693,0,63.791,52,map,high
693,0,56.976,53,map,high
693,0,77.157,54,large_dark,high
693,0,105.101,55,map,high
693,0,102.5,56,motion,high
693,0,149.292,57,map,high
693,0,151.084,58,motion,high
693,0,99.53,59,map,high
693,0,123.476,60,map,high
693,0,138.428,61,motion,high
693,0,157.398,63,map,high
693,0,148.476,64,motion,high
693,0,129.971,65,motion,high
693,0,85.809,66,large_dark,high
693,0,69.658,67,large_dark,high
693,0,89.355,68,large_dark,high
693,0,114.316,69,map,high
693,0,122.867,70,map,high
693,0,98.681,71,motion,high
693,0,102.617,72,map,high
693,0,97.243,73,map,high
694,0,35.781,1,large_dark,high
694,0,60.632,2,large_dark,high
694,0,73.33,3,large_dark,high
694,0,55.814,4,large_dark,high
694,0,90.04,5,large_dark,high
694,0,47.024,6,large_dark,high
694,0,54.601,7,large_dark,high
694,0,40.389,8,large_dark,high
694,0,98.698,9,map,high
694,0,138.254,10,map,high
694,0,38.331,11,large_dark,high
694,0,147.371,12,map,high
694,0,42.157,13,large_dark,high
694,1,3.354,14,large_dark,high
694,0,91.248,15,large_dark,high
694,0,33.455,16,large_dark,high
694,0,84.464,17,map,high
694,0,111.437,20,map,high
694,0,34.033,21,large_dark,high
694,1,6.021,22,appearance,high
694,0,91.849,23,map,high
694,0,88.353,24,map,high
694,0,113.187,25,map,high
694,0,83.811,26,map,high
694,0,70.825,27,large_dark,high
694,0,123.172,28,map,high
694,0,119.926,30,map,high
694,0,55.41,31,map,high
694,0,83.96,32,map,high
694,0,35.175,33,large_dark,high
694,0,66.349,34,map,high
694,0,72.603,35,large_dark,high
694,0,128.582,36,map,high
694,0,55.536,37,map,high
694,0,116.607,38,map,high
694,0,119.863,39,map,high
694,0,115.249,40,map,high
694,0,77.719,41,large_dark,high
694,0,95.892,42,map,high
694,0,99.354,43,map,high
694,0,78.008,44,large_dark,high
694,0,105.03,45,map,high
694,0,132.046,46,map,high
694,0,162.838,47,map,high
694,0,111.809,48,map,high
694,0,139.171,49,motion,high
694,0,108.845,50,map,high
694,0,151.606,52,motion,high
694,0,137.482,53,map,high
694,0,151.493,54,motion,high
694,0,124.158,55,map,high
694,0,107.477,56,motion,high
694,0,148.923,57,motion,high
694,0,132.64,58,map,high
694,0,67.574,59,map,high
694,0,90.417,60,map,high
694,0,85.809,61,large_dark,high
694,0,126.701,62,map,high
694,0,108.974,63,map,high
694,0,101.987,64,map,high
695,0,60.632,1,large_dark,high
695,0,35.781,2,large_dark,high
695,0,55.814,3,large_dark,high
695,0,73.33,4,large_dark,high
695,0,54.601,5,large_dark,high
695,0,47.024,6,large_dark,high
695,0,40.389,7,large_dark,high
695,0,38.331,8,large_dark,high
695,1,3.354,10,large_dark,high
695,0,42.157,11,large_dark,high
695,0,91.248,12,large_dark,high
695,0,100.927,13,map,high
695,0,33.455,14,large_dark,high
695,0,143.148,15,map,high
695,0,90.04,16,large_dark,high
695,0,151.731,17,map,high
695,0,84.221,18,map,high
695,0,114.949,20,map,high
695,0,34.033,21,large_dark,high
695,0,93.932,22,map,high
695,0,116.182,23,map,high
695,0,88.353,24,map,high
695,0,70.825,25,large_dark,high
695,1,6.727,27,appearance,high
695,0,123.066,28,map,high
695,0,35.175,29,large_dark,high
695,0,67.581,30,map,high
695,0,128.582,31,map,high
695,0,56.473,32,map,high
695,0,116.607,33,map,high
695,0,119.863,34,map,high
695,0,95.892,35,map,high
695,0,99.354,36,map,high
695,0,78.008,37,large_dark,high
695,0,85.295,38,map,high
695,0,74.473,40,large_dark,high
695,0,151.606,41,motion,high
695,0,109.605,42,map,high
695,0,68.2,43,large_dark,high
695,0,132.64,44,map,high
695,0,85.809,45,large_dark,high
695,0,93.975,46,map,high
695,0,131.146,47,map,high
695,0,108.38,48,map,high
696,0,61.1,1,large_dark,high
696,0,35.934,2,large_dark,high
696,0,73.751,3,large_dark,high
696,0,56.136,4,large_dark,high
696,0,55.617,5,large_dark,high
696,0,46.607,6,large_dark,high
696,0,41.076,7,large_dark,high
696,0,42.264,8,appearance,high
696,0,38.03,9,large_dark,high
696,0,42.851,10,large_dark,high
696,1,3.64,12,large_dark,high
696,0,96.934,13,large_dark,high
696,0,104.887,14,map,high
696,0,150.52,15,map,high
696,0,90.384,16,large_dark,high
696,1,4.472,17,appearance,high
696,0,93.329,19,large_dark,high
696,0,96.919,20,map,high
696,0,120.765,21,map,high
696,0,91.062,22,map,high
696,0,119.173,23,map,high
696,0,34.514,24,large_dark,high
696,0,70.109,25,large_dark,high
696,0,129.639,27,map,high
696,0,155.551,28,map,high
696,0,130.327,29,motion,high
696,0,69.161,30,map,high
696,0,98.112,31,motion,high
696,0,84.701,32,map,high
696,0,139.245,33,map,high
696,0,118.9,34,map,high
696,0,88.9,35,map,high
696,0,126.969,36,map,high
696,0,127.708,37,map,high
696,0,102.182,38,map,high
696,0,156.73,39,map,high
696,0,111.352,40,map,high
696,0,66.994,41,map,high
696,0,106.138,42,map,high
696,0,126.8,43,map,high
696,0,35.556,45,large_dark,high
696,0,129.272,46,map,high
696,0,58.054,47,map,high
696,0,117.308,48,map,high
696,0,157.214,49,motion,high
696,0,120.537,50,map,high
696,0,96.598,51,map,high
696,0,99.916,52,map,high
696,0,72.665,53,large_dark,high
696,0,152.277,55,motion,high
696,0,70.896,56,map,high
696,0,87.363,57,map,high
696,0,115.936,58,map,high
696,0,115.027,59,map,high
696,0,68.442,60,large_dark,high
696,0,90.93,61,large_dark,high
696,0,133.346,62,map,high
696,0,124.965,63,motion,high
696,0,87.386,64,large_dark,high
696,0,98.2,65,map,high
696,0,89.31,66,native_map,high
696,0,137.525,67,map,high
696,0,75.606,68,large_dark,high
696,0,108.449,69,map,high
697,0,62.099,1,large_dark,high
697,0,56.002,2,large_dark,high
697,0,56.8,3,large_dark,high
697,0,37.845,4,large_dark,high
697,0,74.741,5,large_dark,high
697,0,35.934,7,large_dark,high
697,0,91.62,8,large_dark,high
697,0,46.457,9,large_dark,high
697,0,31.149,10,large_dark,high
697,0,38.513,11,large_dark,high
697,0,37.125,12,large_dark,high
697,0,112.629,13,map,high
697,0,42.851,14,large_dark,high
697,0,41.931,15,large_dark,high
697,1,3.64,16,large_dark,high
697,0,100.659,17,map,high
697,0,156.759,18,map,high
697,1,4.472,19,appearance,high
697,0,62.883,20,map,high
697,0,128.97,21,map,high
697,0,41.283,22,appearance,high
697,0,101.667,23,large_dark,high
697,0,94.403,24,motion,high
697,0,108.182,25,map,high
697,0,120.649,26,motion,high
697,0,104.529,27,motion,high
697,0,93.708,28,map,high
697,0,95.28,29,large_dark,high
697,0,123.904,30,map,high
697,0,71.981,31,large_dark,high
697,0,123.395,32,map,high
697,0,71.36,33,map,high
697,0,134.5,35,map,high
697,0,139.714,36,motion,high
697,0,134.66,37,motion,high
697,0,75.208,38,map,high
697,0,93.066,39,map,high
697,0,138.07,40,map,high
697,0,150.882,41,map,high
697,0,129.071,42,map,high
697,0,137.591,43,map,high
697,0,140.757,44,motion,high
697,0,119.303,45,motion,high
697,0,61.166,46,map,high
697,0,56.002,47,map,high
697,0,112.531,48,map,high
697,0,30.516,49,large_dark,high
697,0,89.567,50,map,high
697,0,113.891,51,motion,high
697,0,127.598,52,map,high
697,0,128.177,53,map,high
697,0,102.885,54,map,high
697,0,157.271,55,map,high
697,0,111.979,56,map,high
697,0,67.84,57,map,high
697,0,99.479,58,motion,high
697,0,106.289,59,map,high
697,0,107.132,60,map,high
697,0,35.627,61,large_dark,high
697,0,125.177,62,map,high
697,0,73.132,64,map,high
697,0,130.269,65,motion,high
697,0,157.713,66,motion,high
697,0,118.119,67,motion,high
697,0,74.862,69,large_dark,high
697,0,134.541,70,motion,high
697,0,116.281,71,map,high
697,0,68.529,72,large_dark,high
697,0,93.564,73,large_dark,high
697,0,125.464,74,motion,high
697,0,100.629,75,large_dark,high
697,0,146.889,76,map,high
697,0,88.698,77,large_dark,high
697,0,94.764,78,native_map,high
697,0,79.607,79,large_dark,high
697,0,142.707,80,map,high
698,0,46.607,1,large_dark,high
698,0,62.099,2,large_dark,high
698,0,56.002,3,large_dark,high
698,0,56.8,4,large_dark,high
698,0,37.845,5,large_dark,high
698,0,74.741,6,large_dark,high
698,0,41.931,7,large_dark,high
698,0,35.415,8,large_dark,high
698,0,31.149,9,large_dark,high
698,0,38.513,10,large_dark,high
698,0,39.322,11,appearance,high
698,0,30.104,12,large_dark,high
698,0,91.62,14,large_dark,high
698,1,3.64,15,large_dark,high
698,0,30.516,16,large_dark,high
698,0,161.222,17,map,high
698,0,103.756,18,map,high
698,1,4.472,19,appearance,high
698,0,43.419,20,large_dark,high
698,0,101.667,21,large_dark,high
698,0,116.774,22,map,high
698,0,25.283,23,large_dark,high
698,0,134.038,24,map,high
698,0,58.943,25,map,high
698,0,95.603,26,motion,high
698,0,94.595,27,map,high
698,0,122.859,28,motion,high
698,0,126.977,29,map,high
698,0,110.947,30,map,high
698,0,71.981,31,large_dark,high
698,0,106.246,32,motion,high
698,0,75.208,33,map,high
698,0,139.148,34,map,high
698,0,126.926,35,map,high
698,0,146.014,36,motion,high
698,0,138.781,37,motion,high
698,0,72.707,38,appearance,high
698,0,94.479,39,map,high
698,0,138.07,40,map,high
698,0,81.008,41,map,high
698,0,150.882,42,map,high
698,0,129.071,43,map,high
698,0,76.253,44,large_dark,high
698,0,137.591,45,map,high
698,0,140.757,46,motion,high
698,0,119.303,47,motion,high
698,0,61.166,48,map,high
698,0,56.002,49,map,high
698,0,112.531,50,map,high
698,0,89.567,51,map,high
698,0,127.598,52,map,high
698,0,128.177,54,map,high
698,0,114.539,55,motion,high
698,0,102.885,56,map,high
698,0,157.271,57,map,high
698,0,111.979,59,map,high
698,0,67.84,60,map,high
698,0,106.289,61,map,high
698,0,108.546,62,map,high
698,0,79.607,63,large_dark,high
698,0,125.177,64,map,high
698,0,133.417,65,motion,high
698,0,157.713,66,motion,high
698,0,118.119,67,motion,high
698,0,100.344,68,motion,high
698,0,134.541,70,motion,high
698,0,116.281,71,map,high
698,0,100.629,72,large_dark,high
698,0,125.464,73,motion,high
698,0,95.798,74,large_dark,high
698,0,105.543,75,large_dark,high
698,0,94.764,76,native_map,high
698,0,153.04,77,map,high
698,0,97.679,78,native_map,high
698,0,76.924,79,large_dark,high
698,0,94.023,80,native_map,high
