acquire_threshold,track_threshold,acquire_hits,max_misses,max_jump_px,output_tentative,coast_output,frames_all,visible_frames,invisible_frames,all_frame_correct,all_frame_accuracy,visible_strict,visible_strict_recall,visible_loose,visible_loose_recall,invisible_no_box,invisible_no_box_rate,selected_frames,first_lock_frame,first_strict_frame,strict_latency_frames
0.9,0.02,1,0,12.0,0,0,250,38,212,249,0.996,38,1.0,38,1.0,211,0.9953,39,211,212,0
0.9,0.02,1,0,18.0,0,0,250,38,212,249,0.996,38,1.0,38,1.0,211,0.9953,39,211,212,0
0.9,0.02,1,0,24.0,0,0,250,38,212,249,0.996,38,1.0,38,1.0,211,0.9953,39,211,212,0
0.9,0.02,1,0,32.0,0,0,250,38,212,249,0.996,38,1.0,38,1.0,211,0.9953,39,211,212,0
0.9,0.02,1,0,48.0,0,0,250,38,212,249,0.996,38,1.0,38,1.0,211,0.9953,39,211,212,0
0.9,0.02,1,1,12.0,0,0,250,38,212,249,0.996,38,1.0,38,1.0,211,0.9953,39,211,212,0
0.9,0.02,1,1,18.0,0,0,250,38,212,249,0.996,38,1.0,38,1.0,211,0.9953,39,211,212,0
0.9,0.02,1,1,24.0,0,0,250,38,212,249,0.996,38,1.0,38,1.0,211,0.9953,39,211,212,0
0.9,0.02,1,1,32.0,0,0,250,38,212,249,0.996,38,1.0,38,1.0,211,0.9953,39,211,212,0
0.9,0.02,1,1,48.0,0,0,250,38,212,249,0.996,38,1.0,38,1.0,211,0.9953,39,211,212,0
0.9,0.02,1,2,12.0,0,0,250,38,212,249,0.996,38,1.0,38,1.0,211,0.9953,39,211,212,0
0.9,0.02,1,2,18.0,0,0,250,38,212,249,0.996,38,1.0,38,1.0,211,0.9953,39,211,212,0
0.9,0.02,1,2,24.0,0,0,250,38,212,249,0.996,38,1.0,38,1.0,211,0.9953,39,211,212,0
0.9,0.02,1,2,32.0,0,0,250,38,212,249,0.996,38,1.0,38,1.0,211,0.9953,39,211,212,0
0.9,0.02,1,2,48.0,0,0,250,38,212,249,0.996,38,1.0,38,1.0,211,0.9953,39,211,212,0
0.9,0.05,1,0,12.0,0,0,250,38,212,249,0.996,38,1.0,38,1.0,211,0.9953,39,211,212,0
0.9,0.05,1,0,18.0,0,0,250,38,212,249,0.996,38,1.0,38,1.0,211,0.9953,39,211,212,0
0.9,0.05,1,0,24.0,0,0,250,38,212,249,0.996,38,1.0,38,1.0,211,0.9953,39,211,212,0
0.9,0.05,1,0,32.0,0,0,250,38,212,249,0.996,38,1.0,38,1.0,211,0.9953,39,211,212,0
0.9,0.05,1,0,48.0,0,0,250,38,212,249,0.996,38,1.0,38,1.0,211,0.9953,39,211,212,0
0.9,0.05,1,1,12.0,0,0,250,38,212,249,0.996,38,1.0,38,1.0,211,0.9953,39,211,212,0
0.9,0.05,1,1,18.0,0,0,250,38,212,249,0.996,38,1.0,38,1.0,211,0.9953,39,211,212,0
0.9,0.05,1,1,24.0,0,0,250,38,212,249,0.996,38,1.0,38,1.0,211,0.9953,39,211,212,0
0.9,0.05,1,1,32.0,0,0,250,38,212,249,0.996,38,1.0,38,1.0,211,0.9953,39,211,212,0
0.9,0.05,1,1,48.0,0,0,250,38,212,249,0.996,38,1.0,38,1.0,211,0.9953,39,211,212,0
0.9,0.05,1,2,12.0,0,0,250,38,212,249,0.996,38,1.0,38,1.0,211,0.9953,39,211,212,0
0.9,0.05,1,2,18.0,0,0,250,38,212,249,0.996,38,1.0,38,1.0,211,0.9953,39,211,212,0
0.9,0.05,1,2,24.0,0,0,250,38,212,249,0.996,38,1.0,38,1.0,211,0.9953,39,211,212,0
0.9,0.05,1,2,32.0,0,0,250,38,212,249,0.996,38,1.0,38,1.0,211,0.9953,39,211,212,0
0.9,0.05,1,2,48.0,0,0,250,38,212,249,0.996,38,1.0,38,1.0,211,0.9953,39,211,212,0
0.9,0.1,1,0,12.0,0,0,250,38,212,249,0.996,38,1.0,38,1.0,211,0.9953,39,211,212,0
0.9,0.1,1,0,18.0,0,0,250,38,212,249,0.996,38,1.0,38,1.0,211,0.9953,39,211,212,0
0.9,0.1,1,0,24.0,0,0,250,38,212,249,0.996,38,1.0,38,1.0,211,0.9953,39,211,212,0
0.9,0.1,1,0,32.0,0,0,250,38,212,249,0.996,38,1.0,38,1.0,211,0.9953,39,211,212,0
0.9,0.1,1,0,48.0,0,0,250,38,212,249,0.996,38,1.0,38,1.0,211,0.9953,39,211,212,0
0.9,0.1,1,1,12.0,0,0,250,38,212,249,0.996,38,1.0,38,1.0,211,0.9953,39,211,212,0
0.9,0.1,1,1,18.0,0,0,250,38,212,249,0.996,38,1.0,38,1.0,211,0.9953,39,211,212,0
0.9,0.1,1,1,24.0,0,0,250,38,212,249,0.996,38,1.0,38,1.0,211,0.9953,39,211,212,0
0.9,0.1,1,1,32.0,0,0,250,38,212,249,0.996,38,1.0,38,1.0,211,0.9953,39,211,212,0
0.9,0.1,1,1,48.0,0,0,250,38,212,249,0.996,38,1.0,38,1.0,211,0.9953,39,211,212,0
0.9,0.1,1,2,12.0,0,0,250,38,212,249,0.996,38,1.0,38,1.0,211,0.9953,39,211,212,0
0.9,0.1,1,2,18.0,0,0,250,38,212,249,0.996,38,1.0,38,1.0,211,0.9953,39,211,212,0
0.9,0.1,1,2,24.0,0,0,250,38,212,249,0.996,38,1.0,38,1.0,211,0.9953,39,211,212,0
0.9,0.1,1,2,32.0,0,0,250,38,212,249,0.996,38,1.0,38,1.0,211,0.9953,39,211,212,0
0.9,0.1,1,2,48.0,0,0,250,38,212,249,0.996,38,1.0,38,1.0,211,0.9953,39,211,212,0
0.9,0.15,1,0,12.0,0,0,250,38,212,249,0.996,38,1.0,38,1.0,211,0.9953,39,211,212,0
0.9,0.15,1,0,18.0,0,0,250,38,212,249,0.996,38,1.0,38,1.0,211,0.9953,39,211,212,0
0.9,0.15,1,0,24.0,0,0,250,38,212,249,0.996,38,1.0,38,1.0,211,0.9953,39,211,212,0
0.9,0.15,1,0,32.0,0,0,250,38,212,249,0.996,38,1.0,38,1.0,211,0.9953,39,211,212,0
0.9,0.15,1,0,48.0,0,0,250,38,212,249,0.996,38,1.0,38,1.0,211,0.9953,39,211,212,0
0.9,0.15,1,1,12.0,0,0,250,38,212,249,0.996,38,1.0,38,1.0,211,0.9953,39,211,212,0
0.9,0.15,1,1,18.0,0,0,250,38,212,249,0.996,38,1.0,38,1.0,211,0.9953,39,211,212,0
0.9,0.15,1,1,24.0,0,0,250,38,212,249,0.996,38,1.0,38,1.0,211,0.9953,39,211,212,0
0.9,0.15,1,1,32.0,0,0,250,38,212,249,0.996,38,1.0,38,1.0,211,0.9953,39,211,212,0
0.9,0.15,1,1,48.0,0,0,250,38,212,249,0.996,38,1.0,38,1.0,211,0.9953,39,211,212,0
0.9,0.15,1,2,12.0,0,0,250,38,212,249,0.996,38,1.0,38,1.0,211,0.9953,39,211,212,0
0.9,0.15,1,2,18.0,0,0,250,38,212,249,0.996,38,1.0,38,1.0,211,0.9953,39,211,212,0
0.9,0.15,1,2,24.0,0,0,250,38,212,249,0.996,38,1.0,38,1.0,211,0.9953,39,211,212,0
0.9,0.15,1,2,32.0,0,0,250,38,212,249,0.996,38,1.0,38,1.0,211,0.9953,39,211,212,0
0.9,0.15,1,2,48.0,0,0,250,38,212,249,0.996,38,1.0,38,1.0,211,0.9953,39,211,212,0
0.9,0.2,1,0,12.0,0,0,250,38,212,249,0.996,38,1.0,38,1.0,211,0.9953,39,211,212,0
0.9,0.2,1,0,18.0,0,0,250,38,212,249,0.996,38,1.0,38,1.0,211,0.9953,39,211,212,0
0.9,0.2,1,0,24.0,0,0,250,38,212,249,0.996,38,1.0,38,1.0,211,0.9953,39,211,212,0
0.9,0.2,1,0,32.0,0,0,250,38,212,249,0.996,38,1.0,38,1.0,211,0.9953,39,211,212,0
0.9,0.2,1,0,48.0,0,0,250,38,212,249,0.996,38,1.0,38,1.0,211,0.9953,39,211,212,0
0.9,0.2,1,1,12.0,0,0,250,38,212,249,0.996,38,1.0,38,1.0,211,0.9953,39,211,212,0
0.9,0.2,1,1,18.0,0,0,250,38,212,249,0.996,38,1.0,38,1.0,211,0.9953,39,211,212,0
0.9,0.2,1,1,24.0,0,0,250,38,212,249,0.996,38,1.0,38,1.0,211,0.9953,39,211,212,0
0.9,0.2,1,1,32.0,0,0,250,38,212,249,0.996,38,1.0,38,1.0,211,0.9953,39,211,212,0
0.9,0.2,1,1,48.0,0,0,250,38,212,249,0.996,38,1.0,38,1.0,211,0.9953,39,211,212,0
0.9,0.2,1,2,12.0,0,0,250,38,212,249,0.996,38,1.0,38,1.0,211,0.9953,39,211,212,0
0.9,0.2,1,2,18.0,0,0,250,38,212,249,0.996,38,1.0,38,1.0,211,0.9953,39,211,212,0
0.9,0.2,1,2,24.0,0,0,250,38,212,249,0.996,38,1.0,38,1.0,211,0.9953,39,211,212,0
0.9,0.2,1,2,32.0,0,0,250,38,212,249,0.996,38,1.0,38,1.0,211,0.9953,39,211,212,0
0.9,0.2,1,2,48.0,0,0,250,38,212,249,0.996,38,1.0,38,1.0,211,0.9953,39,211,212,0
0.9,0.25,1,0,12.0,0,0,250,38,212,249,0.996,38,1.0,38,1.0,211,0.9953,39,211,212,0
0.9,0.25,1,0,18.0,0,0,250,38,212,249,0.996,38,1.0,38,1.0,211,0.9953,39,211,212,0
0.9,0.25,1,0,24.0,0,0,250,38,212,249,0.996,38,1.0,38,1.0,211,0.9953,39,211,212,0
0.9,0.25,1,0,32.0,0,0,250,38,212,249,0.996,38,1.0,38,1.0,211,0.9953,39,211,212,0
0.9,0.25,1,0,48.0,0,0,250,38,212,249,0.996,38,1.0,38,1.0,211,0.9953,39,211,212,0
0.9,0.25,1,1,12.0,0,0,250,38,212,249,0.996,38,1.0,38,1.0,211,0.9953,39,211,212,0
0.9,0.25,1,1,18.0,0,0,250,38,212,249,0.996,38,1.0,38,1.0,211,0.9953,39,211,212,0
0.9,0.25,1,1,24.0,0,0,250,38,212,249,0.996,38,1.0,38,1.0,211,0.9953,39,211,212,0
0.9,0.25,1,1,32.0,0,0,250,38,212,249,0.996,38,1.0,38,1.0,211,0.9953,39,211,212,0
0.9,0.25,1,1,48.0,0,0,250,38,212,249,0.996,38,1.0,38,1.0,211,0.9953,39,211,212,0
0.9,0.25,1,2,12.0,0,0,250,38,212,249,0.996,38,1.0,38,1.0,211,0.9953,39,211,212,0
0.9,0.25,1,2,18.0,0,0,250,38,212,249,0.996,38,1.0,38,1.0,211,0.9953,39,211,212,0
0.9,0.25,1,2,24.0,0,0,250,38,212,249,0.996,38,1.0,38,1.0,211,0.9953,39,211,212,0
0.9,0.25,1,2,32.0,0,0,250,38,212,249,0.996,38,1.0,38,1.0,211,0.9953,39,211,212,0
0.9,0.25,1,2,48.0,0,0,250,38,212,249,0.996,38,1.0,38,1.0,211,0.9953,39,211,212,0
0.9,0.3,1,0,12.0,0,0,250,38,212,249,0.996,38,1.0,38,1.0,211,0.9953,39,211,212,0
0.9,0.3,1,0,18.0,0,0,250,38,212,249,0.996,38,1.0,38,1.0,211,0.9953,39,211,212,0
0.9,0.3,1,0,24.0,0,0,250,38,212,249,0.996,38,1.0,38,1.0,211,0.9953,39,211,212,0
0.9,0.3,1,0,32.0,0,0,250,38,212,249,0.996,38,1.0,38,1.0,211,0.9953,39,211,212,0
0.9,0.3,1,0,48.0,0,0,250,38,212,249,0.996,38,1.0,38,1.0,211,0.9953,39,211,212,0
0.9,0.3,1,1,12.0,0,0,250,38,212,249,0.996,38,1.0,38,1.0,211,0.9953,39,211,212,0
0.9,0.3,1,1,18.0,0,0,250,38,212,249,0.996,38,1.0,38,1.0,211,0.9953,39,211,212,0
0.9,0.3,1,1,24.0,0,0,250,38,212,249,0.996,38,1.0,38,1.0,211,0.9953,39,211,212,0
0.9,0.3,1,1,32.0,0,0,250,38,212,249,0.996,38,1.0,38,1.0,211,0.9953,39,211,212,0
0.9,0.3,1,1,48.0,0,0,250,38,212,249,0.996,38,1.0,38,1.0,211,0.9953,39,211,212,0
0.9,0.3,1,2,12.0,0,0,250,38,212,249,0.996,38,1.0,38,1.0,211,0.9953,39,211,212,0
0.9,0.3,1,2,18.0,0,0,250,38,212,249,0.996,38,1.0,38,1.0,211,0.9953,39,211,212,0
0.9,0.3,1,2,24.0,0,0,250,38,212,249,0.996,38,1.0,38,1.0,211,0.9953,39,211,212,0
0.9,0.3,1,2,32.0,0,0,250,38,212,249,0.996,38,1.0,38,1.0,211,0.9953,39,211,212,0
0.9,0.3,1,2,48.0,0,0,250,38,212,249,0.996,38,1.0,38,1.0,211,0.9953,39,211,212,0
0.9,0.35,1,0,12.0,0,0,250,38,212,249,0.996,38,1.0,38,1.0,211,0.9953,39,211,212,0
0.9,0.35,1,0,18.0,0,0,250,38,212,249,0.996,38,1.0,38,1.0,211,0.9953,39,211,212,0
0.9,0.35,1,0,24.0,0,0,250,38,212,249,0.996,38,1.0,38,1.0,211,0.9953,39,211,212,0
0.9,0.35,1,0,32.0,0,0,250,38,212,249,0.996,38,1.0,38,1.0,211,0.9953,39,211,212,0
0.9,0.35,1,0,48.0,0,0,250,38,212,249,0.996,38,1.0,38,1.0,211,0.9953,39,211,212,0
0.9,0.35,1,1,12.0,0,0,250,38,212,249,0.996,38,1.0,38,1.0,211,0.9953,39,211,212,0
0.9,0.35,1,1,18.0,0,0,250,38,212,249,0.996,38,1.0,38,1.0,211,0.9953,39,211,212,0
0.9,0.35,1,1,24.0,0,0,250,38,212,249,0.996,38,1.0,38,1.0,211,0.9953,39,211,212,0
0.9,0.35,1,1,32.0,0,0,250,38,212,249,0.996,38,1.0,38,1.0,211,0.9953,39,211,212,0
0.9,0.35,1,1,48.0,0,0,250,38,212,249,0.996,38,1.0,38,1.0,211,0.9953,39,211,212,0
0.9,0.35,1,2,12.0,0,0,250,38,212,249,0.996,38,1.0,38,1.0,211,0.9953,39,211,212,0
0.9,0.35,1,2,18.0,0,0,250,38,212,249,0.996,38,1.0,38,1.0,211,0.9953,39,211,212,0
0.9,0.35,1,2,24.0,0,0,250,38,212,249,0.996,38,1.0,38,1.0,211,0.9953,39,211,212,0
0.9,0.35,1,2,32.0,0,0,250,38,212,249,0.996,38,1.0,38,1.0,211,0.9953,39,211,212,0
0.9,0.35,1,2,48.0,0,0,250,38,212,249,0.996,38,1.0,38,1.0,211,0.9953,39,211,212,0
0.9,0.4,1,0,12.0,0,0,250,38,212,249,0.996,38,1.0,38,1.0,211,0.9953,39,211,212,0
0.9,0.4,1,0,18.0,0,0,250,38,212,249,0.996,38,1.0,38,1.0,211,0.9953,39,211,212,0
0.9,0.4,1,0,24.0,0,0,250,38,212,249,0.996,38,1.0,38,1.0,211,0.9953,39,211,212,0
0.9,0.4,1,0,32.0,0,0,250,38,212,249,0.996,38,1.0,38,1.0,211,0.9953,39,211,212,0
0.9,0.4,1,0,48.0,0,0,250,38,212,249,0.996,38,1.0,38,1.0,211,0.9953,39,211,212,0
0.9,0.4,1,1,12.0,0,0,250,38,212,249,0.996,38,1.0,38,1.0,211,0.9953,39,211,212,0
0.9,0.4,1,1,18.0,0,0,250,38,212,249,0.996,38,1.0,38,1.0,211,0.9953,39,211,212,0
0.9,0.4,1,1,24.0,0,0,250,38,212,249,0.996,38,1.0,38,1.0,211,0.9953,39,211,212,0
0.9,0.4,1,1,32.0,0,0,250,38,212,249,0.996,38,1.0,38,1.0,211,0.9953,39,211,212,0
0.9,0.4,1,1,48.0,0,0,250,38,212,249,0.996,38,1.0,38,1.0,211,0.9953,39,211,212,0
0.9,0.4,1,2,12.0,0,0,250,38,212,249,0.996,38,1.0,38,1.0,211,0.9953,39,211,212,0
0.9,0.4,1,2,18.0,0,0,250,38,212,249,0.996,38,1.0,38,1.0,211,0.9953,39,211,212,0
0.9,0.4,1,2,24.0,0,0,250,38,212,249,0.996,38,1.0,38,1.0,211,0.9953,39,211,212,0
0.9,0.4,1,2,32.0,0,0,250,38,212,249,0.996,38,1.0,38,1.0,211,0.9953,39,211,212,0
0.9,0.4,1,2,48.0,0,0,250,38,212,249,0.996,38,1.0,38,1.0,211,0.9953,39,211,212,0
0.9,0.45,1,0,12.0,0,0,250,38,212,249,0.996,38,1.0,38,1.0,211,0.9953,39,211,212,0
0.9,0.45,1,0,18.0,0,0,250,38,212,249,0.996,38,1.0,38,1.0,211,0.9953,39,211,212,0
0.9,0.45,1,0,24.0,0,0,250,38,212,249,0.996,38,1.0,38,1.0,211,0.9953,39,211,212,0
0.9,0.45,1,0,32.0,0,0,250,38,212,249,0.996,38,1.0,38,1.0,211,0.9953,39,211,212,0
0.9,0.45,1,0,48.0,0,0,250,38,212,249,0.996,38,1.0,38,1.0,211,0.9953,39,211,212,0
0.9,0.45,1,1,12.0,0,0,250,38,212,249,0.996,38,1.0,38,1.0,211,0.9953,39,211,212,0
0.9,0.45,1,1,18.0,0,0,250,38,212,249,0.996,38,1.0,38,1.0,211,0.9953,39,211,212,0
0.9,0.45,1,1,24.0,0,0,250,38,212,249,0.996,38,1.0,38,1.0,211,0.9953,39,211,212,0
0.9,0.45,1,1,32.0,0,0,250,38,212,249,0.996,38,1.0,38,1.0,211,0.9953,39,211,212,0
0.9,0.45,1,1,48.0,0,0,250,38,212,249,0.996,38,1.0,38,1.0,211,0.9953,39,211,212,0
0.9,0.45,1,2,12.0,0,0,250,38,212,249,0.996,38,1.0,38,1.0,211,0.9953,39,211,212,0
0.9,0.45,1,2,18.0,0,0,250,38,212,249,0.996,38,1.0,38,1.0,211,0.9953,39,211,212,0
0.9,0.45,1,2,24.0,0,0,250,38,212,249,0.996,38,1.0,38,1.0,211,0.9953,39,211,212,0
0.9,0.45,1,2,32.0,0,0,250,38,212,249,0.996,38,1.0,38,1.0,211,0.9953,39,211,212,0
0.9,0.45,1,2,48.0,0,0,250,38,212,249,0.996,38,1.0,38,1.0,211,0.9953,39,211,212,0
0.9,0.5,1,0,12.0,0,0,250,38,212,249,0.996,38,1.0,38,1.0,211,0.9953,39,211,212,0
0.9,0.5,1,0,18.0,0,0,250,38,212,249,0.996,38,1.0,38,1.0,211,0.9953,39,211,212,0
0.9,0.5,1,0,24.0,0,0,250,38,212,249,0.996,38,1.0,38,1.0,211,0.9953,39,211,212,0
0.9,0.5,1,0,32.0,0,0,250,38,212,249,0.996,38,1.0,38,1.0,211,0.9953,39,211,212,0
0.9,0.5,1,0,48.0,0,0,250,38,212,249,0.996,38,1.0,38,1.0,211,0.9953,39,211,212,0
0.9,0.5,1,1,12.0,0,0,250,38,212,249,0.996,38,1.0,38,1.0,211,0.9953,39,211,212,0
0.9,0.5,1,1,18.0,0,0,250,38,212,249,0.996,38,1.0,38,1.0,211,0.9953,39,211,212,0
0.9,0.5,1,1,24.0,0,0,250,38,212,249,0.996,38,1.0,38,1.0,211,0.9953,39,211,212,0
0.9,0.5,1,1,32.0,0,0,250,38,212,249,0.996,38,1.0,38,1.0,211,0.9953,39,211,212,0
0.9,0.5,1,1,48.0,0,0,250,38,212,249,0.996,38,1.0,38,1.0,211,0.9953,39,211,212,0
0.9,0.5,1,2,12.0,0,0,250,38,212,249,0.996,38,1.0,38,1.0,211,0.9953,39,211,212,0
0.9,0.5,1,2,18.0,0,0,250,38,212,249,0.996,38,1.0,38,1.0,211,0.9953,39,211,212,0
0.9,0.5,1,2,24.0,0,0,250,38,212,249,0.996,38,1.0,38,1.0,211,0.9953,39,211,212,0
0.9,0.5,1,2,32.0,0,0,250,38,212,249,0.996,38,1.0,38,1.0,211,0.9953,39,211,212,0
0.9,0.5,1,2,48.0,0,0,250,38,212,249,0.996,38,1.0,38,1.0,211,0.9953,39,211,212,0
0.9,0.55,1,0,12.0,0,0,250,38,212,249,0.996,38,1.0,38,1.0,211,0.9953,39,211,212,0
0.9,0.55,1,0,18.0,0,0,250,38,212,249,0.996,38,1.0,38,1.0,211,0.9953,39,211,212,0
0.9,0.55,1,0,24.0,0,0,250,38,212,249,0.996,38,1.0,38,1.0,211,0.9953,39,211,212,0
0.9,0.55,1,0,32.0,0,0,250,38,212,249,0.996,38,1.0,38,1.0,211,0.9953,39,211,212,0
0.9,0.55,1,0,48.0,0,0,250,38,212,249,0.996,38,1.0,38,1.0,211,0.9953,39,211,212,0
0.9,0.55,1,1,12.0,0,0,250,38,212,249,0.996,38,1.0,38,1.0,211,0.9953,39,211,212,0
0.9,0.55,1,1,18.0,0,0,250,38,212,249,0.996,38,1.0,38,1.0,211,0.9953,39,211,212,0
0.9,0.55,1,1,24.0,0,0,250,38,212,249,0.996,38,1.0,38,1.0,211,0.9953,39,211,212,0
0.9,0.55,1,1,32.0,0,0,250,38,212,249,0.996,38,1.0,38,1.0,211,0.9953,39,211,212,0
0.9,0.55,1,1,48.0,0,0,250,38,212,249,0.996,38,1.0,38,1.0,211,0.9953,39,211,212,0
0.9,0.55,1,2,12.0,0,0,250,38,212,249,0.996,38,1.0,38,1.0,211,0.9953,39,211,212,0
0.9,0.55,1,2,18.0,0,0,250,38,212,249,0.996,38,1.0,38,1.0,211,0.9953,39,211,212,0
0.9,0.55,1,2,24.0,0,0,250,38,212,249,0.996,38,1.0,38,1.0,211,0.9953,39,211,212,0
0.9,0.55,1,2,32.0,0,0,250,38,212,249,0.996,38,1.0,38,1.0,211,0.9953,39,211,212,0
0.9,0.55,1,2,48.0,0,0,250,38,212,249,0.996,38,1.0,38,1.0,211,0.9953,39,211,212,0
0.9,0.6,1,0,12.0,0,0,250,38,212,249,0.996,38,1.0,38,1.0,211,0.9953,39,211,212,0
0.9,0.6,1,0,18.0,0,0,250,38,212,249,0.996,38,1.0,38,1.0,211,0.9953,39,211,212,0
0.9,0.6,1,0,24.0,0,0,250,38,212,249,0.996,38,1.0,38,1.0,211,0.9953,39,211,212,0
0.9,0.6,1,0,32.0,0,0,250,38,212,249,0.996,38,1.0,38,1.0,211,0.9953,39,211,212,0
0.9,0.6,1,0,48.0,0,0,250,38,212,249,0.996,38,1.0,38,1.0,211,0.9953,39,211,212,0
0.9,0.6,1,1,12.0,0,0,250,38,212,249,0.996,38,1.0,38,1.0,211,0.9953,39,211,212,0
0.9,0.6,1,1,18.0,0,0,250,38,212,249,0.996,38,1.0,38,1.0,211,0.9953,39,211,212,0
0.9,0.6,1,1,24.0,0,0,250,38,212,249,0.996,38,1.0,38,1.0,211,0.9953,39,211,212,0
0.9,0.6,1,1,32.0,0,0,250,38,212,249,0.996,38,1.0,38,1.0,211,0.9953,39,211,212,0
0.9,0.6,1,1,48.0,0,0,250,38,212,249,0.996,38,1.0,38,1.0,211,0.9953,39,211,212,0
0.9,0.6,1,2,12.0,0,0,250,38,212,249,0.996,38,1.0,38,1.0,211,0.9953,39,211,212,0
0.9,0.6,1,2,18.0,0,0,250,38,212,249,0.996,38,1.0,38,1.0,211,0.9953,39,211,212,0
0.9,0.6,1,2,24.0,0,0,250,38,212,249,0.996,38,1.0,38,1.0,211,0.9953,39,211,212,0
0.9,0.6,1,2,32.0,0,0,250,38,212,249,0.996,38,1.0,38,1.0,211,0.9953,39,211,212,0
0.9,0.6,1,2,48.0,0,0,250,38,212,249,0.996,38,1.0,38,1.0,211,0.9953,39,211,212,0
0.9,0.65,1,0,12.0,0,0,250,38,212,249,0.996,38,1.0,38,1.0,211,0.9953,39,211,212,0
0.9,0.65,1,0,18.0,0,0,250,38,212,249,0.996,38,1.0,38,1.0,211,0.9953,39,211,212,0
0.9,0.65,1,0,24.0,0,0,250,38,212,249,0.996,38,1.0,38,1.0,211,0.9953,39,211,212,0
0.9,0.65,1,0,32.0,0,0,250,38,212,249,0.996,38,1.0,38,1.0,211,0.9953,39,211,212,0
0.9,0.65,1,0,48.0,0,0,250,38,212,249,0.996,38,1.0,38,1.0,211,0.9953,39,211,212,0
0.9,0.65,1,1,12.0,0,0,250,38,212,249,0.996,38,1.0,38,1.0,211,0.9953,39,211,212,0
0.9,0.65,1,1,18.0,0,0,250,38,212,249,0.996,38,1.0,38,1.0,211,0.9953,39,211,212,0
0.9,0.65,1,1,24.0,0,0,250,38,212,249,0.996,38,1.0,38,1.0,211,0.9953,39,211,212,0
0.9,0.65,1,1,32.0,0,0,250,38,212,249,0.996,38,1.0,38,1.0,211,0.9953,39,211,212,0
0.9,0.65,1,1,48.0,0,0,250,38,212,249,0.996,38,1.0,38,1.0,211,0.9953,39,211,212,0
0.9,0.65,1,2,12.0,0,0,250,38,212,249,0.996,38,1.0,38,1.0,211,0.9953,39,211,212,0
0.9,0.65,1,2,18.0,0,0,250,38,212,249,0.996,38,1.0,38,1.0,211,0.9953,39,211,212,0
0.9,0.65,1,2,24.0,0,0,250,38,212,249,0.996,38,1.0,38,1.0,211,0.9953,39,211,212,0
0.9,0.65,1,2,32.0,0,0,250,38,212,249,0.996,38,1.0,38,1.0,211,0.9953,39,211,212,0
0.9,0.65,1,2,48.0,0,0,250,38,212,249,0.996,38,1.0,38,1.0,211,0.9953,39,211,212,0
0.9,0.7,1,1,12.0,0,0,250,38,212,245,0.98,34,0.8947,34,0.8947,211,0.9953,35,211,213,1
0.9,0.7,1,1,18.0,0,0,250,38,212,245,0.98,34,0.8947,34,0.8947,211,0.9953,35,211,213,1
0.9,0.7,1,1,24.0,0,0,250,38,212,245,0.98,34,0.8947,34,0.8947,211,0.9953,35,211,213,1
0.9,0.7,1,1,32.0,0,0,250,38,212,245,0.98,34,0.8947,34,0.8947,211,0.9953,35,211,213,1
0.9,0.7,1,1,48.0,0,0,250,38,212,245,0.98,34,0.8947,34,0.8947,211,0.9953,35,211,213,1
0.9,0.7,1,2,12.0,0,0,250,38,212,245,0.98,34,0.8947,34,0.8947,211,0.9953,35,211,213,1
0.9,0.7,1,2,18.0,0,0,250,38,212,245,0.98,34,0.8947,34,0.8947,211,0.9953,35,211,213,1
0.9,0.7,1,2,24.0,0,0,250,38,212,245,0.98,34,0.8947,34,0.8947,211,0.9953,35,211,213,1
0.9,0.7,1,2,32.0,0,0,250,38,212,245,0.98,34,0.8947,34,0.8947,211,0.9953,35,211,213,1
0.9,0.7,1,2,48.0,0,0,250,38,212,245,0.98,34,0.8947,34,0.8947,211,0.9953,35,211,213,1
0.65,0.65,3,2,12.0,0,0,250,38,212,244,0.976,38,1.0,38,1.0,206,0.9717,44,212,212,0
0.65,0.65,3,2,18.0,0,0,250,38,212,244,0.976,38,1.0,38,1.0,206,0.9717,44,212,212,0
0.65,0.65,3,0,12.0,0,0,250,38,212,243,0.972,38,1.0,38,1.0,205,0.967,45,212,212,0
0.65,0.65,3,0,18.0,0,0,250,38,212,243,0.972,38,1.0,38,1.0,205,0.967,45,212,212,0
0.65,0.65,3,1,12.0,0,0,250,38,212,243,0.972,38,1.0,38,1.0,205,0.967,45,212,212,0
0.65,0.65,3,1,18.0,0,0,250,38,212,243,0.972,38,1.0,38,1.0,205,0.967,45,212,212,0
0.7,0.65,2,2,12.0,0,0,250,38,212,243,0.972,38,1.0,38,1.0,205,0.967,45,211,212,0
0.7,0.65,2,2,18.0,0,0,250,38,212,243,0.972,38,1.0,38,1.0,205,0.967,45,211,212,0
0.75,0.65,2,2,12.0,0,0,250,38,212,243,0.972,38,1.0,38,1.0,205,0.967,45,211,212,0
0.75,0.65,2,2,18.0,0,0,250,38,212,243,0.972,38,1.0,38,1.0,205,0.967,45,211,212,0
0.8,0.65,2,0,12.0,0,0,250,38,212,243,0.972,38,1.0,38,1.0,205,0.967,45,211,212,0
0.8,0.65,2,0,18.0,0,0,250,38,212,243,0.972,38,1.0,38,1.0,205,0.967,45,211,212,0
0.8,0.65,2,0,24.0,0,0,250,38,212,243,0.972,38,1.0,38,1.0,205,0.967,45,211,212,0
0.8,0.65,2,0,32.0,0,0,250,38,212,243,0.972,38,1.0,38,1.0,205,0.967,45,211,212,0
0.8,0.65,2,0,48.0,0,0,250,38,212,243,0.972,38,1.0,38,1.0,205,0.967,45,211,212,0
0.65,0.6,3,2,12.0,0,0,250,38,212,242,0.968,38,1.0,38,1.0,204,0.9623,46,212,212,0
0.65,0.6,3,2,18.0,0,0,250,38,212,242,0.968,38,1.0,38,1.0,204,0.9623,46,212,212,0
0.7,0.65,2,0,12.0,0,0,250,38,212,242,0.968,38,1.0,38,1.0,204,0.9623,46,211,212,0
0.7,0.65,2,0,18.0,0,0,250,38,212,242,0.968,38,1.0,38,1.0,204,0.9623,46,211,212,0
0.7,0.65,2,1,12.0,0,0,250,38,212,242,0.968,38,1.0,38,1.0,204,0.9623,46,211,212,0
0.7,0.65,2,1,18.0,0,0,250,38,212,242,0.968,38,1.0,38,1.0,204,0.9623,46,211,212,0
0.75,0.65,2,0,12.0,0,0,250,38,212,242,0.968,38,1.0,38,1.0,204,0.9623,46,211,212,0
0.75,0.65,2,0,18.0,0,0,250,38,212,242,0.968,38,1.0,38,1.0,204,0.9623,46,211,212,0
0.75,0.65,2,1,12.0,0,0,250,38,212,242,0.968,38,1.0,38,1.0,204,0.9623,46,211,212,0
0.75,0.65,2,1,18.0,0,0,250,38,212,242,0.968,38,1.0,38,1.0,204,0.9623,46,211,212,0
0.8,0.65,2,1,12.0,0,0,250,38,212,242,0.968,38,1.0,38,1.0,204,0.9623,46,211,212,0
0.8,0.65,2,1,18.0,0,0,250,38,212,242,0.968,38,1.0,38,1.0,204,0.9623,46,211,212,0
0.8,0.65,2,1,24.0,0,0,250,38,212,242,0.968,38,1.0,38,1.0,204,0.9623,46,211,212,0
0.8,0.65,2,1,32.0,0,0,250,38,212,242,0.968,38,1.0,38,1.0,204,0.9623,46,211,212,0
0.8,0.65,2,1,48.0,0,0,250,38,212,242,0.968,38,1.0,38,1.0,204,0.9623,46,211,212,0
0.8,0.65,2,2,12.0,0,0,250,38,212,242,0.968,38,1.0,38,1.0,204,0.9623,46,211,212,0
0.8,0.65,2,2,18.0,0,0,250,38,212,242,0.968,38,1.0,38,1.0,204,0.9623,46,211,212,0
0.8,0.65,2,2,24.0,0,0,250,38,212,242,0.968,38,1.0,38,1.0,204,0.9623,46,211,212,0
0.8,0.65,2,2,32.0,0,0,250,38,212,242,0.968,38,1.0,38,1.0,204,0.9623,46,211,212,0
0.8,0.65,2,2,48.0,0,0,250,38,212,242,0.968,38,1.0,38,1.0,204,0.9623,46,211,212,0
0.85,0.65,1,0,12.0,0,0,250,38,212,242,0.968,38,1.0,38,1.0,204,0.9623,46,211,212,0
0.85,0.65,1,0,18.0,0,0,250,38,212,242,0.968,38,1.0,38,1.0,204,0.9623,46,211,212,0
0.85,0.65,1,0,24.0,0,0,250,38,212,242,0.968,38,1.0,38,1.0,204,0.9623,46,211,212,0
0.85,0.65,1,0,32.0,0,0,250,38,212,242,0.968,38,1.0,38,1.0,204,0.9623,46,211,212,0
0.85,0.65,1,0,48.0,0,0,250,38,212,242,0.968,38,1.0,38,1.0,204,0.9623,46,211,212,0
0.65,0.45,3,0,12.0,0,0,250,38,212,241,0.964,38,1.0,38,1.0,203,0.9575,47,212,212,0
0.65,0.45,3,0,18.0,0,0,250,38,212,241,0.964,38,1.0,38,1.0,203,0.9575,47,212,212,0
0.65,0.5,3,0,12.0,0,0,250,38,212,241,0.964,38,1.0,38,1.0,203,0.9575,47,212,212,0
0.65,0.5,3,0,18.0,0,0,250,38,212,241,0.964,38,1.0,38,1.0,203,0.9575,47,212,212,0
0.65,0.55,3,0,12.0,0,0,250,38,212,241,0.964,38,1.0,38,1.0,203,0.9575,47,212,212,0
0.65,0.55,3,0,18.0,0,0,250,38,212,241,0.964,38,1.0,38,1.0,203,0.9575,47,212,212,0
0.65,0.6,3,0,12.0,0,0,250,38,212,241,0.964,38,1.0,38,1.0,203,0.9575,47,212,212,0
0.65,0.6,3,0,18.0,0,0,250,38,212,241,0.964,38,1.0,38,1.0,203,0.9575,47,212,212,0
0.65,0.6,3,1,12.0,0,0,250,38,212,241,0.964,38,1.0,38,1.0,203,0.9575,47,212,212,0
0.65,0.6,3,1,18.0,0,0,250,38,212,241,0.964,38,1.0,38,1.0,203,0.9575,47,212,212,0
0.65,0.65,2,2,12.0,0,0,250,38,212,241,0.964,38,1.0,38,1.0,203,0.9575,47,211,212,0
0.65,0.65,2,2,18.0,0,0,250,38,212,241,0.964,38,1.0,38,1.0,203,0.9575,47,211,212,0
0.7,0.6,2,2,12.0,0,0,250,38,212,241,0.964,38,1.0,38,1.0,203,0.9575,47,211,212,0
0.7,0.6,2,2,18.0,0,0,250,38,212,241,0.964,38,1.0,38,1.0,203,0.9575,47,211,212,0
0.75,0.6,2,2,12.0,0,0,250,38,212,241,0.964,38,1.0,38,1.0,203,0.9575,47,211,212,0
0.75,0.6,2,2,18.0,0,0,250,38,212,241,0.964,38,1.0,38,1.0,203,0.9575,47,211,212,0
0.8,0.45,2,0,12.0,0,0,250,38,212,241,0.964,38,1.0,38,1.0,203,0.9575,47,211,212,0
0.8,0.45,2,0,18.0,0,0,250,38,212,241,0.964,38,1.0,38,1.0,203,0.9575,47,211,212,0
0.8,0.45,2,0,24.0,0,0,250,38,212,241,0.964,38,1.0,38,1.0,203,0.9575,47,211,212,0
0.8,0.45,2,0,32.0,0,0,250,38,212,241,0.964,38,1.0,38,1.0,203,0.9575,47,211,212,0
0.8,0.45,2,0,48.0,0,0,250,38,212,241,0.964,38,1.0,38,1.0,203,0.9575,47,211,212,0
0.8,0.5,2,0,12.0,0,0,250,38,212,241,0.964,38,1.0,38,1.0,203,0.9575,47,211,212,0
0.8,0.5,2,0,18.0,0,0,250,38,212,241,0.964,38,1.0,38,1.0,203,0.9575,47,211,212,0
0.8,0.5,2,0,24.0,0,0,250,38,212,241,0.964,38,1.0,38,1.0,203,0.9575,47,211,212,0
0.8,0.5,2,0,32.0,0,0,250,38,212,241,0.964,38,1.0,38,1.0,203,0.9575,47,211,212,0
0.8,0.5,2,0,48.0,0,0,250,38,212,241,0.964,38,1.0,38,1.0,203,0.9575,47,211,212,0
0.8,0.55,2,0,12.0,0,0,250,38,212,241,0.964,38,1.0,38,1.0,203,0.9575,47,211,212,0
0.8,0.55,2,0,18.0,0,0,250,38,212,241,0.964,38,1.0,38,1.0,203,0.9575,47,211,212,0
0.8,0.55,2,0,24.0,0,0,250,38,212,241,0.964,38,1.0,38,1.0,203,0.9575,47,211,212,0
0.8,0.55,2,0,32.0,0,0,250,38,212,241,0.964,38,1.0,38,1.0,203,0.9575,47,211,212,0
0.8,0.55,2,0,48.0,0,0,250,38,212,241,0.964,38,1.0,38,1.0,203,0.9575,47,211,212,0
0.8,0.6,2,0,12.0,0,0,250,38,212,241,0.964,38,1.0,38,1.0,203,0.9575,47,211,212,0
0.8,0.6,2,0,18.0,0,0,250,38,212,241,0.964,38,1.0,38,1.0,203,0.9575,47,211,212,0
0.8,0.6,2,0,24.0,0,0,250,38,212,241,0.964,38,1.0,38,1.0,203,0.9575,47,211,212,0
0.8,0.6,2,0,32.0,0,0,250,38,212,241,0.964,38,1.0,38,1.0,203,0.9575,47,211,212,0
0.8,0.6,2,0,48.0,0,0,250,38,212,241,0.964,38,1.0,38,1.0,203,0.9575,47,211,212,0
0.8,0.65,1,0,12.0,0,0,250,38,212,241,0.964,38,1.0,38,1.0,203,0.9575,47,210,212,0
0.8,0.65,1,0,18.0,0,0,250,38,212,241,0.964,38,1.0,38,1.0,203,0.9575,47,210,212,0
0.8,0.65,1,0,24.0,0,0,250,38,212,241,0.964,38,1.0,38,1.0,203,0.9575,47,210,212,0
0.8,0.65,1,0,32.0,0,0,250,38,212,241,0.964,38,1.0,38,1.0,203,0.9575,47,210,212,0
0.8,0.65,1,0,48.0,0,0,250,38,212,241,0.964,38,1.0,38,1.0,203,0.9575,47,210,212,0
0.85,0.65,1,1,12.0,0,0,250,38,212,241,0.964,38,1.0,38,1.0,203,0.9575,47,211,212,0
0.85,0.65,1,1,18.0,0,0,250,38,212,241,0.964,38,1.0,38,1.0,203,0.9575,47,211,212,0
0.85,0.65,1,1,24.0,0,0,250,38,212,241,0.964,38,1.0,38,1.0,203,0.9575,47,211,212,0
0.85,0.65,1,1,32.0,0,0,250,38,212,241,0.964,38,1.0,38,1.0,203,0.9575,47,211,212,0
0.85,0.65,1,1,48.0,0,0,250,38,212,241,0.964,38,1.0,38,1.0,203,0.9575,47,211,212,0
0.85,0.65,1,2,12.0,0,0,250,38,212,241,0.964,38,1.0,38,1.0,203,0.9575,47,211,212,0
0.85,0.65,1,2,18.0,0,0,250,38,212,241,0.964,38,1.0,38,1.0,203,0.9575,47,211,212,0
0.85,0.65,1,2,24.0,0,0,250,38,212,241,0.964,38,1.0,38,1.0,203,0.9575,47,211,212,0
0.85,0.65,1,2,32.0,0,0,250,38,212,241,0.964,38,1.0,38,1.0,203,0.9575,47,211,212,0
0.85,0.65,1,2,48.0,0,0,250,38,212,241,0.964,38,1.0,38,1.0,203,0.9575,47,211,212,0
0.85,0.02,3,0,12.0,0,0,250,38,212,241,0.964,29,0.7632,29,0.7632,212,1.0,29,221,221,9
0.85,0.02,3,0,18.0,0,0,250,38,212,241,0.964,29,0.7632,29,0.7632,212,1.0,29,221,221,9
0.85,0.02,3,0,24.0,0,0,250,38,212,241,0.964,29,0.7632,29,0.7632,212,1.0,29,221,221,9
0.85,0.02,3,0,32.0,0,0,250,38,212,241,0.964,29,0.7632,29,0.7632,212,1.0,29,221,221,9
0.85,0.02,3,0,48.0,0,0,250,38,212,241,0.964,29,0.7632,29,0.7632,212,1.0,29,221,221,9
0.85,0.02,3,1,12.0,0,0,250,38,212,241,0.964,29,0.7632,29,0.7632,212,1.0,29,221,221,9
0.85,0.02,3,1,18.0,0,0,250,38,212,241,0.964,29,0.7632,29,0.7632,212,1.0,29,221,221,9
0.85,0.02,3,1,24.0,0,0,250,38,212,241,0.964,29,0.7632,29,0.7632,212,1.0,29,221,221,9
0.85,0.02,3,1,32.0,0,0,250,38,212,241,0.964,29,0.7632,29,0.7632,212,1.0,29,221,221,9
0.85,0.02,3,1,48.0,0,0,250,38,212,241,0.964,29,0.7632,29,0.7632,212,1.0,29,221,221,9
0.85,0.02,3,2,12.0,0,0,250,38,212,241,0.964,29,0.7632,29,0.7632,212,1.0,29,221,221,9
0.85,0.02,3,2,18.0,0,0,250,38,212,241,0.964,29,0.7632,29,0.7632,212,1.0,29,221,221,9
0.85,0.02,3,2,24.0,0,0,250,38,212,241,0.964,29,0.7632,29,0.7632,212,1.0,29,221,221,9
0.85,0.02,3,2,32.0,0,0,250,38,212,241,0.964,29,0.7632,29,0.7632,212,1.0,29,221,221,9
0.85,0.02,3,2,48.0,0,0,250,38,212,241,0.964,29,0.7632,29,0.7632,212,1.0,29,221,221,9
0.85,0.05,3,0,12.0,0,0,250,38,212,241,0.964,29,0.7632,29,0.7632,212,1.0,29,221,221,9
0.85,0.05,3,0,18.0,0,0,250,38,212,241,0.964,29,0.7632,29,0.7632,212,1.0,29,221,221,9
0.85,0.05,3,0,24.0,0,0,250,38,212,241,0.964,29,0.7632,29,0.7632,212,1.0,29,221,221,9
0.85,0.05,3,0,32.0,0,0,250,38,212,241,0.964,29,0.7632,29,0.7632,212,1.0,29,221,221,9
0.85,0.05,3,0,48.0,0,0,250,38,212,241,0.964,29,0.7632,29,0.7632,212,1.0,29,221,221,9
0.85,0.05,3,1,12.0,0,0,250,38,212,241,0.964,29,0.7632,29,0.7632,212,1.0,29,221,221,9
0.85,0.05,3,1,18.0,0,0,250,38,212,241,0.964,29,0.7632,29,0.7632,212,1.0,29,221,221,9
0.85,0.05,3,1,24.0,0,0,250,38,212,241,0.964,29,0.7632,29,0.7632,212,1.0,29,221,221,9
0.85,0.05,3,1,32.0,0,0,250,38,212,241,0.964,29,0.7632,29,0.7632,212,1.0,29,221,221,9
0.85,0.05,3,1,48.0,0,0,250,38,212,241,0.964,29,0.7632,29,0.7632,212,1.0,29,221,221,9
0.85,0.05,3,2,12.0,0,0,250,38,212,241,0.964,29,0.7632,29,0.7632,212,1.0,29,221,221,9
0.85,0.05,3,2,18.0,0,0,250,38,212,241,0.964,29,0.7632,29,0.7632,212,1.0,29,221,221,9
0.85,0.05,3,2,24.0,0,0,250,38,212,241,0.964,29,0.7632,29,0.7632,212,1.0,29,221,221,9
0.85,0.05,3,2,32.0,0,0,250,38,212,241,0.964,29,0.7632,29,0.7632,212,1.0,29,221,221,9
0.85,0.05,3,2,48.0,0,0,250,38,212,241,0.964,29,0.7632,29,0.7632,212,1.0,29,221,221,9
0.85,0.1,3,0,12.0,0,0,250,38,212,241,0.964,29,0.7632,29,0.7632,212,1.0,29,221,221,9
0.85,0.1,3,0,18.0,0,0,250,38,212,241,0.964,29,0.7632,29,0.7632,212,1.0,29,221,221,9
0.85,0.1,3,0,24.0,0,0,250,38,212,241,0.964,29,0.7632,29,0.7632,212,1.0,29,221,221,9
0.85,0.1,3,0,32.0,0,0,250,38,212,241,0.964,29,0.7632,29,0.7632,212,1.0,29,221,221,9
0.85,0.1,3,0,48.0,0,0,250,38,212,241,0.964,29,0.7632,29,0.7632,212,1.0,29,221,221,9
0.85,0.1,3,1,12.0,0,0,250,38,212,241,0.964,29,0.7632,29,0.7632,212,1.0,29,221,221,9
0.85,0.1,3,1,18.0,0,0,250,38,212,241,0.964,29,0.7632,29,0.7632,212,1.0,29,221,221,9
0.85,0.1,3,1,24.0,0,0,250,38,212,241,0.964,29,0.7632,29,0.7632,212,1.0,29,221,221,9
0.85,0.1,3,1,32.0,0,0,250,38,212,241,0.964,29,0.7632,29,0.7632,212,1.0,29,221,221,9
0.85,0.1,3,1,48.0,0,0,250,38,212,241,0.964,29,0.7632,29,0.7632,212,1.0,29,221,221,9
0.85,0.1,3,2,12.0,0,0,250,38,212,241,0.964,29,0.7632,29,0.7632,212,1.0,29,221,221,9
0.85,0.1,3,2,18.0,0,0,250,38,212,241,0.964,29,0.7632,29,0.7632,212,1.0,29,221,221,9
0.85,0.1,3,2,24.0,0,0,250,38,212,241,0.964,29,0.7632,29,0.7632,212,1.0,29,221,221,9
0.85,0.1,3,2,32.0,0,0,250,38,212,241,0.964,29,0.7632,29,0.7632,212,1.0,29,221,221,9
0.85,0.1,3,2,48.0,0,0,250,38,212,241,0.964,29,0.7632,29,0.7632,212,1.0,29,221,221,9
0.85,0.15,3,0,12.0,0,0,250,38,212,241,0.964,29,0.7632,29,0.7632,212,1.0,29,221,221,9
0.85,0.15,3,0,18.0,0,0,250,38,212,241,0.964,29,0.7632,29,0.7632,212,1.0,29,221,221,9
0.85,0.15,3,0,24.0,0,0,250,38,212,241,0.964,29,0.7632,29,0.7632,212,1.0,29,221,221,9
0.85,0.15,3,0,32.0,0,0,250,38,212,241,0.964,29,0.7632,29,0.7632,212,1.0,29,221,221,9
0.85,0.15,3,0,48.0,0,0,250,38,212,241,0.964,29,0.7632,29,0.7632,212,1.0,29,221,221,9
0.85,0.15,3,1,12.0,0,0,250,38,212,241,0.964,29,0.7632,29,0.7632,212,1.0,29,221,221,9
0.85,0.15,3,1,18.0,0,0,250,38,212,241,0.964,29,0.7632,29,0.7632,212,1.0,29,221,221,9
0.85,0.15,3,1,24.0,0,0,250,38,212,241,0.964,29,0.7632,29,0.7632,212,1.0,29,221,221,9
0.85,0.15,3,1,32.0,0,0,250,38,212,241,0.964,29,0.7632,29,0.7632,212,1.0,29,221,221,9
0.85,0.15,3,1,48.0,0,0,250,38,212,241,0.964,29,0.7632,29,0.7632,212,1.0,29,221,221,9
0.85,0.15,3,2,12.0,0,0,250,38,212,241,0.964,29,0.7632,29,0.7632,212,1.0,29,221,221,9
0.85,0.15,3,2,18.0,0,0,250,38,212,241,0.964,29,0.7632,29,0.7632,212,1.0,29,221,221,9
0.85,0.15,3,2,24.0,0,0,250,38,212,241,0.964,29,0.7632,29,0.7632,212,1.0,29,221,221,9
0.85,0.15,3,2,32.0,0,0,250,38,212,241,0.964,29,0.7632,29,0.7632,212,1.0,29,221,221,9
0.85,0.15,3,2,48.0,0,0,250,38,212,241,0.964,29,0.7632,29,0.7632,212,1.0,29,221,221,9
0.85,0.2,3,0,12.0,0,0,250,38,212,241,0.964,29,0.7632,29,0.7632,212,1.0,29,221,221,9
0.85,0.2,3,0,18.0,0,0,250,38,212,241,0.964,29,0.7632,29,0.7632,212,1.0,29,221,221,9
0.85,0.2,3,0,24.0,0,0,250,38,212,241,0.964,29,0.7632,29,0.7632,212,1.0,29,221,221,9
0.85,0.2,3,0,32.0,0,0,250,38,212,241,0.964,29,0.7632,29,0.7632,212,1.0,29,221,221,9
0.85,0.2,3,0,48.0,0,0,250,38,212,241,0.964,29,0.7632,29,0.7632,212,1.0,29,221,221,9
0.85,0.2,3,1,12.0,0,0,250,38,212,241,0.964,29,0.7632,29,0.7632,212,1.0,29,221,221,9
0.85,0.2,3,1,18.0,0,0,250,38,212,241,0.964,29,0.7632,29,0.7632,212,1.0,29,221,221,9
0.85,0.2,3,1,24.0,0,0,250,38,212,241,0.964,29,0.7632,29,0.7632,212,1.0,29,221,221,9
0.85,0.2,3,1,32.0,0,0,250,38,212,241,0.964,29,0.7632,29,0.7632,212,1.0,29,221,221,9
0.85,0.2,3,1,48.0,0,0,250,38,212,241,0.964,29,0.7632,29,0.7632,212,1.0,29,221,221,9
0.85,0.2,3,2,12.0,0,0,250,38,212,241,0.964,29,0.7632,29,0.7632,212,1.0,29,221,221,9
0.85,0.2,3,2,18.0,0,0,250,38,212,241,0.964,29,0.7632,29,0.7632,212,1.0,29,221,221,9
0.85,0.2,3,2,24.0,0,0,250,38,212,241,0.964,29,0.7632,29,0.7632,212,1.0,29,221,221,9
0.85,0.2,3,2,32.0,0,0,250,38,212,241,0.964,29,0.7632,29,0.7632,212,1.0,29,221,221,9
0.85,0.2,3,2,48.0,0,0,250,38,212,241,0.964,29,0.7632,29,0.7632,212,1.0,29,221,221,9
0.85,0.25,3,0,12.0,0,0,250,38,212,241,0.964,29,0.7632,29,0.7632,212,1.0,29,221,221,9
0.85,0.25,3,0,18.0,0,0,250,38,212,241,0.964,29,0.7632,29,0.7632,212,1.0,29,221,221,9
0.85,0.25,3,0,24.0,0,0,250,38,212,241,0.964,29,0.7632,29,0.7632,212,1.0,29,221,221,9
0.85,0.25,3,0,32.0,0,0,250,38,212,241,0.964,29,0.7632,29,0.7632,212,1.0,29,221,221,9
0.85,0.25,3,0,48.0,0,0,250,38,212,241,0.964,29,0.7632,29,0.7632,212,1.0,29,221,221,9
0.85,0.25,3,1,12.0,0,0,250,38,212,241,0.964,29,0.7632,29,0.7632,212,1.0,29,221,221,9
0.85,0.25,3,1,18.0,0,0,250,38,212,241,0.964,29,0.7632,29,0.7632,212,1.0,29,221,221,9
0.85,0.25,3,1,24.0,0,0,250,38,212,241,0.964,29,0.7632,29,0.7632,212,1.0,29,221,221,9
0.85,0.25,3,1,32.0,0,0,250,38,212,241,0.964,29,0.7632,29,0.7632,212,1.0,29,221,221,9
0.85,0.25,3,1,48.0,0,0,250,38,212,241,0.964,29,0.7632,29,0.7632,212,1.0,29,221,221,9
0.85,0.25,3,2,12.0,0,0,250,38,212,241,0.964,29,0.7632,29,0.7632,212,1.0,29,221,221,9
0.85,0.25,3,2,18.0,0,0,250,38,212,241,0.964,29,0.7632,29,0.7632,212,1.0,29,221,221,9
0.85,0.25,3,2,24.0,0,0,250,38,212,241,0.964,29,0.7632,29,0.7632,212,1.0,29,221,221,9
0.85,0.25,3,2,32.0,0,0,250,38,212,241,0.964,29,0.7632,29,0.7632,212,1.0,29,221,221,9
0.85,0.25,3,2,48.0,0,0,250,38,212,241,0.964,29,0.7632,29,0.7632,212,1.0,29,221,221,9
0.85,0.3,3,0,12.0,0,0,250,38,212,241,0.964,29,0.7632,29,0.7632,212,1.0,29,221,221,9
0.85,0.3,3,0,18.0,0,0,250,38,212,241,0.964,29,0.7632,29,0.7632,212,1.0,29,221,221,9
0.85,0.3,3,0,24.0,0,0,250,38,212,241,0.964,29,0.7632,29,0.7632,212,1.0,29,221,221,9
0.85,0.3,3,0,32.0,0,0,250,38,212,241,0.964,29,0.7632,29,0.7632,212,1.0,29,221,221,9
0.85,0.3,3,0,48.0,0,0,250,38,212,241,0.964,29,0.7632,29,0.7632,212,1.0,29,221,221,9
0.85,0.3,3,1,12.0,0,0,250,38,212,241,0.964,29,0.7632,29,0.7632,212,1.0,29,221,221,9
0.85,0.3,3,1,18.0,0,0,250,38,212,241,0.964,29,0.7632,29,0.7632,212,1.0,29,221,221,9
0.85,0.3,3,1,24.0,0,0,250,38,212,241,0.964,29,0.7632,29,0.7632,212,1.0,29,221,221,9
0.85,0.3,3,1,32.0,0,0,250,38,212,241,0.964,29,0.7632,29,0.7632,212,1.0,29,221,221,9
0.85,0.3,3,1,48.0,0,0,250,38,212,241,0.964,29,0.7632,29,0.7632,212,1.0,29,221,221,9
0.85,0.3,3,2,12.0,0,0,250,38,212,241,0.964,29,0.7632,29,0.7632,212,1.0,29,221,221,9
0.85,0.3,3,2,18.0,0,0,250,38,212,241,0.964,29,0.7632,29,0.7632,212,1.0,29,221,221,9
0.85,0.3,3,2,24.0,0,0,250,38,212,241,0.964,29,0.7632,29,0.7632,212,1.0,29,221,221,9
0.85,0.3,3,2,32.0,0,0,250,38,212,241,0.964,29,0.7632,29,0.7632,212,1.0,29,221,221,9
0.85,0.3,3,2,48.0,0,0,250,38,212,241,0.964,29,0.7632,29,0.7632,212,1.0,29,221,221,9
0.85,0.35,3,0,12.0,0,0,250,38,212,241,0.964,29,0.7632,29,0.7632,212,1.0,29,221,221,9
0.85,0.35,3,0,18.0,0,0,250,38,212,241,0.964,29,0.7632,29,0.7632,212,1.0,29,221,221,9
0.85,0.35,3,0,24.0,0,0,250,38,212,241,0.964,29,0.7632,29,0.7632,212,1.0,29,221,221,9
0.85,0.35,3,0,32.0,0,0,250,38,212,241,0.964,29,0.7632,29,0.7632,212,1.0,29,221,221,9
0.85,0.35,3,0,48.0,0,0,250,38,212,241,0.964,29,0.7632,29,0.7632,212,1.0,29,221,221,9
0.85,0.35,3,1,12.0,0,0,250,38,212,241,0.964,29,0.7632,29,0.7632,212,1.0,29,221,221,9
0.85,0.35,3,1,18.0,0,0,250,38,212,241,0.964,29,0.7632,29,0.7632,212,1.0,29,221,221,9
0.85,0.35,3,1,24.0,0,0,250,38,212,241,0.964,29,0.7632,29,0.7632,212,1.0,29,221,221,9
0.85,0.35,3,1,32.0,0,0,250,38,212,241,0.964,29,0.7632,29,0.7632,212,1.0,29,221,221,9
0.85,0.35,3,1,48.0,0,0,250,38,212,241,0.964,29,0.7632,29,0.7632,212,1.0,29,221,221,9
0.85,0.35,3,2,12.0,0,0,250,38,212,241,0.964,29,0.7632,29,0.7632,212,1.0,29,221,221,9
0.85,0.35,3,2,18.0,0,0,250,38,212,241,0.964,29,0.7632,29,0.7632,212,1.0,29,221,221,9
0.85,0.35,3,2,24.0,0,0,250,38,212,241,0.964,29,0.7632,29,0.7632,212,1.0,29,221,221,9
0.85,0.35,3,2,32.0,0,0,250,38,212,241,0.964,29,0.7632,29,0.7632,212,1.0,29,221,221,9
0.85,0.35,3,2,48.0,0,0,250,38,212,241,0.964,29,0.7632,29,0.7632,212,1.0,29,221,221,9
0.85,0.4,3,0,12.0,0,0,250,38,212,241,0.964,29,0.7632,29,0.7632,212,1.0,29,221,221,9
0.85,0.4,3,0,18.0,0,0,250,38,212,241,0.964,29,0.7632,29,0.7632,212,1.0,29,221,221,9
0.85,0.4,3,0,24.0,0,0,250,38,212,241,0.964,29,0.7632,29,0.7632,212,1.0,29,221,221,9
0.85,0.4,3,0,32.0,0,0,250,38,212,241,0.964,29,0.7632,29,0.7632,212,1.0,29,221,221,9
0.85,0.4,3,0,48.0,0,0,250,38,212,241,0.964,29,0.7632,29,0.7632,212,1.0,29,221,221,9
0.85,0.4,3,1,12.0,0,0,250,38,212,241,0.964,29,0.7632,29,0.7632,212,1.0,29,221,221,9
0.85,0.4,3,1,18.0,0,0,250,38,212,241,0.964,29,0.7632,29,0.7632,212,1.0,29,221,221,9
0.85,0.4,3,1,24.0,0,0,250,38,212,241,0.964,29,0.7632,29,0.7632,212,1.0,29,221,221,9
0.85,0.4,3,1,32.0,0,0,250,38,212,241,0.964,29,0.7632,29,0.7632,212,1.0,29,221,221,9
0.85,0.4,3,1,48.0,0,0,250,38,212,241,0.964,29,0.7632,29,0.7632,212,1.0,29,221,221,9
0.85,0.4,3,2,12.0,0,0,250,38,212,241,0.964,29,0.7632,29,0.7632,212,1.0,29,221,221,9
0.85,0.4,3,2,18.0,0,0,250,38,212,241,0.964,29,0.7632,29,0.7632,212,1.0,29,221,221,9
0.85,0.4,3,2,24.0,0,0,250,38,212,241,0.964,29,0.7632,29,0.7632,212,1.0,29,221,221,9
0.85,0.4,3,2,32.0,0,0,250,38,212,241,0.964,29,0.7632,29,0.7632,212,1.0,29,221,221,9
0.85,0.4,3,2,48.0,0,0,250,38,212,241,0.964,29,0.7632,29,0.7632,212,1.0,29,221,221,9
0.85,0.45,3,0,12.0,0,0,250,38,212,241,0.964,29,0.7632,29,0.7632,212,1.0,29,221,221,9
0.85,0.45,3,0,18.0,0,0,250,38,212,241,0.964,29,0.7632,29,0.7632,212,1.0,29,221,221,9
0.85,0.45,3,0,24.0,0,0,250,38,212,241,0.964,29,0.7632,29,0.7632,212,1.0,29,221,221,9
0.85,0.45,3,0,32.0,0,0,250,38,212,241,0.964,29,0.7632,29,0.7632,212,1.0,29,221,221,9
0.85,0.45,3,0,48.0,0,0,250,38,212,241,0.964,29,0.7632,29,0.7632,212,1.0,29,221,221,9
0.85,0.45,3,1,12.0,0,0,250,38,212,241,0.964,29,0.7632,29,0.7632,212,1.0,29,221,221,9
0.85,0.45,3,1,18.0,0,0,250,38,212,241,0.964,29,0.7632,29,0.7632,212,1.0,29,221,221,9
0.85,0.45,3,1,24.0,0,0,250,38,212,241,0.964,29,0.7632,29,0.7632,212,1.0,29,221,221,9
0.85,0.45,3,1,32.0,0,0,250,38,212,241,0.964,29,0.7632,29,0.7632,212,1.0,29,221,221,9
0.85,0.45,3,1,48.0,0,0,250,38,212,241,0.964,29,0.7632,29,0.7632,212,1.0,29,221,221,9
0.85,0.45,3,2,12.0,0,0,250,38,212,241,0.964,29,0.7632,29,0.7632,212,1.0,29,221,221,9
0.85,0.45,3,2,18.0,0,0,250,38,212,241,0.964,29,0.7632,29,0.7632,212,1.0,29,221,221,9
0.85,0.45,3,2,24.0,0,0,250,38,212,241,0.964,29,0.7632,29,0.7632,212,1.0,29,221,221,9
0.85,0.45,3,2,32.0,0,0,250,38,212,241,0.964,29,0.7632,29,0.7632,212,1.0,29,221,221,9
0.85,0.45,3,2,48.0,0,0,250,38,212,241,0.964,29,0.7632,29,0.7632,212,1.0,29,221,221,9
0.85,0.5,3,0,12.0,0,0,250,38,212,241,0.964,29,0.7632,29,0.7632,212,1.0,29,221,221,9
0.85,0.5,3,0,18.0,0,0,250,38,212,241,0.964,29,0.7632,29,0.7632,212,1.0,29,221,221,9
0.85,0.5,3,0,24.0,0,0,250,38,212,241,0.964,29,0.7632,29,0.7632,212,1.0,29,221,221,9
0.85,0.5,3,0,32.0,0,0,250,38,212,241,0.964,29,0.7632,29,0.7632,212,1.0,29,221,221,9
0.85,0.5,3,0,48.0,0,0,250,38,212,241,0.964,29,0.7632,29,0.7632,212,1.0,29,221,221,9
0.85,0.5,3,1,12.0,0,0,250,38,212,241,0.964,29,0.7632,29,0.7632,212,1.0,29,221,221,9
0.85,0.5,3,1,18.0,0,0,250,38,212,241,0.964,29,0.7632,29,0.7632,212,1.0,29,221,221,9
0.85,0.5,3,1,24.0,0,0,250,38,212,241,0.964,29,0.7632,29,0.7632,212,1.0,29,221,221,9
0.85,0.5,3,1,32.0,0,0,250,38,212,241,0.964,29,0.7632,29,0.7632,212,1.0,29,221,221,9
0.85,0.5,3,1,48.0,0,0,250,38,212,241,0.964,29,0.7632,29,0.7632,212,1.0,29,221,221,9
0.85,0.5,3,2,12.0,0,0,250,38,212,241,0.964,29,0.7632,29,0.7632,212,1.0,29,221,221,9
0.85,0.5,3,2,18.0,0,0,250,38,212,241,0.964,29,0.7632,29,0.7632,212,1.0,29,221,221,9
0.85,0.5,3,2,24.0,0,0,250,38,212,241,0.964,29,0.7632,29,0.7632,212,1.0,29,221,221,9
0.85,0.5,3,2,32.0,0,0,250,38,212,241,0.964,29,0.7632,29,0.7632,212,1.0,29,221,221,9
0.85,0.5,3,2,48.0,0,0,250,38,212,241,0.964,29,0.7632,29,0.7632,212,1.0,29,221,221,9
0.85,0.55,3,0,12.0,0,0,250,38,212,241,0.964,29,0.7632,29,0.7632,212,1.0,29,221,221,9
0.85,0.55,3,0,18.0,0,0,250,38,212,241,0.964,29,0.7632,29,0.7632,212,1.0,29,221,221,9
0.85,0.55,3,0,24.0,0,0,250,38,212,241,0.964,29,0.7632,29,0.7632,212,1.0,29,221,221,9
0.85,0.55,3,0,32.0,0,0,250,38,212,241,0.964,29,0.7632,29,0.7632,212,1.0,29,221,221,9
0.85,0.55,3,0,48.0,0,0,250,38,212,241,0.964,29,0.7632,29,0.7632,212,1.0,29,221,221,9
0.85,0.55,3,1,12.0,0,0,250,38,212,241,0.964,29,0.7632,29,0.7632,212,1.0,29,221,221,9
0.85,0.55,3,1,18.0,0,0,250,38,212,241,0.964,29,0.7632,29,0.7632,212,1.0,29,221,221,9
0.85,0.55,3,1,24.0,0,0,250,38,212,241,0.964,29,0.7632,29,0.7632,212,1.0,29,221,221,9
0.85,0.55,3,1,32.0,0,0,250,38,212,241,0.964,29,0.7632,29,0.7632,212,1.0,29,221,221,9
0.85,0.55,3,1,48.0,0,0,250,38,212,241,0.964,29,0.7632,29,0.7632,212,1.0,29,221,221,9
0.85,0.55,3,2,12.0,0,0,250,38,212,241,0.964,29,0.7632,29,0.7632,212,1.0,29,221,221,9
0.85,0.55,3,2,18.0,0,0,250,38,212,241,0.964,29,0.7632,29,0.7632,212,1.0,29,221,221,9
0.85,0.55,3,2,24.0,0,0,250,38,212,241,0.964,29,0.7632,29,0.7632,212,1.0,29,221,221,9
0.85,0.55,3,2,32.0,0,0,250,38,212,241,0.964,29,0.7632,29,0.7632,212,1.0,29,221,221,9
0.85,0.55,3,2,48.0,0,0,250,38,212,241,0.964,29,0.7632,29,0.7632,212,1.0,29,221,221,9
0.85,0.6,3,0,12.0,0,0,250,38,212,241,0.964,29,0.7632,29,0.7632,212,1.0,29,221,221,9
0.85,0.6,3,0,18.0,0,0,250,38,212,241,0.964,29,0.7632,29,0.7632,212,1.0,29,221,221,9
0.85,0.6,3,0,24.0,0,0,250,38,212,241,0.964,29,0.7632,29,0.7632,212,1.0,29,221,221,9
0.85,0.6,3,0,32.0,0,0,250,38,212,241,0.964,29,0.7632,29,0.7632,212,1.0,29,221,221,9
0.85,0.6,3,0,48.0,0,0,250,38,212,241,0.964,29,0.7632,29,0.7632,212,1.0,29,221,221,9
0.85,0.6,3,1,12.0,0,0,250,38,212,241,0.964,29,0.7632,29,0.7632,212,1.0,29,221,221,9
0.85,0.6,3,1,18.0,0,0,250,38,212,241,0.964,29,0.7632,29,0.7632,212,1.0,29,221,221,9
0.85,0.6,3,1,24.0,0,0,250,38,212,241,0.964,29,0.7632,29,0.7632,212,1.0,29,221,221,9
0.85,0.6,3,1,32.0,0,0,250,38,212,241,0.964,29,0.7632,29,0.7632,212,1.0,29,221,221,9
0.85,0.6,3,1,48.0,0,0,250,38,212,241,0.964,29,0.7632,29,0.7632,212,1.0,29,221,221,9
0.85,0.6,3,2,12.0,0,0,250,38,212,241,0.964,29,0.7632,29,0.7632,212,1.0,29,221,221,9
0.85,0.6,3,2,18.0,0,0,250,38,212,241,0.964,29,0.7632,29,0.7632,212,1.0,29,221,221,9
0.85,0.6,3,2,24.0,0,0,250,38,212,241,0.964,29,0.7632,29,0.7632,212,1.0,29,221,221,9
0.85,0.6,3,2,32.0,0,0,250,38,212,241,0.964,29,0.7632,29,0.7632,212,1.0,29,221,221,9
0.85,0.6,3,2,48.0,0,0,250,38,212,241,0.964,29,0.7632,29,0.7632,212,1.0,29,221,221,9
0.85,0.65,3,0,12.0,0,0,250,38,212,241,0.964,29,0.7632,29,0.7632,212,1.0,29,221,221,9
0.85,0.65,3,0,18.0,0,0,250,38,212,241,0.964,29,0.7632,29,0.7632,212,1.0,29,221,221,9
0.85,0.65,3,0,24.0,0,0,250,38,212,241,0.964,29,0.7632,29,0.7632,212,1.0,29,221,221,9
0.85,0.65,3,0,32.0,0,0,250,38,212,241,0.964,29,0.7632,29,0.7632,212,1.0,29,221,221,9
0.85,0.65,3,0,48.0,0,0,250,38,212,241,0.964,29,0.7632,29,0.7632,212,1.0,29,221,221,9
0.85,0.65,3,1,12.0,0,0,250,38,212,241,0.964,29,0.7632,29,0.7632,212,1.0,29,221,221,9
0.85,0.65,3,1,18.0,0,0,250,38,212,241,0.964,29,0.7632,29,0.7632,212,1.0,29,221,221,9
0.85,0.65,3,1,24.0,0,0,250,38,212,241,0.964,29,0.7632,29,0.7632,212,1.0,29,221,221,9
0.85,0.65,3,1,32.0,0,0,250,38,212,241,0.964,29,0.7632,29,0.7632,212,1.0,29,221,221,9
0.85,0.65,3,1,48.0,0,0,250,38,212,241,0.964,29,0.7632,29,0.7632,212,1.0,29,221,221,9
0.85,0.65,3,2,12.0,0,0,250,38,212,241,0.964,29,0.7632,29,0.7632,212,1.0,29,221,221,9
0.85,0.65,3,2,18.0,0,0,250,38,212,241,0.964,29,0.7632,29,0.7632,212,1.0,29,221,221,9
0.85,0.65,3,2,24.0,0,0,250,38,212,241,0.964,29,0.7632,29,0.7632,212,1.0,29,221,221,9
0.85,0.65,3,2,32.0,0,0,250,38,212,241,0.964,29,0.7632,29,0.7632,212,1.0,29,221,221,9
0.85,0.65,3,2,48.0,0,0,250,38,212,241,0.964,29,0.7632,29,0.7632,212,1.0,29,221,221,9
0.65,0.65,2,0,12.0,0,0,250,38,212,240,0.96,38,1.0,38,1.0,202,0.9528,48,211,212,0
0.65,0.65,2,0,18.0,0,0,250,38,212,240,0.96,38,1.0,38,1.0,202,0.9528,48,211,212,0
0.65,0.65,2,1,12.0,0,0,250,38,212,240,0.96,38,1.0,38,1.0,202,0.9528,48,211,212,0
0.65,0.65,2,1,18.0,0,0,250,38,212,240,0.96,38,1.0,38,1.0,202,0.9528,48,211,212,0
0.65,0.65,3,0,24.0,0,0,250,38,212,240,0.96,38,1.0,38,1.0,202,0.9528,48,212,212,0
0.65,0.65,3,0,32.0,0,0,250,38,212,240,0.96,38,1.0,38,1.0,202,0.9528,48,212,212,0
0.65,0.65,3,0,48.0,0,0,250,38,212,240,0.96,38,1.0,38,1.0,202,0.9528,48,212,212,0
0.7,0.45,2,0,12.0,0,0,250,38,212,240,0.96,38,1.0,38,1.0,202,0.9528,48,211,212,0
0.7,0.45,2,0,18.0,0,0,250,38,212,240,0.96,38,1.0,38,1.0,202,0.9528,48,211,212,0
0.7,0.5,2,0,12.0,0,0,250,38,212,240,0.96,38,1.0,38,1.0,202,0.9528,48,211,212,0
0.7,0.5,2,0,18.0,0,0,250,38,212,240,0.96,38,1.0,38,1.0,202,0.9528,48,211,212,0
0.7,0.55,2,0,12.0,0,0,250,38,212,240,0.96,38,1.0,38,1.0,202,0.9528,48,211,212,0
0.7,0.55,2,0,18.0,0,0,250,38,212,240,0.96,38,1.0,38,1.0,202,0.9528,48,211,212,0
0.7,0.6,2,0,12.0,0,0,250,38,212,240,0.96,38,1.0,38,1.0,202,0.9528,48,211,212,0
0.7,0.6,2,0,18.0,0,0,250,38,212,240,0.96,38,1.0,38,1.0,202,0.9528,48,211,212,0
0.7,0.6,2,1,12.0,0,0,250,38,212,240,0.96,38,1.0,38,1.0,202,0.9528,48,211,212,0
0.7,0.6,2,1,18.0,0,0,250,38,212,240,0.96,38,1.0,38,1.0,202,0.9528,48,211,212,0
0.7,0.65,1,2,12.0,0,0,250,38,212,240,0.96,38,1.0,38,1.0,202,0.9528,48,210,212,0
0.7,0.65,1,2,18.0,0,0,250,38,212,240,0.96,38,1.0,38,1.0,202,0.9528,48,210,212,0
0.7,0.65,2,0,24.0,0,0,250,38,212,240,0.96,38,1.0,38,1.0,202,0.9528,48,211,212,0
0.7,0.65,2,0,32.0,0,0,250,38,212,240,0.96,38,1.0,38,1.0,202,0.9528,48,211,212,0
0.7,0.65,2,0,48.0,0,0,250,38,212,240,0.96,38,1.0,38,1.0,202,0.9528,48,211,212,0
0.75,0.45,2,0,12.0,0,0,250,38,212,240,0.96,38,1.0,38,1.0,202,0.9528,48,211,212,0
0.75,0.45,2,0,18.0,0,0,250,38,212,240,0.96,38,1.0,38,1.0,202,0.9528,48,211,212,0
0.75,0.5,2,0,12.0,0,0,250,38,212,240,0.96,38,1.0,38,1.0,202,0.9528,48,211,212,0
0.75,0.5,2,0,18.0,0,0,250,38,212,240,0.96,38,1.0,38,1.0,202,0.9528,48,211,212,0
0.75,0.55,2,0,12.0,0,0,250,38,212,240,0.96,38,1.0,38,1.0,202,0.9528,48,211,212,0
0.75,0.55,2,0,18.0,0,0,250,38,212,240,0.96,38,1.0,38,1.0,202,0.9528,48,211,212,0
0.75,0.6,2,0,12.0,0,0,250,38,212,240,0.96,38,1.0,38,1.0,202,0.9528,48,211,212,0
0.75,0.6,2,0,18.0,0,0,250,38,212,240,0.96,38,1.0,38,1.0,202,0.9528,48,211,212,0
0.75,0.6,2,1,12.0,0,0,250,38,212,240,0.96,38,1.0,38,1.0,202,0.9528,48,211,212,0
0.75,0.6,2,1,18.0,0,0,250,38,212,240,0.96,38,1.0,38,1.0,202,0.9528,48,211,212,0
0.75,0.65,1,2,12.0,0,0,250,38,212,240,0.96,38,1.0,38,1.0,202,0.9528,48,210,212,0
0.75,0.65,1,2,18.0,0,0,250,38,212,240,0.96,38,1.0,38,1.0,202,0.9528,48,210,212,0
0.75,0.65,2,0,24.0,0,0,250,38,212,240,0.96,38,1.0,38,1.0,202,0.9528,48,211,212,0
0.75,0.65,2,0,32.0,0,0,250,38,212,240,0.96,38,1.0,38,1.0,202,0.9528,48,211,212,0
0.75,0.65,2,0,48.0,0,0,250,38,212,240,0.96,38,1.0,38,1.0,202,0.9528,48,211,212,0
0.8,0.6,2,1,12.0,0,0,250,38,212,240,0.96,38,1.0,38,1.0,202,0.9528,48,211,212,0
0.8,0.6,2,1,18.0,0,0,250,38,212,240,0.96,38,1.0,38,1.0,202,0.9528,48,211,212,0
0.8,0.6,2,1,24.0,0,0,250,38,212,240,0.96,38,1.0,38,1.0,202,0.9528,48,211,212,0
0.8,0.6,2,1,32.0,0,0,250,38,212,240,0.96,38,1.0,38,1.0,202,0.9528,48,211,212,0
0.8,0.6,2,1,48.0,0,0,250,38,212,240,0.96,38,1.0,38,1.0,202,0.9528,48,211,212,0
0.8,0.6,2,2,12.0,0,0,250,38,212,240,0.96,38,1.0,38,1.0,202,0.9528,48,211,212,0
0.8,0.6,2,2,18.0,0,0,250,38,212,240,0.96,38,1.0,38,1.0,202,0.9528,48,211,212,0
0.8,0.6,2,2,24.0,0,0,250,38,212,240,0.96,38,1.0,38,1.0,202,0.9528,48,211,212,0
0.8,0.6,2,2,32.0,0,0,250,38,212,240,0.96,38,1.0,38,1.0,202,0.9528,48,211,212,0
0.8,0.6,2,2,48.0,0,0,250,38,212,240,0.96,38,1.0,38,1.0,202,0.9528,48,211,212,0
0.8,0.65,1,1,12.0,0,0,250,38,212,240,0.96,38,1.0,38,1.0,202,0.9528,48,210,212,0
0.8,0.65,1,1,18.0,0,0,250,38,212,240,0.96,38,1.0,38,1.0,202,0.9528,48,210,212,0
0.8,0.65,1,1,24.0,0,0,250,38,212,240,0.96,38,1.0,38,1.0,202,0.9528,48,210,212,0
0.8,0.65,1,1,32.0,0,0,250,38,212,240,0.96,38,1.0,38,1.0,202,0.9528,48,210,212,0
0.8,0.65,1,1,48.0,0,0,250,38,212,240,0.96,38,1.0,38,1.0,202,0.9528,48,210,212,0
0.8,0.65,1,2,12.0,0,0,250,38,212,240,0.96,38,1.0,38,1.0,202,0.9528,48,210,212,0
0.8,0.65,1,2,18.0,0,0,250,38,212,240,0.96,38,1.0,38,1.0,202,0.9528,48,210,212,0
0.8,0.65,1,2,24.0,0,0,250,38,212,240,0.96,38,1.0,38,1.0,202,0.9528,48,210,212,0
0.8,0.65,1,2,32.0,0,0,250,38,212,240,0.96,38,1.0,38,1.0,202,0.9528,48,210,212,0
0.8,0.65,1,2,48.0,0,0,250,38,212,240,0.96,38,1.0,38,1.0,202,0.9528,48,210,212,0
0.85,0.45,1,0,12.0,0,0,250,38,212,240,0.96,38,1.0,38,1.0,202,0.9528,48,211,212,0
0.85,0.45,1,0,18.0,0,0,250,38,212,240,0.96,38,1.0,38,1.0,202,0.9528,48,211,212,0
0.85,0.45,1,0,24.0,0,0,250,38,212,240,0.96,38,1.0,38,1.0,202,0.9528,48,211,212,0
0.85,0.45,1,0,32.0,0,0,250,38,212,240,0.96,38,1.0,38,1.0,202,0.9528,48,211,212,0
0.85,0.45,1,0,48.0,0,0,250,38,212,240,0.96,38,1.0,38,1.0,202,0.9528,48,211,212,0
0.85,0.5,1,0,12.0,0,0,250,38,212,240,0.96,38,1.0,38,1.0,202,0.9528,48,211,212,0
0.85,0.5,1,0,18.0,0,0,250,38,212,240,0.96,38,1.0,38,1.0,202,0.9528,48,211,212,0
0.85,0.5,1,0,24.0,0,0,250,38,212,240,0.96,38,1.0,38,1.0,202,0.9528,48,211,212,0
0.85,0.5,1,0,32.0,0,0,250,38,212,240,0.96,38,1.0,38,1.0,202,0.9528,48,211,212,0
0.85,0.5,1,0,48.0,0,0,250,38,212,240,0.96,38,1.0,38,1.0,202,0.9528,48,211,212,0
0.85,0.55,1,0,12.0,0,0,250,38,212,240,0.96,38,1.0,38,1.0,202,0.9528,48,211,212,0
0.85,0.55,1,0,18.0,0,0,250,38,212,240,0.96,38,1.0,38,1.0,202,0.9528,48,211,212,0
0.85,0.55,1,0,24.0,0,0,250,38,212,240,0.96,38,1.0,38,1.0,202,0.9528,48,211,212,0
0.85,0.55,1,0,32.0,0,0,250,38,212,240,0.96,38,1.0,38,1.0,202,0.9528,48,211,212,0
0.85,0.55,1,0,48.0,0,0,250,38,212,240,0.96,38,1.0,38,1.0,202,0.9528,48,211,212,0
0.85,0.6,1,0,12.0,0,0,250,38,212,240,0.96,38,1.0,38,1.0,202,0.9528,48,211,212,0
0.85,0.6,1,0,18.0,0,0,250,38,212,240,0.96,38,1.0,38,1.0,202,0.9528,48,211,212,0
0.85,0.6,1,0,24.0,0,0,250,38,212,240,0.96,38,1.0,38,1.0,202,0.9528,48,211,212,0
0.85,0.6,1,0,32.0,0,0,250,38,212,240,0.96,38,1.0,38,1.0,202,0.9528,48,211,212,0
0.85,0.6,1,0,48.0,0,0,250,38,212,240,0.96,38,1.0,38,1.0,202,0.9528,48,211,212,0
0.7,0.7,2,2,12.0,0,0,250,38,212,240,0.96,34,0.8947,34,0.8947,206,0.9717,40,211,213,1
0.7,0.7,2,2,18.0,0,0,250,38,212,240,0.96,34,0.8947,34,0.8947,206,0.9717,40,211,213,1
0.75,0.7,2,2,12.0,0,0,250,38,212,240,0.96,34,0.8947,34,0.8947,206,0.9717,40,211,213,1
0.75,0.7,2,2,18.0,0,0,250,38,212,240,0.96,34,0.8947,34,0.8947,206,0.9717,40,211,213,1
0.9,0.02,2,0,12.0,0,0,250,38,212,240,0.96,28,0.7368,28,0.7368,212,1.0,28,222,222,10
0.9,0.02,2,0,18.0,0,0,250,38,212,240,0.96,28,0.7368,28,0.7368,212,1.0,28,222,222,10
0.9,0.02,2,0,24.0,0,0,250,38,212,240,0.96,28,0.7368,28,0.7368,212,1.0,28,222,222,10
0.9,0.02,2,0,32.0,0,0,250,38,212,240,0.96,28,0.7368,28,0.7368,212,1.0,28,222,222,10
0.9,0.02,2,0,48.0,0,0,250,38,212,240,0.96,28,0.7368,28,0.7368,212,1.0,28,222,222,10
0.9,0.02,2,1,12.0,0,0,250,38,212,240,0.96,28,0.7368,28,0.7368,212,1.0,28,222,222,10
0.9,0.02,2,1,18.0,0,0,250,38,212,240,0.96,28,0.7368,28,0.7368,212,1.0,28,222,222,10
0.9,0.02,2,1,24.0,0,0,250,38,212,240,0.96,28,0.7368,28,0.7368,212,1.0,28,222,222,10
0.9,0.02,2,1,32.0,0,0,250,38,212,240,0.96,28,0.7368,28,0.7368,212,1.0,28,222,222,10
0.9,0.02,2,1,48.0,0,0,250,38,212,240,0.96,28,0.7368,28,0.7368,212,1.0,28,222,222,10
0.9,0.02,2,2,12.0,0,0,250,38,212,240,0.96,28,0.7368,28,0.7368,212,1.0,28,222,222,10
0.9,0.02,2,2,18.0,0,0,250,38,212,240,0.96,28,0.7368,28,0.7368,212,1.0,28,222,222,10
0.9,0.02,2,2,24.0,0,0,250,38,212,240,0.96,28,0.7368,28,0.7368,212,1.0,28,222,222,10
0.9,0.02,2,2,32.0,0,0,250,38,212,240,0.96,28,0.7368,28,0.7368,212,1.0,28,222,222,10
0.9,0.02,2,2,48.0,0,0,250,38,212,240,0.96,28,0.7368,28,0.7368,212,1.0,28,222,222,10
0.9,0.05,2,0,12.0,0,0,250,38,212,240,0.96,28,0.7368,28,0.7368,212,1.0,28,222,222,10
0.9,0.05,2,0,18.0,0,0,250,38,212,240,0.96,28,0.7368,28,0.7368,212,1.0,28,222,222,10
0.9,0.05,2,0,24.0,0,0,250,38,212,240,0.96,28,0.7368,28,0.7368,212,1.0,28,222,222,10
0.9,0.05,2,0,32.0,0,0,250,38,212,240,0.96,28,0.7368,28,0.7368,212,1.0,28,222,222,10
0.9,0.05,2,0,48.0,0,0,250,38,212,240,0.96,28,0.7368,28,0.7368,212,1.0,28,222,222,10
0.9,0.05,2,1,12.0,0,0,250,38,212,240,0.96,28,0.7368,28,0.7368,212,1.0,28,222,222,10
0.9,0.05,2,1,18.0,0,0,250,38,212,240,0.96,28,0.7368,28,0.7368,212,1.0,28,222,222,10
0.9,0.05,2,1,24.0,0,0,250,38,212,240,0.96,28,0.7368,28,0.7368,212,1.0,28,222,222,10
0.9,0.05,2,1,32.0,0,0,250,38,212,240,0.96,28,0.7368,28,0.7368,212,1.0,28,222,222,10
0.9,0.05,2,1,48.0,0,0,250,38,212,240,0.96,28,0.7368,28,0.7368,212,1.0,28,222,222,10
0.9,0.05,2,2,12.0,0,0,250,38,212,240,0.96,28,0.7368,28,0.7368,212,1.0,28,222,222,10
0.9,0.05,2,2,18.0,0,0,250,38,212,240,0.96,28,0.7368,28,0.7368,212,1.0,28,222,222,10
0.9,0.05,2,2,24.0,0,0,250,38,212,240,0.96,28,0.7368,28,0.7368,212,1.0,28,222,222,10
0.9,0.05,2,2,32.0,0,0,250,38,212,240,0.96,28,0.7368,28,0.7368,212,1.0,28,222,222,10
0.9,0.05,2,2,48.0,0,0,250,38,212,240,0.96,28,0.7368,28,0.7368,212,1.0,28,222,222,10
0.9,0.1,2,0,12.0,0,0,250,38,212,240,0.96,28,0.7368,28,0.7368,212,1.0,28,222,222,10
0.9,0.1,2,0,18.0,0,0,250,38,212,240,0.96,28,0.7368,28,0.7368,212,1.0,28,222,222,10
0.9,0.1,2,0,24.0,0,0,250,38,212,240,0.96,28,0.7368,28,0.7368,212,1.0,28,222,222,10
0.9,0.1,2,0,32.0,0,0,250,38,212,240,0.96,28,0.7368,28,0.7368,212,1.0,28,222,222,10
0.9,0.1,2,0,48.0,0,0,250,38,212,240,0.96,28,0.7368,28,0.7368,212,1.0,28,222,222,10
0.9,0.1,2,1,12.0,0,0,250,38,212,240,0.96,28,0.7368,28,0.7368,212,1.0,28,222,222,10
0.9,0.1,2,1,18.0,0,0,250,38,212,240,0.96,28,0.7368,28,0.7368,212,1.0,28,222,222,10
0.9,0.1,2,1,24.0,0,0,250,38,212,240,0.96,28,0.7368,28,0.7368,212,1.0,28,222,222,10
0.9,0.1,2,1,32.0,0,0,250,38,212,240,0.96,28,0.7368,28,0.7368,212,1.0,28,222,222,10
0.9,0.1,2,1,48.0,0,0,250,38,212,240,0.96,28,0.7368,28,0.7368,212,1.0,28,222,222,10
0.9,0.1,2,2,12.0,0,0,250,38,212,240,0.96,28,0.7368,28,0.7368,212,1.0,28,222,222,10
0.9,0.1,2,2,18.0,0,0,250,38,212,240,0.96,28,0.7368,28,0.7368,212,1.0,28,222,222,10
0.9,0.1,2,2,24.0,0,0,250,38,212,240,0.96,28,0.7368,28,0.7368,212,1.0,28,222,222,10
0.9,0.1,2,2,32.0,0,0,250,38,212,240,0.96,28,0.7368,28,0.7368,212,1.0,28,222,222,10
0.9,0.1,2,2,48.0,0,0,250,38,212,240,0.96,28,0.7368,28,0.7368,212,1.0,28,222,222,10
0.9,0.15,2,0,12.0,0,0,250,38,212,240,0.96,28,0.7368,28,0.7368,212,1.0,28,222,222,10
0.9,0.15,2,0,18.0,0,0,250,38,212,240,0.96,28,0.7368,28,0.7368,212,1.0,28,222,222,10
0.9,0.15,2,0,24.0,0,0,250,38,212,240,0.96,28,0.7368,28,0.7368,212,1.0,28,222,222,10
0.9,0.15,2,0,32.0,0,0,250,38,212,240,0.96,28,0.7368,28,0.7368,212,1.0,28,222,222,10
0.9,0.15,2,0,48.0,0,0,250,38,212,240,0.96,28,0.7368,28,0.7368,212,1.0,28,222,222,10
0.9,0.15,2,1,12.0,0,0,250,38,212,240,0.96,28,0.7368,28,0.7368,212,1.0,28,222,222,10
0.9,0.15,2,1,18.0,0,0,250,38,212,240,0.96,28,0.7368,28,0.7368,212,1.0,28,222,222,10
0.9,0.15,2,1,24.0,0,0,250,38,212,240,0.96,28,0.7368,28,0.7368,212,1.0,28,222,222,10
0.9,0.15,2,1,32.0,0,0,250,38,212,240,0.96,28,0.7368,28,0.7368,212,1.0,28,222,222,10
0.9,0.15,2,1,48.0,0,0,250,38,212,240,0.96,28,0.7368,28,0.7368,212,1.0,28,222,222,10
0.9,0.15,2,2,12.0,0,0,250,38,212,240,0.96,28,0.7368,28,0.7368,212,1.0,28,222,222,10
0.9,0.15,2,2,18.0,0,0,250,38,212,240,0.96,28,0.7368,28,0.7368,212,1.0,28,222,222,10
0.9,0.15,2,2,24.0,0,0,250,38,212,240,0.96,28,0.7368,28,0.7368,212,1.0,28,222,222,10
0.9,0.15,2,2,32.0,0,0,250,38,212,240,0.96,28,0.7368,28,0.7368,212,1.0,28,222,222,10
0.9,0.15,2,2,48.0,0,0,250,38,212,240,0.96,28,0.7368,28,0.7368,212,1.0,28,222,222,10
0.9,0.2,2,0,12.0,0,0,250,38,212,240,0.96,28,0.7368,28,0.7368,212,1.0,28,222,222,10
0.9,0.2,2,0,18.0,0,0,250,38,212,240,0.96,28,0.7368,28,0.7368,212,1.0,28,222,222,10
0.9,0.2,2,0,24.0,0,0,250,38,212,240,0.96,28,0.7368,28,0.7368,212,1.0,28,222,222,10
0.9,0.2,2,0,32.0,0,0,250,38,212,240,0.96,28,0.7368,28,0.7368,212,1.0,28,222,222,10
0.9,0.2,2,0,48.0,0,0,250,38,212,240,0.96,28,0.7368,28,0.7368,212,1.0,28,222,222,10
0.9,0.2,2,1,12.0,0,0,250,38,212,240,0.96,28,0.7368,28,0.7368,212,1.0,28,222,222,10
0.9,0.2,2,1,18.0,0,0,250,38,212,240,0.96,28,0.7368,28,0.7368,212,1.0,28,222,222,10
0.9,0.2,2,1,24.0,0,0,250,38,212,240,0.96,28,0.7368,28,0.7368,212,1.0,28,222,222,10
0.9,0.2,2,1,32.0,0,0,250,38,212,240,0.96,28,0.7368,28,0.7368,212,1.0,28,222,222,10
0.9,0.2,2,1,48.0,0,0,250,38,212,240,0.96,28,0.7368,28,0.7368,212,1.0,28,222,222,10
0.9,0.2,2,2,12.0,0,0,250,38,212,240,0.96,28,0.7368,28,0.7368,212,1.0,28,222,222,10
0.9,0.2,2,2,18.0,0,0,250,38,212,240,0.96,28,0.7368,28,0.7368,212,1.0,28,222,222,10
0.9,0.2,2,2,24.0,0,0,250,38,212,240,0.96,28,0.7368,28,0.7368,212,1.0,28,222,222,10
0.9,0.2,2,2,32.0,0,0,250,38,212,240,0.96,28,0.7368,28,0.7368,212,1.0,28,222,222,10
0.9,0.2,2,2,48.0,0,0,250,38,212,240,0.96,28,0.7368,28,0.7368,212,1.0,28,222,222,10
0.9,0.25,2,0,12.0,0,0,250,38,212,240,0.96,28,0.7368,28,0.7368,212,1.0,28,222,222,10
0.9,0.25,2,0,18.0,0,0,250,38,212,240,0.96,28,0.7368,28,0.7368,212,1.0,28,222,222,10
0.9,0.25,2,0,24.0,0,0,250,38,212,240,0.96,28,0.7368,28,0.7368,212,1.0,28,222,222,10
0.9,0.25,2,0,32.0,0,0,250,38,212,240,0.96,28,0.7368,28,0.7368,212,1.0,28,222,222,10
0.9,0.25,2,0,48.0,0,0,250,38,212,240,0.96,28,0.7368,28,0.7368,212,1.0,28,222,222,10
0.9,0.25,2,1,12.0,0,0,250,38,212,240,0.96,28,0.7368,28,0.7368,212,1.0,28,222,222,10
0.9,0.25,2,1,18.0,0,0,250,38,212,240,0.96,28,0.7368,28,0.7368,212,1.0,28,222,222,10
0.9,0.25,2,1,24.0,0,0,250,38,212,240,0.96,28,0.7368,28,0.7368,212,1.0,28,222,222,10
0.9,0.25,2,1,32.0,0,0,250,38,212,240,0.96,28,0.7368,28,0.7368,212,1.0,28,222,222,10
0.9,0.25,2,1,48.0,0,0,250,38,212,240,0.96,28,0.7368,28,0.7368,212,1.0,28,222,222,10
0.9,0.25,2,2,12.0,0,0,250,38,212,240,0.96,28,0.7368,28,0.7368,212,1.0,28,222,222,10
0.9,0.25,2,2,18.0,0,0,250,38,212,240,0.96,28,0.7368,28,0.7368,212,1.0,28,222,222,10
0.9,0.25,2,2,24.0,0,0,250,38,212,240,0.96,28,0.7368,28,0.7368,212,1.0,28,222,222,10
0.9,0.25,2,2,32.0,0,0,250,38,212,240,0.96,28,0.7368,28,0.7368,212,1.0,28,222,222,10
0.9,0.25,2,2,48.0,0,0,250,38,212,240,0.96,28,0.7368,28,0.7368,212,1.0,28,222,222,10
0.9,0.3,2,0,12.0,0,0,250,38,212,240,0.96,28,0.7368,28,0.7368,212,1.0,28,222,222,10
0.9,0.3,2,0,18.0,0,0,250,38,212,240,0.96,28,0.7368,28,0.7368,212,1.0,28,222,222,10
0.9,0.3,2,0,24.0,0,0,250,38,212,240,0.96,28,0.7368,28,0.7368,212,1.0,28,222,222,10
0.9,0.3,2,0,32.0,0,0,250,38,212,240,0.96,28,0.7368,28,0.7368,212,1.0,28,222,222,10
0.9,0.3,2,0,48.0,0,0,250,38,212,240,0.96,28,0.7368,28,0.7368,212,1.0,28,222,222,10
0.9,0.3,2,1,12.0,0,0,250,38,212,240,0.96,28,0.7368,28,0.7368,212,1.0,28,222,222,10
0.9,0.3,2,1,18.0,0,0,250,38,212,240,0.96,28,0.7368,28,0.7368,212,1.0,28,222,222,10
0.9,0.3,2,1,24.0,0,0,250,38,212,240,0.96,28,0.7368,28,0.7368,212,1.0,28,222,222,10
0.9,0.3,2,1,32.0,0,0,250,38,212,240,0.96,28,0.7368,28,0.7368,212,1.0,28,222,222,10
0.9,0.3,2,1,48.0,0,0,250,38,212,240,0.96,28,0.7368,28,0.7368,212,1.0,28,222,222,10
0.9,0.3,2,2,12.0,0,0,250,38,212,240,0.96,28,0.7368,28,0.7368,212,1.0,28,222,222,10
0.9,0.3,2,2,18.0,0,0,250,38,212,240,0.96,28,0.7368,28,0.7368,212,1.0,28,222,222,10
0.9,0.3,2,2,24.0,0,0,250,38,212,240,0.96,28,0.7368,28,0.7368,212,1.0,28,222,222,10
0.9,0.3,2,2,32.0,0,0,250,38,212,240,0.96,28,0.7368,28,0.7368,212,1.0,28,222,222,10
0.9,0.3,2,2,48.0,0,0,250,38,212,240,0.96,28,0.7368,28,0.7368,212,1.0,28,222,222,10
0.9,0.35,2,0,12.0,0,0,250,38,212,240,0.96,28,0.7368,28,0.7368,212,1.0,28,222,222,10
0.9,0.35,2,0,18.0,0,0,250,38,212,240,0.96,28,0.7368,28,0.7368,212,1.0,28,222,222,10
0.9,0.35,2,0,24.0,0,0,250,38,212,240,0.96,28,0.7368,28,0.7368,212,1.0,28,222,222,10
0.9,0.35,2,0,32.0,0,0,250,38,212,240,0.96,28,0.7368,28,0.7368,212,1.0,28,222,222,10
0.9,0.35,2,0,48.0,0,0,250,38,212,240,0.96,28,0.7368,28,0.7368,212,1.0,28,222,222,10
0.9,0.35,2,1,12.0,0,0,250,38,212,240,0.96,28,0.7368,28,0.7368,212,1.0,28,222,222,10
0.9,0.35,2,1,18.0,0,0,250,38,212,240,0.96,28,0.7368,28,0.7368,212,1.0,28,222,222,10
0.9,0.35,2,1,24.0,0,0,250,38,212,240,0.96,28,0.7368,28,0.7368,212,1.0,28,222,222,10
0.9,0.35,2,1,32.0,0,0,250,38,212,240,0.96,28,0.7368,28,0.7368,212,1.0,28,222,222,10
0.9,0.35,2,1,48.0,0,0,250,38,212,240,0.96,28,0.7368,28,0.7368,212,1.0,28,222,222,10
0.9,0.35,2,2,12.0,0,0,250,38,212,240,0.96,28,0.7368,28,0.7368,212,1.0,28,222,222,10
0.9,0.35,2,2,18.0,0,0,250,38,212,240,0.96,28,0.7368,28,0.7368,212,1.0,28,222,222,10
0.9,0.35,2,2,24.0,0,0,250,38,212,240,0.96,28,0.7368,28,0.7368,212,1.0,28,222,222,10
0.9,0.35,2,2,32.0,0,0,250,38,212,240,0.96,28,0.7368,28,0.7368,212,1.0,28,222,222,10
0.9,0.35,2,2,48.0,0,0,250,38,212,240,0.96,28,0.7368,28,0.7368,212,1.0,28,222,222,10
0.9,0.4,2,0,12.0,0,0,250,38,212,240,0.96,28,0.7368,28,0.7368,212,1.0,28,222,222,10
0.9,0.4,2,0,18.0,0,0,250,38,212,240,0.96,28,0.7368,28,0.7368,212,1.0,28,222,222,10
0.9,0.4,2,0,24.0,0,0,250,38,212,240,0.96,28,0.7368,28,0.7368,212,1.0,28,222,222,10
0.9,0.4,2,0,32.0,0,0,250,38,212,240,0.96,28,0.7368,28,0.7368,212,1.0,28,222,222,10
0.9,0.4,2,0,48.0,0,0,250,38,212,240,0.96,28,0.7368,28,0.7368,212,1.0,28,222,222,10
0.9,0.4,2,1,12.0,0,0,250,38,212,240,0.96,28,0.7368,28,0.7368,212,1.0,28,222,222,10
0.9,0.4,2,1,18.0,0,0,250,38,212,240,0.96,28,0.7368,28,0.7368,212,1.0,28,222,222,10
0.9,0.4,2,1,24.0,0,0,250,38,212,240,0.96,28,0.7368,28,0.7368,212,1.0,28,222,222,10
0.9,0.4,2,1,32.0,0,0,250,38,212,240,0.96,28,0.7368,28,0.7368,212,1.0,28,222,222,10
0.9,0.4,2,1,48.0,0,0,250,38,212,240,0.96,28,0.7368,28,0.7368,212,1.0,28,222,222,10
0.9,0.4,2,2,12.0,0,0,250,38,212,240,0.96,28,0.7368,28,0.7368,212,1.0,28,222,222,10
0.9,0.4,2,2,18.0,0,0,250,38,212,240,0.96,28,0.7368,28,0.7368,212,1.0,28,222,222,10
0.9,0.4,2,2,24.0,0,0,250,38,212,240,0.96,28,0.7368,28,0.7368,212,1.0,28,222,222,10
0.9,0.4,2,2,32.0,0,0,250,38,212,240,0.96,28,0.7368,28,0.7368,212,1.0,28,222,222,10
0.9,0.4,2,2,48.0,0,0,250,38,212,240,0.96,28,0.7368,28,0.7368,212,1.0,28,222,222,10
0.9,0.45,2,0,12.0,0,0,250,38,212,240,0.96,28,0.7368,28,0.7368,212,1.0,28,222,222,10
0.9,0.45,2,0,18.0,0,0,250,38,212,240,0.96,28,0.7368,28,0.7368,212,1.0,28,222,222,10
0.9,0.45,2,0,24.0,0,0,250,38,212,240,0.96,28,0.7368,28,0.7368,212,1.0,28,222,222,10
0.9,0.45,2,0,32.0,0,0,250,38,212,240,0.96,28,0.7368,28,0.7368,212,1.0,28,222,222,10
0.9,0.45,2,0,48.0,0,0,250,38,212,240,0.96,28,0.7368,28,0.7368,212,1.0,28,222,222,10
0.9,0.45,2,1,12.0,0,0,250,38,212,240,0.96,28,0.7368,28,0.7368,212,1.0,28,222,222,10
0.9,0.45,2,1,18.0,0,0,250,38,212,240,0.96,28,0.7368,28,0.7368,212,1.0,28,222,222,10
0.9,0.45,2,1,24.0,0,0,250,38,212,240,0.96,28,0.7368,28,0.7368,212,1.0,28,222,222,10
0.9,0.45,2,1,32.0,0,0,250,38,212,240,0.96,28,0.7368,28,0.7368,212,1.0,28,222,222,10
0.9,0.45,2,1,48.0,0,0,250,38,212,240,0.96,28,0.7368,28,0.7368,212,1.0,28,222,222,10
0.9,0.45,2,2,12.0,0,0,250,38,212,240,0.96,28,0.7368,28,0.7368,212,1.0,28,222,222,10
0.9,0.45,2,2,18.0,0,0,250,38,212,240,0.96,28,0.7368,28,0.7368,212,1.0,28,222,222,10
0.9,0.45,2,2,24.0,0,0,250,38,212,240,0.96,28,0.7368,28,0.7368,212,1.0,28,222,222,10
0.9,0.45,2,2,32.0,0,0,250,38,212,240,0.96,28,0.7368,28,0.7368,212,1.0,28,222,222,10
0.9,0.45,2,2,48.0,0,0,250,38,212,240,0.96,28,0.7368,28,0.7368,212,1.0,28,222,222,10
0.9,0.5,2,0,12.0,0,0,250,38,212,240,0.96,28,0.7368,28,0.7368,212,1.0,28,222,222,10
0.9,0.5,2,0,18.0,0,0,250,38,212,240,0.96,28,0.7368,28,0.7368,212,1.0,28,222,222,10
0.9,0.5,2,0,24.0,0,0,250,38,212,240,0.96,28,0.7368,28,0.7368,212,1.0,28,222,222,10
0.9,0.5,2,0,32.0,0,0,250,38,212,240,0.96,28,0.7368,28,0.7368,212,1.0,28,222,222,10
0.9,0.5,2,0,48.0,0,0,250,38,212,240,0.96,28,0.7368,28,0.7368,212,1.0,28,222,222,10
0.9,0.5,2,1,12.0,0,0,250,38,212,240,0.96,28,0.7368,28,0.7368,212,1.0,28,222,222,10
0.9,0.5,2,1,18.0,0,0,250,38,212,240,0.96,28,0.7368,28,0.7368,212,1.0,28,222,222,10
0.9,0.5,2,1,24.0,0,0,250,38,212,240,0.96,28,0.7368,28,0.7368,212,1.0,28,222,222,10
0.9,0.5,2,1,32.0,0,0,250,38,212,240,0.96,28,0.7368,28,0.7368,212,1.0,28,222,222,10
0.9,0.5,2,1,48.0,0,0,250,38,212,240,0.96,28,0.7368,28,0.7368,212,1.0,28,222,222,10
0.9,0.5,2,2,12.0,0,0,250,38,212,240,0.96,28,0.7368,28,0.7368,212,1.0,28,222,222,10
0.9,0.5,2,2,18.0,0,0,250,38,212,240,0.96,28,0.7368,28,0.7368,212,1.0,28,222,222,10
0.9,0.5,2,2,24.0,0,0,250,38,212,240,0.96,28,0.7368,28,0.7368,212,1.0,28,222,222,10
0.9,0.5,2,2,32.0,0,0,250,38,212,240,0.96,28,0.7368,28,0.7368,212,1.0,28,222,222,10
0.9,0.5,2,2,48.0,0,0,250,38,212,240,0.96,28,0.7368,28,0.7368,212,1.0,28,222,222,10
0.9,0.55,2,0,12.0,0,0,250,38,212,240,0.96,28,0.7368,28,0.7368,212,1.0,28,222,222,10
0.9,0.55,2,0,18.0,0,0,250,38,212,240,0.96,28,0.7368,28,0.7368,212,1.0,28,222,222,10
0.9,0.55,2,0,24.0,0,0,250,38,212,240,0.96,28,0.7368,28,0.7368,212,1.0,28,222,222,10
0.9,0.55,2,0,32.0,0,0,250,38,212,240,0.96,28,0.7368,28,0.7368,212,1.0,28,222,222,10
0.9,0.55,2,0,48.0,0,0,250,38,212,240,0.96,28,0.7368,28,0.7368,212,1.0,28,222,222,10
0.9,0.55,2,1,12.0,0,0,250,38,212,240,0.96,28,0.7368,28,0.7368,212,1.0,28,222,222,10
0.9,0.55,2,1,18.0,0,0,250,38,212,240,0.96,28,0.7368,28,0.7368,212,1.0,28,222,222,10
0.9,0.55,2,1,24.0,0,0,250,38,212,240,0.96,28,0.7368,28,0.7368,212,1.0,28,222,222,10
0.9,0.55,2,1,32.0,0,0,250,38,212,240,0.96,28,0.7368,28,0.7368,212,1.0,28,222,222,10
0.9,0.55,2,1,48.0,0,0,250,38,212,240,0.96,28,0.7368,28,0.7368,212,1.0,28,222,222,10
0.9,0.55,2,2,12.0,0,0,250,38,212,240,0.96,28,0.7368,28,0.7368,212,1.0,28,222,222,10
0.9,0.55,2,2,18.0,0,0,250,38,212,240,0.96,28,0.7368,28,0.7368,212,1.0,28,222,222,10
0.9,0.55,2,2,24.0,0,0,250,38,212,240,0.96,28,0.7368,28,0.7368,212,1.0,28,222,222,10
0.9,0.55,2,2,32.0,0,0,250,38,212,240,0.96,28,0.7368,28,0.7368,212,1.0,28,222,222,10
0.9,0.55,2,2,48.0,0,0,250,38,212,240,0.96,28,0.7368,28,0.7368,212,1.0,28,222,222,10
0.9,0.6,2,0,12.0,0,0,250,38,212,240,0.96,28,0.7368,28,0.7368,212,1.0,28,222,222,10
0.9,0.6,2,0,18.0,0,0,250,38,212,240,0.96,28,0.7368,28,0.7368,212,1.0,28,222,222,10
0.9,0.6,2,0,24.0,0,0,250,38,212,240,0.96,28,0.7368,28,0.7368,212,1.0,28,222,222,10
0.9,0.6,2,0,32.0,0,0,250,38,212,240,0.96,28,0.7368,28,0.7368,212,1.0,28,222,222,10
0.9,0.6,2,0,48.0,0,0,250,38,212,240,0.96,28,0.7368,28,0.7368,212,1.0,28,222,222,10
0.9,0.6,2,1,12.0,0,0,250,38,212,240,0.96,28,0.7368,28,0.7368,212,1.0,28,222,222,10
0.9,0.6,2,1,18.0,0,0,250,38,212,240,0.96,28,0.7368,28,0.7368,212,1.0,28,222,222,10
0.9,0.6,2,1,24.0,0,0,250,38,212,240,0.96,28,0.7368,28,0.7368,212,1.0,28,222,222,10
0.9,0.6,2,1,32.0,0,0,250,38,212,240,0.96,28,0.7368,28,0.7368,212,1.0,28,222,222,10
0.9,0.6,2,1,48.0,0,0,250,38,212,240,0.96,28,0.7368,28,0.7368,212,1.0,28,222,222,10
0.9,0.6,2,2,12.0,0,0,250,38,212,240,0.96,28,0.7368,28,0.7368,212,1.0,28,222,222,10
0.9,0.6,2,2,18.0,0,0,250,38,212,240,0.96,28,0.7368,28,0.7368,212,1.0,28,222,222,10
0.9,0.6,2,2,24.0,0,0,250,38,212,240,0.96,28,0.7368,28,0.7368,212,1.0,28,222,222,10
0.9,0.6,2,2,32.0,0,0,250,38,212,240,0.96,28,0.7368,28,0.7368,212,1.0,28,222,222,10
0.9,0.6,2,2,48.0,0,0,250,38,212,240,0.96,28,0.7368,28,0.7368,212,1.0,28,222,222,10
0.9,0.65,2,0,12.0,0,0,250,38,212,240,0.96,28,0.7368,28,0.7368,212,1.0,28,222,222,10
0.9,0.65,2,0,18.0,0,0,250,38,212,240,0.96,28,0.7368,28,0.7368,212,1.0,28,222,222,10
0.9,0.65,2,0,24.0,0,0,250,38,212,240,0.96,28,0.7368,28,0.7368,212,1.0,28,222,222,10
0.9,0.65,2,0,32.0,0,0,250,38,212,240,0.96,28,0.7368,28,0.7368,212,1.0,28,222,222,10
0.9,0.65,2,0,48.0,0,0,250,38,212,240,0.96,28,0.7368,28,0.7368,212,1.0,28,222,222,10
0.9,0.65,2,1,12.0,0,0,250,38,212,240,0.96,28,0.7368,28,0.7368,212,1.0,28,222,222,10
0.9,0.65,2,1,18.0,0,0,250,38,212,240,0.96,28,0.7368,28,0.7368,212,1.0,28,222,222,10
0.9,0.65,2,1,24.0,0,0,250,38,212,240,0.96,28,0.7368,28,0.7368,212,1.0,28,222,222,10
0.9,0.65,2,1,32.0,0,0,250,38,212,240,0.96,28,0.7368,28,0.7368,212,1.0,28,222,222,10
0.9,0.65,2,1,48.0,0,0,250,38,212,240,0.96,28,0.7368,28,0.7368,212,1.0,28,222,222,10
0.9,0.65,2,2,12.0,0,0,250,38,212,240,0.96,28,0.7368,28,0.7368,212,1.0,28,222,222,10
0.9,0.65,2,2,18.0,0,0,250,38,212,240,0.96,28,0.7368,28,0.7368,212,1.0,28,222,222,10
0.9,0.65,2,2,24.0,0,0,250,38,212,240,0.96,28,0.7368,28,0.7368,212,1.0,28,222,222,10
0.9,0.65,2,2,32.0,0,0,250,38,212,240,0.96,28,0.7368,28,0.7368,212,1.0,28,222,222,10
0.9,0.65,2,2,48.0,0,0,250,38,212,240,0.96,28,0.7368,28,0.7368,212,1.0,28,222,222,10
0.6,0.6,3,2,12.0,0,0,250,38,212,239,0.956,38,1.0,38,1.0,201,0.9481,49,211,212,0
0.6,0.6,3,2,18.0,0,0,250,38,212,239,0.956,38,1.0,38,1.0,201,0.9481,49,211,212,0
0.65,0.6,2,2,12.0,0,0,250,38,212,239,0.956,38,1.0,38,1.0,201,0.9481,49,211,212,0
0.65,0.6,2,2,18.0,0,0,250,38,212,239,0.956,38,1.0,38,1.0,201,0.9481,49,211,212,0
0.65,0.65,3,1,24.0,0,0,250,38,212,239,0.956,38,1.0,38,1.0,201,0.9481,49,212,212,0
0.65,0.65,3,1,32.0,0,0,250,38,212,239,0.956,38,1.0,38,1.0,201,0.9481,49,212,212,0
0.65,0.65,3,1,48.0,0,0,250,38,212,239,0.956,38,1.0,38,1.0,201,0.9481,49,212,212,0
0.65,0.65,3,2,24.0,0,0,250,38,212,239,0.956,38,1.0,38,1.0,201,0.9481,49,212,212,0
0.65,0.65,3,2,32.0,0,0,250,38,212,239,0.956,38,1.0,38,1.0,201,0.9481,49,212,212,0
0.65,0.65,3,2,48.0,0,0,250,38,212,239,0.956,38,1.0,38,1.0,201,0.9481,49,212,212,0
0.7,0.65,1,0,12.0,0,0,250,38,212,239,0.956,38,1.0,38,1.0,201,0.9481,49,210,212,0
0.7,0.65,1,0,18.0,0,0,250,38,212,239,0.956,38,1.0,38,1.0,201,0.9481,49,210,212,0
0.7,0.65,1,1,12.0,0,0,250,38,212,239,0.956,38,1.0,38,1.0,201,0.9481,49,210,212,0
0.7,0.65,1,1,18.0,0,0,250,38,212,239,0.956,38,1.0,38,1.0,201,0.9481,49,210,212,0
0.7,0.65,2,1,24.0,0,0,250,38,212,239,0.956,38,1.0,38,1.0,201,0.9481,49,211,212,0
0.7,0.65,2,1,32.0,0,0,250,38,212,239,0.956,38,1.0,38,1.0,201,0.9481,49,211,212,0
0.7,0.65,2,1,48.0,0,0,250,38,212,239,0.956,38,1.0,38,1.0,201,0.9481,49,211,212,0
0.7,0.65,2,2,24.0,0,0,250,38,212,239,0.956,38,1.0,38,1.0,201,0.9481,49,211,212,0
0.7,0.65,2,2,32.0,0,0,250,38,212,239,0.956,38,1.0,38,1.0,201,0.9481,49,211,212,0
0.7,0.65,2,2,48.0,0,0,250,38,212,239,0.956,38,1.0,38,1.0,201,0.9481,49,211,212,0
0.75,0.65,1,0,12.0,0,0,250,38,212,239,0.956,38,1.0,38,1.0,201,0.9481,49,210,212,0
0.75,0.65,1,0,18.0,0,0,250,38,212,239,0.956,38,1.0,38,1.0,201,0.9481,49,210,212,0
0.75,0.65,1,1,12.0,0,0,250,38,212,239,0.956,38,1.0,38,1.0,201,0.9481,49,210,212,0
0.75,0.65,1,1,18.0,0,0,250,38,212,239,0.956,38,1.0,38,1.0,201,0.9481,49,210,212,0
0.75,0.65,2,1,24.0,0,0,250,38,212,239,0.956,38,1.0,38,1.0,201,0.9481,49,211,212,0
0.75,0.65,2,1,32.0,0,0,250,38,212,239,0.956,38,1.0,38,1.0,201,0.9481,49,211,212,0
0.75,0.65,2,1,48.0,0,0,250,38,212,239,0.956,38,1.0,38,1.0,201,0.9481,49,211,212,0
0.75,0.65,2,2,24.0,0,0,250,38,212,239,0.956,38,1.0,38,1.0,201,0.9481,49,211,212,0
0.75,0.65,2,2,32.0,0,0,250,38,212,239,0.956,38,1.0,38,1.0,201,0.9481,49,211,212,0
0.75,0.65,2,2,48.0,0,0,250,38,212,239,0.956,38,1.0,38,1.0,201,0.9481,49,211,212,0
0.8,0.45,1,0,12.0,0,0,250,38,212,239,0.956,38,1.0,38,1.0,201,0.9481,49,210,212,0
0.8,0.45,1,0,18.0,0,0,250,38,212,239,0.956,38,1.0,38,1.0,201,0.9481,49,210,212,0
0.8,0.45,1,0,24.0,0,0,250,38,212,239,0.956,38,1.0,38,1.0,201,0.9481,49,210,212,0
0.8,0.45,1,0,32.0,0,0,250,38,212,239,0.956,38,1.0,38,1.0,201,0.9481,49,210,212,0
0.8,0.45,1,0,48.0,0,0,250,38,212,239,0.956,38,1.0,38,1.0,201,0.9481,49,210,212,0
0.8,0.5,1,0,12.0,0,0,250,38,212,239,0.956,38,1.0,38,1.0,201,0.9481,49,210,212,0
0.8,0.5,1,0,18.0,0,0,250,38,212,239,0.956,38,1.0,38,1.0,201,0.9481,49,210,212,0
0.8,0.5,1,0,24.0,0,0,250,38,212,239,0.956,38,1.0,38,1.0,201,0.9481,49,210,212,0
0.8,0.5,1,0,32.0,0,0,250,38,212,239,0.956,38,1.0,38,1.0,201,0.9481,49,210,212,0
0.8,0.5,1,0,48.0,0,0,250,38,212,239,0.956,38,1.0,38,1.0,201,0.9481,49,210,212,0
0.8,0.55,1,0,12.0,0,0,250,38,212,239,0.956,38,1.0,38,1.0,201,0.9481,49,210,212,0
0.8,0.55,1,0,18.0,0,0,250,38,212,239,0.956,38,1.0,38,1.0,201,0.9481,49,210,212,0
0.8,0.55,1,0,24.0,0,0,250,38,212,239,0.956,38,1.0,38,1.0,201,0.9481,49,210,212,0
0.8,0.55,1,0,32.0,0,0,250,38,212,239,0.956,38,1.0,38,1.0,201,0.9481,49,210,212,0
0.8,0.55,1,0,48.0,0,0,250,38,212,239,0.956,38,1.0,38,1.0,201,0.9481,49,210,212,0
0.8,0.6,1,0,12.0,0,0,250,38,212,239,0.956,38,1.0,38,1.0,201,0.9481,49,210,212,0
0.8,0.6,1,0,18.0,0,0,250,38,212,239,0.956,38,1.0,38,1.0,201,0.9481,49,210,212,0
0.8,0.6,1,0,24.0,0,0,250,38,212,239,0.956,38,1.0,38,1.0,201,0.9481,49,210,212,0
0.8,0.6,1,0,32.0,0,0,250,38,212,239,0.956,38,1.0,38,1.0,201,0.9481,49,210,212,0
0.8,0.6,1,0,48.0,0,0,250,38,212,239,0.956,38,1.0,38,1.0,201,0.9481,49,210,212,0
0.85,0.6,1,1,12.0,0,0,250,38,212,239,0.956,38,1.0,38,1.0,201,0.9481,49,211,212,0
0.85,0.6,1,1,18.0,0,0,250,38,212,239,0.956,38,1.0,38,1.0,201,0.9481,49,211,212,0
0.85,0.6,1,1,24.0,0,0,250,38,212,239,0.956,38,1.0,38,1.0,201,0.9481,49,211,212,0
0.85,0.6,1,1,32.0,0,0,250,38,212,239,0.956,38,1.0,38,1.0,201,0.9481,49,211,212,0
0.85,0.6,1,1,48.0,0,0,250,38,212,239,0.956,38,1.0,38,1.0,201,0.9481,49,211,212,0
0.85,0.6,1,2,12.0,0,0,250,38,212,239,0.956,38,1.0,38,1.0,201,0.9481,49,211,212,0
0.85,0.6,1,2,18.0,0,0,250,38,212,239,0.956,38,1.0,38,1.0,201,0.9481,49,211,212,0
0.85,0.6,1,2,24.0,0,0,250,38,212,239,0.956,38,1.0,38,1.0,201,0.9481,49,211,212,0
0.85,0.6,1,2,32.0,0,0,250,38,212,239,0.956,38,1.0,38,1.0,201,0.9481,49,211,212,0
0.85,0.6,1,2,48.0,0,0,250,38,212,239,0.956,38,1.0,38,1.0,201,0.9481,49,211,212,0
0.7,0.7,2,1,12.0,0,0,250,38,212,239,0.956,34,0.8947,34,0.8947,205,0.967,41,211,213,1
0.7,0.7,2,1,18.0,0,0,250,38,212,239,0.956,34,0.8947,34,0.8947,205,0.967,41,211,213,1
0.75,0.7,2,1,12.0,0,0,250,38,212,239,0.956,34,0.8947,34,0.8947,205,0.967,41,211,213,1
0.75,0.7,2,1,18.0,0,0,250,38,212,239,0.956,34,0.8947,34,0.8947,205,0.967,41,211,213,1
0.8,0.7,2,1,12.0,0,0,250,38,212,239,0.956,34,0.8947,34,0.8947,205,0.967,41,211,213,1
0.8,0.7,2,1,18.0,0,0,250,38,212,239,0.956,34,0.8947,34,0.8947,205,0.967,41,211,213,1
0.8,0.7,2,1,24.0,0,0,250,38,212,239,0.956,34,0.8947,34,0.8947,205,0.967,41,211,213,1
0.8,0.7,2,1,32.0,0,0,250,38,212,239,0.956,34,0.8947,34,0.8947,205,0.967,41,211,213,1
0.8,0.7,2,1,48.0,0,0,250,38,212,239,0.956,34,0.8947,34,0.8947,205,0.967,41,211,213,1
0.8,0.7,2,2,12.0,0,0,250,38,212,239,0.956,34,0.8947,34,0.8947,205,0.967,41,211,213,1
0.8,0.7,2,2,18.0,0,0,250,38,212,239,0.956,34,0.8947,34,0.8947,205,0.967,41,211,213,1
0.8,0.7,2,2,24.0,0,0,250,38,212,239,0.956,34,0.8947,34,0.8947,205,0.967,41,211,213,1
0.8,0.7,2,2,32.0,0,0,250,38,212,239,0.956,34,0.8947,34,0.8947,205,0.967,41,211,213,1
0.8,0.7,2,2,48.0,0,0,250,38,212,239,0.956,34,0.8947,34,0.8947,205,0.967,41,211,213,1
0.7,0.65,3,0,12.0,0,0,250,38,212,239,0.956,33,0.8684,33,0.8684,206,0.9717,39,217,217,5
0.7,0.65,3,0,18.0,0,0,250,38,212,239,0.956,33,0.8684,33,0.8684,206,0.9717,39,217,217,5
0.85,0.7,3,0,12.0,0,0,250,38,212,239,0.956,27,0.7105,27,0.7105,212,1.0,27,221,221,9
0.85,0.7,3,0,18.0,0,0,250,38,212,239,0.956,27,0.7105,27,0.7105,212,1.0,27,221,221,9
0.85,0.7,3,0,24.0,0,0,250,38,212,239,0.956,27,0.7105,27,0.7105,212,1.0,27,221,221,9
0.85,0.7,3,0,32.0,0,0,250,38,212,239,0.956,27,0.7105,27,0.7105,212,1.0,27,221,221,9
0.85,0.7,3,0,48.0,0,0,250,38,212,239,0.956,27,0.7105,27,0.7105,212,1.0,27,221,221,9
0.85,0.7,3,1,12.0,0,0,250,38,212,239,0.956,27,0.7105,27,0.7105,212,1.0,27,221,221,9
0.85,0.7,3,1,18.0,0,0,250,38,212,239,0.956,27,0.7105,27,0.7105,212,1.0,27,221,221,9
0.85,0.7,3,1,24.0,0,0,250,38,212,239,0.956,27,0.7105,27,0.7105,212,1.0,27,221,221,9
0.85,0.7,3,1,32.0,0,0,250,38,212,239,0.956,27,0.7105,27,0.7105,212,1.0,27,221,221,9
0.85,0.7,3,1,48.0,0,0,250,38,212,239,0.956,27,0.7105,27,0.7105,212,1.0,27,221,221,9
0.85,0.7,3,2,12.0,0,0,250,38,212,239,0.956,27,0.7105,27,0.7105,212,1.0,27,221,221,9
0.85,0.7,3,2,18.0,0,0,250,38,212,239,0.956,27,0.7105,27,0.7105,212,1.0,27,221,221,9
0.85,0.7,3,2,24.0,0,0,250,38,212,239,0.956,27,0.7105,27,0.7105,212,1.0,27,221,221,9
0.85,0.7,3,2,32.0,0,0,250,38,212,239,0.956,27,0.7105,27,0.7105,212,1.0,27,221,221,9
0.85,0.7,3,2,48.0,0,0,250,38,212,239,0.956,27,0.7105,27,0.7105,212,1.0,27,221,221,9
0.85,0.75,3,0,12.0,0,0,250,38,212,239,0.956,27,0.7105,27,0.7105,212,1.0,27,221,221,9
0.85,0.75,3,0,18.0,0,0,250,38,212,239,0.956,27,0.7105,27,0.7105,212,1.0,27,221,221,9
0.85,0.75,3,0,24.0,0,0,250,38,212,239,0.956,27,0.7105,27,0.7105,212,1.0,27,221,221,9
0.85,0.75,3,0,32.0,0,0,250,38,212,239,0.956,27,0.7105,27,0.7105,212,1.0,27,221,221,9
0.85,0.75,3,0,48.0,0,0,250,38,212,239,0.956,27,0.7105,27,0.7105,212,1.0,27,221,221,9
0.85,0.75,3,1,12.0,0,0,250,38,212,239,0.956,27,0.7105,27,0.7105,212,1.0,27,221,221,9
0.85,0.75,3,1,18.0,0,0,250,38,212,239,0.956,27,0.7105,27,0.7105,212,1.0,27,221,221,9
0.85,0.75,3,1,24.0,0,0,250,38,212,239,0.956,27,0.7105,27,0.7105,212,1.0,27,221,221,9
0.85,0.75,3,1,32.0,0,0,250,38,212,239,0.956,27,0.7105,27,0.7105,212,1.0,27,221,221,9
0.85,0.75,3,1,48.0,0,0,250,38,212,239,0.956,27,0.7105,27,0.7105,212,1.0,27,221,221,9
0.85,0.75,3,2,12.0,0,0,250,38,212,239,0.956,27,0.7105,27,0.7105,212,1.0,27,221,221,9
0.85,0.75,3,2,18.0,0,0,250,38,212,239,0.956,27,0.7105,27,0.7105,212,1.0,27,221,221,9
0.85,0.75,3,2,24.0,0,0,250,38,212,239,0.956,27,0.7105,27,0.7105,212,1.0,27,221,221,9
0.85,0.75,3,2,32.0,0,0,250,38,212,239,0.956,27,0.7105,27,0.7105,212,1.0,27,221,221,9
0.85,0.75,3,2,48.0,0,0,250,38,212,239,0.956,27,0.7105,27,0.7105,212,1.0,27,221,221,9
0.85,0.8,3,0,12.0,0,0,250,38,212,239,0.956,27,0.7105,27,0.7105,212,1.0,27,221,221,9
0.85,0.8,3,0,18.0,0,0,250,38,212,239,0.956,27,0.7105,27,0.7105,212,1.0,27,221,221,9
0.85,0.8,3,0,24.0,0,0,250,38,212,239,0.956,27,0.7105,27,0.7105,212,1.0,27,221,221,9
0.85,0.8,3,0,32.0,0,0,250,38,212,239,0.956,27,0.7105,27,0.7105,212,1.0,27,221,221,9
0.85,0.8,3,0,48.0,0,0,250,38,212,239,0.956,27,0.7105,27,0.7105,212,1.0,27,221,221,9
0.85,0.8,3,1,12.0,0,0,250,38,212,239,0.956,27,0.7105,27,0.7105,212,1.0,27,221,221,9
0.85,0.8,3,1,18.0,0,0,250,38,212,239,0.956,27,0.7105,27,0.7105,212,1.0,27,221,221,9
0.85,0.8,3,1,24.0,0,0,250,38,212,239,0.956,27,0.7105,27,0.7105,212,1.0,27,221,221,9
0.85,0.8,3,1,32.0,0,0,250,38,212,239,0.956,27,0.7105,27,0.7105,212,1.0,27,221,221,9
0.85,0.8,3,1,48.0,0,0,250,38,212,239,0.956,27,0.7105,27,0.7105,212,1.0,27,221,221,9
0.85,0.8,3,2,12.0,0,0,250,38,212,239,0.956,27,0.7105,27,0.7105,212,1.0,27,221,221,9
0.85,0.8,3,2,18.0,0,0,250,38,212,239,0.956,27,0.7105,27,0.7105,212,1.0,27,221,221,9
0.85,0.8,3,2,24.0,0,0,250,38,212,239,0.956,27,0.7105,27,0.7105,212,1.0,27,221,221,9
0.85,0.8,3,2,32.0,0,0,250,38,212,239,0.956,27,0.7105,27,0.7105,212,1.0,27,221,221,9
0.85,0.8,3,2,48.0,0,0,250,38,212,239,0.956,27,0.7105,27,0.7105,212,1.0,27,221,221,9
0.9,0.02,3,0,12.0,0,0,250,38,212,239,0.956,27,0.7105,27,0.7105,212,1.0,27,223,223,11
0.9,0.02,3,0,18.0,0,0,250,38,212,239,0.956,27,0.7105,27,0.7105,212,1.0,27,223,223,11
0.9,0.02,3,0,24.0,0,0,250,38,212,239,0.956,27,0.7105,27,0.7105,212,1.0,27,223,223,11
0.9,0.02,3,0,32.0,0,0,250,38,212,239,0.956,27,0.7105,27,0.7105,212,1.0,27,223,223,11
0.9,0.02,3,0,48.0,0,0,250,38,212,239,0.956,27,0.7105,27,0.7105,212,1.0,27,223,223,11
0.9,0.02,3,1,12.0,0,0,250,38,212,239,0.956,27,0.7105,27,0.7105,212,1.0,27,223,223,11
0.9,0.02,3,1,18.0,0,0,250,38,212,239,0.956,27,0.7105,27,0.7105,212,1.0,27,223,223,11
0.9,0.02,3,1,24.0,0,0,250,38,212,239,0.956,27,0.7105,27,0.7105,212,1.0,27,223,223,11
0.9,0.02,3,1,32.0,0,0,250,38,212,239,0.956,27,0.7105,27,0.7105,212,1.0,27,223,223,11
0.9,0.02,3,1,48.0,0,0,250,38,212,239,0.956,27,0.7105,27,0.7105,212,1.0,27,223,223,11
0.9,0.02,3,2,12.0,0,0,250,38,212,239,0.956,27,0.7105,27,0.7105,212,1.0,27,223,223,11
0.9,0.02,3,2,18.0,0,0,250,38,212,239,0.956,27,0.7105,27,0.7105,212,1.0,27,223,223,11
0.9,0.02,3,2,24.0,0,0,250,38,212,239,0.956,27,0.7105,27,0.7105,212,1.0,27,223,223,11
0.9,0.02,3,2,32.0,0,0,250,38,212,239,0.956,27,0.7105,27,0.7105,212,1.0,27,223,223,11
0.9,0.02,3,2,48.0,0,0,250,38,212,239,0.956,27,0.7105,27,0.7105,212,1.0,27,223,223,11
0.9,0.05,3,0,12.0,0,0,250,38,212,239,0.956,27,0.7105,27,0.7105,212,1.0,27,223,223,11
0.9,0.05,3,0,18.0,0,0,250,38,212,239,0.956,27,0.7105,27,0.7105,212,1.0,27,223,223,11
0.9,0.05,3,0,24.0,0,0,250,38,212,239,0.956,27,0.7105,27,0.7105,212,1.0,27,223,223,11
0.9,0.05,3,0,32.0,0,0,250,38,212,239,0.956,27,0.7105,27,0.7105,212,1.0,27,223,223,11
0.9,0.05,3,0,48.0,0,0,250,38,212,239,0.956,27,0.7105,27,0.7105,212,1.0,27,223,223,11
0.9,0.05,3,1,12.0,0,0,250,38,212,239,0.956,27,0.7105,27,0.7105,212,1.0,27,223,223,11
0.9,0.05,3,1,18.0,0,0,250,38,212,239,0.956,27,0.7105,27,0.7105,212,1.0,27,223,223,11
0.9,0.05,3,1,24.0,0,0,250,38,212,239,0.956,27,0.7105,27,0.7105,212,1.0,27,223,223,11
0.9,0.05,3,1,32.0,0,0,250,38,212,239,0.956,27,0.7105,27,0.7105,212,1.0,27,223,223,11
0.9,0.05,3,1,48.0,0,0,250,38,212,239,0.956,27,0.7105,27,0.7105,212,1.0,27,223,223,11
0.9,0.05,3,2,12.0,0,0,250,38,212,239,0.956,27,0.7105,27,0.7105,212,1.0,27,223,223,11
0.9,0.05,3,2,18.0,0,0,250,38,212,239,0.956,27,0.7105,27,0.7105,212,1.0,27,223,223,11
0.9,0.05,3,2,24.0,0,0,250,38,212,239,0.956,27,0.7105,27,0.7105,212,1.0,27,223,223,11
0.9,0.05,3,2,32.0,0,0,250,38,212,239,0.956,27,0.7105,27,0.7105,212,1.0,27,223,223,11
0.9,0.05,3,2,48.0,0,0,250,38,212,239,0.956,27,0.7105,27,0.7105,212,1.0,27,223,223,11
0.9,0.1,3,0,12.0,0,0,250,38,212,239,0.956,27,0.7105,27,0.7105,212,1.0,27,223,223,11
0.9,0.1,3,0,18.0,0,0,250,38,212,239,0.956,27,0.7105,27,0.7105,212,1.0,27,223,223,11
0.9,0.1,3,0,24.0,0,0,250,38,212,239,0.956,27,0.7105,27,0.7105,212,1.0,27,223,223,11
0.9,0.1,3,0,32.0,0,0,250,38,212,239,0.956,27,0.7105,27,0.7105,212,1.0,27,223,223,11
0.9,0.1,3,0,48.0,0,0,250,38,212,239,0.956,27,0.7105,27,0.7105,212,1.0,27,223,223,11
0.9,0.1,3,1,12.0,0,0,250,38,212,239,0.956,27,0.7105,27,0.7105,212,1.0,27,223,223,11
0.9,0.1,3,1,18.0,0,0,250,38,212,239,0.956,27,0.7105,27,0.7105,212,1.0,27,223,223,11
0.9,0.1,3,1,24.0,0,0,250,38,212,239,0.956,27,0.7105,27,0.7105,212,1.0,27,223,223,11
0.9,0.1,3,1,32.0,0,0,250,38,212,239,0.956,27,0.7105,27,0.7105,212,1.0,27,223,223,11
0.9,0.1,3,1,48.0,0,0,250,38,212,239,0.956,27,0.7105,27,0.7105,212,1.0,27,223,223,11
0.9,0.1,3,2,12.0,0,0,250,38,212,239,0.956,27,0.7105,27,0.7105,212,1.0,27,223,223,11
0.9,0.1,3,2,18.0,0,0,250,38,212,239,0.956,27,0.7105,27,0.7105,212,1.0,27,223,223,11
0.9,0.1,3,2,24.0,0,0,250,38,212,239,0.956,27,0.7105,27,0.7105,212,1.0,27,223,223,11
0.9,0.1,3,2,32.0,0,0,250,38,212,239,0.956,27,0.7105,27,0.7105,212,1.0,27,223,223,11
0.9,0.1,3,2,48.0,0,0,250,38,212,239,0.956,27,0.7105,27,0.7105,212,1.0,27,223,223,11
0.9,0.15,3,0,12.0,0,0,250,38,212,239,0.956,27,0.7105,27,0.7105,212,1.0,27,223,223,11
0.9,0.15,3,0,18.0,0,0,250,38,212,239,0.956,27,0.7105,27,0.7105,212,1.0,27,223,223,11
0.9,0.15,3,0,24.0,0,0,250,38,212,239,0.956,27,0.7105,27,0.7105,212,1.0,27,223,223,11
0.9,0.15,3,0,32.0,0,0,250,38,212,239,0.956,27,0.7105,27,0.7105,212,1.0,27,223,223,11
0.9,0.15,3,0,48.0,0,0,250,38,212,239,0.956,27,0.7105,27,0.7105,212,1.0,27,223,223,11
0.9,0.15,3,1,12.0,0,0,250,38,212,239,0.956,27,0.7105,27,0.7105,212,1.0,27,223,223,11
0.9,0.15,3,1,18.0,0,0,250,38,212,239,0.956,27,0.7105,27,0.7105,212,1.0,27,223,223,11
0.9,0.15,3,1,24.0,0,0,250,38,212,239,0.956,27,0.7105,27,0.7105,212,1.0,27,223,223,11
0.9,0.15,3,1,32.0,0,0,250,38,212,239,0.956,27,0.7105,27,0.7105,212,1.0,27,223,223,11
0.9,0.15,3,1,48.0,0,0,250,38,212,239,0.956,27,0.7105,27,0.7105,212,1.0,27,223,223,11
0.9,0.15,3,2,12.0,0,0,250,38,212,239,0.956,27,0.7105,27,0.7105,212,1.0,27,223,223,11
0.9,0.15,3,2,18.0,0,0,250,38,212,239,0.956,27,0.7105,27,0.7105,212,1.0,27,223,223,11
0.9,0.15,3,2,24.0,0,0,250,38,212,239,0.956,27,0.7105,27,0.7105,212,1.0,27,223,223,11
0.9,0.15,3,2,32.0,0,0,250,38,212,239,0.956,27,0.7105,27,0.7105,212,1.0,27,223,223,11
0.9,0.15,3,2,48.0,0,0,250,38,212,239,0.956,27,0.7105,27,0.7105,212,1.0,27,223,223,11
0.9,0.2,3,0,12.0,0,0,250,38,212,239,0.956,27,0.7105,27,0.7105,212,1.0,27,223,223,11
0.9,0.2,3,0,18.0,0,0,250,38,212,239,0.956,27,0.7105,27,0.7105,212,1.0,27,223,223,11
0.9,0.2,3,0,24.0,0,0,250,38,212,239,0.956,27,0.7105,27,0.7105,212,1.0,27,223,223,11
0.9,0.2,3,0,32.0,0,0,250,38,212,239,0.956,27,0.7105,27,0.7105,212,1.0,27,223,223,11
0.9,0.2,3,0,48.0,0,0,250,38,212,239,0.956,27,0.7105,27,0.7105,212,1.0,27,223,223,11
0.9,0.2,3,1,12.0,0,0,250,38,212,239,0.956,27,0.7105,27,0.7105,212,1.0,27,223,223,11
0.9,0.2,3,1,18.0,0,0,250,38,212,239,0.956,27,0.7105,27,0.7105,212,1.0,27,223,223,11
0.9,0.2,3,1,24.0,0,0,250,38,212,239,0.956,27,0.7105,27,0.7105,212,1.0,27,223,223,11
0.9,0.2,3,1,32.0,0,0,250,38,212,239,0.956,27,0.7105,27,0.7105,212,1.0,27,223,223,11
0.9,0.2,3,1,48.0,0,0,250,38,212,239,0.956,27,0.7105,27,0.7105,212,1.0,27,223,223,11
0.9,0.2,3,2,12.0,0,0,250,38,212,239,0.956,27,0.7105,27,0.7105,212,1.0,27,223,223,11
0.9,0.2,3,2,18.0,0,0,250,38,212,239,0.956,27,0.7105,27,0.7105,212,1.0,27,223,223,11
0.9,0.2,3,2,24.0,0,0,250,38,212,239,0.956,27,0.7105,27,0.7105,212,1.0,27,223,223,11
0.9,0.2,3,2,32.0,0,0,250,38,212,239,0.956,27,0.7105,27,0.7105,212,1.0,27,223,223,11
0.9,0.2,3,2,48.0,0,0,250,38,212,239,0.956,27,0.7105,27,0.7105,212,1.0,27,223,223,11
0.9,0.25,3,0,12.0,0,0,250,38,212,239,0.956,27,0.7105,27,0.7105,212,1.0,27,223,223,11
0.9,0.25,3,0,18.0,0,0,250,38,212,239,0.956,27,0.7105,27,0.7105,212,1.0,27,223,223,11
0.9,0.25,3,0,24.0,0,0,250,38,212,239,0.956,27,0.7105,27,0.7105,212,1.0,27,223,223,11
0.9,0.25,3,0,32.0,0,0,250,38,212,239,0.956,27,0.7105,27,0.7105,212,1.0,27,223,223,11
0.9,0.25,3,0,48.0,0,0,250,38,212,239,0.956,27,0.7105,27,0.7105,212,1.0,27,223,223,11
0.9,0.25,3,1,12.0,0,0,250,38,212,239,0.956,27,0.7105,27,0.7105,212,1.0,27,223,223,11
0.9,0.25,3,1,18.0,0,0,250,38,212,239,0.956,27,0.7105,27,0.7105,212,1.0,27,223,223,11
0.9,0.25,3,1,24.0,0,0,250,38,212,239,0.956,27,0.7105,27,0.7105,212,1.0,27,223,223,11
0.9,0.25,3,1,32.0,0,0,250,38,212,239,0.956,27,0.7105,27,0.7105,212,1.0,27,223,223,11
0.9,0.25,3,1,48.0,0,0,250,38,212,239,0.956,27,0.7105,27,0.7105,212,1.0,27,223,223,11
0.9,0.25,3,2,12.0,0,0,250,38,212,239,0.956,27,0.7105,27,0.7105,212,1.0,27,223,223,11
0.9,0.25,3,2,18.0,0,0,250,38,212,239,0.956,27,0.7105,27,0.7105,212,1.0,27,223,223,11
0.9,0.25,3,2,24.0,0,0,250,38,212,239,0.956,27,0.7105,27,0.7105,212,1.0,27,223,223,11
0.9,0.25,3,2,32.0,0,0,250,38,212,239,0.956,27,0.7105,27,0.7105,212,1.0,27,223,223,11
0.9,0.25,3,2,48.0,0,0,250,38,212,239,0.956,27,0.7105,27,0.7105,212,1.0,27,223,223,11
0.9,0.3,3,0,12.0,0,0,250,38,212,239,0.956,27,0.7105,27,0.7105,212,1.0,27,223,223,11
0.9,0.3,3,0,18.0,0,0,250,38,212,239,0.956,27,0.7105,27,0.7105,212,1.0,27,223,223,11
0.9,0.3,3,0,24.0,0,0,250,38,212,239,0.956,27,0.7105,27,0.7105,212,1.0,27,223,223,11
0.9,0.3,3,0,32.0,0,0,250,38,212,239,0.956,27,0.7105,27,0.7105,212,1.0,27,223,223,11
0.9,0.3,3,0,48.0,0,0,250,38,212,239,0.956,27,0.7105,27,0.7105,212,1.0,27,223,223,11
0.9,0.3,3,1,12.0,0,0,250,38,212,239,0.956,27,0.7105,27,0.7105,212,1.0,27,223,223,11
0.9,0.3,3,1,18.0,0,0,250,38,212,239,0.956,27,0.7105,27,0.7105,212,1.0,27,223,223,11
0.9,0.3,3,1,24.0,0,0,250,38,212,239,0.956,27,0.7105,27,0.7105,212,1.0,27,223,223,11
0.9,0.3,3,1,32.0,0,0,250,38,212,239,0.956,27,0.7105,27,0.7105,212,1.0,27,223,223,11
0.9,0.3,3,1,48.0,0,0,250,38,212,239,0.956,27,0.7105,27,0.7105,212,1.0,27,223,223,11
0.9,0.3,3,2,12.0,0,0,250,38,212,239,0.956,27,0.7105,27,0.7105,212,1.0,27,223,223,11
0.9,0.3,3,2,18.0,0,0,250,38,212,239,0.956,27,0.7105,27,0.7105,212,1.0,27,223,223,11
0.9,0.3,3,2,24.0,0,0,250,38,212,239,0.956,27,0.7105,27,0.7105,212,1.0,27,223,223,11
0.9,0.3,3,2,32.0,0,0,250,38,212,239,0.956,27,0.7105,27,0.7105,212,1.0,27,223,223,11
0.9,0.3,3,2,48.0,0,0,250,38,212,239,0.956,27,0.7105,27,0.7105,212,1.0,27,223,223,11
0.9,0.35,3,0,12.0,0,0,250,38,212,239,0.956,27,0.7105,27,0.7105,212,1.0,27,223,223,11
0.9,0.35,3,0,18.0,0,0,250,38,212,239,0.956,27,0.7105,27,0.7105,212,1.0,27,223,223,11
0.9,0.35,3,0,24.0,0,0,250,38,212,239,0.956,27,0.7105,27,0.7105,212,1.0,27,223,223,11
0.9,0.35,3,0,32.0,0,0,250,38,212,239,0.956,27,0.7105,27,0.7105,212,1.0,27,223,223,11
0.9,0.35,3,0,48.0,0,0,250,38,212,239,0.956,27,0.7105,27,0.7105,212,1.0,27,223,223,11
0.9,0.35,3,1,12.0,0,0,250,38,212,239,0.956,27,0.7105,27,0.7105,212,1.0,27,223,223,11
0.9,0.35,3,1,18.0,0,0,250,38,212,239,0.956,27,0.7105,27,0.7105,212,1.0,27,223,223,11
0.9,0.35,3,1,24.0,0,0,250,38,212,239,0.956,27,0.7105,27,0.7105,212,1.0,27,223,223,11
0.9,0.35,3,1,32.0,0,0,250,38,212,239,0.956,27,0.7105,27,0.7105,212,1.0,27,223,223,11
0.9,0.35,3,1,48.0,0,0,250,38,212,239,0.956,27,0.7105,27,0.7105,212,1.0,27,223,223,11
0.9,0.35,3,2,12.0,0,0,250,38,212,239,0.956,27,0.7105,27,0.7105,212,1.0,27,223,223,11
0.9,0.35,3,2,18.0,0,0,250,38,212,239,0.956,27,0.7105,27,0.7105,212,1.0,27,223,223,11
0.9,0.35,3,2,24.0,0,0,250,38,212,239,0.956,27,0.7105,27,0.7105,212,1.0,27,223,223,11
0.9,0.35,3,2,32.0,0,0,250,38,212,239,0.956,27,0.7105,27,0.7105,212,1.0,27,223,223,11
0.9,0.35,3,2,48.0,0,0,250,38,212,239,0.956,27,0.7105,27,0.7105,212,1.0,27,223,223,11
0.9,0.4,3,0,12.0,0,0,250,38,212,239,0.956,27,0.7105,27,0.7105,212,1.0,27,223,223,11
0.9,0.4,3,0,18.0,0,0,250,38,212,239,0.956,27,0.7105,27,0.7105,212,1.0,27,223,223,11
0.9,0.4,3,0,24.0,0,0,250,38,212,239,0.956,27,0.7105,27,0.7105,212,1.0,27,223,223,11
0.9,0.4,3,0,32.0,0,0,250,38,212,239,0.956,27,0.7105,27,0.7105,212,1.0,27,223,223,11
0.9,0.4,3,0,48.0,0,0,250,38,212,239,0.956,27,0.7105,27,0.7105,212,1.0,27,223,223,11
0.9,0.4,3,1,12.0,0,0,250,38,212,239,0.956,27,0.7105,27,0.7105,212,1.0,27,223,223,11
0.9,0.4,3,1,18.0,0,0,250,38,212,239,0.956,27,0.7105,27,0.7105,212,1.0,27,223,223,11
0.9,0.4,3,1,24.0,0,0,250,38,212,239,0.956,27,0.7105,27,0.7105,212,1.0,27,223,223,11
0.9,0.4,3,1,32.0,0,0,250,38,212,239,0.956,27,0.7105,27,0.7105,212,1.0,27,223,223,11
0.9,0.4,3,1,48.0,0,0,250,38,212,239,0.956,27,0.7105,27,0.7105,212,1.0,27,223,223,11
0.9,0.4,3,2,12.0,0,0,250,38,212,239,0.956,27,0.7105,27,0.7105,212,1.0,27,223,223,11
0.9,0.4,3,2,18.0,0,0,250,38,212,239,0.956,27,0.7105,27,0.7105,212,1.0,27,223,223,11
0.9,0.4,3,2,24.0,0,0,250,38,212,239,0.956,27,0.7105,27,0.7105,212,1.0,27,223,223,11
0.9,0.4,3,2,32.0,0,0,250,38,212,239,0.956,27,0.7105,27,0.7105,212,1.0,27,223,223,11
0.9,0.4,3,2,48.0,0,0,250,38,212,239,0.956,27,0.7105,27,0.7105,212,1.0,27,223,223,11
0.9,0.45,3,0,12.0,0,0,250,38,212,239,0.956,27,0.7105,27,0.7105,212,1.0,27,223,223,11
0.9,0.45,3,0,18.0,0,0,250,38,212,239,0.956,27,0.7105,27,0.7105,212,1.0,27,223,223,11
0.9,0.45,3,0,24.0,0,0,250,38,212,239,0.956,27,0.7105,27,0.7105,212,1.0,27,223,223,11
0.9,0.45,3,0,32.0,0,0,250,38,212,239,0.956,27,0.7105,27,0.7105,212,1.0,27,223,223,11
0.9,0.45,3,0,48.0,0,0,250,38,212,239,0.956,27,0.7105,27,0.7105,212,1.0,27,223,223,11
0.9,0.45,3,1,12.0,0,0,250,38,212,239,0.956,27,0.7105,27,0.7105,212,1.0,27,223,223,11
0.9,0.45,3,1,18.0,0,0,250,38,212,239,0.956,27,0.7105,27,0.7105,212,1.0,27,223,223,11
0.9,0.45,3,1,24.0,0,0,250,38,212,239,0.956,27,0.7105,27,0.7105,212,1.0,27,223,223,11
0.9,0.45,3,1,32.0,0,0,250,38,212,239,0.956,27,0.7105,27,0.7105,212,1.0,27,223,223,11
0.9,0.45,3,1,48.0,0,0,250,38,212,239,0.956,27,0.7105,27,0.7105,212,1.0,27,223,223,11
0.9,0.45,3,2,12.0,0,0,250,38,212,239,0.956,27,0.7105,27,0.7105,212,1.0,27,223,223,11
0.9,0.45,3,2,18.0,0,0,250,38,212,239,0.956,27,0.7105,27,0.7105,212,1.0,27,223,223,11
0.9,0.45,3,2,24.0,0,0,250,38,212,239,0.956,27,0.7105,27,0.7105,212,1.0,27,223,223,11
0.9,0.45,3,2,32.0,0,0,250,38,212,239,0.956,27,0.7105,27,0.7105,212,1.0,27,223,223,11
0.9,0.45,3,2,48.0,0,0,250,38,212,239,0.956,27,0.7105,27,0.7105,212,1.0,27,223,223,11
0.9,0.5,3,0,12.0,0,0,250,38,212,239,0.956,27,0.7105,27,0.7105,212,1.0,27,223,223,11
0.9,0.5,3,0,18.0,0,0,250,38,212,239,0.956,27,0.7105,27,0.7105,212,1.0,27,223,223,11
0.9,0.5,3,0,24.0,0,0,250,38,212,239,0.956,27,0.7105,27,0.7105,212,1.0,27,223,223,11
0.9,0.5,3,0,32.0,0,0,250,38,212,239,0.956,27,0.7105,27,0.7105,212,1.0,27,223,223,11
0.9,0.5,3,0,48.0,0,0,250,38,212,239,0.956,27,0.7105,27,0.7105,212,1.0,27,223,223,11
0.9,0.5,3,1,12.0,0,0,250,38,212,239,0.956,27,0.7105,27,0.7105,212,1.0,27,223,223,11
0.9,0.5,3,1,18.0,0,0,250,38,212,239,0.956,27,0.7105,27,0.7105,212,1.0,27,223,223,11
0.9,0.5,3,1,24.0,0,0,250,38,212,239,0.956,27,0.7105,27,0.7105,212,1.0,27,223,223,11
0.9,0.5,3,1,32.0,0,0,250,38,212,239,0.956,27,0.7105,27,0.7105,212,1.0,27,223,223,11
0.9,0.5,3,1,48.0,0,0,250,38,212,239,0.956,27,0.7105,27,0.7105,212,1.0,27,223,223,11
0.9,0.5,3,2,12.0,0,0,250,38,212,239,0.956,27,0.7105,27,0.7105,212,1.0,27,223,223,11
0.9,0.5,3,2,18.0,0,0,250,38,212,239,0.956,27,0.7105,27,0.7105,212,1.0,27,223,223,11
0.9,0.5,3,2,24.0,0,0,250,38,212,239,0.956,27,0.7105,27,0.7105,212,1.0,27,223,223,11
0.9,0.5,3,2,32.0,0,0,250,38,212,239,0.956,27,0.7105,27,0.7105,212,1.0,27,223,223,11
0.9,0.5,3,2,48.0,0,0,250,38,212,239,0.956,27,0.7105,27,0.7105,212,1.0,27,223,223,11
0.9,0.55,3,0,12.0,0,0,250,38,212,239,0.956,27,0.7105,27,0.7105,212,1.0,27,223,223,11
0.9,0.55,3,0,18.0,0,0,250,38,212,239,0.956,27,0.7105,27,0.7105,212,1.0,27,223,223,11
0.9,0.55,3,0,24.0,0,0,250,38,212,239,0.956,27,0.7105,27,0.7105,212,1.0,27,223,223,11
0.9,0.55,3,0,32.0,0,0,250,38,212,239,0.956,27,0.7105,27,0.7105,212,1.0,27,223,223,11
0.9,0.55,3,0,48.0,0,0,250,38,212,239,0.956,27,0.7105,27,0.7105,212,1.0,27,223,223,11
0.9,0.55,3,1,12.0,0,0,250,38,212,239,0.956,27,0.7105,27,0.7105,212,1.0,27,223,223,11
0.9,0.55,3,1,18.0,0,0,250,38,212,239,0.956,27,0.7105,27,0.7105,212,1.0,27,223,223,11
0.9,0.55,3,1,24.0,0,0,250,38,212,239,0.956,27,0.7105,27,0.7105,212,1.0,27,223,223,11
0.9,0.55,3,1,32.0,0,0,250,38,212,239,0.956,27,0.7105,27,0.7105,212,1.0,27,223,223,11
0.9,0.55,3,1,48.0,0,0,250,38,212,239,0.956,27,0.7105,27,0.7105,212,1.0,27,223,223,11
0.9,0.55,3,2,12.0,0,0,250,38,212,239,0.956,27,0.7105,27,0.7105,212,1.0,27,223,223,11
0.9,0.55,3,2,18.0,0,0,250,38,212,239,0.956,27,0.7105,27,0.7105,212,1.0,27,223,223,11
0.9,0.55,3,2,24.0,0,0,250,38,212,239,0.956,27,0.7105,27,0.7105,212,1.0,27,223,223,11
0.9,0.55,3,2,32.0,0,0,250,38,212,239,0.956,27,0.7105,27,0.7105,212,1.0,27,223,223,11
0.9,0.55,3,2,48.0,0,0,250,38,212,239,0.956,27,0.7105,27,0.7105,212,1.0,27,223,223,11
0.9,0.6,3,0,12.0,0,0,250,38,212,239,0.956,27,0.7105,27,0.7105,212,1.0,27,223,223,11
0.9,0.6,3,0,18.0,0,0,250,38,212,239,0.956,27,0.7105,27,0.7105,212,1.0,27,223,223,11
0.9,0.6,3,0,24.0,0,0,250,38,212,239,0.956,27,0.7105,27,0.7105,212,1.0,27,223,223,11
0.9,0.6,3,0,32.0,0,0,250,38,212,239,0.956,27,0.7105,27,0.7105,212,1.0,27,223,223,11
0.9,0.6,3,0,48.0,0,0,250,38,212,239,0.956,27,0.7105,27,0.7105,212,1.0,27,223,223,11
0.9,0.6,3,1,12.0,0,0,250,38,212,239,0.956,27,0.7105,27,0.7105,212,1.0,27,223,223,11
0.9,0.6,3,1,18.0,0,0,250,38,212,239,0.956,27,0.7105,27,0.7105,212,1.0,27,223,223,11
0.9,0.6,3,1,24.0,0,0,250,38,212,239,0.956,27,0.7105,27,0.7105,212,1.0,27,223,223,11
0.9,0.6,3,1,32.0,0,0,250,38,212,239,0.956,27,0.7105,27,0.7105,212,1.0,27,223,223,11
0.9,0.6,3,1,48.0,0,0,250,38,212,239,0.956,27,0.7105,27,0.7105,212,1.0,27,223,223,11
0.9,0.6,3,2,12.0,0,0,250,38,212,239,0.956,27,0.7105,27,0.7105,212,1.0,27,223,223,11
0.9,0.6,3,2,18.0,0,0,250,38,212,239,0.956,27,0.7105,27,0.7105,212,1.0,27,223,223,11
0.9,0.6,3,2,24.0,0,0,250,38,212,239,0.956,27,0.7105,27,0.7105,212,1.0,27,223,223,11
0.9,0.6,3,2,32.0,0,0,250,38,212,239,0.956,27,0.7105,27,0.7105,212,1.0,27,223,223,11
0.9,0.6,3,2,48.0,0,0,250,38,212,239,0.956,27,0.7105,27,0.7105,212,1.0,27,223,223,11
0.9,0.65,3,0,12.0,0,0,250,38,212,239,0.956,27,0.7105,27,0.7105,212,1.0,27,223,223,11
0.9,0.65,3,0,18.0,0,0,250,38,212,239,0.956,27,0.7105,27,0.7105,212,1.0,27,223,223,11
0.9,0.65,3,0,24.0,0,0,250,38,212,239,0.956,27,0.7105,27,0.7105,212,1.0,27,223,223,11
0.9,0.65,3,0,32.0,0,0,250,38,212,239,0.956,27,0.7105,27,0.7105,212,1.0,27,223,223,11
0.9,0.65,3,0,48.0,0,0,250,38,212,239,0.956,27,0.7105,27,0.7105,212,1.0,27,223,223,11
0.9,0.65,3,1,12.0,0,0,250,38,212,239,0.956,27,0.7105,27,0.7105,212,1.0,27,223,223,11
0.9,0.65,3,1,18.0,0,0,250,38,212,239,0.956,27,0.7105,27,0.7105,212,1.0,27,223,223,11
0.9,0.65,3,1,24.0,0,0,250,38,212,239,0.956,27,0.7105,27,0.7105,212,1.0,27,223,223,11
0.9,0.65,3,1,32.0,0,0,250,38,212,239,0.956,27,0.7105,27,0.7105,212,1.0,27,223,223,11
0.9,0.65,3,1,48.0,0,0,250,38,212,239,0.956,27,0.7105,27,0.7105,212,1.0,27,223,223,11
0.9,0.65,3,2,12.0,0,0,250,38,212,239,0.956,27,0.7105,27,0.7105,212,1.0,27,223,223,11
0.9,0.65,3,2,18.0,0,0,250,38,212,239,0.956,27,0.7105,27,0.7105,212,1.0,27,223,223,11
0.9,0.65,3,2,24.0,0,0,250,38,212,239,0.956,27,0.7105,27,0.7105,212,1.0,27,223,223,11
0.9,0.65,3,2,32.0,0,0,250,38,212,239,0.956,27,0.7105,27,0.7105,212,1.0,27,223,223,11
0.9,0.65,3,2,48.0,0,0,250,38,212,239,0.956,27,0.7105,27,0.7105,212,1.0,27,223,223,11
0.6,0.45,3,0,12.0,0,0,250,38,212,238,0.952,38,1.0,38,1.0,200,0.9434,50,211,212,0
0.6,0.45,3,0,18.0,0,0,250,38,212,238,0.952,38,1.0,38,1.0,200,0.9434,50,211,212,0
0.6,0.5,3,0,12.0,0,0,250,38,212,238,0.952,38,1.0,38,1.0,200,0.9434,50,211,212,0
0.6,0.5,3,0,18.0,0,0,250,38,212,238,0.952,38,1.0,38,1.0,200,0.9434,50,211,212,0
0.6,0.55,3,0,12.0,0,0,250,38,212,238,0.952,38,1.0,38,1.0,200,0.9434,50,211,212,0
0.6,0.55,3,0,18.0,0,0,250,38,212,238,0.952,38,1.0,38,1.0,200,0.9434,50,211,212,0
0.6,0.6,3,0,12.0,0,0,250,38,212,238,0.952,38,1.0,38,1.0,200,0.9434,50,211,212,0
0.6,0.6,3,0,18.0,0,0,250,38,212,238,0.952,38,1.0,38,1.0,200,0.9434,50,211,212,0
0.6,0.6,3,1,12.0,0,0,250,38,212,238,0.952,38,1.0,38,1.0,200,0.9434,50,211,212,0
0.6,0.6,3,1,18.0,0,0,250,38,212,238,0.952,38,1.0,38,1.0,200,0.9434,50,211,212,0
0.65,0.45,2,0,12.0,0,0,250,38,212,238,0.952,38,1.0,38,1.0,200,0.9434,50,211,212,0
0.65,0.45,2,0,18.0,0,0,250,38,212,238,0.952,38,1.0,38,1.0,200,0.9434,50,211,212,0
0.65,0.45,3,0,24.0,0,0,250,38,212,238,0.952,38,1.0,38,1.0,200,0.9434,50,212,212,0
0.65,0.45,3,0,32.0,0,0,250,38,212,238,0.952,38,1.0,38,1.0,200,0.9434,50,212,212,0
0.65,0.45,3,0,48.0,0,0,250,38,212,238,0.952,38,1.0,38,1.0,200,0.9434,50,212,212,0
0.65,0.5,2,0,12.0,0,0,250,38,212,238,0.952,38,1.0,38,1.0,200,0.9434,50,211,212,0
0.65,0.5,2,0,18.0,0,0,250,38,212,238,0.952,38,1.0,38,1.0,200,0.9434,50,211,212,0
0.65,0.5,3,0,24.0,0,0,250,38,212,238,0.952,38,1.0,38,1.0,200,0.9434,50,212,212,0
0.65,0.5,3,0,32.0,0,0,250,38,212,238,0.952,38,1.0,38,1.0,200,0.9434,50,212,212,0
0.65,0.5,3,0,48.0,0,0,250,38,212,238,0.952,38,1.0,38,1.0,200,0.9434,50,212,212,0
0.65,0.55,2,0,12.0,0,0,250,38,212,238,0.952,38,1.0,38,1.0,200,0.9434,50,211,212,0
0.65,0.55,2,0,18.0,0,0,250,38,212,238,0.952,38,1.0,38,1.0,200,0.9434,50,211,212,0
0.65,0.55,3,0,24.0,0,0,250,38,212,238,0.952,38,1.0,38,1.0,200,0.9434,50,212,212,0
0.65,0.55,3,0,32.0,0,0,250,38,212,238,0.952,38,1.0,38,1.0,200,0.9434,50,212,212,0
0.65,0.55,3,0,48.0,0,0,250,38,212,238,0.952,38,1.0,38,1.0,200,0.9434,50,212,212,0
0.65,0.6,2,0,12.0,0,0,250,38,212,238,0.952,38,1.0,38,1.0,200,0.9434,50,211,212,0
0.65,0.6,2,0,18.0,0,0,250,38,212,238,0.952,38,1.0,38,1.0,200,0.9434,50,211,212,0
0.65,0.6,2,1,12.0,0,0,250,38,212,238,0.952,38,1.0,38,1.0,200,0.9434,50,211,212,0
0.65,0.6,2,1,18.0,0,0,250,38,212,238,0.952,38,1.0,38,1.0,200,0.9434,50,211,212,0
0.65,0.6,3,0,24.0,0,0,250,38,212,238,0.952,38,1.0,38,1.0,200,0.9434,50,212,212,0
0.65,0.6,3,0,32.0,0,0,250,38,212,238,0.952,38,1.0,38,1.0,200,0.9434,50,212,212,0
0.65,0.6,3,0,48.0,0,0,250,38,212,238,0.952,38,1.0,38,1.0,200,0.9434,50,212,212,0
0.65,0.65,2,0,24.0,0,0,250,38,212,238,0.952,38,1.0,38,1.0,200,0.9434,50,211,212,0
0.65,0.65,2,0,32.0,0,0,250,38,212,238,0.952,38,1.0,38,1.0,200,0.9434,50,211,212,0
0.65,0.65,2,0,48.0,0,0,250,38,212,238,0.952,38,1.0,38,1.0,200,0.9434,50,211,212,0
0.7,0.45,2,0,24.0,0,0,250,38,212,238,0.952,38,1.0,38,1.0,200,0.9434,50,211,212,0
0.7,0.45,2,0,32.0,0,0,250,38,212,238,0.952,38,1.0,38,1.0,200,0.9434,50,211,212,0
0.7,0.45,2,0,48.0,0,0,250,38,212,238,0.952,38,1.0,38,1.0,200,0.9434,50,211,212,0
0.7,0.5,2,0,24.0,0,0,250,38,212,238,0.952,38,1.0,38,1.0,200,0.9434,50,211,212,0
0.7,0.5,2,0,32.0,0,0,250,38,212,238,0.952,38,1.0,38,1.0,200,0.9434,50,211,212,0
0.7,0.5,2,0,48.0,0,0,250,38,212,238,0.952,38,1.0,38,1.0,200,0.9434,50,211,212,0
0.7,0.55,2,0,24.0,0,0,250,38,212,238,0.952,38,1.0,38,1.0,200,0.9434,50,211,212,0
0.7,0.55,2,0,32.0,0,0,250,38,212,238,0.952,38,1.0,38,1.0,200,0.9434,50,211,212,0
0.7,0.55,2,0,48.0,0,0,250,38,212,238,0.952,38,1.0,38,1.0,200,0.9434,50,211,212,0
0.7,0.6,1,2,12.0,0,0,250,38,212,238,0.952,38,1.0,38,1.0,200,0.9434,50,210,212,0
0.7,0.6,1,2,18.0,0,0,250,38,212,238,0.952,38,1.0,38,1.0,200,0.9434,50,210,212,0
0.7,0.6,2,0,24.0,0,0,250,38,212,238,0.952,38,1.0,38,1.0,200,0.9434,50,211,212,0
0.7,0.6,2,0,32.0,0,0,250,38,212,238,0.952,38,1.0,38,1.0,200,0.9434,50,211,212,0
0.7,0.6,2,0,48.0,0,0,250,38,212,238,0.952,38,1.0,38,1.0,200,0.9434,50,211,212,0
0.7,0.65,1,0,24.0,0,0,250,38,212,238,0.952,38,1.0,38,1.0,200,0.9434,50,210,212,0
0.7,0.65,1,0,32.0,0,0,250,38,212,238,0.952,38,1.0,38,1.0,200,0.9434,50,210,212,0
0.7,0.65,1,0,48.0,0,0,250,38,212,238,0.952,38,1.0,38,1.0,200,0.9434,50,210,212,0
0.75,0.45,2,0,24.0,0,0,250,38,212,238,0.952,38,1.0,38,1.0,200,0.9434,50,211,212,0
0.75,0.45,2,0,32.0,0,0,250,38,212,238,0.952,38,1.0,38,1.0,200,0.9434,50,211,212,0
0.75,0.45,2,0,48.0,0,0,250,38,212,238,0.952,38,1.0,38,1.0,200,0.9434,50,211,212,0
0.75,0.5,2,0,24.0,0,0,250,38,212,238,0.952,38,1.0,38,1.0,200,0.9434,50,211,212,0
0.75,0.5,2,0,32.0,0,0,250,38,212,238,0.952,38,1.0,38,1.0,200,0.9434,50,211,212,0
0.75,0.5,2,0,48.0,0,0,250,38,212,238,0.952,38,1.0,38,1.0,200,0.9434,50,211,212,0
0.75,0.55,2,0,24.0,0,0,250,38,212,238,0.952,38,1.0,38,1.0,200,0.9434,50,211,212,0
0.75,0.55,2,0,32.0,0,0,250,38,212,238,0.952,38,1.0,38,1.0,200,0.9434,50,211,212,0
0.75,0.55,2,0,48.0,0,0,250,38,212,238,0.952,38,1.0,38,1.0,200,0.9434,50,211,212,0
0.75,0.6,1,2,12.0,0,0,250,38,212,238,0.952,38,1.0,38,1.0,200,0.9434,50,210,212,0
0.75,0.6,1,2,18.0,0,0,250,38,212,238,0.952,38,1.0,38,1.0,200,0.9434,50,210,212,0
0.75,0.6,2,0,24.0,0,0,250,38,212,238,0.952,38,1.0,38,1.0,200,0.9434,50,211,212,0
0.75,0.6,2,0,32.0,0,0,250,38,212,238,0.952,38,1.0,38,1.0,200,0.9434,50,211,212,0
0.75,0.6,2,0,48.0,0,0,250,38,212,238,0.952,38,1.0,38,1.0,200,0.9434,50,211,212,0
0.75,0.65,1,0,24.0,0,0,250,38,212,238,0.952,38,1.0,38,1.0,200,0.9434,50,210,212,0
0.75,0.65,1,0,32.0,0,0,250,38,212,238,0.952,38,1.0,38,1.0,200,0.9434,50,210,212,0
0.75,0.65,1,0,48.0,0,0,250,38,212,238,0.952,38,1.0,38,1.0,200,0.9434,50,210,212,0
0.8,0.6,1,1,12.0,0,0,250,38,212,238,0.952,38,1.0,38,1.0,200,0.9434,50,210,212,0
0.8,0.6,1,1,18.0,0,0,250,38,212,238,0.952,38,1.0,38,1.0,200,0.9434,50,210,212,0
0.8,0.6,1,1,24.0,0,0,250,38,212,238,0.952,38,1.0,38,1.0,200,0.9434,50,210,212,0
0.8,0.6,1,1,32.0,0,0,250,38,212,238,0.952,38,1.0,38,1.0,200,0.9434,50,210,212,0
0.8,0.6,1,1,48.0,0,0,250,38,212,238,0.952,38,1.0,38,1.0,200,0.9434,50,210,212,0
0.8,0.6,1,2,12.0,0,0,250,38,212,238,0.952,38,1.0,38,1.0,200,0.9434,50,210,212,0
0.8,0.6,1,2,18.0,0,0,250,38,212,238,0.952,38,1.0,38,1.0,200,0.9434,50,210,212,0
0.8,0.6,1,2,24.0,0,0,250,38,212,238,0.952,38,1.0,38,1.0,200,0.9434,50,210,212,0
0.8,0.6,1,2,32.0,0,0,250,38,212,238,0.952,38,1.0,38,1.0,200,0.9434,50,210,212,0
0.8,0.6,1,2,48.0,0,0,250,38,212,238,0.952,38,1.0,38,1.0,200,0.9434,50,210,212,0
0.85,0.7,1,1,12.0,0,0,250,38,212,238,0.952,34,0.8947,34,0.8947,204,0.9623,42,211,213,1
0.85,0.7,1,1,18.0,0,0,250,38,212,238,0.952,34,0.8947,34,0.8947,204,0.9623,42,211,213,1
0.85,0.7,1,1,24.0,0,0,250,38,212,238,0.952,34,0.8947,34,0.8947,204,0.9623,42,211,213,1
0.85,0.7,1,1,32.0,0,0,250,38,212,238,0.952,34,0.8947,34,0.8947,204,0.9623,42,211,213,1
0.85,0.7,1,1,48.0,0,0,250,38,212,238,0.952,34,0.8947,34,0.8947,204,0.9623,42,211,213,1
0.85,0.7,1,2,12.0,0,0,250,38,212,238,0.952,34,0.8947,34,0.8947,204,0.9623,42,211,213,1
0.85,0.7,1,2,18.0,0,0,250,38,212,238,0.952,34,0.8947,34,0.8947,204,0.9623,42,211,213,1
0.85,0.7,1,2,24.0,0,0,250,38,212,238,0.952,34,0.8947,34,0.8947,204,0.9623,42,211,213,1
0.85,0.7,1,2,32.0,0,0,250,38,212,238,0.952,34,0.8947,34,0.8947,204,0.9623,42,211,213,1
0.85,0.7,1,2,48.0,0,0,250,38,212,238,0.952,34,0.8947,34,0.8947,204,0.9623,42,211,213,1
0.7,0.65,3,1,12.0,0,0,250,38,212,238,0.952,33,0.8684,33,0.8684,205,0.967,40,217,217,5
0.7,0.65,3,1,18.0,0,0,250,38,212,238,0.952,33,0.8684,33,0.8684,205,0.967,40,217,217,5
0.7,0.65,3,2,12.0,0,0,250,38,212,238,0.952,33,0.8684,33,0.8684,205,0.967,40,217,217,5
0.7,0.65,3,2,18.0,0,0,250,38,212,238,0.952,33,0.8684,33,0.8684,205,0.967,40,217,217,5
0.9,0.7,1,0,12.0,0,0,250,38,212,238,0.952,27,0.7105,27,0.7105,211,0.9953,28,221,221,9
0.9,0.7,1,0,18.0,0,0,250,38,212,238,0.952,27,0.7105,27,0.7105,211,0.9953,28,221,221,9
0.9,0.7,1,0,24.0,0,0,250,38,212,238,0.952,27,0.7105,27,0.7105,211,0.9953,28,221,221,9
0.9,0.7,1,0,32.0,0,0,250,38,212,238,0.952,27,0.7105,27,0.7105,211,0.9953,28,221,221,9
0.9,0.7,1,0,48.0,0,0,250,38,212,238,0.952,27,0.7105,27,0.7105,211,0.9953,28,221,221,9
0.9,0.75,1,0,12.0,0,0,250,38,212,238,0.952,27,0.7105,27,0.7105,211,0.9953,28,221,221,9
0.9,0.75,1,0,18.0,0,0,250,38,212,238,0.952,27,0.7105,27,0.7105,211,0.9953,28,221,221,9
0.9,0.75,1,0,24.0,0,0,250,38,212,238,0.952,27,0.7105,27,0.7105,211,0.9953,28,221,221,9
0.9,0.75,1,0,32.0,0,0,250,38,212,238,0.952,27,0.7105,27,0.7105,211,0.9953,28,221,221,9
0.9,0.75,1,0,48.0,0,0,250,38,212,238,0.952,27,0.7105,27,0.7105,211,0.9953,28,221,221,9
0.9,0.75,1,1,12.0,0,0,250,38,212,238,0.952,27,0.7105,27,0.7105,211,0.9953,28,221,221,9
0.9,0.75,1,1,18.0,0,0,250,38,212,238,0.952,27,0.7105,27,0.7105,211,0.9953,28,221,221,9
0.9,0.75,1,1,24.0,0,0,250,38,212,238,0.952,27,0.7105,27,0.7105,211,0.9953,28,221,221,9
0.9,0.75,1,1,32.0,0,0,250,38,212,238,0.952,27,0.7105,27,0.7105,211,0.9953,28,221,221,9
0.9,0.75,1,1,48.0,0,0,250,38,212,238,0.952,27,0.7105,27,0.7105,211,0.9953,28,221,221,9
0.9,0.75,1,2,12.0,0,0,250,38,212,238,0.952,27,0.7105,27,0.7105,211,0.9953,28,221,221,9
0.9,0.75,1,2,18.0,0,0,250,38,212,238,0.952,27,0.7105,27,0.7105,211,0.9953,28,221,221,9
0.9,0.75,1,2,24.0,0,0,250,38,212,238,0.952,27,0.7105,27,0.7105,211,0.9953,28,221,221,9
0.9,0.75,1,2,32.0,0,0,250,38,212,238,0.952,27,0.7105,27,0.7105,211,0.9953,28,221,221,9
0.9,0.75,1,2,48.0,0,0,250,38,212,238,0.952,27,0.7105,27,0.7105,211,0.9953,28,221,221,9
0.9,0.8,1,0,12.0,0,0,250,38,212,238,0.952,27,0.7105,27,0.7105,211,0.9953,28,221,221,9
0.9,0.8,1,0,18.0,0,0,250,38,212,238,0.952,27,0.7105,27,0.7105,211,0.9953,28,221,221,9
0.9,0.8,1,0,24.0,0,0,250,38,212,238,0.952,27,0.7105,27,0.7105,211,0.9953,28,221,221,9
0.9,0.8,1,0,32.0,0,0,250,38,212,238,0.952,27,0.7105,27,0.7105,211,0.9953,28,221,221,9
0.9,0.8,1,0,48.0,0,0,250,38,212,238,0.952,27,0.7105,27,0.7105,211,0.9953,28,221,221,9
0.9,0.8,1,1,12.0,0,0,250,38,212,238,0.952,27,0.7105,27,0.7105,211,0.9953,28,221,221,9
0.9,0.8,1,1,18.0,0,0,250,38,212,238,0.952,27,0.7105,27,0.7105,211,0.9953,28,221,221,9
0.9,0.8,1,1,24.0,0,0,250,38,212,238,0.952,27,0.7105,27,0.7105,211,0.9953,28,221,221,9
0.9,0.8,1,1,32.0,0,0,250,38,212,238,0.952,27,0.7105,27,0.7105,211,0.9953,28,221,221,9
0.9,0.8,1,1,48.0,0,0,250,38,212,238,0.952,27,0.7105,27,0.7105,211,0.9953,28,221,221,9
0.9,0.8,1,2,12.0,0,0,250,38,212,238,0.952,27,0.7105,27,0.7105,211,0.9953,28,221,221,9
0.9,0.8,1,2,18.0,0,0,250,38,212,238,0.952,27,0.7105,27,0.7105,211,0.9953,28,221,221,9
0.9,0.8,1,2,24.0,0,0,250,38,212,238,0.952,27,0.7105,27,0.7105,211,0.9953,28,221,221,9
0.9,0.8,1,2,32.0,0,0,250,38,212,238,0.952,27,0.7105,27,0.7105,211,0.9953,28,221,221,9
0.9,0.8,1,2,48.0,0,0,250,38,212,238,0.952,27,0.7105,27,0.7105,211,0.9953,28,221,221,9
0.9,0.7,2,0,12.0,0,0,250,38,212,238,0.952,26,0.6842,26,0.6842,212,1.0,26,222,222,10
0.9,0.7,2,0,18.0,0,0,250,38,212,238,0.952,26,0.6842,26,0.6842,212,1.0,26,222,222,10
0.9,0.7,2,0,24.0,0,0,250,38,212,238,0.952,26,0.6842,26,0.6842,212,1.0,26,222,222,10
0.9,0.7,2,0,32.0,0,0,250,38,212,238,0.952,26,0.6842,26,0.6842,212,1.0,26,222,222,10
0.9,0.7,2,0,48.0,0,0,250,38,212,238,0.952,26,0.6842,26,0.6842,212,1.0,26,222,222,10
0.9,0.7,2,1,12.0,0,0,250,38,212,238,0.952,26,0.6842,26,0.6842,212,1.0,26,222,222,10
0.9,0.7,2,1,18.0,0,0,250,38,212,238,0.952,26,0.6842,26,0.6842,212,1.0,26,222,222,10
0.9,0.7,2,1,24.0,0,0,250,38,212,238,0.952,26,0.6842,26,0.6842,212,1.0,26,222,222,10
0.9,0.7,2,1,32.0,0,0,250,38,212,238,0.952,26,0.6842,26,0.6842,212,1.0,26,222,222,10
0.9,0.7,2,1,48.0,0,0,250,38,212,238,0.952,26,0.6842,26,0.6842,212,1.0,26,222,222,10
0.9,0.7,2,2,12.0,0,0,250,38,212,238,0.952,26,0.6842,26,0.6842,212,1.0,26,222,222,10
0.9,0.7,2,2,18.0,0,0,250,38,212,238,0.952,26,0.6842,26,0.6842,212,1.0,26,222,222,10
0.9,0.7,2,2,24.0,0,0,250,38,212,238,0.952,26,0.6842,26,0.6842,212,1.0,26,222,222,10
0.9,0.7,2,2,32.0,0,0,250,38,212,238,0.952,26,0.6842,26,0.6842,212,1.0,26,222,222,10
0.9,0.7,2,2,48.0,0,0,250,38,212,238,0.952,26,0.6842,26,0.6842,212,1.0,26,222,222,10
0.9,0.75,2,0,12.0,0,0,250,38,212,238,0.952,26,0.6842,26,0.6842,212,1.0,26,222,222,10
0.9,0.75,2,0,18.0,0,0,250,38,212,238,0.952,26,0.6842,26,0.6842,212,1.0,26,222,222,10
0.9,0.75,2,0,24.0,0,0,250,38,212,238,0.952,26,0.6842,26,0.6842,212,1.0,26,222,222,10
0.9,0.75,2,0,32.0,0,0,250,38,212,238,0.952,26,0.6842,26,0.6842,212,1.0,26,222,222,10
0.9,0.75,2,0,48.0,0,0,250,38,212,238,0.952,26,0.6842,26,0.6842,212,1.0,26,222,222,10
0.9,0.75,2,1,12.0,0,0,250,38,212,238,0.952,26,0.6842,26,0.6842,212,1.0,26,222,222,10
0.9,0.75,2,1,18.0,0,0,250,38,212,238,0.952,26,0.6842,26,0.6842,212,1.0,26,222,222,10
0.9,0.75,2,1,24.0,0,0,250,38,212,238,0.952,26,0.6842,26,0.6842,212,1.0,26,222,222,10
0.9,0.75,2,1,32.0,0,0,250,38,212,238,0.952,26,0.6842,26,0.6842,212,1.0,26,222,222,10
0.9,0.75,2,1,48.0,0,0,250,38,212,238,0.952,26,0.6842,26,0.6842,212,1.0,26,222,222,10
0.9,0.75,2,2,12.0,0,0,250,38,212,238,0.952,26,0.6842,26,0.6842,212,1.0,26,222,222,10
0.9,0.75,2,2,18.0,0,0,250,38,212,238,0.952,26,0.6842,26,0.6842,212,1.0,26,222,222,10
0.9,0.75,2,2,24.0,0,0,250,38,212,238,0.952,26,0.6842,26,0.6842,212,1.0,26,222,222,10
0.9,0.75,2,2,32.0,0,0,250,38,212,238,0.952,26,0.6842,26,0.6842,212,1.0,26,222,222,10
0.9,0.75,2,2,48.0,0,0,250,38,212,238,0.952,26,0.6842,26,0.6842,212,1.0,26,222,222,10
0.9,0.8,2,0,12.0,0,0,250,38,212,238,0.952,26,0.6842,26,0.6842,212,1.0,26,222,222,10
0.9,0.8,2,0,18.0,0,0,250,38,212,238,0.952,26,0.6842,26,0.6842,212,1.0,26,222,222,10
0.9,0.8,2,0,24.0,0,0,250,38,212,238,0.952,26,0.6842,26,0.6842,212,1.0,26,222,222,10
0.9,0.8,2,0,32.0,0,0,250,38,212,238,0.952,26,0.6842,26,0.6842,212,1.0,26,222,222,10
0.9,0.8,2,0,48.0,0,0,250,38,212,238,0.952,26,0.6842,26,0.6842,212,1.0,26,222,222,10
0.9,0.8,2,1,12.0,0,0,250,38,212,238,0.952,26,0.6842,26,0.6842,212,1.0,26,222,222,10
0.9,0.8,2,1,18.0,0,0,250,38,212,238,0.952,26,0.6842,26,0.6842,212,1.0,26,222,222,10
0.9,0.8,2,1,24.0,0,0,250,38,212,238,0.952,26,0.6842,26,0.6842,212,1.0,26,222,222,10
0.9,0.8,2,1,32.0,0,0,250,38,212,238,0.952,26,0.6842,26,0.6842,212,1.0,26,222,222,10
0.9,0.8,2,1,48.0,0,0,250,38,212,238,0.952,26,0.6842,26,0.6842,212,1.0,26,222,222,10
0.9,0.8,2,2,12.0,0,0,250,38,212,238,0.952,26,0.6842,26,0.6842,212,1.0,26,222,222,10
0.9,0.8,2,2,18.0,0,0,250,38,212,238,0.952,26,0.6842,26,0.6842,212,1.0,26,222,222,10
0.9,0.8,2,2,24.0,0,0,250,38,212,238,0.952,26,0.6842,26,0.6842,212,1.0,26,222,222,10
0.9,0.8,2,2,32.0,0,0,250,38,212,238,0.952,26,0.6842,26,0.6842,212,1.0,26,222,222,10
0.9,0.8,2,2,48.0,0,0,250,38,212,238,0.952,26,0.6842,26,0.6842,212,1.0,26,222,222,10
0.65,0.6,3,1,24.0,0,0,250,38,212,237,0.948,38,1.0,38,1.0,199,0.9387,51,212,212,0
0.65,0.6,3,1,32.0,0,0,250,38,212,237,0.948,38,1.0,38,1.0,199,0.9387,51,212,212,0
0.65,0.6,3,1,48.0,0,0,250,38,212,237,0.948,38,1.0,38,1.0,199,0.9387,51,212,212,0
0.65,0.6,3,2,24.0,0,0,250,38,212,237,0.948,38,1.0,38,1.0,199,0.9387,51,212,212,0
0.65,0.6,3,2,32.0,0,0,250,38,212,237,0.948,38,1.0,38,1.0,199,0.9387,51,212,212,0
0.65,0.6,3,2,48.0,0,0,250,38,212,237,0.948,38,1.0,38,1.0,199,0.9387,51,212,212,0
0.65,0.65,1,2,12.0,0,0,250,38,212,237,0.948,38,1.0,38,1.0,199,0.9387,51,210,212,0
0.65,0.65,1,2,18.0,0,0,250,38,212,237,0.948,38,1.0,38,1.0,199,0.9387,51,210,212,0
0.65,0.65,2,1,24.0,0,0,250,38,212,237,0.948,38,1.0,38,1.0,199,0.9387,51,211,212,0
0.65,0.65,2,1,32.0,0,0,250,38,212,237,0.948,38,1.0,38,1.0,199,0.9387,51,211,212,0
0.65,0.65,2,1,48.0,0,0,250,38,212,237,0.948,38,1.0,38,1.0,199,0.9387,51,211,212,0
0.65,0.65,2,2,24.0,0,0,250,38,212,237,0.948,38,1.0,38,1.0,199,0.9387,51,211,212,0
0.65,0.65,2,2,32.0,0,0,250,38,212,237,0.948,38,1.0,38,1.0,199,0.9387,51,211,212,0
0.65,0.65,2,2,48.0,0,0,250,38,212,237,0.948,38,1.0,38,1.0,199,0.9387,51,211,212,0
0.7,0.45,1,0,12.0,0,0,250,38,212,237,0.948,38,1.0,38,1.0,199,0.9387,51,210,212,0
0.7,0.45,1,0,18.0,0,0,250,38,212,237,0.948,38,1.0,38,1.0,199,0.9387,51,210,212,0
0.7,0.5,1,0,12.0,0,0,250,38,212,237,0.948,38,1.0,38,1.0,199,0.9387,51,210,212,0
0.7,0.5,1,0,18.0,0,0,250,38,212,237,0.948,38,1.0,38,1.0,199,0.9387,51,210,212,0
0.7,0.55,1,0,12.0,0,0,250,38,212,237,0.948,38,1.0,38,1.0,199,0.9387,51,210,212,0
0.7,0.55,1,0,18.0,0,0,250,38,212,237,0.948,38,1.0,38,1.0,199,0.9387,51,210,212,0
0.7,0.6,1,0,12.0,0,0,250,38,212,237,0.948,38,1.0,38,1.0,199,0.9387,51,210,212,0
0.7,0.6,1,0,18.0,0,0,250,38,212,237,0.948,38,1.0,38,1.0,199,0.9387,51,210,212,0
0.7,0.6,1,1,12.0,0,0,250,38,212,237,0.948,38,1.0,38,1.0,199,0.9387,51,210,212,0
0.7,0.6,1,1,18.0,0,0,250,38,212,237,0.948,38,1.0,38,1.0,199,0.9387,51,210,212,0
0.7,0.6,2,1,24.0,0,0,250,38,212,237,0.948,38,1.0,38,1.0,199,0.9387,51,211,212,0
0.7,0.6,2,1,32.0,0,0,250,38,212,237,0.948,38,1.0,38,1.0,199,0.9387,51,211,212,0
0.7,0.6,2,1,48.0,0,0,250,38,212,237,0.948,38,1.0,38,1.0,199,0.9387,51,211,212,0
0.7,0.6,2,2,24.0,0,0,250,38,212,237,0.948,38,1.0,38,1.0,199,0.9387,51,211,212,0
0.7,0.6,2,2,32.0,0,0,250,38,212,237,0.948,38,1.0,38,1.0,199,0.9387,51,211,212,0
0.7,0.6,2,2,48.0,0,0,250,38,212,237,0.948,38,1.0,38,1.0,199,0.9387,51,211,212,0
0.7,0.65,1,1,24.0,0,0,250,38,212,237,0.948,38,1.0,38,1.0,199,0.9387,51,210,212,0
0.7,0.65,1,1,32.0,0,0,250,38,212,237,0.948,38,1.0,38,1.0,199,0.9387,51,210,212,0
0.7,0.65,1,1,48.0,0,0,250,38,212,237,0.948,38,1.0,38,1.0,199,0.9387,51,210,212,0
0.7,0.65,1,2,24.0,0,0,250,38,212,237,0.948,38,1.0,38,1.0,199,0.9387,51,210,212,0
0.7,0.65,1,2,32.0,0,0,250,38,212,237,0.948,38,1.0,38,1.0,199,0.9387,51,210,212,0
0.7,0.65,1,2,48.0,0,0,250,38,212,237,0.948,38,1.0,38,1.0,199,0.9387,51,210,212,0
0.75,0.45,1,0,12.0,0,0,250,38,212,237,0.948,38,1.0,38,1.0,199,0.9387,51,210,212,0
0.75,0.45,1,0,18.0,0,0,250,38,212,237,0.948,38,1.0,38,1.0,199,0.9387,51,210,212,0
0.75,0.5,1,0,12.0,0,0,250,38,212,237,0.948,38,1.0,38,1.0,199,0.9387,51,210,212,0
0.75,0.5,1,0,18.0,0,0,250,38,212,237,0.948,38,1.0,38,1.0,199,0.9387,51,210,212,0
0.75,0.55,1,0,12.0,0,0,250,38,212,237,0.948,38,1.0,38,1.0,199,0.9387,51,210,212,0
0.75,0.55,1,0,18.0,0,0,250,38,212,237,0.948,38,1.0,38,1.0,199,0.9387,51,210,212,0
0.75,0.6,1,0,12.0,0,0,250,38,212,237,0.948,38,1.0,38,1.0,199,0.9387,51,210,212,0
0.75,0.6,1,0,18.0,0,0,250,38,212,237,0.948,38,1.0,38,1.0,199,0.9387,51,210,212,0
0.75,0.6,1,1,12.0,0,0,250,38,212,237,0.948,38,1.0,38,1.0,199,0.9387,51,210,212,0
0.75,0.6,1,1,18.0,0,0,250,38,212,237,0.948,38,1.0,38,1.0,199,0.9387,51,210,212,0
0.75,0.6,2,1,24.0,0,0,250,38,212,237,0.948,38,1.0,38,1.0,199,0.9387,51,211,212,0
0.75,0.6,2,1,32.0,0,0,250,38,212,237,0.948,38,1.0,38,1.0,199,0.9387,51,211,212,0
0.75,0.6,2,1,48.0,0,0,250,38,212,237,0.948,38,1.0,38,1.0,199,0.9387,51,211,212,0
0.75,0.6,2,2,24.0,0,0,250,38,212,237,0.948,38,1.0,38,1.0,199,0.9387,51,211,212,0
0.75,0.6,2,2,32.0,0,0,250,38,212,237,0.948,38,1.0,38,1.0,199,0.9387,51,211,212,0
0.75,0.6,2,2,48.0,0,0,250,38,212,237,0.948,38,1.0,38,1.0,199,0.9387,51,211,212,0
0.75,0.65,1,1,24.0,0,0,250,38,212,237,0.948,38,1.0,38,1.0,199,0.9387,51,210,212,0
0.75,0.65,1,1,32.0,0,0,250,38,212,237,0.948,38,1.0,38,1.0,199,0.9387,51,210,212,0
0.75,0.65,1,1,48.0,0,0,250,38,212,237,0.948,38,1.0,38,1.0,199,0.9387,51,210,212,0
0.75,0.65,1,2,24.0,0,0,250,38,212,237,0.948,38,1.0,38,1.0,199,0.9387,51,210,212,0
0.75,0.65,1,2,32.0,0,0,250,38,212,237,0.948,38,1.0,38,1.0,199,0.9387,51,210,212,0
0.75,0.65,1,2,48.0,0,0,250,38,212,237,0.948,38,1.0,38,1.0,199,0.9387,51,210,212,0
0.7,0.7,1,2,12.0,0,0,250,38,212,237,0.948,34,0.8947,34,0.8947,203,0.9575,43,210,213,1
0.7,0.7,1,2,18.0,0,0,250,38,212,237,0.948,34,0.8947,34,0.8947,203,0.9575,43,210,213,1
0.75,0.7,1,2,12.0,0,0,250,38,212,237,0.948,34,0.8947,34,0.8947,203,0.9575,43,210,213,1
0.75,0.7,1,2,18.0,0,0,250,38,212,237,0.948,34,0.8947,34,0.8947,203,0.9575,43,210,213,1
0.8,0.7,1,1,12.0,0,0,250,38,212,237,0.948,34,0.8947,34,0.8947,203,0.9575,43,210,213,1
0.8,0.7,1,1,18.0,0,0,250,38,212,237,0.948,34,0.8947,34,0.8947,203,0.9575,43,210,213,1
0.8,0.7,1,1,24.0,0,0,250,38,212,237,0.948,34,0.8947,34,0.8947,203,0.9575,43,210,213,1
0.8,0.7,1,1,32.0,0,0,250,38,212,237,0.948,34,0.8947,34,0.8947,203,0.9575,43,210,213,1
0.8,0.7,1,1,48.0,0,0,250,38,212,237,0.948,34,0.8947,34,0.8947,203,0.9575,43,210,213,1
0.8,0.7,1,2,12.0,0,0,250,38,212,237,0.948,34,0.8947,34,0.8947,203,0.9575,43,210,213,1
0.8,0.7,1,2,18.0,0,0,250,38,212,237,0.948,34,0.8947,34,0.8947,203,0.9575,43,210,213,1
0.8,0.7,1,2,24.0,0,0,250,38,212,237,0.948,34,0.8947,34,0.8947,203,0.9575,43,210,213,1
0.8,0.7,1,2,32.0,0,0,250,38,212,237,0.948,34,0.8947,34,0.8947,203,0.9575,43,210,213,1
0.8,0.7,1,2,48.0,0,0,250,38,212,237,0.948,34,0.8947,34,0.8947,203,0.9575,43,210,213,1
0.7,0.45,3,0,12.0,0,0,250,38,212,237,0.948,33,0.8684,33,0.8684,204,0.9623,41,217,217,5
0.7,0.45,3,0,18.0,0,0,250,38,212,237,0.948,33,0.8684,33,0.8684,204,0.9623,41,217,217,5
0.7,0.5,3,0,12.0,0,0,250,38,212,237,0.948,33,0.8684,33,0.8684,204,0.9623,41,217,217,5
0.7,0.5,3,0,18.0,0,0,250,38,212,237,0.948,33,0.8684,33,0.8684,204,0.9623,41,217,217,5
0.7,0.55,3,0,12.0,0,0,250,38,212,237,0.948,33,0.8684,33,0.8684,204,0.9623,41,217,217,5
0.7,0.55,3,0,18.0,0,0,250,38,212,237,0.948,33,0.8684,33,0.8684,204,0.9623,41,217,217,5
0.7,0.6,3,0,12.0,0,0,250,38,212,237,0.948,33,0.8684,33,0.8684,204,0.9623,41,217,217,5
0.7,0.6,3,0,18.0,0,0,250,38,212,237,0.948,33,0.8684,33,0.8684,204,0.9623,41,217,217,5
0.7,0.65,3,0,24.0,0,0,250,38,212,237,0.948,33,0.8684,33,0.8684,204,0.9623,41,217,217,5
0.7,0.65,3,0,32.0,0,0,250,38,212,237,0.948,33,0.8684,33,0.8684,204,0.9623,41,217,217,5
0.7,0.65,3,0,48.0,0,0,250,38,212,237,0.948,33,0.8684,33,0.8684,204,0.9623,41,217,217,5
0.7,0.7,3,0,12.0,0,0,250,38,212,237,0.948,31,0.8158,31,0.8158,206,0.9717,37,217,217,5
0.7,0.7,3,0,18.0,0,0,250,38,212,237,0.948,31,0.8158,31,0.8158,206,0.9717,37,217,217,5
0.7,0.7,3,1,12.0,0,0,250,38,212,237,0.948,31,0.8158,31,0.8158,206,0.9717,37,217,217,5
0.7,0.7,3,1,18.0,0,0,250,38,212,237,0.948,31,0.8158,31,0.8158,206,0.9717,37,217,217,5
0.7,0.7,3,2,12.0,0,0,250,38,212,237,0.948,31,0.8158,31,0.8158,206,0.9717,37,217,217,5
0.7,0.7,3,2,18.0,0,0,250,38,212,237,0.948,31,0.8158,31,0.8158,206,0.9717,37,217,217,5
0.75,0.65,3,0,12.0,0,0,250,38,212,237,0.948,31,0.8158,31,0.8158,206,0.9717,37,219,219,7
0.75,0.65,3,0,18.0,0,0,250,38,212,237,0.948,31,0.8158,31,0.8158,206,0.9717,37,219,219,7
0.8,0.65,3,0,12.0,0,0,250,38,212,237,0.948,30,0.7895,30,0.7895,207,0.9764,35,220,220,8
0.8,0.65,3,0,18.0,0,0,250,38,212,237,0.948,30,0.7895,30,0.7895,207,0.9764,35,220,220,8
0.8,0.65,3,0,24.0,0,0,250,38,212,237,0.948,30,0.7895,30,0.7895,207,0.9764,35,220,220,8
0.8,0.65,3,0,32.0,0,0,250,38,212,237,0.948,30,0.7895,30,0.7895,207,0.9764,35,220,220,8
0.8,0.65,3,0,48.0,0,0,250,38,212,237,0.948,30,0.7895,30,0.7895,207,0.9764,35,220,220,8
0.9,0.7,3,0,12.0,0,0,250,38,212,237,0.948,25,0.6579,25,0.6579,212,1.0,25,223,223,11
0.9,0.7,3,0,18.0,0,0,250,38,212,237,0.948,25,0.6579,25,0.6579,212,1.0,25,223,223,11
0.9,0.7,3,0,24.0,0,0,250,38,212,237,0.948,25,0.6579,25,0.6579,212,1.0,25,223,223,11
0.9,0.7,3,0,32.0,0,0,250,38,212,237,0.948,25,0.6579,25,0.6579,212,1.0,25,223,223,11
0.9,0.7,3,0,48.0,0,0,250,38,212,237,0.948,25,0.6579,25,0.6579,212,1.0,25,223,223,11
0.9,0.7,3,1,12.0,0,0,250,38,212,237,0.948,25,0.6579,25,0.6579,212,1.0,25,223,223,11
0.9,0.7,3,1,18.0,0,0,250,38,212,237,0.948,25,0.6579,25,0.6579,212,1.0,25,223,223,11
0.9,0.7,3,1,24.0,0,0,250,38,212,237,0.948,25,0.6579,25,0.6579,212,1.0,25,223,223,11
0.9,0.7,3,1,32.0,0,0,250,38,212,237,0.948,25,0.6579,25,0.6579,212,1.0,25,223,223,11
0.9,0.7,3,1,48.0,0,0,250,38,212,237,0.948,25,0.6579,25,0.6579,212,1.0,25,223,223,11
0.9,0.7,3,2,12.0,0,0,250,38,212,237,0.948,25,0.6579,25,0.6579,212,1.0,25,223,223,11
0.9,0.7,3,2,18.0,0,0,250,38,212,237,0.948,25,0.6579,25,0.6579,212,1.0,25,223,223,11
0.9,0.7,3,2,24.0,0,0,250,38,212,237,0.948,25,0.6579,25,0.6579,212,1.0,25,223,223,11
0.9,0.7,3,2,32.0,0,0,250,38,212,237,0.948,25,0.6579,25,0.6579,212,1.0,25,223,223,11
0.9,0.7,3,2,48.0,0,0,250,38,212,237,0.948,25,0.6579,25,0.6579,212,1.0,25,223,223,11
0.9,0.75,3,0,12.0,0,0,250,38,212,237,0.948,25,0.6579,25,0.6579,212,1.0,25,223,223,11
0.9,0.75,3,0,18.0,0,0,250,38,212,237,0.948,25,0.6579,25,0.6579,212,1.0,25,223,223,11
0.9,0.75,3,0,24.0,0,0,250,38,212,237,0.948,25,0.6579,25,0.6579,212,1.0,25,223,223,11
0.9,0.75,3,0,32.0,0,0,250,38,212,237,0.948,25,0.6579,25,0.6579,212,1.0,25,223,223,11
0.9,0.75,3,0,48.0,0,0,250,38,212,237,0.948,25,0.6579,25,0.6579,212,1.0,25,223,223,11
0.9,0.75,3,1,12.0,0,0,250,38,212,237,0.948,25,0.6579,25,0.6579,212,1.0,25,223,223,11
0.9,0.75,3,1,18.0,0,0,250,38,212,237,0.948,25,0.6579,25,0.6579,212,1.0,25,223,223,11
0.9,0.75,3,1,24.0,0,0,250,38,212,237,0.948,25,0.6579,25,0.6579,212,1.0,25,223,223,11
0.9,0.75,3,1,32.0,0,0,250,38,212,237,0.948,25,0.6579,25,0.6579,212,1.0,25,223,223,11
0.9,0.75,3,1,48.0,0,0,250,38,212,237,0.948,25,0.6579,25,0.6579,212,1.0,25,223,223,11
0.9,0.75,3,2,12.0,0,0,250,38,212,237,0.948,25,0.6579,25,0.6579,212,1.0,25,223,223,11
0.9,0.75,3,2,18.0,0,0,250,38,212,237,0.948,25,0.6579,25,0.6579,212,1.0,25,223,223,11
0.9,0.75,3,2,24.0,0,0,250,38,212,237,0.948,25,0.6579,25,0.6579,212,1.0,25,223,223,11
0.9,0.75,3,2,32.0,0,0,250,38,212,237,0.948,25,0.6579,25,0.6579,212,1.0,25,223,223,11
0.9,0.75,3,2,48.0,0,0,250,38,212,237,0.948,25,0.6579,25,0.6579,212,1.0,25,223,223,11
0.9,0.8,3,0,12.0,0,0,250,38,212,237,0.948,25,0.6579,25,0.6579,212,1.0,25,223,223,11
0.9,0.8,3,0,18.0,0,0,250,38,212,237,0.948,25,0.6579,25,0.6579,212,1.0,25,223,223,11
0.9,0.8,3,0,24.0,0,0,250,38,212,237,0.948,25,0.6579,25,0.6579,212,1.0,25,223,223,11
0.9,0.8,3,0,32.0,0,0,250,38,212,237,0.948,25,0.6579,25,0.6579,212,1.0,25,223,223,11
0.9,0.8,3,0,48.0,0,0,250,38,212,237,0.948,25,0.6579,25,0.6579,212,1.0,25,223,223,11
0.9,0.8,3,1,12.0,0,0,250,38,212,237,0.948,25,0.6579,25,0.6579,212,1.0,25,223,223,11
0.9,0.8,3,1,18.0,0,0,250,38,212,237,0.948,25,0.6579,25,0.6579,212,1.0,25,223,223,11
0.9,0.8,3,1,24.0,0,0,250,38,212,237,0.948,25,0.6579,25,0.6579,212,1.0,25,223,223,11
0.9,0.8,3,1,32.0,0,0,250,38,212,237,0.948,25,0.6579,25,0.6579,212,1.0,25,223,223,11
0.9,0.8,3,1,48.0,0,0,250,38,212,237,0.948,25,0.6579,25,0.6579,212,1.0,25,223,223,11
0.9,0.8,3,2,12.0,0,0,250,38,212,237,0.948,25,0.6579,25,0.6579,212,1.0,25,223,223,11
0.9,0.8,3,2,18.0,0,0,250,38,212,237,0.948,25,0.6579,25,0.6579,212,1.0,25,223,223,11
0.9,0.8,3,2,24.0,0,0,250,38,212,237,0.948,25,0.6579,25,0.6579,212,1.0,25,223,223,11
0.9,0.8,3,2,32.0,0,0,250,38,212,237,0.948,25,0.6579,25,0.6579,212,1.0,25,223,223,11
0.9,0.8,3,2,48.0,0,0,250,38,212,237,0.948,25,0.6579,25,0.6579,212,1.0,25,223,223,11
0.6,0.6,2,2,12.0,0,0,250,38,212,236,0.944,38,1.0,38,1.0,198,0.934,52,210,212,0
0.6,0.6,2,2,18.0,0,0,250,38,212,236,0.944,38,1.0,38,1.0,198,0.934,52,210,212,0
0.65,0.45,2,0,24.0,0,0,250,38,212,236,0.944,38,1.0,38,1.0,198,0.934,52,211,212,0
0.65,0.45,2,0,32.0,0,0,250,38,212,236,0.944,38,1.0,38,1.0,198,0.934,52,211,212,0
0.65,0.45,2,0,48.0,0,0,250,38,212,236,0.944,38,1.0,38,1.0,198,0.934,52,211,212,0
0.65,0.5,2,0,24.0,0,0,250,38,212,236,0.944,38,1.0,38,1.0,198,0.934,52,211,212,0
0.65,0.5,2,0,32.0,0,0,250,38,212,236,0.944,38,1.0,38,1.0,198,0.934,52,211,212,0
0.65,0.5,2,0,48.0,0,0,250,38,212,236,0.944,38,1.0,38,1.0,198,0.934,52,211,212,0
0.65,0.55,2,0,24.0,0,0,250,38,212,236,0.944,38,1.0,38,1.0,198,0.934,52,211,212,0
0.65,0.55,2,0,32.0,0,0,250,38,212,236,0.944,38,1.0,38,1.0,198,0.934,52,211,212,0
0.65,0.55,2,0,48.0,0,0,250,38,212,236,0.944,38,1.0,38,1.0,198,0.934,52,211,212,0
0.65,0.55,3,2,12.0,0,0,250,38,212,236,0.944,38,1.0,38,1.0,198,0.934,52,212,212,0
0.65,0.55,3,2,18.0,0,0,250,38,212,236,0.944,38,1.0,38,1.0,198,0.934,52,212,212,0
0.65,0.6,2,0,24.0,0,0,250,38,212,236,0.944,38,1.0,38,1.0,198,0.934,52,211,212,0
0.65,0.6,2,0,32.0,0,0,250,38,212,236,0.944,38,1.0,38,1.0,198,0.934,52,211,212,0
0.65,0.6,2,0,48.0,0,0,250,38,212,236,0.944,38,1.0,38,1.0,198,0.934,52,211,212,0
0.65,0.65,1,1,12.0,0,0,250,38,212,236,0.944,38,1.0,38,1.0,198,0.934,52,210,212,0
0.65,0.65,1,1,18.0,0,0,250,38,212,236,0.944,38,1.0,38,1.0,198,0.934,52,210,212,0
0.7,0.45,1,0,24.0,0,0,250,38,212,236,0.944,38,1.0,38,1.0,198,0.934,52,210,212,0
0.7,0.45,1,0,32.0,0,0,250,38,212,236,0.944,38,1.0,38,1.0,198,0.934,52,210,212,0
0.7,0.45,1,0,48.0,0,0,250,38,212,236,0.944,38,1.0,38,1.0,198,0.934,52,210,212,0
0.7,0.5,1,0,24.0,0,0,250,38,212,236,0.944,38,1.0,38,1.0,198,0.934,52,210,212,0
0.7,0.5,1,0,32.0,0,0,250,38,212,236,0.944,38,1.0,38,1.0,198,0.934,52,210,212,0
0.7,0.5,1,0,48.0,0,0,250,38,212,236,0.944,38,1.0,38,1.0,198,0.934,52,210,212,0
0.7,0.55,1,0,24.0,0,0,250,38,212,236,0.944,38,1.0,38,1.0,198,0.934,52,210,212,0
0.7,0.55,1,0,32.0,0,0,250,38,212,236,0.944,38,1.0,38,1.0,198,0.934,52,210,212,0
0.7,0.55,1,0,48.0,0,0,250,38,212,236,0.944,38,1.0,38,1.0,198,0.934,52,210,212,0
0.7,0.6,1,0,24.0,0,0,250,38,212,236,0.944,38,1.0,38,1.0,198,0.934,52,210,212,0
0.7,0.6,1,0,32.0,0,0,250,38,212,236,0.944,38,1.0,38,1.0,198,0.934,52,210,212,0
0.7,0.6,1,0,48.0,0,0,250,38,212,236,0.944,38,1.0,38,1.0,198,0.934,52,210,212,0
0.75,0.45,1,0,24.0,0,0,250,38,212,236,0.944,38,1.0,38,1.0,198,0.934,52,210,212,0
0.75,0.45,1,0,32.0,0,0,250,38,212,236,0.944,38,1.0,38,1.0,198,0.934,52,210,212,0
0.75,0.45,1,0,48.0,0,0,250,38,212,236,0.944,38,1.0,38,1.0,198,0.934,52,210,212,0
0.75,0.5,1,0,24.0,0,0,250,38,212,236,0.944,38,1.0,38,1.0,198,0.934,52,210,212,0
0.75,0.5,1,0,32.0,0,0,250,38,212,236,0.944,38,1.0,38,1.0,198,0.934,52,210,212,0
0.75,0.5,1,0,48.0,0,0,250,38,212,236,0.944,38,1.0,38,1.0,198,0.934,52,210,212,0
0.75,0.55,1,0,24.0,0,0,250,38,212,236,0.944,38,1.0,38,1.0,198,0.934,52,210,212,0
0.75,0.55,1,0,32.0,0,0,250,38,212,236,0.944,38,1.0,38,1.0,198,0.934,52,210,212,0
0.75,0.55,1,0,48.0,0,0,250,38,212,236,0.944,38,1.0,38,1.0,198,0.934,52,210,212,0
0.75,0.6,1,0,24.0,0,0,250,38,212,236,0.944,38,1.0,38,1.0,198,0.934,52,210,212,0
0.75,0.6,1,0,32.0,0,0,250,38,212,236,0.944,38,1.0,38,1.0,198,0.934,52,210,212,0
0.75,0.6,1,0,48.0,0,0,250,38,212,236,0.944,38,1.0,38,1.0,198,0.934,52,210,212,0
0.7,0.7,1,1,12.0,0,0,250,38,212,236,0.944,34,0.8947,34,0.8947,202,0.9528,44,210,213,1
0.7,0.7,1,1,18.0,0,0,250,38,212,236,0.944,34,0.8947,34,0.8947,202,0.9528,44,210,213,1
0.7,0.7,2,1,24.0,0,0,250,38,212,236,0.944,34,0.8947,34,0.8947,202,0.9528,44,211,213,1
0.7,0.7,2,1,32.0,0,0,250,38,212,236,0.944,34,0.8947,34,0.8947,202,0.9528,44,211,213,1
0.7,0.7,2,1,48.0,0,0,250,38,212,236,0.944,34,0.8947,34,0.8947,202,0.9528,44,211,213,1
0.7,0.7,2,2,24.0,0,0,250,38,212,236,0.944,34,0.8947,34,0.8947,202,0.9528,44,211,213,1
0.7,0.7,2,2,32.0,0,0,250,38,212,236,0.944,34,0.8947,34,0.8947,202,0.9528,44,211,213,1
0.7,0.7,2,2,48.0,0,0,250,38,212,236,0.944,34,0.8947,34,0.8947,202,0.9528,44,211,213,1
0.75,0.7,1,1,12.0,0,0,250,38,212,236,0.944,34,0.8947,34,0.8947,202,0.9528,44,210,213,1
0.75,0.7,1,1,18.0,0,0,250,38,212,236,0.944,34,0.8947,34,0.8947,202,0.9528,44,210,213,1
0.75,0.7,2,1,24.0,0,0,250,38,212,236,0.944,34,0.8947,34,0.8947,202,0.9528,44,211,213,1
0.75,0.7,2,1,32.0,0,0,250,38,212,236,0.944,34,0.8947,34,0.8947,202,0.9528,44,211,213,1
0.75,0.7,2,1,48.0,0,0,250,38,212,236,0.944,34,0.8947,34,0.8947,202,0.9528,44,211,213,1
0.75,0.7,2,2,24.0,0,0,250,38,212,236,0.944,34,0.8947,34,0.8947,202,0.9528,44,211,213,1
0.75,0.7,2,2,32.0,0,0,250,38,212,236,0.944,34,0.8947,34,0.8947,202,0.9528,44,211,213,1
0.75,0.7,2,2,48.0,0,0,250,38,212,236,0.944,34,0.8947,34,0.8947,202,0.9528,44,211,213,1
0.7,0.6,3,1,12.0,0,0,250,38,212,236,0.944,33,0.8684,33,0.8684,203,0.9575,42,217,217,5
0.7,0.6,3,1,18.0,0,0,250,38,212,236,0.944,33,0.8684,33,0.8684,203,0.9575,42,217,217,5
0.7,0.6,3,2,12.0,0,0,250,38,212,236,0.944,33,0.8684,33,0.8684,203,0.9575,42,217,217,5
0.7,0.6,3,2,18.0,0,0,250,38,212,236,0.944,33,0.8684,33,0.8684,203,0.9575,42,217,217,5
0.7,0.65,3,1,24.0,0,0,250,38,212,236,0.944,33,0.8684,33,0.8684,203,0.9575,42,217,217,5
0.7,0.65,3,1,32.0,0,0,250,38,212,236,0.944,33,0.8684,33,0.8684,203,0.9575,42,217,217,5
0.7,0.65,3,1,48.0,0,0,250,38,212,236,0.944,33,0.8684,33,0.8684,203,0.9575,42,217,217,5
0.7,0.65,3,2,24.0,0,0,250,38,212,236,0.944,33,0.8684,33,0.8684,203,0.9575,42,217,217,5
0.7,0.65,3,2,32.0,0,0,250,38,212,236,0.944,33,0.8684,33,0.8684,203,0.9575,42,217,217,5
0.7,0.65,3,2,48.0,0,0,250,38,212,236,0.944,33,0.8684,33,0.8684,203,0.9575,42,217,217,5
0.7,0.7,2,0,12.0,0,0,250,38,212,236,0.944,32,0.8421,32,0.8421,204,0.9623,40,216,216,4
0.7,0.7,2,0,18.0,0,0,250,38,212,236,0.944,32,0.8421,32,0.8421,204,0.9623,40,216,216,4
0.75,0.65,3,1,12.0,0,0,250,38,212,236,0.944,31,0.8158,31,0.8158,205,0.967,38,219,219,7
0.75,0.65,3,1,18.0,0,0,250,38,212,236,0.944,31,0.8158,31,0.8158,205,0.967,38,219,219,7
0.75,0.65,3,2,12.0,0,0,250,38,212,236,0.944,31,0.8158,31,0.8158,205,0.967,38,219,219,7
0.75,0.65,3,2,18.0,0,0,250,38,212,236,0.944,31,0.8158,31,0.8158,205,0.967,38,219,219,7
0.75,0.75,2,2,12.0,0,0,250,38,212,236,0.944,30,0.7895,30,0.7895,206,0.9717,36,218,218,6
0.75,0.75,2,2,18.0,0,0,250,38,212,236,0.944,30,0.7895,30,0.7895,206,0.9717,36,218,218,6
0.8,0.65,3,1,12.0,0,0,250,38,212,236,0.944,30,0.7895,30,0.7895,206,0.9717,36,220,220,8
0.8,0.65,3,1,18.0,0,0,250,38,212,236,0.944,30,0.7895,30,0.7895,206,0.9717,36,220,220,8
0.8,0.65,3,1,24.0,0,0,250,38,212,236,0.944,30,0.7895,30,0.7895,206,0.9717,36,220,220,8
0.8,0.65,3,1,32.0,0,0,250,38,212,236,0.944,30,0.7895,30,0.7895,206,0.9717,36,220,220,8
0.8,0.65,3,1,48.0,0,0,250,38,212,236,0.944,30,0.7895,30,0.7895,206,0.9717,36,220,220,8
0.8,0.65,3,2,12.0,0,0,250,38,212,236,0.944,30,0.7895,30,0.7895,206,0.9717,36,220,220,8
0.8,0.65,3,2,18.0,0,0,250,38,212,236,0.944,30,0.7895,30,0.7895,206,0.9717,36,220,220,8
0.8,0.65,3,2,24.0,0,0,250,38,212,236,0.944,30,0.7895,30,0.7895,206,0.9717,36,220,220,8
0.8,0.65,3,2,32.0,0,0,250,38,212,236,0.944,30,0.7895,30,0.7895,206,0.9717,36,220,220,8
0.8,0.65,3,2,48.0,0,0,250,38,212,236,0.944,30,0.7895,30,0.7895,206,0.9717,36,220,220,8
0.85,0.65,2,0,12.0,0,0,250,38,212,236,0.944,30,0.7895,30,0.7895,206,0.9717,36,220,220,8
0.85,0.65,2,0,18.0,0,0,250,38,212,236,0.944,30,0.7895,30,0.7895,206,0.9717,36,220,220,8
0.85,0.65,2,0,24.0,0,0,250,38,212,236,0.944,30,0.7895,30,0.7895,206,0.9717,36,220,220,8
0.85,0.65,2,0,32.0,0,0,250,38,212,236,0.944,30,0.7895,30,0.7895,206,0.9717,36,220,220,8
0.85,0.65,2,0,48.0,0,0,250,38,212,236,0.944,30,0.7895,30,0.7895,206,0.9717,36,220,220,8
0.8,0.8,3,0,12.0,0,0,250,38,212,236,0.944,28,0.7368,28,0.7368,208,0.9811,32,220,220,8
0.8,0.8,3,0,18.0,0,0,250,38,212,236,0.944,28,0.7368,28,0.7368,208,0.9811,32,220,220,8
0.8,0.8,3,0,24.0,0,0,250,38,212,236,0.944,28,0.7368,28,0.7368,208,0.9811,32,220,220,8
0.8,0.8,3,0,32.0,0,0,250,38,212,236,0.944,28,0.7368,28,0.7368,208,0.9811,32,220,220,8
0.8,0.8,3,0,48.0,0,0,250,38,212,236,0.944,28,0.7368,28,0.7368,208,0.9811,32,220,220,8
0.8,0.8,3,1,12.0,0,0,250,38,212,236,0.944,28,0.7368,28,0.7368,208,0.9811,32,220,220,8
0.8,0.8,3,1,18.0,0,0,250,38,212,236,0.944,28,0.7368,28,0.7368,208,0.9811,32,220,220,8
0.8,0.8,3,1,24.0,0,0,250,38,212,236,0.944,28,0.7368,28,0.7368,208,0.9811,32,220,220,8
0.8,0.8,3,1,32.0,0,0,250,38,212,236,0.944,28,0.7368,28,0.7368,208,0.9811,32,220,220,8
0.8,0.8,3,1,48.0,0,0,250,38,212,236,0.944,28,0.7368,28,0.7368,208,0.9811,32,220,220,8
0.8,0.8,3,2,12.0,0,0,250,38,212,236,0.944,28,0.7368,28,0.7368,208,0.9811,32,220,220,8
0.8,0.8,3,2,18.0,0,0,250,38,212,236,0.944,28,0.7368,28,0.7368,208,0.9811,32,220,220,8
0.8,0.8,3,2,24.0,0,0,250,38,212,236,0.944,28,0.7368,28,0.7368,208,0.9811,32,220,220,8
0.8,0.8,3,2,32.0,0,0,250,38,212,236,0.944,28,0.7368,28,0.7368,208,0.9811,32,220,220,8
0.8,0.8,3,2,48.0,0,0,250,38,212,236,0.944,28,0.7368,28,0.7368,208,0.9811,32,220,220,8
0.6,0.45,2,0,12.0,0,0,250,38,212,235,0.94,38,1.0,38,1.0,197,0.9292,53,210,212,0
0.6,0.45,2,0,18.0,0,0,250,38,212,235,0.94,38,1.0,38,1.0,197,0.9292,53,210,212,0
0.6,0.45,3,0,24.0,0,0,250,38,212,235,0.94,38,1.0,38,1.0,197,0.9292,53,211,212,0
0.6,0.45,3,0,32.0,0,0,250,38,212,235,0.94,38,1.0,38,1.0,197,0.9292,53,211,212,0
0.6,0.45,3,0,48.0,0,0,250,38,212,235,0.94,38,1.0,38,1.0,197,0.9292,53,211,212,0
0.6,0.5,2,0,12.0,0,0,250,38,212,235,0.94,38,1.0,38,1.0,197,0.9292,53,210,212,0
0.6,0.5,2,0,18.0,0,0,250,38,212,235,0.94,38,1.0,38,1.0,197,0.9292,53,210,212,0
0.6,0.5,3,0,24.0,0,0,250,38,212,235,0.94,38,1.0,38,1.0,197,0.9292,53,211,212,0
0.6,0.5,3,0,32.0,0,0,250,38,212,235,0.94,38,1.0,38,1.0,197,0.9292,53,211,212,0
0.6,0.5,3,0,48.0,0,0,250,38,212,235,0.94,38,1.0,38,1.0,197,0.9292,53,211,212,0
0.6,0.55,2,0,12.0,0,0,250,38,212,235,0.94,38,1.0,38,1.0,197,0.9292,53,210,212,0
0.6,0.55,2,0,18.0,0,0,250,38,212,235,0.94,38,1.0,38,1.0,197,0.9292,53,210,212,0
0.6,0.55,3,0,24.0,0,0,250,38,212,235,0.94,38,1.0,38,1.0,197,0.9292,53,211,212,0
0.6,0.55,3,0,32.0,0,0,250,38,212,235,0.94,38,1.0,38,1.0,197,0.9292,53,211,212,0
0.6,0.55,3,0,48.0,0,0,250,38,212,235,0.94,38,1.0,38,1.0,197,0.9292,53,211,212,0
0.6,0.6,2,0,12.0,0,0,250,38,212,235,0.94,38,1.0,38,1.0,197,0.9292,53,210,212,0
0.6,0.6,2,0,18.0,0,0,250,38,212,235,0.94,38,1.0,38,1.0,197,0.9292,53,210,212,0
0.6,0.6,2,1,12.0,0,0,250,38,212,235,0.94,38,1.0,38,1.0,197,0.9292,53,210,212,0
0.6,0.6,2,1,18.0,0,0,250,38,212,235,0.94,38,1.0,38,1.0,197,0.9292,53,210,212,0
0.6,0.6,3,0,24.0,0,0,250,38,212,235,0.94,38,1.0,38,1.0,197,0.9292,53,211,212,0
0.6,0.6,3,0,32.0,0,0,250,38,212,235,0.94,38,1.0,38,1.0,197,0.9292,53,211,212,0
0.6,0.6,3,0,48.0,0,0,250,38,212,235,0.94,38,1.0,38,1.0,197,0.9292,53,211,212,0
0.65,0.55,3,1,12.0,0,0,250,38,212,235,0.94,38,1.0,38,1.0,197,0.9292,53,212,212,0
0.65,0.55,3,1,18.0,0,0,250,38,212,235,0.94,38,1.0,38,1.0,197,0.9292,53,212,212,0
0.65,0.6,2,1,24.0,0,0,250,38,212,235,0.94,38,1.0,38,1.0,197,0.9292,53,211,212,0
0.65,0.6,2,1,32.0,0,0,250,38,212,235,0.94,38,1.0,38,1.0,197,0.9292,53,211,212,0
0.65,0.6,2,1,48.0,0,0,250,38,212,235,0.94,38,1.0,38,1.0,197,0.9292,53,211,212,0
0.65,0.6,2,2,24.0,0,0,250,38,212,235,0.94,38,1.0,38,1.0,197,0.9292,53,211,212,0
0.65,0.6,2,2,32.0,0,0,250,38,212,235,0.94,38,1.0,38,1.0,197,0.9292,53,211,212,0
0.65,0.6,2,2,48.0,0,0,250,38,212,235,0.94,38,1.0,38,1.0,197,0.9292,53,211,212,0
0.65,0.65,1,0,12.0,0,0,250,38,212,235,0.94,38,1.0,38,1.0,197,0.9292,53,210,212,0
0.65,0.65,1,0,18.0,0,0,250,38,212,235,0.94,38,1.0,38,1.0,197,0.9292,53,210,212,0
0.7,0.55,2,2,12.0,0,0,250,38,212,235,0.94,38,1.0,38,1.0,197,0.9292,53,211,212,0
0.7,0.55,2,2,18.0,0,0,250,38,212,235,0.94,38,1.0,38,1.0,197,0.9292,53,211,212,0
0.7,0.6,1,1,24.0,0,0,250,38,212,235,0.94,38,1.0,38,1.0,197,0.9292,53,210,212,0
0.7,0.6,1,1,32.0,0,0,250,38,212,235,0.94,38,1.0,38,1.0,197,0.9292,53,210,212,0
0.7,0.6,1,1,48.0,0,0,250,38,212,235,0.94,38,1.0,38,1.0,197,0.9292,53,210,212,0
0.7,0.6,1,2,24.0,0,0,250,38,212,235,0.94,38,1.0,38,1.0,197,0.9292,53,210,212,0
0.7,0.6,1,2,32.0,0,0,250,38,212,235,0.94,38,1.0,38,1.0,197,0.9292,53,210,212,0
0.7,0.6,1,2,48.0,0,0,250,38,212,235,0.94,38,1.0,38,1.0,197,0.9292,53,210,212,0
0.75,0.55,2,2,12.0,0,0,250,38,212,235,0.94,38,1.0,38,1.0,197,0.9292,53,211,212,0
0.75,0.55,2,2,18.0,0,0,250,38,212,235,0.94,38,1.0,38,1.0,197,0.9292,53,211,212,0
0.75,0.6,1,1,24.0,0,0,250,38,212,235,0.94,38,1.0,38,1.0,197,0.9292,53,210,212,0
0.75,0.6,1,1,32.0,0,0,250,38,212,235,0.94,38,1.0,38,1.0,197,0.9292,53,210,212,0
0.75,0.6,1,1,48.0,0,0,250,38,212,235,0.94,38,1.0,38,1.0,197,0.9292,53,210,212,0
0.75,0.6,1,2,24.0,0,0,250,38,212,235,0.94,38,1.0,38,1.0,197,0.9292,53,210,212,0
0.75,0.6,1,2,32.0,0,0,250,38,212,235,0.94,38,1.0,38,1.0,197,0.9292,53,210,212,0
0.75,0.6,1,2,48.0,0,0,250,38,212,235,0.94,38,1.0,38,1.0,197,0.9292,53,210,212,0
0.7,0.7,1,0,12.0,0,0,250,38,212,235,0.94,34,0.8947,34,0.8947,201,0.9481,45,215,213,1
0.7,0.7,1,0,18.0,0,0,250,38,212,235,0.94,34,0.8947,34,0.8947,201,0.9481,45,215,213,1
0.7,0.45,3,0,24.0,0,0,250,38,212,235,0.94,33,0.8684,33,0.8684,202,0.9528,43,217,217,5
0.7,0.45,3,0,32.0,0,0,250,38,212,235,0.94,33,0.8684,33,0.8684,202,0.9528,43,217,217,5
0.7,0.45,3,0,48.0,0,0,250,38,212,235,0.94,33,0.8684,33,0.8684,202,0.9528,43,217,217,5
0.7,0.5,3,0,24.0,0,0,250,38,212,235,0.94,33,0.8684,33,0.8684,202,0.9528,43,217,217,5
0.7,0.5,3,0,32.0,0,0,250,38,212,235,0.94,33,0.8684,33,0.8684,202,0.9528,43,217,217,5
0.7,0.5,3,0,48.0,0,0,250,38,212,235,0.94,33,0.8684,33,0.8684,202,0.9528,43,217,217,5
0.7,0.55,3,0,24.0,0,0,250,38,212,235,0.94,33,0.8684,33,0.8684,202,0.9528,43,217,217,5
0.7,0.55,3,0,32.0,0,0,250,38,212,235,0.94,33,0.8684,33,0.8684,202,0.9528,43,217,217,5
0.7,0.55,3,0,48.0,0,0,250,38,212,235,0.94,33,0.8684,33,0.8684,202,0.9528,43,217,217,5
0.7,0.6,3,0,24.0,0,0,250,38,212,235,0.94,33,0.8684,33,0.8684,202,0.9528,43,217,217,5
0.7,0.6,3,0,32.0,0,0,250,38,212,235,0.94,33,0.8684,33,0.8684,202,0.9528,43,217,217,5
0.7,0.6,3,0,48.0,0,0,250,38,212,235,0.94,33,0.8684,33,0.8684,202,0.9528,43,217,217,5
0.7,0.7,3,0,24.0,0,0,250,38,212,235,0.94,31,0.8158,31,0.8158,204,0.9623,39,217,217,5
0.7,0.7,3,0,32.0,0,0,250,38,212,235,0.94,31,0.8158,31,0.8158,204,0.9623,39,217,217,5
0.7,0.7,3,0,48.0,0,0,250,38,212,235,0.94,31,0.8158,31,0.8158,204,0.9623,39,217,217,5
0.7,0.7,3,1,24.0,0,0,250,38,212,235,0.94,31,0.8158,31,0.8158,204,0.9623,39,217,217,5
0.7,0.7,3,1,32.0,0,0,250,38,212,235,0.94,31,0.8158,31,0.8158,204,0.9623,39,217,217,5
0.7,0.7,3,1,48.0,0,0,250,38,212,235,0.94,31,0.8158,31,0.8158,204,0.9623,39,217,217,5
0.7,0.7,3,2,24.0,0,0,250,38,212,235,0.94,31,0.8158,31,0.8158,204,0.9623,39,217,217,5
0.7,0.7,3,2,32.0,0,0,250,38,212,235,0.94,31,0.8158,31,0.8158,204,0.9623,39,217,217,5
0.7,0.7,3,2,48.0,0,0,250,38,212,235,0.94,31,0.8158,31,0.8158,204,0.9623,39,217,217,5
0.75,0.45,3,0,12.0,0,0,250,38,212,235,0.94,31,0.8158,31,0.8158,204,0.9623,39,219,219,7
0.75,0.45,3,0,18.0,0,0,250,38,212,235,0.94,31,0.8158,31,0.8158,204,0.9623,39,219,219,7
0.75,0.5,3,0,12.0,0,0,250,38,212,235,0.94,31,0.8158,31,0.8158,204,0.9623,39,219,219,7
0.75,0.5,3,0,18.0,0,0,250,38,212,235,0.94,31,0.8158,31,0.8158,204,0.9623,39,219,219,7
0.75,0.55,3,0,12.0,0,0,250,38,212,235,0.94,31,0.8158,31,0.8158,204,0.9623,39,219,219,7
0.75,0.55,3,0,18.0,0,0,250,38,212,235,0.94,31,0.8158,31,0.8158,204,0.9623,39,219,219,7
0.75,0.6,3,0,12.0,0,0,250,38,212,235,0.94,31,0.8158,31,0.8158,204,0.9623,39,219,219,7
0.75,0.6,3,0,18.0,0,0,250,38,212,235,0.94,31,0.8158,31,0.8158,204,0.9623,39,219,219,7
0.75,0.65,3,0,24.0,0,0,250,38,212,235,0.94,31,0.8158,31,0.8158,204,0.9623,39,219,219,7
0.75,0.65,3,0,32.0,0,0,250,38,212,235,0.94,31,0.8158,31,0.8158,204,0.9623,39,219,219,7
0.75,0.65,3,0,48.0,0,0,250,38,212,235,0.94,31,0.8158,31,0.8158,204,0.9623,39,219,219,7
0.75,0.75,2,1,12.0,0,0,250,38,212,235,0.94,30,0.7895,30,0.7895,205,0.967,37,218,218,6
0.75,0.75,2,1,18.0,0,0,250,38,212,235,0.94,30,0.7895,30,0.7895,205,0.967,37,218,218,6
0.8,0.45,3,0,12.0,0,0,250,38,212,235,0.94,30,0.7895,30,0.7895,205,0.967,37,220,220,8
0.8,0.45,3,0,18.0,0,0,250,38,212,235,0.94,30,0.7895,30,0.7895,205,0.967,37,220,220,8
0.8,0.45,3,0,24.0,0,0,250,38,212,235,0.94,30,0.7895,30,0.7895,205,0.967,37,220,220,8
0.8,0.45,3,0,32.0,0,0,250,38,212,235,0.94,30,0.7895,30,0.7895,205,0.967,37,220,220,8
0.8,0.45,3,0,48.0,0,0,250,38,212,235,0.94,30,0.7895,30,0.7895,205,0.967,37,220,220,8
0.8,0.5,3,0,12.0,0,0,250,38,212,235,0.94,30,0.7895,30,0.7895,205,0.967,37,220,220,8
0.8,0.5,3,0,18.0,0,0,250,38,212,235,0.94,30,0.7895,30,0.7895,205,0.967,37,220,220,8
0.8,0.5,3,0,24.0,0,0,250,38,212,235,0.94,30,0.7895,30,0.7895,205,0.967,37,220,220,8
0.8,0.5,3,0,32.0,0,0,250,38,212,235,0.94,30,0.7895,30,0.7895,205,0.967,37,220,220,8
0.8,0.5,3,0,48.0,0,0,250,38,212,235,0.94,30,0.7895,30,0.7895,205,0.967,37,220,220,8
0.8,0.55,3,0,12.0,0,0,250,38,212,235,0.94,30,0.7895,30,0.7895,205,0.967,37,220,220,8
0.8,0.55,3,0,18.0,0,0,250,38,212,235,0.94,30,0.7895,30,0.7895,205,0.967,37,220,220,8
0.8,0.55,3,0,24.0,0,0,250,38,212,235,0.94,30,0.7895,30,0.7895,205,0.967,37,220,220,8
0.8,0.55,3,0,32.0,0,0,250,38,212,235,0.94,30,0.7895,30,0.7895,205,0.967,37,220,220,8
0.8,0.55,3,0,48.0,0,0,250,38,212,235,0.94,30,0.7895,30,0.7895,205,0.967,37,220,220,8
0.8,0.6,3,0,12.0,0,0,250,38,212,235,0.94,30,0.7895,30,0.7895,205,0.967,37,220,220,8
0.8,0.6,3,0,18.0,0,0,250,38,212,235,0.94,30,0.7895,30,0.7895,205,0.967,37,220,220,8
0.8,0.6,3,0,24.0,0,0,250,38,212,235,0.94,30,0.7895,30,0.7895,205,0.967,37,220,220,8
0.8,0.6,3,0,32.0,0,0,250,38,212,235,0.94,30,0.7895,30,0.7895,205,0.967,37,220,220,8
0.8,0.6,3,0,48.0,0,0,250,38,212,235,0.94,30,0.7895,30,0.7895,205,0.967,37,220,220,8
0.85,0.65,2,1,12.0,0,0,250,38,212,235,0.94,30,0.7895,30,0.7895,205,0.967,37,220,220,8
0.85,0.65,2,1,18.0,0,0,250,38,212,235,0.94,30,0.7895,30,0.7895,205,0.967,37,220,220,8
0.85,0.65,2,1,24.0,0,0,250,38,212,235,0.94,30,0.7895,30,0.7895,205,0.967,37,220,220,8
0.85,0.65,2,1,32.0,0,0,250,38,212,235,0.94,30,0.7895,30,0.7895,205,0.967,37,220,220,8
0.85,0.65,2,1,48.0,0,0,250,38,212,235,0.94,30,0.7895,30,0.7895,205,0.967,37,220,220,8
0.85,0.65,2,2,12.0,0,0,250,38,212,235,0.94,30,0.7895,30,0.7895,205,0.967,37,220,220,8
0.85,0.65,2,2,18.0,0,0,250,38,212,235,0.94,30,0.7895,30,0.7895,205,0.967,37,220,220,8
0.85,0.65,2,2,24.0,0,0,250,38,212,235,0.94,30,0.7895,30,0.7895,205,0.967,37,220,220,8
0.85,0.65,2,2,32.0,0,0,250,38,212,235,0.94,30,0.7895,30,0.7895,205,0.967,37,220,220,8
0.85,0.65,2,2,48.0,0,0,250,38,212,235,0.94,30,0.7895,30,0.7895,205,0.967,37,220,220,8
0.75,0.7,3,0,12.0,0,0,250,38,212,235,0.94,29,0.7632,29,0.7632,206,0.9717,35,219,219,7
0.75,0.7,3,0,18.0,0,0,250,38,212,235,0.94,29,0.7632,29,0.7632,206,0.9717,35,219,219,7
0.75,0.7,3,1,12.0,0,0,250,38,212,235,0.94,29,0.7632,29,0.7632,206,0.9717,35,219,219,7
0.75,0.7,3,1,18.0,0,0,250,38,212,235,0.94,29,0.7632,29,0.7632,206,0.9717,35,219,219,7
0.75,0.7,3,2,12.0,0,0,250,38,212,235,0.94,29,0.7632,29,0.7632,206,0.9717,35,219,219,7
0.75,0.7,3,2,18.0,0,0,250,38,212,235,0.94,29,0.7632,29,0.7632,206,0.9717,35,219,219,7
0.75,0.75,3,0,12.0,0,0,250,38,212,235,0.94,29,0.7632,29,0.7632,206,0.9717,35,219,219,7
0.75,0.75,3,0,18.0,0,0,250,38,212,235,0.94,29,0.7632,29,0.7632,206,0.9717,35,219,219,7
0.75,0.75,3,1,12.0,0,0,250,38,212,235,0.94,29,0.7632,29,0.7632,206,0.9717,35,219,219,7
0.75,0.75,3,1,18.0,0,0,250,38,212,235,0.94,29,0.7632,29,0.7632,206,0.9717,35,219,219,7
0.75,0.75,3,2,12.0,0,0,250,38,212,235,0.94,29,0.7632,29,0.7632,206,0.9717,35,219,219,7
0.75,0.75,3,2,18.0,0,0,250,38,212,235,0.94,29,0.7632,29,0.7632,206,0.9717,35,219,219,7
0.8,0.8,2,0,12.0,0,0,250,38,212,235,0.94,29,0.7632,29,0.7632,206,0.9717,35,219,219,7
0.8,0.8,2,0,18.0,0,0,250,38,212,235,0.94,29,0.7632,29,0.7632,206,0.9717,35,219,219,7
0.8,0.8,2,0,24.0,0,0,250,38,212,235,0.94,29,0.7632,29,0.7632,206,0.9717,35,219,219,7
0.8,0.8,2,0,32.0,0,0,250,38,212,235,0.94,29,0.7632,29,0.7632,206,0.9717,35,219,219,7
0.8,0.8,2,0,48.0,0,0,250,38,212,235,0.94,29,0.7632,29,0.7632,206,0.9717,35,219,219,7
0.8,0.8,2,1,12.0,0,0,250,38,212,235,0.94,29,0.7632,29,0.7632,206,0.9717,35,219,219,7
0.8,0.8,2,1,18.0,0,0,250,38,212,235,0.94,29,0.7632,29,0.7632,206,0.9717,35,219,219,7
0.8,0.8,2,1,24.0,0,0,250,38,212,235,0.94,29,0.7632,29,0.7632,206,0.9717,35,219,219,7
0.8,0.8,2,1,32.0,0,0,250,38,212,235,0.94,29,0.7632,29,0.7632,206,0.9717,35,219,219,7
0.8,0.8,2,1,48.0,0,0,250,38,212,235,0.94,29,0.7632,29,0.7632,206,0.9717,35,219,219,7
0.8,0.8,2,2,12.0,0,0,250,38,212,235,0.94,29,0.7632,29,0.7632,206,0.9717,35,219,219,7
0.8,0.8,2,2,18.0,0,0,250,38,212,235,0.94,29,0.7632,29,0.7632,206,0.9717,35,219,219,7
0.8,0.8,2,2,24.0,0,0,250,38,212,235,0.94,29,0.7632,29,0.7632,206,0.9717,35,219,219,7
0.8,0.8,2,2,32.0,0,0,250,38,212,235,0.94,29,0.7632,29,0.7632,206,0.9717,35,219,219,7
0.8,0.8,2,2,48.0,0,0,250,38,212,235,0.94,29,0.7632,29,0.7632,206,0.9717,35,219,219,7
0.8,0.7,3,0,12.0,0,0,250,38,212,235,0.94,28,0.7368,28,0.7368,207,0.9764,33,220,220,8
0.8,0.7,3,0,18.0,0,0,250,38,212,235,0.94,28,0.7368,28,0.7368,207,0.9764,33,220,220,8
0.8,0.7,3,0,24.0,0,0,250,38,212,235,0.94,28,0.7368,28,0.7368,207,0.9764,33,220,220,8
0.8,0.7,3,0,32.0,0,0,250,38,212,235,0.94,28,0.7368,28,0.7368,207,0.9764,33,220,220,8
0.8,0.7,3,0,48.0,0,0,250,38,212,235,0.94,28,0.7368,28,0.7368,207,0.9764,33,220,220,8
0.8,0.7,3,1,12.0,0,0,250,38,212,235,0.94,28,0.7368,28,0.7368,207,0.9764,33,220,220,8
0.8,0.7,3,1,18.0,0,0,250,38,212,235,0.94,28,0.7368,28,0.7368,207,0.9764,33,220,220,8
0.8,0.7,3,1,24.0,0,0,250,38,212,235,0.94,28,0.7368,28,0.7368,207,0.9764,33,220,220,8
0.8,0.7,3,1,32.0,0,0,250,38,212,235,0.94,28,0.7368,28,0.7368,207,0.9764,33,220,220,8
0.8,0.7,3,1,48.0,0,0,250,38,212,235,0.94,28,0.7368,28,0.7368,207,0.9764,33,220,220,8
0.8,0.7,3,2,12.0,0,0,250,38,212,235,0.94,28,0.7368,28,0.7368,207,0.9764,33,220,220,8
0.8,0.7,3,2,18.0,0,0,250,38,212,235,0.94,28,0.7368,28,0.7368,207,0.9764,33,220,220,8
0.8,0.7,3,2,24.0,0,0,250,38,212,235,0.94,28,0.7368,28,0.7368,207,0.9764,33,220,220,8
0.8,0.7,3,2,32.0,0,0,250,38,212,235,0.94,28,0.7368,28,0.7368,207,0.9764,33,220,220,8
0.8,0.7,3,2,48.0,0,0,250,38,212,235,0.94,28,0.7368,28,0.7368,207,0.9764,33,220,220,8
0.8,0.75,3,0,12.0,0,0,250,38,212,235,0.94,28,0.7368,28,0.7368,207,0.9764,33,220,220,8
0.8,0.75,3,0,18.0,0,0,250,38,212,235,0.94,28,0.7368,28,0.7368,207,0.9764,33,220,220,8
0.8,0.75,3,0,24.0,0,0,250,38,212,235,0.94,28,0.7368,28,0.7368,207,0.9764,33,220,220,8
0.8,0.75,3,0,32.0,0,0,250,38,212,235,0.94,28,0.7368,28,0.7368,207,0.9764,33,220,220,8
0.8,0.75,3,0,48.0,0,0,250,38,212,235,0.94,28,0.7368,28,0.7368,207,0.9764,33,220,220,8
0.8,0.75,3,1,12.0,0,0,250,38,212,235,0.94,28,0.7368,28,0.7368,207,0.9764,33,220,220,8
0.8,0.75,3,1,18.0,0,0,250,38,212,235,0.94,28,0.7368,28,0.7368,207,0.9764,33,220,220,8
0.8,0.75,3,1,24.0,0,0,250,38,212,235,0.94,28,0.7368,28,0.7368,207,0.9764,33,220,220,8
0.8,0.75,3,1,32.0,0,0,250,38,212,235,0.94,28,0.7368,28,0.7368,207,0.9764,33,220,220,8
0.8,0.75,3,1,48.0,0,0,250,38,212,235,0.94,28,0.7368,28,0.7368,207,0.9764,33,220,220,8
0.8,0.75,3,2,12.0,0,0,250,38,212,235,0.94,28,0.7368,28,0.7368,207,0.9764,33,220,220,8
0.8,0.75,3,2,18.0,0,0,250,38,212,235,0.94,28,0.7368,28,0.7368,207,0.9764,33,220,220,8
0.8,0.75,3,2,24.0,0,0,250,38,212,235,0.94,28,0.7368,28,0.7368,207,0.9764,33,220,220,8
0.8,0.75,3,2,32.0,0,0,250,38,212,235,0.94,28,0.7368,28,0.7368,207,0.9764,33,220,220,8
0.8,0.75,3,2,48.0,0,0,250,38,212,235,0.94,28,0.7368,28,0.7368,207,0.9764,33,220,220,8
0.85,0.8,2,0,12.0,0,0,250,38,212,235,0.94,28,0.7368,28,0.7368,207,0.9764,33,220,220,8
0.85,0.8,2,0,18.0,0,0,250,38,212,235,0.94,28,0.7368,28,0.7368,207,0.9764,33,220,220,8
0.85,0.8,2,0,24.0,0,0,250,38,212,235,0.94,28,0.7368,28,0.7368,207,0.9764,33,220,220,8
0.85,0.8,2,0,32.0,0,0,250,38,212,235,0.94,28,0.7368,28,0.7368,207,0.9764,33,220,220,8
0.85,0.8,2,0,48.0,0,0,250,38,212,235,0.94,28,0.7368,28,0.7368,207,0.9764,33,220,220,8
0.85,0.8,2,1,12.0,0,0,250,38,212,235,0.94,28,0.7368,28,0.7368,207,0.9764,33,220,220,8
0.85,0.8,2,1,18.0,0,0,250,38,212,235,0.94,28,0.7368,28,0.7368,207,0.9764,33,220,220,8
0.85,0.8,2,1,24.0,0,0,250,38,212,235,0.94,28,0.7368,28,0.7368,207,0.9764,33,220,220,8
0.85,0.8,2,1,32.0,0,0,250,38,212,235,0.94,28,0.7368,28,0.7368,207,0.9764,33,220,220,8
0.85,0.8,2,1,48.0,0,0,250,38,212,235,0.94,28,0.7368,28,0.7368,207,0.9764,33,220,220,8
0.85,0.8,2,2,12.0,0,0,250,38,212,235,0.94,28,0.7368,28,0.7368,207,0.9764,33,220,220,8
0.85,0.8,2,2,18.0,0,0,250,38,212,235,0.94,28,0.7368,28,0.7368,207,0.9764,33,220,220,8
0.85,0.8,2,2,24.0,0,0,250,38,212,235,0.94,28,0.7368,28,0.7368,207,0.9764,33,220,220,8
0.85,0.8,2,2,32.0,0,0,250,38,212,235,0.94,28,0.7368,28,0.7368,207,0.9764,33,220,220,8
0.85,0.8,2,2,48.0,0,0,250,38,212,235,0.94,28,0.7368,28,0.7368,207,0.9764,33,220,220,8
0.55,0.45,3,0,12.0,0,0,250,38,212,234,0.936,38,1.0,38,1.0,196,0.9245,54,210,212,0
0.55,0.45,3,0,18.0,0,0,250,38,212,234,0.936,38,1.0,38,1.0,196,0.9245,54,210,212,0
0.55,0.5,3,0,12.0,0,0,250,38,212,234,0.936,38,1.0,38,1.0,196,0.9245,54,210,212,0
0.55,0.5,3,0,18.0,0,0,250,38,212,234,0.936,38,1.0,38,1.0,196,0.9245,54,210,212,0
0.55,0.55,3,0,12.0,0,0,250,38,212,234,0.936,38,1.0,38,1.0,196,0.9245,54,210,212,0
0.55,0.55,3,0,18.0,0,0,250,38,212,234,0.936,38,1.0,38,1.0,196,0.9245,54,210,212,0
0.6,0.6,3,1,24.0,0,0,250,38,212,234,0.936,38,1.0,38,1.0,196,0.9245,54,211,212,0
0.6,0.6,3,1,32.0,0,0,250,38,212,234,0.936,38,1.0,38,1.0,196,0.9245,54,211,212,0
0.6,0.6,3,1,48.0,0,0,250,38,212,234,0.936,38,1.0,38,1.0,196,0.9245,54,211,212,0
0.6,0.6,3,2,24.0,0,0,250,38,212,234,0.936,38,1.0,38,1.0,196,0.9245,54,211,212,0
0.6,0.6,3,2,32.0,0,0,250,38,212,234,0.936,38,1.0,38,1.0,196,0.9245,54,211,212,0
0.6,0.6,3,2,48.0,0,0,250,38,212,234,0.936,38,1.0,38,1.0,196,0.9245,54,211,212,0
0.65,0.45,3,2,12.0,0,0,250,38,212,234,0.936,38,1.0,38,1.0,196,0.9245,54,212,212,0
0.65,0.45,3,2,18.0,0,0,250,38,212,234,0.936,38,1.0,38,1.0,196,0.9245,54,212,212,0
0.65,0.5,3,2,12.0,0,0,250,38,212,234,0.936,38,1.0,38,1.0,196,0.9245,54,212,212,0
0.65,0.5,3,2,18.0,0,0,250,38,212,234,0.936,38,1.0,38,1.0,196,0.9245,54,212,212,0
0.65,0.6,1,2,12.0,0,0,250,38,212,234,0.936,38,1.0,38,1.0,196,0.9245,54,210,212,0
0.65,0.6,1,2,18.0,0,0,250,38,212,234,0.936,38,1.0,38,1.0,196,0.9245,54,210,212,0
0.65,0.65,1,0,24.0,0,0,250,38,212,234,0.936,38,1.0,38,1.0,196,0.9245,54,210,212,0
0.65,0.65,1,0,32.0,0,0,250,38,212,234,0.936,38,1.0,38,1.0,196,0.9245,54,210,212,0
0.65,0.65,1,0,48.0,0,0,250,38,212,234,0.936,38,1.0,38,1.0,196,0.9245,54,210,212,0
0.65,0.65,1,1,24.0,0,0,250,38,212,234,0.936,38,1.0,38,1.0,196,0.9245,54,210,212,0
0.65,0.65,1,1,32.0,0,0,250,38,212,234,0.936,38,1.0,38,1.0,196,0.9245,54,210,212,0
0.65,0.65,1,1,48.0,0,0,250,38,212,234,0.936,38,1.0,38,1.0,196,0.9245,54,210,212,0
0.65,0.65,1,2,24.0,0,0,250,38,212,234,0.936,38,1.0,38,1.0,196,0.9245,54,210,212,0
0.65,0.65,1,2,32.0,0,0,250,38,212,234,0.936,38,1.0,38,1.0,196,0.9245,54,210,212,0
0.65,0.65,1,2,48.0,0,0,250,38,212,234,0.936,38,1.0,38,1.0,196,0.9245,54,210,212,0
0.7,0.55,2,1,12.0,0,0,250,38,212,234,0.936,38,1.0,38,1.0,196,0.9245,54,211,212,0
0.7,0.55,2,1,18.0,0,0,250,38,212,234,0.936,38,1.0,38,1.0,196,0.9245,54,211,212,0
0.75,0.55,2,1,12.0,0,0,250,38,212,234,0.936,38,1.0,38,1.0,196,0.9245,54,211,212,0
0.75,0.55,2,1,18.0,0,0,250,38,212,234,0.936,38,1.0,38,1.0,196,0.9245,54,211,212,0
0.8,0.55,2,1,12.0,0,0,250,38,212,234,0.936,38,1.0,38,1.0,196,0.9245,54,211,212,0
0.8,0.55,2,1,18.0,0,0,250,38,212,234,0.936,38,1.0,38,1.0,196,0.9245,54,211,212,0
0.8,0.55,2,1,24.0,0,0,250,38,212,234,0.936,38,1.0,38,1.0,196,0.9245,54,211,212,0
0.8,0.55,2,1,32.0,0,0,250,38,212,234,0.936,38,1.0,38,1.0,196,0.9245,54,211,212,0
0.8,0.55,2,1,48.0,0,0,250,38,212,234,0.936,38,1.0,38,1.0,196,0.9245,54,211,212,0
0.8,0.55,2,2,12.0,0,0,250,38,212,234,0.936,38,1.0,38,1.0,196,0.9245,54,211,212,0
0.8,0.55,2,2,18.0,0,0,250,38,212,234,0.936,38,1.0,38,1.0,196,0.9245,54,211,212,0
0.8,0.55,2,2,24.0,0,0,250,38,212,234,0.936,38,1.0,38,1.0,196,0.9245,54,211,212,0
0.8,0.55,2,2,32.0,0,0,250,38,212,234,0.936,38,1.0,38,1.0,196,0.9245,54,211,212,0
0.8,0.55,2,2,48.0,0,0,250,38,212,234,0.936,38,1.0,38,1.0,196,0.9245,54,211,212,0
0.7,0.7,1,0,24.0,0,0,250,38,212,234,0.936,34,0.8947,34,0.8947,200,0.9434,46,215,213,1
0.7,0.7,1,0,32.0,0,0,250,38,212,234,0.936,34,0.8947,34,0.8947,200,0.9434,46,215,213,1
0.7,0.7,1,0,48.0,0,0,250,38,212,234,0.936,34,0.8947,34,0.8947,200,0.9434,46,215,213,1
0.7,0.7,1,1,24.0,0,0,250,38,212,234,0.936,34,0.8947,34,0.8947,200,0.9434,46,210,213,1
0.7,0.7,1,1,32.0,0,0,250,38,212,234,0.936,34,0.8947,34,0.8947,200,0.9434,46,210,213,1
0.7,0.7,1,1,48.0,0,0,250,38,212,234,0.936,34,0.8947,34,0.8947,200,0.9434,46,210,213,1
0.7,0.7,1,2,24.0,0,0,250,38,212,234,0.936,34,0.8947,34,0.8947,200,0.9434,46,210,213,1
0.7,0.7,1,2,32.0,0,0,250,38,212,234,0.936,34,0.8947,34,0.8947,200,0.9434,46,210,213,1
0.7,0.7,1,2,48.0,0,0,250,38,212,234,0.936,34,0.8947,34,0.8947,200,0.9434,46,210,213,1
0.75,0.7,1,1,24.0,0,0,250,38,212,234,0.936,34,0.8947,34,0.8947,200,0.9434,46,210,213,1
0.75,0.7,1,1,32.0,0,0,250,38,212,234,0.936,34,0.8947,34,0.8947,200,0.9434,46,210,213,1
0.75,0.7,1,1,48.0,0,0,250,38,212,234,0.936,34,0.8947,34,0.8947,200,0.9434,46,210,213,1
0.75,0.7,1,2,24.0,0,0,250,38,212,234,0.936,34,0.8947,34,0.8947,200,0.9434,46,210,213,1
0.75,0.7,1,2,32.0,0,0,250,38,212,234,0.936,34,0.8947,34,0.8947,200,0.9434,46,210,213,1
0.75,0.7,1,2,48.0,0,0,250,38,212,234,0.936,34,0.8947,34,0.8947,200,0.9434,46,210,213,1
0.7,0.6,3,1,24.0,0,0,250,38,212,234,0.936,33,0.8684,33,0.8684,201,0.9481,44,217,217,5
0.7,0.6,3,1,32.0,0,0,250,38,212,234,0.936,33,0.8684,33,0.8684,201,0.9481,44,217,217,5
0.7,0.6,3,1,48.0,0,0,250,38,212,234,0.936,33,0.8684,33,0.8684,201,0.9481,44,217,217,5
0.7,0.6,3,2,24.0,0,0,250,38,212,234,0.936,33,0.8684,33,0.8684,201,0.9481,44,217,217,5
0.7,0.6,3,2,32.0,0,0,250,38,212,234,0.936,33,0.8684,33,0.8684,201,0.9481,44,217,217,5
0.7,0.6,3,2,48.0,0,0,250,38,212,234,0.936,33,0.8684,33,0.8684,201,0.9481,44,217,217,5
0.7,0.7,2,0,24.0,0,0,250,38,212,234,0.936,32,0.8421,32,0.8421,202,0.9528,42,216,216,4
0.7,0.7,2,0,32.0,0,0,250,38,212,234,0.936,32,0.8421,32,0.8421,202,0.9528,42,216,216,4
0.7,0.7,2,0,48.0,0,0,250,38,212,234,0.936,32,0.8421,32,0.8421,202,0.9528,42,216,216,4
0.75,0.6,3,1,12.0,0,0,250,38,212,234,0.936,31,0.8158,31,0.8158,203,0.9575,40,219,219,7
0.75,0.6,3,1,18.0,0,0,250,38,212,234,0.936,31,0.8158,31,0.8158,203,0.9575,40,219,219,7
0.75,0.6,3,2,12.0,0,0,250,38,212,234,0.936,31,0.8158,31,0.8158,203,0.9575,40,219,219,7
0.75,0.6,3,2,18.0,0,0,250,38,212,234,0.936,31,0.8158,31,0.8158,203,0.9575,40,219,219,7
0.75,0.65,3,1,24.0,0,0,250,38,212,234,0.936,31,0.8158,31,0.8158,203,0.9575,40,219,219,7
0.75,0.65,3,1,32.0,0,0,250,38,212,234,0.936,31,0.8158,31,0.8158,203,0.9575,40,219,219,7
0.75,0.65,3,1,48.0,0,0,250,38,212,234,0.936,31,0.8158,31,0.8158,203,0.9575,40,219,219,7
0.75,0.65,3,2,24.0,0,0,250,38,212,234,0.936,31,0.8158,31,0.8158,203,0.9575,40,219,219,7
0.75,0.65,3,2,32.0,0,0,250,38,212,234,0.936,31,0.8158,31,0.8158,203,0.9575,40,219,219,7
0.75,0.65,3,2,48.0,0,0,250,38,212,234,0.936,31,0.8158,31,0.8158,203,0.9575,40,219,219,7
0.75,0.75,1,2,12.0,0,0,250,38,212,234,0.936,31,0.8158,31,0.8158,203,0.9575,40,217,217,5
0.75,0.75,1,2,18.0,0,0,250,38,212,234,0.936,31,0.8158,31,0.8158,203,0.9575,40,217,217,5
0.75,0.7,2,0,12.0,0,0,250,38,212,234,0.936,30,0.7895,30,0.7895,204,0.9623,38,218,218,6
0.75,0.7,2,0,18.0,0,0,250,38,212,234,0.936,30,0.7895,30,0.7895,204,0.9623,38,218,218,6
0.75,0.75,2,0,12.0,0,0,250,38,212,234,0.936,30,0.7895,30,0.7895,204,0.9623,38,218,218,6
0.75,0.75,2,0,18.0,0,0,250,38,212,234,0.936,30,0.7895,30,0.7895,204,0.9623,38,218,218,6
0.8,0.6,3,1,12.0,0,0,250,38,212,234,0.936,30,0.7895,30,0.7895,204,0.9623,38,220,220,8
0.8,0.6,3,1,18.0,0,0,250,38,212,234,0.936,30,0.7895,30,0.7895,204,0.9623,38,220,220,8
0.8,0.6,3,1,24.0,0,0,250,38,212,234,0.936,30,0.7895,30,0.7895,204,0.9623,38,220,220,8
0.8,0.6,3,1,32.0,0,0,250,38,212,234,0.936,30,0.7895,30,0.7895,204,0.9623,38,220,220,8
0.8,0.6,3,1,48.0,0,0,250,38,212,234,0.936,30,0.7895,30,0.7895,204,0.9623,38,220,220,8
0.8,0.6,3,2,12.0,0,0,250,38,212,234,0.936,30,0.7895,30,0.7895,204,0.9623,38,220,220,8
0.8,0.6,3,2,18.0,0,0,250,38,212,234,0.936,30,0.7895,30,0.7895,204,0.9623,38,220,220,8
0.8,0.6,3,2,24.0,0,0,250,38,212,234,0.936,30,0.7895,30,0.7895,204,0.9623,38,220,220,8
0.8,0.6,3,2,32.0,0,0,250,38,212,234,0.936,30,0.7895,30,0.7895,204,0.9623,38,220,220,8
0.8,0.6,3,2,48.0,0,0,250,38,212,234,0.936,30,0.7895,30,0.7895,204,0.9623,38,220,220,8
0.8,0.8,1,0,12.0,0,0,250,38,212,234,0.936,30,0.7895,30,0.7895,204,0.9623,38,218,218,6
0.8,0.8,1,0,18.0,0,0,250,38,212,234,0.936,30,0.7895,30,0.7895,204,0.9623,38,218,218,6
0.8,0.8,1,0,24.0,0,0,250,38,212,234,0.936,30,0.7895,30,0.7895,204,0.9623,38,218,218,6
0.8,0.8,1,0,32.0,0,0,250,38,212,234,0.936,30,0.7895,30,0.7895,204,0.9623,38,218,218,6
0.8,0.8,1,0,48.0,0,0,250,38,212,234,0.936,30,0.7895,30,0.7895,204,0.9623,38,218,218,6
0.8,0.8,1,1,12.0,0,0,250,38,212,234,0.936,30,0.7895,30,0.7895,204,0.9623,38,218,218,6
0.8,0.8,1,1,18.0,0,0,250,38,212,234,0.936,30,0.7895,30,0.7895,204,0.9623,38,218,218,6
0.8,0.8,1,1,24.0,0,0,250,38,212,234,0.936,30,0.7895,30,0.7895,204,0.9623,38,218,218,6
0.8,0.8,1,1,32.0,0,0,250,38,212,234,0.936,30,0.7895,30,0.7895,204,0.9623,38,218,218,6
0.8,0.8,1,1,48.0,0,0,250,38,212,234,0.936,30,0.7895,30,0.7895,204,0.9623,38,218,218,6
0.8,0.8,1,2,12.0,0,0,250,38,212,234,0.936,30,0.7895,30,0.7895,204,0.9623,38,218,218,6
0.8,0.8,1,2,18.0,0,0,250,38,212,234,0.936,30,0.7895,30,0.7895,204,0.9623,38,218,218,6
0.8,0.8,1,2,24.0,0,0,250,38,212,234,0.936,30,0.7895,30,0.7895,204,0.9623,38,218,218,6
0.8,0.8,1,2,32.0,0,0,250,38,212,234,0.936,30,0.7895,30,0.7895,204,0.9623,38,218,218,6
0.8,0.8,1,2,48.0,0,0,250,38,212,234,0.936,30,0.7895,30,0.7895,204,0.9623,38,218,218,6
0.85,0.45,2,0,12.0,0,0,250,38,212,234,0.936,30,0.7895,30,0.7895,204,0.9623,38,220,220,8
0.85,0.45,2,0,18.0,0,0,250,38,212,234,0.936,30,0.7895,30,0.7895,204,0.9623,38,220,220,8
0.85,0.45,2,0,24.0,0,0,250,38,212,234,0.936,30,0.7895,30,0.7895,204,0.9623,38,220,220,8
0.85,0.45,2,0,32.0,0,0,250,38,212,234,0.936,30,0.7895,30,0.7895,204,0.9623,38,220,220,8
0.85,0.45,2,0,48.0,0,0,250,38,212,234,0.936,30,0.7895,30,0.7895,204,0.9623,38,220,220,8
0.85,0.5,2,0,12.0,0,0,250,38,212,234,0.936,30,0.7895,30,0.7895,204,0.9623,38,220,220,8
0.85,0.5,2,0,18.0,0,0,250,38,212,234,0.936,30,0.7895,30,0.7895,204,0.9623,38,220,220,8
0.85,0.5,2,0,24.0,0,0,250,38,212,234,0.936,30,0.7895,30,0.7895,204,0.9623,38,220,220,8
0.85,0.5,2,0,32.0,0,0,250,38,212,234,0.936,30,0.7895,30,0.7895,204,0.9623,38,220,220,8
0.85,0.5,2,0,48.0,0,0,250,38,212,234,0.936,30,0.7895,30,0.7895,204,0.9623,38,220,220,8
0.85,0.55,2,0,12.0,0,0,250,38,212,234,0.936,30,0.7895,30,0.7895,204,0.9623,38,220,220,8
0.85,0.55,2,0,18.0,0,0,250,38,212,234,0.936,30,0.7895,30,0.7895,204,0.9623,38,220,220,8
0.85,0.55,2,0,24.0,0,0,250,38,212,234,0.936,30,0.7895,30,0.7895,204,0.9623,38,220,220,8
0.85,0.55,2,0,32.0,0,0,250,38,212,234,0.936,30,0.7895,30,0.7895,204,0.9623,38,220,220,8
0.85,0.55,2,0,48.0,0,0,250,38,212,234,0.936,30,0.7895,30,0.7895,204,0.9623,38,220,220,8
0.85,0.6,2,0,12.0,0,0,250,38,212,234,0.936,30,0.7895,30,0.7895,204,0.9623,38,220,220,8
0.85,0.6,2,0,18.0,0,0,250,38,212,234,0.936,30,0.7895,30,0.7895,204,0.9623,38,220,220,8
0.85,0.6,2,0,24.0,0,0,250,38,212,234,0.936,30,0.7895,30,0.7895,204,0.9623,38,220,220,8
0.85,0.6,2,0,32.0,0,0,250,38,212,234,0.936,30,0.7895,30,0.7895,204,0.9623,38,220,220,8
0.85,0.6,2,0,48.0,0,0,250,38,212,234,0.936,30,0.7895,30,0.7895,204,0.9623,38,220,220,8
0.8,0.7,2,0,12.0,0,0,250,38,212,234,0.936,29,0.7632,29,0.7632,205,0.967,36,219,219,7
0.8,0.7,2,0,18.0,0,0,250,38,212,234,0.936,29,0.7632,29,0.7632,205,0.967,36,219,219,7
0.8,0.7,2,0,24.0,0,0,250,38,212,234,0.936,29,0.7632,29,0.7632,205,0.967,36,219,219,7
0.8,0.7,2,0,32.0,0,0,250,38,212,234,0.936,29,0.7632,29,0.7632,205,0.967,36,219,219,7
0.8,0.7,2,0,48.0,0,0,250,38,212,234,0.936,29,0.7632,29,0.7632,205,0.967,36,219,219,7
0.8,0.75,2,0,12.0,0,0,250,38,212,234,0.936,29,0.7632,29,0.7632,205,0.967,36,219,219,7
0.8,0.75,2,0,18.0,0,0,250,38,212,234,0.936,29,0.7632,29,0.7632,205,0.967,36,219,219,7
0.8,0.75,2,0,24.0,0,0,250,38,212,234,0.936,29,0.7632,29,0.7632,205,0.967,36,219,219,7
0.8,0.75,2,0,32.0,0,0,250,38,212,234,0.936,29,0.7632,29,0.7632,205,0.967,36,219,219,7
0.8,0.75,2,0,48.0,0,0,250,38,212,234,0.936,29,0.7632,29,0.7632,205,0.967,36,219,219,7
0.8,0.75,2,1,12.0,0,0,250,38,212,234,0.936,29,0.7632,29,0.7632,205,0.967,36,219,219,7
0.8,0.75,2,1,18.0,0,0,250,38,212,234,0.936,29,0.7632,29,0.7632,205,0.967,36,219,219,7
0.8,0.75,2,1,24.0,0,0,250,38,212,234,0.936,29,0.7632,29,0.7632,205,0.967,36,219,219,7
0.8,0.75,2,1,32.0,0,0,250,38,212,234,0.936,29,0.7632,29,0.7632,205,0.967,36,219,219,7
0.8,0.75,2,1,48.0,0,0,250,38,212,234,0.936,29,0.7632,29,0.7632,205,0.967,36,219,219,7
0.8,0.75,2,2,12.0,0,0,250,38,212,234,0.936,29,0.7632,29,0.7632,205,0.967,36,219,219,7
0.8,0.75,2,2,18.0,0,0,250,38,212,234,0.936,29,0.7632,29,0.7632,205,0.967,36,219,219,7
0.8,0.75,2,2,24.0,0,0,250,38,212,234,0.936,29,0.7632,29,0.7632,205,0.967,36,219,219,7
0.8,0.75,2,2,32.0,0,0,250,38,212,234,0.936,29,0.7632,29,0.7632,205,0.967,36,219,219,7
0.8,0.75,2,2,48.0,0,0,250,38,212,234,0.936,29,0.7632,29,0.7632,205,0.967,36,219,219,7
0.85,0.8,1,0,12.0,0,0,250,38,212,234,0.936,29,0.7632,29,0.7632,205,0.967,36,219,219,7
0.85,0.8,1,0,18.0,0,0,250,38,212,234,0.936,29,0.7632,29,0.7632,205,0.967,36,219,219,7
0.85,0.8,1,0,24.0,0,0,250,38,212,234,0.936,29,0.7632,29,0.7632,205,0.967,36,219,219,7
0.85,0.8,1,0,32.0,0,0,250,38,212,234,0.936,29,0.7632,29,0.7632,205,0.967,36,219,219,7
0.85,0.8,1,0,48.0,0,0,250,38,212,234,0.936,29,0.7632,29,0.7632,205,0.967,36,219,219,7
0.85,0.8,1,1,12.0,0,0,250,38,212,234,0.936,29,0.7632,29,0.7632,205,0.967,36,219,219,7
0.85,0.8,1,1,18.0,0,0,250,38,212,234,0.936,29,0.7632,29,0.7632,205,0.967,36,219,219,7
0.85,0.8,1,1,24.0,0,0,250,38,212,234,0.936,29,0.7632,29,0.7632,205,0.967,36,219,219,7
0.85,0.8,1,1,32.0,0,0,250,38,212,234,0.936,29,0.7632,29,0.7632,205,0.967,36,219,219,7
0.85,0.8,1,1,48.0,0,0,250,38,212,234,0.936,29,0.7632,29,0.7632,205,0.967,36,219,219,7
0.85,0.8,1,2,12.0,0,0,250,38,212,234,0.936,29,0.7632,29,0.7632,205,0.967,36,219,219,7
0.85,0.8,1,2,18.0,0,0,250,38,212,234,0.936,29,0.7632,29,0.7632,205,0.967,36,219,219,7
0.85,0.8,1,2,24.0,0,0,250,38,212,234,0.936,29,0.7632,29,0.7632,205,0.967,36,219,219,7
0.85,0.8,1,2,32.0,0,0,250,38,212,234,0.936,29,0.7632,29,0.7632,205,0.967,36,219,219,7
0.85,0.8,1,2,48.0,0,0,250,38,212,234,0.936,29,0.7632,29,0.7632,205,0.967,36,219,219,7
0.85,0.7,2,0,12.0,0,0,250,38,212,234,0.936,28,0.7368,28,0.7368,206,0.9717,34,220,220,8
0.85,0.7,2,0,18.0,0,0,250,38,212,234,0.936,28,0.7368,28,0.7368,206,0.9717,34,220,220,8
0.85,0.7,2,0,24.0,0,0,250,38,212,234,0.936,28,0.7368,28,0.7368,206,0.9717,34,220,220,8
0.85,0.7,2,0,32.0,0,0,250,38,212,234,0.936,28,0.7368,28,0.7368,206,0.9717,34,220,220,8
0.85,0.7,2,0,48.0,0,0,250,38,212,234,0.936,28,0.7368,28,0.7368,206,0.9717,34,220,220,8
0.85,0.7,2,1,12.0,0,0,250,38,212,234,0.936,28,0.7368,28,0.7368,206,0.9717,34,220,220,8
0.85,0.7,2,1,18.0,0,0,250,38,212,234,0.936,28,0.7368,28,0.7368,206,0.9717,34,220,220,8
0.85,0.7,2,1,24.0,0,0,250,38,212,234,0.936,28,0.7368,28,0.7368,206,0.9717,34,220,220,8
0.85,0.7,2,1,32.0,0,0,250,38,212,234,0.936,28,0.7368,28,0.7368,206,0.9717,34,220,220,8
0.85,0.7,2,1,48.0,0,0,250,38,212,234,0.936,28,0.7368,28,0.7368,206,0.9717,34,220,220,8
0.85,0.7,2,2,12.0,0,0,250,38,212,234,0.936,28,0.7368,28,0.7368,206,0.9717,34,220,220,8
0.85,0.7,2,2,18.0,0,0,250,38,212,234,0.936,28,0.7368,28,0.7368,206,0.9717,34,220,220,8
0.85,0.7,2,2,24.0,0,0,250,38,212,234,0.936,28,0.7368,28,0.7368,206,0.9717,34,220,220,8
0.85,0.7,2,2,32.0,0,0,250,38,212,234,0.936,28,0.7368,28,0.7368,206,0.9717,34,220,220,8
0.85,0.7,2,2,48.0,0,0,250,38,212,234,0.936,28,0.7368,28,0.7368,206,0.9717,34,220,220,8
0.85,0.75,2,0,12.0,0,0,250,38,212,234,0.936,28,0.7368,28,0.7368,206,0.9717,34,220,220,8
0.85,0.75,2,0,18.0,0,0,250,38,212,234,0.936,28,0.7368,28,0.7368,206,0.9717,34,220,220,8
0.85,0.75,2,0,24.0,0,0,250,38,212,234,0.936,28,0.7368,28,0.7368,206,0.9717,34,220,220,8
0.85,0.75,2,0,32.0,0,0,250,38,212,234,0.936,28,0.7368,28,0.7368,206,0.9717,34,220,220,8
0.85,0.75,2,0,48.0,0,0,250,38,212,234,0.936,28,0.7368,28,0.7368,206,0.9717,34,220,220,8
0.85,0.75,2,1,12.0,0,0,250,38,212,234,0.936,28,0.7368,28,0.7368,206,0.9717,34,220,220,8
0.85,0.75,2,1,18.0,0,0,250,38,212,234,0.936,28,0.7368,28,0.7368,206,0.9717,34,220,220,8
0.85,0.75,2,1,24.0,0,0,250,38,212,234,0.936,28,0.7368,28,0.7368,206,0.9717,34,220,220,8
0.85,0.75,2,1,32.0,0,0,250,38,212,234,0.936,28,0.7368,28,0.7368,206,0.9717,34,220,220,8
0.85,0.75,2,1,48.0,0,0,250,38,212,234,0.936,28,0.7368,28,0.7368,206,0.9717,34,220,220,8
0.85,0.75,2,2,12.0,0,0,250,38,212,234,0.936,28,0.7368,28,0.7368,206,0.9717,34,220,220,8
0.85,0.75,2,2,18.0,0,0,250,38,212,234,0.936,28,0.7368,28,0.7368,206,0.9717,34,220,220,8
0.85,0.75,2,2,24.0,0,0,250,38,212,234,0.936,28,0.7368,28,0.7368,206,0.9717,34,220,220,8
0.85,0.75,2,2,32.0,0,0,250,38,212,234,0.936,28,0.7368,28,0.7368,206,0.9717,34,220,220,8
0.85,0.75,2,2,48.0,0,0,250,38,212,234,0.936,28,0.7368,28,0.7368,206,0.9717,34,220,220,8
0.6,0.45,2,0,24.0,0,0,250,38,212,233,0.932,38,1.0,38,1.0,195,0.9198,55,210,212,0
0.6,0.45,2,0,32.0,0,0,250,38,212,233,0.932,38,1.0,38,1.0,195,0.9198,55,210,212,0
0.6,0.45,2,0,48.0,0,0,250,38,212,233,0.932,38,1.0,38,1.0,195,0.9198,55,210,212,0
0.6,0.5,2,0,24.0,0,0,250,38,212,233,0.932,38,1.0,38,1.0,195,0.9198,55,210,212,0
0.6,0.5,2,0,32.0,0,0,250,38,212,233,0.932,38,1.0,38,1.0,195,0.9198,55,210,212,0
0.6,0.5,2,0,48.0,0,0,250,38,212,233,0.932,38,1.0,38,1.0,195,0.9198,55,210,212,0
0.6,0.55,2,0,24.0,0,0,250,38,212,233,0.932,38,1.0,38,1.0,195,0.9198,55,210,212,0
0.6,0.55,2,0,32.0,0,0,250,38,212,233,0.932,38,1.0,38,1.0,195,0.9198,55,210,212,0
0.6,0.55,2,0,48.0,0,0,250,38,212,233,0.932,38,1.0,38,1.0,195,0.9198,55,210,212,0
0.6,0.55,3,2,12.0,0,0,250,38,212,233,0.932,38,1.0,38,1.0,195,0.9198,55,211,212,0
0.6,0.55,3,2,18.0,0,0,250,38,212,233,0.932,38,1.0,38,1.0,195,0.9198,55,211,212,0
0.6,0.6,1,2,12.0,0,0,250,38,212,233,0.932,38,1.0,38,1.0,195,0.9198,55,209,212,0
0.6,0.6,1,2,18.0,0,0,250,38,212,233,0.932,38,1.0,38,1.0,195,0.9198,55,209,212,0
0.6,0.6,2,0,24.0,0,0,250,38,212,233,0.932,38,1.0,38,1.0,195,0.9198,55,210,212,0
0.6,0.6,2,0,32.0,0,0,250,38,212,233,0.932,38,1.0,38,1.0,195,0.9198,55,210,212,0
0.6,0.6,2,0,48.0,0,0,250,38,212,233,0.932,38,1.0,38,1.0,195,0.9198,55,210,212,0
0.65,0.45,1,0,12.0,0,0,250,38,212,233,0.932,38,1.0,38,1.0,195,0.9198,55,210,212,0
0.65,0.45,1,0,18.0,0,0,250,38,212,233,0.932,38,1.0,38,1.0,195,0.9198,55,210,212,0
0.65,0.45,3,1,12.0,0,0,250,38,212,233,0.932,38,1.0,38,1.0,195,0.9198,55,212,212,0
0.65,0.45,3,1,18.0,0,0,250,38,212,233,0.932,38,1.0,38,1.0,195,0.9198,55,212,212,0
0.65,0.5,1,0,12.0,0,0,250,38,212,233,0.932,38,1.0,38,1.0,195,0.9198,55,210,212,0
0.65,0.5,1,0,18.0,0,0,250,38,212,233,0.932,38,1.0,38,1.0,195,0.9198,55,210,212,0
0.65,0.5,3,1,12.0,0,0,250,38,212,233,0.932,38,1.0,38,1.0,195,0.9198,55,212,212,0
0.65,0.5,3,1,18.0,0,0,250,38,212,233,0.932,38,1.0,38,1.0,195,0.9198,55,212,212,0
0.65,0.55,1,0,12.0,0,0,250,38,212,233,0.932,38,1.0,38,1.0,195,0.9198,55,210,212,0
0.65,0.55,1,0,18.0,0,0,250,38,212,233,0.932,38,1.0,38,1.0,195,0.9198,55,210,212,0
0.65,0.55,2,2,12.0,0,0,250,38,212,233,0.932,38,1.0,38,1.0,195,0.9198,55,211,212,0
0.65,0.55,2,2,18.0,0,0,250,38,212,233,0.932,38,1.0,38,1.0,195,0.9198,55,211,212,0
0.65,0.6,1,0,12.0,0,0,250,38,212,233,0.932,38,1.0,38,1.0,195,0.9198,55,210,212,0
0.65,0.6,1,0,18.0,0,0,250,38,212,233,0.932,38,1.0,38,1.0,195,0.9198,55,210,212,0
0.65,0.6,1,1,12.0,0,0,250,38,212,233,0.932,38,1.0,38,1.0,195,0.9198,55,210,212,0
0.65,0.6,1,1,18.0,0,0,250,38,212,233,0.932,38,1.0,38,1.0,195,0.9198,55,210,212,0
0.7,0.45,2,2,12.0,0,0,250,38,212,233,0.932,38,1.0,38,1.0,195,0.9198,55,211,212,0
0.7,0.45,2,2,18.0,0,0,250,38,212,233,0.932,38,1.0,38,1.0,195,0.9198,55,211,212,0
0.7,0.5,2,2,12.0,0,0,250,38,212,233,0.932,38,1.0,38,1.0,195,0.9198,55,211,212,0
0.7,0.5,2,2,18.0,0,0,250,38,212,233,0.932,38,1.0,38,1.0,195,0.9198,55,211,212,0
0.75,0.45,2,2,12.0,0,0,250,38,212,233,0.932,38,1.0,38,1.0,195,0.9198,55,211,212,0
0.75,0.45,2,2,18.0,0,0,250,38,212,233,0.932,38,1.0,38,1.0,195,0.9198,55,211,212,0
0.75,0.5,2,2,12.0,0,0,250,38,212,233,0.932,38,1.0,38,1.0,195,0.9198,55,211,212,0
0.75,0.5,2,2,18.0,0,0,250,38,212,233,0.932,38,1.0,38,1.0,195,0.9198,55,211,212,0
0.85,0.55,1,1,12.0,0,0,250,38,212,233,0.932,38,1.0,38,1.0,195,0.9198,55,211,212,0
0.85,0.55,1,1,18.0,0,0,250,38,212,233,0.932,38,1.0,38,1.0,195,0.9198,55,211,212,0
0.85,0.55,1,1,24.0,0,0,250,38,212,233,0.932,38,1.0,38,1.0,195,0.9198,55,211,212,0
0.85,0.55,1,1,32.0,0,0,250,38,212,233,0.932,38,1.0,38,1.0,195,0.9198,55,211,212,0
0.85,0.55,1,1,48.0,0,0,250,38,212,233,0.932,38,1.0,38,1.0,195,0.9198,55,211,212,0
0.85,0.55,1,2,12.0,0,0,250,38,212,233,0.932,38,1.0,38,1.0,195,0.9198,55,211,212,0
0.85,0.55,1,2,18.0,0,0,250,38,212,233,0.932,38,1.0,38,1.0,195,0.9198,55,211,212,0
0.85,0.55,1,2,24.0,0,0,250,38,212,233,0.932,38,1.0,38,1.0,195,0.9198,55,211,212,0
0.85,0.55,1,2,32.0,0,0,250,38,212,233,0.932,38,1.0,38,1.0,195,0.9198,55,211,212,0
0.85,0.55,1,2,48.0,0,0,250,38,212,233,0.932,38,1.0,38,1.0,195,0.9198,55,211,212,0
0.75,0.45,3,0,24.0,0,0,250,38,212,233,0.932,31,0.8158,31,0.8158,202,0.9528,41,219,219,7
0.75,0.45,3,0,32.0,0,0,250,38,212,233,0.932,31,0.8158,31,0.8158,202,0.9528,41,219,219,7
0.75,0.45,3,0,48.0,0,0,250,38,212,233,0.932,31,0.8158,31,0.8158,202,0.9528,41,219,219,7
0.75,0.5,3,0,24.0,0,0,250,38,212,233,0.932,31,0.8158,31,0.8158,202,0.9528,41,219,219,7
0.75,0.5,3,0,32.0,0,0,250,38,212,233,0.932,31,0.8158,31,0.8158,202,0.9528,41,219,219,7
0.75,0.5,3,0,48.0,0,0,250,38,212,233,0.932,31,0.8158,31,0.8158,202,0.9528,41,219,219,7
0.75,0.55,3,0,24.0,0,0,250,38,212,233,0.932,31,0.8158,31,0.8158,202,0.9528,41,219,219,7
0.75,0.55,3,0,32.0,0,0,250,38,212,233,0.932,31,0.8158,31,0.8158,202,0.9528,41,219,219,7
0.75,0.55,3,0,48.0,0,0,250,38,212,233,0.932,31,0.8158,31,0.8158,202,0.9528,41,219,219,7
0.75,0.6,3,0,24.0,0,0,250,38,212,233,0.932,31,0.8158,31,0.8158,202,0.9528,41,219,219,7
0.75,0.6,3,0,32.0,0,0,250,38,212,233,0.932,31,0.8158,31,0.8158,202,0.9528,41,219,219,7
0.75,0.6,3,0,48.0,0,0,250,38,212,233,0.932,31,0.8158,31,0.8158,202,0.9528,41,219,219,7
0.75,0.75,1,1,12.0,0,0,250,38,212,233,0.932,31,0.8158,31,0.8158,202,0.9528,41,217,217,5
0.75,0.75,1,1,18.0,0,0,250,38,212,233,0.932,31,0.8158,31,0.8158,202,0.9528,41,217,217,5
0.8,0.7,1,0,12.0,0,0,250,38,212,233,0.932,30,0.7895,30,0.7895,203,0.9575,39,218,218,6
0.8,0.7,1,0,18.0,0,0,250,38,212,233,0.932,30,0.7895,30,0.7895,203,0.9575,39,218,218,6
0.8,0.7,1,0,24.0,0,0,250,38,212,233,0.932,30,0.7895,30,0.7895,203,0.9575,39,218,218,6
0.8,0.7,1,0,32.0,0,0,250,38,212,233,0.932,30,0.7895,30,0.7895,203,0.9575,39,218,218,6
0.8,0.7,1,0,48.0,0,0,250,38,212,233,0.932,30,0.7895,30,0.7895,203,0.9575,39,218,218,6
0.8,0.75,1,0,12.0,0,0,250,38,212,233,0.932,30,0.7895,30,0.7895,203,0.9575,39,218,218,6
0.8,0.75,1,0,18.0,0,0,250,38,212,233,0.932,30,0.7895,30,0.7895,203,0.9575,39,218,218,6
0.8,0.75,1,0,24.0,0,0,250,38,212,233,0.932,30,0.7895,30,0.7895,203,0.9575,39,218,218,6
0.8,0.75,1,0,32.0,0,0,250,38,212,233,0.932,30,0.7895,30,0.7895,203,0.9575,39,218,218,6
0.8,0.75,1,0,48.0,0,0,250,38,212,233,0.932,30,0.7895,30,0.7895,203,0.9575,39,218,218,6
0.8,0.75,1,1,12.0,0,0,250,38,212,233,0.932,30,0.7895,30,0.7895,203,0.9575,39,218,218,6
0.8,0.75,1,1,18.0,0,0,250,38,212,233,0.932,30,0.7895,30,0.7895,203,0.9575,39,218,218,6
0.8,0.75,1,1,24.0,0,0,250,38,212,233,0.932,30,0.7895,30,0.7895,203,0.9575,39,218,218,6
0.8,0.75,1,1,32.0,0,0,250,38,212,233,0.932,30,0.7895,30,0.7895,203,0.9575,39,218,218,6
0.8,0.75,1,1,48.0,0,0,250,38,212,233,0.932,30,0.7895,30,0.7895,203,0.9575,39,218,218,6
0.8,0.75,1,2,12.0,0,0,250,38,212,233,0.932,30,0.7895,30,0.7895,203,0.9575,39,218,218,6
0.8,0.75,1,2,18.0,0,0,250,38,212,233,0.932,30,0.7895,30,0.7895,203,0.9575,39,218,218,6
0.8,0.75,1,2,24.0,0,0,250,38,212,233,0.932,30,0.7895,30,0.7895,203,0.9575,39,218,218,6
0.8,0.75,1,2,32.0,0,0,250,38,212,233,0.932,30,0.7895,30,0.7895,203,0.9575,39,218,218,6
0.8,0.75,1,2,48.0,0,0,250,38,212,233,0.932,30,0.7895,30,0.7895,203,0.9575,39,218,218,6
0.85,0.6,2,1,12.0,0,0,250,38,212,233,0.932,30,0.7895,30,0.7895,203,0.9575,39,220,220,8
0.85,0.6,2,1,18.0,0,0,250,38,212,233,0.932,30,0.7895,30,0.7895,203,0.9575,39,220,220,8
0.85,0.6,2,1,24.0,0,0,250,38,212,233,0.932,30,0.7895,30,0.7895,203,0.9575,39,220,220,8
0.85,0.6,2,1,32.0,0,0,250,38,212,233,0.932,30,0.7895,30,0.7895,203,0.9575,39,220,220,8
0.85,0.6,2,1,48.0,0,0,250,38,212,233,0.932,30,0.7895,30,0.7895,203,0.9575,39,220,220,8
0.85,0.6,2,2,12.0,0,0,250,38,212,233,0.932,30,0.7895,30,0.7895,203,0.9575,39,220,220,8
0.85,0.6,2,2,18.0,0,0,250,38,212,233,0.932,30,0.7895,30,0.7895,203,0.9575,39,220,220,8
0.85,0.6,2,2,24.0,0,0,250,38,212,233,0.932,30,0.7895,30,0.7895,203,0.9575,39,220,220,8
0.85,0.6,2,2,32.0,0,0,250,38,212,233,0.932,30,0.7895,30,0.7895,203,0.9575,39,220,220,8
0.85,0.6,2,2,48.0,0,0,250,38,212,233,0.932,30,0.7895,30,0.7895,203,0.9575,39,220,220,8
0.75,0.7,3,0,24.0,0,0,250,38,212,233,0.932,29,0.7632,29,0.7632,204,0.9623,37,219,219,7
0.75,0.7,3,0,32.0,0,0,250,38,212,233,0.932,29,0.7632,29,0.7632,204,0.9623,37,219,219,7
0.75,0.7,3,0,48.0,0,0,250,38,212,233,0.932,29,0.7632,29,0.7632,204,0.9623,37,219,219,7
0.75,0.7,3,1,24.0,0,0,250,38,212,233,0.932,29,0.7632,29,0.7632,204,0.9623,37,219,219,7
0.75,0.7,3,1,32.0,0,0,250,38,212,233,0.932,29,0.7632,29,0.7632,204,0.9623,37,219,219,7
0.75,0.7,3,1,48.0,0,0,250,38,212,233,0.932,29,0.7632,29,0.7632,204,0.9623,37,219,219,7
0.75,0.7,3,2,24.0,0,0,250,38,212,233,0.932,29,0.7632,29,0.7632,204,0.9623,37,219,219,7
0.75,0.7,3,2,32.0,0,0,250,38,212,233,0.932,29,0.7632,29,0.7632,204,0.9623,37,219,219,7
0.75,0.7,3,2,48.0,0,0,250,38,212,233,0.932,29,0.7632,29,0.7632,204,0.9623,37,219,219,7
0.75,0.75,3,0,24.0,0,0,250,38,212,233,0.932,29,0.7632,29,0.7632,204,0.9623,37,219,219,7
0.75,0.75,3,0,32.0,0,0,250,38,212,233,0.932,29,0.7632,29,0.7632,204,0.9623,37,219,219,7
0.75,0.75,3,0,48.0,0,0,250,38,212,233,0.932,29,0.7632,29,0.7632,204,0.9623,37,219,219,7
0.75,0.75,3,1,24.0,0,0,250,38,212,233,0.932,29,0.7632,29,0.7632,204,0.9623,37,219,219,7
0.75,0.75,3,1,32.0,0,0,250,38,212,233,0.932,29,0.7632,29,0.7632,204,0.9623,37,219,219,7
0.75,0.75,3,1,48.0,0,0,250,38,212,233,0.932,29,0.7632,29,0.7632,204,0.9623,37,219,219,7
0.75,0.75,3,2,24.0,0,0,250,38,212,233,0.932,29,0.7632,29,0.7632,204,0.9623,37,219,219,7
0.75,0.75,3,2,32.0,0,0,250,38,212,233,0.932,29,0.7632,29,0.7632,204,0.9623,37,219,219,7
0.75,0.75,3,2,48.0,0,0,250,38,212,233,0.932,29,0.7632,29,0.7632,204,0.9623,37,219,219,7
0.85,0.7,1,0,12.0,0,0,250,38,212,233,0.932,29,0.7632,29,0.7632,204,0.9623,37,219,219,7
0.85,0.7,1,0,18.0,0,0,250,38,212,233,0.932,29,0.7632,29,0.7632,204,0.9623,37,219,219,7
0.85,0.7,1,0,24.0,0,0,250,38,212,233,0.932,29,0.7632,29,0.7632,204,0.9623,37,219,219,7
0.85,0.7,1,0,32.0,0,0,250,38,212,233,0.932,29,0.7632,29,0.7632,204,0.9623,37,219,219,7
0.85,0.7,1,0,48.0,0,0,250,38,212,233,0.932,29,0.7632,29,0.7632,204,0.9623,37,219,219,7
0.85,0.75,1,0,12.0,0,0,250,38,212,233,0.932,29,0.7632,29,0.7632,204,0.9623,37,219,219,7
0.85,0.75,1,0,18.0,0,0,250,38,212,233,0.932,29,0.7632,29,0.7632,204,0.9623,37,219,219,7
0.85,0.75,1,0,24.0,0,0,250,38,212,233,0.932,29,0.7632,29,0.7632,204,0.9623,37,219,219,7
0.85,0.75,1,0,32.0,0,0,250,38,212,233,0.932,29,0.7632,29,0.7632,204,0.9623,37,219,219,7
0.85,0.75,1,0,48.0,0,0,250,38,212,233,0.932,29,0.7632,29,0.7632,204,0.9623,37,219,219,7
0.85,0.75,1,1,12.0,0,0,250,38,212,233,0.932,29,0.7632,29,0.7632,204,0.9623,37,219,219,7
0.85,0.75,1,1,18.0,0,0,250,38,212,233,0.932,29,0.7632,29,0.7632,204,0.9623,37,219,219,7
0.85,0.75,1,1,24.0,0,0,250,38,212,233,0.932,29,0.7632,29,0.7632,204,0.9623,37,219,219,7
0.85,0.75,1,1,32.0,0,0,250,38,212,233,0.932,29,0.7632,29,0.7632,204,0.9623,37,219,219,7
0.85,0.75,1,1,48.0,0,0,250,38,212,233,0.932,29,0.7632,29,0.7632,204,0.9623,37,219,219,7
0.85,0.75,1,2,12.0,0,0,250,38,212,233,0.932,29,0.7632,29,0.7632,204,0.9623,37,219,219,7
0.85,0.75,1,2,18.0,0,0,250,38,212,233,0.932,29,0.7632,29,0.7632,204,0.9623,37,219,219,7
0.85,0.75,1,2,24.0,0,0,250,38,212,233,0.932,29,0.7632,29,0.7632,204,0.9623,37,219,219,7
0.85,0.75,1,2,32.0,0,0,250,38,212,233,0.932,29,0.7632,29,0.7632,204,0.9623,37,219,219,7
0.85,0.75,1,2,48.0,0,0,250,38,212,233,0.932,29,0.7632,29,0.7632,204,0.9623,37,219,219,7
0.6,0.55,3,1,12.0,0,0,250,38,212,232,0.928,38,1.0,38,1.0,194,0.9151,56,211,212,0
0.6,0.55,3,1,18.0,0,0,250,38,212,232,0.928,38,1.0,38,1.0,194,0.9151,56,211,212,0
0.6,0.6,1,1,12.0,0,0,250,38,212,232,0.928,38,1.0,38,1.0,194,0.9151,56,209,212,0
0.6,0.6,1,1,18.0,0,0,250,38,212,232,0.928,38,1.0,38,1.0,194,0.9151,56,209,212,0
0.6,0.6,2,1,24.0,0,0,250,38,212,232,0.928,38,1.0,38,1.0,194,0.9151,56,210,212,0
0.6,0.6,2,1,32.0,0,0,250,38,212,232,0.928,38,1.0,38,1.0,194,0.9151,56,210,212,0
0.6,0.6,2,1,48.0,0,0,250,38,212,232,0.928,38,1.0,38,1.0,194,0.9151,56,210,212,0
0.6,0.6,2,2,24.0,0,0,250,38,212,232,0.928,38,1.0,38,1.0,194,0.9151,56,210,212,0
0.6,0.6,2,2,32.0,0,0,250,38,212,232,0.928,38,1.0,38,1.0,194,0.9151,56,210,212,0
0.6,0.6,2,2,48.0,0,0,250,38,212,232,0.928,38,1.0,38,1.0,194,0.9151,56,210,212,0
0.65,0.45,1,0,24.0,0,0,250,38,212,232,0.928,38,1.0,38,1.0,194,0.9151,56,210,212,0
0.65,0.45,1,0,32.0,0,0,250,38,212,232,0.928,38,1.0,38,1.0,194,0.9151,56,210,212,0
0.65,0.45,1,0,48.0,0,0,250,38,212,232,0.928,38,1.0,38,1.0,194,0.9151,56,210,212,0
0.65,0.5,1,0,24.0,0,0,250,38,212,232,0.928,38,1.0,38,1.0,194,0.9151,56,210,212,0
0.65,0.5,1,0,32.0,0,0,250,38,212,232,0.928,38,1.0,38,1.0,194,0.9151,56,210,212,0
0.65,0.5,1,0,48.0,0,0,250,38,212,232,0.928,38,1.0,38,1.0,194,0.9151,56,210,212,0
0.65,0.55,1,0,24.0,0,0,250,38,212,232,0.928,38,1.0,38,1.0,194,0.9151,56,210,212,0
0.65,0.55,1,0,32.0,0,0,250,38,212,232,0.928,38,1.0,38,1.0,194,0.9151,56,210,212,0
0.65,0.55,1,0,48.0,0,0,250,38,212,232,0.928,38,1.0,38,1.0,194,0.9151,56,210,212,0
0.65,0.55,2,1,12.0,0,0,250,38,212,232,0.928,38,1.0,38,1.0,194,0.9151,56,211,212,0
0.65,0.55,2,1,18.0,0,0,250,38,212,232,0.928,38,1.0,38,1.0,194,0.9151,56,211,212,0
0.65,0.6,1,0,24.0,0,0,250,38,212,232,0.928,38,1.0,38,1.0,194,0.9151,56,210,212,0
0.65,0.6,1,0,32.0,0,0,250,38,212,232,0.928,38,1.0,38,1.0,194,0.9151,56,210,212,0
0.65,0.6,1,0,48.0,0,0,250,38,212,232,0.928,38,1.0,38,1.0,194,0.9151,56,210,212,0
0.7,0.45,2,1,12.0,0,0,250,38,212,232,0.928,38,1.0,38,1.0,194,0.9151,56,211,212,0
0.7,0.45,2,1,18.0,0,0,250,38,212,232,0.928,38,1.0,38,1.0,194,0.9151,56,211,212,0
0.7,0.5,2,1,12.0,0,0,250,38,212,232,0.928,38,1.0,38,1.0,194,0.9151,56,211,212,0
0.7,0.5,2,1,18.0,0,0,250,38,212,232,0.928,38,1.0,38,1.0,194,0.9151,56,211,212,0
0.7,0.55,1,2,12.0,0,0,250,38,212,232,0.928,38,1.0,38,1.0,194,0.9151,56,210,212,0
0.7,0.55,1,2,18.0,0,0,250,38,212,232,0.928,38,1.0,38,1.0,194,0.9151,56,210,212,0
0.75,0.45,2,1,12.0,0,0,250,38,212,232,0.928,38,1.0,38,1.0,194,0.9151,56,211,212,0
0.75,0.45,2,1,18.0,0,0,250,38,212,232,0.928,38,1.0,38,1.0,194,0.9151,56,211,212,0
0.75,0.5,2,1,12.0,0,0,250,38,212,232,0.928,38,1.0,38,1.0,194,0.9151,56,211,212,0
0.75,0.5,2,1,18.0,0,0,250,38,212,232,0.928,38,1.0,38,1.0,194,0.9151,56,211,212,0
0.75,0.55,1,2,12.0,0,0,250,38,212,232,0.928,38,1.0,38,1.0,194,0.9151,56,210,212,0
0.75,0.55,1,2,18.0,0,0,250,38,212,232,0.928,38,1.0,38,1.0,194,0.9151,56,210,212,0
0.8,0.45,2,1,12.0,0,0,250,38,212,232,0.928,38,1.0,38,1.0,194,0.9151,56,211,212,0
0.8,0.45,2,1,18.0,0,0,250,38,212,232,0.928,38,1.0,38,1.0,194,0.9151,56,211,212,0
0.8,0.45,2,1,24.0,0,0,250,38,212,232,0.928,38,1.0,38,1.0,194,0.9151,56,211,212,0
0.8,0.45,2,1,32.0,0,0,250,38,212,232,0.928,38,1.0,38,1.0,194,0.9151,56,211,212,0
0.8,0.45,2,1,48.0,0,0,250,38,212,232,0.928,38,1.0,38,1.0,194,0.9151,56,211,212,0
0.8,0.45,2,2,12.0,0,0,250,38,212,232,0.928,38,1.0,38,1.0,194,0.9151,56,211,212,0
0.8,0.45,2,2,18.0,0,0,250,38,212,232,0.928,38,1.0,38,1.0,194,0.9151,56,211,212,0
0.8,0.45,2,2,24.0,0,0,250,38,212,232,0.928,38,1.0,38,1.0,194,0.9151,56,211,212,0
0.8,0.45,2,2,32.0,0,0,250,38,212,232,0.928,38,1.0,38,1.0,194,0.9151,56,211,212,0
0.8,0.45,2,2,48.0,0,0,250,38,212,232,0.928,38,1.0,38,1.0,194,0.9151,56,211,212,0
0.8,0.5,2,1,12.0,0,0,250,38,212,232,0.928,38,1.0,38,1.0,194,0.9151,56,211,212,0
0.8,0.5,2,1,18.0,0,0,250,38,212,232,0.928,38,1.0,38,1.0,194,0.9151,56,211,212,0
0.8,0.5,2,1,24.0,0,0,250,38,212,232,0.928,38,1.0,38,1.0,194,0.9151,56,211,212,0
0.8,0.5,2,1,32.0,0,0,250,38,212,232,0.928,38,1.0,38,1.0,194,0.9151,56,211,212,0
0.8,0.5,2,1,48.0,0,0,250,38,212,232,0.928,38,1.0,38,1.0,194,0.9151,56,211,212,0
0.8,0.5,2,2,12.0,0,0,250,38,212,232,0.928,38,1.0,38,1.0,194,0.9151,56,211,212,0
0.8,0.5,2,2,18.0,0,0,250,38,212,232,0.928,38,1.0,38,1.0,194,0.9151,56,211,212,0
0.8,0.5,2,2,24.0,0,0,250,38,212,232,0.928,38,1.0,38,1.0,194,0.9151,56,211,212,0
0.8,0.5,2,2,32.0,0,0,250,38,212,232,0.928,38,1.0,38,1.0,194,0.9151,56,211,212,0
0.8,0.5,2,2,48.0,0,0,250,38,212,232,0.928,38,1.0,38,1.0,194,0.9151,56,211,212,0
0.8,0.55,1,1,12.0,0,0,250,38,212,232,0.928,38,1.0,38,1.0,194,0.9151,56,210,212,0
0.8,0.55,1,1,18.0,0,0,250,38,212,232,0.928,38,1.0,38,1.0,194,0.9151,56,210,212,0
0.8,0.55,1,1,24.0,0,0,250,38,212,232,0.928,38,1.0,38,1.0,194,0.9151,56,210,212,0
0.8,0.55,1,1,32.0,0,0,250,38,212,232,0.928,38,1.0,38,1.0,194,0.9151,56,210,212,0
0.8,0.55,1,1,48.0,0,0,250,38,212,232,0.928,38,1.0,38,1.0,194,0.9151,56,210,212,0
0.8,0.55,1,2,12.0,0,0,250,38,212,232,0.928,38,1.0,38,1.0,194,0.9151,56,210,212,0
0.8,0.55,1,2,18.0,0,0,250,38,212,232,0.928,38,1.0,38,1.0,194,0.9151,56,210,212,0
0.8,0.55,1,2,24.0,0,0,250,38,212,232,0.928,38,1.0,38,1.0,194,0.9151,56,210,212,0
0.8,0.55,1,2,32.0,0,0,250,38,212,232,0.928,38,1.0,38,1.0,194,0.9151,56,210,212,0
0.8,0.55,1,2,48.0,0,0,250,38,212,232,0.928,38,1.0,38,1.0,194,0.9151,56,210,212,0
0.75,0.6,3,1,24.0,0,0,250,38,212,232,0.928,31,0.8158,31,0.8158,201,0.9481,42,219,219,7
0.75,0.6,3,1,32.0,0,0,250,38,212,232,0.928,31,0.8158,31,0.8158,201,0.9481,42,219,219,7
0.75,0.6,3,1,48.0,0,0,250,38,212,232,0.928,31,0.8158,31,0.8158,201,0.9481,42,219,219,7
0.75,0.6,3,2,24.0,0,0,250,38,212,232,0.928,31,0.8158,31,0.8158,201,0.9481,42,219,219,7
0.75,0.6,3,2,32.0,0,0,250,38,212,232,0.928,31,0.8158,31,0.8158,201,0.9481,42,219,219,7
0.75,0.6,3,2,48.0,0,0,250,38,212,232,0.928,31,0.8158,31,0.8158,201,0.9481,42,219,219,7
0.75,0.7,1,0,12.0,0,0,250,38,212,232,0.928,31,0.8158,31,0.8158,201,0.9481,42,217,217,5
0.75,0.7,1,0,18.0,0,0,250,38,212,232,0.928,31,0.8158,31,0.8158,201,0.9481,42,217,217,5
0.75,0.75,1,0,12.0,0,0,250,38,212,232,0.928,31,0.8158,31,0.8158,201,0.9481,42,217,217,5
0.75,0.75,1,0,18.0,0,0,250,38,212,232,0.928,31,0.8158,31,0.8158,201,0.9481,42,217,217,5
0.75,0.7,2,0,24.0,0,0,250,38,212,232,0.928,30,0.7895,30,0.7895,202,0.9528,40,218,218,6
0.75,0.7,2,0,32.0,0,0,250,38,212,232,0.928,30,0.7895,30,0.7895,202,0.9528,40,218,218,6
0.75,0.7,2,0,48.0,0,0,250,38,212,232,0.928,30,0.7895,30,0.7895,202,0.9528,40,218,218,6
0.75,0.75,2,0,24.0,0,0,250,38,212,232,0.928,30,0.7895,30,0.7895,202,0.9528,40,218,218,6
0.75,0.75,2,0,32.0,0,0,250,38,212,232,0.928,30,0.7895,30,0.7895,202,0.9528,40,218,218,6
0.75,0.75,2,0,48.0,0,0,250,38,212,232,0.928,30,0.7895,30,0.7895,202,0.9528,40,218,218,6
0.75,0.75,2,1,24.0,0,0,250,38,212,232,0.928,30,0.7895,30,0.7895,202,0.9528,40,218,218,6
0.75,0.75,2,1,32.0,0,0,250,38,212,232,0.928,30,0.7895,30,0.7895,202,0.9528,40,218,218,6
0.75,0.75,2,1,48.0,0,0,250,38,212,232,0.928,30,0.7895,30,0.7895,202,0.9528,40,218,218,6
0.75,0.75,2,2,24.0,0,0,250,38,212,232,0.928,30,0.7895,30,0.7895,202,0.9528,40,218,218,6
0.75,0.75,2,2,32.0,0,0,250,38,212,232,0.928,30,0.7895,30,0.7895,202,0.9528,40,218,218,6
0.75,0.75,2,2,48.0,0,0,250,38,212,232,0.928,30,0.7895,30,0.7895,202,0.9528,40,218,218,6
0.55,0.45,3,0,24.0,0,0,250,38,212,231,0.924,38,1.0,38,1.0,193,0.9104,57,210,212,0
0.55,0.45,3,0,32.0,0,0,250,38,212,231,0.924,38,1.0,38,1.0,193,0.9104,57,210,212,0
0.55,0.45,3,0,48.0,0,0,250,38,212,231,0.924,38,1.0,38,1.0,193,0.9104,57,210,212,0
0.55,0.5,3,0,24.0,0,0,250,38,212,231,0.924,38,1.0,38,1.0,193,0.9104,57,210,212,0
0.55,0.5,3,0,32.0,0,0,250,38,212,231,0.924,38,1.0,38,1.0,193,0.9104,57,210,212,0
0.55,0.5,3,0,48.0,0,0,250,38,212,231,0.924,38,1.0,38,1.0,193,0.9104,57,210,212,0
0.55,0.55,3,0,24.0,0,0,250,38,212,231,0.924,38,1.0,38,1.0,193,0.9104,57,210,212,0
0.55,0.55,3,0,32.0,0,0,250,38,212,231,0.924,38,1.0,38,1.0,193,0.9104,57,210,212,0
0.55,0.55,3,0,48.0,0,0,250,38,212,231,0.924,38,1.0,38,1.0,193,0.9104,57,210,212,0
0.55,0.55,3,2,12.0,0,0,250,38,212,231,0.924,38,1.0,38,1.0,193,0.9104,57,210,212,0
0.55,0.55,3,2,18.0,0,0,250,38,212,231,0.924,38,1.0,38,1.0,193,0.9104,57,210,212,0
0.6,0.45,3,2,12.0,0,0,250,38,212,231,0.924,38,1.0,38,1.0,193,0.9104,57,211,212,0
0.6,0.45,3,2,18.0,0,0,250,38,212,231,0.924,38,1.0,38,1.0,193,0.9104,57,211,212,0
0.6,0.5,3,2,12.0,0,0,250,38,212,231,0.924,38,1.0,38,1.0,193,0.9104,57,211,212,0
0.6,0.5,3,2,18.0,0,0,250,38,212,231,0.924,38,1.0,38,1.0,193,0.9104,57,211,212,0
0.6,0.6,1,0,12.0,0,0,250,38,212,231,0.924,38,1.0,38,1.0,193,0.9104,57,209,212,0
0.6,0.6,1,0,18.0,0,0,250,38,212,231,0.924,38,1.0,38,1.0,193,0.9104,57,209,212,0
0.65,0.45,2,2,12.0,0,0,250,38,212,231,0.924,38,1.0,38,1.0,193,0.9104,57,211,212,0
0.65,0.45,2,2,18.0,0,0,250,38,212,231,0.924,38,1.0,38,1.0,193,0.9104,57,211,212,0
0.65,0.5,2,2,12.0,0,0,250,38,212,231,0.924,38,1.0,38,1.0,193,0.9104,57,211,212,0
0.65,0.5,2,2,18.0,0,0,250,38,212,231,0.924,38,1.0,38,1.0,193,0.9104,57,211,212,0
0.65,0.55,3,1,24.0,0,0,250,38,212,231,0.924,38,1.0,38,1.0,193,0.9104,57,212,212,0
0.65,0.55,3,1,32.0,0,0,250,38,212,231,0.924,38,1.0,38,1.0,193,0.9104,57,212,212,0
0.65,0.55,3,1,48.0,0,0,250,38,212,231,0.924,38,1.0,38,1.0,193,0.9104,57,212,212,0
0.65,0.55,3,2,24.0,0,0,250,38,212,231,0.924,38,1.0,38,1.0,193,0.9104,57,212,212,0
0.65,0.55,3,2,32.0,0,0,250,38,212,231,0.924,38,1.0,38,1.0,193,0.9104,57,212,212,0
0.65,0.55,3,2,48.0,0,0,250,38,212,231,0.924,38,1.0,38,1.0,193,0.9104,57,212,212,0
0.65,0.6,1,1,24.0,0,0,250,38,212,231,0.924,38,1.0,38,1.0,193,0.9104,57,210,212,0
0.65,0.6,1,1,32.0,0,0,250,38,212,231,0.924,38,1.0,38,1.0,193,0.9104,57,210,212,0
0.65,0.6,1,1,48.0,0,0,250,38,212,231,0.924,38,1.0,38,1.0,193,0.9104,57,210,212,0
0.65,0.6,1,2,24.0,0,0,250,38,212,231,0.924,38,1.0,38,1.0,193,0.9104,57,210,212,0
0.65,0.6,1,2,32.0,0,0,250,38,212,231,0.924,38,1.0,38,1.0,193,0.9104,57,210,212,0
0.65,0.6,1,2,48.0,0,0,250,38,212,231,0.924,38,1.0,38,1.0,193,0.9104,57,210,212,0
0.7,0.55,1,1,12.0,0,0,250,38,212,231,0.924,38,1.0,38,1.0,193,0.9104,57,210,212,0
0.7,0.55,1,1,18.0,0,0,250,38,212,231,0.924,38,1.0,38,1.0,193,0.9104,57,210,212,0
0.7,0.55,2,1,24.0,0,0,250,38,212,231,0.924,38,1.0,38,1.0,193,0.9104,57,211,212,0
0.7,0.55,2,1,32.0,0,0,250,38,212,231,0.924,38,1.0,38,1.0,193,0.9104,57,211,212,0
0.7,0.55,2,1,48.0,0,0,250,38,212,231,0.924,38,1.0,38,1.0,193,0.9104,57,211,212,0
0.7,0.55,2,2,24.0,0,0,250,38,212,231,0.924,38,1.0,38,1.0,193,0.9104,57,211,212,0
0.7,0.55,2,2,32.0,0,0,250,38,212,231,0.924,38,1.0,38,1.0,193,0.9104,57,211,212,0
0.7,0.55,2,2,48.0,0,0,250,38,212,231,0.924,38,1.0,38,1.0,193,0.9104,57,211,212,0
0.75,0.55,1,1,12.0,0,0,250,38,212,231,0.924,38,1.0,38,1.0,193,0.9104,57,210,212,0
0.75,0.55,1,1,18.0,0,0,250,38,212,231,0.924,38,1.0,38,1.0,193,0.9104,57,210,212,0
0.75,0.55,2,1,24.0,0,0,250,38,212,231,0.924,38,1.0,38,1.0,193,0.9104,57,211,212,0
0.75,0.55,2,1,32.0,0,0,250,38,212,231,0.924,38,1.0,38,1.0,193,0.9104,57,211,212,0
0.75,0.55,2,1,48.0,0,0,250,38,212,231,0.924,38,1.0,38,1.0,193,0.9104,57,211,212,0
0.75,0.55,2,2,24.0,0,0,250,38,212,231,0.924,38,1.0,38,1.0,193,0.9104,57,211,212,0
0.75,0.55,2,2,32.0,0,0,250,38,212,231,0.924,38,1.0,38,1.0,193,0.9104,57,211,212,0
0.75,0.55,2,2,48.0,0,0,250,38,212,231,0.924,38,1.0,38,1.0,193,0.9104,57,211,212,0
0.85,0.45,1,1,12.0,0,0,250,38,212,231,0.924,38,1.0,38,1.0,193,0.9104,57,211,212,0
0.85,0.45,1,1,18.0,0,0,250,38,212,231,0.924,38,1.0,38,1.0,193,0.9104,57,211,212,0
0.85,0.45,1,1,24.0,0,0,250,38,212,231,0.924,38,1.0,38,1.0,193,0.9104,57,211,212,0
0.85,0.45,1,1,32.0,0,0,250,38,212,231,0.924,38,1.0,38,1.0,193,0.9104,57,211,212,0
0.85,0.45,1,1,48.0,0,0,250,38,212,231,0.924,38,1.0,38,1.0,193,0.9104,57,211,212,0
0.85,0.45,1,2,12.0,0,0,250,38,212,231,0.924,38,1.0,38,1.0,193,0.9104,57,211,212,0
0.85,0.45,1,2,18.0,0,0,250,38,212,231,0.924,38,1.0,38,1.0,193,0.9104,57,211,212,0
0.85,0.45,1,2,24.0,0,0,250,38,212,231,0.924,38,1.0,38,1.0,193,0.9104,57,211,212,0
0.85,0.45,1,2,32.0,0,0,250,38,212,231,0.924,38,1.0,38,1.0,193,0.9104,57,211,212,0
0.85,0.45,1,2,48.0,0,0,250,38,212,231,0.924,38,1.0,38,1.0,193,0.9104,57,211,212,0
0.85,0.5,1,1,12.0,0,0,250,38,212,231,0.924,38,1.0,38,1.0,193,0.9104,57,211,212,0
0.85,0.5,1,1,18.0,0,0,250,38,212,231,0.924,38,1.0,38,1.0,193,0.9104,57,211,212,0
0.85,0.5,1,1,24.0,0,0,250,38,212,231,0.924,38,1.0,38,1.0,193,0.9104,57,211,212,0
0.85,0.5,1,1,32.0,0,0,250,38,212,231,0.924,38,1.0,38,1.0,193,0.9104,57,211,212,0
0.85,0.5,1,1,48.0,0,0,250,38,212,231,0.924,38,1.0,38,1.0,193,0.9104,57,211,212,0
0.85,0.5,1,2,12.0,0,0,250,38,212,231,0.924,38,1.0,38,1.0,193,0.9104,57,211,212,0
0.85,0.5,1,2,18.0,0,0,250,38,212,231,0.924,38,1.0,38,1.0,193,0.9104,57,211,212,0
0.85,0.5,1,2,24.0,0,0,250,38,212,231,0.924,38,1.0,38,1.0,193,0.9104,57,211,212,0
0.85,0.5,1,2,32.0,0,0,250,38,212,231,0.924,38,1.0,38,1.0,193,0.9104,57,211,212,0
0.85,0.5,1,2,48.0,0,0,250,38,212,231,0.924,38,1.0,38,1.0,193,0.9104,57,211,212,0
0.75,0.7,1,0,24.0,0,0,250,38,212,231,0.924,31,0.8158,31,0.8158,200,0.9434,43,217,217,5
0.75,0.7,1,0,32.0,0,0,250,38,212,231,0.924,31,0.8158,31,0.8158,200,0.9434,43,217,217,5
0.75,0.7,1,0,48.0,0,0,250,38,212,231,0.924,31,0.8158,31,0.8158,200,0.9434,43,217,217,5
0.75,0.75,1,0,24.0,0,0,250,38,212,231,0.924,31,0.8158,31,0.8158,200,0.9434,43,217,217,5
0.75,0.75,1,0,32.0,0,0,250,38,212,231,0.924,31,0.8158,31,0.8158,200,0.9434,43,217,217,5
0.75,0.75,1,0,48.0,0,0,250,38,212,231,0.924,31,0.8158,31,0.8158,200,0.9434,43,217,217,5
0.75,0.75,1,1,24.0,0,0,250,38,212,231,0.924,31,0.8158,31,0.8158,200,0.9434,43,217,217,5
0.75,0.75,1,1,32.0,0,0,250,38,212,231,0.924,31,0.8158,31,0.8158,200,0.9434,43,217,217,5
0.75,0.75,1,1,48.0,0,0,250,38,212,231,0.924,31,0.8158,31,0.8158,200,0.9434,43,217,217,5
0.75,0.75,1,2,24.0,0,0,250,38,212,231,0.924,31,0.8158,31,0.8158,200,0.9434,43,217,217,5
0.75,0.75,1,2,32.0,0,0,250,38,212,231,0.924,31,0.8158,31,0.8158,200,0.9434,43,217,217,5
0.75,0.75,1,2,48.0,0,0,250,38,212,231,0.924,31,0.8158,31,0.8158,200,0.9434,43,217,217,5
0.55,0.55,3,1,12.0,0,0,250,38,212,230,0.92,38,1.0,38,1.0,192,0.9057,58,210,212,0
0.55,0.55,3,1,18.0,0,0,250,38,212,230,0.92,38,1.0,38,1.0,192,0.9057,58,210,212,0
0.6,0.45,3,1,12.0,0,0,250,38,212,230,0.92,38,1.0,38,1.0,192,0.9057,58,211,212,0
0.6,0.45,3,1,18.0,0,0,250,38,212,230,0.92,38,1.0,38,1.0,192,0.9057,58,211,212,0
0.6,0.5,3,1,12.0,0,0,250,38,212,230,0.92,38,1.0,38,1.0,192,0.9057,58,211,212,0
0.6,0.5,3,1,18.0,0,0,250,38,212,230,0.92,38,1.0,38,1.0,192,0.9057,58,211,212,0
0.6,0.55,1,0,12.0,0,0,250,38,212,230,0.92,38,1.0,38,1.0,192,0.9057,58,209,212,0
0.6,0.55,1,0,18.0,0,0,250,38,212,230,0.92,38,1.0,38,1.0,192,0.9057,58,209,212,0
0.6,0.55,2,2,12.0,0,0,250,38,212,230,0.92,38,1.0,38,1.0,192,0.9057,58,210,212,0
0.6,0.55,2,2,18.0,0,0,250,38,212,230,0.92,38,1.0,38,1.0,192,0.9057,58,210,212,0
0.6,0.6,1,0,24.0,0,0,250,38,212,230,0.92,38,1.0,38,1.0,192,0.9057,58,209,212,0
0.6,0.6,1,0,32.0,0,0,250,38,212,230,0.92,38,1.0,38,1.0,192,0.9057,58,209,212,0
0.6,0.6,1,0,48.0,0,0,250,38,212,230,0.92,38,1.0,38,1.0,192,0.9057,58,209,212,0
0.6,0.6,1,1,24.0,0,0,250,38,212,230,0.92,38,1.0,38,1.0,192,0.9057,58,209,212,0
0.6,0.6,1,1,32.0,0,0,250,38,212,230,0.92,38,1.0,38,1.0,192,0.9057,58,209,212,0
0.6,0.6,1,1,48.0,0,0,250,38,212,230,0.92,38,1.0,38,1.0,192,0.9057,58,209,212,0
0.6,0.6,1,2,24.0,0,0,250,38,212,230,0.92,38,1.0,38,1.0,192,0.9057,58,209,212,0
0.6,0.6,1,2,32.0,0,0,250,38,212,230,0.92,38,1.0,38,1.0,192,0.9057,58,209,212,0
0.6,0.6,1,2,48.0,0,0,250,38,212,230,0.92,38,1.0,38,1.0,192,0.9057,58,209,212,0
0.65,0.45,2,1,12.0,0,0,250,38,212,230,0.92,38,1.0,38,1.0,192,0.9057,58,211,212,0
0.65,0.45,2,1,18.0,0,0,250,38,212,230,0.92,38,1.0,38,1.0,192,0.9057,58,211,212,0
0.65,0.5,2,1,12.0,0,0,250,38,212,230,0.92,38,1.0,38,1.0,192,0.9057,58,211,212,0
0.65,0.5,2,1,18.0,0,0,250,38,212,230,0.92,38,1.0,38,1.0,192,0.9057,58,211,212,0
0.7,0.45,1,2,12.0,0,0,250,38,212,230,0.92,38,1.0,38,1.0,192,0.9057,58,210,212,0
0.7,0.45,1,2,18.0,0,0,250,38,212,230,0.92,38,1.0,38,1.0,192,0.9057,58,210,212,0
0.7,0.5,1,2,12.0,0,0,250,38,212,230,0.92,38,1.0,38,1.0,192,0.9057,58,210,212,0
0.7,0.5,1,2,18.0,0,0,250,38,212,230,0.92,38,1.0,38,1.0,192,0.9057,58,210,212,0
0.75,0.45,1,2,12.0,0,0,250,38,212,230,0.92,38,1.0,38,1.0,192,0.9057,58,210,212,0
0.75,0.45,1,2,18.0,0,0,250,38,212,230,0.92,38,1.0,38,1.0,192,0.9057,58,210,212,0
0.75,0.5,1,2,12.0,0,0,250,38,212,230,0.92,38,1.0,38,1.0,192,0.9057,58,210,212,0
0.75,0.5,1,2,18.0,0,0,250,38,212,230,0.92,38,1.0,38,1.0,192,0.9057,58,210,212,0
0.8,0.45,1,1,12.0,0,0,250,38,212,230,0.92,38,1.0,38,1.0,192,0.9057,58,210,212,0
0.8,0.45,1,1,18.0,0,0,250,38,212,230,0.92,38,1.0,38,1.0,192,0.9057,58,210,212,0
0.8,0.45,1,1,24.0,0,0,250,38,212,230,0.92,38,1.0,38,1.0,192,0.9057,58,210,212,0
0.8,0.45,1,1,32.0,0,0,250,38,212,230,0.92,38,1.0,38,1.0,192,0.9057,58,210,212,0
0.8,0.45,1,1,48.0,0,0,250,38,212,230,0.92,38,1.0,38,1.0,192,0.9057,58,210,212,0
0.8,0.45,1,2,12.0,0,0,250,38,212,230,0.92,38,1.0,38,1.0,192,0.9057,58,210,212,0
0.8,0.45,1,2,18.0,0,0,250,38,212,230,0.92,38,1.0,38,1.0,192,0.9057,58,210,212,0
0.8,0.45,1,2,24.0,0,0,250,38,212,230,0.92,38,1.0,38,1.0,192,0.9057,58,210,212,0
0.8,0.45,1,2,32.0,0,0,250,38,212,230,0.92,38,1.0,38,1.0,192,0.9057,58,210,212,0
0.8,0.45,1,2,48.0,0,0,250,38,212,230,0.92,38,1.0,38,1.0,192,0.9057,58,210,212,0
0.8,0.5,1,1,12.0,0,0,250,38,212,230,0.92,38,1.0,38,1.0,192,0.9057,58,210,212,0
0.8,0.5,1,1,18.0,0,0,250,38,212,230,0.92,38,1.0,38,1.0,192,0.9057,58,210,212,0
0.8,0.5,1,1,24.0,0,0,250,38,212,230,0.92,38,1.0,38,1.0,192,0.9057,58,210,212,0
0.8,0.5,1,1,32.0,0,0,250,38,212,230,0.92,38,1.0,38,1.0,192,0.9057,58,210,212,0
0.8,0.5,1,1,48.0,0,0,250,38,212,230,0.92,38,1.0,38,1.0,192,0.9057,58,210,212,0
0.8,0.5,1,2,12.0,0,0,250,38,212,230,0.92,38,1.0,38,1.0,192,0.9057,58,210,212,0
0.8,0.5,1,2,18.0,0,0,250,38,212,230,0.92,38,1.0,38,1.0,192,0.9057,58,210,212,0
0.8,0.5,1,2,24.0,0,0,250,38,212,230,0.92,38,1.0,38,1.0,192,0.9057,58,210,212,0
0.8,0.5,1,2,32.0,0,0,250,38,212,230,0.92,38,1.0,38,1.0,192,0.9057,58,210,212,0
0.8,0.5,1,2,48.0,0,0,250,38,212,230,0.92,38,1.0,38,1.0,192,0.9057,58,210,212,0
0.7,0.55,3,1,12.0,0,0,250,38,212,230,0.92,33,0.8684,33,0.8684,197,0.9292,48,217,217,5
0.7,0.55,3,1,18.0,0,0,250,38,212,230,0.92,33,0.8684,33,0.8684,197,0.9292,48,217,217,5
0.7,0.55,3,2,12.0,0,0,250,38,212,230,0.92,33,0.8684,33,0.8684,197,0.9292,48,217,217,5
0.7,0.55,3,2,18.0,0,0,250,38,212,230,0.92,33,0.8684,33,0.8684,197,0.9292,48,217,217,5
0.55,0.45,3,2,12.0,0,0,250,38,212,229,0.916,38,1.0,38,1.0,191,0.9009,59,210,212,0
0.55,0.45,3,2,18.0,0,0,250,38,212,229,0.916,38,1.0,38,1.0,191,0.9009,59,210,212,0
0.55,0.5,3,2,12.0,0,0,250,38,212,229,0.916,38,1.0,38,1.0,191,0.9009,59,210,212,0
0.55,0.5,3,2,18.0,0,0,250,38,212,229,0.916,38,1.0,38,1.0,191,0.9009,59,210,212,0
0.55,0.55,2,0,12.0,0,0,250,38,212,229,0.916,38,1.0,38,1.0,191,0.9009,59,209,212,0
0.55,0.55,2,0,18.0,0,0,250,38,212,229,0.916,38,1.0,38,1.0,191,0.9009,59,209,212,0
0.6,0.55,1,0,24.0,0,0,250,38,212,229,0.916,38,1.0,38,1.0,191,0.9009,59,209,212,0
0.6,0.55,1,0,32.0,0,0,250,38,212,229,0.916,38,1.0,38,1.0,191,0.9009,59,209,212,0
0.6,0.55,1,0,48.0,0,0,250,38,212,229,0.916,38,1.0,38,1.0,191,0.9009,59,209,212,0
0.6,0.55,2,1,12.0,0,0,250,38,212,229,0.916,38,1.0,38,1.0,191,0.9009,59,210,212,0
0.6,0.55,2,1,18.0,0,0,250,38,212,229,0.916,38,1.0,38,1.0,191,0.9009,59,210,212,0
0.65,0.45,3,1,24.0,0,0,250,38,212,229,0.916,38,1.0,38,1.0,191,0.9009,59,212,212,0
0.65,0.45,3,1,32.0,0,0,250,38,212,229,0.916,38,1.0,38,1.0,191,0.9009,59,212,212,0
0.65,0.45,3,1,48.0,0,0,250,38,212,229,0.916,38,1.0,38,1.0,191,0.9009,59,212,212,0
0.65,0.45,3,2,24.0,0,0,250,38,212,229,0.916,38,1.0,38,1.0,191,0.9009,59,212,212,0
0.65,0.45,3,2,32.0,0,0,250,38,212,229,0.916,38,1.0,38,1.0,191,0.9009,59,212,212,0
0.65,0.45,3,2,48.0,0,0,250,38,212,229,0.916,38,1.0,38,1.0,191,0.9009,59,212,212,0
0.65,0.5,3,1,24.0,0,0,250,38,212,229,0.916,38,1.0,38,1.0,191,0.9009,59,212,212,0
0.65,0.5,3,1,32.0,0,0,250,38,212,229,0.916,38,1.0,38,1.0,191,0.9009,59,212,212,0
0.65,0.5,3,1,48.0,0,0,250,38,212,229,0.916,38,1.0,38,1.0,191,0.9009,59,212,212,0
0.65,0.5,3,2,24.0,0,0,250,38,212,229,0.916,38,1.0,38,1.0,191,0.9009,59,212,212,0
0.65,0.5,3,2,32.0,0,0,250,38,212,229,0.916,38,1.0,38,1.0,191,0.9009,59,212,212,0
0.65,0.5,3,2,48.0,0,0,250,38,212,229,0.916,38,1.0,38,1.0,191,0.9009,59,212,212,0
0.65,0.55,2,1,24.0,0,0,250,38,212,229,0.916,38,1.0,38,1.0,191,0.9009,59,211,212,0
0.65,0.55,2,1,32.0,0,0,250,38,212,229,0.916,38,1.0,38,1.0,191,0.9009,59,211,212,0
0.65,0.55,2,1,48.0,0,0,250,38,212,229,0.916,38,1.0,38,1.0,191,0.9009,59,211,212,0
0.65,0.55,2,2,24.0,0,0,250,38,212,229,0.916,38,1.0,38,1.0,191,0.9009,59,211,212,0
0.65,0.55,2,2,32.0,0,0,250,38,212,229,0.916,38,1.0,38,1.0,191,0.9009,59,211,212,0
0.65,0.55,2,2,48.0,0,0,250,38,212,229,0.916,38,1.0,38,1.0,191,0.9009,59,211,212,0
0.7,0.45,1,1,12.0,0,0,250,38,212,229,0.916,38,1.0,38,1.0,191,0.9009,59,210,212,0
0.7,0.45,1,1,18.0,0,0,250,38,212,229,0.916,38,1.0,38,1.0,191,0.9009,59,210,212,0
0.7,0.45,2,1,24.0,0,0,250,38,212,229,0.916,38,1.0,38,1.0,191,0.9009,59,211,212,0
0.7,0.45,2,1,32.0,0,0,250,38,212,229,0.916,38,1.0,38,1.0,191,0.9009,59,211,212,0
0.7,0.45,2,1,48.0,0,0,250,38,212,229,0.916,38,1.0,38,1.0,191,0.9009,59,211,212,0
0.7,0.45,2,2,24.0,0,0,250,38,212,229,0.916,38,1.0,38,1.0,191,0.9009,59,211,212,0
0.7,0.45,2,2,32.0,0,0,250,38,212,229,0.916,38,1.0,38,1.0,191,0.9009,59,211,212,0
0.7,0.45,2,2,48.0,0,0,250,38,212,229,0.916,38,1.0,38,1.0,191,0.9009,59,211,212,0
0.7,0.5,1,1,12.0,0,0,250,38,212,229,0.916,38,1.0,38,1.0,191,0.9009,59,210,212,0
0.7,0.5,1,1,18.0,0,0,250,38,212,229,0.916,38,1.0,38,1.0,191,0.9009,59,210,212,0
0.7,0.5,2,1,24.0,0,0,250,38,212,229,0.916,38,1.0,38,1.0,191,0.9009,59,211,212,0
0.7,0.5,2,1,32.0,0,0,250,38,212,229,0.916,38,1.0,38,1.0,191,0.9009,59,211,212,0
0.7,0.5,2,1,48.0,0,0,250,38,212,229,0.916,38,1.0,38,1.0,191,0.9009,59,211,212,0
0.7,0.5,2,2,24.0,0,0,250,38,212,229,0.916,38,1.0,38,1.0,191,0.9009,59,211,212,0
0.7,0.5,2,2,32.0,0,0,250,38,212,229,0.916,38,1.0,38,1.0,191,0.9009,59,211,212,0
0.7,0.5,2,2,48.0,0,0,250,38,212,229,0.916,38,1.0,38,1.0,191,0.9009,59,211,212,0
0.7,0.55,1,1,24.0,0,0,250,38,212,229,0.916,38,1.0,38,1.0,191,0.9009,59,210,212,0
0.7,0.55,1,1,32.0,0,0,250,38,212,229,0.916,38,1.0,38,1.0,191,0.9009,59,210,212,0
0.7,0.55,1,1,48.0,0,0,250,38,212,229,0.916,38,1.0,38,1.0,191,0.9009,59,210,212,0
0.7,0.55,1,2,24.0,0,0,250,38,212,229,0.916,38,1.0,38,1.0,191,0.9009,59,210,212,0
0.7,0.55,1,2,32.0,0,0,250,38,212,229,0.916,38,1.0,38,1.0,191,0.9009,59,210,212,0
0.7,0.55,1,2,48.0,0,0,250,38,212,229,0.916,38,1.0,38,1.0,191,0.9009,59,210,212,0
0.75,0.45,1,1,12.0,0,0,250,38,212,229,0.916,38,1.0,38,1.0,191,0.9009,59,210,212,0
0.75,0.45,1,1,18.0,0,0,250,38,212,229,0.916,38,1.0,38,1.0,191,0.9009,59,210,212,0
0.75,0.45,2,1,24.0,0,0,250,38,212,229,0.916,38,1.0,38,1.0,191,0.9009,59,211,212,0
0.75,0.45,2,1,32.0,0,0,250,38,212,229,0.916,38,1.0,38,1.0,191,0.9009,59,211,212,0
0.75,0.45,2,1,48.0,0,0,250,38,212,229,0.916,38,1.0,38,1.0,191,0.9009,59,211,212,0
0.75,0.45,2,2,24.0,0,0,250,38,212,229,0.916,38,1.0,38,1.0,191,0.9009,59,211,212,0
0.75,0.45,2,2,32.0,0,0,250,38,212,229,0.916,38,1.0,38,1.0,191,0.9009,59,211,212,0
0.75,0.45,2,2,48.0,0,0,250,38,212,229,0.916,38,1.0,38,1.0,191,0.9009,59,211,212,0
0.75,0.5,1,1,12.0,0,0,250,38,212,229,0.916,38,1.0,38,1.0,191,0.9009,59,210,212,0
0.75,0.5,1,1,18.0,0,0,250,38,212,229,0.916,38,1.0,38,1.0,191,0.9009,59,210,212,0
0.75,0.5,2,1,24.0,0,0,250,38,212,229,0.916,38,1.0,38,1.0,191,0.9009,59,211,212,0
0.75,0.5,2,1,32.0,0,0,250,38,212,229,0.916,38,1.0,38,1.0,191,0.9009,59,211,212,0
0.75,0.5,2,1,48.0,0,0,250,38,212,229,0.916,38,1.0,38,1.0,191,0.9009,59,211,212,0
0.75,0.5,2,2,24.0,0,0,250,38,212,229,0.916,38,1.0,38,1.0,191,0.9009,59,211,212,0
0.75,0.5,2,2,32.0,0,0,250,38,212,229,0.916,38,1.0,38,1.0,191,0.9009,59,211,212,0
0.75,0.5,2,2,48.0,0,0,250,38,212,229,0.916,38,1.0,38,1.0,191,0.9009,59,211,212,0
0.75,0.55,1,1,24.0,0,0,250,38,212,229,0.916,38,1.0,38,1.0,191,0.9009,59,210,212,0
0.75,0.55,1,1,32.0,0,0,250,38,212,229,0.916,38,1.0,38,1.0,191,0.9009,59,210,212,0
0.75,0.55,1,1,48.0,0,0,250,38,212,229,0.916,38,1.0,38,1.0,191,0.9009,59,210,212,0
0.75,0.55,1,2,24.0,0,0,250,38,212,229,0.916,38,1.0,38,1.0,191,0.9009,59,210,212,0
0.75,0.55,1,2,32.0,0,0,250,38,212,229,0.916,38,1.0,38,1.0,191,0.9009,59,210,212,0
0.75,0.55,1,2,48.0,0,0,250,38,212,229,0.916,38,1.0,38,1.0,191,0.9009,59,210,212,0
0.55,0.45,3,1,12.0,0,0,250,38,212,228,0.912,38,1.0,38,1.0,190,0.8962,60,210,212,0
0.55,0.45,3,1,18.0,0,0,250,38,212,228,0.912,38,1.0,38,1.0,190,0.8962,60,210,212,0
0.55,0.5,3,1,12.0,0,0,250,38,212,228,0.912,38,1.0,38,1.0,190,0.8962,60,210,212,0
0.55,0.5,3,1,18.0,0,0,250,38,212,228,0.912,38,1.0,38,1.0,190,0.8962,60,210,212,0
0.55,0.55,2,2,12.0,0,0,250,38,212,228,0.912,38,1.0,38,1.0,190,0.8962,60,209,212,0
0.55,0.55,2,2,18.0,0,0,250,38,212,228,0.912,38,1.0,38,1.0,190,0.8962,60,209,212,0
0.6,0.45,2,2,12.0,0,0,250,38,212,228,0.912,38,1.0,38,1.0,190,0.8962,60,210,212,0
0.6,0.45,2,2,18.0,0,0,250,38,212,228,0.912,38,1.0,38,1.0,190,0.8962,60,210,212,0
0.6,0.5,2,2,12.0,0,0,250,38,212,228,0.912,38,1.0,38,1.0,190,0.8962,60,210,212,0
0.6,0.5,2,2,18.0,0,0,250,38,212,228,0.912,38,1.0,38,1.0,190,0.8962,60,210,212,0
0.6,0.55,3,1,24.0,0,0,250,38,212,228,0.912,38,1.0,38,1.0,190,0.8962,60,211,212,0
0.6,0.55,3,1,32.0,0,0,250,38,212,228,0.912,38,1.0,38,1.0,190,0.8962,60,211,212,0
0.6,0.55,3,1,48.0,0,0,250,38,212,228,0.912,38,1.0,38,1.0,190,0.8962,60,211,212,0
0.6,0.55,3,2,24.0,0,0,250,38,212,228,0.912,38,1.0,38,1.0,190,0.8962,60,211,212,0
0.6,0.55,3,2,32.0,0,0,250,38,212,228,0.912,38,1.0,38,1.0,190,0.8962,60,211,212,0
0.6,0.55,3,2,48.0,0,0,250,38,212,228,0.912,38,1.0,38,1.0,190,0.8962,60,211,212,0
0.65,0.55,1,2,12.0,0,0,250,38,212,228,0.912,38,1.0,38,1.0,190,0.8962,60,210,212,0
0.65,0.55,1,2,18.0,0,0,250,38,212,228,0.912,38,1.0,38,1.0,190,0.8962,60,210,212,0
0.7,0.45,3,1,12.0,0,0,250,38,212,228,0.912,33,0.8684,33,0.8684,195,0.9198,50,217,217,5
0.7,0.45,3,1,18.0,0,0,250,38,212,228,0.912,33,0.8684,33,0.8684,195,0.9198,50,217,217,5
0.7,0.45,3,2,12.0,0,0,250,38,212,228,0.912,33,0.8684,33,0.8684,195,0.9198,50,217,217,5
0.7,0.45,3,2,18.0,0,0,250,38,212,228,0.912,33,0.8684,33,0.8684,195,0.9198,50,217,217,5
0.7,0.5,3,1,12.0,0,0,250,38,212,228,0.912,33,0.8684,33,0.8684,195,0.9198,50,217,217,5
0.7,0.5,3,1,18.0,0,0,250,38,212,228,0.912,33,0.8684,33,0.8684,195,0.9198,50,217,217,5
0.7,0.5,3,2,12.0,0,0,250,38,212,228,0.912,33,0.8684,33,0.8684,195,0.9198,50,217,217,5
0.7,0.5,3,2,18.0,0,0,250,38,212,228,0.912,33,0.8684,33,0.8684,195,0.9198,50,217,217,5
0.7,0.55,3,1,24.0,0,0,250,38,212,228,0.912,33,0.8684,33,0.8684,195,0.9198,50,217,217,5
0.7,0.55,3,1,32.0,0,0,250,38,212,228,0.912,33,0.8684,33,0.8684,195,0.9198,50,217,217,5
0.7,0.55,3,1,48.0,0,0,250,38,212,228,0.912,33,0.8684,33,0.8684,195,0.9198,50,217,217,5
0.7,0.55,3,2,24.0,0,0,250,38,212,228,0.912,33,0.8684,33,0.8684,195,0.9198,50,217,217,5
0.7,0.55,3,2,32.0,0,0,250,38,212,228,0.912,33,0.8684,33,0.8684,195,0.9198,50,217,217,5
0.7,0.55,3,2,48.0,0,0,250,38,212,228,0.912,33,0.8684,33,0.8684,195,0.9198,50,217,217,5
0.75,0.55,3,1,12.0,0,0,250,38,212,228,0.912,31,0.8158,31,0.8158,197,0.9292,46,219,219,7
0.75,0.55,3,1,18.0,0,0,250,38,212,228,0.912,31,0.8158,31,0.8158,197,0.9292,46,219,219,7
0.75,0.55,3,2,12.0,0,0,250,38,212,228,0.912,31,0.8158,31,0.8158,197,0.9292,46,219,219,7
0.75,0.55,3,2,18.0,0,0,250,38,212,228,0.912,31,0.8158,31,0.8158,197,0.9292,46,219,219,7
0.8,0.55,3,1,12.0,0,0,250,38,212,228,0.912,30,0.7895,30,0.7895,198,0.934,44,220,220,8
0.8,0.55,3,1,18.0,0,0,250,38,212,228,0.912,30,0.7895,30,0.7895,198,0.934,44,220,220,8
0.8,0.55,3,1,24.0,0,0,250,38,212,228,0.912,30,0.7895,30,0.7895,198,0.934,44,220,220,8
0.8,0.55,3,1,32.0,0,0,250,38,212,228,0.912,30,0.7895,30,0.7895,198,0.934,44,220,220,8
0.8,0.55,3,1,48.0,0,0,250,38,212,228,0.912,30,0.7895,30,0.7895,198,0.934,44,220,220,8
0.8,0.55,3,2,12.0,0,0,250,38,212,228,0.912,30,0.7895,30,0.7895,198,0.934,44,220,220,8
0.8,0.55,3,2,18.0,0,0,250,38,212,228,0.912,30,0.7895,30,0.7895,198,0.934,44,220,220,8
0.8,0.55,3,2,24.0,0,0,250,38,212,228,0.912,30,0.7895,30,0.7895,198,0.934,44,220,220,8
0.8,0.55,3,2,32.0,0,0,250,38,212,228,0.912,30,0.7895,30,0.7895,198,0.934,44,220,220,8
0.8,0.55,3,2,48.0,0,0,250,38,212,228,0.912,30,0.7895,30,0.7895,198,0.934,44,220,220,8
0.55,0.55,2,0,24.0,0,0,250,38,212,227,0.908,38,1.0,38,1.0,189,0.8915,61,209,212,0
0.55,0.55,2,0,32.0,0,0,250,38,212,227,0.908,38,1.0,38,1.0,189,0.8915,61,209,212,0
0.55,0.55,2,0,48.0,0,0,250,38,212,227,0.908,38,1.0,38,1.0,189,0.8915,61,209,212,0
0.55,0.55,2,1,12.0,0,0,250,38,212,227,0.908,38,1.0,38,1.0,189,0.8915,61,209,212,0
0.55,0.55,2,1,18.0,0,0,250,38,212,227,0.908,38,1.0,38,1.0,189,0.8915,61,209,212,0
0.6,0.45,2,1,12.0,0,0,250,38,212,227,0.908,38,1.0,38,1.0,189,0.8915,61,210,212,0
0.6,0.45,2,1,18.0,0,0,250,38,212,227,0.908,38,1.0,38,1.0,189,0.8915,61,210,212,0
0.6,0.5,2,1,12.0,0,0,250,38,212,227,0.908,38,1.0,38,1.0,189,0.8915,61,210,212,0
0.6,0.5,2,1,18.0,0,0,250,38,212,227,0.908,38,1.0,38,1.0,189,0.8915,61,210,212,0
0.6,0.55,1,2,12.0,0,0,250,38,212,227,0.908,38,1.0,38,1.0,189,0.8915,61,209,212,0
0.6,0.55,1,2,18.0,0,0,250,38,212,227,0.908,38,1.0,38,1.0,189,0.8915,61,209,212,0
0.65,0.45,2,1,24.0,0,0,250,38,212,227,0.908,38,1.0,38,1.0,189,0.8915,61,211,212,0
0.65,0.45,2,1,32.0,0,0,250,38,212,227,0.908,38,1.0,38,1.0,189,0.8915,61,211,212,0
0.65,0.45,2,1,48.0,0,0,250,38,212,227,0.908,38,1.0,38,1.0,189,0.8915,61,211,212,0
0.65,0.45,2,2,24.0,0,0,250,38,212,227,0.908,38,1.0,38,1.0,189,0.8915,61,211,212,0
0.65,0.45,2,2,32.0,0,0,250,38,212,227,0.908,38,1.0,38,1.0,189,0.8915,61,211,212,0
0.65,0.45,2,2,48.0,0,0,250,38,212,227,0.908,38,1.0,38,1.0,189,0.8915,61,211,212,0
0.65,0.5,2,1,24.0,0,0,250,38,212,227,0.908,38,1.0,38,1.0,189,0.8915,61,211,212,0
0.65,0.5,2,1,32.0,0,0,250,38,212,227,0.908,38,1.0,38,1.0,189,0.8915,61,211,212,0
0.65,0.5,2,1,48.0,0,0,250,38,212,227,0.908,38,1.0,38,1.0,189,0.8915,61,211,212,0
0.65,0.5,2,2,24.0,0,0,250,38,212,227,0.908,38,1.0,38,1.0,189,0.8915,61,211,212,0
0.65,0.5,2,2,32.0,0,0,250,38,212,227,0.908,38,1.0,38,1.0,189,0.8915,61,211,212,0
0.65,0.5,2,2,48.0,0,0,250,38,212,227,0.908,38,1.0,38,1.0,189,0.8915,61,211,212,0
0.65,0.55,1,1,12.0,0,0,250,38,212,227,0.908,38,1.0,38,1.0,189,0.8915,61,210,212,0
0.65,0.55,1,1,18.0,0,0,250,38,212,227,0.908,38,1.0,38,1.0,189,0.8915,61,210,212,0
0.7,0.45,1,1,24.0,0,0,250,38,212,227,0.908,38,1.0,38,1.0,189,0.8915,61,210,212,0
0.7,0.45,1,1,32.0,0,0,250,38,212,227,0.908,38,1.0,38,1.0,189,0.8915,61,210,212,0
0.7,0.45,1,1,48.0,0,0,250,38,212,227,0.908,38,1.0,38,1.0,189,0.8915,61,210,212,0
0.7,0.45,1,2,24.0,0,0,250,38,212,227,0.908,38,1.0,38,1.0,189,0.8915,61,210,212,0
0.7,0.45,1,2,32.0,0,0,250,38,212,227,0.908,38,1.0,38,1.0,189,0.8915,61,210,212,0
0.7,0.45,1,2,48.0,0,0,250,38,212,227,0.908,38,1.0,38,1.0,189,0.8915,61,210,212,0
0.7,0.5,1,1,24.0,0,0,250,38,212,227,0.908,38,1.0,38,1.0,189,0.8915,61,210,212,0
0.7,0.5,1,1,32.0,0,0,250,38,212,227,0.908,38,1.0,38,1.0,189,0.8915,61,210,212,0
0.7,0.5,1,1,48.0,0,0,250,38,212,227,0.908,38,1.0,38,1.0,189,0.8915,61,210,212,0
0.7,0.5,1,2,24.0,0,0,250,38,212,227,0.908,38,1.0,38,1.0,189,0.8915,61,210,212,0
0.7,0.5,1,2,32.0,0,0,250,38,212,227,0.908,38,1.0,38,1.0,189,0.8915,61,210,212,0
0.7,0.5,1,2,48.0,0,0,250,38,212,227,0.908,38,1.0,38,1.0,189,0.8915,61,210,212,0
0.75,0.45,1,1,24.0,0,0,250,38,212,227,0.908,38,1.0,38,1.0,189,0.8915,61,210,212,0
0.75,0.45,1,1,32.0,0,0,250,38,212,227,0.908,38,1.0,38,1.0,189,0.8915,61,210,212,0
0.75,0.45,1,1,48.0,0,0,250,38,212,227,0.908,38,1.0,38,1.0,189,0.8915,61,210,212,0
0.75,0.45,1,2,24.0,0,0,250,38,212,227,0.908,38,1.0,38,1.0,189,0.8915,61,210,212,0
0.75,0.45,1,2,32.0,0,0,250,38,212,227,0.908,38,1.0,38,1.0,189,0.8915,61,210,212,0
0.75,0.45,1,2,48.0,0,0,250,38,212,227,0.908,38,1.0,38,1.0,189,0.8915,61,210,212,0
0.75,0.5,1,1,24.0,0,0,250,38,212,227,0.908,38,1.0,38,1.0,189,0.8915,61,210,212,0
0.75,0.5,1,1,32.0,0,0,250,38,212,227,0.908,38,1.0,38,1.0,189,0.8915,61,210,212,0
0.75,0.5,1,1,48.0,0,0,250,38,212,227,0.908,38,1.0,38,1.0,189,0.8915,61,210,212,0
0.75,0.5,1,2,24.0,0,0,250,38,212,227,0.908,38,1.0,38,1.0,189,0.8915,61,210,212,0
0.75,0.5,1,2,32.0,0,0,250,38,212,227,0.908,38,1.0,38,1.0,189,0.8915,61,210,212,0
0.75,0.5,1,2,48.0,0,0,250,38,212,227,0.908,38,1.0,38,1.0,189,0.8915,61,210,212,0
0.85,0.55,2,1,12.0,0,0,250,38,212,227,0.908,30,0.7895,30,0.7895,197,0.9292,45,220,220,8
0.85,0.55,2,1,18.0,0,0,250,38,212,227,0.908,30,0.7895,30,0.7895,197,0.9292,45,220,220,8
0.85,0.55,2,1,24.0,0,0,250,38,212,227,0.908,30,0.7895,30,0.7895,197,0.9292,45,220,220,8
0.85,0.55,2,1,32.0,0,0,250,38,212,227,0.908,30,0.7895,30,0.7895,197,0.9292,45,220,220,8
0.85,0.55,2,1,48.0,0,0,250,38,212,227,0.908,30,0.7895,30,0.7895,197,0.9292,45,220,220,8
0.85,0.55,2,2,12.0,0,0,250,38,212,227,0.908,30,0.7895,30,0.7895,197,0.9292,45,220,220,8
0.85,0.55,2,2,18.0,0,0,250,38,212,227,0.908,30,0.7895,30,0.7895,197,0.9292,45,220,220,8
0.85,0.55,2,2,24.0,0,0,250,38,212,227,0.908,30,0.7895,30,0.7895,197,0.9292,45,220,220,8
0.85,0.55,2,2,32.0,0,0,250,38,212,227,0.908,30,0.7895,30,0.7895,197,0.9292,45,220,220,8
0.85,0.55,2,2,48.0,0,0,250,38,212,227,0.908,30,0.7895,30,0.7895,197,0.9292,45,220,220,8
0.5,0.5,3,0,12.0,0,0,250,38,212,226,0.904,38,1.0,38,1.0,188,0.8868,62,210,212,0
0.5,0.5,3,0,18.0,0,0,250,38,212,226,0.904,38,1.0,38,1.0,188,0.8868,62,210,212,0
0.5,0.5,3,2,12.0,0,0,250,38,212,226,0.904,38,1.0,38,1.0,188,0.8868,62,210,212,0
0.5,0.5,3,2,18.0,0,0,250,38,212,226,0.904,38,1.0,38,1.0,188,0.8868,62,210,212,0
0.55,0.45,2,2,12.0,0,0,250,38,212,226,0.904,38,1.0,38,1.0,188,0.8868,62,209,212,0
0.55,0.45,2,2,18.0,0,0,250,38,212,226,0.904,38,1.0,38,1.0,188,0.8868,62,209,212,0
0.55,0.5,2,2,12.0,0,0,250,38,212,226,0.904,38,1.0,38,1.0,188,0.8868,62,209,212,0
0.55,0.5,2,2,18.0,0,0,250,38,212,226,0.904,38,1.0,38,1.0,188,0.8868,62,209,212,0
0.55,0.55,3,1,24.0,0,0,250,38,212,226,0.904,38,1.0,38,1.0,188,0.8868,62,210,212,0
0.55,0.55,3,1,32.0,0,0,250,38,212,226,0.904,38,1.0,38,1.0,188,0.8868,62,210,212,0
0.55,0.55,3,1,48.0,0,0,250,38,212,226,0.904,38,1.0,38,1.0,188,0.8868,62,210,212,0
0.55,0.55,3,2,24.0,0,0,250,38,212,226,0.904,38,1.0,38,1.0,188,0.8868,62,210,212,0
0.55,0.55,3,2,32.0,0,0,250,38,212,226,0.904,38,1.0,38,1.0,188,0.8868,62,210,212,0
0.55,0.55,3,2,48.0,0,0,250,38,212,226,0.904,38,1.0,38,1.0,188,0.8868,62,210,212,0
0.6,0.45,3,1,24.0,0,0,250,38,212,226,0.904,38,1.0,38,1.0,188,0.8868,62,211,212,0
0.6,0.45,3,1,32.0,0,0,250,38,212,226,0.904,38,1.0,38,1.0,188,0.8868,62,211,212,0
0.6,0.45,3,1,48.0,0,0,250,38,212,226,0.904,38,1.0,38,1.0,188,0.8868,62,211,212,0
0.6,0.45,3,2,24.0,0,0,250,38,212,226,0.904,38,1.0,38,1.0,188,0.8868,62,211,212,0
0.6,0.45,3,2,32.0,0,0,250,38,212,226,0.904,38,1.0,38,1.0,188,0.8868,62,211,212,0
0.6,0.45,3,2,48.0,0,0,250,38,212,226,0.904,38,1.0,38,1.0,188,0.8868,62,211,212,0
0.6,0.5,3,1,24.0,0,0,250,38,212,226,0.904,38,1.0,38,1.0,188,0.8868,62,211,212,0
0.6,0.5,3,1,32.0,0,0,250,38,212,226,0.904,38,1.0,38,1.0,188,0.8868,62,211,212,0
0.6,0.5,3,1,48.0,0,0,250,38,212,226,0.904,38,1.0,38,1.0,188,0.8868,62,211,212,0
0.6,0.5,3,2,24.0,0,0,250,38,212,226,0.904,38,1.0,38,1.0,188,0.8868,62,211,212,0
0.6,0.5,3,2,32.0,0,0,250,38,212,226,0.904,38,1.0,38,1.0,188,0.8868,62,211,212,0
0.6,0.5,3,2,48.0,0,0,250,38,212,226,0.904,38,1.0,38,1.0,188,0.8868,62,211,212,0
0.6,0.55,1,1,12.0,0,0,250,38,212,226,0.904,38,1.0,38,1.0,188,0.8868,62,209,212,0
0.6,0.55,1,1,18.0,0,0,250,38,212,226,0.904,38,1.0,38,1.0,188,0.8868,62,209,212,0
0.6,0.55,2,1,24.0,0,0,250,38,212,226,0.904,38,1.0,38,1.0,188,0.8868,62,210,212,0
0.6,0.55,2,1,32.0,0,0,250,38,212,226,0.904,38,1.0,38,1.0,188,0.8868,62,210,212,0
0.6,0.55,2,1,48.0,0,0,250,38,212,226,0.904,38,1.0,38,1.0,188,0.8868,62,210,212,0
0.6,0.55,2,2,24.0,0,0,250,38,212,226,0.904,38,1.0,38,1.0,188,0.8868,62,210,212,0
0.6,0.55,2,2,32.0,0,0,250,38,212,226,0.904,38,1.0,38,1.0,188,0.8868,62,210,212,0
0.6,0.55,2,2,48.0,0,0,250,38,212,226,0.904,38,1.0,38,1.0,188,0.8868,62,210,212,0
0.65,0.45,1,2,12.0,0,0,250,38,212,226,0.904,38,1.0,38,1.0,188,0.8868,62,210,212,0
0.65,0.45,1,2,18.0,0,0,250,38,212,226,0.904,38,1.0,38,1.0,188,0.8868,62,210,212,0
0.65,0.5,1,2,12.0,0,0,250,38,212,226,0.904,38,1.0,38,1.0,188,0.8868,62,210,212,0
0.65,0.5,1,2,18.0,0,0,250,38,212,226,0.904,38,1.0,38,1.0,188,0.8868,62,210,212,0
0.7,0.45,3,1,24.0,0,0,250,38,212,226,0.904,33,0.8684,33,0.8684,193,0.9104,52,217,217,5
0.7,0.45,3,1,32.0,0,0,250,38,212,226,0.904,33,0.8684,33,0.8684,193,0.9104,52,217,217,5
0.7,0.45,3,1,48.0,0,0,250,38,212,226,0.904,33,0.8684,33,0.8684,193,0.9104,52,217,217,5
0.7,0.45,3,2,24.0,0,0,250,38,212,226,0.904,33,0.8684,33,0.8684,193,0.9104,52,217,217,5
0.7,0.45,3,2,32.0,0,0,250,38,212,226,0.904,33,0.8684,33,0.8684,193,0.9104,52,217,217,5
0.7,0.45,3,2,48.0,0,0,250,38,212,226,0.904,33,0.8684,33,0.8684,193,0.9104,52,217,217,5
0.7,0.5,3,1,24.0,0,0,250,38,212,226,0.904,33,0.8684,33,0.8684,193,0.9104,52,217,217,5
0.7,0.5,3,1,32.0,0,0,250,38,212,226,0.904,33,0.8684,33,0.8684,193,0.9104,52,217,217,5
0.7,0.5,3,1,48.0,0,0,250,38,212,226,0.904,33,0.8684,33,0.8684,193,0.9104,52,217,217,5
0.7,0.5,3,2,24.0,0,0,250,38,212,226,0.904,33,0.8684,33,0.8684,193,0.9104,52,217,217,5
0.7,0.5,3,2,32.0,0,0,250,38,212,226,0.904,33,0.8684,33,0.8684,193,0.9104,52,217,217,5
0.7,0.5,3,2,48.0,0,0,250,38,212,226,0.904,33,0.8684,33,0.8684,193,0.9104,52,217,217,5
0.75,0.45,3,1,12.0,0,0,250,38,212,226,0.904,31,0.8158,31,0.8158,195,0.9198,48,219,219,7
0.75,0.45,3,1,18.0,0,0,250,38,212,226,0.904,31,0.8158,31,0.8158,195,0.9198,48,219,219,7
0.75,0.45,3,2,12.0,0,0,250,38,212,226,0.904,31,0.8158,31,0.8158,195,0.9198,48,219,219,7
0.75,0.45,3,2,18.0,0,0,250,38,212,226,0.904,31,0.8158,31,0.8158,195,0.9198,48,219,219,7
0.75,0.5,3,1,12.0,0,0,250,38,212,226,0.904,31,0.8158,31,0.8158,195,0.9198,48,219,219,7
0.75,0.5,3,1,18.0,0,0,250,38,212,226,0.904,31,0.8158,31,0.8158,195,0.9198,48,219,219,7
0.75,0.5,3,2,12.0,0,0,250,38,212,226,0.904,31,0.8158,31,0.8158,195,0.9198,48,219,219,7
0.75,0.5,3,2,18.0,0,0,250,38,212,226,0.904,31,0.8158,31,0.8158,195,0.9198,48,219,219,7
0.75,0.55,3,1,24.0,0,0,250,38,212,226,0.904,31,0.8158,31,0.8158,195,0.9198,48,219,219,7
0.75,0.55,3,1,32.0,0,0,250,38,212,226,0.904,31,0.8158,31,0.8158,195,0.9198,48,219,219,7
0.75,0.55,3,1,48.0,0,0,250,38,212,226,0.904,31,0.8158,31,0.8158,195,0.9198,48,219,219,7
0.75,0.55,3,2,24.0,0,0,250,38,212,226,0.904,31,0.8158,31,0.8158,195,0.9198,48,219,219,7
0.75,0.55,3,2,32.0,0,0,250,38,212,226,0.904,31,0.8158,31,0.8158,195,0.9198,48,219,219,7
0.75,0.55,3,2,48.0,0,0,250,38,212,226,0.904,31,0.8158,31,0.8158,195,0.9198,48,219,219,7
0.8,0.45,3,1,12.0,0,0,250,38,212,226,0.904,30,0.7895,30,0.7895,196,0.9245,46,220,220,8
0.8,0.45,3,1,18.0,0,0,250,38,212,226,0.904,30,0.7895,30,0.7895,196,0.9245,46,220,220,8
0.8,0.45,3,1,24.0,0,0,250,38,212,226,0.904,30,0.7895,30,0.7895,196,0.9245,46,220,220,8
0.8,0.45,3,1,32.0,0,0,250,38,212,226,0.904,30,0.7895,30,0.7895,196,0.9245,46,220,220,8
0.8,0.45,3,1,48.0,0,0,250,38,212,226,0.904,30,0.7895,30,0.7895,196,0.9245,46,220,220,8
0.8,0.45,3,2,12.0,0,0,250,38,212,226,0.904,30,0.7895,30,0.7895,196,0.9245,46,220,220,8
0.8,0.45,3,2,18.0,0,0,250,38,212,226,0.904,30,0.7895,30,0.7895,196,0.9245,46,220,220,8
0.8,0.45,3,2,24.0,0,0,250,38,212,226,0.904,30,0.7895,30,0.7895,196,0.9245,46,220,220,8
0.8,0.45,3,2,32.0,0,0,250,38,212,226,0.904,30,0.7895,30,0.7895,196,0.9245,46,220,220,8
0.8,0.45,3,2,48.0,0,0,250,38,212,226,0.904,30,0.7895,30,0.7895,196,0.9245,46,220,220,8
0.8,0.5,3,1,12.0,0,0,250,38,212,226,0.904,30,0.7895,30,0.7895,196,0.9245,46,220,220,8
0.8,0.5,3,1,18.0,0,0,250,38,212,226,0.904,30,0.7895,30,0.7895,196,0.9245,46,220,220,8
0.8,0.5,3,1,24.0,0,0,250,38,212,226,0.904,30,0.7895,30,0.7895,196,0.9245,46,220,220,8
0.8,0.5,3,1,32.0,0,0,250,38,212,226,0.904,30,0.7895,30,0.7895,196,0.9245,46,220,220,8
0.8,0.5,3,1,48.0,0,0,250,38,212,226,0.904,30,0.7895,30,0.7895,196,0.9245,46,220,220,8
0.8,0.5,3,2,12.0,0,0,250,38,212,226,0.904,30,0.7895,30,0.7895,196,0.9245,46,220,220,8
0.8,0.5,3,2,18.0,0,0,250,38,212,226,0.904,30,0.7895,30,0.7895,196,0.9245,46,220,220,8
0.8,0.5,3,2,24.0,0,0,250,38,212,226,0.904,30,0.7895,30,0.7895,196,0.9245,46,220,220,8
0.8,0.5,3,2,32.0,0,0,250,38,212,226,0.904,30,0.7895,30,0.7895,196,0.9245,46,220,220,8
0.8,0.5,3,2,48.0,0,0,250,38,212,226,0.904,30,0.7895,30,0.7895,196,0.9245,46,220,220,8
0.5,0.5,3,1,12.0,0,0,250,38,212,225,0.9,38,1.0,38,1.0,187,0.8821,63,210,212,0
0.5,0.5,3,1,18.0,0,0,250,38,212,225,0.9,38,1.0,38,1.0,187,0.8821,63,210,212,0
0.55,0.45,2,0,12.0,0,0,250,38,212,225,0.9,38,1.0,38,1.0,187,0.8821,63,209,212,0
0.55,0.45,2,0,18.0,0,0,250,38,212,225,0.9,38,1.0,38,1.0,187,0.8821,63,209,212,0
0.55,0.45,2,1,12.0,0,0,250,38,212,225,0.9,38,1.0,38,1.0,187,0.8821,63,209,212,0
0.55,0.45,2,1,18.0,0,0,250,38,212,225,0.9,38,1.0,38,1.0,187,0.8821,63,209,212,0
0.55,0.5,2,0,12.0,0,0,250,38,212,225,0.9,38,1.0,38,1.0,187,0.8821,63,209,212,0
0.55,0.5,2,0,18.0,0,0,250,38,212,225,0.9,38,1.0,38,1.0,187,0.8821,63,209,212,0
0.55,0.5,2,1,12.0,0,0,250,38,212,225,0.9,38,1.0,38,1.0,187,0.8821,63,209,212,0
0.55,0.5,2,1,18.0,0,0,250,38,212,225,0.9,38,1.0,38,1.0,187,0.8821,63,209,212,0
0.6,0.45,1,2,12.0,0,0,250,38,212,225,0.9,38,1.0,38,1.0,187,0.8821,63,209,212,0
0.6,0.45,1,2,18.0,0,0,250,38,212,225,0.9,38,1.0,38,1.0,187,0.8821,63,209,212,0
0.6,0.5,1,2,12.0,0,0,250,38,212,225,0.9,38,1.0,38,1.0,187,0.8821,63,209,212,0
0.6,0.5,1,2,18.0,0,0,250,38,212,225,0.9,38,1.0,38,1.0,187,0.8821,63,209,212,0
0.65,0.45,1,1,12.0,0,0,250,38,212,225,0.9,38,1.0,38,1.0,187,0.8821,63,210,212,0
0.65,0.45,1,1,18.0,0,0,250,38,212,225,0.9,38,1.0,38,1.0,187,0.8821,63,210,212,0
0.65,0.5,1,1,12.0,0,0,250,38,212,225,0.9,38,1.0,38,1.0,187,0.8821,63,210,212,0
0.65,0.5,1,1,18.0,0,0,250,38,212,225,0.9,38,1.0,38,1.0,187,0.8821,63,210,212,0
0.65,0.55,1,1,24.0,0,0,250,38,212,225,0.9,38,1.0,38,1.0,187,0.8821,63,210,212,0
0.65,0.55,1,1,32.0,0,0,250,38,212,225,0.9,38,1.0,38,1.0,187,0.8821,63,210,212,0
0.65,0.55,1,1,48.0,0,0,250,38,212,225,0.9,38,1.0,38,1.0,187,0.8821,63,210,212,0
0.65,0.55,1,2,24.0,0,0,250,38,212,225,0.9,38,1.0,38,1.0,187,0.8821,63,210,212,0
0.65,0.55,1,2,32.0,0,0,250,38,212,225,0.9,38,1.0,38,1.0,187,0.8821,63,210,212,0
0.65,0.55,1,2,48.0,0,0,250,38,212,225,0.9,38,1.0,38,1.0,187,0.8821,63,210,212,0
0.85,0.45,2,1,12.0,0,0,250,38,212,225,0.9,30,0.7895,30,0.7895,195,0.9198,47,220,220,8
0.85,0.45,2,1,18.0,0,0,250,38,212,225,0.9,30,0.7895,30,0.7895,195,0.9198,47,220,220,8
0.85,0.45,2,1,24.0,0,0,250,38,212,225,0.9,30,0.7895,30,0.7895,195,0.9198,47,220,220,8
0.85,0.45,2,1,32.0,0,0,250,38,212,225,0.9,30,0.7895,30,0.7895,195,0.9198,47,220,220,8
0.85,0.45,2,1,48.0,0,0,250,38,212,225,0.9,30,0.7895,30,0.7895,195,0.9198,47,220,220,8
0.85,0.45,2,2,12.0,0,0,250,38,212,225,0.9,30,0.7895,30,0.7895,195,0.9198,47,220,220,8
0.85,0.45,2,2,18.0,0,0,250,38,212,225,0.9,30,0.7895,30,0.7895,195,0.9198,47,220,220,8
0.85,0.45,2,2,24.0,0,0,250,38,212,225,0.9,30,0.7895,30,0.7895,195,0.9198,47,220,220,8
0.85,0.45,2,2,32.0,0,0,250,38,212,225,0.9,30,0.7895,30,0.7895,195,0.9198,47,220,220,8
0.85,0.45,2,2,48.0,0,0,250,38,212,225,0.9,30,0.7895,30,0.7895,195,0.9198,47,220,220,8
0.85,0.5,2,1,12.0,0,0,250,38,212,225,0.9,30,0.7895,30,0.7895,195,0.9198,47,220,220,8
0.85,0.5,2,1,18.0,0,0,250,38,212,225,0.9,30,0.7895,30,0.7895,195,0.9198,47,220,220,8
0.85,0.5,2,1,24.0,0,0,250,38,212,225,0.9,30,0.7895,30,0.7895,195,0.9198,47,220,220,8
0.85,0.5,2,1,32.0,0,0,250,38,212,225,0.9,30,0.7895,30,0.7895,195,0.9198,47,220,220,8
0.85,0.5,2,1,48.0,0,0,250,38,212,225,0.9,30,0.7895,30,0.7895,195,0.9198,47,220,220,8
0.85,0.5,2,2,12.0,0,0,250,38,212,225,0.9,30,0.7895,30,0.7895,195,0.9198,47,220,220,8
0.85,0.5,2,2,18.0,0,0,250,38,212,225,0.9,30,0.7895,30,0.7895,195,0.9198,47,220,220,8
0.85,0.5,2,2,24.0,0,0,250,38,212,225,0.9,30,0.7895,30,0.7895,195,0.9198,47,220,220,8
0.85,0.5,2,2,32.0,0,0,250,38,212,225,0.9,30,0.7895,30,0.7895,195,0.9198,47,220,220,8
0.85,0.5,2,2,48.0,0,0,250,38,212,225,0.9,30,0.7895,30,0.7895,195,0.9198,47,220,220,8
0.55,0.45,3,1,24.0,0,0,250,38,212,224,0.896,38,1.0,38,1.0,186,0.8774,64,210,212,0
0.55,0.45,3,1,32.0,0,0,250,38,212,224,0.896,38,1.0,38,1.0,186,0.8774,64,210,212,0
0.55,0.45,3,1,48.0,0,0,250,38,212,224,0.896,38,1.0,38,1.0,186,0.8774,64,210,212,0
0.55,0.45,3,2,24.0,0,0,250,38,212,224,0.896,38,1.0,38,1.0,186,0.8774,64,210,212,0
0.55,0.45,3,2,32.0,0,0,250,38,212,224,0.896,38,1.0,38,1.0,186,0.8774,64,210,212,0
0.55,0.45,3,2,48.0,0,0,250,38,212,224,0.896,38,1.0,38,1.0,186,0.8774,64,210,212,0
0.55,0.5,3,1,24.0,0,0,250,38,212,224,0.896,38,1.0,38,1.0,186,0.8774,64,210,212,0
0.55,0.5,3,1,32.0,0,0,250,38,212,224,0.896,38,1.0,38,1.0,186,0.8774,64,210,212,0
0.55,0.5,3,1,48.0,0,0,250,38,212,224,0.896,38,1.0,38,1.0,186,0.8774,64,210,212,0
0.55,0.5,3,2,24.0,0,0,250,38,212,224,0.896,38,1.0,38,1.0,186,0.8774,64,210,212,0
0.55,0.5,3,2,32.0,0,0,250,38,212,224,0.896,38,1.0,38,1.0,186,0.8774,64,210,212,0
0.55,0.5,3,2,48.0,0,0,250,38,212,224,0.896,38,1.0,38,1.0,186,0.8774,64,210,212,0
0.55,0.55,1,2,12.0,0,0,250,38,212,224,0.896,38,1.0,38,1.0,186,0.8774,64,208,212,0
0.55,0.55,1,2,18.0,0,0,250,38,212,224,0.896,38,1.0,38,1.0,186,0.8774,64,208,212,0
0.55,0.55,2,1,24.0,0,0,250,38,212,224,0.896,38,1.0,38,1.0,186,0.8774,64,209,212,0
0.55,0.55,2,1,32.0,0,0,250,38,212,224,0.896,38,1.0,38,1.0,186,0.8774,64,209,212,0
0.55,0.55,2,1,48.0,0,0,250,38,212,224,0.896,38,1.0,38,1.0,186,0.8774,64,209,212,0
0.55,0.55,2,2,24.0,0,0,250,38,212,224,0.896,38,1.0,38,1.0,186,0.8774,64,209,212,0
0.55,0.55,2,2,32.0,0,0,250,38,212,224,0.896,38,1.0,38,1.0,186,0.8774,64,209,212,0
0.55,0.55,2,2,48.0,0,0,250,38,212,224,0.896,38,1.0,38,1.0,186,0.8774,64,209,212,0
0.6,0.45,1,1,12.0,0,0,250,38,212,224,0.896,38,1.0,38,1.0,186,0.8774,64,209,212,0
0.6,0.45,1,1,18.0,0,0,250,38,212,224,0.896,38,1.0,38,1.0,186,0.8774,64,209,212,0
0.6,0.45,2,1,24.0,0,0,250,38,212,224,0.896,38,1.0,38,1.0,186,0.8774,64,210,212,0
0.6,0.45,2,1,32.0,0,0,250,38,212,224,0.896,38,1.0,38,1.0,186,0.8774,64,210,212,0
0.6,0.45,2,1,48.0,0,0,250,38,212,224,0.896,38,1.0,38,1.0,186,0.8774,64,210,212,0
0.6,0.45,2,2,24.0,0,0,250,38,212,224,0.896,38,1.0,38,1.0,186,0.8774,64,210,212,0
0.6,0.45,2,2,32.0,0,0,250,38,212,224,0.896,38,1.0,38,1.0,186,0.8774,64,210,212,0
0.6,0.45,2,2,48.0,0,0,250,38,212,224,0.896,38,1.0,38,1.0,186,0.8774,64,210,212,0
0.6,0.5,1,1,12.0,0,0,250,38,212,224,0.896,38,1.0,38,1.0,186,0.8774,64,209,212,0
0.6,0.5,1,1,18.0,0,0,250,38,212,224,0.896,38,1.0,38,1.0,186,0.8774,64,209,212,0
0.6,0.5,2,1,24.0,0,0,250,38,212,224,0.896,38,1.0,38,1.0,186,0.8774,64,210,212,0
0.6,0.5,2,1,32.0,0,0,250,38,212,224,0.896,38,1.0,38,1.0,186,0.8774,64,210,212,0
0.6,0.5,2,1,48.0,0,0,250,38,212,224,0.896,38,1.0,38,1.0,186,0.8774,64,210,212,0
0.6,0.5,2,2,24.0,0,0,250,38,212,224,0.896,38,1.0,38,1.0,186,0.8774,64,210,212,0
0.6,0.5,2,2,32.0,0,0,250,38,212,224,0.896,38,1.0,38,1.0,186,0.8774,64,210,212,0
0.6,0.5,2,2,48.0,0,0,250,38,212,224,0.896,38,1.0,38,1.0,186,0.8774,64,210,212,0
0.6,0.55,1,1,24.0,0,0,250,38,212,224,0.896,38,1.0,38,1.0,186,0.8774,64,209,212,0
0.6,0.55,1,1,32.0,0,0,250,38,212,224,0.896,38,1.0,38,1.0,186,0.8774,64,209,212,0
0.6,0.55,1,1,48.0,0,0,250,38,212,224,0.896,38,1.0,38,1.0,186,0.8774,64,209,212,0
0.6,0.55,1,2,24.0,0,0,250,38,212,224,0.896,38,1.0,38,1.0,186,0.8774,64,209,212,0
0.6,0.55,1,2,32.0,0,0,250,38,212,224,0.896,38,1.0,38,1.0,186,0.8774,64,209,212,0
0.6,0.55,1,2,48.0,0,0,250,38,212,224,0.896,38,1.0,38,1.0,186,0.8774,64,209,212,0
0.75,0.45,3,1,24.0,0,0,250,38,212,224,0.896,31,0.8158,31,0.8158,193,0.9104,50,219,219,7
0.75,0.45,3,1,32.0,0,0,250,38,212,224,0.896,31,0.8158,31,0.8158,193,0.9104,50,219,219,7
0.75,0.45,3,1,48.0,0,0,250,38,212,224,0.896,31,0.8158,31,0.8158,193,0.9104,50,219,219,7
0.75,0.45,3,2,24.0,0,0,250,38,212,224,0.896,31,0.8158,31,0.8158,193,0.9104,50,219,219,7
0.75,0.45,3,2,32.0,0,0,250,38,212,224,0.896,31,0.8158,31,0.8158,193,0.9104,50,219,219,7
0.75,0.45,3,2,48.0,0,0,250,38,212,224,0.896,31,0.8158,31,0.8158,193,0.9104,50,219,219,7
0.75,0.5,3,1,24.0,0,0,250,38,212,224,0.896,31,0.8158,31,0.8158,193,0.9104,50,219,219,7
0.75,0.5,3,1,32.0,0,0,250,38,212,224,0.896,31,0.8158,31,0.8158,193,0.9104,50,219,219,7
0.75,0.5,3,1,48.0,0,0,250,38,212,224,0.896,31,0.8158,31,0.8158,193,0.9104,50,219,219,7
0.75,0.5,3,2,24.0,0,0,250,38,212,224,0.896,31,0.8158,31,0.8158,193,0.9104,50,219,219,7
0.75,0.5,3,2,32.0,0,0,250,38,212,224,0.896,31,0.8158,31,0.8158,193,0.9104,50,219,219,7
0.75,0.5,3,2,48.0,0,0,250,38,212,224,0.896,31,0.8158,31,0.8158,193,0.9104,50,219,219,7
0.5,0.5,3,0,24.0,0,0,250,38,212,223,0.892,38,1.0,38,1.0,185,0.8726,65,210,212,0
0.5,0.5,3,0,32.0,0,0,250,38,212,223,0.892,38,1.0,38,1.0,185,0.8726,65,210,212,0
0.5,0.5,3,0,48.0,0,0,250,38,212,223,0.892,38,1.0,38,1.0,185,0.8726,65,210,212,0
0.55,0.45,2,0,24.0,0,0,250,38,212,223,0.892,38,1.0,38,1.0,185,0.8726,65,209,212,0
0.55,0.45,2,0,32.0,0,0,250,38,212,223,0.892,38,1.0,38,1.0,185,0.8726,65,209,212,0
0.55,0.45,2,0,48.0,0,0,250,38,212,223,0.892,38,1.0,38,1.0,185,0.8726,65,209,212,0
0.55,0.5,2,0,24.0,0,0,250,38,212,223,0.892,38,1.0,38,1.0,185,0.8726,65,209,212,0
0.55,0.5,2,0,32.0,0,0,250,38,212,223,0.892,38,1.0,38,1.0,185,0.8726,65,209,212,0
0.55,0.5,2,0,48.0,0,0,250,38,212,223,0.892,38,1.0,38,1.0,185,0.8726,65,209,212,0
0.55,0.55,1,1,12.0,0,0,250,38,212,223,0.892,38,1.0,38,1.0,185,0.8726,65,208,212,0
0.55,0.55,1,1,18.0,0,0,250,38,212,223,0.892,38,1.0,38,1.0,185,0.8726,65,208,212,0
0.6,0.45,1,0,12.0,0,0,250,38,212,223,0.892,38,1.0,38,1.0,185,0.8726,65,209,212,0
0.6,0.45,1,0,18.0,0,0,250,38,212,223,0.892,38,1.0,38,1.0,185,0.8726,65,209,212,0
0.6,0.5,1,0,12.0,0,0,250,38,212,223,0.892,38,1.0,38,1.0,185,0.8726,65,209,212,0
0.6,0.5,1,0,18.0,0,0,250,38,212,223,0.892,38,1.0,38,1.0,185,0.8726,65,209,212,0
0.65,0.45,1,1,24.0,0,0,250,38,212,223,0.892,38,1.0,38,1.0,185,0.8726,65,210,212,0
0.65,0.45,1,1,32.0,0,0,250,38,212,223,0.892,38,1.0,38,1.0,185,0.8726,65,210,212,0
0.65,0.45,1,1,48.0,0,0,250,38,212,223,0.892,38,1.0,38,1.0,185,0.8726,65,210,212,0
0.65,0.45,1,2,24.0,0,0,250,38,212,223,0.892,38,1.0,38,1.0,185,0.8726,65,210,212,0
0.65,0.45,1,2,32.0,0,0,250,38,212,223,0.892,38,1.0,38,1.0,185,0.8726,65,210,212,0
0.65,0.45,1,2,48.0,0,0,250,38,212,223,0.892,38,1.0,38,1.0,185,0.8726,65,210,212,0
0.65,0.5,1,1,24.0,0,0,250,38,212,223,0.892,38,1.0,38,1.0,185,0.8726,65,210,212,0
0.65,0.5,1,1,32.0,0,0,250,38,212,223,0.892,38,1.0,38,1.0,185,0.8726,65,210,212,0
0.65,0.5,1,1,48.0,0,0,250,38,212,223,0.892,38,1.0,38,1.0,185,0.8726,65,210,212,0
0.65,0.5,1,2,24.0,0,0,250,38,212,223,0.892,38,1.0,38,1.0,185,0.8726,65,210,212,0
0.65,0.5,1,2,32.0,0,0,250,38,212,223,0.892,38,1.0,38,1.0,185,0.8726,65,210,212,0
0.65,0.5,1,2,48.0,0,0,250,38,212,223,0.892,38,1.0,38,1.0,185,0.8726,65,210,212,0
0.5,0.45,3,0,12.0,0,0,250,38,212,222,0.888,38,1.0,38,1.0,184,0.8679,66,210,212,0
0.5,0.45,3,0,18.0,0,0,250,38,212,222,0.888,38,1.0,38,1.0,184,0.8679,66,210,212,0
0.5,0.45,3,2,12.0,0,0,250,38,212,222,0.888,38,1.0,38,1.0,184,0.8679,66,210,212,0
0.5,0.45,3,2,18.0,0,0,250,38,212,222,0.888,38,1.0,38,1.0,184,0.8679,66,210,212,0
0.55,0.45,2,1,24.0,0,0,250,38,212,222,0.888,38,1.0,38,1.0,184,0.8679,66,209,212,0
0.55,0.45,2,1,32.0,0,0,250,38,212,222,0.888,38,1.0,38,1.0,184,0.8679,66,209,212,0
0.55,0.45,2,1,48.0,0,0,250,38,212,222,0.888,38,1.0,38,1.0,184,0.8679,66,209,212,0
0.55,0.45,2,2,24.0,0,0,250,38,212,222,0.888,38,1.0,38,1.0,184,0.8679,66,209,212,0
0.55,0.45,2,2,32.0,0,0,250,38,212,222,0.888,38,1.0,38,1.0,184,0.8679,66,209,212,0
0.55,0.45,2,2,48.0,0,0,250,38,212,222,0.888,38,1.0,38,1.0,184,0.8679,66,209,212,0
0.55,0.5,2,1,24.0,0,0,250,38,212,222,0.888,38,1.0,38,1.0,184,0.8679,66,209,212,0
0.55,0.5,2,1,32.0,0,0,250,38,212,222,0.888,38,1.0,38,1.0,184,0.8679,66,209,212,0
0.55,0.5,2,1,48.0,0,0,250,38,212,222,0.888,38,1.0,38,1.0,184,0.8679,66,209,212,0
0.55,0.5,2,2,24.0,0,0,250,38,212,222,0.888,38,1.0,38,1.0,184,0.8679,66,209,212,0
0.55,0.5,2,2,32.0,0,0,250,38,212,222,0.888,38,1.0,38,1.0,184,0.8679,66,209,212,0
0.55,0.5,2,2,48.0,0,0,250,38,212,222,0.888,38,1.0,38,1.0,184,0.8679,66,209,212,0
0.55,0.55,1,0,12.0,0,0,250,38,212,222,0.888,38,1.0,38,1.0,184,0.8679,66,208,212,0
0.55,0.55,1,0,18.0,0,0,250,38,212,222,0.888,38,1.0,38,1.0,184,0.8679,66,208,212,0
0.6,0.45,1,0,24.0,0,0,250,38,212,222,0.888,38,1.0,38,1.0,184,0.8679,66,209,212,0
0.6,0.45,1,0,32.0,0,0,250,38,212,222,0.888,38,1.0,38,1.0,184,0.8679,66,209,212,0
0.6,0.45,1,0,48.0,0,0,250,38,212,222,0.888,38,1.0,38,1.0,184,0.8679,66,209,212,0
0.6,0.45,1,1,24.0,0,0,250,38,212,222,0.888,38,1.0,38,1.0,184,0.8679,66,209,212,0
0.6,0.45,1,1,32.0,0,0,250,38,212,222,0.888,38,1.0,38,1.0,184,0.8679,66,209,212,0
0.6,0.45,1,1,48.0,0,0,250,38,212,222,0.888,38,1.0,38,1.0,184,0.8679,66,209,212,0
0.6,0.45,1,2,24.0,0,0,250,38,212,222,0.888,38,1.0,38,1.0,184,0.8679,66,209,212,0
0.6,0.45,1,2,32.0,0,0,250,38,212,222,0.888,38,1.0,38,1.0,184,0.8679,66,209,212,0
0.6,0.45,1,2,48.0,0,0,250,38,212,222,0.888,38,1.0,38,1.0,184,0.8679,66,209,212,0
0.6,0.5,1,0,24.0,0,0,250,38,212,222,0.888,38,1.0,38,1.0,184,0.8679,66,209,212,0
0.6,0.5,1,0,32.0,0,0,250,38,212,222,0.888,38,1.0,38,1.0,184,0.8679,66,209,212,0
0.6,0.5,1,0,48.0,0,0,250,38,212,222,0.888,38,1.0,38,1.0,184,0.8679,66,209,212,0
0.6,0.5,1,1,24.0,0,0,250,38,212,222,0.888,38,1.0,38,1.0,184,0.8679,66,209,212,0
0.6,0.5,1,1,32.0,0,0,250,38,212,222,0.888,38,1.0,38,1.0,184,0.8679,66,209,212,0
0.6,0.5,1,1,48.0,0,0,250,38,212,222,0.888,38,1.0,38,1.0,184,0.8679,66,209,212,0
0.6,0.5,1,2,24.0,0,0,250,38,212,222,0.888,38,1.0,38,1.0,184,0.8679,66,209,212,0
0.6,0.5,1,2,32.0,0,0,250,38,212,222,0.888,38,1.0,38,1.0,184,0.8679,66,209,212,0
0.6,0.5,1,2,48.0,0,0,250,38,212,222,0.888,38,1.0,38,1.0,184,0.8679,66,209,212,0
0.5,0.45,3,1,12.0,0,0,250,38,212,221,0.884,38,1.0,38,1.0,183,0.8632,67,210,212,0
0.5,0.45,3,1,18.0,0,0,250,38,212,221,0.884,38,1.0,38,1.0,183,0.8632,67,210,212,0
0.5,0.5,3,1,24.0,0,0,250,38,212,221,0.884,38,1.0,38,1.0,183,0.8632,67,210,212,0
0.5,0.5,3,1,32.0,0,0,250,38,212,221,0.884,38,1.0,38,1.0,183,0.8632,67,210,212,0
0.5,0.5,3,1,48.0,0,0,250,38,212,221,0.884,38,1.0,38,1.0,183,0.8632,67,210,212,0
0.5,0.5,3,2,24.0,0,0,250,38,212,221,0.884,38,1.0,38,1.0,183,0.8632,67,210,212,0
0.5,0.5,3,2,32.0,0,0,250,38,212,221,0.884,38,1.0,38,1.0,183,0.8632,67,210,212,0
0.5,0.5,3,2,48.0,0,0,250,38,212,221,0.884,38,1.0,38,1.0,183,0.8632,67,210,212,0
0.55,0.55,1,0,24.0,0,0,250,38,212,221,0.884,38,1.0,38,1.0,183,0.8632,67,208,212,0
0.55,0.55,1,0,32.0,0,0,250,38,212,221,0.884,38,1.0,38,1.0,183,0.8632,67,208,212,0
0.55,0.55,1,0,48.0,0,0,250,38,212,221,0.884,38,1.0,38,1.0,183,0.8632,67,208,212,0
0.55,0.55,1,1,24.0,0,0,250,38,212,221,0.884,38,1.0,38,1.0,183,0.8632,67,208,212,0
0.55,0.55,1,1,32.0,0,0,250,38,212,221,0.884,38,1.0,38,1.0,183,0.8632,67,208,212,0
0.55,0.55,1,1,48.0,0,0,250,38,212,221,0.884,38,1.0,38,1.0,183,0.8632,67,208,212,0
0.55,0.55,1,2,24.0,0,0,250,38,212,221,0.884,38,1.0,38,1.0,183,0.8632,67,208,212,0
0.55,0.55,1,2,32.0,0,0,250,38,212,221,0.884,38,1.0,38,1.0,183,0.8632,67,208,212,0
0.55,0.55,1,2,48.0,0,0,250,38,212,221,0.884,38,1.0,38,1.0,183,0.8632,67,208,212,0
0.65,0.02,3,1,12.0,0,0,250,38,212,221,0.884,38,1.0,38,1.0,183,0.8632,67,212,212,0
0.65,0.02,3,1,18.0,0,0,250,38,212,221,0.884,38,1.0,38,1.0,183,0.8632,67,212,212,0
0.65,0.05,3,1,12.0,0,0,250,38,212,221,0.884,38,1.0,38,1.0,183,0.8632,67,212,212,0
0.65,0.05,3,1,18.0,0,0,250,38,212,221,0.884,38,1.0,38,1.0,183,0.8632,67,212,212,0
0.65,0.1,3,1,12.0,0,0,250,38,212,221,0.884,38,1.0,38,1.0,183,0.8632,67,212,212,0
0.65,0.1,3,1,18.0,0,0,250,38,212,221,0.884,38,1.0,38,1.0,183,0.8632,67,212,212,0
0.65,0.15,3,1,12.0,0,0,250,38,212,221,0.884,38,1.0,38,1.0,183,0.8632,67,212,212,0
0.65,0.15,3,1,18.0,0,0,250,38,212,221,0.884,38,1.0,38,1.0,183,0.8632,67,212,212,0
0.65,0.2,3,1,12.0,0,0,250,38,212,221,0.884,38,1.0,38,1.0,183,0.8632,67,212,212,0
0.65,0.2,3,1,18.0,0,0,250,38,212,221,0.884,38,1.0,38,1.0,183,0.8632,67,212,212,0
0.65,0.25,3,1,12.0,0,0,250,38,212,221,0.884,38,1.0,38,1.0,183,0.8632,67,212,212,0
0.65,0.25,3,1,18.0,0,0,250,38,212,221,0.884,38,1.0,38,1.0,183,0.8632,67,212,212,0
0.65,0.3,3,1,12.0,0,0,250,38,212,221,0.884,38,1.0,38,1.0,183,0.8632,67,212,212,0
0.65,0.3,3,1,18.0,0,0,250,38,212,221,0.884,38,1.0,38,1.0,183,0.8632,67,212,212,0
0.65,0.35,3,1,12.0,0,0,250,38,212,221,0.884,38,1.0,38,1.0,183,0.8632,67,212,212,0
0.65,0.35,3,1,18.0,0,0,250,38,212,221,0.884,38,1.0,38,1.0,183,0.8632,67,212,212,0
0.65,0.4,3,1,12.0,0,0,250,38,212,221,0.884,38,1.0,38,1.0,183,0.8632,67,212,212,0
0.65,0.4,3,1,18.0,0,0,250,38,212,221,0.884,38,1.0,38,1.0,183,0.8632,67,212,212,0
0.65,0.02,3,2,12.0,0,0,250,38,212,221,0.884,37,0.9737,37,0.9737,184,0.8679,65,213,213,1
0.65,0.02,3,2,18.0,0,0,250,38,212,221,0.884,37,0.9737,37,0.9737,184,0.8679,65,213,213,1
0.65,0.05,3,2,12.0,0,0,250,38,212,221,0.884,37,0.9737,37,0.9737,184,0.8679,65,213,213,1
0.65,0.05,3,2,18.0,0,0,250,38,212,221,0.884,37,0.9737,37,0.9737,184,0.8679,65,213,213,1
0.65,0.1,3,2,12.0,0,0,250,38,212,221,0.884,37,0.9737,37,0.9737,184,0.8679,65,213,213,1
0.65,0.1,3,2,18.0,0,0,250,38,212,221,0.884,37,0.9737,37,0.9737,184,0.8679,65,213,213,1
0.65,0.15,3,2,12.0,0,0,250,38,212,221,0.884,37,0.9737,37,0.9737,184,0.8679,65,213,213,1
0.65,0.15,3,2,18.0,0,0,250,38,212,221,0.884,37,0.9737,37,0.9737,184,0.8679,65,213,213,1
0.65,0.2,3,2,12.0,0,0,250,38,212,221,0.884,37,0.9737,37,0.9737,184,0.8679,65,213,213,1
0.65,0.2,3,2,18.0,0,0,250,38,212,221,0.884,37,0.9737,37,0.9737,184,0.8679,65,213,213,1
0.65,0.25,3,2,12.0,0,0,250,38,212,221,0.884,37,0.9737,37,0.9737,184,0.8679,65,213,213,1
0.65,0.25,3,2,18.0,0,0,250,38,212,221,0.884,37,0.9737,37,0.9737,184,0.8679,65,213,213,1
0.65,0.3,3,2,12.0,0,0,250,38,212,221,0.884,37,0.9737,37,0.9737,184,0.8679,65,213,213,1
0.65,0.3,3,2,18.0,0,0,250,38,212,221,0.884,37,0.9737,37,0.9737,184,0.8679,65,213,213,1
0.65,0.35,3,2,12.0,0,0,250,38,212,221,0.884,37,0.9737,37,0.9737,184,0.8679,65,213,213,1
0.65,0.35,3,2,18.0,0,0,250,38,212,221,0.884,37,0.9737,37,0.9737,184,0.8679,65,213,213,1
0.65,0.4,3,2,12.0,0,0,250,38,212,221,0.884,37,0.9737,37,0.9737,184,0.8679,65,213,213,1
0.65,0.4,3,2,18.0,0,0,250,38,212,221,0.884,37,0.9737,37,0.9737,184,0.8679,65,213,213,1
0.5,0.5,2,0,12.0,0,0,250,38,212,220,0.88,38,1.0,38,1.0,182,0.8585,68,209,212,0
0.5,0.5,2,0,18.0,0,0,250,38,212,220,0.88,38,1.0,38,1.0,182,0.8585,68,209,212,0
0.5,0.5,2,2,12.0,0,0,250,38,212,220,0.88,38,1.0,38,1.0,182,0.8585,68,209,212,0
0.5,0.5,2,2,18.0,0,0,250,38,212,220,0.88,38,1.0,38,1.0,182,0.8585,68,209,212,0
0.55,0.45,1,0,12.0,0,0,250,38,212,220,0.88,38,1.0,38,1.0,182,0.8585,68,208,212,0
0.55,0.45,1,0,18.0,0,0,250,38,212,220,0.88,38,1.0,38,1.0,182,0.8585,68,208,212,0
0.55,0.45,1,2,12.0,0,0,250,38,212,220,0.88,38,1.0,38,1.0,182,0.8585,68,208,212,0
0.55,0.45,1,2,18.0,0,0,250,38,212,220,0.88,38,1.0,38,1.0,182,0.8585,68,208,212,0
0.55,0.5,1,0,12.0,0,0,250,38,212,220,0.88,38,1.0,38,1.0,182,0.8585,68,208,212,0
0.55,0.5,1,0,18.0,0,0,250,38,212,220,0.88,38,1.0,38,1.0,182,0.8585,68,208,212,0
0.55,0.5,1,2,12.0,0,0,250,38,212,220,0.88,38,1.0,38,1.0,182,0.8585,68,208,212,0
0.55,0.5,1,2,18.0,0,0,250,38,212,220,0.88,38,1.0,38,1.0,182,0.8585,68,208,212,0
0.65,0.02,2,2,12.0,0,0,250,38,212,220,0.88,38,1.0,38,1.0,182,0.8585,68,212,212,0
0.65,0.02,2,2,18.0,0,0,250,38,212,220,0.88,38,1.0,38,1.0,182,0.8585,68,212,212,0
0.65,0.02,3,0,12.0,0,0,250,38,212,220,0.88,38,1.0,38,1.0,182,0.8585,68,212,212,0
0.65,0.02,3,0,18.0,0,0,250,38,212,220,0.88,38,1.0,38,1.0,182,0.8585,68,212,212,0
0.65,0.05,2,2,12.0,0,0,250,38,212,220,0.88,38,1.0,38,1.0,182,0.8585,68,212,212,0
0.65,0.05,2,2,18.0,0,0,250,38,212,220,0.88,38,1.0,38,1.0,182,0.8585,68,212,212,0
0.65,0.05,3,0,12.0,0,0,250,38,212,220,0.88,38,1.0,38,1.0,182,0.8585,68,212,212,0
0.65,0.05,3,0,18.0,0,0,250,38,212,220,0.88,38,1.0,38,1.0,182,0.8585,68,212,212,0
0.65,0.1,2,2,12.0,0,0,250,38,212,220,0.88,38,1.0,38,1.0,182,0.8585,68,212,212,0
0.65,0.1,2,2,18.0,0,0,250,38,212,220,0.88,38,1.0,38,1.0,182,0.8585,68,212,212,0
0.65,0.1,3,0,12.0,0,0,250,38,212,220,0.88,38,1.0,38,1.0,182,0.8585,68,212,212,0
0.65,0.1,3,0,18.0,0,0,250,38,212,220,0.88,38,1.0,38,1.0,182,0.8585,68,212,212,0
0.65,0.15,2,2,12.0,0,0,250,38,212,220,0.88,38,1.0,38,1.0,182,0.8585,68,212,212,0
0.65,0.15,2,2,18.0,0,0,250,38,212,220,0.88,38,1.0,38,1.0,182,0.8585,68,212,212,0
0.65,0.15,3,0,12.0,0,0,250,38,212,220,0.88,38,1.0,38,1.0,182,0.8585,68,212,212,0
0.65,0.15,3,0,18.0,0,0,250,38,212,220,0.88,38,1.0,38,1.0,182,0.8585,68,212,212,0
0.65,0.2,2,2,12.0,0,0,250,38,212,220,0.88,38,1.0,38,1.0,182,0.8585,68,212,212,0
0.65,0.2,2,2,18.0,0,0,250,38,212,220,0.88,38,1.0,38,1.0,182,0.8585,68,212,212,0
0.65,0.2,3,0,12.0,0,0,250,38,212,220,0.88,38,1.0,38,1.0,182,0.8585,68,212,212,0
0.65,0.2,3,0,18.0,0,0,250,38,212,220,0.88,38,1.0,38,1.0,182,0.8585,68,212,212,0
0.65,0.25,2,2,12.0,0,0,250,38,212,220,0.88,38,1.0,38,1.0,182,0.8585,68,212,212,0
0.65,0.25,2,2,18.0,0,0,250,38,212,220,0.88,38,1.0,38,1.0,182,0.8585,68,212,212,0
0.65,0.25,3,0,12.0,0,0,250,38,212,220,0.88,38,1.0,38,1.0,182,0.8585,68,212,212,0
0.65,0.25,3,0,18.0,0,0,250,38,212,220,0.88,38,1.0,38,1.0,182,0.8585,68,212,212,0
0.65,0.3,2,2,12.0,0,0,250,38,212,220,0.88,38,1.0,38,1.0,182,0.8585,68,212,212,0
0.65,0.3,2,2,18.0,0,0,250,38,212,220,0.88,38,1.0,38,1.0,182,0.8585,68,212,212,0
0.65,0.3,3,0,12.0,0,0,250,38,212,220,0.88,38,1.0,38,1.0,182,0.8585,68,212,212,0
0.65,0.3,3,0,18.0,0,0,250,38,212,220,0.88,38,1.0,38,1.0,182,0.8585,68,212,212,0
0.65,0.35,2,2,12.0,0,0,250,38,212,220,0.88,38,1.0,38,1.0,182,0.8585,68,212,212,0
0.65,0.35,2,2,18.0,0,0,250,38,212,220,0.88,38,1.0,38,1.0,182,0.8585,68,212,212,0
0.65,0.35,3,0,12.0,0,0,250,38,212,220,0.88,38,1.0,38,1.0,182,0.8585,68,212,212,0
0.65,0.35,3,0,18.0,0,0,250,38,212,220,0.88,38,1.0,38,1.0,182,0.8585,68,212,212,0
0.65,0.4,2,2,12.0,0,0,250,38,212,220,0.88,38,1.0,38,1.0,182,0.8585,68,212,212,0
0.65,0.4,2,2,18.0,0,0,250,38,212,220,0.88,38,1.0,38,1.0,182,0.8585,68,212,212,0
0.65,0.4,3,0,12.0,0,0,250,38,212,220,0.88,38,1.0,38,1.0,182,0.8585,68,212,212,0
0.65,0.4,3,0,18.0,0,0,250,38,212,220,0.88,38,1.0,38,1.0,182,0.8585,68,212,212,0
0.7,0.02,2,1,12.0,0,0,250,38,212,220,0.88,38,1.0,38,1.0,182,0.8585,68,211,212,0
0.7,0.02,2,1,18.0,0,0,250,38,212,220,0.88,38,1.0,38,1.0,182,0.8585,68,211,212,0
0.7,0.05,2,1,12.0,0,0,250,38,212,220,0.88,38,1.0,38,1.0,182,0.8585,68,211,212,0
0.7,0.05,2,1,18.0,0,0,250,38,212,220,0.88,38,1.0,38,1.0,182,0.8585,68,211,212,0
0.7,0.1,2,1,12.0,0,0,250,38,212,220,0.88,38,1.0,38,1.0,182,0.8585,68,211,212,0
0.7,0.1,2,1,18.0,0,0,250,38,212,220,0.88,38,1.0,38,1.0,182,0.8585,68,211,212,0
0.7,0.15,2,1,12.0,0,0,250,38,212,220,0.88,38,1.0,38,1.0,182,0.8585,68,211,212,0
0.7,0.15,2,1,18.0,0,0,250,38,212,220,0.88,38,1.0,38,1.0,182,0.8585,68,211,212,0
0.7,0.2,2,1,12.0,0,0,250,38,212,220,0.88,38,1.0,38,1.0,182,0.8585,68,211,212,0
0.7,0.2,2,1,18.0,0,0,250,38,212,220,0.88,38,1.0,38,1.0,182,0.8585,68,211,212,0
0.7,0.25,2,1,12.0,0,0,250,38,212,220,0.88,38,1.0,38,1.0,182,0.8585,68,211,212,0
0.7,0.25,2,1,18.0,0,0,250,38,212,220,0.88,38,1.0,38,1.0,182,0.8585,68,211,212,0
0.7,0.3,2,1,12.0,0,0,250,38,212,220,0.88,38,1.0,38,1.0,182,0.8585,68,211,212,0
0.7,0.3,2,1,18.0,0,0,250,38,212,220,0.88,38,1.0,38,1.0,182,0.8585,68,211,212,0
0.7,0.35,2,1,12.0,0,0,250,38,212,220,0.88,38,1.0,38,1.0,182,0.8585,68,211,212,0
0.7,0.35,2,1,18.0,0,0,250,38,212,220,0.88,38,1.0,38,1.0,182,0.8585,68,211,212,0
0.7,0.4,2,1,12.0,0,0,250,38,212,220,0.88,38,1.0,38,1.0,182,0.8585,68,211,212,0
0.7,0.4,2,1,18.0,0,0,250,38,212,220,0.88,38,1.0,38,1.0,182,0.8585,68,211,212,0
0.75,0.02,2,1,12.0,0,0,250,38,212,220,0.88,38,1.0,38,1.0,182,0.8585,68,211,212,0
0.75,0.02,2,1,18.0,0,0,250,38,212,220,0.88,38,1.0,38,1.0,182,0.8585,68,211,212,0
0.75,0.05,2,1,12.0,0,0,250,38,212,220,0.88,38,1.0,38,1.0,182,0.8585,68,211,212,0
0.75,0.05,2,1,18.0,0,0,250,38,212,220,0.88,38,1.0,38,1.0,182,0.8585,68,211,212,0
0.75,0.1,2,1,12.0,0,0,250,38,212,220,0.88,38,1.0,38,1.0,182,0.8585,68,211,212,0
0.75,0.1,2,1,18.0,0,0,250,38,212,220,0.88,38,1.0,38,1.0,182,0.8585,68,211,212,0
0.75,0.15,2,1,12.0,0,0,250,38,212,220,0.88,38,1.0,38,1.0,182,0.8585,68,211,212,0
0.75,0.15,2,1,18.0,0,0,250,38,212,220,0.88,38,1.0,38,1.0,182,0.8585,68,211,212,0
0.75,0.2,2,1,12.0,0,0,250,38,212,220,0.88,38,1.0,38,1.0,182,0.8585,68,211,212,0
0.75,0.2,2,1,18.0,0,0,250,38,212,220,0.88,38,1.0,38,1.0,182,0.8585,68,211,212,0
0.75,0.25,2,1,12.0,0,0,250,38,212,220,0.88,38,1.0,38,1.0,182,0.8585,68,211,212,0
0.75,0.25,2,1,18.0,0,0,250,38,212,220,0.88,38,1.0,38,1.0,182,0.8585,68,211,212,0
0.75,0.3,2,1,12.0,0,0,250,38,212,220,0.88,38,1.0,38,1.0,182,0.8585,68,211,212,0
0.75,0.3,2,1,18.0,0,0,250,38,212,220,0.88,38,1.0,38,1.0,182,0.8585,68,211,212,0
0.75,0.35,2,1,12.0,0,0,250,38,212,220,0.88,38,1.0,38,1.0,182,0.8585,68,211,212,0
0.75,0.35,2,1,18.0,0,0,250,38,212,220,0.88,38,1.0,38,1.0,182,0.8585,68,211,212,0
0.75,0.4,2,1,12.0,0,0,250,38,212,220,0.88,38,1.0,38,1.0,182,0.8585,68,211,212,0
0.75,0.4,2,1,18.0,0,0,250,38,212,220,0.88,38,1.0,38,1.0,182,0.8585,68,211,212,0
0.8,0.02,2,0,12.0,0,0,250,38,212,220,0.88,38,1.0,38,1.0,182,0.8585,68,211,212,0
0.8,0.02,2,0,18.0,0,0,250,38,212,220,0.88,38,1.0,38,1.0,182,0.8585,68,211,212,0
0.8,0.02,2,0,24.0,0,0,250,38,212,220,0.88,38,1.0,38,1.0,182,0.8585,68,211,212,0
0.8,0.02,2,0,32.0,0,0,250,38,212,220,0.88,38,1.0,38,1.0,182,0.8585,68,211,212,0
0.8,0.02,2,1,12.0,0,0,250,38,212,220,0.88,38,1.0,38,1.0,182,0.8585,68,211,212,0
0.8,0.02,2,1,18.0,0,0,250,38,212,220,0.88,38,1.0,38,1.0,182,0.8585,68,211,212,0
0.8,0.02,2,1,24.0,0,0,250,38,212,220,0.88,38,1.0,38,1.0,182,0.8585,68,211,212,0
0.8,0.02,2,1,32.0,0,0,250,38,212,220,0.88,38,1.0,38,1.0,182,0.8585,68,211,212,0
0.8,0.05,2,0,12.0,0,0,250,38,212,220,0.88,38,1.0,38,1.0,182,0.8585,68,211,212,0
0.8,0.05,2,0,18.0,0,0,250,38,212,220,0.88,38,1.0,38,1.0,182,0.8585,68,211,212,0
0.8,0.05,2,0,24.0,0,0,250,38,212,220,0.88,38,1.0,38,1.0,182,0.8585,68,211,212,0
0.8,0.05,2,0,32.0,0,0,250,38,212,220,0.88,38,1.0,38,1.0,182,0.8585,68,211,212,0
0.8,0.05,2,1,12.0,0,0,250,38,212,220,0.88,38,1.0,38,1.0,182,0.8585,68,211,212,0
0.8,0.05,2,1,18.0,0,0,250,38,212,220,0.88,38,1.0,38,1.0,182,0.8585,68,211,212,0
0.8,0.05,2,1,24.0,0,0,250,38,212,220,0.88,38,1.0,38,1.0,182,0.8585,68,211,212,0
0.8,0.05,2,1,32.0,0,0,250,38,212,220,0.88,38,1.0,38,1.0,182,0.8585,68,211,212,0
0.8,0.1,2,0,12.0,0,0,250,38,212,220,0.88,38,1.0,38,1.0,182,0.8585,68,211,212,0
0.8,0.1,2,0,18.0,0,0,250,38,212,220,0.88,38,1.0,38,1.0,182,0.8585,68,211,212,0
0.8,0.1,2,0,24.0,0,0,250,38,212,220,0.88,38,1.0,38,1.0,182,0.8585,68,211,212,0
0.8,0.1,2,0,32.0,0,0,250,38,212,220,0.88,38,1.0,38,1.0,182,0.8585,68,211,212,0
0.8,0.1,2,1,12.0,0,0,250,38,212,220,0.88,38,1.0,38,1.0,182,0.8585,68,211,212,0
0.8,0.1,2,1,18.0,0,0,250,38,212,220,0.88,38,1.0,38,1.0,182,0.8585,68,211,212,0
0.8,0.1,2,1,24.0,0,0,250,38,212,220,0.88,38,1.0,38,1.0,182,0.8585,68,211,212,0
0.8,0.1,2,1,32.0,0,0,250,38,212,220,0.88,38,1.0,38,1.0,182,0.8585,68,211,212,0
0.8,0.15,2,0,12.0,0,0,250,38,212,220,0.88,38,1.0,38,1.0,182,0.8585,68,211,212,0
0.8,0.15,2,0,18.0,0,0,250,38,212,220,0.88,38,1.0,38,1.0,182,0.8585,68,211,212,0
0.8,0.15,2,0,24.0,0,0,250,38,212,220,0.88,38,1.0,38,1.0,182,0.8585,68,211,212,0
0.8,0.15,2,0,32.0,0,0,250,38,212,220,0.88,38,1.0,38,1.0,182,0.8585,68,211,212,0
0.8,0.15,2,1,12.0,0,0,250,38,212,220,0.88,38,1.0,38,1.0,182,0.8585,68,211,212,0
0.8,0.15,2,1,18.0,0,0,250,38,212,220,0.88,38,1.0,38,1.0,182,0.8585,68,211,212,0
0.8,0.15,2,1,24.0,0,0,250,38,212,220,0.88,38,1.0,38,1.0,182,0.8585,68,211,212,0
0.8,0.15,2,1,32.0,0,0,250,38,212,220,0.88,38,1.0,38,1.0,182,0.8585,68,211,212,0
0.8,0.2,2,0,12.0,0,0,250,38,212,220,0.88,38,1.0,38,1.0,182,0.8585,68,211,212,0
0.8,0.2,2,0,18.0,0,0,250,38,212,220,0.88,38,1.0,38,1.0,182,0.8585,68,211,212,0
0.8,0.2,2,0,24.0,0,0,250,38,212,220,0.88,38,1.0,38,1.0,182,0.8585,68,211,212,0
0.8,0.2,2,0,32.0,0,0,250,38,212,220,0.88,38,1.0,38,1.0,182,0.8585,68,211,212,0
0.8,0.2,2,1,12.0,0,0,250,38,212,220,0.88,38,1.0,38,1.0,182,0.8585,68,211,212,0
0.8,0.2,2,1,18.0,0,0,250,38,212,220,0.88,38,1.0,38,1.0,182,0.8585,68,211,212,0
0.8,0.2,2,1,24.0,0,0,250,38,212,220,0.88,38,1.0,38,1.0,182,0.8585,68,211,212,0
0.8,0.2,2,1,32.0,0,0,250,38,212,220,0.88,38,1.0,38,1.0,182,0.8585,68,211,212,0
0.8,0.25,2,0,12.0,0,0,250,38,212,220,0.88,38,1.0,38,1.0,182,0.8585,68,211,212,0
0.8,0.25,2,0,18.0,0,0,250,38,212,220,0.88,38,1.0,38,1.0,182,0.8585,68,211,212,0
0.8,0.25,2,0,24.0,0,0,250,38,212,220,0.88,38,1.0,38,1.0,182,0.8585,68,211,212,0
0.8,0.25,2,0,32.0,0,0,250,38,212,220,0.88,38,1.0,38,1.0,182,0.8585,68,211,212,0
0.8,0.25,2,1,12.0,0,0,250,38,212,220,0.88,38,1.0,38,1.0,182,0.8585,68,211,212,0
0.8,0.25,2,1,18.0,0,0,250,38,212,220,0.88,38,1.0,38,1.0,182,0.8585,68,211,212,0
0.8,0.25,2,1,24.0,0,0,250,38,212,220,0.88,38,1.0,38,1.0,182,0.8585,68,211,212,0
0.8,0.25,2,1,32.0,0,0,250,38,212,220,0.88,38,1.0,38,1.0,182,0.8585,68,211,212,0
0.8,0.3,2,0,12.0,0,0,250,38,212,220,0.88,38,1.0,38,1.0,182,0.8585,68,211,212,0
0.8,0.3,2,0,18.0,0,0,250,38,212,220,0.88,38,1.0,38,1.0,182,0.8585,68,211,212,0
0.8,0.3,2,0,24.0,0,0,250,38,212,220,0.88,38,1.0,38,1.0,182,0.8585,68,211,212,0
0.8,0.3,2,0,32.0,0,0,250,38,212,220,0.88,38,1.0,38,1.0,182,0.8585,68,211,212,0
0.8,0.3,2,1,12.0,0,0,250,38,212,220,0.88,38,1.0,38,1.0,182,0.8585,68,211,212,0
0.8,0.3,2,1,18.0,0,0,250,38,212,220,0.88,38,1.0,38,1.0,182,0.8585,68,211,212,0
0.8,0.3,2,1,24.0,0,0,250,38,212,220,0.88,38,1.0,38,1.0,182,0.8585,68,211,212,0
0.8,0.3,2,1,32.0,0,0,250,38,212,220,0.88,38,1.0,38,1.0,182,0.8585,68,211,212,0
0.8,0.35,2,0,12.0,0,0,250,38,212,220,0.88,38,1.0,38,1.0,182,0.8585,68,211,212,0
0.8,0.35,2,0,18.0,0,0,250,38,212,220,0.88,38,1.0,38,1.0,182,0.8585,68,211,212,0
0.8,0.35,2,0,24.0,0,0,250,38,212,220,0.88,38,1.0,38,1.0,182,0.8585,68,211,212,0
0.8,0.35,2,0,32.0,0,0,250,38,212,220,0.88,38,1.0,38,1.0,182,0.8585,68,211,212,0
0.8,0.35,2,1,12.0,0,0,250,38,212,220,0.88,38,1.0,38,1.0,182,0.8585,68,211,212,0
0.8,0.35,2,1,18.0,0,0,250,38,212,220,0.88,38,1.0,38,1.0,182,0.8585,68,211,212,0
0.8,0.35,2,1,24.0,0,0,250,38,212,220,0.88,38,1.0,38,1.0,182,0.8585,68,211,212,0
0.8,0.35,2,1,32.0,0,0,250,38,212,220,0.88,38,1.0,38,1.0,182,0.8585,68,211,212,0
0.8,0.4,2,0,12.0,0,0,250,38,212,220,0.88,38,1.0,38,1.0,182,0.8585,68,211,212,0
0.8,0.4,2,0,18.0,0,0,250,38,212,220,0.88,38,1.0,38,1.0,182,0.8585,68,211,212,0
0.8,0.4,2,0,24.0,0,0,250,38,212,220,0.88,38,1.0,38,1.0,182,0.8585,68,211,212,0
0.8,0.4,2,0,32.0,0,0,250,38,212,220,0.88,38,1.0,38,1.0,182,0.8585,68,211,212,0
0.8,0.4,2,1,12.0,0,0,250,38,212,220,0.88,38,1.0,38,1.0,182,0.8585,68,211,212,0
0.8,0.4,2,1,18.0,0,0,250,38,212,220,0.88,38,1.0,38,1.0,182,0.8585,68,211,212,0
0.8,0.4,2,1,24.0,0,0,250,38,212,220,0.88,38,1.0,38,1.0,182,0.8585,68,211,212,0
0.8,0.4,2,1,32.0,0,0,250,38,212,220,0.88,38,1.0,38,1.0,182,0.8585,68,211,212,0
0.45,0.45,3,0,12.0,0,0,250,38,212,219,0.876,38,1.0,38,1.0,181,0.8538,69,210,212,0
0.45,0.45,3,0,18.0,0,0,250,38,212,219,0.876,38,1.0,38,1.0,181,0.8538,69,210,212,0
0.5,0.45,3,0,24.0,0,0,250,38,212,219,0.876,38,1.0,38,1.0,181,0.8538,69,210,212,0
0.5,0.45,3,0,32.0,0,0,250,38,212,219,0.876,38,1.0,38,1.0,181,0.8538,69,210,212,0
0.5,0.45,3,0,48.0,0,0,250,38,212,219,0.876,38,1.0,38,1.0,181,0.8538,69,210,212,0
0.5,0.5,2,1,12.0,0,0,250,38,212,219,0.876,38,1.0,38,1.0,181,0.8538,69,209,212,0
0.5,0.5,2,1,18.0,0,0,250,38,212,219,0.876,38,1.0,38,1.0,181,0.8538,69,209,212,0
0.55,0.45,1,0,24.0,0,0,250,38,212,219,0.876,38,1.0,38,1.0,181,0.8538,69,208,212,0
0.55,0.45,1,0,32.0,0,0,250,38,212,219,0.876,38,1.0,38,1.0,181,0.8538,69,208,212,0
0.55,0.45,1,0,48.0,0,0,250,38,212,219,0.876,38,1.0,38,1.0,181,0.8538,69,208,212,0
0.55,0.45,1,1,12.0,0,0,250,38,212,219,0.876,38,1.0,38,1.0,181,0.8538,69,208,212,0
0.55,0.45,1,1,18.0,0,0,250,38,212,219,0.876,38,1.0,38,1.0,181,0.8538,69,208,212,0
0.55,0.5,1,0,24.0,0,0,250,38,212,219,0.876,38,1.0,38,1.0,181,0.8538,69,208,212,0
0.55,0.5,1,0,32.0,0,0,250,38,212,219,0.876,38,1.0,38,1.0,181,0.8538,69,208,212,0
0.55,0.5,1,0,48.0,0,0,250,38,212,219,0.876,38,1.0,38,1.0,181,0.8538,69,208,212,0
0.55,0.5,1,1,12.0,0,0,250,38,212,219,0.876,38,1.0,38,1.0,181,0.8538,69,208,212,0
0.55,0.5,1,1,18.0,0,0,250,38,212,219,0.876,38,1.0,38,1.0,181,0.8538,69,208,212,0
0.6,0.02,3,1,12.0,0,0,250,38,212,219,0.876,38,1.0,38,1.0,181,0.8538,69,212,212,0
0.6,0.02,3,1,18.0,0,0,250,38,212,219,0.876,38,1.0,38,1.0,181,0.8538,69,212,212,0
0.6,0.05,3,1,12.0,0,0,250,38,212,219,0.876,38,1.0,38,1.0,181,0.8538,69,212,212,0
0.6,0.05,3,1,18.0,0,0,250,38,212,219,0.876,38,1.0,38,1.0,181,0.8538,69,212,212,0
0.6,0.1,3,1,12.0,0,0,250,38,212,219,0.876,38,1.0,38,1.0,181,0.8538,69,212,212,0
0.6,0.1,3,1,18.0,0,0,250,38,212,219,0.876,38,1.0,38,1.0,181,0.8538,69,212,212,0
0.6,0.15,3,1,12.0,0,0,250,38,212,219,0.876,38,1.0,38,1.0,181,0.8538,69,212,212,0
0.6,0.15,3,1,18.0,0,0,250,38,212,219,0.876,38,1.0,38,1.0,181,0.8538,69,212,212,0
0.6,0.2,3,1,12.0,0,0,250,38,212,219,0.876,38,1.0,38,1.0,181,0.8538,69,212,212,0
0.6,0.2,3,1,18.0,0,0,250,38,212,219,0.876,38,1.0,38,1.0,181,0.8538,69,212,212,0
0.6,0.25,3,1,12.0,0,0,250,38,212,219,0.876,38,1.0,38,1.0,181,0.8538,69,212,212,0
0.6,0.25,3,1,18.0,0,0,250,38,212,219,0.876,38,1.0,38,1.0,181,0.8538,69,212,212,0
0.6,0.3,3,1,12.0,0,0,250,38,212,219,0.876,38,1.0,38,1.0,181,0.8538,69,212,212,0
0.6,0.3,3,1,18.0,0,0,250,38,212,219,0.876,38,1.0,38,1.0,181,0.8538,69,212,212,0
0.6,0.35,3,1,12.0,0,0,250,38,212,219,0.876,38,1.0,38,1.0,181,0.8538,69,212,212,0
0.6,0.35,3,1,18.0,0,0,250,38,212,219,0.876,38,1.0,38,1.0,181,0.8538,69,212,212,0
0.6,0.4,3,1,12.0,0,0,250,38,212,219,0.876,38,1.0,38,1.0,181,0.8538,69,212,212,0
0.6,0.4,3,1,18.0,0,0,250,38,212,219,0.876,38,1.0,38,1.0,181,0.8538,69,212,212,0
0.7,0.02,1,2,12.0,0,0,250,38,212,219,0.876,38,1.0,38,1.0,181,0.8538,69,211,212,0
0.7,0.02,1,2,18.0,0,0,250,38,212,219,0.876,38,1.0,38,1.0,181,0.8538,69,211,212,0
0.7,0.02,2,0,12.0,0,0,250,38,212,219,0.876,38,1.0,38,1.0,181,0.8538,69,211,212,0
0.7,0.02,2,0,18.0,0,0,250,38,212,219,0.876,38,1.0,38,1.0,181,0.8538,69,211,212,0
0.7,0.05,1,2,12.0,0,0,250,38,212,219,0.876,38,1.0,38,1.0,181,0.8538,69,211,212,0
0.7,0.05,1,2,18.0,0,0,250,38,212,219,0.876,38,1.0,38,1.0,181,0.8538,69,211,212,0
0.7,0.05,2,0,12.0,0,0,250,38,212,219,0.876,38,1.0,38,1.0,181,0.8538,69,211,212,0
0.7,0.05,2,0,18.0,0,0,250,38,212,219,0.876,38,1.0,38,1.0,181,0.8538,69,211,212,0
0.7,0.1,1,2,12.0,0,0,250,38,212,219,0.876,38,1.0,38,1.0,181,0.8538,69,211,212,0
0.7,0.1,1,2,18.0,0,0,250,38,212,219,0.876,38,1.0,38,1.0,181,0.8538,69,211,212,0
0.7,0.1,2,0,12.0,0,0,250,38,212,219,0.876,38,1.0,38,1.0,181,0.8538,69,211,212,0
0.7,0.1,2,0,18.0,0,0,250,38,212,219,0.876,38,1.0,38,1.0,181,0.8538,69,211,212,0
0.7,0.15,1,2,12.0,0,0,250,38,212,219,0.876,38,1.0,38,1.0,181,0.8538,69,211,212,0
0.7,0.15,1,2,18.0,0,0,250,38,212,219,0.876,38,1.0,38,1.0,181,0.8538,69,211,212,0
0.7,0.15,2,0,12.0,0,0,250,38,212,219,0.876,38,1.0,38,1.0,181,0.8538,69,211,212,0
0.7,0.15,2,0,18.0,0,0,250,38,212,219,0.876,38,1.0,38,1.0,181,0.8538,69,211,212,0
0.7,0.2,1,2,12.0,0,0,250,38,212,219,0.876,38,1.0,38,1.0,181,0.8538,69,211,212,0
0.7,0.2,1,2,18.0,0,0,250,38,212,219,0.876,38,1.0,38,1.0,181,0.8538,69,211,212,0
0.7,0.2,2,0,12.0,0,0,250,38,212,219,0.876,38,1.0,38,1.0,181,0.8538,69,211,212,0
0.7,0.2,2,0,18.0,0,0,250,38,212,219,0.876,38,1.0,38,1.0,181,0.8538,69,211,212,0
0.7,0.25,1,2,12.0,0,0,250,38,212,219,0.876,38,1.0,38,1.0,181,0.8538,69,211,212,0
0.7,0.25,1,2,18.0,0,0,250,38,212,219,0.876,38,1.0,38,1.0,181,0.8538,69,211,212,0
0.7,0.25,2,0,12.0,0,0,250,38,212,219,0.876,38,1.0,38,1.0,181,0.8538,69,211,212,0
0.7,0.25,2,0,18.0,0,0,250,38,212,219,0.876,38,1.0,38,1.0,181,0.8538,69,211,212,0
0.7,0.3,1,2,12.0,0,0,250,38,212,219,0.876,38,1.0,38,1.0,181,0.8538,69,211,212,0
0.7,0.3,1,2,18.0,0,0,250,38,212,219,0.876,38,1.0,38,1.0,181,0.8538,69,211,212,0
0.7,0.3,2,0,12.0,0,0,250,38,212,219,0.876,38,1.0,38,1.0,181,0.8538,69,211,212,0
0.7,0.3,2,0,18.0,0,0,250,38,212,219,0.876,38,1.0,38,1.0,181,0.8538,69,211,212,0
0.7,0.35,1,2,12.0,0,0,250,38,212,219,0.876,38,1.0,38,1.0,181,0.8538,69,211,212,0
0.7,0.35,1,2,18.0,0,0,250,38,212,219,0.876,38,1.0,38,1.0,181,0.8538,69,211,212,0
0.7,0.35,2,0,12.0,0,0,250,38,212,219,0.876,38,1.0,38,1.0,181,0.8538,69,211,212,0
0.7,0.35,2,0,18.0,0,0,250,38,212,219,0.876,38,1.0,38,1.0,181,0.8538,69,211,212,0
0.7,0.4,1,2,12.0,0,0,250,38,212,219,0.876,38,1.0,38,1.0,181,0.8538,69,211,212,0
0.7,0.4,1,2,18.0,0,0,250,38,212,219,0.876,38,1.0,38,1.0,181,0.8538,69,211,212,0
0.7,0.4,2,0,12.0,0,0,250,38,212,219,0.876,38,1.0,38,1.0,181,0.8538,69,211,212,0
0.7,0.4,2,0,18.0,0,0,250,38,212,219,0.876,38,1.0,38,1.0,181,0.8538,69,211,212,0
0.75,0.02,1,2,12.0,0,0,250,38,212,219,0.876,38,1.0,38,1.0,181,0.8538,69,211,212,0
0.75,0.02,1,2,18.0,0,0,250,38,212,219,0.876,38,1.0,38,1.0,181,0.8538,69,211,212,0
0.75,0.02,2,0,12.0,0,0,250,38,212,219,0.876,38,1.0,38,1.0,181,0.8538,69,211,212,0
0.75,0.02,2,0,18.0,0,0,250,38,212,219,0.876,38,1.0,38,1.0,181,0.8538,69,211,212,0
0.75,0.05,1,2,12.0,0,0,250,38,212,219,0.876,38,1.0,38,1.0,181,0.8538,69,211,212,0
0.75,0.05,1,2,18.0,0,0,250,38,212,219,0.876,38,1.0,38,1.0,181,0.8538,69,211,212,0
0.75,0.05,2,0,12.0,0,0,250,38,212,219,0.876,38,1.0,38,1.0,181,0.8538,69,211,212,0
0.75,0.05,2,0,18.0,0,0,250,38,212,219,0.876,38,1.0,38,1.0,181,0.8538,69,211,212,0
0.75,0.1,1,2,12.0,0,0,250,38,212,219,0.876,38,1.0,38,1.0,181,0.8538,69,211,212,0
0.75,0.1,1,2,18.0,0,0,250,38,212,219,0.876,38,1.0,38,1.0,181,0.8538,69,211,212,0
0.75,0.1,2,0,12.0,0,0,250,38,212,219,0.876,38,1.0,38,1.0,181,0.8538,69,211,212,0
0.75,0.1,2,0,18.0,0,0,250,38,212,219,0.876,38,1.0,38,1.0,181,0.8538,69,211,212,0
0.75,0.15,1,2,12.0,0,0,250,38,212,219,0.876,38,1.0,38,1.0,181,0.8538,69,211,212,0
0.75,0.15,1,2,18.0,0,0,250,38,212,219,0.876,38,1.0,38,1.0,181,0.8538,69,211,212,0
0.75,0.15,2,0,12.0,0,0,250,38,212,219,0.876,38,1.0,38,1.0,181,0.8538,69,211,212,0
0.75,0.15,2,0,18.0,0,0,250,38,212,219,0.876,38,1.0,38,1.0,181,0.8538,69,211,212,0
0.75,0.2,1,2,12.0,0,0,250,38,212,219,0.876,38,1.0,38,1.0,181,0.8538,69,211,212,0
0.75,0.2,1,2,18.0,0,0,250,38,212,219,0.876,38,1.0,38,1.0,181,0.8538,69,211,212,0
0.75,0.2,2,0,12.0,0,0,250,38,212,219,0.876,38,1.0,38,1.0,181,0.8538,69,211,212,0
0.75,0.2,2,0,18.0,0,0,250,38,212,219,0.876,38,1.0,38,1.0,181,0.8538,69,211,212,0
0.75,0.25,1,2,12.0,0,0,250,38,212,219,0.876,38,1.0,38,1.0,181,0.8538,69,211,212,0
0.75,0.25,1,2,18.0,0,0,250,38,212,219,0.876,38,1.0,38,1.0,181,0.8538,69,211,212,0
0.75,0.25,2,0,12.0,0,0,250,38,212,219,0.876,38,1.0,38,1.0,181,0.8538,69,211,212,0
0.75,0.25,2,0,18.0,0,0,250,38,212,219,0.876,38,1.0,38,1.0,181,0.8538,69,211,212,0
0.75,0.3,1,2,12.0,0,0,250,38,212,219,0.876,38,1.0,38,1.0,181,0.8538,69,211,212,0
0.75,0.3,1,2,18.0,0,0,250,38,212,219,0.876,38,1.0,38,1.0,181,0.8538,69,211,212,0
0.75,0.3,2,0,12.0,0,0,250,38,212,219,0.876,38,1.0,38,1.0,181,0.8538,69,211,212,0
0.75,0.3,2,0,18.0,0,0,250,38,212,219,0.876,38,1.0,38,1.0,181,0.8538,69,211,212,0
0.75,0.35,1,2,12.0,0,0,250,38,212,219,0.876,38,1.0,38,1.0,181,0.8538,69,211,212,0
0.75,0.35,1,2,18.0,0,0,250,38,212,219,0.876,38,1.0,38,1.0,181,0.8538,69,211,212,0
0.75,0.35,2,0,12.0,0,0,250,38,212,219,0.876,38,1.0,38,1.0,181,0.8538,69,211,212,0
0.75,0.35,2,0,18.0,0,0,250,38,212,219,0.876,38,1.0,38,1.0,181,0.8538,69,211,212,0
0.75,0.4,1,2,12.0,0,0,250,38,212,219,0.876,38,1.0,38,1.0,181,0.8538,69,211,212,0
0.75,0.4,1,2,18.0,0,0,250,38,212,219,0.876,38,1.0,38,1.0,181,0.8538,69,211,212,0
0.75,0.4,2,0,12.0,0,0,250,38,212,219,0.876,38,1.0,38,1.0,181,0.8538,69,211,212,0
0.75,0.4,2,0,18.0,0,0,250,38,212,219,0.876,38,1.0,38,1.0,181,0.8538,69,211,212,0
0.8,0.02,1,2,12.0,0,0,250,38,212,219,0.876,38,1.0,38,1.0,181,0.8538,69,211,212,0
0.8,0.02,1,2,18.0,0,0,250,38,212,219,0.876,38,1.0,38,1.0,181,0.8538,69,211,212,0
0.8,0.02,1,2,24.0,0,0,250,38,212,219,0.876,38,1.0,38,1.0,181,0.8538,69,211,212,0
0.8,0.02,1,2,32.0,0,0,250,38,212,219,0.876,38,1.0,38,1.0,181,0.8538,69,211,212,0
0.8,0.05,1,2,12.0,0,0,250,38,212,219,0.876,38,1.0,38,1.0,181,0.8538,69,211,212,0
0.8,0.05,1,2,18.0,0,0,250,38,212,219,0.876,38,1.0,38,1.0,181,0.8538,69,211,212,0
0.8,0.05,1,2,24.0,0,0,250,38,212,219,0.876,38,1.0,38,1.0,181,0.8538,69,211,212,0
0.8,0.05,1,2,32.0,0,0,250,38,212,219,0.876,38,1.0,38,1.0,181,0.8538,69,211,212,0
0.8,0.1,1,2,12.0,0,0,250,38,212,219,0.876,38,1.0,38,1.0,181,0.8538,69,211,212,0
0.8,0.1,1,2,18.0,0,0,250,38,212,219,0.876,38,1.0,38,1.0,181,0.8538,69,211,212,0
0.8,0.1,1,2,24.0,0,0,250,38,212,219,0.876,38,1.0,38,1.0,181,0.8538,69,211,212,0
0.8,0.1,1,2,32.0,0,0,250,38,212,219,0.876,38,1.0,38,1.0,181,0.8538,69,211,212,0
0.8,0.15,1,2,12.0,0,0,250,38,212,219,0.876,38,1.0,38,1.0,181,0.8538,69,211,212,0
0.8,0.15,1,2,18.0,0,0,250,38,212,219,0.876,38,1.0,38,1.0,181,0.8538,69,211,212,0
0.8,0.15,1,2,24.0,0,0,250,38,212,219,0.876,38,1.0,38,1.0,181,0.8538,69,211,212,0
0.8,0.15,1,2,32.0,0,0,250,38,212,219,0.876,38,1.0,38,1.0,181,0.8538,69,211,212,0
0.8,0.2,1,2,12.0,0,0,250,38,212,219,0.876,38,1.0,38,1.0,181,0.8538,69,211,212,0
0.8,0.2,1,2,18.0,0,0,250,38,212,219,0.876,38,1.0,38,1.0,181,0.8538,69,211,212,0
0.8,0.2,1,2,24.0,0,0,250,38,212,219,0.876,38,1.0,38,1.0,181,0.8538,69,211,212,0
0.8,0.2,1,2,32.0,0,0,250,38,212,219,0.876,38,1.0,38,1.0,181,0.8538,69,211,212,0
0.8,0.25,1,2,12.0,0,0,250,38,212,219,0.876,38,1.0,38,1.0,181,0.8538,69,211,212,0
0.8,0.25,1,2,18.0,0,0,250,38,212,219,0.876,38,1.0,38,1.0,181,0.8538,69,211,212,0
0.8,0.25,1,2,24.0,0,0,250,38,212,219,0.876,38,1.0,38,1.0,181,0.8538,69,211,212,0
0.8,0.25,1,2,32.0,0,0,250,38,212,219,0.876,38,1.0,38,1.0,181,0.8538,69,211,212,0
0.8,0.3,1,2,12.0,0,0,250,38,212,219,0.876,38,1.0,38,1.0,181,0.8538,69,211,212,0
0.8,0.3,1,2,18.0,0,0,250,38,212,219,0.876,38,1.0,38,1.0,181,0.8538,69,211,212,0
0.8,0.3,1,2,24.0,0,0,250,38,212,219,0.876,38,1.0,38,1.0,181,0.8538,69,211,212,0
0.8,0.3,1,2,32.0,0,0,250,38,212,219,0.876,38,1.0,38,1.0,181,0.8538,69,211,212,0
0.8,0.35,1,2,12.0,0,0,250,38,212,219,0.876,38,1.0,38,1.0,181,0.8538,69,211,212,0
0.8,0.35,1,2,18.0,0,0,250,38,212,219,0.876,38,1.0,38,1.0,181,0.8538,69,211,212,0
0.8,0.35,1,2,24.0,0,0,250,38,212,219,0.876,38,1.0,38,1.0,181,0.8538,69,211,212,0
0.8,0.35,1,2,32.0,0,0,250,38,212,219,0.876,38,1.0,38,1.0,181,0.8538,69,211,212,0
0.8,0.4,1,2,12.0,0,0,250,38,212,219,0.876,38,1.0,38,1.0,181,0.8538,69,211,212,0
0.8,0.4,1,2,18.0,0,0,250,38,212,219,0.876,38,1.0,38,1.0,181,0.8538,69,211,212,0
0.8,0.4,1,2,24.0,0,0,250,38,212,219,0.876,38,1.0,38,1.0,181,0.8538,69,211,212,0
0.8,0.4,1,2,32.0,0,0,250,38,212,219,0.876,38,1.0,38,1.0,181,0.8538,69,211,212,0
0.85,0.02,1,0,12.0,0,0,250,38,212,219,0.876,38,1.0,38,1.0,181,0.8538,69,211,212,0
0.85,0.02,1,0,18.0,0,0,250,38,212,219,0.876,38,1.0,38,1.0,181,0.8538,69,211,212,0
0.85,0.02,1,0,24.0,0,0,250,38,212,219,0.876,38,1.0,38,1.0,181,0.8538,69,211,212,0
0.85,0.02,1,0,32.0,0,0,250,38,212,219,0.876,38,1.0,38,1.0,181,0.8538,69,211,212,0
0.85,0.02,1,1,12.0,0,0,250,38,212,219,0.876,38,1.0,38,1.0,181,0.8538,69,211,212,0
0.85,0.02,1,1,18.0,0,0,250,38,212,219,0.876,38,1.0,38,1.0,181,0.8538,69,211,212,0
0.85,0.02,1,1,24.0,0,0,250,38,212,219,0.876,38,1.0,38,1.0,181,0.8538,69,211,212,0
0.85,0.02,1,1,32.0,0,0,250,38,212,219,0.876,38,1.0,38,1.0,181,0.8538,69,211,212,0
0.85,0.02,1,2,12.0,0,0,250,38,212,219,0.876,38,1.0,38,1.0,181,0.8538,69,211,212,0
0.85,0.02,1,2,18.0,0,0,250,38,212,219,0.876,38,1.0,38,1.0,181,0.8538,69,211,212,0
0.85,0.02,1,2,24.0,0,0,250,38,212,219,0.876,38,1.0,38,1.0,181,0.8538,69,211,212,0
0.85,0.02,1,2,32.0,0,0,250,38,212,219,0.876,38,1.0,38,1.0,181,0.8538,69,211,212,0
0.85,0.05,1,0,12.0,0,0,250,38,212,219,0.876,38,1.0,38,1.0,181,0.8538,69,211,212,0
0.85,0.05,1,0,18.0,0,0,250,38,212,219,0.876,38,1.0,38,1.0,181,0.8538,69,211,212,0
0.85,0.05,1,0,24.0,0,0,250,38,212,219,0.876,38,1.0,38,1.0,181,0.8538,69,211,212,0
0.85,0.05,1,0,32.0,0,0,250,38,212,219,0.876,38,1.0,38,1.0,181,0.8538,69,211,212,0
0.85,0.05,1,1,12.0,0,0,250,38,212,219,0.876,38,1.0,38,1.0,181,0.8538,69,211,212,0
0.85,0.05,1,1,18.0,0,0,250,38,212,219,0.876,38,1.0,38,1.0,181,0.8538,69,211,212,0
0.85,0.05,1,1,24.0,0,0,250,38,212,219,0.876,38,1.0,38,1.0,181,0.8538,69,211,212,0
0.85,0.05,1,1,32.0,0,0,250,38,212,219,0.876,38,1.0,38,1.0,181,0.8538,69,211,212,0
0.85,0.05,1,2,12.0,0,0,250,38,212,219,0.876,38,1.0,38,1.0,181,0.8538,69,211,212,0
0.85,0.05,1,2,18.0,0,0,250,38,212,219,0.876,38,1.0,38,1.0,181,0.8538,69,211,212,0
0.85,0.05,1,2,24.0,0,0,250,38,212,219,0.876,38,1.0,38,1.0,181,0.8538,69,211,212,0
0.85,0.05,1,2,32.0,0,0,250,38,212,219,0.876,38,1.0,38,1.0,181,0.8538,69,211,212,0
0.85,0.1,1,0,12.0,0,0,250,38,212,219,0.876,38,1.0,38,1.0,181,0.8538,69,211,212,0
0.85,0.1,1,0,18.0,0,0,250,38,212,219,0.876,38,1.0,38,1.0,181,0.8538,69,211,212,0
0.85,0.1,1,0,24.0,0,0,250,38,212,219,0.876,38,1.0,38,1.0,181,0.8538,69,211,212,0
0.85,0.1,1,0,32.0,0,0,250,38,212,219,0.876,38,1.0,38,1.0,181,0.8538,69,211,212,0
0.85,0.1,1,1,12.0,0,0,250,38,212,219,0.876,38,1.0,38,1.0,181,0.8538,69,211,212,0
0.85,0.1,1,1,18.0,0,0,250,38,212,219,0.876,38,1.0,38,1.0,181,0.8538,69,211,212,0
0.85,0.1,1,1,24.0,0,0,250,38,212,219,0.876,38,1.0,38,1.0,181,0.8538,69,211,212,0
0.85,0.1,1,1,32.0,0,0,250,38,212,219,0.876,38,1.0,38,1.0,181,0.8538,69,211,212,0
0.85,0.1,1,2,12.0,0,0,250,38,212,219,0.876,38,1.0,38,1.0,181,0.8538,69,211,212,0
0.85,0.1,1,2,18.0,0,0,250,38,212,219,0.876,38,1.0,38,1.0,181,0.8538,69,211,212,0
0.85,0.1,1,2,24.0,0,0,250,38,212,219,0.876,38,1.0,38,1.0,181,0.8538,69,211,212,0
0.85,0.1,1,2,32.0,0,0,250,38,212,219,0.876,38,1.0,38,1.0,181,0.8538,69,211,212,0
0.85,0.15,1,0,12.0,0,0,250,38,212,219,0.876,38,1.0,38,1.0,181,0.8538,69,211,212,0
0.85,0.15,1,0,18.0,0,0,250,38,212,219,0.876,38,1.0,38,1.0,181,0.8538,69,211,212,0
0.85,0.15,1,0,24.0,0,0,250,38,212,219,0.876,38,1.0,38,1.0,181,0.8538,69,211,212,0
0.85,0.15,1,0,32.0,0,0,250,38,212,219,0.876,38,1.0,38,1.0,181,0.8538,69,211,212,0
0.85,0.15,1,1,12.0,0,0,250,38,212,219,0.876,38,1.0,38,1.0,181,0.8538,69,211,212,0
0.85,0.15,1,1,18.0,0,0,250,38,212,219,0.876,38,1.0,38,1.0,181,0.8538,69,211,212,0
0.85,0.15,1,1,24.0,0,0,250,38,212,219,0.876,38,1.0,38,1.0,181,0.8538,69,211,212,0
0.85,0.15,1,1,32.0,0,0,250,38,212,219,0.876,38,1.0,38,1.0,181,0.8538,69,211,212,0
0.85,0.15,1,2,12.0,0,0,250,38,212,219,0.876,38,1.0,38,1.0,181,0.8538,69,211,212,0
0.85,0.15,1,2,18.0,0,0,250,38,212,219,0.876,38,1.0,38,1.0,181,0.8538,69,211,212,0
0.85,0.15,1,2,24.0,0,0,250,38,212,219,0.876,38,1.0,38,1.0,181,0.8538,69,211,212,0
0.85,0.15,1,2,32.0,0,0,250,38,212,219,0.876,38,1.0,38,1.0,181,0.8538,69,211,212,0
0.85,0.2,1,0,12.0,0,0,250,38,212,219,0.876,38,1.0,38,1.0,181,0.8538,69,211,212,0
0.85,0.2,1,0,18.0,0,0,250,38,212,219,0.876,38,1.0,38,1.0,181,0.8538,69,211,212,0
0.85,0.2,1,0,24.0,0,0,250,38,212,219,0.876,38,1.0,38,1.0,181,0.8538,69,211,212,0
0.85,0.2,1,0,32.0,0,0,250,38,212,219,0.876,38,1.0,38,1.0,181,0.8538,69,211,212,0
0.85,0.2,1,1,12.0,0,0,250,38,212,219,0.876,38,1.0,38,1.0,181,0.8538,69,211,212,0
0.85,0.2,1,1,18.0,0,0,250,38,212,219,0.876,38,1.0,38,1.0,181,0.8538,69,211,212,0
0.85,0.2,1,1,24.0,0,0,250,38,212,219,0.876,38,1.0,38,1.0,181,0.8538,69,211,212,0
0.85,0.2,1,1,32.0,0,0,250,38,212,219,0.876,38,1.0,38,1.0,181,0.8538,69,211,212,0
0.85,0.2,1,2,12.0,0,0,250,38,212,219,0.876,38,1.0,38,1.0,181,0.8538,69,211,212,0
0.85,0.2,1,2,18.0,0,0,250,38,212,219,0.876,38,1.0,38,1.0,181,0.8538,69,211,212,0
0.85,0.2,1,2,24.0,0,0,250,38,212,219,0.876,38,1.0,38,1.0,181,0.8538,69,211,212,0
0.85,0.2,1,2,32.0,0,0,250,38,212,219,0.876,38,1.0,38,1.0,181,0.8538,69,211,212,0
0.85,0.25,1,0,12.0,0,0,250,38,212,219,0.876,38,1.0,38,1.0,181,0.8538,69,211,212,0
0.85,0.25,1,0,18.0,0,0,250,38,212,219,0.876,38,1.0,38,1.0,181,0.8538,69,211,212,0
0.85,0.25,1,0,24.0,0,0,250,38,212,219,0.876,38,1.0,38,1.0,181,0.8538,69,211,212,0
0.85,0.25,1,0,32.0,0,0,250,38,212,219,0.876,38,1.0,38,1.0,181,0.8538,69,211,212,0
0.85,0.25,1,1,12.0,0,0,250,38,212,219,0.876,38,1.0,38,1.0,181,0.8538,69,211,212,0
0.85,0.25,1,1,18.0,0,0,250,38,212,219,0.876,38,1.0,38,1.0,181,0.8538,69,211,212,0
0.85,0.25,1,1,24.0,0,0,250,38,212,219,0.876,38,1.0,38,1.0,181,0.8538,69,211,212,0
0.85,0.25,1,1,32.0,0,0,250,38,212,219,0.876,38,1.0,38,1.0,181,0.8538,69,211,212,0
0.85,0.25,1,2,12.0,0,0,250,38,212,219,0.876,38,1.0,38,1.0,181,0.8538,69,211,212,0
0.85,0.25,1,2,18.0,0,0,250,38,212,219,0.876,38,1.0,38,1.0,181,0.8538,69,211,212,0
0.85,0.25,1,2,24.0,0,0,250,38,212,219,0.876,38,1.0,38,1.0,181,0.8538,69,211,212,0
0.85,0.25,1,2,32.0,0,0,250,38,212,219,0.876,38,1.0,38,1.0,181,0.8538,69,211,212,0
0.85,0.3,1,0,12.0,0,0,250,38,212,219,0.876,38,1.0,38,1.0,181,0.8538,69,211,212,0
0.85,0.3,1,0,18.0,0,0,250,38,212,219,0.876,38,1.0,38,1.0,181,0.8538,69,211,212,0
0.85,0.3,1,0,24.0,0,0,250,38,212,219,0.876,38,1.0,38,1.0,181,0.8538,69,211,212,0
0.85,0.3,1,0,32.0,0,0,250,38,212,219,0.876,38,1.0,38,1.0,181,0.8538,69,211,212,0
0.85,0.3,1,1,12.0,0,0,250,38,212,219,0.876,38,1.0,38,1.0,181,0.8538,69,211,212,0
0.85,0.3,1,1,18.0,0,0,250,38,212,219,0.876,38,1.0,38,1.0,181,0.8538,69,211,212,0
0.85,0.3,1,1,24.0,0,0,250,38,212,219,0.876,38,1.0,38,1.0,181,0.8538,69,211,212,0
0.85,0.3,1,1,32.0,0,0,250,38,212,219,0.876,38,1.0,38,1.0,181,0.8538,69,211,212,0
0.85,0.3,1,2,12.0,0,0,250,38,212,219,0.876,38,1.0,38,1.0,181,0.8538,69,211,212,0
0.85,0.3,1,2,18.0,0,0,250,38,212,219,0.876,38,1.0,38,1.0,181,0.8538,69,211,212,0
0.85,0.3,1,2,24.0,0,0,250,38,212,219,0.876,38,1.0,38,1.0,181,0.8538,69,211,212,0
0.85,0.3,1,2,32.0,0,0,250,38,212,219,0.876,38,1.0,38,1.0,181,0.8538,69,211,212,0
0.85,0.35,1,0,12.0,0,0,250,38,212,219,0.876,38,1.0,38,1.0,181,0.8538,69,211,212,0
0.85,0.35,1,0,18.0,0,0,250,38,212,219,0.876,38,1.0,38,1.0,181,0.8538,69,211,212,0
0.85,0.35,1,0,24.0,0,0,250,38,212,219,0.876,38,1.0,38,1.0,181,0.8538,69,211,212,0
0.85,0.35,1,0,32.0,0,0,250,38,212,219,0.876,38,1.0,38,1.0,181,0.8538,69,211,212,0
0.85,0.35,1,1,12.0,0,0,250,38,212,219,0.876,38,1.0,38,1.0,181,0.8538,69,211,212,0
0.85,0.35,1,1,18.0,0,0,250,38,212,219,0.876,38,1.0,38,1.0,181,0.8538,69,211,212,0
0.85,0.35,1,1,24.0,0,0,250,38,212,219,0.876,38,1.0,38,1.0,181,0.8538,69,211,212,0
0.85,0.35,1,1,32.0,0,0,250,38,212,219,0.876,38,1.0,38,1.0,181,0.8538,69,211,212,0
0.85,0.35,1,2,12.0,0,0,250,38,212,219,0.876,38,1.0,38,1.0,181,0.8538,69,211,212,0
0.85,0.35,1,2,18.0,0,0,250,38,212,219,0.876,38,1.0,38,1.0,181,0.8538,69,211,212,0
0.85,0.35,1,2,24.0,0,0,250,38,212,219,0.876,38,1.0,38,1.0,181,0.8538,69,211,212,0
0.85,0.35,1,2,32.0,0,0,250,38,212,219,0.876,38,1.0,38,1.0,181,0.8538,69,211,212,0
0.85,0.4,1,0,12.0,0,0,250,38,212,219,0.876,38,1.0,38,1.0,181,0.8538,69,211,212,0
0.85,0.4,1,0,18.0,0,0,250,38,212,219,0.876,38,1.0,38,1.0,181,0.8538,69,211,212,0
0.85,0.4,1,0,24.0,0,0,250,38,212,219,0.876,38,1.0,38,1.0,181,0.8538,69,211,212,0
0.85,0.4,1,0,32.0,0,0,250,38,212,219,0.876,38,1.0,38,1.0,181,0.8538,69,211,212,0
0.85,0.4,1,1,12.0,0,0,250,38,212,219,0.876,38,1.0,38,1.0,181,0.8538,69,211,212,0
0.85,0.4,1,1,18.0,0,0,250,38,212,219,0.876,38,1.0,38,1.0,181,0.8538,69,211,212,0
0.85,0.4,1,1,24.0,0,0,250,38,212,219,0.876,38,1.0,38,1.0,181,0.8538,69,211,212,0
0.85,0.4,1,1,32.0,0,0,250,38,212,219,0.876,38,1.0,38,1.0,181,0.8538,69,211,212,0
0.85,0.4,1,2,12.0,0,0,250,38,212,219,0.876,38,1.0,38,1.0,181,0.8538,69,211,212,0
0.85,0.4,1,2,18.0,0,0,250,38,212,219,0.876,38,1.0,38,1.0,181,0.8538,69,211,212,0
0.85,0.4,1,2,24.0,0,0,250,38,212,219,0.876,38,1.0,38,1.0,181,0.8538,69,211,212,0
0.85,0.4,1,2,32.0,0,0,250,38,212,219,0.876,38,1.0,38,1.0,181,0.8538,69,211,212,0
0.6,0.02,3,2,12.0,0,0,250,38,212,219,0.876,37,0.9737,37,0.9737,182,0.8585,67,213,213,1
0.6,0.02,3,2,18.0,0,0,250,38,212,219,0.876,37,0.9737,37,0.9737,182,0.8585,67,213,213,1
0.6,0.05,3,2,12.0,0,0,250,38,212,219,0.876,37,0.9737,37,0.9737,182,0.8585,67,213,213,1
0.6,0.05,3,2,18.0,0,0,250,38,212,219,0.876,37,0.9737,37,0.9737,182,0.8585,67,213,213,1
0.6,0.1,3,2,12.0,0,0,250,38,212,219,0.876,37,0.9737,37,0.9737,182,0.8585,67,213,213,1
0.6,0.1,3,2,18.0,0,0,250,38,212,219,0.876,37,0.9737,37,0.9737,182,0.8585,67,213,213,1
0.6,0.15,3,2,12.0,0,0,250,38,212,219,0.876,37,0.9737,37,0.9737,182,0.8585,67,213,213,1
0.6,0.15,3,2,18.0,0,0,250,38,212,219,0.876,37,0.9737,37,0.9737,182,0.8585,67,213,213,1
0.6,0.2,3,2,12.0,0,0,250,38,212,219,0.876,37,0.9737,37,0.9737,182,0.8585,67,213,213,1
0.6,0.2,3,2,18.0,0,0,250,38,212,219,0.876,37,0.9737,37,0.9737,182,0.8585,67,213,213,1
0.6,0.25,3,2,12.0,0,0,250,38,212,219,0.876,37,0.9737,37,0.9737,182,0.8585,67,213,213,1
0.6,0.25,3,2,18.0,0,0,250,38,212,219,0.876,37,0.9737,37,0.9737,182,0.8585,67,213,213,1
0.6,0.3,3,2,12.0,0,0,250,38,212,219,0.876,37,0.9737,37,0.9737,182,0.8585,67,213,213,1
0.6,0.3,3,2,18.0,0,0,250,38,212,219,0.876,37,0.9737,37,0.9737,182,0.8585,67,213,213,1
0.6,0.35,3,2,12.0,0,0,250,38,212,219,0.876,37,0.9737,37,0.9737,182,0.8585,67,213,213,1
0.6,0.35,3,2,18.0,0,0,250,38,212,219,0.876,37,0.9737,37,0.9737,182,0.8585,67,213,213,1
0.6,0.4,3,2,12.0,0,0,250,38,212,219,0.876,37,0.9737,37,0.9737,182,0.8585,67,213,213,1
0.6,0.4,3,2,18.0,0,0,250,38,212,219,0.876,37,0.9737,37,0.9737,182,0.8585,67,213,213,1
0.5,0.5,2,0,24.0,0,0,250,38,212,218,0.872,38,1.0,38,1.0,180,0.8491,70,209,212,0
0.5,0.5,2,0,32.0,0,0,250,38,212,218,0.872,38,1.0,38,1.0,180,0.8491,70,209,212,0
0.5,0.5,2,0,48.0,0,0,250,38,212,218,0.872,38,1.0,38,1.0,180,0.8491,70,209,212,0
0.55,0.02,3,1,12.0,0,0,250,38,212,218,0.872,38,1.0,38,1.0,180,0.8491,70,212,212,0
0.55,0.02,3,1,18.0,0,0,250,38,212,218,0.872,38,1.0,38,1.0,180,0.8491,70,212,212,0
0.55,0.05,3,1,12.0,0,0,250,38,212,218,0.872,38,1.0,38,1.0,180,0.8491,70,212,212,0
0.55,0.05,3,1,18.0,0,0,250,38,212,218,0.872,38,1.0,38,1.0,180,0.8491,70,212,212,0
0.55,0.1,3,1,12.0,0,0,250,38,212,218,0.872,38,1.0,38,1.0,180,0.8491,70,212,212,0
0.55,0.1,3,1,18.0,0,0,250,38,212,218,0.872,38,1.0,38,1.0,180,0.8491,70,212,212,0
0.55,0.15,3,1,12.0,0,0,250,38,212,218,0.872,38,1.0,38,1.0,180,0.8491,70,212,212,0
0.55,0.15,3,1,18.0,0,0,250,38,212,218,0.872,38,1.0,38,1.0,180,0.8491,70,212,212,0
0.55,0.2,3,1,12.0,0,0,250,38,212,218,0.872,38,1.0,38,1.0,180,0.8491,70,212,212,0
0.55,0.2,3,1,18.0,0,0,250,38,212,218,0.872,38,1.0,38,1.0,180,0.8491,70,212,212,0
0.55,0.25,3,1,12.0,0,0,250,38,212,218,0.872,38,1.0,38,1.0,180,0.8491,70,212,212,0
0.55,0.25,3,1,18.0,0,0,250,38,212,218,0.872,38,1.0,38,1.0,180,0.8491,70,212,212,0
0.55,0.3,3,1,12.0,0,0,250,38,212,218,0.872,38,1.0,38,1.0,180,0.8491,70,212,212,0
0.55,0.3,3,1,18.0,0,0,250,38,212,218,0.872,38,1.0,38,1.0,180,0.8491,70,212,212,0
0.55,0.35,3,1,12.0,0,0,250,38,212,218,0.872,38,1.0,38,1.0,180,0.8491,70,212,212,0
0.55,0.35,3,1,18.0,0,0,250,38,212,218,0.872,38,1.0,38,1.0,180,0.8491,70,212,212,0
0.55,0.4,3,1,12.0,0,0,250,38,212,218,0.872,38,1.0,38,1.0,180,0.8491,70,212,212,0
0.55,0.4,3,1,18.0,0,0,250,38,212,218,0.872,38,1.0,38,1.0,180,0.8491,70,212,212,0
0.6,0.02,2,2,12.0,0,0,250,38,212,218,0.872,38,1.0,38,1.0,180,0.8491,70,212,212,0
0.6,0.02,2,2,18.0,0,0,250,38,212,218,0.872,38,1.0,38,1.0,180,0.8491,70,212,212,0
0.6,0.05,2,2,12.0,0,0,250,38,212,218,0.872,38,1.0,38,1.0,180,0.8491,70,212,212,0
0.6,0.05,2,2,18.0,0,0,250,38,212,218,0.872,38,1.0,38,1.0,180,0.8491,70,212,212,0
0.6,0.1,2,2,12.0,0,0,250,38,212,218,0.872,38,1.0,38,1.0,180,0.8491,70,212,212,0
0.6,0.1,2,2,18.0,0,0,250,38,212,218,0.872,38,1.0,38,1.0,180,0.8491,70,212,212,0
0.6,0.15,2,2,12.0,0,0,250,38,212,218,0.872,38,1.0,38,1.0,180,0.8491,70,212,212,0
0.6,0.15,2,2,18.0,0,0,250,38,212,218,0.872,38,1.0,38,1.0,180,0.8491,70,212,212,0
0.6,0.2,2,2,12.0,0,0,250,38,212,218,0.872,38,1.0,38,1.0,180,0.8491,70,212,212,0
0.6,0.2,2,2,18.0,0,0,250,38,212,218,0.872,38,1.0,38,1.0,180,0.8491,70,212,212,0
0.6,0.25,2,2,12.0,0,0,250,38,212,218,0.872,38,1.0,38,1.0,180,0.8491,70,212,212,0
0.6,0.25,2,2,18.0,0,0,250,38,212,218,0.872,38,1.0,38,1.0,180,0.8491,70,212,212,0
0.6,0.3,2,2,12.0,0,0,250,38,212,218,0.872,38,1.0,38,1.0,180,0.8491,70,212,212,0
0.6,0.3,2,2,18.0,0,0,250,38,212,218,0.872,38,1.0,38,1.0,180,0.8491,70,212,212,0
0.6,0.35,2,2,12.0,0,0,250,38,212,218,0.872,38,1.0,38,1.0,180,0.8491,70,212,212,0
0.6,0.35,2,2,18.0,0,0,250,38,212,218,0.872,38,1.0,38,1.0,180,0.8491,70,212,212,0
0.6,0.4,2,2,12.0,0,0,250,38,212,218,0.872,38,1.0,38,1.0,180,0.8491,70,212,212,0
0.6,0.4,2,2,18.0,0,0,250,38,212,218,0.872,38,1.0,38,1.0,180,0.8491,70,212,212,0
0.65,0.02,2,1,12.0,0,0,250,38,212,218,0.872,38,1.0,38,1.0,180,0.8491,70,211,212,0
0.65,0.02,2,1,18.0,0,0,250,38,212,218,0.872,38,1.0,38,1.0,180,0.8491,70,211,212,0
0.65,0.05,2,1,12.0,0,0,250,38,212,218,0.872,38,1.0,38,1.0,180,0.8491,70,211,212,0
0.65,0.05,2,1,18.0,0,0,250,38,212,218,0.872,38,1.0,38,1.0,180,0.8491,70,211,212,0
0.65,0.1,2,1,12.0,0,0,250,38,212,218,0.872,38,1.0,38,1.0,180,0.8491,70,211,212,0
0.65,0.1,2,1,18.0,0,0,250,38,212,218,0.872,38,1.0,38,1.0,180,0.8491,70,211,212,0
0.65,0.15,2,1,12.0,0,0,250,38,212,218,0.872,38,1.0,38,1.0,180,0.8491,70,211,212,0
0.65,0.15,2,1,18.0,0,0,250,38,212,218,0.872,38,1.0,38,1.0,180,0.8491,70,211,212,0
0.65,0.2,2,1,12.0,0,0,250,38,212,218,0.872,38,1.0,38,1.0,180,0.8491,70,211,212,0
0.65,0.2,2,1,18.0,0,0,250,38,212,218,0.872,38,1.0,38,1.0,180,0.8491,70,211,212,0
0.65,0.25,2,1,12.0,0,0,250,38,212,218,0.872,38,1.0,38,1.0,180,0.8491,70,211,212,0
0.65,0.25,2,1,18.0,0,0,250,38,212,218,0.872,38,1.0,38,1.0,180,0.8491,70,211,212,0
0.65,0.3,2,1,12.0,0,0,250,38,212,218,0.872,38,1.0,38,1.0,180,0.8491,70,211,212,0
0.65,0.3,2,1,18.0,0,0,250,38,212,218,0.872,38,1.0,38,1.0,180,0.8491,70,211,212,0
0.65,0.35,2,1,12.0,0,0,250,38,212,218,0.872,38,1.0,38,1.0,180,0.8491,70,211,212,0
0.65,0.35,2,1,18.0,0,0,250,38,212,218,0.872,38,1.0,38,1.0,180,0.8491,70,211,212,0
0.65,0.4,2,1,12.0,0,0,250,38,212,218,0.872,38,1.0,38,1.0,180,0.8491,70,211,212,0
0.65,0.4,2,1,18.0,0,0,250,38,212,218,0.872,38,1.0,38,1.0,180,0.8491,70,211,212,0
0.8,0.02,1,0,12.0,0,0,250,38,212,218,0.872,38,1.0,38,1.0,180,0.8491,70,210,212,0
0.8,0.02,1,0,18.0,0,0,250,38,212,218,0.872,38,1.0,38,1.0,180,0.8491,70,210,212,0
0.8,0.02,1,0,24.0,0,0,250,38,212,218,0.872,38,1.0,38,1.0,180,0.8491,70,210,212,0
0.8,0.02,1,0,32.0,0,0,250,38,212,218,0.872,38,1.0,38,1.0,180,0.8491,70,210,212,0
0.8,0.02,1,1,12.0,0,0,250,38,212,218,0.872,38,1.0,38,1.0,180,0.8491,70,210,212,0
0.8,0.02,1,1,18.0,0,0,250,38,212,218,0.872,38,1.0,38,1.0,180,0.8491,70,210,212,0
0.8,0.02,1,1,24.0,0,0,250,38,212,218,0.872,38,1.0,38,1.0,180,0.8491,70,210,212,0
0.8,0.02,1,1,32.0,0,0,250,38,212,218,0.872,38,1.0,38,1.0,180,0.8491,70,210,212,0
0.8,0.02,3,0,48.0,0,0,250,38,212,218,0.872,38,1.0,38,1.0,180,0.8491,70,180,212,0
0.8,0.02,3,1,48.0,0,0,250,38,212,218,0.872,38,1.0,38,1.0,180,0.8491,70,180,212,0
0.8,0.02,3,2,48.0,0,0,250,38,212,218,0.872,38,1.0,38,1.0,180,0.8491,70,180,212,0
0.8,0.05,1,0,12.0,0,0,250,38,212,218,0.872,38,1.0,38,1.0,180,0.8491,70,210,212,0
0.8,0.05,1,0,18.0,0,0,250,38,212,218,0.872,38,1.0,38,1.0,180,0.8491,70,210,212,0
0.8,0.05,1,0,24.0,0,0,250,38,212,218,0.872,38,1.0,38,1.0,180,0.8491,70,210,212,0
0.8,0.05,1,0,32.0,0,0,250,38,212,218,0.872,38,1.0,38,1.0,180,0.8491,70,210,212,0
0.8,0.05,1,1,12.0,0,0,250,38,212,218,0.872,38,1.0,38,1.0,180,0.8491,70,210,212,0
0.8,0.05,1,1,18.0,0,0,250,38,212,218,0.872,38,1.0,38,1.0,180,0.8491,70,210,212,0
0.8,0.05,1,1,24.0,0,0,250,38,212,218,0.872,38,1.0,38,1.0,180,0.8491,70,210,212,0
0.8,0.05,1,1,32.0,0,0,250,38,212,218,0.872,38,1.0,38,1.0,180,0.8491,70,210,212,0
0.8,0.05,3,0,48.0,0,0,250,38,212,218,0.872,38,1.0,38,1.0,180,0.8491,70,180,212,0
0.8,0.05,3,1,48.0,0,0,250,38,212,218,0.872,38,1.0,38,1.0,180,0.8491,70,180,212,0
0.8,0.05,3,2,48.0,0,0,250,38,212,218,0.872,38,1.0,38,1.0,180,0.8491,70,180,212,0
0.8,0.1,1,0,12.0,0,0,250,38,212,218,0.872,38,1.0,38,1.0,180,0.8491,70,210,212,0
0.8,0.1,1,0,18.0,0,0,250,38,212,218,0.872,38,1.0,38,1.0,180,0.8491,70,210,212,0
0.8,0.1,1,0,24.0,0,0,250,38,212,218,0.872,38,1.0,38,1.0,180,0.8491,70,210,212,0
0.8,0.1,1,0,32.0,0,0,250,38,212,218,0.872,38,1.0,38,1.0,180,0.8491,70,210,212,0
0.8,0.1,1,1,12.0,0,0,250,38,212,218,0.872,38,1.0,38,1.0,180,0.8491,70,210,212,0
0.8,0.1,1,1,18.0,0,0,250,38,212,218,0.872,38,1.0,38,1.0,180,0.8491,70,210,212,0
0.8,0.1,1,1,24.0,0,0,250,38,212,218,0.872,38,1.0,38,1.0,180,0.8491,70,210,212,0
0.8,0.1,1,1,32.0,0,0,250,38,212,218,0.872,38,1.0,38,1.0,180,0.8491,70,210,212,0
0.8,0.1,3,0,48.0,0,0,250,38,212,218,0.872,38,1.0,38,1.0,180,0.8491,70,180,212,0
0.8,0.1,3,1,48.0,0,0,250,38,212,218,0.872,38,1.0,38,1.0,180,0.8491,70,180,212,0
0.8,0.1,3,2,48.0,0,0,250,38,212,218,0.872,38,1.0,38,1.0,180,0.8491,70,180,212,0
0.8,0.15,1,0,12.0,0,0,250,38,212,218,0.872,38,1.0,38,1.0,180,0.8491,70,210,212,0
0.8,0.15,1,0,18.0,0,0,250,38,212,218,0.872,38,1.0,38,1.0,180,0.8491,70,210,212,0
0.8,0.15,1,0,24.0,0,0,250,38,212,218,0.872,38,1.0,38,1.0,180,0.8491,70,210,212,0
0.8,0.15,1,0,32.0,0,0,250,38,212,218,0.872,38,1.0,38,1.0,180,0.8491,70,210,212,0
0.8,0.15,1,1,12.0,0,0,250,38,212,218,0.872,38,1.0,38,1.0,180,0.8491,70,210,212,0
0.8,0.15,1,1,18.0,0,0,250,38,212,218,0.872,38,1.0,38,1.0,180,0.8491,70,210,212,0
0.8,0.15,1,1,24.0,0,0,250,38,212,218,0.872,38,1.0,38,1.0,180,0.8491,70,210,212,0
0.8,0.15,1,1,32.0,0,0,250,38,212,218,0.872,38,1.0,38,1.0,180,0.8491,70,210,212,0
0.8,0.15,3,0,48.0,0,0,250,38,212,218,0.872,38,1.0,38,1.0,180,0.8491,70,180,212,0
0.8,0.15,3,1,48.0,0,0,250,38,212,218,0.872,38,1.0,38,1.0,180,0.8491,70,180,212,0
0.8,0.15,3,2,48.0,0,0,250,38,212,218,0.872,38,1.0,38,1.0,180,0.8491,70,180,212,0
0.8,0.2,1,0,12.0,0,0,250,38,212,218,0.872,38,1.0,38,1.0,180,0.8491,70,210,212,0
0.8,0.2,1,0,18.0,0,0,250,38,212,218,0.872,38,1.0,38,1.0,180,0.8491,70,210,212,0
0.8,0.2,1,0,24.0,0,0,250,38,212,218,0.872,38,1.0,38,1.0,180,0.8491,70,210,212,0
0.8,0.2,1,0,32.0,0,0,250,38,212,218,0.872,38,1.0,38,1.0,180,0.8491,70,210,212,0
0.8,0.2,1,1,12.0,0,0,250,38,212,218,0.872,38,1.0,38,1.0,180,0.8491,70,210,212,0
0.8,0.2,1,1,18.0,0,0,250,38,212,218,0.872,38,1.0,38,1.0,180,0.8491,70,210,212,0
0.8,0.2,1,1,24.0,0,0,250,38,212,218,0.872,38,1.0,38,1.0,180,0.8491,70,210,212,0
0.8,0.2,1,1,32.0,0,0,250,38,212,218,0.872,38,1.0,38,1.0,180,0.8491,70,210,212,0
0.8,0.2,3,0,48.0,0,0,250,38,212,218,0.872,38,1.0,38,1.0,180,0.8491,70,180,212,0
0.8,0.2,3,1,48.0,0,0,250,38,212,218,0.872,38,1.0,38,1.0,180,0.8491,70,180,212,0
0.8,0.2,3,2,48.0,0,0,250,38,212,218,0.872,38,1.0,38,1.0,180,0.8491,70,180,212,0
0.8,0.25,1,0,12.0,0,0,250,38,212,218,0.872,38,1.0,38,1.0,180,0.8491,70,210,212,0
0.8,0.25,1,0,18.0,0,0,250,38,212,218,0.872,38,1.0,38,1.0,180,0.8491,70,210,212,0
0.8,0.25,1,0,24.0,0,0,250,38,212,218,0.872,38,1.0,38,1.0,180,0.8491,70,210,212,0
0.8,0.25,1,0,32.0,0,0,250,38,212,218,0.872,38,1.0,38,1.0,180,0.8491,70,210,212,0
0.8,0.25,1,1,12.0,0,0,250,38,212,218,0.872,38,1.0,38,1.0,180,0.8491,70,210,212,0
0.8,0.25,1,1,18.0,0,0,250,38,212,218,0.872,38,1.0,38,1.0,180,0.8491,70,210,212,0
0.8,0.25,1,1,24.0,0,0,250,38,212,218,0.872,38,1.0,38,1.0,180,0.8491,70,210,212,0
0.8,0.25,1,1,32.0,0,0,250,38,212,218,0.872,38,1.0,38,1.0,180,0.8491,70,210,212,0
0.8,0.25,3,0,48.0,0,0,250,38,212,218,0.872,38,1.0,38,1.0,180,0.8491,70,180,212,0
0.8,0.25,3,1,48.0,0,0,250,38,212,218,0.872,38,1.0,38,1.0,180,0.8491,70,180,212,0
0.8,0.25,3,2,48.0,0,0,250,38,212,218,0.872,38,1.0,38,1.0,180,0.8491,70,180,212,0
0.8,0.3,1,0,12.0,0,0,250,38,212,218,0.872,38,1.0,38,1.0,180,0.8491,70,210,212,0
0.8,0.3,1,0,18.0,0,0,250,38,212,218,0.872,38,1.0,38,1.0,180,0.8491,70,210,212,0
0.8,0.3,1,0,24.0,0,0,250,38,212,218,0.872,38,1.0,38,1.0,180,0.8491,70,210,212,0
0.8,0.3,1,0,32.0,0,0,250,38,212,218,0.872,38,1.0,38,1.0,180,0.8491,70,210,212,0
0.8,0.3,1,1,12.0,0,0,250,38,212,218,0.872,38,1.0,38,1.0,180,0.8491,70,210,212,0
0.8,0.3,1,1,18.0,0,0,250,38,212,218,0.872,38,1.0,38,1.0,180,0.8491,70,210,212,0
0.8,0.3,1,1,24.0,0,0,250,38,212,218,0.872,38,1.0,38,1.0,180,0.8491,70,210,212,0
0.8,0.3,1,1,32.0,0,0,250,38,212,218,0.872,38,1.0,38,1.0,180,0.8491,70,210,212,0
0.8,0.3,3,0,48.0,0,0,250,38,212,218,0.872,38,1.0,38,1.0,180,0.8491,70,180,212,0
0.8,0.3,3,1,48.0,0,0,250,38,212,218,0.872,38,1.0,38,1.0,180,0.8491,70,180,212,0
0.8,0.3,3,2,48.0,0,0,250,38,212,218,0.872,38,1.0,38,1.0,180,0.8491,70,180,212,0
0.8,0.35,1,0,12.0,0,0,250,38,212,218,0.872,38,1.0,38,1.0,180,0.8491,70,210,212,0
0.8,0.35,1,0,18.0,0,0,250,38,212,218,0.872,38,1.0,38,1.0,180,0.8491,70,210,212,0
0.8,0.35,1,0,24.0,0,0,250,38,212,218,0.872,38,1.0,38,1.0,180,0.8491,70,210,212,0
0.8,0.35,1,0,32.0,0,0,250,38,212,218,0.872,38,1.0,38,1.0,180,0.8491,70,210,212,0
0.8,0.35,1,1,12.0,0,0,250,38,212,218,0.872,38,1.0,38,1.0,180,0.8491,70,210,212,0
0.8,0.35,1,1,18.0,0,0,250,38,212,218,0.872,38,1.0,38,1.0,180,0.8491,70,210,212,0
0.8,0.35,1,1,24.0,0,0,250,38,212,218,0.872,38,1.0,38,1.0,180,0.8491,70,210,212,0
0.8,0.35,1,1,32.0,0,0,250,38,212,218,0.872,38,1.0,38,1.0,180,0.8491,70,210,212,0
0.8,0.35,3,0,48.0,0,0,250,38,212,218,0.872,38,1.0,38,1.0,180,0.8491,70,180,212,0
0.8,0.35,3,1,48.0,0,0,250,38,212,218,0.872,38,1.0,38,1.0,180,0.8491,70,180,212,0
0.8,0.35,3,2,48.0,0,0,250,38,212,218,0.872,38,1.0,38,1.0,180,0.8491,70,180,212,0
0.8,0.4,1,0,12.0,0,0,250,38,212,218,0.872,38,1.0,38,1.0,180,0.8491,70,210,212,0
0.8,0.4,1,0,18.0,0,0,250,38,212,218,0.872,38,1.0,38,1.0,180,0.8491,70,210,212,0
0.8,0.4,1,0,24.0,0,0,250,38,212,218,0.872,38,1.0,38,1.0,180,0.8491,70,210,212,0
0.8,0.4,1,0,32.0,0,0,250,38,212,218,0.872,38,1.0,38,1.0,180,0.8491,70,210,212,0
0.8,0.4,1,1,12.0,0,0,250,38,212,218,0.872,38,1.0,38,1.0,180,0.8491,70,210,212,0
0.8,0.4,1,1,18.0,0,0,250,38,212,218,0.872,38,1.0,38,1.0,180,0.8491,70,210,212,0
0.8,0.4,1,1,24.0,0,0,250,38,212,218,0.872,38,1.0,38,1.0,180,0.8491,70,210,212,0
0.8,0.4,1,1,32.0,0,0,250,38,212,218,0.872,38,1.0,38,1.0,180,0.8491,70,210,212,0
0.8,0.4,3,0,48.0,0,0,250,38,212,218,0.872,38,1.0,38,1.0,180,0.8491,70,180,212,0
0.8,0.4,3,1,48.0,0,0,250,38,212,218,0.872,38,1.0,38,1.0,180,0.8491,70,180,212,0
0.8,0.4,3,2,48.0,0,0,250,38,212,218,0.872,38,1.0,38,1.0,180,0.8491,70,180,212,0
0.55,0.02,3,2,12.0,0,0,250,38,212,218,0.872,37,0.9737,37,0.9737,181,0.8538,68,213,213,1
0.55,0.02,3,2,18.0,0,0,250,38,212,218,0.872,37,0.9737,37,0.9737,181,0.8538,68,213,213,1
0.55,0.05,3,2,12.0,0,0,250,38,212,218,0.872,37,0.9737,37,0.9737,181,0.8538,68,213,213,1
0.55,0.05,3,2,18.0,0,0,250,38,212,218,0.872,37,0.9737,37,0.9737,181,0.8538,68,213,213,1
0.55,0.1,3,2,12.0,0,0,250,38,212,218,0.872,37,0.9737,37,0.9737,181,0.8538,68,213,213,1
0.55,0.1,3,2,18.0,0,0,250,38,212,218,0.872,37,0.9737,37,0.9737,181,0.8538,68,213,213,1
0.55,0.15,3,2,12.0,0,0,250,38,212,218,0.872,37,0.9737,37,0.9737,181,0.8538,68,213,213,1
0.55,0.15,3,2,18.0,0,0,250,38,212,218,0.872,37,0.9737,37,0.9737,181,0.8538,68,213,213,1
0.55,0.2,3,2,12.0,0,0,250,38,212,218,0.872,37,0.9737,37,0.9737,181,0.8538,68,213,213,1
0.55,0.2,3,2,18.0,0,0,250,38,212,218,0.872,37,0.9737,37,0.9737,181,0.8538,68,213,213,1
0.55,0.25,3,2,12.0,0,0,250,38,212,218,0.872,37,0.9737,37,0.9737,181,0.8538,68,213,213,1
0.55,0.25,3,2,18.0,0,0,250,38,212,218,0.872,37,0.9737,37,0.9737,181,0.8538,68,213,213,1
0.55,0.3,3,2,12.0,0,0,250,38,212,218,0.872,37,0.9737,37,0.9737,181,0.8538,68,213,213,1
0.55,0.3,3,2,18.0,0,0,250,38,212,218,0.872,37,0.9737,37,0.9737,181,0.8538,68,213,213,1
0.55,0.35,3,2,12.0,0,0,250,38,212,218,0.872,37,0.9737,37,0.9737,181,0.8538,68,213,213,1
0.55,0.35,3,2,18.0,0,0,250,38,212,218,0.872,37,0.9737,37,0.9737,181,0.8538,68,213,213,1
0.55,0.4,3,2,12.0,0,0,250,38,212,218,0.872,37,0.9737,37,0.9737,181,0.8538,68,213,213,1
0.55,0.4,3,2,18.0,0,0,250,38,212,218,0.872,37,0.9737,37,0.9737,181,0.8538,68,213,213,1
0.7,0.02,2,2,12.0,0,0,250,38,212,218,0.872,34,0.8947,34,0.8947,184,0.8679,62,216,216,4
0.7,0.02,2,2,18.0,0,0,250,38,212,218,0.872,34,0.8947,34,0.8947,184,0.8679,62,216,216,4
0.7,0.05,2,2,12.0,0,0,250,38,212,218,0.872,34,0.8947,34,0.8947,184,0.8679,62,216,216,4
0.7,0.05,2,2,18.0,0,0,250,38,212,218,0.872,34,0.8947,34,0.8947,184,0.8679,62,216,216,4
0.7,0.1,2,2,12.0,0,0,250,38,212,218,0.872,34,0.8947,34,0.8947,184,0.8679,62,216,216,4
0.7,0.1,2,2,18.0,0,0,250,38,212,218,0.872,34,0.8947,34,0.8947,184,0.8679,62,216,216,4
0.7,0.15,2,2,12.0,0,0,250,38,212,218,0.872,34,0.8947,34,0.8947,184,0.8679,62,216,216,4
0.7,0.15,2,2,18.0,0,0,250,38,212,218,0.872,34,0.8947,34,0.8947,184,0.8679,62,216,216,4
0.7,0.2,2,2,12.0,0,0,250,38,212,218,0.872,34,0.8947,34,0.8947,184,0.8679,62,216,216,4
0.7,0.2,2,2,18.0,0,0,250,38,212,218,0.872,34,0.8947,34,0.8947,184,0.8679,62,216,216,4
0.7,0.25,2,2,12.0,0,0,250,38,212,218,0.872,34,0.8947,34,0.8947,184,0.8679,62,216,216,4
0.7,0.25,2,2,18.0,0,0,250,38,212,218,0.872,34,0.8947,34,0.8947,184,0.8679,62,216,216,4
0.7,0.3,2,2,12.0,0,0,250,38,212,218,0.872,34,0.8947,34,0.8947,184,0.8679,62,216,216,4
0.7,0.3,2,2,18.0,0,0,250,38,212,218,0.872,34,0.8947,34,0.8947,184,0.8679,62,216,216,4
0.7,0.35,2,2,12.0,0,0,250,38,212,218,0.872,34,0.8947,34,0.8947,184,0.8679,62,216,216,4
0.7,0.35,2,2,18.0,0,0,250,38,212,218,0.872,34,0.8947,34,0.8947,184,0.8679,62,216,216,4
0.7,0.4,2,2,12.0,0,0,250,38,212,218,0.872,34,0.8947,34,0.8947,184,0.8679,62,216,216,4
0.7,0.4,2,2,18.0,0,0,250,38,212,218,0.872,34,0.8947,34,0.8947,184,0.8679,62,216,216,4
0.5,0.45,3,1,24.0,0,0,250,38,212,217,0.868,38,1.0,38,1.0,179,0.8443,71,210,212,0
0.5,0.45,3,1,32.0,0,0,250,38,212,217,0.868,38,1.0,38,1.0,179,0.8443,71,210,212,0
0.5,0.45,3,1,48.0,0,0,250,38,212,217,0.868,38,1.0,38,1.0,179,0.8443,71,210,212,0
0.5,0.45,3,2,24.0,0,0,250,38,212,217,0.868,38,1.0,38,1.0,179,0.8443,71,210,212,0
0.5,0.45,3,2,32.0,0,0,250,38,212,217,0.868,38,1.0,38,1.0,179,0.8443,71,210,212,0
0.5,0.45,3,2,48.0,0,0,250,38,212,217,0.868,38,1.0,38,1.0,179,0.8443,71,210,212,0
0.55,0.02,2,2,12.0,0,0,250,38,212,217,0.868,38,1.0,38,1.0,179,0.8443,71,212,212,0
0.55,0.02,2,2,18.0,0,0,250,38,212,217,0.868,38,1.0,38,1.0,179,0.8443,71,212,212,0
0.55,0.05,2,2,12.0,0,0,250,38,212,217,0.868,38,1.0,38,1.0,179,0.8443,71,212,212,0
0.55,0.05,2,2,18.0,0,0,250,38,212,217,0.868,38,1.0,38,1.0,179,0.8443,71,212,212,0
0.55,0.1,2,2,12.0,0,0,250,38,212,217,0.868,38,1.0,38,1.0,179,0.8443,71,212,212,0
0.55,0.1,2,2,18.0,0,0,250,38,212,217,0.868,38,1.0,38,1.0,179,0.8443,71,212,212,0
0.55,0.15,2,2,12.0,0,0,250,38,212,217,0.868,38,1.0,38,1.0,179,0.8443,71,212,212,0
0.55,0.15,2,2,18.0,0,0,250,38,212,217,0.868,38,1.0,38,1.0,179,0.8443,71,212,212,0
0.55,0.2,2,2,12.0,0,0,250,38,212,217,0.868,38,1.0,38,1.0,179,0.8443,71,212,212,0
0.55,0.2,2,2,18.0,0,0,250,38,212,217,0.868,38,1.0,38,1.0,179,0.8443,71,212,212,0
0.55,0.25,2,2,12.0,0,0,250,38,212,217,0.868,38,1.0,38,1.0,179,0.8443,71,212,212,0
0.55,0.25,2,2,18.0,0,0,250,38,212,217,0.868,38,1.0,38,1.0,179,0.8443,71,212,212,0
0.55,0.3,2,2,12.0,0,0,250,38,212,217,0.868,38,1.0,38,1.0,179,0.8443,71,212,212,0
0.55,0.3,2,2,18.0,0,0,250,38,212,217,0.868,38,1.0,38,1.0,179,0.8443,71,212,212,0
0.55,0.35,2,2,12.0,0,0,250,38,212,217,0.868,38,1.0,38,1.0,179,0.8443,71,212,212,0
0.55,0.35,2,2,18.0,0,0,250,38,212,217,0.868,38,1.0,38,1.0,179,0.8443,71,212,212,0
0.55,0.4,2,2,12.0,0,0,250,38,212,217,0.868,38,1.0,38,1.0,179,0.8443,71,212,212,0
0.55,0.4,2,2,18.0,0,0,250,38,212,217,0.868,38,1.0,38,1.0,179,0.8443,71,212,212,0
0.55,0.45,1,1,24.0,0,0,250,38,212,217,0.868,38,1.0,38,1.0,179,0.8443,71,208,212,0
0.55,0.45,1,1,32.0,0,0,250,38,212,217,0.868,38,1.0,38,1.0,179,0.8443,71,208,212,0
0.55,0.45,1,1,48.0,0,0,250,38,212,217,0.868,38,1.0,38,1.0,179,0.8443,71,208,212,0
0.55,0.45,1,2,24.0,0,0,250,38,212,217,0.868,38,1.0,38,1.0,179,0.8443,71,208,212,0
0.55,0.45,1,2,32.0,0,0,250,38,212,217,0.868,38,1.0,38,1.0,179,0.8443,71,208,212,0
0.55,0.45,1,2,48.0,0,0,250,38,212,217,0.868,38,1.0,38,1.0,179,0.8443,71,208,212,0
0.55,0.5,1,1,24.0,0,0,250,38,212,217,0.868,38,1.0,38,1.0,179,0.8443,71,208,212,0
0.55,0.5,1,1,32.0,0,0,250,38,212,217,0.868,38,1.0,38,1.0,179,0.8443,71,208,212,0
0.55,0.5,1,1,48.0,0,0,250,38,212,217,0.868,38,1.0,38,1.0,179,0.8443,71,208,212,0
0.55,0.5,1,2,24.0,0,0,250,38,212,217,0.868,38,1.0,38,1.0,179,0.8443,71,208,212,0
0.55,0.5,1,2,32.0,0,0,250,38,212,217,0.868,38,1.0,38,1.0,179,0.8443,71,208,212,0
0.55,0.5,1,2,48.0,0,0,250,38,212,217,0.868,38,1.0,38,1.0,179,0.8443,71,208,212,0
0.6,0.02,3,0,12.0,0,0,250,38,212,217,0.868,38,1.0,38,1.0,179,0.8443,71,211,212,0
0.6,0.02,3,0,18.0,0,0,250,38,212,217,0.868,38,1.0,38,1.0,179,0.8443,71,211,212,0
0.6,0.05,3,0,12.0,0,0,250,38,212,217,0.868,38,1.0,38,1.0,179,0.8443,71,211,212,0
0.6,0.05,3,0,18.0,0,0,250,38,212,217,0.868,38,1.0,38,1.0,179,0.8443,71,211,212,0
0.6,0.1,3,0,12.0,0,0,250,38,212,217,0.868,38,1.0,38,1.0,179,0.8443,71,211,212,0
0.6,0.1,3,0,18.0,0,0,250,38,212,217,0.868,38,1.0,38,1.0,179,0.8443,71,211,212,0
0.6,0.15,3,0,12.0,0,0,250,38,212,217,0.868,38,1.0,38,1.0,179,0.8443,71,211,212,0
0.6,0.15,3,0,18.0,0,0,250,38,212,217,0.868,38,1.0,38,1.0,179,0.8443,71,211,212,0
0.6,0.2,3,0,12.0,0,0,250,38,212,217,0.868,38,1.0,38,1.0,179,0.8443,71,211,212,0
0.6,0.2,3,0,18.0,0,0,250,38,212,217,0.868,38,1.0,38,1.0,179,0.8443,71,211,212,0
0.6,0.25,3,0,12.0,0,0,250,38,212,217,0.868,38,1.0,38,1.0,179,0.8443,71,211,212,0
0.6,0.25,3,0,18.0,0,0,250,38,212,217,0.868,38,1.0,38,1.0,179,0.8443,71,211,212,0
0.6,0.3,3,0,12.0,0,0,250,38,212,217,0.868,38,1.0,38,1.0,179,0.8443,71,211,212,0
0.6,0.3,3,0,18.0,0,0,250,38,212,217,0.868,38,1.0,38,1.0,179,0.8443,71,211,212,0
0.6,0.35,3,0,12.0,0,0,250,38,212,217,0.868,38,1.0,38,1.0,179,0.8443,71,211,212,0
0.6,0.35,3,0,18.0,0,0,250,38,212,217,0.868,38,1.0,38,1.0,179,0.8443,71,211,212,0
0.6,0.4,3,0,12.0,0,0,250,38,212,217,0.868,38,1.0,38,1.0,179,0.8443,71,211,212,0
0.6,0.4,3,0,18.0,0,0,250,38,212,217,0.868,38,1.0,38,1.0,179,0.8443,71,211,212,0
0.65,0.02,2,0,12.0,0,0,250,38,212,217,0.868,38,1.0,38,1.0,179,0.8443,71,211,212,0
0.65,0.02,2,0,18.0,0,0,250,38,212,217,0.868,38,1.0,38,1.0,179,0.8443,71,211,212,0
0.65,0.02,3,0,24.0,0,0,250,38,212,217,0.868,38,1.0,38,1.0,179,0.8443,71,212,212,0
0.65,0.02,3,0,32.0,0,0,250,38,212,217,0.868,38,1.0,38,1.0,179,0.8443,71,212,212,0
0.65,0.02,3,1,24.0,0,0,250,38,212,217,0.868,38,1.0,38,1.0,179,0.8443,71,212,212,0
0.65,0.02,3,1,32.0,0,0,250,38,212,217,0.868,38,1.0,38,1.0,179,0.8443,71,212,212,0
0.65,0.05,2,0,12.0,0,0,250,38,212,217,0.868,38,1.0,38,1.0,179,0.8443,71,211,212,0
0.65,0.05,2,0,18.0,0,0,250,38,212,217,0.868,38,1.0,38,1.0,179,0.8443,71,211,212,0
0.65,0.05,3,0,24.0,0,0,250,38,212,217,0.868,38,1.0,38,1.0,179,0.8443,71,212,212,0
0.65,0.05,3,0,32.0,0,0,250,38,212,217,0.868,38,1.0,38,1.0,179,0.8443,71,212,212,0
0.65,0.05,3,1,24.0,0,0,250,38,212,217,0.868,38,1.0,38,1.0,179,0.8443,71,212,212,0
0.65,0.05,3,1,32.0,0,0,250,38,212,217,0.868,38,1.0,38,1.0,179,0.8443,71,212,212,0
0.65,0.1,2,0,12.0,0,0,250,38,212,217,0.868,38,1.0,38,1.0,179,0.8443,71,211,212,0
0.65,0.1,2,0,18.0,0,0,250,38,212,217,0.868,38,1.0,38,1.0,179,0.8443,71,211,212,0
0.65,0.1,3,0,24.0,0,0,250,38,212,217,0.868,38,1.0,38,1.0,179,0.8443,71,212,212,0
0.65,0.1,3,0,32.0,0,0,250,38,212,217,0.868,38,1.0,38,1.0,179,0.8443,71,212,212,0
0.65,0.1,3,1,24.0,0,0,250,38,212,217,0.868,38,1.0,38,1.0,179,0.8443,71,212,212,0
0.65,0.1,3,1,32.0,0,0,250,38,212,217,0.868,38,1.0,38,1.0,179,0.8443,71,212,212,0
0.65,0.15,2,0,12.0,0,0,250,38,212,217,0.868,38,1.0,38,1.0,179,0.8443,71,211,212,0
0.65,0.15,2,0,18.0,0,0,250,38,212,217,0.868,38,1.0,38,1.0,179,0.8443,71,211,212,0
0.65,0.15,3,0,24.0,0,0,250,38,212,217,0.868,38,1.0,38,1.0,179,0.8443,71,212,212,0
0.65,0.15,3,0,32.0,0,0,250,38,212,217,0.868,38,1.0,38,1.0,179,0.8443,71,212,212,0
0.65,0.15,3,1,24.0,0,0,250,38,212,217,0.868,38,1.0,38,1.0,179,0.8443,71,212,212,0
0.65,0.15,3,1,32.0,0,0,250,38,212,217,0.868,38,1.0,38,1.0,179,0.8443,71,212,212,0
0.65,0.2,2,0,12.0,0,0,250,38,212,217,0.868,38,1.0,38,1.0,179,0.8443,71,211,212,0
0.65,0.2,2,0,18.0,0,0,250,38,212,217,0.868,38,1.0,38,1.0,179,0.8443,71,211,212,0
0.65,0.2,3,0,24.0,0,0,250,38,212,217,0.868,38,1.0,38,1.0,179,0.8443,71,212,212,0
0.65,0.2,3,0,32.0,0,0,250,38,212,217,0.868,38,1.0,38,1.0,179,0.8443,71,212,212,0
0.65,0.2,3,1,24.0,0,0,250,38,212,217,0.868,38,1.0,38,1.0,179,0.8443,71,212,212,0
0.65,0.2,3,1,32.0,0,0,250,38,212,217,0.868,38,1.0,38,1.0,179,0.8443,71,212,212,0
0.65,0.25,2,0,12.0,0,0,250,38,212,217,0.868,38,1.0,38,1.0,179,0.8443,71,211,212,0
0.65,0.25,2,0,18.0,0,0,250,38,212,217,0.868,38,1.0,38,1.0,179,0.8443,71,211,212,0
0.65,0.25,3,0,24.0,0,0,250,38,212,217,0.868,38,1.0,38,1.0,179,0.8443,71,212,212,0
0.65,0.25,3,0,32.0,0,0,250,38,212,217,0.868,38,1.0,38,1.0,179,0.8443,71,212,212,0
0.65,0.25,3,1,24.0,0,0,250,38,212,217,0.868,38,1.0,38,1.0,179,0.8443,71,212,212,0
0.65,0.25,3,1,32.0,0,0,250,38,212,217,0.868,38,1.0,38,1.0,179,0.8443,71,212,212,0
0.65,0.3,2,0,12.0,0,0,250,38,212,217,0.868,38,1.0,38,1.0,179,0.8443,71,211,212,0
0.65,0.3,2,0,18.0,0,0,250,38,212,217,0.868,38,1.0,38,1.0,179,0.8443,71,211,212,0
0.65,0.3,3,0,24.0,0,0,250,38,212,217,0.868,38,1.0,38,1.0,179,0.8443,71,212,212,0
0.65,0.3,3,0,32.0,0,0,250,38,212,217,0.868,38,1.0,38,1.0,179,0.8443,71,212,212,0
0.65,0.3,3,1,24.0,0,0,250,38,212,217,0.868,38,1.0,38,1.0,179,0.8443,71,212,212,0
0.65,0.3,3,1,32.0,0,0,250,38,212,217,0.868,38,1.0,38,1.0,179,0.8443,71,212,212,0
0.65,0.35,2,0,12.0,0,0,250,38,212,217,0.868,38,1.0,38,1.0,179,0.8443,71,211,212,0
0.65,0.35,2,0,18.0,0,0,250,38,212,217,0.868,38,1.0,38,1.0,179,0.8443,71,211,212,0
0.65,0.35,3,0,24.0,0,0,250,38,212,217,0.868,38,1.0,38,1.0,179,0.8443,71,212,212,0
0.65,0.35,3,0,32.0,0,0,250,38,212,217,0.868,38,1.0,38,1.0,179,0.8443,71,212,212,0
0.65,0.35,3,1,24.0,0,0,250,38,212,217,0.868,38,1.0,38,1.0,179,0.8443,71,212,212,0
0.65,0.35,3,1,32.0,0,0,250,38,212,217,0.868,38,1.0,38,1.0,179,0.8443,71,212,212,0
0.65,0.4,2,0,12.0,0,0,250,38,212,217,0.868,38,1.0,38,1.0,179,0.8443,71,211,212,0
0.65,0.4,2,0,18.0,0,0,250,38,212,217,0.868,38,1.0,38,1.0,179,0.8443,71,211,212,0
0.65,0.4,3,0,24.0,0,0,250,38,212,217,0.868,38,1.0,38,1.0,179,0.8443,71,212,212,0
0.65,0.4,3,0,32.0,0,0,250,38,212,217,0.868,38,1.0,38,1.0,179,0.8443,71,212,212,0
0.65,0.4,3,1,24.0,0,0,250,38,212,217,0.868,38,1.0,38,1.0,179,0.8443,71,212,212,0
0.65,0.4,3,1,32.0,0,0,250,38,212,217,0.868,38,1.0,38,1.0,179,0.8443,71,212,212,0
0.7,0.02,1,1,12.0,0,0,250,38,212,217,0.868,38,1.0,38,1.0,179,0.8443,71,210,212,0
0.7,0.02,1,1,18.0,0,0,250,38,212,217,0.868,38,1.0,38,1.0,179,0.8443,71,210,212,0
0.7,0.02,2,0,24.0,0,0,250,38,212,217,0.868,38,1.0,38,1.0,179,0.8443,71,211,212,0
0.7,0.02,2,0,32.0,0,0,250,38,212,217,0.868,38,1.0,38,1.0,179,0.8443,71,211,212,0
0.7,0.02,2,1,24.0,0,0,250,38,212,217,0.868,38,1.0,38,1.0,179,0.8443,71,211,212,0
0.7,0.02,2,1,32.0,0,0,250,38,212,217,0.868,38,1.0,38,1.0,179,0.8443,71,211,212,0
0.7,0.05,1,1,12.0,0,0,250,38,212,217,0.868,38,1.0,38,1.0,179,0.8443,71,210,212,0
0.7,0.05,1,1,18.0,0,0,250,38,212,217,0.868,38,1.0,38,1.0,179,0.8443,71,210,212,0
0.7,0.05,2,0,24.0,0,0,250,38,212,217,0.868,38,1.0,38,1.0,179,0.8443,71,211,212,0
0.7,0.05,2,0,32.0,0,0,250,38,212,217,0.868,38,1.0,38,1.0,179,0.8443,71,211,212,0
0.7,0.05,2,1,24.0,0,0,250,38,212,217,0.868,38,1.0,38,1.0,179,0.8443,71,211,212,0
0.7,0.05,2,1,32.0,0,0,250,38,212,217,0.868,38,1.0,38,1.0,179,0.8443,71,211,212,0
0.7,0.1,1,1,12.0,0,0,250,38,212,217,0.868,38,1.0,38,1.0,179,0.8443,71,210,212,0
0.7,0.1,1,1,18.0,0,0,250,38,212,217,0.868,38,1.0,38,1.0,179,0.8443,71,210,212,0
0.7,0.1,2,0,24.0,0,0,250,38,212,217,0.868,38,1.0,38,1.0,179,0.8443,71,211,212,0
0.7,0.1,2,0,32.0,0,0,250,38,212,217,0.868,38,1.0,38,1.0,179,0.8443,71,211,212,0
0.7,0.1,2,1,24.0,0,0,250,38,212,217,0.868,38,1.0,38,1.0,179,0.8443,71,211,212,0
0.7,0.1,2,1,32.0,0,0,250,38,212,217,0.868,38,1.0,38,1.0,179,0.8443,71,211,212,0
0.7,0.15,1,1,12.0,0,0,250,38,212,217,0.868,38,1.0,38,1.0,179,0.8443,71,210,212,0
0.7,0.15,1,1,18.0,0,0,250,38,212,217,0.868,38,1.0,38,1.0,179,0.8443,71,210,212,0
0.7,0.15,2,0,24.0,0,0,250,38,212,217,0.868,38,1.0,38,1.0,179,0.8443,71,211,212,0
0.7,0.15,2,0,32.0,0,0,250,38,212,217,0.868,38,1.0,38,1.0,179,0.8443,71,211,212,0
0.7,0.15,2,1,24.0,0,0,250,38,212,217,0.868,38,1.0,38,1.0,179,0.8443,71,211,212,0
0.7,0.15,2,1,32.0,0,0,250,38,212,217,0.868,38,1.0,38,1.0,179,0.8443,71,211,212,0
0.7,0.2,1,1,12.0,0,0,250,38,212,217,0.868,38,1.0,38,1.0,179,0.8443,71,210,212,0
0.7,0.2,1,1,18.0,0,0,250,38,212,217,0.868,38,1.0,38,1.0,179,0.8443,71,210,212,0
0.7,0.2,2,0,24.0,0,0,250,38,212,217,0.868,38,1.0,38,1.0,179,0.8443,71,211,212,0
0.7,0.2,2,0,32.0,0,0,250,38,212,217,0.868,38,1.0,38,1.0,179,0.8443,71,211,212,0
0.7,0.2,2,1,24.0,0,0,250,38,212,217,0.868,38,1.0,38,1.0,179,0.8443,71,211,212,0
0.7,0.2,2,1,32.0,0,0,250,38,212,217,0.868,38,1.0,38,1.0,179,0.8443,71,211,212,0
0.7,0.25,1,1,12.0,0,0,250,38,212,217,0.868,38,1.0,38,1.0,179,0.8443,71,210,212,0
0.7,0.25,1,1,18.0,0,0,250,38,212,217,0.868,38,1.0,38,1.0,179,0.8443,71,210,212,0
0.7,0.25,2,0,24.0,0,0,250,38,212,217,0.868,38,1.0,38,1.0,179,0.8443,71,211,212,0
0.7,0.25,2,0,32.0,0,0,250,38,212,217,0.868,38,1.0,38,1.0,179,0.8443,71,211,212,0
0.7,0.25,2,1,24.0,0,0,250,38,212,217,0.868,38,1.0,38,1.0,179,0.8443,71,211,212,0
0.7,0.25,2,1,32.0,0,0,250,38,212,217,0.868,38,1.0,38,1.0,179,0.8443,71,211,212,0
0.7,0.3,1,1,12.0,0,0,250,38,212,217,0.868,38,1.0,38,1.0,179,0.8443,71,210,212,0
0.7,0.3,1,1,18.0,0,0,250,38,212,217,0.868,38,1.0,38,1.0,179,0.8443,71,210,212,0
0.7,0.3,2,0,24.0,0,0,250,38,212,217,0.868,38,1.0,38,1.0,179,0.8443,71,211,212,0
0.7,0.3,2,0,32.0,0,0,250,38,212,217,0.868,38,1.0,38,1.0,179,0.8443,71,211,212,0
0.7,0.3,2,1,24.0,0,0,250,38,212,217,0.868,38,1.0,38,1.0,179,0.8443,71,211,212,0
0.7,0.3,2,1,32.0,0,0,250,38,212,217,0.868,38,1.0,38,1.0,179,0.8443,71,211,212,0
0.7,0.35,1,1,12.0,0,0,250,38,212,217,0.868,38,1.0,38,1.0,179,0.8443,71,210,212,0
0.7,0.35,1,1,18.0,0,0,250,38,212,217,0.868,38,1.0,38,1.0,179,0.8443,71,210,212,0
0.7,0.35,2,0,24.0,0,0,250,38,212,217,0.868,38,1.0,38,1.0,179,0.8443,71,211,212,0
0.7,0.35,2,0,32.0,0,0,250,38,212,217,0.868,38,1.0,38,1.0,179,0.8443,71,211,212,0
0.7,0.35,2,1,24.0,0,0,250,38,212,217,0.868,38,1.0,38,1.0,179,0.8443,71,211,212,0
0.7,0.35,2,1,32.0,0,0,250,38,212,217,0.868,38,1.0,38,1.0,179,0.8443,71,211,212,0
0.7,0.4,1,1,12.0,0,0,250,38,212,217,0.868,38,1.0,38,1.0,179,0.8443,71,210,212,0
0.7,0.4,1,1,18.0,0,0,250,38,212,217,0.868,38,1.0,38,1.0,179,0.8443,71,210,212,0
0.7,0.4,2,0,24.0,0,0,250,38,212,217,0.868,38,1.0,38,1.0,179,0.8443,71,211,212,0
0.7,0.4,2,0,32.0,0,0,250,38,212,217,0.868,38,1.0,38,1.0,179,0.8443,71,211,212,0
0.7,0.4,2,1,24.0,0,0,250,38,212,217,0.868,38,1.0,38,1.0,179,0.8443,71,211,212,0
0.7,0.4,2,1,32.0,0,0,250,38,212,217,0.868,38,1.0,38,1.0,179,0.8443,71,211,212,0
0.75,0.02,1,1,12.0,0,0,250,38,212,217,0.868,38,1.0,38,1.0,179,0.8443,71,210,212,0
0.75,0.02,1,1,18.0,0,0,250,38,212,217,0.868,38,1.0,38,1.0,179,0.8443,71,210,212,0
0.75,0.02,2,0,24.0,0,0,250,38,212,217,0.868,38,1.0,38,1.0,179,0.8443,71,211,212,0
0.75,0.02,2,0,32.0,0,0,250,38,212,217,0.868,38,1.0,38,1.0,179,0.8443,71,211,212,0
0.75,0.02,2,1,24.0,0,0,250,38,212,217,0.868,38,1.0,38,1.0,179,0.8443,71,211,212,0
0.75,0.02,2,1,32.0,0,0,250,38,212,217,0.868,38,1.0,38,1.0,179,0.8443,71,211,212,0
0.75,0.05,1,1,12.0,0,0,250,38,212,217,0.868,38,1.0,38,1.0,179,0.8443,71,210,212,0
0.75,0.05,1,1,18.0,0,0,250,38,212,217,0.868,38,1.0,38,1.0,179,0.8443,71,210,212,0
0.75,0.05,2,0,24.0,0,0,250,38,212,217,0.868,38,1.0,38,1.0,179,0.8443,71,211,212,0
0.75,0.05,2,0,32.0,0,0,250,38,212,217,0.868,38,1.0,38,1.0,179,0.8443,71,211,212,0
0.75,0.05,2,1,24.0,0,0,250,38,212,217,0.868,38,1.0,38,1.0,179,0.8443,71,211,212,0
0.75,0.05,2,1,32.0,0,0,250,38,212,217,0.868,38,1.0,38,1.0,179,0.8443,71,211,212,0
0.75,0.1,1,1,12.0,0,0,250,38,212,217,0.868,38,1.0,38,1.0,179,0.8443,71,210,212,0
0.75,0.1,1,1,18.0,0,0,250,38,212,217,0.868,38,1.0,38,1.0,179,0.8443,71,210,212,0
0.75,0.1,2,0,24.0,0,0,250,38,212,217,0.868,38,1.0,38,1.0,179,0.8443,71,211,212,0
0.75,0.1,2,0,32.0,0,0,250,38,212,217,0.868,38,1.0,38,1.0,179,0.8443,71,211,212,0
0.75,0.1,2,1,24.0,0,0,250,38,212,217,0.868,38,1.0,38,1.0,179,0.8443,71,211,212,0
0.75,0.1,2,1,32.0,0,0,250,38,212,217,0.868,38,1.0,38,1.0,179,0.8443,71,211,212,0
0.75,0.15,1,1,12.0,0,0,250,38,212,217,0.868,38,1.0,38,1.0,179,0.8443,71,210,212,0
0.75,0.15,1,1,18.0,0,0,250,38,212,217,0.868,38,1.0,38,1.0,179,0.8443,71,210,212,0
0.75,0.15,2,0,24.0,0,0,250,38,212,217,0.868,38,1.0,38,1.0,179,0.8443,71,211,212,0
0.75,0.15,2,0,32.0,0,0,250,38,212,217,0.868,38,1.0,38,1.0,179,0.8443,71,211,212,0
0.75,0.15,2,1,24.0,0,0,250,38,212,217,0.868,38,1.0,38,1.0,179,0.8443,71,211,212,0
0.75,0.15,2,1,32.0,0,0,250,38,212,217,0.868,38,1.0,38,1.0,179,0.8443,71,211,212,0
0.75,0.2,1,1,12.0,0,0,250,38,212,217,0.868,38,1.0,38,1.0,179,0.8443,71,210,212,0
0.75,0.2,1,1,18.0,0,0,250,38,212,217,0.868,38,1.0,38,1.0,179,0.8443,71,210,212,0
0.75,0.2,2,0,24.0,0,0,250,38,212,217,0.868,38,1.0,38,1.0,179,0.8443,71,211,212,0
0.75,0.2,2,0,32.0,0,0,250,38,212,217,0.868,38,1.0,38,1.0,179,0.8443,71,211,212,0
0.75,0.2,2,1,24.0,0,0,250,38,212,217,0.868,38,1.0,38,1.0,179,0.8443,71,211,212,0
0.75,0.2,2,1,32.0,0,0,250,38,212,217,0.868,38,1.0,38,1.0,179,0.8443,71,211,212,0
0.75,0.25,1,1,12.0,0,0,250,38,212,217,0.868,38,1.0,38,1.0,179,0.8443,71,210,212,0
0.75,0.25,1,1,18.0,0,0,250,38,212,217,0.868,38,1.0,38,1.0,179,0.8443,71,210,212,0
0.75,0.25,2,0,24.0,0,0,250,38,212,217,0.868,38,1.0,38,1.0,179,0.8443,71,211,212,0
0.75,0.25,2,0,32.0,0,0,250,38,212,217,0.868,38,1.0,38,1.0,179,0.8443,71,211,212,0
0.75,0.25,2,1,24.0,0,0,250,38,212,217,0.868,38,1.0,38,1.0,179,0.8443,71,211,212,0
0.75,0.25,2,1,32.0,0,0,250,38,212,217,0.868,38,1.0,38,1.0,179,0.8443,71,211,212,0
0.75,0.3,1,1,12.0,0,0,250,38,212,217,0.868,38,1.0,38,1.0,179,0.8443,71,210,212,0
0.75,0.3,1,1,18.0,0,0,250,38,212,217,0.868,38,1.0,38,1.0,179,0.8443,71,210,212,0
0.75,0.3,2,0,24.0,0,0,250,38,212,217,0.868,38,1.0,38,1.0,179,0.8443,71,211,212,0
0.75,0.3,2,0,32.0,0,0,250,38,212,217,0.868,38,1.0,38,1.0,179,0.8443,71,211,212,0
0.75,0.3,2,1,24.0,0,0,250,38,212,217,0.868,38,1.0,38,1.0,179,0.8443,71,211,212,0
0.75,0.3,2,1,32.0,0,0,250,38,212,217,0.868,38,1.0,38,1.0,179,0.8443,71,211,212,0
0.75,0.35,1,1,12.0,0,0,250,38,212,217,0.868,38,1.0,38,1.0,179,0.8443,71,210,212,0
0.75,0.35,1,1,18.0,0,0,250,38,212,217,0.868,38,1.0,38,1.0,179,0.8443,71,210,212,0
0.75,0.35,2,0,24.0,0,0,250,38,212,217,0.868,38,1.0,38,1.0,179,0.8443,71,211,212,0
0.75,0.35,2,0,32.0,0,0,250,38,212,217,0.868,38,1.0,38,1.0,179,0.8443,71,211,212,0
0.75,0.35,2,1,24.0,0,0,250,38,212,217,0.868,38,1.0,38,1.0,179,0.8443,71,211,212,0
0.75,0.35,2,1,32.0,0,0,250,38,212,217,0.868,38,1.0,38,1.0,179,0.8443,71,211,212,0
0.75,0.4,1,1,12.0,0,0,250,38,212,217,0.868,38,1.0,38,1.0,179,0.8443,71,210,212,0
0.75,0.4,1,1,18.0,0,0,250,38,212,217,0.868,38,1.0,38,1.0,179,0.8443,71,210,212,0
0.75,0.4,2,0,24.0,0,0,250,38,212,217,0.868,38,1.0,38,1.0,179,0.8443,71,211,212,0
0.75,0.4,2,0,32.0,0,0,250,38,212,217,0.868,38,1.0,38,1.0,179,0.8443,71,211,212,0
0.75,0.4,2,1,24.0,0,0,250,38,212,217,0.868,38,1.0,38,1.0,179,0.8443,71,211,212,0
0.75,0.4,2,1,32.0,0,0,250,38,212,217,0.868,38,1.0,38,1.0,179,0.8443,71,211,212,0
0.8,0.02,2,0,48.0,0,0,250,38,212,217,0.868,38,1.0,38,1.0,179,0.8443,71,179,212,0
0.8,0.02,2,1,48.0,0,0,250,38,212,217,0.868,38,1.0,38,1.0,179,0.8443,71,179,212,0
0.8,0.02,2,2,48.0,0,0,250,38,212,217,0.868,38,1.0,38,1.0,179,0.8443,71,179,212,0
0.8,0.05,2,0,48.0,0,0,250,38,212,217,0.868,38,1.0,38,1.0,179,0.8443,71,179,212,0
0.8,0.05,2,1,48.0,0,0,250,38,212,217,0.868,38,1.0,38,1.0,179,0.8443,71,179,212,0
0.8,0.05,2,2,48.0,0,0,250,38,212,217,0.868,38,1.0,38,1.0,179,0.8443,71,179,212,0
0.8,0.1,2,0,48.0,0,0,250,38,212,217,0.868,38,1.0,38,1.0,179,0.8443,71,179,212,0
0.8,0.1,2,1,48.0,0,0,250,38,212,217,0.868,38,1.0,38,1.0,179,0.8443,71,179,212,0
0.8,0.1,2,2,48.0,0,0,250,38,212,217,0.868,38,1.0,38,1.0,179,0.8443,71,179,212,0
0.8,0.15,2,0,48.0,0,0,250,38,212,217,0.868,38,1.0,38,1.0,179,0.8443,71,179,212,0
0.8,0.15,2,1,48.0,0,0,250,38,212,217,0.868,38,1.0,38,1.0,179,0.8443,71,179,212,0
0.8,0.15,2,2,48.0,0,0,250,38,212,217,0.868,38,1.0,38,1.0,179,0.8443,71,179,212,0
0.8,0.2,2,0,48.0,0,0,250,38,212,217,0.868,38,1.0,38,1.0,179,0.8443,71,179,212,0
0.8,0.2,2,1,48.0,0,0,250,38,212,217,0.868,38,1.0,38,1.0,179,0.8443,71,179,212,0
0.8,0.2,2,2,48.0,0,0,250,38,212,217,0.868,38,1.0,38,1.0,179,0.8443,71,179,212,0
0.8,0.25,2,0,48.0,0,0,250,38,212,217,0.868,38,1.0,38,1.0,179,0.8443,71,179,212,0
0.8,0.25,2,1,48.0,0,0,250,38,212,217,0.868,38,1.0,38,1.0,179,0.8443,71,179,212,0
0.8,0.25,2,2,48.0,0,0,250,38,212,217,0.868,38,1.0,38,1.0,179,0.8443,71,179,212,0
0.8,0.3,2,0,48.0,0,0,250,38,212,217,0.868,38,1.0,38,1.0,179,0.8443,71,179,212,0
0.8,0.3,2,1,48.0,0,0,250,38,212,217,0.868,38,1.0,38,1.0,179,0.8443,71,179,212,0
0.8,0.3,2,2,48.0,0,0,250,38,212,217,0.868,38,1.0,38,1.0,179,0.8443,71,179,212,0
0.8,0.35,2,0,48.0,0,0,250,38,212,217,0.868,38,1.0,38,1.0,179,0.8443,71,179,212,0
0.8,0.35,2,1,48.0,0,0,250,38,212,217,0.868,38,1.0,38,1.0,179,0.8443,71,179,212,0
0.8,0.35,2,2,48.0,0,0,250,38,212,217,0.868,38,1.0,38,1.0,179,0.8443,71,179,212,0
0.8,0.4,2,0,48.0,0,0,250,38,212,217,0.868,38,1.0,38,1.0,179,0.8443,71,179,212,0
0.8,0.4,2,1,48.0,0,0,250,38,212,217,0.868,38,1.0,38,1.0,179,0.8443,71,179,212,0
0.8,0.4,2,2,48.0,0,0,250,38,212,217,0.868,38,1.0,38,1.0,179,0.8443,71,179,212,0
0.85,0.02,2,0,48.0,0,0,250,38,212,217,0.868,38,1.0,38,1.0,179,0.8443,71,179,212,0
0.85,0.02,2,1,48.0,0,0,250,38,212,217,0.868,38,1.0,38,1.0,179,0.8443,71,179,212,0
0.85,0.02,2,2,48.0,0,0,250,38,212,217,0.868,38,1.0,38,1.0,179,0.8443,71,179,212,0
0.85,0.05,2,0,48.0,0,0,250,38,212,217,0.868,38,1.0,38,1.0,179,0.8443,71,179,212,0
0.85,0.05,2,1,48.0,0,0,250,38,212,217,0.868,38,1.0,38,1.0,179,0.8443,71,179,212,0
0.85,0.05,2,2,48.0,0,0,250,38,212,217,0.868,38,1.0,38,1.0,179,0.8443,71,179,212,0
0.85,0.1,2,0,48.0,0,0,250,38,212,217,0.868,38,1.0,38,1.0,179,0.8443,71,179,212,0
0.85,0.1,2,1,48.0,0,0,250,38,212,217,0.868,38,1.0,38,1.0,179,0.8443,71,179,212,0
0.85,0.1,2,2,48.0,0,0,250,38,212,217,0.868,38,1.0,38,1.0,179,0.8443,71,179,212,0
0.85,0.15,2,0,48.0,0,0,250,38,212,217,0.868,38,1.0,38,1.0,179,0.8443,71,179,212,0
0.85,0.15,2,1,48.0,0,0,250,38,212,217,0.868,38,1.0,38,1.0,179,0.8443,71,179,212,0
0.85,0.15,2,2,48.0,0,0,250,38,212,217,0.868,38,1.0,38,1.0,179,0.8443,71,179,212,0
0.85,0.2,2,0,48.0,0,0,250,38,212,217,0.868,38,1.0,38,1.0,179,0.8443,71,179,212,0
0.85,0.2,2,1,48.0,0,0,250,38,212,217,0.868,38,1.0,38,1.0,179,0.8443,71,179,212,0
0.85,0.2,2,2,48.0,0,0,250,38,212,217,0.868,38,1.0,38,1.0,179,0.8443,71,179,212,0
0.85,0.25,2,0,48.0,0,0,250,38,212,217,0.868,38,1.0,38,1.0,179,0.8443,71,179,212,0
0.85,0.25,2,1,48.0,0,0,250,38,212,217,0.868,38,1.0,38,1.0,179,0.8443,71,179,212,0
0.85,0.25,2,2,48.0,0,0,250,38,212,217,0.868,38,1.0,38,1.0,179,0.8443,71,179,212,0
0.85,0.3,2,0,48.0,0,0,250,38,212,217,0.868,38,1.0,38,1.0,179,0.8443,71,179,212,0
0.85,0.3,2,1,48.0,0,0,250,38,212,217,0.868,38,1.0,38,1.0,179,0.8443,71,179,212,0
0.85,0.3,2,2,48.0,0,0,250,38,212,217,0.868,38,1.0,38,1.0,179,0.8443,71,179,212,0
0.85,0.35,2,0,48.0,0,0,250,38,212,217,0.868,38,1.0,38,1.0,179,0.8443,71,179,212,0
0.85,0.35,2,1,48.0,0,0,250,38,212,217,0.868,38,1.0,38,1.0,179,0.8443,71,179,212,0
0.85,0.35,2,2,48.0,0,0,250,38,212,217,0.868,38,1.0,38,1.0,179,0.8443,71,179,212,0
0.85,0.4,2,0,48.0,0,0,250,38,212,217,0.868,38,1.0,38,1.0,179,0.8443,71,179,212,0
0.85,0.4,2,1,48.0,0,0,250,38,212,217,0.868,38,1.0,38,1.0,179,0.8443,71,179,212,0
0.85,0.4,2,2,48.0,0,0,250,38,212,217,0.868,38,1.0,38,1.0,179,0.8443,71,179,212,0
0.45,0.45,3,0,24.0,0,0,250,38,212,216,0.864,38,1.0,38,1.0,178,0.8396,72,210,212,0
0.45,0.45,3,0,32.0,0,0,250,38,212,216,0.864,38,1.0,38,1.0,178,0.8396,72,210,212,0
0.45,0.45,3,0,48.0,0,0,250,38,212,216,0.864,38,1.0,38,1.0,178,0.8396,72,210,212,0
0.45,0.45,3,2,12.0,0,0,250,38,212,216,0.864,38,1.0,38,1.0,178,0.8396,72,210,212,0
0.45,0.45,3,2,18.0,0,0,250,38,212,216,0.864,38,1.0,38,1.0,178,0.8396,72,210,212,0
0.5,0.45,2,0,12.0,0,0,250,38,212,216,0.864,38,1.0,38,1.0,178,0.8396,72,209,212,0
0.5,0.45,2,0,18.0,0,0,250,38,212,216,0.864,38,1.0,38,1.0,178,0.8396,72,209,212,0
0.5,0.45,2,2,12.0,0,0,250,38,212,216,0.864,38,1.0,38,1.0,178,0.8396,72,209,212,0
0.5,0.45,2,2,18.0,0,0,250,38,212,216,0.864,38,1.0,38,1.0,178,0.8396,72,209,212,0
0.5,0.5,2,1,24.0,0,0,250,38,212,216,0.864,38,1.0,38,1.0,178,0.8396,72,209,212,0
0.5,0.5,2,1,32.0,0,0,250,38,212,216,0.864,38,1.0,38,1.0,178,0.8396,72,209,212,0
0.5,0.5,2,1,48.0,0,0,250,38,212,216,0.864,38,1.0,38,1.0,178,0.8396,72,209,212,0
0.5,0.5,2,2,24.0,0,0,250,38,212,216,0.864,38,1.0,38,1.0,178,0.8396,72,209,212,0
0.5,0.5,2,2,32.0,0,0,250,38,212,216,0.864,38,1.0,38,1.0,178,0.8396,72,209,212,0
0.5,0.5,2,2,48.0,0,0,250,38,212,216,0.864,38,1.0,38,1.0,178,0.8396,72,209,212,0
0.55,0.02,3,0,12.0,0,0,250,38,212,216,0.864,38,1.0,38,1.0,178,0.8396,72,211,212,0
0.55,0.02,3,0,18.0,0,0,250,38,212,216,0.864,38,1.0,38,1.0,178,0.8396,72,211,212,0
0.55,0.05,3,0,12.0,0,0,250,38,212,216,0.864,38,1.0,38,1.0,178,0.8396,72,211,212,0
0.55,0.05,3,0,18.0,0,0,250,38,212,216,0.864,38,1.0,38,1.0,178,0.8396,72,211,212,0
0.55,0.1,3,0,12.0,0,0,250,38,212,216,0.864,38,1.0,38,1.0,178,0.8396,72,211,212,0
0.55,0.1,3,0,18.0,0,0,250,38,212,216,0.864,38,1.0,38,1.0,178,0.8396,72,211,212,0
0.55,0.15,3,0,12.0,0,0,250,38,212,216,0.864,38,1.0,38,1.0,178,0.8396,72,211,212,0
0.55,0.15,3,0,18.0,0,0,250,38,212,216,0.864,38,1.0,38,1.0,178,0.8396,72,211,212,0
0.55,0.2,3,0,12.0,0,0,250,38,212,216,0.864,38,1.0,38,1.0,178,0.8396,72,211,212,0
0.55,0.2,3,0,18.0,0,0,250,38,212,216,0.864,38,1.0,38,1.0,178,0.8396,72,211,212,0
0.55,0.25,3,0,12.0,0,0,250,38,212,216,0.864,38,1.0,38,1.0,178,0.8396,72,211,212,0
0.55,0.25,3,0,18.0,0,0,250,38,212,216,0.864,38,1.0,38,1.0,178,0.8396,72,211,212,0
0.55,0.3,3,0,12.0,0,0,250,38,212,216,0.864,38,1.0,38,1.0,178,0.8396,72,211,212,0
0.55,0.3,3,0,18.0,0,0,250,38,212,216,0.864,38,1.0,38,1.0,178,0.8396,72,211,212,0
0.55,0.35,3,0,12.0,0,0,250,38,212,216,0.864,38,1.0,38,1.0,178,0.8396,72,211,212,0
0.55,0.35,3,0,18.0,0,0,250,38,212,216,0.864,38,1.0,38,1.0,178,0.8396,72,211,212,0
0.55,0.4,3,0,12.0,0,0,250,38,212,216,0.864,38,1.0,38,1.0,178,0.8396,72,211,212,0
0.55,0.4,3,0,18.0,0,0,250,38,212,216,0.864,38,1.0,38,1.0,178,0.8396,72,211,212,0
0.6,0.02,2,1,12.0,0,0,250,38,212,216,0.864,38,1.0,38,1.0,178,0.8396,72,211,212,0
0.6,0.02,2,1,18.0,0,0,250,38,212,216,0.864,38,1.0,38,1.0,178,0.8396,72,211,212,0
0.6,0.05,2,1,12.0,0,0,250,38,212,216,0.864,38,1.0,38,1.0,178,0.8396,72,211,212,0
0.6,0.05,2,1,18.0,0,0,250,38,212,216,0.864,38,1.0,38,1.0,178,0.8396,72,211,212,0
0.6,0.1,2,1,12.0,0,0,250,38,212,216,0.864,38,1.0,38,1.0,178,0.8396,72,211,212,0
0.6,0.1,2,1,18.0,0,0,250,38,212,216,0.864,38,1.0,38,1.0,178,0.8396,72,211,212,0
0.6,0.15,2,1,12.0,0,0,250,38,212,216,0.864,38,1.0,38,1.0,178,0.8396,72,211,212,0
0.6,0.15,2,1,18.0,0,0,250,38,212,216,0.864,38,1.0,38,1.0,178,0.8396,72,211,212,0
0.6,0.2,2,1,12.0,0,0,250,38,212,216,0.864,38,1.0,38,1.0,178,0.8396,72,211,212,0
0.6,0.2,2,1,18.0,0,0,250,38,212,216,0.864,38,1.0,38,1.0,178,0.8396,72,211,212,0
0.6,0.25,2,1,12.0,0,0,250,38,212,216,0.864,38,1.0,38,1.0,178,0.8396,72,211,212,0
0.6,0.25,2,1,18.0,0,0,250,38,212,216,0.864,38,1.0,38,1.0,178,0.8396,72,211,212,0
0.6,0.3,2,1,12.0,0,0,250,38,212,216,0.864,38,1.0,38,1.0,178,0.8396,72,211,212,0
0.6,0.3,2,1,18.0,0,0,250,38,212,216,0.864,38,1.0,38,1.0,178,0.8396,72,211,212,0
0.6,0.35,2,1,12.0,0,0,250,38,212,216,0.864,38,1.0,38,1.0,178,0.8396,72,211,212,0
0.6,0.35,2,1,18.0,0,0,250,38,212,216,0.864,38,1.0,38,1.0,178,0.8396,72,211,212,0
0.6,0.4,2,1,12.0,0,0,250,38,212,216,0.864,38,1.0,38,1.0,178,0.8396,72,211,212,0
0.6,0.4,2,1,18.0,0,0,250,38,212,216,0.864,38,1.0,38,1.0,178,0.8396,72,211,212,0
0.65,0.02,2,2,24.0,0,0,250,38,212,216,0.864,38,1.0,38,1.0,178,0.8396,72,212,212,0
0.65,0.02,2,2,32.0,0,0,250,38,212,216,0.864,38,1.0,38,1.0,178,0.8396,72,212,212,0
0.65,0.05,2,2,24.0,0,0,250,38,212,216,0.864,38,1.0,38,1.0,178,0.8396,72,212,212,0
0.65,0.05,2,2,32.0,0,0,250,38,212,216,0.864,38,1.0,38,1.0,178,0.8396,72,212,212,0
0.65,0.1,2,2,24.0,0,0,250,38,212,216,0.864,38,1.0,38,1.0,178,0.8396,72,212,212,0
0.65,0.1,2,2,32.0,0,0,250,38,212,216,0.864,38,1.0,38,1.0,178,0.8396,72,212,212,0
0.65,0.15,2,2,24.0,0,0,250,38,212,216,0.864,38,1.0,38,1.0,178,0.8396,72,212,212,0
0.65,0.15,2,2,32.0,0,0,250,38,212,216,0.864,38,1.0,38,1.0,178,0.8396,72,212,212,0
0.65,0.2,2,2,24.0,0,0,250,38,212,216,0.864,38,1.0,38,1.0,178,0.8396,72,212,212,0
0.65,0.2,2,2,32.0,0,0,250,38,212,216,0.864,38,1.0,38,1.0,178,0.8396,72,212,212,0
0.65,0.25,2,2,24.0,0,0,250,38,212,216,0.864,38,1.0,38,1.0,178,0.8396,72,212,212,0
0.65,0.25,2,2,32.0,0,0,250,38,212,216,0.864,38,1.0,38,1.0,178,0.8396,72,212,212,0
0.65,0.3,2,2,24.0,0,0,250,38,212,216,0.864,38,1.0,38,1.0,178,0.8396,72,212,212,0
0.65,0.3,2,2,32.0,0,0,250,38,212,216,0.864,38,1.0,38,1.0,178,0.8396,72,212,212,0
0.65,0.35,2,2,24.0,0,0,250,38,212,216,0.864,38,1.0,38,1.0,178,0.8396,72,212,212,0
0.65,0.35,2,2,32.0,0,0,250,38,212,216,0.864,38,1.0,38,1.0,178,0.8396,72,212,212,0
0.65,0.4,2,2,24.0,0,0,250,38,212,216,0.864,38,1.0,38,1.0,178,0.8396,72,212,212,0
0.65,0.4,2,2,32.0,0,0,250,38,212,216,0.864,38,1.0,38,1.0,178,0.8396,72,212,212,0
0.7,0.02,1,0,12.0,0,0,250,38,212,216,0.864,38,1.0,38,1.0,178,0.8396,72,210,212,0
0.7,0.02,1,0,18.0,0,0,250,38,212,216,0.864,38,1.0,38,1.0,178,0.8396,72,210,212,0
0.7,0.02,1,2,24.0,0,0,250,38,212,216,0.864,38,1.0,38,1.0,178,0.8396,72,211,212,0
0.7,0.02,1,2,32.0,0,0,250,38,212,216,0.864,38,1.0,38,1.0,178,0.8396,72,211,212,0
0.7,0.05,1,0,12.0,0,0,250,38,212,216,0.864,38,1.0,38,1.0,178,0.8396,72,210,212,0
0.7,0.05,1,0,18.0,0,0,250,38,212,216,0.864,38,1.0,38,1.0,178,0.8396,72,210,212,0
0.7,0.05,1,2,24.0,0,0,250,38,212,216,0.864,38,1.0,38,1.0,178,0.8396,72,211,212,0
0.7,0.05,1,2,32.0,0,0,250,38,212,216,0.864,38,1.0,38,1.0,178,0.8396,72,211,212,0
0.7,0.1,1,0,12.0,0,0,250,38,212,216,0.864,38,1.0,38,1.0,178,0.8396,72,210,212,0
0.7,0.1,1,0,18.0,0,0,250,38,212,216,0.864,38,1.0,38,1.0,178,0.8396,72,210,212,0
0.7,0.1,1,2,24.0,0,0,250,38,212,216,0.864,38,1.0,38,1.0,178,0.8396,72,211,212,0
0.7,0.1,1,2,32.0,0,0,250,38,212,216,0.864,38,1.0,38,1.0,178,0.8396,72,211,212,0
0.7,0.15,1,0,12.0,0,0,250,38,212,216,0.864,38,1.0,38,1.0,178,0.8396,72,210,212,0
0.7,0.15,1,0,18.0,0,0,250,38,212,216,0.864,38,1.0,38,1.0,178,0.8396,72,210,212,0
0.7,0.15,1,2,24.0,0,0,250,38,212,216,0.864,38,1.0,38,1.0,178,0.8396,72,211,212,0
0.7,0.15,1,2,32.0,0,0,250,38,212,216,0.864,38,1.0,38,1.0,178,0.8396,72,211,212,0
0.7,0.2,1,0,12.0,0,0,250,38,212,216,0.864,38,1.0,38,1.0,178,0.8396,72,210,212,0
0.7,0.2,1,0,18.0,0,0,250,38,212,216,0.864,38,1.0,38,1.0,178,0.8396,72,210,212,0
0.7,0.2,1,2,24.0,0,0,250,38,212,216,0.864,38,1.0,38,1.0,178,0.8396,72,211,212,0
0.7,0.2,1,2,32.0,0,0,250,38,212,216,0.864,38,1.0,38,1.0,178,0.8396,72,211,212,0
0.7,0.25,1,0,12.0,0,0,250,38,212,216,0.864,38,1.0,38,1.0,178,0.8396,72,210,212,0
0.7,0.25,1,0,18.0,0,0,250,38,212,216,0.864,38,1.0,38,1.0,178,0.8396,72,210,212,0
0.7,0.25,1,2,24.0,0,0,250,38,212,216,0.864,38,1.0,38,1.0,178,0.8396,72,211,212,0
0.7,0.25,1,2,32.0,0,0,250,38,212,216,0.864,38,1.0,38,1.0,178,0.8396,72,211,212,0
0.7,0.3,1,0,12.0,0,0,250,38,212,216,0.864,38,1.0,38,1.0,178,0.8396,72,210,212,0
0.7,0.3,1,0,18.0,0,0,250,38,212,216,0.864,38,1.0,38,1.0,178,0.8396,72,210,212,0
0.7,0.3,1,2,24.0,0,0,250,38,212,216,0.864,38,1.0,38,1.0,178,0.8396,72,211,212,0
0.7,0.3,1,2,32.0,0,0,250,38,212,216,0.864,38,1.0,38,1.0,178,0.8396,72,211,212,0
0.7,0.35,1,0,12.0,0,0,250,38,212,216,0.864,38,1.0,38,1.0,178,0.8396,72,210,212,0
0.7,0.35,1,0,18.0,0,0,250,38,212,216,0.864,38,1.0,38,1.0,178,0.8396,72,210,212,0
0.7,0.35,1,2,24.0,0,0,250,38,212,216,0.864,38,1.0,38,1.0,178,0.8396,72,211,212,0
0.7,0.35,1,2,32.0,0,0,250,38,212,216,0.864,38,1.0,38,1.0,178,0.8396,72,211,212,0
0.7,0.4,1,0,12.0,0,0,250,38,212,216,0.864,38,1.0,38,1.0,178,0.8396,72,210,212,0
0.7,0.4,1,0,18.0,0,0,250,38,212,216,0.864,38,1.0,38,1.0,178,0.8396,72,210,212,0
0.7,0.4,1,2,24.0,0,0,250,38,212,216,0.864,38,1.0,38,1.0,178,0.8396,72,211,212,0
0.7,0.4,1,2,32.0,0,0,250,38,212,216,0.864,38,1.0,38,1.0,178,0.8396,72,211,212,0
0.75,0.02,1,0,12.0,0,0,250,38,212,216,0.864,38,1.0,38,1.0,178,0.8396,72,210,212,0
0.75,0.02,1,0,18.0,0,0,250,38,212,216,0.864,38,1.0,38,1.0,178,0.8396,72,210,212,0
0.75,0.02,1,2,24.0,0,0,250,38,212,216,0.864,38,1.0,38,1.0,178,0.8396,72,211,212,0
0.75,0.02,1,2,32.0,0,0,250,38,212,216,0.864,38,1.0,38,1.0,178,0.8396,72,211,212,0
0.75,0.05,1,0,12.0,0,0,250,38,212,216,0.864,38,1.0,38,1.0,178,0.8396,72,210,212,0
0.75,0.05,1,0,18.0,0,0,250,38,212,216,0.864,38,1.0,38,1.0,178,0.8396,72,210,212,0
0.75,0.05,1,2,24.0,0,0,250,38,212,216,0.864,38,1.0,38,1.0,178,0.8396,72,211,212,0
0.75,0.05,1,2,32.0,0,0,250,38,212,216,0.864,38,1.0,38,1.0,178,0.8396,72,211,212,0
0.75,0.1,1,0,12.0,0,0,250,38,212,216,0.864,38,1.0,38,1.0,178,0.8396,72,210,212,0
0.75,0.1,1,0,18.0,0,0,250,38,212,216,0.864,38,1.0,38,1.0,178,0.8396,72,210,212,0
0.75,0.1,1,2,24.0,0,0,250,38,212,216,0.864,38,1.0,38,1.0,178,0.8396,72,211,212,0
0.75,0.1,1,2,32.0,0,0,250,38,212,216,0.864,38,1.0,38,1.0,178,0.8396,72,211,212,0
0.75,0.15,1,0,12.0,0,0,250,38,212,216,0.864,38,1.0,38,1.0,178,0.8396,72,210,212,0
0.75,0.15,1,0,18.0,0,0,250,38,212,216,0.864,38,1.0,38,1.0,178,0.8396,72,210,212,0
0.75,0.15,1,2,24.0,0,0,250,38,212,216,0.864,38,1.0,38,1.0,178,0.8396,72,211,212,0
0.75,0.15,1,2,32.0,0,0,250,38,212,216,0.864,38,1.0,38,1.0,178,0.8396,72,211,212,0
0.75,0.2,1,0,12.0,0,0,250,38,212,216,0.864,38,1.0,38,1.0,178,0.8396,72,210,212,0
0.75,0.2,1,0,18.0,0,0,250,38,212,216,0.864,38,1.0,38,1.0,178,0.8396,72,210,212,0
0.75,0.2,1,2,24.0,0,0,250,38,212,216,0.864,38,1.0,38,1.0,178,0.8396,72,211,212,0
0.75,0.2,1,2,32.0,0,0,250,38,212,216,0.864,38,1.0,38,1.0,178,0.8396,72,211,212,0
0.75,0.25,1,0,12.0,0,0,250,38,212,216,0.864,38,1.0,38,1.0,178,0.8396,72,210,212,0
0.75,0.25,1,0,18.0,0,0,250,38,212,216,0.864,38,1.0,38,1.0,178,0.8396,72,210,212,0
0.75,0.25,1,2,24.0,0,0,250,38,212,216,0.864,38,1.0,38,1.0,178,0.8396,72,211,212,0
0.75,0.25,1,2,32.0,0,0,250,38,212,216,0.864,38,1.0,38,1.0,178,0.8396,72,211,212,0
0.75,0.3,1,0,12.0,0,0,250,38,212,216,0.864,38,1.0,38,1.0,178,0.8396,72,210,212,0
0.75,0.3,1,0,18.0,0,0,250,38,212,216,0.864,38,1.0,38,1.0,178,0.8396,72,210,212,0
0.75,0.3,1,2,24.0,0,0,250,38,212,216,0.864,38,1.0,38,1.0,178,0.8396,72,211,212,0
0.75,0.3,1,2,32.0,0,0,250,38,212,216,0.864,38,1.0,38,1.0,178,0.8396,72,211,212,0
0.75,0.35,1,0,12.0,0,0,250,38,212,216,0.864,38,1.0,38,1.0,178,0.8396,72,210,212,0
0.75,0.35,1,0,18.0,0,0,250,38,212,216,0.864,38,1.0,38,1.0,178,0.8396,72,210,212,0
0.75,0.35,1,2,24.0,0,0,250,38,212,216,0.864,38,1.0,38,1.0,178,0.8396,72,211,212,0
0.75,0.35,1,2,32.0,0,0,250,38,212,216,0.864,38,1.0,38,1.0,178,0.8396,72,211,212,0
0.75,0.4,1,0,12.0,0,0,250,38,212,216,0.864,38,1.0,38,1.0,178,0.8396,72,210,212,0
0.75,0.4,1,0,18.0,0,0,250,38,212,216,0.864,38,1.0,38,1.0,178,0.8396,72,210,212,0
0.75,0.4,1,2,24.0,0,0,250,38,212,216,0.864,38,1.0,38,1.0,178,0.8396,72,211,212,0
0.75,0.4,1,2,32.0,0,0,250,38,212,216,0.864,38,1.0,38,1.0,178,0.8396,72,211,212,0
0.8,0.02,1,0,48.0,0,0,250,38,212,216,0.864,38,1.0,38,1.0,178,0.8396,72,178,212,0
0.8,0.02,1,1,48.0,0,0,250,38,212,216,0.864,38,1.0,38,1.0,178,0.8396,72,178,212,0
0.8,0.02,1,2,48.0,0,0,250,38,212,216,0.864,38,1.0,38,1.0,178,0.8396,72,178,212,0
0.8,0.05,1,0,48.0,0,0,250,38,212,216,0.864,38,1.0,38,1.0,178,0.8396,72,178,212,0
0.8,0.05,1,1,48.0,0,0,250,38,212,216,0.864,38,1.0,38,1.0,178,0.8396,72,178,212,0
0.8,0.05,1,2,48.0,0,0,250,38,212,216,0.864,38,1.0,38,1.0,178,0.8396,72,178,212,0
0.8,0.1,1,0,48.0,0,0,250,38,212,216,0.864,38,1.0,38,1.0,178,0.8396,72,178,212,0
0.8,0.1,1,1,48.0,0,0,250,38,212,216,0.864,38,1.0,38,1.0,178,0.8396,72,178,212,0
0.8,0.1,1,2,48.0,0,0,250,38,212,216,0.864,38,1.0,38,1.0,178,0.8396,72,178,212,0
0.8,0.15,1,0,48.0,0,0,250,38,212,216,0.864,38,1.0,38,1.0,178,0.8396,72,178,212,0
0.8,0.15,1,1,48.0,0,0,250,38,212,216,0.864,38,1.0,38,1.0,178,0.8396,72,178,212,0
0.8,0.15,1,2,48.0,0,0,250,38,212,216,0.864,38,1.0,38,1.0,178,0.8396,72,178,212,0
0.8,0.2,1,0,48.0,0,0,250,38,212,216,0.864,38,1.0,38,1.0,178,0.8396,72,178,212,0
0.8,0.2,1,1,48.0,0,0,250,38,212,216,0.864,38,1.0,38,1.0,178,0.8396,72,178,212,0
0.8,0.2,1,2,48.0,0,0,250,38,212,216,0.864,38,1.0,38,1.0,178,0.8396,72,178,212,0
0.8,0.25,1,0,48.0,0,0,250,38,212,216,0.864,38,1.0,38,1.0,178,0.8396,72,178,212,0
0.8,0.25,1,1,48.0,0,0,250,38,212,216,0.864,38,1.0,38,1.0,178,0.8396,72,178,212,0
0.8,0.25,1,2,48.0,0,0,250,38,212,216,0.864,38,1.0,38,1.0,178,0.8396,72,178,212,0
0.8,0.3,1,0,48.0,0,0,250,38,212,216,0.864,38,1.0,38,1.0,178,0.8396,72,178,212,0
0.8,0.3,1,1,48.0,0,0,250,38,212,216,0.864,38,1.0,38,1.0,178,0.8396,72,178,212,0
0.8,0.3,1,2,48.0,0,0,250,38,212,216,0.864,38,1.0,38,1.0,178,0.8396,72,178,212,0
0.8,0.35,1,0,48.0,0,0,250,38,212,216,0.864,38,1.0,38,1.0,178,0.8396,72,178,212,0
0.8,0.35,1,1,48.0,0,0,250,38,212,216,0.864,38,1.0,38,1.0,178,0.8396,72,178,212,0
0.8,0.35,1,2,48.0,0,0,250,38,212,216,0.864,38,1.0,38,1.0,178,0.8396,72,178,212,0
0.8,0.4,1,0,48.0,0,0,250,38,212,216,0.864,38,1.0,38,1.0,178,0.8396,72,178,212,0
0.8,0.4,1,1,48.0,0,0,250,38,212,216,0.864,38,1.0,38,1.0,178,0.8396,72,178,212,0
0.8,0.4,1,2,48.0,0,0,250,38,212,216,0.864,38,1.0,38,1.0,178,0.8396,72,178,212,0
0.85,0.02,1,0,48.0,0,0,250,38,212,216,0.864,38,1.0,38,1.0,178,0.8396,72,178,212,0
0.85,0.02,1,1,48.0,0,0,250,38,212,216,0.864,38,1.0,38,1.0,178,0.8396,72,178,212,0
0.85,0.02,1,2,48.0,0,0,250,38,212,216,0.864,38,1.0,38,1.0,178,0.8396,72,178,212,0
0.85,0.05,1,0,48.0,0,0,250,38,212,216,0.864,38,1.0,38,1.0,178,0.8396,72,178,212,0
0.85,0.05,1,1,48.0,0,0,250,38,212,216,0.864,38,1.0,38,1.0,178,0.8396,72,178,212,0
0.85,0.05,1,2,48.0,0,0,250,38,212,216,0.864,38,1.0,38,1.0,178,0.8396,72,178,212,0
0.85,0.1,1,0,48.0,0,0,250,38,212,216,0.864,38,1.0,38,1.0,178,0.8396,72,178,212,0
0.85,0.1,1,1,48.0,0,0,250,38,212,216,0.864,38,1.0,38,1.0,178,0.8396,72,178,212,0
0.85,0.1,1,2,48.0,0,0,250,38,212,216,0.864,38,1.0,38,1.0,178,0.8396,72,178,212,0
0.85,0.15,1,0,48.0,0,0,250,38,212,216,0.864,38,1.0,38,1.0,178,0.8396,72,178,212,0
0.85,0.15,1,1,48.0,0,0,250,38,212,216,0.864,38,1.0,38,1.0,178,0.8396,72,178,212,0
0.85,0.15,1,2,48.0,0,0,250,38,212,216,0.864,38,1.0,38,1.0,178,0.8396,72,178,212,0
0.85,0.2,1,0,48.0,0,0,250,38,212,216,0.864,38,1.0,38,1.0,178,0.8396,72,178,212,0
0.85,0.2,1,1,48.0,0,0,250,38,212,216,0.864,38,1.0,38,1.0,178,0.8396,72,178,212,0
0.85,0.2,1,2,48.0,0,0,250,38,212,216,0.864,38,1.0,38,1.0,178,0.8396,72,178,212,0
0.85,0.25,1,0,48.0,0,0,250,38,212,216,0.864,38,1.0,38,1.0,178,0.8396,72,178,212,0
0.85,0.25,1,1,48.0,0,0,250,38,212,216,0.864,38,1.0,38,1.0,178,0.8396,72,178,212,0
0.85,0.25,1,2,48.0,0,0,250,38,212,216,0.864,38,1.0,38,1.0,178,0.8396,72,178,212,0
0.85,0.3,1,0,48.0,0,0,250,38,212,216,0.864,38,1.0,38,1.0,178,0.8396,72,178,212,0
0.85,0.3,1,1,48.0,0,0,250,38,212,216,0.864,38,1.0,38,1.0,178,0.8396,72,178,212,0
0.85,0.3,1,2,48.0,0,0,250,38,212,216,0.864,38,1.0,38,1.0,178,0.8396,72,178,212,0
0.85,0.35,1,0,48.0,0,0,250,38,212,216,0.864,38,1.0,38,1.0,178,0.8396,72,178,212,0
0.85,0.35,1,1,48.0,0,0,250,38,212,216,0.864,38,1.0,38,1.0,178,0.8396,72,178,212,0
0.85,0.35,1,2,48.0,0,0,250,38,212,216,0.864,38,1.0,38,1.0,178,0.8396,72,178,212,0
0.85,0.4,1,0,48.0,0,0,250,38,212,216,0.864,38,1.0,38,1.0,178,0.8396,72,178,212,0
0.85,0.4,1,1,48.0,0,0,250,38,212,216,0.864,38,1.0,38,1.0,178,0.8396,72,178,212,0
0.85,0.4,1,2,48.0,0,0,250,38,212,216,0.864,38,1.0,38,1.0,178,0.8396,72,178,212,0
0.65,0.02,3,2,24.0,0,0,250,38,212,216,0.864,37,0.9737,37,0.9737,179,0.8443,70,213,213,1
0.65,0.02,3,2,32.0,0,0,250,38,212,216,0.864,37,0.9737,37,0.9737,179,0.8443,70,213,213,1
0.65,0.05,3,2,24.0,0,0,250,38,212,216,0.864,37,0.9737,37,0.9737,179,0.8443,70,213,213,1
0.65,0.05,3,2,32.0,0,0,250,38,212,216,0.864,37,0.9737,37,0.9737,179,0.8443,70,213,213,1
0.65,0.1,3,2,24.0,0,0,250,38,212,216,0.864,37,0.9737,37,0.9737,179,0.8443,70,213,213,1
0.65,0.1,3,2,32.0,0,0,250,38,212,216,0.864,37,0.9737,37,0.9737,179,0.8443,70,213,213,1
0.65,0.15,3,2,24.0,0,0,250,38,212,216,0.864,37,0.9737,37,0.9737,179,0.8443,70,213,213,1
0.65,0.15,3,2,32.0,0,0,250,38,212,216,0.864,37,0.9737,37,0.9737,179,0.8443,70,213,213,1
0.65,0.2,3,2,24.0,0,0,250,38,212,216,0.864,37,0.9737,37,0.9737,179,0.8443,70,213,213,1
0.65,0.2,3,2,32.0,0,0,250,38,212,216,0.864,37,0.9737,37,0.9737,179,0.8443,70,213,213,1
0.65,0.25,3,2,24.0,0,0,250,38,212,216,0.864,37,0.9737,37,0.9737,179,0.8443,70,213,213,1
0.65,0.25,3,2,32.0,0,0,250,38,212,216,0.864,37,0.9737,37,0.9737,179,0.8443,70,213,213,1
0.65,0.3,3,2,24.0,0,0,250,38,212,216,0.864,37,0.9737,37,0.9737,179,0.8443,70,213,213,1
0.65,0.3,3,2,32.0,0,0,250,38,212,216,0.864,37,0.9737,37,0.9737,179,0.8443,70,213,213,1
0.65,0.35,3,2,24.0,0,0,250,38,212,216,0.864,37,0.9737,37,0.9737,179,0.8443,70,213,213,1
0.65,0.35,3,2,32.0,0,0,250,38,212,216,0.864,37,0.9737,37,0.9737,179,0.8443,70,213,213,1
0.65,0.4,3,2,24.0,0,0,250,38,212,216,0.864,37,0.9737,37,0.9737,179,0.8443,70,213,213,1
0.65,0.4,3,2,32.0,0,0,250,38,212,216,0.864,37,0.9737,37,0.9737,179,0.8443,70,213,213,1
0.7,0.02,3,0,12.0,0,0,250,38,212,216,0.864,33,0.8684,33,0.8684,183,0.8632,62,217,217,5
0.7,0.02,3,0,18.0,0,0,250,38,212,216,0.864,33,0.8684,33,0.8684,183,0.8632,62,217,217,5
0.7,0.02,3,1,12.0,0,0,250,38,212,216,0.864,33,0.8684,33,0.8684,183,0.8632,62,217,217,5
0.7,0.02,3,1,18.0,0,0,250,38,212,216,0.864,33,0.8684,33,0.8684,183,0.8632,62,217,217,5
0.7,0.02,3,2,12.0,0,0,250,38,212,216,0.864,33,0.8684,33,0.8684,183,0.8632,62,217,217,5
0.7,0.02,3,2,18.0,0,0,250,38,212,216,0.864,33,0.8684,33,0.8684,183,0.8632,62,217,217,5
0.7,0.05,3,0,12.0,0,0,250,38,212,216,0.864,33,0.8684,33,0.8684,183,0.8632,62,217,217,5
0.7,0.05,3,0,18.0,0,0,250,38,212,216,0.864,33,0.8684,33,0.8684,183,0.8632,62,217,217,5
0.7,0.05,3,1,12.0,0,0,250,38,212,216,0.864,33,0.8684,33,0.8684,183,0.8632,62,217,217,5
0.7,0.05,3,1,18.0,0,0,250,38,212,216,0.864,33,0.8684,33,0.8684,183,0.8632,62,217,217,5
0.7,0.05,3,2,12.0,0,0,250,38,212,216,0.864,33,0.8684,33,0.8684,183,0.8632,62,217,217,5
0.7,0.05,3,2,18.0,0,0,250,38,212,216,0.864,33,0.8684,33,0.8684,183,0.8632,62,217,217,5
0.7,0.1,3,0,12.0,0,0,250,38,212,216,0.864,33,0.8684,33,0.8684,183,0.8632,62,217,217,5
0.7,0.1,3,0,18.0,0,0,250,38,212,216,0.864,33,0.8684,33,0.8684,183,0.8632,62,217,217,5
0.7,0.1,3,1,12.0,0,0,250,38,212,216,0.864,33,0.8684,33,0.8684,183,0.8632,62,217,217,5
0.7,0.1,3,1,18.0,0,0,250,38,212,216,0.864,33,0.8684,33,0.8684,183,0.8632,62,217,217,5
0.7,0.1,3,2,12.0,0,0,250,38,212,216,0.864,33,0.8684,33,0.8684,183,0.8632,62,217,217,5
0.7,0.1,3,2,18.0,0,0,250,38,212,216,0.864,33,0.8684,33,0.8684,183,0.8632,62,217,217,5
0.7,0.15,3,0,12.0,0,0,250,38,212,216,0.864,33,0.8684,33,0.8684,183,0.8632,62,217,217,5
0.7,0.15,3,0,18.0,0,0,250,38,212,216,0.864,33,0.8684,33,0.8684,183,0.8632,62,217,217,5
0.7,0.15,3,1,12.0,0,0,250,38,212,216,0.864,33,0.8684,33,0.8684,183,0.8632,62,217,217,5
0.7,0.15,3,1,18.0,0,0,250,38,212,216,0.864,33,0.8684,33,0.8684,183,0.8632,62,217,217,5
0.7,0.15,3,2,12.0,0,0,250,38,212,216,0.864,33,0.8684,33,0.8684,183,0.8632,62,217,217,5
0.7,0.15,3,2,18.0,0,0,250,38,212,216,0.864,33,0.8684,33,0.8684,183,0.8632,62,217,217,5
0.7,0.2,3,0,12.0,0,0,250,38,212,216,0.864,33,0.8684,33,0.8684,183,0.8632,62,217,217,5
0.7,0.2,3,0,18.0,0,0,250,38,212,216,0.864,33,0.8684,33,0.8684,183,0.8632,62,217,217,5
0.7,0.2,3,1,12.0,0,0,250,38,212,216,0.864,33,0.8684,33,0.8684,183,0.8632,62,217,217,5
0.7,0.2,3,1,18.0,0,0,250,38,212,216,0.864,33,0.8684,33,0.8684,183,0.8632,62,217,217,5
0.7,0.2,3,2,12.0,0,0,250,38,212,216,0.864,33,0.8684,33,0.8684,183,0.8632,62,217,217,5
0.7,0.2,3,2,18.0,0,0,250,38,212,216,0.864,33,0.8684,33,0.8684,183,0.8632,62,217,217,5
0.7,0.25,3,0,12.0,0,0,250,38,212,216,0.864,33,0.8684,33,0.8684,183,0.8632,62,217,217,5
0.7,0.25,3,0,18.0,0,0,250,38,212,216,0.864,33,0.8684,33,0.8684,183,0.8632,62,217,217,5
0.7,0.25,3,1,12.0,0,0,250,38,212,216,0.864,33,0.8684,33,0.8684,183,0.8632,62,217,217,5
0.7,0.25,3,1,18.0,0,0,250,38,212,216,0.864,33,0.8684,33,0.8684,183,0.8632,62,217,217,5
0.7,0.25,3,2,12.0,0,0,250,38,212,216,0.864,33,0.8684,33,0.8684,183,0.8632,62,217,217,5
0.7,0.25,3,2,18.0,0,0,250,38,212,216,0.864,33,0.8684,33,0.8684,183,0.8632,62,217,217,5
0.7,0.3,3,0,12.0,0,0,250,38,212,216,0.864,33,0.8684,33,0.8684,183,0.8632,62,217,217,5
0.7,0.3,3,0,18.0,0,0,250,38,212,216,0.864,33,0.8684,33,0.8684,183,0.8632,62,217,217,5
0.7,0.3,3,1,12.0,0,0,250,38,212,216,0.864,33,0.8684,33,0.8684,183,0.8632,62,217,217,5
0.7,0.3,3,1,18.0,0,0,250,38,212,216,0.864,33,0.8684,33,0.8684,183,0.8632,62,217,217,5
0.7,0.3,3,2,12.0,0,0,250,38,212,216,0.864,33,0.8684,33,0.8684,183,0.8632,62,217,217,5
0.7,0.3,3,2,18.0,0,0,250,38,212,216,0.864,33,0.8684,33,0.8684,183,0.8632,62,217,217,5
0.7,0.35,3,0,12.0,0,0,250,38,212,216,0.864,33,0.8684,33,0.8684,183,0.8632,62,217,217,5
0.7,0.35,3,0,18.0,0,0,250,38,212,216,0.864,33,0.8684,33,0.8684,183,0.8632,62,217,217,5
0.7,0.35,3,1,12.0,0,0,250,38,212,216,0.864,33,0.8684,33,0.8684,183,0.8632,62,217,217,5
0.7,0.35,3,1,18.0,0,0,250,38,212,216,0.864,33,0.8684,33,0.8684,183,0.8632,62,217,217,5
0.7,0.35,3,2,12.0,0,0,250,38,212,216,0.864,33,0.8684,33,0.8684,183,0.8632,62,217,217,5
0.7,0.35,3,2,18.0,0,0,250,38,212,216,0.864,33,0.8684,33,0.8684,183,0.8632,62,217,217,5
0.7,0.4,3,0,12.0,0,0,250,38,212,216,0.864,33,0.8684,33,0.8684,183,0.8632,62,217,217,5
0.7,0.4,3,0,18.0,0,0,250,38,212,216,0.864,33,0.8684,33,0.8684,183,0.8632,62,217,217,5
0.7,0.4,3,1,12.0,0,0,250,38,212,216,0.864,33,0.8684,33,0.8684,183,0.8632,62,217,217,5
0.7,0.4,3,1,18.0,0,0,250,38,212,216,0.864,33,0.8684,33,0.8684,183,0.8632,62,217,217,5
0.7,0.4,3,2,12.0,0,0,250,38,212,216,0.864,33,0.8684,33,0.8684,183,0.8632,62,217,217,5
0.7,0.4,3,2,18.0,0,0,250,38,212,216,0.864,33,0.8684,33,0.8684,183,0.8632,62,217,217,5
0.75,0.02,2,2,12.0,0,0,250,38,212,216,0.864,32,0.8421,32,0.8421,184,0.8679,60,218,218,6
0.75,0.02,2,2,18.0,0,0,250,38,212,216,0.864,32,0.8421,32,0.8421,184,0.8679,60,218,218,6
0.75,0.05,2,2,12.0,0,0,250,38,212,216,0.864,32,0.8421,32,0.8421,184,0.8679,60,218,218,6
0.75,0.05,2,2,18.0,0,0,250,38,212,216,0.864,32,0.8421,32,0.8421,184,0.8679,60,218,218,6
0.75,0.1,2,2,12.0,0,0,250,38,212,216,0.864,32,0.8421,32,0.8421,184,0.8679,60,218,218,6
0.75,0.1,2,2,18.0,0,0,250,38,212,216,0.864,32,0.8421,32,0.8421,184,0.8679,60,218,218,6
0.75,0.15,2,2,12.0,0,0,250,38,212,216,0.864,32,0.8421,32,0.8421,184,0.8679,60,218,218,6
0.75,0.15,2,2,18.0,0,0,250,38,212,216,0.864,32,0.8421,32,0.8421,184,0.8679,60,218,218,6
0.75,0.2,2,2,12.0,0,0,250,38,212,216,0.864,32,0.8421,32,0.8421,184,0.8679,60,218,218,6
0.75,0.2,2,2,18.0,0,0,250,38,212,216,0.864,32,0.8421,32,0.8421,184,0.8679,60,218,218,6
0.75,0.25,2,2,12.0,0,0,250,38,212,216,0.864,32,0.8421,32,0.8421,184,0.8679,60,218,218,6
0.75,0.25,2,2,18.0,0,0,250,38,212,216,0.864,32,0.8421,32,0.8421,184,0.8679,60,218,218,6
0.75,0.3,2,2,12.0,0,0,250,38,212,216,0.864,32,0.8421,32,0.8421,184,0.8679,60,218,218,6
0.75,0.3,2,2,18.0,0,0,250,38,212,216,0.864,32,0.8421,32,0.8421,184,0.8679,60,218,218,6
0.75,0.35,2,2,12.0,0,0,250,38,212,216,0.864,32,0.8421,32,0.8421,184,0.8679,60,218,218,6
0.75,0.35,2,2,18.0,0,0,250,38,212,216,0.864,32,0.8421,32,0.8421,184,0.8679,60,218,218,6
0.75,0.4,2,2,12.0,0,0,250,38,212,216,0.864,32,0.8421,32,0.8421,184,0.8679,60,218,218,6
0.75,0.4,2,2,18.0,0,0,250,38,212,216,0.864,32,0.8421,32,0.8421,184,0.8679,60,218,218,6
0.45,0.45,3,1,12.0,0,0,250,38,212,215,0.86,38,1.0,38,1.0,177,0.8349,73,210,212,0
0.45,0.45,3,1,18.0,0,0,250,38,212,215,0.86,38,1.0,38,1.0,177,0.8349,73,210,212,0
0.5,0.45,2,1,12.0,0,0,250,38,212,215,0.86,38,1.0,38,1.0,177,0.8349,73,209,212,0
0.5,0.45,2,1,18.0,0,0,250,38,212,215,0.86,38,1.0,38,1.0,177,0.8349,73,209,212,0
0.5,0.5,1,2,12.0,0,0,250,38,212,215,0.86,38,1.0,38,1.0,177,0.8349,73,208,212,0
0.5,0.5,1,2,18.0,0,0,250,38,212,215,0.86,38,1.0,38,1.0,177,0.8349,73,208,212,0
0.55,0.02,2,1,12.0,0,0,250,38,212,215,0.86,38,1.0,38,1.0,177,0.8349,73,211,212,0
0.55,0.02,2,1,18.0,0,0,250,38,212,215,0.86,38,1.0,38,1.0,177,0.8349,73,211,212,0
0.55,0.05,2,1,12.0,0,0,250,38,212,215,0.86,38,1.0,38,1.0,177,0.8349,73,211,212,0
0.55,0.05,2,1,18.0,0,0,250,38,212,215,0.86,38,1.0,38,1.0,177,0.8349,73,211,212,0
0.55,0.1,2,1,12.0,0,0,250,38,212,215,0.86,38,1.0,38,1.0,177,0.8349,73,211,212,0
0.55,0.1,2,1,18.0,0,0,250,38,212,215,0.86,38,1.0,38,1.0,177,0.8349,73,211,212,0
0.55,0.15,2,1,12.0,0,0,250,38,212,215,0.86,38,1.0,38,1.0,177,0.8349,73,211,212,0
0.55,0.15,2,1,18.0,0,0,250,38,212,215,0.86,38,1.0,38,1.0,177,0.8349,73,211,212,0
0.55,0.2,2,1,12.0,0,0,250,38,212,215,0.86,38,1.0,38,1.0,177,0.8349,73,211,212,0
0.55,0.2,2,1,18.0,0,0,250,38,212,215,0.86,38,1.0,38,1.0,177,0.8349,73,211,212,0
0.55,0.25,2,1,12.0,0,0,250,38,212,215,0.86,38,1.0,38,1.0,177,0.8349,73,211,212,0
0.55,0.25,2,1,18.0,0,0,250,38,212,215,0.86,38,1.0,38,1.0,177,0.8349,73,211,212,0
0.55,0.3,2,1,12.0,0,0,250,38,212,215,0.86,38,1.0,38,1.0,177,0.8349,73,211,212,0
0.55,0.3,2,1,18.0,0,0,250,38,212,215,0.86,38,1.0,38,1.0,177,0.8349,73,211,212,0
0.55,0.35,2,1,12.0,0,0,250,38,212,215,0.86,38,1.0,38,1.0,177,0.8349,73,211,212,0
0.55,0.35,2,1,18.0,0,0,250,38,212,215,0.86,38,1.0,38,1.0,177,0.8349,73,211,212,0
0.55,0.4,2,1,12.0,0,0,250,38,212,215,0.86,38,1.0,38,1.0,177,0.8349,73,211,212,0
0.55,0.4,2,1,18.0,0,0,250,38,212,215,0.86,38,1.0,38,1.0,177,0.8349,73,211,212,0
0.6,0.02,1,2,12.0,0,0,250,38,212,215,0.86,38,1.0,38,1.0,177,0.8349,73,211,212,0
0.6,0.02,1,2,18.0,0,0,250,38,212,215,0.86,38,1.0,38,1.0,177,0.8349,73,211,212,0
0.6,0.02,3,1,24.0,0,0,250,38,212,215,0.86,38,1.0,38,1.0,177,0.8349,73,212,212,0
0.6,0.02,3,1,32.0,0,0,250,38,212,215,0.86,38,1.0,38,1.0,177,0.8349,73,212,212,0
0.6,0.05,1,2,12.0,0,0,250,38,212,215,0.86,38,1.0,38,1.0,177,0.8349,73,211,212,0
0.6,0.05,1,2,18.0,0,0,250,38,212,215,0.86,38,1.0,38,1.0,177,0.8349,73,211,212,0
0.6,0.05,3,1,24.0,0,0,250,38,212,215,0.86,38,1.0,38,1.0,177,0.8349,73,212,212,0
0.6,0.05,3,1,32.0,0,0,250,38,212,215,0.86,38,1.0,38,1.0,177,0.8349,73,212,212,0
0.6,0.1,1,2,12.0,0,0,250,38,212,215,0.86,38,1.0,38,1.0,177,0.8349,73,211,212,0
0.6,0.1,1,2,18.0,0,0,250,38,212,215,0.86,38,1.0,38,1.0,177,0.8349,73,211,212,0
0.6,0.1,3,1,24.0,0,0,250,38,212,215,0.86,38,1.0,38,1.0,177,0.8349,73,212,212,0
0.6,0.1,3,1,32.0,0,0,250,38,212,215,0.86,38,1.0,38,1.0,177,0.8349,73,212,212,0
0.6,0.15,1,2,12.0,0,0,250,38,212,215,0.86,38,1.0,38,1.0,177,0.8349,73,211,212,0
0.6,0.15,1,2,18.0,0,0,250,38,212,215,0.86,38,1.0,38,1.0,177,0.8349,73,211,212,0
0.6,0.15,3,1,24.0,0,0,250,38,212,215,0.86,38,1.0,38,1.0,177,0.8349,73,212,212,0
0.6,0.15,3,1,32.0,0,0,250,38,212,215,0.86,38,1.0,38,1.0,177,0.8349,73,212,212,0
0.6,0.2,1,2,12.0,0,0,250,38,212,215,0.86,38,1.0,38,1.0,177,0.8349,73,211,212,0
0.6,0.2,1,2,18.0,0,0,250,38,212,215,0.86,38,1.0,38,1.0,177,0.8349,73,211,212,0
0.6,0.2,3,1,24.0,0,0,250,38,212,215,0.86,38,1.0,38,1.0,177,0.8349,73,212,212,0
0.6,0.2,3,1,32.0,0,0,250,38,212,215,0.86,38,1.0,38,1.0,177,0.8349,73,212,212,0
0.6,0.25,1,2,12.0,0,0,250,38,212,215,0.86,38,1.0,38,1.0,177,0.8349,73,211,212,0
0.6,0.25,1,2,18.0,0,0,250,38,212,215,0.86,38,1.0,38,1.0,177,0.8349,73,211,212,0
0.6,0.25,3,1,24.0,0,0,250,38,212,215,0.86,38,1.0,38,1.0,177,0.8349,73,212,212,0
0.6,0.25,3,1,32.0,0,0,250,38,212,215,0.86,38,1.0,38,1.0,177,0.8349,73,212,212,0
0.6,0.3,1,2,12.0,0,0,250,38,212,215,0.86,38,1.0,38,1.0,177,0.8349,73,211,212,0
0.6,0.3,1,2,18.0,0,0,250,38,212,215,0.86,38,1.0,38,1.0,177,0.8349,73,211,212,0
0.6,0.3,3,1,24.0,0,0,250,38,212,215,0.86,38,1.0,38,1.0,177,0.8349,73,212,212,0
0.6,0.3,3,1,32.0,0,0,250,38,212,215,0.86,38,1.0,38,1.0,177,0.8349,73,212,212,0
0.6,0.35,1,2,12.0,0,0,250,38,212,215,0.86,38,1.0,38,1.0,177,0.8349,73,211,212,0
0.6,0.35,1,2,18.0,0,0,250,38,212,215,0.86,38,1.0,38,1.0,177,0.8349,73,211,212,0
0.6,0.35,3,1,24.0,0,0,250,38,212,215,0.86,38,1.0,38,1.0,177,0.8349,73,212,212,0
0.6,0.35,3,1,32.0,0,0,250,38,212,215,0.86,38,1.0,38,1.0,177,0.8349,73,212,212,0
0.6,0.4,1,2,12.0,0,0,250,38,212,215,0.86,38,1.0,38,1.0,177,0.8349,73,211,212,0
0.6,0.4,1,2,18.0,0,0,250,38,212,215,0.86,38,1.0,38,1.0,177,0.8349,73,211,212,0
0.6,0.4,3,1,24.0,0,0,250,38,212,215,0.86,38,1.0,38,1.0,177,0.8349,73,212,212,0
0.6,0.4,3,1,32.0,0,0,250,38,212,215,0.86,38,1.0,38,1.0,177,0.8349,73,212,212,0
0.65,0.02,1,2,12.0,0,0,250,38,212,215,0.86,38,1.0,38,1.0,177,0.8349,73,211,212,0
0.65,0.02,1,2,18.0,0,0,250,38,212,215,0.86,38,1.0,38,1.0,177,0.8349,73,211,212,0
0.65,0.02,2,0,24.0,0,0,250,38,212,215,0.86,38,1.0,38,1.0,177,0.8349,73,211,212,0
0.65,0.02,2,0,32.0,0,0,250,38,212,215,0.86,38,1.0,38,1.0,177,0.8349,73,211,212,0
0.65,0.02,2,1,24.0,0,0,250,38,212,215,0.86,38,1.0,38,1.0,177,0.8349,73,211,212,0
0.65,0.02,2,1,32.0,0,0,250,38,212,215,0.86,38,1.0,38,1.0,177,0.8349,73,211,212,0
0.65,0.05,1,2,12.0,0,0,250,38,212,215,0.86,38,1.0,38,1.0,177,0.8349,73,211,212,0
0.65,0.05,1,2,18.0,0,0,250,38,212,215,0.86,38,1.0,38,1.0,177,0.8349,73,211,212,0
0.65,0.05,2,0,24.0,0,0,250,38,212,215,0.86,38,1.0,38,1.0,177,0.8349,73,211,212,0
0.65,0.05,2,0,32.0,0,0,250,38,212,215,0.86,38,1.0,38,1.0,177,0.8349,73,211,212,0
0.65,0.05,2,1,24.0,0,0,250,38,212,215,0.86,38,1.0,38,1.0,177,0.8349,73,211,212,0
0.65,0.05,2,1,32.0,0,0,250,38,212,215,0.86,38,1.0,38,1.0,177,0.8349,73,211,212,0
0.65,0.1,1,2,12.0,0,0,250,38,212,215,0.86,38,1.0,38,1.0,177,0.8349,73,211,212,0
0.65,0.1,1,2,18.0,0,0,250,38,212,215,0.86,38,1.0,38,1.0,177,0.8349,73,211,212,0
0.65,0.1,2,0,24.0,0,0,250,38,212,215,0.86,38,1.0,38,1.0,177,0.8349,73,211,212,0
0.65,0.1,2,0,32.0,0,0,250,38,212,215,0.86,38,1.0,38,1.0,177,0.8349,73,211,212,0
0.65,0.1,2,1,24.0,0,0,250,38,212,215,0.86,38,1.0,38,1.0,177,0.8349,73,211,212,0
0.65,0.1,2,1,32.0,0,0,250,38,212,215,0.86,38,1.0,38,1.0,177,0.8349,73,211,212,0
0.65,0.15,1,2,12.0,0,0,250,38,212,215,0.86,38,1.0,38,1.0,177,0.8349,73,211,212,0
0.65,0.15,1,2,18.0,0,0,250,38,212,215,0.86,38,1.0,38,1.0,177,0.8349,73,211,212,0
0.65,0.15,2,0,24.0,0,0,250,38,212,215,0.86,38,1.0,38,1.0,177,0.8349,73,211,212,0
0.65,0.15,2,0,32.0,0,0,250,38,212,215,0.86,38,1.0,38,1.0,177,0.8349,73,211,212,0
0.65,0.15,2,1,24.0,0,0,250,38,212,215,0.86,38,1.0,38,1.0,177,0.8349,73,211,212,0
0.65,0.15,2,1,32.0,0,0,250,38,212,215,0.86,38,1.0,38,1.0,177,0.8349,73,211,212,0
0.65,0.2,1,2,12.0,0,0,250,38,212,215,0.86,38,1.0,38,1.0,177,0.8349,73,211,212,0
0.65,0.2,1,2,18.0,0,0,250,38,212,215,0.86,38,1.0,38,1.0,177,0.8349,73,211,212,0
0.65,0.2,2,0,24.0,0,0,250,38,212,215,0.86,38,1.0,38,1.0,177,0.8349,73,211,212,0
0.65,0.2,2,0,32.0,0,0,250,38,212,215,0.86,38,1.0,38,1.0,177,0.8349,73,211,212,0
0.65,0.2,2,1,24.0,0,0,250,38,212,215,0.86,38,1.0,38,1.0,177,0.8349,73,211,212,0
0.65,0.2,2,1,32.0,0,0,250,38,212,215,0.86,38,1.0,38,1.0,177,0.8349,73,211,212,0
0.65,0.25,1,2,12.0,0,0,250,38,212,215,0.86,38,1.0,38,1.0,177,0.8349,73,211,212,0
0.65,0.25,1,2,18.0,0,0,250,38,212,215,0.86,38,1.0,38,1.0,177,0.8349,73,211,212,0
0.65,0.25,2,0,24.0,0,0,250,38,212,215,0.86,38,1.0,38,1.0,177,0.8349,73,211,212,0
0.65,0.25,2,0,32.0,0,0,250,38,212,215,0.86,38,1.0,38,1.0,177,0.8349,73,211,212,0
0.65,0.25,2,1,24.0,0,0,250,38,212,215,0.86,38,1.0,38,1.0,177,0.8349,73,211,212,0
0.65,0.25,2,1,32.0,0,0,250,38,212,215,0.86,38,1.0,38,1.0,177,0.8349,73,211,212,0
0.65,0.3,1,2,12.0,0,0,250,38,212,215,0.86,38,1.0,38,1.0,177,0.8349,73,211,212,0
0.65,0.3,1,2,18.0,0,0,250,38,212,215,0.86,38,1.0,38,1.0,177,0.8349,73,211,212,0
0.65,0.3,2,0,24.0,0,0,250,38,212,215,0.86,38,1.0,38,1.0,177,0.8349,73,211,212,0
0.65,0.3,2,0,32.0,0,0,250,38,212,215,0.86,38,1.0,38,1.0,177,0.8349,73,211,212,0
0.65,0.3,2,1,24.0,0,0,250,38,212,215,0.86,38,1.0,38,1.0,177,0.8349,73,211,212,0
0.65,0.3,2,1,32.0,0,0,250,38,212,215,0.86,38,1.0,38,1.0,177,0.8349,73,211,212,0
0.65,0.35,1,2,12.0,0,0,250,38,212,215,0.86,38,1.0,38,1.0,177,0.8349,73,211,212,0
0.65,0.35,1,2,18.0,0,0,250,38,212,215,0.86,38,1.0,38,1.0,177,0.8349,73,211,212,0
0.65,0.35,2,0,24.0,0,0,250,38,212,215,0.86,38,1.0,38,1.0,177,0.8349,73,211,212,0
0.65,0.35,2,0,32.0,0,0,250,38,212,215,0.86,38,1.0,38,1.0,177,0.8349,73,211,212,0
0.65,0.35,2,1,24.0,0,0,250,38,212,215,0.86,38,1.0,38,1.0,177,0.8349,73,211,212,0
0.65,0.35,2,1,32.0,0,0,250,38,212,215,0.86,38,1.0,38,1.0,177,0.8349,73,211,212,0
0.65,0.4,1,2,12.0,0,0,250,38,212,215,0.86,38,1.0,38,1.0,177,0.8349,73,211,212,0
0.65,0.4,1,2,18.0,0,0,250,38,212,215,0.86,38,1.0,38,1.0,177,0.8349,73,211,212,0
0.65,0.4,2,0,24.0,0,0,250,38,212,215,0.86,38,1.0,38,1.0,177,0.8349,73,211,212,0
0.65,0.4,2,0,32.0,0,0,250,38,212,215,0.86,38,1.0,38,1.0,177,0.8349,73,211,212,0
0.65,0.4,2,1,24.0,0,0,250,38,212,215,0.86,38,1.0,38,1.0,177,0.8349,73,211,212,0
0.65,0.4,2,1,32.0,0,0,250,38,212,215,0.86,38,1.0,38,1.0,177,0.8349,73,211,212,0
0.7,0.02,1,0,24.0,0,0,250,38,212,215,0.86,38,1.0,38,1.0,177,0.8349,73,210,212,0
0.7,0.02,1,0,32.0,0,0,250,38,212,215,0.86,38,1.0,38,1.0,177,0.8349,73,210,212,0
0.7,0.02,1,1,24.0,0,0,250,38,212,215,0.86,38,1.0,38,1.0,177,0.8349,73,210,212,0
0.7,0.02,1,1,32.0,0,0,250,38,212,215,0.86,38,1.0,38,1.0,177,0.8349,73,210,212,0
0.7,0.02,3,0,48.0,0,0,250,38,212,215,0.86,38,1.0,38,1.0,177,0.8349,73,177,212,0
0.7,0.02,3,1,48.0,0,0,250,38,212,215,0.86,38,1.0,38,1.0,177,0.8349,73,177,212,0
0.7,0.02,3,2,48.0,0,0,250,38,212,215,0.86,38,1.0,38,1.0,177,0.8349,73,177,212,0
0.7,0.05,1,0,24.0,0,0,250,38,212,215,0.86,38,1.0,38,1.0,177,0.8349,73,210,212,0
0.7,0.05,1,0,32.0,0,0,250,38,212,215,0.86,38,1.0,38,1.0,177,0.8349,73,210,212,0
0.7,0.05,1,1,24.0,0,0,250,38,212,215,0.86,38,1.0,38,1.0,177,0.8349,73,210,212,0
0.7,0.05,1,1,32.0,0,0,250,38,212,215,0.86,38,1.0,38,1.0,177,0.8349,73,210,212,0
0.7,0.05,3,0,48.0,0,0,250,38,212,215,0.86,38,1.0,38,1.0,177,0.8349,73,177,212,0
0.7,0.05,3,1,48.0,0,0,250,38,212,215,0.86,38,1.0,38,1.0,177,0.8349,73,177,212,0
0.7,0.05,3,2,48.0,0,0,250,38,212,215,0.86,38,1.0,38,1.0,177,0.8349,73,177,212,0
0.7,0.1,1,0,24.0,0,0,250,38,212,215,0.86,38,1.0,38,1.0,177,0.8349,73,210,212,0
0.7,0.1,1,0,32.0,0,0,250,38,212,215,0.86,38,1.0,38,1.0,177,0.8349,73,210,212,0
0.7,0.1,1,1,24.0,0,0,250,38,212,215,0.86,38,1.0,38,1.0,177,0.8349,73,210,212,0
0.7,0.1,1,1,32.0,0,0,250,38,212,215,0.86,38,1.0,38,1.0,177,0.8349,73,210,212,0
0.7,0.1,3,0,48.0,0,0,250,38,212,215,0.86,38,1.0,38,1.0,177,0.8349,73,177,212,0
0.7,0.1,3,1,48.0,0,0,250,38,212,215,0.86,38,1.0,38,1.0,177,0.8349,73,177,212,0
0.7,0.1,3,2,48.0,0,0,250,38,212,215,0.86,38,1.0,38,1.0,177,0.8349,73,177,212,0
0.7,0.15,1,0,24.0,0,0,250,38,212,215,0.86,38,1.0,38,1.0,177,0.8349,73,210,212,0
0.7,0.15,1,0,32.0,0,0,250,38,212,215,0.86,38,1.0,38,1.0,177,0.8349,73,210,212,0
0.7,0.15,1,1,24.0,0,0,250,38,212,215,0.86,38,1.0,38,1.0,177,0.8349,73,210,212,0
0.7,0.15,1,1,32.0,0,0,250,38,212,215,0.86,38,1.0,38,1.0,177,0.8349,73,210,212,0
0.7,0.15,3,0,48.0,0,0,250,38,212,215,0.86,38,1.0,38,1.0,177,0.8349,73,177,212,0
0.7,0.15,3,1,48.0,0,0,250,38,212,215,0.86,38,1.0,38,1.0,177,0.8349,73,177,212,0
0.7,0.15,3,2,48.0,0,0,250,38,212,215,0.86,38,1.0,38,1.0,177,0.8349,73,177,212,0
0.7,0.2,1,0,24.0,0,0,250,38,212,215,0.86,38,1.0,38,1.0,177,0.8349,73,210,212,0
0.7,0.2,1,0,32.0,0,0,250,38,212,215,0.86,38,1.0,38,1.0,177,0.8349,73,210,212,0
0.7,0.2,1,1,24.0,0,0,250,38,212,215,0.86,38,1.0,38,1.0,177,0.8349,73,210,212,0
0.7,0.2,1,1,32.0,0,0,250,38,212,215,0.86,38,1.0,38,1.0,177,0.8349,73,210,212,0
0.7,0.2,3,0,48.0,0,0,250,38,212,215,0.86,38,1.0,38,1.0,177,0.8349,73,177,212,0
0.7,0.2,3,1,48.0,0,0,250,38,212,215,0.86,38,1.0,38,1.0,177,0.8349,73,177,212,0
0.7,0.2,3,2,48.0,0,0,250,38,212,215,0.86,38,1.0,38,1.0,177,0.8349,73,177,212,0
0.7,0.25,1,0,24.0,0,0,250,38,212,215,0.86,38,1.0,38,1.0,177,0.8349,73,210,212,0
0.7,0.25,1,0,32.0,0,0,250,38,212,215,0.86,38,1.0,38,1.0,177,0.8349,73,210,212,0
0.7,0.25,1,1,24.0,0,0,250,38,212,215,0.86,38,1.0,38,1.0,177,0.8349,73,210,212,0
0.7,0.25,1,1,32.0,0,0,250,38,212,215,0.86,38,1.0,38,1.0,177,0.8349,73,210,212,0
0.7,0.25,3,0,48.0,0,0,250,38,212,215,0.86,38,1.0,38,1.0,177,0.8349,73,177,212,0
0.7,0.25,3,1,48.0,0,0,250,38,212,215,0.86,38,1.0,38,1.0,177,0.8349,73,177,212,0
0.7,0.25,3,2,48.0,0,0,250,38,212,215,0.86,38,1.0,38,1.0,177,0.8349,73,177,212,0
0.7,0.3,1,0,24.0,0,0,250,38,212,215,0.86,38,1.0,38,1.0,177,0.8349,73,210,212,0
0.7,0.3,1,0,32.0,0,0,250,38,212,215,0.86,38,1.0,38,1.0,177,0.8349,73,210,212,0
0.7,0.3,1,1,24.0,0,0,250,38,212,215,0.86,38,1.0,38,1.0,177,0.8349,73,210,212,0
0.7,0.3,1,1,32.0,0,0,250,38,212,215,0.86,38,1.0,38,1.0,177,0.8349,73,210,212,0
0.7,0.3,3,0,48.0,0,0,250,38,212,215,0.86,38,1.0,38,1.0,177,0.8349,73,177,212,0
0.7,0.3,3,1,48.0,0,0,250,38,212,215,0.86,38,1.0,38,1.0,177,0.8349,73,177,212,0
0.7,0.3,3,2,48.0,0,0,250,38,212,215,0.86,38,1.0,38,1.0,177,0.8349,73,177,212,0
0.7,0.35,1,0,24.0,0,0,250,38,212,215,0.86,38,1.0,38,1.0,177,0.8349,73,210,212,0
0.7,0.35,1,0,32.0,0,0,250,38,212,215,0.86,38,1.0,38,1.0,177,0.8349,73,210,212,0
0.7,0.35,1,1,24.0,0,0,250,38,212,215,0.86,38,1.0,38,1.0,177,0.8349,73,210,212,0
0.7,0.35,1,1,32.0,0,0,250,38,212,215,0.86,38,1.0,38,1.0,177,0.8349,73,210,212,0
0.7,0.35,3,0,48.0,0,0,250,38,212,215,0.86,38,1.0,38,1.0,177,0.8349,73,177,212,0
0.7,0.35,3,1,48.0,0,0,250,38,212,215,0.86,38,1.0,38,1.0,177,0.8349,73,177,212,0
0.7,0.35,3,2,48.0,0,0,250,38,212,215,0.86,38,1.0,38,1.0,177,0.8349,73,177,212,0
0.7,0.4,1,0,24.0,0,0,250,38,212,215,0.86,38,1.0,38,1.0,177,0.8349,73,210,212,0
0.7,0.4,1,0,32.0,0,0,250,38,212,215,0.86,38,1.0,38,1.0,177,0.8349,73,210,212,0
0.7,0.4,1,1,24.0,0,0,250,38,212,215,0.86,38,1.0,38,1.0,177,0.8349,73,210,212,0
0.7,0.4,1,1,32.0,0,0,250,38,212,215,0.86,38,1.0,38,1.0,177,0.8349,73,210,212,0
0.7,0.4,3,0,48.0,0,0,250,38,212,215,0.86,38,1.0,38,1.0,177,0.8349,73,177,212,0
0.7,0.4,3,1,48.0,0,0,250,38,212,215,0.86,38,1.0,38,1.0,177,0.8349,73,177,212,0
0.7,0.4,3,2,48.0,0,0,250,38,212,215,0.86,38,1.0,38,1.0,177,0.8349,73,177,212,0
0.75,0.02,1,0,24.0,0,0,250,38,212,215,0.86,38,1.0,38,1.0,177,0.8349,73,210,212,0
0.75,0.02,1,0,32.0,0,0,250,38,212,215,0.86,38,1.0,38,1.0,177,0.8349,73,210,212,0
0.75,0.02,1,1,24.0,0,0,250,38,212,215,0.86,38,1.0,38,1.0,177,0.8349,73,210,212,0
0.75,0.02,1,1,32.0,0,0,250,38,212,215,0.86,38,1.0,38,1.0,177,0.8349,73,210,212,0
0.75,0.02,3,0,48.0,0,0,250,38,212,215,0.86,38,1.0,38,1.0,177,0.8349,73,177,212,0
0.75,0.02,3,1,48.0,0,0,250,38,212,215,0.86,38,1.0,38,1.0,177,0.8349,73,177,212,0
0.75,0.02,3,2,48.0,0,0,250,38,212,215,0.86,38,1.0,38,1.0,177,0.8349,73,177,212,0
0.75,0.05,1,0,24.0,0,0,250,38,212,215,0.86,38,1.0,38,1.0,177,0.8349,73,210,212,0
0.75,0.05,1,0,32.0,0,0,250,38,212,215,0.86,38,1.0,38,1.0,177,0.8349,73,210,212,0
0.75,0.05,1,1,24.0,0,0,250,38,212,215,0.86,38,1.0,38,1.0,177,0.8349,73,210,212,0
0.75,0.05,1,1,32.0,0,0,250,38,212,215,0.86,38,1.0,38,1.0,177,0.8349,73,210,212,0
0.75,0.05,3,0,48.0,0,0,250,38,212,215,0.86,38,1.0,38,1.0,177,0.8349,73,177,212,0
0.75,0.05,3,1,48.0,0,0,250,38,212,215,0.86,38,1.0,38,1.0,177,0.8349,73,177,212,0
0.75,0.05,3,2,48.0,0,0,250,38,212,215,0.86,38,1.0,38,1.0,177,0.8349,73,177,212,0
0.75,0.1,1,0,24.0,0,0,250,38,212,215,0.86,38,1.0,38,1.0,177,0.8349,73,210,212,0
0.75,0.1,1,0,32.0,0,0,250,38,212,215,0.86,38,1.0,38,1.0,177,0.8349,73,210,212,0
0.75,0.1,1,1,24.0,0,0,250,38,212,215,0.86,38,1.0,38,1.0,177,0.8349,73,210,212,0
0.75,0.1,1,1,32.0,0,0,250,38,212,215,0.86,38,1.0,38,1.0,177,0.8349,73,210,212,0
0.75,0.1,3,0,48.0,0,0,250,38,212,215,0.86,38,1.0,38,1.0,177,0.8349,73,177,212,0
0.75,0.1,3,1,48.0,0,0,250,38,212,215,0.86,38,1.0,38,1.0,177,0.8349,73,177,212,0
0.75,0.1,3,2,48.0,0,0,250,38,212,215,0.86,38,1.0,38,1.0,177,0.8349,73,177,212,0
0.75,0.15,1,0,24.0,0,0,250,38,212,215,0.86,38,1.0,38,1.0,177,0.8349,73,210,212,0
0.75,0.15,1,0,32.0,0,0,250,38,212,215,0.86,38,1.0,38,1.0,177,0.8349,73,210,212,0
0.75,0.15,1,1,24.0,0,0,250,38,212,215,0.86,38,1.0,38,1.0,177,0.8349,73,210,212,0
0.75,0.15,1,1,32.0,0,0,250,38,212,215,0.86,38,1.0,38,1.0,177,0.8349,73,210,212,0
0.75,0.15,3,0,48.0,0,0,250,38,212,215,0.86,38,1.0,38,1.0,177,0.8349,73,177,212,0
0.75,0.15,3,1,48.0,0,0,250,38,212,215,0.86,38,1.0,38,1.0,177,0.8349,73,177,212,0
0.75,0.15,3,2,48.0,0,0,250,38,212,215,0.86,38,1.0,38,1.0,177,0.8349,73,177,212,0
0.75,0.2,1,0,24.0,0,0,250,38,212,215,0.86,38,1.0,38,1.0,177,0.8349,73,210,212,0
0.75,0.2,1,0,32.0,0,0,250,38,212,215,0.86,38,1.0,38,1.0,177,0.8349,73,210,212,0
0.75,0.2,1,1,24.0,0,0,250,38,212,215,0.86,38,1.0,38,1.0,177,0.8349,73,210,212,0
0.75,0.2,1,1,32.0,0,0,250,38,212,215,0.86,38,1.0,38,1.0,177,0.8349,73,210,212,0
0.75,0.2,3,0,48.0,0,0,250,38,212,215,0.86,38,1.0,38,1.0,177,0.8349,73,177,212,0
0.75,0.2,3,1,48.0,0,0,250,38,212,215,0.86,38,1.0,38,1.0,177,0.8349,73,177,212,0
0.75,0.2,3,2,48.0,0,0,250,38,212,215,0.86,38,1.0,38,1.0,177,0.8349,73,177,212,0
0.75,0.25,1,0,24.0,0,0,250,38,212,215,0.86,38,1.0,38,1.0,177,0.8349,73,210,212,0
0.75,0.25,1,0,32.0,0,0,250,38,212,215,0.86,38,1.0,38,1.0,177,0.8349,73,210,212,0
0.75,0.25,1,1,24.0,0,0,250,38,212,215,0.86,38,1.0,38,1.0,177,0.8349,73,210,212,0
0.75,0.25,1,1,32.0,0,0,250,38,212,215,0.86,38,1.0,38,1.0,177,0.8349,73,210,212,0
0.75,0.25,3,0,48.0,0,0,250,38,212,215,0.86,38,1.0,38,1.0,177,0.8349,73,177,212,0
0.75,0.25,3,1,48.0,0,0,250,38,212,215,0.86,38,1.0,38,1.0,177,0.8349,73,177,212,0
0.75,0.25,3,2,48.0,0,0,250,38,212,215,0.86,38,1.0,38,1.0,177,0.8349,73,177,212,0
0.75,0.3,1,0,24.0,0,0,250,38,212,215,0.86,38,1.0,38,1.0,177,0.8349,73,210,212,0
0.75,0.3,1,0,32.0,0,0,250,38,212,215,0.86,38,1.0,38,1.0,177,0.8349,73,210,212,0
0.75,0.3,1,1,24.0,0,0,250,38,212,215,0.86,38,1.0,38,1.0,177,0.8349,73,210,212,0
0.75,0.3,1,1,32.0,0,0,250,38,212,215,0.86,38,1.0,38,1.0,177,0.8349,73,210,212,0
0.75,0.3,3,0,48.0,0,0,250,38,212,215,0.86,38,1.0,38,1.0,177,0.8349,73,177,212,0
0.75,0.3,3,1,48.0,0,0,250,38,212,215,0.86,38,1.0,38,1.0,177,0.8349,73,177,212,0
0.75,0.3,3,2,48.0,0,0,250,38,212,215,0.86,38,1.0,38,1.0,177,0.8349,73,177,212,0
0.75,0.35,1,0,24.0,0,0,250,38,212,215,0.86,38,1.0,38,1.0,177,0.8349,73,210,212,0
0.75,0.35,1,0,32.0,0,0,250,38,212,215,0.86,38,1.0,38,1.0,177,0.8349,73,210,212,0
0.75,0.35,1,1,24.0,0,0,250,38,212,215,0.86,38,1.0,38,1.0,177,0.8349,73,210,212,0
0.75,0.35,1,1,32.0,0,0,250,38,212,215,0.86,38,1.0,38,1.0,177,0.8349,73,210,212,0
0.75,0.35,3,0,48.0,0,0,250,38,212,215,0.86,38,1.0,38,1.0,177,0.8349,73,177,212,0
0.75,0.35,3,1,48.0,0,0,250,38,212,215,0.86,38,1.0,38,1.0,177,0.8349,73,177,212,0
0.75,0.35,3,2,48.0,0,0,250,38,212,215,0.86,38,1.0,38,1.0,177,0.8349,73,177,212,0
0.75,0.4,1,0,24.0,0,0,250,38,212,215,0.86,38,1.0,38,1.0,177,0.8349,73,210,212,0
0.75,0.4,1,0,32.0,0,0,250,38,212,215,0.86,38,1.0,38,1.0,177,0.8349,73,210,212,0
0.75,0.4,1,1,24.0,0,0,250,38,212,215,0.86,38,1.0,38,1.0,177,0.8349,73,210,212,0
0.75,0.4,1,1,32.0,0,0,250,38,212,215,0.86,38,1.0,38,1.0,177,0.8349,73,210,212,0
0.75,0.4,3,0,48.0,0,0,250,38,212,215,0.86,38,1.0,38,1.0,177,0.8349,73,177,212,0
0.75,0.4,3,1,48.0,0,0,250,38,212,215,0.86,38,1.0,38,1.0,177,0.8349,73,177,212,0
0.75,0.4,3,2,48.0,0,0,250,38,212,215,0.86,38,1.0,38,1.0,177,0.8349,73,177,212,0
0.5,0.45,2,0,24.0,0,0,250,38,212,214,0.856,38,1.0,38,1.0,176,0.8302,74,209,212,0
0.5,0.45,2,0,32.0,0,0,250,38,212,214,0.856,38,1.0,38,1.0,176,0.8302,74,209,212,0
0.5,0.45,2,0,48.0,0,0,250,38,212,214,0.856,38,1.0,38,1.0,176,0.8302,74,209,212,0
0.5,0.5,1,1,12.0,0,0,250,38,212,214,0.856,38,1.0,38,1.0,176,0.8302,74,208,212,0
0.5,0.5,1,1,18.0,0,0,250,38,212,214,0.856,38,1.0,38,1.0,176,0.8302,74,208,212,0
0.55,0.02,3,1,24.0,0,0,250,38,212,214,0.856,38,1.0,38,1.0,176,0.8302,74,212,212,0
0.55,0.02,3,1,32.0,0,0,250,38,212,214,0.856,38,1.0,38,1.0,176,0.8302,74,212,212,0
0.55,0.05,3,1,24.0,0,0,250,38,212,214,0.856,38,1.0,38,1.0,176,0.8302,74,212,212,0
0.55,0.05,3,1,32.0,0,0,250,38,212,214,0.856,38,1.0,38,1.0,176,0.8302,74,212,212,0
0.55,0.1,3,1,24.0,0,0,250,38,212,214,0.856,38,1.0,38,1.0,176,0.8302,74,212,212,0
0.55,0.1,3,1,32.0,0,0,250,38,212,214,0.856,38,1.0,38,1.0,176,0.8302,74,212,212,0
0.55,0.15,3,1,24.0,0,0,250,38,212,214,0.856,38,1.0,38,1.0,176,0.8302,74,212,212,0
0.55,0.15,3,1,32.0,0,0,250,38,212,214,0.856,38,1.0,38,1.0,176,0.8302,74,212,212,0
0.55,0.2,3,1,24.0,0,0,250,38,212,214,0.856,38,1.0,38,1.0,176,0.8302,74,212,212,0
0.55,0.2,3,1,32.0,0,0,250,38,212,214,0.856,38,1.0,38,1.0,176,0.8302,74,212,212,0
0.55,0.25,3,1,24.0,0,0,250,38,212,214,0.856,38,1.0,38,1.0,176,0.8302,74,212,212,0
0.55,0.25,3,1,32.0,0,0,250,38,212,214,0.856,38,1.0,38,1.0,176,0.8302,74,212,212,0
0.55,0.3,3,1,24.0,0,0,250,38,212,214,0.856,38,1.0,38,1.0,176,0.8302,74,212,212,0
0.55,0.3,3,1,32.0,0,0,250,38,212,214,0.856,38,1.0,38,1.0,176,0.8302,74,212,212,0
0.55,0.35,3,1,24.0,0,0,250,38,212,214,0.856,38,1.0,38,1.0,176,0.8302,74,212,212,0
0.55,0.35,3,1,32.0,0,0,250,38,212,214,0.856,38,1.0,38,1.0,176,0.8302,74,212,212,0
0.55,0.4,3,1,24.0,0,0,250,38,212,214,0.856,38,1.0,38,1.0,176,0.8302,74,212,212,0
0.55,0.4,3,1,32.0,0,0,250,38,212,214,0.856,38,1.0,38,1.0,176,0.8302,74,212,212,0
0.6,0.02,2,0,12.0,0,0,250,38,212,214,0.856,38,1.0,38,1.0,176,0.8302,74,210,212,0
0.6,0.02,2,0,18.0,0,0,250,38,212,214,0.856,38,1.0,38,1.0,176,0.8302,74,210,212,0
0.6,0.02,2,2,24.0,0,0,250,38,212,214,0.856,38,1.0,38,1.0,176,0.8302,74,212,212,0
0.6,0.02,2,2,32.0,0,0,250,38,212,214,0.856,38,1.0,38,1.0,176,0.8302,74,212,212,0
0.6,0.02,3,0,24.0,0,0,250,38,212,214,0.856,38,1.0,38,1.0,176,0.8302,74,211,212,0
0.6,0.02,3,0,32.0,0,0,250,38,212,214,0.856,38,1.0,38,1.0,176,0.8302,74,211,212,0
0.6,0.05,2,0,12.0,0,0,250,38,212,214,0.856,38,1.0,38,1.0,176,0.8302,74,210,212,0
0.6,0.05,2,0,18.0,0,0,250,38,212,214,0.856,38,1.0,38,1.0,176,0.8302,74,210,212,0
0.6,0.05,2,2,24.0,0,0,250,38,212,214,0.856,38,1.0,38,1.0,176,0.8302,74,212,212,0
0.6,0.05,2,2,32.0,0,0,250,38,212,214,0.856,38,1.0,38,1.0,176,0.8302,74,212,212,0
0.6,0.05,3,0,24.0,0,0,250,38,212,214,0.856,38,1.0,38,1.0,176,0.8302,74,211,212,0
0.6,0.05,3,0,32.0,0,0,250,38,212,214,0.856,38,1.0,38,1.0,176,0.8302,74,211,212,0
0.6,0.1,2,0,12.0,0,0,250,38,212,214,0.856,38,1.0,38,1.0,176,0.8302,74,210,212,0
0.6,0.1,2,0,18.0,0,0,250,38,212,214,0.856,38,1.0,38,1.0,176,0.8302,74,210,212,0
0.6,0.1,2,2,24.0,0,0,250,38,212,214,0.856,38,1.0,38,1.0,176,0.8302,74,212,212,0
0.6,0.1,2,2,32.0,0,0,250,38,212,214,0.856,38,1.0,38,1.0,176,0.8302,74,212,212,0
0.6,0.1,3,0,24.0,0,0,250,38,212,214,0.856,38,1.0,38,1.0,176,0.8302,74,211,212,0
0.6,0.1,3,0,32.0,0,0,250,38,212,214,0.856,38,1.0,38,1.0,176,0.8302,74,211,212,0
0.6,0.15,2,0,12.0,0,0,250,38,212,214,0.856,38,1.0,38,1.0,176,0.8302,74,210,212,0
0.6,0.15,2,0,18.0,0,0,250,38,212,214,0.856,38,1.0,38,1.0,176,0.8302,74,210,212,0
0.6,0.15,2,2,24.0,0,0,250,38,212,214,0.856,38,1.0,38,1.0,176,0.8302,74,212,212,0
0.6,0.15,2,2,32.0,0,0,250,38,212,214,0.856,38,1.0,38,1.0,176,0.8302,74,212,212,0
0.6,0.15,3,0,24.0,0,0,250,38,212,214,0.856,38,1.0,38,1.0,176,0.8302,74,211,212,0
0.6,0.15,3,0,32.0,0,0,250,38,212,214,0.856,38,1.0,38,1.0,176,0.8302,74,211,212,0
0.6,0.2,2,0,12.0,0,0,250,38,212,214,0.856,38,1.0,38,1.0,176,0.8302,74,210,212,0
0.6,0.2,2,0,18.0,0,0,250,38,212,214,0.856,38,1.0,38,1.0,176,0.8302,74,210,212,0
0.6,0.2,2,2,24.0,0,0,250,38,212,214,0.856,38,1.0,38,1.0,176,0.8302,74,212,212,0
0.6,0.2,2,2,32.0,0,0,250,38,212,214,0.856,38,1.0,38,1.0,176,0.8302,74,212,212,0
0.6,0.2,3,0,24.0,0,0,250,38,212,214,0.856,38,1.0,38,1.0,176,0.8302,74,211,212,0
0.6,0.2,3,0,32.0,0,0,250,38,212,214,0.856,38,1.0,38,1.0,176,0.8302,74,211,212,0
0.6,0.25,2,0,12.0,0,0,250,38,212,214,0.856,38,1.0,38,1.0,176,0.8302,74,210,212,0
0.6,0.25,2,0,18.0,0,0,250,38,212,214,0.856,38,1.0,38,1.0,176,0.8302,74,210,212,0
0.6,0.25,2,2,24.0,0,0,250,38,212,214,0.856,38,1.0,38,1.0,176,0.8302,74,212,212,0
0.6,0.25,2,2,32.0,0,0,250,38,212,214,0.856,38,1.0,38,1.0,176,0.8302,74,212,212,0
0.6,0.25,3,0,24.0,0,0,250,38,212,214,0.856,38,1.0,38,1.0,176,0.8302,74,211,212,0
0.6,0.25,3,0,32.0,0,0,250,38,212,214,0.856,38,1.0,38,1.0,176,0.8302,74,211,212,0
0.6,0.3,2,0,12.0,0,0,250,38,212,214,0.856,38,1.0,38,1.0,176,0.8302,74,210,212,0
0.6,0.3,2,0,18.0,0,0,250,38,212,214,0.856,38,1.0,38,1.0,176,0.8302,74,210,212,0
0.6,0.3,2,2,24.0,0,0,250,38,212,214,0.856,38,1.0,38,1.0,176,0.8302,74,212,212,0
0.6,0.3,2,2,32.0,0,0,250,38,212,214,0.856,38,1.0,38,1.0,176,0.8302,74,212,212,0
0.6,0.3,3,0,24.0,0,0,250,38,212,214,0.856,38,1.0,38,1.0,176,0.8302,74,211,212,0
0.6,0.3,3,0,32.0,0,0,250,38,212,214,0.856,38,1.0,38,1.0,176,0.8302,74,211,212,0
0.6,0.35,2,0,12.0,0,0,250,38,212,214,0.856,38,1.0,38,1.0,176,0.8302,74,210,212,0
0.6,0.35,2,0,18.0,0,0,250,38,212,214,0.856,38,1.0,38,1.0,176,0.8302,74,210,212,0
0.6,0.35,2,2,24.0,0,0,250,38,212,214,0.856,38,1.0,38,1.0,176,0.8302,74,212,212,0
0.6,0.35,2,2,32.0,0,0,250,38,212,214,0.856,38,1.0,38,1.0,176,0.8302,74,212,212,0
0.6,0.35,3,0,24.0,0,0,250,38,212,214,0.856,38,1.0,38,1.0,176,0.8302,74,211,212,0
0.6,0.35,3,0,32.0,0,0,250,38,212,214,0.856,38,1.0,38,1.0,176,0.8302,74,211,212,0
0.6,0.4,2,0,12.0,0,0,250,38,212,214,0.856,38,1.0,38,1.0,176,0.8302,74,210,212,0
0.6,0.4,2,0,18.0,0,0,250,38,212,214,0.856,38,1.0,38,1.0,176,0.8302,74,210,212,0
0.6,0.4,2,2,24.0,0,0,250,38,212,214,0.856,38,1.0,38,1.0,176,0.8302,74,212,212,0
0.6,0.4,2,2,32.0,0,0,250,38,212,214,0.856,38,1.0,38,1.0,176,0.8302,74,212,212,0
0.6,0.4,3,0,24.0,0,0,250,38,212,214,0.856,38,1.0,38,1.0,176,0.8302,74,211,212,0
0.6,0.4,3,0,32.0,0,0,250,38,212,214,0.856,38,1.0,38,1.0,176,0.8302,74,211,212,0
0.7,0.02,2,0,48.0,0,0,250,38,212,214,0.856,38,1.0,38,1.0,176,0.8302,74,176,212,0
0.7,0.02,2,1,48.0,0,0,250,38,212,214,0.856,38,1.0,38,1.0,176,0.8302,74,176,212,0
0.7,0.02,2,2,48.0,0,0,250,38,212,214,0.856,38,1.0,38,1.0,176,0.8302,74,176,212,0
0.7,0.05,2,0,48.0,0,0,250,38,212,214,0.856,38,1.0,38,1.0,176,0.8302,74,176,212,0
0.7,0.05,2,1,48.0,0,0,250,38,212,214,0.856,38,1.0,38,1.0,176,0.8302,74,176,212,0
0.7,0.05,2,2,48.0,0,0,250,38,212,214,0.856,38,1.0,38,1.0,176,0.8302,74,176,212,0
0.7,0.1,2,0,48.0,0,0,250,38,212,214,0.856,38,1.0,38,1.0,176,0.8302,74,176,212,0
0.7,0.1,2,1,48.0,0,0,250,38,212,214,0.856,38,1.0,38,1.0,176,0.8302,74,176,212,0
0.7,0.1,2,2,48.0,0,0,250,38,212,214,0.856,38,1.0,38,1.0,176,0.8302,74,176,212,0
0.7,0.15,2,0,48.0,0,0,250,38,212,214,0.856,38,1.0,38,1.0,176,0.8302,74,176,212,0
0.7,0.15,2,1,48.0,0,0,250,38,212,214,0.856,38,1.0,38,1.0,176,0.8302,74,176,212,0
0.7,0.15,2,2,48.0,0,0,250,38,212,214,0.856,38,1.0,38,1.0,176,0.8302,74,176,212,0
0.7,0.2,2,0,48.0,0,0,250,38,212,214,0.856,38,1.0,38,1.0,176,0.8302,74,176,212,0
0.7,0.2,2,1,48.0,0,0,250,38,212,214,0.856,38,1.0,38,1.0,176,0.8302,74,176,212,0
0.7,0.2,2,2,48.0,0,0,250,38,212,214,0.856,38,1.0,38,1.0,176,0.8302,74,176,212,0
0.7,0.25,2,0,48.0,0,0,250,38,212,214,0.856,38,1.0,38,1.0,176,0.8302,74,176,212,0
0.7,0.25,2,1,48.0,0,0,250,38,212,214,0.856,38,1.0,38,1.0,176,0.8302,74,176,212,0
0.7,0.25,2,2,48.0,0,0,250,38,212,214,0.856,38,1.0,38,1.0,176,0.8302,74,176,212,0
0.7,0.3,2,0,48.0,0,0,250,38,212,214,0.856,38,1.0,38,1.0,176,0.8302,74,176,212,0
0.7,0.3,2,1,48.0,0,0,250,38,212,214,0.856,38,1.0,38,1.0,176,0.8302,74,176,212,0
0.7,0.3,2,2,48.0,0,0,250,38,212,214,0.856,38,1.0,38,1.0,176,0.8302,74,176,212,0
0.7,0.35,2,0,48.0,0,0,250,38,212,214,0.856,38,1.0,38,1.0,176,0.8302,74,176,212,0
0.7,0.35,2,1,48.0,0,0,250,38,212,214,0.856,38,1.0,38,1.0,176,0.8302,74,176,212,0
0.7,0.35,2,2,48.0,0,0,250,38,212,214,0.856,38,1.0,38,1.0,176,0.8302,74,176,212,0
0.7,0.4,2,0,48.0,0,0,250,38,212,214,0.856,38,1.0,38,1.0,176,0.8302,74,176,212,0
0.7,0.4,2,1,48.0,0,0,250,38,212,214,0.856,38,1.0,38,1.0,176,0.8302,74,176,212,0
0.7,0.4,2,2,48.0,0,0,250,38,212,214,0.856,38,1.0,38,1.0,176,0.8302,74,176,212,0
0.75,0.02,2,0,48.0,0,0,250,38,212,214,0.856,38,1.0,38,1.0,176,0.8302,74,176,212,0
0.75,0.02,2,1,48.0,0,0,250,38,212,214,0.856,38,1.0,38,1.0,176,0.8302,74,176,212,0
0.75,0.02,2,2,48.0,0,0,250,38,212,214,0.856,38,1.0,38,1.0,176,0.8302,74,176,212,0
0.75,0.05,2,0,48.0,0,0,250,38,212,214,0.856,38,1.0,38,1.0,176,0.8302,74,176,212,0
0.75,0.05,2,1,48.0,0,0,250,38,212,214,0.856,38,1.0,38,1.0,176,0.8302,74,176,212,0
0.75,0.05,2,2,48.0,0,0,250,38,212,214,0.856,38,1.0,38,1.0,176,0.8302,74,176,212,0
0.75,0.1,2,0,48.0,0,0,250,38,212,214,0.856,38,1.0,38,1.0,176,0.8302,74,176,212,0
0.75,0.1,2,1,48.0,0,0,250,38,212,214,0.856,38,1.0,38,1.0,176,0.8302,74,176,212,0
0.75,0.1,2,2,48.0,0,0,250,38,212,214,0.856,38,1.0,38,1.0,176,0.8302,74,176,212,0
0.75,0.15,2,0,48.0,0,0,250,38,212,214,0.856,38,1.0,38,1.0,176,0.8302,74,176,212,0
0.75,0.15,2,1,48.0,0,0,250,38,212,214,0.856,38,1.0,38,1.0,176,0.8302,74,176,212,0
0.75,0.15,2,2,48.0,0,0,250,38,212,214,0.856,38,1.0,38,1.0,176,0.8302,74,176,212,0
0.75,0.2,2,0,48.0,0,0,250,38,212,214,0.856,38,1.0,38,1.0,176,0.8302,74,176,212,0
0.75,0.2,2,1,48.0,0,0,250,38,212,214,0.856,38,1.0,38,1.0,176,0.8302,74,176,212,0
0.75,0.2,2,2,48.0,0,0,250,38,212,214,0.856,38,1.0,38,1.0,176,0.8302,74,176,212,0
0.75,0.25,2,0,48.0,0,0,250,38,212,214,0.856,38,1.0,38,1.0,176,0.8302,74,176,212,0
0.75,0.25,2,1,48.0,0,0,250,38,212,214,0.856,38,1.0,38,1.0,176,0.8302,74,176,212,0
0.75,0.25,2,2,48.0,0,0,250,38,212,214,0.856,38,1.0,38,1.0,176,0.8302,74,176,212,0
0.75,0.3,2,0,48.0,0,0,250,38,212,214,0.856,38,1.0,38,1.0,176,0.8302,74,176,212,0
0.75,0.3,2,1,48.0,0,0,250,38,212,214,0.856,38,1.0,38,1.0,176,0.8302,74,176,212,0
0.75,0.3,2,2,48.0,0,0,250,38,212,214,0.856,38,1.0,38,1.0,176,0.8302,74,176,212,0
0.75,0.35,2,0,48.0,0,0,250,38,212,214,0.856,38,1.0,38,1.0,176,0.8302,74,176,212,0
0.75,0.35,2,1,48.0,0,0,250,38,212,214,0.856,38,1.0,38,1.0,176,0.8302,74,176,212,0
0.75,0.35,2,2,48.0,0,0,250,38,212,214,0.856,38,1.0,38,1.0,176,0.8302,74,176,212,0
0.75,0.4,2,0,48.0,0,0,250,38,212,214,0.856,38,1.0,38,1.0,176,0.8302,74,176,212,0
0.75,0.4,2,1,48.0,0,0,250,38,212,214,0.856,38,1.0,38,1.0,176,0.8302,74,176,212,0
0.75,0.4,2,2,48.0,0,0,250,38,212,214,0.856,38,1.0,38,1.0,176,0.8302,74,176,212,0
0.6,0.02,3,2,24.0,0,0,250,38,212,214,0.856,37,0.9737,37,0.9737,177,0.8349,72,213,213,1
0.6,0.02,3,2,32.0,0,0,250,38,212,214,0.856,37,0.9737,37,0.9737,177,0.8349,72,213,213,1
0.6,0.05,3,2,24.0,0,0,250,38,212,214,0.856,37,0.9737,37,0.9737,177,0.8349,72,213,213,1
0.6,0.05,3,2,32.0,0,0,250,38,212,214,0.856,37,0.9737,37,0.9737,177,0.8349,72,213,213,1
0.6,0.1,3,2,24.0,0,0,250,38,212,214,0.856,37,0.9737,37,0.9737,177,0.8349,72,213,213,1
0.6,0.1,3,2,32.0,0,0,250,38,212,214,0.856,37,0.9737,37,0.9737,177,0.8349,72,213,213,1
0.6,0.15,3,2,24.0,0,0,250,38,212,214,0.856,37,0.9737,37,0.9737,177,0.8349,72,213,213,1
0.6,0.15,3,2,32.0,0,0,250,38,212,214,0.856,37,0.9737,37,0.9737,177,0.8349,72,213,213,1
0.6,0.2,3,2,24.0,0,0,250,38,212,214,0.856,37,0.9737,37,0.9737,177,0.8349,72,213,213,1
0.6,0.2,3,2,32.0,0,0,250,38,212,214,0.856,37,0.9737,37,0.9737,177,0.8349,72,213,213,1
0.6,0.25,3,2,24.0,0,0,250,38,212,214,0.856,37,0.9737,37,0.9737,177,0.8349,72,213,213,1
0.6,0.25,3,2,32.0,0,0,250,38,212,214,0.856,37,0.9737,37,0.9737,177,0.8349,72,213,213,1
0.6,0.3,3,2,24.0,0,0,250,38,212,214,0.856,37,0.9737,37,0.9737,177,0.8349,72,213,213,1
0.6,0.3,3,2,32.0,0,0,250,38,212,214,0.856,37,0.9737,37,0.9737,177,0.8349,72,213,213,1
0.6,0.35,3,2,24.0,0,0,250,38,212,214,0.856,37,0.9737,37,0.9737,177,0.8349,72,213,213,1
0.6,0.35,3,2,32.0,0,0,250,38,212,214,0.856,37,0.9737,37,0.9737,177,0.8349,72,213,213,1
0.6,0.4,3,2,24.0,0,0,250,38,212,214,0.856,37,0.9737,37,0.9737,177,0.8349,72,213,213,1
0.6,0.4,3,2,32.0,0,0,250,38,212,214,0.856,37,0.9737,37,0.9737,177,0.8349,72,213,213,1
0.7,0.02,2,2,24.0,0,0,250,38,212,214,0.856,34,0.8947,34,0.8947,180,0.8491,66,216,216,4
0.7,0.02,2,2,32.0,0,0,250,38,212,214,0.856,34,0.8947,34,0.8947,180,0.8491,66,216,216,4
0.7,0.05,2,2,24.0,0,0,250,38,212,214,0.856,34,0.8947,34,0.8947,180,0.8491,66,216,216,4
0.7,0.05,2,2,32.0,0,0,250,38,212,214,0.856,34,0.8947,34,0.8947,180,0.8491,66,216,216,4
0.7,0.1,2,2,24.0,0,0,250,38,212,214,0.856,34,0.8947,34,0.8947,180,0.8491,66,216,216,4
0.7,0.1,2,2,32.0,0,0,250,38,212,214,0.856,34,0.8947,34,0.8947,180,0.8491,66,216,216,4
0.7,0.15,2,2,24.0,0,0,250,38,212,214,0.856,34,0.8947,34,0.8947,180,0.8491,66,216,216,4
0.7,0.15,2,2,32.0,0,0,250,38,212,214,0.856,34,0.8947,34,0.8947,180,0.8491,66,216,216,4
0.7,0.2,2,2,24.0,0,0,250,38,212,214,0.856,34,0.8947,34,0.8947,180,0.8491,66,216,216,4
0.7,0.2,2,2,32.0,0,0,250,38,212,214,0.856,34,0.8947,34,0.8947,180,0.8491,66,216,216,4
0.7,0.25,2,2,24.0,0,0,250,38,212,214,0.856,34,0.8947,34,0.8947,180,0.8491,66,216,216,4
0.7,0.25,2,2,32.0,0,0,250,38,212,214,0.856,34,0.8947,34,0.8947,180,0.8491,66,216,216,4
0.7,0.3,2,2,24.0,0,0,250,38,212,214,0.856,34,0.8947,34,0.8947,180,0.8491,66,216,216,4
0.7,0.3,2,2,32.0,0,0,250,38,212,214,0.856,34,0.8947,34,0.8947,180,0.8491,66,216,216,4
0.7,0.35,2,2,24.0,0,0,250,38,212,214,0.856,34,0.8947,34,0.8947,180,0.8491,66,216,216,4
0.7,0.35,2,2,32.0,0,0,250,38,212,214,0.856,34,0.8947,34,0.8947,180,0.8491,66,216,216,4
0.7,0.4,2,2,24.0,0,0,250,38,212,214,0.856,34,0.8947,34,0.8947,180,0.8491,66,216,216,4
0.7,0.4,2,2,32.0,0,0,250,38,212,214,0.856,34,0.8947,34,0.8947,180,0.8491,66,216,216,4
0.7,0.02,3,0,24.0,0,0,250,38,212,214,0.856,33,0.8684,33,0.8684,181,0.8538,64,217,217,5
0.7,0.02,3,0,32.0,0,0,250,38,212,214,0.856,33,0.8684,33,0.8684,181,0.8538,64,217,217,5
0.7,0.02,3,1,24.0,0,0,250,38,212,214,0.856,33,0.8684,33,0.8684,181,0.8538,64,217,217,5
0.7,0.02,3,1,32.0,0,0,250,38,212,214,0.856,33,0.8684,33,0.8684,181,0.8538,64,217,217,5
0.7,0.02,3,2,24.0,0,0,250,38,212,214,0.856,33,0.8684,33,0.8684,181,0.8538,64,217,217,5
0.7,0.02,3,2,32.0,0,0,250,38,212,214,0.856,33,0.8684,33,0.8684,181,0.8538,64,217,217,5
0.7,0.05,3,0,24.0,0,0,250,38,212,214,0.856,33,0.8684,33,0.8684,181,0.8538,64,217,217,5
0.7,0.05,3,0,32.0,0,0,250,38,212,214,0.856,33,0.8684,33,0.8684,181,0.8538,64,217,217,5
0.7,0.05,3,1,24.0,0,0,250,38,212,214,0.856,33,0.8684,33,0.8684,181,0.8538,64,217,217,5
0.7,0.05,3,1,32.0,0,0,250,38,212,214,0.856,33,0.8684,33,0.8684,181,0.8538,64,217,217,5
0.7,0.05,3,2,24.0,0,0,250,38,212,214,0.856,33,0.8684,33,0.8684,181,0.8538,64,217,217,5
0.7,0.05,3,2,32.0,0,0,250,38,212,214,0.856,33,0.8684,33,0.8684,181,0.8538,64,217,217,5
0.7,0.1,3,0,24.0,0,0,250,38,212,214,0.856,33,0.8684,33,0.8684,181,0.8538,64,217,217,5
0.7,0.1,3,0,32.0,0,0,250,38,212,214,0.856,33,0.8684,33,0.8684,181,0.8538,64,217,217,5
0.7,0.1,3,1,24.0,0,0,250,38,212,214,0.856,33,0.8684,33,0.8684,181,0.8538,64,217,217,5
0.7,0.1,3,1,32.0,0,0,250,38,212,214,0.856,33,0.8684,33,0.8684,181,0.8538,64,217,217,5
0.7,0.1,3,2,24.0,0,0,250,38,212,214,0.856,33,0.8684,33,0.8684,181,0.8538,64,217,217,5
0.7,0.1,3,2,32.0,0,0,250,38,212,214,0.856,33,0.8684,33,0.8684,181,0.8538,64,217,217,5
0.7,0.15,3,0,24.0,0,0,250,38,212,214,0.856,33,0.8684,33,0.8684,181,0.8538,64,217,217,5
0.7,0.15,3,0,32.0,0,0,250,38,212,214,0.856,33,0.8684,33,0.8684,181,0.8538,64,217,217,5
0.7,0.15,3,1,24.0,0,0,250,38,212,214,0.856,33,0.8684,33,0.8684,181,0.8538,64,217,217,5
0.7,0.15,3,1,32.0,0,0,250,38,212,214,0.856,33,0.8684,33,0.8684,181,0.8538,64,217,217,5
0.7,0.15,3,2,24.0,0,0,250,38,212,214,0.856,33,0.8684,33,0.8684,181,0.8538,64,217,217,5
0.7,0.15,3,2,32.0,0,0,250,38,212,214,0.856,33,0.8684,33,0.8684,181,0.8538,64,217,217,5
0.7,0.2,3,0,24.0,0,0,250,38,212,214,0.856,33,0.8684,33,0.8684,181,0.8538,64,217,217,5
0.7,0.2,3,0,32.0,0,0,250,38,212,214,0.856,33,0.8684,33,0.8684,181,0.8538,64,217,217,5
0.7,0.2,3,1,24.0,0,0,250,38,212,214,0.856,33,0.8684,33,0.8684,181,0.8538,64,217,217,5
0.7,0.2,3,1,32.0,0,0,250,38,212,214,0.856,33,0.8684,33,0.8684,181,0.8538,64,217,217,5
0.7,0.2,3,2,24.0,0,0,250,38,212,214,0.856,33,0.8684,33,0.8684,181,0.8538,64,217,217,5
0.7,0.2,3,2,32.0,0,0,250,38,212,214,0.856,33,0.8684,33,0.8684,181,0.8538,64,217,217,5
0.7,0.25,3,0,24.0,0,0,250,38,212,214,0.856,33,0.8684,33,0.8684,181,0.8538,64,217,217,5
0.7,0.25,3,0,32.0,0,0,250,38,212,214,0.856,33,0.8684,33,0.8684,181,0.8538,64,217,217,5
0.7,0.25,3,1,24.0,0,0,250,38,212,214,0.856,33,0.8684,33,0.8684,181,0.8538,64,217,217,5
0.7,0.25,3,1,32.0,0,0,250,38,212,214,0.856,33,0.8684,33,0.8684,181,0.8538,64,217,217,5
0.7,0.25,3,2,24.0,0,0,250,38,212,214,0.856,33,0.8684,33,0.8684,181,0.8538,64,217,217,5
0.7,0.25,3,2,32.0,0,0,250,38,212,214,0.856,33,0.8684,33,0.8684,181,0.8538,64,217,217,5
0.7,0.3,3,0,24.0,0,0,250,38,212,214,0.856,33,0.8684,33,0.8684,181,0.8538,64,217,217,5
0.7,0.3,3,0,32.0,0,0,250,38,212,214,0.856,33,0.8684,33,0.8684,181,0.8538,64,217,217,5
0.7,0.3,3,1,24.0,0,0,250,38,212,214,0.856,33,0.8684,33,0.8684,181,0.8538,64,217,217,5
0.7,0.3,3,1,32.0,0,0,250,38,212,214,0.856,33,0.8684,33,0.8684,181,0.8538,64,217,217,5
0.7,0.3,3,2,24.0,0,0,250,38,212,214,0.856,33,0.8684,33,0.8684,181,0.8538,64,217,217,5
0.7,0.3,3,2,32.0,0,0,250,38,212,214,0.856,33,0.8684,33,0.8684,181,0.8538,64,217,217,5
0.7,0.35,3,0,24.0,0,0,250,38,212,214,0.856,33,0.8684,33,0.8684,181,0.8538,64,217,217,5
0.7,0.35,3,0,32.0,0,0,250,38,212,214,0.856,33,0.8684,33,0.8684,181,0.8538,64,217,217,5
0.7,0.35,3,1,24.0,0,0,250,38,212,214,0.856,33,0.8684,33,0.8684,181,0.8538,64,217,217,5
0.7,0.35,3,1,32.0,0,0,250,38,212,214,0.856,33,0.8684,33,0.8684,181,0.8538,64,217,217,5
0.7,0.35,3,2,24.0,0,0,250,38,212,214,0.856,33,0.8684,33,0.8684,181,0.8538,64,217,217,5
0.7,0.35,3,2,32.0,0,0,250,38,212,214,0.856,33,0.8684,33,0.8684,181,0.8538,64,217,217,5
0.7,0.4,3,0,24.0,0,0,250,38,212,214,0.856,33,0.8684,33,0.8684,181,0.8538,64,217,217,5
0.7,0.4,3,0,32.0,0,0,250,38,212,214,0.856,33,0.8684,33,0.8684,181,0.8538,64,217,217,5
0.7,0.4,3,1,24.0,0,0,250,38,212,214,0.856,33,0.8684,33,0.8684,181,0.8538,64,217,217,5
0.7,0.4,3,1,32.0,0,0,250,38,212,214,0.856,33,0.8684,33,0.8684,181,0.8538,64,217,217,5
0.7,0.4,3,2,24.0,0,0,250,38,212,214,0.856,33,0.8684,33,0.8684,181,0.8538,64,217,217,5
0.7,0.4,3,2,32.0,0,0,250,38,212,214,0.856,33,0.8684,33,0.8684,181,0.8538,64,217,217,5
0.75,0.02,3,0,12.0,0,0,250,38,212,214,0.856,31,0.8158,31,0.8158,183,0.8632,60,219,219,7
0.75,0.02,3,0,18.0,0,0,250,38,212,214,0.856,31,0.8158,31,0.8158,183,0.8632,60,219,219,7
0.75,0.02,3,1,12.0,0,0,250,38,212,214,0.856,31,0.8158,31,0.8158,183,0.8632,60,219,219,7
0.75,0.02,3,1,18.0,0,0,250,38,212,214,0.856,31,0.8158,31,0.8158,183,0.8632,60,219,219,7
0.75,0.02,3,2,12.0,0,0,250,38,212,214,0.856,31,0.8158,31,0.8158,183,0.8632,60,219,219,7
0.75,0.02,3,2,18.0,0,0,250,38,212,214,0.856,31,0.8158,31,0.8158,183,0.8632,60,219,219,7
0.75,0.05,3,0,12.0,0,0,250,38,212,214,0.856,31,0.8158,31,0.8158,183,0.8632,60,219,219,7
0.75,0.05,3,0,18.0,0,0,250,38,212,214,0.856,31,0.8158,31,0.8158,183,0.8632,60,219,219,7
0.75,0.05,3,1,12.0,0,0,250,38,212,214,0.856,31,0.8158,31,0.8158,183,0.8632,60,219,219,7
0.75,0.05,3,1,18.0,0,0,250,38,212,214,0.856,31,0.8158,31,0.8158,183,0.8632,60,219,219,7
0.75,0.05,3,2,12.0,0,0,250,38,212,214,0.856,31,0.8158,31,0.8158,183,0.8632,60,219,219,7
0.75,0.05,3,2,18.0,0,0,250,38,212,214,0.856,31,0.8158,31,0.8158,183,0.8632,60,219,219,7
0.75,0.1,3,0,12.0,0,0,250,38,212,214,0.856,31,0.8158,31,0.8158,183,0.8632,60,219,219,7
0.75,0.1,3,0,18.0,0,0,250,38,212,214,0.856,31,0.8158,31,0.8158,183,0.8632,60,219,219,7
0.75,0.1,3,1,12.0,0,0,250,38,212,214,0.856,31,0.8158,31,0.8158,183,0.8632,60,219,219,7
0.75,0.1,3,1,18.0,0,0,250,38,212,214,0.856,31,0.8158,31,0.8158,183,0.8632,60,219,219,7
0.75,0.1,3,2,12.0,0,0,250,38,212,214,0.856,31,0.8158,31,0.8158,183,0.8632,60,219,219,7
0.75,0.1,3,2,18.0,0,0,250,38,212,214,0.856,31,0.8158,31,0.8158,183,0.8632,60,219,219,7
0.75,0.15,3,0,12.0,0,0,250,38,212,214,0.856,31,0.8158,31,0.8158,183,0.8632,60,219,219,7
0.75,0.15,3,0,18.0,0,0,250,38,212,214,0.856,31,0.8158,31,0.8158,183,0.8632,60,219,219,7
0.75,0.15,3,1,12.0,0,0,250,38,212,214,0.856,31,0.8158,31,0.8158,183,0.8632,60,219,219,7
0.75,0.15,3,1,18.0,0,0,250,38,212,214,0.856,31,0.8158,31,0.8158,183,0.8632,60,219,219,7
0.75,0.15,3,2,12.0,0,0,250,38,212,214,0.856,31,0.8158,31,0.8158,183,0.8632,60,219,219,7
0.75,0.15,3,2,18.0,0,0,250,38,212,214,0.856,31,0.8158,31,0.8158,183,0.8632,60,219,219,7
0.75,0.2,3,0,12.0,0,0,250,38,212,214,0.856,31,0.8158,31,0.8158,183,0.8632,60,219,219,7
0.75,0.2,3,0,18.0,0,0,250,38,212,214,0.856,31,0.8158,31,0.8158,183,0.8632,60,219,219,7
0.75,0.2,3,1,12.0,0,0,250,38,212,214,0.856,31,0.8158,31,0.8158,183,0.8632,60,219,219,7
0.75,0.2,3,1,18.0,0,0,250,38,212,214,0.856,31,0.8158,31,0.8158,183,0.8632,60,219,219,7
0.75,0.2,3,2,12.0,0,0,250,38,212,214,0.856,31,0.8158,31,0.8158,183,0.8632,60,219,219,7
0.75,0.2,3,2,18.0,0,0,250,38,212,214,0.856,31,0.8158,31,0.8158,183,0.8632,60,219,219,7
0.75,0.25,3,0,12.0,0,0,250,38,212,214,0.856,31,0.8158,31,0.8158,183,0.8632,60,219,219,7
0.75,0.25,3,0,18.0,0,0,250,38,212,214,0.856,31,0.8158,31,0.8158,183,0.8632,60,219,219,7
0.75,0.25,3,1,12.0,0,0,250,38,212,214,0.856,31,0.8158,31,0.8158,183,0.8632,60,219,219,7
0.75,0.25,3,1,18.0,0,0,250,38,212,214,0.856,31,0.8158,31,0.8158,183,0.8632,60,219,219,7
0.75,0.25,3,2,12.0,0,0,250,38,212,214,0.856,31,0.8158,31,0.8158,183,0.8632,60,219,219,7
0.75,0.25,3,2,18.0,0,0,250,38,212,214,0.856,31,0.8158,31,0.8158,183,0.8632,60,219,219,7
0.75,0.3,3,0,12.0,0,0,250,38,212,214,0.856,31,0.8158,31,0.8158,183,0.8632,60,219,219,7
0.75,0.3,3,0,18.0,0,0,250,38,212,214,0.856,31,0.8158,31,0.8158,183,0.8632,60,219,219,7
0.75,0.3,3,1,12.0,0,0,250,38,212,214,0.856,31,0.8158,31,0.8158,183,0.8632,60,219,219,7
0.75,0.3,3,1,18.0,0,0,250,38,212,214,0.856,31,0.8158,31,0.8158,183,0.8632,60,219,219,7
0.75,0.3,3,2,12.0,0,0,250,38,212,214,0.856,31,0.8158,31,0.8158,183,0.8632,60,219,219,7
0.75,0.3,3,2,18.0,0,0,250,38,212,214,0.856,31,0.8158,31,0.8158,183,0.8632,60,219,219,7
0.75,0.35,3,0,12.0,0,0,250,38,212,214,0.856,31,0.8158,31,0.8158,183,0.8632,60,219,219,7
0.75,0.35,3,0,18.0,0,0,250,38,212,214,0.856,31,0.8158,31,0.8158,183,0.8632,60,219,219,7
0.75,0.35,3,1,12.0,0,0,250,38,212,214,0.856,31,0.8158,31,0.8158,183,0.8632,60,219,219,7
0.75,0.35,3,1,18.0,0,0,250,38,212,214,0.856,31,0.8158,31,0.8158,183,0.8632,60,219,219,7
0.75,0.35,3,2,12.0,0,0,250,38,212,214,0.856,31,0.8158,31,0.8158,183,0.8632,60,219,219,7
0.75,0.35,3,2,18.0,0,0,250,38,212,214,0.856,31,0.8158,31,0.8158,183,0.8632,60,219,219,7
0.75,0.4,3,0,12.0,0,0,250,38,212,214,0.856,31,0.8158,31,0.8158,183,0.8632,60,219,219,7
0.75,0.4,3,0,18.0,0,0,250,38,212,214,0.856,31,0.8158,31,0.8158,183,0.8632,60,219,219,7
0.75,0.4,3,1,12.0,0,0,250,38,212,214,0.856,31,0.8158,31,0.8158,183,0.8632,60,219,219,7
0.75,0.4,3,1,18.0,0,0,250,38,212,214,0.856,31,0.8158,31,0.8158,183,0.8632,60,219,219,7
0.75,0.4,3,2,12.0,0,0,250,38,212,214,0.856,31,0.8158,31,0.8158,183,0.8632,60,219,219,7
0.75,0.4,3,2,18.0,0,0,250,38,212,214,0.856,31,0.8158,31,0.8158,183,0.8632,60,219,219,7
0.8,0.02,2,2,12.0,0,0,250,38,212,214,0.856,31,0.8158,31,0.8158,183,0.8632,60,219,219,7
0.8,0.02,2,2,18.0,0,0,250,38,212,214,0.856,31,0.8158,31,0.8158,183,0.8632,60,219,219,7
0.8,0.02,2,2,24.0,0,0,250,38,212,214,0.856,31,0.8158,31,0.8158,183,0.8632,60,219,219,7
0.8,0.02,2,2,32.0,0,0,250,38,212,214,0.856,31,0.8158,31,0.8158,183,0.8632,60,219,219,7
0.8,0.05,2,2,12.0,0,0,250,38,212,214,0.856,31,0.8158,31,0.8158,183,0.8632,60,219,219,7
0.8,0.05,2,2,18.0,0,0,250,38,212,214,0.856,31,0.8158,31,0.8158,183,0.8632,60,219,219,7
0.8,0.05,2,2,24.0,0,0,250,38,212,214,0.856,31,0.8158,31,0.8158,183,0.8632,60,219,219,7
0.8,0.05,2,2,32.0,0,0,250,38,212,214,0.856,31,0.8158,31,0.8158,183,0.8632,60,219,219,7
0.8,0.1,2,2,12.0,0,0,250,38,212,214,0.856,31,0.8158,31,0.8158,183,0.8632,60,219,219,7
0.8,0.1,2,2,18.0,0,0,250,38,212,214,0.856,31,0.8158,31,0.8158,183,0.8632,60,219,219,7
0.8,0.1,2,2,24.0,0,0,250,38,212,214,0.856,31,0.8158,31,0.8158,183,0.8632,60,219,219,7
0.8,0.1,2,2,32.0,0,0,250,38,212,214,0.856,31,0.8158,31,0.8158,183,0.8632,60,219,219,7
0.8,0.15,2,2,12.0,0,0,250,38,212,214,0.856,31,0.8158,31,0.8158,183,0.8632,60,219,219,7
0.8,0.15,2,2,18.0,0,0,250,38,212,214,0.856,31,0.8158,31,0.8158,183,0.8632,60,219,219,7
0.8,0.15,2,2,24.0,0,0,250,38,212,214,0.856,31,0.8158,31,0.8158,183,0.8632,60,219,219,7
0.8,0.15,2,2,32.0,0,0,250,38,212,214,0.856,31,0.8158,31,0.8158,183,0.8632,60,219,219,7
0.8,0.2,2,2,12.0,0,0,250,38,212,214,0.856,31,0.8158,31,0.8158,183,0.8632,60,219,219,7
0.8,0.2,2,2,18.0,0,0,250,38,212,214,0.856,31,0.8158,31,0.8158,183,0.8632,60,219,219,7
0.8,0.2,2,2,24.0,0,0,250,38,212,214,0.856,31,0.8158,31,0.8158,183,0.8632,60,219,219,7
0.8,0.2,2,2,32.0,0,0,250,38,212,214,0.856,31,0.8158,31,0.8158,183,0.8632,60,219,219,7
0.8,0.25,2,2,12.0,0,0,250,38,212,214,0.856,31,0.8158,31,0.8158,183,0.8632,60,219,219,7
0.8,0.25,2,2,18.0,0,0,250,38,212,214,0.856,31,0.8158,31,0.8158,183,0.8632,60,219,219,7
0.8,0.25,2,2,24.0,0,0,250,38,212,214,0.856,31,0.8158,31,0.8158,183,0.8632,60,219,219,7
0.8,0.25,2,2,32.0,0,0,250,38,212,214,0.856,31,0.8158,31,0.8158,183,0.8632,60,219,219,7
0.8,0.3,2,2,12.0,0,0,250,38,212,214,0.856,31,0.8158,31,0.8158,183,0.8632,60,219,219,7
0.8,0.3,2,2,18.0,0,0,250,38,212,214,0.856,31,0.8158,31,0.8158,183,0.8632,60,219,219,7
0.8,0.3,2,2,24.0,0,0,250,38,212,214,0.856,31,0.8158,31,0.8158,183,0.8632,60,219,219,7
0.8,0.3,2,2,32.0,0,0,250,38,212,214,0.856,31,0.8158,31,0.8158,183,0.8632,60,219,219,7
0.8,0.35,2,2,12.0,0,0,250,38,212,214,0.856,31,0.8158,31,0.8158,183,0.8632,60,219,219,7
0.8,0.35,2,2,18.0,0,0,250,38,212,214,0.856,31,0.8158,31,0.8158,183,0.8632,60,219,219,7
0.8,0.35,2,2,24.0,0,0,250,38,212,214,0.856,31,0.8158,31,0.8158,183,0.8632,60,219,219,7
0.8,0.35,2,2,32.0,0,0,250,38,212,214,0.856,31,0.8158,31,0.8158,183,0.8632,60,219,219,7
0.8,0.4,2,2,12.0,0,0,250,38,212,214,0.856,31,0.8158,31,0.8158,183,0.8632,60,219,219,7
0.8,0.4,2,2,18.0,0,0,250,38,212,214,0.856,31,0.8158,31,0.8158,183,0.8632,60,219,219,7
0.8,0.4,2,2,24.0,0,0,250,38,212,214,0.856,31,0.8158,31,0.8158,183,0.8632,60,219,219,7
0.8,0.4,2,2,32.0,0,0,250,38,212,214,0.856,31,0.8158,31,0.8158,183,0.8632,60,219,219,7
0.8,0.02,3,0,12.0,0,0,250,38,212,214,0.856,30,0.7895,30,0.7895,184,0.8679,58,220,220,8
0.8,0.02,3,0,18.0,0,0,250,38,212,214,0.856,30,0.7895,30,0.7895,184,0.8679,58,220,220,8
0.8,0.02,3,0,24.0,0,0,250,38,212,214,0.856,30,0.7895,30,0.7895,184,0.8679,58,220,220,8
0.8,0.02,3,0,32.0,0,0,250,38,212,214,0.856,30,0.7895,30,0.7895,184,0.8679,58,220,220,8
0.8,0.02,3,1,12.0,0,0,250,38,212,214,0.856,30,0.7895,30,0.7895,184,0.8679,58,220,220,8
0.8,0.02,3,1,18.0,0,0,250,38,212,214,0.856,30,0.7895,30,0.7895,184,0.8679,58,220,220,8
0.8,0.02,3,1,24.0,0,0,250,38,212,214,0.856,30,0.7895,30,0.7895,184,0.8679,58,220,220,8
0.8,0.02,3,1,32.0,0,0,250,38,212,214,0.856,30,0.7895,30,0.7895,184,0.8679,58,220,220,8
0.8,0.02,3,2,12.0,0,0,250,38,212,214,0.856,30,0.7895,30,0.7895,184,0.8679,58,220,220,8
0.8,0.02,3,2,18.0,0,0,250,38,212,214,0.856,30,0.7895,30,0.7895,184,0.8679,58,220,220,8
0.8,0.02,3,2,24.0,0,0,250,38,212,214,0.856,30,0.7895,30,0.7895,184,0.8679,58,220,220,8
0.8,0.02,3,2,32.0,0,0,250,38,212,214,0.856,30,0.7895,30,0.7895,184,0.8679,58,220,220,8
0.8,0.05,3,0,12.0,0,0,250,38,212,214,0.856,30,0.7895,30,0.7895,184,0.8679,58,220,220,8
0.8,0.05,3,0,18.0,0,0,250,38,212,214,0.856,30,0.7895,30,0.7895,184,0.8679,58,220,220,8
0.8,0.05,3,0,24.0,0,0,250,38,212,214,0.856,30,0.7895,30,0.7895,184,0.8679,58,220,220,8
0.8,0.05,3,0,32.0,0,0,250,38,212,214,0.856,30,0.7895,30,0.7895,184,0.8679,58,220,220,8
0.8,0.05,3,1,12.0,0,0,250,38,212,214,0.856,30,0.7895,30,0.7895,184,0.8679,58,220,220,8
0.8,0.05,3,1,18.0,0,0,250,38,212,214,0.856,30,0.7895,30,0.7895,184,0.8679,58,220,220,8
0.8,0.05,3,1,24.0,0,0,250,38,212,214,0.856,30,0.7895,30,0.7895,184,0.8679,58,220,220,8
0.8,0.05,3,1,32.0,0,0,250,38,212,214,0.856,30,0.7895,30,0.7895,184,0.8679,58,220,220,8
0.8,0.05,3,2,12.0,0,0,250,38,212,214,0.856,30,0.7895,30,0.7895,184,0.8679,58,220,220,8
0.8,0.05,3,2,18.0,0,0,250,38,212,214,0.856,30,0.7895,30,0.7895,184,0.8679,58,220,220,8
0.8,0.05,3,2,24.0,0,0,250,38,212,214,0.856,30,0.7895,30,0.7895,184,0.8679,58,220,220,8
0.8,0.05,3,2,32.0,0,0,250,38,212,214,0.856,30,0.7895,30,0.7895,184,0.8679,58,220,220,8
0.8,0.1,3,0,12.0,0,0,250,38,212,214,0.856,30,0.7895,30,0.7895,184,0.8679,58,220,220,8
0.8,0.1,3,0,18.0,0,0,250,38,212,214,0.856,30,0.7895,30,0.7895,184,0.8679,58,220,220,8
0.8,0.1,3,0,24.0,0,0,250,38,212,214,0.856,30,0.7895,30,0.7895,184,0.8679,58,220,220,8
0.8,0.1,3,0,32.0,0,0,250,38,212,214,0.856,30,0.7895,30,0.7895,184,0.8679,58,220,220,8
0.8,0.1,3,1,12.0,0,0,250,38,212,214,0.856,30,0.7895,30,0.7895,184,0.8679,58,220,220,8
0.8,0.1,3,1,18.0,0,0,250,38,212,214,0.856,30,0.7895,30,0.7895,184,0.8679,58,220,220,8
0.8,0.1,3,1,24.0,0,0,250,38,212,214,0.856,30,0.7895,30,0.7895,184,0.8679,58,220,220,8
0.8,0.1,3,1,32.0,0,0,250,38,212,214,0.856,30,0.7895,30,0.7895,184,0.8679,58,220,220,8
0.8,0.1,3,2,12.0,0,0,250,38,212,214,0.856,30,0.7895,30,0.7895,184,0.8679,58,220,220,8
0.8,0.1,3,2,18.0,0,0,250,38,212,214,0.856,30,0.7895,30,0.7895,184,0.8679,58,220,220,8
0.8,0.1,3,2,24.0,0,0,250,38,212,214,0.856,30,0.7895,30,0.7895,184,0.8679,58,220,220,8
0.8,0.1,3,2,32.0,0,0,250,38,212,214,0.856,30,0.7895,30,0.7895,184,0.8679,58,220,220,8
0.8,0.15,3,0,12.0,0,0,250,38,212,214,0.856,30,0.7895,30,0.7895,184,0.8679,58,220,220,8
0.8,0.15,3,0,18.0,0,0,250,38,212,214,0.856,30,0.7895,30,0.7895,184,0.8679,58,220,220,8
0.8,0.15,3,0,24.0,0,0,250,38,212,214,0.856,30,0.7895,30,0.7895,184,0.8679,58,220,220,8
0.8,0.15,3,0,32.0,0,0,250,38,212,214,0.856,30,0.7895,30,0.7895,184,0.8679,58,220,220,8
0.8,0.15,3,1,12.0,0,0,250,38,212,214,0.856,30,0.7895,30,0.7895,184,0.8679,58,220,220,8
0.8,0.15,3,1,18.0,0,0,250,38,212,214,0.856,30,0.7895,30,0.7895,184,0.8679,58,220,220,8
0.8,0.15,3,1,24.0,0,0,250,38,212,214,0.856,30,0.7895,30,0.7895,184,0.8679,58,220,220,8
0.8,0.15,3,1,32.0,0,0,250,38,212,214,0.856,30,0.7895,30,0.7895,184,0.8679,58,220,220,8
0.8,0.15,3,2,12.0,0,0,250,38,212,214,0.856,30,0.7895,30,0.7895,184,0.8679,58,220,220,8
0.8,0.15,3,2,18.0,0,0,250,38,212,214,0.856,30,0.7895,30,0.7895,184,0.8679,58,220,220,8
0.8,0.15,3,2,24.0,0,0,250,38,212,214,0.856,30,0.7895,30,0.7895,184,0.8679,58,220,220,8
0.8,0.15,3,2,32.0,0,0,250,38,212,214,0.856,30,0.7895,30,0.7895,184,0.8679,58,220,220,8
0.8,0.2,3,0,12.0,0,0,250,38,212,214,0.856,30,0.7895,30,0.7895,184,0.8679,58,220,220,8
0.8,0.2,3,0,18.0,0,0,250,38,212,214,0.856,30,0.7895,30,0.7895,184,0.8679,58,220,220,8
0.8,0.2,3,0,24.0,0,0,250,38,212,214,0.856,30,0.7895,30,0.7895,184,0.8679,58,220,220,8
0.8,0.2,3,0,32.0,0,0,250,38,212,214,0.856,30,0.7895,30,0.7895,184,0.8679,58,220,220,8
0.8,0.2,3,1,12.0,0,0,250,38,212,214,0.856,30,0.7895,30,0.7895,184,0.8679,58,220,220,8
0.8,0.2,3,1,18.0,0,0,250,38,212,214,0.856,30,0.7895,30,0.7895,184,0.8679,58,220,220,8
0.8,0.2,3,1,24.0,0,0,250,38,212,214,0.856,30,0.7895,30,0.7895,184,0.8679,58,220,220,8
0.8,0.2,3,1,32.0,0,0,250,38,212,214,0.856,30,0.7895,30,0.7895,184,0.8679,58,220,220,8
0.8,0.2,3,2,12.0,0,0,250,38,212,214,0.856,30,0.7895,30,0.7895,184,0.8679,58,220,220,8
0.8,0.2,3,2,18.0,0,0,250,38,212,214,0.856,30,0.7895,30,0.7895,184,0.8679,58,220,220,8
0.8,0.2,3,2,24.0,0,0,250,38,212,214,0.856,30,0.7895,30,0.7895,184,0.8679,58,220,220,8
0.8,0.2,3,2,32.0,0,0,250,38,212,214,0.856,30,0.7895,30,0.7895,184,0.8679,58,220,220,8
0.8,0.25,3,0,12.0,0,0,250,38,212,214,0.856,30,0.7895,30,0.7895,184,0.8679,58,220,220,8
0.8,0.25,3,0,18.0,0,0,250,38,212,214,0.856,30,0.7895,30,0.7895,184,0.8679,58,220,220,8
0.8,0.25,3,0,24.0,0,0,250,38,212,214,0.856,30,0.7895,30,0.7895,184,0.8679,58,220,220,8
0.8,0.25,3,0,32.0,0,0,250,38,212,214,0.856,30,0.7895,30,0.7895,184,0.8679,58,220,220,8
0.8,0.25,3,1,12.0,0,0,250,38,212,214,0.856,30,0.7895,30,0.7895,184,0.8679,58,220,220,8
0.8,0.25,3,1,18.0,0,0,250,38,212,214,0.856,30,0.7895,30,0.7895,184,0.8679,58,220,220,8
0.8,0.25,3,1,24.0,0,0,250,38,212,214,0.856,30,0.7895,30,0.7895,184,0.8679,58,220,220,8
0.8,0.25,3,1,32.0,0,0,250,38,212,214,0.856,30,0.7895,30,0.7895,184,0.8679,58,220,220,8
0.8,0.25,3,2,12.0,0,0,250,38,212,214,0.856,30,0.7895,30,0.7895,184,0.8679,58,220,220,8
0.8,0.25,3,2,18.0,0,0,250,38,212,214,0.856,30,0.7895,30,0.7895,184,0.8679,58,220,220,8
0.8,0.25,3,2,24.0,0,0,250,38,212,214,0.856,30,0.7895,30,0.7895,184,0.8679,58,220,220,8
0.8,0.25,3,2,32.0,0,0,250,38,212,214,0.856,30,0.7895,30,0.7895,184,0.8679,58,220,220,8
0.8,0.3,3,0,12.0,0,0,250,38,212,214,0.856,30,0.7895,30,0.7895,184,0.8679,58,220,220,8
0.8,0.3,3,0,18.0,0,0,250,38,212,214,0.856,30,0.7895,30,0.7895,184,0.8679,58,220,220,8
0.8,0.3,3,0,24.0,0,0,250,38,212,214,0.856,30,0.7895,30,0.7895,184,0.8679,58,220,220,8
0.8,0.3,3,0,32.0,0,0,250,38,212,214,0.856,30,0.7895,30,0.7895,184,0.8679,58,220,220,8
0.8,0.3,3,1,12.0,0,0,250,38,212,214,0.856,30,0.7895,30,0.7895,184,0.8679,58,220,220,8
0.8,0.3,3,1,18.0,0,0,250,38,212,214,0.856,30,0.7895,30,0.7895,184,0.8679,58,220,220,8
0.8,0.3,3,1,24.0,0,0,250,38,212,214,0.856,30,0.7895,30,0.7895,184,0.8679,58,220,220,8
0.8,0.3,3,1,32.0,0,0,250,38,212,214,0.856,30,0.7895,30,0.7895,184,0.8679,58,220,220,8
0.8,0.3,3,2,12.0,0,0,250,38,212,214,0.856,30,0.7895,30,0.7895,184,0.8679,58,220,220,8
0.8,0.3,3,2,18.0,0,0,250,38,212,214,0.856,30,0.7895,30,0.7895,184,0.8679,58,220,220,8
0.8,0.3,3,2,24.0,0,0,250,38,212,214,0.856,30,0.7895,30,0.7895,184,0.8679,58,220,220,8
0.8,0.3,3,2,32.0,0,0,250,38,212,214,0.856,30,0.7895,30,0.7895,184,0.8679,58,220,220,8
0.8,0.35,3,0,12.0,0,0,250,38,212,214,0.856,30,0.7895,30,0.7895,184,0.8679,58,220,220,8
0.8,0.35,3,0,18.0,0,0,250,38,212,214,0.856,30,0.7895,30,0.7895,184,0.8679,58,220,220,8
0.8,0.35,3,0,24.0,0,0,250,38,212,214,0.856,30,0.7895,30,0.7895,184,0.8679,58,220,220,8
0.8,0.35,3,0,32.0,0,0,250,38,212,214,0.856,30,0.7895,30,0.7895,184,0.8679,58,220,220,8
0.8,0.35,3,1,12.0,0,0,250,38,212,214,0.856,30,0.7895,30,0.7895,184,0.8679,58,220,220,8
0.8,0.35,3,1,18.0,0,0,250,38,212,214,0.856,30,0.7895,30,0.7895,184,0.8679,58,220,220,8
0.8,0.35,3,1,24.0,0,0,250,38,212,214,0.856,30,0.7895,30,0.7895,184,0.8679,58,220,220,8
0.8,0.35,3,1,32.0,0,0,250,38,212,214,0.856,30,0.7895,30,0.7895,184,0.8679,58,220,220,8
0.8,0.35,3,2,12.0,0,0,250,38,212,214,0.856,30,0.7895,30,0.7895,184,0.8679,58,220,220,8
0.8,0.35,3,2,18.0,0,0,250,38,212,214,0.856,30,0.7895,30,0.7895,184,0.8679,58,220,220,8
0.8,0.35,3,2,24.0,0,0,250,38,212,214,0.856,30,0.7895,30,0.7895,184,0.8679,58,220,220,8
0.8,0.35,3,2,32.0,0,0,250,38,212,214,0.856,30,0.7895,30,0.7895,184,0.8679,58,220,220,8
0.8,0.4,3,0,12.0,0,0,250,38,212,214,0.856,30,0.7895,30,0.7895,184,0.8679,58,220,220,8
0.8,0.4,3,0,18.0,0,0,250,38,212,214,0.856,30,0.7895,30,0.7895,184,0.8679,58,220,220,8
0.8,0.4,3,0,24.0,0,0,250,38,212,214,0.856,30,0.7895,30,0.7895,184,0.8679,58,220,220,8
0.8,0.4,3,0,32.0,0,0,250,38,212,214,0.856,30,0.7895,30,0.7895,184,0.8679,58,220,220,8
0.8,0.4,3,1,12.0,0,0,250,38,212,214,0.856,30,0.7895,30,0.7895,184,0.8679,58,220,220,8
0.8,0.4,3,1,18.0,0,0,250,38,212,214,0.856,30,0.7895,30,0.7895,184,0.8679,58,220,220,8
0.8,0.4,3,1,24.0,0,0,250,38,212,214,0.856,30,0.7895,30,0.7895,184,0.8679,58,220,220,8
0.8,0.4,3,1,32.0,0,0,250,38,212,214,0.856,30,0.7895,30,0.7895,184,0.8679,58,220,220,8
0.8,0.4,3,2,12.0,0,0,250,38,212,214,0.856,30,0.7895,30,0.7895,184,0.8679,58,220,220,8
0.8,0.4,3,2,18.0,0,0,250,38,212,214,0.856,30,0.7895,30,0.7895,184,0.8679,58,220,220,8
0.8,0.4,3,2,24.0,0,0,250,38,212,214,0.856,30,0.7895,30,0.7895,184,0.8679,58,220,220,8
0.8,0.4,3,2,32.0,0,0,250,38,212,214,0.856,30,0.7895,30,0.7895,184,0.8679,58,220,220,8
0.5,0.5,1,0,12.0,0,0,250,38,212,213,0.852,38,1.0,38,1.0,175,0.8255,75,208,212,0
0.5,0.5,1,0,18.0,0,0,250,38,212,213,0.852,38,1.0,38,1.0,175,0.8255,75,208,212,0
0.55,0.02,2,0,12.0,0,0,250,38,212,213,0.852,38,1.0,38,1.0,175,0.8255,75,210,212,0
0.55,0.02,2,0,18.0,0,0,250,38,212,213,0.852,38,1.0,38,1.0,175,0.8255,75,210,212,0
0.55,0.02,2,2,24.0,0,0,250,38,212,213,0.852,38,1.0,38,1.0,175,0.8255,75,212,212,0
0.55,0.02,2,2,32.0,0,0,250,38,212,213,0.852,38,1.0,38,1.0,175,0.8255,75,212,212,0
0.55,0.02,3,0,24.0,0,0,250,38,212,213,0.852,38,1.0,38,1.0,175,0.8255,75,211,212,0
0.55,0.02,3,0,32.0,0,0,250,38,212,213,0.852,38,1.0,38,1.0,175,0.8255,75,211,212,0
0.55,0.05,2,0,12.0,0,0,250,38,212,213,0.852,38,1.0,38,1.0,175,0.8255,75,210,212,0
0.55,0.05,2,0,18.0,0,0,250,38,212,213,0.852,38,1.0,38,1.0,175,0.8255,75,210,212,0
0.55,0.05,2,2,24.0,0,0,250,38,212,213,0.852,38,1.0,38,1.0,175,0.8255,75,212,212,0
0.55,0.05,2,2,32.0,0,0,250,38,212,213,0.852,38,1.0,38,1.0,175,0.8255,75,212,212,0
0.55,0.05,3,0,24.0,0,0,250,38,212,213,0.852,38,1.0,38,1.0,175,0.8255,75,211,212,0
0.55,0.05,3,0,32.0,0,0,250,38,212,213,0.852,38,1.0,38,1.0,175,0.8255,75,211,212,0
0.55,0.1,2,0,12.0,0,0,250,38,212,213,0.852,38,1.0,38,1.0,175,0.8255,75,210,212,0
0.55,0.1,2,0,18.0,0,0,250,38,212,213,0.852,38,1.0,38,1.0,175,0.8255,75,210,212,0
0.55,0.1,2,2,24.0,0,0,250,38,212,213,0.852,38,1.0,38,1.0,175,0.8255,75,212,212,0
0.55,0.1,2,2,32.0,0,0,250,38,212,213,0.852,38,1.0,38,1.0,175,0.8255,75,212,212,0
0.55,0.1,3,0,24.0,0,0,250,38,212,213,0.852,38,1.0,38,1.0,175,0.8255,75,211,212,0
0.55,0.1,3,0,32.0,0,0,250,38,212,213,0.852,38,1.0,38,1.0,175,0.8255,75,211,212,0
0.55,0.15,2,0,12.0,0,0,250,38,212,213,0.852,38,1.0,38,1.0,175,0.8255,75,210,212,0
0.55,0.15,2,0,18.0,0,0,250,38,212,213,0.852,38,1.0,38,1.0,175,0.8255,75,210,212,0
0.55,0.15,2,2,24.0,0,0,250,38,212,213,0.852,38,1.0,38,1.0,175,0.8255,75,212,212,0
0.55,0.15,2,2,32.0,0,0,250,38,212,213,0.852,38,1.0,38,1.0,175,0.8255,75,212,212,0
0.55,0.15,3,0,24.0,0,0,250,38,212,213,0.852,38,1.0,38,1.0,175,0.8255,75,211,212,0
0.55,0.15,3,0,32.0,0,0,250,38,212,213,0.852,38,1.0,38,1.0,175,0.8255,75,211,212,0
0.55,0.2,2,0,12.0,0,0,250,38,212,213,0.852,38,1.0,38,1.0,175,0.8255,75,210,212,0
0.55,0.2,2,0,18.0,0,0,250,38,212,213,0.852,38,1.0,38,1.0,175,0.8255,75,210,212,0
0.55,0.2,2,2,24.0,0,0,250,38,212,213,0.852,38,1.0,38,1.0,175,0.8255,75,212,212,0
0.55,0.2,2,2,32.0,0,0,250,38,212,213,0.852,38,1.0,38,1.0,175,0.8255,75,212,212,0
0.55,0.2,3,0,24.0,0,0,250,38,212,213,0.852,38,1.0,38,1.0,175,0.8255,75,211,212,0
0.55,0.2,3,0,32.0,0,0,250,38,212,213,0.852,38,1.0,38,1.0,175,0.8255,75,211,212,0
0.55,0.25,2,0,12.0,0,0,250,38,212,213,0.852,38,1.0,38,1.0,175,0.8255,75,210,212,0
0.55,0.25,2,0,18.0,0,0,250,38,212,213,0.852,38,1.0,38,1.0,175,0.8255,75,210,212,0
0.55,0.25,2,2,24.0,0,0,250,38,212,213,0.852,38,1.0,38,1.0,175,0.8255,75,212,212,0
0.55,0.25,2,2,32.0,0,0,250,38,212,213,0.852,38,1.0,38,1.0,175,0.8255,75,212,212,0
0.55,0.25,3,0,24.0,0,0,250,38,212,213,0.852,38,1.0,38,1.0,175,0.8255,75,211,212,0
0.55,0.25,3,0,32.0,0,0,250,38,212,213,0.852,38,1.0,38,1.0,175,0.8255,75,211,212,0
0.55,0.3,2,0,12.0,0,0,250,38,212,213,0.852,38,1.0,38,1.0,175,0.8255,75,210,212,0
0.55,0.3,2,0,18.0,0,0,250,38,212,213,0.852,38,1.0,38,1.0,175,0.8255,75,210,212,0
0.55,0.3,2,2,24.0,0,0,250,38,212,213,0.852,38,1.0,38,1.0,175,0.8255,75,212,212,0
0.55,0.3,2,2,32.0,0,0,250,38,212,213,0.852,38,1.0,38,1.0,175,0.8255,75,212,212,0
0.55,0.3,3,0,24.0,0,0,250,38,212,213,0.852,38,1.0,38,1.0,175,0.8255,75,211,212,0
0.55,0.3,3,0,32.0,0,0,250,38,212,213,0.852,38,1.0,38,1.0,175,0.8255,75,211,212,0
0.55,0.35,2,0,12.0,0,0,250,38,212,213,0.852,38,1.0,38,1.0,175,0.8255,75,210,212,0
0.55,0.35,2,0,18.0,0,0,250,38,212,213,0.852,38,1.0,38,1.0,175,0.8255,75,210,212,0
0.55,0.35,2,2,24.0,0,0,250,38,212,213,0.852,38,1.0,38,1.0,175,0.8255,75,212,212,0
0.55,0.35,2,2,32.0,0,0,250,38,212,213,0.852,38,1.0,38,1.0,175,0.8255,75,212,212,0
0.55,0.35,3,0,24.0,0,0,250,38,212,213,0.852,38,1.0,38,1.0,175,0.8255,75,211,212,0
0.55,0.35,3,0,32.0,0,0,250,38,212,213,0.852,38,1.0,38,1.0,175,0.8255,75,211,212,0
0.55,0.4,2,0,12.0,0,0,250,38,212,213,0.852,38,1.0,38,1.0,175,0.8255,75,210,212,0
0.55,0.4,2,0,18.0,0,0,250,38,212,213,0.852,38,1.0,38,1.0,175,0.8255,75,210,212,0
0.55,0.4,2,2,24.0,0,0,250,38,212,213,0.852,38,1.0,38,1.0,175,0.8255,75,212,212,0
0.55,0.4,2,2,32.0,0,0,250,38,212,213,0.852,38,1.0,38,1.0,175,0.8255,75,212,212,0
0.55,0.4,3,0,24.0,0,0,250,38,212,213,0.852,38,1.0,38,1.0,175,0.8255,75,211,212,0
0.55,0.4,3,0,32.0,0,0,250,38,212,213,0.852,38,1.0,38,1.0,175,0.8255,75,211,212,0
0.6,0.02,1,1,12.0,0,0,250,38,212,213,0.852,38,1.0,38,1.0,175,0.8255,75,210,212,0
0.6,0.02,1,1,18.0,0,0,250,38,212,213,0.852,38,1.0,38,1.0,175,0.8255,75,210,212,0
0.6,0.02,2,1,24.0,0,0,250,38,212,213,0.852,38,1.0,38,1.0,175,0.8255,75,211,212,0
0.6,0.02,2,1,32.0,0,0,250,38,212,213,0.852,38,1.0,38,1.0,175,0.8255,75,211,212,0
0.6,0.05,1,1,12.0,0,0,250,38,212,213,0.852,38,1.0,38,1.0,175,0.8255,75,210,212,0
0.6,0.05,1,1,18.0,0,0,250,38,212,213,0.852,38,1.0,38,1.0,175,0.8255,75,210,212,0
0.6,0.05,2,1,24.0,0,0,250,38,212,213,0.852,38,1.0,38,1.0,175,0.8255,75,211,212,0
0.6,0.05,2,1,32.0,0,0,250,38,212,213,0.852,38,1.0,38,1.0,175,0.8255,75,211,212,0
0.6,0.1,1,1,12.0,0,0,250,38,212,213,0.852,38,1.0,38,1.0,175,0.8255,75,210,212,0
0.6,0.1,1,1,18.0,0,0,250,38,212,213,0.852,38,1.0,38,1.0,175,0.8255,75,210,212,0
0.6,0.1,2,1,24.0,0,0,250,38,212,213,0.852,38,1.0,38,1.0,175,0.8255,75,211,212,0
0.6,0.1,2,1,32.0,0,0,250,38,212,213,0.852,38,1.0,38,1.0,175,0.8255,75,211,212,0
0.6,0.15,1,1,12.0,0,0,250,38,212,213,0.852,38,1.0,38,1.0,175,0.8255,75,210,212,0
0.6,0.15,1,1,18.0,0,0,250,38,212,213,0.852,38,1.0,38,1.0,175,0.8255,75,210,212,0
0.6,0.15,2,1,24.0,0,0,250,38,212,213,0.852,38,1.0,38,1.0,175,0.8255,75,211,212,0
0.6,0.15,2,1,32.0,0,0,250,38,212,213,0.852,38,1.0,38,1.0,175,0.8255,75,211,212,0
0.6,0.2,1,1,12.0,0,0,250,38,212,213,0.852,38,1.0,38,1.0,175,0.8255,75,210,212,0
0.6,0.2,1,1,18.0,0,0,250,38,212,213,0.852,38,1.0,38,1.0,175,0.8255,75,210,212,0
0.6,0.2,2,1,24.0,0,0,250,38,212,213,0.852,38,1.0,38,1.0,175,0.8255,75,211,212,0
0.6,0.2,2,1,32.0,0,0,250,38,212,213,0.852,38,1.0,38,1.0,175,0.8255,75,211,212,0
0.6,0.25,1,1,12.0,0,0,250,38,212,213,0.852,38,1.0,38,1.0,175,0.8255,75,210,212,0
0.6,0.25,1,1,18.0,0,0,250,38,212,213,0.852,38,1.0,38,1.0,175,0.8255,75,210,212,0
0.6,0.25,2,1,24.0,0,0,250,38,212,213,0.852,38,1.0,38,1.0,175,0.8255,75,211,212,0
0.6,0.25,2,1,32.0,0,0,250,38,212,213,0.852,38,1.0,38,1.0,175,0.8255,75,211,212,0
0.6,0.3,1,1,12.0,0,0,250,38,212,213,0.852,38,1.0,38,1.0,175,0.8255,75,210,212,0
0.6,0.3,1,1,18.0,0,0,250,38,212,213,0.852,38,1.0,38,1.0,175,0.8255,75,210,212,0
0.6,0.3,2,1,24.0,0,0,250,38,212,213,0.852,38,1.0,38,1.0,175,0.8255,75,211,212,0
0.6,0.3,2,1,32.0,0,0,250,38,212,213,0.852,38,1.0,38,1.0,175,0.8255,75,211,212,0
0.6,0.35,1,1,12.0,0,0,250,38,212,213,0.852,38,1.0,38,1.0,175,0.8255,75,210,212,0
0.6,0.35,1,1,18.0,0,0,250,38,212,213,0.852,38,1.0,38,1.0,175,0.8255,75,210,212,0
0.6,0.35,2,1,24.0,0,0,250,38,212,213,0.852,38,1.0,38,1.0,175,0.8255,75,211,212,0
0.6,0.35,2,1,32.0,0,0,250,38,212,213,0.852,38,1.0,38,1.0,175,0.8255,75,211,212,0
0.6,0.4,1,1,12.0,0,0,250,38,212,213,0.852,38,1.0,38,1.0,175,0.8255,75,210,212,0
0.6,0.4,1,1,18.0,0,0,250,38,212,213,0.852,38,1.0,38,1.0,175,0.8255,75,210,212,0
0.6,0.4,2,1,24.0,0,0,250,38,212,213,0.852,38,1.0,38,1.0,175,0.8255,75,211,212,0
0.6,0.4,2,1,32.0,0,0,250,38,212,213,0.852,38,1.0,38,1.0,175,0.8255,75,211,212,0
0.65,0.02,1,1,12.0,0,0,250,38,212,213,0.852,38,1.0,38,1.0,175,0.8255,75,210,212,0
0.65,0.02,1,1,18.0,0,0,250,38,212,213,0.852,38,1.0,38,1.0,175,0.8255,75,210,212,0
0.65,0.02,3,0,48.0,0,0,250,38,212,213,0.852,38,1.0,38,1.0,175,0.8255,75,175,212,0
0.65,0.02,3,1,48.0,0,0,250,38,212,213,0.852,38,1.0,38,1.0,175,0.8255,75,175,212,0
0.65,0.02,3,2,48.0,0,0,250,38,212,213,0.852,38,1.0,38,1.0,175,0.8255,75,175,212,0
0.65,0.05,1,1,12.0,0,0,250,38,212,213,0.852,38,1.0,38,1.0,175,0.8255,75,210,212,0
0.65,0.05,1,1,18.0,0,0,250,38,212,213,0.852,38,1.0,38,1.0,175,0.8255,75,210,212,0
0.65,0.05,3,0,48.0,0,0,250,38,212,213,0.852,38,1.0,38,1.0,175,0.8255,75,175,212,0
0.65,0.05,3,1,48.0,0,0,250,38,212,213,0.852,38,1.0,38,1.0,175,0.8255,75,175,212,0
0.65,0.05,3,2,48.0,0,0,250,38,212,213,0.852,38,1.0,38,1.0,175,0.8255,75,175,212,0
0.65,0.1,1,1,12.0,0,0,250,38,212,213,0.852,38,1.0,38,1.0,175,0.8255,75,210,212,0
0.65,0.1,1,1,18.0,0,0,250,38,212,213,0.852,38,1.0,38,1.0,175,0.8255,75,210,212,0
0.65,0.1,3,0,48.0,0,0,250,38,212,213,0.852,38,1.0,38,1.0,175,0.8255,75,175,212,0
0.65,0.1,3,1,48.0,0,0,250,38,212,213,0.852,38,1.0,38,1.0,175,0.8255,75,175,212,0
0.65,0.1,3,2,48.0,0,0,250,38,212,213,0.852,38,1.0,38,1.0,175,0.8255,75,175,212,0
0.65,0.15,1,1,12.0,0,0,250,38,212,213,0.852,38,1.0,38,1.0,175,0.8255,75,210,212,0
0.65,0.15,1,1,18.0,0,0,250,38,212,213,0.852,38,1.0,38,1.0,175,0.8255,75,210,212,0
0.65,0.15,3,0,48.0,0,0,250,38,212,213,0.852,38,1.0,38,1.0,175,0.8255,75,175,212,0
0.65,0.15,3,1,48.0,0,0,250,38,212,213,0.852,38,1.0,38,1.0,175,0.8255,75,175,212,0
0.65,0.15,3,2,48.0,0,0,250,38,212,213,0.852,38,1.0,38,1.0,175,0.8255,75,175,212,0
0.65,0.2,1,1,12.0,0,0,250,38,212,213,0.852,38,1.0,38,1.0,175,0.8255,75,210,212,0
0.65,0.2,1,1,18.0,0,0,250,38,212,213,0.852,38,1.0,38,1.0,175,0.8255,75,210,212,0
0.65,0.2,3,0,48.0,0,0,250,38,212,213,0.852,38,1.0,38,1.0,175,0.8255,75,175,212,0
0.65,0.2,3,1,48.0,0,0,250,38,212,213,0.852,38,1.0,38,1.0,175,0.8255,75,175,212,0
0.65,0.2,3,2,48.0,0,0,250,38,212,213,0.852,38,1.0,38,1.0,175,0.8255,75,175,212,0
0.65,0.25,1,1,12.0,0,0,250,38,212,213,0.852,38,1.0,38,1.0,175,0.8255,75,210,212,0
0.65,0.25,1,1,18.0,0,0,250,38,212,213,0.852,38,1.0,38,1.0,175,0.8255,75,210,212,0
0.65,0.25,3,0,48.0,0,0,250,38,212,213,0.852,38,1.0,38,1.0,175,0.8255,75,175,212,0
0.65,0.25,3,1,48.0,0,0,250,38,212,213,0.852,38,1.0,38,1.0,175,0.8255,75,175,212,0
0.65,0.25,3,2,48.0,0,0,250,38,212,213,0.852,38,1.0,38,1.0,175,0.8255,75,175,212,0
0.65,0.3,1,1,12.0,0,0,250,38,212,213,0.852,38,1.0,38,1.0,175,0.8255,75,210,212,0
0.65,0.3,1,1,18.0,0,0,250,38,212,213,0.852,38,1.0,38,1.0,175,0.8255,75,210,212,0
0.65,0.3,3,0,48.0,0,0,250,38,212,213,0.852,38,1.0,38,1.0,175,0.8255,75,175,212,0
0.65,0.3,3,1,48.0,0,0,250,38,212,213,0.852,38,1.0,38,1.0,175,0.8255,75,175,212,0
0.65,0.3,3,2,48.0,0,0,250,38,212,213,0.852,38,1.0,38,1.0,175,0.8255,75,175,212,0
0.65,0.35,1,1,12.0,0,0,250,38,212,213,0.852,38,1.0,38,1.0,175,0.8255,75,210,212,0
0.65,0.35,1,1,18.0,0,0,250,38,212,213,0.852,38,1.0,38,1.0,175,0.8255,75,210,212,0
0.65,0.35,3,0,48.0,0,0,250,38,212,213,0.852,38,1.0,38,1.0,175,0.8255,75,175,212,0
0.65,0.35,3,1,48.0,0,0,250,38,212,213,0.852,38,1.0,38,1.0,175,0.8255,75,175,212,0
0.65,0.35,3,2,48.0,0,0,250,38,212,213,0.852,38,1.0,38,1.0,175,0.8255,75,175,212,0
0.65,0.4,1,1,12.0,0,0,250,38,212,213,0.852,38,1.0,38,1.0,175,0.8255,75,210,212,0
0.65,0.4,1,1,18.0,0,0,250,38,212,213,0.852,38,1.0,38,1.0,175,0.8255,75,210,212,0
0.65,0.4,3,0,48.0,0,0,250,38,212,213,0.852,38,1.0,38,1.0,175,0.8255,75,175,212,0
0.65,0.4,3,1,48.0,0,0,250,38,212,213,0.852,38,1.0,38,1.0,175,0.8255,75,175,212,0
0.65,0.4,3,2,48.0,0,0,250,38,212,213,0.852,38,1.0,38,1.0,175,0.8255,75,175,212,0
0.7,0.02,1,0,48.0,0,0,250,38,212,213,0.852,38,1.0,38,1.0,175,0.8255,75,175,212,0
0.7,0.02,1,1,48.0,0,0,250,38,212,213,0.852,38,1.0,38,1.0,175,0.8255,75,175,212,0
0.7,0.02,1,2,48.0,0,0,250,38,212,213,0.852,38,1.0,38,1.0,175,0.8255,75,175,212,0
0.7,0.05,1,0,48.0,0,0,250,38,212,213,0.852,38,1.0,38,1.0,175,0.8255,75,175,212,0
0.7,0.05,1,1,48.0,0,0,250,38,212,213,0.852,38,1.0,38,1.0,175,0.8255,75,175,212,0
0.7,0.05,1,2,48.0,0,0,250,38,212,213,0.852,38,1.0,38,1.0,175,0.8255,75,175,212,0
0.7,0.1,1,0,48.0,0,0,250,38,212,213,0.852,38,1.0,38,1.0,175,0.8255,75,175,212,0
0.7,0.1,1,1,48.0,0,0,250,38,212,213,0.852,38,1.0,38,1.0,175,0.8255,75,175,212,0
0.7,0.1,1,2,48.0,0,0,250,38,212,213,0.852,38,1.0,38,1.0,175,0.8255,75,175,212,0
0.7,0.15,1,0,48.0,0,0,250,38,212,213,0.852,38,1.0,38,1.0,175,0.8255,75,175,212,0
0.7,0.15,1,1,48.0,0,0,250,38,212,213,0.852,38,1.0,38,1.0,175,0.8255,75,175,212,0
0.7,0.15,1,2,48.0,0,0,250,38,212,213,0.852,38,1.0,38,1.0,175,0.8255,75,175,212,0
0.7,0.2,1,0,48.0,0,0,250,38,212,213,0.852,38,1.0,38,1.0,175,0.8255,75,175,212,0
0.7,0.2,1,1,48.0,0,0,250,38,212,213,0.852,38,1.0,38,1.0,175,0.8255,75,175,212,0
0.7,0.2,1,2,48.0,0,0,250,38,212,213,0.852,38,1.0,38,1.0,175,0.8255,75,175,212,0
0.7,0.25,1,0,48.0,0,0,250,38,212,213,0.852,38,1.0,38,1.0,175,0.8255,75,175,212,0
0.7,0.25,1,1,48.0,0,0,250,38,212,213,0.852,38,1.0,38,1.0,175,0.8255,75,175,212,0
0.7,0.25,1,2,48.0,0,0,250,38,212,213,0.852,38,1.0,38,1.0,175,0.8255,75,175,212,0
0.7,0.3,1,0,48.0,0,0,250,38,212,213,0.852,38,1.0,38,1.0,175,0.8255,75,175,212,0
0.7,0.3,1,1,48.0,0,0,250,38,212,213,0.852,38,1.0,38,1.0,175,0.8255,75,175,212,0
0.7,0.3,1,2,48.0,0,0,250,38,212,213,0.852,38,1.0,38,1.0,175,0.8255,75,175,212,0
0.7,0.35,1,0,48.0,0,0,250,38,212,213,0.852,38,1.0,38,1.0,175,0.8255,75,175,212,0
0.7,0.35,1,1,48.0,0,0,250,38,212,213,0.852,38,1.0,38,1.0,175,0.8255,75,175,212,0
0.7,0.35,1,2,48.0,0,0,250,38,212,213,0.852,38,1.0,38,1.0,175,0.8255,75,175,212,0
0.7,0.4,1,0,48.0,0,0,250,38,212,213,0.852,38,1.0,38,1.0,175,0.8255,75,175,212,0
0.7,0.4,1,1,48.0,0,0,250,38,212,213,0.852,38,1.0,38,1.0,175,0.8255,75,175,212,0
0.7,0.4,1,2,48.0,0,0,250,38,212,213,0.852,38,1.0,38,1.0,175,0.8255,75,175,212,0
0.75,0.02,1,0,48.0,0,0,250,38,212,213,0.852,38,1.0,38,1.0,175,0.8255,75,175,212,0
0.75,0.02,1,1,48.0,0,0,250,38,212,213,0.852,38,1.0,38,1.0,175,0.8255,75,175,212,0
0.75,0.02,1,2,48.0,0,0,250,38,212,213,0.852,38,1.0,38,1.0,175,0.8255,75,175,212,0
0.75,0.05,1,0,48.0,0,0,250,38,212,213,0.852,38,1.0,38,1.0,175,0.8255,75,175,212,0
0.75,0.05,1,1,48.0,0,0,250,38,212,213,0.852,38,1.0,38,1.0,175,0.8255,75,175,212,0
0.75,0.05,1,2,48.0,0,0,250,38,212,213,0.852,38,1.0,38,1.0,175,0.8255,75,175,212,0
0.75,0.1,1,0,48.0,0,0,250,38,212,213,0.852,38,1.0,38,1.0,175,0.8255,75,175,212,0
0.75,0.1,1,1,48.0,0,0,250,38,212,213,0.852,38,1.0,38,1.0,175,0.8255,75,175,212,0
0.75,0.1,1,2,48.0,0,0,250,38,212,213,0.852,38,1.0,38,1.0,175,0.8255,75,175,212,0
0.75,0.15,1,0,48.0,0,0,250,38,212,213,0.852,38,1.0,38,1.0,175,0.8255,75,175,212,0
0.75,0.15,1,1,48.0,0,0,250,38,212,213,0.852,38,1.0,38,1.0,175,0.8255,75,175,212,0
0.75,0.15,1,2,48.0,0,0,250,38,212,213,0.852,38,1.0,38,1.0,175,0.8255,75,175,212,0
0.75,0.2,1,0,48.0,0,0,250,38,212,213,0.852,38,1.0,38,1.0,175,0.8255,75,175,212,0
0.75,0.2,1,1,48.0,0,0,250,38,212,213,0.852,38,1.0,38,1.0,175,0.8255,75,175,212,0
0.75,0.2,1,2,48.0,0,0,250,38,212,213,0.852,38,1.0,38,1.0,175,0.8255,75,175,212,0
0.75,0.25,1,0,48.0,0,0,250,38,212,213,0.852,38,1.0,38,1.0,175,0.8255,75,175,212,0
0.75,0.25,1,1,48.0,0,0,250,38,212,213,0.852,38,1.0,38,1.0,175,0.8255,75,175,212,0
0.75,0.25,1,2,48.0,0,0,250,38,212,213,0.852,38,1.0,38,1.0,175,0.8255,75,175,212,0
0.75,0.3,1,0,48.0,0,0,250,38,212,213,0.852,38,1.0,38,1.0,175,0.8255,75,175,212,0
0.75,0.3,1,1,48.0,0,0,250,38,212,213,0.852,38,1.0,38,1.0,175,0.8255,75,175,212,0
0.75,0.3,1,2,48.0,0,0,250,38,212,213,0.852,38,1.0,38,1.0,175,0.8255,75,175,212,0
0.75,0.35,1,0,48.0,0,0,250,38,212,213,0.852,38,1.0,38,1.0,175,0.8255,75,175,212,0
0.75,0.35,1,1,48.0,0,0,250,38,212,213,0.852,38,1.0,38,1.0,175,0.8255,75,175,212,0
0.75,0.35,1,2,48.0,0,0,250,38,212,213,0.852,38,1.0,38,1.0,175,0.8255,75,175,212,0
0.75,0.4,1,0,48.0,0,0,250,38,212,213,0.852,38,1.0,38,1.0,175,0.8255,75,175,212,0
0.75,0.4,1,1,48.0,0,0,250,38,212,213,0.852,38,1.0,38,1.0,175,0.8255,75,175,212,0
0.75,0.4,1,2,48.0,0,0,250,38,212,213,0.852,38,1.0,38,1.0,175,0.8255,75,175,212,0
0.55,0.02,3,2,24.0,0,0,250,38,212,213,0.852,37,0.9737,37,0.9737,176,0.8302,73,213,213,1
0.55,0.02,3,2,32.0,0,0,250,38,212,213,0.852,37,0.9737,37,0.9737,176,0.8302,73,213,213,1
0.55,0.05,3,2,24.0,0,0,250,38,212,213,0.852,37,0.9737,37,0.9737,176,0.8302,73,213,213,1
0.55,0.05,3,2,32.0,0,0,250,38,212,213,0.852,37,0.9737,37,0.9737,176,0.8302,73,213,213,1
0.55,0.1,3,2,24.0,0,0,250,38,212,213,0.852,37,0.9737,37,0.9737,176,0.8302,73,213,213,1
0.55,0.1,3,2,32.0,0,0,250,38,212,213,0.852,37,0.9737,37,0.9737,176,0.8302,73,213,213,1
0.55,0.15,3,2,24.0,0,0,250,38,212,213,0.852,37,0.9737,37,0.9737,176,0.8302,73,213,213,1
0.55,0.15,3,2,32.0,0,0,250,38,212,213,0.852,37,0.9737,37,0.9737,176,0.8302,73,213,213,1
0.55,0.2,3,2,24.0,0,0,250,38,212,213,0.852,37,0.9737,37,0.9737,176,0.8302,73,213,213,1
0.55,0.2,3,2,32.0,0,0,250,38,212,213,0.852,37,0.9737,37,0.9737,176,0.8302,73,213,213,1
0.55,0.25,3,2,24.0,0,0,250,38,212,213,0.852,37,0.9737,37,0.9737,176,0.8302,73,213,213,1
0.55,0.25,3,2,32.0,0,0,250,38,212,213,0.852,37,0.9737,37,0.9737,176,0.8302,73,213,213,1
0.55,0.3,3,2,24.0,0,0,250,38,212,213,0.852,37,0.9737,37,0.9737,176,0.8302,73,213,213,1
0.55,0.3,3,2,32.0,0,0,250,38,212,213,0.852,37,0.9737,37,0.9737,176,0.8302,73,213,213,1
0.55,0.35,3,2,24.0,0,0,250,38,212,213,0.852,37,0.9737,37,0.9737,176,0.8302,73,213,213,1
0.55,0.35,3,2,32.0,0,0,250,38,212,213,0.852,37,0.9737,37,0.9737,176,0.8302,73,213,213,1
0.55,0.4,3,2,24.0,0,0,250,38,212,213,0.852,37,0.9737,37,0.9737,176,0.8302,73,213,213,1
0.55,0.4,3,2,32.0,0,0,250,38,212,213,0.852,37,0.9737,37,0.9737,176,0.8302,73,213,213,1
0.85,0.02,2,0,12.0,0,0,250,38,212,213,0.852,30,0.7895,30,0.7895,183,0.8632,59,220,220,8
0.85,0.02,2,0,18.0,0,0,250,38,212,213,0.852,30,0.7895,30,0.7895,183,0.8632,59,220,220,8
0.85,0.02,2,0,24.0,0,0,250,38,212,213,0.852,30,0.7895,30,0.7895,183,0.8632,59,220,220,8
0.85,0.02,2,0,32.0,0,0,250,38,212,213,0.852,30,0.7895,30,0.7895,183,0.8632,59,220,220,8
0.85,0.02,2,1,12.0,0,0,250,38,212,213,0.852,30,0.7895,30,0.7895,183,0.8632,59,220,220,8
0.85,0.02,2,1,18.0,0,0,250,38,212,213,0.852,30,0.7895,30,0.7895,183,0.8632,59,220,220,8
0.85,0.02,2,1,24.0,0,0,250,38,212,213,0.852,30,0.7895,30,0.7895,183,0.8632,59,220,220,8
0.85,0.02,2,1,32.0,0,0,250,38,212,213,0.852,30,0.7895,30,0.7895,183,0.8632,59,220,220,8
0.85,0.02,2,2,12.0,0,0,250,38,212,213,0.852,30,0.7895,30,0.7895,183,0.8632,59,220,220,8
0.85,0.02,2,2,18.0,0,0,250,38,212,213,0.852,30,0.7895,30,0.7895,183,0.8632,59,220,220,8
0.85,0.02,2,2,24.0,0,0,250,38,212,213,0.852,30,0.7895,30,0.7895,183,0.8632,59,220,220,8
0.85,0.02,2,2,32.0,0,0,250,38,212,213,0.852,30,0.7895,30,0.7895,183,0.8632,59,220,220,8
0.85,0.05,2,0,12.0,0,0,250,38,212,213,0.852,30,0.7895,30,0.7895,183,0.8632,59,220,220,8
0.85,0.05,2,0,18.0,0,0,250,38,212,213,0.852,30,0.7895,30,0.7895,183,0.8632,59,220,220,8
0.85,0.05,2,0,24.0,0,0,250,38,212,213,0.852,30,0.7895,30,0.7895,183,0.8632,59,220,220,8
0.85,0.05,2,0,32.0,0,0,250,38,212,213,0.852,30,0.7895,30,0.7895,183,0.8632,59,220,220,8
0.85,0.05,2,1,12.0,0,0,250,38,212,213,0.852,30,0.7895,30,0.7895,183,0.8632,59,220,220,8
0.85,0.05,2,1,18.0,0,0,250,38,212,213,0.852,30,0.7895,30,0.7895,183,0.8632,59,220,220,8
0.85,0.05,2,1,24.0,0,0,250,38,212,213,0.852,30,0.7895,30,0.7895,183,0.8632,59,220,220,8
0.85,0.05,2,1,32.0,0,0,250,38,212,213,0.852,30,0.7895,30,0.7895,183,0.8632,59,220,220,8
0.85,0.05,2,2,12.0,0,0,250,38,212,213,0.852,30,0.7895,30,0.7895,183,0.8632,59,220,220,8
0.85,0.05,2,2,18.0,0,0,250,38,212,213,0.852,30,0.7895,30,0.7895,183,0.8632,59,220,220,8
0.85,0.05,2,2,24.0,0,0,250,38,212,213,0.852,30,0.7895,30,0.7895,183,0.8632,59,220,220,8
0.85,0.05,2,2,32.0,0,0,250,38,212,213,0.852,30,0.7895,30,0.7895,183,0.8632,59,220,220,8
0.85,0.1,2,0,12.0,0,0,250,38,212,213,0.852,30,0.7895,30,0.7895,183,0.8632,59,220,220,8
0.85,0.1,2,0,18.0,0,0,250,38,212,213,0.852,30,0.7895,30,0.7895,183,0.8632,59,220,220,8
0.85,0.1,2,0,24.0,0,0,250,38,212,213,0.852,30,0.7895,30,0.7895,183,0.8632,59,220,220,8
0.85,0.1,2,0,32.0,0,0,250,38,212,213,0.852,30,0.7895,30,0.7895,183,0.8632,59,220,220,8
0.85,0.1,2,1,12.0,0,0,250,38,212,213,0.852,30,0.7895,30,0.7895,183,0.8632,59,220,220,8
0.85,0.1,2,1,18.0,0,0,250,38,212,213,0.852,30,0.7895,30,0.7895,183,0.8632,59,220,220,8
0.85,0.1,2,1,24.0,0,0,250,38,212,213,0.852,30,0.7895,30,0.7895,183,0.8632,59,220,220,8
0.85,0.1,2,1,32.0,0,0,250,38,212,213,0.852,30,0.7895,30,0.7895,183,0.8632,59,220,220,8
0.85,0.1,2,2,12.0,0,0,250,38,212,213,0.852,30,0.7895,30,0.7895,183,0.8632,59,220,220,8
0.85,0.1,2,2,18.0,0,0,250,38,212,213,0.852,30,0.7895,30,0.7895,183,0.8632,59,220,220,8
0.85,0.1,2,2,24.0,0,0,250,38,212,213,0.852,30,0.7895,30,0.7895,183,0.8632,59,220,220,8
0.85,0.1,2,2,32.0,0,0,250,38,212,213,0.852,30,0.7895,30,0.7895,183,0.8632,59,220,220,8
0.85,0.15,2,0,12.0,0,0,250,38,212,213,0.852,30,0.7895,30,0.7895,183,0.8632,59,220,220,8
0.85,0.15,2,0,18.0,0,0,250,38,212,213,0.852,30,0.7895,30,0.7895,183,0.8632,59,220,220,8
0.85,0.15,2,0,24.0,0,0,250,38,212,213,0.852,30,0.7895,30,0.7895,183,0.8632,59,220,220,8
0.85,0.15,2,0,32.0,0,0,250,38,212,213,0.852,30,0.7895,30,0.7895,183,0.8632,59,220,220,8
0.85,0.15,2,1,12.0,0,0,250,38,212,213,0.852,30,0.7895,30,0.7895,183,0.8632,59,220,220,8
0.85,0.15,2,1,18.0,0,0,250,38,212,213,0.852,30,0.7895,30,0.7895,183,0.8632,59,220,220,8
0.85,0.15,2,1,24.0,0,0,250,38,212,213,0.852,30,0.7895,30,0.7895,183,0.8632,59,220,220,8
0.85,0.15,2,1,32.0,0,0,250,38,212,213,0.852,30,0.7895,30,0.7895,183,0.8632,59,220,220,8
0.85,0.15,2,2,12.0,0,0,250,38,212,213,0.852,30,0.7895,30,0.7895,183,0.8632,59,220,220,8
0.85,0.15,2,2,18.0,0,0,250,38,212,213,0.852,30,0.7895,30,0.7895,183,0.8632,59,220,220,8
0.85,0.15,2,2,24.0,0,0,250,38,212,213,0.852,30,0.7895,30,0.7895,183,0.8632,59,220,220,8
0.85,0.15,2,2,32.0,0,0,250,38,212,213,0.852,30,0.7895,30,0.7895,183,0.8632,59,220,220,8
0.85,0.2,2,0,12.0,0,0,250,38,212,213,0.852,30,0.7895,30,0.7895,183,0.8632,59,220,220,8
0.85,0.2,2,0,18.0,0,0,250,38,212,213,0.852,30,0.7895,30,0.7895,183,0.8632,59,220,220,8
0.85,0.2,2,0,24.0,0,0,250,38,212,213,0.852,30,0.7895,30,0.7895,183,0.8632,59,220,220,8
0.85,0.2,2,0,32.0,0,0,250,38,212,213,0.852,30,0.7895,30,0.7895,183,0.8632,59,220,220,8
0.85,0.2,2,1,12.0,0,0,250,38,212,213,0.852,30,0.7895,30,0.7895,183,0.8632,59,220,220,8
0.85,0.2,2,1,18.0,0,0,250,38,212,213,0.852,30,0.7895,30,0.7895,183,0.8632,59,220,220,8
0.85,0.2,2,1,24.0,0,0,250,38,212,213,0.852,30,0.7895,30,0.7895,183,0.8632,59,220,220,8
0.85,0.2,2,1,32.0,0,0,250,38,212,213,0.852,30,0.7895,30,0.7895,183,0.8632,59,220,220,8
0.85,0.2,2,2,12.0,0,0,250,38,212,213,0.852,30,0.7895,30,0.7895,183,0.8632,59,220,220,8
0.85,0.2,2,2,18.0,0,0,250,38,212,213,0.852,30,0.7895,30,0.7895,183,0.8632,59,220,220,8
0.85,0.2,2,2,24.0,0,0,250,38,212,213,0.852,30,0.7895,30,0.7895,183,0.8632,59,220,220,8
0.85,0.2,2,2,32.0,0,0,250,38,212,213,0.852,30,0.7895,30,0.7895,183,0.8632,59,220,220,8
0.85,0.25,2,0,12.0,0,0,250,38,212,213,0.852,30,0.7895,30,0.7895,183,0.8632,59,220,220,8
0.85,0.25,2,0,18.0,0,0,250,38,212,213,0.852,30,0.7895,30,0.7895,183,0.8632,59,220,220,8
0.85,0.25,2,0,24.0,0,0,250,38,212,213,0.852,30,0.7895,30,0.7895,183,0.8632,59,220,220,8
0.85,0.25,2,0,32.0,0,0,250,38,212,213,0.852,30,0.7895,30,0.7895,183,0.8632,59,220,220,8
0.85,0.25,2,1,12.0,0,0,250,38,212,213,0.852,30,0.7895,30,0.7895,183,0.8632,59,220,220,8
0.85,0.25,2,1,18.0,0,0,250,38,212,213,0.852,30,0.7895,30,0.7895,183,0.8632,59,220,220,8
0.85,0.25,2,1,24.0,0,0,250,38,212,213,0.852,30,0.7895,30,0.7895,183,0.8632,59,220,220,8
0.85,0.25,2,1,32.0,0,0,250,38,212,213,0.852,30,0.7895,30,0.7895,183,0.8632,59,220,220,8
0.85,0.25,2,2,12.0,0,0,250,38,212,213,0.852,30,0.7895,30,0.7895,183,0.8632,59,220,220,8
0.85,0.25,2,2,18.0,0,0,250,38,212,213,0.852,30,0.7895,30,0.7895,183,0.8632,59,220,220,8
0.85,0.25,2,2,24.0,0,0,250,38,212,213,0.852,30,0.7895,30,0.7895,183,0.8632,59,220,220,8
0.85,0.25,2,2,32.0,0,0,250,38,212,213,0.852,30,0.7895,30,0.7895,183,0.8632,59,220,220,8
0.85,0.3,2,0,12.0,0,0,250,38,212,213,0.852,30,0.7895,30,0.7895,183,0.8632,59,220,220,8
0.85,0.3,2,0,18.0,0,0,250,38,212,213,0.852,30,0.7895,30,0.7895,183,0.8632,59,220,220,8
0.85,0.3,2,0,24.0,0,0,250,38,212,213,0.852,30,0.7895,30,0.7895,183,0.8632,59,220,220,8
0.85,0.3,2,0,32.0,0,0,250,38,212,213,0.852,30,0.7895,30,0.7895,183,0.8632,59,220,220,8
0.85,0.3,2,1,12.0,0,0,250,38,212,213,0.852,30,0.7895,30,0.7895,183,0.8632,59,220,220,8
0.85,0.3,2,1,18.0,0,0,250,38,212,213,0.852,30,0.7895,30,0.7895,183,0.8632,59,220,220,8
0.85,0.3,2,1,24.0,0,0,250,38,212,213,0.852,30,0.7895,30,0.7895,183,0.8632,59,220,220,8
0.85,0.3,2,1,32.0,0,0,250,38,212,213,0.852,30,0.7895,30,0.7895,183,0.8632,59,220,220,8
0.85,0.3,2,2,12.0,0,0,250,38,212,213,0.852,30,0.7895,30,0.7895,183,0.8632,59,220,220,8
0.85,0.3,2,2,18.0,0,0,250,38,212,213,0.852,30,0.7895,30,0.7895,183,0.8632,59,220,220,8
0.85,0.3,2,2,24.0,0,0,250,38,212,213,0.852,30,0.7895,30,0.7895,183,0.8632,59,220,220,8
0.85,0.3,2,2,32.0,0,0,250,38,212,213,0.852,30,0.7895,30,0.7895,183,0.8632,59,220,220,8
0.85,0.35,2,0,12.0,0,0,250,38,212,213,0.852,30,0.7895,30,0.7895,183,0.8632,59,220,220,8
0.85,0.35,2,0,18.0,0,0,250,38,212,213,0.852,30,0.7895,30,0.7895,183,0.8632,59,220,220,8
0.85,0.35,2,0,24.0,0,0,250,38,212,213,0.852,30,0.7895,30,0.7895,183,0.8632,59,220,220,8
0.85,0.35,2,0,32.0,0,0,250,38,212,213,0.852,30,0.7895,30,0.7895,183,0.8632,59,220,220,8
0.85,0.35,2,1,12.0,0,0,250,38,212,213,0.852,30,0.7895,30,0.7895,183,0.8632,59,220,220,8
0.85,0.35,2,1,18.0,0,0,250,38,212,213,0.852,30,0.7895,30,0.7895,183,0.8632,59,220,220,8
0.85,0.35,2,1,24.0,0,0,250,38,212,213,0.852,30,0.7895,30,0.7895,183,0.8632,59,220,220,8
0.85,0.35,2,1,32.0,0,0,250,38,212,213,0.852,30,0.7895,30,0.7895,183,0.8632,59,220,220,8
0.85,0.35,2,2,12.0,0,0,250,38,212,213,0.852,30,0.7895,30,0.7895,183,0.8632,59,220,220,8
0.85,0.35,2,2,18.0,0,0,250,38,212,213,0.852,30,0.7895,30,0.7895,183,0.8632,59,220,220,8
0.85,0.35,2,2,24.0,0,0,250,38,212,213,0.852,30,0.7895,30,0.7895,183,0.8632,59,220,220,8
0.85,0.35,2,2,32.0,0,0,250,38,212,213,0.852,30,0.7895,30,0.7895,183,0.8632,59,220,220,8
0.85,0.4,2,0,12.0,0,0,250,38,212,213,0.852,30,0.7895,30,0.7895,183,0.8632,59,220,220,8
0.85,0.4,2,0,18.0,0,0,250,38,212,213,0.852,30,0.7895,30,0.7895,183,0.8632,59,220,220,8
0.85,0.4,2,0,24.0,0,0,250,38,212,213,0.852,30,0.7895,30,0.7895,183,0.8632,59,220,220,8
0.85,0.4,2,0,32.0,0,0,250,38,212,213,0.852,30,0.7895,30,0.7895,183,0.8632,59,220,220,8
0.85,0.4,2,1,12.0,0,0,250,38,212,213,0.852,30,0.7895,30,0.7895,183,0.8632,59,220,220,8
0.85,0.4,2,1,18.0,0,0,250,38,212,213,0.852,30,0.7895,30,0.7895,183,0.8632,59,220,220,8
0.85,0.4,2,1,24.0,0,0,250,38,212,213,0.852,30,0.7895,30,0.7895,183,0.8632,59,220,220,8
0.85,0.4,2,1,32.0,0,0,250,38,212,213,0.852,30,0.7895,30,0.7895,183,0.8632,59,220,220,8
0.85,0.4,2,2,12.0,0,0,250,38,212,213,0.852,30,0.7895,30,0.7895,183,0.8632,59,220,220,8
0.85,0.4,2,2,18.0,0,0,250,38,212,213,0.852,30,0.7895,30,0.7895,183,0.8632,59,220,220,8
0.85,0.4,2,2,24.0,0,0,250,38,212,213,0.852,30,0.7895,30,0.7895,183,0.8632,59,220,220,8
0.85,0.4,2,2,32.0,0,0,250,38,212,213,0.852,30,0.7895,30,0.7895,183,0.8632,59,220,220,8
0.45,0.45,2,0,12.0,0,0,250,38,212,212,0.848,38,1.0,38,1.0,174,0.8208,76,209,212,0
0.45,0.45,2,0,18.0,0,0,250,38,212,212,0.848,38,1.0,38,1.0,174,0.8208,76,209,212,0
0.5,0.45,2,1,24.0,0,0,250,38,212,212,0.848,38,1.0,38,1.0,174,0.8208,76,209,212,0
0.5,0.45,2,1,32.0,0,0,250,38,212,212,0.848,38,1.0,38,1.0,174,0.8208,76,209,212,0
0.5,0.45,2,1,48.0,0,0,250,38,212,212,0.848,38,1.0,38,1.0,174,0.8208,76,209,212,0
0.5,0.45,2,2,24.0,0,0,250,38,212,212,0.848,38,1.0,38,1.0,174,0.8208,76,209,212,0
0.5,0.45,2,2,32.0,0,0,250,38,212,212,0.848,38,1.0,38,1.0,174,0.8208,76,209,212,0
0.5,0.45,2,2,48.0,0,0,250,38,212,212,0.848,38,1.0,38,1.0,174,0.8208,76,209,212,0
0.5,0.5,1,0,24.0,0,0,250,38,212,212,0.848,38,1.0,38,1.0,174,0.8208,76,208,212,0
0.5,0.5,1,0,32.0,0,0,250,38,212,212,0.848,38,1.0,38,1.0,174,0.8208,76,208,212,0
0.5,0.5,1,0,48.0,0,0,250,38,212,212,0.848,38,1.0,38,1.0,174,0.8208,76,208,212,0
0.5,0.5,1,1,24.0,0,0,250,38,212,212,0.848,38,1.0,38,1.0,174,0.8208,76,208,212,0
0.5,0.5,1,1,32.0,0,0,250,38,212,212,0.848,38,1.0,38,1.0,174,0.8208,76,208,212,0
0.5,0.5,1,1,48.0,0,0,250,38,212,212,0.848,38,1.0,38,1.0,174,0.8208,76,208,212,0
0.5,0.5,1,2,24.0,0,0,250,38,212,212,0.848,38,1.0,38,1.0,174,0.8208,76,208,212,0
0.5,0.5,1,2,32.0,0,0,250,38,212,212,0.848,38,1.0,38,1.0,174,0.8208,76,208,212,0
0.5,0.5,1,2,48.0,0,0,250,38,212,212,0.848,38,1.0,38,1.0,174,0.8208,76,208,212,0
0.55,0.02,2,1,24.0,0,0,250,38,212,212,0.848,38,1.0,38,1.0,174,0.8208,76,211,212,0
0.55,0.02,2,1,32.0,0,0,250,38,212,212,0.848,38,1.0,38,1.0,174,0.8208,76,211,212,0
0.55,0.05,2,1,24.0,0,0,250,38,212,212,0.848,38,1.0,38,1.0,174,0.8208,76,211,212,0
0.55,0.05,2,1,32.0,0,0,250,38,212,212,0.848,38,1.0,38,1.0,174,0.8208,76,211,212,0
0.55,0.1,2,1,24.0,0,0,250,38,212,212,0.848,38,1.0,38,1.0,174,0.8208,76,211,212,0
0.55,0.1,2,1,32.0,0,0,250,38,212,212,0.848,38,1.0,38,1.0,174,0.8208,76,211,212,0
0.55,0.15,2,1,24.0,0,0,250,38,212,212,0.848,38,1.0,38,1.0,174,0.8208,76,211,212,0
0.55,0.15,2,1,32.0,0,0,250,38,212,212,0.848,38,1.0,38,1.0,174,0.8208,76,211,212,0
0.55,0.2,2,1,24.0,0,0,250,38,212,212,0.848,38,1.0,38,1.0,174,0.8208,76,211,212,0
0.55,0.2,2,1,32.0,0,0,250,38,212,212,0.848,38,1.0,38,1.0,174,0.8208,76,211,212,0
0.55,0.25,2,1,24.0,0,0,250,38,212,212,0.848,38,1.0,38,1.0,174,0.8208,76,211,212,0
0.55,0.25,2,1,32.0,0,0,250,38,212,212,0.848,38,1.0,38,1.0,174,0.8208,76,211,212,0
0.55,0.3,2,1,24.0,0,0,250,38,212,212,0.848,38,1.0,38,1.0,174,0.8208,76,211,212,0
0.55,0.3,2,1,32.0,0,0,250,38,212,212,0.848,38,1.0,38,1.0,174,0.8208,76,211,212,0
0.55,0.35,2,1,24.0,0,0,250,38,212,212,0.848,38,1.0,38,1.0,174,0.8208,76,211,212,0
0.55,0.35,2,1,32.0,0,0,250,38,212,212,0.848,38,1.0,38,1.0,174,0.8208,76,211,212,0
0.55,0.4,2,1,24.0,0,0,250,38,212,212,0.848,38,1.0,38,1.0,174,0.8208,76,211,212,0
0.55,0.4,2,1,32.0,0,0,250,38,212,212,0.848,38,1.0,38,1.0,174,0.8208,76,211,212,0
0.6,0.02,1,2,24.0,0,0,250,38,212,212,0.848,38,1.0,38,1.0,174,0.8208,76,211,212,0
0.6,0.02,1,2,32.0,0,0,250,38,212,212,0.848,38,1.0,38,1.0,174,0.8208,76,211,212,0
0.6,0.02,2,0,24.0,0,0,250,38,212,212,0.848,38,1.0,38,1.0,174,0.8208,76,210,212,0
0.6,0.02,2,0,32.0,0,0,250,38,212,212,0.848,38,1.0,38,1.0,174,0.8208,76,210,212,0
0.6,0.05,1,2,24.0,0,0,250,38,212,212,0.848,38,1.0,38,1.0,174,0.8208,76,211,212,0
0.6,0.05,1,2,32.0,0,0,250,38,212,212,0.848,38,1.0,38,1.0,174,0.8208,76,211,212,0
0.6,0.05,2,0,24.0,0,0,250,38,212,212,0.848,38,1.0,38,1.0,174,0.8208,76,210,212,0
0.6,0.05,2,0,32.0,0,0,250,38,212,212,0.848,38,1.0,38,1.0,174,0.8208,76,210,212,0
0.6,0.1,1,2,24.0,0,0,250,38,212,212,0.848,38,1.0,38,1.0,174,0.8208,76,211,212,0
0.6,0.1,1,2,32.0,0,0,250,38,212,212,0.848,38,1.0,38,1.0,174,0.8208,76,211,212,0
0.6,0.1,2,0,24.0,0,0,250,38,212,212,0.848,38,1.0,38,1.0,174,0.8208,76,210,212,0
0.6,0.1,2,0,32.0,0,0,250,38,212,212,0.848,38,1.0,38,1.0,174,0.8208,76,210,212,0
0.6,0.15,1,2,24.0,0,0,250,38,212,212,0.848,38,1.0,38,1.0,174,0.8208,76,211,212,0
0.6,0.15,1,2,32.0,0,0,250,38,212,212,0.848,38,1.0,38,1.0,174,0.8208,76,211,212,0
0.6,0.15,2,0,24.0,0,0,250,38,212,212,0.848,38,1.0,38,1.0,174,0.8208,76,210,212,0
0.6,0.15,2,0,32.0,0,0,250,38,212,212,0.848,38,1.0,38,1.0,174,0.8208,76,210,212,0
0.6,0.2,1,2,24.0,0,0,250,38,212,212,0.848,38,1.0,38,1.0,174,0.8208,76,211,212,0
0.6,0.2,1,2,32.0,0,0,250,38,212,212,0.848,38,1.0,38,1.0,174,0.8208,76,211,212,0
0.6,0.2,2,0,24.0,0,0,250,38,212,212,0.848,38,1.0,38,1.0,174,0.8208,76,210,212,0
0.6,0.2,2,0,32.0,0,0,250,38,212,212,0.848,38,1.0,38,1.0,174,0.8208,76,210,212,0
0.6,0.25,1,2,24.0,0,0,250,38,212,212,0.848,38,1.0,38,1.0,174,0.8208,76,211,212,0
0.6,0.25,1,2,32.0,0,0,250,38,212,212,0.848,38,1.0,38,1.0,174,0.8208,76,211,212,0
0.6,0.25,2,0,24.0,0,0,250,38,212,212,0.848,38,1.0,38,1.0,174,0.8208,76,210,212,0
0.6,0.25,2,0,32.0,0,0,250,38,212,212,0.848,38,1.0,38,1.0,174,0.8208,76,210,212,0
0.6,0.3,1,2,24.0,0,0,250,38,212,212,0.848,38,1.0,38,1.0,174,0.8208,76,211,212,0
0.6,0.3,1,2,32.0,0,0,250,38,212,212,0.848,38,1.0,38,1.0,174,0.8208,76,211,212,0
0.6,0.3,2,0,24.0,0,0,250,38,212,212,0.848,38,1.0,38,1.0,174,0.8208,76,210,212,0
0.6,0.3,2,0,32.0,0,0,250,38,212,212,0.848,38,1.0,38,1.0,174,0.8208,76,210,212,0
0.6,0.35,1,2,24.0,0,0,250,38,212,212,0.848,38,1.0,38,1.0,174,0.8208,76,211,212,0
0.6,0.35,1,2,32.0,0,0,250,38,212,212,0.848,38,1.0,38,1.0,174,0.8208,76,211,212,0
0.6,0.35,2,0,24.0,0,0,250,38,212,212,0.848,38,1.0,38,1.0,174,0.8208,76,210,212,0
0.6,0.35,2,0,32.0,0,0,250,38,212,212,0.848,38,1.0,38,1.0,174,0.8208,76,210,212,0
0.6,0.4,1,2,24.0,0,0,250,38,212,212,0.848,38,1.0,38,1.0,174,0.8208,76,211,212,0
0.6,0.4,1,2,32.0,0,0,250,38,212,212,0.848,38,1.0,38,1.0,174,0.8208,76,211,212,0
0.6,0.4,2,0,24.0,0,0,250,38,212,212,0.848,38,1.0,38,1.0,174,0.8208,76,210,212,0
0.6,0.4,2,0,32.0,0,0,250,38,212,212,0.848,38,1.0,38,1.0,174,0.8208,76,210,212,0
0.65,0.02,1,0,12.0,0,0,250,38,212,212,0.848,38,1.0,38,1.0,174,0.8208,76,210,212,0
0.65,0.02,1,0,18.0,0,0,250,38,212,212,0.848,38,1.0,38,1.0,174,0.8208,76,210,212,0
0.65,0.02,1,2,24.0,0,0,250,38,212,212,0.848,38,1.0,38,1.0,174,0.8208,76,211,212,0
0.65,0.02,1,2,32.0,0,0,250,38,212,212,0.848,38,1.0,38,1.0,174,0.8208,76,211,212,0
0.65,0.02,2,0,48.0,0,0,250,38,212,212,0.848,38,1.0,38,1.0,174,0.8208,76,174,212,0
0.65,0.02,2,1,48.0,0,0,250,38,212,212,0.848,38,1.0,38,1.0,174,0.8208,76,174,212,0
0.65,0.02,2,2,48.0,0,0,250,38,212,212,0.848,38,1.0,38,1.0,174,0.8208,76,174,212,0
0.65,0.05,1,0,12.0,0,0,250,38,212,212,0.848,38,1.0,38,1.0,174,0.8208,76,210,212,0
0.65,0.05,1,0,18.0,0,0,250,38,212,212,0.848,38,1.0,38,1.0,174,0.8208,76,210,212,0
0.65,0.05,1,2,24.0,0,0,250,38,212,212,0.848,38,1.0,38,1.0,174,0.8208,76,211,212,0
0.65,0.05,1,2,32.0,0,0,250,38,212,212,0.848,38,1.0,38,1.0,174,0.8208,76,211,212,0
0.65,0.05,2,0,48.0,0,0,250,38,212,212,0.848,38,1.0,38,1.0,174,0.8208,76,174,212,0
0.65,0.05,2,1,48.0,0,0,250,38,212,212,0.848,38,1.0,38,1.0,174,0.8208,76,174,212,0
0.65,0.05,2,2,48.0,0,0,250,38,212,212,0.848,38,1.0,38,1.0,174,0.8208,76,174,212,0
0.65,0.1,1,0,12.0,0,0,250,38,212,212,0.848,38,1.0,38,1.0,174,0.8208,76,210,212,0
0.65,0.1,1,0,18.0,0,0,250,38,212,212,0.848,38,1.0,38,1.0,174,0.8208,76,210,212,0
0.65,0.1,1,2,24.0,0,0,250,38,212,212,0.848,38,1.0,38,1.0,174,0.8208,76,211,212,0
0.65,0.1,1,2,32.0,0,0,250,38,212,212,0.848,38,1.0,38,1.0,174,0.8208,76,211,212,0
0.65,0.1,2,0,48.0,0,0,250,38,212,212,0.848,38,1.0,38,1.0,174,0.8208,76,174,212,0
0.65,0.1,2,1,48.0,0,0,250,38,212,212,0.848,38,1.0,38,1.0,174,0.8208,76,174,212,0
0.65,0.1,2,2,48.0,0,0,250,38,212,212,0.848,38,1.0,38,1.0,174,0.8208,76,174,212,0
0.65,0.15,1,0,12.0,0,0,250,38,212,212,0.848,38,1.0,38,1.0,174,0.8208,76,210,212,0
0.65,0.15,1,0,18.0,0,0,250,38,212,212,0.848,38,1.0,38,1.0,174,0.8208,76,210,212,0
0.65,0.15,1,2,24.0,0,0,250,38,212,212,0.848,38,1.0,38,1.0,174,0.8208,76,211,212,0
0.65,0.15,1,2,32.0,0,0,250,38,212,212,0.848,38,1.0,38,1.0,174,0.8208,76,211,212,0
0.65,0.15,2,0,48.0,0,0,250,38,212,212,0.848,38,1.0,38,1.0,174,0.8208,76,174,212,0
0.65,0.15,2,1,48.0,0,0,250,38,212,212,0.848,38,1.0,38,1.0,174,0.8208,76,174,212,0
0.65,0.15,2,2,48.0,0,0,250,38,212,212,0.848,38,1.0,38,1.0,174,0.8208,76,174,212,0
0.65,0.2,1,0,12.0,0,0,250,38,212,212,0.848,38,1.0,38,1.0,174,0.8208,76,210,212,0
0.65,0.2,1,0,18.0,0,0,250,38,212,212,0.848,38,1.0,38,1.0,174,0.8208,76,210,212,0
0.65,0.2,1,2,24.0,0,0,250,38,212,212,0.848,38,1.0,38,1.0,174,0.8208,76,211,212,0
0.65,0.2,1,2,32.0,0,0,250,38,212,212,0.848,38,1.0,38,1.0,174,0.8208,76,211,212,0
0.65,0.2,2,0,48.0,0,0,250,38,212,212,0.848,38,1.0,38,1.0,174,0.8208,76,174,212,0
0.65,0.2,2,1,48.0,0,0,250,38,212,212,0.848,38,1.0,38,1.0,174,0.8208,76,174,212,0
0.65,0.2,2,2,48.0,0,0,250,38,212,212,0.848,38,1.0,38,1.0,174,0.8208,76,174,212,0
0.65,0.25,1,0,12.0,0,0,250,38,212,212,0.848,38,1.0,38,1.0,174,0.8208,76,210,212,0
0.65,0.25,1,0,18.0,0,0,250,38,212,212,0.848,38,1.0,38,1.0,174,0.8208,76,210,212,0
0.65,0.25,1,2,24.0,0,0,250,38,212,212,0.848,38,1.0,38,1.0,174,0.8208,76,211,212,0
0.65,0.25,1,2,32.0,0,0,250,38,212,212,0.848,38,1.0,38,1.0,174,0.8208,76,211,212,0
0.65,0.25,2,0,48.0,0,0,250,38,212,212,0.848,38,1.0,38,1.0,174,0.8208,76,174,212,0
0.65,0.25,2,1,48.0,0,0,250,38,212,212,0.848,38,1.0,38,1.0,174,0.8208,76,174,212,0
0.65,0.25,2,2,48.0,0,0,250,38,212,212,0.848,38,1.0,38,1.0,174,0.8208,76,174,212,0
0.65,0.3,1,0,12.0,0,0,250,38,212,212,0.848,38,1.0,38,1.0,174,0.8208,76,210,212,0
0.65,0.3,1,0,18.0,0,0,250,38,212,212,0.848,38,1.0,38,1.0,174,0.8208,76,210,212,0
0.65,0.3,1,2,24.0,0,0,250,38,212,212,0.848,38,1.0,38,1.0,174,0.8208,76,211,212,0
0.65,0.3,1,2,32.0,0,0,250,38,212,212,0.848,38,1.0,38,1.0,174,0.8208,76,211,212,0
0.65,0.3,2,0,48.0,0,0,250,38,212,212,0.848,38,1.0,38,1.0,174,0.8208,76,174,212,0
0.65,0.3,2,1,48.0,0,0,250,38,212,212,0.848,38,1.0,38,1.0,174,0.8208,76,174,212,0
0.65,0.3,2,2,48.0,0,0,250,38,212,212,0.848,38,1.0,38,1.0,174,0.8208,76,174,212,0
0.65,0.35,1,0,12.0,0,0,250,38,212,212,0.848,38,1.0,38,1.0,174,0.8208,76,210,212,0
0.65,0.35,1,0,18.0,0,0,250,38,212,212,0.848,38,1.0,38,1.0,174,0.8208,76,210,212,0
0.65,0.35,1,2,24.0,0,0,250,38,212,212,0.848,38,1.0,38,1.0,174,0.8208,76,211,212,0
0.65,0.35,1,2,32.0,0,0,250,38,212,212,0.848,38,1.0,38,1.0,174,0.8208,76,211,212,0
0.65,0.35,2,0,48.0,0,0,250,38,212,212,0.848,38,1.0,38,1.0,174,0.8208,76,174,212,0
0.65,0.35,2,1,48.0,0,0,250,38,212,212,0.848,38,1.0,38,1.0,174,0.8208,76,174,212,0
0.65,0.35,2,2,48.0,0,0,250,38,212,212,0.848,38,1.0,38,1.0,174,0.8208,76,174,212,0
0.65,0.4,1,0,12.0,0,0,250,38,212,212,0.848,38,1.0,38,1.0,174,0.8208,76,210,212,0
0.65,0.4,1,0,18.0,0,0,250,38,212,212,0.848,38,1.0,38,1.0,174,0.8208,76,210,212,0
0.65,0.4,1,2,24.0,0,0,250,38,212,212,0.848,38,1.0,38,1.0,174,0.8208,76,211,212,0
0.65,0.4,1,2,32.0,0,0,250,38,212,212,0.848,38,1.0,38,1.0,174,0.8208,76,211,212,0
0.65,0.4,2,0,48.0,0,0,250,38,212,212,0.848,38,1.0,38,1.0,174,0.8208,76,174,212,0
0.65,0.4,2,1,48.0,0,0,250,38,212,212,0.848,38,1.0,38,1.0,174,0.8208,76,174,212,0
0.65,0.4,2,2,48.0,0,0,250,38,212,212,0.848,38,1.0,38,1.0,174,0.8208,76,174,212,0
0.75,0.02,2,2,24.0,0,0,250,38,212,212,0.848,32,0.8421,32,0.8421,180,0.8491,64,218,218,6
0.75,0.02,2,2,32.0,0,0,250,38,212,212,0.848,32,0.8421,32,0.8421,180,0.8491,64,218,218,6
0.75,0.05,2,2,24.0,0,0,250,38,212,212,0.848,32,0.8421,32,0.8421,180,0.8491,64,218,218,6
0.75,0.05,2,2,32.0,0,0,250,38,212,212,0.848,32,0.8421,32,0.8421,180,0.8491,64,218,218,6
0.75,0.1,2,2,24.0,0,0,250,38,212,212,0.848,32,0.8421,32,0.8421,180,0.8491,64,218,218,6
0.75,0.1,2,2,32.0,0,0,250,38,212,212,0.848,32,0.8421,32,0.8421,180,0.8491,64,218,218,6
0.75,0.15,2,2,24.0,0,0,250,38,212,212,0.848,32,0.8421,32,0.8421,180,0.8491,64,218,218,6
0.75,0.15,2,2,32.0,0,0,250,38,212,212,0.848,32,0.8421,32,0.8421,180,0.8491,64,218,218,6
0.75,0.2,2,2,24.0,0,0,250,38,212,212,0.848,32,0.8421,32,0.8421,180,0.8491,64,218,218,6
0.75,0.2,2,2,32.0,0,0,250,38,212,212,0.848,32,0.8421,32,0.8421,180,0.8491,64,218,218,6
0.75,0.25,2,2,24.0,0,0,250,38,212,212,0.848,32,0.8421,32,0.8421,180,0.8491,64,218,218,6
0.75,0.25,2,2,32.0,0,0,250,38,212,212,0.848,32,0.8421,32,0.8421,180,0.8491,64,218,218,6
0.75,0.3,2,2,24.0,0,0,250,38,212,212,0.848,32,0.8421,32,0.8421,180,0.8491,64,218,218,6
0.75,0.3,2,2,32.0,0,0,250,38,212,212,0.848,32,0.8421,32,0.8421,180,0.8491,64,218,218,6
0.75,0.35,2,2,24.0,0,0,250,38,212,212,0.848,32,0.8421,32,0.8421,180,0.8491,64,218,218,6
0.75,0.35,2,2,32.0,0,0,250,38,212,212,0.848,32,0.8421,32,0.8421,180,0.8491,64,218,218,6
0.75,0.4,2,2,24.0,0,0,250,38,212,212,0.848,32,0.8421,32,0.8421,180,0.8491,64,218,218,6
0.75,0.4,2,2,32.0,0,0,250,38,212,212,0.848,32,0.8421,32,0.8421,180,0.8491,64,218,218,6
0.75,0.02,3,0,24.0,0,0,250,38,212,212,0.848,31,0.8158,31,0.8158,181,0.8538,62,219,219,7
0.75,0.02,3,0,32.0,0,0,250,38,212,212,0.848,31,0.8158,31,0.8158,181,0.8538,62,219,219,7
0.75,0.02,3,1,24.0,0,0,250,38,212,212,0.848,31,0.8158,31,0.8158,181,0.8538,62,219,219,7
0.75,0.02,3,1,32.0,0,0,250,38,212,212,0.848,31,0.8158,31,0.8158,181,0.8538,62,219,219,7
0.75,0.02,3,2,24.0,0,0,250,38,212,212,0.848,31,0.8158,31,0.8158,181,0.8538,62,219,219,7
0.75,0.02,3,2,32.0,0,0,250,38,212,212,0.848,31,0.8158,31,0.8158,181,0.8538,62,219,219,7
0.75,0.05,3,0,24.0,0,0,250,38,212,212,0.848,31,0.8158,31,0.8158,181,0.8538,62,219,219,7
0.75,0.05,3,0,32.0,0,0,250,38,212,212,0.848,31,0.8158,31,0.8158,181,0.8538,62,219,219,7
0.75,0.05,3,1,24.0,0,0,250,38,212,212,0.848,31,0.8158,31,0.8158,181,0.8538,62,219,219,7
0.75,0.05,3,1,32.0,0,0,250,38,212,212,0.848,31,0.8158,31,0.8158,181,0.8538,62,219,219,7
0.75,0.05,3,2,24.0,0,0,250,38,212,212,0.848,31,0.8158,31,0.8158,181,0.8538,62,219,219,7
0.75,0.05,3,2,32.0,0,0,250,38,212,212,0.848,31,0.8158,31,0.8158,181,0.8538,62,219,219,7
0.75,0.1,3,0,24.0,0,0,250,38,212,212,0.848,31,0.8158,31,0.8158,181,0.8538,62,219,219,7
0.75,0.1,3,0,32.0,0,0,250,38,212,212,0.848,31,0.8158,31,0.8158,181,0.8538,62,219,219,7
0.75,0.1,3,1,24.0,0,0,250,38,212,212,0.848,31,0.8158,31,0.8158,181,0.8538,62,219,219,7
0.75,0.1,3,1,32.0,0,0,250,38,212,212,0.848,31,0.8158,31,0.8158,181,0.8538,62,219,219,7
0.75,0.1,3,2,24.0,0,0,250,38,212,212,0.848,31,0.8158,31,0.8158,181,0.8538,62,219,219,7
0.75,0.1,3,2,32.0,0,0,250,38,212,212,0.848,31,0.8158,31,0.8158,181,0.8538,62,219,219,7
0.75,0.15,3,0,24.0,0,0,250,38,212,212,0.848,31,0.8158,31,0.8158,181,0.8538,62,219,219,7
0.75,0.15,3,0,32.0,0,0,250,38,212,212,0.848,31,0.8158,31,0.8158,181,0.8538,62,219,219,7
0.75,0.15,3,1,24.0,0,0,250,38,212,212,0.848,31,0.8158,31,0.8158,181,0.8538,62,219,219,7
0.75,0.15,3,1,32.0,0,0,250,38,212,212,0.848,31,0.8158,31,0.8158,181,0.8538,62,219,219,7
0.75,0.15,3,2,24.0,0,0,250,38,212,212,0.848,31,0.8158,31,0.8158,181,0.8538,62,219,219,7
0.75,0.15,3,2,32.0,0,0,250,38,212,212,0.848,31,0.8158,31,0.8158,181,0.8538,62,219,219,7
0.75,0.2,3,0,24.0,0,0,250,38,212,212,0.848,31,0.8158,31,0.8158,181,0.8538,62,219,219,7
0.75,0.2,3,0,32.0,0,0,250,38,212,212,0.848,31,0.8158,31,0.8158,181,0.8538,62,219,219,7
0.75,0.2,3,1,24.0,0,0,250,38,212,212,0.848,31,0.8158,31,0.8158,181,0.8538,62,219,219,7
0.75,0.2,3,1,32.0,0,0,250,38,212,212,0.848,31,0.8158,31,0.8158,181,0.8538,62,219,219,7
0.75,0.2,3,2,24.0,0,0,250,38,212,212,0.848,31,0.8158,31,0.8158,181,0.8538,62,219,219,7
0.75,0.2,3,2,32.0,0,0,250,38,212,212,0.848,31,0.8158,31,0.8158,181,0.8538,62,219,219,7
0.75,0.25,3,0,24.0,0,0,250,38,212,212,0.848,31,0.8158,31,0.8158,181,0.8538,62,219,219,7
0.75,0.25,3,0,32.0,0,0,250,38,212,212,0.848,31,0.8158,31,0.8158,181,0.8538,62,219,219,7
0.75,0.25,3,1,24.0,0,0,250,38,212,212,0.848,31,0.8158,31,0.8158,181,0.8538,62,219,219,7
0.75,0.25,3,1,32.0,0,0,250,38,212,212,0.848,31,0.8158,31,0.8158,181,0.8538,62,219,219,7
0.75,0.25,3,2,24.0,0,0,250,38,212,212,0.848,31,0.8158,31,0.8158,181,0.8538,62,219,219,7
0.75,0.25,3,2,32.0,0,0,250,38,212,212,0.848,31,0.8158,31,0.8158,181,0.8538,62,219,219,7
0.75,0.3,3,0,24.0,0,0,250,38,212,212,0.848,31,0.8158,31,0.8158,181,0.8538,62,219,219,7
0.75,0.3,3,0,32.0,0,0,250,38,212,212,0.848,31,0.8158,31,0.8158,181,0.8538,62,219,219,7
0.75,0.3,3,1,24.0,0,0,250,38,212,212,0.848,31,0.8158,31,0.8158,181,0.8538,62,219,219,7
0.75,0.3,3,1,32.0,0,0,250,38,212,212,0.848,31,0.8158,31,0.8158,181,0.8538,62,219,219,7
0.75,0.3,3,2,24.0,0,0,250,38,212,212,0.848,31,0.8158,31,0.8158,181,0.8538,62,219,219,7
0.75,0.3,3,2,32.0,0,0,250,38,212,212,0.848,31,0.8158,31,0.8158,181,0.8538,62,219,219,7
0.75,0.35,3,0,24.0,0,0,250,38,212,212,0.848,31,0.8158,31,0.8158,181,0.8538,62,219,219,7
0.75,0.35,3,0,32.0,0,0,250,38,212,212,0.848,31,0.8158,31,0.8158,181,0.8538,62,219,219,7
0.75,0.35,3,1,24.0,0,0,250,38,212,212,0.848,31,0.8158,31,0.8158,181,0.8538,62,219,219,7
0.75,0.35,3,1,32.0,0,0,250,38,212,212,0.848,31,0.8158,31,0.8158,181,0.8538,62,219,219,7
0.75,0.35,3,2,24.0,0,0,250,38,212,212,0.848,31,0.8158,31,0.8158,181,0.8538,62,219,219,7
0.75,0.35,3,2,32.0,0,0,250,38,212,212,0.848,31,0.8158,31,0.8158,181,0.8538,62,219,219,7
0.75,0.4,3,0,24.0,0,0,250,38,212,212,0.848,31,0.8158,31,0.8158,181,0.8538,62,219,219,7
0.75,0.4,3,0,32.0,0,0,250,38,212,212,0.848,31,0.8158,31,0.8158,181,0.8538,62,219,219,7
0.75,0.4,3,1,24.0,0,0,250,38,212,212,0.848,31,0.8158,31,0.8158,181,0.8538,62,219,219,7
0.75,0.4,3,1,32.0,0,0,250,38,212,212,0.848,31,0.8158,31,0.8158,181,0.8538,62,219,219,7
0.75,0.4,3,2,24.0,0,0,250,38,212,212,0.848,31,0.8158,31,0.8158,181,0.8538,62,219,219,7
0.75,0.4,3,2,32.0,0,0,250,38,212,212,0.848,31,0.8158,31,0.8158,181,0.8538,62,219,219,7
0.45,0.45,2,2,12.0,0,0,250,38,212,211,0.844,38,1.0,38,1.0,173,0.816,77,209,212,0
0.45,0.45,2,2,18.0,0,0,250,38,212,211,0.844,38,1.0,38,1.0,173,0.816,77,209,212,0
0.45,0.45,3,1,24.0,0,0,250,38,212,211,0.844,38,1.0,38,1.0,173,0.816,77,210,212,0
0.45,0.45,3,1,32.0,0,0,250,38,212,211,0.844,38,1.0,38,1.0,173,0.816,77,210,212,0
0.45,0.45,3,1,48.0,0,0,250,38,212,211,0.844,38,1.0,38,1.0,173,0.816,77,210,212,0
0.45,0.45,3,2,24.0,0,0,250,38,212,211,0.844,38,1.0,38,1.0,173,0.816,77,210,212,0
0.45,0.45,3,2,32.0,0,0,250,38,212,211,0.844,38,1.0,38,1.0,173,0.816,77,210,212,0
0.45,0.45,3,2,48.0,0,0,250,38,212,211,0.844,38,1.0,38,1.0,173,0.816,77,210,212,0
0.5,0.4,3,1,12.0,0,0,250,38,212,211,0.844,38,1.0,38,1.0,173,0.816,77,212,212,0
0.5,0.4,3,1,18.0,0,0,250,38,212,211,0.844,38,1.0,38,1.0,173,0.816,77,212,212,0
0.5,0.45,1,2,12.0,0,0,250,38,212,211,0.844,38,1.0,38,1.0,173,0.816,77,208,212,0
0.5,0.45,1,2,18.0,0,0,250,38,212,211,0.844,38,1.0,38,1.0,173,0.816,77,208,212,0
0.55,0.02,2,0,24.0,0,0,250,38,212,211,0.844,38,1.0,38,1.0,173,0.816,77,210,212,0
0.55,0.02,2,0,32.0,0,0,250,38,212,211,0.844,38,1.0,38,1.0,173,0.816,77,210,212,0
0.55,0.05,2,0,24.0,0,0,250,38,212,211,0.844,38,1.0,38,1.0,173,0.816,77,210,212,0
0.55,0.05,2,0,32.0,0,0,250,38,212,211,0.844,38,1.0,38,1.0,173,0.816,77,210,212,0
0.55,0.1,2,0,24.0,0,0,250,38,212,211,0.844,38,1.0,38,1.0,173,0.816,77,210,212,0
0.55,0.1,2,0,32.0,0,0,250,38,212,211,0.844,38,1.0,38,1.0,173,0.816,77,210,212,0
0.55,0.15,2,0,24.0,0,0,250,38,212,211,0.844,38,1.0,38,1.0,173,0.816,77,210,212,0
0.55,0.15,2,0,32.0,0,0,250,38,212,211,0.844,38,1.0,38,1.0,173,0.816,77,210,212,0
0.55,0.2,2,0,24.0,0,0,250,38,212,211,0.844,38,1.0,38,1.0,173,0.816,77,210,212,0
0.55,0.2,2,0,32.0,0,0,250,38,212,211,0.844,38,1.0,38,1.0,173,0.816,77,210,212,0
0.55,0.25,2,0,24.0,0,0,250,38,212,211,0.844,38,1.0,38,1.0,173,0.816,77,210,212,0
0.55,0.25,2,0,32.0,0,0,250,38,212,211,0.844,38,1.0,38,1.0,173,0.816,77,210,212,0
0.55,0.3,2,0,24.0,0,0,250,38,212,211,0.844,38,1.0,38,1.0,173,0.816,77,210,212,0
0.55,0.3,2,0,32.0,0,0,250,38,212,211,0.844,38,1.0,38,1.0,173,0.816,77,210,212,0
0.55,0.35,2,0,24.0,0,0,250,38,212,211,0.844,38,1.0,38,1.0,173,0.816,77,210,212,0
0.55,0.35,2,0,32.0,0,0,250,38,212,211,0.844,38,1.0,38,1.0,173,0.816,77,210,212,0
0.55,0.4,2,0,24.0,0,0,250,38,212,211,0.844,38,1.0,38,1.0,173,0.816,77,210,212,0
0.55,0.4,2,0,32.0,0,0,250,38,212,211,0.844,38,1.0,38,1.0,173,0.816,77,210,212,0
0.6,0.02,1,0,12.0,0,0,250,38,212,211,0.844,38,1.0,38,1.0,173,0.816,77,209,212,0
0.6,0.02,1,0,18.0,0,0,250,38,212,211,0.844,38,1.0,38,1.0,173,0.816,77,209,212,0
0.6,0.02,1,1,24.0,0,0,250,38,212,211,0.844,38,1.0,38,1.0,173,0.816,77,210,212,0
0.6,0.02,1,1,32.0,0,0,250,38,212,211,0.844,38,1.0,38,1.0,173,0.816,77,210,212,0
0.6,0.02,3,0,48.0,0,0,250,38,212,211,0.844,38,1.0,38,1.0,173,0.816,77,173,212,0
0.6,0.02,3,1,48.0,0,0,250,38,212,211,0.844,38,1.0,38,1.0,173,0.816,77,173,212,0
0.6,0.02,3,2,48.0,0,0,250,38,212,211,0.844,38,1.0,38,1.0,173,0.816,77,173,212,0
0.6,0.05,1,0,12.0,0,0,250,38,212,211,0.844,38,1.0,38,1.0,173,0.816,77,209,212,0
0.6,0.05,1,0,18.0,0,0,250,38,212,211,0.844,38,1.0,38,1.0,173,0.816,77,209,212,0
0.6,0.05,1,1,24.0,0,0,250,38,212,211,0.844,38,1.0,38,1.0,173,0.816,77,210,212,0
0.6,0.05,1,1,32.0,0,0,250,38,212,211,0.844,38,1.0,38,1.0,173,0.816,77,210,212,0
0.6,0.05,3,0,48.0,0,0,250,38,212,211,0.844,38,1.0,38,1.0,173,0.816,77,173,212,0
0.6,0.05,3,1,48.0,0,0,250,38,212,211,0.844,38,1.0,38,1.0,173,0.816,77,173,212,0
0.6,0.05,3,2,48.0,0,0,250,38,212,211,0.844,38,1.0,38,1.0,173,0.816,77,173,212,0
0.6,0.1,1,0,12.0,0,0,250,38,212,211,0.844,38,1.0,38,1.0,173,0.816,77,209,212,0
0.6,0.1,1,0,18.0,0,0,250,38,212,211,0.844,38,1.0,38,1.0,173,0.816,77,209,212,0
0.6,0.1,1,1,24.0,0,0,250,38,212,211,0.844,38,1.0,38,1.0,173,0.816,77,210,212,0
0.6,0.1,1,1,32.0,0,0,250,38,212,211,0.844,38,1.0,38,1.0,173,0.816,77,210,212,0
0.6,0.1,3,0,48.0,0,0,250,38,212,211,0.844,38,1.0,38,1.0,173,0.816,77,173,212,0
0.6,0.1,3,1,48.0,0,0,250,38,212,211,0.844,38,1.0,38,1.0,173,0.816,77,173,212,0
0.6,0.1,3,2,48.0,0,0,250,38,212,211,0.844,38,1.0,38,1.0,173,0.816,77,173,212,0
0.6,0.15,1,0,12.0,0,0,250,38,212,211,0.844,38,1.0,38,1.0,173,0.816,77,209,212,0
0.6,0.15,1,0,18.0,0,0,250,38,212,211,0.844,38,1.0,38,1.0,173,0.816,77,209,212,0
0.6,0.15,1,1,24.0,0,0,250,38,212,211,0.844,38,1.0,38,1.0,173,0.816,77,210,212,0
0.6,0.15,1,1,32.0,0,0,250,38,212,211,0.844,38,1.0,38,1.0,173,0.816,77,210,212,0
0.6,0.15,3,0,48.0,0,0,250,38,212,211,0.844,38,1.0,38,1.0,173,0.816,77,173,212,0
0.6,0.15,3,1,48.0,0,0,250,38,212,211,0.844,38,1.0,38,1.0,173,0.816,77,173,212,0
0.6,0.15,3,2,48.0,0,0,250,38,212,211,0.844,38,1.0,38,1.0,173,0.816,77,173,212,0
0.6,0.2,1,0,12.0,0,0,250,38,212,211,0.844,38,1.0,38,1.0,173,0.816,77,209,212,0
0.6,0.2,1,0,18.0,0,0,250,38,212,211,0.844,38,1.0,38,1.0,173,0.816,77,209,212,0
0.6,0.2,1,1,24.0,0,0,250,38,212,211,0.844,38,1.0,38,1.0,173,0.816,77,210,212,0
0.6,0.2,1,1,32.0,0,0,250,38,212,211,0.844,38,1.0,38,1.0,173,0.816,77,210,212,0
0.6,0.2,3,0,48.0,0,0,250,38,212,211,0.844,38,1.0,38,1.0,173,0.816,77,173,212,0
0.6,0.2,3,1,48.0,0,0,250,38,212,211,0.844,38,1.0,38,1.0,173,0.816,77,173,212,0
0.6,0.2,3,2,48.0,0,0,250,38,212,211,0.844,38,1.0,38,1.0,173,0.816,77,173,212,0
0.6,0.25,1,0,12.0,0,0,250,38,212,211,0.844,38,1.0,38,1.0,173,0.816,77,209,212,0
0.6,0.25,1,0,18.0,0,0,250,38,212,211,0.844,38,1.0,38,1.0,173,0.816,77,209,212,0
0.6,0.25,1,1,24.0,0,0,250,38,212,211,0.844,38,1.0,38,1.0,173,0.816,77,210,212,0
0.6,0.25,1,1,32.0,0,0,250,38,212,211,0.844,38,1.0,38,1.0,173,0.816,77,210,212,0
0.6,0.25,3,0,48.0,0,0,250,38,212,211,0.844,38,1.0,38,1.0,173,0.816,77,173,212,0
0.6,0.25,3,1,48.0,0,0,250,38,212,211,0.844,38,1.0,38,1.0,173,0.816,77,173,212,0
0.6,0.25,3,2,48.0,0,0,250,38,212,211,0.844,38,1.0,38,1.0,173,0.816,77,173,212,0
0.6,0.3,1,0,12.0,0,0,250,38,212,211,0.844,38,1.0,38,1.0,173,0.816,77,209,212,0
0.6,0.3,1,0,18.0,0,0,250,38,212,211,0.844,38,1.0,38,1.0,173,0.816,77,209,212,0
0.6,0.3,1,1,24.0,0,0,250,38,212,211,0.844,38,1.0,38,1.0,173,0.816,77,210,212,0
0.6,0.3,1,1,32.0,0,0,250,38,212,211,0.844,38,1.0,38,1.0,173,0.816,77,210,212,0
0.6,0.3,3,0,48.0,0,0,250,38,212,211,0.844,38,1.0,38,1.0,173,0.816,77,173,212,0
0.6,0.3,3,1,48.0,0,0,250,38,212,211,0.844,38,1.0,38,1.0,173,0.816,77,173,212,0
0.6,0.3,3,2,48.0,0,0,250,38,212,211,0.844,38,1.0,38,1.0,173,0.816,77,173,212,0
0.6,0.35,1,0,12.0,0,0,250,38,212,211,0.844,38,1.0,38,1.0,173,0.816,77,209,212,0
0.6,0.35,1,0,18.0,0,0,250,38,212,211,0.844,38,1.0,38,1.0,173,0.816,77,209,212,0
0.6,0.35,1,1,24.0,0,0,250,38,212,211,0.844,38,1.0,38,1.0,173,0.816,77,210,212,0
0.6,0.35,1,1,32.0,0,0,250,38,212,211,0.844,38,1.0,38,1.0,173,0.816,77,210,212,0
0.6,0.35,3,0,48.0,0,0,250,38,212,211,0.844,38,1.0,38,1.0,173,0.816,77,173,212,0
0.6,0.35,3,1,48.0,0,0,250,38,212,211,0.844,38,1.0,38,1.0,173,0.816,77,173,212,0
0.6,0.35,3,2,48.0,0,0,250,38,212,211,0.844,38,1.0,38,1.0,173,0.816,77,173,212,0
0.6,0.4,1,0,12.0,0,0,250,38,212,211,0.844,38,1.0,38,1.0,173,0.816,77,209,212,0
0.6,0.4,1,0,18.0,0,0,250,38,212,211,0.844,38,1.0,38,1.0,173,0.816,77,209,212,0
0.6,0.4,1,1,24.0,0,0,250,38,212,211,0.844,38,1.0,38,1.0,173,0.816,77,210,212,0
0.6,0.4,1,1,32.0,0,0,250,38,212,211,0.844,38,1.0,38,1.0,173,0.816,77,210,212,0
0.6,0.4,3,0,48.0,0,0,250,38,212,211,0.844,38,1.0,38,1.0,173,0.816,77,173,212,0
0.6,0.4,3,1,48.0,0,0,250,38,212,211,0.844,38,1.0,38,1.0,173,0.816,77,173,212,0
0.6,0.4,3,2,48.0,0,0,250,38,212,211,0.844,38,1.0,38,1.0,173,0.816,77,173,212,0
0.65,0.02,1,0,24.0,0,0,250,38,212,211,0.844,38,1.0,38,1.0,173,0.816,77,210,212,0
0.65,0.02,1,0,32.0,0,0,250,38,212,211,0.844,38,1.0,38,1.0,173,0.816,77,210,212,0
0.65,0.02,1,1,24.0,0,0,250,38,212,211,0.844,38,1.0,38,1.0,173,0.816,77,210,212,0
0.65,0.02,1,1,32.0,0,0,250,38,212,211,0.844,38,1.0,38,1.0,173,0.816,77,210,212,0
0.65,0.05,1,0,24.0,0,0,250,38,212,211,0.844,38,1.0,38,1.0,173,0.816,77,210,212,0
0.65,0.05,1,0,32.0,0,0,250,38,212,211,0.844,38,1.0,38,1.0,173,0.816,77,210,212,0
0.65,0.05,1,1,24.0,0,0,250,38,212,211,0.844,38,1.0,38,1.0,173,0.816,77,210,212,0
0.65,0.05,1,1,32.0,0,0,250,38,212,211,0.844,38,1.0,38,1.0,173,0.816,77,210,212,0
0.65,0.1,1,0,24.0,0,0,250,38,212,211,0.844,38,1.0,38,1.0,173,0.816,77,210,212,0
0.65,0.1,1,0,32.0,0,0,250,38,212,211,0.844,38,1.0,38,1.0,173,0.816,77,210,212,0
0.65,0.1,1,1,24.0,0,0,250,38,212,211,0.844,38,1.0,38,1.0,173,0.816,77,210,212,0
0.65,0.1,1,1,32.0,0,0,250,38,212,211,0.844,38,1.0,38,1.0,173,0.816,77,210,212,0
0.65,0.15,1,0,24.0,0,0,250,38,212,211,0.844,38,1.0,38,1.0,173,0.816,77,210,212,0
0.65,0.15,1,0,32.0,0,0,250,38,212,211,0.844,38,1.0,38,1.0,173,0.816,77,210,212,0
0.65,0.15,1,1,24.0,0,0,250,38,212,211,0.844,38,1.0,38,1.0,173,0.816,77,210,212,0
0.65,0.15,1,1,32.0,0,0,250,38,212,211,0.844,38,1.0,38,1.0,173,0.816,77,210,212,0
0.65,0.2,1,0,24.0,0,0,250,38,212,211,0.844,38,1.0,38,1.0,173,0.816,77,210,212,0
0.65,0.2,1,0,32.0,0,0,250,38,212,211,0.844,38,1.0,38,1.0,173,0.816,77,210,212,0
0.65,0.2,1,1,24.0,0,0,250,38,212,211,0.844,38,1.0,38,1.0,173,0.816,77,210,212,0
0.65,0.2,1,1,32.0,0,0,250,38,212,211,0.844,38,1.0,38,1.0,173,0.816,77,210,212,0
0.65,0.25,1,0,24.0,0,0,250,38,212,211,0.844,38,1.0,38,1.0,173,0.816,77,210,212,0
0.65,0.25,1,0,32.0,0,0,250,38,212,211,0.844,38,1.0,38,1.0,173,0.816,77,210,212,0
0.65,0.25,1,1,24.0,0,0,250,38,212,211,0.844,38,1.0,38,1.0,173,0.816,77,210,212,0
0.65,0.25,1,1,32.0,0,0,250,38,212,211,0.844,38,1.0,38,1.0,173,0.816,77,210,212,0
0.65,0.3,1,0,24.0,0,0,250,38,212,211,0.844,38,1.0,38,1.0,173,0.816,77,210,212,0
0.65,0.3,1,0,32.0,0,0,250,38,212,211,0.844,38,1.0,38,1.0,173,0.816,77,210,212,0
0.65,0.3,1,1,24.0,0,0,250,38,212,211,0.844,38,1.0,38,1.0,173,0.816,77,210,212,0
0.65,0.3,1,1,32.0,0,0,250,38,212,211,0.844,38,1.0,38,1.0,173,0.816,77,210,212,0
0.65,0.35,1,0,24.0,0,0,250,38,212,211,0.844,38,1.0,38,1.0,173,0.816,77,210,212,0
0.65,0.35,1,0,32.0,0,0,250,38,212,211,0.844,38,1.0,38,1.0,173,0.816,77,210,212,0
0.65,0.35,1,1,24.0,0,0,250,38,212,211,0.844,38,1.0,38,1.0,173,0.816,77,210,212,0
0.65,0.35,1,1,32.0,0,0,250,38,212,211,0.844,38,1.0,38,1.0,173,0.816,77,210,212,0
0.65,0.4,1,0,24.0,0,0,250,38,212,211,0.844,38,1.0,38,1.0,173,0.816,77,210,212,0
0.65,0.4,1,0,32.0,0,0,250,38,212,211,0.844,38,1.0,38,1.0,173,0.816,77,210,212,0
0.65,0.4,1,1,24.0,0,0,250,38,212,211,0.844,38,1.0,38,1.0,173,0.816,77,210,212,0
0.65,0.4,1,1,32.0,0,0,250,38,212,211,0.844,38,1.0,38,1.0,173,0.816,77,210,212,0
0.5,0.4,3,2,12.0,0,0,250,38,212,211,0.844,37,0.9737,37,0.9737,174,0.8208,75,213,213,1
0.5,0.4,3,2,18.0,0,0,250,38,212,211,0.844,37,0.9737,37,0.9737,174,0.8208,75,213,213,1
0.45,0.45,2,0,24.0,0,0,250,38,212,210,0.84,38,1.0,38,1.0,172,0.8113,78,209,212,0
0.45,0.45,2,0,32.0,0,0,250,38,212,210,0.84,38,1.0,38,1.0,172,0.8113,78,209,212,0
0.45,0.45,2,0,48.0,0,0,250,38,212,210,0.84,38,1.0,38,1.0,172,0.8113,78,209,212,0
0.45,0.45,2,1,12.0,0,0,250,38,212,210,0.84,38,1.0,38,1.0,172,0.8113,78,209,212,0
0.45,0.45,2,1,18.0,0,0,250,38,212,210,0.84,38,1.0,38,1.0,172,0.8113,78,209,212,0
0.5,0.02,3,1,12.0,0,0,250,38,212,210,0.84,38,1.0,38,1.0,172,0.8113,78,212,212,0
0.5,0.05,3,1,12.0,0,0,250,38,212,210,0.84,38,1.0,38,1.0,172,0.8113,78,212,212,0
0.5,0.1,3,1,12.0,0,0,250,38,212,210,0.84,38,1.0,38,1.0,172,0.8113,78,212,212,0
0.5,0.15,3,1,12.0,0,0,250,38,212,210,0.84,38,1.0,38,1.0,172,0.8113,78,212,212,0
0.5,0.2,3,1,12.0,0,0,250,38,212,210,0.84,38,1.0,38,1.0,172,0.8113,78,212,212,0
0.5,0.25,3,1,12.0,0,0,250,38,212,210,0.84,38,1.0,38,1.0,172,0.8113,78,212,212,0
0.5,0.3,3,1,12.0,0,0,250,38,212,210,0.84,38,1.0,38,1.0,172,0.8113,78,212,212,0
0.5,0.35,3,1,12.0,0,0,250,38,212,210,0.84,38,1.0,38,1.0,172,0.8113,78,212,212,0
0.5,0.45,1,1,12.0,0,0,250,38,212,210,0.84,38,1.0,38,1.0,172,0.8113,78,208,212,0
0.5,0.45,1,1,18.0,0,0,250,38,212,210,0.84,38,1.0,38,1.0,172,0.8113,78,208,212,0
0.55,0.02,1,2,12.0,0,0,250,38,212,210,0.84,38,1.0,38,1.0,172,0.8113,78,211,212,0
0.55,0.02,1,2,18.0,0,0,250,38,212,210,0.84,38,1.0,38,1.0,172,0.8113,78,211,212,0
0.55,0.02,3,0,48.0,0,0,250,38,212,210,0.84,38,1.0,38,1.0,172,0.8113,78,172,212,0
0.55,0.02,3,1,48.0,0,0,250,38,212,210,0.84,38,1.0,38,1.0,172,0.8113,78,172,212,0
0.55,0.02,3,2,48.0,0,0,250,38,212,210,0.84,38,1.0,38,1.0,172,0.8113,78,172,212,0
0.55,0.05,1,2,12.0,0,0,250,38,212,210,0.84,38,1.0,38,1.0,172,0.8113,78,211,212,0
0.55,0.05,1,2,18.0,0,0,250,38,212,210,0.84,38,1.0,38,1.0,172,0.8113,78,211,212,0
0.55,0.05,3,0,48.0,0,0,250,38,212,210,0.84,38,1.0,38,1.0,172,0.8113,78,172,212,0
0.55,0.05,3,1,48.0,0,0,250,38,212,210,0.84,38,1.0,38,1.0,172,0.8113,78,172,212,0
0.55,0.05,3,2,48.0,0,0,250,38,212,210,0.84,38,1.0,38,1.0,172,0.8113,78,172,212,0
0.55,0.1,1,2,12.0,0,0,250,38,212,210,0.84,38,1.0,38,1.0,172,0.8113,78,211,212,0
0.55,0.1,1,2,18.0,0,0,250,38,212,210,0.84,38,1.0,38,1.0,172,0.8113,78,211,212,0
0.55,0.1,3,0,48.0,0,0,250,38,212,210,0.84,38,1.0,38,1.0,172,0.8113,78,172,212,0
0.55,0.1,3,1,48.0,0,0,250,38,212,210,0.84,38,1.0,38,1.0,172,0.8113,78,172,212,0
0.55,0.1,3,2,48.0,0,0,250,38,212,210,0.84,38,1.0,38,1.0,172,0.8113,78,172,212,0
0.55,0.15,1,2,12.0,0,0,250,38,212,210,0.84,38,1.0,38,1.0,172,0.8113,78,211,212,0
0.55,0.15,1,2,18.0,0,0,250,38,212,210,0.84,38,1.0,38,1.0,172,0.8113,78,211,212,0
0.55,0.15,3,0,48.0,0,0,250,38,212,210,0.84,38,1.0,38,1.0,172,0.8113,78,172,212,0
0.55,0.15,3,1,48.0,0,0,250,38,212,210,0.84,38,1.0,38,1.0,172,0.8113,78,172,212,0
0.55,0.15,3,2,48.0,0,0,250,38,212,210,0.84,38,1.0,38,1.0,172,0.8113,78,172,212,0
0.55,0.2,1,2,12.0,0,0,250,38,212,210,0.84,38,1.0,38,1.0,172,0.8113,78,211,212,0
0.55,0.2,1,2,18.0,0,0,250,38,212,210,0.84,38,1.0,38,1.0,172,0.8113,78,211,212,0
0.55,0.2,3,0,48.0,0,0,250,38,212,210,0.84,38,1.0,38,1.0,172,0.8113,78,172,212,0
0.55,0.2,3,1,48.0,0,0,250,38,212,210,0.84,38,1.0,38,1.0,172,0.8113,78,172,212,0
0.55,0.2,3,2,48.0,0,0,250,38,212,210,0.84,38,1.0,38,1.0,172,0.8113,78,172,212,0
0.55,0.25,1,2,12.0,0,0,250,38,212,210,0.84,38,1.0,38,1.0,172,0.8113,78,211,212,0
0.55,0.25,1,2,18.0,0,0,250,38,212,210,0.84,38,1.0,38,1.0,172,0.8113,78,211,212,0
0.55,0.25,3,0,48.0,0,0,250,38,212,210,0.84,38,1.0,38,1.0,172,0.8113,78,172,212,0
0.55,0.25,3,1,48.0,0,0,250,38,212,210,0.84,38,1.0,38,1.0,172,0.8113,78,172,212,0
0.55,0.25,3,2,48.0,0,0,250,38,212,210,0.84,38,1.0,38,1.0,172,0.8113,78,172,212,0
0.55,0.3,1,2,12.0,0,0,250,38,212,210,0.84,38,1.0,38,1.0,172,0.8113,78,211,212,0
0.55,0.3,1,2,18.0,0,0,250,38,212,210,0.84,38,1.0,38,1.0,172,0.8113,78,211,212,0
0.55,0.3,3,0,48.0,0,0,250,38,212,210,0.84,38,1.0,38,1.0,172,0.8113,78,172,212,0
0.55,0.3,3,1,48.0,0,0,250,38,212,210,0.84,38,1.0,38,1.0,172,0.8113,78,172,212,0
0.55,0.3,3,2,48.0,0,0,250,38,212,210,0.84,38,1.0,38,1.0,172,0.8113,78,172,212,0
0.55,0.35,1,2,12.0,0,0,250,38,212,210,0.84,38,1.0,38,1.0,172,0.8113,78,211,212,0
0.55,0.35,1,2,18.0,0,0,250,38,212,210,0.84,38,1.0,38,1.0,172,0.8113,78,211,212,0
0.55,0.35,3,0,48.0,0,0,250,38,212,210,0.84,38,1.0,38,1.0,172,0.8113,78,172,212,0
0.55,0.35,3,1,48.0,0,0,250,38,212,210,0.84,38,1.0,38,1.0,172,0.8113,78,172,212,0
0.55,0.35,3,2,48.0,0,0,250,38,212,210,0.84,38,1.0,38,1.0,172,0.8113,78,172,212,0
0.55,0.4,1,2,12.0,0,0,250,38,212,210,0.84,38,1.0,38,1.0,172,0.8113,78,211,212,0
0.55,0.4,1,2,18.0,0,0,250,38,212,210,0.84,38,1.0,38,1.0,172,0.8113,78,211,212,0
0.55,0.4,3,0,48.0,0,0,250,38,212,210,0.84,38,1.0,38,1.0,172,0.8113,78,172,212,0
0.55,0.4,3,1,48.0,0,0,250,38,212,210,0.84,38,1.0,38,1.0,172,0.8113,78,172,212,0
0.55,0.4,3,2,48.0,0,0,250,38,212,210,0.84,38,1.0,38,1.0,172,0.8113,78,172,212,0
0.6,0.02,1,0,24.0,0,0,250,38,212,210,0.84,38,1.0,38,1.0,172,0.8113,78,209,212,0
0.6,0.02,1,0,32.0,0,0,250,38,212,210,0.84,38,1.0,38,1.0,172,0.8113,78,209,212,0
0.6,0.02,2,0,48.0,0,0,250,38,212,210,0.84,38,1.0,38,1.0,172,0.8113,78,172,212,0
0.6,0.02,2,1,48.0,0,0,250,38,212,210,0.84,38,1.0,38,1.0,172,0.8113,78,172,212,0
0.6,0.02,2,2,48.0,0,0,250,38,212,210,0.84,38,1.0,38,1.0,172,0.8113,78,172,212,0
0.6,0.05,1,0,24.0,0,0,250,38,212,210,0.84,38,1.0,38,1.0,172,0.8113,78,209,212,0
0.6,0.05,1,0,32.0,0,0,250,38,212,210,0.84,38,1.0,38,1.0,172,0.8113,78,209,212,0
0.6,0.05,2,0,48.0,0,0,250,38,212,210,0.84,38,1.0,38,1.0,172,0.8113,78,172,212,0
0.6,0.05,2,1,48.0,0,0,250,38,212,210,0.84,38,1.0,38,1.0,172,0.8113,78,172,212,0
0.6,0.05,2,2,48.0,0,0,250,38,212,210,0.84,38,1.0,38,1.0,172,0.8113,78,172,212,0
0.6,0.1,1,0,24.0,0,0,250,38,212,210,0.84,38,1.0,38,1.0,172,0.8113,78,209,212,0
0.6,0.1,1,0,32.0,0,0,250,38,212,210,0.84,38,1.0,38,1.0,172,0.8113,78,209,212,0
0.6,0.1,2,0,48.0,0,0,250,38,212,210,0.84,38,1.0,38,1.0,172,0.8113,78,172,212,0
0.6,0.1,2,1,48.0,0,0,250,38,212,210,0.84,38,1.0,38,1.0,172,0.8113,78,172,212,0
0.6,0.1,2,2,48.0,0,0,250,38,212,210,0.84,38,1.0,38,1.0,172,0.8113,78,172,212,0
0.6,0.15,1,0,24.0,0,0,250,38,212,210,0.84,38,1.0,38,1.0,172,0.8113,78,209,212,0
0.6,0.15,1,0,32.0,0,0,250,38,212,210,0.84,38,1.0,38,1.0,172,0.8113,78,209,212,0
0.6,0.15,2,0,48.0,0,0,250,38,212,210,0.84,38,1.0,38,1.0,172,0.8113,78,172,212,0
0.6,0.15,2,1,48.0,0,0,250,38,212,210,0.84,38,1.0,38,1.0,172,0.8113,78,172,212,0
0.6,0.15,2,2,48.0,0,0,250,38,212,210,0.84,38,1.0,38,1.0,172,0.8113,78,172,212,0
0.6,0.2,1,0,24.0,0,0,250,38,212,210,0.84,38,1.0,38,1.0,172,0.8113,78,209,212,0
0.6,0.2,1,0,32.0,0,0,250,38,212,210,0.84,38,1.0,38,1.0,172,0.8113,78,209,212,0
0.6,0.2,2,0,48.0,0,0,250,38,212,210,0.84,38,1.0,38,1.0,172,0.8113,78,172,212,0
0.6,0.2,2,1,48.0,0,0,250,38,212,210,0.84,38,1.0,38,1.0,172,0.8113,78,172,212,0
0.6,0.2,2,2,48.0,0,0,250,38,212,210,0.84,38,1.0,38,1.0,172,0.8113,78,172,212,0
0.6,0.25,1,0,24.0,0,0,250,38,212,210,0.84,38,1.0,38,1.0,172,0.8113,78,209,212,0
0.6,0.25,1,0,32.0,0,0,250,38,212,210,0.84,38,1.0,38,1.0,172,0.8113,78,209,212,0
0.6,0.25,2,0,48.0,0,0,250,38,212,210,0.84,38,1.0,38,1.0,172,0.8113,78,172,212,0
0.6,0.25,2,1,48.0,0,0,250,38,212,210,0.84,38,1.0,38,1.0,172,0.8113,78,172,212,0
0.6,0.25,2,2,48.0,0,0,250,38,212,210,0.84,38,1.0,38,1.0,172,0.8113,78,172,212,0
0.6,0.3,1,0,24.0,0,0,250,38,212,210,0.84,38,1.0,38,1.0,172,0.8113,78,209,212,0
0.6,0.3,1,0,32.0,0,0,250,38,212,210,0.84,38,1.0,38,1.0,172,0.8113,78,209,212,0
0.6,0.3,2,0,48.0,0,0,250,38,212,210,0.84,38,1.0,38,1.0,172,0.8113,78,172,212,0
0.6,0.3,2,1,48.0,0,0,250,38,212,210,0.84,38,1.0,38,1.0,172,0.8113,78,172,212,0
0.6,0.3,2,2,48.0,0,0,250,38,212,210,0.84,38,1.0,38,1.0,172,0.8113,78,172,212,0
0.6,0.35,1,0,24.0,0,0,250,38,212,210,0.84,38,1.0,38,1.0,172,0.8113,78,209,212,0
0.6,0.35,1,0,32.0,0,0,250,38,212,210,0.84,38,1.0,38,1.0,172,0.8113,78,209,212,0
0.6,0.35,2,0,48.0,0,0,250,38,212,210,0.84,38,1.0,38,1.0,172,0.8113,78,172,212,0
0.6,0.35,2,1,48.0,0,0,250,38,212,210,0.84,38,1.0,38,1.0,172,0.8113,78,172,212,0
0.6,0.35,2,2,48.0,0,0,250,38,212,210,0.84,38,1.0,38,1.0,172,0.8113,78,172,212,0
0.6,0.4,1,0,24.0,0,0,250,38,212,210,0.84,38,1.0,38,1.0,172,0.8113,78,209,212,0
0.6,0.4,1,0,32.0,0,0,250,38,212,210,0.84,38,1.0,38,1.0,172,0.8113,78,209,212,0
0.6,0.4,2,0,48.0,0,0,250,38,212,210,0.84,38,1.0,38,1.0,172,0.8113,78,172,212,0
0.6,0.4,2,1,48.0,0,0,250,38,212,210,0.84,38,1.0,38,1.0,172,0.8113,78,172,212,0
0.6,0.4,2,2,48.0,0,0,250,38,212,210,0.84,38,1.0,38,1.0,172,0.8113,78,172,212,0
0.5,0.4,3,0,12.0,0,0,250,38,212,209,0.836,38,1.0,38,1.0,171,0.8066,79,211,212,0
0.5,0.4,3,0,18.0,0,0,250,38,212,209,0.836,38,1.0,38,1.0,171,0.8066,79,211,212,0
0.5,0.45,1,0,12.0,0,0,250,38,212,209,0.836,38,1.0,38,1.0,171,0.8066,79,208,212,0
0.5,0.45,1,0,18.0,0,0,250,38,212,209,0.836,38,1.0,38,1.0,171,0.8066,79,208,212,0
0.55,0.02,2,0,48.0,0,0,250,38,212,209,0.836,38,1.0,38,1.0,171,0.8066,79,171,212,0
0.55,0.02,2,1,48.0,0,0,250,38,212,209,0.836,38,1.0,38,1.0,171,0.8066,79,171,212,0
0.55,0.02,2,2,48.0,0,0,250,38,212,209,0.836,38,1.0,38,1.0,171,0.8066,79,171,212,0
0.55,0.05,2,0,48.0,0,0,250,38,212,209,0.836,38,1.0,38,1.0,171,0.8066,79,171,212,0
0.55,0.05,2,1,48.0,0,0,250,38,212,209,0.836,38,1.0,38,1.0,171,0.8066,79,171,212,0
0.55,0.05,2,2,48.0,0,0,250,38,212,209,0.836,38,1.0,38,1.0,171,0.8066,79,171,212,0
0.55,0.1,2,0,48.0,0,0,250,38,212,209,0.836,38,1.0,38,1.0,171,0.8066,79,171,212,0
0.55,0.1,2,1,48.0,0,0,250,38,212,209,0.836,38,1.0,38,1.0,171,0.8066,79,171,212,0
0.55,0.1,2,2,48.0,0,0,250,38,212,209,0.836,38,1.0,38,1.0,171,0.8066,79,171,212,0
0.55,0.15,2,0,48.0,0,0,250,38,212,209,0.836,38,1.0,38,1.0,171,0.8066,79,171,212,0
0.55,0.15,2,1,48.0,0,0,250,38,212,209,0.836,38,1.0,38,1.0,171,0.8066,79,171,212,0
0.55,0.15,2,2,48.0,0,0,250,38,212,209,0.836,38,1.0,38,1.0,171,0.8066,79,171,212,0
0.55,0.2,2,0,48.0,0,0,250,38,212,209,0.836,38,1.0,38,1.0,171,0.8066,79,171,212,0
0.55,0.2,2,1,48.0,0,0,250,38,212,209,0.836,38,1.0,38,1.0,171,0.8066,79,171,212,0
0.55,0.2,2,2,48.0,0,0,250,38,212,209,0.836,38,1.0,38,1.0,171,0.8066,79,171,212,0
0.55,0.25,2,0,48.0,0,0,250,38,212,209,0.836,38,1.0,38,1.0,171,0.8066,79,171,212,0
0.55,0.25,2,1,48.0,0,0,250,38,212,209,0.836,38,1.0,38,1.0,171,0.8066,79,171,212,0
0.55,0.25,2,2,48.0,0,0,250,38,212,209,0.836,38,1.0,38,1.0,171,0.8066,79,171,212,0
0.55,0.3,2,0,48.0,0,0,250,38,212,209,0.836,38,1.0,38,1.0,171,0.8066,79,171,212,0
0.55,0.3,2,1,48.0,0,0,250,38,212,209,0.836,38,1.0,38,1.0,171,0.8066,79,171,212,0
0.55,0.3,2,2,48.0,0,0,250,38,212,209,0.836,38,1.0,38,1.0,171,0.8066,79,171,212,0
0.55,0.35,2,0,48.0,0,0,250,38,212,209,0.836,38,1.0,38,1.0,171,0.8066,79,171,212,0
0.55,0.35,2,1,48.0,0,0,250,38,212,209,0.836,38,1.0,38,1.0,171,0.8066,79,171,212,0
0.55,0.35,2,2,48.0,0,0,250,38,212,209,0.836,38,1.0,38,1.0,171,0.8066,79,171,212,0
0.55,0.4,2,0,48.0,0,0,250,38,212,209,0.836,38,1.0,38,1.0,171,0.8066,79,171,212,0
0.55,0.4,2,1,48.0,0,0,250,38,212,209,0.836,38,1.0,38,1.0,171,0.8066,79,171,212,0
0.55,0.4,2,2,48.0,0,0,250,38,212,209,0.836,38,1.0,38,1.0,171,0.8066,79,171,212,0
0.6,0.02,1,0,48.0,0,0,250,38,212,209,0.836,38,1.0,38,1.0,171,0.8066,79,171,212,0
0.6,0.02,1,1,48.0,0,0,250,38,212,209,0.836,38,1.0,38,1.0,171,0.8066,79,171,212,0
0.6,0.02,1,2,48.0,0,0,250,38,212,209,0.836,38,1.0,38,1.0,171,0.8066,79,171,212,0
0.6,0.05,1,0,48.0,0,0,250,38,212,209,0.836,38,1.0,38,1.0,171,0.8066,79,171,212,0
0.6,0.05,1,1,48.0,0,0,250,38,212,209,0.836,38,1.0,38,1.0,171,0.8066,79,171,212,0
0.6,0.05,1,2,48.0,0,0,250,38,212,209,0.836,38,1.0,38,1.0,171,0.8066,79,171,212,0
0.6,0.1,1,0,48.0,0,0,250,38,212,209,0.836,38,1.0,38,1.0,171,0.8066,79,171,212,0
0.6,0.1,1,1,48.0,0,0,250,38,212,209,0.836,38,1.0,38,1.0,171,0.8066,79,171,212,0
0.6,0.1,1,2,48.0,0,0,250,38,212,209,0.836,38,1.0,38,1.0,171,0.8066,79,171,212,0
0.6,0.15,1,0,48.0,0,0,250,38,212,209,0.836,38,1.0,38,1.0,171,0.8066,79,171,212,0
0.6,0.15,1,1,48.0,0,0,250,38,212,209,0.836,38,1.0,38,1.0,171,0.8066,79,171,212,0
0.6,0.15,1,2,48.0,0,0,250,38,212,209,0.836,38,1.0,38,1.0,171,0.8066,79,171,212,0
0.6,0.2,1,0,48.0,0,0,250,38,212,209,0.836,38,1.0,38,1.0,171,0.8066,79,171,212,0
0.6,0.2,1,1,48.0,0,0,250,38,212,209,0.836,38,1.0,38,1.0,171,0.8066,79,171,212,0
0.6,0.2,1,2,48.0,0,0,250,38,212,209,0.836,38,1.0,38,1.0,171,0.8066,79,171,212,0
0.6,0.25,1,0,48.0,0,0,250,38,212,209,0.836,38,1.0,38,1.0,171,0.8066,79,171,212,0
0.6,0.25,1,1,48.0,0,0,250,38,212,209,0.836,38,1.0,38,1.0,171,0.8066,79,171,212,0
0.6,0.25,1,2,48.0,0,0,250,38,212,209,0.836,38,1.0,38,1.0,171,0.8066,79,171,212,0
0.6,0.3,1,0,48.0,0,0,250,38,212,209,0.836,38,1.0,38,1.0,171,0.8066,79,171,212,0
0.6,0.3,1,1,48.0,0,0,250,38,212,209,0.836,38,1.0,38,1.0,171,0.8066,79,171,212,0
0.6,0.3,1,2,48.0,0,0,250,38,212,209,0.836,38,1.0,38,1.0,171,0.8066,79,171,212,0
0.6,0.35,1,0,48.0,0,0,250,38,212,209,0.836,38,1.0,38,1.0,171,0.8066,79,171,212,0
0.6,0.35,1,1,48.0,0,0,250,38,212,209,0.836,38,1.0,38,1.0,171,0.8066,79,171,212,0
0.6,0.35,1,2,48.0,0,0,250,38,212,209,0.836,38,1.0,38,1.0,171,0.8066,79,171,212,0
0.6,0.4,1,0,48.0,0,0,250,38,212,209,0.836,38,1.0,38,1.0,171,0.8066,79,171,212,0
0.6,0.4,1,1,48.0,0,0,250,38,212,209,0.836,38,1.0,38,1.0,171,0.8066,79,171,212,0
0.6,0.4,1,2,48.0,0,0,250,38,212,209,0.836,38,1.0,38,1.0,171,0.8066,79,171,212,0
0.65,0.02,1,0,48.0,0,0,250,38,212,209,0.836,38,1.0,38,1.0,171,0.8066,79,171,212,0
0.65,0.02,1,1,48.0,0,0,250,38,212,209,0.836,38,1.0,38,1.0,171,0.8066,79,171,212,0
0.65,0.02,1,2,48.0,0,0,250,38,212,209,0.836,38,1.0,38,1.0,171,0.8066,79,171,212,0
0.65,0.05,1,0,48.0,0,0,250,38,212,209,0.836,38,1.0,38,1.0,171,0.8066,79,171,212,0
0.65,0.05,1,1,48.0,0,0,250,38,212,209,0.836,38,1.0,38,1.0,171,0.8066,79,171,212,0
0.65,0.05,1,2,48.0,0,0,250,38,212,209,0.836,38,1.0,38,1.0,171,0.8066,79,171,212,0
0.65,0.1,1,0,48.0,0,0,250,38,212,209,0.836,38,1.0,38,1.0,171,0.8066,79,171,212,0
0.65,0.1,1,1,48.0,0,0,250,38,212,209,0.836,38,1.0,38,1.0,171,0.8066,79,171,212,0
0.65,0.1,1,2,48.0,0,0,250,38,212,209,0.836,38,1.0,38,1.0,171,0.8066,79,171,212,0
0.65,0.15,1,0,48.0,0,0,250,38,212,209,0.836,38,1.0,38,1.0,171,0.8066,79,171,212,0
0.65,0.15,1,1,48.0,0,0,250,38,212,209,0.836,38,1.0,38,1.0,171,0.8066,79,171,212,0
0.65,0.15,1,2,48.0,0,0,250,38,212,209,0.836,38,1.0,38,1.0,171,0.8066,79,171,212,0
0.65,0.2,1,0,48.0,0,0,250,38,212,209,0.836,38,1.0,38,1.0,171,0.8066,79,171,212,0
0.65,0.2,1,1,48.0,0,0,250,38,212,209,0.836,38,1.0,38,1.0,171,0.8066,79,171,212,0
0.65,0.2,1,2,48.0,0,0,250,38,212,209,0.836,38,1.0,38,1.0,171,0.8066,79,171,212,0
0.65,0.25,1,0,48.0,0,0,250,38,212,209,0.836,38,1.0,38,1.0,171,0.8066,79,171,212,0
0.65,0.25,1,1,48.0,0,0,250,38,212,209,0.836,38,1.0,38,1.0,171,0.8066,79,171,212,0
0.65,0.25,1,2,48.0,0,0,250,38,212,209,0.836,38,1.0,38,1.0,171,0.8066,79,171,212,0
0.65,0.3,1,0,48.0,0,0,250,38,212,209,0.836,38,1.0,38,1.0,171,0.8066,79,171,212,0
0.65,0.3,1,1,48.0,0,0,250,38,212,209,0.836,38,1.0,38,1.0,171,0.8066,79,171,212,0
0.65,0.3,1,2,48.0,0,0,250,38,212,209,0.836,38,1.0,38,1.0,171,0.8066,79,171,212,0
0.65,0.35,1,0,48.0,0,0,250,38,212,209,0.836,38,1.0,38,1.0,171,0.8066,79,171,212,0
0.65,0.35,1,1,48.0,0,0,250,38,212,209,0.836,38,1.0,38,1.0,171,0.8066,79,171,212,0
0.65,0.35,1,2,48.0,0,0,250,38,212,209,0.836,38,1.0,38,1.0,171,0.8066,79,171,212,0
0.65,0.4,1,0,48.0,0,0,250,38,212,209,0.836,38,1.0,38,1.0,171,0.8066,79,171,212,0
0.65,0.4,1,1,48.0,0,0,250,38,212,209,0.836,38,1.0,38,1.0,171,0.8066,79,171,212,0
0.65,0.4,1,2,48.0,0,0,250,38,212,209,0.836,38,1.0,38,1.0,171,0.8066,79,171,212,0
0.5,0.02,3,0,12.0,0,0,250,38,212,208,0.832,38,1.0,38,1.0,170,0.8019,80,211,212,0
0.5,0.05,3,0,12.0,0,0,250,38,212,208,0.832,38,1.0,38,1.0,170,0.8019,80,211,212,0
0.5,0.1,3,0,12.0,0,0,250,38,212,208,0.832,38,1.0,38,1.0,170,0.8019,80,211,212,0
0.5,0.15,3,0,12.0,0,0,250,38,212,208,0.832,38,1.0,38,1.0,170,0.8019,80,211,212,0
0.5,0.2,3,0,12.0,0,0,250,38,212,208,0.832,38,1.0,38,1.0,170,0.8019,80,211,212,0
0.5,0.25,3,0,12.0,0,0,250,38,212,208,0.832,38,1.0,38,1.0,170,0.8019,80,211,212,0
0.5,0.3,3,0,12.0,0,0,250,38,212,208,0.832,38,1.0,38,1.0,170,0.8019,80,211,212,0
0.5,0.35,3,0,12.0,0,0,250,38,212,208,0.832,38,1.0,38,1.0,170,0.8019,80,211,212,0
0.5,0.45,1,0,24.0,0,0,250,38,212,208,0.832,38,1.0,38,1.0,170,0.8019,80,208,212,0
0.5,0.45,1,0,32.0,0,0,250,38,212,208,0.832,38,1.0,38,1.0,170,0.8019,80,208,212,0
0.5,0.45,1,0,48.0,0,0,250,38,212,208,0.832,38,1.0,38,1.0,170,0.8019,80,208,212,0
0.5,0.45,1,1,24.0,0,0,250,38,212,208,0.832,38,1.0,38,1.0,170,0.8019,80,208,212,0
0.5,0.45,1,1,32.0,0,0,250,38,212,208,0.832,38,1.0,38,1.0,170,0.8019,80,208,212,0
0.5,0.45,1,1,48.0,0,0,250,38,212,208,0.832,38,1.0,38,1.0,170,0.8019,80,208,212,0
0.5,0.45,1,2,24.0,0,0,250,38,212,208,0.832,38,1.0,38,1.0,170,0.8019,80,208,212,0
0.5,0.45,1,2,32.0,0,0,250,38,212,208,0.832,38,1.0,38,1.0,170,0.8019,80,208,212,0
0.5,0.45,1,2,48.0,0,0,250,38,212,208,0.832,38,1.0,38,1.0,170,0.8019,80,208,212,0
0.55,0.02,1,1,12.0,0,0,250,38,212,208,0.832,38,1.0,38,1.0,170,0.8019,80,210,212,0
0.55,0.02,1,1,18.0,0,0,250,38,212,208,0.832,38,1.0,38,1.0,170,0.8019,80,210,212,0
0.55,0.05,1,1,12.0,0,0,250,38,212,208,0.832,38,1.0,38,1.0,170,0.8019,80,210,212,0
0.55,0.05,1,1,18.0,0,0,250,38,212,208,0.832,38,1.0,38,1.0,170,0.8019,80,210,212,0
0.55,0.1,1,1,12.0,0,0,250,38,212,208,0.832,38,1.0,38,1.0,170,0.8019,80,210,212,0
0.55,0.1,1,1,18.0,0,0,250,38,212,208,0.832,38,1.0,38,1.0,170,0.8019,80,210,212,0
0.55,0.15,1,1,12.0,0,0,250,38,212,208,0.832,38,1.0,38,1.0,170,0.8019,80,210,212,0
0.55,0.15,1,1,18.0,0,0,250,38,212,208,0.832,38,1.0,38,1.0,170,0.8019,80,210,212,0
0.55,0.2,1,1,12.0,0,0,250,38,212,208,0.832,38,1.0,38,1.0,170,0.8019,80,210,212,0
0.55,0.2,1,1,18.0,0,0,250,38,212,208,0.832,38,1.0,38,1.0,170,0.8019,80,210,212,0
0.55,0.25,1,1,12.0,0,0,250,38,212,208,0.832,38,1.0,38,1.0,170,0.8019,80,210,212,0
0.55,0.25,1,1,18.0,0,0,250,38,212,208,0.832,38,1.0,38,1.0,170,0.8019,80,210,212,0
0.55,0.3,1,1,12.0,0,0,250,38,212,208,0.832,38,1.0,38,1.0,170,0.8019,80,210,212,0
0.55,0.3,1,1,18.0,0,0,250,38,212,208,0.832,38,1.0,38,1.0,170,0.8019,80,210,212,0
0.55,0.35,1,1,12.0,0,0,250,38,212,208,0.832,38,1.0,38,1.0,170,0.8019,80,210,212,0
0.55,0.35,1,1,18.0,0,0,250,38,212,208,0.832,38,1.0,38,1.0,170,0.8019,80,210,212,0
0.55,0.4,1,1,12.0,0,0,250,38,212,208,0.832,38,1.0,38,1.0,170,0.8019,80,210,212,0
0.55,0.4,1,1,18.0,0,0,250,38,212,208,0.832,38,1.0,38,1.0,170,0.8019,80,210,212,0
0.45,0.45,2,1,24.0,0,0,250,38,212,207,0.828,38,1.0,38,1.0,169,0.7972,81,209,212,0
0.45,0.45,2,1,32.0,0,0,250,38,212,207,0.828,38,1.0,38,1.0,169,0.7972,81,209,212,0
0.45,0.45,2,1,48.0,0,0,250,38,212,207,0.828,38,1.0,38,1.0,169,0.7972,81,209,212,0
0.45,0.45,2,2,24.0,0,0,250,38,212,207,0.828,38,1.0,38,1.0,169,0.7972,81,209,212,0
0.45,0.45,2,2,32.0,0,0,250,38,212,207,0.828,38,1.0,38,1.0,169,0.7972,81,209,212,0
0.45,0.45,2,2,48.0,0,0,250,38,212,207,0.828,38,1.0,38,1.0,169,0.7972,81,209,212,0
0.5,0.4,3,1,24.0,0,0,250,38,212,207,0.828,38,1.0,38,1.0,169,0.7972,81,212,212,0
0.5,0.4,3,1,32.0,0,0,250,38,212,207,0.828,38,1.0,38,1.0,169,0.7972,81,212,212,0
0.55,0.02,1,2,24.0,0,0,250,38,212,207,0.828,38,1.0,38,1.0,169,0.7972,81,211,212,0
0.55,0.02,1,2,32.0,0,0,250,38,212,207,0.828,38,1.0,38,1.0,169,0.7972,81,211,212,0
0.55,0.05,1,2,24.0,0,0,250,38,212,207,0.828,38,1.0,38,1.0,169,0.7972,81,211,212,0
0.55,0.05,1,2,32.0,0,0,250,38,212,207,0.828,38,1.0,38,1.0,169,0.7972,81,211,212,0
0.55,0.1,1,2,24.0,0,0,250,38,212,207,0.828,38,1.0,38,1.0,169,0.7972,81,211,212,0
0.55,0.1,1,2,32.0,0,0,250,38,212,207,0.828,38,1.0,38,1.0,169,0.7972,81,211,212,0
0.55,0.15,1,2,24.0,0,0,250,38,212,207,0.828,38,1.0,38,1.0,169,0.7972,81,211,212,0
0.55,0.15,1,2,32.0,0,0,250,38,212,207,0.828,38,1.0,38,1.0,169,0.7972,81,211,212,0
0.55,0.2,1,2,24.0,0,0,250,38,212,207,0.828,38,1.0,38,1.0,169,0.7972,81,211,212,0
0.55,0.2,1,2,32.0,0,0,250,38,212,207,0.828,38,1.0,38,1.0,169,0.7972,81,211,212,0
0.55,0.25,1,2,24.0,0,0,250,38,212,207,0.828,38,1.0,38,1.0,169,0.7972,81,211,212,0
0.55,0.25,1,2,32.0,0,0,250,38,212,207,0.828,38,1.0,38,1.0,169,0.7972,81,211,212,0
0.55,0.3,1,2,24.0,0,0,250,38,212,207,0.828,38,1.0,38,1.0,169,0.7972,81,211,212,0
0.55,0.3,1,2,32.0,0,0,250,38,212,207,0.828,38,1.0,38,1.0,169,0.7972,81,211,212,0
0.55,0.35,1,2,24.0,0,0,250,38,212,207,0.828,38,1.0,38,1.0,169,0.7972,81,211,212,0
0.55,0.35,1,2,32.0,0,0,250,38,212,207,0.828,38,1.0,38,1.0,169,0.7972,81,211,212,0
0.55,0.4,1,2,24.0,0,0,250,38,212,207,0.828,38,1.0,38,1.0,169,0.7972,81,211,212,0
0.55,0.4,1,2,32.0,0,0,250,38,212,207,0.828,38,1.0,38,1.0,169,0.7972,81,211,212,0
0.5,0.35,3,2,12.0,0,0,250,38,212,207,0.828,37,0.9737,37,0.9737,170,0.8019,79,213,213,1
0.45,0.4,3,1,12.0,0,0,250,38,212,206,0.824,38,1.0,38,1.0,168,0.7925,82,212,212,0
0.45,0.4,3,1,18.0,0,0,250,38,212,206,0.824,38,1.0,38,1.0,168,0.7925,82,212,212,0
0.5,0.4,2,2,12.0,0,0,250,38,212,206,0.824,38,1.0,38,1.0,168,0.7925,82,212,212,0
0.5,0.4,2,2,18.0,0,0,250,38,212,206,0.824,38,1.0,38,1.0,168,0.7925,82,212,212,0
0.5,0.4,3,0,24.0,0,0,250,38,212,206,0.824,38,1.0,38,1.0,168,0.7925,82,211,212,0
0.5,0.4,3,0,32.0,0,0,250,38,212,206,0.824,38,1.0,38,1.0,168,0.7925,82,211,212,0
0.55,0.02,1,0,12.0,0,0,250,38,212,206,0.824,38,1.0,38,1.0,168,0.7925,82,209,212,0
0.55,0.02,1,0,18.0,0,0,250,38,212,206,0.824,38,1.0,38,1.0,168,0.7925,82,209,212,0
0.55,0.02,1,1,24.0,0,0,250,38,212,206,0.824,38,1.0,38,1.0,168,0.7925,82,210,212,0
0.55,0.02,1,1,32.0,0,0,250,38,212,206,0.824,38,1.0,38,1.0,168,0.7925,82,210,212,0
0.55,0.05,1,0,12.0,0,0,250,38,212,206,0.824,38,1.0,38,1.0,168,0.7925,82,209,212,0
0.55,0.05,1,0,18.0,0,0,250,38,212,206,0.824,38,1.0,38,1.0,168,0.7925,82,209,212,0
0.55,0.05,1,1,24.0,0,0,250,38,212,206,0.824,38,1.0,38,1.0,168,0.7925,82,210,212,0
0.55,0.05,1,1,32.0,0,0,250,38,212,206,0.824,38,1.0,38,1.0,168,0.7925,82,210,212,0
0.55,0.1,1,0,12.0,0,0,250,38,212,206,0.824,38,1.0,38,1.0,168,0.7925,82,209,212,0
0.55,0.1,1,0,18.0,0,0,250,38,212,206,0.824,38,1.0,38,1.0,168,0.7925,82,209,212,0
0.55,0.1,1,1,24.0,0,0,250,38,212,206,0.824,38,1.0,38,1.0,168,0.7925,82,210,212,0
0.55,0.1,1,1,32.0,0,0,250,38,212,206,0.824,38,1.0,38,1.0,168,0.7925,82,210,212,0
0.55,0.15,1,0,12.0,0,0,250,38,212,206,0.824,38,1.0,38,1.0,168,0.7925,82,209,212,0
0.55,0.15,1,0,18.0,0,0,250,38,212,206,0.824,38,1.0,38,1.0,168,0.7925,82,209,212,0
0.55,0.15,1,1,24.0,0,0,250,38,212,206,0.824,38,1.0,38,1.0,168,0.7925,82,210,212,0
0.55,0.15,1,1,32.0,0,0,250,38,212,206,0.824,38,1.0,38,1.0,168,0.7925,82,210,212,0
0.55,0.2,1,0,12.0,0,0,250,38,212,206,0.824,38,1.0,38,1.0,168,0.7925,82,209,212,0
0.55,0.2,1,0,18.0,0,0,250,38,212,206,0.824,38,1.0,38,1.0,168,0.7925,82,209,212,0
0.55,0.2,1,1,24.0,0,0,250,38,212,206,0.824,38,1.0,38,1.0,168,0.7925,82,210,212,0
0.55,0.2,1,1,32.0,0,0,250,38,212,206,0.824,38,1.0,38,1.0,168,0.7925,82,210,212,0
0.55,0.25,1,0,12.0,0,0,250,38,212,206,0.824,38,1.0,38,1.0,168,0.7925,82,209,212,0
0.55,0.25,1,0,18.0,0,0,250,38,212,206,0.824,38,1.0,38,1.0,168,0.7925,82,209,212,0
0.55,0.25,1,1,24.0,0,0,250,38,212,206,0.824,38,1.0,38,1.0,168,0.7925,82,210,212,0
0.55,0.25,1,1,32.0,0,0,250,38,212,206,0.824,38,1.0,38,1.0,168,0.7925,82,210,212,0
0.55,0.3,1,0,12.0,0,0,250,38,212,206,0.824,38,1.0,38,1.0,168,0.7925,82,209,212,0
0.55,0.3,1,0,18.0,0,0,250,38,212,206,0.824,38,1.0,38,1.0,168,0.7925,82,209,212,0
0.55,0.3,1,1,24.0,0,0,250,38,212,206,0.824,38,1.0,38,1.0,168,0.7925,82,210,212,0
0.55,0.3,1,1,32.0,0,0,250,38,212,206,0.824,38,1.0,38,1.0,168,0.7925,82,210,212,0
0.55,0.35,1,0,12.0,0,0,250,38,212,206,0.824,38,1.0,38,1.0,168,0.7925,82,209,212,0
0.55,0.35,1,0,18.0,0,0,250,38,212,206,0.824,38,1.0,38,1.0,168,0.7925,82,209,212,0
0.55,0.35,1,1,24.0,0,0,250,38,212,206,0.824,38,1.0,38,1.0,168,0.7925,82,210,212,0
0.55,0.35,1,1,32.0,0,0,250,38,212,206,0.824,38,1.0,38,1.0,168,0.7925,82,210,212,0
0.55,0.4,1,0,12.0,0,0,250,38,212,206,0.824,38,1.0,38,1.0,168,0.7925,82,209,212,0
0.55,0.4,1,0,18.0,0,0,250,38,212,206,0.824,38,1.0,38,1.0,168,0.7925,82,209,212,0
0.55,0.4,1,1,24.0,0,0,250,38,212,206,0.824,38,1.0,38,1.0,168,0.7925,82,210,212,0
0.55,0.4,1,1,32.0,0,0,250,38,212,206,0.824,38,1.0,38,1.0,168,0.7925,82,210,212,0
0.45,0.4,3,2,12.0,0,0,250,38,212,206,0.824,37,0.9737,37,0.9737,169,0.7972,80,213,213,1
0.45,0.4,3,2,18.0,0,0,250,38,212,206,0.824,37,0.9737,37,0.9737,169,0.7972,80,213,213,1
0.5,0.4,3,2,24.0,0,0,250,38,212,206,0.824,37,0.9737,37,0.9737,169,0.7972,80,213,213,1
0.5,0.4,3,2,32.0,0,0,250,38,212,206,0.824,37,0.9737,37,0.9737,169,0.7972,80,213,213,1
0.45,0.02,3,1,12.0,0,0,250,38,212,205,0.82,38,1.0,38,1.0,167,0.7877,83,212,212,0
0.45,0.05,3,1,12.0,0,0,250,38,212,205,0.82,38,1.0,38,1.0,167,0.7877,83,212,212,0
0.45,0.1,3,1,12.0,0,0,250,38,212,205,0.82,38,1.0,38,1.0,167,0.7877,83,212,212,0
0.45,0.15,3,1,12.0,0,0,250,38,212,205,0.82,38,1.0,38,1.0,167,0.7877,83,212,212,0
0.45,0.2,3,1,12.0,0,0,250,38,212,205,0.82,38,1.0,38,1.0,167,0.7877,83,212,212,0
0.45,0.25,3,1,12.0,0,0,250,38,212,205,0.82,38,1.0,38,1.0,167,0.7877,83,212,212,0
0.45,0.3,3,1,12.0,0,0,250,38,212,205,0.82,38,1.0,38,1.0,167,0.7877,83,212,212,0
0.45,0.35,3,1,12.0,0,0,250,38,212,205,0.82,38,1.0,38,1.0,167,0.7877,83,212,212,0
0.5,0.35,3,1,18.0,0,0,250,38,212,205,0.82,38,1.0,38,1.0,167,0.7877,83,212,212,0
0.55,0.02,1,0,24.0,0,0,250,38,212,205,0.82,38,1.0,38,1.0,167,0.7877,83,209,212,0
0.55,0.02,1,0,32.0,0,0,250,38,212,205,0.82,38,1.0,38,1.0,167,0.7877,83,209,212,0
0.55,0.05,1,0,24.0,0,0,250,38,212,205,0.82,38,1.0,38,1.0,167,0.7877,83,209,212,0
0.55,0.05,1,0,32.0,0,0,250,38,212,205,0.82,38,1.0,38,1.0,167,0.7877,83,209,212,0
0.55,0.1,1,0,24.0,0,0,250,38,212,205,0.82,38,1.0,38,1.0,167,0.7877,83,209,212,0
0.55,0.1,1,0,32.0,0,0,250,38,212,205,0.82,38,1.0,38,1.0,167,0.7877,83,209,212,0
0.55,0.15,1,0,24.0,0,0,250,38,212,205,0.82,38,1.0,38,1.0,167,0.7877,83,209,212,0
0.55,0.15,1,0,32.0,0,0,250,38,212,205,0.82,38,1.0,38,1.0,167,0.7877,83,209,212,0
0.55,0.2,1,0,24.0,0,0,250,38,212,205,0.82,38,1.0,38,1.0,167,0.7877,83,209,212,0
0.55,0.2,1,0,32.0,0,0,250,38,212,205,0.82,38,1.0,38,1.0,167,0.7877,83,209,212,0
0.55,0.25,1,0,24.0,0,0,250,38,212,205,0.82,38,1.0,38,1.0,167,0.7877,83,209,212,0
0.55,0.25,1,0,32.0,0,0,250,38,212,205,0.82,38,1.0,38,1.0,167,0.7877,83,209,212,0
0.55,0.3,1,0,24.0,0,0,250,38,212,205,0.82,38,1.0,38,1.0,167,0.7877,83,209,212,0
0.55,0.3,1,0,32.0,0,0,250,38,212,205,0.82,38,1.0,38,1.0,167,0.7877,83,209,212,0
0.55,0.35,1,0,24.0,0,0,250,38,212,205,0.82,38,1.0,38,1.0,167,0.7877,83,209,212,0
0.55,0.35,1,0,32.0,0,0,250,38,212,205,0.82,38,1.0,38,1.0,167,0.7877,83,209,212,0
0.55,0.4,1,0,24.0,0,0,250,38,212,205,0.82,38,1.0,38,1.0,167,0.7877,83,209,212,0
0.55,0.4,1,0,32.0,0,0,250,38,212,205,0.82,38,1.0,38,1.0,167,0.7877,83,209,212,0
0.5,0.35,3,2,18.0,0,0,250,38,212,205,0.82,37,0.9737,37,0.9737,168,0.7925,81,213,213,1
0.4,0.4,3,1,12.0,0,0,250,38,212,204,0.816,38,1.0,38,1.0,166,0.783,84,212,212,0
0.4,0.4,3,1,18.0,0,0,250,38,212,204,0.816,38,1.0,38,1.0,166,0.783,84,212,212,0
0.45,0.4,2,2,12.0,0,0,250,38,212,204,0.816,38,1.0,38,1.0,166,0.783,84,212,212,0
0.45,0.4,2,2,18.0,0,0,250,38,212,204,0.816,38,1.0,38,1.0,166,0.783,84,212,212,0
0.45,0.4,3,0,12.0,0,0,250,38,212,204,0.816,38,1.0,38,1.0,166,0.783,84,211,212,0
0.45,0.4,3,0,18.0,0,0,250,38,212,204,0.816,38,1.0,38,1.0,166,0.783,84,211,212,0
0.45,0.45,1,2,12.0,0,0,250,38,212,204,0.816,38,1.0,38,1.0,166,0.783,84,208,212,0
0.45,0.45,1,2,18.0,0,0,250,38,212,204,0.816,38,1.0,38,1.0,166,0.783,84,208,212,0
0.5,0.4,2,1,12.0,0,0,250,38,212,204,0.816,38,1.0,38,1.0,166,0.783,84,211,212,0
0.5,0.4,2,1,18.0,0,0,250,38,212,204,0.816,38,1.0,38,1.0,166,0.783,84,211,212,0
0.55,0.02,1,0,48.0,0,0,250,38,212,204,0.816,38,1.0,38,1.0,166,0.783,84,166,212,0
0.55,0.02,1,1,48.0,0,0,250,38,212,204,0.816,38,1.0,38,1.0,166,0.783,84,166,212,0
0.55,0.02,1,2,48.0,0,0,250,38,212,204,0.816,38,1.0,38,1.0,166,0.783,84,166,212,0
0.55,0.05,1,0,48.0,0,0,250,38,212,204,0.816,38,1.0,38,1.0,166,0.783,84,166,212,0
0.55,0.05,1,1,48.0,0,0,250,38,212,204,0.816,38,1.0,38,1.0,166,0.783,84,166,212,0
0.55,0.05,1,2,48.0,0,0,250,38,212,204,0.816,38,1.0,38,1.0,166,0.783,84,166,212,0
0.55,0.1,1,0,48.0,0,0,250,38,212,204,0.816,38,1.0,38,1.0,166,0.783,84,166,212,0
0.55,0.1,1,1,48.0,0,0,250,38,212,204,0.816,38,1.0,38,1.0,166,0.783,84,166,212,0
0.55,0.1,1,2,48.0,0,0,250,38,212,204,0.816,38,1.0,38,1.0,166,0.783,84,166,212,0
0.55,0.15,1,0,48.0,0,0,250,38,212,204,0.816,38,1.0,38,1.0,166,0.783,84,166,212,0
0.55,0.15,1,1,48.0,0,0,250,38,212,204,0.816,38,1.0,38,1.0,166,0.783,84,166,212,0
0.55,0.15,1,2,48.0,0,0,250,38,212,204,0.816,38,1.0,38,1.0,166,0.783,84,166,212,0
0.55,0.2,1,0,48.0,0,0,250,38,212,204,0.816,38,1.0,38,1.0,166,0.783,84,166,212,0
0.55,0.2,1,1,48.0,0,0,250,38,212,204,0.816,38,1.0,38,1.0,166,0.783,84,166,212,0
0.55,0.2,1,2,48.0,0,0,250,38,212,204,0.816,38,1.0,38,1.0,166,0.783,84,166,212,0
0.55,0.25,1,0,48.0,0,0,250,38,212,204,0.816,38,1.0,38,1.0,166,0.783,84,166,212,0
0.55,0.25,1,1,48.0,0,0,250,38,212,204,0.816,38,1.0,38,1.0,166,0.783,84,166,212,0
0.55,0.25,1,2,48.0,0,0,250,38,212,204,0.816,38,1.0,38,1.0,166,0.783,84,166,212,0
0.55,0.3,1,0,48.0,0,0,250,38,212,204,0.816,38,1.0,38,1.0,166,0.783,84,166,212,0
0.55,0.3,1,1,48.0,0,0,250,38,212,204,0.816,38,1.0,38,1.0,166,0.783,84,166,212,0
0.55,0.3,1,2,48.0,0,0,250,38,212,204,0.816,38,1.0,38,1.0,166,0.783,84,166,212,0
0.55,0.35,1,0,48.0,0,0,250,38,212,204,0.816,38,1.0,38,1.0,166,0.783,84,166,212,0
0.55,0.35,1,1,48.0,0,0,250,38,212,204,0.816,38,1.0,38,1.0,166,0.783,84,166,212,0
0.55,0.35,1,2,48.0,0,0,250,38,212,204,0.816,38,1.0,38,1.0,166,0.783,84,166,212,0
0.55,0.4,1,0,48.0,0,0,250,38,212,204,0.816,38,1.0,38,1.0,166,0.783,84,166,212,0
0.55,0.4,1,1,48.0,0,0,250,38,212,204,0.816,38,1.0,38,1.0,166,0.783,84,166,212,0
0.55,0.4,1,2,48.0,0,0,250,38,212,204,0.816,38,1.0,38,1.0,166,0.783,84,166,212,0
0.4,0.4,3,2,12.0,0,0,250,38,212,204,0.816,37,0.9737,37,0.9737,167,0.7877,82,213,213,1
0.4,0.4,3,2,18.0,0,0,250,38,212,204,0.816,37,0.9737,37,0.9737,167,0.7877,82,213,213,1
0.4,0.35,3,1,12.0,0,0,250,38,212,203,0.812,38,1.0,38,1.0,165,0.7783,85,212,212,0
0.45,0.02,3,0,12.0,0,0,250,38,212,203,0.812,38,1.0,38,1.0,165,0.7783,85,211,212,0
0.45,0.05,3,0,12.0,0,0,250,38,212,203,0.812,38,1.0,38,1.0,165,0.7783,85,211,212,0
0.45,0.1,3,0,12.0,0,0,250,38,212,203,0.812,38,1.0,38,1.0,165,0.7783,85,211,212,0
0.45,0.15,3,0,12.0,0,0,250,38,212,203,0.812,38,1.0,38,1.0,165,0.7783,85,211,212,0
0.45,0.2,3,0,12.0,0,0,250,38,212,203,0.812,38,1.0,38,1.0,165,0.7783,85,211,212,0
0.45,0.25,3,0,12.0,0,0,250,38,212,203,0.812,38,1.0,38,1.0,165,0.7783,85,211,212,0
0.45,0.3,3,0,12.0,0,0,250,38,212,203,0.812,38,1.0,38,1.0,165,0.7783,85,211,212,0
0.45,0.35,3,0,12.0,0,0,250,38,212,203,0.812,38,1.0,38,1.0,165,0.7783,85,211,212,0
0.45,0.45,1,1,12.0,0,0,250,38,212,203,0.812,38,1.0,38,1.0,165,0.7783,85,208,212,0
0.45,0.45,1,1,18.0,0,0,250,38,212,203,0.812,38,1.0,38,1.0,165,0.7783,85,208,212,0
0.5,0.02,2,1,12.0,0,0,250,38,212,203,0.812,38,1.0,38,1.0,165,0.7783,85,211,212,0
0.5,0.02,3,0,18.0,0,0,250,38,212,203,0.812,38,1.0,38,1.0,165,0.7783,85,211,212,0
0.5,0.05,2,1,12.0,0,0,250,38,212,203,0.812,38,1.0,38,1.0,165,0.7783,85,211,212,0
0.5,0.05,3,0,18.0,0,0,250,38,212,203,0.812,38,1.0,38,1.0,165,0.7783,85,211,212,0
0.5,0.1,2,1,12.0,0,0,250,38,212,203,0.812,38,1.0,38,1.0,165,0.7783,85,211,212,0
0.5,0.1,3,0,18.0,0,0,250,38,212,203,0.812,38,1.0,38,1.0,165,0.7783,85,211,212,0
0.5,0.15,2,1,12.0,0,0,250,38,212,203,0.812,38,1.0,38,1.0,165,0.7783,85,211,212,0
0.5,0.15,3,0,18.0,0,0,250,38,212,203,0.812,38,1.0,38,1.0,165,0.7783,85,211,212,0
0.5,0.2,2,1,12.0,0,0,250,38,212,203,0.812,38,1.0,38,1.0,165,0.7783,85,211,212,0
0.5,0.2,3,0,18.0,0,0,250,38,212,203,0.812,38,1.0,38,1.0,165,0.7783,85,211,212,0
0.5,0.25,2,1,12.0,0,0,250,38,212,203,0.812,38,1.0,38,1.0,165,0.7783,85,211,212,0
0.5,0.25,3,0,18.0,0,0,250,38,212,203,0.812,38,1.0,38,1.0,165,0.7783,85,211,212,0
0.5,0.3,2,1,12.0,0,0,250,38,212,203,0.812,38,1.0,38,1.0,165,0.7783,85,211,212,0
0.5,0.3,3,0,18.0,0,0,250,38,212,203,0.812,38,1.0,38,1.0,165,0.7783,85,211,212,0
0.5,0.35,2,1,12.0,0,0,250,38,212,203,0.812,38,1.0,38,1.0,165,0.7783,85,211,212,0
0.5,0.35,3,0,18.0,0,0,250,38,212,203,0.812,38,1.0,38,1.0,165,0.7783,85,211,212,0
0.5,0.4,3,0,48.0,0,0,250,38,212,203,0.812,38,1.0,38,1.0,165,0.7783,85,170,212,0
0.5,0.4,3,1,48.0,0,0,250,38,212,203,0.812,38,1.0,38,1.0,165,0.7783,85,170,212,0
0.5,0.4,3,2,48.0,0,0,250,38,212,203,0.812,38,1.0,38,1.0,165,0.7783,85,170,212,0
0.4,0.4,3,0,12.0,0,0,250,38,212,202,0.808,38,1.0,38,1.0,164,0.7736,86,211,212,0
0.4,0.4,3,0,18.0,0,0,250,38,212,202,0.808,38,1.0,38,1.0,164,0.7736,86,211,212,0
0.45,0.4,2,1,12.0,0,0,250,38,212,202,0.808,38,1.0,38,1.0,164,0.7736,86,211,212,0
0.45,0.4,2,1,18.0,0,0,250,38,212,202,0.808,38,1.0,38,1.0,164,0.7736,86,211,212,0
0.45,0.4,3,1,24.0,0,0,250,38,212,202,0.808,38,1.0,38,1.0,164,0.7736,86,212,212,0
0.45,0.4,3,1,32.0,0,0,250,38,212,202,0.808,38,1.0,38,1.0,164,0.7736,86,212,212,0
0.45,0.45,1,0,12.0,0,0,250,38,212,202,0.808,38,1.0,38,1.0,164,0.7736,86,208,212,0
0.45,0.45,1,0,18.0,0,0,250,38,212,202,0.808,38,1.0,38,1.0,164,0.7736,86,208,212,0
0.5,0.35,2,2,12.0,0,0,250,38,212,202,0.808,38,1.0,38,1.0,164,0.7736,86,212,212,0
0.5,0.4,2,0,12.0,0,0,250,38,212,202,0.808,38,1.0,38,1.0,164,0.7736,86,210,212,0
0.5,0.4,2,0,18.0,0,0,250,38,212,202,0.808,38,1.0,38,1.0,164,0.7736,86,210,212,0
0.5,0.4,2,2,24.0,0,0,250,38,212,202,0.808,38,1.0,38,1.0,164,0.7736,86,212,212,0
0.5,0.4,2,2,32.0,0,0,250,38,212,202,0.808,38,1.0,38,1.0,164,0.7736,86,212,212,0
0.45,0.35,3,2,12.0,0,0,250,38,212,202,0.808,37,0.9737,37,0.9737,165,0.7783,84,213,213,1
0.5,0.02,3,2,12.0,0,0,250,38,212,202,0.808,37,0.9737,37,0.9737,165,0.7783,84,213,213,1
0.5,0.05,3,2,12.0,0,0,250,38,212,202,0.808,37,0.9737,37,0.9737,165,0.7783,84,213,213,1
0.5,0.1,3,2,12.0,0,0,250,38,212,202,0.808,37,0.9737,37,0.9737,165,0.7783,84,213,213,1
0.5,0.15,3,2,12.0,0,0,250,38,212,202,0.808,37,0.9737,37,0.9737,165,0.7783,84,213,213,1
0.5,0.2,3,2,12.0,0,0,250,38,212,202,0.808,37,0.9737,37,0.9737,165,0.7783,84,213,213,1
0.5,0.25,3,2,12.0,0,0,250,38,212,202,0.808,37,0.9737,37,0.9737,165,0.7783,84,213,213,1
0.5,0.3,3,2,12.0,0,0,250,38,212,202,0.808,37,0.9737,37,0.9737,165,0.7783,84,213,213,1
0.4,0.02,3,0,12.0,0,0,250,38,212,201,0.804,38,1.0,38,1.0,163,0.7689,87,211,212,0
0.4,0.05,3,0,12.0,0,0,250,38,212,201,0.804,38,1.0,38,1.0,163,0.7689,87,211,212,0
0.4,0.1,3,0,12.0,0,0,250,38,212,201,0.804,38,1.0,38,1.0,163,0.7689,87,211,212,0
0.4,0.15,3,0,12.0,0,0,250,38,212,201,0.804,38,1.0,38,1.0,163,0.7689,87,211,212,0
0.4,0.2,3,0,12.0,0,0,250,38,212,201,0.804,38,1.0,38,1.0,163,0.7689,87,211,212,0
0.4,0.25,3,0,12.0,0,0,250,38,212,201,0.804,38,1.0,38,1.0,163,0.7689,87,211,212,0
0.4,0.3,3,0,12.0,0,0,250,38,212,201,0.804,38,1.0,38,1.0,163,0.7689,87,211,212,0
0.4,0.35,3,0,12.0,0,0,250,38,212,201,0.804,38,1.0,38,1.0,163,0.7689,87,211,212,0
0.45,0.02,2,1,12.0,0,0,250,38,212,201,0.804,38,1.0,38,1.0,163,0.7689,87,211,212,0
0.45,0.05,2,1,12.0,0,0,250,38,212,201,0.804,38,1.0,38,1.0,163,0.7689,87,211,212,0
0.45,0.1,2,1,12.0,0,0,250,38,212,201,0.804,38,1.0,38,1.0,163,0.7689,87,211,212,0
0.45,0.15,2,1,12.0,0,0,250,38,212,201,0.804,38,1.0,38,1.0,163,0.7689,87,211,212,0
0.45,0.2,2,1,12.0,0,0,250,38,212,201,0.804,38,1.0,38,1.0,163,0.7689,87,211,212,0
0.45,0.25,2,1,12.0,0,0,250,38,212,201,0.804,38,1.0,38,1.0,163,0.7689,87,211,212,0
0.45,0.3,2,1,12.0,0,0,250,38,212,201,0.804,38,1.0,38,1.0,163,0.7689,87,211,212,0
0.45,0.35,2,1,12.0,0,0,250,38,212,201,0.804,38,1.0,38,1.0,163,0.7689,87,211,212,0
0.45,0.4,3,0,24.0,0,0,250,38,212,201,0.804,38,1.0,38,1.0,163,0.7689,87,211,212,0
0.45,0.4,3,0,32.0,0,0,250,38,212,201,0.804,38,1.0,38,1.0,163,0.7689,87,211,212,0
0.45,0.45,1,0,24.0,0,0,250,38,212,201,0.804,38,1.0,38,1.0,163,0.7689,87,208,212,0
0.45,0.45,1,0,32.0,0,0,250,38,212,201,0.804,38,1.0,38,1.0,163,0.7689,87,208,212,0
0.45,0.45,1,0,48.0,0,0,250,38,212,201,0.804,38,1.0,38,1.0,163,0.7689,87,208,212,0
0.45,0.45,1,1,24.0,0,0,250,38,212,201,0.804,38,1.0,38,1.0,163,0.7689,87,208,212,0
0.45,0.45,1,1,32.0,0,0,250,38,212,201,0.804,38,1.0,38,1.0,163,0.7689,87,208,212,0
0.45,0.45,1,1,48.0,0,0,250,38,212,201,0.804,38,1.0,38,1.0,163,0.7689,87,208,212,0
0.45,0.45,1,2,24.0,0,0,250,38,212,201,0.804,38,1.0,38,1.0,163,0.7689,87,208,212,0
0.45,0.45,1,2,32.0,0,0,250,38,212,201,0.804,38,1.0,38,1.0,163,0.7689,87,208,212,0
0.45,0.45,1,2,48.0,0,0,250,38,212,201,0.804,38,1.0,38,1.0,163,0.7689,87,208,212,0
0.5,0.02,2,0,12.0,0,0,250,38,212,201,0.804,38,1.0,38,1.0,163,0.7689,87,210,212,0
0.5,0.05,2,0,12.0,0,0,250,38,212,201,0.804,38,1.0,38,1.0,163,0.7689,87,210,212,0
0.5,0.1,2,0,12.0,0,0,250,38,212,201,0.804,38,1.0,38,1.0,163,0.7689,87,210,212,0
0.5,0.15,2,0,12.0,0,0,250,38,212,201,0.804,38,1.0,38,1.0,163,0.7689,87,210,212,0
0.5,0.2,2,0,12.0,0,0,250,38,212,201,0.804,38,1.0,38,1.0,163,0.7689,87,210,212,0
0.5,0.25,2,0,12.0,0,0,250,38,212,201,0.804,38,1.0,38,1.0,163,0.7689,87,210,212,0
0.5,0.3,2,0,12.0,0,0,250,38,212,201,0.804,38,1.0,38,1.0,163,0.7689,87,210,212,0
0.5,0.35,2,0,12.0,0,0,250,38,212,201,0.804,38,1.0,38,1.0,163,0.7689,87,210,212,0
0.5,0.35,3,1,24.0,0,0,250,38,212,201,0.804,38,1.0,38,1.0,163,0.7689,87,212,212,0
0.5,0.35,3,1,32.0,0,0,250,38,212,201,0.804,38,1.0,38,1.0,163,0.7689,87,212,212,0
0.5,0.4,1,2,12.0,0,0,250,38,212,201,0.804,38,1.0,38,1.0,163,0.7689,87,211,212,0
0.5,0.4,1,2,18.0,0,0,250,38,212,201,0.804,38,1.0,38,1.0,163,0.7689,87,211,212,0
0.5,0.4,2,1,24.0,0,0,250,38,212,201,0.804,38,1.0,38,1.0,163,0.7689,87,211,212,0
0.5,0.4,2,1,32.0,0,0,250,38,212,201,0.804,38,1.0,38,1.0,163,0.7689,87,211,212,0
0.4,0.35,3,2,12.0,0,0,250,38,212,201,0.804,37,0.9737,37,0.9737,164,0.7736,85,213,213,1
0.45,0.4,3,2,24.0,0,0,250,38,212,201,0.804,37,0.9737,37,0.9737,164,0.7736,85,213,213,1
0.45,0.4,3,2,32.0,0,0,250,38,212,201,0.804,37,0.9737,37,0.9737,164,0.7736,85,213,213,1
0.4,0.4,3,1,24.0,0,0,250,38,212,200,0.8,38,1.0,38,1.0,162,0.7642,88,212,212,0
0.4,0.4,3,1,32.0,0,0,250,38,212,200,0.8,38,1.0,38,1.0,162,0.7642,88,212,212,0
0.45,0.35,2,2,12.0,0,0,250,38,212,200,0.8,38,1.0,38,1.0,162,0.7642,88,212,212,0
0.45,0.35,3,1,18.0,0,0,250,38,212,200,0.8,38,1.0,38,1.0,162,0.7642,88,212,212,0
0.45,0.4,2,0,12.0,0,0,250,38,212,200,0.8,38,1.0,38,1.0,162,0.7642,88,210,212,0
0.45,0.4,2,0,18.0,0,0,250,38,212,200,0.8,38,1.0,38,1.0,162,0.7642,88,210,212,0
0.45,0.4,2,2,24.0,0,0,250,38,212,200,0.8,38,1.0,38,1.0,162,0.7642,88,212,212,0
0.45,0.4,2,2,32.0,0,0,250,38,212,200,0.8,38,1.0,38,1.0,162,0.7642,88,212,212,0
0.5,0.02,3,0,24.0,0,0,250,38,212,200,0.8,38,1.0,38,1.0,162,0.7642,88,211,212,0
0.5,0.02,3,0,32.0,0,0,250,38,212,200,0.8,38,1.0,38,1.0,162,0.7642,88,211,212,0
0.5,0.05,3,0,24.0,0,0,250,38,212,200,0.8,38,1.0,38,1.0,162,0.7642,88,211,212,0
0.5,0.05,3,0,32.0,0,0,250,38,212,200,0.8,38,1.0,38,1.0,162,0.7642,88,211,212,0
0.5,0.1,3,0,24.0,0,0,250,38,212,200,0.8,38,1.0,38,1.0,162,0.7642,88,211,212,0
0.5,0.1,3,0,32.0,0,0,250,38,212,200,0.8,38,1.0,38,1.0,162,0.7642,88,211,212,0
0.5,0.15,3,0,24.0,0,0,250,38,212,200,0.8,38,1.0,38,1.0,162,0.7642,88,211,212,0
0.5,0.15,3,0,32.0,0,0,250,38,212,200,0.8,38,1.0,38,1.0,162,0.7642,88,211,212,0
0.5,0.2,3,0,24.0,0,0,250,38,212,200,0.8,38,1.0,38,1.0,162,0.7642,88,211,212,0
0.5,0.2,3,0,32.0,0,0,250,38,212,200,0.8,38,1.0,38,1.0,162,0.7642,88,211,212,0
0.5,0.25,3,0,24.0,0,0,250,38,212,200,0.8,38,1.0,38,1.0,162,0.7642,88,211,212,0
0.5,0.25,3,0,32.0,0,0,250,38,212,200,0.8,38,1.0,38,1.0,162,0.7642,88,211,212,0
0.5,0.3,3,0,24.0,0,0,250,38,212,200,0.8,38,1.0,38,1.0,162,0.7642,88,211,212,0
0.5,0.3,3,0,32.0,0,0,250,38,212,200,0.8,38,1.0,38,1.0,162,0.7642,88,211,212,0
0.5,0.35,2,2,18.0,0,0,250,38,212,200,0.8,38,1.0,38,1.0,162,0.7642,88,212,212,0
0.5,0.35,3,0,24.0,0,0,250,38,212,200,0.8,38,1.0,38,1.0,162,0.7642,88,211,212,0
0.5,0.35,3,0,32.0,0,0,250,38,212,200,0.8,38,1.0,38,1.0,162,0.7642,88,211,212,0
0.5,0.4,2,0,24.0,0,0,250,38,212,200,0.8,38,1.0,38,1.0,162,0.7642,88,210,212,0
0.5,0.4,2,0,32.0,0,0,250,38,212,200,0.8,38,1.0,38,1.0,162,0.7642,88,210,212,0
0.45,0.35,3,2,18.0,0,0,250,38,212,200,0.8,37,0.9737,37,0.9737,163,0.7689,86,213,213,1
0.5,0.35,3,2,24.0,0,0,250,38,212,200,0.8,37,0.9737,37,0.9737,163,0.7689,86,213,213,1
0.5,0.35,3,2,32.0,0,0,250,38,212,200,0.8,37,0.9737,37,0.9737,163,0.7689,86,213,213,1
0.4,0.35,3,1,18.0,0,0,250,38,212,199,0.796,38,1.0,38,1.0,161,0.7594,89,212,212,0
0.4,0.4,3,0,24.0,0,0,250,38,212,199,0.796,38,1.0,38,1.0,161,0.7594,89,211,212,0
0.4,0.4,3,0,32.0,0,0,250,38,212,199,0.796,38,1.0,38,1.0,161,0.7594,89,211,212,0
0.45,0.02,2,0,12.0,0,0,250,38,212,199,0.796,38,1.0,38,1.0,161,0.7594,89,210,212,0
0.45,0.05,2,0,12.0,0,0,250,38,212,199,0.796,38,1.0,38,1.0,161,0.7594,89,210,212,0
0.45,0.1,2,0,12.0,0,0,250,38,212,199,0.796,38,1.0,38,1.0,161,0.7594,89,210,212,0
0.45,0.15,2,0,12.0,0,0,250,38,212,199,0.796,38,1.0,38,1.0,161,0.7594,89,210,212,0
0.45,0.2,2,0,12.0,0,0,250,38,212,199,0.796,38,1.0,38,1.0,161,0.7594,89,210,212,0
0.45,0.25,2,0,12.0,0,0,250,38,212,199,0.796,38,1.0,38,1.0,161,0.7594,89,210,212,0
0.45,0.3,2,0,12.0,0,0,250,38,212,199,0.796,38,1.0,38,1.0,161,0.7594,89,210,212,0
0.45,0.35,2,0,12.0,0,0,250,38,212,199,0.796,38,1.0,38,1.0,161,0.7594,89,210,212,0
0.45,0.4,2,1,24.0,0,0,250,38,212,199,0.796,38,1.0,38,1.0,161,0.7594,89,211,212,0
0.45,0.4,2,1,32.0,0,0,250,38,212,199,0.796,38,1.0,38,1.0,161,0.7594,89,211,212,0
0.5,0.02,3,1,18.0,0,0,250,38,212,199,0.796,38,1.0,38,1.0,161,0.7594,89,212,212,0
0.5,0.05,3,1,18.0,0,0,250,38,212,199,0.796,38,1.0,38,1.0,161,0.7594,89,212,212,0
0.5,0.1,3,1,18.0,0,0,250,38,212,199,0.796,38,1.0,38,1.0,161,0.7594,89,212,212,0
0.5,0.15,3,1,18.0,0,0,250,38,212,199,0.796,38,1.0,38,1.0,161,0.7594,89,212,212,0
0.5,0.2,3,1,18.0,0,0,250,38,212,199,0.796,38,1.0,38,1.0,161,0.7594,89,212,212,0
0.5,0.25,3,1,18.0,0,0,250,38,212,199,0.796,38,1.0,38,1.0,161,0.7594,89,212,212,0
0.5,0.3,3,1,18.0,0,0,250,38,212,199,0.796,38,1.0,38,1.0,161,0.7594,89,212,212,0
0.5,0.4,1,1,12.0,0,0,250,38,212,199,0.796,38,1.0,38,1.0,161,0.7594,89,210,212,0
0.5,0.4,1,1,18.0,0,0,250,38,212,199,0.796,38,1.0,38,1.0,161,0.7594,89,210,212,0
0.4,0.35,3,2,18.0,0,0,250,38,212,199,0.796,37,0.9737,37,0.9737,162,0.7642,87,213,213,1
0.4,0.4,3,2,24.0,0,0,250,38,212,199,0.796,37,0.9737,37,0.9737,162,0.7642,87,213,213,1
0.4,0.4,3,2,32.0,0,0,250,38,212,199,0.796,37,0.9737,37,0.9737,162,0.7642,87,213,213,1
0.5,0.02,3,2,18.0,0,0,250,38,212,199,0.796,37,0.9737,37,0.9737,162,0.7642,87,213,213,1
0.5,0.05,3,2,18.0,0,0,250,38,212,199,0.796,37,0.9737,37,0.9737,162,0.7642,87,213,213,1
0.5,0.1,3,2,18.0,0,0,250,38,212,199,0.796,37,0.9737,37,0.9737,162,0.7642,87,213,213,1
0.5,0.15,3,2,18.0,0,0,250,38,212,199,0.796,37,0.9737,37,0.9737,162,0.7642,87,213,213,1
0.5,0.2,3,2,18.0,0,0,250,38,212,199,0.796,37,0.9737,37,0.9737,162,0.7642,87,213,213,1
0.5,0.25,3,2,18.0,0,0,250,38,212,199,0.796,37,0.9737,37,0.9737,162,0.7642,87,213,213,1
0.5,0.3,3,2,18.0,0,0,250,38,212,199,0.796,37,0.9737,37,0.9737,162,0.7642,87,213,213,1
0.4,0.02,3,1,12.0,0,0,250,38,212,198,0.792,38,1.0,38,1.0,160,0.7547,90,212,212,0
0.4,0.05,3,1,12.0,0,0,250,38,212,198,0.792,38,1.0,38,1.0,160,0.7547,90,212,212,0
0.4,0.1,3,1,12.0,0,0,250,38,212,198,0.792,38,1.0,38,1.0,160,0.7547,90,212,212,0
0.4,0.15,3,1,12.0,0,0,250,38,212,198,0.792,38,1.0,38,1.0,160,0.7547,90,212,212,0
0.4,0.2,3,1,12.0,0,0,250,38,212,198,0.792,38,1.0,38,1.0,160,0.7547,90,212,212,0
0.4,0.25,3,1,12.0,0,0,250,38,212,198,0.792,38,1.0,38,1.0,160,0.7547,90,212,212,0
0.4,0.3,3,1,12.0,0,0,250,38,212,198,0.792,38,1.0,38,1.0,160,0.7547,90,212,212,0
0.4,0.4,2,2,12.0,0,0,250,38,212,198,0.792,38,1.0,38,1.0,160,0.7547,90,212,212,0
0.4,0.4,2,2,18.0,0,0,250,38,212,198,0.792,38,1.0,38,1.0,160,0.7547,90,212,212,0
0.45,0.02,3,0,18.0,0,0,250,38,212,198,0.792,38,1.0,38,1.0,160,0.7547,90,211,212,0
0.45,0.05,3,0,18.0,0,0,250,38,212,198,0.792,38,1.0,38,1.0,160,0.7547,90,211,212,0
0.45,0.1,3,0,18.0,0,0,250,38,212,198,0.792,38,1.0,38,1.0,160,0.7547,90,211,212,0
0.45,0.15,3,0,18.0,0,0,250,38,212,198,0.792,38,1.0,38,1.0,160,0.7547,90,211,212,0
0.45,0.2,3,0,18.0,0,0,250,38,212,198,0.792,38,1.0,38,1.0,160,0.7547,90,211,212,0
0.45,0.25,3,0,18.0,0,0,250,38,212,198,0.792,38,1.0,38,1.0,160,0.7547,90,211,212,0
0.45,0.3,3,0,18.0,0,0,250,38,212,198,0.792,38,1.0,38,1.0,160,0.7547,90,211,212,0
0.45,0.35,2,2,18.0,0,0,250,38,212,198,0.792,38,1.0,38,1.0,160,0.7547,90,212,212,0
0.45,0.35,3,0,18.0,0,0,250,38,212,198,0.792,38,1.0,38,1.0,160,0.7547,90,211,212,0
0.45,0.4,2,0,24.0,0,0,250,38,212,198,0.792,38,1.0,38,1.0,160,0.7547,90,210,212,0
0.45,0.4,2,0,32.0,0,0,250,38,212,198,0.792,38,1.0,38,1.0,160,0.7547,90,210,212,0
0.45,0.4,3,0,48.0,0,0,250,38,212,198,0.792,38,1.0,38,1.0,160,0.7547,90,165,212,0
0.45,0.4,3,1,48.0,0,0,250,38,212,198,0.792,38,1.0,38,1.0,160,0.7547,90,165,212,0
0.45,0.4,3,2,48.0,0,0,250,38,212,198,0.792,38,1.0,38,1.0,160,0.7547,90,165,212,0
0.5,0.35,1,1,12.0,0,0,250,38,212,198,0.792,38,1.0,38,1.0,160,0.7547,90,210,212,0
0.5,0.35,1,2,12.0,0,0,250,38,212,198,0.792,38,1.0,38,1.0,160,0.7547,90,211,212,0
0.5,0.35,2,1,18.0,0,0,250,38,212,198,0.792,38,1.0,38,1.0,160,0.7547,90,211,212,0
0.5,0.4,1,2,24.0,0,0,250,38,212,198,0.792,38,1.0,38,1.0,160,0.7547,90,211,212,0
0.5,0.4,1,2,32.0,0,0,250,38,212,198,0.792,38,1.0,38,1.0,160,0.7547,90,211,212,0
0.5,0.4,2,0,48.0,0,0,250,38,212,198,0.792,38,1.0,38,1.0,160,0.7547,90,166,212,0
0.5,0.4,2,1,48.0,0,0,250,38,212,198,0.792,38,1.0,38,1.0,160,0.7547,90,166,212,0
0.5,0.4,2,2,48.0,0,0,250,38,212,198,0.792,38,1.0,38,1.0,160,0.7547,90,166,212,0
0.4,0.02,3,0,18.0,0,0,250,38,212,197,0.788,38,1.0,38,1.0,159,0.75,91,211,212,0
0.4,0.05,3,0,18.0,0,0,250,38,212,197,0.788,38,1.0,38,1.0,159,0.75,91,211,212,0
0.4,0.1,3,0,18.0,0,0,250,38,212,197,0.788,38,1.0,38,1.0,159,0.75,91,211,212,0
0.4,0.15,3,0,18.0,0,0,250,38,212,197,0.788,38,1.0,38,1.0,159,0.75,91,211,212,0
0.4,0.2,3,0,18.0,0,0,250,38,212,197,0.788,38,1.0,38,1.0,159,0.75,91,211,212,0
0.4,0.25,3,0,18.0,0,0,250,38,212,197,0.788,38,1.0,38,1.0,159,0.75,91,211,212,0
0.4,0.3,3,0,18.0,0,0,250,38,212,197,0.788,38,1.0,38,1.0,159,0.75,91,211,212,0
0.4,0.35,3,0,18.0,0,0,250,38,212,197,0.788,38,1.0,38,1.0,159,0.75,91,211,212,0
0.45,0.4,1,2,12.0,0,0,250,38,212,197,0.788,38,1.0,38,1.0,159,0.75,91,211,212,0
0.45,0.4,1,2,18.0,0,0,250,38,212,197,0.788,38,1.0,38,1.0,159,0.75,91,211,212,0
0.5,0.02,2,2,12.0,0,0,250,38,212,197,0.788,38,1.0,38,1.0,159,0.75,91,212,212,0
0.5,0.02,3,0,48.0,0,0,250,38,212,197,0.788,38,1.0,38,1.0,159,0.75,91,170,212,0
0.5,0.05,2,2,12.0,0,0,250,38,212,197,0.788,38,1.0,38,1.0,159,0.75,91,212,212,0
0.5,0.05,3,0,48.0,0,0,250,38,212,197,0.788,38,1.0,38,1.0,159,0.75,91,170,212,0
0.5,0.1,2,2,12.0,0,0,250,38,212,197,0.788,38,1.0,38,1.0,159,0.75,91,212,212,0
0.5,0.1,3,0,48.0,0,0,250,38,212,197,0.788,38,1.0,38,1.0,159,0.75,91,170,212,0
0.5,0.15,2,2,12.0,0,0,250,38,212,197,0.788,38,1.0,38,1.0,159,0.75,91,212,212,0
0.5,0.15,3,0,48.0,0,0,250,38,212,197,0.788,38,1.0,38,1.0,159,0.75,91,170,212,0
0.5,0.2,2,2,12.0,0,0,250,38,212,197,0.788,38,1.0,38,1.0,159,0.75,91,212,212,0
0.5,0.2,3,0,48.0,0,0,250,38,212,197,0.788,38,1.0,38,1.0,159,0.75,91,170,212,0
0.5,0.25,2,2,12.0,0,0,250,38,212,197,0.788,38,1.0,38,1.0,159,0.75,91,212,212,0
0.5,0.25,3,0,48.0,0,0,250,38,212,197,0.788,38,1.0,38,1.0,159,0.75,91,170,212,0
0.5,0.3,2,2,12.0,0,0,250,38,212,197,0.788,38,1.0,38,1.0,159,0.75,91,212,212,0
0.5,0.3,3,0,48.0,0,0,250,38,212,197,0.788,38,1.0,38,1.0,159,0.75,91,170,212,0
0.5,0.35,3,0,48.0,0,0,250,38,212,197,0.788,38,1.0,38,1.0,159,0.75,91,170,212,0
0.5,0.35,3,1,48.0,0,0,250,38,212,197,0.788,38,1.0,38,1.0,159,0.75,91,170,212,0
0.5,0.35,3,2,48.0,0,0,250,38,212,197,0.788,38,1.0,38,1.0,159,0.75,91,170,212,0
0.5,0.4,1,0,12.0,0,0,250,38,212,197,0.788,38,1.0,38,1.0,159,0.75,91,209,212,0
0.5,0.4,1,0,18.0,0,0,250,38,212,197,0.788,38,1.0,38,1.0,159,0.75,91,209,212,0
0.5,0.4,1,1,24.0,0,0,250,38,212,197,0.788,38,1.0,38,1.0,159,0.75,91,210,212,0
0.5,0.4,1,1,32.0,0,0,250,38,212,197,0.788,38,1.0,38,1.0,159,0.75,91,210,212,0
0.45,0.02,3,2,12.0,0,0,250,38,212,197,0.788,37,0.9737,37,0.9737,160,0.7547,89,213,213,1
0.45,0.05,3,2,12.0,0,0,250,38,212,197,0.788,37,0.9737,37,0.9737,160,0.7547,89,213,213,1
0.45,0.1,3,2,12.0,0,0,250,38,212,197,0.788,37,0.9737,37,0.9737,160,0.7547,89,213,213,1
0.45,0.15,3,2,12.0,0,0,250,38,212,197,0.788,37,0.9737,37,0.9737,160,0.7547,89,213,213,1
0.45,0.2,3,2,12.0,0,0,250,38,212,197,0.788,37,0.9737,37,0.9737,160,0.7547,89,213,213,1
0.45,0.25,3,2,12.0,0,0,250,38,212,197,0.788,37,0.9737,37,0.9737,160,0.7547,89,213,213,1
0.45,0.3,3,2,12.0,0,0,250,38,212,197,0.788,37,0.9737,37,0.9737,160,0.7547,89,213,213,1
0.4,0.4,2,1,12.0,0,0,250,38,212,196,0.784,38,1.0,38,1.0,158,0.7453,92,211,212,0
0.4,0.4,2,1,18.0,0,0,250,38,212,196,0.784,38,1.0,38,1.0,158,0.7453,92,211,212,0
0.4,0.4,3,0,48.0,0,0,250,38,212,196,0.784,38,1.0,38,1.0,158,0.7453,92,165,212,0
0.4,0.4,3,1,48.0,0,0,250,38,212,196,0.784,38,1.0,38,1.0,158,0.7453,92,165,212,0
0.4,0.4,3,2,48.0,0,0,250,38,212,196,0.784,38,1.0,38,1.0,158,0.7453,92,165,212,0
0.45,0.35,1,2,12.0,0,0,250,38,212,196,0.784,38,1.0,38,1.0,158,0.7453,92,211,212,0
0.45,0.35,2,1,18.0,0,0,250,38,212,196,0.784,38,1.0,38,1.0,158,0.7453,92,211,212,0
0.45,0.35,3,1,24.0,0,0,250,38,212,196,0.784,38,1.0,38,1.0,158,0.7453,92,212,212,0
0.45,0.35,3,1,32.0,0,0,250,38,212,196,0.784,38,1.0,38,1.0,158,0.7453,92,212,212,0
0.45,0.4,2,0,48.0,0,0,250,38,212,196,0.784,38,1.0,38,1.0,158,0.7453,92,164,212,0
0.45,0.4,2,1,48.0,0,0,250,38,212,196,0.784,38,1.0,38,1.0,158,0.7453,92,164,212,0
0.45,0.4,2,2,48.0,0,0,250,38,212,196,0.784,38,1.0,38,1.0,158,0.7453,92,164,212,0
0.5,0.02,1,0,12.0,0,0,250,38,212,196,0.784,38,1.0,38,1.0,158,0.7453,92,209,212,0
0.5,0.02,2,0,18.0,0,0,250,38,212,196,0.784,38,1.0,38,1.0,158,0.7453,92,210,212,0
0.5,0.05,1,0,12.0,0,0,250,38,212,196,0.784,38,1.0,38,1.0,158,0.7453,92,209,212,0
0.5,0.05,2,0,18.0,0,0,250,38,212,196,0.784,38,1.0,38,1.0,158,0.7453,92,210,212,0
0.5,0.1,1,0,12.0,0,0,250,38,212,196,0.784,38,1.0,38,1.0,158,0.7453,92,209,212,0
0.5,0.1,2,0,18.0,0,0,250,38,212,196,0.784,38,1.0,38,1.0,158,0.7453,92,210,212,0
0.5,0.15,1,0,12.0,0,0,250,38,212,196,0.784,38,1.0,38,1.0,158,0.7453,92,209,212,0
0.5,0.15,2,0,18.0,0,0,250,38,212,196,0.784,38,1.0,38,1.0,158,0.7453,92,210,212,0
0.5,0.2,1,0,12.0,0,0,250,38,212,196,0.784,38,1.0,38,1.0,158,0.7453,92,209,212,0
0.5,0.2,2,0,18.0,0,0,250,38,212,196,0.784,38,1.0,38,1.0,158,0.7453,92,210,212,0
0.5,0.25,1,0,12.0,0,0,250,38,212,196,0.784,38,1.0,38,1.0,158,0.7453,92,209,212,0
0.5,0.25,2,0,18.0,0,0,250,38,212,196,0.784,38,1.0,38,1.0,158,0.7453,92,210,212,0
0.5,0.3,1,0,12.0,0,0,250,38,212,196,0.784,38,1.0,38,1.0,158,0.7453,92,209,212,0
0.5,0.3,2,0,18.0,0,0,250,38,212,196,0.784,38,1.0,38,1.0,158,0.7453,92,210,212,0
0.5,0.35,1,0,12.0,0,0,250,38,212,196,0.784,38,1.0,38,1.0,158,0.7453,92,209,212,0
0.5,0.35,1,2,18.0,0,0,250,38,212,196,0.784,38,1.0,38,1.0,158,0.7453,92,211,212,0
0.5,0.35,2,0,18.0,0,0,250,38,212,196,0.784,38,1.0,38,1.0,158,0.7453,92,210,212,0
0.5,0.35,2,2,24.0,0,0,250,38,212,196,0.784,38,1.0,38,1.0,158,0.7453,92,212,212,0
0.5,0.35,2,2,32.0,0,0,250,38,212,196,0.784,38,1.0,38,1.0,158,0.7453,92,212,212,0
0.5,0.4,1,0,24.0,0,0,250,38,212,196,0.784,38,1.0,38,1.0,158,0.7453,92,209,212,0
0.5,0.4,1,0,32.0,0,0,250,38,212,196,0.784,38,1.0,38,1.0,158,0.7453,92,209,212,0
0.4,0.02,3,2,12.0,0,0,250,38,212,196,0.784,37,0.9737,37,0.9737,159,0.75,90,213,213,1
0.4,0.05,3,2,12.0,0,0,250,38,212,196,0.784,37,0.9737,37,0.9737,159,0.75,90,213,213,1
0.4,0.1,3,2,12.0,0,0,250,38,212,196,0.784,37,0.9737,37,0.9737,159,0.75,90,213,213,1
0.4,0.15,3,2,12.0,0,0,250,38,212,196,0.784,37,0.9737,37,0.9737,159,0.75,90,213,213,1
0.4,0.2,3,2,12.0,0,0,250,38,212,196,0.784,37,0.9737,37,0.9737,159,0.75,90,213,213,1
0.4,0.25,3,2,12.0,0,0,250,38,212,196,0.784,37,0.9737,37,0.9737,159,0.75,90,213,213,1
0.4,0.3,3,2,12.0,0,0,250,38,212,196,0.784,37,0.9737,37,0.9737,159,0.75,90,213,213,1
0.35,0.35,3,1,12.0,0,0,250,38,212,195,0.78,38,1.0,38,1.0,157,0.7406,93,212,212,0
0.4,0.35,2,2,12.0,0,0,250,38,212,195,0.78,38,1.0,38,1.0,157,0.7406,93,212,212,0
0.4,0.35,3,1,24.0,0,0,250,38,212,195,0.78,38,1.0,38,1.0,157,0.7406,93,212,212,0
0.4,0.35,3,1,32.0,0,0,250,38,212,195,0.78,38,1.0,38,1.0,157,0.7406,93,212,212,0
0.4,0.4,2,0,12.0,0,0,250,38,212,195,0.78,38,1.0,38,1.0,157,0.7406,93,210,212,0
0.4,0.4,2,0,18.0,0,0,250,38,212,195,0.78,38,1.0,38,1.0,157,0.7406,93,210,212,0
0.45,0.02,2,2,12.0,0,0,250,38,212,195,0.78,38,1.0,38,1.0,157,0.7406,93,212,212,0
0.45,0.02,3,0,24.0,0,0,250,38,212,195,0.78,38,1.0,38,1.0,157,0.7406,93,211,212,0
0.45,0.02,3,0,32.0,0,0,250,38,212,195,0.78,38,1.0,38,1.0,157,0.7406,93,211,212,0
0.45,0.05,2,2,12.0,0,0,250,38,212,195,0.78,38,1.0,38,1.0,157,0.7406,93,212,212,0
0.45,0.05,3,0,24.0,0,0,250,38,212,195,0.78,38,1.0,38,1.0,157,0.7406,93,211,212,0
0.45,0.05,3,0,32.0,0,0,250,38,212,195,0.78,38,1.0,38,1.0,157,0.7406,93,211,212,0
0.45,0.1,2,2,12.0,0,0,250,38,212,195,0.78,38,1.0,38,1.0,157,0.7406,93,212,212,0
0.45,0.1,3,0,24.0,0,0,250,38,212,195,0.78,38,1.0,38,1.0,157,0.7406,93,211,212,0
0.45,0.1,3,0,32.0,0,0,250,38,212,195,0.78,38,1.0,38,1.0,157,0.7406,93,211,212,0
0.45,0.15,2,2,12.0,0,0,250,38,212,195,0.78,38,1.0,38,1.0,157,0.7406,93,212,212,0
0.45,0.15,3,0,24.0,0,0,250,38,212,195,0.78,38,1.0,38,1.0,157,0.7406,93,211,212,0
0.45,0.15,3,0,32.0,0,0,250,38,212,195,0.78,38,1.0,38,1.0,157,0.7406,93,211,212,0
0.45,0.2,2,2,12.0,0,0,250,38,212,195,0.78,38,1.0,38,1.0,157,0.7406,93,212,212,0
0.45,0.2,3,0,24.0,0,0,250,38,212,195,0.78,38,1.0,38,1.0,157,0.7406,93,211,212,0
0.45,0.2,3,0,32.0,0,0,250,38,212,195,0.78,38,1.0,38,1.0,157,0.7406,93,211,212,0
0.45,0.25,2,2,12.0,0,0,250,38,212,195,0.78,38,1.0,38,1.0,157,0.7406,93,212,212,0
0.45,0.25,3,0,24.0,0,0,250,38,212,195,0.78,38,1.0,38,1.0,157,0.7406,93,211,212,0
0.45,0.25,3,0,32.0,0,0,250,38,212,195,0.78,38,1.0,38,1.0,157,0.7406,93,211,212,0
0.45,0.3,2,2,12.0,0,0,250,38,212,195,0.78,38,1.0,38,1.0,157,0.7406,93,212,212,0
0.45,0.3,3,0,24.0,0,0,250,38,212,195,0.78,38,1.0,38,1.0,157,0.7406,93,211,212,0
0.45,0.3,3,0,32.0,0,0,250,38,212,195,0.78,38,1.0,38,1.0,157,0.7406,93,211,212,0
0.45,0.35,3,0,24.0,0,0,250,38,212,195,0.78,38,1.0,38,1.0,157,0.7406,93,211,212,0
0.45,0.35,3,0,32.0,0,0,250,38,212,195,0.78,38,1.0,38,1.0,157,0.7406,93,211,212,0
0.45,0.4,1,1,12.0,0,0,250,38,212,195,0.78,38,1.0,38,1.0,157,0.7406,93,210,212,0
0.45,0.4,1,1,18.0,0,0,250,38,212,195,0.78,38,1.0,38,1.0,157,0.7406,93,210,212,0
0.5,0.02,3,1,24.0,0,0,250,38,212,195,0.78,38,1.0,38,1.0,157,0.7406,93,212,212,0
0.5,0.02,3,1,32.0,0,0,250,38,212,195,0.78,38,1.0,38,1.0,157,0.7406,93,212,212,0
0.5,0.05,3,1,24.0,0,0,250,38,212,195,0.78,38,1.0,38,1.0,157,0.7406,93,212,212,0
0.5,0.05,3,1,32.0,0,0,250,38,212,195,0.78,38,1.0,38,1.0,157,0.7406,93,212,212,0
0.5,0.1,3,1,24.0,0,0,250,38,212,195,0.78,38,1.0,38,1.0,157,0.7406,93,212,212,0
0.5,0.1,3,1,32.0,0,0,250,38,212,195,0.78,38,1.0,38,1.0,157,0.7406,93,212,212,0
0.5,0.15,3,1,24.0,0,0,250,38,212,195,0.78,38,1.0,38,1.0,157,0.7406,93,212,212,0
0.5,0.15,3,1,32.0,0,0,250,38,212,195,0.78,38,1.0,38,1.0,157,0.7406,93,212,212,0
0.5,0.2,3,1,24.0,0,0,250,38,212,195,0.78,38,1.0,38,1.0,157,0.7406,93,212,212,0
0.5,0.2,3,1,32.0,0,0,250,38,212,195,0.78,38,1.0,38,1.0,157,0.7406,93,212,212,0
0.5,0.25,3,1,24.0,0,0,250,38,212,195,0.78,38,1.0,38,1.0,157,0.7406,93,212,212,0
0.5,0.25,3,1,32.0,0,0,250,38,212,195,0.78,38,1.0,38,1.0,157,0.7406,93,212,212,0
0.5,0.3,3,1,24.0,0,0,250,38,212,195,0.78,38,1.0,38,1.0,157,0.7406,93,212,212,0
0.5,0.3,3,1,32.0,0,0,250,38,212,195,0.78,38,1.0,38,1.0,157,0.7406,93,212,212,0
0.5,0.35,2,1,24.0,0,0,250,38,212,195,0.78,38,1.0,38,1.0,157,0.7406,93,211,212,0
0.5,0.35,2,1,32.0,0,0,250,38,212,195,0.78,38,1.0,38,1.0,157,0.7406,93,211,212,0
0.5,0.4,1,0,48.0,0,0,250,38,212,195,0.78,38,1.0,38,1.0,157,0.7406,93,165,212,0
0.5,0.4,1,1,48.0,0,0,250,38,212,195,0.78,38,1.0,38,1.0,157,0.7406,93,165,212,0
0.5,0.4,1,2,48.0,0,0,250,38,212,195,0.78,38,1.0,38,1.0,157,0.7406,93,165,212,0
0.45,0.35,3,2,24.0,0,0,250,38,212,195,0.78,37,0.9737,37,0.9737,158,0.7453,91,213,213,1
0.45,0.35,3,2,32.0,0,0,250,38,212,195,0.78,37,0.9737,37,0.9737,158,0.7453,91,213,213,1
0.4,0.02,3,0,24.0,0,0,250,38,212,194,0.776,38,1.0,38,1.0,156,0.7358,94,211,212,0
0.4,0.02,3,0,32.0,0,0,250,38,212,194,0.776,38,1.0,38,1.0,156,0.7358,94,211,212,0
0.4,0.05,3,0,24.0,0,0,250,38,212,194,0.776,38,1.0,38,1.0,156,0.7358,94,211,212,0
0.4,0.05,3,0,32.0,0,0,250,38,212,194,0.776,38,1.0,38,1.0,156,0.7358,94,211,212,0
0.4,0.1,3,0,24.0,0,0,250,38,212,194,0.776,38,1.0,38,1.0,156,0.7358,94,211,212,0
0.4,0.1,3,0,32.0,0,0,250,38,212,194,0.776,38,1.0,38,1.0,156,0.7358,94,211,212,0
0.4,0.15,3,0,24.0,0,0,250,38,212,194,0.776,38,1.0,38,1.0,156,0.7358,94,211,212,0
0.4,0.15,3,0,32.0,0,0,250,38,212,194,0.776,38,1.0,38,1.0,156,0.7358,94,211,212,0
0.4,0.2,3,0,24.0,0,0,250,38,212,194,0.776,38,1.0,38,1.0,156,0.7358,94,211,212,0
0.4,0.2,3,0,32.0,0,0,250,38,212,194,0.776,38,1.0,38,1.0,156,0.7358,94,211,212,0
0.4,0.25,3,0,24.0,0,0,250,38,212,194,0.776,38,1.0,38,1.0,156,0.7358,94,211,212,0
0.4,0.25,3,0,32.0,0,0,250,38,212,194,0.776,38,1.0,38,1.0,156,0.7358,94,211,212,0
0.4,0.3,3,0,24.0,0,0,250,38,212,194,0.776,38,1.0,38,1.0,156,0.7358,94,211,212,0
0.4,0.3,3,0,32.0,0,0,250,38,212,194,0.776,38,1.0,38,1.0,156,0.7358,94,211,212,0
0.4,0.35,2,1,12.0,0,0,250,38,212,194,0.776,38,1.0,38,1.0,156,0.7358,94,211,212,0
0.4,0.35,3,0,24.0,0,0,250,38,212,194,0.776,38,1.0,38,1.0,156,0.7358,94,211,212,0
0.4,0.35,3,0,32.0,0,0,250,38,212,194,0.776,38,1.0,38,1.0,156,0.7358,94,211,212,0
0.4,0.4,2,2,24.0,0,0,250,38,212,194,0.776,38,1.0,38,1.0,156,0.7358,94,212,212,0
0.4,0.4,2,2,32.0,0,0,250,38,212,194,0.776,38,1.0,38,1.0,156,0.7358,94,212,212,0
0.45,0.02,2,0,18.0,0,0,250,38,212,194,0.776,38,1.0,38,1.0,156,0.7358,94,210,212,0
0.45,0.02,3,1,18.0,0,0,250,38,212,194,0.776,38,1.0,38,1.0,156,0.7358,94,212,212,0
0.45,0.05,2,0,18.0,0,0,250,38,212,194,0.776,38,1.0,38,1.0,156,0.7358,94,210,212,0
0.45,0.05,3,1,18.0,0,0,250,38,212,194,0.776,38,1.0,38,1.0,156,0.7358,94,212,212,0
0.45,0.1,2,0,18.0,0,0,250,38,212,194,0.776,38,1.0,38,1.0,156,0.7358,94,210,212,0
0.45,0.1,3,1,18.0,0,0,250,38,212,194,0.776,38,1.0,38,1.0,156,0.7358,94,212,212,0
0.45,0.15,2,0,18.0,0,0,250,38,212,194,0.776,38,1.0,38,1.0,156,0.7358,94,210,212,0
0.45,0.15,3,1,18.0,0,0,250,38,212,194,0.776,38,1.0,38,1.0,156,0.7358,94,212,212,0
0.45,0.2,2,0,18.0,0,0,250,38,212,194,0.776,38,1.0,38,1.0,156,0.7358,94,210,212,0
0.45,0.2,3,1,18.0,0,0,250,38,212,194,0.776,38,1.0,38,1.0,156,0.7358,94,212,212,0
0.45,0.25,2,0,18.0,0,0,250,38,212,194,0.776,38,1.0,38,1.0,156,0.7358,94,210,212,0
0.45,0.25,3,1,18.0,0,0,250,38,212,194,0.776,38,1.0,38,1.0,156,0.7358,94,212,212,0
0.45,0.3,2,0,18.0,0,0,250,38,212,194,0.776,38,1.0,38,1.0,156,0.7358,94,210,212,0
0.45,0.3,3,1,18.0,0,0,250,38,212,194,0.776,38,1.0,38,1.0,156,0.7358,94,212,212,0
0.45,0.35,1,1,12.0,0,0,250,38,212,194,0.776,38,1.0,38,1.0,156,0.7358,94,210,212,0
0.45,0.35,1,2,18.0,0,0,250,38,212,194,0.776,38,1.0,38,1.0,156,0.7358,94,211,212,0
0.45,0.35,2,0,18.0,0,0,250,38,212,194,0.776,38,1.0,38,1.0,156,0.7358,94,210,212,0
0.45,0.35,2,2,24.0,0,0,250,38,212,194,0.776,38,1.0,38,1.0,156,0.7358,94,212,212,0
0.45,0.35,2,2,32.0,0,0,250,38,212,194,0.776,38,1.0,38,1.0,156,0.7358,94,212,212,0
0.45,0.4,1,2,24.0,0,0,250,38,212,194,0.776,38,1.0,38,1.0,156,0.7358,94,211,212,0
0.45,0.4,1,2,32.0,0,0,250,38,212,194,0.776,38,1.0,38,1.0,156,0.7358,94,211,212,0
0.5,0.02,2,0,24.0,0,0,250,38,212,194,0.776,38,1.0,38,1.0,156,0.7358,94,210,212,0
0.5,0.02,2,0,32.0,0,0,250,38,212,194,0.776,38,1.0,38,1.0,156,0.7358,94,210,212,0
0.5,0.02,2,2,18.0,0,0,250,38,212,194,0.776,38,1.0,38,1.0,156,0.7358,94,212,212,0
0.5,0.05,2,0,24.0,0,0,250,38,212,194,0.776,38,1.0,38,1.0,156,0.7358,94,210,212,0
0.5,0.05,2,0,32.0,0,0,250,38,212,194,0.776,38,1.0,38,1.0,156,0.7358,94,210,212,0
0.5,0.05,2,2,18.0,0,0,250,38,212,194,0.776,38,1.0,38,1.0,156,0.7358,94,212,212,0
0.5,0.1,2,0,24.0,0,0,250,38,212,194,0.776,38,1.0,38,1.0,156,0.7358,94,210,212,0
0.5,0.1,2,0,32.0,0,0,250,38,212,194,0.776,38,1.0,38,1.0,156,0.7358,94,210,212,0
0.5,0.1,2,2,18.0,0,0,250,38,212,194,0.776,38,1.0,38,1.0,156,0.7358,94,212,212,0
0.5,0.15,2,0,24.0,0,0,250,38,212,194,0.776,38,1.0,38,1.0,156,0.7358,94,210,212,0
0.5,0.15,2,0,32.0,0,0,250,38,212,194,0.776,38,1.0,38,1.0,156,0.7358,94,210,212,0
0.5,0.15,2,2,18.0,0,0,250,38,212,194,0.776,38,1.0,38,1.0,156,0.7358,94,212,212,0
0.5,0.2,2,0,24.0,0,0,250,38,212,194,0.776,38,1.0,38,1.0,156,0.7358,94,210,212,0
0.5,0.2,2,0,32.0,0,0,250,38,212,194,0.776,38,1.0,38,1.0,156,0.7358,94,210,212,0
0.5,0.2,2,2,18.0,0,0,250,38,212,194,0.776,38,1.0,38,1.0,156,0.7358,94,212,212,0
0.5,0.25,2,0,24.0,0,0,250,38,212,194,0.776,38,1.0,38,1.0,156,0.7358,94,210,212,0
0.5,0.25,2,0,32.0,0,0,250,38,212,194,0.776,38,1.0,38,1.0,156,0.7358,94,210,212,0
0.5,0.25,2,2,18.0,0,0,250,38,212,194,0.776,38,1.0,38,1.0,156,0.7358,94,212,212,0
0.5,0.3,2,0,24.0,0,0,250,38,212,194,0.776,38,1.0,38,1.0,156,0.7358,94,210,212,0
0.5,0.3,2,0,32.0,0,0,250,38,212,194,0.776,38,1.0,38,1.0,156,0.7358,94,210,212,0
0.5,0.3,2,2,18.0,0,0,250,38,212,194,0.776,38,1.0,38,1.0,156,0.7358,94,212,212,0
0.5,0.35,1,1,18.0,0,0,250,38,212,194,0.776,38,1.0,38,1.0,156,0.7358,94,210,212,0
0.5,0.35,2,0,24.0,0,0,250,38,212,194,0.776,38,1.0,38,1.0,156,0.7358,94,210,212,0
0.5,0.35,2,0,32.0,0,0,250,38,212,194,0.776,38,1.0,38,1.0,156,0.7358,94,210,212,0
0.4,0.35,3,2,24.0,0,0,250,38,212,194,0.776,37,0.9737,37,0.9737,157,0.7406,92,213,213,1
0.4,0.35,3,2,32.0,0,0,250,38,212,194,0.776,37,0.9737,37,0.9737,157,0.7406,92,213,213,1
0.45,0.02,3,2,18.0,0,0,250,38,212,194,0.776,37,0.9737,37,0.9737,157,0.7406,92,213,213,1
0.45,0.05,3,2,18.0,0,0,250,38,212,194,0.776,37,0.9737,37,0.9737,157,0.7406,92,213,213,1
0.45,0.1,3,2,18.0,0,0,250,38,212,194,0.776,37,0.9737,37,0.9737,157,0.7406,92,213,213,1
0.45,0.15,3,2,18.0,0,0,250,38,212,194,0.776,37,0.9737,37,0.9737,157,0.7406,92,213,213,1
0.45,0.2,3,2,18.0,0,0,250,38,212,194,0.776,37,0.9737,37,0.9737,157,0.7406,92,213,213,1
0.45,0.25,3,2,18.0,0,0,250,38,212,194,0.776,37,0.9737,37,0.9737,157,0.7406,92,213,213,1
0.45,0.3,3,2,18.0,0,0,250,38,212,194,0.776,37,0.9737,37,0.9737,157,0.7406,92,213,213,1
0.5,0.02,3,2,24.0,0,0,250,38,212,194,0.776,37,0.9737,37,0.9737,157,0.7406,92,213,213,1
0.5,0.02,3,2,32.0,0,0,250,38,212,194,0.776,37,0.9737,37,0.9737,157,0.7406,92,213,213,1
0.5,0.05,3,2,24.0,0,0,250,38,212,194,0.776,37,0.9737,37,0.9737,157,0.7406,92,213,213,1
0.5,0.05,3,2,32.0,0,0,250,38,212,194,0.776,37,0.9737,37,0.9737,157,0.7406,92,213,213,1
0.5,0.1,3,2,24.0,0,0,250,38,212,194,0.776,37,0.9737,37,0.9737,157,0.7406,92,213,213,1
0.5,0.1,3,2,32.0,0,0,250,38,212,194,0.776,37,0.9737,37,0.9737,157,0.7406,92,213,213,1
0.5,0.15,3,2,24.0,0,0,250,38,212,194,0.776,37,0.9737,37,0.9737,157,0.7406,92,213,213,1
0.5,0.15,3,2,32.0,0,0,250,38,212,194,0.776,37,0.9737,37,0.9737,157,0.7406,92,213,213,1
0.5,0.2,3,2,24.0,0,0,250,38,212,194,0.776,37,0.9737,37,0.9737,157,0.7406,92,213,213,1
0.5,0.2,3,2,32.0,0,0,250,38,212,194,0.776,37,0.9737,37,0.9737,157,0.7406,92,213,213,1
0.5,0.25,3,2,24.0,0,0,250,38,212,194,0.776,37,0.9737,37,0.9737,157,0.7406,92,213,213,1
0.5,0.25,3,2,32.0,0,0,250,38,212,194,0.776,37,0.9737,37,0.9737,157,0.7406,92,213,213,1
0.5,0.3,3,2,24.0,0,0,250,38,212,194,0.776,37,0.9737,37,0.9737,157,0.7406,92,213,213,1
0.5,0.3,3,2,32.0,0,0,250,38,212,194,0.776,37,0.9737,37,0.9737,157,0.7406,92,213,213,1
0.4,0.02,3,1,18.0,0,0,250,38,212,193,0.772,38,1.0,38,1.0,155,0.7311,95,212,212,0
0.4,0.05,3,1,18.0,0,0,250,38,212,193,0.772,38,1.0,38,1.0,155,0.7311,95,212,212,0
0.4,0.1,3,1,18.0,0,0,250,38,212,193,0.772,38,1.0,38,1.0,155,0.7311,95,212,212,0
0.4,0.15,3,1,18.0,0,0,250,38,212,193,0.772,38,1.0,38,1.0,155,0.7311,95,212,212,0
0.4,0.2,3,1,18.0,0,0,250,38,212,193,0.772,38,1.0,38,1.0,155,0.7311,95,212,212,0
0.4,0.25,3,1,18.0,0,0,250,38,212,193,0.772,38,1.0,38,1.0,155,0.7311,95,212,212,0
0.4,0.3,3,1,18.0,0,0,250,38,212,193,0.772,38,1.0,38,1.0,155,0.7311,95,212,212,0
0.4,0.35,2,2,18.0,0,0,250,38,212,193,0.772,38,1.0,38,1.0,155,0.7311,95,212,212,0
0.4,0.4,2,0,24.0,0,0,250,38,212,193,0.772,38,1.0,38,1.0,155,0.7311,95,210,212,0
0.4,0.4,2,0,32.0,0,0,250,38,212,193,0.772,38,1.0,38,1.0,155,0.7311,95,210,212,0
0.4,0.4,2,1,24.0,0,0,250,38,212,193,0.772,38,1.0,38,1.0,155,0.7311,95,211,212,0
0.4,0.4,2,1,32.0,0,0,250,38,212,193,0.772,38,1.0,38,1.0,155,0.7311,95,211,212,0
0.45,0.35,2,1,24.0,0,0,250,38,212,193,0.772,38,1.0,38,1.0,155,0.7311,95,211,212,0
0.45,0.35,2,1,32.0,0,0,250,38,212,193,0.772,38,1.0,38,1.0,155,0.7311,95,211,212,0
0.45,0.4,1,0,12.0,0,0,250,38,212,193,0.772,38,1.0,38,1.0,155,0.7311,95,209,212,0
0.45,0.4,1,0,18.0,0,0,250,38,212,193,0.772,38,1.0,38,1.0,155,0.7311,95,209,212,0
0.45,0.4,1,1,24.0,0,0,250,38,212,193,0.772,38,1.0,38,1.0,155,0.7311,95,210,212,0
0.45,0.4,1,1,32.0,0,0,250,38,212,193,0.772,38,1.0,38,1.0,155,0.7311,95,210,212,0
0.5,0.02,1,1,12.0,0,0,250,38,212,193,0.772,38,1.0,38,1.0,155,0.7311,95,210,212,0
0.5,0.02,1,2,12.0,0,0,250,38,212,193,0.772,38,1.0,38,1.0,155,0.7311,95,211,212,0
0.5,0.05,1,1,12.0,0,0,250,38,212,193,0.772,38,1.0,38,1.0,155,0.7311,95,210,212,0
0.5,0.05,1,2,12.0,0,0,250,38,212,193,0.772,38,1.0,38,1.0,155,0.7311,95,211,212,0
0.5,0.1,1,1,12.0,0,0,250,38,212,193,0.772,38,1.0,38,1.0,155,0.7311,95,210,212,0
0.5,0.1,1,2,12.0,0,0,250,38,212,193,0.772,38,1.0,38,1.0,155,0.7311,95,211,212,0
0.5,0.15,1,1,12.0,0,0,250,38,212,193,0.772,38,1.0,38,1.0,155,0.7311,95,210,212,0
0.5,0.15,1,2,12.0,0,0,250,38,212,193,0.772,38,1.0,38,1.0,155,0.7311,95,211,212,0
0.5,0.2,1,1,12.0,0,0,250,38,212,193,0.772,38,1.0,38,1.0,155,0.7311,95,210,212,0
0.5,0.2,1,2,12.0,0,0,250,38,212,193,0.772,38,1.0,38,1.0,155,0.7311,95,211,212,0
0.5,0.25,1,1,12.0,0,0,250,38,212,193,0.772,38,1.0,38,1.0,155,0.7311,95,210,212,0
0.5,0.25,1,2,12.0,0,0,250,38,212,193,0.772,38,1.0,38,1.0,155,0.7311,95,211,212,0
0.5,0.3,1,1,12.0,0,0,250,38,212,193,0.772,38,1.0,38,1.0,155,0.7311,95,210,212,0
0.5,0.3,1,2,12.0,0,0,250,38,212,193,0.772,38,1.0,38,1.0,155,0.7311,95,211,212,0
0.5,0.35,1,2,24.0,0,0,250,38,212,193,0.772,38,1.0,38,1.0,155,0.7311,95,211,212,0
0.5,0.35,1,2,32.0,0,0,250,38,212,193,0.772,38,1.0,38,1.0,155,0.7311,95,211,212,0
0.35,0.35,3,2,12.0,0,0,250,38,212,193,0.772,37,0.9737,37,0.9737,156,0.7358,93,213,213,1
0.4,0.02,3,2,18.0,0,0,250,38,212,193,0.772,37,0.9737,37,0.9737,156,0.7358,93,213,213,1
0.4,0.05,3,2,18.0,0,0,250,38,212,193,0.772,37,0.9737,37,0.9737,156,0.7358,93,213,213,1
0.4,0.1,3,2,18.0,0,0,250,38,212,193,0.772,37,0.9737,37,0.9737,156,0.7358,93,213,213,1
0.4,0.15,3,2,18.0,0,0,250,38,212,193,0.772,37,0.9737,37,0.9737,156,0.7358,93,213,213,1
0.4,0.2,3,2,18.0,0,0,250,38,212,193,0.772,37,0.9737,37,0.9737,156,0.7358,93,213,213,1
0.4,0.25,3,2,18.0,0,0,250,38,212,193,0.772,37,0.9737,37,0.9737,156,0.7358,93,213,213,1
0.4,0.3,3,2,18.0,0,0,250,38,212,193,0.772,37,0.9737,37,0.9737,156,0.7358,93,213,213,1
0.35,0.35,3,0,12.0,0,0,250,38,212,192,0.768,38,1.0,38,1.0,154,0.7264,96,211,212,0
0.4,0.3,2,0,12.0,0,0,250,38,212,192,0.768,38,1.0,38,1.0,154,0.7264,96,210,212,0
0.4,0.35,2,0,12.0,0,0,250,38,212,192,0.768,38,1.0,38,1.0,154,0.7264,96,210,212,0
0.45,0.02,1,0,12.0,0,0,250,38,212,192,0.768,38,1.0,38,1.0,154,0.7264,96,209,212,0
0.45,0.02,2,0,24.0,0,0,250,38,212,192,0.768,38,1.0,38,1.0,154,0.7264,96,210,212,0
0.45,0.02,2,0,32.0,0,0,250,38,212,192,0.768,38,1.0,38,1.0,154,0.7264,96,210,212,0
0.45,0.02,2,2,18.0,0,0,250,38,212,192,0.768,38,1.0,38,1.0,154,0.7264,96,212,212,0
0.45,0.02,3,0,48.0,0,0,250,38,212,192,0.768,38,1.0,38,1.0,154,0.7264,96,165,212,0
0.45,0.05,1,0,12.0,0,0,250,38,212,192,0.768,38,1.0,38,1.0,154,0.7264,96,209,212,0
0.45,0.05,2,0,24.0,0,0,250,38,212,192,0.768,38,1.0,38,1.0,154,0.7264,96,210,212,0
0.45,0.05,2,0,32.0,0,0,250,38,212,192,0.768,38,1.0,38,1.0,154,0.7264,96,210,212,0
0.45,0.05,2,2,18.0,0,0,250,38,212,192,0.768,38,1.0,38,1.0,154,0.7264,96,212,212,0
0.45,0.05,3,0,48.0,0,0,250,38,212,192,0.768,38,1.0,38,1.0,154,0.7264,96,165,212,0
0.45,0.1,1,0,12.0,0,0,250,38,212,192,0.768,38,1.0,38,1.0,154,0.7264,96,209,212,0
0.45,0.1,2,0,24.0,0,0,250,38,212,192,0.768,38,1.0,38,1.0,154,0.7264,96,210,212,0
0.45,0.1,2,0,32.0,0,0,250,38,212,192,0.768,38,1.0,38,1.0,154,0.7264,96,210,212,0
0.45,0.1,2,2,18.0,0,0,250,38,212,192,0.768,38,1.0,38,1.0,154,0.7264,96,212,212,0
0.45,0.1,3,0,48.0,0,0,250,38,212,192,0.768,38,1.0,38,1.0,154,0.7264,96,165,212,0
0.45,0.15,1,0,12.0,0,0,250,38,212,192,0.768,38,1.0,38,1.0,154,0.7264,96,209,212,0
0.45,0.15,2,0,24.0,0,0,250,38,212,192,0.768,38,1.0,38,1.0,154,0.7264,96,210,212,0
0.45,0.15,2,0,32.0,0,0,250,38,212,192,0.768,38,1.0,38,1.0,154,0.7264,96,210,212,0
0.45,0.15,2,2,18.0,0,0,250,38,212,192,0.768,38,1.0,38,1.0,154,0.7264,96,212,212,0
0.45,0.15,3,0,48.0,0,0,250,38,212,192,0.768,38,1.0,38,1.0,154,0.7264,96,165,212,0
0.45,0.2,1,0,12.0,0,0,250,38,212,192,0.768,38,1.0,38,1.0,154,0.7264,96,209,212,0
0.45,0.2,2,0,24.0,0,0,250,38,212,192,0.768,38,1.0,38,1.0,154,0.7264,96,210,212,0
0.45,0.2,2,0,32.0,0,0,250,38,212,192,0.768,38,1.0,38,1.0,154,0.7264,96,210,212,0
0.45,0.2,2,2,18.0,0,0,250,38,212,192,0.768,38,1.0,38,1.0,154,0.7264,96,212,212,0
0.45,0.2,3,0,48.0,0,0,250,38,212,192,0.768,38,1.0,38,1.0,154,0.7264,96,165,212,0
0.45,0.25,1,0,12.0,0,0,250,38,212,192,0.768,38,1.0,38,1.0,154,0.7264,96,209,212,0
0.45,0.25,2,0,24.0,0,0,250,38,212,192,0.768,38,1.0,38,1.0,154,0.7264,96,210,212,0
0.45,0.25,2,0,32.0,0,0,250,38,212,192,0.768,38,1.0,38,1.0,154,0.7264,96,210,212,0
0.45,0.25,2,2,18.0,0,0,250,38,212,192,0.768,38,1.0,38,1.0,154,0.7264,96,212,212,0
0.45,0.25,3,0,48.0,0,0,250,38,212,192,0.768,38,1.0,38,1.0,154,0.7264,96,165,212,0
0.45,0.3,1,0,12.0,0,0,250,38,212,192,0.768,38,1.0,38,1.0,154,0.7264,96,209,212,0
0.45,0.3,2,0,24.0,0,0,250,38,212,192,0.768,38,1.0,38,1.0,154,0.7264,96,210,212,0
0.45,0.3,2,0,32.0,0,0,250,38,212,192,0.768,38,1.0,38,1.0,154,0.7264,96,210,212,0
0.45,0.3,2,2,18.0,0,0,250,38,212,192,0.768,38,1.0,38,1.0,154,0.7264,96,212,212,0
0.45,0.3,3,0,48.0,0,0,250,38,212,192,0.768,38,1.0,38,1.0,154,0.7264,96,165,212,0
0.45,0.35,1,0,12.0,0,0,250,38,212,192,0.768,38,1.0,38,1.0,154,0.7264,96,209,212,0
0.45,0.35,1,1,18.0,0,0,250,38,212,192,0.768,38,1.0,38,1.0,154,0.7264,96,210,212,0
0.45,0.35,2,0,24.0,0,0,250,38,212,192,0.768,38,1.0,38,1.0,154,0.7264,96,210,212,0
0.45,0.35,2,0,32.0,0,0,250,38,212,192,0.768,38,1.0,38,1.0,154,0.7264,96,210,212,0
0.45,0.35,3,0,48.0,0,0,250,38,212,192,0.768,38,1.0,38,1.0,154,0.7264,96,165,212,0
0.45,0.35,3,1,48.0,0,0,250,38,212,192,0.768,38,1.0,38,1.0,154,0.7264,96,165,212,0
0.45,0.35,3,2,48.0,0,0,250,38,212,192,0.768,38,1.0,38,1.0,154,0.7264,96,165,212,0
0.45,0.4,1,0,24.0,0,0,250,38,212,192,0.768,38,1.0,38,1.0,154,0.7264,96,209,212,0
0.45,0.4,1,0,32.0,0,0,250,38,212,192,0.768,38,1.0,38,1.0,154,0.7264,96,209,212,0
0.5,0.02,1,0,18.0,0,0,250,38,212,192,0.768,38,1.0,38,1.0,154,0.7264,96,209,212,0
0.5,0.02,2,0,48.0,0,0,250,38,212,192,0.768,38,1.0,38,1.0,154,0.7264,96,166,212,0
0.5,0.02,2,1,18.0,0,0,250,38,212,192,0.768,38,1.0,38,1.0,154,0.7264,96,211,212,0
0.5,0.05,1,0,18.0,0,0,250,38,212,192,0.768,38,1.0,38,1.0,154,0.7264,96,209,212,0
0.5,0.05,2,0,48.0,0,0,250,38,212,192,0.768,38,1.0,38,1.0,154,0.7264,96,166,212,0
0.5,0.05,2,1,18.0,0,0,250,38,212,192,0.768,38,1.0,38,1.0,154,0.7264,96,211,212,0
0.5,0.1,1,0,18.0,0,0,250,38,212,192,0.768,38,1.0,38,1.0,154,0.7264,96,209,212,0
0.5,0.1,2,0,48.0,0,0,250,38,212,192,0.768,38,1.0,38,1.0,154,0.7264,96,166,212,0
0.5,0.1,2,1,18.0,0,0,250,38,212,192,0.768,38,1.0,38,1.0,154,0.7264,96,211,212,0
0.5,0.15,1,0,18.0,0,0,250,38,212,192,0.768,38,1.0,38,1.0,154,0.7264,96,209,212,0
0.5,0.15,2,0,48.0,0,0,250,38,212,192,0.768,38,1.0,38,1.0,154,0.7264,96,166,212,0
0.5,0.15,2,1,18.0,0,0,250,38,212,192,0.768,38,1.0,38,1.0,154,0.7264,96,211,212,0
0.5,0.2,1,0,18.0,0,0,250,38,212,192,0.768,38,1.0,38,1.0,154,0.7264,96,209,212,0
0.5,0.2,2,0,48.0,0,0,250,38,212,192,0.768,38,1.0,38,1.0,154,0.7264,96,166,212,0
0.5,0.2,2,1,18.0,0,0,250,38,212,192,0.768,38,1.0,38,1.0,154,0.7264,96,211,212,0
0.5,0.25,1,0,18.0,0,0,250,38,212,192,0.768,38,1.0,38,1.0,154,0.7264,96,209,212,0
0.5,0.25,2,0,48.0,0,0,250,38,212,192,0.768,38,1.0,38,1.0,154,0.7264,96,166,212,0
0.5,0.25,2,1,18.0,0,0,250,38,212,192,0.768,38,1.0,38,1.0,154,0.7264,96,211,212,0
0.5,0.3,1,0,18.0,0,0,250,38,212,192,0.768,38,1.0,38,1.0,154,0.7264,96,209,212,0
0.5,0.3,2,0,48.0,0,0,250,38,212,192,0.768,38,1.0,38,1.0,154,0.7264,96,166,212,0
0.5,0.3,2,1,18.0,0,0,250,38,212,192,0.768,38,1.0,38,1.0,154,0.7264,96,211,212,0
0.5,0.35,1,0,18.0,0,0,250,38,212,192,0.768,38,1.0,38,1.0,154,0.7264,96,209,212,0
0.5,0.35,1,1,24.0,0,0,250,38,212,192,0.768,38,1.0,38,1.0,154,0.7264,96,210,212,0
0.5,0.35,1,1,32.0,0,0,250,38,212,192,0.768,38,1.0,38,1.0,154,0.7264,96,210,212,0
0.5,0.35,2,0,48.0,0,0,250,38,212,192,0.768,38,1.0,38,1.0,154,0.7264,96,166,212,0
0.5,0.35,2,1,48.0,0,0,250,38,212,192,0.768,38,1.0,38,1.0,154,0.7264,96,166,212,0
0.5,0.35,2,2,48.0,0,0,250,38,212,192,0.768,38,1.0,38,1.0,154,0.7264,96,166,212,0
0.35,0.3,3,0,12.0,0,0,250,38,212,191,0.764,38,1.0,38,1.0,153,0.7217,97,211,212,0
0.35,0.35,3,1,18.0,0,0,250,38,212,191,0.764,38,1.0,38,1.0,153,0.7217,97,212,212,0
0.4,0.02,3,0,48.0,0,0,250,38,212,191,0.764,38,1.0,38,1.0,153,0.7217,97,165,212,0
0.4,0.05,3,0,48.0,0,0,250,38,212,191,0.764,38,1.0,38,1.0,153,0.7217,97,165,212,0
0.4,0.1,3,0,48.0,0,0,250,38,212,191,0.764,38,1.0,38,1.0,153,0.7217,97,165,212,0
0.4,0.15,3,0,48.0,0,0,250,38,212,191,0.764,38,1.0,38,1.0,153,0.7217,97,165,212,0
0.4,0.2,3,0,48.0,0,0,250,38,212,191,0.764,38,1.0,38,1.0,153,0.7217,97,165,212,0
0.4,0.25,3,0,48.0,0,0,250,38,212,191,0.764,38,1.0,38,1.0,153,0.7217,97,165,212,0
0.4,0.3,3,0,48.0,0,0,250,38,212,191,0.764,38,1.0,38,1.0,153,0.7217,97,165,212,0
0.4,0.35,2,1,18.0,0,0,250,38,212,191,0.764,38,1.0,38,1.0,153,0.7217,97,211,212,0
0.4,0.35,3,0,48.0,0,0,250,38,212,191,0.764,38,1.0,38,1.0,153,0.7217,97,165,212,0
0.4,0.35,3,1,48.0,0,0,250,38,212,191,0.764,38,1.0,38,1.0,153,0.7217,97,165,212,0
0.4,0.35,3,2,48.0,0,0,250,38,212,191,0.764,38,1.0,38,1.0,153,0.7217,97,165,212,0
0.4,0.4,2,0,48.0,0,0,250,38,212,191,0.764,38,1.0,38,1.0,153,0.7217,97,164,212,0
0.45,0.02,1,2,12.0,0,0,250,38,212,191,0.764,38,1.0,38,1.0,153,0.7217,97,211,212,0
0.45,0.05,1,2,12.0,0,0,250,38,212,191,0.764,38,1.0,38,1.0,153,0.7217,97,211,212,0
0.45,0.1,1,2,12.0,0,0,250,38,212,191,0.764,38,1.0,38,1.0,153,0.7217,97,211,212,0
0.45,0.15,1,2,12.0,0,0,250,38,212,191,0.764,38,1.0,38,1.0,153,0.7217,97,211,212,0
0.45,0.2,1,2,12.0,0,0,250,38,212,191,0.764,38,1.0,38,1.0,153,0.7217,97,211,212,0
0.45,0.25,1,2,12.0,0,0,250,38,212,191,0.764,38,1.0,38,1.0,153,0.7217,97,211,212,0
0.45,0.3,1,2,12.0,0,0,250,38,212,191,0.764,38,1.0,38,1.0,153,0.7217,97,211,212,0
0.45,0.35,1,2,24.0,0,0,250,38,212,191,0.764,38,1.0,38,1.0,153,0.7217,97,211,212,0
0.45,0.35,1,2,32.0,0,0,250,38,212,191,0.764,38,1.0,38,1.0,153,0.7217,97,211,212,0
0.45,0.4,1,0,48.0,0,0,250,38,212,191,0.764,38,1.0,38,1.0,153,0.7217,97,163,212,0
0.45,0.4,1,1,48.0,0,0,250,38,212,191,0.764,38,1.0,38,1.0,153,0.7217,97,163,212,0
0.45,0.4,1,2,48.0,0,0,250,38,212,191,0.764,38,1.0,38,1.0,153,0.7217,97,163,212,0
0.5,0.02,1,0,24.0,0,0,250,38,212,191,0.764,38,1.0,38,1.0,153,0.7217,97,209,212,0
0.5,0.02,1,0,32.0,0,0,250,38,212,191,0.764,38,1.0,38,1.0,153,0.7217,97,209,212,0
0.5,0.02,3,1,48.0,0,0,250,38,212,191,0.764,38,1.0,38,1.0,153,0.7217,97,170,212,0
0.5,0.02,3,2,48.0,0,0,250,38,212,191,0.764,38,1.0,38,1.0,153,0.7217,97,170,212,0
0.5,0.05,1,0,24.0,0,0,250,38,212,191,0.764,38,1.0,38,1.0,153,0.7217,97,209,212,0
0.5,0.05,1,0,32.0,0,0,250,38,212,191,0.764,38,1.0,38,1.0,153,0.7217,97,209,212,0
0.5,0.05,3,1,48.0,0,0,250,38,212,191,0.764,38,1.0,38,1.0,153,0.7217,97,170,212,0
0.5,0.05,3,2,48.0,0,0,250,38,212,191,0.764,38,1.0,38,1.0,153,0.7217,97,170,212,0
0.5,0.1,1,0,24.0,0,0,250,38,212,191,0.764,38,1.0,38,1.0,153,0.7217,97,209,212,0
0.5,0.1,1,0,32.0,0,0,250,38,212,191,0.764,38,1.0,38,1.0,153,0.7217,97,209,212,0
0.5,0.1,3,1,48.0,0,0,250,38,212,191,0.764,38,1.0,38,1.0,153,0.7217,97,170,212,0
0.5,0.1,3,2,48.0,0,0,250,38,212,191,0.764,38,1.0,38,1.0,153,0.7217,97,170,212,0
0.5,0.15,1,0,24.0,0,0,250,38,212,191,0.764,38,1.0,38,1.0,153,0.7217,97,209,212,0
0.5,0.15,1,0,32.0,0,0,250,38,212,191,0.764,38,1.0,38,1.0,153,0.7217,97,209,212,0
0.5,0.15,3,1,48.0,0,0,250,38,212,191,0.764,38,1.0,38,1.0,153,0.7217,97,170,212,0
0.5,0.15,3,2,48.0,0,0,250,38,212,191,0.764,38,1.0,38,1.0,153,0.7217,97,170,212,0
0.5,0.2,1,0,24.0,0,0,250,38,212,191,0.764,38,1.0,38,1.0,153,0.7217,97,209,212,0
0.5,0.2,1,0,32.0,0,0,250,38,212,191,0.764,38,1.0,38,1.0,153,0.7217,97,209,212,0
0.5,0.2,3,1,48.0,0,0,250,38,212,191,0.764,38,1.0,38,1.0,153,0.7217,97,170,212,0
0.5,0.2,3,2,48.0,0,0,250,38,212,191,0.764,38,1.0,38,1.0,153,0.7217,97,170,212,0
0.5,0.25,1,0,24.0,0,0,250,38,212,191,0.764,38,1.0,38,1.0,153,0.7217,97,209,212,0
0.5,0.25,1,0,32.0,0,0,250,38,212,191,0.764,38,1.0,38,1.0,153,0.7217,97,209,212,0
0.5,0.25,3,1,48.0,0,0,250,38,212,191,0.764,38,1.0,38,1.0,153,0.7217,97,170,212,0
0.5,0.25,3,2,48.0,0,0,250,38,212,191,0.764,38,1.0,38,1.0,153,0.7217,97,170,212,0
0.5,0.3,1,0,24.0,0,0,250,38,212,191,0.764,38,1.0,38,1.0,153,0.7217,97,209,212,0
0.5,0.3,1,0,32.0,0,0,250,38,212,191,0.764,38,1.0,38,1.0,153,0.7217,97,209,212,0
0.5,0.3,3,1,48.0,0,0,250,38,212,191,0.764,38,1.0,38,1.0,153,0.7217,97,170,212,0
0.5,0.3,3,2,48.0,0,0,250,38,212,191,0.764,38,1.0,38,1.0,153,0.7217,97,170,212,0
0.5,0.35,1,0,24.0,0,0,250,38,212,191,0.764,38,1.0,38,1.0,153,0.7217,97,209,212,0
0.5,0.35,1,0,32.0,0,0,250,38,212,191,0.764,38,1.0,38,1.0,153,0.7217,97,209,212,0
0.35,0.35,3,2,18.0,0,0,250,38,212,191,0.764,37,0.9737,37,0.9737,154,0.7264,95,213,213,1
0.4,0.02,2,0,12.0,0,0,250,38,212,190,0.76,38,1.0,38,1.0,152,0.717,98,210,212,0
0.4,0.05,2,0,12.0,0,0,250,38,212,190,0.76,38,1.0,38,1.0,152,0.717,98,210,212,0
0.4,0.1,2,0,12.0,0,0,250,38,212,190,0.76,38,1.0,38,1.0,152,0.717,98,210,212,0
0.4,0.15,2,0,12.0,0,0,250,38,212,190,0.76,38,1.0,38,1.0,152,0.717,98,210,212,0
0.4,0.2,2,0,12.0,0,0,250,38,212,190,0.76,38,1.0,38,1.0,152,0.717,98,210,212,0
0.4,0.25,2,0,12.0,0,0,250,38,212,190,0.76,38,1.0,38,1.0,152,0.717,98,210,212,0
0.4,0.3,2,2,12.0,0,0,250,38,212,190,0.76,38,1.0,38,1.0,152,0.717,98,212,212,0
0.4,0.4,1,2,12.0,0,0,250,38,212,190,0.76,38,1.0,38,1.0,152,0.717,98,211,212,0
0.4,0.4,1,2,18.0,0,0,250,38,212,190,0.76,38,1.0,38,1.0,152,0.717,98,211,212,0
0.4,0.4,2,1,48.0,0,0,250,38,212,190,0.76,38,1.0,38,1.0,152,0.717,98,161,212,0
0.4,0.4,2,2,48.0,0,0,250,38,212,190,0.76,38,1.0,38,1.0,152,0.717,98,161,212,0
0.45,0.02,1,0,18.0,0,0,250,38,212,190,0.76,38,1.0,38,1.0,152,0.717,98,209,212,0
0.45,0.02,2,0,48.0,0,0,250,38,212,190,0.76,38,1.0,38,1.0,152,0.717,98,164,212,0
0.45,0.02,2,1,18.0,0,0,250,38,212,190,0.76,38,1.0,38,1.0,152,0.717,98,211,212,0
0.45,0.02,3,1,24.0,0,0,250,38,212,190,0.76,38,1.0,38,1.0,152,0.717,98,212,212,0
0.45,0.02,3,1,32.0,0,0,250,38,212,190,0.76,38,1.0,38,1.0,152,0.717,98,212,212,0
0.45,0.05,1,0,18.0,0,0,250,38,212,190,0.76,38,1.0,38,1.0,152,0.717,98,209,212,0
0.45,0.05,2,0,48.0,0,0,250,38,212,190,0.76,38,1.0,38,1.0,152,0.717,98,164,212,0
0.45,0.05,2,1,18.0,0,0,250,38,212,190,0.76,38,1.0,38,1.0,152,0.717,98,211,212,0
0.45,0.05,3,1,24.0,0,0,250,38,212,190,0.76,38,1.0,38,1.0,152,0.717,98,212,212,0
0.45,0.05,3,1,32.0,0,0,250,38,212,190,0.76,38,1.0,38,1.0,152,0.717,98,212,212,0
0.45,0.1,1,0,18.0,0,0,250,38,212,190,0.76,38,1.0,38,1.0,152,0.717,98,209,212,0
0.45,0.1,2,0,48.0,0,0,250,38,212,190,0.76,38,1.0,38,1.0,152,0.717,98,164,212,0
0.45,0.1,2,1,18.0,0,0,250,38,212,190,0.76,38,1.0,38,1.0,152,0.717,98,211,212,0
0.45,0.1,3,1,24.0,0,0,250,38,212,190,0.76,38,1.0,38,1.0,152,0.717,98,212,212,0
0.45,0.1,3,1,32.0,0,0,250,38,212,190,0.76,38,1.0,38,1.0,152,0.717,98,212,212,0
0.45,0.15,1,0,18.0,0,0,250,38,212,190,0.76,38,1.0,38,1.0,152,0.717,98,209,212,0
0.45,0.15,2,0,48.0,0,0,250,38,212,190,0.76,38,1.0,38,1.0,152,0.717,98,164,212,0
0.45,0.15,2,1,18.0,0,0,250,38,212,190,0.76,38,1.0,38,1.0,152,0.717,98,211,212,0
0.45,0.15,3,1,24.0,0,0,250,38,212,190,0.76,38,1.0,38,1.0,152,0.717,98,212,212,0
0.45,0.15,3,1,32.0,0,0,250,38,212,190,0.76,38,1.0,38,1.0,152,0.717,98,212,212,0
0.45,0.2,1,0,18.0,0,0,250,38,212,190,0.76,38,1.0,38,1.0,152,0.717,98,209,212,0
0.45,0.2,2,0,48.0,0,0,250,38,212,190,0.76,38,1.0,38,1.0,152,0.717,98,164,212,0
0.45,0.2,2,1,18.0,0,0,250,38,212,190,0.76,38,1.0,38,1.0,152,0.717,98,211,212,0
0.45,0.2,3,1,24.0,0,0,250,38,212,190,0.76,38,1.0,38,1.0,152,0.717,98,212,212,0
0.45,0.2,3,1,32.0,0,0,250,38,212,190,0.76,38,1.0,38,1.0,152,0.717,98,212,212,0
0.45,0.25,1,0,18.0,0,0,250,38,212,190,0.76,38,1.0,38,1.0,152,0.717,98,209,212,0
0.45,0.25,2,0,48.0,0,0,250,38,212,190,0.76,38,1.0,38,1.0,152,0.717,98,164,212,0
0.45,0.25,2,1,18.0,0,0,250,38,212,190,0.76,38,1.0,38,1.0,152,0.717,98,211,212,0
0.45,0.25,3,1,24.0,0,0,250,38,212,190,0.76,38,1.0,38,1.0,152,0.717,98,212,212,0
0.45,0.25,3,1,32.0,0,0,250,38,212,190,0.76,38,1.0,38,1.0,152,0.717,98,212,212,0
0.45,0.3,1,0,18.0,0,0,250,38,212,190,0.76,38,1.0,38,1.0,152,0.717,98,209,212,0
0.45,0.3,2,0,48.0,0,0,250,38,212,190,0.76,38,1.0,38,1.0,152,0.717,98,164,212,0
0.45,0.3,2,1,18.0,0,0,250,38,212,190,0.76,38,1.0,38,1.0,152,0.717,98,211,212,0
0.45,0.3,3,1,24.0,0,0,250,38,212,190,0.76,38,1.0,38,1.0,152,0.717,98,212,212,0
0.45,0.3,3,1,32.0,0,0,250,38,212,190,0.76,38,1.0,38,1.0,152,0.717,98,212,212,0
0.45,0.35,1,0,18.0,0,0,250,38,212,190,0.76,38,1.0,38,1.0,152,0.717,98,209,212,0
0.45,0.35,1,1,24.0,0,0,250,38,212,190,0.76,38,1.0,38,1.0,152,0.717,98,210,212,0
0.45,0.35,1,1,32.0,0,0,250,38,212,190,0.76,38,1.0,38,1.0,152,0.717,98,210,212,0
0.45,0.35,2,0,48.0,0,0,250,38,212,190,0.76,38,1.0,38,1.0,152,0.717,98,164,212,0
0.45,0.35,2,1,48.0,0,0,250,38,212,190,0.76,38,1.0,38,1.0,152,0.717,98,164,212,0
0.45,0.35,2,2,48.0,0,0,250,38,212,190,0.76,38,1.0,38,1.0,152,0.717,98,164,212,0
0.5,0.02,1,0,48.0,0,0,250,38,212,190,0.76,38,1.0,38,1.0,152,0.717,98,165,212,0
0.5,0.02,1,2,18.0,0,0,250,38,212,190,0.76,38,1.0,38,1.0,152,0.717,98,211,212,0
0.5,0.02,2,2,24.0,0,0,250,38,212,190,0.76,38,1.0,38,1.0,152,0.717,98,212,212,0
0.5,0.02,2,2,32.0,0,0,250,38,212,190,0.76,38,1.0,38,1.0,152,0.717,98,212,212,0
0.5,0.05,1,0,48.0,0,0,250,38,212,190,0.76,38,1.0,38,1.0,152,0.717,98,165,212,0
0.5,0.05,1,2,18.0,0,0,250,38,212,190,0.76,38,1.0,38,1.0,152,0.717,98,211,212,0
0.5,0.05,2,2,24.0,0,0,250,38,212,190,0.76,38,1.0,38,1.0,152,0.717,98,212,212,0
0.5,0.05,2,2,32.0,0,0,250,38,212,190,0.76,38,1.0,38,1.0,152,0.717,98,212,212,0
0.5,0.1,1,0,48.0,0,0,250,38,212,190,0.76,38,1.0,38,1.0,152,0.717,98,165,212,0
0.5,0.1,1,2,18.0,0,0,250,38,212,190,0.76,38,1.0,38,1.0,152,0.717,98,211,212,0
0.5,0.1,2,2,24.0,0,0,250,38,212,190,0.76,38,1.0,38,1.0,152,0.717,98,212,212,0
0.5,0.1,2,2,32.0,0,0,250,38,212,190,0.76,38,1.0,38,1.0,152,0.717,98,212,212,0
0.5,0.15,1,0,48.0,0,0,250,38,212,190,0.76,38,1.0,38,1.0,152,0.717,98,165,212,0
0.5,0.15,1,2,18.0,0,0,250,38,212,190,0.76,38,1.0,38,1.0,152,0.717,98,211,212,0
0.5,0.15,2,2,24.0,0,0,250,38,212,190,0.76,38,1.0,38,1.0,152,0.717,98,212,212,0
0.5,0.15,2,2,32.0,0,0,250,38,212,190,0.76,38,1.0,38,1.0,152,0.717,98,212,212,0
0.5,0.2,1,0,48.0,0,0,250,38,212,190,0.76,38,1.0,38,1.0,152,0.717,98,165,212,0
0.5,0.2,1,2,18.0,0,0,250,38,212,190,0.76,38,1.0,38,1.0,152,0.717,98,211,212,0
0.5,0.2,2,2,24.0,0,0,250,38,212,190,0.76,38,1.0,38,1.0,152,0.717,98,212,212,0
0.5,0.2,2,2,32.0,0,0,250,38,212,190,0.76,38,1.0,38,1.0,152,0.717,98,212,212,0
0.5,0.25,1,0,48.0,0,0,250,38,212,190,0.76,38,1.0,38,1.0,152,0.717,98,165,212,0
0.5,0.25,1,2,18.0,0,0,250,38,212,190,0.76,38,1.0,38,1.0,152,0.717,98,211,212,0
0.5,0.25,2,2,24.0,0,0,250,38,212,190,0.76,38,1.0,38,1.0,152,0.717,98,212,212,0
0.5,0.25,2,2,32.0,0,0,250,38,212,190,0.76,38,1.0,38,1.0,152,0.717,98,212,212,0
0.5,0.3,1,0,48.0,0,0,250,38,212,190,0.76,38,1.0,38,1.0,152,0.717,98,165,212,0
0.5,0.3,1,2,18.0,0,0,250,38,212,190,0.76,38,1.0,38,1.0,152,0.717,98,211,212,0
0.5,0.3,2,2,24.0,0,0,250,38,212,190,0.76,38,1.0,38,1.0,152,0.717,98,212,212,0
0.5,0.3,2,2,32.0,0,0,250,38,212,190,0.76,38,1.0,38,1.0,152,0.717,98,212,212,0
0.5,0.35,1,0,48.0,0,0,250,38,212,190,0.76,38,1.0,38,1.0,152,0.717,98,165,212,0
0.5,0.35,1,1,48.0,0,0,250,38,212,190,0.76,38,1.0,38,1.0,152,0.717,98,165,212,0
0.5,0.35,1,2,48.0,0,0,250,38,212,190,0.76,38,1.0,38,1.0,152,0.717,98,165,212,0
0.35,0.02,3,0,12.0,0,0,250,38,212,189,0.756,38,1.0,38,1.0,151,0.7123,99,211,212,0
0.35,0.05,3,0,12.0,0,0,250,38,212,189,0.756,38,1.0,38,1.0,151,0.7123,99,211,212,0
0.35,0.1,3,0,12.0,0,0,250,38,212,189,0.756,38,1.0,38,1.0,151,0.7123,99,211,212,0
0.35,0.15,3,0,12.0,0,0,250,38,212,189,0.756,38,1.0,38,1.0,151,0.7123,99,211,212,0
0.35,0.2,3,0,12.0,0,0,250,38,212,189,0.756,38,1.0,38,1.0,151,0.7123,99,211,212,0
0.35,0.25,3,0,12.0,0,0,250,38,212,189,0.756,38,1.0,38,1.0,151,0.7123,99,211,212,0
0.35,0.3,3,1,12.0,0,0,250,38,212,189,0.756,38,1.0,38,1.0,151,0.7123,99,212,212,0
0.35,0.35,3,0,18.0,0,0,250,38,212,189,0.756,38,1.0,38,1.0,151,0.7123,99,211,212,0
0.4,0.02,3,1,24.0,0,0,250,38,212,189,0.756,38,1.0,38,1.0,151,0.7123,99,212,212,0
0.4,0.02,3,1,32.0,0,0,250,38,212,189,0.756,38,1.0,38,1.0,151,0.7123,99,212,212,0
0.4,0.05,3,1,24.0,0,0,250,38,212,189,0.756,38,1.0,38,1.0,151,0.7123,99,212,212,0
0.4,0.05,3,1,32.0,0,0,250,38,212,189,0.756,38,1.0,38,1.0,151,0.7123,99,212,212,0
0.4,0.1,3,1,24.0,0,0,250,38,212,189,0.756,38,1.0,38,1.0,151,0.7123,99,212,212,0
0.4,0.1,3,1,32.0,0,0,250,38,212,189,0.756,38,1.0,38,1.0,151,0.7123,99,212,212,0
0.4,0.15,3,1,24.0,0,0,250,38,212,189,0.756,38,1.0,38,1.0,151,0.7123,99,212,212,0
0.4,0.15,3,1,32.0,0,0,250,38,212,189,0.756,38,1.0,38,1.0,151,0.7123,99,212,212,0
0.4,0.2,3,1,24.0,0,0,250,38,212,189,0.756,38,1.0,38,1.0,151,0.7123,99,212,212,0
0.4,0.2,3,1,32.0,0,0,250,38,212,189,0.756,38,1.0,38,1.0,151,0.7123,99,212,212,0
0.4,0.25,3,1,24.0,0,0,250,38,212,189,0.756,38,1.0,38,1.0,151,0.7123,99,212,212,0
0.4,0.25,3,1,32.0,0,0,250,38,212,189,0.756,38,1.0,38,1.0,151,0.7123,99,212,212,0
0.4,0.3,2,0,18.0,0,0,250,38,212,189,0.756,38,1.0,38,1.0,151,0.7123,99,210,212,0
0.4,0.3,2,1,12.0,0,0,250,38,212,189,0.756,38,1.0,38,1.0,151,0.7123,99,211,212,0
0.4,0.3,3,1,24.0,0,0,250,38,212,189,0.756,38,1.0,38,1.0,151,0.7123,99,212,212,0
0.4,0.3,3,1,32.0,0,0,250,38,212,189,0.756,38,1.0,38,1.0,151,0.7123,99,212,212,0
0.4,0.35,2,0,18.0,0,0,250,38,212,189,0.756,38,1.0,38,1.0,151,0.7123,99,210,212,0
0.4,0.35,2,2,24.0,0,0,250,38,212,189,0.756,38,1.0,38,1.0,151,0.7123,99,212,212,0
0.4,0.35,2,2,32.0,0,0,250,38,212,189,0.756,38,1.0,38,1.0,151,0.7123,99,212,212,0
0.45,0.02,1,0,24.0,0,0,250,38,212,189,0.756,38,1.0,38,1.0,151,0.7123,99,209,212,0
0.45,0.02,1,0,32.0,0,0,250,38,212,189,0.756,38,1.0,38,1.0,151,0.7123,99,209,212,0
0.45,0.02,1,1,12.0,0,0,250,38,212,189,0.756,38,1.0,38,1.0,151,0.7123,99,210,212,0
0.45,0.05,1,0,24.0,0,0,250,38,212,189,0.756,38,1.0,38,1.0,151,0.7123,99,209,212,0
0.45,0.05,1,0,32.0,0,0,250,38,212,189,0.756,38,1.0,38,1.0,151,0.7123,99,209,212,0
0.45,0.05,1,1,12.0,0,0,250,38,212,189,0.756,38,1.0,38,1.0,151,0.7123,99,210,212,0
0.45,0.1,1,0,24.0,0,0,250,38,212,189,0.756,38,1.0,38,1.0,151,0.7123,99,209,212,0
0.45,0.1,1,0,32.0,0,0,250,38,212,189,0.756,38,1.0,38,1.0,151,0.7123,99,209,212,0
0.45,0.1,1,1,12.0,0,0,250,38,212,189,0.756,38,1.0,38,1.0,151,0.7123,99,210,212,0
0.45,0.15,1,0,24.0,0,0,250,38,212,189,0.756,38,1.0,38,1.0,151,0.7123,99,209,212,0
0.45,0.15,1,0,32.0,0,0,250,38,212,189,0.756,38,1.0,38,1.0,151,0.7123,99,209,212,0
0.45,0.15,1,1,12.0,0,0,250,38,212,189,0.756,38,1.0,38,1.0,151,0.7123,99,210,212,0
0.45,0.2,1,0,24.0,0,0,250,38,212,189,0.756,38,1.0,38,1.0,151,0.7123,99,209,212,0
0.45,0.2,1,0,32.0,0,0,250,38,212,189,0.756,38,1.0,38,1.0,151,0.7123,99,209,212,0
0.45,0.2,1,1,12.0,0,0,250,38,212,189,0.756,38,1.0,38,1.0,151,0.7123,99,210,212,0
0.45,0.25,1,0,24.0,0,0,250,38,212,189,0.756,38,1.0,38,1.0,151,0.7123,99,209,212,0
0.45,0.25,1,0,32.0,0,0,250,38,212,189,0.756,38,1.0,38,1.0,151,0.7123,99,209,212,0
0.45,0.25,1,1,12.0,0,0,250,38,212,189,0.756,38,1.0,38,1.0,151,0.7123,99,210,212,0
0.45,0.3,1,0,24.0,0,0,250,38,212,189,0.756,38,1.0,38,1.0,151,0.7123,99,209,212,0
0.45,0.3,1,0,32.0,0,0,250,38,212,189,0.756,38,1.0,38,1.0,151,0.7123,99,209,212,0
0.45,0.3,1,1,12.0,0,0,250,38,212,189,0.756,38,1.0,38,1.0,151,0.7123,99,210,212,0
0.45,0.35,1,0,24.0,0,0,250,38,212,189,0.756,38,1.0,38,1.0,151,0.7123,99,209,212,0
0.45,0.35,1,0,32.0,0,0,250,38,212,189,0.756,38,1.0,38,1.0,151,0.7123,99,209,212,0
0.5,0.02,2,1,24.0,0,0,250,38,212,189,0.756,38,1.0,38,1.0,151,0.7123,99,211,212,0
0.5,0.02,2,1,32.0,0,0,250,38,212,189,0.756,38,1.0,38,1.0,151,0.7123,99,211,212,0
0.5,0.05,2,1,24.0,0,0,250,38,212,189,0.756,38,1.0,38,1.0,151,0.7123,99,211,212,0
0.5,0.05,2,1,32.0,0,0,250,38,212,189,0.756,38,1.0,38,1.0,151,0.7123,99,211,212,0
0.5,0.1,2,1,24.0,0,0,250,38,212,189,0.756,38,1.0,38,1.0,151,0.7123,99,211,212,0
0.5,0.1,2,1,32.0,0,0,250,38,212,189,0.756,38,1.0,38,1.0,151,0.7123,99,211,212,0
0.5,0.15,2,1,24.0,0,0,250,38,212,189,0.756,38,1.0,38,1.0,151,0.7123,99,211,212,0
0.5,0.15,2,1,32.0,0,0,250,38,212,189,0.756,38,1.0,38,1.0,151,0.7123,99,211,212,0
0.5,0.2,2,1,24.0,0,0,250,38,212,189,0.756,38,1.0,38,1.0,151,0.7123,99,211,212,0
0.5,0.2,2,1,32.0,0,0,250,38,212,189,0.756,38,1.0,38,1.0,151,0.7123,99,211,212,0
0.5,0.25,2,1,24.0,0,0,250,38,212,189,0.756,38,1.0,38,1.0,151,0.7123,99,211,212,0
0.5,0.25,2,1,32.0,0,0,250,38,212,189,0.756,38,1.0,38,1.0,151,0.7123,99,211,212,0
0.5,0.3,2,1,24.0,0,0,250,38,212,189,0.756,38,1.0,38,1.0,151,0.7123,99,211,212,0
0.5,0.3,2,1,32.0,0,0,250,38,212,189,0.756,38,1.0,38,1.0,151,0.7123,99,211,212,0
0.45,0.02,3,2,24.0,0,0,250,38,212,189,0.756,37,0.9737,37,0.9737,152,0.717,97,213,213,1
0.45,0.02,3,2,32.0,0,0,250,38,212,189,0.756,37,0.9737,37,0.9737,152,0.717,97,213,213,1
0.45,0.05,3,2,24.0,0,0,250,38,212,189,0.756,37,0.9737,37,0.9737,152,0.717,97,213,213,1
0.45,0.05,3,2,32.0,0,0,250,38,212,189,0.756,37,0.9737,37,0.9737,152,0.717,97,213,213,1
0.45,0.1,3,2,24.0,0,0,250,38,212,189,0.756,37,0.9737,37,0.9737,152,0.717,97,213,213,1
0.45,0.1,3,2,32.0,0,0,250,38,212,189,0.756,37,0.9737,37,0.9737,152,0.717,97,213,213,1
0.45,0.15,3,2,24.0,0,0,250,38,212,189,0.756,37,0.9737,37,0.9737,152,0.717,97,213,213,1
0.45,0.15,3,2,32.0,0,0,250,38,212,189,0.756,37,0.9737,37,0.9737,152,0.717,97,213,213,1
0.45,0.2,3,2,24.0,0,0,250,38,212,189,0.756,37,0.9737,37,0.9737,152,0.717,97,213,213,1
0.45,0.2,3,2,32.0,0,0,250,38,212,189,0.756,37,0.9737,37,0.9737,152,0.717,97,213,213,1
0.45,0.25,3,2,24.0,0,0,250,38,212,189,0.756,37,0.9737,37,0.9737,152,0.717,97,213,213,1
0.45,0.25,3,2,32.0,0,0,250,38,212,189,0.756,37,0.9737,37,0.9737,152,0.717,97,213,213,1
0.45,0.3,3,2,24.0,0,0,250,38,212,189,0.756,37,0.9737,37,0.9737,152,0.717,97,213,213,1
0.45,0.3,3,2,32.0,0,0,250,38,212,189,0.756,37,0.9737,37,0.9737,152,0.717,97,213,213,1
0.35,0.3,3,0,18.0,0,0,250,38,212,188,0.752,38,1.0,38,1.0,150,0.7075,100,211,212,0
0.4,0.02,2,2,12.0,0,0,250,38,212,188,0.752,38,1.0,38,1.0,150,0.7075,100,212,212,0
0.4,0.05,2,2,12.0,0,0,250,38,212,188,0.752,38,1.0,38,1.0,150,0.7075,100,212,212,0
0.4,0.1,2,2,12.0,0,0,250,38,212,188,0.752,38,1.0,38,1.0,150,0.7075,100,212,212,0
0.4,0.15,2,2,12.0,0,0,250,38,212,188,0.752,38,1.0,38,1.0,150,0.7075,100,212,212,0
0.4,0.2,2,2,12.0,0,0,250,38,212,188,0.752,38,1.0,38,1.0,150,0.7075,100,212,212,0
0.4,0.25,2,2,12.0,0,0,250,38,212,188,0.752,38,1.0,38,1.0,150,0.7075,100,212,212,0
0.4,0.35,2,1,24.0,0,0,250,38,212,188,0.752,38,1.0,38,1.0,150,0.7075,100,211,212,0
0.4,0.35,2,1,32.0,0,0,250,38,212,188,0.752,38,1.0,38,1.0,150,0.7075,100,211,212,0
0.4,0.4,1,1,12.0,0,0,250,38,212,188,0.752,38,1.0,38,1.0,150,0.7075,100,210,212,0
0.4,0.4,1,1,18.0,0,0,250,38,212,188,0.752,38,1.0,38,1.0,150,0.7075,100,210,212,0
0.45,0.02,1,0,48.0,0,0,250,38,212,188,0.752,38,1.0,38,1.0,150,0.7075,100,163,212,0
0.45,0.02,1,2,18.0,0,0,250,38,212,188,0.752,38,1.0,38,1.0,150,0.7075,100,211,212,0
0.45,0.02,2,2,24.0,0,0,250,38,212,188,0.752,38,1.0,38,1.0,150,0.7075,100,212,212,0
0.45,0.02,2,2,32.0,0,0,250,38,212,188,0.752,38,1.0,38,1.0,150,0.7075,100,212,212,0
0.45,0.05,1,0,48.0,0,0,250,38,212,188,0.752,38,1.0,38,1.0,150,0.7075,100,163,212,0
0.45,0.05,1,2,18.0,0,0,250,38,212,188,0.752,38,1.0,38,1.0,150,0.7075,100,211,212,0
0.45,0.05,2,2,24.0,0,0,250,38,212,188,0.752,38,1.0,38,1.0,150,0.7075,100,212,212,0
0.45,0.05,2,2,32.0,0,0,250,38,212,188,0.752,38,1.0,38,1.0,150,0.7075,100,212,212,0
0.45,0.1,1,0,48.0,0,0,250,38,212,188,0.752,38,1.0,38,1.0,150,0.7075,100,163,212,0
0.45,0.1,1,2,18.0,0,0,250,38,212,188,0.752,38,1.0,38,1.0,150,0.7075,100,211,212,0
0.45,0.1,2,2,24.0,0,0,250,38,212,188,0.752,38,1.0,38,1.0,150,0.7075,100,212,212,0
0.45,0.1,2,2,32.0,0,0,250,38,212,188,0.752,38,1.0,38,1.0,150,0.7075,100,212,212,0
0.45,0.15,1,0,48.0,0,0,250,38,212,188,0.752,38,1.0,38,1.0,150,0.7075,100,163,212,0
0.45,0.15,1,2,18.0,0,0,250,38,212,188,0.752,38,1.0,38,1.0,150,0.7075,100,211,212,0
0.45,0.15,2,2,24.0,0,0,250,38,212,188,0.752,38,1.0,38,1.0,150,0.7075,100,212,212,0
0.45,0.15,2,2,32.0,0,0,250,38,212,188,0.752,38,1.0,38,1.0,150,0.7075,100,212,212,0
0.45,0.2,1,0,48.0,0,0,250,38,212,188,0.752,38,1.0,38,1.0,150,0.7075,100,163,212,0
0.45,0.2,1,2,18.0,0,0,250,38,212,188,0.752,38,1.0,38,1.0,150,0.7075,100,211,212,0
0.45,0.2,2,2,24.0,0,0,250,38,212,188,0.752,38,1.0,38,1.0,150,0.7075,100,212,212,0
0.45,0.2,2,2,32.0,0,0,250,38,212,188,0.752,38,1.0,38,1.0,150,0.7075,100,212,212,0
0.45,0.25,1,0,48.0,0,0,250,38,212,188,0.752,38,1.0,38,1.0,150,0.7075,100,163,212,0
0.45,0.25,1,2,18.0,0,0,250,38,212,188,0.752,38,1.0,38,1.0,150,0.7075,100,211,212,0
0.45,0.25,2,2,24.0,0,0,250,38,212,188,0.752,38,1.0,38,1.0,150,0.7075,100,212,212,0
0.45,0.25,2,2,32.0,0,0,250,38,212,188,0.752,38,1.0,38,1.0,150,0.7075,100,212,212,0
0.45,0.3,1,0,48.0,0,0,250,38,212,188,0.752,38,1.0,38,1.0,150,0.7075,100,163,212,0
0.45,0.3,1,2,18.0,0,0,250,38,212,188,0.752,38,1.0,38,1.0,150,0.7075,100,211,212,0
0.45,0.3,2,2,24.0,0,0,250,38,212,188,0.752,38,1.0,38,1.0,150,0.7075,100,212,212,0
0.45,0.3,2,2,32.0,0,0,250,38,212,188,0.752,38,1.0,38,1.0,150,0.7075,100,212,212,0
0.45,0.35,1,0,48.0,0,0,250,38,212,188,0.752,38,1.0,38,1.0,150,0.7075,100,163,212,0
0.45,0.35,1,1,48.0,0,0,250,38,212,188,0.752,38,1.0,38,1.0,150,0.7075,100,163,212,0
0.45,0.35,1,2,48.0,0,0,250,38,212,188,0.752,38,1.0,38,1.0,150,0.7075,100,163,212,0
0.5,0.02,1,1,18.0,0,0,250,38,212,188,0.752,38,1.0,38,1.0,150,0.7075,100,210,212,0
0.5,0.05,1,1,18.0,0,0,250,38,212,188,0.752,38,1.0,38,1.0,150,0.7075,100,210,212,0
0.5,0.1,1,1,18.0,0,0,250,38,212,188,0.752,38,1.0,38,1.0,150,0.7075,100,210,212,0
0.5,0.15,1,1,18.0,0,0,250,38,212,188,0.752,38,1.0,38,1.0,150,0.7075,100,210,212,0
0.5,0.2,1,1,18.0,0,0,250,38,212,188,0.752,38,1.0,38,1.0,150,0.7075,100,210,212,0
0.5,0.25,1,1,18.0,0,0,250,38,212,188,0.752,38,1.0,38,1.0,150,0.7075,100,210,212,0
0.5,0.3,1,1,18.0,0,0,250,38,212,188,0.752,38,1.0,38,1.0,150,0.7075,100,210,212,0
0.4,0.02,3,2,24.0,0,0,250,38,212,188,0.752,37,0.9737,37,0.9737,151,0.7123,98,213,213,1
0.4,0.02,3,2,32.0,0,0,250,38,212,188,0.752,37,0.9737,37,0.9737,151,0.7123,98,213,213,1
0.4,0.05,3,2,24.0,0,0,250,38,212,188,0.752,37,0.9737,37,0.9737,151,0.7123,98,213,213,1
0.4,0.05,3,2,32.0,0,0,250,38,212,188,0.752,37,0.9737,37,0.9737,151,0.7123,98,213,213,1
0.4,0.1,3,2,24.0,0,0,250,38,212,188,0.752,37,0.9737,37,0.9737,151,0.7123,98,213,213,1
0.4,0.1,3,2,32.0,0,0,250,38,212,188,0.752,37,0.9737,37,0.9737,151,0.7123,98,213,213,1
0.4,0.15,3,2,24.0,0,0,250,38,212,188,0.752,37,0.9737,37,0.9737,151,0.7123,98,213,213,1
0.4,0.15,3,2,32.0,0,0,250,38,212,188,0.752,37,0.9737,37,0.9737,151,0.7123,98,213,213,1
0.4,0.2,3,2,24.0,0,0,250,38,212,188,0.752,37,0.9737,37,0.9737,151,0.7123,98,213,213,1
0.4,0.2,3,2,32.0,0,0,250,38,212,188,0.752,37,0.9737,37,0.9737,151,0.7123,98,213,213,1
0.4,0.25,3,2,24.0,0,0,250,38,212,188,0.752,37,0.9737,37,0.9737,151,0.7123,98,213,213,1
0.4,0.25,3,2,32.0,0,0,250,38,212,188,0.752,37,0.9737,37,0.9737,151,0.7123,98,213,213,1
0.4,0.3,3,2,24.0,0,0,250,38,212,188,0.752,37,0.9737,37,0.9737,151,0.7123,98,213,213,1
0.4,0.3,3,2,32.0,0,0,250,38,212,188,0.752,37,0.9737,37,0.9737,151,0.7123,98,213,213,1
0.35,0.02,3,1,12.0,0,0,250,38,212,187,0.748,38,1.0,38,1.0,149,0.7028,101,212,212,0
0.35,0.05,3,1,12.0,0,0,250,38,212,187,0.748,38,1.0,38,1.0,149,0.7028,101,212,212,0
0.35,0.1,3,1,12.0,0,0,250,38,212,187,0.748,38,1.0,38,1.0,149,0.7028,101,212,212,0
0.35,0.15,3,1,12.0,0,0,250,38,212,187,0.748,38,1.0,38,1.0,149,0.7028,101,212,212,0
0.35,0.2,3,1,12.0,0,0,250,38,212,187,0.748,38,1.0,38,1.0,149,0.7028,101,212,212,0
0.35,0.25,3,1,12.0,0,0,250,38,212,187,0.748,38,1.0,38,1.0,149,0.7028,101,212,212,0
0.35,0.35,2,1,12.0,0,0,250,38,212,187,0.748,38,1.0,38,1.0,149,0.7028,101,211,212,0
0.35,0.35,2,2,12.0,0,0,250,38,212,187,0.748,38,1.0,38,1.0,149,0.7028,101,212,212,0
0.35,0.35,3,1,24.0,0,0,250,38,212,187,0.748,38,1.0,38,1.0,149,0.7028,101,212,212,0
0.35,0.35,3,1,32.0,0,0,250,38,212,187,0.748,38,1.0,38,1.0,149,0.7028,101,212,212,0
0.4,0.02,2,0,18.0,0,0,250,38,212,187,0.748,38,1.0,38,1.0,149,0.7028,101,210,212,0
0.4,0.02,2,1,12.0,0,0,250,38,212,187,0.748,38,1.0,38,1.0,149,0.7028,101,211,212,0
0.4,0.05,2,0,18.0,0,0,250,38,212,187,0.748,38,1.0,38,1.0,149,0.7028,101,210,212,0
0.4,0.05,2,1,12.0,0,0,250,38,212,187,0.748,38,1.0,38,1.0,149,0.7028,101,211,212,0
0.4,0.1,2,0,18.0,0,0,250,38,212,187,0.748,38,1.0,38,1.0,149,0.7028,101,210,212,0
0.4,0.1,2,1,12.0,0,0,250,38,212,187,0.748,38,1.0,38,1.0,149,0.7028,101,211,212,0
0.4,0.15,2,0,18.0,0,0,250,38,212,187,0.748,38,1.0,38,1.0,149,0.7028,101,210,212,0
0.4,0.15,2,1,12.0,0,0,250,38,212,187,0.748,38,1.0,38,1.0,149,0.7028,101,211,212,0
0.4,0.2,2,0,18.0,0,0,250,38,212,187,0.748,38,1.0,38,1.0,149,0.7028,101,210,212,0
0.4,0.2,2,1,12.0,0,0,250,38,212,187,0.748,38,1.0,38,1.0,149,0.7028,101,211,212,0
0.4,0.25,2,0,18.0,0,0,250,38,212,187,0.748,38,1.0,38,1.0,149,0.7028,101,210,212,0
0.4,0.25,2,1,12.0,0,0,250,38,212,187,0.748,38,1.0,38,1.0,149,0.7028,101,211,212,0
0.4,0.3,2,0,24.0,0,0,250,38,212,187,0.748,38,1.0,38,1.0,149,0.7028,101,210,212,0
0.4,0.3,2,0,32.0,0,0,250,38,212,187,0.748,38,1.0,38,1.0,149,0.7028,101,210,212,0
0.4,0.3,2,2,18.0,0,0,250,38,212,187,0.748,38,1.0,38,1.0,149,0.7028,101,212,212,0
0.4,0.35,1,2,12.0,0,0,250,38,212,187,0.748,38,1.0,38,1.0,149,0.7028,101,211,212,0
0.4,0.35,2,0,24.0,0,0,250,38,212,187,0.748,38,1.0,38,1.0,149,0.7028,101,210,212,0
0.4,0.35,2,0,32.0,0,0,250,38,212,187,0.748,38,1.0,38,1.0,149,0.7028,101,210,212,0
0.4,0.4,1,2,24.0,0,0,250,38,212,187,0.748,38,1.0,38,1.0,149,0.7028,101,211,212,0
0.4,0.4,1,2,32.0,0,0,250,38,212,187,0.748,38,1.0,38,1.0,149,0.7028,101,211,212,0
0.45,0.02,2,1,24.0,0,0,250,38,212,187,0.748,38,1.0,38,1.0,149,0.7028,101,211,212,0
0.45,0.02,2,1,32.0,0,0,250,38,212,187,0.748,38,1.0,38,1.0,149,0.7028,101,211,212,0
0.45,0.05,2,1,24.0,0,0,250,38,212,187,0.748,38,1.0,38,1.0,149,0.7028,101,211,212,0
0.45,0.05,2,1,32.0,0,0,250,38,212,187,0.748,38,1.0,38,1.0,149,0.7028,101,211,212,0
0.45,0.1,2,1,24.0,0,0,250,38,212,187,0.748,38,1.0,38,1.0,149,0.7028,101,211,212,0
0.45,0.1,2,1,32.0,0,0,250,38,212,187,0.748,38,1.0,38,1.0,149,0.7028,101,211,212,0
0.45,0.15,2,1,24.0,0,0,250,38,212,187,0.748,38,1.0,38,1.0,149,0.7028,101,211,212,0
0.45,0.15,2,1,32.0,0,0,250,38,212,187,0.748,38,1.0,38,1.0,149,0.7028,101,211,212,0
0.45,0.2,2,1,24.0,0,0,250,38,212,187,0.748,38,1.0,38,1.0,149,0.7028,101,211,212,0
0.45,0.2,2,1,32.0,0,0,250,38,212,187,0.748,38,1.0,38,1.0,149,0.7028,101,211,212,0
0.45,0.25,2,1,24.0,0,0,250,38,212,187,0.748,38,1.0,38,1.0,149,0.7028,101,211,212,0
0.45,0.25,2,1,32.0,0,0,250,38,212,187,0.748,38,1.0,38,1.0,149,0.7028,101,211,212,0
0.45,0.3,2,1,24.0,0,0,250,38,212,187,0.748,38,1.0,38,1.0,149,0.7028,101,211,212,0
0.45,0.3,2,1,32.0,0,0,250,38,212,187,0.748,38,1.0,38,1.0,149,0.7028,101,211,212,0
0.5,0.02,1,2,24.0,0,0,250,38,212,187,0.748,38,1.0,38,1.0,149,0.7028,101,211,212,0
0.5,0.02,1,2,32.0,0,0,250,38,212,187,0.748,38,1.0,38,1.0,149,0.7028,101,211,212,0
0.5,0.05,1,2,24.0,0,0,250,38,212,187,0.748,38,1.0,38,1.0,149,0.7028,101,211,212,0
0.5,0.05,1,2,32.0,0,0,250,38,212,187,0.748,38,1.0,38,1.0,149,0.7028,101,211,212,0
0.5,0.1,1,2,24.0,0,0,250,38,212,187,0.748,38,1.0,38,1.0,149,0.7028,101,211,212,0
0.5,0.1,1,2,32.0,0,0,250,38,212,187,0.748,38,1.0,38,1.0,149,0.7028,101,211,212,0
0.5,0.15,1,2,24.0,0,0,250,38,212,187,0.748,38,1.0,38,1.0,149,0.7028,101,211,212,0
0.5,0.15,1,2,32.0,0,0,250,38,212,187,0.748,38,1.0,38,1.0,149,0.7028,101,211,212,0
0.5,0.2,1,2,24.0,0,0,250,38,212,187,0.748,38,1.0,38,1.0,149,0.7028,101,211,212,0
0.5,0.2,1,2,32.0,0,0,250,38,212,187,0.748,38,1.0,38,1.0,149,0.7028,101,211,212,0
0.5,0.25,1,2,24.0,0,0,250,38,212,187,0.748,38,1.0,38,1.0,149,0.7028,101,211,212,0
0.5,0.25,1,2,32.0,0,0,250,38,212,187,0.748,38,1.0,38,1.0,149,0.7028,101,211,212,0
0.5,0.3,1,2,24.0,0,0,250,38,212,187,0.748,38,1.0,38,1.0,149,0.7028,101,211,212,0
0.5,0.3,1,2,32.0,0,0,250,38,212,187,0.748,38,1.0,38,1.0,149,0.7028,101,211,212,0
0.35,0.3,3,2,12.0,0,0,250,38,212,187,0.748,37,0.9737,37,0.9737,150,0.7075,99,213,213,1
0.35,0.02,3,0,18.0,0,0,250,38,212,186,0.744,38,1.0,38,1.0,148,0.6981,102,211,212,0
0.35,0.05,3,0,18.0,0,0,250,38,212,186,0.744,38,1.0,38,1.0,148,0.6981,102,211,212,0
0.35,0.1,3,0,18.0,0,0,250,38,212,186,0.744,38,1.0,38,1.0,148,0.6981,102,211,212,0
0.35,0.15,3,0,18.0,0,0,250,38,212,186,0.744,38,1.0,38,1.0,148,0.6981,102,211,212,0
0.35,0.2,3,0,18.0,0,0,250,38,212,186,0.744,38,1.0,38,1.0,148,0.6981,102,211,212,0
0.35,0.25,3,0,18.0,0,0,250,38,212,186,0.744,38,1.0,38,1.0,148,0.6981,102,211,212,0
0.35,0.35,3,0,24.0,0,0,250,38,212,186,0.744,38,1.0,38,1.0,148,0.6981,102,211,212,0
0.35,0.35,3,0,32.0,0,0,250,38,212,186,0.744,38,1.0,38,1.0,148,0.6981,102,211,212,0
0.4,0.4,1,0,12.0,0,0,250,38,212,186,0.744,38,1.0,38,1.0,148,0.6981,102,209,212,0
0.4,0.4,1,0,18.0,0,0,250,38,212,186,0.744,38,1.0,38,1.0,148,0.6981,102,209,212,0
0.4,0.4,1,1,24.0,0,0,250,38,212,186,0.744,38,1.0,38,1.0,148,0.6981,102,210,212,0
0.4,0.4,1,1,32.0,0,0,250,38,212,186,0.744,38,1.0,38,1.0,148,0.6981,102,210,212,0
0.45,0.02,1,1,18.0,0,0,250,38,212,186,0.744,38,1.0,38,1.0,148,0.6981,102,210,212,0
0.45,0.02,3,1,48.0,0,0,250,38,212,186,0.744,38,1.0,38,1.0,148,0.6981,102,165,212,0
0.45,0.02,3,2,48.0,0,0,250,38,212,186,0.744,38,1.0,38,1.0,148,0.6981,102,165,212,0
0.45,0.05,1,1,18.0,0,0,250,38,212,186,0.744,38,1.0,38,1.0,148,0.6981,102,210,212,0
0.45,0.05,3,1,48.0,0,0,250,38,212,186,0.744,38,1.0,38,1.0,148,0.6981,102,165,212,0
0.45,0.05,3,2,48.0,0,0,250,38,212,186,0.744,38,1.0,38,1.0,148,0.6981,102,165,212,0
0.45,0.1,1,1,18.0,0,0,250,38,212,186,0.744,38,1.0,38,1.0,148,0.6981,102,210,212,0
0.45,0.1,3,1,48.0,0,0,250,38,212,186,0.744,38,1.0,38,1.0,148,0.6981,102,165,212,0
0.45,0.1,3,2,48.0,0,0,250,38,212,186,0.744,38,1.0,38,1.0,148,0.6981,102,165,212,0
0.45,0.15,1,1,18.0,0,0,250,38,212,186,0.744,38,1.0,38,1.0,148,0.6981,102,210,212,0
0.45,0.15,3,1,48.0,0,0,250,38,212,186,0.744,38,1.0,38,1.0,148,0.6981,102,165,212,0
0.45,0.15,3,2,48.0,0,0,250,38,212,186,0.744,38,1.0,38,1.0,148,0.6981,102,165,212,0
0.45,0.2,1,1,18.0,0,0,250,38,212,186,0.744,38,1.0,38,1.0,148,0.6981,102,210,212,0
0.45,0.2,3,1,48.0,0,0,250,38,212,186,0.744,38,1.0,38,1.0,148,0.6981,102,165,212,0
0.45,0.2,3,2,48.0,0,0,250,38,212,186,0.744,38,1.0,38,1.0,148,0.6981,102,165,212,0
0.45,0.25,1,1,18.0,0,0,250,38,212,186,0.744,38,1.0,38,1.0,148,0.6981,102,210,212,0
0.45,0.25,3,1,48.0,0,0,250,38,212,186,0.744,38,1.0,38,1.0,148,0.6981,102,165,212,0
0.45,0.25,3,2,48.0,0,0,250,38,212,186,0.744,38,1.0,38,1.0,148,0.6981,102,165,212,0
0.45,0.3,1,1,18.0,0,0,250,38,212,186,0.744,38,1.0,38,1.0,148,0.6981,102,210,212,0
0.45,0.3,3,1,48.0,0,0,250,38,212,186,0.744,38,1.0,38,1.0,148,0.6981,102,165,212,0
0.45,0.3,3,2,48.0,0,0,250,38,212,186,0.744,38,1.0,38,1.0,148,0.6981,102,165,212,0
0.5,0.02,1,1,24.0,0,0,250,38,212,186,0.744,38,1.0,38,1.0,148,0.6981,102,210,212,0
0.5,0.02,1,1,32.0,0,0,250,38,212,186,0.744,38,1.0,38,1.0,148,0.6981,102,210,212,0
0.5,0.02,2,1,48.0,0,0,250,38,212,186,0.744,38,1.0,38,1.0,148,0.6981,102,166,212,0
0.5,0.02,2,2,48.0,0,0,250,38,212,186,0.744,38,1.0,38,1.0,148,0.6981,102,166,212,0
0.5,0.05,1,1,24.0,0,0,250,38,212,186,0.744,38,1.0,38,1.0,148,0.6981,102,210,212,0
0.5,0.05,1,1,32.0,0,0,250,38,212,186,0.744,38,1.0,38,1.0,148,0.6981,102,210,212,0
0.5,0.05,2,1,48.0,0,0,250,38,212,186,0.744,38,1.0,38,1.0,148,0.6981,102,166,212,0
0.5,0.05,2,2,48.0,0,0,250,38,212,186,0.744,38,1.0,38,1.0,148,0.6981,102,166,212,0
0.5,0.1,1,1,24.0,0,0,250,38,212,186,0.744,38,1.0,38,1.0,148,0.6981,102,210,212,0
0.5,0.1,1,1,32.0,0,0,250,38,212,186,0.744,38,1.0,38,1.0,148,0.6981,102,210,212,0
0.5,0.1,2,1,48.0,0,0,250,38,212,186,0.744,38,1.0,38,1.0,148,0.6981,102,166,212,0
0.5,0.1,2,2,48.0,0,0,250,38,212,186,0.744,38,1.0,38,1.0,148,0.6981,102,166,212,0
0.5,0.15,1,1,24.0,0,0,250,38,212,186,0.744,38,1.0,38,1.0,148,0.6981,102,210,212,0
0.5,0.15,1,1,32.0,0,0,250,38,212,186,0.744,38,1.0,38,1.0,148,0.6981,102,210,212,0
0.5,0.15,2,1,48.0,0,0,250,38,212,186,0.744,38,1.0,38,1.0,148,0.6981,102,166,212,0
0.5,0.15,2,2,48.0,0,0,250,38,212,186,0.744,38,1.0,38,1.0,148,0.6981,102,166,212,0
0.5,0.2,1,1,24.0,0,0,250,38,212,186,0.744,38,1.0,38,1.0,148,0.6981,102,210,212,0
0.5,0.2,1,1,32.0,0,0,250,38,212,186,0.744,38,1.0,38,1.0,148,0.6981,102,210,212,0
0.5,0.2,2,1,48.0,0,0,250,38,212,186,0.744,38,1.0,38,1.0,148,0.6981,102,166,212,0
0.5,0.2,2,2,48.0,0,0,250,38,212,186,0.744,38,1.0,38,1.0,148,0.6981,102,166,212,0
0.5,0.25,1,1,24.0,0,0,250,38,212,186,0.744,38,1.0,38,1.0,148,0.6981,102,210,212,0
0.5,0.25,1,1,32.0,0,0,250,38,212,186,0.744,38,1.0,38,1.0,148,0.6981,102,210,212,0
0.5,0.25,2,1,48.0,0,0,250,38,212,186,0.744,38,1.0,38,1.0,148,0.6981,102,166,212,0
0.5,0.25,2,2,48.0,0,0,250,38,212,186,0.744,38,1.0,38,1.0,148,0.6981,102,166,212,0
0.5,0.3,1,1,24.0,0,0,250,38,212,186,0.744,38,1.0,38,1.0,148,0.6981,102,210,212,0
0.5,0.3,1,1,32.0,0,0,250,38,212,186,0.744,38,1.0,38,1.0,148,0.6981,102,210,212,0
0.5,0.3,2,1,48.0,0,0,250,38,212,186,0.744,38,1.0,38,1.0,148,0.6981,102,166,212,0
0.5,0.3,2,2,48.0,0,0,250,38,212,186,0.744,38,1.0,38,1.0,148,0.6981,102,166,212,0
0.35,0.35,3,2,24.0,0,0,250,38,212,186,0.744,37,0.9737,37,0.9737,149,0.7028,100,213,213,1
0.35,0.35,3,2,32.0,0,0,250,38,212,186,0.744,37,0.9737,37,0.9737,149,0.7028,100,213,213,1
0.35,0.3,3,0,24.0,0,0,250,38,212,185,0.74,38,1.0,38,1.0,147,0.6934,103,211,212,0
0.35,0.3,3,0,32.0,0,0,250,38,212,185,0.74,38,1.0,38,1.0,147,0.6934,103,211,212,0
0.35,0.35,2,2,18.0,0,0,250,38,212,185,0.74,38,1.0,38,1.0,147,0.6934,103,212,212,0
0.4,0.02,2,0,24.0,0,0,250,38,212,185,0.74,38,1.0,38,1.0,147,0.6934,103,210,212,0
0.4,0.02,2,0,32.0,0,0,250,38,212,185,0.74,38,1.0,38,1.0,147,0.6934,103,210,212,0
0.4,0.02,2,2,18.0,0,0,250,38,212,185,0.74,38,1.0,38,1.0,147,0.6934,103,212,212,0
0.4,0.02,3,1,48.0,0,0,250,38,212,185,0.74,38,1.0,38,1.0,147,0.6934,103,165,212,0
0.4,0.02,3,2,48.0,0,0,250,38,212,185,0.74,38,1.0,38,1.0,147,0.6934,103,165,212,0
0.4,0.05,2,0,24.0,0,0,250,38,212,185,0.74,38,1.0,38,1.0,147,0.6934,103,210,212,0
0.4,0.05,2,0,32.0,0,0,250,38,212,185,0.74,38,1.0,38,1.0,147,0.6934,103,210,212,0
0.4,0.05,2,2,18.0,0,0,250,38,212,185,0.74,38,1.0,38,1.0,147,0.6934,103,212,212,0
0.4,0.05,3,1,48.0,0,0,250,38,212,185,0.74,38,1.0,38,1.0,147,0.6934,103,165,212,0
0.4,0.05,3,2,48.0,0,0,250,38,212,185,0.74,38,1.0,38,1.0,147,0.6934,103,165,212,0
0.4,0.1,2,0,24.0,0,0,250,38,212,185,0.74,38,1.0,38,1.0,147,0.6934,103,210,212,0
0.4,0.1,2,0,32.0,0,0,250,38,212,185,0.74,38,1.0,38,1.0,147,0.6934,103,210,212,0
0.4,0.1,2,2,18.0,0,0,250,38,212,185,0.74,38,1.0,38,1.0,147,0.6934,103,212,212,0
0.4,0.1,3,1,48.0,0,0,250,38,212,185,0.74,38,1.0,38,1.0,147,0.6934,103,165,212,0
0.4,0.1,3,2,48.0,0,0,250,38,212,185,0.74,38,1.0,38,1.0,147,0.6934,103,165,212,0
0.4,0.15,2,0,24.0,0,0,250,38,212,185,0.74,38,1.0,38,1.0,147,0.6934,103,210,212,0
0.4,0.15,2,0,32.0,0,0,250,38,212,185,0.74,38,1.0,38,1.0,147,0.6934,103,210,212,0
0.4,0.15,2,2,18.0,0,0,250,38,212,185,0.74,38,1.0,38,1.0,147,0.6934,103,212,212,0
0.4,0.15,3,1,48.0,0,0,250,38,212,185,0.74,38,1.0,38,1.0,147,0.6934,103,165,212,0
0.4,0.15,3,2,48.0,0,0,250,38,212,185,0.74,38,1.0,38,1.0,147,0.6934,103,165,212,0
0.4,0.2,2,0,24.0,0,0,250,38,212,185,0.74,38,1.0,38,1.0,147,0.6934,103,210,212,0
0.4,0.2,2,0,32.0,0,0,250,38,212,185,0.74,38,1.0,38,1.0,147,0.6934,103,210,212,0
0.4,0.2,2,2,18.0,0,0,250,38,212,185,0.74,38,1.0,38,1.0,147,0.6934,103,212,212,0
0.4,0.2,3,1,48.0,0,0,250,38,212,185,0.74,38,1.0,38,1.0,147,0.6934,103,165,212,0
0.4,0.2,3,2,48.0,0,0,250,38,212,185,0.74,38,1.0,38,1.0,147,0.6934,103,165,212,0
0.4,0.25,2,0,24.0,0,0,250,38,212,185,0.74,38,1.0,38,1.0,147,0.6934,103,210,212,0
0.4,0.25,2,0,32.0,0,0,250,38,212,185,0.74,38,1.0,38,1.0,147,0.6934,103,210,212,0
0.4,0.25,2,2,18.0,0,0,250,38,212,185,0.74,38,1.0,38,1.0,147,0.6934,103,212,212,0
0.4,0.25,3,1,48.0,0,0,250,38,212,185,0.74,38,1.0,38,1.0,147,0.6934,103,165,212,0
0.4,0.25,3,2,48.0,0,0,250,38,212,185,0.74,38,1.0,38,1.0,147,0.6934,103,165,212,0
0.4,0.3,2,0,48.0,0,0,250,38,212,185,0.74,38,1.0,38,1.0,147,0.6934,103,161,212,0
0.4,0.3,2,1,18.0,0,0,250,38,212,185,0.74,38,1.0,38,1.0,147,0.6934,103,211,212,0
0.4,0.3,3,1,48.0,0,0,250,38,212,185,0.74,38,1.0,38,1.0,147,0.6934,103,165,212,0
0.4,0.3,3,2,48.0,0,0,250,38,212,185,0.74,38,1.0,38,1.0,147,0.6934,103,165,212,0
0.4,0.35,1,1,12.0,0,0,250,38,212,185,0.74,38,1.0,38,1.0,147,0.6934,103,210,212,0
0.4,0.35,1,2,18.0,0,0,250,38,212,185,0.74,38,1.0,38,1.0,147,0.6934,103,211,212,0
0.4,0.35,2,0,48.0,0,0,250,38,212,185,0.74,38,1.0,38,1.0,147,0.6934,103,161,212,0
0.4,0.35,2,1,48.0,0,0,250,38,212,185,0.74,38,1.0,38,1.0,147,0.6934,103,161,212,0
0.4,0.35,2,2,48.0,0,0,250,38,212,185,0.74,38,1.0,38,1.0,147,0.6934,103,161,212,0
0.4,0.4,1,0,24.0,0,0,250,38,212,185,0.74,38,1.0,38,1.0,147,0.6934,103,209,212,0
0.4,0.4,1,0,32.0,0,0,250,38,212,185,0.74,38,1.0,38,1.0,147,0.6934,103,209,212,0
0.45,0.02,1,2,24.0,0,0,250,38,212,185,0.74,38,1.0,38,1.0,147,0.6934,103,211,212,0
0.45,0.02,1,2,32.0,0,0,250,38,212,185,0.74,38,1.0,38,1.0,147,0.6934,103,211,212,0
0.45,0.05,1,2,24.0,0,0,250,38,212,185,0.74,38,1.0,38,1.0,147,0.6934,103,211,212,0
0.45,0.05,1,2,32.0,0,0,250,38,212,185,0.74,38,1.0,38,1.0,147,0.6934,103,211,212,0
0.45,0.1,1,2,24.0,0,0,250,38,212,185,0.74,38,1.0,38,1.0,147,0.6934,103,211,212,0
0.45,0.1,1,2,32.0,0,0,250,38,212,185,0.74,38,1.0,38,1.0,147,0.6934,103,211,212,0
0.45,0.15,1,2,24.0,0,0,250,38,212,185,0.74,38,1.0,38,1.0,147,0.6934,103,211,212,0
0.45,0.15,1,2,32.0,0,0,250,38,212,185,0.74,38,1.0,38,1.0,147,0.6934,103,211,212,0
0.45,0.2,1,2,24.0,0,0,250,38,212,185,0.74,38,1.0,38,1.0,147,0.6934,103,211,212,0
0.45,0.2,1,2,32.0,0,0,250,38,212,185,0.74,38,1.0,38,1.0,147,0.6934,103,211,212,0
0.45,0.25,1,2,24.0,0,0,250,38,212,185,0.74,38,1.0,38,1.0,147,0.6934,103,211,212,0
0.45,0.25,1,2,32.0,0,0,250,38,212,185,0.74,38,1.0,38,1.0,147,0.6934,103,211,212,0
0.45,0.3,1,2,24.0,0,0,250,38,212,185,0.74,38,1.0,38,1.0,147,0.6934,103,211,212,0
0.45,0.3,1,2,32.0,0,0,250,38,212,185,0.74,38,1.0,38,1.0,147,0.6934,103,211,212,0
0.35,0.02,3,2,12.0,0,0,250,38,212,185,0.74,37,0.9737,37,0.9737,148,0.6981,101,213,213,1
0.35,0.05,3,2,12.0,0,0,250,38,212,185,0.74,37,0.9737,37,0.9737,148,0.6981,101,213,213,1
0.35,0.1,3,2,12.0,0,0,250,38,212,185,0.74,37,0.9737,37,0.9737,148,0.6981,101,213,213,1
0.35,0.15,3,2,12.0,0,0,250,38,212,185,0.74,37,0.9737,37,0.9737,148,0.6981,101,213,213,1
0.35,0.2,3,2,12.0,0,0,250,38,212,185,0.74,37,0.9737,37,0.9737,148,0.6981,101,213,213,1
0.35,0.25,3,2,12.0,0,0,250,38,212,185,0.74,37,0.9737,37,0.9737,148,0.6981,101,213,213,1
0.35,0.35,2,0,12.0,0,0,250,38,212,184,0.736,38,1.0,38,1.0,146,0.6887,104,210,212,0
0.35,0.35,2,1,18.0,0,0,250,38,212,184,0.736,38,1.0,38,1.0,146,0.6887,104,211,212,0
0.4,0.4,1,0,48.0,0,0,250,38,212,184,0.736,38,1.0,38,1.0,146,0.6887,104,163,212,0
0.4,0.4,1,1,48.0,0,0,250,38,212,184,0.736,38,1.0,38,1.0,146,0.6887,104,160,212,0
0.4,0.4,1,2,48.0,0,0,250,38,212,184,0.736,38,1.0,38,1.0,146,0.6887,104,160,212,0
0.45,0.02,1,1,24.0,0,0,250,38,212,184,0.736,38,1.0,38,1.0,146,0.6887,104,210,212,0
0.45,0.02,1,1,32.0,0,0,250,38,212,184,0.736,38,1.0,38,1.0,146,0.6887,104,210,212,0
0.45,0.02,2,1,48.0,0,0,250,38,212,184,0.736,38,1.0,38,1.0,146,0.6887,104,164,212,0
0.45,0.02,2,2,48.0,0,0,250,38,212,184,0.736,38,1.0,38,1.0,146,0.6887,104,164,212,0
0.45,0.05,1,1,24.0,0,0,250,38,212,184,0.736,38,1.0,38,1.0,146,0.6887,104,210,212,0
0.45,0.05,1,1,32.0,0,0,250,38,212,184,0.736,38,1.0,38,1.0,146,0.6887,104,210,212,0
0.45,0.05,2,1,48.0,0,0,250,38,212,184,0.736,38,1.0,38,1.0,146,0.6887,104,164,212,0
0.45,0.05,2,2,48.0,0,0,250,38,212,184,0.736,38,1.0,38,1.0,146,0.6887,104,164,212,0
0.45,0.1,1,1,24.0,0,0,250,38,212,184,0.736,38,1.0,38,1.0,146,0.6887,104,210,212,0
0.45,0.1,1,1,32.0,0,0,250,38,212,184,0.736,38,1.0,38,1.0,146,0.6887,104,210,212,0
0.45,0.1,2,1,48.0,0,0,250,38,212,184,0.736,38,1.0,38,1.0,146,0.6887,104,164,212,0
0.45,0.1,2,2,48.0,0,0,250,38,212,184,0.736,38,1.0,38,1.0,146,0.6887,104,164,212,0
0.45,0.15,1,1,24.0,0,0,250,38,212,184,0.736,38,1.0,38,1.0,146,0.6887,104,210,212,0
0.45,0.15,1,1,32.0,0,0,250,38,212,184,0.736,38,1.0,38,1.0,146,0.6887,104,210,212,0
0.45,0.15,2,1,48.0,0,0,250,38,212,184,0.736,38,1.0,38,1.0,146,0.6887,104,164,212,0
0.45,0.15,2,2,48.0,0,0,250,38,212,184,0.736,38,1.0,38,1.0,146,0.6887,104,164,212,0
0.45,0.2,1,1,24.0,0,0,250,38,212,184,0.736,38,1.0,38,1.0,146,0.6887,104,210,212,0
0.45,0.2,1,1,32.0,0,0,250,38,212,184,0.736,38,1.0,38,1.0,146,0.6887,104,210,212,0
0.45,0.2,2,1,48.0,0,0,250,38,212,184,0.736,38,1.0,38,1.0,146,0.6887,104,164,212,0
0.45,0.2,2,2,48.0,0,0,250,38,212,184,0.736,38,1.0,38,1.0,146,0.6887,104,164,212,0
0.45,0.25,1,1,24.0,0,0,250,38,212,184,0.736,38,1.0,38,1.0,146,0.6887,104,210,212,0
0.45,0.25,1,1,32.0,0,0,250,38,212,184,0.736,38,1.0,38,1.0,146,0.6887,104,210,212,0
0.45,0.25,2,1,48.0,0,0,250,38,212,184,0.736,38,1.0,38,1.0,146,0.6887,104,164,212,0
0.45,0.25,2,2,48.0,0,0,250,38,212,184,0.736,38,1.0,38,1.0,146,0.6887,104,164,212,0
0.45,0.3,1,1,24.0,0,0,250,38,212,184,0.736,38,1.0,38,1.0,146,0.6887,104,210,212,0
0.45,0.3,1,1,32.0,0,0,250,38,212,184,0.736,38,1.0,38,1.0,146,0.6887,104,210,212,0
0.45,0.3,2,1,48.0,0,0,250,38,212,184,0.736,38,1.0,38,1.0,146,0.6887,104,164,212,0
0.45,0.3,2,2,48.0,0,0,250,38,212,184,0.736,38,1.0,38,1.0,146,0.6887,104,164,212,0
0.5,0.02,1,1,48.0,0,0,250,38,212,184,0.736,38,1.0,38,1.0,146,0.6887,104,165,212,0
0.5,0.02,1,2,48.0,0,0,250,38,212,184,0.736,38,1.0,38,1.0,146,0.6887,104,165,212,0
0.5,0.05,1,1,48.0,0,0,250,38,212,184,0.736,38,1.0,38,1.0,146,0.6887,104,165,212,0
0.5,0.05,1,2,48.0,0,0,250,38,212,184,0.736,38,1.0,38,1.0,146,0.6887,104,165,212,0
0.5,0.1,1,1,48.0,0,0,250,38,212,184,0.736,38,1.0,38,1.0,146,0.6887,104,165,212,0
0.5,0.1,1,2,48.0,0,0,250,38,212,184,0.736,38,1.0,38,1.0,146,0.6887,104,165,212,0
0.5,0.15,1,1,48.0,0,0,250,38,212,184,0.736,38,1.0,38,1.0,146,0.6887,104,165,212,0
0.5,0.15,1,2,48.0,0,0,250,38,212,184,0.736,38,1.0,38,1.0,146,0.6887,104,165,212,0
0.5,0.2,1,1,48.0,0,0,250,38,212,184,0.736,38,1.0,38,1.0,146,0.6887,104,165,212,0
0.5,0.2,1,2,48.0,0,0,250,38,212,184,0.736,38,1.0,38,1.0,146,0.6887,104,165,212,0
0.5,0.25,1,1,48.0,0,0,250,38,212,184,0.736,38,1.0,38,1.0,146,0.6887,104,165,212,0
0.5,0.25,1,2,48.0,0,0,250,38,212,184,0.736,38,1.0,38,1.0,146,0.6887,104,165,212,0
0.5,0.3,1,1,48.0,0,0,250,38,212,184,0.736,38,1.0,38,1.0,146,0.6887,104,165,212,0
0.5,0.3,1,2,48.0,0,0,250,38,212,184,0.736,38,1.0,38,1.0,146,0.6887,104,165,212,0
0.3,0.3,3,0,12.0,0,0,250,38,212,183,0.732,38,1.0,38,1.0,145,0.684,105,211,212,0
0.35,0.02,3,0,24.0,0,0,250,38,212,183,0.732,38,1.0,38,1.0,145,0.684,105,211,212,0
0.35,0.02,3,0,32.0,0,0,250,38,212,183,0.732,38,1.0,38,1.0,145,0.684,105,211,212,0
0.35,0.05,3,0,24.0,0,0,250,38,212,183,0.732,38,1.0,38,1.0,145,0.684,105,211,212,0
0.35,0.05,3,0,32.0,0,0,250,38,212,183,0.732,38,1.0,38,1.0,145,0.684,105,211,212,0
0.35,0.1,3,0,24.0,0,0,250,38,212,183,0.732,38,1.0,38,1.0,145,0.684,105,211,212,0
0.35,0.1,3,0,32.0,0,0,250,38,212,183,0.732,38,1.0,38,1.0,145,0.684,105,211,212,0
0.35,0.15,3,0,24.0,0,0,250,38,212,183,0.732,38,1.0,38,1.0,145,0.684,105,211,212,0
0.35,0.15,3,0,32.0,0,0,250,38,212,183,0.732,38,1.0,38,1.0,145,0.684,105,211,212,0
0.35,0.2,3,0,24.0,0,0,250,38,212,183,0.732,38,1.0,38,1.0,145,0.684,105,211,212,0
0.35,0.2,3,0,32.0,0,0,250,38,212,183,0.732,38,1.0,38,1.0,145,0.684,105,211,212,0
0.35,0.25,3,0,24.0,0,0,250,38,212,183,0.732,38,1.0,38,1.0,145,0.684,105,211,212,0
0.35,0.25,3,0,32.0,0,0,250,38,212,183,0.732,38,1.0,38,1.0,145,0.684,105,211,212,0
0.35,0.3,3,1,18.0,0,0,250,38,212,183,0.732,38,1.0,38,1.0,145,0.684,105,212,212,0
0.35,0.35,3,0,48.0,0,0,250,38,212,183,0.732,38,1.0,38,1.0,145,0.684,105,160,212,0
0.35,0.35,3,1,48.0,0,0,250,38,212,183,0.732,38,1.0,38,1.0,145,0.684,105,160,212,0
0.35,0.35,3,2,48.0,0,0,250,38,212,183,0.732,38,1.0,38,1.0,145,0.684,105,160,212,0
0.4,0.02,2,0,48.0,0,0,250,38,212,183,0.732,38,1.0,38,1.0,145,0.684,105,161,212,0
0.4,0.02,2,1,18.0,0,0,250,38,212,183,0.732,38,1.0,38,1.0,145,0.684,105,211,212,0
0.4,0.05,2,0,48.0,0,0,250,38,212,183,0.732,38,1.0,38,1.0,145,0.684,105,161,212,0
0.4,0.05,2,1,18.0,0,0,250,38,212,183,0.732,38,1.0,38,1.0,145,0.684,105,211,212,0
0.4,0.1,2,0,48.0,0,0,250,38,212,183,0.732,38,1.0,38,1.0,145,0.684,105,161,212,0
0.4,0.1,2,1,18.0,0,0,250,38,212,183,0.732,38,1.0,38,1.0,145,0.684,105,211,212,0
0.4,0.15,2,0,48.0,0,0,250,38,212,183,0.732,38,1.0,38,1.0,145,0.684,105,161,212,0
0.4,0.15,2,1,18.0,0,0,250,38,212,183,0.732,38,1.0,38,1.0,145,0.684,105,211,212,0
0.4,0.2,2,0,48.0,0,0,250,38,212,183,0.732,38,1.0,38,1.0,145,0.684,105,161,212,0
0.4,0.2,2,1,18.0,0,0,250,38,212,183,0.732,38,1.0,38,1.0,145,0.684,105,211,212,0
0.4,0.25,2,0,48.0,0,0,250,38,212,183,0.732,38,1.0,38,1.0,145,0.684,105,161,212,0
0.4,0.25,2,1,18.0,0,0,250,38,212,183,0.732,38,1.0,38,1.0,145,0.684,105,211,212,0
0.4,0.3,2,2,24.0,0,0,250,38,212,183,0.732,38,1.0,38,1.0,145,0.684,105,212,212,0
0.4,0.3,2,2,32.0,0,0,250,38,212,183,0.732,38,1.0,38,1.0,145,0.684,105,212,212,0
0.4,0.35,1,0,12.0,0,0,250,38,212,183,0.732,38,1.0,38,1.0,145,0.684,105,209,212,0
0.4,0.35,1,1,18.0,0,0,250,38,212,183,0.732,38,1.0,38,1.0,145,0.684,105,210,212,0
0.35,0.3,3,2,18.0,0,0,250,38,212,183,0.732,37,0.9737,37,0.9737,146,0.6887,103,213,213,1
0.35,0.02,3,1,18.0,0,0,250,38,212,182,0.728,38,1.0,38,1.0,144,0.6792,106,212,212,0
0.35,0.05,3,1,18.0,0,0,250,38,212,182,0.728,38,1.0,38,1.0,144,0.6792,106,212,212,0
0.35,0.1,3,1,18.0,0,0,250,38,212,182,0.728,38,1.0,38,1.0,144,0.6792,106,212,212,0
0.35,0.15,3,1,18.0,0,0,250,38,212,182,0.728,38,1.0,38,1.0,144,0.6792,106,212,212,0
0.35,0.2,3,1,18.0,0,0,250,38,212,182,0.728,38,1.0,38,1.0,144,0.6792,106,212,212,0
0.35,0.25,3,1,18.0,0,0,250,38,212,182,0.728,38,1.0,38,1.0,144,0.6792,106,212,212,0
0.35,0.3,3,0,48.0,0,0,250,38,212,182,0.728,38,1.0,38,1.0,144,0.6792,106,160,212,0
0.35,0.35,2,0,18.0,0,0,250,38,212,182,0.728,38,1.0,38,1.0,144,0.6792,106,210,212,0
0.4,0.3,2,1,24.0,0,0,250,38,212,182,0.728,38,1.0,38,1.0,144,0.6792,106,211,212,0
0.4,0.3,2,1,32.0,0,0,250,38,212,182,0.728,38,1.0,38,1.0,144,0.6792,106,211,212,0
0.4,0.35,1,2,24.0,0,0,250,38,212,182,0.728,38,1.0,38,1.0,144,0.6792,106,211,212,0
0.4,0.35,1,2,32.0,0,0,250,38,212,182,0.728,38,1.0,38,1.0,144,0.6792,106,211,212,0
0.45,0.02,1,1,48.0,0,0,250,38,212,182,0.728,38,1.0,38,1.0,144,0.6792,106,163,212,0
0.45,0.02,1,2,48.0,0,0,250,38,212,182,0.728,38,1.0,38,1.0,144,0.6792,106,163,212,0
0.45,0.05,1,1,48.0,0,0,250,38,212,182,0.728,38,1.0,38,1.0,144,0.6792,106,163,212,0
0.45,0.05,1,2,48.0,0,0,250,38,212,182,0.728,38,1.0,38,1.0,144,0.6792,106,163,212,0
0.45,0.1,1,1,48.0,0,0,250,38,212,182,0.728,38,1.0,38,1.0,144,0.6792,106,163,212,0
0.45,0.1,1,2,48.0,0,0,250,38,212,182,0.728,38,1.0,38,1.0,144,0.6792,106,163,212,0
0.45,0.15,1,1,48.0,0,0,250,38,212,182,0.728,38,1.0,38,1.0,144,0.6792,106,163,212,0
0.45,0.15,1,2,48.0,0,0,250,38,212,182,0.728,38,1.0,38,1.0,144,0.6792,106,163,212,0
0.45,0.2,1,1,48.0,0,0,250,38,212,182,0.728,38,1.0,38,1.0,144,0.6792,106,163,212,0
0.45,0.2,1,2,48.0,0,0,250,38,212,182,0.728,38,1.0,38,1.0,144,0.6792,106,163,212,0
0.45,0.25,1,1,48.0,0,0,250,38,212,182,0.728,38,1.0,38,1.0,144,0.6792,106,163,212,0
0.45,0.25,1,2,48.0,0,0,250,38,212,182,0.728,38,1.0,38,1.0,144,0.6792,106,163,212,0
0.45,0.3,1,1,48.0,0,0,250,38,212,182,0.728,38,1.0,38,1.0,144,0.6792,106,163,212,0
0.45,0.3,1,2,48.0,0,0,250,38,212,182,0.728,38,1.0,38,1.0,144,0.6792,106,163,212,0
0.35,0.02,3,2,18.0,0,0,250,38,212,182,0.728,37,0.9737,37,0.9737,145,0.684,104,213,213,1
0.35,0.05,3,2,18.0,0,0,250,38,212,182,0.728,37,0.9737,37,0.9737,145,0.684,104,213,213,1
0.35,0.1,3,2,18.0,0,0,250,38,212,182,0.728,37,0.9737,37,0.9737,145,0.684,104,213,213,1
0.35,0.15,3,2,18.0,0,0,250,38,212,182,0.728,37,0.9737,37,0.9737,145,0.684,104,213,213,1
0.35,0.2,3,2,18.0,0,0,250,38,212,182,0.728,37,0.9737,37,0.9737,145,0.684,104,213,213,1
0.35,0.25,3,2,18.0,0,0,250,38,212,182,0.728,37,0.9737,37,0.9737,145,0.684,104,213,213,1
0.3,0.3,3,1,12.0,0,0,250,38,212,181,0.724,38,1.0,38,1.0,143,0.6745,107,212,212,0
0.35,0.35,2,1,24.0,0,0,250,38,212,181,0.724,38,1.0,38,1.0,143,0.6745,107,211,212,0
0.35,0.35,2,1,32.0,0,0,250,38,212,181,0.724,38,1.0,38,1.0,143,0.6745,107,211,212,0
0.35,0.35,2,2,24.0,0,0,250,38,212,181,0.724,38,1.0,38,1.0,143,0.6745,107,212,212,0
0.35,0.35,2,2,32.0,0,0,250,38,212,181,0.724,38,1.0,38,1.0,143,0.6745,107,212,212,0
0.4,0.02,2,2,24.0,0,0,250,38,212,181,0.724,38,1.0,38,1.0,143,0.6745,107,212,212,0
0.4,0.02,2,2,32.0,0,0,250,38,212,181,0.724,38,1.0,38,1.0,143,0.6745,107,212,212,0
0.4,0.05,2,2,24.0,0,0,250,38,212,181,0.724,38,1.0,38,1.0,143,0.6745,107,212,212,0
0.4,0.05,2,2,32.0,0,0,250,38,212,181,0.724,38,1.0,38,1.0,143,0.6745,107,212,212,0
0.4,0.1,2,2,24.0,0,0,250,38,212,181,0.724,38,1.0,38,1.0,143,0.6745,107,212,212,0
0.4,0.1,2,2,32.0,0,0,250,38,212,181,0.724,38,1.0,38,1.0,143,0.6745,107,212,212,0
0.4,0.15,2,2,24.0,0,0,250,38,212,181,0.724,38,1.0,38,1.0,143,0.6745,107,212,212,0
0.4,0.15,2,2,32.0,0,0,250,38,212,181,0.724,38,1.0,38,1.0,143,0.6745,107,212,212,0
0.4,0.2,2,2,24.0,0,0,250,38,212,181,0.724,38,1.0,38,1.0,143,0.6745,107,212,212,0
0.4,0.2,2,2,32.0,0,0,250,38,212,181,0.724,38,1.0,38,1.0,143,0.6745,107,212,212,0
0.4,0.25,2,2,24.0,0,0,250,38,212,181,0.724,38,1.0,38,1.0,143,0.6745,107,212,212,0
0.4,0.25,2,2,32.0,0,0,250,38,212,181,0.724,38,1.0,38,1.0,143,0.6745,107,212,212,0
0.4,0.35,1,0,18.0,0,0,250,38,212,181,0.724,38,1.0,38,1.0,143,0.6745,107,209,212,0
0.4,0.35,1,1,24.0,0,0,250,38,212,181,0.724,38,1.0,38,1.0,143,0.6745,107,210,212,0
0.4,0.35,1,1,32.0,0,0,250,38,212,181,0.724,38,1.0,38,1.0,143,0.6745,107,210,212,0
0.35,0.02,3,0,48.0,0,0,250,38,212,180,0.72,38,1.0,38,1.0,142,0.6698,108,160,212,0
0.35,0.05,3,0,48.0,0,0,250,38,212,180,0.72,38,1.0,38,1.0,142,0.6698,108,160,212,0
0.35,0.1,3,0,48.0,0,0,250,38,212,180,0.72,38,1.0,38,1.0,142,0.6698,108,160,212,0
0.35,0.15,3,0,48.0,0,0,250,38,212,180,0.72,38,1.0,38,1.0,142,0.6698,108,160,212,0
0.35,0.2,3,0,48.0,0,0,250,38,212,180,0.72,38,1.0,38,1.0,142,0.6698,108,160,212,0
0.35,0.25,3,0,48.0,0,0,250,38,212,180,0.72,38,1.0,38,1.0,142,0.6698,108,160,212,0
0.35,0.3,2,0,12.0,0,0,250,38,212,180,0.72,38,1.0,38,1.0,142,0.6698,108,210,212,0
0.35,0.35,1,2,12.0,0,0,250,38,212,180,0.72,38,1.0,38,1.0,142,0.6698,108,211,212,0
0.35,0.35,2,0,24.0,0,0,250,38,212,180,0.72,38,1.0,38,1.0,142,0.6698,108,210,212,0
0.35,0.35,2,0,32.0,0,0,250,38,212,180,0.72,38,1.0,38,1.0,142,0.6698,108,210,212,0
0.4,0.02,2,1,24.0,0,0,250,38,212,180,0.72,38,1.0,38,1.0,142,0.6698,108,211,212,0
0.4,0.02,2,1,32.0,0,0,250,38,212,180,0.72,38,1.0,38,1.0,142,0.6698,108,211,212,0
0.4,0.05,2,1,24.0,0,0,250,38,212,180,0.72,38,1.0,38,1.0,142,0.6698,108,211,212,0
0.4,0.05,2,1,32.0,0,0,250,38,212,180,0.72,38,1.0,38,1.0,142,0.6698,108,211,212,0
0.4,0.1,2,1,24.0,0,0,250,38,212,180,0.72,38,1.0,38,1.0,142,0.6698,108,211,212,0
0.4,0.1,2,1,32.0,0,0,250,38,212,180,0.72,38,1.0,38,1.0,142,0.6698,108,211,212,0
0.4,0.15,2,1,24.0,0,0,250,38,212,180,0.72,38,1.0,38,1.0,142,0.6698,108,211,212,0
0.4,0.15,2,1,32.0,0,0,250,38,212,180,0.72,38,1.0,38,1.0,142,0.6698,108,211,212,0
0.4,0.2,2,1,24.0,0,0,250,38,212,180,0.72,38,1.0,38,1.0,142,0.6698,108,211,212,0
0.4,0.2,2,1,32.0,0,0,250,38,212,180,0.72,38,1.0,38,1.0,142,0.6698,108,211,212,0
0.4,0.25,2,1,24.0,0,0,250,38,212,180,0.72,38,1.0,38,1.0,142,0.6698,108,211,212,0
0.4,0.25,2,1,32.0,0,0,250,38,212,180,0.72,38,1.0,38,1.0,142,0.6698,108,211,212,0
0.4,0.3,1,0,12.0,0,0,250,38,212,180,0.72,38,1.0,38,1.0,142,0.6698,108,209,212,0
0.4,0.35,1,0,24.0,0,0,250,38,212,180,0.72,38,1.0,38,1.0,142,0.6698,108,209,212,0
0.4,0.35,1,0,32.0,0,0,250,38,212,180,0.72,38,1.0,38,1.0,142,0.6698,108,209,212,0
0.3,0.3,3,0,18.0,0,0,250,38,212,179,0.716,38,1.0,38,1.0,141,0.6651,109,211,212,0
0.35,0.3,2,2,12.0,0,0,250,38,212,179,0.716,38,1.0,38,1.0,141,0.6651,109,212,212,0
0.35,0.3,3,1,24.0,0,0,250,38,212,179,0.716,38,1.0,38,1.0,141,0.6651,109,212,212,0
0.35,0.3,3,1,32.0,0,0,250,38,212,179,0.716,38,1.0,38,1.0,141,0.6651,109,212,212,0
0.4,0.3,1,2,12.0,0,0,250,38,212,179,0.716,38,1.0,38,1.0,141,0.6651,109,211,212,0
0.4,0.3,2,1,48.0,0,0,250,38,212,179,0.716,38,1.0,38,1.0,141,0.6651,109,161,212,0
0.4,0.3,2,2,48.0,0,0,250,38,212,179,0.716,38,1.0,38,1.0,141,0.6651,109,161,212,0
0.4,0.35,1,0,48.0,0,0,250,38,212,179,0.716,38,1.0,38,1.0,141,0.6651,109,160,212,0
0.4,0.35,1,1,48.0,0,0,250,38,212,179,0.716,38,1.0,38,1.0,141,0.6651,109,160,212,0
0.4,0.35,1,2,48.0,0,0,250,38,212,179,0.716,38,1.0,38,1.0,141,0.6651,109,160,212,0
0.3,0.3,3,2,12.0,0,0,250,38,212,179,0.716,37,0.9737,37,0.9737,142,0.6698,107,213,213,1
0.3,0.2,3,0,12.0,0,0,250,38,212,178,0.712,38,1.0,38,1.0,140,0.6604,110,211,212,0
0.3,0.25,3,0,12.0,0,0,250,38,212,178,0.712,38,1.0,38,1.0,140,0.6604,110,211,212,0
0.35,0.02,3,1,24.0,0,0,250,38,212,178,0.712,38,1.0,38,1.0,140,0.6604,110,212,212,0
0.35,0.02,3,1,32.0,0,0,250,38,212,178,0.712,38,1.0,38,1.0,140,0.6604,110,212,212,0
0.35,0.05,3,1,24.0,0,0,250,38,212,178,0.712,38,1.0,38,1.0,140,0.6604,110,212,212,0
0.35,0.05,3,1,32.0,0,0,250,38,212,178,0.712,38,1.0,38,1.0,140,0.6604,110,212,212,0
0.35,0.1,3,1,24.0,0,0,250,38,212,178,0.712,38,1.0,38,1.0,140,0.6604,110,212,212,0
0.35,0.1,3,1,32.0,0,0,250,38,212,178,0.712,38,1.0,38,1.0,140,0.6604,110,212,212,0
0.35,0.15,3,1,24.0,0,0,250,38,212,178,0.712,38,1.0,38,1.0,140,0.6604,110,212,212,0
0.35,0.15,3,1,32.0,0,0,250,38,212,178,0.712,38,1.0,38,1.0,140,0.6604,110,212,212,0
0.35,0.2,3,1,24.0,0,0,250,38,212,178,0.712,38,1.0,38,1.0,140,0.6604,110,212,212,0
0.35,0.2,3,1,32.0,0,0,250,38,212,178,0.712,38,1.0,38,1.0,140,0.6604,110,212,212,0
0.35,0.25,3,1,24.0,0,0,250,38,212,178,0.712,38,1.0,38,1.0,140,0.6604,110,212,212,0
0.35,0.25,3,1,32.0,0,0,250,38,212,178,0.712,38,1.0,38,1.0,140,0.6604,110,212,212,0
0.35,0.3,2,0,18.0,0,0,250,38,212,178,0.712,38,1.0,38,1.0,140,0.6604,110,210,212,0
0.35,0.3,2,1,12.0,0,0,250,38,212,178,0.712,38,1.0,38,1.0,140,0.6604,110,211,212,0
0.35,0.35,1,1,12.0,0,0,250,38,212,178,0.712,38,1.0,38,1.0,140,0.6604,110,210,212,0
0.35,0.35,1,2,18.0,0,0,250,38,212,178,0.712,38,1.0,38,1.0,140,0.6604,110,211,212,0
0.35,0.35,2,0,48.0,0,0,250,38,212,178,0.712,38,1.0,38,1.0,140,0.6604,110,159,212,0
0.35,0.35,2,1,48.0,0,0,250,38,212,178,0.712,38,1.0,38,1.0,140,0.6604,110,159,212,0
0.4,0.3,1,0,18.0,0,0,250,38,212,178,0.712,38,1.0,38,1.0,140,0.6604,110,209,212,0
0.35,0.3,3,2,24.0,0,0,250,38,212,178,0.712,37,0.9737,37,0.9737,141,0.6651,108,213,213,1
0.35,0.3,3,2,32.0,0,0,250,38,212,178,0.712,37,0.9737,37,0.9737,141,0.6651,108,213,213,1
0.35,0.35,2,2,48.0,0,0,250,38,212,177,0.708,38,1.0,38,1.0,139,0.6557,111,159,212,0
0.4,0.02,2,1,48.0,0,0,250,38,212,177,0.708,38,1.0,38,1.0,139,0.6557,111,161,212,0
0.4,0.02,2,2,48.0,0,0,250,38,212,177,0.708,38,1.0,38,1.0,139,0.6557,111,161,212,0
0.4,0.05,2,1,48.0,0,0,250,38,212,177,0.708,38,1.0,38,1.0,139,0.6557,111,161,212,0
0.4,0.05,2,2,48.0,0,0,250,38,212,177,0.708,38,1.0,38,1.0,139,0.6557,111,161,212,0
0.4,0.1,2,1,48.0,0,0,250,38,212,177,0.708,38,1.0,38,1.0,139,0.6557,111,161,212,0
0.4,0.1,2,2,48.0,0,0,250,38,212,177,0.708,38,1.0,38,1.0,139,0.6557,111,161,212,0
0.4,0.15,2,1,48.0,0,0,250,38,212,177,0.708,38,1.0,38,1.0,139,0.6557,111,161,212,0
0.4,0.15,2,2,48.0,0,0,250,38,212,177,0.708,38,1.0,38,1.0,139,0.6557,111,161,212,0
0.4,0.2,2,1,48.0,0,0,250,38,212,177,0.708,38,1.0,38,1.0,139,0.6557,111,161,212,0
0.4,0.2,2,2,48.0,0,0,250,38,212,177,0.708,38,1.0,38,1.0,139,0.6557,111,161,212,0
0.4,0.25,2,1,48.0,0,0,250,38,212,177,0.708,38,1.0,38,1.0,139,0.6557,111,161,212,0
0.4,0.25,2,2,48.0,0,0,250,38,212,177,0.708,38,1.0,38,1.0,139,0.6557,111,161,212,0
0.4,0.3,1,0,24.0,0,0,250,38,212,177,0.708,38,1.0,38,1.0,139,0.6557,111,209,212,0
0.4,0.3,1,0,32.0,0,0,250,38,212,177,0.708,38,1.0,38,1.0,139,0.6557,111,209,212,0
0.4,0.3,1,1,12.0,0,0,250,38,212,177,0.708,38,1.0,38,1.0,139,0.6557,111,210,212,0
0.35,0.02,3,2,24.0,0,0,250,38,212,177,0.708,37,0.9737,37,0.9737,140,0.6604,109,213,213,1
0.35,0.02,3,2,32.0,0,0,250,38,212,177,0.708,37,0.9737,37,0.9737,140,0.6604,109,213,213,1
0.35,0.05,3,2,24.0,0,0,250,38,212,177,0.708,37,0.9737,37,0.9737,140,0.6604,109,213,213,1
0.35,0.05,3,2,32.0,0,0,250,38,212,177,0.708,37,0.9737,37,0.9737,140,0.6604,109,213,213,1
0.35,0.1,3,2,24.0,0,0,250,38,212,177,0.708,37,0.9737,37,0.9737,140,0.6604,109,213,213,1
0.35,0.1,3,2,32.0,0,0,250,38,212,177,0.708,37,0.9737,37,0.9737,140,0.6604,109,213,213,1
0.35,0.15,3,2,24.0,0,0,250,38,212,177,0.708,37,0.9737,37,0.9737,140,0.6604,109,213,213,1
0.35,0.15,3,2,32.0,0,0,250,38,212,177,0.708,37,0.9737,37,0.9737,140,0.6604,109,213,213,1
0.35,0.2,3,2,24.0,0,0,250,38,212,177,0.708,37,0.9737,37,0.9737,140,0.6604,109,213,213,1
0.35,0.2,3,2,32.0,0,0,250,38,212,177,0.708,37,0.9737,37,0.9737,140,0.6604,109,213,213,1
0.35,0.25,3,2,24.0,0,0,250,38,212,177,0.708,37,0.9737,37,0.9737,140,0.6604,109,213,213,1
0.35,0.25,3,2,32.0,0,0,250,38,212,177,0.708,37,0.9737,37,0.9737,140,0.6604,109,213,213,1
0.3,0.02,3,0,12.0,0,0,250,38,212,176,0.704,38,1.0,38,1.0,138,0.6509,112,211,212,0
0.3,0.05,3,0,12.0,0,0,250,38,212,176,0.704,38,1.0,38,1.0,138,0.6509,112,211,212,0
0.3,0.1,3,0,12.0,0,0,250,38,212,176,0.704,38,1.0,38,1.0,138,0.6509,112,211,212,0
0.3,0.15,3,0,12.0,0,0,250,38,212,176,0.704,38,1.0,38,1.0,138,0.6509,112,211,212,0
0.3,0.2,3,1,12.0,0,0,250,38,212,176,0.704,38,1.0,38,1.0,138,0.6509,112,212,212,0
0.3,0.25,3,1,12.0,0,0,250,38,212,176,0.704,38,1.0,38,1.0,138,0.6509,112,212,212,0
0.3,0.3,3,0,24.0,0,0,250,38,212,176,0.704,38,1.0,38,1.0,138,0.6509,112,211,212,0
0.3,0.3,3,0,32.0,0,0,250,38,212,176,0.704,38,1.0,38,1.0,138,0.6509,112,211,212,0
0.35,0.02,2,0,12.0,0,0,250,38,212,176,0.704,38,1.0,38,1.0,138,0.6509,112,210,212,0
0.35,0.05,2,0,12.0,0,0,250,38,212,176,0.704,38,1.0,38,1.0,138,0.6509,112,210,212,0
0.35,0.1,2,0,12.0,0,0,250,38,212,176,0.704,38,1.0,38,1.0,138,0.6509,112,210,212,0
0.35,0.15,2,0,12.0,0,0,250,38,212,176,0.704,38,1.0,38,1.0,138,0.6509,112,210,212,0
0.35,0.2,2,0,12.0,0,0,250,38,212,176,0.704,38,1.0,38,1.0,138,0.6509,112,210,212,0
0.35,0.25,2,0,12.0,0,0,250,38,212,176,0.704,38,1.0,38,1.0,138,0.6509,112,210,212,0
0.35,0.3,2,0,24.0,0,0,250,38,212,176,0.704,38,1.0,38,1.0,138,0.6509,112,210,212,0
0.35,0.3,2,0,32.0,0,0,250,38,212,176,0.704,38,1.0,38,1.0,138,0.6509,112,210,212,0
0.35,0.35,1,1,18.0,0,0,250,38,212,176,0.704,38,1.0,38,1.0,138,0.6509,112,210,212,0
0.4,0.02,1,0,12.0,0,0,250,38,212,176,0.704,38,1.0,38,1.0,138,0.6509,112,209,212,0
0.4,0.05,1,0,12.0,0,0,250,38,212,176,0.704,38,1.0,38,1.0,138,0.6509,112,209,212,0
0.4,0.1,1,0,12.0,0,0,250,38,212,176,0.704,38,1.0,38,1.0,138,0.6509,112,209,212,0
0.4,0.15,1,0,12.0,0,0,250,38,212,176,0.704,38,1.0,38,1.0,138,0.6509,112,209,212,0
0.4,0.2,1,0,12.0,0,0,250,38,212,176,0.704,38,1.0,38,1.0,138,0.6509,112,209,212,0
0.4,0.25,1,0,12.0,0,0,250,38,212,176,0.704,38,1.0,38,1.0,138,0.6509,112,209,212,0
0.4,0.3,1,0,48.0,0,0,250,38,212,176,0.704,38,1.0,38,1.0,138,0.6509,112,160,212,0
0.3,0.3,3,1,18.0,0,0,250,38,212,175,0.7,38,1.0,38,1.0,137,0.6462,113,212,212,0
0.35,0.02,2,2,12.0,0,0,250,38,212,175,0.7,38,1.0,38,1.0,137,0.6462,113,212,212,0
0.35,0.05,2,2,12.0,0,0,250,38,212,175,0.7,38,1.0,38,1.0,137,0.6462,113,212,212,0
0.35,0.1,2,2,12.0,0,0,250,38,212,175,0.7,38,1.0,38,1.0,137,0.6462,113,212,212,0
0.35,0.15,2,2,12.0,0,0,250,38,212,175,0.7,38,1.0,38,1.0,137,0.6462,113,212,212,0
0.35,0.2,2,2,12.0,0,0,250,38,212,175,0.7,38,1.0,38,1.0,137,0.6462,113,212,212,0
0.35,0.25,2,2,12.0,0,0,250,38,212,175,0.7,38,1.0,38,1.0,137,0.6462,113,212,212,0
0.35,0.3,2,2,18.0,0,0,250,38,212,175,0.7,38,1.0,38,1.0,137,0.6462,113,212,212,0
0.35,0.3,3,1,48.0,0,0,250,38,212,175,0.7,38,1.0,38,1.0,137,0.6462,113,160,212,0
0.35,0.3,3,2,48.0,0,0,250,38,212,175,0.7,38,1.0,38,1.0,137,0.6462,113,160,212,0
0.35,0.35,1,0,12.0,0,0,250,38,212,175,0.7,38,1.0,38,1.0,137,0.6462,113,209,212,0
0.35,0.35,1,2,24.0,0,0,250,38,212,175,0.7,38,1.0,38,1.0,137,0.6462,113,211,212,0
0.35,0.35,1,2,32.0,0,0,250,38,212,175,0.7,38,1.0,38,1.0,137,0.6462,113,211,212,0
0.4,0.02,1,2,12.0,0,0,250,38,212,175,0.7,38,1.0,38,1.0,137,0.6462,113,211,212,0
0.4,0.05,1,2,12.0,0,0,250,38,212,175,0.7,38,1.0,38,1.0,137,0.6462,113,211,212,0
0.4,0.1,1,2,12.0,0,0,250,38,212,175,0.7,38,1.0,38,1.0,137,0.6462,113,211,212,0
0.4,0.15,1,2,12.0,0,0,250,38,212,175,0.7,38,1.0,38,1.0,137,0.6462,113,211,212,0
0.4,0.2,1,2,12.0,0,0,250,38,212,175,0.7,38,1.0,38,1.0,137,0.6462,113,211,212,0
0.4,0.25,1,2,12.0,0,0,250,38,212,175,0.7,38,1.0,38,1.0,137,0.6462,113,211,212,0
0.4,0.3,1,2,18.0,0,0,250,38,212,175,0.7,38,1.0,38,1.0,137,0.6462,113,211,212,0
0.3,0.3,3,2,18.0,0,0,250,38,212,175,0.7,37,0.9737,37,0.9737,138,0.6509,111,213,213,1
0.3,0.02,3,1,12.0,0,0,250,38,212,174,0.696,38,1.0,38,1.0,136,0.6415,114,212,212,0
0.3,0.05,3,1,12.0,0,0,250,38,212,174,0.696,38,1.0,38,1.0,136,0.6415,114,212,212,0
0.3,0.1,3,1,12.0,0,0,250,38,212,174,0.696,38,1.0,38,1.0,136,0.6415,114,212,212,0
0.3,0.15,3,1,12.0,0,0,250,38,212,174,0.696,38,1.0,38,1.0,136,0.6415,114,212,212,0
0.3,0.2,3,0,18.0,0,0,250,38,212,174,0.696,38,1.0,38,1.0,136,0.6415,114,211,212,0
0.3,0.25,3,0,18.0,0,0,250,38,212,174,0.696,38,1.0,38,1.0,136,0.6415,114,211,212,0
0.35,0.02,2,0,18.0,0,0,250,38,212,174,0.696,38,1.0,38,1.0,136,0.6415,114,210,212,0
0.35,0.02,2,1,12.0,0,0,250,38,212,174,0.696,38,1.0,38,1.0,136,0.6415,114,211,212,0
0.35,0.02,3,1,48.0,0,0,250,38,212,174,0.696,38,1.0,38,1.0,136,0.6415,114,160,212,0
0.35,0.02,3,2,48.0,0,0,250,38,212,174,0.696,38,1.0,38,1.0,136,0.6415,114,160,212,0
0.35,0.05,2,0,18.0,0,0,250,38,212,174,0.696,38,1.0,38,1.0,136,0.6415,114,210,212,0
0.35,0.05,2,1,12.0,0,0,250,38,212,174,0.696,38,1.0,38,1.0,136,0.6415,114,211,212,0
0.35,0.05,3,1,48.0,0,0,250,38,212,174,0.696,38,1.0,38,1.0,136,0.6415,114,160,212,0
0.35,0.05,3,2,48.0,0,0,250,38,212,174,0.696,38,1.0,38,1.0,136,0.6415,114,160,212,0
0.35,0.1,2,0,18.0,0,0,250,38,212,174,0.696,38,1.0,38,1.0,136,0.6415,114,210,212,0
0.35,0.1,2,1,12.0,0,0,250,38,212,174,0.696,38,1.0,38,1.0,136,0.6415,114,211,212,0
0.35,0.1,3,1,48.0,0,0,250,38,212,174,0.696,38,1.0,38,1.0,136,0.6415,114,160,212,0
0.35,0.1,3,2,48.0,0,0,250,38,212,174,0.696,38,1.0,38,1.0,136,0.6415,114,160,212,0
0.35,0.15,2,0,18.0,0,0,250,38,212,174,0.696,38,1.0,38,1.0,136,0.6415,114,210,212,0
0.35,0.15,2,1,12.0,0,0,250,38,212,174,0.696,38,1.0,38,1.0,136,0.6415,114,211,212,0
0.35,0.15,3,1,48.0,0,0,250,38,212,174,0.696,38,1.0,38,1.0,136,0.6415,114,160,212,0
0.35,0.15,3,2,48.0,0,0,250,38,212,174,0.696,38,1.0,38,1.0,136,0.6415,114,160,212,0
0.35,0.2,2,0,18.0,0,0,250,38,212,174,0.696,38,1.0,38,1.0,136,0.6415,114,210,212,0
0.35,0.2,2,1,12.0,0,0,250,38,212,174,0.696,38,1.0,38,1.0,136,0.6415,114,211,212,0
0.35,0.2,3,1,48.0,0,0,250,38,212,174,0.696,38,1.0,38,1.0,136,0.6415,114,160,212,0
0.35,0.2,3,2,48.0,0,0,250,38,212,174,0.696,38,1.0,38,1.0,136,0.6415,114,160,212,0
0.35,0.25,2,0,18.0,0,0,250,38,212,174,0.696,38,1.0,38,1.0,136,0.6415,114,210,212,0
0.35,0.25,2,1,12.0,0,0,250,38,212,174,0.696,38,1.0,38,1.0,136,0.6415,114,211,212,0
0.35,0.25,3,1,48.0,0,0,250,38,212,174,0.696,38,1.0,38,1.0,136,0.6415,114,160,212,0
0.35,0.25,3,2,48.0,0,0,250,38,212,174,0.696,38,1.0,38,1.0,136,0.6415,114,160,212,0
0.35,0.3,2,0,48.0,0,0,250,38,212,174,0.696,38,1.0,38,1.0,136,0.6415,114,159,212,0
0.35,0.35,1,0,18.0,0,0,250,38,212,174,0.696,38,1.0,38,1.0,136,0.6415,114,209,212,0
0.35,0.35,1,1,24.0,0,0,250,38,212,174,0.696,38,1.0,38,1.0,136,0.6415,114,210,212,0
0.35,0.35,1,1,32.0,0,0,250,38,212,174,0.696,38,1.0,38,1.0,136,0.6415,114,210,212,0
0.4,0.02,1,0,18.0,0,0,250,38,212,174,0.696,38,1.0,38,1.0,136,0.6415,114,209,212,0
0.4,0.05,1,0,18.0,0,0,250,38,212,174,0.696,38,1.0,38,1.0,136,0.6415,114,209,212,0
0.4,0.1,1,0,18.0,0,0,250,38,212,174,0.696,38,1.0,38,1.0,136,0.6415,114,209,212,0
0.4,0.15,1,0,18.0,0,0,250,38,212,174,0.696,38,1.0,38,1.0,136,0.6415,114,209,212,0
0.4,0.2,1,0,18.0,0,0,250,38,212,174,0.696,38,1.0,38,1.0,136,0.6415,114,209,212,0
0.4,0.25,1,0,18.0,0,0,250,38,212,174,0.696,38,1.0,38,1.0,136,0.6415,114,209,212,0
0.3,0.2,3,2,12.0,0,0,250,38,212,174,0.696,37,0.9737,37,0.9737,137,0.6462,112,213,213,1
0.3,0.25,3,2,12.0,0,0,250,38,212,174,0.696,37,0.9737,37,0.9737,137,0.6462,112,213,213,1
0.3,0.3,2,0,12.0,0,0,250,38,212,173,0.692,38,1.0,38,1.0,135,0.6368,115,210,212,0
0.3,0.3,2,2,12.0,0,0,250,38,212,173,0.692,38,1.0,38,1.0,135,0.6368,115,212,212,0
0.3,0.3,3,0,48.0,0,0,250,38,212,173,0.692,38,1.0,38,1.0,135,0.6368,115,160,212,0
0.35,0.3,2,1,18.0,0,0,250,38,212,173,0.692,38,1.0,38,1.0,135,0.6368,115,211,212,0
0.35,0.35,1,0,24.0,0,0,250,38,212,173,0.692,38,1.0,38,1.0,135,0.6368,115,209,212,0
0.35,0.35,1,0,32.0,0,0,250,38,212,173,0.692,38,1.0,38,1.0,135,0.6368,115,209,212,0
0.4,0.02,1,0,24.0,0,0,250,38,212,173,0.692,38,1.0,38,1.0,135,0.6368,115,209,212,0
0.4,0.02,1,0,32.0,0,0,250,38,212,173,0.692,38,1.0,38,1.0,135,0.6368,115,209,212,0
0.4,0.02,1,1,12.0,0,0,250,38,212,173,0.692,38,1.0,38,1.0,135,0.6368,115,210,212,0
0.4,0.05,1,0,24.0,0,0,250,38,212,173,0.692,38,1.0,38,1.0,135,0.6368,115,209,212,0
0.4,0.05,1,0,32.0,0,0,250,38,212,173,0.692,38,1.0,38,1.0,135,0.6368,115,209,212,0
0.4,0.05,1,1,12.0,0,0,250,38,212,173,0.692,38,1.0,38,1.0,135,0.6368,115,210,212,0
0.4,0.1,1,0,24.0,0,0,250,38,212,173,0.692,38,1.0,38,1.0,135,0.6368,115,209,212,0
0.4,0.1,1,0,32.0,0,0,250,38,212,173,0.692,38,1.0,38,1.0,135,0.6368,115,209,212,0
0.4,0.1,1,1,12.0,0,0,250,38,212,173,0.692,38,1.0,38,1.0,135,0.6368,115,210,212,0
0.4,0.15,1,0,24.0,0,0,250,38,212,173,0.692,38,1.0,38,1.0,135,0.6368,115,209,212,0
0.4,0.15,1,0,32.0,0,0,250,38,212,173,0.692,38,1.0,38,1.0,135,0.6368,115,209,212,0
0.4,0.15,1,1,12.0,0,0,250,38,212,173,0.692,38,1.0,38,1.0,135,0.6368,115,210,212,0
0.4,0.2,1,0,24.0,0,0,250,38,212,173,0.692,38,1.0,38,1.0,135,0.6368,115,209,212,0
0.4,0.2,1,0,32.0,0,0,250,38,212,173,0.692,38,1.0,38,1.0,135,0.6368,115,209,212,0
0.4,0.2,1,1,12.0,0,0,250,38,212,173,0.692,38,1.0,38,1.0,135,0.6368,115,210,212,0
0.4,0.25,1,0,24.0,0,0,250,38,212,173,0.692,38,1.0,38,1.0,135,0.6368,115,209,212,0
0.4,0.25,1,0,32.0,0,0,250,38,212,173,0.692,38,1.0,38,1.0,135,0.6368,115,209,212,0
0.4,0.25,1,1,12.0,0,0,250,38,212,173,0.692,38,1.0,38,1.0,135,0.6368,115,210,212,0
0.4,0.3,1,1,18.0,0,0,250,38,212,173,0.692,38,1.0,38,1.0,135,0.6368,115,210,212,0
0.3,0.02,3,0,18.0,0,0,250,38,212,172,0.688,38,1.0,38,1.0,134,0.6321,116,211,212,0
0.3,0.05,3,0,18.0,0,0,250,38,212,172,0.688,38,1.0,38,1.0,134,0.6321,116,211,212,0
0.3,0.1,3,0,18.0,0,0,250,38,212,172,0.688,38,1.0,38,1.0,134,0.6321,116,211,212,0
0.3,0.15,3,0,18.0,0,0,250,38,212,172,0.688,38,1.0,38,1.0,134,0.6321,116,211,212,0
0.3,0.3,2,1,12.0,0,0,250,38,212,172,0.688,38,1.0,38,1.0,134,0.6321,116,211,212,0
0.35,0.02,2,0,24.0,0,0,250,38,212,172,0.688,38,1.0,38,1.0,134,0.6321,116,210,212,0
0.35,0.02,2,0,32.0,0,0,250,38,212,172,0.688,38,1.0,38,1.0,134,0.6321,116,210,212,0
0.35,0.02,2,2,18.0,0,0,250,38,212,172,0.688,38,1.0,38,1.0,134,0.6321,116,212,212,0
0.35,0.05,2,0,24.0,0,0,250,38,212,172,0.688,38,1.0,38,1.0,134,0.6321,116,210,212,0
0.35,0.05,2,0,32.0,0,0,250,38,212,172,0.688,38,1.0,38,1.0,134,0.6321,116,210,212,0
0.35,0.05,2,2,18.0,0,0,250,38,212,172,0.688,38,1.0,38,1.0,134,0.6321,116,212,212,0
0.35,0.1,2,0,24.0,0,0,250,38,212,172,0.688,38,1.0,38,1.0,134,0.6321,116,210,212,0
0.35,0.1,2,0,32.0,0,0,250,38,212,172,0.688,38,1.0,38,1.0,134,0.6321,116,210,212,0
0.35,0.1,2,2,18.0,0,0,250,38,212,172,0.688,38,1.0,38,1.0,134,0.6321,116,212,212,0
0.35,0.15,2,0,24.0,0,0,250,38,212,172,0.688,38,1.0,38,1.0,134,0.6321,116,210,212,0
0.35,0.15,2,0,32.0,0,0,250,38,212,172,0.688,38,1.0,38,1.0,134,0.6321,116,210,212,0
0.35,0.15,2,2,18.0,0,0,250,38,212,172,0.688,38,1.0,38,1.0,134,0.6321,116,212,212,0
0.35,0.2,2,0,24.0,0,0,250,38,212,172,0.688,38,1.0,38,1.0,134,0.6321,116,210,212,0
0.35,0.2,2,0,32.0,0,0,250,38,212,172,0.688,38,1.0,38,1.0,134,0.6321,116,210,212,0
0.35,0.2,2,2,18.0,0,0,250,38,212,172,0.688,38,1.0,38,1.0,134,0.6321,116,212,212,0
0.35,0.25,2,0,24.0,0,0,250,38,212,172,0.688,38,1.0,38,1.0,134,0.6321,116,210,212,0
0.35,0.25,2,0,32.0,0,0,250,38,212,172,0.688,38,1.0,38,1.0,134,0.6321,116,210,212,0
0.35,0.25,2,2,18.0,0,0,250,38,212,172,0.688,38,1.0,38,1.0,134,0.6321,116,212,212,0
0.35,0.3,1,0,12.0,0,0,250,38,212,172,0.688,38,1.0,38,1.0,134,0.6321,116,209,212,0
0.35,0.3,1,2,12.0,0,0,250,38,212,172,0.688,38,1.0,38,1.0,134,0.6321,116,211,212,0
0.35,0.35,1,0,48.0,0,0,250,38,212,172,0.688,38,1.0,38,1.0,134,0.6321,116,158,212,0
0.35,0.35,1,1,48.0,0,0,250,38,212,172,0.688,38,1.0,38,1.0,134,0.6321,116,158,212,0
0.35,0.35,1,2,48.0,0,0,250,38,212,172,0.688,38,1.0,38,1.0,134,0.6321,116,158,212,0
0.4,0.02,1,0,48.0,0,0,250,38,212,172,0.688,38,1.0,38,1.0,134,0.6321,116,160,212,0
0.4,0.02,1,2,18.0,0,0,250,38,212,172,0.688,38,1.0,38,1.0,134,0.6321,116,211,212,0
0.4,0.05,1,0,48.0,0,0,250,38,212,172,0.688,38,1.0,38,1.0,134,0.6321,116,160,212,0
0.4,0.05,1,2,18.0,0,0,250,38,212,172,0.688,38,1.0,38,1.0,134,0.6321,116,211,212,0
0.4,0.1,1,0,48.0,0,0,250,38,212,172,0.688,38,1.0,38,1.0,134,0.6321,116,160,212,0
0.4,0.1,1,2,18.0,0,0,250,38,212,172,0.688,38,1.0,38,1.0,134,0.6321,116,211,212,0
0.4,0.15,1,0,48.0,0,0,250,38,212,172,0.688,38,1.0,38,1.0,134,0.6321,116,160,212,0
0.4,0.15,1,2,18.0,0,0,250,38,212,172,0.688,38,1.0,38,1.0,134,0.6321,116,211,212,0
0.4,0.2,1,0,48.0,0,0,250,38,212,172,0.688,38,1.0,38,1.0,134,0.6321,116,160,212,0
0.4,0.2,1,2,18.0,0,0,250,38,212,172,0.688,38,1.0,38,1.0,134,0.6321,116,211,212,0
0.4,0.25,1,0,48.0,0,0,250,38,212,172,0.688,38,1.0,38,1.0,134,0.6321,116,160,212,0
0.4,0.25,1,2,18.0,0,0,250,38,212,172,0.688,38,1.0,38,1.0,134,0.6321,116,211,212,0
0.4,0.3,1,2,24.0,0,0,250,38,212,172,0.688,38,1.0,38,1.0,134,0.6321,116,211,212,0
0.4,0.3,1,2,32.0,0,0,250,38,212,172,0.688,38,1.0,38,1.0,134,0.6321,116,211,212,0
0.3,0.02,3,2,12.0,0,0,250,38,212,172,0.688,37,0.9737,37,0.9737,135,0.6368,114,213,213,1
0.3,0.05,3,2,12.0,0,0,250,38,212,172,0.688,37,0.9737,37,0.9737,135,0.6368,114,213,213,1
0.3,0.1,3,2,12.0,0,0,250,38,212,172,0.688,37,0.9737,37,0.9737,135,0.6368,114,213,213,1
0.3,0.15,3,2,12.0,0,0,250,38,212,172,0.688,37,0.9737,37,0.9737,135,0.6368,114,213,213,1
0.3,0.2,3,0,24.0,0,0,250,38,212,171,0.684,38,1.0,38,1.0,133,0.6274,117,211,212,0
0.3,0.2,3,0,32.0,0,0,250,38,212,171,0.684,38,1.0,38,1.0,133,0.6274,117,211,212,0
0.3,0.2,3,1,18.0,0,0,250,38,212,171,0.684,38,1.0,38,1.0,133,0.6274,117,212,212,0
0.3,0.25,3,0,24.0,0,0,250,38,212,171,0.684,38,1.0,38,1.0,133,0.6274,117,211,212,0
0.3,0.25,3,0,32.0,0,0,250,38,212,171,0.684,38,1.0,38,1.0,133,0.6274,117,211,212,0
0.3,0.25,3,1,18.0,0,0,250,38,212,171,0.684,38,1.0,38,1.0,133,0.6274,117,212,212,0
0.3,0.3,3,1,24.0,0,0,250,38,212,171,0.684,38,1.0,38,1.0,133,0.6274,117,212,212,0
0.3,0.3,3,1,32.0,0,0,250,38,212,171,0.684,38,1.0,38,1.0,133,0.6274,117,212,212,0
0.35,0.3,1,0,18.0,0,0,250,38,212,171,0.684,38,1.0,38,1.0,133,0.6274,117,209,212,0
0.35,0.3,2,2,24.0,0,0,250,38,212,171,0.684,38,1.0,38,1.0,133,0.6274,117,212,212,0
0.35,0.3,2,2,32.0,0,0,250,38,212,171,0.684,38,1.0,38,1.0,133,0.6274,117,212,212,0
0.4,0.3,1,1,24.0,0,0,250,38,212,171,0.684,38,1.0,38,1.0,133,0.6274,117,210,212,0
0.4,0.3,1,1,32.0,0,0,250,38,212,171,0.684,38,1.0,38,1.0,133,0.6274,117,210,212,0
0.3,0.2,3,2,18.0,0,0,250,38,212,171,0.684,37,0.9737,37,0.9737,134,0.6321,115,213,213,1
0.3,0.25,3,2,18.0,0,0,250,38,212,171,0.684,37,0.9737,37,0.9737,134,0.6321,115,213,213,1
0.3,0.3,2,0,18.0,0,0,250,38,212,170,0.68,38,1.0,38,1.0,132,0.6226,118,210,212,0
0.35,0.02,2,0,48.0,0,0,250,38,212,170,0.68,38,1.0,38,1.0,132,0.6226,118,159,212,0
0.35,0.02,2,1,18.0,0,0,250,38,212,170,0.68,38,1.0,38,1.0,132,0.6226,118,211,212,0
0.35,0.05,2,0,48.0,0,0,250,38,212,170,0.68,38,1.0,38,1.0,132,0.6226,118,159,212,0
0.35,0.05,2,1,18.0,0,0,250,38,212,170,0.68,38,1.0,38,1.0,132,0.6226,118,211,212,0
0.35,0.1,2,0,48.0,0,0,250,38,212,170,0.68,38,1.0,38,1.0,132,0.6226,118,159,212,0
0.35,0.1,2,1,18.0,0,0,250,38,212,170,0.68,38,1.0,38,1.0,132,0.6226,118,211,212,0
0.35,0.15,2,0,48.0,0,0,250,38,212,170,0.68,38,1.0,38,1.0,132,0.6226,118,159,212,0
0.35,0.15,2,1,18.0,0,0,250,38,212,170,0.68,38,1.0,38,1.0,132,0.6226,118,211,212,0
0.35,0.2,2,0,48.0,0,0,250,38,212,170,0.68,38,1.0,38,1.0,132,0.6226,118,159,212,0
0.35,0.2,2,1,18.0,0,0,250,38,212,170,0.68,38,1.0,38,1.0,132,0.6226,118,211,212,0
0.35,0.25,2,0,48.0,0,0,250,38,212,170,0.68,38,1.0,38,1.0,132,0.6226,118,159,212,0
0.35,0.25,2,1,18.0,0,0,250,38,212,170,0.68,38,1.0,38,1.0,132,0.6226,118,211,212,0
0.35,0.3,1,0,24.0,0,0,250,38,212,170,0.68,38,1.0,38,1.0,132,0.6226,118,209,212,0
0.35,0.3,1,0,32.0,0,0,250,38,212,170,0.68,38,1.0,38,1.0,132,0.6226,118,209,212,0
0.35,0.3,1,1,12.0,0,0,250,38,212,170,0.68,38,1.0,38,1.0,132,0.6226,118,210,212,0
0.35,0.3,2,1,24.0,0,0,250,38,212,170,0.68,38,1.0,38,1.0,132,0.6226,118,211,212,0
0.35,0.3,2,1,32.0,0,0,250,38,212,170,0.68,38,1.0,38,1.0,132,0.6226,118,211,212,0
0.4,0.02,1,1,18.0,0,0,250,38,212,170,0.68,38,1.0,38,1.0,132,0.6226,118,210,212,0
0.4,0.05,1,1,18.0,0,0,250,38,212,170,0.68,38,1.0,38,1.0,132,0.6226,118,210,212,0
0.4,0.1,1,1,18.0,0,0,250,38,212,170,0.68,38,1.0,38,1.0,132,0.6226,118,210,212,0
0.4,0.15,1,1,18.0,0,0,250,38,212,170,0.68,38,1.0,38,1.0,132,0.6226,118,210,212,0
0.4,0.2,1,1,18.0,0,0,250,38,212,170,0.68,38,1.0,38,1.0,132,0.6226,118,210,212,0
0.4,0.25,1,1,18.0,0,0,250,38,212,170,0.68,38,1.0,38,1.0,132,0.6226,118,210,212,0
0.3,0.3,3,2,24.0,0,0,250,38,212,170,0.68,37,0.9737,37,0.9737,133,0.6274,116,213,213,1
0.3,0.3,3,2,32.0,0,0,250,38,212,170,0.68,37,0.9737,37,0.9737,133,0.6274,116,213,213,1
0.3,0.02,3,0,24.0,0,0,250,38,212,169,0.676,38,1.0,38,1.0,131,0.6179,119,211,212,0
0.3,0.02,3,0,32.0,0,0,250,38,212,169,0.676,38,1.0,38,1.0,131,0.6179,119,211,212,0
0.3,0.02,3,1,18.0,0,0,250,38,212,169,0.676,38,1.0,38,1.0,131,0.6179,119,212,212,0
0.3,0.05,3,0,24.0,0,0,250,38,212,169,0.676,38,1.0,38,1.0,131,0.6179,119,211,212,0
0.3,0.05,3,0,32.0,0,0,250,38,212,169,0.676,38,1.0,38,1.0,131,0.6179,119,211,212,0
0.3,0.05,3,1,18.0,0,0,250,38,212,169,0.676,38,1.0,38,1.0,131,0.6179,119,212,212,0
0.3,0.1,3,0,24.0,0,0,250,38,212,169,0.676,38,1.0,38,1.0,131,0.6179,119,211,212,0
0.3,0.1,3,0,32.0,0,0,250,38,212,169,0.676,38,1.0,38,1.0,131,0.6179,119,211,212,0
0.3,0.1,3,1,18.0,0,0,250,38,212,169,0.676,38,1.0,38,1.0,131,0.6179,119,212,212,0
0.3,0.15,3,0,24.0,0,0,250,38,212,169,0.676,38,1.0,38,1.0,131,0.6179,119,211,212,0
0.3,0.15,3,0,32.0,0,0,250,38,212,169,0.676,38,1.0,38,1.0,131,0.6179,119,211,212,0
0.3,0.15,3,1,18.0,0,0,250,38,212,169,0.676,38,1.0,38,1.0,131,0.6179,119,212,212,0
0.3,0.3,2,2,18.0,0,0,250,38,212,169,0.676,38,1.0,38,1.0,131,0.6179,119,212,212,0
0.35,0.3,1,0,48.0,0,0,250,38,212,169,0.676,38,1.0,38,1.0,131,0.6179,119,158,212,0
0.4,0.02,1,2,24.0,0,0,250,38,212,169,0.676,38,1.0,38,1.0,131,0.6179,119,211,212,0
0.4,0.02,1,2,32.0,0,0,250,38,212,169,0.676,38,1.0,38,1.0,131,0.6179,119,211,212,0
0.4,0.05,1,2,24.0,0,0,250,38,212,169,0.676,38,1.0,38,1.0,131,0.6179,119,211,212,0
0.4,0.05,1,2,32.0,0,0,250,38,212,169,0.676,38,1.0,38,1.0,131,0.6179,119,211,212,0
0.4,0.1,1,2,24.0,0,0,250,38,212,169,0.676,38,1.0,38,1.0,131,0.6179,119,211,212,0
0.4,0.1,1,2,32.0,0,0,250,38,212,169,0.676,38,1.0,38,1.0,131,0.6179,119,211,212,0
0.4,0.15,1,2,24.0,0,0,250,38,212,169,0.676,38,1.0,38,1.0,131,0.6179,119,211,212,0
0.4,0.15,1,2,32.0,0,0,250,38,212,169,0.676,38,1.0,38,1.0,131,0.6179,119,211,212,0
0.4,0.2,1,2,24.0,0,0,250,38,212,169,0.676,38,1.0,38,1.0,131,0.6179,119,211,212,0
0.4,0.2,1,2,32.0,0,0,250,38,212,169,0.676,38,1.0,38,1.0,131,0.6179,119,211,212,0
0.4,0.25,1,2,24.0,0,0,250,38,212,169,0.676,38,1.0,38,1.0,131,0.6179,119,211,212,0
0.4,0.25,1,2,32.0,0,0,250,38,212,169,0.676,38,1.0,38,1.0,131,0.6179,119,211,212,0
0.4,0.3,1,1,48.0,0,0,250,38,212,169,0.676,38,1.0,38,1.0,131,0.6179,119,160,212,0
0.4,0.3,1,2,48.0,0,0,250,38,212,169,0.676,38,1.0,38,1.0,131,0.6179,119,160,212,0
0.3,0.02,3,2,18.0,0,0,250,38,212,169,0.676,37,0.9737,37,0.9737,132,0.6226,117,213,213,1
0.3,0.05,3,2,18.0,0,0,250,38,212,169,0.676,37,0.9737,37,0.9737,132,0.6226,117,213,213,1
0.3,0.1,3,2,18.0,0,0,250,38,212,169,0.676,37,0.9737,37,0.9737,132,0.6226,117,213,213,1
0.3,0.15,3,2,18.0,0,0,250,38,212,169,0.676,37,0.9737,37,0.9737,132,0.6226,117,213,213,1
0.3,0.2,3,0,48.0,0,0,250,38,212,168,0.672,38,1.0,38,1.0,130,0.6132,120,160,212,0
0.3,0.25,3,0,48.0,0,0,250,38,212,168,0.672,38,1.0,38,1.0,130,0.6132,120,160,212,0
0.3,0.3,2,0,24.0,0,0,250,38,212,168,0.672,38,1.0,38,1.0,130,0.6132,120,210,212,0
0.3,0.3,2,0,32.0,0,0,250,38,212,168,0.672,38,1.0,38,1.0,130,0.6132,120,210,212,0
0.35,0.02,2,2,24.0,0,0,250,38,212,168,0.672,38,1.0,38,1.0,130,0.6132,120,212,212,0
0.35,0.02,2,2,32.0,0,0,250,38,212,168,0.672,38,1.0,38,1.0,130,0.6132,120,212,212,0
0.35,0.05,2,2,24.0,0,0,250,38,212,168,0.672,38,1.0,38,1.0,130,0.6132,120,212,212,0
0.35,0.05,2,2,32.0,0,0,250,38,212,168,0.672,38,1.0,38,1.0,130,0.6132,120,212,212,0
0.35,0.1,2,2,24.0,0,0,250,38,212,168,0.672,38,1.0,38,1.0,130,0.6132,120,212,212,0
0.35,0.1,2,2,32.0,0,0,250,38,212,168,0.672,38,1.0,38,1.0,130,0.6132,120,212,212,0
0.35,0.15,2,2,24.0,0,0,250,38,212,168,0.672,38,1.0,38,1.0,130,0.6132,120,212,212,0
0.35,0.15,2,2,32.0,0,0,250,38,212,168,0.672,38,1.0,38,1.0,130,0.6132,120,212,212,0
0.35,0.2,2,2,24.0,0,0,250,38,212,168,0.672,38,1.0,38,1.0,130,0.6132,120,212,212,0
0.35,0.2,2,2,32.0,0,0,250,38,212,168,0.672,38,1.0,38,1.0,130,0.6132,120,212,212,0
0.35,0.25,2,2,24.0,0,0,250,38,212,168,0.672,38,1.0,38,1.0,130,0.6132,120,212,212,0
0.35,0.25,2,2,32.0,0,0,250,38,212,168,0.672,38,1.0,38,1.0,130,0.6132,120,212,212,0
0.35,0.3,1,2,18.0,0,0,250,38,212,168,0.672,38,1.0,38,1.0,130,0.6132,120,211,212,0
0.4,0.02,1,1,24.0,0,0,250,38,212,168,0.672,38,1.0,38,1.0,130,0.6132,120,210,212,0
0.4,0.02,1,1,32.0,0,0,250,38,212,168,0.672,38,1.0,38,1.0,130,0.6132,120,210,212,0
0.4,0.05,1,1,24.0,0,0,250,38,212,168,0.672,38,1.0,38,1.0,130,0.6132,120,210,212,0
0.4,0.05,1,1,32.0,0,0,250,38,212,168,0.672,38,1.0,38,1.0,130,0.6132,120,210,212,0
0.4,0.1,1,1,24.0,0,0,250,38,212,168,0.672,38,1.0,38,1.0,130,0.6132,120,210,212,0
0.4,0.1,1,1,32.0,0,0,250,38,212,168,0.672,38,1.0,38,1.0,130,0.6132,120,210,212,0
0.4,0.15,1,1,24.0,0,0,250,38,212,168,0.672,38,1.0,38,1.0,130,0.6132,120,210,212,0
0.4,0.15,1,1,32.0,0,0,250,38,212,168,0.672,38,1.0,38,1.0,130,0.6132,120,210,212,0
0.4,0.2,1,1,24.0,0,0,250,38,212,168,0.672,38,1.0,38,1.0,130,0.6132,120,210,212,0
0.4,0.2,1,1,32.0,0,0,250,38,212,168,0.672,38,1.0,38,1.0,130,0.6132,120,210,212,0
0.4,0.25,1,1,24.0,0,0,250,38,212,168,0.672,38,1.0,38,1.0,130,0.6132,120,210,212,0
0.4,0.25,1,1,32.0,0,0,250,38,212,168,0.672,38,1.0,38,1.0,130,0.6132,120,210,212,0
0.3,0.2,2,0,12.0,0,0,250,38,212,167,0.668,38,1.0,38,1.0,129,0.6085,121,210,212,0
0.3,0.2,2,2,12.0,0,0,250,38,212,167,0.668,38,1.0,38,1.0,129,0.6085,121,212,212,0
0.3,0.2,3,1,24.0,0,0,250,38,212,167,0.668,38,1.0,38,1.0,129,0.6085,121,212,212,0
0.3,0.2,3,1,32.0,0,0,250,38,212,167,0.668,38,1.0,38,1.0,129,0.6085,121,212,212,0
0.3,0.25,2,0,12.0,0,0,250,38,212,167,0.668,38,1.0,38,1.0,129,0.6085,121,210,212,0
0.3,0.25,2,2,12.0,0,0,250,38,212,167,0.668,38,1.0,38,1.0,129,0.6085,121,212,212,0
0.3,0.25,3,1,24.0,0,0,250,38,212,167,0.668,38,1.0,38,1.0,129,0.6085,121,212,212,0
0.3,0.25,3,1,32.0,0,0,250,38,212,167,0.668,38,1.0,38,1.0,129,0.6085,121,212,212,0
0.3,0.3,2,1,18.0,0,0,250,38,212,167,0.668,38,1.0,38,1.0,129,0.6085,121,211,212,0
0.3,0.3,3,1,48.0,0,0,250,38,212,167,0.668,38,1.0,38,1.0,129,0.6085,121,160,212,0
0.3,0.3,3,2,48.0,0,0,250,38,212,167,0.668,38,1.0,38,1.0,129,0.6085,121,160,212,0
0.35,0.02,1,0,12.0,0,0,250,38,212,167,0.668,38,1.0,38,1.0,129,0.6085,121,209,212,0
0.35,0.02,1,2,12.0,0,0,250,38,212,167,0.668,38,1.0,38,1.0,129,0.6085,121,211,212,0
0.35,0.02,2,1,24.0,0,0,250,38,212,167,0.668,38,1.0,38,1.0,129,0.6085,121,211,212,0
0.35,0.02,2,1,32.0,0,0,250,38,212,167,0.668,38,1.0,38,1.0,129,0.6085,121,211,212,0
0.35,0.05,1,0,12.0,0,0,250,38,212,167,0.668,38,1.0,38,1.0,129,0.6085,121,209,212,0
0.35,0.05,1,2,12.0,0,0,250,38,212,167,0.668,38,1.0,38,1.0,129,0.6085,121,211,212,0
0.35,0.05,2,1,24.0,0,0,250,38,212,167,0.668,38,1.0,38,1.0,129,0.6085,121,211,212,0
0.35,0.05,2,1,32.0,0,0,250,38,212,167,0.668,38,1.0,38,1.0,129,0.6085,121,211,212,0
0.35,0.1,1,0,12.0,0,0,250,38,212,167,0.668,38,1.0,38,1.0,129,0.6085,121,209,212,0
0.35,0.1,1,2,12.0,0,0,250,38,212,167,0.668,38,1.0,38,1.0,129,0.6085,121,211,212,0
0.35,0.1,2,1,24.0,0,0,250,38,212,167,0.668,38,1.0,38,1.0,129,0.6085,121,211,212,0
0.35,0.1,2,1,32.0,0,0,250,38,212,167,0.668,38,1.0,38,1.0,129,0.6085,121,211,212,0
0.35,0.15,1,0,12.0,0,0,250,38,212,167,0.668,38,1.0,38,1.0,129,0.6085,121,209,212,0
0.35,0.15,1,2,12.0,0,0,250,38,212,167,0.668,38,1.0,38,1.0,129,0.6085,121,211,212,0
0.35,0.15,2,1,24.0,0,0,250,38,212,167,0.668,38,1.0,38,1.0,129,0.6085,121,211,212,0
0.35,0.15,2,1,32.0,0,0,250,38,212,167,0.668,38,1.0,38,1.0,129,0.6085,121,211,212,0
0.35,0.2,1,0,12.0,0,0,250,38,212,167,0.668,38,1.0,38,1.0,129,0.6085,121,209,212,0
0.35,0.2,1,2,12.0,0,0,250,38,212,167,0.668,38,1.0,38,1.0,129,0.6085,121,211,212,0
0.35,0.2,2,1,24.0,0,0,250,38,212,167,0.668,38,1.0,38,1.0,129,0.6085,121,211,212,0
0.35,0.2,2,1,32.0,0,0,250,38,212,167,0.668,38,1.0,38,1.0,129,0.6085,121,211,212,0
0.35,0.25,1,0,12.0,0,0,250,38,212,167,0.668,38,1.0,38,1.0,129,0.6085,121,209,212,0
0.35,0.25,1,2,12.0,0,0,250,38,212,167,0.668,38,1.0,38,1.0,129,0.6085,121,211,212,0
0.35,0.25,2,1,24.0,0,0,250,38,212,167,0.668,38,1.0,38,1.0,129,0.6085,121,211,212,0
0.35,0.25,2,1,32.0,0,0,250,38,212,167,0.668,38,1.0,38,1.0,129,0.6085,121,211,212,0
0.35,0.3,2,1,48.0,0,0,250,38,212,167,0.668,38,1.0,38,1.0,129,0.6085,121,159,212,0
0.35,0.3,2,2,48.0,0,0,250,38,212,167,0.668,38,1.0,38,1.0,129,0.6085,121,159,212,0
0.3,0.15,3,0,48.0,0,0,250,38,212,166,0.664,38,1.0,38,1.0,128,0.6038,122,160,212,0
0.3,0.2,2,1,12.0,0,0,250,38,212,166,0.664,38,1.0,38,1.0,128,0.6038,122,211,212,0
0.3,0.25,2,1,12.0,0,0,250,38,212,166,0.664,38,1.0,38,1.0,128,0.6038,122,211,212,0
0.3,0.3,2,0,48.0,0,0,250,38,212,166,0.664,38,1.0,38,1.0,128,0.6038,122,159,212,0
0.35,0.02,1,0,18.0,0,0,250,38,212,166,0.664,38,1.0,38,1.0,128,0.6038,122,209,212,0
0.35,0.05,1,0,18.0,0,0,250,38,212,166,0.664,38,1.0,38,1.0,128,0.6038,122,209,212,0
0.35,0.1,1,0,18.0,0,0,250,38,212,166,0.664,38,1.0,38,1.0,128,0.6038,122,209,212,0
0.35,0.15,1,0,18.0,0,0,250,38,212,166,0.664,38,1.0,38,1.0,128,0.6038,122,209,212,0
0.35,0.2,1,0,18.0,0,0,250,38,212,166,0.664,38,1.0,38,1.0,128,0.6038,122,209,212,0
0.35,0.25,1,0,18.0,0,0,250,38,212,166,0.664,38,1.0,38,1.0,128,0.6038,122,209,212,0
0.35,0.3,1,1,18.0,0,0,250,38,212,166,0.664,38,1.0,38,1.0,128,0.6038,122,210,212,0
0.4,0.02,1,1,48.0,0,0,250,38,212,166,0.664,38,1.0,38,1.0,128,0.6038,122,160,212,0
0.4,0.02,1,2,48.0,0,0,250,38,212,166,0.664,38,1.0,38,1.0,128,0.6038,122,160,212,0
0.4,0.05,1,1,48.0,0,0,250,38,212,166,0.664,38,1.0,38,1.0,128,0.6038,122,160,212,0
0.4,0.05,1,2,48.0,0,0,250,38,212,166,0.664,38,1.0,38,1.0,128,0.6038,122,160,212,0
0.4,0.1,1,1,48.0,0,0,250,38,212,166,0.664,38,1.0,38,1.0,128,0.6038,122,160,212,0
0.4,0.1,1,2,48.0,0,0,250,38,212,166,0.664,38,1.0,38,1.0,128,0.6038,122,160,212,0
0.4,0.15,1,1,48.0,0,0,250,38,212,166,0.664,38,1.0,38,1.0,128,0.6038,122,160,212,0
0.4,0.15,1,2,48.0,0,0,250,38,212,166,0.664,38,1.0,38,1.0,128,0.6038,122,160,212,0
0.4,0.2,1,1,48.0,0,0,250,38,212,166,0.664,38,1.0,38,1.0,128,0.6038,122,160,212,0
0.4,0.2,1,2,48.0,0,0,250,38,212,166,0.664,38,1.0,38,1.0,128,0.6038,122,160,212,0
0.4,0.25,1,1,48.0,0,0,250,38,212,166,0.664,38,1.0,38,1.0,128,0.6038,122,160,212,0
0.4,0.25,1,2,48.0,0,0,250,38,212,166,0.664,38,1.0,38,1.0,128,0.6038,122,160,212,0
0.3,0.2,3,2,24.0,0,0,250,38,212,166,0.664,37,0.9737,37,0.9737,129,0.6085,120,213,213,1
0.3,0.2,3,2,32.0,0,0,250,38,212,166,0.664,37,0.9737,37,0.9737,129,0.6085,120,213,213,1
0.3,0.25,3,2,24.0,0,0,250,38,212,166,0.664,37,0.9737,37,0.9737,129,0.6085,120,213,213,1
0.3,0.25,3,2,32.0,0,0,250,38,212,166,0.664,37,0.9737,37,0.9737,129,0.6085,120,213,213,1
0.3,0.02,2,0,12.0,0,0,250,38,212,165,0.66,38,1.0,38,1.0,127,0.5991,123,210,212,0
0.3,0.02,2,2,12.0,0,0,250,38,212,165,0.66,38,1.0,38,1.0,127,0.5991,123,212,212,0
0.3,0.02,3,1,24.0,0,0,250,38,212,165,0.66,38,1.0,38,1.0,127,0.5991,123,212,212,0
0.3,0.02,3,1,32.0,0,0,250,38,212,165,0.66,38,1.0,38,1.0,127,0.5991,123,212,212,0
0.3,0.05,2,0,12.0,0,0,250,38,212,165,0.66,38,1.0,38,1.0,127,0.5991,123,210,212,0
0.3,0.05,2,2,12.0,0,0,250,38,212,165,0.66,38,1.0,38,1.0,127,0.5991,123,212,212,0
0.3,0.05,3,1,24.0,0,0,250,38,212,165,0.66,38,1.0,38,1.0,127,0.5991,123,212,212,0
0.3,0.05,3,1,32.0,0,0,250,38,212,165,0.66,38,1.0,38,1.0,127,0.5991,123,212,212,0
0.3,0.1,2,0,12.0,0,0,250,38,212,165,0.66,38,1.0,38,1.0,127,0.5991,123,210,212,0
0.3,0.1,2,2,12.0,0,0,250,38,212,165,0.66,38,1.0,38,1.0,127,0.5991,123,212,212,0
0.3,0.1,3,1,24.0,0,0,250,38,212,165,0.66,38,1.0,38,1.0,127,0.5991,123,212,212,0
0.3,0.1,3,1,32.0,0,0,250,38,212,165,0.66,38,1.0,38,1.0,127,0.5991,123,212,212,0
0.3,0.15,2,0,12.0,0,0,250,38,212,165,0.66,38,1.0,38,1.0,127,0.5991,123,210,212,0
0.3,0.15,2,2,12.0,0,0,250,38,212,165,0.66,38,1.0,38,1.0,127,0.5991,123,212,212,0
0.3,0.15,3,1,24.0,0,0,250,38,212,165,0.66,38,1.0,38,1.0,127,0.5991,123,212,212,0
0.3,0.15,3,1,32.0,0,0,250,38,212,165,0.66,38,1.0,38,1.0,127,0.5991,123,212,212,0
0.3,0.3,2,2,24.0,0,0,250,38,212,165,0.66,38,1.0,38,1.0,127,0.5991,123,212,212,0
0.3,0.3,2,2,32.0,0,0,250,38,212,165,0.66,38,1.0,38,1.0,127,0.5991,123,212,212,0
0.35,0.02,1,0,24.0,0,0,250,38,212,165,0.66,38,1.0,38,1.0,127,0.5991,123,209,212,0
0.35,0.02,1,0,32.0,0,0,250,38,212,165,0.66,38,1.0,38,1.0,127,0.5991,123,209,212,0
0.35,0.02,1,1,12.0,0,0,250,38,212,165,0.66,38,1.0,38,1.0,127,0.5991,123,210,212,0
0.35,0.05,1,0,24.0,0,0,250,38,212,165,0.66,38,1.0,38,1.0,127,0.5991,123,209,212,0
0.35,0.05,1,0,32.0,0,0,250,38,212,165,0.66,38,1.0,38,1.0,127,0.5991,123,209,212,0
0.35,0.05,1,1,12.0,0,0,250,38,212,165,0.66,38,1.0,38,1.0,127,0.5991,123,210,212,0
0.35,0.1,1,0,24.0,0,0,250,38,212,165,0.66,38,1.0,38,1.0,127,0.5991,123,209,212,0
0.35,0.1,1,0,32.0,0,0,250,38,212,165,0.66,38,1.0,38,1.0,127,0.5991,123,209,212,0
0.35,0.1,1,1,12.0,0,0,250,38,212,165,0.66,38,1.0,38,1.0,127,0.5991,123,210,212,0
0.35,0.15,1,0,24.0,0,0,250,38,212,165,0.66,38,1.0,38,1.0,127,0.5991,123,209,212,0
0.35,0.15,1,0,32.0,0,0,250,38,212,165,0.66,38,1.0,38,1.0,127,0.5991,123,209,212,0
0.35,0.15,1,1,12.0,0,0,250,38,212,165,0.66,38,1.0,38,1.0,127,0.5991,123,210,212,0
0.35,0.2,1,0,24.0,0,0,250,38,212,165,0.66,38,1.0,38,1.0,127,0.5991,123,209,212,0
0.35,0.2,1,0,32.0,0,0,250,38,212,165,0.66,38,1.0,38,1.0,127,0.5991,123,209,212,0
0.35,0.2,1,1,12.0,0,0,250,38,212,165,0.66,38,1.0,38,1.0,127,0.5991,123,210,212,0
0.35,0.25,1,0,24.0,0,0,250,38,212,165,0.66,38,1.0,38,1.0,127,0.5991,123,209,212,0
0.35,0.25,1,0,32.0,0,0,250,38,212,165,0.66,38,1.0,38,1.0,127,0.5991,123,209,212,0
0.35,0.25,1,1,12.0,0,0,250,38,212,165,0.66,38,1.0,38,1.0,127,0.5991,123,210,212,0
0.35,0.3,1,2,24.0,0,0,250,38,212,165,0.66,38,1.0,38,1.0,127,0.5991,123,211,212,0
0.35,0.3,1,2,32.0,0,0,250,38,212,165,0.66,38,1.0,38,1.0,127,0.5991,123,211,212,0
0.3,0.02,2,1,12.0,0,0,250,38,212,164,0.656,38,1.0,38,1.0,126,0.5943,124,211,212,0
0.3,0.02,3,0,48.0,0,0,250,38,212,164,0.656,38,1.0,38,1.0,126,0.5943,124,160,212,0
0.3,0.05,2,1,12.0,0,0,250,38,212,164,0.656,38,1.0,38,1.0,126,0.5943,124,211,212,0
0.3,0.05,3,0,48.0,0,0,250,38,212,164,0.656,38,1.0,38,1.0,126,0.5943,124,160,212,0
0.3,0.1,2,1,12.0,0,0,250,38,212,164,0.656,38,1.0,38,1.0,126,0.5943,124,211,212,0
0.3,0.1,3,0,48.0,0,0,250,38,212,164,0.656,38,1.0,38,1.0,126,0.5943,124,160,212,0
0.3,0.15,2,1,12.0,0,0,250,38,212,164,0.656,38,1.0,38,1.0,126,0.5943,124,211,212,0
0.3,0.2,2,0,18.0,0,0,250,38,212,164,0.656,38,1.0,38,1.0,126,0.5943,124,210,212,0
0.3,0.2,2,2,18.0,0,0,250,38,212,164,0.656,38,1.0,38,1.0,126,0.5943,124,212,212,0
0.3,0.25,2,0,18.0,0,0,250,38,212,164,0.656,38,1.0,38,1.0,126,0.5943,124,210,212,0
0.3,0.25,2,2,18.0,0,0,250,38,212,164,0.656,38,1.0,38,1.0,126,0.5943,124,212,212,0
0.3,0.3,2,1,24.0,0,0,250,38,212,164,0.656,38,1.0,38,1.0,126,0.5943,124,211,212,0
0.3,0.3,2,1,32.0,0,0,250,38,212,164,0.656,38,1.0,38,1.0,126,0.5943,124,211,212,0
0.35,0.02,1,2,18.0,0,0,250,38,212,164,0.656,38,1.0,38,1.0,126,0.5943,124,211,212,0
0.35,0.02,2,1,48.0,0,0,250,38,212,164,0.656,38,1.0,38,1.0,126,0.5943,124,159,212,0
0.35,0.02,2,2,48.0,0,0,250,38,212,164,0.656,38,1.0,38,1.0,126,0.5943,124,159,212,0
0.35,0.05,1,2,18.0,0,0,250,38,212,164,0.656,38,1.0,38,1.0,126,0.5943,124,211,212,0
0.35,0.05,2,1,48.0,0,0,250,38,212,164,0.656,38,1.0,38,1.0,126,0.5943,124,159,212,0
0.35,0.05,2,2,48.0,0,0,250,38,212,164,0.656,38,1.0,38,1.0,126,0.5943,124,159,212,0
0.35,0.1,1,2,18.0,0,0,250,38,212,164,0.656,38,1.0,38,1.0,126,0.5943,124,211,212,0
0.35,0.1,2,1,48.0,0,0,250,38,212,164,0.656,38,1.0,38,1.0,126,0.5943,124,159,212,0
0.35,0.1,2,2,48.0,0,0,250,38,212,164,0.656,38,1.0,38,1.0,126,0.5943,124,159,212,0
0.35,0.15,1,2,18.0,0,0,250,38,212,164,0.656,38,1.0,38,1.0,126,0.5943,124,211,212,0
0.35,0.15,2,1,48.0,0,0,250,38,212,164,0.656,38,1.0,38,1.0,126,0.5943,124,159,212,0
0.35,0.15,2,2,48.0,0,0,250,38,212,164,0.656,38,1.0,38,1.0,126,0.5943,124,159,212,0
0.35,0.2,1,2,18.0,0,0,250,38,212,164,0.656,38,1.0,38,1.0,126,0.5943,124,211,212,0
0.35,0.2,2,1,48.0,0,0,250,38,212,164,0.656,38,1.0,38,1.0,126,0.5943,124,159,212,0
0.35,0.2,2,2,48.0,0,0,250,38,212,164,0.656,38,1.0,38,1.0,126,0.5943,124,159,212,0
0.35,0.25,1,0,48.0,0,0,250,38,212,164,0.656,38,1.0,38,1.0,126,0.5943,124,158,212,0
0.35,0.25,1,2,18.0,0,0,250,38,212,164,0.656,38,1.0,38,1.0,126,0.5943,124,211,212,0
0.35,0.25,2,1,48.0,0,0,250,38,212,164,0.656,38,1.0,38,1.0,126,0.5943,124,159,212,0
0.35,0.25,2,2,48.0,0,0,250,38,212,164,0.656,38,1.0,38,1.0,126,0.5943,124,159,212,0
0.35,0.3,1,1,24.0,0,0,250,38,212,164,0.656,38,1.0,38,1.0,126,0.5943,124,210,212,0
0.35,0.3,1,1,32.0,0,0,250,38,212,164,0.656,38,1.0,38,1.0,126,0.5943,124,210,212,0
0.3,0.02,3,2,24.0,0,0,250,38,212,164,0.656,37,0.9737,37,0.9737,127,0.5991,122,213,213,1
0.3,0.02,3,2,32.0,0,0,250,38,212,164,0.656,37,0.9737,37,0.9737,127,0.5991,122,213,213,1
0.3,0.05,3,2,24.0,0,0,250,38,212,164,0.656,37,0.9737,37,0.9737,127,0.5991,122,213,213,1
0.3,0.05,3,2,32.0,0,0,250,38,212,164,0.656,37,0.9737,37,0.9737,127,0.5991,122,213,213,1
0.3,0.1,3,2,24.0,0,0,250,38,212,164,0.656,37,0.9737,37,0.9737,127,0.5991,122,213,213,1
0.3,0.1,3,2,32.0,0,0,250,38,212,164,0.656,37,0.9737,37,0.9737,127,0.5991,122,213,213,1
0.3,0.15,3,2,24.0,0,0,250,38,212,164,0.656,37,0.9737,37,0.9737,127,0.5991,122,213,213,1
0.3,0.15,3,2,32.0,0,0,250,38,212,164,0.656,37,0.9737,37,0.9737,127,0.5991,122,213,213,1
0.25,0.25,3,1,12.0,0,0,250,38,212,163,0.652,38,1.0,38,1.0,125,0.5896,125,212,212,0
0.3,0.2,3,1,48.0,0,0,250,38,212,163,0.652,38,1.0,38,1.0,125,0.5896,125,160,212,0
0.3,0.2,3,2,48.0,0,0,250,38,212,163,0.652,38,1.0,38,1.0,125,0.5896,125,160,212,0
0.3,0.25,3,1,48.0,0,0,250,38,212,163,0.652,38,1.0,38,1.0,125,0.5896,125,160,212,0
0.3,0.25,3,2,48.0,0,0,250,38,212,163,0.652,38,1.0,38,1.0,125,0.5896,125,160,212,0
0.3,0.3,1,2,12.0,0,0,250,38,212,163,0.652,38,1.0,38,1.0,125,0.5896,125,211,212,0
0.25,0.2,3,2,12.0,0,0,250,38,212,163,0.652,37,0.9737,37,0.9737,126,0.5943,123,213,213,1
0.25,0.25,3,2,12.0,0,0,250,38,212,163,0.652,37,0.9737,37,0.9737,126,0.5943,123,213,213,1
0.25,0.2,3,1,12.0,0,0,250,38,212,162,0.648,38,1.0,38,1.0,124,0.5849,126,212,212,0
0.25,0.25,3,0,12.0,0,0,250,38,212,162,0.648,38,1.0,38,1.0,124,0.5849,126,211,212,0
0.3,0.02,2,0,18.0,0,0,250,38,212,162,0.648,38,1.0,38,1.0,124,0.5849,126,210,212,0
0.3,0.02,2,2,18.0,0,0,250,38,212,162,0.648,38,1.0,38,1.0,124,0.5849,126,212,212,0
0.3,0.05,2,0,18.0,0,0,250,38,212,162,0.648,38,1.0,38,1.0,124,0.5849,126,210,212,0
0.3,0.05,2,2,18.0,0,0,250,38,212,162,0.648,38,1.0,38,1.0,124,0.5849,126,212,212,0
0.3,0.1,2,0,18.0,0,0,250,38,212,162,0.648,38,1.0,38,1.0,124,0.5849,126,210,212,0
0.3,0.1,2,2,18.0,0,0,250,38,212,162,0.648,38,1.0,38,1.0,124,0.5849,126,212,212,0
0.3,0.15,2,0,18.0,0,0,250,38,212,162,0.648,38,1.0,38,1.0,124,0.5849,126,210,212,0
0.3,0.15,2,2,18.0,0,0,250,38,212,162,0.648,38,1.0,38,1.0,124,0.5849,126,212,212,0
0.3,0.2,2,0,24.0,0,0,250,38,212,162,0.648,38,1.0,38,1.0,124,0.5849,126,210,212,0
0.3,0.2,2,0,32.0,0,0,250,38,212,162,0.648,38,1.0,38,1.0,124,0.5849,126,210,212,0
0.3,0.2,2,1,18.0,0,0,250,38,212,162,0.648,38,1.0,38,1.0,124,0.5849,126,211,212,0
0.3,0.25,2,0,24.0,0,0,250,38,212,162,0.648,38,1.0,38,1.0,124,0.5849,126,210,212,0
0.3,0.25,2,0,32.0,0,0,250,38,212,162,0.648,38,1.0,38,1.0,124,0.5849,126,210,212,0
0.3,0.25,2,1,18.0,0,0,250,38,212,162,0.648,38,1.0,38,1.0,124,0.5849,126,211,212,0
0.35,0.02,1,1,18.0,0,0,250,38,212,162,0.648,38,1.0,38,1.0,124,0.5849,126,210,212,0
0.35,0.05,1,1,18.0,0,0,250,38,212,162,0.648,38,1.0,38,1.0,124,0.5849,126,210,212,0
0.35,0.1,1,1,18.0,0,0,250,38,212,162,0.648,38,1.0,38,1.0,124,0.5849,126,210,212,0
0.35,0.15,1,1,18.0,0,0,250,38,212,162,0.648,38,1.0,38,1.0,124,0.5849,126,210,212,0
0.35,0.2,1,1,18.0,0,0,250,38,212,162,0.648,38,1.0,38,1.0,124,0.5849,126,210,212,0
0.35,0.25,1,1,18.0,0,0,250,38,212,162,0.648,38,1.0,38,1.0,124,0.5849,126,210,212,0
0.35,0.3,1,1,48.0,0,0,250,38,212,162,0.648,38,1.0,38,1.0,124,0.5849,126,158,212,0
0.35,0.3,1,2,48.0,0,0,250,38,212,162,0.648,38,1.0,38,1.0,124,0.5849,126,158,212,0
0.3,0.15,3,1,48.0,0,0,250,38,212,161,0.644,38,1.0,38,1.0,123,0.5802,127,160,212,0
0.3,0.15,3,2,48.0,0,0,250,38,212,161,0.644,38,1.0,38,1.0,123,0.5802,127,160,212,0
0.3,0.3,1,1,12.0,0,0,250,38,212,161,0.644,38,1.0,38,1.0,123,0.5802,127,210,212,0
0.3,0.3,2,1,48.0,0,0,250,38,212,161,0.644,38,1.0,38,1.0,123,0.5802,127,159,212,0
0.3,0.3,2,2,48.0,0,0,250,38,212,161,0.644,38,1.0,38,1.0,123,0.5802,127,159,212,0
0.35,0.02,1,0,48.0,0,0,250,38,212,161,0.644,38,1.0,38,1.0,123,0.5802,127,158,212,0
0.35,0.02,1,2,24.0,0,0,250,38,212,161,0.644,38,1.0,38,1.0,123,0.5802,127,211,212,0
0.35,0.02,1,2,32.0,0,0,250,38,212,161,0.644,38,1.0,38,1.0,123,0.5802,127,211,212,0
0.35,0.05,1,0,48.0,0,0,250,38,212,161,0.644,38,1.0,38,1.0,123,0.5802,127,158,212,0
0.35,0.05,1,2,24.0,0,0,250,38,212,161,0.644,38,1.0,38,1.0,123,0.5802,127,211,212,0
0.35,0.05,1,2,32.0,0,0,250,38,212,161,0.644,38,1.0,38,1.0,123,0.5802,127,211,212,0
0.35,0.1,1,0,48.0,0,0,250,38,212,161,0.644,38,1.0,38,1.0,123,0.5802,127,158,212,0
0.35,0.1,1,2,24.0,0,0,250,38,212,161,0.644,38,1.0,38,1.0,123,0.5802,127,211,212,0
0.35,0.1,1,2,32.0,0,0,250,38,212,161,0.644,38,1.0,38,1.0,123,0.5802,127,211,212,0
0.35,0.15,1,0,48.0,0,0,250,38,212,161,0.644,38,1.0,38,1.0,123,0.5802,127,158,212,0
0.35,0.15,1,2,24.0,0,0,250,38,212,161,0.644,38,1.0,38,1.0,123,0.5802,127,211,212,0
0.35,0.15,1,2,32.0,0,0,250,38,212,161,0.644,38,1.0,38,1.0,123,0.5802,127,211,212,0
0.35,0.2,1,0,48.0,0,0,250,38,212,161,0.644,38,1.0,38,1.0,123,0.5802,127,158,212,0
0.35,0.2,1,2,24.0,0,0,250,38,212,161,0.644,38,1.0,38,1.0,123,0.5802,127,211,212,0
0.35,0.2,1,2,32.0,0,0,250,38,212,161,0.644,38,1.0,38,1.0,123,0.5802,127,211,212,0
0.35,0.25,1,2,24.0,0,0,250,38,212,161,0.644,38,1.0,38,1.0,123,0.5802,127,211,212,0
0.35,0.25,1,2,32.0,0,0,250,38,212,161,0.644,38,1.0,38,1.0,123,0.5802,127,211,212,0
0.25,0.02,3,2,12.0,0,0,250,38,212,161,0.644,37,0.9737,37,0.9737,124,0.5849,125,213,213,1
0.25,0.05,3,2,12.0,0,0,250,38,212,161,0.644,37,0.9737,37,0.9737,124,0.5849,125,213,213,1
0.25,0.1,3,2,12.0,0,0,250,38,212,161,0.644,37,0.9737,37,0.9737,124,0.5849,125,213,213,1
0.25,0.15,3,2,12.0,0,0,250,38,212,161,0.644,37,0.9737,37,0.9737,124,0.5849,125,213,213,1
0.25,0.02,3,1,12.0,0,0,250,38,212,160,0.64,38,1.0,38,1.0,122,0.5755,128,212,212,0
0.25,0.05,3,1,12.0,0,0,250,38,212,160,0.64,38,1.0,38,1.0,122,0.5755,128,212,212,0
0.25,0.1,3,1,12.0,0,0,250,38,212,160,0.64,38,1.0,38,1.0,122,0.5755,128,212,212,0
0.25,0.15,3,1,12.0,0,0,250,38,212,160,0.64,38,1.0,38,1.0,122,0.5755,128,212,212,0
0.25,0.2,3,0,12.0,0,0,250,38,212,160,0.64,38,1.0,38,1.0,122,0.5755,128,211,212,0
0.3,0.02,2,0,24.0,0,0,250,38,212,160,0.64,38,1.0,38,1.0,122,0.5755,128,210,212,0
0.3,0.02,2,0,32.0,0,0,250,38,212,160,0.64,38,1.0,38,1.0,122,0.5755,128,210,212,0
0.3,0.02,2,1,18.0,0,0,250,38,212,160,0.64,38,1.0,38,1.0,122,0.5755,128,211,212,0
0.3,0.05,2,0,24.0,0,0,250,38,212,160,0.64,38,1.0,38,1.0,122,0.5755,128,210,212,0
0.3,0.05,2,0,32.0,0,0,250,38,212,160,0.64,38,1.0,38,1.0,122,0.5755,128,210,212,0
0.3,0.05,2,1,18.0,0,0,250,38,212,160,0.64,38,1.0,38,1.0,122,0.5755,128,211,212,0
0.3,0.1,2,0,24.0,0,0,250,38,212,160,0.64,38,1.0,38,1.0,122,0.5755,128,210,212,0
0.3,0.1,2,0,32.0,0,0,250,38,212,160,0.64,38,1.0,38,1.0,122,0.5755,128,210,212,0
0.3,0.1,2,1,18.0,0,0,250,38,212,160,0.64,38,1.0,38,1.0,122,0.5755,128,211,212,0
0.3,0.15,2,0,24.0,0,0,250,38,212,160,0.64,38,1.0,38,1.0,122,0.5755,128,210,212,0
0.3,0.15,2,0,32.0,0,0,250,38,212,160,0.64,38,1.0,38,1.0,122,0.5755,128,210,212,0
0.3,0.15,2,1,18.0,0,0,250,38,212,160,0.64,38,1.0,38,1.0,122,0.5755,128,211,212,0
0.3,0.2,2,2,24.0,0,0,250,38,212,160,0.64,38,1.0,38,1.0,122,0.5755,128,212,212,0
0.3,0.2,2,2,32.0,0,0,250,38,212,160,0.64,38,1.0,38,1.0,122,0.5755,128,212,212,0
0.3,0.25,2,0,48.0,0,0,250,38,212,160,0.64,38,1.0,38,1.0,122,0.5755,128,159,212,0
0.3,0.25,2,2,24.0,0,0,250,38,212,160,0.64,38,1.0,38,1.0,122,0.5755,128,212,212,0
0.3,0.25,2,2,32.0,0,0,250,38,212,160,0.64,38,1.0,38,1.0,122,0.5755,128,212,212,0
0.3,0.3,1,2,18.0,0,0,250,38,212,160,0.64,38,1.0,38,1.0,122,0.5755,128,211,212,0
0.35,0.02,1,1,24.0,0,0,250,38,212,160,0.64,38,1.0,38,1.0,122,0.5755,128,210,212,0
0.35,0.02,1,1,32.0,0,0,250,38,212,160,0.64,38,1.0,38,1.0,122,0.5755,128,210,212,0
0.35,0.05,1,1,24.0,0,0,250,38,212,160,0.64,38,1.0,38,1.0,122,0.5755,128,210,212,0
0.35,0.05,1,1,32.0,0,0,250,38,212,160,0.64,38,1.0,38,1.0,122,0.5755,128,210,212,0
0.35,0.1,1,1,24.0,0,0,250,38,212,160,0.64,38,1.0,38,1.0,122,0.5755,128,210,212,0
0.35,0.1,1,1,32.0,0,0,250,38,212,160,0.64,38,1.0,38,1.0,122,0.5755,128,210,212,0
0.35,0.15,1,1,24.0,0,0,250,38,212,160,0.64,38,1.0,38,1.0,122,0.5755,128,210,212,0
0.35,0.15,1,1,32.0,0,0,250,38,212,160,0.64,38,1.0,38,1.0,122,0.5755,128,210,212,0
0.35,0.2,1,1,24.0,0,0,250,38,212,160,0.64,38,1.0,38,1.0,122,0.5755,128,210,212,0
0.35,0.2,1,1,32.0,0,0,250,38,212,160,0.64,38,1.0,38,1.0,122,0.5755,128,210,212,0
0.35,0.25,1,1,24.0,0,0,250,38,212,160,0.64,38,1.0,38,1.0,122,0.5755,128,210,212,0
0.35,0.25,1,1,32.0,0,0,250,38,212,160,0.64,38,1.0,38,1.0,122,0.5755,128,210,212,0
0.25,0.2,3,2,18.0,0,0,250,38,212,160,0.64,37,0.9737,37,0.9737,123,0.5802,126,213,213,1
0.25,0.25,3,2,18.0,0,0,250,38,212,160,0.64,37,0.9737,37,0.9737,123,0.5802,126,213,213,1
0.3,0.1,3,1,48.0,0,0,250,38,212,159,0.636,38,1.0,38,1.0,121,0.5708,129,160,212,0
0.3,0.1,3,2,48.0,0,0,250,38,212,159,0.636,38,1.0,38,1.0,121,0.5708,129,160,212,0
0.3,0.2,2,1,24.0,0,0,250,38,212,159,0.636,38,1.0,38,1.0,121,0.5708,129,211,212,0
0.3,0.2,2,1,32.0,0,0,250,38,212,159,0.636,38,1.0,38,1.0,121,0.5708,129,211,212,0
0.3,0.25,2,1,24.0,0,0,250,38,212,159,0.636,38,1.0,38,1.0,121,0.5708,129,211,212,0
0.3,0.25,2,1,32.0,0,0,250,38,212,159,0.636,38,1.0,38,1.0,121,0.5708,129,211,212,0
0.25,0.02,3,0,12.0,0,0,250,38,212,158,0.632,38,1.0,38,1.0,120,0.566,130,211,212,0
0.25,0.05,3,0,12.0,0,0,250,38,212,158,0.632,38,1.0,38,1.0,120,0.566,130,211,212,0
0.25,0.1,3,0,12.0,0,0,250,38,212,158,0.632,38,1.0,38,1.0,120,0.566,130,211,212,0
0.25,0.15,3,0,12.0,0,0,250,38,212,158,0.632,38,1.0,38,1.0,120,0.566,130,211,212,0
0.25,0.25,3,0,18.0,0,0,250,38,212,158,0.632,38,1.0,38,1.0,120,0.566,130,211,212,0
0.25,0.25,3,1,18.0,0,0,250,38,212,158,0.632,38,1.0,38,1.0,120,0.566,130,212,212,0
0.3,0.02,2,2,24.0,0,0,250,38,212,158,0.632,38,1.0,38,1.0,120,0.566,130,212,212,0
0.3,0.02,2,2,32.0,0,0,250,38,212,158,0.632,38,1.0,38,1.0,120,0.566,130,212,212,0
0.3,0.02,3,1,48.0,0,0,250,38,212,158,0.632,38,1.0,38,1.0,120,0.566,130,160,212,0
0.3,0.02,3,2,48.0,0,0,250,38,212,158,0.632,38,1.0,38,1.0,120,0.566,130,160,212,0
0.3,0.05,2,2,24.0,0,0,250,38,212,158,0.632,38,1.0,38,1.0,120,0.566,130,212,212,0
0.3,0.05,2,2,32.0,0,0,250,38,212,158,0.632,38,1.0,38,1.0,120,0.566,130,212,212,0
0.3,0.05,3,1,48.0,0,0,250,38,212,158,0.632,38,1.0,38,1.0,120,0.566,130,160,212,0
0.3,0.05,3,2,48.0,0,0,250,38,212,158,0.632,38,1.0,38,1.0,120,0.566,130,160,212,0
0.3,0.1,2,2,24.0,0,0,250,38,212,158,0.632,38,1.0,38,1.0,120,0.566,130,212,212,0
0.3,0.1,2,2,32.0,0,0,250,38,212,158,0.632,38,1.0,38,1.0,120,0.566,130,212,212,0
0.3,0.15,2,2,24.0,0,0,250,38,212,158,0.632,38,1.0,38,1.0,120,0.566,130,212,212,0
0.3,0.15,2,2,32.0,0,0,250,38,212,158,0.632,38,1.0,38,1.0,120,0.566,130,212,212,0
0.3,0.3,1,1,18.0,0,0,250,38,212,158,0.632,38,1.0,38,1.0,120,0.566,130,210,212,0
0.35,0.25,1,1,48.0,0,0,250,38,212,158,0.632,38,1.0,38,1.0,120,0.566,130,158,212,0
0.35,0.25,1,2,48.0,0,0,250,38,212,158,0.632,38,1.0,38,1.0,120,0.566,130,158,212,0
0.25,0.02,3,2,18.0,0,0,250,38,212,158,0.632,37,0.9737,37,0.9737,121,0.5708,128,213,213,1
0.25,0.05,3,2,18.0,0,0,250,38,212,158,0.632,37,0.9737,37,0.9737,121,0.5708,128,213,213,1
0.25,0.1,3,2,18.0,0,0,250,38,212,158,0.632,37,0.9737,37,0.9737,121,0.5708,128,213,213,1
0.25,0.15,3,2,18.0,0,0,250,38,212,158,0.632,37,0.9737,37,0.9737,121,0.5708,128,213,213,1
0.25,0.2,3,1,18.0,0,0,250,38,212,157,0.628,38,1.0,38,1.0,119,0.5613,131,212,212,0
0.3,0.02,2,1,24.0,0,0,250,38,212,157,0.628,38,1.0,38,1.0,119,0.5613,131,211,212,0
0.3,0.02,2,1,32.0,0,0,250,38,212,157,0.628,38,1.0,38,1.0,119,0.5613,131,211,212,0
0.3,0.05,2,1,24.0,0,0,250,38,212,157,0.628,38,1.0,38,1.0,119,0.5613,131,211,212,0
0.3,0.05,2,1,32.0,0,0,250,38,212,157,0.628,38,1.0,38,1.0,119,0.5613,131,211,212,0
0.3,0.1,2,1,24.0,0,0,250,38,212,157,0.628,38,1.0,38,1.0,119,0.5613,131,211,212,0
0.3,0.1,2,1,32.0,0,0,250,38,212,157,0.628,38,1.0,38,1.0,119,0.5613,131,211,212,0
0.3,0.15,2,1,24.0,0,0,250,38,212,157,0.628,38,1.0,38,1.0,119,0.5613,131,211,212,0
0.3,0.15,2,1,32.0,0,0,250,38,212,157,0.628,38,1.0,38,1.0,119,0.5613,131,211,212,0
0.3,0.2,2,0,48.0,0,0,250,38,212,157,0.628,38,1.0,38,1.0,119,0.5613,131,159,212,0
0.3,0.25,1,2,12.0,0,0,250,38,212,157,0.628,38,1.0,38,1.0,119,0.5613,131,211,212,0
0.3,0.3,1,0,12.0,0,0,250,38,212,157,0.628,38,1.0,38,1.0,119,0.5613,131,209,212,0
0.3,0.3,1,2,24.0,0,0,250,38,212,157,0.628,38,1.0,38,1.0,119,0.5613,131,211,212,0
0.3,0.3,1,2,32.0,0,0,250,38,212,157,0.628,38,1.0,38,1.0,119,0.5613,131,211,212,0
0.25,0.2,3,0,18.0,0,0,250,38,212,156,0.624,38,1.0,38,1.0,118,0.5566,132,211,212,0
0.3,0.25,2,1,48.0,0,0,250,38,212,156,0.624,38,1.0,38,1.0,118,0.5566,132,159,212,0
0.3,0.25,2,2,48.0,0,0,250,38,212,156,0.624,38,1.0,38,1.0,118,0.5566,132,159,212,0
0.3,0.3,1,1,24.0,0,0,250,38,212,156,0.624,38,1.0,38,1.0,118,0.5566,132,210,212,0
0.3,0.3,1,1,32.0,0,0,250,38,212,156,0.624,38,1.0,38,1.0,118,0.5566,132,210,212,0
0.25,0.02,3,1,18.0,0,0,250,38,212,155,0.62,38,1.0,38,1.0,117,0.5519,133,212,212,0
0.25,0.05,3,1,18.0,0,0,250,38,212,155,0.62,38,1.0,38,1.0,117,0.5519,133,212,212,0
0.25,0.1,3,1,18.0,0,0,250,38,212,155,0.62,38,1.0,38,1.0,117,0.5519,133,212,212,0
0.25,0.15,3,1,18.0,0,0,250,38,212,155,0.62,38,1.0,38,1.0,117,0.5519,133,212,212,0
0.25,0.25,3,0,24.0,0,0,250,38,212,155,0.62,38,1.0,38,1.0,117,0.5519,133,211,212,0
0.25,0.25,3,0,32.0,0,0,250,38,212,155,0.62,38,1.0,38,1.0,117,0.5519,133,211,212,0
0.3,0.15,2,0,48.0,0,0,250,38,212,155,0.62,38,1.0,38,1.0,117,0.5519,133,159,212,0
0.3,0.2,1,2,12.0,0,0,250,38,212,155,0.62,38,1.0,38,1.0,117,0.5519,133,211,212,0
0.3,0.25,1,1,12.0,0,0,250,38,212,155,0.62,38,1.0,38,1.0,117,0.5519,133,210,212,0
0.3,0.3,1,0,18.0,0,0,250,38,212,155,0.62,38,1.0,38,1.0,117,0.5519,133,209,212,0
0.35,0.02,1,1,48.0,0,0,250,38,212,155,0.62,38,1.0,38,1.0,117,0.5519,133,158,212,0
0.35,0.02,1,2,48.0,0,0,250,38,212,155,0.62,38,1.0,38,1.0,117,0.5519,133,158,212,0
0.35,0.05,1,1,48.0,0,0,250,38,212,155,0.62,38,1.0,38,1.0,117,0.5519,133,158,212,0
0.35,0.05,1,2,48.0,0,0,250,38,212,155,0.62,38,1.0,38,1.0,117,0.5519,133,158,212,0
0.35,0.1,1,1,48.0,0,0,250,38,212,155,0.62,38,1.0,38,1.0,117,0.5519,133,158,212,0
0.35,0.1,1,2,48.0,0,0,250,38,212,155,0.62,38,1.0,38,1.0,117,0.5519,133,158,212,0
0.35,0.15,1,1,48.0,0,0,250,38,212,155,0.62,38,1.0,38,1.0,117,0.5519,133,158,212,0
0.35,0.15,1,2,48.0,0,0,250,38,212,155,0.62,38,1.0,38,1.0,117,0.5519,133,158,212,0
0.35,0.2,1,1,48.0,0,0,250,38,212,155,0.62,38,1.0,38,1.0,117,0.5519,133,158,212,0
0.35,0.2,1,2,48.0,0,0,250,38,212,155,0.62,38,1.0,38,1.0,117,0.5519,133,158,212,0
0.2,0.2,3,2,12.0,0,0,250,38,212,155,0.62,37,0.9737,37,0.9737,118,0.5566,131,213,213,1
0.25,0.2,3,2,24.0,0,0,250,38,212,155,0.62,37,0.9737,37,0.9737,118,0.5566,131,213,213,1
0.25,0.2,3,2,32.0,0,0,250,38,212,155,0.62,37,0.9737,37,0.9737,118,0.5566,131,213,213,1
0.25,0.25,3,2,24.0,0,0,250,38,212,155,0.62,37,0.9737,37,0.9737,118,0.5566,131,213,213,1
0.25,0.25,3,2,32.0,0,0,250,38,212,155,0.62,37,0.9737,37,0.9737,118,0.5566,131,213,213,1
0.25,0.02,3,0,18.0,0,0,250,38,212,154,0.616,38,1.0,38,1.0,116,0.5472,134,211,212,0
0.25,0.05,3,0,18.0,0,0,250,38,212,154,0.616,38,1.0,38,1.0,116,0.5472,134,211,212,0
0.25,0.1,3,0,18.0,0,0,250,38,212,154,0.616,38,1.0,38,1.0,116,0.5472,134,211,212,0
0.25,0.15,3,0,18.0,0,0,250,38,212,154,0.616,38,1.0,38,1.0,116,0.5472,134,211,212,0
0.25,0.25,3,1,24.0,0,0,250,38,212,154,0.616,38,1.0,38,1.0,116,0.5472,134,212,212,0
0.25,0.25,3,1,32.0,0,0,250,38,212,154,0.616,38,1.0,38,1.0,116,0.5472,134,212,212,0
0.3,0.25,1,2,18.0,0,0,250,38,212,154,0.616,38,1.0,38,1.0,116,0.5472,134,211,212,0
0.3,0.3,1,0,24.0,0,0,250,38,212,154,0.616,38,1.0,38,1.0,116,0.5472,134,209,212,0
0.3,0.3,1,0,32.0,0,0,250,38,212,154,0.616,38,1.0,38,1.0,116,0.5472,134,209,212,0
0.3,0.3,1,1,48.0,0,0,250,38,212,154,0.616,38,1.0,38,1.0,116,0.5472,134,158,212,0
0.3,0.3,1,2,48.0,0,0,250,38,212,154,0.616,38,1.0,38,1.0,116,0.5472,134,158,212,0
0.25,0.2,3,0,24.0,0,0,250,38,212,153,0.612,38,1.0,38,1.0,115,0.5425,135,211,212,0
0.25,0.2,3,0,32.0,0,0,250,38,212,153,0.612,38,1.0,38,1.0,115,0.5425,135,211,212,0
0.25,0.2,3,1,24.0,0,0,250,38,212,153,0.612,38,1.0,38,1.0,115,0.5425,135,212,212,0
0.25,0.2,3,1,32.0,0,0,250,38,212,153,0.612,38,1.0,38,1.0,115,0.5425,135,212,212,0
0.25,0.25,2,2,12.0,0,0,250,38,212,153,0.612,38,1.0,38,1.0,115,0.5425,135,212,212,0
0.3,0.02,1,2,12.0,0,0,250,38,212,153,0.612,38,1.0,38,1.0,115,0.5425,135,211,212,0
0.3,0.02,2,0,48.0,0,0,250,38,212,153,0.612,38,1.0,38,1.0,115,0.5425,135,159,212,0
0.3,0.05,1,2,12.0,0,0,250,38,212,153,0.612,38,1.0,38,1.0,115,0.5425,135,211,212,0
0.3,0.05,2,0,48.0,0,0,250,38,212,153,0.612,38,1.0,38,1.0,115,0.5425,135,159,212,0
0.3,0.1,1,2,12.0,0,0,250,38,212,153,0.612,38,1.0,38,1.0,115,0.5425,135,211,212,0
0.3,0.1,2,0,48.0,0,0,250,38,212,153,0.612,38,1.0,38,1.0,115,0.5425,135,159,212,0
0.3,0.15,1,2,12.0,0,0,250,38,212,153,0.612,38,1.0,38,1.0,115,0.5425,135,211,212,0
0.3,0.2,1,1,12.0,0,0,250,38,212,153,0.612,38,1.0,38,1.0,115,0.5425,135,210,212,0
0.3,0.2,2,1,48.0,0,0,250,38,212,153,0.612,38,1.0,38,1.0,115,0.5425,135,159,212,0
0.3,0.2,2,2,48.0,0,0,250,38,212,153,0.612,38,1.0,38,1.0,115,0.5425,135,159,212,0
0.3,0.3,1,0,48.0,0,0,250,38,212,153,0.612,38,1.0,38,1.0,115,0.5425,135,158,212,0
0.2,0.02,3,2,12.0,0,0,250,38,212,153,0.612,37,0.9737,37,0.9737,116,0.5472,133,213,213,1
0.2,0.05,3,2,12.0,0,0,250,38,212,153,0.612,37,0.9737,37,0.9737,116,0.5472,133,213,213,1
0.2,0.1,3,2,12.0,0,0,250,38,212,153,0.612,37,0.9737,37,0.9737,116,0.5472,133,213,213,1
0.2,0.15,3,2,12.0,0,0,250,38,212,153,0.612,37,0.9737,37,0.9737,116,0.5472,133,213,213,1
0.25,0.02,3,2,24.0,0,0,250,38,212,153,0.612,37,0.9737,37,0.9737,116,0.5472,133,213,213,1
0.25,0.02,3,2,32.0,0,0,250,38,212,153,0.612,37,0.9737,37,0.9737,116,0.5472,133,213,213,1
0.25,0.05,3,2,24.0,0,0,250,38,212,153,0.612,37,0.9737,37,0.9737,116,0.5472,133,213,213,1
0.25,0.05,3,2,32.0,0,0,250,38,212,153,0.612,37,0.9737,37,0.9737,116,0.5472,133,213,213,1
0.25,0.1,3,2,24.0,0,0,250,38,212,153,0.612,37,0.9737,37,0.9737,116,0.5472,133,213,213,1
0.25,0.1,3,2,32.0,0,0,250,38,212,153,0.612,37,0.9737,37,0.9737,116,0.5472,133,213,213,1
0.25,0.15,3,2,24.0,0,0,250,38,212,153,0.612,37,0.9737,37,0.9737,116,0.5472,133,213,213,1
0.25,0.15,3,2,32.0,0,0,250,38,212,153,0.612,37,0.9737,37,0.9737,116,0.5472,133,213,213,1
0.2,0.2,3,1,12.0,0,0,250,38,212,152,0.608,38,1.0,38,1.0,114,0.5377,136,212,212,0
0.25,0.25,3,0,48.0,0,0,250,38,212,152,0.608,38,1.0,38,1.0,114,0.5377,136,160,212,0
0.25,0.25,3,2,48.0,0,0,250,38,212,152,0.608,38,1.0,38,1.0,114,0.5377,136,160,212,0
0.3,0.2,1,2,18.0,0,0,250,38,212,152,0.608,38,1.0,38,1.0,114,0.5377,136,211,212,0
0.3,0.25,1,1,18.0,0,0,250,38,212,152,0.608,38,1.0,38,1.0,114,0.5377,136,210,212,0
0.25,0.02,3,0,24.0,0,0,250,38,212,151,0.604,38,1.0,38,1.0,113,0.533,137,211,212,0
0.25,0.02,3,0,32.0,0,0,250,38,212,151,0.604,38,1.0,38,1.0,113,0.533,137,211,212,0
0.25,0.02,3,1,24.0,0,0,250,38,212,151,0.604,38,1.0,38,1.0,113,0.533,137,212,212,0
0.25,0.02,3,1,32.0,0,0,250,38,212,151,0.604,38,1.0,38,1.0,113,0.533,137,212,212,0
0.25,0.05,3,0,24.0,0,0,250,38,212,151,0.604,38,1.0,38,1.0,113,0.533,137,211,212,0
0.25,0.05,3,0,32.0,0,0,250,38,212,151,0.604,38,1.0,38,1.0,113,0.533,137,211,212,0
0.25,0.05,3,1,24.0,0,0,250,38,212,151,0.604,38,1.0,38,1.0,113,0.533,137,212,212,0
0.25,0.05,3,1,32.0,0,0,250,38,212,151,0.604,38,1.0,38,1.0,113,0.533,137,212,212,0
0.25,0.1,3,0,24.0,0,0,250,38,212,151,0.604,38,1.0,38,1.0,113,0.533,137,211,212,0
0.25,0.1,3,0,32.0,0,0,250,38,212,151,0.604,38,1.0,38,1.0,113,0.533,137,211,212,0
0.25,0.1,3,1,24.0,0,0,250,38,212,151,0.604,38,1.0,38,1.0,113,0.533,137,212,212,0
0.25,0.1,3,1,32.0,0,0,250,38,212,151,0.604,38,1.0,38,1.0,113,0.533,137,212,212,0
0.25,0.15,3,0,24.0,0,0,250,38,212,151,0.604,38,1.0,38,1.0,113,0.533,137,211,212,0
0.25,0.15,3,0,32.0,0,0,250,38,212,151,0.604,38,1.0,38,1.0,113,0.533,137,211,212,0
0.25,0.15,3,1,24.0,0,0,250,38,212,151,0.604,38,1.0,38,1.0,113,0.533,137,212,212,0
0.25,0.15,3,1,32.0,0,0,250,38,212,151,0.604,38,1.0,38,1.0,113,0.533,137,212,212,0
0.3,0.02,1,1,12.0,0,0,250,38,212,151,0.604,38,1.0,38,1.0,113,0.533,137,210,212,0
0.3,0.05,1,1,12.0,0,0,250,38,212,151,0.604,38,1.0,38,1.0,113,0.533,137,210,212,0
0.3,0.1,1,1,12.0,0,0,250,38,212,151,0.604,38,1.0,38,1.0,113,0.533,137,210,212,0
0.3,0.15,1,1,12.0,0,0,250,38,212,151,0.604,38,1.0,38,1.0,113,0.533,137,210,212,0
0.3,0.15,2,1,48.0,0,0,250,38,212,151,0.604,38,1.0,38,1.0,113,0.533,137,159,212,0
0.3,0.15,2,2,48.0,0,0,250,38,212,151,0.604,38,1.0,38,1.0,113,0.533,137,159,212,0
0.3,0.25,1,2,24.0,0,0,250,38,212,151,0.604,38,1.0,38,1.0,113,0.533,137,211,212,0
0.3,0.25,1,2,32.0,0,0,250,38,212,151,0.604,38,1.0,38,1.0,113,0.533,137,211,212,0
0.2,0.02,3,1,12.0,0,0,250,38,212,150,0.6,38,1.0,38,1.0,112,0.5283,138,212,212,0
0.2,0.05,3,1,12.0,0,0,250,38,212,150,0.6,38,1.0,38,1.0,112,0.5283,138,212,212,0
0.2,0.1,3,1,12.0,0,0,250,38,212,150,0.6,38,1.0,38,1.0,112,0.5283,138,212,212,0
0.2,0.15,3,1,12.0,0,0,250,38,212,150,0.6,38,1.0,38,1.0,112,0.5283,138,212,212,0
0.25,0.2,2,2,12.0,0,0,250,38,212,150,0.6,38,1.0,38,1.0,112,0.5283,138,212,212,0
0.25,0.2,3,2,48.0,0,0,250,38,212,150,0.6,38,1.0,38,1.0,112,0.5283,138,160,212,0
0.25,0.25,2,1,12.0,0,0,250,38,212,150,0.6,38,1.0,38,1.0,112,0.5283,138,211,212,0
0.25,0.25,2,2,18.0,0,0,250,38,212,150,0.6,38,1.0,38,1.0,112,0.5283,138,212,212,0
0.25,0.25,3,1,48.0,0,0,250,38,212,150,0.6,38,1.0,38,1.0,112,0.5283,138,160,212,0
0.3,0.02,1,2,18.0,0,0,250,38,212,150,0.6,38,1.0,38,1.0,112,0.5283,138,211,212,0
0.3,0.05,1,2,18.0,0,0,250,38,212,150,0.6,38,1.0,38,1.0,112,0.5283,138,211,212,0
0.3,0.1,1,2,18.0,0,0,250,38,212,150,0.6,38,1.0,38,1.0,112,0.5283,138,211,212,0
0.3,0.15,1,2,18.0,0,0,250,38,212,150,0.6,38,1.0,38,1.0,112,0.5283,138,211,212,0
0.3,0.2,1,1,18.0,0,0,250,38,212,150,0.6,38,1.0,38,1.0,112,0.5283,138,210,212,0
0.3,0.25,1,0,12.0,0,0,250,38,212,150,0.6,38,1.0,38,1.0,112,0.5283,138,209,212,0
0.3,0.25,1,1,24.0,0,0,250,38,212,150,0.6,38,1.0,38,1.0,112,0.5283,138,210,212,0
0.3,0.25,1,1,32.0,0,0,250,38,212,150,0.6,38,1.0,38,1.0,112,0.5283,138,210,212,0
0.2,0.2,3,0,12.0,0,0,250,38,212,149,0.596,38,1.0,38,1.0,111,0.5236,139,211,212,0
0.3,0.1,2,1,48.0,0,0,250,38,212,149,0.596,38,1.0,38,1.0,111,0.5236,139,159,212,0
0.3,0.1,2,2,48.0,0,0,250,38,212,149,0.596,38,1.0,38,1.0,111,0.5236,139,159,212,0
0.3,0.2,1,2,24.0,0,0,250,38,212,149,0.596,38,1.0,38,1.0,111,0.5236,139,211,212,0
0.3,0.2,1,2,32.0,0,0,250,38,212,149,0.596,38,1.0,38,1.0,111,0.5236,139,211,212,0
0.25,0.02,2,2,12.0,0,0,250,38,212,148,0.592,38,1.0,38,1.0,110,0.5189,140,212,212,0
0.25,0.05,2,2,12.0,0,0,250,38,212,148,0.592,38,1.0,38,1.0,110,0.5189,140,212,212,0
0.25,0.1,2,2,12.0,0,0,250,38,212,148,0.592,38,1.0,38,1.0,110,0.5189,140,212,212,0
0.25,0.15,2,2,12.0,0,0,250,38,212,148,0.592,38,1.0,38,1.0,110,0.5189,140,212,212,0
0.25,0.15,3,2,48.0,0,0,250,38,212,148,0.592,38,1.0,38,1.0,110,0.5189,140,160,212,0
0.3,0.02,1,1,18.0,0,0,250,38,212,148,0.592,38,1.0,38,1.0,110,0.5189,140,210,212,0
0.3,0.02,2,1,48.0,0,0,250,38,212,148,0.592,38,1.0,38,1.0,110,0.5189,140,159,212,0
0.3,0.02,2,2,48.0,0,0,250,38,212,148,0.592,38,1.0,38,1.0,110,0.5189,140,159,212,0
0.3,0.05,1,1,18.0,0,0,250,38,212,148,0.592,38,1.0,38,1.0,110,0.5189,140,210,212,0
0.3,0.05,2,1,48.0,0,0,250,38,212,148,0.592,38,1.0,38,1.0,110,0.5189,140,159,212,0
0.3,0.05,2,2,48.0,0,0,250,38,212,148,0.592,38,1.0,38,1.0,110,0.5189,140,159,212,0
0.3,0.1,1,1,18.0,0,0,250,38,212,148,0.592,38,1.0,38,1.0,110,0.5189,140,210,212,0
0.3,0.15,1,1,18.0,0,0,250,38,212,148,0.592,38,1.0,38,1.0,110,0.5189,140,210,212,0
0.3,0.2,1,0,12.0,0,0,250,38,212,148,0.592,38,1.0,38,1.0,110,0.5189,140,209,212,0
0.3,0.2,1,1,24.0,0,0,250,38,212,148,0.592,38,1.0,38,1.0,110,0.5189,140,210,212,0
0.3,0.2,1,1,32.0,0,0,250,38,212,148,0.592,38,1.0,38,1.0,110,0.5189,140,210,212,0
0.3,0.25,1,0,18.0,0,0,250,38,212,148,0.592,38,1.0,38,1.0,110,0.5189,140,209,212,0
0.3,0.25,1,1,48.0,0,0,250,38,212,148,0.592,38,1.0,38,1.0,110,0.5189,140,158,212,0
0.3,0.25,1,2,48.0,0,0,250,38,212,148,0.592,38,1.0,38,1.0,110,0.5189,140,158,212,0
0.2,0.2,3,2,18.0,0,0,250,38,212,148,0.592,37,0.9737,37,0.9737,111,0.5236,138,213,213,1
0.2,0.02,3,0,12.0,0,0,250,38,212,147,0.588,38,1.0,38,1.0,109,0.5142,141,211,212,0
0.2,0.05,3,0,12.0,0,0,250,38,212,147,0.588,38,1.0,38,1.0,109,0.5142,141,211,212,0
0.2,0.1,3,0,12.0,0,0,250,38,212,147,0.588,38,1.0,38,1.0,109,0.5142,141,211,212,0
0.2,0.15,3,0,12.0,0,0,250,38,212,147,0.588,38,1.0,38,1.0,109,0.5142,141,211,212,0
0.25,0.2,2,2,18.0,0,0,250,38,212,147,0.588,38,1.0,38,1.0,109,0.5142,141,212,212,0
0.25,0.2,3,0,48.0,0,0,250,38,212,147,0.588,38,1.0,38,1.0,109,0.5142,141,160,212,0
0.25,0.25,2,0,12.0,0,0,250,38,212,147,0.588,38,1.0,38,1.0,109,0.5142,141,210,212,0
0.3,0.02,1,2,24.0,0,0,250,38,212,147,0.588,38,1.0,38,1.0,109,0.5142,141,211,212,0
0.3,0.02,1,2,32.0,0,0,250,38,212,147,0.588,38,1.0,38,1.0,109,0.5142,141,211,212,0
0.3,0.05,1,2,24.0,0,0,250,38,212,147,0.588,38,1.0,38,1.0,109,0.5142,141,211,212,0
0.3,0.05,1,2,32.0,0,0,250,38,212,147,0.588,38,1.0,38,1.0,109,0.5142,141,211,212,0
0.3,0.1,1,2,24.0,0,0,250,38,212,147,0.588,38,1.0,38,1.0,109,0.5142,141,211,212,0
0.3,0.1,1,2,32.0,0,0,250,38,212,147,0.588,38,1.0,38,1.0,109,0.5142,141,211,212,0
0.3,0.15,1,2,24.0,0,0,250,38,212,147,0.588,38,1.0,38,1.0,109,0.5142,141,211,212,0
0.3,0.15,1,2,32.0,0,0,250,38,212,147,0.588,38,1.0,38,1.0,109,0.5142,141,211,212,0
0.3,0.25,1,0,24.0,0,0,250,38,212,147,0.588,38,1.0,38,1.0,109,0.5142,141,209,212,0
0.3,0.25,1,0,32.0,0,0,250,38,212,147,0.588,38,1.0,38,1.0,109,0.5142,141,209,212,0
0.15,0.02,3,2,12.0,0,0,250,38,212,147,0.588,37,0.9737,37,0.9737,110,0.5189,139,213,213,1
0.15,0.05,3,2,12.0,0,0,250,38,212,147,0.588,37,0.9737,37,0.9737,110,0.5189,139,213,213,1
0.15,0.1,3,2,12.0,0,0,250,38,212,147,0.588,37,0.9737,37,0.9737,110,0.5189,139,213,213,1
0.15,0.15,3,2,12.0,0,0,250,38,212,147,0.588,37,0.9737,37,0.9737,110,0.5189,139,213,213,1
0.25,0.1,3,2,48.0,0,0,250,38,212,146,0.584,38,1.0,38,1.0,108,0.5094,142,160,212,0
0.25,0.2,2,1,12.0,0,0,250,38,212,146,0.584,38,1.0,38,1.0,108,0.5094,142,211,212,0
0.25,0.2,3,1,48.0,0,0,250,38,212,146,0.584,38,1.0,38,1.0,108,0.5094,142,160,212,0
0.25,0.25,2,1,18.0,0,0,250,38,212,146,0.584,38,1.0,38,1.0,108,0.5094,142,211,212,0
0.25,0.25,2,2,24.0,0,0,250,38,212,146,0.584,38,1.0,38,1.0,108,0.5094,142,212,212,0
0.25,0.25,2,2,32.0,0,0,250,38,212,146,0.584,38,1.0,38,1.0,108,0.5094,142,212,212,0
0.3,0.02,1,0,12.0,0,0,250,38,212,146,0.584,38,1.0,38,1.0,108,0.5094,142,209,212,0
0.3,0.02,1,1,24.0,0,0,250,38,212,146,0.584,38,1.0,38,1.0,108,0.5094,142,210,212,0
0.3,0.02,1,1,32.0,0,0,250,38,212,146,0.584,38,1.0,38,1.0,108,0.5094,142,210,212,0
0.3,0.05,1,0,12.0,0,0,250,38,212,146,0.584,38,1.0,38,1.0,108,0.5094,142,209,212,0
0.3,0.05,1,1,24.0,0,0,250,38,212,146,0.584,38,1.0,38,1.0,108,0.5094,142,210,212,0
0.3,0.05,1,1,32.0,0,0,250,38,212,146,0.584,38,1.0,38,1.0,108,0.5094,142,210,212,0
0.3,0.1,1,0,12.0,0,0,250,38,212,146,0.584,38,1.0,38,1.0,108,0.5094,142,209,212,0
0.3,0.1,1,1,24.0,0,0,250,38,212,146,0.584,38,1.0,38,1.0,108,0.5094,142,210,212,0
0.3,0.1,1,1,32.0,0,0,250,38,212,146,0.584,38,1.0,38,1.0,108,0.5094,142,210,212,0
0.3,0.15,1,0,12.0,0,0,250,38,212,146,0.584,38,1.0,38,1.0,108,0.5094,142,209,212,0
0.3,0.15,1,1,24.0,0,0,250,38,212,146,0.584,38,1.0,38,1.0,108,0.5094,142,210,212,0
0.3,0.15,1,1,32.0,0,0,250,38,212,146,0.584,38,1.0,38,1.0,108,0.5094,142,210,212,0
0.3,0.2,1,0,18.0,0,0,250,38,212,146,0.584,38,1.0,38,1.0,108,0.5094,142,209,212,0
0.3,0.25,1,0,48.0,0,0,250,38,212,146,0.584,38,1.0,38,1.0,108,0.5094,142,158,212,0
0.2,0.02,3,2,18.0,0,0,250,38,212,146,0.584,37,0.9737,37,0.9737,109,0.5142,140,213,213,1
0.2,0.05,3,2,18.0,0,0,250,38,212,146,0.584,37,0.9737,37,0.9737,109,0.5142,140,213,213,1
0.2,0.1,3,2,18.0,0,0,250,38,212,146,0.584,37,0.9737,37,0.9737,109,0.5142,140,213,213,1
0.2,0.15,3,2,18.0,0,0,250,38,212,146,0.584,37,0.9737,37,0.9737,109,0.5142,140,213,213,1
0.2,0.2,2,2,12.0,0,0,250,38,212,145,0.58,38,1.0,38,1.0,107,0.5047,143,212,212,0
0.2,0.2,3,0,18.0,0,0,250,38,212,145,0.58,38,1.0,38,1.0,107,0.5047,143,211,212,0
0.25,0.02,3,2,48.0,0,0,250,38,212,145,0.58,38,1.0,38,1.0,107,0.5047,143,160,212,0
0.25,0.05,3,2,48.0,0,0,250,38,212,145,0.58,38,1.0,38,1.0,107,0.5047,143,160,212,0
0.25,0.15,3,0,48.0,0,0,250,38,212,145,0.58,38,1.0,38,1.0,107,0.5047,143,160,212,0
0.3,0.2,1,0,24.0,0,0,250,38,212,145,0.58,38,1.0,38,1.0,107,0.5047,143,209,212,0
0.3,0.2,1,0,32.0,0,0,250,38,212,145,0.58,38,1.0,38,1.0,107,0.5047,143,209,212,0
0.2,0.2,3,1,18.0,0,0,250,38,212,144,0.576,38,1.0,38,1.0,106,0.5,144,212,212,0
0.25,0.02,2,1,12.0,0,0,250,38,212,144,0.576,38,1.0,38,1.0,106,0.5,144,211,212,0
0.25,0.02,2,2,18.0,0,0,250,38,212,144,0.576,38,1.0,38,1.0,106,0.5,144,212,212,0
0.25,0.05,2,1,12.0,0,0,250,38,212,144,0.576,38,1.0,38,1.0,106,0.5,144,211,212,0
0.25,0.05,2,2,18.0,0,0,250,38,212,144,0.576,38,1.0,38,1.0,106,0.5,144,212,212,0
0.25,0.1,2,1,12.0,0,0,250,38,212,144,0.576,38,1.0,38,1.0,106,0.5,144,211,212,0
0.25,0.1,2,2,18.0,0,0,250,38,212,144,0.576,38,1.0,38,1.0,106,0.5,144,212,212,0
0.25,0.15,2,1,12.0,0,0,250,38,212,144,0.576,38,1.0,38,1.0,106,0.5,144,211,212,0
0.25,0.15,2,2,18.0,0,0,250,38,212,144,0.576,38,1.0,38,1.0,106,0.5,144,212,212,0
0.25,0.15,3,1,48.0,0,0,250,38,212,144,0.576,38,1.0,38,1.0,106,0.5,144,160,212,0
0.25,0.25,2,0,18.0,0,0,250,38,212,144,0.576,38,1.0,38,1.0,106,0.5,144,210,212,0
0.3,0.02,1,0,18.0,0,0,250,38,212,144,0.576,38,1.0,38,1.0,106,0.5,144,209,212,0
0.3,0.05,1,0,18.0,0,0,250,38,212,144,0.576,38,1.0,38,1.0,106,0.5,144,209,212,0
0.3,0.1,1,0,18.0,0,0,250,38,212,144,0.576,38,1.0,38,1.0,106,0.5,144,209,212,0
0.3,0.15,1,0,18.0,0,0,250,38,212,144,0.576,38,1.0,38,1.0,106,0.5,144,209,212,0
0.05,0.02,3,2,12.0,0,0,250,38,212,144,0.576,37,0.9737,37,0.9737,107,0.5047,142,213,213,1
0.05,0.05,3,2,12.0,0,0,250,38,212,144,0.576,37,0.9737,37,0.9737,107,0.5047,142,213,213,1
0.1,0.02,3,2,12.0,0,0,250,38,212,144,0.576,37,0.9737,37,0.9737,107,0.5047,142,213,213,1
0.1,0.05,3,2,12.0,0,0,250,38,212,144,0.576,37,0.9737,37,0.9737,107,0.5047,142,213,213,1
0.1,0.1,3,2,12.0,0,0,250,38,212,144,0.576,37,0.9737,37,0.9737,107,0.5047,142,213,213,1
0.2,0.02,2,2,12.0,0,0,250,38,212,143,0.572,38,1.0,38,1.0,105,0.4953,145,212,212,0
0.2,0.02,3,0,18.0,0,0,250,38,212,143,0.572,38,1.0,38,1.0,105,0.4953,145,211,212,0
0.2,0.05,2,2,12.0,0,0,250,38,212,143,0.572,38,1.0,38,1.0,105,0.4953,145,212,212,0
0.2,0.05,3,0,18.0,0,0,250,38,212,143,0.572,38,1.0,38,1.0,105,0.4953,145,211,212,0
0.2,0.1,2,2,12.0,0,0,250,38,212,143,0.572,38,1.0,38,1.0,105,0.4953,145,212,212,0
0.2,0.1,3,0,18.0,0,0,250,38,212,143,0.572,38,1.0,38,1.0,105,0.4953,145,211,212,0
0.2,0.15,2,2,12.0,0,0,250,38,212,143,0.572,38,1.0,38,1.0,105,0.4953,145,212,212,0
0.2,0.15,3,0,18.0,0,0,250,38,212,143,0.572,38,1.0,38,1.0,105,0.4953,145,211,212,0
0.25,0.02,3,0,48.0,0,0,250,38,212,143,0.572,38,1.0,38,1.0,105,0.4953,145,160,212,0
0.25,0.05,3,0,48.0,0,0,250,38,212,143,0.572,38,1.0,38,1.0,105,0.4953,145,160,212,0
0.25,0.1,3,0,48.0,0,0,250,38,212,143,0.572,38,1.0,38,1.0,105,0.4953,145,160,212,0
0.25,0.2,2,2,24.0,0,0,250,38,212,143,0.572,38,1.0,38,1.0,105,0.4953,145,212,212,0
0.25,0.2,2,2,32.0,0,0,250,38,212,143,0.572,38,1.0,38,1.0,105,0.4953,145,212,212,0
0.25,0.25,2,1,24.0,0,0,250,38,212,143,0.572,38,1.0,38,1.0,105,0.4953,145,211,212,0
0.25,0.25,2,1,32.0,0,0,250,38,212,143,0.572,38,1.0,38,1.0,105,0.4953,145,211,212,0
0.3,0.02,1,0,24.0,0,0,250,38,212,143,0.572,38,1.0,38,1.0,105,0.4953,145,209,212,0
0.3,0.02,1,0,32.0,0,0,250,38,212,143,0.572,38,1.0,38,1.0,105,0.4953,145,209,212,0
0.3,0.05,1,0,24.0,0,0,250,38,212,143,0.572,38,1.0,38,1.0,105,0.4953,145,209,212,0
0.3,0.05,1,0,32.0,0,0,250,38,212,143,0.572,38,1.0,38,1.0,105,0.4953,145,209,212,0
0.3,0.1,1,0,24.0,0,0,250,38,212,143,0.572,38,1.0,38,1.0,105,0.4953,145,209,212,0
0.3,0.1,1,0,32.0,0,0,250,38,212,143,0.572,38,1.0,38,1.0,105,0.4953,145,209,212,0
0.3,0.15,1,0,24.0,0,0,250,38,212,143,0.572,38,1.0,38,1.0,105,0.4953,145,209,212,0
0.3,0.15,1,0,32.0,0,0,250,38,212,143,0.572,38,1.0,38,1.0,105,0.4953,145,209,212,0
0.3,0.2,1,1,48.0,0,0,250,38,212,143,0.572,38,1.0,38,1.0,105,0.4953,145,158,212,0
0.3,0.2,1,2,48.0,0,0,250,38,212,143,0.572,38,1.0,38,1.0,105,0.4953,145,158,212,0
0.15,0.02,3,1,12.0,0,0,250,38,212,142,0.568,38,1.0,38,1.0,104,0.4906,146,212,212,0
0.15,0.05,3,1,12.0,0,0,250,38,212,142,0.568,38,1.0,38,1.0,104,0.4906,146,212,212,0
0.15,0.1,3,1,12.0,0,0,250,38,212,142,0.568,38,1.0,38,1.0,104,0.4906,146,212,212,0
0.15,0.15,3,1,12.0,0,0,250,38,212,142,0.568,38,1.0,38,1.0,104,0.4906,146,212,212,0
0.2,0.02,3,1,18.0,0,0,250,38,212,142,0.568,38,1.0,38,1.0,104,0.4906,146,212,212,0
0.2,0.05,3,1,18.0,0,0,250,38,212,142,0.568,38,1.0,38,1.0,104,0.4906,146,212,212,0
0.2,0.1,3,1,18.0,0,0,250,38,212,142,0.568,38,1.0,38,1.0,104,0.4906,146,212,212,0
0.2,0.15,3,1,18.0,0,0,250,38,212,142,0.568,38,1.0,38,1.0,104,0.4906,146,212,212,0
0.25,0.1,3,1,48.0,0,0,250,38,212,142,0.568,38,1.0,38,1.0,104,0.4906,146,160,212,0
0.25,0.2,2,0,12.0,0,0,250,38,212,142,0.568,38,1.0,38,1.0,104,0.4906,146,210,212,0
0.25,0.2,2,1,18.0,0,0,250,38,212,142,0.568,38,1.0,38,1.0,104,0.4906,146,211,212,0
0.25,0.25,2,0,24.0,0,0,250,38,212,142,0.568,38,1.0,38,1.0,104,0.4906,146,210,212,0
0.25,0.25,2,0,32.0,0,0,250,38,212,142,0.568,38,1.0,38,1.0,104,0.4906,146,210,212,0
0.25,0.25,2,2,48.0,0,0,250,38,212,142,0.568,38,1.0,38,1.0,104,0.4906,146,159,212,0
0.2,0.2,3,2,24.0,0,0,250,38,212,142,0.568,37,0.9737,37,0.9737,105,0.4953,144,213,213,1
0.2,0.2,3,2,32.0,0,0,250,38,212,142,0.568,37,0.9737,37,0.9737,105,0.4953,144,213,213,1
0.25,0.02,3,1,48.0,0,0,250,38,212,141,0.564,38,1.0,38,1.0,103,0.4858,147,160,212,0
0.25,0.05,3,1,48.0,0,0,250,38,212,141,0.564,38,1.0,38,1.0,103,0.4858,147,160,212,0
0.3,0.15,1,1,48.0,0,0,250,38,212,141,0.564,38,1.0,38,1.0,103,0.4858,147,158,212,0
0.3,0.15,1,2,48.0,0,0,250,38,212,141,0.564,38,1.0,38,1.0,103,0.4858,147,158,212,0
0.3,0.2,1,0,48.0,0,0,250,38,212,141,0.564,38,1.0,38,1.0,103,0.4858,147,158,212,0
0.25,0.02,2,0,12.0,0,0,250,38,212,140,0.56,38,1.0,38,1.0,102,0.4811,148,210,212,0
0.25,0.02,2,1,18.0,0,0,250,38,212,140,0.56,38,1.0,38,1.0,102,0.4811,148,211,212,0
0.25,0.02,2,2,24.0,0,0,250,38,212,140,0.56,38,1.0,38,1.0,102,0.4811,148,212,212,0
0.25,0.02,2,2,32.0,0,0,250,38,212,140,0.56,38,1.0,38,1.0,102,0.4811,148,212,212,0
0.25,0.05,2,0,12.0,0,0,250,38,212,140,0.56,38,1.0,38,1.0,102,0.4811,148,210,212,0
0.25,0.05,2,1,18.0,0,0,250,38,212,140,0.56,38,1.0,38,1.0,102,0.4811,148,211,212,0
0.25,0.05,2,2,24.0,0,0,250,38,212,140,0.56,38,1.0,38,1.0,102,0.4811,148,212,212,0
0.25,0.05,2,2,32.0,0,0,250,38,212,140,0.56,38,1.0,38,1.0,102,0.4811,148,212,212,0
0.25,0.1,2,0,12.0,0,0,250,38,212,140,0.56,38,1.0,38,1.0,102,0.4811,148,210,212,0
0.25,0.1,2,1,18.0,0,0,250,38,212,140,0.56,38,1.0,38,1.0,102,0.4811,148,211,212,0
0.25,0.1,2,2,24.0,0,0,250,38,212,140,0.56,38,1.0,38,1.0,102,0.4811,148,212,212,0
0.25,0.1,2,2,32.0,0,0,250,38,212,140,0.56,38,1.0,38,1.0,102,0.4811,148,212,212,0
0.25,0.15,2,0,12.0,0,0,250,38,212,140,0.56,38,1.0,38,1.0,102,0.4811,148,210,212,0
0.25,0.15,2,1,18.0,0,0,250,38,212,140,0.56,38,1.0,38,1.0,102,0.4811,148,211,212,0
0.25,0.15,2,2,24.0,0,0,250,38,212,140,0.56,38,1.0,38,1.0,102,0.4811,148,212,212,0
0.25,0.15,2,2,32.0,0,0,250,38,212,140,0.56,38,1.0,38,1.0,102,0.4811,148,212,212,0
0.25,0.25,1,2,12.0,0,0,250,38,212,140,0.56,38,1.0,38,1.0,102,0.4811,148,211,212,0
0.25,0.25,2,0,48.0,0,0,250,38,212,140,0.56,38,1.0,38,1.0,102,0.4811,148,159,212,0
0.25,0.25,2,1,48.0,0,0,250,38,212,140,0.56,38,1.0,38,1.0,102,0.4811,148,159,212,0
0.2,0.02,3,2,24.0,0,0,250,38,212,140,0.56,37,0.9737,37,0.9737,103,0.4858,146,213,213,1
0.2,0.02,3,2,32.0,0,0,250,38,212,140,0.56,37,0.9737,37,0.9737,103,0.4858,146,213,213,1
0.2,0.05,3,2,24.0,0,0,250,38,212,140,0.56,37,0.9737,37,0.9737,103,0.4858,146,213,213,1
0.2,0.05,3,2,32.0,0,0,250,38,212,140,0.56,37,0.9737,37,0.9737,103,0.4858,146,213,213,1
0.2,0.1,3,2,24.0,0,0,250,38,212,140,0.56,37,0.9737,37,0.9737,103,0.4858,146,213,213,1
0.2,0.1,3,2,32.0,0,0,250,38,212,140,0.56,37,0.9737,37,0.9737,103,0.4858,146,213,213,1
0.2,0.15,3,2,24.0,0,0,250,38,212,140,0.56,37,0.9737,37,0.9737,103,0.4858,146,213,213,1
0.2,0.15,3,2,32.0,0,0,250,38,212,140,0.56,37,0.9737,37,0.9737,103,0.4858,146,213,213,1
0.15,0.02,3,0,12.0,0,0,250,38,212,139,0.556,38,1.0,38,1.0,101,0.4764,149,211,212,0
0.15,0.05,3,0,12.0,0,0,250,38,212,139,0.556,38,1.0,38,1.0,101,0.4764,149,211,212,0
0.15,0.1,3,0,12.0,0,0,250,38,212,139,0.556,38,1.0,38,1.0,101,0.4764,149,211,212,0
0.15,0.15,3,0,12.0,0,0,250,38,212,139,0.556,38,1.0,38,1.0,101,0.4764,149,211,212,0
0.2,0.2,2,2,18.0,0,0,250,38,212,139,0.556,38,1.0,38,1.0,101,0.4764,149,212,212,0
0.2,0.2,3,0,24.0,0,0,250,38,212,139,0.556,38,1.0,38,1.0,101,0.4764,149,211,212,0
0.2,0.2,3,0,32.0,0,0,250,38,212,139,0.556,38,1.0,38,1.0,101,0.4764,149,211,212,0
0.2,0.2,3,1,24.0,0,0,250,38,212,139,0.556,38,1.0,38,1.0,101,0.4764,149,212,212,0
0.2,0.2,3,1,32.0,0,0,250,38,212,139,0.556,38,1.0,38,1.0,101,0.4764,149,212,212,0
0.25,0.2,2,0,18.0,0,0,250,38,212,139,0.556,38,1.0,38,1.0,101,0.4764,149,210,212,0
0.25,0.2,2,1,24.0,0,0,250,38,212,139,0.556,38,1.0,38,1.0,101,0.4764,149,211,212,0
0.25,0.2,2,1,32.0,0,0,250,38,212,139,0.556,38,1.0,38,1.0,101,0.4764,149,211,212,0
0.3,0.1,1,1,48.0,0,0,250,38,212,139,0.556,38,1.0,38,1.0,101,0.4764,149,158,212,0
0.3,0.1,1,2,48.0,0,0,250,38,212,139,0.556,38,1.0,38,1.0,101,0.4764,149,158,212,0
0.3,0.15,1,0,48.0,0,0,250,38,212,139,0.556,38,1.0,38,1.0,101,0.4764,149,158,212,0
0.2,0.2,2,1,12.0,0,0,250,38,212,138,0.552,38,1.0,38,1.0,100,0.4717,150,211,212,0
0.3,0.02,1,1,48.0,0,0,250,38,212,138,0.552,38,1.0,38,1.0,100,0.4717,150,158,212,0
0.3,0.02,1,2,48.0,0,0,250,38,212,138,0.552,38,1.0,38,1.0,100,0.4717,150,158,212,0
0.3,0.05,1,1,48.0,0,0,250,38,212,138,0.552,38,1.0,38,1.0,100,0.4717,150,158,212,0
0.3,0.05,1,2,48.0,0,0,250,38,212,138,0.552,38,1.0,38,1.0,100,0.4717,150,158,212,0
0.15,0.02,3,2,18.0,0,0,250,38,212,138,0.552,37,0.9737,37,0.9737,101,0.4764,148,213,213,1
0.15,0.05,3,2,18.0,0,0,250,38,212,138,0.552,37,0.9737,37,0.9737,101,0.4764,148,213,213,1
0.15,0.1,3,2,18.0,0,0,250,38,212,138,0.552,37,0.9737,37,0.9737,101,0.4764,148,213,213,1
0.15,0.15,3,2,18.0,0,0,250,38,212,138,0.552,37,0.9737,37,0.9737,101,0.4764,148,213,213,1
0.05,0.02,3,1,12.0,0,0,250,38,212,137,0.548,38,1.0,38,1.0,99,0.467,151,212,212,0
0.05,0.05,3,1,12.0,0,0,250,38,212,137,0.548,38,1.0,38,1.0,99,0.467,151,212,212,0
0.1,0.02,3,1,12.0,0,0,250,38,212,137,0.548,38,1.0,38,1.0,99,0.467,151,212,212,0
0.1,0.05,3,1,12.0,0,0,250,38,212,137,0.548,38,1.0,38,1.0,99,0.467,151,212,212,0
0.1,0.1,3,1,12.0,0,0,250,38,212,137,0.548,38,1.0,38,1.0,99,0.467,151,212,212,0
0.2,0.02,3,0,24.0,0,0,250,38,212,137,0.548,38,1.0,38,1.0,99,0.467,151,211,212,0
0.2,0.02,3,0,32.0,0,0,250,38,212,137,0.548,38,1.0,38,1.0,99,0.467,151,211,212,0
0.2,0.02,3,1,24.0,0,0,250,38,212,137,0.548,38,1.0,38,1.0,99,0.467,151,212,212,0
0.2,0.02,3,1,32.0,0,0,250,38,212,137,0.548,38,1.0,38,1.0,99,0.467,151,212,212,0
0.2,0.05,3,0,24.0,0,0,250,38,212,137,0.548,38,1.0,38,1.0,99,0.467,151,211,212,0
0.2,0.05,3,0,32.0,0,0,250,38,212,137,0.548,38,1.0,38,1.0,99,0.467,151,211,212,0
0.2,0.05,3,1,24.0,0,0,250,38,212,137,0.548,38,1.0,38,1.0,99,0.467,151,212,212,0
0.2,0.05,3,1,32.0,0,0,250,38,212,137,0.548,38,1.0,38,1.0,99,0.467,151,212,212,0
0.2,0.1,3,0,24.0,0,0,250,38,212,137,0.548,38,1.0,38,1.0,99,0.467,151,211,212,0
0.2,0.1,3,0,32.0,0,0,250,38,212,137,0.548,38,1.0,38,1.0,99,0.467,151,211,212,0
0.2,0.1,3,1,24.0,0,0,250,38,212,137,0.548,38,1.0,38,1.0,99,0.467,151,212,212,0
0.2,0.1,3,1,32.0,0,0,250,38,212,137,0.548,38,1.0,38,1.0,99,0.467,151,212,212,0
0.2,0.15,3,0,24.0,0,0,250,38,212,137,0.548,38,1.0,38,1.0,99,0.467,151,211,212,0
0.2,0.15,3,0,32.0,0,0,250,38,212,137,0.548,38,1.0,38,1.0,99,0.467,151,211,212,0
0.2,0.15,3,1,24.0,0,0,250,38,212,137,0.548,38,1.0,38,1.0,99,0.467,151,212,212,0
0.2,0.15,3,1,32.0,0,0,250,38,212,137,0.548,38,1.0,38,1.0,99,0.467,151,212,212,0
0.25,0.02,2,0,18.0,0,0,250,38,212,137,0.548,38,1.0,38,1.0,99,0.467,151,210,212,0
0.25,0.02,2,1,24.0,0,0,250,38,212,137,0.548,38,1.0,38,1.0,99,0.467,151,211,212,0
0.25,0.02,2,1,32.0,0,0,250,38,212,137,0.548,38,1.0,38,1.0,99,0.467,151,211,212,0
0.25,0.05,2,0,18.0,0,0,250,38,212,137,0.548,38,1.0,38,1.0,99,0.467,151,210,212,0
0.25,0.05,2,1,24.0,0,0,250,38,212,137,0.548,38,1.0,38,1.0,99,0.467,151,211,212,0
0.25,0.05,2,1,32.0,0,0,250,38,212,137,0.548,38,1.0,38,1.0,99,0.467,151,211,212,0
0.25,0.1,2,0,18.0,0,0,250,38,212,137,0.548,38,1.0,38,1.0,99,0.467,151,210,212,0
0.25,0.1,2,1,24.0,0,0,250,38,212,137,0.548,38,1.0,38,1.0,99,0.467,151,211,212,0
0.25,0.1,2,1,32.0,0,0,250,38,212,137,0.548,38,1.0,38,1.0,99,0.467,151,211,212,0
0.25,0.15,2,0,18.0,0,0,250,38,212,137,0.548,38,1.0,38,1.0,99,0.467,151,210,212,0
0.25,0.15,2,1,24.0,0,0,250,38,212,137,0.548,38,1.0,38,1.0,99,0.467,151,211,212,0
0.25,0.15,2,1,32.0,0,0,250,38,212,137,0.548,38,1.0,38,1.0,99,0.467,151,211,212,0
0.25,0.2,1,2,12.0,0,0,250,38,212,137,0.548,38,1.0,38,1.0,99,0.467,151,211,212,0
0.25,0.2,2,0,24.0,0,0,250,38,212,137,0.548,38,1.0,38,1.0,99,0.467,151,210,212,0
0.25,0.2,2,0,32.0,0,0,250,38,212,137,0.548,38,1.0,38,1.0,99,0.467,151,210,212,0
0.25,0.2,2,2,48.0,0,0,250,38,212,137,0.548,38,1.0,38,1.0,99,0.467,151,159,212,0
0.25,0.25,1,2,18.0,0,0,250,38,212,137,0.548,38,1.0,38,1.0,99,0.467,151,211,212,0
0.3,0.02,1,0,48.0,0,0,250,38,212,137,0.548,38,1.0,38,1.0,99,0.467,151,158,212,0
0.3,0.05,1,0,48.0,0,0,250,38,212,137,0.548,38,1.0,38,1.0,99,0.467,151,158,212,0
0.3,0.1,1,0,48.0,0,0,250,38,212,137,0.548,38,1.0,38,1.0,99,0.467,151,158,212,0
0.2,0.02,2,1,12.0,0,0,250,38,212,136,0.544,38,1.0,38,1.0,98,0.4623,152,211,212,0
0.2,0.05,2,1,12.0,0,0,250,38,212,136,0.544,38,1.0,38,1.0,98,0.4623,152,211,212,0
0.2,0.1,2,1,12.0,0,0,250,38,212,136,0.544,38,1.0,38,1.0,98,0.4623,152,211,212,0
0.2,0.15,2,1,12.0,0,0,250,38,212,136,0.544,38,1.0,38,1.0,98,0.4623,152,211,212,0
0.25,0.25,1,1,12.0,0,0,250,38,212,136,0.544,38,1.0,38,1.0,98,0.4623,152,210,212,0
0.15,0.02,3,0,18.0,0,0,250,38,212,135,0.54,38,1.0,38,1.0,97,0.4575,153,211,212,0
0.15,0.05,3,0,18.0,0,0,250,38,212,135,0.54,38,1.0,38,1.0,97,0.4575,153,211,212,0
0.15,0.1,3,0,18.0,0,0,250,38,212,135,0.54,38,1.0,38,1.0,97,0.4575,153,211,212,0
0.15,0.15,3,0,18.0,0,0,250,38,212,135,0.54,38,1.0,38,1.0,97,0.4575,153,211,212,0
0.2,0.02,2,2,18.0,0,0,250,38,212,135,0.54,38,1.0,38,1.0,97,0.4575,153,212,212,0
0.2,0.05,2,2,18.0,0,0,250,38,212,135,0.54,38,1.0,38,1.0,97,0.4575,153,212,212,0
0.2,0.1,2,2,18.0,0,0,250,38,212,135,0.54,38,1.0,38,1.0,97,0.4575,153,212,212,0
0.2,0.15,2,2,18.0,0,0,250,38,212,135,0.54,38,1.0,38,1.0,97,0.4575,153,212,212,0
0.25,0.02,1,2,12.0,0,0,250,38,212,135,0.54,38,1.0,38,1.0,97,0.4575,153,211,212,0
0.25,0.02,2,0,24.0,0,0,250,38,212,135,0.54,38,1.0,38,1.0,97,0.4575,153,210,212,0
0.25,0.02,2,0,32.0,0,0,250,38,212,135,0.54,38,1.0,38,1.0,97,0.4575,153,210,212,0
0.25,0.05,1,2,12.0,0,0,250,38,212,135,0.54,38,1.0,38,1.0,97,0.4575,153,211,212,0
0.25,0.05,2,0,24.0,0,0,250,38,212,135,0.54,38,1.0,38,1.0,97,0.4575,153,210,212,0
0.25,0.05,2,0,32.0,0,0,250,38,212,135,0.54,38,1.0,38,1.0,97,0.4575,153,210,212,0
0.25,0.1,1,2,12.0,0,0,250,38,212,135,0.54,38,1.0,38,1.0,97,0.4575,153,211,212,0
0.25,0.1,2,0,24.0,0,0,250,38,212,135,0.54,38,1.0,38,1.0,97,0.4575,153,210,212,0
0.25,0.1,2,0,32.0,0,0,250,38,212,135,0.54,38,1.0,38,1.0,97,0.4575,153,210,212,0
0.25,0.15,1,2,12.0,0,0,250,38,212,135,0.54,38,1.0,38,1.0,97,0.4575,153,211,212,0
0.25,0.15,2,0,24.0,0,0,250,38,212,135,0.54,38,1.0,38,1.0,97,0.4575,153,210,212,0
0.25,0.15,2,0,32.0,0,0,250,38,212,135,0.54,38,1.0,38,1.0,97,0.4575,153,210,212,0
0.05,0.02,3,2,18.0,0,0,250,38,212,135,0.54,37,0.9737,37,0.9737,98,0.4623,151,213,213,1
0.05,0.05,3,2,18.0,0,0,250,38,212,135,0.54,37,0.9737,37,0.9737,98,0.4623,151,213,213,1
0.1,0.02,3,2,18.0,0,0,250,38,212,135,0.54,37,0.9737,37,0.9737,98,0.4623,151,213,213,1
0.1,0.05,3,2,18.0,0,0,250,38,212,135,0.54,37,0.9737,37,0.9737,98,0.4623,151,213,213,1
0.1,0.1,3,2,18.0,0,0,250,38,212,135,0.54,37,0.9737,37,0.9737,98,0.4623,151,213,213,1
0.15,0.02,3,1,18.0,0,0,250,38,212,134,0.536,38,1.0,38,1.0,96,0.4528,154,212,212,0
0.15,0.05,3,1,18.0,0,0,250,38,212,134,0.536,38,1.0,38,1.0,96,0.4528,154,212,212,0
0.15,0.1,3,1,18.0,0,0,250,38,212,134,0.536,38,1.0,38,1.0,96,0.4528,154,212,212,0
0.15,0.15,3,1,18.0,0,0,250,38,212,134,0.536,38,1.0,38,1.0,96,0.4528,154,212,212,0
0.2,0.15,3,2,48.0,0,0,250,38,212,134,0.536,38,1.0,38,1.0,96,0.4528,154,160,212,0
0.2,0.2,2,2,24.0,0,0,250,38,212,134,0.536,38,1.0,38,1.0,96,0.4528,154,212,212,0
0.2,0.2,2,2,32.0,0,0,250,38,212,134,0.536,38,1.0,38,1.0,96,0.4528,154,212,212,0
0.2,0.2,3,2,48.0,0,0,250,38,212,134,0.536,38,1.0,38,1.0,96,0.4528,154,160,212,0
0.25,0.15,2,2,48.0,0,0,250,38,212,134,0.536,38,1.0,38,1.0,96,0.4528,154,159,212,0
0.25,0.2,1,2,18.0,0,0,250,38,212,134,0.536,38,1.0,38,1.0,96,0.4528,154,211,212,0
0.25,0.25,1,2,24.0,0,0,250,38,212,134,0.536,38,1.0,38,1.0,96,0.4528,154,211,212,0
0.25,0.25,1,2,32.0,0,0,250,38,212,134,0.536,38,1.0,38,1.0,96,0.4528,154,211,212,0
0.25,0.2,2,1,48.0,0,0,250,38,212,133,0.532,38,1.0,38,1.0,95,0.4481,155,159,212,0
0.25,0.25,1,1,18.0,0,0,250,38,212,133,0.532,38,1.0,38,1.0,95,0.4481,155,210,212,0
0.05,0.02,3,0,12.0,0,0,250,38,212,132,0.528,38,1.0,38,1.0,94,0.4434,156,211,212,0
0.05,0.05,3,0,12.0,0,0,250,38,212,132,0.528,38,1.0,38,1.0,94,0.4434,156,211,212,0
0.1,0.02,3,0,12.0,0,0,250,38,212,132,0.528,38,1.0,38,1.0,94,0.4434,156,211,212,0
0.1,0.05,3,0,12.0,0,0,250,38,212,132,0.528,38,1.0,38,1.0,94,0.4434,156,211,212,0
0.1,0.1,3,0,12.0,0,0,250,38,212,132,0.528,38,1.0,38,1.0,94,0.4434,156,211,212,0
0.15,0.15,2,2,12.0,0,0,250,38,212,132,0.528,38,1.0,38,1.0,94,0.4434,156,212,212,0
0.2,0.1,3,2,48.0,0,0,250,38,212,132,0.528,38,1.0,38,1.0,94,0.4434,156,160,212,0
0.2,0.2,2,1,18.0,0,0,250,38,212,132,0.528,38,1.0,38,1.0,94,0.4434,156,211,212,0
0.25,0.1,2,2,48.0,0,0,250,38,212,132,0.528,38,1.0,38,1.0,94,0.4434,156,159,212,0
0.25,0.2,1,1,12.0,0,0,250,38,212,132,0.528,38,1.0,38,1.0,94,0.4434,156,210,212,0
0.25,0.2,2,0,48.0,0,0,250,38,212,132,0.528,38,1.0,38,1.0,94,0.4434,156,159,212,0
0.15,0.02,3,2,24.0,0,0,250,38,212,132,0.528,37,0.9737,37,0.9737,95,0.4481,154,213,213,1
0.15,0.02,3,2,32.0,0,0,250,38,212,132,0.528,37,0.9737,37,0.9737,95,0.4481,154,213,213,1
0.15,0.05,3,2,24.0,0,0,250,38,212,132,0.528,37,0.9737,37,0.9737,95,0.4481,154,213,213,1
0.15,0.05,3,2,32.0,0,0,250,38,212,132,0.528,37,0.9737,37,0.9737,95,0.4481,154,213,213,1
0.15,0.1,3,2,24.0,0,0,250,38,212,132,0.528,37,0.9737,37,0.9737,95,0.4481,154,213,213,1
0.15,0.1,3,2,32.0,0,0,250,38,212,132,0.528,37,0.9737,37,0.9737,95,0.4481,154,213,213,1
0.15,0.15,3,2,24.0,0,0,250,38,212,132,0.528,37,0.9737,37,0.9737,95,0.4481,154,213,213,1
0.15,0.15,3,2,32.0,0,0,250,38,212,132,0.528,37,0.9737,37,0.9737,95,0.4481,154,213,213,1
0.05,0.02,2,2,12.0,0,0,250,38,212,131,0.524,38,1.0,38,1.0,93,0.4387,157,212,212,0
0.05,0.05,2,2,12.0,0,0,250,38,212,131,0.524,38,1.0,38,1.0,93,0.4387,157,212,212,0
0.1,0.02,2,2,12.0,0,0,250,38,212,131,0.524,38,1.0,38,1.0,93,0.4387,157,212,212,0
0.1,0.05,2,2,12.0,0,0,250,38,212,131,0.524,38,1.0,38,1.0,93,0.4387,157,212,212,0
0.1,0.1,2,2,12.0,0,0,250,38,212,131,0.524,38,1.0,38,1.0,93,0.4387,157,212,212,0
0.15,0.02,2,2,12.0,0,0,250,38,212,131,0.524,38,1.0,38,1.0,93,0.4387,157,212,212,0
0.15,0.05,2,2,12.0,0,0,250,38,212,131,0.524,38,1.0,38,1.0,93,0.4387,157,212,212,0
0.15,0.1,2,2,12.0,0,0,250,38,212,131,0.524,38,1.0,38,1.0,93,0.4387,157,212,212,0
0.2,0.02,3,2,48.0,0,0,250,38,212,131,0.524,38,1.0,38,1.0,93,0.4387,157,160,212,0
0.2,0.05,3,2,48.0,0,0,250,38,212,131,0.524,38,1.0,38,1.0,93,0.4387,157,160,212,0
0.2,0.2,2,0,12.0,0,0,250,38,212,131,0.524,38,1.0,38,1.0,93,0.4387,157,210,212,0
0.25,0.02,1,2,18.0,0,0,250,38,212,131,0.524,38,1.0,38,1.0,93,0.4387,157,211,212,0
0.25,0.02,2,2,48.0,0,0,250,38,212,131,0.524,38,1.0,38,1.0,93,0.4387,157,159,212,0
0.25,0.05,1,2,18.0,0,0,250,38,212,131,0.524,38,1.0,38,1.0,93,0.4387,157,211,212,0
0.25,0.05,2,2,48.0,0,0,250,38,212,131,0.524,38,1.0,38,1.0,93,0.4387,157,159,212,0
0.25,0.1,1,2,18.0,0,0,250,38,212,131,0.524,38,1.0,38,1.0,93,0.4387,157,211,212,0
0.25,0.15,1,2,18.0,0,0,250,38,212,131,0.524,38,1.0,38,1.0,93,0.4387,157,211,212,0
0.25,0.15,2,1,48.0,0,0,250,38,212,131,0.524,38,1.0,38,1.0,93,0.4387,157,159,212,0
0.25,0.2,1,2,24.0,0,0,250,38,212,131,0.524,38,1.0,38,1.0,93,0.4387,157,211,212,0
0.25,0.2,1,2,32.0,0,0,250,38,212,131,0.524,38,1.0,38,1.0,93,0.4387,157,211,212,0
0.25,0.25,1,1,24.0,0,0,250,38,212,131,0.524,38,1.0,38,1.0,93,0.4387,157,210,212,0
0.25,0.25,1,1,32.0,0,0,250,38,212,131,0.524,38,1.0,38,1.0,93,0.4387,157,210,212,0
0.25,0.25,1,2,48.0,0,0,250,38,212,131,0.524,38,1.0,38,1.0,93,0.4387,157,158,212,0
0.15,0.02,3,1,32.0,0,0,250,38,212,130,0.52,38,1.0,38,1.0,92,0.434,158,212,212,0
0.15,0.05,3,1,32.0,0,0,250,38,212,130,0.52,38,1.0,38,1.0,92,0.434,158,212,212,0
0.15,0.1,3,1,32.0,0,0,250,38,212,130,0.52,38,1.0,38,1.0,92,0.434,158,212,212,0
0.15,0.15,3,1,32.0,0,0,250,38,212,130,0.52,38,1.0,38,1.0,92,0.434,158,212,212,0
0.2,0.02,2,1,18.0,0,0,250,38,212,130,0.52,38,1.0,38,1.0,92,0.434,158,211,212,0
0.2,0.02,2,2,24.0,0,0,250,38,212,130,0.52,38,1.0,38,1.0,92,0.434,158,212,212,0
0.2,0.02,2,2,32.0,0,0,250,38,212,130,0.52,38,1.0,38,1.0,92,0.434,158,212,212,0
0.2,0.05,2,1,18.0,0,0,250,38,212,130,0.52,38,1.0,38,1.0,92,0.434,158,211,212,0
0.2,0.05,2,2,24.0,0,0,250,38,212,130,0.52,38,1.0,38,1.0,92,0.434,158,212,212,0
0.2,0.05,2,2,32.0,0,0,250,38,212,130,0.52,38,1.0,38,1.0,92,0.434,158,212,212,0
0.2,0.1,2,1,18.0,0,0,250,38,212,130,0.52,38,1.0,38,1.0,92,0.434,158,211,212,0
0.2,0.1,2,2,24.0,0,0,250,38,212,130,0.52,38,1.0,38,1.0,92,0.434,158,212,212,0
0.2,0.1,2,2,32.0,0,0,250,38,212,130,0.52,38,1.0,38,1.0,92,0.434,158,212,212,0
0.2,0.15,2,1,18.0,0,0,250,38,212,130,0.52,38,1.0,38,1.0,92,0.434,158,211,212,0
0.2,0.15,2,2,24.0,0,0,250,38,212,130,0.52,38,1.0,38,1.0,92,0.434,158,212,212,0
0.2,0.15,2,2,32.0,0,0,250,38,212,130,0.52,38,1.0,38,1.0,92,0.434,158,212,212,0
0.2,0.2,3,0,48.0,0,0,250,38,212,130,0.52,38,1.0,38,1.0,92,0.434,158,160,212,0
0.25,0.02,1,1,12.0,0,0,250,38,212,130,0.52,38,1.0,38,1.0,92,0.434,158,210,212,0
0.25,0.05,1,1,12.0,0,0,250,38,212,130,0.52,38,1.0,38,1.0,92,0.434,158,210,212,0
0.25,0.1,1,1,12.0,0,0,250,38,212,130,0.52,38,1.0,38,1.0,92,0.434,158,210,212,0
0.25,0.15,1,1,12.0,0,0,250,38,212,130,0.52,38,1.0,38,1.0,92,0.434,158,210,212,0
0.25,0.15,2,0,48.0,0,0,250,38,212,130,0.52,38,1.0,38,1.0,92,0.434,158,159,212,0
0.05,0.02,3,1,18.0,0,0,250,38,212,129,0.516,38,1.0,38,1.0,91,0.4292,159,212,212,0
0.05,0.05,3,1,18.0,0,0,250,38,212,129,0.516,38,1.0,38,1.0,91,0.4292,159,212,212,0
0.1,0.02,3,1,18.0,0,0,250,38,212,129,0.516,38,1.0,38,1.0,91,0.4292,159,212,212,0
0.1,0.05,3,1,18.0,0,0,250,38,212,129,0.516,38,1.0,38,1.0,91,0.4292,159,212,212,0
0.1,0.1,3,1,18.0,0,0,250,38,212,129,0.516,38,1.0,38,1.0,91,0.4292,159,212,212,0
0.15,0.02,3,0,24.0,0,0,250,38,212,129,0.516,38,1.0,38,1.0,91,0.4292,159,211,212,0
0.15,0.02,3,0,32.0,0,0,250,38,212,129,0.516,38,1.0,38,1.0,91,0.4292,159,211,212,0
0.15,0.02,3,1,24.0,0,0,250,38,212,129,0.516,38,1.0,38,1.0,91,0.4292,159,212,212,0
0.15,0.05,3,0,24.0,0,0,250,38,212,129,0.516,38,1.0,38,1.0,91,0.4292,159,211,212,0
0.15,0.05,3,0,32.0,0,0,250,38,212,129,0.516,38,1.0,38,1.0,91,0.4292,159,211,212,0
0.15,0.05,3,1,24.0,0,0,250,38,212,129,0.516,38,1.0,38,1.0,91,0.4292,159,212,212,0
0.15,0.1,3,0,24.0,0,0,250,38,212,129,0.516,38,1.0,38,1.0,91,0.4292,159,211,212,0
0.15,0.1,3,0,32.0,0,0,250,38,212,129,0.516,38,1.0,38,1.0,91,0.4292,159,211,212,0
0.15,0.1,3,1,24.0,0,0,250,38,212,129,0.516,38,1.0,38,1.0,91,0.4292,159,212,212,0
0.15,0.15,3,0,24.0,0,0,250,38,212,129,0.516,38,1.0,38,1.0,91,0.4292,159,211,212,0
0.15,0.15,3,0,32.0,0,0,250,38,212,129,0.516,38,1.0,38,1.0,91,0.4292,159,211,212,0
0.15,0.15,3,1,24.0,0,0,250,38,212,129,0.516,38,1.0,38,1.0,91,0.4292,159,212,212,0
0.2,0.02,2,0,12.0,0,0,250,38,212,129,0.516,38,1.0,38,1.0,91,0.4292,159,210,212,0
0.2,0.05,2,0,12.0,0,0,250,38,212,129,0.516,38,1.0,38,1.0,91,0.4292,159,210,212,0
0.2,0.1,2,0,12.0,0,0,250,38,212,129,0.516,38,1.0,38,1.0,91,0.4292,159,210,212,0
0.2,0.15,2,0,12.0,0,0,250,38,212,129,0.516,38,1.0,38,1.0,91,0.4292,159,210,212,0
0.2,0.2,1,2,12.0,0,0,250,38,212,129,0.516,38,1.0,38,1.0,91,0.4292,159,211,212,0
0.2,0.2,3,1,48.0,0,0,250,38,212,129,0.516,38,1.0,38,1.0,91,0.4292,159,160,212,0
0.25,0.1,2,1,48.0,0,0,250,38,212,129,0.516,38,1.0,38,1.0,91,0.4292,159,159,212,0
0.25,0.2,1,1,18.0,0,0,250,38,212,129,0.516,38,1.0,38,1.0,91,0.4292,159,210,212,0
0.25,0.25,1,0,12.0,0,0,250,38,212,129,0.516,38,1.0,38,1.0,91,0.4292,159,209,212,0
0.25,0.25,1,1,48.0,0,0,250,38,212,129,0.516,38,1.0,38,1.0,91,0.4292,159,158,212,0
0.05,0.02,3,2,24.0,0,0,250,38,212,129,0.516,37,0.9737,37,0.9737,92,0.434,157,213,213,1
0.05,0.02,3,2,32.0,0,0,250,38,212,129,0.516,37,0.9737,37,0.9737,92,0.434,157,213,213,1
0.05,0.05,3,2,24.0,0,0,250,38,212,129,0.516,37,0.9737,37,0.9737,92,0.434,157,213,213,1
0.05,0.05,3,2,32.0,0,0,250,38,212,129,0.516,37,0.9737,37,0.9737,92,0.434,157,213,213,1
0.1,0.02,3,2,24.0,0,0,250,38,212,129,0.516,37,0.9737,37,0.9737,92,0.434,157,213,213,1
0.1,0.02,3,2,32.0,0,0,250,38,212,129,0.516,37,0.9737,37,0.9737,92,0.434,157,213,213,1
0.1,0.05,3,2,24.0,0,0,250,38,212,129,0.516,37,0.9737,37,0.9737,92,0.434,157,213,213,1
0.1,0.05,3,2,32.0,0,0,250,38,212,129,0.516,37,0.9737,37,0.9737,92,0.434,157,213,213,1
0.1,0.1,3,2,24.0,0,0,250,38,212,129,0.516,37,0.9737,37,0.9737,92,0.434,157,213,213,1
0.1,0.1,3,2,32.0,0,0,250,38,212,129,0.516,37,0.9737,37,0.9737,92,0.434,157,213,213,1
0.05,0.02,3,0,18.0,0,0,250,38,212,128,0.512,38,1.0,38,1.0,90,0.4245,160,211,212,0
0.05,0.05,3,0,18.0,0,0,250,38,212,128,0.512,38,1.0,38,1.0,90,0.4245,160,211,212,0
0.1,0.02,3,0,18.0,0,0,250,38,212,128,0.512,38,1.0,38,1.0,90,0.4245,160,211,212,0
0.1,0.05,3,0,18.0,0,0,250,38,212,128,0.512,38,1.0,38,1.0,90,0.4245,160,211,212,0
0.1,0.1,3,0,18.0,0,0,250,38,212,128,0.512,38,1.0,38,1.0,90,0.4245,160,211,212,0
0.2,0.15,3,0,48.0,0,0,250,38,212,128,0.512,38,1.0,38,1.0,90,0.4245,160,160,212,0
0.2,0.2,2,0,18.0,0,0,250,38,212,128,0.512,38,1.0,38,1.0,90,0.4245,160,210,212,0
0.2,0.2,2,1,24.0,0,0,250,38,212,128,0.512,38,1.0,38,1.0,90,0.4245,160,211,212,0
0.2,0.2,2,1,32.0,0,0,250,38,212,128,0.512,38,1.0,38,1.0,90,0.4245,160,211,212,0
0.25,0.02,1,2,24.0,0,0,250,38,212,128,0.512,38,1.0,38,1.0,90,0.4245,160,211,212,0
0.25,0.02,1,2,32.0,0,0,250,38,212,128,0.512,38,1.0,38,1.0,90,0.4245,160,211,212,0
0.25,0.02,2,0,48.0,0,0,250,38,212,128,0.512,38,1.0,38,1.0,90,0.4245,160,159,212,0
0.25,0.02,2,1,48.0,0,0,250,38,212,128,0.512,38,1.0,38,1.0,90,0.4245,160,159,212,0
0.25,0.05,1,2,24.0,0,0,250,38,212,128,0.512,38,1.0,38,1.0,90,0.4245,160,211,212,0
0.25,0.05,1,2,32.0,0,0,250,38,212,128,0.512,38,1.0,38,1.0,90,0.4245,160,211,212,0
0.25,0.05,2,0,48.0,0,0,250,38,212,128,0.512,38,1.0,38,1.0,90,0.4245,160,159,212,0
0.25,0.05,2,1,48.0,0,0,250,38,212,128,0.512,38,1.0,38,1.0,90,0.4245,160,159,212,0
0.25,0.1,1,2,24.0,0,0,250,38,212,128,0.512,38,1.0,38,1.0,90,0.4245,160,211,212,0
0.25,0.1,1,2,32.0,0,0,250,38,212,128,0.512,38,1.0,38,1.0,90,0.4245,160,211,212,0
0.25,0.1,2,0,48.0,0,0,250,38,212,128,0.512,38,1.0,38,1.0,90,0.4245,160,159,212,0
0.25,0.15,1,2,24.0,0,0,250,38,212,128,0.512,38,1.0,38,1.0,90,0.4245,160,211,212,0
0.25,0.15,1,2,32.0,0,0,250,38,212,128,0.512,38,1.0,38,1.0,90,0.4245,160,211,212,0
0.15,0.15,2,1,12.0,0,0,250,38,212,127,0.508,38,1.0,38,1.0,89,0.4198,161,211,212,0
0.15,0.15,2,2,18.0,0,0,250,38,212,127,0.508,38,1.0,38,1.0,89,0.4198,161,212,212,0
0.2,0.15,3,1,48.0,0,0,250,38,212,127,0.508,38,1.0,38,1.0,89,0.4198,161,160,212,0
0.25,0.02,1,1,18.0,0,0,250,38,212,127,0.508,38,1.0,38,1.0,89,0.4198,161,210,212,0
0.25,0.05,1,1,18.0,0,0,250,38,212,127,0.508,38,1.0,38,1.0,89,0.4198,161,210,212,0
0.25,0.1,1,1,18.0,0,0,250,38,212,127,0.508,38,1.0,38,1.0,89,0.4198,161,210,212,0
0.25,0.15,1,1,18.0,0,0,250,38,212,127,0.508,38,1.0,38,1.0,89,0.4198,161,210,212,0
0.25,0.2,1,1,24.0,0,0,250,38,212,127,0.508,38,1.0,38,1.0,89,0.4198,161,210,212,0
0.25,0.2,1,1,32.0,0,0,250,38,212,127,0.508,38,1.0,38,1.0,89,0.4198,161,210,212,0
0.25,0.25,1,0,18.0,0,0,250,38,212,127,0.508,38,1.0,38,1.0,89,0.4198,161,209,212,0
0.05,0.02,2,2,18.0,0,0,250,38,212,126,0.504,38,1.0,38,1.0,88,0.4151,162,212,212,0
0.05,0.05,2,2,18.0,0,0,250,38,212,126,0.504,38,1.0,38,1.0,88,0.4151,162,212,212,0
0.1,0.02,2,2,18.0,0,0,250,38,212,126,0.504,38,1.0,38,1.0,88,0.4151,162,212,212,0
0.1,0.05,2,2,18.0,0,0,250,38,212,126,0.504,38,1.0,38,1.0,88,0.4151,162,212,212,0
0.1,0.1,2,2,18.0,0,0,250,38,212,126,0.504,38,1.0,38,1.0,88,0.4151,162,212,212,0
0.15,0.02,2,1,12.0,0,0,250,38,212,126,0.504,38,1.0,38,1.0,88,0.4151,162,211,212,0
0.15,0.02,2,2,18.0,0,0,250,38,212,126,0.504,38,1.0,38,1.0,88,0.4151,162,212,212,0
0.15,0.05,2,1,12.0,0,0,250,38,212,126,0.504,38,1.0,38,1.0,88,0.4151,162,211,212,0
0.15,0.05,2,2,18.0,0,0,250,38,212,126,0.504,38,1.0,38,1.0,88,0.4151,162,212,212,0
0.15,0.1,2,1,12.0,0,0,250,38,212,126,0.504,38,1.0,38,1.0,88,0.4151,162,211,212,0
0.15,0.1,2,2,18.0,0,0,250,38,212,126,0.504,38,1.0,38,1.0,88,0.4151,162,212,212,0
0.2,0.02,1,2,12.0,0,0,250,38,212,126,0.504,38,1.0,38,1.0,88,0.4151,162,211,212,0
0.2,0.02,2,0,18.0,0,0,250,38,212,126,0.504,38,1.0,38,1.0,88,0.4151,162,210,212,0
0.2,0.02,2,1,24.0,0,0,250,38,212,126,0.504,38,1.0,38,1.0,88,0.4151,162,211,212,0
0.2,0.02,2,1,32.0,0,0,250,38,212,126,0.504,38,1.0,38,1.0,88,0.4151,162,211,212,0
0.2,0.02,3,0,48.0,0,0,250,38,212,126,0.504,38,1.0,38,1.0,88,0.4151,162,160,212,0
0.2,0.05,1,2,12.0,0,0,250,38,212,126,0.504,38,1.0,38,1.0,88,0.4151,162,211,212,0
0.2,0.05,2,0,18.0,0,0,250,38,212,126,0.504,38,1.0,38,1.0,88,0.4151,162,210,212,0
0.2,0.05,2,1,24.0,0,0,250,38,212,126,0.504,38,1.0,38,1.0,88,0.4151,162,211,212,0
0.2,0.05,2,1,32.0,0,0,250,38,212,126,0.504,38,1.0,38,1.0,88,0.4151,162,211,212,0
0.2,0.05,3,0,48.0,0,0,250,38,212,126,0.504,38,1.0,38,1.0,88,0.4151,162,160,212,0
0.2,0.1,1,2,12.0,0,0,250,38,212,126,0.504,38,1.0,38,1.0,88,0.4151,162,211,212,0
0.2,0.1,2,0,18.0,0,0,250,38,212,126,0.504,38,1.0,38,1.0,88,0.4151,162,210,212,0
0.2,0.1,2,1,24.0,0,0,250,38,212,126,0.504,38,1.0,38,1.0,88,0.4151,162,211,212,0
0.2,0.1,2,1,32.0,0,0,250,38,212,126,0.504,38,1.0,38,1.0,88,0.4151,162,211,212,0
0.2,0.1,3,0,48.0,0,0,250,38,212,126,0.504,38,1.0,38,1.0,88,0.4151,162,160,212,0
0.2,0.15,1,2,12.0,0,0,250,38,212,126,0.504,38,1.0,38,1.0,88,0.4151,162,211,212,0
0.2,0.15,2,0,18.0,0,0,250,38,212,126,0.504,38,1.0,38,1.0,88,0.4151,162,210,212,0
0.2,0.15,2,1,24.0,0,0,250,38,212,126,0.504,38,1.0,38,1.0,88,0.4151,162,211,212,0
0.2,0.15,2,1,32.0,0,0,250,38,212,126,0.504,38,1.0,38,1.0,88,0.4151,162,211,212,0
0.25,0.2,1,2,48.0,0,0,250,38,212,126,0.504,38,1.0,38,1.0,88,0.4151,162,158,212,0
0.25,0.25,1,0,24.0,0,0,250,38,212,126,0.504,38,1.0,38,1.0,88,0.4151,162,209,212,0
0.25,0.25,1,0,32.0,0,0,250,38,212,126,0.504,38,1.0,38,1.0,88,0.4151,162,209,212,0
0.05,0.02,3,1,32.0,0,0,250,38,212,125,0.5,38,1.0,38,1.0,87,0.4104,163,212,212,0
0.05,0.05,3,1,32.0,0,0,250,38,212,125,0.5,38,1.0,38,1.0,87,0.4104,163,212,212,0
0.1,0.02,3,1,32.0,0,0,250,38,212,125,0.5,38,1.0,38,1.0,87,0.4104,163,212,212,0
0.1,0.05,3,1,32.0,0,0,250,38,212,125,0.5,38,1.0,38,1.0,87,0.4104,163,212,212,0
0.1,0.1,3,1,32.0,0,0,250,38,212,125,0.5,38,1.0,38,1.0,87,0.4104,163,212,212,0
0.15,0.15,3,2,48.0,0,0,250,38,212,125,0.5,38,1.0,38,1.0,87,0.4104,163,158,212,0
0.2,0.1,3,1,48.0,0,0,250,38,212,125,0.5,38,1.0,38,1.0,87,0.4104,163,160,212,0
0.25,0.02,1,1,24.0,0,0,250,38,212,125,0.5,38,1.0,38,1.0,87,0.4104,163,210,212,0
0.25,0.02,1,1,32.0,0,0,250,38,212,125,0.5,38,1.0,38,1.0,87,0.4104,163,210,212,0
0.25,0.05,1,1,24.0,0,0,250,38,212,125,0.5,38,1.0,38,1.0,87,0.4104,163,210,212,0
0.25,0.05,1,1,32.0,0,0,250,38,212,125,0.5,38,1.0,38,1.0,87,0.4104,163,210,212,0
0.25,0.1,1,1,24.0,0,0,250,38,212,125,0.5,38,1.0,38,1.0,87,0.4104,163,210,212,0
0.25,0.1,1,1,32.0,0,0,250,38,212,125,0.5,38,1.0,38,1.0,87,0.4104,163,210,212,0
0.25,0.15,1,1,24.0,0,0,250,38,212,125,0.5,38,1.0,38,1.0,87,0.4104,163,210,212,0
0.25,0.15,1,1,32.0,0,0,250,38,212,125,0.5,38,1.0,38,1.0,87,0.4104,163,210,212,0
0.25,0.25,1,0,48.0,0,0,250,38,212,125,0.5,38,1.0,38,1.0,87,0.4104,163,158,212,0
0.05,0.02,3,1,24.0,0,0,250,38,212,124,0.496,38,1.0,38,1.0,86,0.4057,164,212,212,0
0.05,0.05,3,1,24.0,0,0,250,38,212,124,0.496,38,1.0,38,1.0,86,0.4057,164,212,212,0
0.1,0.02,3,1,24.0,0,0,250,38,212,124,0.496,38,1.0,38,1.0,86,0.4057,164,212,212,0
0.1,0.05,3,1,24.0,0,0,250,38,212,124,0.496,38,1.0,38,1.0,86,0.4057,164,212,212,0
0.1,0.1,3,1,24.0,0,0,250,38,212,124,0.496,38,1.0,38,1.0,86,0.4057,164,212,212,0
0.2,0.02,3,1,48.0,0,0,250,38,212,124,0.496,38,1.0,38,1.0,86,0.4057,164,160,212,0
0.2,0.05,3,1,48.0,0,0,250,38,212,124,0.496,38,1.0,38,1.0,86,0.4057,164,160,212,0
0.2,0.2,1,2,18.0,0,0,250,38,212,124,0.496,38,1.0,38,1.0,86,0.4057,164,211,212,0
0.2,0.2,2,0,24.0,0,0,250,38,212,124,0.496,38,1.0,38,1.0,86,0.4057,164,210,212,0
0.2,0.2,2,0,32.0,0,0,250,38,212,124,0.496,38,1.0,38,1.0,86,0.4057,164,210,212,0
0.25,0.2,1,0,12.0,0,0,250,38,212,124,0.496,38,1.0,38,1.0,86,0.4057,164,209,212,0
0.15,0.1,3,2,48.0,0,0,250,38,212,123,0.492,38,1.0,38,1.0,85,0.4009,165,158,212,0
0.2,0.15,2,2,48.0,0,0,250,38,212,123,0.492,38,1.0,38,1.0,85,0.4009,165,159,212,0
0.2,0.2,2,2,48.0,0,0,250,38,212,123,0.492,38,1.0,38,1.0,85,0.4009,165,159,212,0
0.25,0.15,1,2,48.0,0,0,250,38,212,123,0.492,38,1.0,38,1.0,85,0.4009,165,158,212,0
0.05,0.02,3,0,24.0,0,0,250,38,212,122,0.488,38,1.0,38,1.0,84,0.3962,166,211,212,0
0.05,0.02,3,0,32.0,0,0,250,38,212,122,0.488,38,1.0,38,1.0,84,0.3962,166,211,212,0
0.05,0.05,3,0,24.0,0,0,250,38,212,122,0.488,38,1.0,38,1.0,84,0.3962,166,211,212,0
0.05,0.05,3,0,32.0,0,0,250,38,212,122,0.488,38,1.0,38,1.0,84,0.3962,166,211,212,0
0.1,0.02,3,0,24.0,0,0,250,38,212,122,0.488,38,1.0,38,1.0,84,0.3962,166,211,212,0
0.1,0.02,3,0,32.0,0,0,250,38,212,122,0.488,38,1.0,38,1.0,84,0.3962,166,211,212,0
0.1,0.05,3,0,24.0,0,0,250,38,212,122,0.488,38,1.0,38,1.0,84,0.3962,166,211,212,0
0.1,0.05,3,0,32.0,0,0,250,38,212,122,0.488,38,1.0,38,1.0,84,0.3962,166,211,212,0
0.1,0.1,3,0,24.0,0,0,250,38,212,122,0.488,38,1.0,38,1.0,84,0.3962,166,211,212,0
0.1,0.1,3,0,32.0,0,0,250,38,212,122,0.488,38,1.0,38,1.0,84,0.3962,166,211,212,0
0.15,0.02,3,2,48.0,0,0,250,38,212,122,0.488,38,1.0,38,1.0,84,0.3962,166,158,212,0
0.15,0.05,3,2,48.0,0,0,250,38,212,122,0.488,38,1.0,38,1.0,84,0.3962,166,158,212,0
0.15,0.15,2,2,24.0,0,0,250,38,212,122,0.488,38,1.0,38,1.0,84,0.3962,166,212,212,0
0.15,0.15,2,2,32.0,0,0,250,38,212,122,0.488,38,1.0,38,1.0,84,0.3962,166,212,212,0
0.15,0.15,3,1,48.0,0,0,250,38,212,122,0.488,38,1.0,38,1.0,84,0.3962,166,158,212,0
0.2,0.02,2,0,24.0,0,0,250,38,212,122,0.488,38,1.0,38,1.0,84,0.3962,166,210,212,0
0.2,0.02,2,0,32.0,0,0,250,38,212,122,0.488,38,1.0,38,1.0,84,0.3962,166,210,212,0
0.2,0.05,2,0,24.0,0,0,250,38,212,122,0.488,38,1.0,38,1.0,84,0.3962,166,210,212,0
0.2,0.05,2,0,32.0,0,0,250,38,212,122,0.488,38,1.0,38,1.0,84,0.3962,166,210,212,0
0.2,0.1,2,0,24.0,0,0,250,38,212,122,0.488,38,1.0,38,1.0,84,0.3962,166,210,212,0
0.2,0.1,2,0,32.0,0,0,250,38,212,122,0.488,38,1.0,38,1.0,84,0.3962,166,210,212,0
0.2,0.15,2,0,24.0,0,0,250,38,212,122,0.488,38,1.0,38,1.0,84,0.3962,166,210,212,0
0.2,0.15,2,0,32.0,0,0,250,38,212,122,0.488,38,1.0,38,1.0,84,0.3962,166,210,212,0
0.25,0.02,1,0,12.0,0,0,250,38,212,122,0.488,38,1.0,38,1.0,84,0.3962,166,209,212,0
0.25,0.05,1,0,12.0,0,0,250,38,212,122,0.488,38,1.0,38,1.0,84,0.3962,166,209,212,0
0.25,0.1,1,0,12.0,0,0,250,38,212,122,0.488,38,1.0,38,1.0,84,0.3962,166,209,212,0
0.25,0.15,1,0,12.0,0,0,250,38,212,122,0.488,38,1.0,38,1.0,84,0.3962,166,209,212,0
0.25,0.2,1,0,18.0,0,0,250,38,212,122,0.488,38,1.0,38,1.0,84,0.3962,166,209,212,0
0.25,0.2,1,1,48.0,0,0,250,38,212,122,0.488,38,1.0,38,1.0,84,0.3962,166,158,212,0
0.05,0.02,2,1,12.0,0,0,250,38,212,121,0.484,38,1.0,38,1.0,83,0.3915,167,211,212,0
0.05,0.02,2,2,24.0,0,0,250,38,212,121,0.484,38,1.0,38,1.0,83,0.3915,167,212,212,0
0.05,0.02,2,2,32.0,0,0,250,38,212,121,0.484,38,1.0,38,1.0,83,0.3915,167,212,212,0
0.05,0.05,2,1,12.0,0,0,250,38,212,121,0.484,38,1.0,38,1.0,83,0.3915,167,211,212,0
0.05,0.05,2,2,24.0,0,0,250,38,212,121,0.484,38,1.0,38,1.0,83,0.3915,167,212,212,0
0.05,0.05,2,2,32.0,0,0,250,38,212,121,0.484,38,1.0,38,1.0,83,0.3915,167,212,212,0
0.1,0.02,2,1,12.0,0,0,250,38,212,121,0.484,38,1.0,38,1.0,83,0.3915,167,211,212,0
0.1,0.02,2,2,24.0,0,0,250,38,212,121,0.484,38,1.0,38,1.0,83,0.3915,167,212,212,0
0.1,0.02,2,2,32.0,0,0,250,38,212,121,0.484,38,1.0,38,1.0,83,0.3915,167,212,212,0
0.1,0.05,2,1,12.0,0,0,250,38,212,121,0.484,38,1.0,38,1.0,83,0.3915,167,211,212,0
0.1,0.05,2,2,24.0,0,0,250,38,212,121,0.484,38,1.0,38,1.0,83,0.3915,167,212,212,0
0.1,0.05,2,2,32.0,0,0,250,38,212,121,0.484,38,1.0,38,1.0,83,0.3915,167,212,212,0
0.1,0.1,2,1,12.0,0,0,250,38,212,121,0.484,38,1.0,38,1.0,83,0.3915,167,211,212,0
0.1,0.1,2,2,24.0,0,0,250,38,212,121,0.484,38,1.0,38,1.0,83,0.3915,167,212,212,0
0.1,0.1,2,2,32.0,0,0,250,38,212,121,0.484,38,1.0,38,1.0,83,0.3915,167,212,212,0
0.15,0.02,2,2,24.0,0,0,250,38,212,121,0.484,38,1.0,38,1.0,83,0.3915,167,212,212,0
0.15,0.02,2,2,32.0,0,0,250,38,212,121,0.484,38,1.0,38,1.0,83,0.3915,167,212,212,0
0.15,0.05,2,2,24.0,0,0,250,38,212,121,0.484,38,1.0,38,1.0,83,0.3915,167,212,212,0
0.15,0.05,2,2,32.0,0,0,250,38,212,121,0.484,38,1.0,38,1.0,83,0.3915,167,212,212,0
0.15,0.1,2,2,24.0,0,0,250,38,212,121,0.484,38,1.0,38,1.0,83,0.3915,167,212,212,0
0.15,0.1,2,2,32.0,0,0,250,38,212,121,0.484,38,1.0,38,1.0,83,0.3915,167,212,212,0
0.15,0.15,2,1,18.0,0,0,250,38,212,121,0.484,38,1.0,38,1.0,83,0.3915,167,211,212,0
0.15,0.15,3,0,48.0,0,0,250,38,212,121,0.484,38,1.0,38,1.0,83,0.3915,167,158,212,0
0.2,0.1,2,2,48.0,0,0,250,38,212,121,0.484,38,1.0,38,1.0,83,0.3915,167,159,212,0
0.2,0.2,1,1,12.0,0,0,250,38,212,121,0.484,38,1.0,38,1.0,83,0.3915,167,210,212,0
0.25,0.1,1,2,48.0,0,0,250,38,212,121,0.484,38,1.0,38,1.0,83,0.3915,167,158,212,0
0.25,0.2,1,0,24.0,0,0,250,38,212,121,0.484,38,1.0,38,1.0,83,0.3915,167,209,212,0
0.25,0.2,1,0,32.0,0,0,250,38,212,121,0.484,38,1.0,38,1.0,83,0.3915,167,209,212,0
0.1,0.1,3,2,48.0,0,0,250,38,212,120,0.48,38,1.0,38,1.0,82,0.3868,168,160,212,0
0.15,0.02,2,1,18.0,0,0,250,38,212,120,0.48,38,1.0,38,1.0,82,0.3868,168,211,212,0
0.15,0.05,2,1,18.0,0,0,250,38,212,120,0.48,38,1.0,38,1.0,82,0.3868,168,211,212,0
0.15,0.1,2,1,18.0,0,0,250,38,212,120,0.48,38,1.0,38,1.0,82,0.3868,168,211,212,0
0.15,0.1,3,1,48.0,0,0,250,38,212,120,0.48,38,1.0,38,1.0,82,0.3868,168,158,212,0
0.15,0.15,1,2,12.0,0,0,250,38,212,120,0.48,38,1.0,38,1.0,82,0.3868,168,211,212,0
0.15,0.15,2,0,12.0,0,0,250,38,212,120,0.48,38,1.0,38,1.0,82,0.3868,168,210,212,0
0.2,0.02,1,2,18.0,0,0,250,38,212,120,0.48,38,1.0,38,1.0,82,0.3868,168,211,212,0
0.2,0.02,2,2,48.0,0,0,250,38,212,120,0.48,38,1.0,38,1.0,82,0.3868,168,159,212,0
0.2,0.05,1,2,18.0,0,0,250,38,212,120,0.48,38,1.0,38,1.0,82,0.3868,168,211,212,0
0.2,0.05,2,2,48.0,0,0,250,38,212,120,0.48,38,1.0,38,1.0,82,0.3868,168,159,212,0
0.2,0.1,1,2,18.0,0,0,250,38,212,120,0.48,38,1.0,38,1.0,82,0.3868,168,211,212,0
0.2,0.15,1,2,18.0,0,0,250,38,212,120,0.48,38,1.0,38,1.0,82,0.3868,168,211,212,0
0.2,0.2,1,2,24.0,0,0,250,38,212,120,0.48,38,1.0,38,1.0,82,0.3868,168,211,212,0
0.2,0.2,1,2,32.0,0,0,250,38,212,120,0.48,38,1.0,38,1.0,82,0.3868,168,211,212,0
0.25,0.02,1,0,18.0,0,0,250,38,212,120,0.48,38,1.0,38,1.0,82,0.3868,168,209,212,0
0.25,0.02,1,2,48.0,0,0,250,38,212,120,0.48,38,1.0,38,1.0,82,0.3868,168,158,212,0
0.25,0.05,1,0,18.0,0,0,250,38,212,120,0.48,38,1.0,38,1.0,82,0.3868,168,209,212,0
0.25,0.05,1,2,48.0,0,0,250,38,212,120,0.48,38,1.0,38,1.0,82,0.3868,168,158,212,0
0.25,0.1,1,0,18.0,0,0,250,38,212,120,0.48,38,1.0,38,1.0,82,0.3868,168,209,212,0
0.25,0.15,1,0,18.0,0,0,250,38,212,120,0.48,38,1.0,38,1.0,82,0.3868,168,209,212,0
0.25,0.15,1,1,48.0,0,0,250,38,212,120,0.48,38,1.0,38,1.0,82,0.3868,168,158,212,0
0.05,0.02,3,2,48.0,0,0,250,38,212,119,0.476,38,1.0,38,1.0,81,0.3821,169,160,212,0
0.05,0.05,3,2,48.0,0,0,250,38,212,119,0.476,38,1.0,38,1.0,81,0.3821,169,160,212,0
0.1,0.02,3,2,48.0,0,0,250,38,212,119,0.476,38,1.0,38,1.0,81,0.3821,169,160,212,0
0.1,0.05,3,2,48.0,0,0,250,38,212,119,0.476,38,1.0,38,1.0,81,0.3821,169,160,212,0
0.15,0.02,1,2,12.0,0,0,250,38,212,119,0.476,38,1.0,38,1.0,81,0.3821,169,211,212,0
0.15,0.02,2,0,12.0,0,0,250,38,212,119,0.476,38,1.0,38,1.0,81,0.3821,169,210,212,0
0.15,0.02,3,0,48.0,0,0,250,38,212,119,0.476,38,1.0,38,1.0,81,0.3821,169,158,212,0
0.15,0.02,3,1,48.0,0,0,250,38,212,119,0.476,38,1.0,38,1.0,81,0.3821,169,158,212,0
0.15,0.05,1,2,12.0,0,0,250,38,212,119,0.476,38,1.0,38,1.0,81,0.3821,169,211,212,0
0.15,0.05,2,0,12.0,0,0,250,38,212,119,0.476,38,1.0,38,1.0,81,0.3821,169,210,212,0
0.15,0.05,3,0,48.0,0,0,250,38,212,119,0.476,38,1.0,38,1.0,81,0.3821,169,158,212,0
0.15,0.05,3,1,48.0,0,0,250,38,212,119,0.476,38,1.0,38,1.0,81,0.3821,169,158,212,0
0.15,0.1,1,2,12.0,0,0,250,38,212,119,0.476,38,1.0,38,1.0,81,0.3821,169,211,212,0
0.15,0.1,2,0,12.0,0,0,250,38,212,119,0.476,38,1.0,38,1.0,81,0.3821,169,210,212,0
0.15,0.1,3,0,48.0,0,0,250,38,212,119,0.476,38,1.0,38,1.0,81,0.3821,169,158,212,0
0.2,0.02,1,1,12.0,0,0,250,38,212,119,0.476,38,1.0,38,1.0,81,0.3821,169,210,212,0
0.2,0.05,1,1,12.0,0,0,250,38,212,119,0.476,38,1.0,38,1.0,81,0.3821,169,210,212,0
0.2,0.1,1,1,12.0,0,0,250,38,212,119,0.476,38,1.0,38,1.0,81,0.3821,169,210,212,0
0.2,0.15,1,1,12.0,0,0,250,38,212,119,0.476,38,1.0,38,1.0,81,0.3821,169,210,212,0
0.25,0.02,1,0,24.0,0,0,250,38,212,119,0.476,38,1.0,38,1.0,81,0.3821,169,209,212,0
0.25,0.02,1,0,32.0,0,0,250,38,212,119,0.476,38,1.0,38,1.0,81,0.3821,169,209,212,0
0.25,0.05,1,0,24.0,0,0,250,38,212,119,0.476,38,1.0,38,1.0,81,0.3821,169,209,212,0
0.25,0.05,1,0,32.0,0,0,250,38,212,119,0.476,38,1.0,38,1.0,81,0.3821,169,209,212,0
0.25,0.1,1,0,24.0,0,0,250,38,212,119,0.476,38,1.0,38,1.0,81,0.3821,169,209,212,0
0.25,0.1,1,0,32.0,0,0,250,38,212,119,0.476,38,1.0,38,1.0,81,0.3821,169,209,212,0
0.25,0.15,1,0,24.0,0,0,250,38,212,119,0.476,38,1.0,38,1.0,81,0.3821,169,209,212,0
0.25,0.15,1,0,32.0,0,0,250,38,212,119,0.476,38,1.0,38,1.0,81,0.3821,169,209,212,0
0.2,0.2,2,1,48.0,0,0,250,38,212,118,0.472,38,1.0,38,1.0,80,0.3774,170,159,212,0
0.25,0.1,1,1,48.0,0,0,250,38,212,118,0.472,38,1.0,38,1.0,80,0.3774,170,158,212,0
0.15,0.15,2,0,18.0,0,0,250,38,212,117,0.468,38,1.0,38,1.0,79,0.3726,171,210,212,0
0.15,0.15,2,1,24.0,0,0,250,38,212,117,0.468,38,1.0,38,1.0,79,0.3726,171,211,212,0
0.2,0.2,1,1,18.0,0,0,250,38,212,117,0.468,38,1.0,38,1.0,79,0.3726,171,210,212,0
0.2,0.2,2,0,48.0,0,0,250,38,212,117,0.468,38,1.0,38,1.0,79,0.3726,171,159,212,0
0.25,0.02,1,1,48.0,0,0,250,38,212,117,0.468,38,1.0,38,1.0,79,0.3726,171,158,212,0
0.25,0.05,1,1,48.0,0,0,250,38,212,117,0.468,38,1.0,38,1.0,79,0.3726,171,158,212,0
0.25,0.2,1,0,48.0,0,0,250,38,212,117,0.468,38,1.0,38,1.0,79,0.3726,171,158,212,0
0.15,0.02,2,0,18.0,0,0,250,38,212,116,0.464,38,1.0,38,1.0,78,0.3679,172,210,212,0
0.15,0.02,2,1,24.0,0,0,250,38,212,116,0.464,38,1.0,38,1.0,78,0.3679,172,211,212,0
0.15,0.05,2,0,18.0,0,0,250,38,212,116,0.464,38,1.0,38,1.0,78,0.3679,172,210,212,0
0.15,0.05,2,1,24.0,0,0,250,38,212,116,0.464,38,1.0,38,1.0,78,0.3679,172,211,212,0
0.15,0.1,2,0,18.0,0,0,250,38,212,116,0.464,38,1.0,38,1.0,78,0.3679,172,210,212,0
0.15,0.1,2,1,24.0,0,0,250,38,212,116,0.464,38,1.0,38,1.0,78,0.3679,172,211,212,0
0.15,0.15,2,1,32.0,0,0,250,38,212,116,0.464,38,1.0,38,1.0,78,0.3679,172,211,212,0
0.2,0.02,1,2,24.0,0,0,250,38,212,116,0.464,38,1.0,38,1.0,78,0.3679,172,211,212,0
0.2,0.02,1,2,32.0,0,0,250,38,212,116,0.464,38,1.0,38,1.0,78,0.3679,172,211,212,0
0.2,0.05,1,2,24.0,0,0,250,38,212,116,0.464,38,1.0,38,1.0,78,0.3679,172,211,212,0
0.2,0.05,1,2,32.0,0,0,250,38,212,116,0.464,38,1.0,38,1.0,78,0.3679,172,211,212,0
0.2,0.1,1,2,24.0,0,0,250,38,212,116,0.464,38,1.0,38,1.0,78,0.3679,172,211,212,0
0.2,0.1,1,2,32.0,0,0,250,38,212,116,0.464,38,1.0,38,1.0,78,0.3679,172,211,212,0
0.2,0.15,1,2,24.0,0,0,250,38,212,116,0.464,38,1.0,38,1.0,78,0.3679,172,211,212,0
0.2,0.15,1,2,32.0,0,0,250,38,212,116,0.464,38,1.0,38,1.0,78,0.3679,172,211,212,0
0.2,0.15,2,1,48.0,0,0,250,38,212,116,0.464,38,1.0,38,1.0,78,0.3679,172,159,212,0
0.05,0.02,2,1,18.0,0,0,250,38,212,115,0.46,38,1.0,38,1.0,77,0.3632,173,211,212,0
0.05,0.05,2,1,18.0,0,0,250,38,212,115,0.46,38,1.0,38,1.0,77,0.3632,173,211,212,0
0.1,0.02,2,1,18.0,0,0,250,38,212,115,0.46,38,1.0,38,1.0,77,0.3632,173,211,212,0
0.1,0.05,2,1,18.0,0,0,250,38,212,115,0.46,38,1.0,38,1.0,77,0.3632,173,211,212,0
0.1,0.1,2,1,18.0,0,0,250,38,212,115,0.46,38,1.0,38,1.0,77,0.3632,173,211,212,0
0.1,0.1,3,1,48.0,0,0,250,38,212,115,0.46,38,1.0,38,1.0,77,0.3632,173,159,212,0
0.15,0.02,2,1,32.0,0,0,250,38,212,115,0.46,38,1.0,38,1.0,77,0.3632,173,211,212,0
0.15,0.05,2,1,32.0,0,0,250,38,212,115,0.46,38,1.0,38,1.0,77,0.3632,173,211,212,0
0.15,0.1,2,1,32.0,0,0,250,38,212,115,0.46,38,1.0,38,1.0,77,0.3632,173,211,212,0
0.15,0.15,2,2,48.0,0,0,250,38,212,115,0.46,38,1.0,38,1.0,77,0.3632,173,157,212,0
0.2,0.02,1,1,18.0,0,0,250,38,212,115,0.46,38,1.0,38,1.0,77,0.3632,173,210,212,0
0.2,0.05,1,1,18.0,0,0,250,38,212,115,0.46,38,1.0,38,1.0,77,0.3632,173,210,212,0
0.2,0.1,1,1,18.0,0,0,250,38,212,115,0.46,38,1.0,38,1.0,77,0.3632,173,210,212,0
0.2,0.15,1,1,18.0,0,0,250,38,212,115,0.46,38,1.0,38,1.0,77,0.3632,173,210,212,0
0.2,0.15,2,0,48.0,0,0,250,38,212,115,0.46,38,1.0,38,1.0,77,0.3632,173,159,212,0
0.25,0.15,1,0,48.0,0,0,250,38,212,115,0.46,38,1.0,38,1.0,77,0.3632,173,158,212,0
0.05,0.02,3,1,48.0,0,0,250,38,212,114,0.456,38,1.0,38,1.0,76,0.3585,174,159,212,0
0.05,0.05,3,1,48.0,0,0,250,38,212,114,0.456,38,1.0,38,1.0,76,0.3585,174,159,212,0
0.1,0.02,1,2,12.0,0,0,250,38,212,114,0.456,38,1.0,38,1.0,76,0.3585,174,211,212,0
0.1,0.02,3,1,48.0,0,0,250,38,212,114,0.456,38,1.0,38,1.0,76,0.3585,174,159,212,0
0.1,0.05,1,2,12.0,0,0,250,38,212,114,0.456,38,1.0,38,1.0,76,0.3585,174,211,212,0
0.1,0.05,3,1,48.0,0,0,250,38,212,114,0.456,38,1.0,38,1.0,76,0.3585,174,159,212,0
0.1,0.1,1,2,12.0,0,0,250,38,212,114,0.456,38,1.0,38,1.0,76,0.3585,174,211,212,0
0.15,0.15,1,2,18.0,0,0,250,38,212,114,0.456,38,1.0,38,1.0,76,0.3585,174,211,212,0
0.2,0.1,2,1,48.0,0,0,250,38,212,114,0.456,38,1.0,38,1.0,76,0.3585,174,159,212,0
0.2,0.2,1,1,24.0,0,0,250,38,212,114,0.456,38,1.0,38,1.0,76,0.3585,174,210,212,0
0.2,0.2,1,1,32.0,0,0,250,38,212,114,0.456,38,1.0,38,1.0,76,0.3585,174,210,212,0
0.15,0.02,1,2,18.0,0,0,250,38,212,113,0.452,38,1.0,38,1.0,75,0.3538,175,211,212,0
0.15,0.05,1,2,18.0,0,0,250,38,212,113,0.452,38,1.0,38,1.0,75,0.3538,175,211,212,0
0.15,0.1,1,2,18.0,0,0,250,38,212,113,0.452,38,1.0,38,1.0,75,0.3538,175,211,212,0
0.15,0.15,2,0,24.0,0,0,250,38,212,113,0.452,38,1.0,38,1.0,75,0.3538,175,210,212,0
0.2,0.02,2,0,48.0,0,0,250,38,212,113,0.452,38,1.0,38,1.0,75,0.3538,175,159,212,0
0.2,0.02,2,1,48.0,0,0,250,38,212,113,0.452,38,1.0,38,1.0,75,0.3538,175,159,212,0
0.2,0.05,2,0,48.0,0,0,250,38,212,113,0.452,38,1.0,38,1.0,75,0.3538,175,159,212,0
0.2,0.05,2,1,48.0,0,0,250,38,212,113,0.452,38,1.0,38,1.0,75,0.3538,175,159,212,0
0.2,0.1,2,0,48.0,0,0,250,38,212,113,0.452,38,1.0,38,1.0,75,0.3538,175,159,212,0
0.25,0.02,1,0,48.0,0,0,250,38,212,113,0.452,38,1.0,38,1.0,75,0.3538,175,158,212,0
0.25,0.05,1,0,48.0,0,0,250,38,212,113,0.452,38,1.0,38,1.0,75,0.3538,175,158,212,0
0.25,0.1,1,0,48.0,0,0,250,38,212,113,0.452,38,1.0,38,1.0,75,0.3538,175,158,212,0
0.05,0.02,1,2,12.0,0,0,250,38,212,112,0.448,38,1.0,38,1.0,74,0.3491,176,211,212,0
0.05,0.05,1,2,12.0,0,0,250,38,212,112,0.448,38,1.0,38,1.0,74,0.3491,176,211,212,0
0.1,0.1,2,2,48.0,0,0,250,38,212,112,0.448,38,1.0,38,1.0,74,0.3491,176,159,212,0
0.15,0.02,2,0,24.0,0,0,250,38,212,112,0.448,38,1.0,38,1.0,74,0.3491,176,210,212,0
0.15,0.05,2,0,24.0,0,0,250,38,212,112,0.448,38,1.0,38,1.0,74,0.3491,176,210,212,0
0.15,0.1,2,0,24.0,0,0,250,38,212,112,0.448,38,1.0,38,1.0,74,0.3491,176,210,212,0
0.15,0.1,2,2,48.0,0,0,250,38,212,112,0.448,38,1.0,38,1.0,74,0.3491,176,157,212,0
0.15,0.15,2,0,32.0,0,0,250,38,212,112,0.448,38,1.0,38,1.0,74,0.3491,176,210,212,0
0.2,0.02,1,1,24.0,0,0,250,38,212,112,0.448,38,1.0,38,1.0,74,0.3491,176,210,212,0
0.2,0.02,1,1,32.0,0,0,250,38,212,112,0.448,38,1.0,38,1.0,74,0.3491,176,210,212,0
0.2,0.05,1,1,24.0,0,0,250,38,212,112,0.448,38,1.0,38,1.0,74,0.3491,176,210,212,0
0.2,0.05,1,1,32.0,0,0,250,38,212,112,0.448,38,1.0,38,1.0,74,0.3491,176,210,212,0
0.2,0.1,1,1,24.0,0,0,250,38,212,112,0.448,38,1.0,38,1.0,74,0.3491,176,210,212,0
0.2,0.1,1,1,32.0,0,0,250,38,212,112,0.448,38,1.0,38,1.0,74,0.3491,176,210,212,0
0.2,0.15,1,1,24.0,0,0,250,38,212,112,0.448,38,1.0,38,1.0,74,0.3491,176,210,212,0
0.2,0.15,1,1,32.0,0,0,250,38,212,112,0.448,38,1.0,38,1.0,74,0.3491,176,210,212,0
0.05,0.02,2,1,24.0,0,0,250,38,212,111,0.444,38,1.0,38,1.0,73,0.3443,177,211,212,0
0.05,0.02,2,2,48.0,0,0,250,38,212,111,0.444,38,1.0,38,1.0,73,0.3443,177,159,212,0
0.05,0.02,3,0,48.0,0,0,250,38,212,111,0.444,38,1.0,38,1.0,73,0.3443,177,158,212,0
0.05,0.05,2,1,24.0,0,0,250,38,212,111,0.444,38,1.0,38,1.0,73,0.3443,177,211,212,0
0.05,0.05,2,2,48.0,0,0,250,38,212,111,0.444,38,1.0,38,1.0,73,0.3443,177,159,212,0
0.05,0.05,3,0,48.0,0,0,250,38,212,111,0.444,38,1.0,38,1.0,73,0.3443,177,158,212,0
0.1,0.02,2,0,12.0,0,0,250,38,212,111,0.444,38,1.0,38,1.0,73,0.3443,177,210,212,0
0.1,0.02,2,1,24.0,0,0,250,38,212,111,0.444,38,1.0,38,1.0,73,0.3443,177,211,212,0
0.1,0.02,2,2,48.0,0,0,250,38,212,111,0.444,38,1.0,38,1.0,73,0.3443,177,159,212,0
0.1,0.02,3,0,48.0,0,0,250,38,212,111,0.444,38,1.0,38,1.0,73,0.3443,177,158,212,0
0.1,0.05,2,0,12.0,0,0,250,38,212,111,0.444,38,1.0,38,1.0,73,0.3443,177,210,212,0
0.1,0.05,2,1,24.0,0,0,250,38,212,111,0.444,38,1.0,38,1.0,73,0.3443,177,211,212,0
0.1,0.05,2,2,48.0,0,0,250,38,212,111,0.444,38,1.0,38,1.0,73,0.3443,177,159,212,0
0.1,0.05,3,0,48.0,0,0,250,38,212,111,0.444,38,1.0,38,1.0,73,0.3443,177,158,212,0
0.1,0.1,2,0,12.0,0,0,250,38,212,111,0.444,38,1.0,38,1.0,73,0.3443,177,210,212,0
0.1,0.1,2,1,24.0,0,0,250,38,212,111,0.444,38,1.0,38,1.0,73,0.3443,177,211,212,0
0.1,0.1,3,0,48.0,0,0,250,38,212,111,0.444,38,1.0,38,1.0,73,0.3443,177,158,212,0
0.15,0.02,2,0,32.0,0,0,250,38,212,111,0.444,38,1.0,38,1.0,73,0.3443,177,210,212,0
0.15,0.02,2,2,48.0,0,0,250,38,212,111,0.444,38,1.0,38,1.0,73,0.3443,177,157,212,0
0.15,0.05,2,0,32.0,0,0,250,38,212,111,0.444,38,1.0,38,1.0,73,0.3443,177,210,212,0
0.15,0.05,2,2,48.0,0,0,250,38,212,111,0.444,38,1.0,38,1.0,73,0.3443,177,157,212,0
0.15,0.1,2,0,32.0,0,0,250,38,212,111,0.444,38,1.0,38,1.0,73,0.3443,177,210,212,0
0.2,0.2,1,2,48.0,0,0,250,38,212,111,0.444,38,1.0,38,1.0,73,0.3443,177,158,212,0
0.05,0.02,2,0,12.0,0,0,250,38,212,110,0.44,38,1.0,38,1.0,72,0.3396,178,210,212,0
0.05,0.02,2,1,32.0,0,0,250,38,212,110,0.44,38,1.0,38,1.0,72,0.3396,178,211,212,0
0.05,0.05,2,0,12.0,0,0,250,38,212,110,0.44,38,1.0,38,1.0,72,0.3396,178,210,212,0
0.05,0.05,2,1,32.0,0,0,250,38,212,110,0.44,38,1.0,38,1.0,72,0.3396,178,211,212,0
0.1,0.02,2,1,32.0,0,0,250,38,212,110,0.44,38,1.0,38,1.0,72,0.3396,178,211,212,0
0.1,0.05,2,1,32.0,0,0,250,38,212,110,0.44,38,1.0,38,1.0,72,0.3396,178,211,212,0
0.1,0.1,2,1,32.0,0,0,250,38,212,110,0.44,38,1.0,38,1.0,72,0.3396,178,211,212,0
0.15,0.15,1,2,24.0,0,0,250,38,212,110,0.44,38,1.0,38,1.0,72,0.3396,178,211,212,0
0.15,0.15,1,2,32.0,0,0,250,38,212,110,0.44,38,1.0,38,1.0,72,0.3396,178,211,212,0
0.15,0.02,1,2,24.0,0,0,250,38,212,109,0.436,38,1.0,38,1.0,71,0.3349,179,211,212,0
0.15,0.02,1,2,32.0,0,0,250,38,212,109,0.436,38,1.0,38,1.0,71,0.3349,179,211,212,0
0.15,0.05,1,2,24.0,0,0,250,38,212,109,0.436,38,1.0,38,1.0,71,0.3349,179,211,212,0
0.15,0.05,1,2,32.0,0,0,250,38,212,109,0.436,38,1.0,38,1.0,71,0.3349,179,211,212,0
0.15,0.1,1,2,24.0,0,0,250,38,212,109,0.436,38,1.0,38,1.0,71,0.3349,179,211,212,0
0.15,0.1,1,2,32.0,0,0,250,38,212,109,0.436,38,1.0,38,1.0,71,0.3349,179,211,212,0
0.2,0.15,1,2,48.0,0,0,250,38,212,109,0.436,38,1.0,38,1.0,71,0.3349,179,158,212,0
0.1,0.02,1,2,18.0,0,0,250,38,212,108,0.432,38,1.0,38,1.0,70,0.3302,180,211,212,0
0.1,0.02,2,0,18.0,0,0,250,38,212,108,0.432,38,1.0,38,1.0,70,0.3302,180,210,212,0
0.1,0.05,1,2,18.0,0,0,250,38,212,108,0.432,38,1.0,38,1.0,70,0.3302,180,211,212,0
0.1,0.05,2,0,18.0,0,0,250,38,212,108,0.432,38,1.0,38,1.0,70,0.3302,180,210,212,0
0.1,0.1,1,2,18.0,0,0,250,38,212,108,0.432,38,1.0,38,1.0,70,0.3302,180,211,212,0
0.1,0.1,2,0,18.0,0,0,250,38,212,108,0.432,38,1.0,38,1.0,70,0.3302,180,210,212,0
0.05,0.02,2,0,18.0,0,0,250,38,212,107,0.428,38,1.0,38,1.0,69,0.3255,181,210,212,0
0.05,0.05,2,0,18.0,0,0,250,38,212,107,0.428,38,1.0,38,1.0,69,0.3255,181,210,212,0
0.15,0.15,2,1,48.0,0,0,250,38,212,107,0.428,38,1.0,38,1.0,69,0.3255,181,157,212,0
0.2,0.1,1,2,48.0,0,0,250,38,212,107,0.428,38,1.0,38,1.0,69,0.3255,181,158,212,0
0.2,0.2,1,0,12.0,0,0,250,38,212,107,0.428,38,1.0,38,1.0,69,0.3255,181,209,212,0
0.05,0.02,1,2,18.0,0,0,250,38,212,106,0.424,38,1.0,38,1.0,68,0.3208,182,211,212,0
0.05,0.05,1,2,18.0,0,0,250,38,212,106,0.424,38,1.0,38,1.0,68,0.3208,182,211,212,0
0.2,0.02,1,2,48.0,0,0,250,38,212,106,0.424,38,1.0,38,1.0,68,0.3208,182,158,212,0
0.2,0.05,1,2,48.0,0,0,250,38,212,106,0.424,38,1.0,38,1.0,68,0.3208,182,158,212,0
0.2,0.2,1,1,48.0,0,0,250,38,212,106,0.424,38,1.0,38,1.0,68,0.3208,182,158,212,0
0.15,0.15,1,1,12.0,0,0,250,38,212,105,0.42,38,1.0,38,1.0,67,0.316,183,210,212,0
0.15,0.15,2,0,48.0,0,0,250,38,212,105,0.42,38,1.0,38,1.0,67,0.316,183,157,212,0
0.2,0.2,1,0,18.0,0,0,250,38,212,105,0.42,38,1.0,38,1.0,67,0.316,183,209,212,0
0.1,0.02,1,2,24.0,0,0,250,38,212,104,0.416,38,1.0,38,1.0,66,0.3113,184,211,212,0
0.1,0.02,1,2,32.0,0,0,250,38,212,104,0.416,38,1.0,38,1.0,66,0.3113,184,211,212,0
0.1,0.02,2,0,24.0,0,0,250,38,212,104,0.416,38,1.0,38,1.0,66,0.3113,184,210,212,0
0.1,0.05,1,2,24.0,0,0,250,38,212,104,0.416,38,1.0,38,1.0,66,0.3113,184,211,212,0
0.1,0.05,1,2,32.0,0,0,250,38,212,104,0.416,38,1.0,38,1.0,66,0.3113,184,211,212,0
0.1,0.05,2,0,24.0,0,0,250,38,212,104,0.416,38,1.0,38,1.0,66,0.3113,184,210,212,0
0.1,0.1,1,2,24.0,0,0,250,38,212,104,0.416,38,1.0,38,1.0,66,0.3113,184,211,212,0
0.1,0.1,1,2,32.0,0,0,250,38,212,104,0.416,38,1.0,38,1.0,66,0.3113,184,211,212,0
0.1,0.1,2,0,24.0,0,0,250,38,212,104,0.416,38,1.0,38,1.0,66,0.3113,184,210,212,0
0.15,0.1,2,1,48.0,0,0,250,38,212,104,0.416,38,1.0,38,1.0,66,0.3113,184,157,212,0
0.15,0.15,1,2,48.0,0,0,250,38,212,104,0.416,38,1.0,38,1.0,66,0.3113,184,158,212,0
0.2,0.02,1,0,12.0,0,0,250,38,212,104,0.416,38,1.0,38,1.0,66,0.3113,184,209,212,0
0.2,0.05,1,0,12.0,0,0,250,38,212,104,0.416,38,1.0,38,1.0,66,0.3113,184,209,212,0
0.2,0.1,1,0,12.0,0,0,250,38,212,104,0.416,38,1.0,38,1.0,66,0.3113,184,209,212,0
0.2,0.15,1,0,12.0,0,0,250,38,212,104,0.416,38,1.0,38,1.0,66,0.3113,184,209,212,0
0.2,0.15,1,1,48.0,0,0,250,38,212,104,0.416,38,1.0,38,1.0,66,0.3113,184,158,212,0
0.05,0.02,2,0,24.0,0,0,250,38,212,103,0.412,38,1.0,38,1.0,65,0.3066,185,210,212,0
0.05,0.05,2,0,24.0,0,0,250,38,212,103,0.412,38,1.0,38,1.0,65,0.3066,185,210,212,0
0.1,0.02,2,0,32.0,0,0,250,38,212,103,0.412,38,1.0,38,1.0,65,0.3066,185,210,212,0
0.1,0.05,2,0,32.0,0,0,250,38,212,103,0.412,38,1.0,38,1.0,65,0.3066,185,210,212,0
0.1,0.1,2,0,32.0,0,0,250,38,212,103,0.412,38,1.0,38,1.0,65,0.3066,185,210,212,0
0.15,0.02,1,1,12.0,0,0,250,38,212,103,0.412,38,1.0,38,1.0,65,0.3066,185,210,212,0
0.15,0.02,2,1,48.0,0,0,250,38,212,103,0.412,38,1.0,38,1.0,65,0.3066,185,157,212,0
0.15,0.05,1,1,12.0,0,0,250,38,212,103,0.412,38,1.0,38,1.0,65,0.3066,185,210,212,0
0.15,0.05,2,1,48.0,0,0,250,38,212,103,0.412,38,1.0,38,1.0,65,0.3066,185,157,212,0
0.15,0.1,1,1,12.0,0,0,250,38,212,103,0.412,38,1.0,38,1.0,65,0.3066,185,210,212,0
0.2,0.2,1,0,24.0,0,0,250,38,212,103,0.412,38,1.0,38,1.0,65,0.3066,185,209,212,0
0.2,0.2,1,0,32.0,0,0,250,38,212,103,0.412,38,1.0,38,1.0,65,0.3066,185,209,212,0
0.05,0.02,1,2,24.0,0,0,250,38,212,102,0.408,38,1.0,38,1.0,64,0.3019,186,211,212,0
0.05,0.02,1,2,32.0,0,0,250,38,212,102,0.408,38,1.0,38,1.0,64,0.3019,186,211,212,0
0.05,0.02,2,0,32.0,0,0,250,38,212,102,0.408,38,1.0,38,1.0,64,0.3019,186,210,212,0
0.05,0.05,1,2,24.0,0,0,250,38,212,102,0.408,38,1.0,38,1.0,64,0.3019,186,211,212,0
0.05,0.05,1,2,32.0,0,0,250,38,212,102,0.408,38,1.0,38,1.0,64,0.3019,186,211,212,0
0.05,0.05,2,0,32.0,0,0,250,38,212,102,0.408,38,1.0,38,1.0,64,0.3019,186,210,212,0
0.15,0.02,2,0,48.0,0,0,250,38,212,102,0.408,38,1.0,38,1.0,64,0.3019,186,157,212,0
0.15,0.05,2,0,48.0,0,0,250,38,212,102,0.408,38,1.0,38,1.0,64,0.3019,186,157,212,0
0.15,0.1,2,0,48.0,0,0,250,38,212,102,0.408,38,1.0,38,1.0,64,0.3019,186,157,212,0
0.2,0.02,1,0,18.0,0,0,250,38,212,102,0.408,38,1.0,38,1.0,64,0.3019,186,209,212,0
0.2,0.05,1,0,18.0,0,0,250,38,212,102,0.408,38,1.0,38,1.0,64,0.3019,186,209,212,0
0.2,0.1,1,0,18.0,0,0,250,38,212,102,0.408,38,1.0,38,1.0,64,0.3019,186,209,212,0
0.2,0.1,1,1,48.0,0,0,250,38,212,102,0.408,38,1.0,38,1.0,64,0.3019,186,158,212,0
0.2,0.15,1,0,18.0,0,0,250,38,212,102,0.408,38,1.0,38,1.0,64,0.3019,186,209,212,0
0.15,0.1,1,2,48.0,0,0,250,38,212,101,0.404,38,1.0,38,1.0,63,0.2972,187,158,212,0
0.15,0.15,1,1,18.0,0,0,250,38,212,101,0.404,38,1.0,38,1.0,63,0.2972,187,210,212,0
0.2,0.02,1,1,48.0,0,0,250,38,212,101,0.404,38,1.0,38,1.0,63,0.2972,187,158,212,0
0.2,0.05,1,1,48.0,0,0,250,38,212,101,0.404,38,1.0,38,1.0,63,0.2972,187,158,212,0
0.15,0.02,1,2,48.0,0,0,250,38,212,100,0.4,38,1.0,38,1.0,62,0.2925,188,158,212,0
0.15,0.05,1,2,48.0,0,0,250,38,212,100,0.4,38,1.0,38,1.0,62,0.2925,188,158,212,0
0.2,0.02,1,0,24.0,0,0,250,38,212,100,0.4,38,1.0,38,1.0,62,0.2925,188,209,212,0
0.2,0.02,1,0,32.0,0,0,250,38,212,100,0.4,38,1.0,38,1.0,62,0.2925,188,209,212,0
0.2,0.05,1,0,24.0,0,0,250,38,212,100,0.4,38,1.0,38,1.0,62,0.2925,188,209,212,0
0.2,0.05,1,0,32.0,0,0,250,38,212,100,0.4,38,1.0,38,1.0,62,0.2925,188,209,212,0
0.2,0.1,1,0,24.0,0,0,250,38,212,100,0.4,38,1.0,38,1.0,62,0.2925,188,209,212,0
0.2,0.1,1,0,32.0,0,0,250,38,212,100,0.4,38,1.0,38,1.0,62,0.2925,188,209,212,0
0.2,0.15,1,0,24.0,0,0,250,38,212,100,0.4,38,1.0,38,1.0,62,0.2925,188,209,212,0
0.2,0.15,1,0,32.0,0,0,250,38,212,100,0.4,38,1.0,38,1.0,62,0.2925,188,209,212,0
0.1,0.02,1,1,12.0,0,0,250,38,212,99,0.396,38,1.0,38,1.0,61,0.2877,189,210,212,0
0.1,0.05,1,1,12.0,0,0,250,38,212,99,0.396,38,1.0,38,1.0,61,0.2877,189,210,212,0
0.1,0.1,1,1,12.0,0,0,250,38,212,99,0.396,38,1.0,38,1.0,61,0.2877,189,210,212,0
0.1,0.1,2,1,48.0,0,0,250,38,212,99,0.396,38,1.0,38,1.0,61,0.2877,189,158,212,0
0.15,0.02,1,1,18.0,0,0,250,38,212,99,0.396,38,1.0,38,1.0,61,0.2877,189,210,212,0
0.15,0.05,1,1,18.0,0,0,250,38,212,99,0.396,38,1.0,38,1.0,61,0.2877,189,210,212,0
0.15,0.1,1,1,18.0,0,0,250,38,212,99,0.396,38,1.0,38,1.0,61,0.2877,189,210,212,0
0.2,0.2,1,0,48.0,0,0,250,38,212,99,0.396,38,1.0,38,1.0,61,0.2877,189,158,212,0
0.05,0.02,2,1,48.0,0,0,250,38,212,98,0.392,38,1.0,38,1.0,60,0.283,190,158,212,0
0.05,0.05,2,1,48.0,0,0,250,38,212,98,0.392,38,1.0,38,1.0,60,0.283,190,158,212,0
0.1,0.02,2,1,48.0,0,0,250,38,212,98,0.392,38,1.0,38,1.0,60,0.283,190,158,212,0
0.1,0.05,2,1,48.0,0,0,250,38,212,98,0.392,38,1.0,38,1.0,60,0.283,190,158,212,0
0.15,0.15,1,1,24.0,0,0,250,38,212,98,0.392,38,1.0,38,1.0,60,0.283,190,210,212,0
0.15,0.15,1,1,32.0,0,0,250,38,212,98,0.392,38,1.0,38,1.0,60,0.283,190,210,212,0
0.05,0.02,1,1,12.0,0,0,250,38,212,97,0.388,38,1.0,38,1.0,59,0.2783,191,210,212,0
0.05,0.05,1,1,12.0,0,0,250,38,212,97,0.388,38,1.0,38,1.0,59,0.2783,191,210,212,0
0.1,0.1,1,2,48.0,0,0,250,38,212,96,0.384,38,1.0,38,1.0,58,0.2736,192,158,212,0
0.15,0.02,1,1,24.0,0,0,250,38,212,96,0.384,38,1.0,38,1.0,58,0.2736,192,210,212,0
0.15,0.02,1,1,32.0,0,0,250,38,212,96,0.384,38,1.0,38,1.0,58,0.2736,192,210,212,0
0.15,0.05,1,1,24.0,0,0,250,38,212,96,0.384,38,1.0,38,1.0,58,0.2736,192,210,212,0
0.15,0.05,1,1,32.0,0,0,250,38,212,96,0.384,38,1.0,38,1.0,58,0.2736,192,210,212,0
0.15,0.1,1,1,24.0,0,0,250,38,212,96,0.384,38,1.0,38,1.0,58,0.2736,192,210,212,0
0.15,0.1,1,1,32.0,0,0,250,38,212,96,0.384,38,1.0,38,1.0,58,0.2736,192,210,212,0
0.2,0.15,1,0,48.0,0,0,250,38,212,96,0.384,38,1.0,38,1.0,58,0.2736,192,158,212,0
0.1,0.02,1,1,18.0,0,0,250,38,212,95,0.38,38,1.0,38,1.0,57,0.2689,193,210,212,0
0.1,0.05,1,1,18.0,0,0,250,38,212,95,0.38,38,1.0,38,1.0,57,0.2689,193,210,212,0
0.1,0.1,1,1,18.0,0,0,250,38,212,95,0.38,38,1.0,38,1.0,57,0.2689,193,210,212,0
0.05,0.02,1,2,48.0,0,0,250,38,212,94,0.376,38,1.0,38,1.0,56,0.2642,194,158,212,0
0.05,0.05,1,2,48.0,0,0,250,38,212,94,0.376,38,1.0,38,1.0,56,0.2642,194,158,212,0
0.1,0.02,1,2,48.0,0,0,250,38,212,94,0.376,38,1.0,38,1.0,56,0.2642,194,158,212,0
0.1,0.05,1,2,48.0,0,0,250,38,212,94,0.376,38,1.0,38,1.0,56,0.2642,194,158,212,0
0.2,0.02,1,0,48.0,0,0,250,38,212,94,0.376,38,1.0,38,1.0,56,0.2642,194,158,212,0
0.2,0.05,1,0,48.0,0,0,250,38,212,94,0.376,38,1.0,38,1.0,56,0.2642,194,158,212,0
0.2,0.1,1,0,48.0,0,0,250,38,212,94,0.376,38,1.0,38,1.0,56,0.2642,194,158,212,0
0.05,0.02,1,1,18.0,0,0,250,38,212,93,0.372,38,1.0,38,1.0,55,0.2594,195,210,212,0
0.05,0.05,1,1,18.0,0,0,250,38,212,93,0.372,38,1.0,38,1.0,55,0.2594,195,210,212,0
0.1,0.02,2,0,48.0,0,0,250,38,212,93,0.372,38,1.0,38,1.0,55,0.2594,195,157,212,0
0.1,0.05,2,0,48.0,0,0,250,38,212,93,0.372,38,1.0,38,1.0,55,0.2594,195,157,212,0
0.1,0.1,2,0,48.0,0,0,250,38,212,93,0.372,38,1.0,38,1.0,55,0.2594,195,157,212,0
0.15,0.15,1,1,48.0,0,0,250,38,212,93,0.372,38,1.0,38,1.0,55,0.2594,195,157,212,0
0.05,0.02,2,0,48.0,0,0,250,38,212,92,0.368,38,1.0,38,1.0,54,0.2547,196,157,212,0
0.05,0.05,2,0,48.0,0,0,250,38,212,92,0.368,38,1.0,38,1.0,54,0.2547,196,157,212,0
0.1,0.02,1,1,24.0,0,0,250,38,212,92,0.368,38,1.0,38,1.0,54,0.2547,196,210,212,0
0.1,0.02,1,1,32.0,0,0,250,38,212,92,0.368,38,1.0,38,1.0,54,0.2547,196,210,212,0
0.1,0.05,1,1,24.0,0,0,250,38,212,92,0.368,38,1.0,38,1.0,54,0.2547,196,210,212,0
0.1,0.05,1,1,32.0,0,0,250,38,212,92,0.368,38,1.0,38,1.0,54,0.2547,196,210,212,0
0.1,0.1,1,1,24.0,0,0,250,38,212,92,0.368,38,1.0,38,1.0,54,0.2547,196,210,212,0
0.1,0.1,1,1,32.0,0,0,250,38,212,92,0.368,38,1.0,38,1.0,54,0.2547,196,210,212,0
0.05,0.02,1,1,24.0,0,0,250,38,212,90,0.36,38,1.0,38,1.0,52,0.2453,198,210,212,0
0.05,0.02,1,1,32.0,0,0,250,38,212,90,0.36,38,1.0,38,1.0,52,0.2453,198,210,212,0
0.05,0.05,1,1,24.0,0,0,250,38,212,90,0.36,38,1.0,38,1.0,52,0.2453,198,210,212,0
0.05,0.05,1,1,32.0,0,0,250,38,212,90,0.36,38,1.0,38,1.0,52,0.2453,198,210,212,0
0.15,0.1,1,1,48.0,0,0,250,38,212,89,0.356,38,1.0,38,1.0,51,0.2406,199,157,212,0
0.15,0.02,1,1,48.0,0,0,250,38,212,88,0.352,38,1.0,38,1.0,50,0.2358,200,157,212,0
0.15,0.05,1,1,48.0,0,0,250,38,212,88,0.352,38,1.0,38,1.0,50,0.2358,200,157,212,0
0.15,0.15,1,0,12.0,0,0,250,38,212,88,0.352,38,1.0,38,1.0,50,0.2358,200,209,212,0
0.15,0.02,1,0,12.0,0,0,250,38,212,86,0.344,38,1.0,38,1.0,48,0.2264,202,209,212,0
0.15,0.05,1,0,12.0,0,0,250,38,212,86,0.344,38,1.0,38,1.0,48,0.2264,202,209,212,0
0.15,0.1,1,0,12.0,0,0,250,38,212,86,0.344,38,1.0,38,1.0,48,0.2264,202,209,212,0
0.15,0.15,1,0,18.0,0,0,250,38,212,86,0.344,38,1.0,38,1.0,48,0.2264,202,209,212,0
0.05,0.02,1,1,48.0,0,0,250,38,212,85,0.34,38,1.0,38,1.0,47,0.2217,203,157,212,0
0.05,0.05,1,1,48.0,0,0,250,38,212,85,0.34,38,1.0,38,1.0,47,0.2217,203,157,212,0
0.1,0.02,1,1,48.0,0,0,250,38,212,85,0.34,38,1.0,38,1.0,47,0.2217,203,157,212,0
0.1,0.05,1,1,48.0,0,0,250,38,212,85,0.34,38,1.0,38,1.0,47,0.2217,203,157,212,0
0.1,0.1,1,1,48.0,0,0,250,38,212,85,0.34,38,1.0,38,1.0,47,0.2217,203,157,212,0
0.15,0.02,1,0,18.0,0,0,250,38,212,84,0.336,38,1.0,38,1.0,46,0.217,204,209,212,0
0.15,0.05,1,0,18.0,0,0,250,38,212,84,0.336,38,1.0,38,1.0,46,0.217,204,209,212,0
0.15,0.1,1,0,18.0,0,0,250,38,212,84,0.336,38,1.0,38,1.0,46,0.217,204,209,212,0
0.15,0.15,1,0,24.0,0,0,250,38,212,84,0.336,38,1.0,38,1.0,46,0.217,204,209,212,0
0.15,0.15,1,0,32.0,0,0,250,38,212,84,0.336,38,1.0,38,1.0,46,0.217,204,209,212,0
0.15,0.02,1,0,24.0,0,0,250,38,212,82,0.328,38,1.0,38,1.0,44,0.2075,206,209,212,0
0.15,0.02,1,0,32.0,0,0,250,38,212,82,0.328,38,1.0,38,1.0,44,0.2075,206,209,212,0
0.15,0.05,1,0,24.0,0,0,250,38,212,82,0.328,38,1.0,38,1.0,44,0.2075,206,209,212,0
0.15,0.05,1,0,32.0,0,0,250,38,212,82,0.328,38,1.0,38,1.0,44,0.2075,206,209,212,0
0.15,0.1,1,0,24.0,0,0,250,38,212,82,0.328,38,1.0,38,1.0,44,0.2075,206,209,212,0
0.15,0.1,1,0,32.0,0,0,250,38,212,82,0.328,38,1.0,38,1.0,44,0.2075,206,209,212,0
0.15,0.15,1,0,48.0,0,0,250,38,212,81,0.324,38,1.0,38,1.0,43,0.2028,207,156,212,0
0.1,0.02,1,0,12.0,0,0,250,38,212,77,0.308,38,1.0,38,1.0,39,0.184,211,209,212,0
0.1,0.05,1,0,12.0,0,0,250,38,212,77,0.308,38,1.0,38,1.0,39,0.184,211,209,212,0
0.1,0.1,1,0,12.0,0,0,250,38,212,77,0.308,38,1.0,38,1.0,39,0.184,211,209,212,0
0.15,0.02,1,0,48.0,0,0,250,38,212,77,0.308,38,1.0,38,1.0,39,0.184,211,156,212,0
0.15,0.05,1,0,48.0,0,0,250,38,212,77,0.308,38,1.0,38,1.0,39,0.184,211,156,212,0
0.15,0.1,1,0,48.0,0,0,250,38,212,77,0.308,38,1.0,38,1.0,39,0.184,211,156,212,0
0.05,0.02,1,0,12.0,0,0,250,38,212,76,0.304,38,1.0,38,1.0,38,0.1792,212,209,212,0
0.05,0.05,1,0,12.0,0,0,250,38,212,76,0.304,38,1.0,38,1.0,38,0.1792,212,209,212,0
0.1,0.02,1,0,18.0,0,0,250,38,212,75,0.3,38,1.0,38,1.0,37,0.1745,213,209,212,0
0.1,0.05,1,0,18.0,0,0,250,38,212,75,0.3,38,1.0,38,1.0,37,0.1745,213,209,212,0
0.1,0.1,1,0,18.0,0,0,250,38,212,75,0.3,38,1.0,38,1.0,37,0.1745,213,209,212,0
0.05,0.02,1,0,18.0,0,0,250,38,212,74,0.296,38,1.0,38,1.0,36,0.1698,214,209,212,0
0.05,0.05,1,0,18.0,0,0,250,38,212,74,0.296,38,1.0,38,1.0,36,0.1698,214,209,212,0
0.1,0.02,1,0,24.0,0,0,250,38,212,73,0.292,38,1.0,38,1.0,35,0.1651,215,209,212,0
0.1,0.02,1,0,32.0,0,0,250,38,212,73,0.292,38,1.0,38,1.0,35,0.1651,215,209,212,0
0.1,0.05,1,0,24.0,0,0,250,38,212,73,0.292,38,1.0,38,1.0,35,0.1651,215,209,212,0
0.1,0.05,1,0,32.0,0,0,250,38,212,73,0.292,38,1.0,38,1.0,35,0.1651,215,209,212,0
0.1,0.1,1,0,24.0,0,0,250,38,212,73,0.292,38,1.0,38,1.0,35,0.1651,215,209,212,0
0.1,0.1,1,0,32.0,0,0,250,38,212,73,0.292,38,1.0,38,1.0,35,0.1651,215,209,212,0
0.05,0.02,1,0,24.0,0,0,250,38,212,72,0.288,38,1.0,38,1.0,34,0.1604,216,209,212,0
0.05,0.02,1,0,32.0,0,0,250,38,212,72,0.288,38,1.0,38,1.0,34,0.1604,216,209,212,0
0.05,0.05,1,0,24.0,0,0,250,38,212,72,0.288,38,1.0,38,1.0,34,0.1604,216,209,212,0
0.05,0.05,1,0,32.0,0,0,250,38,212,72,0.288,38,1.0,38,1.0,34,0.1604,216,209,212,0
0.1,0.02,1,0,48.0,0,0,250,38,212,68,0.272,38,1.0,38,1.0,30,0.1415,220,156,212,0
0.1,0.05,1,0,48.0,0,0,250,38,212,68,0.272,38,1.0,38,1.0,30,0.1415,220,156,212,0
0.1,0.1,1,0,48.0,0,0,250,38,212,68,0.272,38,1.0,38,1.0,30,0.1415,220,156,212,0
0.05,0.02,1,0,48.0,0,0,250,38,212,67,0.268,38,1.0,38,1.0,29,0.1368,221,156,212,0
0.05,0.05,1,0,48.0,0,0,250,38,212,67,0.268,38,1.0,38,1.0,29,0.1368,221,156,212,0
