clip,frame,source,orig_x,orig_y,orig_w,orig_h,orig_cx,orig_cy,x,y,w,h,confidence,notes,track_id,rank,verified_score,det_x,det_y,det_w,det_h,visible
1c1258a1-d0f6-433e-9466-dbc1705fa263,25,vision_dense_recovery,376.9,215.14,23.74,23.2,388.77,226.74,188.45,107.57,11.87,11.6,medium_high,target_1c_back_extrapolated_visible,,,,188.45,107.57,11.87,11.6,1
1c1258a1-d0f6-433e-9466-dbc1705fa263,26,vision_dense_recovery,376.24,212.44,23.74,23.22,388.11,224.05,188.12,106.22,11.87,11.61,medium_high,target_1c_back_extrapolated_visible,,,,188.12,106.22,11.87,11.61,1
1c1258a1-d0f6-433e-9466-dbc1705fa263,27,vision_dense_recovery,375.56,209.74,23.74,23.22,387.43,221.35,187.78,104.87,11.87,11.61,medium_high,target_1c_back_extrapolated_visible,,,,187.78,104.87,11.87,11.61,1
1c1258a1-d0f6-433e-9466-dbc1705fa263,28,vision_dense_recovery,374.9,207.06,23.74,23.24,386.77,218.68,187.45,103.53,11.87,11.62,medium_high,target_1c_back_extrapolated_visible,,,,187.45,103.53,11.87,11.62,1
1c1258a1-d0f6-433e-9466-dbc1705fa263,29,vision_dense_recovery,374.22,204.36,23.76,23.26,386.1,215.99,187.11,102.18,11.88,11.63,medium_high,target_1c_back_extrapolated_visible,,,,187.11,102.18,11.88,11.63,1
1c1258a1-d0f6-433e-9466-dbc1705fa263,30,map,374.0,202.0,24.0,24.0,386.0,214.0,187.0,101.0,12.0,12.0,high,target_1c_measured_anchor,,,,187.0,101.0,12.0,12.0,1
1c1258a1-d0f6-433e-9466-dbc1705fa263,31,map,374.0,198.0,24.0,24.0,386.0,210.0,187.0,99.0,12.0,12.0,high,target_1c_measured_anchor,,,,187.0,99.0,12.0,12.0,1
1c1258a1-d0f6-433e-9466-dbc1705fa263,32,map,372.0,194.0,24.0,24.0,384.0,206.0,186.0,97.0,12.0,12.0,high,target_1c_measured_anchor,,,,186.0,97.0,12.0,12.0,1
1c1258a1-d0f6-433e-9466-dbc1705fa263,33,map,372.0,192.0,24.0,24.0,384.0,204.0,186.0,96.0,12.0,12.0,high,target_1c_measured_anchor,,,,186.0,96.0,12.0,12.0,1
1c1258a1-d0f6-433e-9466-dbc1705fa263,34,map,370.0,188.0,24.0,24.0,382.0,200.0,185.0,94.0,12.0,12.0,high,target_1c_measured_anchor,,,,185.0,94.0,12.0,12.0,1
1c1258a1-d0f6-433e-9466-dbc1705fa263,35,map,372.0,188.0,24.0,24.0,384.0,200.0,186.0,94.0,12.0,12.0,high,target_1c_measured_anchor,,,,186.0,94.0,12.0,12.0,1
1c1258a1-d0f6-433e-9466-dbc1705fa263,36,map,370.0,184.0,24.0,24.0,382.0,196.0,185.0,92.0,12.0,12.0,high,target_1c_measured_anchor,,,,185.0,92.0,12.0,12.0,1
1c1258a1-d0f6-433e-9466-dbc1705fa263,37,map,368.0,180.0,24.0,24.0,380.0,192.0,184.0,90.0,12.0,12.0,high,target_1c_measured_anchor,,,,184.0,90.0,12.0,12.0,1
1c1258a1-d0f6-433e-9466-dbc1705fa263,38,map,372.0,182.0,24.0,24.0,384.0,194.0,186.0,91.0,12.0,12.0,high,target_1c_measured_anchor,,,,186.0,91.0,12.0,12.0,1
1c1258a1-d0f6-433e-9466-dbc1705fa263,39,appearance,374.0,190.0,20.0,12.0,384.0,196.0,187.0,95.0,10.0,6.0,high,target_1c_measured_anchor,,,,187.0,95.0,10.0,6.0,1
1c1258a1-d0f6-433e-9466-dbc1705fa263,40,map,364.0,178.0,24.0,24.0,376.0,190.0,182.0,89.0,12.0,12.0,high,target_1c_measured_anchor,,,,182.0,89.0,12.0,12.0,1
1c1258a1-d0f6-433e-9466-dbc1705fa263,41,map,362.0,174.0,24.0,24.0,374.0,186.0,181.0,87.0,12.0,12.0,high,target_1c_measured_anchor,,,,181.0,87.0,12.0,12.0,1
1c1258a1-d0f6-433e-9466-dbc1705fa263,42,map,360.0,170.0,24.0,24.0,372.0,182.0,180.0,85.0,12.0,12.0,high,target_1c_measured_anchor,,,,180.0,85.0,12.0,12.0,1
1c1258a1-d0f6-433e-9466-dbc1705fa263,43,map,360.0,168.0,24.0,24.0,372.0,180.0,180.0,84.0,12.0,12.0,high,target_1c_measured_anchor,,,,180.0,84.0,12.0,12.0,1
1c1258a1-d0f6-433e-9466-dbc1705fa263,44,map,358.0,164.0,24.0,24.0,370.0,176.0,179.0,82.0,12.0,12.0,high,target_1c_measured_anchor,,,,179.0,82.0,12.0,12.0,1
1c1258a1-d0f6-433e-9466-dbc1705fa263,45,map,360.0,162.0,24.0,24.0,372.0,174.0,180.0,81.0,12.0,12.0,high,target_1c_measured_anchor,,,,180.0,81.0,12.0,12.0,1
1c1258a1-d0f6-433e-9466-dbc1705fa263,46,map,368.0,152.0,24.0,24.0,380.0,164.0,184.0,76.0,12.0,12.0,high,target_1c_measured_anchor,,,,184.0,76.0,12.0,12.0,1
1c1258a1-d0f6-433e-9466-dbc1705fa263,47,map,370.0,146.0,24.0,24.0,382.0,158.0,185.0,73.0,12.0,12.0,high,target_1c_measured_anchor,,,,185.0,73.0,12.0,12.0,1
1c1258a1-d0f6-433e-9466-dbc1705fa263,48,map,360.0,154.0,24.0,24.0,372.0,166.0,180.0,77.0,12.0,12.0,high,target_1c_measured_anchor,,,,180.0,77.0,12.0,12.0,1
1c1258a1-d0f6-433e-9466-dbc1705fa263,49,map,360.0,152.0,24.0,24.0,372.0,164.0,180.0,76.0,12.0,12.0,high,target_1c_measured_anchor,,,,180.0,76.0,12.0,12.0,1
1c1258a1-d0f6-433e-9466-dbc1705fa263,50,map,364.0,150.0,24.0,24.0,376.0,162.0,182.0,75.0,12.0,12.0,high,target_1c_measured_anchor,,,,182.0,75.0,12.0,12.0,1
1c1258a1-d0f6-433e-9466-dbc1705fa263,51,map,364.0,148.0,24.0,24.0,376.0,160.0,182.0,74.0,12.0,12.0,high,target_1c_measured_anchor,,,,182.0,74.0,12.0,12.0,1
1c1258a1-d0f6-433e-9466-dbc1705fa263,52,map,364.0,146.0,24.0,24.0,376.0,158.0,182.0,73.0,12.0,12.0,high,target_1c_measured_anchor,,,,182.0,73.0,12.0,12.0,1
1c1258a1-d0f6-433e-9466-dbc1705fa263,53,map,358.0,150.0,24.0,24.0,370.0,162.0,179.0,75.0,12.0,12.0,high,target_1c_measured_anchor,,,,179.0,75.0,12.0,12.0,1
1c1258a1-d0f6-433e-9466-dbc1705fa263,54,map,356.0,150.0,24.0,24.0,368.0,162.0,178.0,75.0,12.0,12.0,high,target_1c_measured_anchor,,,,178.0,75.0,12.0,12.0,1
1c1258a1-d0f6-433e-9466-dbc1705fa263,55,map,360.0,146.0,24.0,24.0,372.0,158.0,180.0,73.0,12.0,12.0,high,target_1c_measured_anchor,,,,180.0,73.0,12.0,12.0,1
1c1258a1-d0f6-433e-9466-dbc1705fa263,56,map,358.0,146.0,24.0,24.0,370.0,158.0,179.0,73.0,12.0,12.0,high,target_1c_measured_anchor,,,,179.0,73.0,12.0,12.0,1
1c1258a1-d0f6-433e-9466-dbc1705fa263,57,map,358.0,148.0,24.0,24.0,370.0,160.0,179.0,74.0,12.0,12.0,high,target_1c_measured_anchor,,,,179.0,74.0,12.0,12.0,1
1c1258a1-d0f6-433e-9466-dbc1705fa263,58,map,352.0,146.0,24.0,24.0,364.0,158.0,176.0,73.0,12.0,12.0,high,target_1c_measured_anchor,,,,176.0,73.0,12.0,12.0,1
1c1258a1-d0f6-433e-9466-dbc1705fa263,59,map,350.0,146.0,24.0,24.0,362.0,158.0,175.0,73.0,12.0,12.0,high,target_1c_measured_anchor,,,,175.0,73.0,12.0,12.0,1
1c1258a1-d0f6-433e-9466-dbc1705fa263,60,map,346.0,144.0,24.0,24.0,358.0,156.0,173.0,72.0,12.0,12.0,high,target_1c_measured_anchor,,,,173.0,72.0,12.0,12.0,1
1c1258a1-d0f6-433e-9466-dbc1705fa263,61,map,336.0,142.0,24.0,24.0,348.0,154.0,168.0,71.0,12.0,12.0,high,target_1c_measured_anchor,,,,168.0,71.0,12.0,12.0,1
1c1258a1-d0f6-433e-9466-dbc1705fa263,62,map,336.0,142.0,24.0,24.0,348.0,154.0,168.0,71.0,12.0,12.0,high,target_1c_measured_anchor,,,,168.0,71.0,12.0,12.0,1
1c1258a1-d0f6-433e-9466-dbc1705fa263,63,map,332.0,142.0,24.0,24.0,344.0,154.0,166.0,71.0,12.0,12.0,high,target_1c_measured_anchor,,,,166.0,71.0,12.0,12.0,1
1c1258a1-d0f6-433e-9466-dbc1705fa263,64,map,332.0,142.0,24.0,24.0,344.0,154.0,166.0,71.0,12.0,12.0,high,target_1c_measured_anchor,,,,166.0,71.0,12.0,12.0,1
1c1258a1-d0f6-433e-9466-dbc1705fa263,65,map,330.0,144.0,24.0,24.0,342.0,156.0,165.0,72.0,12.0,12.0,high,target_1c_measured_anchor,,,,165.0,72.0,12.0,12.0,1
1c1258a1-d0f6-433e-9466-dbc1705fa263,66,map,322.0,146.0,24.0,24.0,334.0,158.0,161.0,73.0,12.0,12.0,high,target_1c_measured_anchor,,,,161.0,73.0,12.0,12.0,1
1c1258a1-d0f6-433e-9466-dbc1705fa263,67,map,324.0,146.0,24.0,24.0,336.0,158.0,162.0,73.0,12.0,12.0,high,target_1c_measured_anchor,,,,162.0,73.0,12.0,12.0,1
1c1258a1-d0f6-433e-9466-dbc1705fa263,68,map,324.0,148.0,24.0,24.0,336.0,160.0,162.0,74.0,12.0,12.0,high,target_1c_measured_anchor,,,,162.0,74.0,12.0,12.0,1
1c1258a1-d0f6-433e-9466-dbc1705fa263,69,map,326.0,148.0,24.0,24.0,338.0,160.0,163.0,74.0,12.0,12.0,high,target_1c_measured_anchor,,,,163.0,74.0,12.0,12.0,1
1c1258a1-d0f6-433e-9466-dbc1705fa263,70,map,320.0,146.0,24.0,24.0,332.0,158.0,160.0,73.0,12.0,12.0,high,target_1c_measured_anchor,,,,160.0,73.0,12.0,12.0,1
1c1258a1-d0f6-433e-9466-dbc1705fa263,71,map,314.0,148.0,24.0,24.0,326.0,160.0,157.0,74.0,12.0,12.0,high,target_1c_measured_anchor,,,,157.0,74.0,12.0,12.0,1
1c1258a1-d0f6-433e-9466-dbc1705fa263,72,map,310.0,148.0,24.0,24.0,322.0,160.0,155.0,74.0,12.0,12.0,high,target_1c_measured_anchor,,,,155.0,74.0,12.0,12.0,1
1c1258a1-d0f6-433e-9466-dbc1705fa263,73,map,310.0,146.0,24.0,24.0,322.0,158.0,155.0,73.0,12.0,12.0,high,target_1c_measured_anchor,,,,155.0,73.0,12.0,12.0,1
1c1258a1-d0f6-433e-9466-dbc1705fa263,74,map,302.0,162.0,6.0,6.0,305.0,165.0,151.0,81.0,3.0,3.0,high,target_1c_measured_anchor,,,,151.0,81.0,3.0,3.0,1
1c1258a1-d0f6-433e-9466-dbc1705fa263,75,map,308.0,144.0,24.0,24.0,320.0,156.0,154.0,72.0,12.0,12.0,high,target_1c_measured_anchor,,,,154.0,72.0,12.0,12.0,1
1c1258a1-d0f6-433e-9466-dbc1705fa263,76,map,308.0,138.0,24.0,24.0,320.0,150.0,154.0,69.0,12.0,12.0,high,target_1c_measured_anchor,,,,154.0,69.0,12.0,12.0,1
1c1258a1-d0f6-433e-9466-dbc1705fa263,77,map,306.0,136.0,24.0,24.0,318.0,148.0,153.0,68.0,12.0,12.0,high,target_1c_measured_anchor,,,,153.0,68.0,12.0,12.0,1
1c1258a1-d0f6-433e-9466-dbc1705fa263,78,map,302.0,140.0,24.0,24.0,314.0,152.0,151.0,70.0,12.0,12.0,high,target_1c_measured_anchor,,,,151.0,70.0,12.0,12.0,1
1c1258a1-d0f6-433e-9466-dbc1705fa263,79,appearance,310.0,140.0,12.0,24.0,316.0,152.0,155.0,70.0,6.0,12.0,high,target_1c_measured_anchor,,,,155.0,70.0,6.0,12.0,1
1c1258a1-d0f6-433e-9466-dbc1705fa263,80,map,300.0,138.0,24.0,24.0,312.0,150.0,150.0,69.0,12.0,12.0,high,target_1c_measured_anchor,,,,150.0,69.0,12.0,12.0,1
1c1258a1-d0f6-433e-9466-dbc1705fa263,81,map,296.0,140.0,24.0,24.0,308.0,152.0,148.0,70.0,12.0,12.0,high,target_1c_measured_anchor,,,,148.0,70.0,12.0,12.0,1
1c1258a1-d0f6-433e-9466-dbc1705fa263,82,map,284.0,158.0,6.0,6.0,287.0,161.0,142.0,79.0,3.0,3.0,high,target_1c_measured_anchor,,,,142.0,79.0,3.0,3.0,1
1c1258a1-d0f6-433e-9466-dbc1705fa263,83,map,290.0,142.0,24.0,24.0,302.0,154.0,145.0,71.0,12.0,12.0,high,target_1c_measured_anchor,,,,145.0,71.0,12.0,12.0,1
1c1258a1-d0f6-433e-9466-dbc1705fa263,84,map,286.0,142.0,24.0,24.0,298.0,154.0,143.0,71.0,12.0,12.0,high,target_1c_measured_anchor,,,,143.0,71.0,12.0,12.0,1
1c1258a1-d0f6-433e-9466-dbc1705fa263,85,map,286.0,140.0,24.0,24.0,298.0,152.0,143.0,70.0,12.0,12.0,high,target_1c_measured_anchor,,,,143.0,70.0,12.0,12.0,1
1c1258a1-d0f6-433e-9466-dbc1705fa263,86,map,280.0,138.0,24.0,24.0,292.0,150.0,140.0,69.0,12.0,12.0,high,target_1c_measured_anchor,,,,140.0,69.0,12.0,12.0,1
1c1258a1-d0f6-433e-9466-dbc1705fa263,87,map,268.0,158.0,6.0,6.0,271.0,161.0,134.0,79.0,3.0,3.0,high,target_1c_measured_anchor,,,,134.0,79.0,3.0,3.0,1
1c1258a1-d0f6-433e-9466-dbc1705fa263,88,map,272.0,138.0,24.0,24.0,284.0,150.0,136.0,69.0,12.0,12.0,high,target_1c_measured_anchor,,,,136.0,69.0,12.0,12.0,1
1c1258a1-d0f6-433e-9466-dbc1705fa263,89,map,268.0,138.0,24.0,24.0,280.0,150.0,134.0,69.0,12.0,12.0,high,target_1c_measured_anchor,,,,134.0,69.0,12.0,12.0,1
1c1258a1-d0f6-433e-9466-dbc1705fa263,90,map,268.0,136.0,24.0,24.0,280.0,148.0,134.0,68.0,12.0,12.0,high,target_1c_measured_anchor,,,,134.0,68.0,12.0,12.0,1
1c1258a1-d0f6-433e-9466-dbc1705fa263,91,map,264.0,136.0,24.0,24.0,276.0,148.0,132.0,68.0,12.0,12.0,high,target_1c_measured_anchor,,,,132.0,68.0,12.0,12.0,1
1c1258a1-d0f6-433e-9466-dbc1705fa263,92,map,260.0,136.0,24.0,24.0,272.0,148.0,130.0,68.0,12.0,12.0,high,target_1c_measured_anchor,,,,130.0,68.0,12.0,12.0,1
1c1258a1-d0f6-433e-9466-dbc1705fa263,93,map,256.0,136.0,24.0,24.0,268.0,148.0,128.0,68.0,12.0,12.0,high,target_1c_measured_anchor,,,,128.0,68.0,12.0,12.0,1
1c1258a1-d0f6-433e-9466-dbc1705fa263,94,map,248.0,154.0,6.0,6.0,251.0,157.0,124.0,77.0,3.0,3.0,high,target_1c_measured_anchor,,,,124.0,77.0,3.0,3.0,1
1c1258a1-d0f6-433e-9466-dbc1705fa263,95,map,252.0,152.0,6.0,6.0,255.0,155.0,126.0,76.0,3.0,3.0,high,target_1c_measured_anchor,,,,126.0,76.0,3.0,3.0,1
1c1258a1-d0f6-433e-9466-dbc1705fa263,96,vision_dense_recovery,253.0,151.9,6.82,6.82,256.41,155.31,126.5,75.95,3.41,3.41,medium_high,target_1c_interpolated_gap,,,,126.5,75.95,3.41,3.41,1
1c1258a1-d0f6-433e-9466-dbc1705fa263,97,vision_dense_recovery,254.0,151.82,7.64,7.64,257.82,155.64,127.0,75.91,3.82,3.82,medium_high,target_1c_interpolated_gap,,,,127.0,75.91,3.82,3.82,1
1c1258a1-d0f6-433e-9466-dbc1705fa263,98,vision_dense_recovery,255.0,151.72,8.46,8.46,259.23,155.95,127.5,75.86,4.23,4.23,medium_high,target_1c_interpolated_gap,,,,127.5,75.86,4.23,4.23,1
1c1258a1-d0f6-433e-9466-dbc1705fa263,99,vision_dense_recovery,256.0,151.64,9.28,9.28,260.64,156.28,128.0,75.82,4.64,4.64,medium_high,target_1c_interpolated_gap,,,,128.0,75.82,4.64,4.64,1
1c1258a1-d0f6-433e-9466-dbc1705fa263,100,vision_dense_recovery,257.0,151.54,10.1,10.1,262.05,156.59,128.5,75.77,5.05,5.05,medium_high,target_1c_interpolated_gap,,,,128.5,75.77,5.05,5.05,1
1c1258a1-d0f6-433e-9466-dbc1705fa263,101,vision_dense_recovery,258.0,151.46,10.9,10.9,263.45,156.91,129.0,75.73,5.45,5.45,medium_high,target_1c_interpolated_gap,,,,129.0,75.73,5.45,5.45,1
1c1258a1-d0f6-433e-9466-dbc1705fa263,102,vision_dense_recovery,259.0,151.36,11.72,11.72,264.86,157.22,129.5,75.68,5.86,5.86,medium_high,target_1c_interpolated_gap,,,,129.5,75.68,5.86,5.86,1
1c1258a1-d0f6-433e-9466-dbc1705fa263,103,vision_dense_recovery,260.0,151.28,12.54,12.54,266.27,157.55,130.0,75.64,6.27,6.27,medium_high,target_1c_interpolated_gap,,,,130.0,75.64,6.27,6.27,1
1c1258a1-d0f6-433e-9466-dbc1705fa263,104,vision_dense_recovery,261.0,151.18,13.36,13.36,267.68,157.86,130.5,75.59,6.68,6.68,medium_high,target_1c_interpolated_gap,,,,130.5,75.59,6.68,6.68,1
1c1258a1-d0f6-433e-9466-dbc1705fa263,105,vision_dense_recovery,262.0,151.1,14.18,14.18,269.09,158.19,131.0,75.55,7.09,7.09,medium_high,target_1c_interpolated_gap,,,,131.0,75.55,7.09,7.09,1
1c1258a1-d0f6-433e-9466-dbc1705fa263,106,vision_dense_recovery,263.0,151.0,15.0,15.0,270.5,158.5,131.5,75.5,7.5,7.5,medium_high,target_1c_interpolated_gap,,,,131.5,75.5,7.5,7.5,1
1c1258a1-d0f6-433e-9466-dbc1705fa263,107,vision_dense_recovery,264.0,150.9,15.82,15.82,271.91,158.81,132.0,75.45,7.91,7.91,medium_high,target_1c_interpolated_gap,,,,132.0,75.45,7.91,7.91,1
1c1258a1-d0f6-433e-9466-dbc1705fa263,108,vision_dense_recovery,265.0,150.82,16.64,16.64,273.32,159.14,132.5,75.41,8.32,8.32,medium_high,target_1c_interpolated_gap,,,,132.5,75.41,8.32,8.32,1
1c1258a1-d0f6-433e-9466-dbc1705fa263,109,vision_dense_recovery,266.0,150.72,17.46,17.46,274.73,159.45,133.0,75.36,8.73,8.73,medium_high,target_1c_interpolated_gap,,,,133.0,75.36,8.73,8.73,1
1c1258a1-d0f6-433e-9466-dbc1705fa263,110,vision_dense_recovery,267.0,150.64,18.28,18.28,276.14,159.78,133.5,75.32,9.14,9.14,medium_high,target_1c_interpolated_gap,,,,133.5,75.32,9.14,9.14,1
1c1258a1-d0f6-433e-9466-dbc1705fa263,111,vision_dense_recovery,268.0,150.54,19.1,19.1,277.55,160.09,134.0,75.27,9.55,9.55,medium_high,target_1c_interpolated_gap,,,,134.0,75.27,9.55,9.55,1
1c1258a1-d0f6-433e-9466-dbc1705fa263,112,vision_dense_recovery,269.0,150.46,19.9,19.9,278.95,160.41,134.5,75.23,9.95,9.95,medium_high,target_1c_interpolated_gap,,,,134.5,75.23,9.95,9.95,1
1c1258a1-d0f6-433e-9466-dbc1705fa263,113,vision_dense_recovery,270.0,150.36,20.72,20.72,280.36,160.72,135.0,75.18,10.36,10.36,medium_high,target_1c_interpolated_gap,,,,135.0,75.18,10.36,10.36,1
1c1258a1-d0f6-433e-9466-dbc1705fa263,114,vision_dense_recovery,271.0,150.28,21.54,21.54,281.77,161.05,135.5,75.14,10.77,10.77,medium_high,target_1c_interpolated_gap,,,,135.5,75.14,10.77,10.77,1
1c1258a1-d0f6-433e-9466-dbc1705fa263,115,vision_dense_recovery,272.0,150.18,22.36,22.36,283.18,161.36,136.0,75.09,11.18,11.18,medium_high,target_1c_interpolated_gap,,,,136.0,75.09,11.18,11.18,1
1c1258a1-d0f6-433e-9466-dbc1705fa263,116,vision_dense_recovery,273.0,150.1,23.18,23.18,284.59,161.69,136.5,75.05,11.59,11.59,medium_high,target_1c_interpolated_gap,,,,136.5,75.05,11.59,11.59,1
1c1258a1-d0f6-433e-9466-dbc1705fa263,117,map,274.0,150.0,24.0,24.0,286.0,162.0,137.0,75.0,12.0,12.0,high,target_1c_measured_anchor,,,,137.0,75.0,12.0,12.0,1
1c1258a1-d0f6-433e-9466-dbc1705fa263,118,map,272.0,150.0,24.0,24.0,284.0,162.0,136.0,75.0,12.0,12.0,high,target_1c_measured_anchor,,,,136.0,75.0,12.0,12.0,1
1c1258a1-d0f6-433e-9466-dbc1705fa263,119,appearance,282.0,158.0,6.0,10.0,285.0,163.0,141.0,79.0,3.0,5.0,high,target_1c_measured_anchor,,,,141.0,79.0,3.0,5.0,1
1c1258a1-d0f6-433e-9466-dbc1705fa263,120,map,274.0,150.0,24.0,24.0,286.0,162.0,137.0,75.0,12.0,12.0,high,target_1c_measured_anchor,,,,137.0,75.0,12.0,12.0,1
1c1258a1-d0f6-433e-9466-dbc1705fa263,121,map,276.0,150.0,24.0,24.0,288.0,162.0,138.0,75.0,12.0,12.0,high,target_1c_measured_anchor,,,,138.0,75.0,12.0,12.0,1
1c1258a1-d0f6-433e-9466-dbc1705fa263,122,map,278.0,150.0,24.0,24.0,290.0,162.0,139.0,75.0,12.0,12.0,high,target_1c_measured_anchor,,,,139.0,75.0,12.0,12.0,1
1c1258a1-d0f6-433e-9466-dbc1705fa263,123,map,278.0,150.0,24.0,24.0,290.0,162.0,139.0,75.0,12.0,12.0,high,target_1c_measured_anchor,,,,139.0,75.0,12.0,12.0,1
1c1258a1-d0f6-433e-9466-dbc1705fa263,124,map,274.0,154.0,6.0,6.0,277.0,157.0,137.0,77.0,3.0,3.0,high,target_1c_measured_anchor,,,,137.0,77.0,3.0,3.0,1
1c1258a1-d0f6-433e-9466-dbc1705fa263,125,map,276.0,152.0,24.0,24.0,288.0,164.0,138.0,76.0,12.0,12.0,high,target_1c_measured_anchor,,,,138.0,76.0,12.0,12.0,1
1c1258a1-d0f6-433e-9466-dbc1705fa263,126,map,276.0,152.0,24.0,24.0,288.0,164.0,138.0,76.0,12.0,12.0,high,target_1c_measured_anchor,,,,138.0,76.0,12.0,12.0,1
1c1258a1-d0f6-433e-9466-dbc1705fa263,127,map,280.0,152.0,24.0,24.0,292.0,164.0,140.0,76.0,12.0,12.0,high,target_1c_measured_anchor,,,,140.0,76.0,12.0,12.0,1
1c1258a1-d0f6-433e-9466-dbc1705fa263,128,map,280.0,152.0,24.0,24.0,292.0,164.0,140.0,76.0,12.0,12.0,high,target_1c_measured_anchor,,,,140.0,76.0,12.0,12.0,1
1c1258a1-d0f6-433e-9466-dbc1705fa263,129,map,280.0,152.0,24.0,24.0,292.0,164.0,140.0,76.0,12.0,12.0,high,target_1c_measured_anchor,,,,140.0,76.0,12.0,12.0,1
1c1258a1-d0f6-433e-9466-dbc1705fa263,130,map,286.0,154.0,24.0,24.0,298.0,166.0,143.0,77.0,12.0,12.0,high,target_1c_measured_anchor,,,,143.0,77.0,12.0,12.0,1
1c1258a1-d0f6-433e-9466-dbc1705fa263,131,appearance,294.0,160.0,6.0,10.0,297.0,165.0,147.0,80.0,3.0,5.0,high,target_1c_measured_anchor,,,,147.0,80.0,3.0,5.0,1
1c1258a1-d0f6-433e-9466-dbc1705fa263,132,map,292.0,152.0,24.0,24.0,304.0,164.0,146.0,76.0,12.0,12.0,high,target_1c_measured_anchor,,,,146.0,76.0,12.0,12.0,1
1c1258a1-d0f6-433e-9466-dbc1705fa263,133,map,296.0,152.0,24.0,24.0,308.0,164.0,148.0,76.0,12.0,12.0,high,target_1c_measured_anchor,,,,148.0,76.0,12.0,12.0,1
1c1258a1-d0f6-433e-9466-dbc1705fa263,134,map,300.0,152.0,24.0,24.0,312.0,164.0,150.0,76.0,12.0,12.0,high,target_1c_measured_anchor,,,,150.0,76.0,12.0,12.0,1
1c1258a1-d0f6-433e-9466-dbc1705fa263,135,map,298.0,150.0,24.0,24.0,310.0,162.0,149.0,75.0,12.0,12.0,high,target_1c_measured_anchor,,,,149.0,75.0,12.0,12.0,1
1c1258a1-d0f6-433e-9466-dbc1705fa263,136,map,300.0,150.0,24.0,24.0,312.0,162.0,150.0,75.0,12.0,12.0,high,target_1c_measured_anchor,,,,150.0,75.0,12.0,12.0,1
1c1258a1-d0f6-433e-9466-dbc1705fa263,137,map,304.0,150.0,24.0,24.0,316.0,162.0,152.0,75.0,12.0,12.0,high,target_1c_measured_anchor,,,,152.0,75.0,12.0,12.0,1
1c1258a1-d0f6-433e-9466-dbc1705fa263,138,map,306.0,150.0,24.0,24.0,318.0,162.0,153.0,75.0,12.0,12.0,high,target_1c_measured_anchor,,,,153.0,75.0,12.0,12.0,1
1c1258a1-d0f6-433e-9466-dbc1705fa263,139,map,308.0,150.0,24.0,24.0,320.0,162.0,154.0,75.0,12.0,12.0,high,target_1c_measured_anchor,,,,154.0,75.0,12.0,12.0,1
1c1258a1-d0f6-433e-9466-dbc1705fa263,140,map,306.0,150.0,24.0,24.0,318.0,162.0,153.0,75.0,12.0,12.0,high,target_1c_measured_anchor,,,,153.0,75.0,12.0,12.0,1
1c1258a1-d0f6-433e-9466-dbc1705fa263,141,map,308.0,150.0,24.0,24.0,320.0,162.0,154.0,75.0,12.0,12.0,high,target_1c_measured_anchor,,,,154.0,75.0,12.0,12.0,1
1c1258a1-d0f6-433e-9466-dbc1705fa263,142,map,312.0,152.0,24.0,24.0,324.0,164.0,156.0,76.0,12.0,12.0,high,target_1c_measured_anchor,,,,156.0,76.0,12.0,12.0,1
1c1258a1-d0f6-433e-9466-dbc1705fa263,143,map,314.0,152.0,24.0,24.0,326.0,164.0,157.0,76.0,12.0,12.0,high,target_1c_measured_anchor,,,,157.0,76.0,12.0,12.0,1
1c1258a1-d0f6-433e-9466-dbc1705fa263,144,map,316.0,152.0,24.0,24.0,328.0,164.0,158.0,76.0,12.0,12.0,high,target_1c_measured_anchor,,,,158.0,76.0,12.0,12.0,1
1c1258a1-d0f6-433e-9466-dbc1705fa263,145,map,314.0,148.0,24.0,24.0,326.0,160.0,157.0,74.0,12.0,12.0,high,target_1c_measured_anchor,,,,157.0,74.0,12.0,12.0,1
1c1258a1-d0f6-433e-9466-dbc1705fa263,146,map,316.0,146.0,24.0,24.0,328.0,158.0,158.0,73.0,12.0,12.0,high,target_1c_measured_anchor,,,,158.0,73.0,12.0,12.0,1
1c1258a1-d0f6-433e-9466-dbc1705fa263,147,map,316.0,148.0,24.0,24.0,328.0,160.0,158.0,74.0,12.0,12.0,high,target_1c_measured_anchor,,,,158.0,74.0,12.0,12.0,1
1c1258a1-d0f6-433e-9466-dbc1705fa263,148,map,320.0,150.0,24.0,24.0,332.0,162.0,160.0,75.0,12.0,12.0,high,target_1c_measured_anchor,,,,160.0,75.0,12.0,12.0,1
1c1258a1-d0f6-433e-9466-dbc1705fa263,149,map,322.0,150.0,24.0,24.0,334.0,162.0,161.0,75.0,12.0,12.0,high,target_1c_measured_anchor,,,,161.0,75.0,12.0,12.0,1
1c1258a1-d0f6-433e-9466-dbc1705fa263,150,map,320.0,152.0,24.0,24.0,332.0,164.0,160.0,76.0,12.0,12.0,high,target_1c_measured_anchor,,,,160.0,76.0,12.0,12.0,1
1c1258a1-d0f6-433e-9466-dbc1705fa263,151,map,322.0,152.0,24.0,24.0,334.0,164.0,161.0,76.0,12.0,12.0,high,target_1c_measured_anchor,,,,161.0,76.0,12.0,12.0,1
1c1258a1-d0f6-433e-9466-dbc1705fa263,152,map,318.0,148.0,24.0,24.0,330.0,160.0,159.0,74.0,12.0,12.0,high,target_1c_measured_anchor,,,,159.0,74.0,12.0,12.0,1
1c1258a1-d0f6-433e-9466-dbc1705fa263,153,map,324.0,152.0,24.0,24.0,336.0,164.0,162.0,76.0,12.0,12.0,high,target_1c_measured_anchor,,,,162.0,76.0,12.0,12.0,1
1c1258a1-d0f6-433e-9466-dbc1705fa263,154,map,326.0,152.0,24.0,24.0,338.0,164.0,163.0,76.0,12.0,12.0,high,target_1c_measured_anchor,,,,163.0,76.0,12.0,12.0,1
1c1258a1-d0f6-433e-9466-dbc1705fa263,155,map,322.0,150.0,24.0,24.0,334.0,162.0,161.0,75.0,12.0,12.0,high,target_1c_measured_anchor,,,,161.0,75.0,12.0,12.0,1
1c1258a1-d0f6-433e-9466-dbc1705fa263,156,map,324.0,150.0,24.0,24.0,336.0,162.0,162.0,75.0,12.0,12.0,high,target_1c_measured_anchor,,,,162.0,75.0,12.0,12.0,1
1c1258a1-d0f6-433e-9466-dbc1705fa263,157,map,322.0,148.0,24.0,24.0,334.0,160.0,161.0,74.0,12.0,12.0,high,target_1c_measured_anchor,,,,161.0,74.0,12.0,12.0,1
1c1258a1-d0f6-433e-9466-dbc1705fa263,158,map,324.0,148.0,24.0,24.0,336.0,160.0,162.0,74.0,12.0,12.0,high,target_1c_measured_anchor,,,,162.0,74.0,12.0,12.0,1
1c1258a1-d0f6-433e-9466-dbc1705fa263,159,map,326.0,148.0,24.0,24.0,338.0,160.0,163.0,74.0,12.0,12.0,high,target_1c_measured_anchor,,,,163.0,74.0,12.0,12.0,1
1c1258a1-d0f6-433e-9466-dbc1705fa263,160,map,326.0,148.0,24.0,24.0,338.0,160.0,163.0,74.0,12.0,12.0,high,target_1c_measured_anchor,,,,163.0,74.0,12.0,12.0,1
1c1258a1-d0f6-433e-9466-dbc1705fa263,161,map,328.0,148.0,24.0,24.0,340.0,160.0,164.0,74.0,12.0,12.0,high,target_1c_measured_anchor,,,,164.0,74.0,12.0,12.0,1
1c1258a1-d0f6-433e-9466-dbc1705fa263,162,map,328.0,148.0,24.0,24.0,340.0,160.0,164.0,74.0,12.0,12.0,high,target_1c_measured_anchor,,,,164.0,74.0,12.0,12.0,1
1c1258a1-d0f6-433e-9466-dbc1705fa263,163,map,330.0,146.0,24.0,24.0,342.0,158.0,165.0,73.0,12.0,12.0,high,target_1c_measured_anchor,,,,165.0,73.0,12.0,12.0,1
1c1258a1-d0f6-433e-9466-dbc1705fa263,164,map,332.0,146.0,24.0,24.0,344.0,158.0,166.0,73.0,12.0,12.0,high,target_1c_measured_anchor,,,,166.0,73.0,12.0,12.0,1
1c1258a1-d0f6-433e-9466-dbc1705fa263,165,map,332.0,146.0,24.0,24.0,344.0,158.0,166.0,73.0,12.0,12.0,high,target_1c_measured_anchor,,,,166.0,73.0,12.0,12.0,1
1c1258a1-d0f6-433e-9466-dbc1705fa263,166,map,334.0,146.0,24.0,24.0,346.0,158.0,167.0,73.0,12.0,12.0,high,target_1c_measured_anchor,,,,167.0,73.0,12.0,12.0,1
1c1258a1-d0f6-433e-9466-dbc1705fa263,167,map,334.0,150.0,24.0,24.0,346.0,162.0,167.0,75.0,12.0,12.0,high,target_1c_measured_anchor,,,,167.0,75.0,12.0,12.0,1
1c1258a1-d0f6-433e-9466-dbc1705fa263,168,map,336.0,150.0,24.0,24.0,348.0,162.0,168.0,75.0,12.0,12.0,high,target_1c_measured_anchor,,,,168.0,75.0,12.0,12.0,1
1c1258a1-d0f6-433e-9466-dbc1705fa263,169,map,338.0,150.0,24.0,24.0,350.0,162.0,169.0,75.0,12.0,12.0,high,target_1c_measured_anchor,,,,169.0,75.0,12.0,12.0,1
1c1258a1-d0f6-433e-9466-dbc1705fa263,170,map,338.0,150.0,24.0,24.0,350.0,162.0,169.0,75.0,12.0,12.0,high,target_1c_measured_anchor,,,,169.0,75.0,12.0,12.0,1
1c1258a1-d0f6-433e-9466-dbc1705fa263,171,map,340.0,150.0,24.0,24.0,352.0,162.0,170.0,75.0,12.0,12.0,high,target_1c_measured_anchor,,,,170.0,75.0,12.0,12.0,1
1c1258a1-d0f6-433e-9466-dbc1705fa263,172,map,338.0,150.0,24.0,24.0,350.0,162.0,169.0,75.0,12.0,12.0,high,target_1c_measured_anchor,,,,169.0,75.0,12.0,12.0,1
1c1258a1-d0f6-433e-9466-dbc1705fa263,173,map,340.0,150.0,24.0,24.0,352.0,162.0,170.0,75.0,12.0,12.0,high,target_1c_measured_anchor,,,,170.0,75.0,12.0,12.0,1
1c1258a1-d0f6-433e-9466-dbc1705fa263,174,map,342.0,150.0,24.0,24.0,354.0,162.0,171.0,75.0,12.0,12.0,high,target_1c_measured_anchor,,,,171.0,75.0,12.0,12.0,1
1c1258a1-d0f6-433e-9466-dbc1705fa263,175,map,342.0,150.0,24.0,24.0,354.0,162.0,171.0,75.0,12.0,12.0,high,target_1c_measured_anchor,,,,171.0,75.0,12.0,12.0,1
1c1258a1-d0f6-433e-9466-dbc1705fa263,176,map,344.0,150.0,24.0,24.0,356.0,162.0,172.0,75.0,12.0,12.0,high,target_1c_measured_anchor,,,,172.0,75.0,12.0,12.0,1
1c1258a1-d0f6-433e-9466-dbc1705fa263,177,map,344.0,150.0,24.0,24.0,356.0,162.0,172.0,75.0,12.0,12.0,high,target_1c_measured_anchor,,,,172.0,75.0,12.0,12.0,1
1c1258a1-d0f6-433e-9466-dbc1705fa263,178,map,344.0,142.0,24.0,24.0,356.0,154.0,172.0,71.0,12.0,12.0,high,target_1c_measured_anchor,,,,172.0,71.0,12.0,12.0,1
1c1258a1-d0f6-433e-9466-dbc1705fa263,179,map,352.0,148.0,10.0,10.0,357.0,153.0,176.0,74.0,5.0,5.0,high,target_1c_measured_anchor,,,,176.0,74.0,5.0,5.0,1
1c1258a1-d0f6-433e-9466-dbc1705fa263,180,map,346.0,138.0,24.0,24.0,358.0,150.0,173.0,69.0,12.0,12.0,high,target_1c_measured_anchor,,,,173.0,69.0,12.0,12.0,1
1c1258a1-d0f6-433e-9466-dbc1705fa263,181,map,352.0,144.0,10.0,10.0,357.0,149.0,176.0,72.0,5.0,5.0,high,target_1c_measured_anchor,,,,176.0,72.0,5.0,5.0,1
1c1258a1-d0f6-433e-9466-dbc1705fa263,182,map,348.0,134.0,24.0,24.0,360.0,146.0,174.0,67.0,12.0,12.0,high,target_1c_measured_anchor,,,,174.0,67.0,12.0,12.0,1
1c1258a1-d0f6-433e-9466-dbc1705fa263,183,map,350.0,134.0,24.0,24.0,362.0,146.0,175.0,67.0,12.0,12.0,high,target_1c_measured_anchor,,,,175.0,67.0,12.0,12.0,1
1c1258a1-d0f6-433e-9466-dbc1705fa263,184,map,352.0,132.0,24.0,24.0,364.0,144.0,176.0,66.0,12.0,12.0,high,target_1c_measured_anchor,,,,176.0,66.0,12.0,12.0,1
1c1258a1-d0f6-433e-9466-dbc1705fa263,185,map,352.0,136.0,24.0,24.0,364.0,148.0,176.0,68.0,12.0,12.0,high,target_1c_measured_anchor,,,,176.0,68.0,12.0,12.0,1
1c1258a1-d0f6-433e-9466-dbc1705fa263,186,map,368.0,160.0,6.0,6.0,371.0,163.0,184.0,80.0,3.0,3.0,high,target_1c_measured_anchor,,,,184.0,80.0,3.0,3.0,1
1c1258a1-d0f6-433e-9466-dbc1705fa263,187,map,352.0,138.0,24.0,24.0,364.0,150.0,176.0,69.0,12.0,12.0,high,target_1c_measured_anchor,,,,176.0,69.0,12.0,12.0,1
1c1258a1-d0f6-433e-9466-dbc1705fa263,188,map,354.0,140.0,24.0,24.0,366.0,152.0,177.0,70.0,12.0,12.0,high,target_1c_measured_anchor,,,,177.0,70.0,12.0,12.0,1
1c1258a1-d0f6-433e-9466-dbc1705fa263,189,map,354.0,140.0,24.0,24.0,366.0,152.0,177.0,70.0,12.0,12.0,high,target_1c_measured_anchor,,,,177.0,70.0,12.0,12.0,1
1c1258a1-d0f6-433e-9466-dbc1705fa263,190,map,356.0,148.0,24.0,24.0,368.0,160.0,178.0,74.0,12.0,12.0,high,target_1c_measured_anchor,,,,178.0,74.0,12.0,12.0,1
1c1258a1-d0f6-433e-9466-dbc1705fa263,191,map,356.0,150.0,24.0,24.0,368.0,162.0,178.0,75.0,12.0,12.0,high,target_1c_measured_anchor,,,,178.0,75.0,12.0,12.0,1
1c1258a1-d0f6-433e-9466-dbc1705fa263,192,map,356.0,146.0,24.0,24.0,368.0,158.0,178.0,73.0,12.0,12.0,high,target_1c_measured_anchor,,,,178.0,73.0,12.0,12.0,1
1c1258a1-d0f6-433e-9466-dbc1705fa263,193,map,358.0,154.0,24.0,24.0,370.0,166.0,179.0,77.0,12.0,12.0,high,target_1c_measured_anchor,,,,179.0,77.0,12.0,12.0,1
1c1258a1-d0f6-433e-9466-dbc1705fa263,194,map,360.0,158.0,24.0,24.0,372.0,170.0,180.0,79.0,12.0,12.0,high,target_1c_measured_anchor,,,,180.0,79.0,12.0,12.0,1
1c1258a1-d0f6-433e-9466-dbc1705fa263,195,map,358.0,152.0,24.0,24.0,370.0,164.0,179.0,76.0,12.0,12.0,high,target_1c_measured_anchor,,,,179.0,76.0,12.0,12.0,1
1c1258a1-d0f6-433e-9466-dbc1705fa263,196,map,368.0,164.0,6.0,6.0,371.0,167.0,184.0,82.0,3.0,3.0,high,target_1c_measured_anchor,,,,184.0,82.0,3.0,3.0,1
1c1258a1-d0f6-433e-9466-dbc1705fa263,197,map,358.0,156.0,24.0,24.0,370.0,168.0,179.0,78.0,12.0,12.0,high,target_1c_measured_anchor,,,,179.0,78.0,12.0,12.0,1
1c1258a1-d0f6-433e-9466-dbc1705fa263,198,map,360.0,164.0,24.0,24.0,372.0,176.0,180.0,82.0,12.0,12.0,high,target_1c_measured_anchor,,,,180.0,82.0,12.0,12.0,1
1c1258a1-d0f6-433e-9466-dbc1705fa263,199,map,368.0,168.0,6.0,6.0,371.0,171.0,184.0,84.0,3.0,3.0,high,target_1c_measured_anchor,,,,184.0,84.0,3.0,3.0,1
1c1258a1-d0f6-433e-9466-dbc1705fa263,200,map,360.0,162.0,24.0,24.0,372.0,174.0,180.0,81.0,12.0,12.0,high,target_1c_measured_anchor,,,,180.0,81.0,12.0,12.0,1
1c1258a1-d0f6-433e-9466-dbc1705fa263,201,map,360.0,164.0,24.0,24.0,372.0,176.0,180.0,82.0,12.0,12.0,high,target_1c_measured_anchor,,,,180.0,82.0,12.0,12.0,1
1c1258a1-d0f6-433e-9466-dbc1705fa263,202,map,362.0,170.0,24.0,24.0,374.0,182.0,181.0,85.0,12.0,12.0,high,target_1c_measured_anchor,,,,181.0,85.0,12.0,12.0,1
1c1258a1-d0f6-433e-9466-dbc1705fa263,203,map,362.0,174.0,24.0,24.0,374.0,186.0,181.0,87.0,12.0,12.0,high,target_1c_measured_anchor,,,,181.0,87.0,12.0,12.0,1
1c1258a1-d0f6-433e-9466-dbc1705fa263,204,map,362.0,178.0,24.0,24.0,374.0,190.0,181.0,89.0,12.0,12.0,high,target_1c_measured_anchor,,,,181.0,89.0,12.0,12.0,1
1c1258a1-d0f6-433e-9466-dbc1705fa263,205,map,362.0,176.0,24.0,24.0,374.0,188.0,181.0,88.0,12.0,12.0,high,target_1c_measured_anchor,,,,181.0,88.0,12.0,12.0,1
1c1258a1-d0f6-433e-9466-dbc1705fa263,206,map,372.0,180.0,10.0,10.0,377.0,185.0,186.0,90.0,5.0,5.0,high,target_1c_measured_anchor,,,,186.0,90.0,5.0,5.0,1
1c1258a1-d0f6-433e-9466-dbc1705fa263,207,map,364.0,180.0,24.0,24.0,376.0,192.0,182.0,90.0,12.0,12.0,high,target_1c_measured_anchor,,,,182.0,90.0,12.0,12.0,1
1c1258a1-d0f6-433e-9466-dbc1705fa263,208,map,364.0,182.0,24.0,24.0,376.0,194.0,182.0,91.0,12.0,12.0,high,target_1c_measured_anchor,,,,182.0,91.0,12.0,12.0,1
1c1258a1-d0f6-433e-9466-dbc1705fa263,209,appearance,374.0,188.0,8.0,8.0,378.0,192.0,187.0,94.0,4.0,4.0,high,target_1c_measured_anchor,,,,187.0,94.0,4.0,4.0,1
1c1258a1-d0f6-433e-9466-dbc1705fa263,210,map,364.0,180.0,24.0,24.0,376.0,192.0,182.0,90.0,12.0,12.0,high,target_1c_measured_anchor,,,,182.0,90.0,12.0,12.0,1
1c1258a1-d0f6-433e-9466-dbc1705fa263,211,map,364.0,180.0,24.0,24.0,376.0,192.0,182.0,90.0,12.0,12.0,high,target_1c_measured_anchor,,,,182.0,90.0,12.0,12.0,1
1c1258a1-d0f6-433e-9466-dbc1705fa263,212,map,366.0,182.0,24.0,24.0,378.0,194.0,183.0,91.0,12.0,12.0,high,target_1c_measured_anchor,,,,183.0,91.0,12.0,12.0,1
1c1258a1-d0f6-433e-9466-dbc1705fa263,213,map,366.0,188.0,24.0,24.0,378.0,200.0,183.0,94.0,12.0,12.0,high,target_1c_measured_anchor,,,,183.0,94.0,12.0,12.0,1
1c1258a1-d0f6-433e-9466-dbc1705fa263,214,appearance,376.0,194.0,8.0,8.0,380.0,198.0,188.0,97.0,4.0,4.0,high,target_1c_measured_anchor,,,,188.0,97.0,4.0,4.0,1
1c1258a1-d0f6-433e-9466-dbc1705fa263,215,map,368.0,184.0,24.0,24.0,380.0,196.0,184.0,92.0,12.0,12.0,high,target_1c_measured_anchor,,,,184.0,92.0,12.0,12.0,1
1c1258a1-d0f6-433e-9466-dbc1705fa263,216,map,368.0,184.0,24.0,24.0,380.0,196.0,184.0,92.0,12.0,12.0,high,target_1c_measured_anchor,,,,184.0,92.0,12.0,12.0,1
1c1258a1-d0f6-433e-9466-dbc1705fa263,217,map,370.0,190.0,24.0,24.0,382.0,202.0,185.0,95.0,12.0,12.0,high,target_1c_measured_anchor,,,,185.0,95.0,12.0,12.0,1
1c1258a1-d0f6-433e-9466-dbc1705fa263,218,map,372.0,192.0,24.0,24.0,384.0,204.0,186.0,96.0,12.0,12.0,high,target_1c_measured_anchor,,,,186.0,96.0,12.0,12.0,1
1c1258a1-d0f6-433e-9466-dbc1705fa263,219,map,374.0,194.0,24.0,24.0,386.0,206.0,187.0,97.0,12.0,12.0,high,target_1c_measured_anchor,,,,187.0,97.0,12.0,12.0,1
1c1258a1-d0f6-433e-9466-dbc1705fa263,220,map,372.0,194.0,24.0,24.0,384.0,206.0,186.0,97.0,12.0,12.0,high,target_1c_measured_anchor,,,,186.0,97.0,12.0,12.0,1
1c1258a1-d0f6-433e-9466-dbc1705fa263,221,appearance,380.0,200.0,8.0,8.0,384.0,204.0,190.0,100.0,4.0,4.0,high,target_1c_measured_anchor,,,,190.0,100.0,4.0,4.0,1
1c1258a1-d0f6-433e-9466-dbc1705fa263,222,map,370.0,198.0,24.0,24.0,382.0,210.0,185.0,99.0,12.0,12.0,high,target_1c_measured_anchor,,,,185.0,99.0,12.0,12.0,1
1c1258a1-d0f6-433e-9466-dbc1705fa263,223,map,376.0,198.0,24.0,24.0,388.0,210.0,188.0,99.0,12.0,12.0,high,target_1c_measured_anchor,,,,188.0,99.0,12.0,12.0,1
1c1258a1-d0f6-433e-9466-dbc1705fa263,224,appearance,380.0,206.0,10.0,8.0,385.0,210.0,190.0,103.0,5.0,4.0,high,target_1c_measured_anchor,,,,190.0,103.0,5.0,4.0,1
1c1258a1-d0f6-433e-9466-dbc1705fa263,225,map,376.0,202.0,24.0,24.0,388.0,214.0,188.0,101.0,12.0,12.0,high,target_1c_measured_anchor,,,,188.0,101.0,12.0,12.0,1
1c1258a1-d0f6-433e-9466-dbc1705fa263,226,appearance,380.0,210.0,10.0,8.0,385.0,214.0,190.0,105.0,5.0,4.0,high,target_1c_measured_anchor,,,,190.0,105.0,5.0,4.0,1
1c1258a1-d0f6-433e-9466-dbc1705fa263,227,map,378.0,206.0,24.0,24.0,390.0,218.0,189.0,103.0,12.0,12.0,high,target_1c_measured_anchor,,,,189.0,103.0,12.0,12.0,1
1c1258a1-d0f6-433e-9466-dbc1705fa263,228,map,372.0,208.0,24.0,24.0,384.0,220.0,186.0,104.0,12.0,12.0,high,target_1c_measured_anchor,,,,186.0,104.0,12.0,12.0,1
1c1258a1-d0f6-433e-9466-dbc1705fa263,229,appearance,382.0,218.0,10.0,8.0,387.0,222.0,191.0,109.0,5.0,4.0,high,target_1c_measured_anchor,,,,191.0,109.0,5.0,4.0,1
1c1258a1-d0f6-433e-9466-dbc1705fa263,230,map,374.0,214.0,24.0,24.0,386.0,226.0,187.0,107.0,12.0,12.0,high,target_1c_measured_anchor,,,,187.0,107.0,12.0,12.0,1
1c1258a1-d0f6-433e-9466-dbc1705fa263,231,motion,386.0,228.0,16.0,8.0,394.0,232.0,193.0,114.0,8.0,4.0,high,target_1c_measured_anchor,,,,193.0,114.0,8.0,4.0,1
1c1258a1-d0f6-433e-9466-dbc1705fa263,232,motion,384.0,228.0,18.0,8.0,393.0,232.0,192.0,114.0,9.0,4.0,high,target_1c_measured_anchor,,,,192.0,114.0,9.0,4.0,1
1c1258a1-d0f6-433e-9466-dbc1705fa263,233,map,376.0,224.0,24.0,24.0,388.0,236.0,188.0,112.0,12.0,12.0,high,target_1c_measured_anchor,,,,188.0,112.0,12.0,12.0,1
1c1258a1-d0f6-433e-9466-dbc1705fa263,234,vision_dense_recovery,376.0,226.06,24.0,24.0,388.0,238.06,188.0,113.03,12.0,12.0,medium_high,target_1c_interpolated_gap,,,,188.0,113.03,12.0,12.0,1
1c1258a1-d0f6-433e-9466-dbc1705fa263,235,vision_dense_recovery,376.0,228.14,24.0,24.0,388.0,240.14,188.0,114.07,12.0,12.0,medium_high,target_1c_interpolated_gap,,,,188.0,114.07,12.0,12.0,1
1c1258a1-d0f6-433e-9466-dbc1705fa263,236,vision_dense_recovery,376.0,230.2,24.0,24.0,388.0,242.2,188.0,115.1,12.0,12.0,medium_high,target_1c_interpolated_gap,,,,188.0,115.1,12.0,12.0,1
1c1258a1-d0f6-433e-9466-dbc1705fa263,237,vision_dense_recovery,376.0,232.26,24.0,24.0,388.0,244.26,188.0,116.13,12.0,12.0,medium_high,target_1c_interpolated_gap,,,,188.0,116.13,12.0,12.0,1
1c1258a1-d0f6-433e-9466-dbc1705fa263,238,vision_dense_recovery,376.0,234.34,24.0,24.0,388.0,246.34,188.0,117.17,12.0,12.0,medium_high,target_1c_interpolated_gap,,,,188.0,117.17,12.0,12.0,1
1c1258a1-d0f6-433e-9466-dbc1705fa263,239,vision_dense_recovery,376.0,236.4,24.0,24.0,388.0,248.4,188.0,118.2,12.0,12.0,medium_high,target_1c_interpolated_gap,,,,188.0,118.2,12.0,12.0,1
1c1258a1-d0f6-433e-9466-dbc1705fa263,240,vision_dense_recovery,376.0,238.46,24.0,24.0,388.0,250.46,188.0,119.23,12.0,12.0,medium_high,target_1c_interpolated_gap,,,,188.0,119.23,12.0,12.0,1
1c1258a1-d0f6-433e-9466-dbc1705fa263,241,vision_dense_recovery,376.0,240.54,24.0,24.0,388.0,252.54,188.0,120.27,12.0,12.0,medium_high,target_1c_interpolated_gap,,,,188.0,120.27,12.0,12.0,1
1c1258a1-d0f6-433e-9466-dbc1705fa263,242,vision_dense_recovery,376.0,242.6,24.0,24.0,388.0,254.6,188.0,121.3,12.0,12.0,medium_high,target_1c_interpolated_gap,,,,188.0,121.3,12.0,12.0,1
1c1258a1-d0f6-433e-9466-dbc1705fa263,243,vision_dense_recovery,376.0,244.66,24.0,24.0,388.0,256.66,188.0,122.33,12.0,12.0,medium_high,target_1c_interpolated_gap,,,,188.0,122.33,12.0,12.0,1
1c1258a1-d0f6-433e-9466-dbc1705fa263,244,vision_dense_recovery,376.0,246.74,24.0,24.0,388.0,258.74,188.0,123.37,12.0,12.0,medium_high,target_1c_interpolated_gap,,,,188.0,123.37,12.0,12.0,1
1c1258a1-d0f6-433e-9466-dbc1705fa263,245,vision_dense_recovery,376.0,248.8,24.0,24.0,388.0,260.8,188.0,124.4,12.0,12.0,medium_high,target_1c_interpolated_gap,,,,188.0,124.4,12.0,12.0,1
1c1258a1-d0f6-433e-9466-dbc1705fa263,246,vision_dense_recovery,376.0,250.86,24.0,24.0,388.0,262.86,188.0,125.43,12.0,12.0,medium_high,target_1c_interpolated_gap,,,,188.0,125.43,12.0,12.0,1
1c1258a1-d0f6-433e-9466-dbc1705fa263,247,vision_dense_recovery,376.0,252.94,24.0,24.0,388.0,264.94,188.0,126.47,12.0,12.0,medium_high,target_1c_interpolated_gap,,,,188.0,126.47,12.0,12.0,1
1c1258a1-d0f6-433e-9466-dbc1705fa263,248,vision_dense_recovery,376.0,255.0,24.0,24.0,388.0,267.0,188.0,127.5,12.0,12.0,medium_high,target_1c_interpolated_gap,,,,188.0,127.5,12.0,12.0,1
1c1258a1-d0f6-433e-9466-dbc1705fa263,249,vision_dense_recovery,376.0,257.06,24.0,24.0,388.0,269.06,188.0,128.53,12.0,12.0,medium_high,target_1c_interpolated_gap,,,,188.0,128.53,12.0,12.0,1
1c1258a1-d0f6-433e-9466-dbc1705fa263,250,vision_dense_recovery,376.0,259.14,24.0,24.0,388.0,271.14,188.0,129.57,12.0,12.0,medium_high,target_1c_interpolated_gap,,,,188.0,129.57,12.0,12.0,1
1c1258a1-d0f6-433e-9466-dbc1705fa263,251,vision_dense_recovery,376.0,261.2,24.0,24.0,388.0,273.2,188.0,130.6,12.0,12.0,medium_high,target_1c_interpolated_gap,,,,188.0,130.6,12.0,12.0,1
1c1258a1-d0f6-433e-9466-dbc1705fa263,252,vision_dense_recovery,376.0,263.26,24.0,24.0,388.0,275.26,188.0,131.63,12.0,12.0,medium_high,target_1c_interpolated_gap,,,,188.0,131.63,12.0,12.0,1
1c1258a1-d0f6-433e-9466-dbc1705fa263,253,vision_dense_recovery,376.0,265.34,24.0,24.0,388.0,277.34,188.0,132.67,12.0,12.0,medium_high,target_1c_interpolated_gap,,,,188.0,132.67,12.0,12.0,1
1c1258a1-d0f6-433e-9466-dbc1705fa263,254,vision_dense_recovery,376.0,267.4,24.0,24.0,388.0,279.4,188.0,133.7,12.0,12.0,medium_high,target_1c_interpolated_gap,,,,188.0,133.7,12.0,12.0,1
1c1258a1-d0f6-433e-9466-dbc1705fa263,255,vision_dense_recovery,376.0,269.46,24.0,24.0,388.0,281.46,188.0,134.73,12.0,12.0,medium_high,target_1c_interpolated_gap,,,,188.0,134.73,12.0,12.0,1
1c1258a1-d0f6-433e-9466-dbc1705fa263,256,vision_dense_recovery,376.0,271.54,24.0,24.0,388.0,283.54,188.0,135.77,12.0,12.0,medium_high,target_1c_interpolated_gap,,,,188.0,135.77,12.0,12.0,1
1c1258a1-d0f6-433e-9466-dbc1705fa263,257,vision_dense_recovery,376.0,273.6,24.0,24.0,388.0,285.6,188.0,136.8,12.0,12.0,medium_high,target_1c_interpolated_gap,,,,188.0,136.8,12.0,12.0,1
1c1258a1-d0f6-433e-9466-dbc1705fa263,258,vision_dense_recovery,376.0,275.66,24.0,24.0,388.0,287.66,188.0,137.83,12.0,12.0,medium_high,target_1c_interpolated_gap,,,,188.0,137.83,12.0,12.0,1
1c1258a1-d0f6-433e-9466-dbc1705fa263,259,vision_dense_recovery,376.0,277.74,24.0,24.0,388.0,289.74,188.0,138.87,12.0,12.0,medium_high,target_1c_interpolated_gap,,,,188.0,138.87,12.0,12.0,1
1c1258a1-d0f6-433e-9466-dbc1705fa263,260,vision_dense_recovery,376.0,279.8,24.0,24.0,388.0,291.8,188.0,139.9,12.0,12.0,medium_high,target_1c_interpolated_gap,,,,188.0,139.9,12.0,12.0,1
1c1258a1-d0f6-433e-9466-dbc1705fa263,261,vision_dense_recovery,376.0,281.86,24.0,24.0,388.0,293.86,188.0,140.93,12.0,12.0,medium_high,target_1c_interpolated_gap,,,,188.0,140.93,12.0,12.0,1
1c1258a1-d0f6-433e-9466-dbc1705fa263,262,vision_dense_recovery,376.0,283.94,24.0,24.0,388.0,295.94,188.0,141.97,12.0,12.0,medium_high,target_1c_interpolated_gap,,,,188.0,141.97,12.0,12.0,1
1c1258a1-d0f6-433e-9466-dbc1705fa263,263,map,376.0,286.0,24.0,24.0,388.0,298.0,188.0,143.0,12.0,12.0,high,target_1c_measured_anchor,,,,188.0,143.0,12.0,12.0,1
1c1258a1-d0f6-433e-9466-dbc1705fa263,264,map,376.0,286.0,24.0,24.0,388.0,298.0,188.0,143.0,12.0,12.0,high,target_1c_measured_anchor,,,,188.0,143.0,12.0,12.0,1
1c1258a1-d0f6-433e-9466-dbc1705fa263,265,map,376.0,286.0,24.0,24.0,388.0,298.0,188.0,143.0,12.0,12.0,high,target_1c_measured_anchor,,,,188.0,143.0,12.0,12.0,1
1c1258a1-d0f6-433e-9466-dbc1705fa263,266,map,374.0,286.0,24.0,24.0,386.0,298.0,187.0,143.0,12.0,12.0,high,target_1c_measured_anchor,,,,187.0,143.0,12.0,12.0,1
1c1258a1-d0f6-433e-9466-dbc1705fa263,267,map,374.0,286.0,24.0,24.0,386.0,298.0,187.0,143.0,12.0,12.0,high,target_1c_measured_anchor,,,,187.0,143.0,12.0,12.0,1
1c1258a1-d0f6-433e-9466-dbc1705fa263,268,map,372.0,284.0,24.0,24.0,384.0,296.0,186.0,142.0,12.0,12.0,high,target_1c_measured_anchor,,,,186.0,142.0,12.0,12.0,1
1c1258a1-d0f6-433e-9466-dbc1705fa263,269,map,370.0,284.0,24.0,24.0,382.0,296.0,185.0,142.0,12.0,12.0,high,target_1c_measured_anchor,,,,185.0,142.0,12.0,12.0,1
1c1258a1-d0f6-433e-9466-dbc1705fa263,270,map,370.0,284.0,24.0,24.0,382.0,296.0,185.0,142.0,12.0,12.0,high,target_1c_measured_anchor,,,,185.0,142.0,12.0,12.0,1
1c1258a1-d0f6-433e-9466-dbc1705fa263,271,map,368.0,284.0,24.0,24.0,380.0,296.0,184.0,142.0,12.0,12.0,high,target_1c_measured_anchor,,,,184.0,142.0,12.0,12.0,1
1c1258a1-d0f6-433e-9466-dbc1705fa263,272,map,368.0,282.0,24.0,24.0,380.0,294.0,184.0,141.0,12.0,12.0,high,target_1c_measured_anchor,,,,184.0,141.0,12.0,12.0,1
1c1258a1-d0f6-433e-9466-dbc1705fa263,273,map,368.0,282.0,24.0,24.0,380.0,294.0,184.0,141.0,12.0,12.0,high,target_1c_measured_anchor,,,,184.0,141.0,12.0,12.0,1
1c1258a1-d0f6-433e-9466-dbc1705fa263,274,map,366.0,282.0,24.0,24.0,378.0,294.0,183.0,141.0,12.0,12.0,high,target_1c_measured_anchor,,,,183.0,141.0,12.0,12.0,1
1c1258a1-d0f6-433e-9466-dbc1705fa263,275,map,368.0,280.0,24.0,24.0,380.0,292.0,184.0,140.0,12.0,12.0,high,target_1c_measured_anchor,,,,184.0,140.0,12.0,12.0,1
1c1258a1-d0f6-433e-9466-dbc1705fa263,276,map,366.0,278.0,24.0,24.0,378.0,290.0,183.0,139.0,12.0,12.0,high,target_1c_measured_anchor,,,,183.0,139.0,12.0,12.0,1
1c1258a1-d0f6-433e-9466-dbc1705fa263,277,map,368.0,280.0,24.0,24.0,380.0,292.0,184.0,140.0,12.0,12.0,high,target_1c_measured_anchor,,,,184.0,140.0,12.0,12.0,1
1c1258a1-d0f6-433e-9466-dbc1705fa263,278,map,368.0,280.0,24.0,24.0,380.0,292.0,184.0,140.0,12.0,12.0,high,target_1c_measured_anchor,,,,184.0,140.0,12.0,12.0,1
1c1258a1-d0f6-433e-9466-dbc1705fa263,279,map,368.0,280.0,24.0,24.0,380.0,292.0,184.0,140.0,12.0,12.0,high,target_1c_measured_anchor,,,,184.0,140.0,12.0,12.0,1
1c1258a1-d0f6-433e-9466-dbc1705fa263,280,map,370.0,280.0,24.0,24.0,382.0,292.0,185.0,140.0,12.0,12.0,high,target_1c_measured_anchor,,,,185.0,140.0,12.0,12.0,1
1c1258a1-d0f6-433e-9466-dbc1705fa263,281,map,370.0,280.0,24.0,24.0,382.0,292.0,185.0,140.0,12.0,12.0,high,target_1c_measured_anchor,,,,185.0,140.0,12.0,12.0,1
1c1258a1-d0f6-433e-9466-dbc1705fa263,282,map,370.0,278.0,24.0,24.0,382.0,290.0,185.0,139.0,12.0,12.0,high,target_1c_measured_anchor,,,,185.0,139.0,12.0,12.0,1
1c1258a1-d0f6-433e-9466-dbc1705fa263,283,map,372.0,278.0,24.0,24.0,384.0,290.0,186.0,139.0,12.0,12.0,high,target_1c_measured_anchor,,,,186.0,139.0,12.0,12.0,1
1c1258a1-d0f6-433e-9466-dbc1705fa263,284,map,372.0,278.0,24.0,24.0,384.0,290.0,186.0,139.0,12.0,12.0,high,target_1c_measured_anchor,,,,186.0,139.0,12.0,12.0,1
1c1258a1-d0f6-433e-9466-dbc1705fa263,285,map,374.0,278.0,24.0,24.0,386.0,290.0,187.0,139.0,12.0,12.0,high,target_1c_measured_anchor,,,,187.0,139.0,12.0,12.0,1
1c1258a1-d0f6-433e-9466-dbc1705fa263,286,map,374.0,278.0,24.0,24.0,386.0,290.0,187.0,139.0,12.0,12.0,high,target_1c_measured_anchor,,,,187.0,139.0,12.0,12.0,1
1c1258a1-d0f6-433e-9466-dbc1705fa263,287,map,374.0,276.0,24.0,24.0,386.0,288.0,187.0,138.0,12.0,12.0,high,target_1c_measured_anchor,,,,187.0,138.0,12.0,12.0,1
1c1258a1-d0f6-433e-9466-dbc1705fa263,288,map,376.0,276.0,24.0,24.0,388.0,288.0,188.0,138.0,12.0,12.0,high,target_1c_measured_anchor,,,,188.0,138.0,12.0,12.0,1
1c1258a1-d0f6-433e-9466-dbc1705fa263,289,map,376.0,276.0,24.0,24.0,388.0,288.0,188.0,138.0,12.0,12.0,high,target_1c_measured_anchor,,,,188.0,138.0,12.0,12.0,1
1c1258a1-d0f6-433e-9466-dbc1705fa263,290,map,376.0,274.0,24.0,24.0,388.0,286.0,188.0,137.0,12.0,12.0,high,target_1c_measured_anchor,,,,188.0,137.0,12.0,12.0,1
1c1258a1-d0f6-433e-9466-dbc1705fa263,291,map,376.0,274.0,24.0,24.0,388.0,286.0,188.0,137.0,12.0,12.0,high,target_1c_measured_anchor,,,,188.0,137.0,12.0,12.0,1
1c1258a1-d0f6-433e-9466-dbc1705fa263,292,map,378.0,274.0,24.0,24.0,390.0,286.0,189.0,137.0,12.0,12.0,high,target_1c_measured_anchor,,,,189.0,137.0,12.0,12.0,1
1c1258a1-d0f6-433e-9466-dbc1705fa263,293,map,378.0,272.0,24.0,24.0,390.0,284.0,189.0,136.0,12.0,12.0,high,target_1c_measured_anchor,,,,189.0,136.0,12.0,12.0,1
1c1258a1-d0f6-433e-9466-dbc1705fa263,294,map,378.0,272.0,24.0,24.0,390.0,284.0,189.0,136.0,12.0,12.0,high,target_1c_measured_anchor,,,,189.0,136.0,12.0,12.0,1
1c1258a1-d0f6-433e-9466-dbc1705fa263,295,map,378.0,268.0,24.0,24.0,390.0,280.0,189.0,134.0,12.0,12.0,high,target_1c_measured_anchor,,,,189.0,134.0,12.0,12.0,1
1c1258a1-d0f6-433e-9466-dbc1705fa263,296,map,378.0,266.0,24.0,24.0,390.0,278.0,189.0,133.0,12.0,12.0,high,target_1c_measured_anchor,,,,189.0,133.0,12.0,12.0,1
1c1258a1-d0f6-433e-9466-dbc1705fa263,297,map,378.0,266.0,24.0,24.0,390.0,278.0,189.0,133.0,12.0,12.0,high,target_1c_measured_anchor,,,,189.0,133.0,12.0,12.0,1
1c1258a1-d0f6-433e-9466-dbc1705fa263,298,map,376.0,256.0,24.0,24.0,388.0,268.0,188.0,128.0,12.0,12.0,high,target_1c_measured_anchor,,,,188.0,128.0,12.0,12.0,1
1c1258a1-d0f6-433e-9466-dbc1705fa263,299,map,374.0,252.0,24.0,24.0,386.0,264.0,187.0,126.0,12.0,12.0,high,target_1c_measured_anchor,,,,187.0,126.0,12.0,12.0,1
1c1258a1-d0f6-433e-9466-dbc1705fa263,300,map,376.0,254.0,24.0,24.0,388.0,266.0,188.0,127.0,12.0,12.0,high,target_1c_measured_anchor,,,,188.0,127.0,12.0,12.0,1
1c1258a1-d0f6-433e-9466-dbc1705fa263,301,map,382.0,254.0,24.0,24.0,394.0,266.0,191.0,127.0,12.0,12.0,high,target_1c_measured_anchor,,,,191.0,127.0,12.0,12.0,1
1c1258a1-d0f6-433e-9466-dbc1705fa263,302,map,374.0,252.0,24.0,24.0,386.0,264.0,187.0,126.0,12.0,12.0,high,target_1c_measured_anchor,,,,187.0,126.0,12.0,12.0,1
1c1258a1-d0f6-433e-9466-dbc1705fa263,303,map,376.0,258.0,24.0,24.0,388.0,270.0,188.0,129.0,12.0,12.0,high,target_1c_measured_anchor,,,,188.0,129.0,12.0,12.0,1
1c1258a1-d0f6-433e-9466-dbc1705fa263,304,map,382.0,252.0,24.0,24.0,394.0,264.0,191.0,126.0,12.0,12.0,high,target_1c_measured_anchor,,,,191.0,126.0,12.0,12.0,1
1c1258a1-d0f6-433e-9466-dbc1705fa263,305,map,376.0,256.0,24.0,24.0,388.0,268.0,188.0,128.0,12.0,12.0,high,target_1c_measured_anchor,,,,188.0,128.0,12.0,12.0,1
1c1258a1-d0f6-433e-9466-dbc1705fa263,306,map,380.0,250.0,24.0,24.0,392.0,262.0,190.0,125.0,12.0,12.0,high,target_1c_measured_anchor,,,,190.0,125.0,12.0,12.0,1
1c1258a1-d0f6-433e-9466-dbc1705fa263,307,map,384.0,256.0,6.0,6.0,387.0,259.0,192.0,128.0,3.0,3.0,high,target_1c_measured_anchor,,,,192.0,128.0,3.0,3.0,1
1c1258a1-d0f6-433e-9466-dbc1705fa263,308,map,376.0,250.0,24.0,24.0,388.0,262.0,188.0,125.0,12.0,12.0,high,target_1c_measured_anchor,,,,188.0,125.0,12.0,12.0,1
1c1258a1-d0f6-433e-9466-dbc1705fa263,309,map,380.0,246.0,24.0,24.0,392.0,258.0,190.0,123.0,12.0,12.0,high,target_1c_measured_anchor,,,,190.0,123.0,12.0,12.0,1
1c1258a1-d0f6-433e-9466-dbc1705fa263,310,map,376.0,248.0,24.0,24.0,388.0,260.0,188.0,124.0,12.0,12.0,high,target_1c_measured_anchor,,,,188.0,124.0,12.0,12.0,1
1c1258a1-d0f6-433e-9466-dbc1705fa263,311,map,376.0,248.0,24.0,24.0,388.0,260.0,188.0,124.0,12.0,12.0,high,target_1c_measured_anchor,,,,188.0,124.0,12.0,12.0,1
1c1258a1-d0f6-433e-9466-dbc1705fa263,312,map,376.0,244.0,24.0,24.0,388.0,256.0,188.0,122.0,12.0,12.0,high,target_1c_measured_anchor,,,,188.0,122.0,12.0,12.0,1
1c1258a1-d0f6-433e-9466-dbc1705fa263,313,map,376.0,240.0,24.0,24.0,388.0,252.0,188.0,120.0,12.0,12.0,high,target_1c_measured_anchor,,,,188.0,120.0,12.0,12.0,1
1c1258a1-d0f6-433e-9466-dbc1705fa263,314,map,378.0,236.0,24.0,24.0,390.0,248.0,189.0,118.0,12.0,12.0,high,target_1c_measured_anchor,,,,189.0,118.0,12.0,12.0,1
1c1258a1-d0f6-433e-9466-dbc1705fa263,315,map,374.0,238.0,24.0,24.0,386.0,250.0,187.0,119.0,12.0,12.0,high,target_1c_measured_anchor,,,,187.0,119.0,12.0,12.0,1
1c1258a1-d0f6-433e-9466-dbc1705fa263,316,map,378.0,234.0,24.0,24.0,390.0,246.0,189.0,117.0,12.0,12.0,high,target_1c_measured_anchor,,,,189.0,117.0,12.0,12.0,1
1c1258a1-d0f6-433e-9466-dbc1705fa263,317,map,374.0,236.0,24.0,24.0,386.0,248.0,187.0,118.0,12.0,12.0,high,target_1c_measured_anchor,,,,187.0,118.0,12.0,12.0,1
1c1258a1-d0f6-433e-9466-dbc1705fa263,318,map,370.0,232.0,24.0,24.0,382.0,244.0,185.0,116.0,12.0,12.0,high,target_1c_measured_anchor,,,,185.0,116.0,12.0,12.0,1
1c1258a1-d0f6-433e-9466-dbc1705fa263,319,map,372.0,228.0,24.0,24.0,384.0,240.0,186.0,114.0,12.0,12.0,high,target_1c_measured_anchor,,,,186.0,114.0,12.0,12.0,1
1c1258a1-d0f6-433e-9466-dbc1705fa263,320,map,364.0,230.0,24.0,24.0,376.0,242.0,182.0,115.0,12.0,12.0,high,target_1c_measured_anchor,,,,182.0,115.0,12.0,12.0,1
1c1258a1-d0f6-433e-9466-dbc1705fa263,321,map,360.0,228.0,24.0,24.0,372.0,240.0,180.0,114.0,12.0,12.0,high,target_1c_measured_anchor,,,,180.0,114.0,12.0,12.0,1
1c1258a1-d0f6-433e-9466-dbc1705fa263,322,map,358.0,226.0,24.0,24.0,370.0,238.0,179.0,113.0,12.0,12.0,high,target_1c_measured_anchor,,,,179.0,113.0,12.0,12.0,1
1c1258a1-d0f6-433e-9466-dbc1705fa263,323,map,350.0,224.0,24.0,24.0,362.0,236.0,175.0,112.0,12.0,12.0,high,target_1c_measured_anchor,,,,175.0,112.0,12.0,12.0,1
1c1258a1-d0f6-433e-9466-dbc1705fa263,324,map,344.0,222.0,24.0,24.0,356.0,234.0,172.0,111.0,12.0,12.0,high,target_1c_measured_anchor,,,,172.0,111.0,12.0,12.0,1
1c1258a1-d0f6-433e-9466-dbc1705fa263,325,map,342.0,222.0,24.0,24.0,354.0,234.0,171.0,111.0,12.0,12.0,high,target_1c_measured_anchor,,,,171.0,111.0,12.0,12.0,1
1c1258a1-d0f6-433e-9466-dbc1705fa263,326,map,336.0,220.0,24.0,24.0,348.0,232.0,168.0,110.0,12.0,12.0,high,target_1c_measured_anchor,,,,168.0,110.0,12.0,12.0,1
1c1258a1-d0f6-433e-9466-dbc1705fa263,327,map,380.0,224.0,10.0,10.0,385.0,229.0,190.0,112.0,5.0,5.0,high,target_1c_measured_anchor,,,,190.0,112.0,5.0,5.0,1
1c1258a1-d0f6-433e-9466-dbc1705fa263,328,map,360.0,224.0,6.0,6.0,363.0,227.0,180.0,112.0,3.0,3.0,high,target_1c_measured_anchor,,,,180.0,112.0,3.0,3.0,1
1c1258a1-d0f6-433e-9466-dbc1705fa263,329,map,362.0,222.0,6.0,6.0,365.0,225.0,181.0,111.0,3.0,3.0,high,target_1c_measured_anchor,,,,181.0,111.0,3.0,3.0,1
1c1258a1-d0f6-433e-9466-dbc1705fa263,330,map,352.0,224.0,6.0,6.0,355.0,227.0,176.0,112.0,3.0,3.0,high,target_1c_measured_anchor,,,,176.0,112.0,3.0,3.0,1
1c1258a1-d0f6-433e-9466-dbc1705fa263,331,vision_template_tail_v1,334.0,211.0,28.0,28.0,348.0,225.0,167.0,105.5,14.0,14.0,high,tail_template_verified_score_0.876,,,,167.0,105.5,14.0,14.0,1
1c1258a1-d0f6-433e-9466-dbc1705fa263,332,vision_template_tail_v1,327.0,207.0,28.0,28.0,341.0,221.0,163.5,103.5,14.0,14.0,high,tail_template_verified_score_0.882,,,,163.5,103.5,14.0,14.0,1
1c1258a1-d0f6-433e-9466-dbc1705fa263,333,vision_template_tail_v1,327.0,207.0,28.0,28.0,341.0,221.0,163.5,103.5,14.0,14.0,high,tail_template_verified_score_0.927,,,,163.5,103.5,14.0,14.0,1
1c1258a1-d0f6-433e-9466-dbc1705fa263,334,vision_template_tail_v1,322.0,201.0,28.0,28.0,336.0,215.0,161.0,100.5,14.0,14.0,high,tail_template_verified_score_0.879,,,,161.0,100.5,14.0,14.0,1
1c1258a1-d0f6-433e-9466-dbc1705fa263,335,vision_template_tail_v1,322.0,201.0,28.0,28.0,336.0,215.0,161.0,100.5,14.0,14.0,high,tail_template_verified_score_0.927,,,,161.0,100.5,14.0,14.0,1
1c1258a1-d0f6-433e-9466-dbc1705fa263,336,vision_template_tail_v1,317.0,193.0,28.0,28.0,331.0,207.0,158.5,96.5,14.0,14.0,high,tail_template_verified_score_0.874,,,,158.5,96.5,14.0,14.0,1
1c1258a1-d0f6-433e-9466-dbc1705fa263,337,vision_template_tail_v1,313.0,184.0,28.0,28.0,327.0,198.0,156.5,92.0,14.0,14.0,high,tail_template_verified_score_0.882,,,,156.5,92.0,14.0,14.0,1
1c1258a1-d0f6-433e-9466-dbc1705fa263,338,vision_template_tail_v1,313.0,184.0,28.0,28.0,327.0,198.0,156.5,92.0,14.0,14.0,high,tail_template_verified_score_0.930,,,,156.5,92.0,14.0,14.0,1
1c1258a1-d0f6-433e-9466-dbc1705fa263,339,vision_template_tail_v1,308.0,174.0,28.0,28.0,322.0,188.0,154.0,87.0,14.0,14.0,high,tail_template_verified_score_0.894,,,,154.0,87.0,14.0,14.0,1
1c1258a1-d0f6-433e-9466-dbc1705fa263,340,vision_template_tail_v1,308.0,174.0,28.0,28.0,322.0,188.0,154.0,87.0,14.0,14.0,high,tail_template_verified_score_0.938,,,,154.0,87.0,14.0,14.0,1
1c1258a1-d0f6-433e-9466-dbc1705fa263,341,vision_template_tail_v1,304.0,164.0,28.0,28.0,318.0,178.0,152.0,82.0,14.0,14.0,high,tail_template_verified_score_0.862,,,,152.0,82.0,14.0,14.0,1
1c1258a1-d0f6-433e-9466-dbc1705fa263,342,vision_template_tail_v1,300.0,156.0,28.0,28.0,314.0,170.0,150.0,78.0,14.0,14.0,high,tail_template_verified_score_0.873,,,,150.0,78.0,14.0,14.0,1
1c1258a1-d0f6-433e-9466-dbc1705fa263,343,vision_template_tail_v1,300.0,156.0,28.0,28.0,314.0,170.0,150.0,78.0,14.0,14.0,high,tail_template_verified_score_0.925,,,,150.0,78.0,14.0,14.0,1
1c1258a1-d0f6-433e-9466-dbc1705fa263,344,vision_template_tail_v1,296.0,149.0,28.0,28.0,310.0,163.0,148.0,74.5,14.0,14.0,high,tail_template_verified_score_0.903,,,,148.0,74.5,14.0,14.0,1
1c1258a1-d0f6-433e-9466-dbc1705fa263,345,vision_template_tail_v1,296.0,149.0,28.0,28.0,310.0,163.0,148.0,74.5,14.0,14.0,high,tail_template_verified_score_0.943,,,,148.0,74.5,14.0,14.0,1
1c1258a1-d0f6-433e-9466-dbc1705fa263,346,vision_template_tail_v1,293.0,143.0,28.0,28.0,307.0,157.0,146.5,71.5,14.0,14.0,high,tail_template_verified_score_0.922,,,,146.5,71.5,14.0,14.0,1
529a6584-8974-4cf9-b7f7-f66d49cd3845,37,vision_verified_next_batch_v1,356.0,138.0,24.0,24.0,368.0,150.0,178.0,69.0,12.0,12.0,high,vision accepted range 37-149; target_529_main,,1.0,14.863391,178.0,69.0,12.0,12.0,1
529a6584-8974-4cf9-b7f7-f66d49cd3845,38,vision_verified_next_batch_v1,354.0,138.0,24.0,24.0,366.0,150.0,177.0,69.0,12.0,12.0,high,vision accepted range 37-149; target_529_main,,1.0,21.283395,177.0,69.0,12.0,12.0,1
529a6584-8974-4cf9-b7f7-f66d49cd3845,39,vision_verified_next_batch_v1,350.0,142.0,24.0,24.0,362.0,154.0,175.0,71.0,12.0,12.0,high,vision accepted range 37-149; target_529_main,,1.0,23.158514,175.0,71.0,12.0,12.0,1
529a6584-8974-4cf9-b7f7-f66d49cd3845,40,vision_verified_next_batch_v1,352.0,136.0,24.0,24.0,364.0,148.0,176.0,68.0,12.0,12.0,high,vision accepted range 37-149; target_529_main,,1.0,31.493138,176.0,68.0,12.0,12.0,1
529a6584-8974-4cf9-b7f7-f66d49cd3845,41,vision_verified_next_batch_v1,348.0,142.0,24.0,24.0,360.0,154.0,174.0,71.0,12.0,12.0,high,vision accepted range 37-149; target_529_main,,1.0,32.656948,174.0,71.0,12.0,12.0,1
529a6584-8974-4cf9-b7f7-f66d49cd3845,42,vision_verified_next_batch_v1,350.0,140.0,24.0,24.0,362.0,152.0,175.0,70.0,12.0,12.0,high,vision accepted range 37-149; target_529_main,,1.0,39.529677,175.0,70.0,12.0,12.0,1
529a6584-8974-4cf9-b7f7-f66d49cd3845,43,vision_verified_next_batch_v1,348.0,142.0,24.0,24.0,360.0,154.0,174.0,71.0,12.0,12.0,high,vision accepted range 37-149; target_529_main,,1.0,46.39869,174.0,71.0,12.0,12.0,1
529a6584-8974-4cf9-b7f7-f66d49cd3845,44,vision_verified_next_batch_v1,348.0,142.0,24.0,24.0,360.0,154.0,174.0,71.0,12.0,12.0,high,vision accepted range 37-149; target_529_main,,2.0,44.930116,174.0,71.0,12.0,12.0,1
529a6584-8974-4cf9-b7f7-f66d49cd3845,45,vision_verified_next_batch_v1,344.0,144.0,24.0,24.0,356.0,156.0,172.0,72.0,12.0,12.0,high,vision accepted range 37-149; target_529_main,,1.0,53.752102,172.0,72.0,12.0,12.0,1
529a6584-8974-4cf9-b7f7-f66d49cd3845,46,vision_verified_next_batch_v1,344.0,144.0,24.0,24.0,356.0,156.0,172.0,72.0,12.0,12.0,high,vision accepted range 37-149; target_529_main,,2.0,42.949537,172.0,72.0,12.0,12.0,1
529a6584-8974-4cf9-b7f7-f66d49cd3845,47,vision_verified_next_batch_v1,340.0,148.0,24.0,24.0,352.0,160.0,170.0,74.0,12.0,12.0,high,vision accepted range 37-149; target_529_main,,1.0,46.039465,170.0,74.0,12.0,12.0,1
529a6584-8974-4cf9-b7f7-f66d49cd3845,48,vision_verified_next_batch_v1,336.0,148.0,24.0,24.0,348.0,160.0,168.0,74.0,12.0,12.0,high,vision accepted range 37-149; target_529_main,,1.0,51.036506,168.0,74.0,12.0,12.0,1
529a6584-8974-4cf9-b7f7-f66d49cd3845,49,vision_verified_next_batch_v1,330.0,152.0,24.0,24.0,342.0,164.0,165.0,76.0,12.0,12.0,high,vision accepted range 37-149; target_529_main,,1.0,45.425201,165.0,76.0,12.0,12.0,1
529a6584-8974-4cf9-b7f7-f66d49cd3845,50,vision_verified_next_batch_v1,332.0,150.0,24.0,24.0,344.0,162.0,166.0,75.0,12.0,12.0,high,vision accepted range 37-149; target_529_main,,1.0,49.833337,166.0,75.0,12.0,12.0,1
529a6584-8974-4cf9-b7f7-f66d49cd3845,51,vision_verified_next_batch_v1,326.0,154.0,24.0,24.0,338.0,166.0,163.0,77.0,12.0,12.0,high,vision accepted range 37-149; target_529_main,,1.0,45.485629,163.0,77.0,12.0,12.0,1
529a6584-8974-4cf9-b7f7-f66d49cd3845,52,vision_verified_next_batch_v1,328.0,150.0,24.0,24.0,340.0,162.0,164.0,75.0,12.0,12.0,high,vision accepted range 37-149; target_529_main,,1.0,43.911674,164.0,75.0,12.0,12.0,1
529a6584-8974-4cf9-b7f7-f66d49cd3845,53,vision_verified_next_batch_v1,324.0,150.0,24.0,24.0,336.0,162.0,162.0,75.0,12.0,12.0,high,vision accepted range 37-149; target_529_main,,1.0,49.12982,162.0,75.0,12.0,12.0,1
529a6584-8974-4cf9-b7f7-f66d49cd3845,54,vision_verified_next_batch_v1,318.0,152.0,24.0,24.0,330.0,164.0,159.0,76.0,12.0,12.0,high,vision accepted range 37-149; target_529_main,,1.0,45.636082,159.0,76.0,12.0,12.0,1
529a6584-8974-4cf9-b7f7-f66d49cd3845,55,vision_verified_next_batch_v1,322.0,148.0,24.0,24.0,334.0,160.0,161.0,74.0,12.0,12.0,high,vision accepted range 37-149; target_529_main,,1.0,49.052218,161.0,74.0,12.0,12.0,1
529a6584-8974-4cf9-b7f7-f66d49cd3845,56,vision_verified_next_batch_v1,322.0,146.0,24.0,24.0,334.0,158.0,161.0,73.0,12.0,12.0,high,vision accepted range 37-149; target_529_main,,2.0,41.659431,161.0,73.0,12.0,12.0,1
529a6584-8974-4cf9-b7f7-f66d49cd3845,57,vision_verified_next_batch_v1,318.0,146.0,24.0,24.0,330.0,158.0,159.0,73.0,12.0,12.0,high,vision accepted range 37-149; target_529_main,,1.0,44.362467,159.0,73.0,12.0,12.0,1
529a6584-8974-4cf9-b7f7-f66d49cd3845,58,vision_verified_next_batch_v1,314.0,146.0,24.0,24.0,326.0,158.0,157.0,73.0,12.0,12.0,high,vision accepted range 37-149; target_529_main,,1.0,48.758004,157.0,73.0,12.0,12.0,1
529a6584-8974-4cf9-b7f7-f66d49cd3845,59,vision_verified_next_batch_v1,312.0,144.0,24.0,24.0,324.0,156.0,156.0,72.0,12.0,12.0,high,vision accepted range 37-149; target_529_main,,2.0,41.700744,156.0,72.0,12.0,12.0,1
529a6584-8974-4cf9-b7f7-f66d49cd3845,60,vision_verified_next_batch_v1,308.0,144.0,24.0,24.0,320.0,156.0,154.0,72.0,12.0,12.0,high,vision accepted range 37-149; target_529_main,,1.0,47.557098,154.0,72.0,12.0,12.0,1
529a6584-8974-4cf9-b7f7-f66d49cd3845,61,vision_verified_next_batch_v1,306.0,142.0,24.0,24.0,318.0,154.0,153.0,71.0,12.0,12.0,high,vision accepted range 37-149; target_529_main,,2.0,40.794238,153.0,71.0,12.0,12.0,1
529a6584-8974-4cf9-b7f7-f66d49cd3845,62,vision_verified_next_batch_v1,304.0,148.0,24.0,24.0,316.0,160.0,152.0,74.0,12.0,12.0,high,vision accepted range 37-149; target_529_main,,1.0,41.690306,152.0,74.0,12.0,12.0,1
529a6584-8974-4cf9-b7f7-f66d49cd3845,63,vision_verified_next_batch_v1,300.0,150.0,24.0,24.0,312.0,162.0,150.0,75.0,12.0,12.0,high,vision accepted range 37-149; target_529_main,,1.0,46.10609,150.0,75.0,12.0,12.0,1
529a6584-8974-4cf9-b7f7-f66d49cd3845,64,vision_verified_next_batch_v1,298.0,150.0,24.0,24.0,310.0,162.0,149.0,75.0,12.0,12.0,high,vision accepted range 37-149; target_529_main,,2.0,38.861138,149.0,75.0,12.0,12.0,1
529a6584-8974-4cf9-b7f7-f66d49cd3845,65,vision_verified_next_batch_v1,296.0,152.0,24.0,24.0,308.0,164.0,148.0,76.0,12.0,12.0,high,vision accepted range 37-149; target_529_main,,1.0,45.994519,148.0,76.0,12.0,12.0,1
529a6584-8974-4cf9-b7f7-f66d49cd3845,66,vision_verified_next_batch_v1,294.0,152.0,24.0,24.0,306.0,164.0,147.0,76.0,12.0,12.0,high,vision accepted range 37-149; target_529_main,,2.0,38.314841,147.0,76.0,12.0,12.0,1
529a6584-8974-4cf9-b7f7-f66d49cd3845,67,vision_verified_next_batch_v1,284.0,150.0,24.0,24.0,296.0,162.0,142.0,75.0,12.0,12.0,high,vision accepted range 37-149; target_529_main,,1.0,35.839093,142.0,75.0,12.0,12.0,1
529a6584-8974-4cf9-b7f7-f66d49cd3845,68,vision_verified_next_batch_v1,280.0,150.0,24.0,24.0,292.0,162.0,140.0,75.0,12.0,12.0,high,vision accepted range 37-149; target_529_main,,1.0,39.617579,140.0,75.0,12.0,12.0,1
529a6584-8974-4cf9-b7f7-f66d49cd3845,69,vision_verified_next_batch_v1,276.0,150.0,24.0,24.0,288.0,162.0,138.0,75.0,12.0,12.0,high,vision accepted range 37-149; target_529_main,,2.0,33.431961,138.0,75.0,12.0,12.0,1
529a6584-8974-4cf9-b7f7-f66d49cd3845,70,vision_verified_next_batch_v1,276.0,152.0,24.0,24.0,288.0,164.0,138.0,76.0,12.0,12.0,high,vision accepted range 37-149; target_529_main,,2.0,38.098789,138.0,76.0,12.0,12.0,1
529a6584-8974-4cf9-b7f7-f66d49cd3845,71,vision_verified_next_batch_v1,276.0,162.0,24.0,24.0,288.0,174.0,138.0,81.0,12.0,12.0,high,vision accepted range 37-149; target_529_main,,1.0,34.759357,138.0,81.0,12.0,12.0,1
529a6584-8974-4cf9-b7f7-f66d49cd3845,72,vision_verified_next_batch_v1,274.0,164.0,24.0,24.0,286.0,176.0,137.0,82.0,12.0,12.0,high,vision accepted range 37-149; target_529_main,,3.0,26.043245,137.0,82.0,12.0,12.0,1
529a6584-8974-4cf9-b7f7-f66d49cd3845,73,vision_verified_next_batch_v1,272.0,158.0,24.0,24.0,284.0,170.0,136.0,79.0,12.0,12.0,high,vision accepted range 37-149; target_529_main,,1.0,34.262178,136.0,79.0,12.0,12.0,1
529a6584-8974-4cf9-b7f7-f66d49cd3845,74,vision_verified_next_batch_v1,270.0,162.0,24.0,24.0,282.0,174.0,135.0,81.0,12.0,12.0,high,vision accepted range 37-149; target_529_main,,1.0,32.595774,135.0,81.0,12.0,12.0,1
529a6584-8974-4cf9-b7f7-f66d49cd3845,75,vision_verified_next_batch_v1,268.0,162.0,24.0,24.0,280.0,174.0,134.0,81.0,12.0,12.0,high,vision accepted range 37-149; target_529_main,,2.0,37.878293,134.0,81.0,12.0,12.0,1
529a6584-8974-4cf9-b7f7-f66d49cd3845,76,vision_verified_next_batch_v1,268.0,164.0,24.0,24.0,280.0,176.0,134.0,82.0,12.0,12.0,high,vision accepted range 37-149; target_529_main,,1.0,40.085128,134.0,82.0,12.0,12.0,1
529a6584-8974-4cf9-b7f7-f66d49cd3845,77,vision_verified_next_batch_v1,264.0,166.0,24.0,24.0,276.0,178.0,132.0,83.0,12.0,12.0,high,vision accepted range 37-149; target_529_main,,1.0,40.611,132.0,83.0,12.0,12.0,1
529a6584-8974-4cf9-b7f7-f66d49cd3845,78,vision_verified_next_batch_v1,262.0,168.0,24.0,24.0,274.0,180.0,131.0,84.0,12.0,12.0,high,vision accepted range 37-149; target_529_main,,1.0,49.152289,131.0,84.0,12.0,12.0,1
529a6584-8974-4cf9-b7f7-f66d49cd3845,79,vision_verified_next_batch_v1,262.0,172.0,24.0,24.0,274.0,184.0,131.0,86.0,12.0,12.0,high,vision accepted range 37-149; target_529_main,,1.0,46.497157,131.0,86.0,12.0,12.0,1
529a6584-8974-4cf9-b7f7-f66d49cd3845,80,vision_verified_next_batch_v1,260.0,172.0,24.0,24.0,272.0,184.0,130.0,86.0,12.0,12.0,high,vision accepted range 37-149; target_529_main,,2.0,54.711134,130.0,86.0,12.0,12.0,1
529a6584-8974-4cf9-b7f7-f66d49cd3845,81,vision_verified_next_batch_v1,260.0,176.0,24.0,24.0,272.0,188.0,130.0,88.0,12.0,12.0,high,vision accepted range 37-149; target_529_main,,1.0,51.432601,130.0,88.0,12.0,12.0,1
529a6584-8974-4cf9-b7f7-f66d49cd3845,82,vision_verified_next_batch_v1,258.0,176.0,24.0,24.0,270.0,188.0,129.0,88.0,12.0,12.0,high,vision accepted range 37-149; target_529_main,,1.0,51.429495,129.0,88.0,12.0,12.0,1
529a6584-8974-4cf9-b7f7-f66d49cd3845,83,vision_verified_next_batch_v1,256.0,178.0,24.0,24.0,268.0,190.0,128.0,89.0,12.0,12.0,high,vision accepted range 37-149; target_529_main,,1.0,55.4468,128.0,89.0,12.0,12.0,1
529a6584-8974-4cf9-b7f7-f66d49cd3845,84,vision_verified_next_batch_v1,254.0,180.0,24.0,24.0,266.0,192.0,127.0,90.0,12.0,12.0,high,vision accepted range 37-149; target_529_main,,2.0,46.721356,127.0,90.0,12.0,12.0,1
529a6584-8974-4cf9-b7f7-f66d49cd3845,85,vision_verified_next_batch_v1,256.0,182.0,24.0,24.0,268.0,194.0,128.0,91.0,12.0,12.0,high,vision accepted range 37-149; target_529_main,,2.0,50.238197,128.0,91.0,12.0,12.0,1
529a6584-8974-4cf9-b7f7-f66d49cd3845,86,vision_verified_next_batch_v1,256.0,184.0,24.0,24.0,268.0,196.0,128.0,92.0,12.0,12.0,high,vision accepted range 37-149; target_529_main,,3.0,42.277533,128.0,92.0,12.0,12.0,1
529a6584-8974-4cf9-b7f7-f66d49cd3845,87,vision_verified_next_batch_v1,256.0,184.0,24.0,24.0,268.0,196.0,128.0,92.0,12.0,12.0,high,vision accepted range 37-149; target_529_main,,3.0,42.204642,128.0,92.0,12.0,12.0,1
529a6584-8974-4cf9-b7f7-f66d49cd3845,88,vision_verified_next_batch_v1,256.0,186.0,24.0,24.0,268.0,198.0,128.0,93.0,12.0,12.0,high,vision accepted range 37-149; target_529_main,,1.0,45.823537,128.0,93.0,12.0,12.0,1
529a6584-8974-4cf9-b7f7-f66d49cd3845,89,vision_verified_next_batch_v1,274.0,202.0,10.0,10.0,279.0,207.0,137.0,101.0,5.0,5.0,high,vision accepted range 37-149; target_529_main,,3.0,35.028857,137.0,101.0,5.0,5.0,1
529a6584-8974-4cf9-b7f7-f66d49cd3845,90,vision_verified_next_batch_v1,254.0,196.0,24.0,24.0,266.0,208.0,127.0,98.0,12.0,12.0,high,vision accepted range 37-149; target_529_main,,1.0,44.858112,127.0,98.0,12.0,12.0,1
529a6584-8974-4cf9-b7f7-f66d49cd3845,91,vision_verified_next_batch_v1,254.0,200.0,24.0,24.0,266.0,212.0,127.0,100.0,12.0,12.0,high,vision accepted range 37-149; target_529_main,,2.0,36.431661,127.0,100.0,12.0,12.0,1
529a6584-8974-4cf9-b7f7-f66d49cd3845,92,vision_verified_next_batch_v1,256.0,190.0,24.0,24.0,268.0,202.0,128.0,95.0,12.0,12.0,high,vision accepted range 37-149; target_529_main,,1.0,36.962336,128.0,95.0,12.0,12.0,1
529a6584-8974-4cf9-b7f7-f66d49cd3845,93,vision_verified_next_batch_v1,262.0,196.0,24.0,24.0,274.0,208.0,131.0,98.0,12.0,12.0,high,vision accepted range 37-149; target_529_main,,1.0,43.531725,131.0,98.0,12.0,12.0,1
529a6584-8974-4cf9-b7f7-f66d49cd3845,94,vision_verified_next_batch_v1,264.0,198.0,24.0,24.0,276.0,210.0,132.0,99.0,12.0,12.0,high,vision accepted range 37-149; target_529_main,,2.0,37.767516,132.0,99.0,12.0,12.0,1
529a6584-8974-4cf9-b7f7-f66d49cd3845,95,vision_verified_next_batch_v1,260.0,196.0,24.0,24.0,272.0,208.0,130.0,98.0,12.0,12.0,high,vision accepted range 37-149; target_529_main,,1.0,47.335612,130.0,98.0,12.0,12.0,1
529a6584-8974-4cf9-b7f7-f66d49cd3845,96,vision_verified_next_batch_v1,262.0,196.0,24.0,24.0,274.0,208.0,131.0,98.0,12.0,12.0,high,vision accepted range 37-149; target_529_main,,2.0,38.673828,131.0,98.0,12.0,12.0,1
529a6584-8974-4cf9-b7f7-f66d49cd3845,97,vision_verified_next_batch_v1,252.0,190.0,24.0,24.0,264.0,202.0,126.0,95.0,12.0,12.0,high,vision accepted range 37-149; target_529_main,,1.0,39.702206,126.0,95.0,12.0,12.0,1
529a6584-8974-4cf9-b7f7-f66d49cd3845,98,vision_verified_next_batch_v1,250.0,192.0,24.0,24.0,262.0,204.0,125.0,96.0,12.0,12.0,high,vision accepted range 37-149; target_529_main,,1.0,44.629435,125.0,96.0,12.0,12.0,1
529a6584-8974-4cf9-b7f7-f66d49cd3845,99,vision_verified_next_batch_v1,246.0,202.0,22.0,14.0,257.0,209.0,123.0,101.0,11.0,7.0,high,vision accepted range 37-149; target_529_main,,1.0,38.951967,123.0,101.0,11.0,7.0,1
529a6584-8974-4cf9-b7f7-f66d49cd3845,100,vision_verified_next_batch_v1,248.0,198.0,24.0,24.0,260.0,210.0,124.0,99.0,12.0,12.0,high,vision accepted range 37-149; target_529_main,,1.0,43.592297,124.0,99.0,12.0,12.0,1
529a6584-8974-4cf9-b7f7-f66d49cd3845,101,vision_verified_next_batch_v1,248.0,200.0,24.0,24.0,260.0,212.0,124.0,100.0,12.0,12.0,high,vision accepted range 37-149; target_529_main,,2.0,37.014242,124.0,100.0,12.0,12.0,1
529a6584-8974-4cf9-b7f7-f66d49cd3845,102,vision_verified_next_batch_v1,242.0,200.0,24.0,24.0,254.0,212.0,121.0,100.0,12.0,12.0,high,vision accepted range 37-149; target_529_main,,1.0,39.103964,121.0,100.0,12.0,12.0,1
529a6584-8974-4cf9-b7f7-f66d49cd3845,103,vision_verified_next_batch_v1,238.0,202.0,24.0,24.0,250.0,214.0,119.0,101.0,12.0,12.0,high,vision accepted range 37-149; target_529_main,,1.0,45.5699,119.0,101.0,12.0,12.0,1
529a6584-8974-4cf9-b7f7-f66d49cd3845,104,vision_verified_next_batch_v1,232.0,210.0,22.0,10.0,243.0,215.0,116.0,105.0,11.0,5.0,high,vision accepted range 37-149; target_529_main,,1.0,41.515986,116.0,105.0,11.0,5.0,1
529a6584-8974-4cf9-b7f7-f66d49cd3845,105,vision_verified_next_batch_v1,234.0,202.0,24.0,24.0,246.0,214.0,117.0,101.0,12.0,12.0,high,vision accepted range 37-149; target_529_main,,1.0,46.824032,117.0,101.0,12.0,12.0,1
529a6584-8974-4cf9-b7f7-f66d49cd3845,106,vision_verified_next_batch_v1,210.0,210.0,24.0,24.0,222.0,222.0,105.0,105.0,12.0,12.0,high,vision accepted range 37-149; target_529_main,,2.0,32.33862,105.0,105.0,12.0,12.0,1
529a6584-8974-4cf9-b7f7-f66d49cd3845,107,vision_verified_next_batch_v1,230.0,202.0,24.0,24.0,242.0,214.0,115.0,101.0,12.0,12.0,high,vision accepted range 37-149; target_529_main,,1.0,42.922975,115.0,101.0,12.0,12.0,1
529a6584-8974-4cf9-b7f7-f66d49cd3845,108,vision_verified_next_batch_v1,228.0,204.0,24.0,24.0,240.0,216.0,114.0,102.0,12.0,12.0,high,vision accepted range 37-149; target_529_main,,1.0,47.799949,114.0,102.0,12.0,12.0,1
529a6584-8974-4cf9-b7f7-f66d49cd3845,109,vision_verified_next_batch_v1,226.0,204.0,24.0,24.0,238.0,216.0,113.0,102.0,12.0,12.0,high,vision accepted range 37-149; target_529_main,,2.0,40.240568,113.0,102.0,12.0,12.0,1
529a6584-8974-4cf9-b7f7-f66d49cd3845,110,vision_verified_next_batch_v1,222.0,198.0,24.0,24.0,234.0,210.0,111.0,99.0,12.0,12.0,high,vision accepted range 37-149; target_529_main,,1.0,46.79606,111.0,99.0,12.0,12.0,1
529a6584-8974-4cf9-b7f7-f66d49cd3845,111,vision_verified_next_batch_v1,220.0,196.0,24.0,24.0,232.0,208.0,110.0,98.0,12.0,12.0,high,vision accepted range 37-149; target_529_main,,2.0,38.091538,110.0,98.0,12.0,12.0,1
529a6584-8974-4cf9-b7f7-f66d49cd3845,112,vision_verified_next_batch_v1,220.0,198.0,24.0,24.0,232.0,210.0,110.0,99.0,12.0,12.0,high,vision accepted range 37-149; target_529_main,,1.0,40.272273,110.0,99.0,12.0,12.0,1
529a6584-8974-4cf9-b7f7-f66d49cd3845,113,vision_verified_next_batch_v1,218.0,196.0,24.0,24.0,230.0,208.0,109.0,98.0,12.0,12.0,high,vision accepted range 37-149; target_529_main,,1.0,45.625417,109.0,98.0,12.0,12.0,1
529a6584-8974-4cf9-b7f7-f66d49cd3845,114,vision_verified_next_batch_v1,216.0,194.0,24.0,24.0,228.0,206.0,108.0,97.0,12.0,12.0,high,vision accepted range 37-149; target_529_main,,2.0,37.851866,108.0,97.0,12.0,12.0,1
529a6584-8974-4cf9-b7f7-f66d49cd3845,115,vision_verified_next_batch_v1,218.0,198.0,24.0,24.0,230.0,210.0,109.0,99.0,12.0,12.0,high,vision accepted range 37-149; target_529_main,,1.0,44.890453,109.0,99.0,12.0,12.0,1
529a6584-8974-4cf9-b7f7-f66d49cd3845,116,vision_verified_next_batch_v1,218.0,198.0,24.0,24.0,230.0,210.0,109.0,99.0,12.0,12.0,high,vision accepted range 37-149; target_529_main,,2.0,36.962196,109.0,99.0,12.0,12.0,1
529a6584-8974-4cf9-b7f7-f66d49cd3845,117,vision_verified_next_batch_v1,216.0,196.0,24.0,24.0,228.0,208.0,108.0,98.0,12.0,12.0,high,vision accepted range 37-149; target_529_main,,1.0,39.228717,108.0,98.0,12.0,12.0,1
529a6584-8974-4cf9-b7f7-f66d49cd3845,118,vision_verified_next_batch_v1,216.0,200.0,24.0,24.0,228.0,212.0,108.0,100.0,12.0,12.0,high,vision accepted range 37-149; target_529_main,,1.0,44.56165,108.0,100.0,12.0,12.0,1
529a6584-8974-4cf9-b7f7-f66d49cd3845,119,vision_verified_next_batch_v1,216.0,200.0,24.0,24.0,228.0,212.0,108.0,100.0,12.0,12.0,high,vision accepted range 37-149; target_529_main,,2.0,37.956627,108.0,100.0,12.0,12.0,1
529a6584-8974-4cf9-b7f7-f66d49cd3845,120,vision_verified_next_batch_v1,212.0,194.0,24.0,24.0,224.0,206.0,106.0,97.0,12.0,12.0,high,vision accepted range 37-149; target_529_main,,1.0,46.474288,106.0,97.0,12.0,12.0,1
529a6584-8974-4cf9-b7f7-f66d49cd3845,121,vision_verified_next_batch_v1,212.0,192.0,24.0,24.0,224.0,204.0,106.0,96.0,12.0,12.0,high,vision accepted range 37-149; target_529_main,,2.0,38.257447,106.0,96.0,12.0,12.0,1
529a6584-8974-4cf9-b7f7-f66d49cd3845,122,vision_verified_next_batch_v1,212.0,200.0,24.0,24.0,224.0,212.0,106.0,100.0,12.0,12.0,high,vision accepted range 37-149; target_529_main,,1.0,39.404057,106.0,100.0,12.0,12.0,1
529a6584-8974-4cf9-b7f7-f66d49cd3845,123,vision_verified_next_batch_v1,210.0,200.0,24.0,24.0,222.0,212.0,105.0,100.0,12.0,12.0,high,vision accepted range 37-149; target_529_main,,1.0,45.945191,105.0,100.0,12.0,12.0,1
529a6584-8974-4cf9-b7f7-f66d49cd3845,124,vision_verified_next_batch_v1,210.0,200.0,24.0,24.0,222.0,212.0,105.0,100.0,12.0,12.0,high,vision accepted range 37-149; target_529_main,,2.0,38.052307,105.0,100.0,12.0,12.0,1
529a6584-8974-4cf9-b7f7-f66d49cd3845,125,vision_verified_next_batch_v1,208.0,198.0,24.0,24.0,220.0,210.0,104.0,99.0,12.0,12.0,high,vision accepted range 37-149; target_529_main,,1.0,44.981915,104.0,99.0,12.0,12.0,1
529a6584-8974-4cf9-b7f7-f66d49cd3845,126,vision_verified_next_batch_v1,208.0,198.0,24.0,24.0,220.0,210.0,104.0,99.0,12.0,12.0,high,vision accepted range 37-149; target_529_main,,2.0,37.674607,104.0,99.0,12.0,12.0,1
529a6584-8974-4cf9-b7f7-f66d49cd3845,127,vision_verified_next_batch_v1,210.0,204.0,24.0,24.0,222.0,216.0,105.0,102.0,12.0,12.0,high,vision accepted range 37-149; target_529_main,,1.0,38.915445,105.0,102.0,12.0,12.0,1
529a6584-8974-4cf9-b7f7-f66d49cd3845,128,vision_verified_next_batch_v1,208.0,204.0,24.0,24.0,220.0,216.0,104.0,102.0,12.0,12.0,high,vision accepted range 37-149; target_529_main,,1.0,44.855567,104.0,102.0,12.0,12.0,1
529a6584-8974-4cf9-b7f7-f66d49cd3845,129,vision_verified_next_batch_v1,208.0,204.0,24.0,24.0,220.0,216.0,104.0,102.0,12.0,12.0,high,vision accepted range 37-149; target_529_main,,2.0,36.896325,104.0,102.0,12.0,12.0,1
529a6584-8974-4cf9-b7f7-f66d49cd3845,130,vision_verified_next_batch_v1,206.0,202.0,24.0,24.0,218.0,214.0,103.0,101.0,12.0,12.0,high,vision accepted range 37-149; target_529_main,,1.0,44.635485,103.0,101.0,12.0,12.0,1
529a6584-8974-4cf9-b7f7-f66d49cd3845,131,vision_verified_next_batch_v1,206.0,202.0,24.0,24.0,218.0,214.0,103.0,101.0,12.0,12.0,high,vision accepted range 37-149; target_529_main,,2.0,36.853827,103.0,101.0,12.0,12.0,1
529a6584-8974-4cf9-b7f7-f66d49cd3845,132,vision_verified_next_batch_v1,206.0,202.0,24.0,24.0,218.0,214.0,103.0,101.0,12.0,12.0,high,vision accepted range 37-149; target_529_main,,1.0,37.010232,103.0,101.0,12.0,12.0,1
529a6584-8974-4cf9-b7f7-f66d49cd3845,133,vision_verified_next_batch_v1,206.0,202.0,24.0,24.0,218.0,214.0,103.0,101.0,12.0,12.0,high,vision accepted range 37-149; target_529_main,,1.0,42.516987,103.0,101.0,12.0,12.0,1
529a6584-8974-4cf9-b7f7-f66d49cd3845,134,vision_verified_next_batch_v1,206.0,202.0,24.0,24.0,218.0,214.0,103.0,101.0,12.0,12.0,high,vision accepted range 37-149; target_529_main,,2.0,35.655152,103.0,101.0,12.0,12.0,1
529a6584-8974-4cf9-b7f7-f66d49cd3845,135,vision_verified_next_batch_v1,192.0,210.0,24.0,24.0,204.0,222.0,96.0,105.0,12.0,12.0,high,vision accepted range 37-149; target_529_main,,2.0,40.40893,96.0,105.0,12.0,12.0,1
529a6584-8974-4cf9-b7f7-f66d49cd3845,136,vision_verified_next_batch_v1,188.0,212.0,24.0,24.0,200.0,224.0,94.0,106.0,12.0,12.0,high,vision accepted range 37-149; target_529_main,,3.0,33.952334,94.0,106.0,12.0,12.0,1
529a6584-8974-4cf9-b7f7-f66d49cd3845,137,vision_verified_next_batch_v1,198.0,202.0,24.0,24.0,210.0,214.0,99.0,101.0,12.0,12.0,high,vision accepted range 37-149; target_529_main,,2.0,30.14748,99.0,101.0,12.0,12.0,1
529a6584-8974-4cf9-b7f7-f66d49cd3845,138,vision_verified_next_batch_v1,202.0,198.0,24.0,24.0,214.0,210.0,101.0,99.0,12.0,12.0,high,vision accepted range 37-149; target_529_main,,1.0,34.691411,101.0,99.0,12.0,12.0,1
529a6584-8974-4cf9-b7f7-f66d49cd3845,139,vision_verified_next_batch_v1,194.0,212.0,14.0,14.0,201.0,219.0,97.0,106.0,7.0,7.0,high,vision accepted range 37-149; target_529_main,,3.0,26.080005,97.0,106.0,7.0,7.0,1
529a6584-8974-4cf9-b7f7-f66d49cd3845,140,vision_verified_next_batch_v1,188.0,208.0,24.0,24.0,200.0,220.0,94.0,104.0,12.0,12.0,high,vision accepted range 37-149; target_529_main,,1.0,30.709451,94.0,104.0,12.0,12.0,1
529a6584-8974-4cf9-b7f7-f66d49cd3845,141,vision_verified_next_batch_v1,186.0,208.0,24.0,24.0,198.0,220.0,93.0,104.0,12.0,12.0,high,vision accepted range 37-149; target_529_main,,2.0,23.725518,93.0,104.0,12.0,12.0,1
529a6584-8974-4cf9-b7f7-f66d49cd3845,142,vision_verified_next_batch_v1,198.0,196.0,24.0,24.0,210.0,208.0,99.0,98.0,12.0,12.0,high,vision accepted range 37-149; target_529_main,,10.0,6.945305,99.0,98.0,12.0,12.0,1
529a6584-8974-4cf9-b7f7-f66d49cd3845,143,vision_verified_next_batch_v1,202.0,208.0,24.0,24.0,214.0,220.0,101.0,104.0,12.0,12.0,high,vision accepted range 37-149; target_529_main,,3.0,23.935108,101.0,104.0,12.0,12.0,1
529a6584-8974-4cf9-b7f7-f66d49cd3845,144,vision_verified_next_batch_v1,202.0,210.0,24.0,24.0,214.0,222.0,101.0,105.0,12.0,12.0,high,vision accepted range 37-149; target_529_main,,3.0,17.055749,101.0,105.0,12.0,12.0,1
529a6584-8974-4cf9-b7f7-f66d49cd3845,145,vision_verified_next_batch_v1,196.0,200.0,24.0,24.0,208.0,212.0,98.0,100.0,12.0,12.0,high,vision accepted range 37-149; target_529_main,,1.0,26.486715,98.0,100.0,12.0,12.0,1
529a6584-8974-4cf9-b7f7-f66d49cd3845,146,vision_verified_next_batch_v1,198.0,198.0,24.0,24.0,210.0,210.0,99.0,99.0,12.0,12.0,high,vision accepted range 37-149; target_529_main,,2.0,25.604307,99.0,99.0,12.0,12.0,1
529a6584-8974-4cf9-b7f7-f66d49cd3845,147,vision_verified_next_batch_v1,194.0,210.0,24.0,24.0,206.0,222.0,97.0,105.0,12.0,12.0,high,vision accepted range 37-149; target_529_main,,1.0,28.742981,97.0,105.0,12.0,12.0,1
529a6584-8974-4cf9-b7f7-f66d49cd3845,148,vision_verified_next_batch_v1,192.0,212.0,24.0,24.0,204.0,224.0,96.0,106.0,12.0,12.0,high,vision accepted range 37-149; target_529_main,,1.0,36.219343,96.0,106.0,12.0,12.0,1
529a6584-8974-4cf9-b7f7-f66d49cd3845,149,vision_verified_next_batch_v1,192.0,204.0,24.0,24.0,204.0,216.0,96.0,102.0,12.0,12.0,high,vision accepted range 37-149; target_529_main,,1.0,31.540968,96.0,102.0,12.0,12.0,1
7bd296cd-c800-4be9-ab0f-07e8d68cb648,437,vision_verified_next_batch_v1,354.0,140.0,24.0,24.0,366.0,152.0,177.0,70.0,12.0,12.0,high,vision accepted range 437-588; target_7bd_late,,1.0,29.009366,177.0,70.0,12.0,12.0,1
7bd296cd-c800-4be9-ab0f-07e8d68cb648,438,vision_verified_next_batch_v1,354.0,138.0,24.0,24.0,366.0,150.0,177.0,69.0,12.0,12.0,high,vision accepted range 437-588; target_7bd_late,,1.0,34.11702,177.0,69.0,12.0,12.0,1
7bd296cd-c800-4be9-ab0f-07e8d68cb648,439,vision_verified_next_batch_v1,350.0,142.0,24.0,24.0,362.0,154.0,175.0,71.0,12.0,12.0,high,vision accepted range 437-588; target_7bd_late,,1.0,36.14522,175.0,71.0,12.0,12.0,1
7bd296cd-c800-4be9-ab0f-07e8d68cb648,440,vision_verified_next_batch_v1,352.0,136.0,24.0,24.0,364.0,148.0,176.0,68.0,12.0,12.0,high,vision accepted range 437-588; target_7bd_late,,1.0,43.82761,176.0,68.0,12.0,12.0,1
7bd296cd-c800-4be9-ab0f-07e8d68cb648,441,vision_verified_next_batch_v1,348.0,142.0,24.0,24.0,360.0,154.0,174.0,71.0,12.0,12.0,high,vision accepted range 437-588; target_7bd_late,,1.0,44.94425,174.0,71.0,12.0,12.0,1
7bd296cd-c800-4be9-ab0f-07e8d68cb648,442,vision_verified_next_batch_v1,350.0,140.0,24.0,24.0,362.0,152.0,175.0,70.0,12.0,12.0,high,vision accepted range 437-588; target_7bd_late,,1.0,51.642423,175.0,70.0,12.0,12.0,1
7bd296cd-c800-4be9-ab0f-07e8d68cb648,443,vision_verified_next_batch_v1,348.0,142.0,24.0,24.0,360.0,154.0,174.0,71.0,12.0,12.0,high,vision accepted range 437-588; target_7bd_late,,1.0,57.376854,174.0,71.0,12.0,12.0,1
7bd296cd-c800-4be9-ab0f-07e8d68cb648,444,vision_verified_next_batch_v1,348.0,142.0,24.0,24.0,360.0,154.0,174.0,71.0,12.0,12.0,high,vision accepted range 437-588; target_7bd_late,,2.0,46.322382,174.0,71.0,12.0,12.0,1
7bd296cd-c800-4be9-ab0f-07e8d68cb648,445,vision_verified_next_batch_v1,344.0,144.0,24.0,24.0,356.0,156.0,172.0,72.0,12.0,12.0,high,vision accepted range 437-588; target_7bd_late,,1.0,54.582523,172.0,72.0,12.0,12.0,1
7bd296cd-c800-4be9-ab0f-07e8d68cb648,446,vision_verified_next_batch_v1,338.0,148.0,24.0,24.0,350.0,160.0,169.0,74.0,12.0,12.0,high,vision accepted range 437-588; target_7bd_late,,1.0,46.514865,169.0,74.0,12.0,12.0,1
7bd296cd-c800-4be9-ab0f-07e8d68cb648,447,vision_verified_next_batch_v1,340.0,148.0,24.0,24.0,352.0,160.0,170.0,74.0,12.0,12.0,high,vision accepted range 437-588; target_7bd_late,,1.0,45.201878,170.0,74.0,12.0,12.0,1
7bd296cd-c800-4be9-ab0f-07e8d68cb648,448,vision_verified_next_batch_v1,328.0,146.0,24.0,24.0,340.0,158.0,164.0,73.0,12.0,12.0,high,vision accepted range 437-588; target_7bd_late,,2.0,41.910673,164.0,73.0,12.0,12.0,1
7bd296cd-c800-4be9-ab0f-07e8d68cb648,449,vision_verified_next_batch_v1,324.0,146.0,24.0,24.0,336.0,158.0,162.0,73.0,12.0,12.0,high,vision accepted range 437-588; target_7bd_late,,2.0,32.80374,162.0,73.0,12.0,12.0,1
7bd296cd-c800-4be9-ab0f-07e8d68cb648,450,vision_verified_next_batch_v1,332.0,150.0,24.0,24.0,344.0,162.0,166.0,75.0,12.0,12.0,high,vision accepted range 437-588; target_7bd_late,,1.0,46.442466,166.0,75.0,12.0,12.0,1
7bd296cd-c800-4be9-ab0f-07e8d68cb648,451,vision_verified_next_batch_v1,326.0,154.0,24.0,24.0,338.0,166.0,163.0,77.0,12.0,12.0,high,vision accepted range 437-588; target_7bd_late,,1.0,42.278957,163.0,77.0,12.0,12.0,1
7bd296cd-c800-4be9-ab0f-07e8d68cb648,452,vision_verified_next_batch_v1,328.0,150.0,24.0,24.0,340.0,162.0,164.0,75.0,12.0,12.0,high,vision accepted range 437-588; target_7bd_late,,1.0,40.837601,164.0,75.0,12.0,12.0,1
7bd296cd-c800-4be9-ab0f-07e8d68cb648,453,vision_verified_next_batch_v1,324.0,150.0,24.0,24.0,336.0,162.0,162.0,75.0,12.0,12.0,high,vision accepted range 437-588; target_7bd_late,,1.0,45.739432,162.0,75.0,12.0,12.0,1
7bd296cd-c800-4be9-ab0f-07e8d68cb648,454,vision_verified_next_batch_v1,318.0,152.0,24.0,24.0,330.0,164.0,159.0,76.0,12.0,12.0,high,vision accepted range 437-588; target_7bd_late,,1.0,42.830318,159.0,76.0,12.0,12.0,1
7bd296cd-c800-4be9-ab0f-07e8d68cb648,455,vision_verified_next_batch_v1,320.0,146.0,24.0,24.0,332.0,158.0,160.0,73.0,12.0,12.0,high,vision accepted range 437-588; target_7bd_late,,1.0,46.15008,160.0,73.0,12.0,12.0,1
7bd296cd-c800-4be9-ab0f-07e8d68cb648,456,vision_verified_next_batch_v1,318.0,144.0,24.0,24.0,330.0,156.0,159.0,72.0,12.0,12.0,high,vision accepted range 437-588; target_7bd_late,,2.0,38.76034,159.0,72.0,12.0,12.0,1
7bd296cd-c800-4be9-ab0f-07e8d68cb648,457,vision_verified_next_batch_v1,318.0,146.0,24.0,24.0,330.0,158.0,159.0,73.0,12.0,12.0,high,vision accepted range 437-588; target_7bd_late,,1.0,44.702621,159.0,73.0,12.0,12.0,1
7bd296cd-c800-4be9-ab0f-07e8d68cb648,458,vision_verified_next_batch_v1,314.0,146.0,24.0,24.0,326.0,158.0,157.0,73.0,12.0,12.0,high,vision accepted range 437-588; target_7bd_late,,1.0,49.302891,157.0,73.0,12.0,12.0,1
7bd296cd-c800-4be9-ab0f-07e8d68cb648,459,vision_verified_next_batch_v1,308.0,150.0,24.0,24.0,320.0,162.0,154.0,75.0,12.0,12.0,high,vision accepted range 437-588; target_7bd_late,,1.0,45.894291,154.0,75.0,12.0,12.0,1
7bd296cd-c800-4be9-ab0f-07e8d68cb648,460,vision_verified_next_batch_v1,308.0,144.0,24.0,24.0,320.0,156.0,154.0,72.0,12.0,12.0,high,vision accepted range 437-588; target_7bd_late,,1.0,48.170189,154.0,72.0,12.0,12.0,1
7bd296cd-c800-4be9-ab0f-07e8d68cb648,461,vision_verified_next_batch_v1,306.0,142.0,24.0,24.0,318.0,154.0,153.0,71.0,12.0,12.0,high,vision accepted range 437-588; target_7bd_late,,2.0,41.284536,153.0,71.0,12.0,12.0,1
7bd296cd-c800-4be9-ab0f-07e8d68cb648,462,vision_verified_next_batch_v1,304.0,148.0,24.0,24.0,316.0,160.0,152.0,74.0,12.0,12.0,high,vision accepted range 437-588; target_7bd_late,,1.0,43.427824,152.0,74.0,12.0,12.0,1
7bd296cd-c800-4be9-ab0f-07e8d68cb648,463,vision_verified_next_batch_v1,300.0,150.0,24.0,24.0,312.0,162.0,150.0,75.0,12.0,12.0,high,vision accepted range 437-588; target_7bd_late,,1.0,47.906334,150.0,75.0,12.0,12.0,1
7bd296cd-c800-4be9-ab0f-07e8d68cb648,464,vision_verified_next_batch_v1,298.0,150.0,24.0,24.0,310.0,162.0,149.0,75.0,12.0,12.0,high,vision accepted range 437-588; target_7bd_late,,2.0,40.727433,149.0,75.0,12.0,12.0,1
7bd296cd-c800-4be9-ab0f-07e8d68cb648,465,vision_verified_next_batch_v1,294.0,148.0,24.0,24.0,306.0,160.0,147.0,74.0,12.0,12.0,high,vision accepted range 437-588; target_7bd_late,,1.0,45.441051,147.0,74.0,12.0,12.0,1
7bd296cd-c800-4be9-ab0f-07e8d68cb648,466,vision_verified_next_batch_v1,292.0,148.0,24.0,24.0,304.0,160.0,146.0,74.0,12.0,12.0,high,vision accepted range 437-588; target_7bd_late,,2.0,37.384472,146.0,74.0,12.0,12.0,1
7bd296cd-c800-4be9-ab0f-07e8d68cb648,467,vision_verified_next_batch_v1,284.0,150.0,24.0,24.0,296.0,162.0,142.0,75.0,12.0,12.0,high,vision accepted range 437-588; target_7bd_late,,1.0,33.667816,142.0,75.0,12.0,12.0,1
7bd296cd-c800-4be9-ab0f-07e8d68cb648,468,vision_verified_next_batch_v1,280.0,150.0,24.0,24.0,292.0,162.0,140.0,75.0,12.0,12.0,high,vision accepted range 437-588; target_7bd_late,,1.0,37.347875,140.0,75.0,12.0,12.0,1
7bd296cd-c800-4be9-ab0f-07e8d68cb648,469,vision_verified_next_batch_v1,276.0,150.0,24.0,24.0,288.0,162.0,138.0,75.0,12.0,12.0,high,vision accepted range 437-588; target_7bd_late,,2.0,31.100138,138.0,75.0,12.0,12.0,1
7bd296cd-c800-4be9-ab0f-07e8d68cb648,470,vision_verified_next_batch_v1,276.0,152.0,24.0,24.0,288.0,164.0,138.0,76.0,12.0,12.0,high,vision accepted range 437-588; target_7bd_late,,1.0,36.055816,138.0,76.0,12.0,12.0,1
7bd296cd-c800-4be9-ab0f-07e8d68cb648,471,vision_verified_next_batch_v1,276.0,162.0,24.0,24.0,288.0,174.0,138.0,81.0,12.0,12.0,high,vision accepted range 437-588; target_7bd_late,,1.0,30.206455,138.0,81.0,12.0,12.0,1
7bd296cd-c800-4be9-ab0f-07e8d68cb648,472,vision_verified_next_batch_v1,280.0,168.0,14.0,14.0,287.0,175.0,140.0,84.0,7.0,7.0,high,vision accepted range 437-588; target_7bd_late,,2.0,27.35652,140.0,84.0,7.0,7.0,1
7bd296cd-c800-4be9-ab0f-07e8d68cb648,473,vision_verified_next_batch_v1,272.0,158.0,24.0,24.0,284.0,170.0,136.0,79.0,12.0,12.0,high,vision accepted range 437-588; target_7bd_late,,1.0,31.975603,136.0,79.0,12.0,12.0,1
7bd296cd-c800-4be9-ab0f-07e8d68cb648,474,vision_verified_next_batch_v1,270.0,162.0,24.0,24.0,282.0,174.0,135.0,81.0,12.0,12.0,high,vision accepted range 437-588; target_7bd_late,,1.0,32.274868,135.0,81.0,12.0,12.0,1
7bd296cd-c800-4be9-ab0f-07e8d68cb648,475,vision_verified_next_batch_v1,268.0,162.0,24.0,24.0,280.0,174.0,134.0,81.0,12.0,12.0,high,vision accepted range 437-588; target_7bd_late,,2.0,38.727433,134.0,81.0,12.0,12.0,1
7bd296cd-c800-4be9-ab0f-07e8d68cb648,476,vision_verified_next_batch_v1,268.0,164.0,24.0,24.0,280.0,176.0,134.0,82.0,12.0,12.0,high,vision accepted range 437-588; target_7bd_late,,1.0,40.762163,134.0,82.0,12.0,12.0,1
7bd296cd-c800-4be9-ab0f-07e8d68cb648,477,vision_verified_next_batch_v1,264.0,164.0,24.0,24.0,276.0,176.0,132.0,82.0,12.0,12.0,high,vision accepted range 437-588; target_7bd_late,,2.0,40.610144,132.0,82.0,12.0,12.0,1
7bd296cd-c800-4be9-ab0f-07e8d68cb648,478,vision_verified_next_batch_v1,262.0,168.0,24.0,24.0,274.0,180.0,131.0,84.0,12.0,12.0,high,vision accepted range 437-588; target_7bd_late,,2.0,48.717533,131.0,84.0,12.0,12.0,1
7bd296cd-c800-4be9-ab0f-07e8d68cb648,479,vision_verified_next_batch_v1,260.0,170.0,24.0,24.0,272.0,182.0,130.0,85.0,12.0,12.0,high,vision accepted range 437-588; target_7bd_late,,3.0,40.657841,130.0,85.0,12.0,12.0,1
7bd296cd-c800-4be9-ab0f-07e8d68cb648,480,vision_verified_next_batch_v1,260.0,172.0,24.0,24.0,272.0,184.0,130.0,86.0,12.0,12.0,high,vision accepted range 437-588; target_7bd_late,,2.0,49.037755,130.0,86.0,12.0,12.0,1
7bd296cd-c800-4be9-ab0f-07e8d68cb648,481,vision_verified_next_batch_v1,260.0,176.0,24.0,24.0,272.0,188.0,130.0,88.0,12.0,12.0,high,vision accepted range 437-588; target_7bd_late,,1.0,45.67708,130.0,88.0,12.0,12.0,1
7bd296cd-c800-4be9-ab0f-07e8d68cb648,482,vision_verified_next_batch_v1,258.0,176.0,24.0,24.0,270.0,188.0,129.0,88.0,12.0,12.0,high,vision accepted range 437-588; target_7bd_late,,1.0,45.526959,129.0,88.0,12.0,12.0,1
7bd296cd-c800-4be9-ab0f-07e8d68cb648,483,vision_verified_next_batch_v1,256.0,178.0,24.0,24.0,268.0,190.0,128.0,89.0,12.0,12.0,high,vision accepted range 437-588; target_7bd_late,,1.0,49.467414,128.0,89.0,12.0,12.0,1
7bd296cd-c800-4be9-ab0f-07e8d68cb648,484,vision_verified_next_batch_v1,254.0,180.0,24.0,24.0,266.0,192.0,127.0,90.0,12.0,12.0,high,vision accepted range 437-588; target_7bd_late,,2.0,40.915046,127.0,90.0,12.0,12.0,1
7bd296cd-c800-4be9-ab0f-07e8d68cb648,485,vision_verified_next_batch_v1,256.0,182.0,24.0,24.0,268.0,194.0,128.0,91.0,12.0,12.0,high,vision accepted range 437-588; target_7bd_late,,2.0,44.433199,128.0,91.0,12.0,12.0,1
7bd296cd-c800-4be9-ab0f-07e8d68cb648,486,vision_verified_next_batch_v1,254.0,200.0,14.0,14.0,261.0,207.0,127.0,100.0,7.0,7.0,high,vision accepted range 437-588; target_7bd_late,,2.0,38.431747,127.0,100.0,7.0,7.0,1
7bd296cd-c800-4be9-ab0f-07e8d68cb648,487,vision_verified_next_batch_v1,256.0,192.0,24.0,24.0,268.0,204.0,128.0,96.0,12.0,12.0,high,vision accepted range 437-588; target_7bd_late,,1.0,41.525939,128.0,96.0,12.0,12.0,1
7bd296cd-c800-4be9-ab0f-07e8d68cb648,488,vision_verified_next_batch_v1,256.0,194.0,24.0,24.0,268.0,206.0,128.0,97.0,12.0,12.0,high,vision accepted range 437-588; target_7bd_late,,1.0,50.004869,128.0,97.0,12.0,12.0,1
7bd296cd-c800-4be9-ab0f-07e8d68cb648,489,vision_verified_next_batch_v1,274.0,208.0,6.0,6.0,277.0,211.0,137.0,104.0,3.0,3.0,high,vision accepted range 437-588; target_7bd_late,,2.0,38.75629,137.0,104.0,3.0,3.0,1
7bd296cd-c800-4be9-ab0f-07e8d68cb648,490,vision_verified_next_batch_v1,254.0,196.0,24.0,24.0,266.0,208.0,127.0,98.0,12.0,12.0,high,vision accepted range 437-588; target_7bd_late,,1.0,48.385205,127.0,98.0,12.0,12.0,1
7bd296cd-c800-4be9-ab0f-07e8d68cb648,491,vision_verified_next_batch_v1,274.0,202.0,10.0,10.0,279.0,207.0,137.0,101.0,5.0,5.0,high,vision accepted range 437-588; target_7bd_late,,2.0,36.75667,137.0,101.0,5.0,5.0,1
7bd296cd-c800-4be9-ab0f-07e8d68cb648,492,vision_verified_next_batch_v1,258.0,188.0,24.0,24.0,270.0,200.0,129.0,94.0,12.0,12.0,high,vision accepted range 437-588; target_7bd_late,,1.0,40.150235,129.0,94.0,12.0,12.0,1
7bd296cd-c800-4be9-ab0f-07e8d68cb648,493,vision_verified_next_batch_v1,262.0,196.0,24.0,24.0,274.0,208.0,131.0,98.0,12.0,12.0,high,vision accepted range 437-588; target_7bd_late,,1.0,46.548347,131.0,98.0,12.0,12.0,1
7bd296cd-c800-4be9-ab0f-07e8d68cb648,494,vision_verified_next_batch_v1,264.0,198.0,24.0,24.0,276.0,210.0,132.0,99.0,12.0,12.0,high,vision accepted range 437-588; target_7bd_late,,2.0,40.728201,132.0,99.0,12.0,12.0,1
7bd296cd-c800-4be9-ab0f-07e8d68cb648,495,vision_verified_next_batch_v1,256.0,190.0,24.0,24.0,268.0,202.0,128.0,95.0,12.0,12.0,high,vision accepted range 437-588; target_7bd_late,,1.0,45.45389,128.0,95.0,12.0,12.0,1
7bd296cd-c800-4be9-ab0f-07e8d68cb648,496,vision_verified_next_batch_v1,256.0,188.0,24.0,24.0,268.0,200.0,128.0,94.0,12.0,12.0,high,vision accepted range 437-588; target_7bd_late,,2.0,36.117808,128.0,94.0,12.0,12.0,1
7bd296cd-c800-4be9-ab0f-07e8d68cb648,497,vision_verified_next_batch_v1,252.0,190.0,24.0,24.0,264.0,202.0,126.0,95.0,12.0,12.0,high,vision accepted range 437-588; target_7bd_late,,1.0,35.799246,126.0,95.0,12.0,12.0,1
7bd296cd-c800-4be9-ab0f-07e8d68cb648,498,vision_verified_next_batch_v1,250.0,192.0,24.0,24.0,262.0,204.0,125.0,96.0,12.0,12.0,high,vision accepted range 437-588; target_7bd_late,,1.0,40.54292,125.0,96.0,12.0,12.0,1
7bd296cd-c800-4be9-ab0f-07e8d68cb648,499,vision_verified_next_batch_v1,240.0,206.0,14.0,14.0,247.0,213.0,120.0,103.0,7.0,7.0,high,vision accepted range 437-588; target_7bd_late,,3.0,23.416782,120.0,103.0,7.0,7.0,1
7bd296cd-c800-4be9-ab0f-07e8d68cb648,500,vision_verified_next_batch_v1,248.0,198.0,24.0,24.0,260.0,210.0,124.0,99.0,12.0,12.0,high,vision accepted range 437-588; target_7bd_late,,1.0,39.887732,124.0,99.0,12.0,12.0,1
7bd296cd-c800-4be9-ab0f-07e8d68cb648,501,vision_verified_next_batch_v1,248.0,200.0,24.0,24.0,260.0,212.0,124.0,100.0,12.0,12.0,high,vision accepted range 437-588; target_7bd_late,,2.0,34.299548,124.0,100.0,12.0,12.0,1
7bd296cd-c800-4be9-ab0f-07e8d68cb648,502,vision_verified_next_batch_v1,240.0,196.0,24.0,24.0,252.0,208.0,120.0,98.0,12.0,12.0,high,vision accepted range 437-588; target_7bd_late,,1.0,35.297297,120.0,98.0,12.0,12.0,1
7bd296cd-c800-4be9-ab0f-07e8d68cb648,503,vision_verified_next_batch_v1,238.0,202.0,24.0,24.0,250.0,214.0,119.0,101.0,12.0,12.0,high,vision accepted range 437-588; target_7bd_late,,1.0,41.176596,119.0,101.0,12.0,12.0,1
7bd296cd-c800-4be9-ab0f-07e8d68cb648,504,vision_verified_next_batch_v1,236.0,196.0,24.0,24.0,248.0,208.0,118.0,98.0,12.0,12.0,high,vision accepted range 437-588; target_7bd_late,,2.0,27.079486,118.0,98.0,12.0,12.0,1
7bd296cd-c800-4be9-ab0f-07e8d68cb648,505,vision_verified_next_batch_v1,234.0,202.0,24.0,24.0,246.0,214.0,117.0,101.0,12.0,12.0,high,vision accepted range 437-588; target_7bd_late,,1.0,43.905704,117.0,101.0,12.0,12.0,1
7bd296cd-c800-4be9-ab0f-07e8d68cb648,506,vision_verified_next_batch_v1,206.0,206.0,24.0,24.0,218.0,218.0,103.0,103.0,12.0,12.0,high,vision accepted range 437-588; target_7bd_late,,2.0,27.831727,103.0,103.0,12.0,12.0,1
7bd296cd-c800-4be9-ab0f-07e8d68cb648,507,vision_verified_next_batch_v1,228.0,198.0,24.0,24.0,240.0,210.0,114.0,99.0,12.0,12.0,high,vision accepted range 437-588; target_7bd_late,,1.0,41.252568,114.0,99.0,12.0,12.0,1
7bd296cd-c800-4be9-ab0f-07e8d68cb648,508,vision_verified_next_batch_v1,228.0,204.0,24.0,24.0,240.0,216.0,114.0,102.0,12.0,12.0,high,vision accepted range 437-588; target_7bd_late,,1.0,44.712063,114.0,102.0,12.0,12.0,1
7bd296cd-c800-4be9-ab0f-07e8d68cb648,509,vision_verified_next_batch_v1,226.0,206.0,24.0,24.0,238.0,218.0,113.0,103.0,12.0,12.0,high,vision accepted range 437-588; target_7bd_late,,2.0,37.016901,113.0,103.0,12.0,12.0,1
7bd296cd-c800-4be9-ab0f-07e8d68cb648,510,vision_verified_next_batch_v1,224.0,202.0,24.0,24.0,236.0,214.0,112.0,101.0,12.0,12.0,high,vision accepted range 437-588; target_7bd_late,,1.0,43.06749,112.0,101.0,12.0,12.0,1
7bd296cd-c800-4be9-ab0f-07e8d68cb648,511,vision_verified_next_batch_v1,224.0,202.0,24.0,24.0,236.0,214.0,112.0,101.0,12.0,12.0,high,vision accepted range 437-588; target_7bd_late,,2.0,35.513803,112.0,101.0,12.0,12.0,1
7bd296cd-c800-4be9-ab0f-07e8d68cb648,512,vision_verified_next_batch_v1,220.0,198.0,24.0,24.0,232.0,210.0,110.0,99.0,12.0,12.0,high,vision accepted range 437-588; target_7bd_late,,1.0,39.016562,110.0,99.0,12.0,12.0,1
7bd296cd-c800-4be9-ab0f-07e8d68cb648,513,vision_verified_next_batch_v1,218.0,196.0,24.0,24.0,230.0,208.0,109.0,98.0,12.0,12.0,high,vision accepted range 437-588; target_7bd_late,,1.0,44.512514,109.0,98.0,12.0,12.0,1
7bd296cd-c800-4be9-ab0f-07e8d68cb648,514,vision_verified_next_batch_v1,216.0,194.0,24.0,24.0,228.0,206.0,108.0,97.0,12.0,12.0,high,vision accepted range 437-588; target_7bd_late,,2.0,36.69947,108.0,97.0,12.0,12.0,1
7bd296cd-c800-4be9-ab0f-07e8d68cb648,515,vision_verified_next_batch_v1,218.0,198.0,24.0,24.0,230.0,210.0,109.0,99.0,12.0,12.0,high,vision accepted range 437-588; target_7bd_late,,1.0,43.623904,109.0,99.0,12.0,12.0,1
7bd296cd-c800-4be9-ab0f-07e8d68cb648,516,vision_verified_next_batch_v1,218.0,198.0,24.0,24.0,230.0,210.0,109.0,99.0,12.0,12.0,high,vision accepted range 437-588; target_7bd_late,,2.0,35.896541,109.0,99.0,12.0,12.0,1
7bd296cd-c800-4be9-ab0f-07e8d68cb648,517,vision_verified_next_batch_v1,216.0,198.0,24.0,24.0,228.0,210.0,108.0,99.0,12.0,12.0,high,vision accepted range 437-588; target_7bd_late,,1.0,40.377884,108.0,99.0,12.0,12.0,1
7bd296cd-c800-4be9-ab0f-07e8d68cb648,518,vision_verified_next_batch_v1,214.0,196.0,24.0,24.0,226.0,208.0,107.0,98.0,12.0,12.0,high,vision accepted range 437-588; target_7bd_late,,1.0,46.173275,107.0,98.0,12.0,12.0,1
7bd296cd-c800-4be9-ab0f-07e8d68cb648,519,vision_verified_next_batch_v1,214.0,194.0,24.0,24.0,226.0,206.0,107.0,97.0,12.0,12.0,high,vision accepted range 437-588; target_7bd_late,,2.0,39.896869,107.0,97.0,12.0,12.0,1
7bd296cd-c800-4be9-ab0f-07e8d68cb648,520,vision_verified_next_batch_v1,212.0,194.0,24.0,24.0,224.0,206.0,106.0,97.0,12.0,12.0,high,vision accepted range 437-588; target_7bd_late,,1.0,48.057591,106.0,97.0,12.0,12.0,1
7bd296cd-c800-4be9-ab0f-07e8d68cb648,521,vision_verified_next_batch_v1,212.0,192.0,24.0,24.0,224.0,204.0,106.0,96.0,12.0,12.0,high,vision accepted range 437-588; target_7bd_late,,2.0,39.782734,106.0,96.0,12.0,12.0,1
7bd296cd-c800-4be9-ab0f-07e8d68cb648,522,vision_verified_next_batch_v1,210.0,194.0,24.0,24.0,222.0,206.0,105.0,97.0,12.0,12.0,high,vision accepted range 437-588; target_7bd_late,,1.0,40.415695,105.0,97.0,12.0,12.0,1
7bd296cd-c800-4be9-ab0f-07e8d68cb648,523,vision_verified_next_batch_v1,208.0,196.0,24.0,24.0,220.0,208.0,104.0,98.0,12.0,12.0,high,vision accepted range 437-588; target_7bd_late,,1.0,46.878321,104.0,98.0,12.0,12.0,1
7bd296cd-c800-4be9-ab0f-07e8d68cb648,524,vision_verified_next_batch_v1,208.0,196.0,24.0,24.0,220.0,208.0,104.0,98.0,12.0,12.0,high,vision accepted range 437-588; target_7bd_late,,2.0,39.076216,104.0,98.0,12.0,12.0,1
7bd296cd-c800-4be9-ab0f-07e8d68cb648,525,vision_verified_next_batch_v1,208.0,198.0,24.0,24.0,220.0,210.0,104.0,99.0,12.0,12.0,high,vision accepted range 437-588; target_7bd_late,,1.0,45.753823,104.0,99.0,12.0,12.0,1
7bd296cd-c800-4be9-ab0f-07e8d68cb648,526,vision_verified_next_batch_v1,208.0,198.0,24.0,24.0,220.0,210.0,104.0,99.0,12.0,12.0,high,vision accepted range 437-588; target_7bd_late,,2.0,37.609459,104.0,99.0,12.0,12.0,1
7bd296cd-c800-4be9-ab0f-07e8d68cb648,527,vision_verified_next_batch_v1,208.0,200.0,24.0,24.0,220.0,212.0,104.0,100.0,12.0,12.0,high,vision accepted range 437-588; target_7bd_late,,1.0,38.959992,104.0,100.0,12.0,12.0,1
7bd296cd-c800-4be9-ab0f-07e8d68cb648,528,vision_verified_next_batch_v1,204.0,200.0,24.0,24.0,216.0,212.0,102.0,100.0,12.0,12.0,high,vision accepted range 437-588; target_7bd_late,,1.0,43.318282,102.0,100.0,12.0,12.0,1
7bd296cd-c800-4be9-ab0f-07e8d68cb648,529,vision_verified_next_batch_v1,204.0,200.0,24.0,24.0,216.0,212.0,102.0,100.0,12.0,12.0,high,vision accepted range 437-588; target_7bd_late,,2.0,35.363847,102.0,100.0,12.0,12.0,1
7bd296cd-c800-4be9-ab0f-07e8d68cb648,530,vision_verified_next_batch_v1,206.0,200.0,24.0,24.0,218.0,212.0,103.0,100.0,12.0,12.0,high,vision accepted range 437-588; target_7bd_late,,1.0,42.377586,103.0,100.0,12.0,12.0,1
7bd296cd-c800-4be9-ab0f-07e8d68cb648,531,vision_verified_next_batch_v1,206.0,200.0,24.0,24.0,218.0,212.0,103.0,100.0,12.0,12.0,high,vision accepted range 437-588; target_7bd_late,,2.0,35.118998,103.0,100.0,12.0,12.0,1
7bd296cd-c800-4be9-ab0f-07e8d68cb648,532,vision_verified_next_batch_v1,192.0,212.0,24.0,24.0,204.0,224.0,96.0,106.0,12.0,12.0,high,vision accepted range 437-588; target_7bd_late,,2.0,31.122804,96.0,106.0,12.0,12.0,1
7bd296cd-c800-4be9-ab0f-07e8d68cb648,533,vision_verified_next_batch_v1,206.0,202.0,24.0,24.0,218.0,214.0,103.0,101.0,12.0,12.0,high,vision accepted range 437-588; target_7bd_late,,1.0,40.206415,103.0,101.0,12.0,12.0,1
7bd296cd-c800-4be9-ab0f-07e8d68cb648,534,vision_verified_next_batch_v1,206.0,202.0,24.0,24.0,218.0,214.0,103.0,101.0,12.0,12.0,high,vision accepted range 437-588; target_7bd_late,,2.0,33.616218,103.0,101.0,12.0,12.0,1
7bd296cd-c800-4be9-ab0f-07e8d68cb648,535,vision_verified_next_batch_v1,192.0,210.0,24.0,24.0,204.0,222.0,96.0,105.0,12.0,12.0,high,vision accepted range 437-588; target_7bd_late,,2.0,38.390795,96.0,105.0,12.0,12.0,1
7bd296cd-c800-4be9-ab0f-07e8d68cb648,536,vision_verified_next_batch_v1,188.0,212.0,24.0,24.0,200.0,224.0,94.0,106.0,12.0,12.0,high,vision accepted range 437-588; target_7bd_late,,3.0,31.616487,94.0,106.0,12.0,12.0,1
7bd296cd-c800-4be9-ab0f-07e8d68cb648,537,vision_verified_next_batch_v1,206.0,208.0,24.0,24.0,218.0,220.0,103.0,104.0,12.0,12.0,high,vision accepted range 437-588; target_7bd_late,,1.0,32.925309,103.0,104.0,12.0,12.0,1
7bd296cd-c800-4be9-ab0f-07e8d68cb648,538,vision_verified_next_batch_v1,202.0,198.0,24.0,24.0,214.0,210.0,101.0,99.0,12.0,12.0,high,vision accepted range 437-588; target_7bd_late,,1.0,34.567102,101.0,99.0,12.0,12.0,1
7bd296cd-c800-4be9-ab0f-07e8d68cb648,539,vision_verified_next_batch_v1,202.0,196.0,24.0,24.0,214.0,208.0,101.0,98.0,12.0,12.0,high,vision accepted range 437-588; target_7bd_late,,2.0,28.251332,101.0,98.0,12.0,12.0,1
7bd296cd-c800-4be9-ab0f-07e8d68cb648,540,vision_verified_next_batch_v1,188.0,208.0,24.0,24.0,200.0,220.0,94.0,104.0,12.0,12.0,high,vision accepted range 437-588; target_7bd_late,,1.0,33.979071,94.0,104.0,12.0,12.0,1
7bd296cd-c800-4be9-ab0f-07e8d68cb648,541,vision_verified_next_batch_v1,184.0,210.0,24.0,24.0,196.0,222.0,92.0,105.0,12.0,12.0,high,vision accepted range 437-588; target_7bd_late,,2.0,25.381251,92.0,105.0,12.0,12.0,1
7bd296cd-c800-4be9-ab0f-07e8d68cb648,542,vision_verified_next_batch_v1,180.0,202.0,24.0,24.0,192.0,214.0,90.0,101.0,12.0,12.0,high,vision accepted range 437-588; target_7bd_late,,2.0,20.353331,90.0,101.0,12.0,12.0,1
7bd296cd-c800-4be9-ab0f-07e8d68cb648,543,vision_verified_next_batch_v1,198.0,200.0,24.0,24.0,210.0,212.0,99.0,100.0,12.0,12.0,high,vision accepted range 437-588; target_7bd_late,,2.0,24.541273,99.0,100.0,12.0,12.0,1
7bd296cd-c800-4be9-ab0f-07e8d68cb648,544,vision_verified_next_batch_v1,198.0,198.0,24.0,24.0,210.0,210.0,99.0,99.0,12.0,12.0,high,vision accepted range 437-588; target_7bd_late,,3.0,17.840008,99.0,99.0,12.0,12.0,1
7bd296cd-c800-4be9-ab0f-07e8d68cb648,545,vision_verified_next_batch_v1,196.0,200.0,24.0,24.0,208.0,212.0,98.0,100.0,12.0,12.0,high,vision accepted range 437-588; target_7bd_late,,1.0,25.305014,98.0,100.0,12.0,12.0,1
7bd296cd-c800-4be9-ab0f-07e8d68cb648,546,vision_verified_next_batch_v1,196.0,198.0,24.0,24.0,208.0,210.0,98.0,99.0,12.0,12.0,high,vision accepted range 437-588; target_7bd_late,,2.0,19.331428,98.0,99.0,12.0,12.0,1
7bd296cd-c800-4be9-ab0f-07e8d68cb648,547,vision_verified_next_batch_v1,194.0,210.0,24.0,24.0,206.0,222.0,97.0,105.0,12.0,12.0,high,vision accepted range 437-588; target_7bd_late,,1.0,24.05901,97.0,105.0,12.0,12.0,1
7bd296cd-c800-4be9-ab0f-07e8d68cb648,548,vision_verified_next_batch_v1,192.0,202.0,24.0,24.0,204.0,214.0,96.0,101.0,12.0,12.0,high,vision accepted range 437-588; target_7bd_late,,3.0,23.820453,96.0,101.0,12.0,12.0,1
7bd296cd-c800-4be9-ab0f-07e8d68cb648,549,vision_verified_next_batch_v1,192.0,200.0,24.0,24.0,204.0,212.0,96.0,100.0,12.0,12.0,high,vision accepted range 437-588; target_7bd_late,,4.0,20.796277,96.0,100.0,12.0,12.0,1
7bd296cd-c800-4be9-ab0f-07e8d68cb648,550,vision_verified_next_batch_v1,186.0,216.0,24.0,24.0,198.0,228.0,93.0,108.0,12.0,12.0,high,vision accepted range 437-588; target_7bd_late,,1.0,27.006184,93.0,108.0,12.0,12.0,1
7bd296cd-c800-4be9-ab0f-07e8d68cb648,551,vision_verified_next_batch_v1,184.0,220.0,24.0,24.0,196.0,232.0,92.0,110.0,12.0,12.0,high,vision accepted range 437-588; target_7bd_late,,2.0,24.497724,92.0,110.0,12.0,12.0,1
7bd296cd-c800-4be9-ab0f-07e8d68cb648,552,vision_verified_next_batch_v1,190.0,214.0,24.0,24.0,202.0,226.0,95.0,107.0,12.0,12.0,high,vision accepted range 437-588; target_7bd_late,,1.0,26.211107,95.0,107.0,12.0,12.0,1
7bd296cd-c800-4be9-ab0f-07e8d68cb648,553,vision_verified_next_batch_v1,190.0,212.0,24.0,24.0,202.0,224.0,95.0,106.0,12.0,12.0,high,vision accepted range 437-588; target_7bd_late,,1.0,31.085718,95.0,106.0,12.0,12.0,1
7bd296cd-c800-4be9-ab0f-07e8d68cb648,554,vision_verified_next_batch_v1,192.0,212.0,22.0,16.0,203.0,220.0,96.0,106.0,11.0,8.0,high,vision accepted range 437-588; target_7bd_late,,1.0,27.599063,96.0,106.0,11.0,8.0,1
7bd296cd-c800-4be9-ab0f-07e8d68cb648,555,vision_verified_next_batch_v1,186.0,210.0,24.0,24.0,198.0,222.0,93.0,105.0,12.0,12.0,high,vision accepted range 437-588; target_7bd_late,,1.0,31.551946,93.0,105.0,12.0,12.0,1
7bd296cd-c800-4be9-ab0f-07e8d68cb648,556,vision_verified_next_batch_v1,184.0,210.0,24.0,24.0,196.0,222.0,92.0,105.0,12.0,12.0,high,vision accepted range 437-588; target_7bd_late,,2.0,24.713898,92.0,105.0,12.0,12.0,1
7bd296cd-c800-4be9-ab0f-07e8d68cb648,557,vision_verified_next_batch_v1,184.0,202.0,24.0,24.0,196.0,214.0,92.0,101.0,12.0,12.0,high,vision accepted range 437-588; target_7bd_late,,1.0,30.876337,92.0,101.0,12.0,12.0,1
7bd296cd-c800-4be9-ab0f-07e8d68cb648,558,vision_verified_next_batch_v1,186.0,180.0,24.0,24.0,198.0,192.0,93.0,90.0,12.0,12.0,high,vision accepted range 437-588; target_7bd_late,,1.0,33.517314,93.0,90.0,12.0,12.0,1
7bd296cd-c800-4be9-ab0f-07e8d68cb648,559,vision_verified_next_batch_v1,186.0,172.0,24.0,24.0,198.0,184.0,93.0,86.0,12.0,12.0,high,vision accepted range 437-588; target_7bd_late,,1.0,28.558537,93.0,86.0,12.0,12.0,1
7bd296cd-c800-4be9-ab0f-07e8d68cb648,560,vision_verified_next_batch_v1,184.0,170.0,24.0,24.0,196.0,182.0,92.0,85.0,12.0,12.0,high,vision accepted range 437-588; target_7bd_late,,1.0,31.844572,92.0,85.0,12.0,12.0,1
7bd296cd-c800-4be9-ab0f-07e8d68cb648,561,vision_verified_next_batch_v1,180.0,176.0,24.0,24.0,192.0,188.0,90.0,88.0,12.0,12.0,high,vision accepted range 437-588; target_7bd_late,,1.0,25.582428,90.0,88.0,12.0,12.0,1
7bd296cd-c800-4be9-ab0f-07e8d68cb648,562,vision_verified_next_batch_v1,178.0,160.0,24.0,24.0,190.0,172.0,89.0,80.0,12.0,12.0,high,vision accepted range 437-588; target_7bd_late,,1.0,25.824013,89.0,80.0,12.0,12.0,1
7bd296cd-c800-4be9-ab0f-07e8d68cb648,563,vision_verified_next_batch_v1,166.0,156.0,24.0,24.0,178.0,168.0,83.0,78.0,12.0,12.0,high,vision accepted range 437-588; target_7bd_late,,1.0,29.615711,83.0,78.0,12.0,12.0,1
7bd296cd-c800-4be9-ab0f-07e8d68cb648,564,vision_verified_next_batch_v1,170.0,158.0,24.0,24.0,182.0,170.0,85.0,79.0,12.0,12.0,high,vision accepted range 437-588; target_7bd_late,,1.0,24.365874,85.0,79.0,12.0,12.0,1
7bd296cd-c800-4be9-ab0f-07e8d68cb648,565,vision_verified_next_batch_v1,168.0,144.0,24.0,24.0,180.0,156.0,84.0,72.0,12.0,12.0,high,vision accepted range 437-588; target_7bd_late,,1.0,27.075915,84.0,72.0,12.0,12.0,1
7bd296cd-c800-4be9-ab0f-07e8d68cb648,566,vision_verified_next_batch_v1,166.0,138.0,24.0,24.0,178.0,150.0,83.0,69.0,12.0,12.0,high,vision accepted range 437-588; target_7bd_late,,2.0,23.703334,83.0,69.0,12.0,12.0,1
7bd296cd-c800-4be9-ab0f-07e8d68cb648,568,vision_verified_next_batch_v1,154.0,134.0,24.0,24.0,166.0,146.0,77.0,67.0,12.0,12.0,high,vision accepted range 437-588; target_7bd_late,,1.0,28.966619,77.0,67.0,12.0,12.0,1
7bd296cd-c800-4be9-ab0f-07e8d68cb648,569,vision_verified_next_batch_v1,152.0,140.0,24.0,24.0,164.0,152.0,76.0,70.0,12.0,12.0,high,vision accepted range 437-588; target_7bd_late,,1.0,23.767532,76.0,70.0,12.0,12.0,1
7bd296cd-c800-4be9-ab0f-07e8d68cb648,570,vision_verified_next_batch_v1,156.0,146.0,24.0,24.0,168.0,158.0,78.0,73.0,12.0,12.0,high,vision accepted range 437-588; target_7bd_late,,2.0,27.452052,78.0,73.0,12.0,12.0,1
7bd296cd-c800-4be9-ab0f-07e8d68cb648,571,vision_verified_next_batch_v1,144.0,142.0,24.0,24.0,156.0,154.0,72.0,71.0,12.0,12.0,high,vision accepted range 437-588; target_7bd_late,,1.0,24.453671,72.0,71.0,12.0,12.0,1
7bd296cd-c800-4be9-ab0f-07e8d68cb648,572,vision_verified_next_batch_v1,128.0,146.0,24.0,24.0,140.0,158.0,64.0,73.0,12.0,12.0,high,vision accepted range 437-588; target_7bd_late,,3.0,19.699086,64.0,73.0,12.0,12.0,1
7bd296cd-c800-4be9-ab0f-07e8d68cb648,573,vision_verified_next_batch_v1,130.0,162.0,24.0,24.0,142.0,174.0,65.0,81.0,12.0,12.0,high,vision accepted range 437-588; target_7bd_late,,6.0,17.498155,65.0,81.0,12.0,12.0,1
7bd296cd-c800-4be9-ab0f-07e8d68cb648,574,vision_verified_next_batch_v1,126.0,152.0,24.0,24.0,138.0,164.0,63.0,76.0,12.0,12.0,high,vision accepted range 437-588; target_7bd_late,,1.0,26.143243,63.0,76.0,12.0,12.0,1
7bd296cd-c800-4be9-ab0f-07e8d68cb648,575,vision_verified_next_batch_v1,106.0,162.0,24.0,24.0,118.0,174.0,53.0,81.0,12.0,12.0,high,vision accepted range 437-588; target_7bd_late,,3.0,23.270809,53.0,81.0,12.0,12.0,1
7bd296cd-c800-4be9-ab0f-07e8d68cb648,576,vision_verified_next_batch_v1,114.0,162.0,24.0,24.0,126.0,174.0,57.0,81.0,12.0,12.0,high,vision accepted range 437-588; target_7bd_late,,1.0,26.060493,57.0,81.0,12.0,12.0,1
7bd296cd-c800-4be9-ab0f-07e8d68cb648,577,vision_verified_next_batch_v1,114.0,176.0,24.0,24.0,126.0,188.0,57.0,88.0,12.0,12.0,high,vision accepted range 437-588; target_7bd_late,,2.0,21.93411,57.0,88.0,12.0,12.0,1
7bd296cd-c800-4be9-ab0f-07e8d68cb648,578,vision_verified_next_batch_v1,102.0,180.0,24.0,24.0,114.0,192.0,51.0,90.0,12.0,12.0,high,vision accepted range 437-588; target_7bd_late,,4.0,21.038029,51.0,90.0,12.0,12.0,1
7bd296cd-c800-4be9-ab0f-07e8d68cb648,579,vision_verified_next_batch_v1,88.0,186.0,24.0,24.0,100.0,198.0,44.0,93.0,12.0,12.0,high,vision accepted range 437-588; target_7bd_late,,1.0,18.638148,44.0,93.0,12.0,12.0,1
7bd296cd-c800-4be9-ab0f-07e8d68cb648,580,vision_verified_next_batch_v1,88.0,188.0,24.0,24.0,100.0,200.0,44.0,94.0,12.0,12.0,high,vision accepted range 437-588; target_7bd_late,,3.0,18.772284,44.0,94.0,12.0,12.0,1
7bd296cd-c800-4be9-ab0f-07e8d68cb648,581,vision_verified_next_batch_v1,82.0,192.0,24.0,24.0,94.0,204.0,41.0,96.0,12.0,12.0,high,vision accepted range 437-588; target_7bd_late,,6.0,16.424779,41.0,96.0,12.0,12.0,1
7bd296cd-c800-4be9-ab0f-07e8d68cb648,582,vision_verified_next_batch_v1,36.0,214.0,24.0,24.0,48.0,226.0,18.0,107.0,12.0,12.0,high,vision accepted range 437-588; target_7bd_late,,2.0,25.895155,18.0,107.0,12.0,12.0,1
7bd296cd-c800-4be9-ab0f-07e8d68cb648,583,vision_verified_next_batch_v1,28.0,228.0,14.0,14.0,35.0,235.0,14.0,114.0,7.0,7.0,high,vision accepted range 437-588; target_7bd_late,,2.0,31.927768,14.0,114.0,7.0,7.0,1
7bd296cd-c800-4be9-ab0f-07e8d68cb648,584,vision_verified_next_batch_v1,14.0,236.0,14.0,14.0,21.0,243.0,7.0,118.0,7.0,7.0,high,vision accepted range 437-588; target_7bd_late,,2.0,25.553266,7.0,118.0,7.0,7.0,1
7bd296cd-c800-4be9-ab0f-07e8d68cb648,585,vision_verified_next_batch_v1,68.0,228.0,6.0,6.0,71.0,231.0,34.0,114.0,3.0,3.0,high,vision accepted range 437-588; target_7bd_late,,7.0,13.736105,34.0,114.0,3.0,3.0,1
7bd296cd-c800-4be9-ab0f-07e8d68cb648,586,vision_verified_next_batch_v1,62.0,232.0,6.0,6.0,65.0,235.0,31.0,116.0,3.0,3.0,high,vision accepted range 437-588; target_7bd_late,,6.0,11.754727,31.0,116.0,3.0,3.0,1
7bd296cd-c800-4be9-ab0f-07e8d68cb648,587,vision_verified_next_batch_v1,56.0,232.0,6.0,6.0,59.0,235.0,28.0,116.0,3.0,3.0,high,vision accepted range 437-588; target_7bd_late,,1.0,20.532714,28.0,116.0,3.0,3.0,1
7bd296cd-c800-4be9-ab0f-07e8d68cb648,588,vision_verified_next_batch_v1,40.0,232.0,6.0,6.0,43.0,235.0,20.0,116.0,3.0,3.0,high,vision accepted range 437-588; target_7bd_late,,1.0,25.131898,20.0,116.0,3.0,3.0,1
7bd296cd-c800-4be9-ab0f-07e8d68cb648,589,vision_template_tail_v1,12.0,222.0,26.0,26.0,25.0,235.0,6.0,111.0,13.0,13.0,medium_high,tail_template_verified_score_0.878,,,,6.0,111.0,13.0,13.0,1
7bd296cd-c800-4be9-ab0f-07e8d68cb648,590,vision_template_tail_v1,12.0,222.0,26.0,26.0,25.0,235.0,6.0,111.0,13.0,13.0,medium_high,tail_template_verified_score_0.923,,,,6.0,111.0,13.0,13.0,1
e2711620-6d4e-4f9c-8922-b1b2d1fb74f2,594,vision_verified_next_batch_v1,148.0,180.0,24.0,24.0,160.0,192.0,74.0,90.0,12.0,12.0,medium_high,vision accepted range 594-605; target_e271_pre,,2.0,23.247746,74.0,90.0,12.0,12.0,1
e2711620-6d4e-4f9c-8922-b1b2d1fb74f2,595,vision_verified_next_batch_v1,150.0,178.0,24.0,24.0,162.0,190.0,75.0,89.0,12.0,12.0,medium_high,vision accepted range 594-605; target_e271_pre,,3.0,18.903111,75.0,89.0,12.0,12.0,1
e2711620-6d4e-4f9c-8922-b1b2d1fb74f2,596,vision_verified_next_batch_v1,142.0,180.0,24.0,24.0,154.0,192.0,71.0,90.0,12.0,12.0,medium_high,vision accepted range 594-605; target_e271_pre,,1.0,24.011568,71.0,90.0,12.0,12.0,1
e2711620-6d4e-4f9c-8922-b1b2d1fb74f2,597,vision_verified_next_batch_v1,146.0,180.0,24.0,24.0,158.0,192.0,73.0,90.0,12.0,12.0,medium_high,vision accepted range 594-605; target_e271_pre,,1.0,29.878256,73.0,90.0,12.0,12.0,1
e2711620-6d4e-4f9c-8922-b1b2d1fb74f2,598,vision_verified_next_batch_v1,148.0,180.0,24.0,24.0,160.0,192.0,74.0,90.0,12.0,12.0,medium_high,vision accepted range 594-605; target_e271_pre,,2.0,23.915795,74.0,90.0,12.0,12.0,1
e2711620-6d4e-4f9c-8922-b1b2d1fb74f2,599,vision_verified_next_batch_v1,142.0,180.0,24.0,24.0,154.0,192.0,71.0,90.0,12.0,12.0,medium_high,vision accepted range 594-605; target_e271_pre,,1.0,30.84518,71.0,90.0,12.0,12.0,1
e2711620-6d4e-4f9c-8922-b1b2d1fb74f2,600,vision_verified_next_batch_v1,142.0,178.0,24.0,24.0,154.0,190.0,71.0,89.0,12.0,12.0,medium_high,vision accepted range 594-605; target_e271_pre,,2.0,25.816089,71.0,89.0,12.0,12.0,1
e2711620-6d4e-4f9c-8922-b1b2d1fb74f2,601,vision_verified_next_batch_v1,144.0,180.0,24.0,24.0,156.0,192.0,72.0,90.0,12.0,12.0,medium_high,vision accepted range 594-605; target_e271_pre,,2.0,27.222286,72.0,90.0,12.0,12.0,1
e2711620-6d4e-4f9c-8922-b1b2d1fb74f2,602,vision_verified_next_batch_v1,144.0,178.0,24.0,24.0,156.0,190.0,72.0,89.0,12.0,12.0,medium_high,vision accepted range 594-605; target_e271_pre,,4.0,24.861055,72.0,89.0,12.0,12.0,1
e2711620-6d4e-4f9c-8922-b1b2d1fb74f2,603,vision_verified_next_batch_v1,162.0,186.0,6.0,6.0,165.0,189.0,81.0,93.0,3.0,3.0,medium_high,vision accepted range 594-605; target_e271_pre,,2.0,21.014056,81.0,93.0,3.0,3.0,1
e2711620-6d4e-4f9c-8922-b1b2d1fb74f2,604,vision_verified_next_batch_v1,144.0,192.0,10.0,10.0,149.0,197.0,72.0,96.0,5.0,5.0,medium_high,vision accepted range 594-605; target_e271_pre,,1.0,20.622078,72.0,96.0,5.0,5.0,1
e2711620-6d4e-4f9c-8922-b1b2d1fb74f2,605,vision_verified_next_batch_v1,144.0,178.0,24.0,24.0,156.0,190.0,72.0,89.0,12.0,12.0,medium_high,vision accepted range 594-605; target_e271_pre,,3.0,10.843561,72.0,89.0,12.0,12.0,1
e2711620-6d4e-4f9c-8922-b1b2d1fb74f2,622,vision_verified_next_batch_v1,134.0,172.0,24.0,24.0,146.0,184.0,67.0,86.0,12.0,12.0,medium_high,vision accepted range 622-649; target_e271_late,,1.0,19.710658,67.0,86.0,12.0,12.0,1
e2711620-6d4e-4f9c-8922-b1b2d1fb74f2,623,vision_verified_next_batch_v1,134.0,170.0,24.0,24.0,146.0,182.0,67.0,85.0,12.0,12.0,medium_high,vision accepted range 622-649; target_e271_late,,1.0,19.483258,67.0,85.0,12.0,12.0,1
e2711620-6d4e-4f9c-8922-b1b2d1fb74f2,624,vision_verified_next_batch_v1,132.0,172.0,24.0,24.0,144.0,184.0,66.0,86.0,12.0,12.0,medium_high,vision accepted range 622-649; target_e271_late,,1.0,22.870573,66.0,86.0,12.0,12.0,1
e2711620-6d4e-4f9c-8922-b1b2d1fb74f2,625,vision_verified_next_batch_v1,128.0,188.0,6.0,6.0,131.0,191.0,64.0,94.0,3.0,3.0,medium_high,vision accepted range 622-649; target_e271_late,,2.0,12.356896,64.0,94.0,3.0,3.0,1
e2711620-6d4e-4f9c-8922-b1b2d1fb74f2,626,vision_verified_next_batch_v1,136.0,184.0,10.0,10.0,141.0,189.0,68.0,92.0,5.0,5.0,medium_high,vision accepted range 622-649; target_e271_late,,1.0,25.503203,68.0,92.0,5.0,5.0,1
e2711620-6d4e-4f9c-8922-b1b2d1fb74f2,627,vision_verified_next_batch_v1,138.0,172.0,24.0,24.0,150.0,184.0,69.0,86.0,12.0,12.0,medium_high,vision accepted range 622-649; target_e271_late,,2.0,29.132186,69.0,86.0,12.0,12.0,1
e2711620-6d4e-4f9c-8922-b1b2d1fb74f2,628,vision_verified_next_batch_v1,140.0,172.0,24.0,24.0,152.0,184.0,70.0,86.0,12.0,12.0,medium_high,vision accepted range 622-649; target_e271_late,,2.0,22.061901,70.0,86.0,12.0,12.0,1
e2711620-6d4e-4f9c-8922-b1b2d1fb74f2,629,vision_verified_next_batch_v1,136.0,184.0,10.0,10.0,141.0,189.0,68.0,92.0,5.0,5.0,medium_high,vision accepted range 622-649; target_e271_late,,1.0,30.429872,68.0,92.0,5.0,5.0,1
e2711620-6d4e-4f9c-8922-b1b2d1fb74f2,630,vision_verified_next_batch_v1,134.0,170.0,24.0,24.0,146.0,182.0,67.0,85.0,12.0,12.0,medium_high,vision accepted range 622-649; target_e271_late,,2.0,23.692901,67.0,85.0,12.0,12.0,1
e2711620-6d4e-4f9c-8922-b1b2d1fb74f2,631,vision_verified_next_batch_v1,134.0,172.0,24.0,24.0,146.0,184.0,67.0,86.0,12.0,12.0,medium_high,vision accepted range 622-649; target_e271_late,,1.0,25.807007,67.0,86.0,12.0,12.0,1
e2711620-6d4e-4f9c-8922-b1b2d1fb74f2,632,vision_verified_next_batch_v1,136.0,172.0,24.0,24.0,148.0,184.0,68.0,86.0,12.0,12.0,medium_high,vision accepted range 622-649; target_e271_late,,1.0,32.314145,68.0,86.0,12.0,12.0,1
e2711620-6d4e-4f9c-8922-b1b2d1fb74f2,633,vision_verified_next_batch_v1,138.0,172.0,24.0,24.0,150.0,184.0,69.0,86.0,12.0,12.0,medium_high,vision accepted range 622-649; target_e271_late,,2.0,25.892982,69.0,86.0,12.0,12.0,1
e2711620-6d4e-4f9c-8922-b1b2d1fb74f2,634,vision_verified_next_batch_v1,132.0,174.0,24.0,24.0,144.0,186.0,66.0,87.0,12.0,12.0,medium_high,vision accepted range 622-649; target_e271_late,,1.0,33.252841,66.0,87.0,12.0,12.0,1
e2711620-6d4e-4f9c-8922-b1b2d1fb74f2,635,vision_verified_next_batch_v1,124.0,194.0,6.0,6.0,127.0,197.0,62.0,97.0,3.0,3.0,medium_high,vision accepted range 622-649; target_e271_late,,2.0,22.603198,62.0,97.0,3.0,3.0,1
e2711620-6d4e-4f9c-8922-b1b2d1fb74f2,636,vision_verified_next_batch_v1,132.0,174.0,24.0,24.0,144.0,186.0,66.0,87.0,12.0,12.0,medium_high,vision accepted range 622-649; target_e271_late,,2.0,27.859287,66.0,87.0,12.0,12.0,1
e2711620-6d4e-4f9c-8922-b1b2d1fb74f2,637,vision_verified_next_batch_v1,130.0,174.0,24.0,24.0,142.0,186.0,65.0,87.0,12.0,12.0,medium_high,vision accepted range 622-649; target_e271_late,,1.0,31.691535,65.0,87.0,12.0,12.0,1
e2711620-6d4e-4f9c-8922-b1b2d1fb74f2,638,vision_verified_next_batch_v1,130.0,174.0,24.0,24.0,142.0,186.0,65.0,87.0,12.0,12.0,medium_high,vision accepted range 622-649; target_e271_late,,2.0,26.169305,65.0,87.0,12.0,12.0,1
e2711620-6d4e-4f9c-8922-b1b2d1fb74f2,639,vision_verified_next_batch_v1,124.0,178.0,24.0,24.0,136.0,190.0,62.0,89.0,12.0,12.0,medium_high,vision accepted range 622-649; target_e271_late,,1.0,31.078908,62.0,89.0,12.0,12.0,1
e2711620-6d4e-4f9c-8922-b1b2d1fb74f2,640,vision_verified_next_batch_v1,120.0,194.0,6.0,6.0,123.0,197.0,60.0,97.0,3.0,3.0,medium_high,vision accepted range 622-649; target_e271_late,,2.0,22.602422,60.0,97.0,3.0,3.0,1
e2711620-6d4e-4f9c-8922-b1b2d1fb74f2,641,vision_verified_next_batch_v1,128.0,176.0,24.0,24.0,140.0,188.0,64.0,88.0,12.0,12.0,medium_high,vision accepted range 622-649; target_e271_late,,2.0,25.687573,64.0,88.0,12.0,12.0,1
e2711620-6d4e-4f9c-8922-b1b2d1fb74f2,642,vision_verified_next_batch_v1,126.0,178.0,24.0,24.0,138.0,190.0,63.0,89.0,12.0,12.0,medium_high,vision accepted range 622-649; target_e271_late,,2.0,30.998585,63.0,89.0,12.0,12.0,1
e2711620-6d4e-4f9c-8922-b1b2d1fb74f2,643,vision_verified_next_batch_v1,126.0,194.0,6.0,6.0,129.0,197.0,63.0,97.0,3.0,3.0,medium_high,vision accepted range 622-649; target_e271_late,,2.0,24.864486,63.0,97.0,3.0,3.0,1
e2711620-6d4e-4f9c-8922-b1b2d1fb74f2,644,vision_verified_next_batch_v1,126.0,178.0,24.0,24.0,138.0,190.0,63.0,89.0,12.0,12.0,medium_high,vision accepted range 622-649; target_e271_late,,2.0,27.709144,63.0,89.0,12.0,12.0,1
e2711620-6d4e-4f9c-8922-b1b2d1fb74f2,645,vision_verified_next_batch_v1,128.0,176.0,24.0,24.0,140.0,188.0,64.0,88.0,12.0,12.0,medium_high,vision accepted range 622-649; target_e271_late,,2.0,21.234049,64.0,88.0,12.0,12.0,1
e2711620-6d4e-4f9c-8922-b1b2d1fb74f2,646,vision_verified_next_batch_v1,120.0,180.0,24.0,24.0,132.0,192.0,60.0,90.0,12.0,12.0,medium_high,vision accepted range 622-649; target_e271_late,,1.0,26.344538,60.0,90.0,12.0,12.0,1
e2711620-6d4e-4f9c-8922-b1b2d1fb74f2,647,vision_verified_next_batch_v1,118.0,182.0,24.0,24.0,130.0,194.0,59.0,91.0,12.0,12.0,medium_high,vision accepted range 622-649; target_e271_late,,1.0,27.918761,59.0,91.0,12.0,12.0,1
e2711620-6d4e-4f9c-8922-b1b2d1fb74f2,648,vision_verified_next_batch_v1,116.0,182.0,24.0,24.0,128.0,194.0,58.0,91.0,12.0,12.0,medium_high,vision accepted range 622-649; target_e271_late,,2.0,21.841776,58.0,91.0,12.0,12.0,1
e2711620-6d4e-4f9c-8922-b1b2d1fb74f2,649,vision_verified_next_batch_v1,116.0,182.0,24.0,24.0,128.0,194.0,58.0,91.0,12.0,12.0,medium_high,vision accepted range 622-649; target_e271_late,,1.0,24.971536,58.0,91.0,12.0,12.0,1
e2711620-6d4e-4f9c-8922-b1b2d1fb74f2,650,vision_template_tail_v1,113.0,179.0,30.0,30.0,128.0,194.0,56.5,89.5,15.0,15.0,high,tail_template_verified_score_1.000,,,,56.5,89.5,15.0,15.0,1
e2711620-6d4e-4f9c-8922-b1b2d1fb74f2,651,vision_template_tail_v1,112.0,179.0,30.0,30.0,127.0,194.0,56.0,89.5,15.0,15.0,high,tail_template_verified_score_0.868,,,,56.0,89.5,15.0,15.0,1
e2711620-6d4e-4f9c-8922-b1b2d1fb74f2,652,vision_template_tail_v1,120.0,179.0,30.0,30.0,135.0,194.0,60.0,89.5,15.0,15.0,high,tail_template_verified_score_0.880,,,,60.0,89.5,15.0,15.0,1
e2711620-6d4e-4f9c-8922-b1b2d1fb74f2,653,vision_template_tail_v1,120.0,179.0,30.0,30.0,135.0,194.0,60.0,89.5,15.0,15.0,high,tail_template_verified_score_0.927,,,,60.0,89.5,15.0,15.0,1
e2711620-6d4e-4f9c-8922-b1b2d1fb74f2,654,vision_template_tail_v1,124.0,179.0,30.0,30.0,139.0,194.0,62.0,89.5,15.0,15.0,high,tail_template_verified_score_0.916,,,,62.0,89.5,15.0,15.0,1
e2711620-6d4e-4f9c-8922-b1b2d1fb74f2,655,vision_template_tail_v1,124.0,179.0,30.0,30.0,139.0,194.0,62.0,89.5,15.0,15.0,high,tail_template_verified_score_0.949,,,,62.0,89.5,15.0,15.0,1
e2711620-6d4e-4f9c-8922-b1b2d1fb74f2,656,vision_template_tail_v1,128.0,179.0,30.0,30.0,143.0,194.0,64.0,89.5,15.0,15.0,high,tail_template_verified_score_0.954,,,,64.0,89.5,15.0,15.0,1
e2711620-6d4e-4f9c-8922-b1b2d1fb74f2,657,vision_template_tail_v1,131.0,179.0,30.0,30.0,146.0,194.0,65.5,89.5,15.0,15.0,high,tail_template_verified_score_0.978,,,,65.5,89.5,15.0,15.0,1
e2711620-6d4e-4f9c-8922-b1b2d1fb74f2,658,vision_template_tail_v1,131.0,179.0,30.0,30.0,146.0,194.0,65.5,89.5,15.0,15.0,high,tail_template_verified_score_0.986,,,,65.5,89.5,15.0,15.0,1
e2711620-6d4e-4f9c-8922-b1b2d1fb74f2,659,vision_template_tail_v1,135.0,179.0,30.0,30.0,150.0,194.0,67.5,89.5,15.0,15.0,high,tail_template_verified_score_0.985,,,,67.5,89.5,15.0,15.0,1
e2711620-6d4e-4f9c-8922-b1b2d1fb74f2,660,vision_template_tail_v1,135.0,179.0,30.0,30.0,150.0,194.0,67.5,89.5,15.0,15.0,high,tail_template_verified_score_0.991,,,,67.5,89.5,15.0,15.0,1
e2711620-6d4e-4f9c-8922-b1b2d1fb74f2,661,vision_template_tail_v1,138.0,179.0,30.0,30.0,153.0,194.0,69.0,89.5,15.0,15.0,high,tail_template_verified_score_0.994,,,,69.0,89.5,15.0,15.0,1
e2711620-6d4e-4f9c-8922-b1b2d1fb74f2,662,vision_template_tail_v1,141.0,179.0,30.0,30.0,156.0,194.0,70.5,89.5,15.0,15.0,high,tail_template_verified_score_0.993,,,,70.5,89.5,15.0,15.0,1
e2711620-6d4e-4f9c-8922-b1b2d1fb74f2,663,vision_template_tail_v1,141.0,179.0,30.0,30.0,156.0,194.0,70.5,89.5,15.0,15.0,high,tail_template_verified_score_0.995,,,,70.5,89.5,15.0,15.0,1
e2711620-6d4e-4f9c-8922-b1b2d1fb74f2,664,vision_template_tail_v1,144.0,179.0,30.0,30.0,159.0,194.0,72.0,89.5,15.0,15.0,high,tail_template_verified_score_0.994,,,,72.0,89.5,15.0,15.0,1
e2711620-6d4e-4f9c-8922-b1b2d1fb74f2,665,vision_template_tail_v1,144.0,179.0,30.0,30.0,159.0,194.0,72.0,89.5,15.0,15.0,high,tail_template_verified_score_0.997,,,,72.0,89.5,15.0,15.0,1
e2711620-6d4e-4f9c-8922-b1b2d1fb74f2,666,vision_template_tail_v1,148.0,179.0,30.0,30.0,163.0,194.0,74.0,89.5,15.0,15.0,high,tail_template_verified_score_0.995,,,,74.0,89.5,15.0,15.0,1
e2711620-6d4e-4f9c-8922-b1b2d1fb74f2,667,vision_template_tail_v1,151.0,179.0,30.0,30.0,166.0,194.0,75.5,89.5,15.0,15.0,high,tail_template_verified_score_0.992,,,,75.5,89.5,15.0,15.0,1
e2711620-6d4e-4f9c-8922-b1b2d1fb74f2,668,vision_template_tail_v1,151.0,179.0,30.0,30.0,166.0,194.0,75.5,89.5,15.0,15.0,high,tail_template_verified_score_0.995,,,,75.5,89.5,15.0,15.0,1
e2711620-6d4e-4f9c-8922-b1b2d1fb74f2,669,vision_template_tail_v1,153.0,178.0,30.0,30.0,168.0,193.0,76.5,89.0,15.0,15.0,high,tail_template_verified_score_0.993,,,,76.5,89.0,15.0,15.0,1
e2711620-6d4e-4f9c-8922-b1b2d1fb74f2,670,vision_template_tail_v1,153.0,178.0,30.0,30.0,168.0,193.0,76.5,89.0,15.0,15.0,high,tail_template_verified_score_0.996,,,,76.5,89.0,15.0,15.0,1
e2711620-6d4e-4f9c-8922-b1b2d1fb74f2,671,vision_template_tail_v1,156.0,178.0,30.0,30.0,171.0,193.0,78.0,89.0,15.0,15.0,high,tail_template_verified_score_0.996,,,,78.0,89.0,15.0,15.0,1
e2711620-6d4e-4f9c-8922-b1b2d1fb74f2,672,vision_template_tail_v1,159.0,178.0,30.0,30.0,174.0,193.0,79.5,89.0,15.0,15.0,high,tail_template_verified_score_0.995,,,,79.5,89.0,15.0,15.0,1
e2711620-6d4e-4f9c-8922-b1b2d1fb74f2,673,vision_template_tail_v1,159.0,178.0,30.0,30.0,174.0,193.0,79.5,89.0,15.0,15.0,high,tail_template_verified_score_0.997,,,,79.5,89.0,15.0,15.0,1
e2711620-6d4e-4f9c-8922-b1b2d1fb74f2,674,vision_template_tail_v1,161.0,178.0,30.0,30.0,176.0,193.0,80.5,89.0,15.0,15.0,high,tail_template_verified_score_0.994,,,,80.5,89.0,15.0,15.0,1
e2711620-6d4e-4f9c-8922-b1b2d1fb74f2,675,vision_template_tail_v1,161.0,178.0,30.0,30.0,176.0,193.0,80.5,89.0,15.0,15.0,high,tail_template_verified_score_0.996,,,,80.5,89.0,15.0,15.0,1
e2711620-6d4e-4f9c-8922-b1b2d1fb74f2,676,vision_template_tail_v1,164.0,178.0,30.0,30.0,179.0,193.0,82.0,89.0,15.0,15.0,high,tail_template_verified_score_0.994,,,,82.0,89.0,15.0,15.0,1
e2711620-6d4e-4f9c-8922-b1b2d1fb74f2,677,vision_template_tail_v1,166.0,177.0,30.0,30.0,181.0,192.0,83.0,88.5,15.0,15.0,high,tail_template_verified_score_0.997,,,,83.0,88.5,15.0,15.0,1
e2711620-6d4e-4f9c-8922-b1b2d1fb74f2,678,vision_template_tail_v1,166.0,177.0,30.0,30.0,181.0,192.0,83.0,88.5,15.0,15.0,high,tail_template_verified_score_0.998,,,,83.0,88.5,15.0,15.0,1
e2711620-6d4e-4f9c-8922-b1b2d1fb74f2,679,vision_template_tail_v1,168.0,177.0,30.0,30.0,183.0,192.0,84.0,88.5,15.0,15.0,high,tail_template_verified_score_0.996,,,,84.0,88.5,15.0,15.0,1
e2711620-6d4e-4f9c-8922-b1b2d1fb74f2,680,vision_template_tail_v1,168.0,177.0,30.0,30.0,183.0,192.0,84.0,88.5,15.0,15.0,high,tail_template_verified_score_0.997,,,,84.0,88.5,15.0,15.0,1
e2711620-6d4e-4f9c-8922-b1b2d1fb74f2,681,vision_template_tail_v1,171.0,177.0,30.0,30.0,186.0,192.0,85.5,88.5,15.0,15.0,high,tail_template_verified_score_0.994,,,,85.5,88.5,15.0,15.0,1
e2711620-6d4e-4f9c-8922-b1b2d1fb74f2,682,vision_template_tail_v1,172.0,176.0,30.0,30.0,187.0,191.0,86.0,88.0,15.0,15.0,high,tail_template_verified_score_0.997,,,,86.0,88.0,15.0,15.0,1
e2711620-6d4e-4f9c-8922-b1b2d1fb74f2,683,vision_template_tail_v1,172.0,176.0,30.0,30.0,187.0,191.0,86.0,88.0,15.0,15.0,high,tail_template_verified_score_0.998,,,,86.0,88.0,15.0,15.0,1
e2711620-6d4e-4f9c-8922-b1b2d1fb74f2,684,vision_template_tail_v1,174.0,176.0,30.0,30.0,189.0,191.0,87.0,88.0,15.0,15.0,high,tail_template_verified_score_0.996,,,,87.0,88.0,15.0,15.0,1
e2711620-6d4e-4f9c-8922-b1b2d1fb74f2,685,vision_template_tail_v1,174.0,176.0,30.0,30.0,189.0,191.0,87.0,88.0,15.0,15.0,high,tail_template_verified_score_0.997,,,,87.0,88.0,15.0,15.0,1
e2711620-6d4e-4f9c-8922-b1b2d1fb74f2,686,vision_template_tail_v1,176.0,175.0,30.0,30.0,191.0,190.0,88.0,87.5,15.0,15.0,high,tail_template_verified_score_0.994,,,,88.0,87.5,15.0,15.0,1
e2711620-6d4e-4f9c-8922-b1b2d1fb74f2,687,vision_template_tail_v1,178.0,175.0,30.0,30.0,193.0,190.0,89.0,87.5,15.0,15.0,high,tail_template_verified_score_0.998,,,,89.0,87.5,15.0,15.0,1
e2711620-6d4e-4f9c-8922-b1b2d1fb74f2,688,vision_template_tail_v1,178.0,175.0,30.0,30.0,193.0,190.0,89.0,87.5,15.0,15.0,high,tail_template_verified_score_0.999,,,,89.0,87.5,15.0,15.0,1
e2711620-6d4e-4f9c-8922-b1b2d1fb74f2,689,vision_template_tail_v1,179.0,174.0,30.0,30.0,194.0,189.0,89.5,87.0,15.0,15.0,high,tail_template_verified_score_0.996,,,,89.5,87.0,15.0,15.0,1
e2711620-6d4e-4f9c-8922-b1b2d1fb74f2,690,vision_template_tail_v1,179.0,174.0,30.0,30.0,194.0,189.0,89.5,87.0,15.0,15.0,high,tail_template_verified_score_0.997,,,,89.5,87.0,15.0,15.0,1
e2711620-6d4e-4f9c-8922-b1b2d1fb74f2,691,vision_template_tail_v1,181.0,174.0,30.0,30.0,196.0,189.0,90.5,87.0,15.0,15.0,high,tail_template_verified_score_0.996,,,,90.5,87.0,15.0,15.0,1
e2711620-6d4e-4f9c-8922-b1b2d1fb74f2,692,vision_template_tail_v1,182.0,173.0,30.0,30.0,197.0,188.0,91.0,86.5,15.0,15.0,high,tail_template_verified_score_0.997,,,,91.0,86.5,15.0,15.0,1
e2711620-6d4e-4f9c-8922-b1b2d1fb74f2,693,vision_template_tail_v1,182.0,173.0,30.0,30.0,197.0,188.0,91.0,86.5,15.0,15.0,high,tail_template_verified_score_0.998,,,,91.0,86.5,15.0,15.0,1
e2711620-6d4e-4f9c-8922-b1b2d1fb74f2,694,vision_template_tail_v1,184.0,173.0,30.0,30.0,199.0,188.0,92.0,86.5,15.0,15.0,high,tail_template_verified_score_0.995,,,,92.0,86.5,15.0,15.0,1
e2711620-6d4e-4f9c-8922-b1b2d1fb74f2,695,vision_template_tail_v1,184.0,173.0,30.0,30.0,199.0,188.0,92.0,86.5,15.0,15.0,high,tail_template_verified_score_0.997,,,,92.0,86.5,15.0,15.0,1
e2711620-6d4e-4f9c-8922-b1b2d1fb74f2,696,vision_template_tail_v1,185.0,172.0,30.0,30.0,200.0,187.0,92.5,86.0,15.0,15.0,high,tail_template_verified_score_0.997,,,,92.5,86.0,15.0,15.0,1
e2711620-6d4e-4f9c-8922-b1b2d1fb74f2,697,vision_template_tail_v1,187.0,172.0,30.0,30.0,202.0,187.0,93.5,86.0,15.0,15.0,high,tail_template_verified_score_0.996,,,,93.5,86.0,15.0,15.0,1
e2711620-6d4e-4f9c-8922-b1b2d1fb74f2,698,vision_template_tail_v1,187.0,172.0,30.0,30.0,202.0,187.0,93.5,86.0,15.0,15.0,high,tail_template_verified_score_0.998,,,,93.5,86.0,15.0,15.0,1
