acquire_threshold,track_threshold,acquire_hits,max_misses,max_jump_px,output_tentative,coast_output,frames_all,visible_frames,invisible_frames,all_frame_correct,all_frame_accuracy,visible_strict,visible_strict_recall,visible_loose,visible_loose_recall,invisible_no_box,invisible_no_box_rate,selected_frames,first_lock_frame,first_strict_frame,strict_latency_frames
28.0,28.0,3,0,12.0,0,0,250,38,212,217,0.868,10,0.2632,10,0.2632,207,0.9764,15,240,240,28
28.0,28.0,3,0,18.0,0,0,250,38,212,217,0.868,10,0.2632,10,0.2632,207,0.9764,15,240,240,28
28.0,28.0,3,0,24.0,0,0,250,38,212,217,0.868,10,0.2632,10,0.2632,207,0.9764,15,240,240,28
28.0,28.0,3,0,32.0,0,0,250,38,212,217,0.868,10,0.2632,10,0.2632,207,0.9764,15,240,240,28
28.0,28.0,3,0,48.0,0,0,250,38,212,217,0.868,10,0.2632,10,0.2632,207,0.9764,15,240,240,28
28.0,28.0,3,1,12.0,0,0,250,38,212,217,0.868,10,0.2632,10,0.2632,207,0.9764,15,240,240,28
28.0,28.0,3,1,18.0,0,0,250,38,212,217,0.868,10,0.2632,10,0.2632,207,0.9764,15,240,240,28
28.0,28.0,3,1,24.0,0,0,250,38,212,217,0.868,10,0.2632,10,0.2632,207,0.9764,15,240,240,28
28.0,28.0,3,1,32.0,0,0,250,38,212,217,0.868,10,0.2632,10,0.2632,207,0.9764,15,240,240,28
28.0,28.0,3,1,48.0,0,0,250,38,212,217,0.868,10,0.2632,10,0.2632,207,0.9764,15,240,240,28
28.0,28.0,2,0,12.0,0,0,250,38,212,216,0.864,11,0.2895,11,0.2895,205,0.967,18,239,239,27
28.0,28.0,2,0,18.0,0,0,250,38,212,216,0.864,11,0.2895,11,0.2895,205,0.967,18,239,239,27
28.0,28.0,2,0,24.0,0,0,250,38,212,216,0.864,11,0.2895,11,0.2895,205,0.967,18,239,239,27
28.0,28.0,2,0,32.0,0,0,250,38,212,216,0.864,11,0.2895,11,0.2895,205,0.967,18,239,239,27
28.0,28.0,2,0,48.0,0,0,250,38,212,216,0.864,11,0.2895,11,0.2895,205,0.967,18,239,239,27
28.0,28.0,2,1,12.0,0,0,250,38,212,216,0.864,11,0.2895,11,0.2895,205,0.967,18,239,239,27
28.0,28.0,2,1,18.0,0,0,250,38,212,216,0.864,11,0.2895,11,0.2895,205,0.967,18,239,239,27
28.0,28.0,2,1,24.0,0,0,250,38,212,216,0.864,11,0.2895,11,0.2895,205,0.967,18,239,239,27
28.0,28.0,2,1,32.0,0,0,250,38,212,216,0.864,11,0.2895,11,0.2895,205,0.967,18,239,239,27
28.0,28.0,2,1,48.0,0,0,250,38,212,216,0.864,11,0.2895,11,0.2895,205,0.967,18,239,239,27
28.0,28.0,3,2,12.0,0,0,250,38,212,216,0.864,10,0.2632,10,0.2632,206,0.9717,16,240,240,28
28.0,28.0,3,2,18.0,0,0,250,38,212,216,0.864,10,0.2632,10,0.2632,206,0.9717,16,240,240,28
28.0,28.0,3,2,24.0,0,0,250,38,212,216,0.864,10,0.2632,10,0.2632,206,0.9717,16,240,240,28
28.0,28.0,3,2,32.0,0,0,250,38,212,216,0.864,10,0.2632,10,0.2632,206,0.9717,16,240,240,28
28.0,28.0,3,2,48.0,0,0,250,38,212,216,0.864,10,0.2632,10,0.2632,206,0.9717,16,240,240,28
28.0,28.0,2,2,12.0,0,0,250,38,212,215,0.86,11,0.2895,11,0.2895,204,0.9623,19,239,239,27
28.0,28.0,2,2,18.0,0,0,250,38,212,215,0.86,11,0.2895,11,0.2895,204,0.9623,19,239,239,27
28.0,28.0,2,2,24.0,0,0,250,38,212,215,0.86,11,0.2895,11,0.2895,204,0.9623,19,239,239,27
28.0,28.0,2,2,32.0,0,0,250,38,212,215,0.86,11,0.2895,11,0.2895,204,0.9623,19,239,239,27
28.0,28.0,2,2,48.0,0,0,250,38,212,215,0.86,11,0.2895,11,0.2895,204,0.9623,19,239,239,27
34.0,24.0,1,0,12.0,0,0,250,38,212,215,0.86,9,0.2368,9,0.2368,206,0.9717,15,241,241,29
34.0,24.0,1,0,18.0,0,0,250,38,212,215,0.86,9,0.2368,9,0.2368,206,0.9717,15,241,241,29
34.0,24.0,1,0,24.0,0,0,250,38,212,215,0.86,9,0.2368,9,0.2368,206,0.9717,15,241,241,29
34.0,24.0,1,0,32.0,0,0,250,38,212,215,0.86,9,0.2368,9,0.2368,206,0.9717,15,241,241,29
34.0,24.0,1,0,48.0,0,0,250,38,212,215,0.86,9,0.2368,9,0.2368,206,0.9717,15,241,241,29
34.0,24.0,1,1,12.0,0,0,250,38,212,215,0.86,9,0.2368,9,0.2368,206,0.9717,15,241,241,29
34.0,24.0,1,1,18.0,0,0,250,38,212,215,0.86,9,0.2368,9,0.2368,206,0.9717,15,241,241,29
34.0,24.0,1,1,24.0,0,0,250,38,212,215,0.86,9,0.2368,9,0.2368,206,0.9717,15,241,241,29
34.0,24.0,1,1,32.0,0,0,250,38,212,215,0.86,9,0.2368,9,0.2368,206,0.9717,15,241,241,29
34.0,24.0,1,1,48.0,0,0,250,38,212,215,0.86,9,0.2368,9,0.2368,206,0.9717,15,241,241,29
34.0,24.0,1,2,12.0,0,0,250,38,212,215,0.86,9,0.2368,9,0.2368,206,0.9717,15,241,241,29
34.0,24.0,1,2,18.0,0,0,250,38,212,215,0.86,9,0.2368,9,0.2368,206,0.9717,15,241,241,29
34.0,24.0,1,2,24.0,0,0,250,38,212,215,0.86,9,0.2368,9,0.2368,206,0.9717,15,241,241,29
34.0,24.0,1,2,32.0,0,0,250,38,212,215,0.86,9,0.2368,9,0.2368,206,0.9717,15,241,241,29
34.0,24.0,1,2,48.0,0,0,250,38,212,215,0.86,9,0.2368,9,0.2368,206,0.9717,15,241,241,29
34.0,26.0,1,0,12.0,0,0,250,38,212,215,0.86,9,0.2368,9,0.2368,206,0.9717,15,241,241,29
34.0,26.0,1,0,18.0,0,0,250,38,212,215,0.86,9,0.2368,9,0.2368,206,0.9717,15,241,241,29
34.0,26.0,1,0,24.0,0,0,250,38,212,215,0.86,9,0.2368,9,0.2368,206,0.9717,15,241,241,29
34.0,26.0,1,0,32.0,0,0,250,38,212,215,0.86,9,0.2368,9,0.2368,206,0.9717,15,241,241,29
34.0,26.0,1,0,48.0,0,0,250,38,212,215,0.86,9,0.2368,9,0.2368,206,0.9717,15,241,241,29
34.0,26.0,1,1,12.0,0,0,250,38,212,215,0.86,9,0.2368,9,0.2368,206,0.9717,15,241,241,29
34.0,26.0,1,1,18.0,0,0,250,38,212,215,0.86,9,0.2368,9,0.2368,206,0.9717,15,241,241,29
34.0,26.0,1,1,24.0,0,0,250,38,212,215,0.86,9,0.2368,9,0.2368,206,0.9717,15,241,241,29
34.0,26.0,1,1,32.0,0,0,250,38,212,215,0.86,9,0.2368,9,0.2368,206,0.9717,15,241,241,29
34.0,26.0,1,1,48.0,0,0,250,38,212,215,0.86,9,0.2368,9,0.2368,206,0.9717,15,241,241,29
34.0,26.0,1,2,12.0,0,0,250,38,212,215,0.86,9,0.2368,9,0.2368,206,0.9717,15,241,241,29
34.0,26.0,1,2,18.0,0,0,250,38,212,215,0.86,9,0.2368,9,0.2368,206,0.9717,15,241,241,29
34.0,26.0,1,2,24.0,0,0,250,38,212,215,0.86,9,0.2368,9,0.2368,206,0.9717,15,241,241,29
34.0,26.0,1,2,32.0,0,0,250,38,212,215,0.86,9,0.2368,9,0.2368,206,0.9717,15,241,241,29
34.0,26.0,1,2,48.0,0,0,250,38,212,215,0.86,9,0.2368,9,0.2368,206,0.9717,15,241,241,29
34.0,28.0,1,0,12.0,0,0,250,38,212,215,0.86,9,0.2368,9,0.2368,206,0.9717,15,241,241,29
34.0,28.0,1,0,18.0,0,0,250,38,212,215,0.86,9,0.2368,9,0.2368,206,0.9717,15,241,241,29
34.0,28.0,1,0,24.0,0,0,250,38,212,215,0.86,9,0.2368,9,0.2368,206,0.9717,15,241,241,29
34.0,28.0,1,0,32.0,0,0,250,38,212,215,0.86,9,0.2368,9,0.2368,206,0.9717,15,241,241,29
34.0,28.0,1,0,48.0,0,0,250,38,212,215,0.86,9,0.2368,9,0.2368,206,0.9717,15,241,241,29
34.0,28.0,1,1,12.0,0,0,250,38,212,215,0.86,9,0.2368,9,0.2368,206,0.9717,15,241,241,29
34.0,28.0,1,1,18.0,0,0,250,38,212,215,0.86,9,0.2368,9,0.2368,206,0.9717,15,241,241,29
34.0,28.0,1,1,24.0,0,0,250,38,212,215,0.86,9,0.2368,9,0.2368,206,0.9717,15,241,241,29
34.0,28.0,1,1,32.0,0,0,250,38,212,215,0.86,9,0.2368,9,0.2368,206,0.9717,15,241,241,29
34.0,28.0,1,1,48.0,0,0,250,38,212,215,0.86,9,0.2368,9,0.2368,206,0.9717,15,241,241,29
34.0,28.0,1,2,12.0,0,0,250,38,212,215,0.86,9,0.2368,9,0.2368,206,0.9717,15,241,241,29
34.0,28.0,1,2,18.0,0,0,250,38,212,215,0.86,9,0.2368,9,0.2368,206,0.9717,15,241,241,29
34.0,28.0,1,2,24.0,0,0,250,38,212,215,0.86,9,0.2368,9,0.2368,206,0.9717,15,241,241,29
34.0,28.0,1,2,32.0,0,0,250,38,212,215,0.86,9,0.2368,9,0.2368,206,0.9717,15,241,241,29
34.0,28.0,1,2,48.0,0,0,250,38,212,215,0.86,9,0.2368,9,0.2368,206,0.9717,15,241,241,29
30.0,28.0,1,0,12.0,0,0,250,38,212,214,0.856,13,0.3421,13,0.3421,201,0.9481,24,238,236,24
30.0,28.0,1,0,18.0,0,0,250,38,212,214,0.856,13,0.3421,13,0.3421,201,0.9481,24,238,236,24
30.0,28.0,1,0,24.0,0,0,250,38,212,214,0.856,13,0.3421,13,0.3421,201,0.9481,24,238,236,24
30.0,28.0,1,0,32.0,0,0,250,38,212,214,0.856,13,0.3421,13,0.3421,201,0.9481,24,238,236,24
30.0,28.0,1,0,48.0,0,0,250,38,212,214,0.856,13,0.3421,13,0.3421,201,0.9481,24,238,236,24
30.0,28.0,1,1,12.0,0,0,250,38,212,214,0.856,13,0.3421,13,0.3421,201,0.9481,24,236,236,24
30.0,28.0,1,1,18.0,0,0,250,38,212,214,0.856,13,0.3421,13,0.3421,201,0.9481,24,236,236,24
30.0,28.0,1,1,24.0,0,0,250,38,212,214,0.856,13,0.3421,13,0.3421,201,0.9481,24,236,236,24
30.0,28.0,1,1,32.0,0,0,250,38,212,214,0.856,13,0.3421,13,0.3421,201,0.9481,24,236,236,24
30.0,28.0,1,1,48.0,0,0,250,38,212,214,0.856,13,0.3421,13,0.3421,201,0.9481,24,236,236,24
30.0,28.0,1,2,12.0,0,0,250,38,212,214,0.856,13,0.3421,13,0.3421,201,0.9481,24,236,236,24
30.0,28.0,1,2,18.0,0,0,250,38,212,214,0.856,13,0.3421,13,0.3421,201,0.9481,24,236,236,24
30.0,28.0,1,2,24.0,0,0,250,38,212,214,0.856,13,0.3421,13,0.3421,201,0.9481,24,236,236,24
30.0,28.0,1,2,32.0,0,0,250,38,212,214,0.856,13,0.3421,13,0.3421,201,0.9481,24,236,236,24
30.0,28.0,1,2,48.0,0,0,250,38,212,214,0.856,13,0.3421,13,0.3421,201,0.9481,24,236,236,24
28.0,26.0,3,0,12.0,0,0,250,38,212,214,0.856,10,0.2632,10,0.2632,204,0.9623,18,240,240,28
28.0,26.0,3,0,18.0,0,0,250,38,212,214,0.856,10,0.2632,10,0.2632,204,0.9623,18,240,240,28
28.0,26.0,3,0,24.0,0,0,250,38,212,214,0.856,10,0.2632,10,0.2632,204,0.9623,18,240,240,28
28.0,26.0,3,0,32.0,0,0,250,38,212,214,0.856,10,0.2632,10,0.2632,204,0.9623,18,240,240,28
28.0,26.0,3,0,48.0,0,0,250,38,212,214,0.856,10,0.2632,10,0.2632,204,0.9623,18,240,240,28
34.0,16.0,1,0,12.0,0,0,250,38,212,214,0.856,9,0.2368,9,0.2368,205,0.967,16,241,241,29
34.0,16.0,1,0,18.0,0,0,250,38,212,214,0.856,9,0.2368,9,0.2368,205,0.967,16,241,241,29
34.0,16.0,1,0,24.0,0,0,250,38,212,214,0.856,9,0.2368,9,0.2368,205,0.967,16,241,241,29
34.0,16.0,1,0,32.0,0,0,250,38,212,214,0.856,9,0.2368,9,0.2368,205,0.967,16,241,241,29
34.0,16.0,1,0,48.0,0,0,250,38,212,214,0.856,9,0.2368,9,0.2368,205,0.967,16,241,241,29
34.0,16.0,1,1,12.0,0,0,250,38,212,214,0.856,9,0.2368,9,0.2368,205,0.967,16,241,241,29
34.0,16.0,1,1,18.0,0,0,250,38,212,214,0.856,9,0.2368,9,0.2368,205,0.967,16,241,241,29
34.0,16.0,1,1,24.0,0,0,250,38,212,214,0.856,9,0.2368,9,0.2368,205,0.967,16,241,241,29
34.0,16.0,1,1,32.0,0,0,250,38,212,214,0.856,9,0.2368,9,0.2368,205,0.967,16,241,241,29
34.0,16.0,1,1,48.0,0,0,250,38,212,214,0.856,9,0.2368,9,0.2368,205,0.967,16,241,241,29
34.0,16.0,1,2,12.0,0,0,250,38,212,214,0.856,9,0.2368,9,0.2368,205,0.967,16,241,241,29
34.0,16.0,1,2,18.0,0,0,250,38,212,214,0.856,9,0.2368,9,0.2368,205,0.967,16,241,241,29
34.0,16.0,1,2,24.0,0,0,250,38,212,214,0.856,9,0.2368,9,0.2368,205,0.967,16,241,241,29
34.0,16.0,1,2,32.0,0,0,250,38,212,214,0.856,9,0.2368,9,0.2368,205,0.967,16,241,241,29
34.0,16.0,1,2,48.0,0,0,250,38,212,214,0.856,9,0.2368,9,0.2368,205,0.967,16,241,241,29
34.0,18.0,1,0,12.0,0,0,250,38,212,214,0.856,9,0.2368,9,0.2368,205,0.967,16,241,241,29
34.0,18.0,1,0,18.0,0,0,250,38,212,214,0.856,9,0.2368,9,0.2368,205,0.967,16,241,241,29
34.0,18.0,1,0,24.0,0,0,250,38,212,214,0.856,9,0.2368,9,0.2368,205,0.967,16,241,241,29
34.0,18.0,1,0,32.0,0,0,250,38,212,214,0.856,9,0.2368,9,0.2368,205,0.967,16,241,241,29
34.0,18.0,1,0,48.0,0,0,250,38,212,214,0.856,9,0.2368,9,0.2368,205,0.967,16,241,241,29
34.0,18.0,1,1,12.0,0,0,250,38,212,214,0.856,9,0.2368,9,0.2368,205,0.967,16,241,241,29
34.0,18.0,1,1,18.0,0,0,250,38,212,214,0.856,9,0.2368,9,0.2368,205,0.967,16,241,241,29
34.0,18.0,1,1,24.0,0,0,250,38,212,214,0.856,9,0.2368,9,0.2368,205,0.967,16,241,241,29
34.0,18.0,1,1,32.0,0,0,250,38,212,214,0.856,9,0.2368,9,0.2368,205,0.967,16,241,241,29
34.0,18.0,1,1,48.0,0,0,250,38,212,214,0.856,9,0.2368,9,0.2368,205,0.967,16,241,241,29
34.0,18.0,1,2,12.0,0,0,250,38,212,214,0.856,9,0.2368,9,0.2368,205,0.967,16,241,241,29
34.0,18.0,1,2,18.0,0,0,250,38,212,214,0.856,9,0.2368,9,0.2368,205,0.967,16,241,241,29
34.0,18.0,1,2,24.0,0,0,250,38,212,214,0.856,9,0.2368,9,0.2368,205,0.967,16,241,241,29
34.0,18.0,1,2,32.0,0,0,250,38,212,214,0.856,9,0.2368,9,0.2368,205,0.967,16,241,241,29
34.0,18.0,1,2,48.0,0,0,250,38,212,214,0.856,9,0.2368,9,0.2368,205,0.967,16,241,241,29
34.0,20.0,1,0,12.0,0,0,250,38,212,214,0.856,9,0.2368,9,0.2368,205,0.967,16,241,241,29
34.0,20.0,1,0,18.0,0,0,250,38,212,214,0.856,9,0.2368,9,0.2368,205,0.967,16,241,241,29
34.0,20.0,1,0,24.0,0,0,250,38,212,214,0.856,9,0.2368,9,0.2368,205,0.967,16,241,241,29
34.0,20.0,1,0,32.0,0,0,250,38,212,214,0.856,9,0.2368,9,0.2368,205,0.967,16,241,241,29
34.0,20.0,1,0,48.0,0,0,250,38,212,214,0.856,9,0.2368,9,0.2368,205,0.967,16,241,241,29
34.0,20.0,1,1,12.0,0,0,250,38,212,214,0.856,9,0.2368,9,0.2368,205,0.967,16,241,241,29
34.0,20.0,1,1,18.0,0,0,250,38,212,214,0.856,9,0.2368,9,0.2368,205,0.967,16,241,241,29
34.0,20.0,1,1,24.0,0,0,250,38,212,214,0.856,9,0.2368,9,0.2368,205,0.967,16,241,241,29
34.0,20.0,1,1,32.0,0,0,250,38,212,214,0.856,9,0.2368,9,0.2368,205,0.967,16,241,241,29
34.0,20.0,1,1,48.0,0,0,250,38,212,214,0.856,9,0.2368,9,0.2368,205,0.967,16,241,241,29
34.0,20.0,1,2,12.0,0,0,250,38,212,214,0.856,9,0.2368,9,0.2368,205,0.967,16,241,241,29
34.0,20.0,1,2,18.0,0,0,250,38,212,214,0.856,9,0.2368,9,0.2368,205,0.967,16,241,241,29
34.0,20.0,1,2,24.0,0,0,250,38,212,214,0.856,9,0.2368,9,0.2368,205,0.967,16,241,241,29
34.0,20.0,1,2,32.0,0,0,250,38,212,214,0.856,9,0.2368,9,0.2368,205,0.967,16,241,241,29
34.0,20.0,1,2,48.0,0,0,250,38,212,214,0.856,9,0.2368,9,0.2368,205,0.967,16,241,241,29
34.0,22.0,1,0,12.0,0,0,250,38,212,214,0.856,9,0.2368,9,0.2368,205,0.967,16,241,241,29
34.0,22.0,1,0,18.0,0,0,250,38,212,214,0.856,9,0.2368,9,0.2368,205,0.967,16,241,241,29
34.0,22.0,1,0,24.0,0,0,250,38,212,214,0.856,9,0.2368,9,0.2368,205,0.967,16,241,241,29
34.0,22.0,1,0,32.0,0,0,250,38,212,214,0.856,9,0.2368,9,0.2368,205,0.967,16,241,241,29
34.0,22.0,1,0,48.0,0,0,250,38,212,214,0.856,9,0.2368,9,0.2368,205,0.967,16,241,241,29
34.0,22.0,1,1,12.0,0,0,250,38,212,214,0.856,9,0.2368,9,0.2368,205,0.967,16,241,241,29
34.0,22.0,1,1,18.0,0,0,250,38,212,214,0.856,9,0.2368,9,0.2368,205,0.967,16,241,241,29
34.0,22.0,1,1,24.0,0,0,250,38,212,214,0.856,9,0.2368,9,0.2368,205,0.967,16,241,241,29
34.0,22.0,1,1,32.0,0,0,250,38,212,214,0.856,9,0.2368,9,0.2368,205,0.967,16,241,241,29
34.0,22.0,1,1,48.0,0,0,250,38,212,214,0.856,9,0.2368,9,0.2368,205,0.967,16,241,241,29
34.0,22.0,1,2,12.0,0,0,250,38,212,214,0.856,9,0.2368,9,0.2368,205,0.967,16,241,241,29
34.0,22.0,1,2,18.0,0,0,250,38,212,214,0.856,9,0.2368,9,0.2368,205,0.967,16,241,241,29
34.0,22.0,1,2,24.0,0,0,250,38,212,214,0.856,9,0.2368,9,0.2368,205,0.967,16,241,241,29
34.0,22.0,1,2,32.0,0,0,250,38,212,214,0.856,9,0.2368,9,0.2368,205,0.967,16,241,241,29
34.0,22.0,1,2,48.0,0,0,250,38,212,214,0.856,9,0.2368,9,0.2368,205,0.967,16,241,241,29
28.0,28.0,1,1,12.0,0,0,250,38,212,213,0.852,14,0.3684,14,0.3684,199,0.9387,27,236,231,19
28.0,28.0,1,1,18.0,0,0,250,38,212,213,0.852,14,0.3684,14,0.3684,199,0.9387,27,236,231,19
28.0,28.0,1,1,24.0,0,0,250,38,212,213,0.852,14,0.3684,14,0.3684,199,0.9387,27,236,231,19
28.0,28.0,1,1,32.0,0,0,250,38,212,213,0.852,14,0.3684,14,0.3684,199,0.9387,27,236,231,19
28.0,28.0,1,1,48.0,0,0,250,38,212,213,0.852,14,0.3684,14,0.3684,199,0.9387,27,236,231,19
28.0,28.0,1,2,12.0,0,0,250,38,212,213,0.852,14,0.3684,14,0.3684,199,0.9387,27,236,231,19
28.0,28.0,1,2,18.0,0,0,250,38,212,213,0.852,14,0.3684,14,0.3684,199,0.9387,27,236,231,19
28.0,28.0,1,2,24.0,0,0,250,38,212,213,0.852,14,0.3684,14,0.3684,199,0.9387,27,236,231,19
28.0,28.0,1,2,32.0,0,0,250,38,212,213,0.852,14,0.3684,14,0.3684,199,0.9387,27,236,231,19
28.0,28.0,1,2,48.0,0,0,250,38,212,213,0.852,14,0.3684,14,0.3684,199,0.9387,27,236,231,19
28.0,28.0,1,0,12.0,0,0,250,38,212,213,0.852,14,0.3684,14,0.3684,199,0.9387,28,238,231,19
28.0,28.0,1,0,18.0,0,0,250,38,212,213,0.852,14,0.3684,14,0.3684,199,0.9387,28,238,231,19
28.0,28.0,1,0,24.0,0,0,250,38,212,213,0.852,14,0.3684,14,0.3684,199,0.9387,28,238,231,19
28.0,28.0,1,0,32.0,0,0,250,38,212,213,0.852,14,0.3684,14,0.3684,199,0.9387,28,238,231,19
28.0,28.0,1,0,48.0,0,0,250,38,212,213,0.852,14,0.3684,14,0.3684,199,0.9387,28,238,231,19
28.0,26.0,2,0,12.0,0,0,250,38,212,213,0.852,11,0.2895,11,0.2895,202,0.9528,21,239,239,27
28.0,26.0,2,0,18.0,0,0,250,38,212,213,0.852,11,0.2895,11,0.2895,202,0.9528,21,239,239,27
28.0,26.0,2,0,24.0,0,0,250,38,212,213,0.852,11,0.2895,11,0.2895,202,0.9528,21,239,239,27
28.0,26.0,2,0,32.0,0,0,250,38,212,213,0.852,11,0.2895,11,0.2895,202,0.9528,21,239,239,27
28.0,26.0,2,0,48.0,0,0,250,38,212,213,0.852,11,0.2895,11,0.2895,202,0.9528,21,239,239,27
28.0,26.0,3,1,12.0,0,0,250,38,212,213,0.852,10,0.2632,10,0.2632,203,0.9575,19,240,240,28
28.0,26.0,3,1,18.0,0,0,250,38,212,213,0.852,10,0.2632,10,0.2632,203,0.9575,19,240,240,28
28.0,26.0,3,1,24.0,0,0,250,38,212,213,0.852,10,0.2632,10,0.2632,203,0.9575,19,240,240,28
28.0,26.0,3,1,32.0,0,0,250,38,212,213,0.852,10,0.2632,10,0.2632,203,0.9575,19,240,240,28
28.0,26.0,3,1,48.0,0,0,250,38,212,213,0.852,10,0.2632,10,0.2632,203,0.9575,19,240,240,28
28.0,26.0,3,2,12.0,0,0,250,38,212,213,0.852,10,0.2632,10,0.2632,203,0.9575,19,240,240,28
28.0,26.0,3,2,18.0,0,0,250,38,212,213,0.852,10,0.2632,10,0.2632,203,0.9575,19,240,240,28
28.0,26.0,3,2,24.0,0,0,250,38,212,213,0.852,10,0.2632,10,0.2632,203,0.9575,19,240,240,28
28.0,26.0,3,2,32.0,0,0,250,38,212,213,0.852,10,0.2632,10,0.2632,203,0.9575,19,240,240,28
28.0,26.0,3,2,48.0,0,0,250,38,212,213,0.852,10,0.2632,10,0.2632,203,0.9575,19,240,240,28
32.0,28.0,1,0,12.0,0,0,250,38,212,213,0.852,9,0.2368,9,0.2368,204,0.9623,17,241,241,29
32.0,28.0,1,0,18.0,0,0,250,38,212,213,0.852,9,0.2368,9,0.2368,204,0.9623,17,241,241,29
32.0,28.0,1,0,24.0,0,0,250,38,212,213,0.852,9,0.2368,9,0.2368,204,0.9623,17,241,241,29
32.0,28.0,1,0,32.0,0,0,250,38,212,213,0.852,9,0.2368,9,0.2368,204,0.9623,17,241,241,29
32.0,28.0,1,0,48.0,0,0,250,38,212,213,0.852,9,0.2368,9,0.2368,204,0.9623,17,241,241,29
32.0,28.0,1,1,12.0,0,0,250,38,212,213,0.852,9,0.2368,9,0.2368,204,0.9623,17,241,241,29
32.0,28.0,1,1,18.0,0,0,250,38,212,213,0.852,9,0.2368,9,0.2368,204,0.9623,17,241,241,29
32.0,28.0,1,1,24.0,0,0,250,38,212,213,0.852,9,0.2368,9,0.2368,204,0.9623,17,241,241,29
32.0,28.0,1,1,32.0,0,0,250,38,212,213,0.852,9,0.2368,9,0.2368,204,0.9623,17,241,241,29
32.0,28.0,1,1,48.0,0,0,250,38,212,213,0.852,9,0.2368,9,0.2368,204,0.9623,17,241,241,29
34.0,6.0,1,0,12.0,0,0,250,38,212,213,0.852,9,0.2368,9,0.2368,204,0.9623,17,241,241,29
34.0,6.0,1,0,18.0,0,0,250,38,212,213,0.852,9,0.2368,9,0.2368,204,0.9623,17,241,241,29
34.0,6.0,1,0,24.0,0,0,250,38,212,213,0.852,9,0.2368,9,0.2368,204,0.9623,17,241,241,29
34.0,6.0,1,0,32.0,0,0,250,38,212,213,0.852,9,0.2368,9,0.2368,204,0.9623,17,241,241,29
34.0,6.0,1,0,48.0,0,0,250,38,212,213,0.852,9,0.2368,9,0.2368,204,0.9623,17,241,241,29
34.0,6.0,1,1,12.0,0,0,250,38,212,213,0.852,9,0.2368,9,0.2368,204,0.9623,17,241,241,29
34.0,6.0,1,1,18.0,0,0,250,38,212,213,0.852,9,0.2368,9,0.2368,204,0.9623,17,241,241,29
34.0,6.0,1,1,24.0,0,0,250,38,212,213,0.852,9,0.2368,9,0.2368,204,0.9623,17,241,241,29
34.0,6.0,1,1,32.0,0,0,250,38,212,213,0.852,9,0.2368,9,0.2368,204,0.9623,17,241,241,29
34.0,6.0,1,1,48.0,0,0,250,38,212,213,0.852,9,0.2368,9,0.2368,204,0.9623,17,241,241,29
34.0,6.0,1,2,12.0,0,0,250,38,212,213,0.852,9,0.2368,9,0.2368,204,0.9623,17,241,241,29
34.0,6.0,1,2,18.0,0,0,250,38,212,213,0.852,9,0.2368,9,0.2368,204,0.9623,17,241,241,29
34.0,6.0,1,2,24.0,0,0,250,38,212,213,0.852,9,0.2368,9,0.2368,204,0.9623,17,241,241,29
34.0,6.0,1,2,32.0,0,0,250,38,212,213,0.852,9,0.2368,9,0.2368,204,0.9623,17,241,241,29
34.0,6.0,1,2,48.0,0,0,250,38,212,213,0.852,9,0.2368,9,0.2368,204,0.9623,17,241,241,29
34.0,8.0,1,0,12.0,0,0,250,38,212,213,0.852,9,0.2368,9,0.2368,204,0.9623,17,241,241,29
34.0,8.0,1,0,18.0,0,0,250,38,212,213,0.852,9,0.2368,9,0.2368,204,0.9623,17,241,241,29
34.0,8.0,1,0,24.0,0,0,250,38,212,213,0.852,9,0.2368,9,0.2368,204,0.9623,17,241,241,29
34.0,8.0,1,0,32.0,0,0,250,38,212,213,0.852,9,0.2368,9,0.2368,204,0.9623,17,241,241,29
34.0,8.0,1,0,48.0,0,0,250,38,212,213,0.852,9,0.2368,9,0.2368,204,0.9623,17,241,241,29
34.0,8.0,1,1,12.0,0,0,250,38,212,213,0.852,9,0.2368,9,0.2368,204,0.9623,17,241,241,29
34.0,8.0,1,1,18.0,0,0,250,38,212,213,0.852,9,0.2368,9,0.2368,204,0.9623,17,241,241,29
34.0,8.0,1,1,24.0,0,0,250,38,212,213,0.852,9,0.2368,9,0.2368,204,0.9623,17,241,241,29
34.0,8.0,1,1,32.0,0,0,250,38,212,213,0.852,9,0.2368,9,0.2368,204,0.9623,17,241,241,29
34.0,8.0,1,1,48.0,0,0,250,38,212,213,0.852,9,0.2368,9,0.2368,204,0.9623,17,241,241,29
34.0,8.0,1,2,12.0,0,0,250,38,212,213,0.852,9,0.2368,9,0.2368,204,0.9623,17,241,241,29
34.0,8.0,1,2,18.0,0,0,250,38,212,213,0.852,9,0.2368,9,0.2368,204,0.9623,17,241,241,29
34.0,8.0,1,2,24.0,0,0,250,38,212,213,0.852,9,0.2368,9,0.2368,204,0.9623,17,241,241,29
34.0,8.0,1,2,32.0,0,0,250,38,212,213,0.852,9,0.2368,9,0.2368,204,0.9623,17,241,241,29
34.0,8.0,1,2,48.0,0,0,250,38,212,213,0.852,9,0.2368,9,0.2368,204,0.9623,17,241,241,29
34.0,10.0,1,0,12.0,0,0,250,38,212,213,0.852,9,0.2368,9,0.2368,204,0.9623,17,241,241,29
34.0,10.0,1,0,18.0,0,0,250,38,212,213,0.852,9,0.2368,9,0.2368,204,0.9623,17,241,241,29
34.0,10.0,1,0,24.0,0,0,250,38,212,213,0.852,9,0.2368,9,0.2368,204,0.9623,17,241,241,29
34.0,10.0,1,0,32.0,0,0,250,38,212,213,0.852,9,0.2368,9,0.2368,204,0.9623,17,241,241,29
34.0,10.0,1,0,48.0,0,0,250,38,212,213,0.852,9,0.2368,9,0.2368,204,0.9623,17,241,241,29
34.0,10.0,1,1,12.0,0,0,250,38,212,213,0.852,9,0.2368,9,0.2368,204,0.9623,17,241,241,29
34.0,10.0,1,1,18.0,0,0,250,38,212,213,0.852,9,0.2368,9,0.2368,204,0.9623,17,241,241,29
34.0,10.0,1,1,24.0,0,0,250,38,212,213,0.852,9,0.2368,9,0.2368,204,0.9623,17,241,241,29
34.0,10.0,1,1,32.0,0,0,250,38,212,213,0.852,9,0.2368,9,0.2368,204,0.9623,17,241,241,29
34.0,10.0,1,1,48.0,0,0,250,38,212,213,0.852,9,0.2368,9,0.2368,204,0.9623,17,241,241,29
34.0,10.0,1,2,12.0,0,0,250,38,212,213,0.852,9,0.2368,9,0.2368,204,0.9623,17,241,241,29
34.0,10.0,1,2,18.0,0,0,250,38,212,213,0.852,9,0.2368,9,0.2368,204,0.9623,17,241,241,29
34.0,10.0,1,2,24.0,0,0,250,38,212,213,0.852,9,0.2368,9,0.2368,204,0.9623,17,241,241,29
34.0,10.0,1,2,32.0,0,0,250,38,212,213,0.852,9,0.2368,9,0.2368,204,0.9623,17,241,241,29
34.0,10.0,1,2,48.0,0,0,250,38,212,213,0.852,9,0.2368,9,0.2368,204,0.9623,17,241,241,29
34.0,12.0,1,0,12.0,0,0,250,38,212,213,0.852,9,0.2368,9,0.2368,204,0.9623,17,241,241,29
34.0,12.0,1,0,18.0,0,0,250,38,212,213,0.852,9,0.2368,9,0.2368,204,0.9623,17,241,241,29
34.0,12.0,1,0,24.0,0,0,250,38,212,213,0.852,9,0.2368,9,0.2368,204,0.9623,17,241,241,29
34.0,12.0,1,0,32.0,0,0,250,38,212,213,0.852,9,0.2368,9,0.2368,204,0.9623,17,241,241,29
34.0,12.0,1,0,48.0,0,0,250,38,212,213,0.852,9,0.2368,9,0.2368,204,0.9623,17,241,241,29
34.0,12.0,1,1,12.0,0,0,250,38,212,213,0.852,9,0.2368,9,0.2368,204,0.9623,17,241,241,29
34.0,12.0,1,1,18.0,0,0,250,38,212,213,0.852,9,0.2368,9,0.2368,204,0.9623,17,241,241,29
34.0,12.0,1,1,24.0,0,0,250,38,212,213,0.852,9,0.2368,9,0.2368,204,0.9623,17,241,241,29
34.0,12.0,1,1,32.0,0,0,250,38,212,213,0.852,9,0.2368,9,0.2368,204,0.9623,17,241,241,29
34.0,12.0,1,1,48.0,0,0,250,38,212,213,0.852,9,0.2368,9,0.2368,204,0.9623,17,241,241,29
34.0,12.0,1,2,12.0,0,0,250,38,212,213,0.852,9,0.2368,9,0.2368,204,0.9623,17,241,241,29
34.0,12.0,1,2,18.0,0,0,250,38,212,213,0.852,9,0.2368,9,0.2368,204,0.9623,17,241,241,29
34.0,12.0,1,2,24.0,0,0,250,38,212,213,0.852,9,0.2368,9,0.2368,204,0.9623,17,241,241,29
34.0,12.0,1,2,32.0,0,0,250,38,212,213,0.852,9,0.2368,9,0.2368,204,0.9623,17,241,241,29
34.0,12.0,1,2,48.0,0,0,250,38,212,213,0.852,9,0.2368,9,0.2368,204,0.9623,17,241,241,29
34.0,14.0,1,0,12.0,0,0,250,38,212,213,0.852,9,0.2368,9,0.2368,204,0.9623,17,241,241,29
34.0,14.0,1,0,18.0,0,0,250,38,212,213,0.852,9,0.2368,9,0.2368,204,0.9623,17,241,241,29
34.0,14.0,1,0,24.0,0,0,250,38,212,213,0.852,9,0.2368,9,0.2368,204,0.9623,17,241,241,29
34.0,14.0,1,0,32.0,0,0,250,38,212,213,0.852,9,0.2368,9,0.2368,204,0.9623,17,241,241,29
34.0,14.0,1,0,48.0,0,0,250,38,212,213,0.852,9,0.2368,9,0.2368,204,0.9623,17,241,241,29
34.0,14.0,1,1,12.0,0,0,250,38,212,213,0.852,9,0.2368,9,0.2368,204,0.9623,17,241,241,29
34.0,14.0,1,1,18.0,0,0,250,38,212,213,0.852,9,0.2368,9,0.2368,204,0.9623,17,241,241,29
34.0,14.0,1,1,24.0,0,0,250,38,212,213,0.852,9,0.2368,9,0.2368,204,0.9623,17,241,241,29
34.0,14.0,1,1,32.0,0,0,250,38,212,213,0.852,9,0.2368,9,0.2368,204,0.9623,17,241,241,29
34.0,14.0,1,1,48.0,0,0,250,38,212,213,0.852,9,0.2368,9,0.2368,204,0.9623,17,241,241,29
34.0,14.0,1,2,12.0,0,0,250,38,212,213,0.852,9,0.2368,9,0.2368,204,0.9623,17,241,241,29
34.0,14.0,1,2,18.0,0,0,250,38,212,213,0.852,9,0.2368,9,0.2368,204,0.9623,17,241,241,29
34.0,14.0,1,2,24.0,0,0,250,38,212,213,0.852,9,0.2368,9,0.2368,204,0.9623,17,241,241,29
34.0,14.0,1,2,32.0,0,0,250,38,212,213,0.852,9,0.2368,9,0.2368,204,0.9623,17,241,241,29
34.0,14.0,1,2,48.0,0,0,250,38,212,213,0.852,9,0.2368,9,0.2368,204,0.9623,17,241,241,29
30.0,24.0,2,0,12.0,0,0,250,38,212,213,0.852,6,0.1579,6,0.1579,207,0.9764,11,244,244,32
30.0,24.0,2,0,18.0,0,0,250,38,212,213,0.852,6,0.1579,6,0.1579,207,0.9764,11,244,244,32
30.0,24.0,2,0,24.0,0,0,250,38,212,213,0.852,6,0.1579,6,0.1579,207,0.9764,11,244,244,32
30.0,24.0,2,0,32.0,0,0,250,38,212,213,0.852,6,0.1579,6,0.1579,207,0.9764,11,244,244,32
30.0,24.0,2,0,48.0,0,0,250,38,212,213,0.852,6,0.1579,6,0.1579,207,0.9764,11,244,244,32
30.0,24.0,2,1,12.0,0,0,250,38,212,213,0.852,6,0.1579,6,0.1579,207,0.9764,11,244,244,32
30.0,24.0,2,1,18.0,0,0,250,38,212,213,0.852,6,0.1579,6,0.1579,207,0.9764,11,244,244,32
30.0,24.0,2,1,24.0,0,0,250,38,212,213,0.852,6,0.1579,6,0.1579,207,0.9764,11,244,244,32
30.0,24.0,2,1,32.0,0,0,250,38,212,213,0.852,6,0.1579,6,0.1579,207,0.9764,11,244,244,32
30.0,24.0,2,1,48.0,0,0,250,38,212,213,0.852,6,0.1579,6,0.1579,207,0.9764,11,244,244,32
30.0,24.0,2,2,12.0,0,0,250,38,212,213,0.852,6,0.1579,6,0.1579,207,0.9764,11,244,244,32
30.0,24.0,2,2,18.0,0,0,250,38,212,213,0.852,6,0.1579,6,0.1579,207,0.9764,11,244,244,32
30.0,24.0,2,2,24.0,0,0,250,38,212,213,0.852,6,0.1579,6,0.1579,207,0.9764,11,244,244,32
30.0,24.0,2,2,32.0,0,0,250,38,212,213,0.852,6,0.1579,6,0.1579,207,0.9764,11,244,244,32
30.0,24.0,2,2,48.0,0,0,250,38,212,213,0.852,6,0.1579,6,0.1579,207,0.9764,11,244,244,32
30.0,26.0,2,0,12.0,0,0,250,38,212,213,0.852,6,0.1579,6,0.1579,207,0.9764,11,244,244,32
30.0,26.0,2,0,18.0,0,0,250,38,212,213,0.852,6,0.1579,6,0.1579,207,0.9764,11,244,244,32
30.0,26.0,2,0,24.0,0,0,250,38,212,213,0.852,6,0.1579,6,0.1579,207,0.9764,11,244,244,32
30.0,26.0,2,0,32.0,0,0,250,38,212,213,0.852,6,0.1579,6,0.1579,207,0.9764,11,244,244,32
30.0,26.0,2,0,48.0,0,0,250,38,212,213,0.852,6,0.1579,6,0.1579,207,0.9764,11,244,244,32
30.0,26.0,2,1,12.0,0,0,250,38,212,213,0.852,6,0.1579,6,0.1579,207,0.9764,11,244,244,32
30.0,26.0,2,1,18.0,0,0,250,38,212,213,0.852,6,0.1579,6,0.1579,207,0.9764,11,244,244,32
30.0,26.0,2,1,24.0,0,0,250,38,212,213,0.852,6,0.1579,6,0.1579,207,0.9764,11,244,244,32
30.0,26.0,2,1,32.0,0,0,250,38,212,213,0.852,6,0.1579,6,0.1579,207,0.9764,11,244,244,32
30.0,26.0,2,1,48.0,0,0,250,38,212,213,0.852,6,0.1579,6,0.1579,207,0.9764,11,244,244,32
30.0,26.0,2,2,12.0,0,0,250,38,212,213,0.852,6,0.1579,6,0.1579,207,0.9764,11,244,244,32
30.0,26.0,2,2,18.0,0,0,250,38,212,213,0.852,6,0.1579,6,0.1579,207,0.9764,11,244,244,32
30.0,26.0,2,2,24.0,0,0,250,38,212,213,0.852,6,0.1579,6,0.1579,207,0.9764,11,244,244,32
30.0,26.0,2,2,32.0,0,0,250,38,212,213,0.852,6,0.1579,6,0.1579,207,0.9764,11,244,244,32
30.0,26.0,2,2,48.0,0,0,250,38,212,213,0.852,6,0.1579,6,0.1579,207,0.9764,11,244,244,32
30.0,28.0,2,0,12.0,0,0,250,38,212,213,0.852,6,0.1579,6,0.1579,207,0.9764,11,244,244,32
30.0,28.0,2,0,18.0,0,0,250,38,212,213,0.852,6,0.1579,6,0.1579,207,0.9764,11,244,244,32
30.0,28.0,2,0,24.0,0,0,250,38,212,213,0.852,6,0.1579,6,0.1579,207,0.9764,11,244,244,32
30.0,28.0,2,0,32.0,0,0,250,38,212,213,0.852,6,0.1579,6,0.1579,207,0.9764,11,244,244,32
30.0,28.0,2,0,48.0,0,0,250,38,212,213,0.852,6,0.1579,6,0.1579,207,0.9764,11,244,244,32
30.0,28.0,2,1,12.0,0,0,250,38,212,213,0.852,6,0.1579,6,0.1579,207,0.9764,11,244,244,32
30.0,28.0,2,1,18.0,0,0,250,38,212,213,0.852,6,0.1579,6,0.1579,207,0.9764,11,244,244,32
30.0,28.0,2,1,24.0,0,0,250,38,212,213,0.852,6,0.1579,6,0.1579,207,0.9764,11,244,244,32
30.0,28.0,2,1,32.0,0,0,250,38,212,213,0.852,6,0.1579,6,0.1579,207,0.9764,11,244,244,32
30.0,28.0,2,1,48.0,0,0,250,38,212,213,0.852,6,0.1579,6,0.1579,207,0.9764,11,244,244,32
30.0,28.0,2,2,12.0,0,0,250,38,212,213,0.852,6,0.1579,6,0.1579,207,0.9764,11,244,244,32
30.0,28.0,2,2,18.0,0,0,250,38,212,213,0.852,6,0.1579,6,0.1579,207,0.9764,11,244,244,32
30.0,28.0,2,2,24.0,0,0,250,38,212,213,0.852,6,0.1579,6,0.1579,207,0.9764,11,244,244,32
30.0,28.0,2,2,32.0,0,0,250,38,212,213,0.852,6,0.1579,6,0.1579,207,0.9764,11,244,244,32
30.0,28.0,2,2,48.0,0,0,250,38,212,213,0.852,6,0.1579,6,0.1579,207,0.9764,11,244,244,32
36.0,24.0,1,0,12.0,0,0,250,38,212,213,0.852,4,0.1053,4,0.1053,209,0.9858,7,246,246,34
36.0,24.0,1,0,18.0,0,0,250,38,212,213,0.852,4,0.1053,4,0.1053,209,0.9858,7,246,246,34
36.0,24.0,1,0,24.0,0,0,250,38,212,213,0.852,4,0.1053,4,0.1053,209,0.9858,7,246,246,34
36.0,24.0,1,0,32.0,0,0,250,38,212,213,0.852,4,0.1053,4,0.1053,209,0.9858,7,246,246,34
36.0,24.0,1,0,48.0,0,0,250,38,212,213,0.852,4,0.1053,4,0.1053,209,0.9858,7,246,246,34
36.0,24.0,1,1,12.0,0,0,250,38,212,213,0.852,4,0.1053,4,0.1053,209,0.9858,7,246,246,34
36.0,24.0,1,1,18.0,0,0,250,38,212,213,0.852,4,0.1053,4,0.1053,209,0.9858,7,246,246,34
36.0,24.0,1,1,24.0,0,0,250,38,212,213,0.852,4,0.1053,4,0.1053,209,0.9858,7,246,246,34
36.0,24.0,1,1,32.0,0,0,250,38,212,213,0.852,4,0.1053,4,0.1053,209,0.9858,7,246,246,34
36.0,24.0,1,1,48.0,0,0,250,38,212,213,0.852,4,0.1053,4,0.1053,209,0.9858,7,246,246,34
36.0,24.0,1,2,12.0,0,0,250,38,212,213,0.852,4,0.1053,4,0.1053,209,0.9858,7,246,246,34
36.0,24.0,1,2,18.0,0,0,250,38,212,213,0.852,4,0.1053,4,0.1053,209,0.9858,7,246,246,34
36.0,24.0,1,2,24.0,0,0,250,38,212,213,0.852,4,0.1053,4,0.1053,209,0.9858,7,246,246,34
36.0,24.0,1,2,32.0,0,0,250,38,212,213,0.852,4,0.1053,4,0.1053,209,0.9858,7,246,246,34
36.0,24.0,1,2,48.0,0,0,250,38,212,213,0.852,4,0.1053,4,0.1053,209,0.9858,7,246,246,34
36.0,26.0,1,0,12.0,0,0,250,38,212,213,0.852,4,0.1053,4,0.1053,209,0.9858,7,246,246,34
36.0,26.0,1,0,18.0,0,0,250,38,212,213,0.852,4,0.1053,4,0.1053,209,0.9858,7,246,246,34
36.0,26.0,1,0,24.0,0,0,250,38,212,213,0.852,4,0.1053,4,0.1053,209,0.9858,7,246,246,34
36.0,26.0,1,0,32.0,0,0,250,38,212,213,0.852,4,0.1053,4,0.1053,209,0.9858,7,246,246,34
36.0,26.0,1,0,48.0,0,0,250,38,212,213,0.852,4,0.1053,4,0.1053,209,0.9858,7,246,246,34
36.0,26.0,1,1,12.0,0,0,250,38,212,213,0.852,4,0.1053,4,0.1053,209,0.9858,7,246,246,34
36.0,26.0,1,1,18.0,0,0,250,38,212,213,0.852,4,0.1053,4,0.1053,209,0.9858,7,246,246,34
36.0,26.0,1,1,24.0,0,0,250,38,212,213,0.852,4,0.1053,4,0.1053,209,0.9858,7,246,246,34
36.0,26.0,1,1,32.0,0,0,250,38,212,213,0.852,4,0.1053,4,0.1053,209,0.9858,7,246,246,34
36.0,26.0,1,1,48.0,0,0,250,38,212,213,0.852,4,0.1053,4,0.1053,209,0.9858,7,246,246,34
36.0,26.0,1,2,12.0,0,0,250,38,212,213,0.852,4,0.1053,4,0.1053,209,0.9858,7,246,246,34
36.0,26.0,1,2,18.0,0,0,250,38,212,213,0.852,4,0.1053,4,0.1053,209,0.9858,7,246,246,34
36.0,26.0,1,2,24.0,0,0,250,38,212,213,0.852,4,0.1053,4,0.1053,209,0.9858,7,246,246,34
36.0,26.0,1,2,32.0,0,0,250,38,212,213,0.852,4,0.1053,4,0.1053,209,0.9858,7,246,246,34
36.0,26.0,1,2,48.0,0,0,250,38,212,213,0.852,4,0.1053,4,0.1053,209,0.9858,7,246,246,34
36.0,28.0,1,0,12.0,0,0,250,38,212,213,0.852,4,0.1053,4,0.1053,209,0.9858,7,246,246,34
36.0,28.0,1,0,18.0,0,0,250,38,212,213,0.852,4,0.1053,4,0.1053,209,0.9858,7,246,246,34
36.0,28.0,1,0,24.0,0,0,250,38,212,213,0.852,4,0.1053,4,0.1053,209,0.9858,7,246,246,34
36.0,28.0,1,0,32.0,0,0,250,38,212,213,0.852,4,0.1053,4,0.1053,209,0.9858,7,246,246,34
36.0,28.0,1,0,48.0,0,0,250,38,212,213,0.852,4,0.1053,4,0.1053,209,0.9858,7,246,246,34
36.0,28.0,1,1,12.0,0,0,250,38,212,213,0.852,4,0.1053,4,0.1053,209,0.9858,7,246,246,34
36.0,28.0,1,1,18.0,0,0,250,38,212,213,0.852,4,0.1053,4,0.1053,209,0.9858,7,246,246,34
36.0,28.0,1,1,24.0,0,0,250,38,212,213,0.852,4,0.1053,4,0.1053,209,0.9858,7,246,246,34
36.0,28.0,1,1,32.0,0,0,250,38,212,213,0.852,4,0.1053,4,0.1053,209,0.9858,7,246,246,34
36.0,28.0,1,1,48.0,0,0,250,38,212,213,0.852,4,0.1053,4,0.1053,209,0.9858,7,246,246,34
36.0,28.0,1,2,12.0,0,0,250,38,212,213,0.852,4,0.1053,4,0.1053,209,0.9858,7,246,246,34
36.0,28.0,1,2,18.0,0,0,250,38,212,213,0.852,4,0.1053,4,0.1053,209,0.9858,7,246,246,34
36.0,28.0,1,2,24.0,0,0,250,38,212,213,0.852,4,0.1053,4,0.1053,209,0.9858,7,246,246,34
36.0,28.0,1,2,32.0,0,0,250,38,212,213,0.852,4,0.1053,4,0.1053,209,0.9858,7,246,246,34
36.0,28.0,1,2,48.0,0,0,250,38,212,213,0.852,4,0.1053,4,0.1053,209,0.9858,7,246,246,34
28.0,26.0,2,1,12.0,0,0,250,38,212,212,0.848,11,0.2895,11,0.2895,201,0.9481,22,239,239,27
28.0,26.0,2,1,18.0,0,0,250,38,212,212,0.848,11,0.2895,11,0.2895,201,0.9481,22,239,239,27
28.0,26.0,2,1,24.0,0,0,250,38,212,212,0.848,11,0.2895,11,0.2895,201,0.9481,22,239,239,27
28.0,26.0,2,1,32.0,0,0,250,38,212,212,0.848,11,0.2895,11,0.2895,201,0.9481,22,239,239,27
28.0,26.0,2,1,48.0,0,0,250,38,212,212,0.848,11,0.2895,11,0.2895,201,0.9481,22,239,239,27
28.0,26.0,2,2,12.0,0,0,250,38,212,212,0.848,11,0.2895,11,0.2895,201,0.9481,22,239,239,27
28.0,26.0,2,2,18.0,0,0,250,38,212,212,0.848,11,0.2895,11,0.2895,201,0.9481,22,239,239,27
28.0,26.0,2,2,24.0,0,0,250,38,212,212,0.848,11,0.2895,11,0.2895,201,0.9481,22,239,239,27
28.0,26.0,2,2,32.0,0,0,250,38,212,212,0.848,11,0.2895,11,0.2895,201,0.9481,22,239,239,27
28.0,26.0,2,2,48.0,0,0,250,38,212,212,0.848,11,0.2895,11,0.2895,201,0.9481,22,239,239,27
26.0,26.0,3,0,12.0,0,0,250,38,212,212,0.848,10,0.2632,10,0.2632,202,0.9528,20,240,240,28
26.0,26.0,3,0,18.0,0,0,250,38,212,212,0.848,10,0.2632,10,0.2632,202,0.9528,20,240,240,28
26.0,26.0,3,0,24.0,0,0,250,38,212,212,0.848,10,0.2632,10,0.2632,202,0.9528,20,240,240,28
26.0,26.0,3,0,32.0,0,0,250,38,212,212,0.848,10,0.2632,10,0.2632,202,0.9528,20,240,240,28
26.0,26.0,3,0,48.0,0,0,250,38,212,212,0.848,10,0.2632,10,0.2632,202,0.9528,20,240,240,28
28.0,24.0,3,0,12.0,0,0,250,38,212,212,0.848,10,0.2632,10,0.2632,202,0.9528,20,240,240,28
28.0,24.0,3,0,18.0,0,0,250,38,212,212,0.848,10,0.2632,10,0.2632,202,0.9528,20,240,240,28
28.0,24.0,3,0,24.0,0,0,250,38,212,212,0.848,10,0.2632,10,0.2632,202,0.9528,20,240,240,28
28.0,24.0,3,0,32.0,0,0,250,38,212,212,0.848,10,0.2632,10,0.2632,202,0.9528,20,240,240,28
28.0,24.0,3,0,48.0,0,0,250,38,212,212,0.848,10,0.2632,10,0.2632,202,0.9528,20,240,240,28
28.0,24.0,3,1,12.0,0,0,250,38,212,212,0.848,10,0.2632,10,0.2632,202,0.9528,20,240,240,28
28.0,24.0,3,1,18.0,0,0,250,38,212,212,0.848,10,0.2632,10,0.2632,202,0.9528,20,240,240,28
28.0,24.0,3,1,24.0,0,0,250,38,212,212,0.848,10,0.2632,10,0.2632,202,0.9528,20,240,240,28
28.0,24.0,3,1,32.0,0,0,250,38,212,212,0.848,10,0.2632,10,0.2632,202,0.9528,20,240,240,28
28.0,24.0,3,1,48.0,0,0,250,38,212,212,0.848,10,0.2632,10,0.2632,202,0.9528,20,240,240,28
28.0,24.0,3,2,12.0,0,0,250,38,212,212,0.848,10,0.2632,10,0.2632,202,0.9528,20,240,240,28
28.0,24.0,3,2,18.0,0,0,250,38,212,212,0.848,10,0.2632,10,0.2632,202,0.9528,20,240,240,28
28.0,24.0,3,2,24.0,0,0,250,38,212,212,0.848,10,0.2632,10,0.2632,202,0.9528,20,240,240,28
28.0,24.0,3,2,32.0,0,0,250,38,212,212,0.848,10,0.2632,10,0.2632,202,0.9528,20,240,240,28
28.0,24.0,3,2,48.0,0,0,250,38,212,212,0.848,10,0.2632,10,0.2632,202,0.9528,20,240,240,28
32.0,28.0,1,2,12.0,0,0,250,38,212,212,0.848,9,0.2368,9,0.2368,203,0.9575,18,241,241,29
32.0,28.0,1,2,18.0,0,0,250,38,212,212,0.848,9,0.2368,9,0.2368,203,0.9575,18,241,241,29
32.0,28.0,1,2,24.0,0,0,250,38,212,212,0.848,9,0.2368,9,0.2368,203,0.9575,18,241,241,29
32.0,28.0,1,2,32.0,0,0,250,38,212,212,0.848,9,0.2368,9,0.2368,203,0.9575,18,241,241,29
32.0,28.0,1,2,48.0,0,0,250,38,212,212,0.848,9,0.2368,9,0.2368,203,0.9575,18,241,241,29
30.0,16.0,2,0,12.0,0,0,250,38,212,212,0.848,6,0.1579,6,0.1579,206,0.9717,12,244,244,32
30.0,16.0,2,0,18.0,0,0,250,38,212,212,0.848,6,0.1579,6,0.1579,206,0.9717,12,244,244,32
30.0,16.0,2,0,24.0,0,0,250,38,212,212,0.848,6,0.1579,6,0.1579,206,0.9717,12,244,244,32
30.0,16.0,2,0,32.0,0,0,250,38,212,212,0.848,6,0.1579,6,0.1579,206,0.9717,12,244,244,32
30.0,16.0,2,0,48.0,0,0,250,38,212,212,0.848,6,0.1579,6,0.1579,206,0.9717,12,244,244,32
30.0,16.0,2,1,12.0,0,0,250,38,212,212,0.848,6,0.1579,6,0.1579,206,0.9717,12,244,244,32
30.0,16.0,2,1,18.0,0,0,250,38,212,212,0.848,6,0.1579,6,0.1579,206,0.9717,12,244,244,32
30.0,16.0,2,1,24.0,0,0,250,38,212,212,0.848,6,0.1579,6,0.1579,206,0.9717,12,244,244,32
30.0,16.0,2,1,32.0,0,0,250,38,212,212,0.848,6,0.1579,6,0.1579,206,0.9717,12,244,244,32
30.0,16.0,2,1,48.0,0,0,250,38,212,212,0.848,6,0.1579,6,0.1579,206,0.9717,12,244,244,32
30.0,16.0,2,2,12.0,0,0,250,38,212,212,0.848,6,0.1579,6,0.1579,206,0.9717,12,244,244,32
30.0,16.0,2,2,18.0,0,0,250,38,212,212,0.848,6,0.1579,6,0.1579,206,0.9717,12,244,244,32
30.0,16.0,2,2,24.0,0,0,250,38,212,212,0.848,6,0.1579,6,0.1579,206,0.9717,12,244,244,32
30.0,16.0,2,2,32.0,0,0,250,38,212,212,0.848,6,0.1579,6,0.1579,206,0.9717,12,244,244,32
30.0,16.0,2,2,48.0,0,0,250,38,212,212,0.848,6,0.1579,6,0.1579,206,0.9717,12,244,244,32
30.0,18.0,2,0,12.0,0,0,250,38,212,212,0.848,6,0.1579,6,0.1579,206,0.9717,12,244,244,32
30.0,18.0,2,0,18.0,0,0,250,38,212,212,0.848,6,0.1579,6,0.1579,206,0.9717,12,244,244,32
30.0,18.0,2,0,24.0,0,0,250,38,212,212,0.848,6,0.1579,6,0.1579,206,0.9717,12,244,244,32
30.0,18.0,2,0,32.0,0,0,250,38,212,212,0.848,6,0.1579,6,0.1579,206,0.9717,12,244,244,32
30.0,18.0,2,0,48.0,0,0,250,38,212,212,0.848,6,0.1579,6,0.1579,206,0.9717,12,244,244,32
30.0,18.0,2,1,12.0,0,0,250,38,212,212,0.848,6,0.1579,6,0.1579,206,0.9717,12,244,244,32
30.0,18.0,2,1,18.0,0,0,250,38,212,212,0.848,6,0.1579,6,0.1579,206,0.9717,12,244,244,32
30.0,18.0,2,1,24.0,0,0,250,38,212,212,0.848,6,0.1579,6,0.1579,206,0.9717,12,244,244,32
30.0,18.0,2,1,32.0,0,0,250,38,212,212,0.848,6,0.1579,6,0.1579,206,0.9717,12,244,244,32
30.0,18.0,2,1,48.0,0,0,250,38,212,212,0.848,6,0.1579,6,0.1579,206,0.9717,12,244,244,32
30.0,18.0,2,2,12.0,0,0,250,38,212,212,0.848,6,0.1579,6,0.1579,206,0.9717,12,244,244,32
30.0,18.0,2,2,18.0,0,0,250,38,212,212,0.848,6,0.1579,6,0.1579,206,0.9717,12,244,244,32
30.0,18.0,2,2,24.0,0,0,250,38,212,212,0.848,6,0.1579,6,0.1579,206,0.9717,12,244,244,32
30.0,18.0,2,2,32.0,0,0,250,38,212,212,0.848,6,0.1579,6,0.1579,206,0.9717,12,244,244,32
30.0,18.0,2,2,48.0,0,0,250,38,212,212,0.848,6,0.1579,6,0.1579,206,0.9717,12,244,244,32
30.0,20.0,2,0,12.0,0,0,250,38,212,212,0.848,6,0.1579,6,0.1579,206,0.9717,12,244,244,32
30.0,20.0,2,0,18.0,0,0,250,38,212,212,0.848,6,0.1579,6,0.1579,206,0.9717,12,244,244,32
30.0,20.0,2,0,24.0,0,0,250,38,212,212,0.848,6,0.1579,6,0.1579,206,0.9717,12,244,244,32
30.0,20.0,2,0,32.0,0,0,250,38,212,212,0.848,6,0.1579,6,0.1579,206,0.9717,12,244,244,32
30.0,20.0,2,0,48.0,0,0,250,38,212,212,0.848,6,0.1579,6,0.1579,206,0.9717,12,244,244,32
30.0,20.0,2,1,12.0,0,0,250,38,212,212,0.848,6,0.1579,6,0.1579,206,0.9717,12,244,244,32
30.0,20.0,2,1,18.0,0,0,250,38,212,212,0.848,6,0.1579,6,0.1579,206,0.9717,12,244,244,32
30.0,20.0,2,1,24.0,0,0,250,38,212,212,0.848,6,0.1579,6,0.1579,206,0.9717,12,244,244,32
30.0,20.0,2,1,32.0,0,0,250,38,212,212,0.848,6,0.1579,6,0.1579,206,0.9717,12,244,244,32
30.0,20.0,2,1,48.0,0,0,250,38,212,212,0.848,6,0.1579,6,0.1579,206,0.9717,12,244,244,32
30.0,20.0,2,2,12.0,0,0,250,38,212,212,0.848,6,0.1579,6,0.1579,206,0.9717,12,244,244,32
30.0,20.0,2,2,18.0,0,0,250,38,212,212,0.848,6,0.1579,6,0.1579,206,0.9717,12,244,244,32
30.0,20.0,2,2,24.0,0,0,250,38,212,212,0.848,6,0.1579,6,0.1579,206,0.9717,12,244,244,32
30.0,20.0,2,2,32.0,0,0,250,38,212,212,0.848,6,0.1579,6,0.1579,206,0.9717,12,244,244,32
30.0,20.0,2,2,48.0,0,0,250,38,212,212,0.848,6,0.1579,6,0.1579,206,0.9717,12,244,244,32
30.0,22.0,2,0,12.0,0,0,250,38,212,212,0.848,6,0.1579,6,0.1579,206,0.9717,12,244,244,32
30.0,22.0,2,0,18.0,0,0,250,38,212,212,0.848,6,0.1579,6,0.1579,206,0.9717,12,244,244,32
30.0,22.0,2,0,24.0,0,0,250,38,212,212,0.848,6,0.1579,6,0.1579,206,0.9717,12,244,244,32
30.0,22.0,2,0,32.0,0,0,250,38,212,212,0.848,6,0.1579,6,0.1579,206,0.9717,12,244,244,32
30.0,22.0,2,0,48.0,0,0,250,38,212,212,0.848,6,0.1579,6,0.1579,206,0.9717,12,244,244,32
30.0,22.0,2,1,12.0,0,0,250,38,212,212,0.848,6,0.1579,6,0.1579,206,0.9717,12,244,244,32
30.0,22.0,2,1,18.0,0,0,250,38,212,212,0.848,6,0.1579,6,0.1579,206,0.9717,12,244,244,32
30.0,22.0,2,1,24.0,0,0,250,38,212,212,0.848,6,0.1579,6,0.1579,206,0.9717,12,244,244,32
30.0,22.0,2,1,32.0,0,0,250,38,212,212,0.848,6,0.1579,6,0.1579,206,0.9717,12,244,244,32
30.0,22.0,2,1,48.0,0,0,250,38,212,212,0.848,6,0.1579,6,0.1579,206,0.9717,12,244,244,32
30.0,22.0,2,2,12.0,0,0,250,38,212,212,0.848,6,0.1579,6,0.1579,206,0.9717,12,244,244,32
30.0,22.0,2,2,18.0,0,0,250,38,212,212,0.848,6,0.1579,6,0.1579,206,0.9717,12,244,244,32
30.0,22.0,2,2,24.0,0,0,250,38,212,212,0.848,6,0.1579,6,0.1579,206,0.9717,12,244,244,32
30.0,22.0,2,2,32.0,0,0,250,38,212,212,0.848,6,0.1579,6,0.1579,206,0.9717,12,244,244,32
30.0,22.0,2,2,48.0,0,0,250,38,212,212,0.848,6,0.1579,6,0.1579,206,0.9717,12,244,244,32
34.0,30.0,1,0,12.0,0,0,250,38,212,212,0.848,6,0.1579,6,0.1579,206,0.9717,12,246,241,29
34.0,30.0,1,0,18.0,0,0,250,38,212,212,0.848,6,0.1579,6,0.1579,206,0.9717,12,246,241,29
34.0,30.0,1,0,24.0,0,0,250,38,212,212,0.848,6,0.1579,6,0.1579,206,0.9717,12,246,241,29
34.0,30.0,1,0,32.0,0,0,250,38,212,212,0.848,6,0.1579,6,0.1579,206,0.9717,12,246,241,29
34.0,30.0,1,0,48.0,0,0,250,38,212,212,0.848,6,0.1579,6,0.1579,206,0.9717,12,246,241,29
34.0,30.0,1,1,12.0,0,0,250,38,212,212,0.848,6,0.1579,6,0.1579,206,0.9717,12,241,241,29
34.0,30.0,1,1,18.0,0,0,250,38,212,212,0.848,6,0.1579,6,0.1579,206,0.9717,12,241,241,29
34.0,30.0,1,1,24.0,0,0,250,38,212,212,0.848,6,0.1579,6,0.1579,206,0.9717,12,241,241,29
34.0,30.0,1,1,32.0,0,0,250,38,212,212,0.848,6,0.1579,6,0.1579,206,0.9717,12,241,241,29
34.0,30.0,1,1,48.0,0,0,250,38,212,212,0.848,6,0.1579,6,0.1579,206,0.9717,12,241,241,29
34.0,30.0,1,2,12.0,0,0,250,38,212,212,0.848,6,0.1579,6,0.1579,206,0.9717,12,241,241,29
34.0,30.0,1,2,18.0,0,0,250,38,212,212,0.848,6,0.1579,6,0.1579,206,0.9717,12,241,241,29
34.0,30.0,1,2,24.0,0,0,250,38,212,212,0.848,6,0.1579,6,0.1579,206,0.9717,12,241,241,29
34.0,30.0,1,2,32.0,0,0,250,38,212,212,0.848,6,0.1579,6,0.1579,206,0.9717,12,241,241,29
34.0,30.0,1,2,48.0,0,0,250,38,212,212,0.848,6,0.1579,6,0.1579,206,0.9717,12,241,241,29
36.0,16.0,1,0,12.0,0,0,250,38,212,212,0.848,4,0.1053,4,0.1053,208,0.9811,8,246,246,34
36.0,16.0,1,0,18.0,0,0,250,38,212,212,0.848,4,0.1053,4,0.1053,208,0.9811,8,246,246,34
36.0,16.0,1,0,24.0,0,0,250,38,212,212,0.848,4,0.1053,4,0.1053,208,0.9811,8,246,246,34
36.0,16.0,1,0,32.0,0,0,250,38,212,212,0.848,4,0.1053,4,0.1053,208,0.9811,8,246,246,34
36.0,16.0,1,0,48.0,0,0,250,38,212,212,0.848,4,0.1053,4,0.1053,208,0.9811,8,246,246,34
36.0,16.0,1,1,12.0,0,0,250,38,212,212,0.848,4,0.1053,4,0.1053,208,0.9811,8,246,246,34
36.0,16.0,1,1,18.0,0,0,250,38,212,212,0.848,4,0.1053,4,0.1053,208,0.9811,8,246,246,34
36.0,16.0,1,1,24.0,0,0,250,38,212,212,0.848,4,0.1053,4,0.1053,208,0.9811,8,246,246,34
36.0,16.0,1,1,32.0,0,0,250,38,212,212,0.848,4,0.1053,4,0.1053,208,0.9811,8,246,246,34
36.0,16.0,1,1,48.0,0,0,250,38,212,212,0.848,4,0.1053,4,0.1053,208,0.9811,8,246,246,34
36.0,16.0,1,2,12.0,0,0,250,38,212,212,0.848,4,0.1053,4,0.1053,208,0.9811,8,246,246,34
36.0,16.0,1,2,18.0,0,0,250,38,212,212,0.848,4,0.1053,4,0.1053,208,0.9811,8,246,246,34
36.0,16.0,1,2,24.0,0,0,250,38,212,212,0.848,4,0.1053,4,0.1053,208,0.9811,8,246,246,34
36.0,16.0,1,2,32.0,0,0,250,38,212,212,0.848,4,0.1053,4,0.1053,208,0.9811,8,246,246,34
36.0,16.0,1,2,48.0,0,0,250,38,212,212,0.848,4,0.1053,4,0.1053,208,0.9811,8,246,246,34
36.0,18.0,1,0,12.0,0,0,250,38,212,212,0.848,4,0.1053,4,0.1053,208,0.9811,8,246,246,34
36.0,18.0,1,0,18.0,0,0,250,38,212,212,0.848,4,0.1053,4,0.1053,208,0.9811,8,246,246,34
36.0,18.0,1,0,24.0,0,0,250,38,212,212,0.848,4,0.1053,4,0.1053,208,0.9811,8,246,246,34
36.0,18.0,1,0,32.0,0,0,250,38,212,212,0.848,4,0.1053,4,0.1053,208,0.9811,8,246,246,34
36.0,18.0,1,0,48.0,0,0,250,38,212,212,0.848,4,0.1053,4,0.1053,208,0.9811,8,246,246,34
36.0,18.0,1,1,12.0,0,0,250,38,212,212,0.848,4,0.1053,4,0.1053,208,0.9811,8,246,246,34
36.0,18.0,1,1,18.0,0,0,250,38,212,212,0.848,4,0.1053,4,0.1053,208,0.9811,8,246,246,34
36.0,18.0,1,1,24.0,0,0,250,38,212,212,0.848,4,0.1053,4,0.1053,208,0.9811,8,246,246,34
36.0,18.0,1,1,32.0,0,0,250,38,212,212,0.848,4,0.1053,4,0.1053,208,0.9811,8,246,246,34
36.0,18.0,1,1,48.0,0,0,250,38,212,212,0.848,4,0.1053,4,0.1053,208,0.9811,8,246,246,34
36.0,18.0,1,2,12.0,0,0,250,38,212,212,0.848,4,0.1053,4,0.1053,208,0.9811,8,246,246,34
36.0,18.0,1,2,18.0,0,0,250,38,212,212,0.848,4,0.1053,4,0.1053,208,0.9811,8,246,246,34
36.0,18.0,1,2,24.0,0,0,250,38,212,212,0.848,4,0.1053,4,0.1053,208,0.9811,8,246,246,34
36.0,18.0,1,2,32.0,0,0,250,38,212,212,0.848,4,0.1053,4,0.1053,208,0.9811,8,246,246,34
36.0,18.0,1,2,48.0,0,0,250,38,212,212,0.848,4,0.1053,4,0.1053,208,0.9811,8,246,246,34
36.0,20.0,1,0,12.0,0,0,250,38,212,212,0.848,4,0.1053,4,0.1053,208,0.9811,8,246,246,34
36.0,20.0,1,0,18.0,0,0,250,38,212,212,0.848,4,0.1053,4,0.1053,208,0.9811,8,246,246,34
36.0,20.0,1,0,24.0,0,0,250,38,212,212,0.848,4,0.1053,4,0.1053,208,0.9811,8,246,246,34
36.0,20.0,1,0,32.0,0,0,250,38,212,212,0.848,4,0.1053,4,0.1053,208,0.9811,8,246,246,34
36.0,20.0,1,0,48.0,0,0,250,38,212,212,0.848,4,0.1053,4,0.1053,208,0.9811,8,246,246,34
36.0,20.0,1,1,12.0,0,0,250,38,212,212,0.848,4,0.1053,4,0.1053,208,0.9811,8,246,246,34
36.0,20.0,1,1,18.0,0,0,250,38,212,212,0.848,4,0.1053,4,0.1053,208,0.9811,8,246,246,34
36.0,20.0,1,1,24.0,0,0,250,38,212,212,0.848,4,0.1053,4,0.1053,208,0.9811,8,246,246,34
36.0,20.0,1,1,32.0,0,0,250,38,212,212,0.848,4,0.1053,4,0.1053,208,0.9811,8,246,246,34
36.0,20.0,1,1,48.0,0,0,250,38,212,212,0.848,4,0.1053,4,0.1053,208,0.9811,8,246,246,34
36.0,20.0,1,2,12.0,0,0,250,38,212,212,0.848,4,0.1053,4,0.1053,208,0.9811,8,246,246,34
36.0,20.0,1,2,18.0,0,0,250,38,212,212,0.848,4,0.1053,4,0.1053,208,0.9811,8,246,246,34
36.0,20.0,1,2,24.0,0,0,250,38,212,212,0.848,4,0.1053,4,0.1053,208,0.9811,8,246,246,34
36.0,20.0,1,2,32.0,0,0,250,38,212,212,0.848,4,0.1053,4,0.1053,208,0.9811,8,246,246,34
36.0,20.0,1,2,48.0,0,0,250,38,212,212,0.848,4,0.1053,4,0.1053,208,0.9811,8,246,246,34
36.0,22.0,1,0,12.0,0,0,250,38,212,212,0.848,4,0.1053,4,0.1053,208,0.9811,8,246,246,34
36.0,22.0,1,0,18.0,0,0,250,38,212,212,0.848,4,0.1053,4,0.1053,208,0.9811,8,246,246,34
36.0,22.0,1,0,24.0,0,0,250,38,212,212,0.848,4,0.1053,4,0.1053,208,0.9811,8,246,246,34
36.0,22.0,1,0,32.0,0,0,250,38,212,212,0.848,4,0.1053,4,0.1053,208,0.9811,8,246,246,34
36.0,22.0,1,0,48.0,0,0,250,38,212,212,0.848,4,0.1053,4,0.1053,208,0.9811,8,246,246,34
36.0,22.0,1,1,12.0,0,0,250,38,212,212,0.848,4,0.1053,4,0.1053,208,0.9811,8,246,246,34
36.0,22.0,1,1,18.0,0,0,250,38,212,212,0.848,4,0.1053,4,0.1053,208,0.9811,8,246,246,34
36.0,22.0,1,1,24.0,0,0,250,38,212,212,0.848,4,0.1053,4,0.1053,208,0.9811,8,246,246,34
36.0,22.0,1,1,32.0,0,0,250,38,212,212,0.848,4,0.1053,4,0.1053,208,0.9811,8,246,246,34
36.0,22.0,1,1,48.0,0,0,250,38,212,212,0.848,4,0.1053,4,0.1053,208,0.9811,8,246,246,34
36.0,22.0,1,2,12.0,0,0,250,38,212,212,0.848,4,0.1053,4,0.1053,208,0.9811,8,246,246,34
36.0,22.0,1,2,18.0,0,0,250,38,212,212,0.848,4,0.1053,4,0.1053,208,0.9811,8,246,246,34
36.0,22.0,1,2,24.0,0,0,250,38,212,212,0.848,4,0.1053,4,0.1053,208,0.9811,8,246,246,34
36.0,22.0,1,2,32.0,0,0,250,38,212,212,0.848,4,0.1053,4,0.1053,208,0.9811,8,246,246,34
36.0,22.0,1,2,48.0,0,0,250,38,212,212,0.848,4,0.1053,4,0.1053,208,0.9811,8,246,246,34
36.0,30.0,1,0,12.0,0,0,250,38,212,212,0.848,3,0.0789,3,0.0789,209,0.9858,6,246,246,34
36.0,30.0,1,0,18.0,0,0,250,38,212,212,0.848,3,0.0789,3,0.0789,209,0.9858,6,246,246,34
36.0,30.0,1,0,24.0,0,0,250,38,212,212,0.848,3,0.0789,3,0.0789,209,0.9858,6,246,246,34
36.0,30.0,1,0,32.0,0,0,250,38,212,212,0.848,3,0.0789,3,0.0789,209,0.9858,6,246,246,34
36.0,30.0,1,0,48.0,0,0,250,38,212,212,0.848,3,0.0789,3,0.0789,209,0.9858,6,246,246,34
36.0,30.0,1,1,12.0,0,0,250,38,212,212,0.848,3,0.0789,3,0.0789,209,0.9858,6,246,246,34
36.0,30.0,1,1,18.0,0,0,250,38,212,212,0.848,3,0.0789,3,0.0789,209,0.9858,6,246,246,34
36.0,30.0,1,1,24.0,0,0,250,38,212,212,0.848,3,0.0789,3,0.0789,209,0.9858,6,246,246,34
36.0,30.0,1,1,32.0,0,0,250,38,212,212,0.848,3,0.0789,3,0.0789,209,0.9858,6,246,246,34
36.0,30.0,1,1,48.0,0,0,250,38,212,212,0.848,3,0.0789,3,0.0789,209,0.9858,6,246,246,34
36.0,30.0,1,2,12.0,0,0,250,38,212,212,0.848,3,0.0789,3,0.0789,209,0.9858,6,246,246,34
36.0,30.0,1,2,18.0,0,0,250,38,212,212,0.848,3,0.0789,3,0.0789,209,0.9858,6,246,246,34
36.0,30.0,1,2,24.0,0,0,250,38,212,212,0.848,3,0.0789,3,0.0789,209,0.9858,6,246,246,34
36.0,30.0,1,2,32.0,0,0,250,38,212,212,0.848,3,0.0789,3,0.0789,209,0.9858,6,246,246,34
36.0,30.0,1,2,48.0,0,0,250,38,212,212,0.848,3,0.0789,3,0.0789,209,0.9858,6,246,246,34
34.0,6.0,3,0,12.0,0,0,250,38,212,212,0.848,0,0.0,0,0.0,212,1.0,0,,,
34.0,6.0,3,0,18.0,0,0,250,38,212,212,0.848,0,0.0,0,0.0,212,1.0,0,,,
34.0,6.0,3,0,24.0,0,0,250,38,212,212,0.848,0,0.0,0,0.0,212,1.0,0,,,
34.0,6.0,3,0,32.0,0,0,250,38,212,212,0.848,0,0.0,0,0.0,212,1.0,0,,,
34.0,6.0,3,0,48.0,0,0,250,38,212,212,0.848,0,0.0,0,0.0,212,1.0,0,,,
34.0,6.0,3,1,12.0,0,0,250,38,212,212,0.848,0,0.0,0,0.0,212,1.0,0,,,
34.0,6.0,3,1,18.0,0,0,250,38,212,212,0.848,0,0.0,0,0.0,212,1.0,0,,,
34.0,6.0,3,1,24.0,0,0,250,38,212,212,0.848,0,0.0,0,0.0,212,1.0,0,,,
34.0,6.0,3,1,32.0,0,0,250,38,212,212,0.848,0,0.0,0,0.0,212,1.0,0,,,
34.0,6.0,3,1,48.0,0,0,250,38,212,212,0.848,0,0.0,0,0.0,212,1.0,0,,,
34.0,6.0,3,2,12.0,0,0,250,38,212,212,0.848,0,0.0,0,0.0,212,1.0,0,,,
34.0,6.0,3,2,18.0,0,0,250,38,212,212,0.848,0,0.0,0,0.0,212,1.0,0,,,
34.0,6.0,3,2,24.0,0,0,250,38,212,212,0.848,0,0.0,0,0.0,212,1.0,0,,,
34.0,6.0,3,2,32.0,0,0,250,38,212,212,0.848,0,0.0,0,0.0,212,1.0,0,,,
34.0,6.0,3,2,48.0,0,0,250,38,212,212,0.848,0,0.0,0,0.0,212,1.0,0,,,
34.0,8.0,3,0,12.0,0,0,250,38,212,212,0.848,0,0.0,0,0.0,212,1.0,0,,,
34.0,8.0,3,0,18.0,0,0,250,38,212,212,0.848,0,0.0,0,0.0,212,1.0,0,,,
34.0,8.0,3,0,24.0,0,0,250,38,212,212,0.848,0,0.0,0,0.0,212,1.0,0,,,
34.0,8.0,3,0,32.0,0,0,250,38,212,212,0.848,0,0.0,0,0.0,212,1.0,0,,,
34.0,8.0,3,0,48.0,0,0,250,38,212,212,0.848,0,0.0,0,0.0,212,1.0,0,,,
34.0,8.0,3,1,12.0,0,0,250,38,212,212,0.848,0,0.0,0,0.0,212,1.0,0,,,
34.0,8.0,3,1,18.0,0,0,250,38,212,212,0.848,0,0.0,0,0.0,212,1.0,0,,,
34.0,8.0,3,1,24.0,0,0,250,38,212,212,0.848,0,0.0,0,0.0,212,1.0,0,,,
34.0,8.0,3,1,32.0,0,0,250,38,212,212,0.848,0,0.0,0,0.0,212,1.0,0,,,
34.0,8.0,3,1,48.0,0,0,250,38,212,212,0.848,0,0.0,0,0.0,212,1.0,0,,,
34.0,8.0,3,2,12.0,0,0,250,38,212,212,0.848,0,0.0,0,0.0,212,1.0,0,,,
34.0,8.0,3,2,18.0,0,0,250,38,212,212,0.848,0,0.0,0,0.0,212,1.0,0,,,
34.0,8.0,3,2,24.0,0,0,250,38,212,212,0.848,0,0.0,0,0.0,212,1.0,0,,,
34.0,8.0,3,2,32.0,0,0,250,38,212,212,0.848,0,0.0,0,0.0,212,1.0,0,,,
34.0,8.0,3,2,48.0,0,0,250,38,212,212,0.848,0,0.0,0,0.0,212,1.0,0,,,
34.0,10.0,3,0,12.0,0,0,250,38,212,212,0.848,0,0.0,0,0.0,212,1.0,0,,,
34.0,10.0,3,0,18.0,0,0,250,38,212,212,0.848,0,0.0,0,0.0,212,1.0,0,,,
34.0,10.0,3,0,24.0,0,0,250,38,212,212,0.848,0,0.0,0,0.0,212,1.0,0,,,
34.0,10.0,3,0,32.0,0,0,250,38,212,212,0.848,0,0.0,0,0.0,212,1.0,0,,,
34.0,10.0,3,0,48.0,0,0,250,38,212,212,0.848,0,0.0,0,0.0,212,1.0,0,,,
34.0,10.0,3,1,12.0,0,0,250,38,212,212,0.848,0,0.0,0,0.0,212,1.0,0,,,
34.0,10.0,3,1,18.0,0,0,250,38,212,212,0.848,0,0.0,0,0.0,212,1.0,0,,,
34.0,10.0,3,1,24.0,0,0,250,38,212,212,0.848,0,0.0,0,0.0,212,1.0,0,,,
34.0,10.0,3,1,32.0,0,0,250,38,212,212,0.848,0,0.0,0,0.0,212,1.0,0,,,
34.0,10.0,3,1,48.0,0,0,250,38,212,212,0.848,0,0.0,0,0.0,212,1.0,0,,,
34.0,10.0,3,2,12.0,0,0,250,38,212,212,0.848,0,0.0,0,0.0,212,1.0,0,,,
34.0,10.0,3,2,18.0,0,0,250,38,212,212,0.848,0,0.0,0,0.0,212,1.0,0,,,
34.0,10.0,3,2,24.0,0,0,250,38,212,212,0.848,0,0.0,0,0.0,212,1.0,0,,,
34.0,10.0,3,2,32.0,0,0,250,38,212,212,0.848,0,0.0,0,0.0,212,1.0,0,,,
34.0,10.0,3,2,48.0,0,0,250,38,212,212,0.848,0,0.0,0,0.0,212,1.0,0,,,
34.0,12.0,3,0,12.0,0,0,250,38,212,212,0.848,0,0.0,0,0.0,212,1.0,0,,,
34.0,12.0,3,0,18.0,0,0,250,38,212,212,0.848,0,0.0,0,0.0,212,1.0,0,,,
34.0,12.0,3,0,24.0,0,0,250,38,212,212,0.848,0,0.0,0,0.0,212,1.0,0,,,
34.0,12.0,3,0,32.0,0,0,250,38,212,212,0.848,0,0.0,0,0.0,212,1.0,0,,,
34.0,12.0,3,0,48.0,0,0,250,38,212,212,0.848,0,0.0,0,0.0,212,1.0,0,,,
34.0,12.0,3,1,12.0,0,0,250,38,212,212,0.848,0,0.0,0,0.0,212,1.0,0,,,
34.0,12.0,3,1,18.0,0,0,250,38,212,212,0.848,0,0.0,0,0.0,212,1.0,0,,,
34.0,12.0,3,1,24.0,0,0,250,38,212,212,0.848,0,0.0,0,0.0,212,1.0,0,,,
34.0,12.0,3,1,32.0,0,0,250,38,212,212,0.848,0,0.0,0,0.0,212,1.0,0,,,
34.0,12.0,3,1,48.0,0,0,250,38,212,212,0.848,0,0.0,0,0.0,212,1.0,0,,,
34.0,12.0,3,2,12.0,0,0,250,38,212,212,0.848,0,0.0,0,0.0,212,1.0,0,,,
34.0,12.0,3,2,18.0,0,0,250,38,212,212,0.848,0,0.0,0,0.0,212,1.0,0,,,
34.0,12.0,3,2,24.0,0,0,250,38,212,212,0.848,0,0.0,0,0.0,212,1.0,0,,,
34.0,12.0,3,2,32.0,0,0,250,38,212,212,0.848,0,0.0,0,0.0,212,1.0,0,,,
34.0,12.0,3,2,48.0,0,0,250,38,212,212,0.848,0,0.0,0,0.0,212,1.0,0,,,
34.0,14.0,3,0,12.0,0,0,250,38,212,212,0.848,0,0.0,0,0.0,212,1.0,0,,,
34.0,14.0,3,0,18.0,0,0,250,38,212,212,0.848,0,0.0,0,0.0,212,1.0,0,,,
34.0,14.0,3,0,24.0,0,0,250,38,212,212,0.848,0,0.0,0,0.0,212,1.0,0,,,
34.0,14.0,3,0,32.0,0,0,250,38,212,212,0.848,0,0.0,0,0.0,212,1.0,0,,,
34.0,14.0,3,0,48.0,0,0,250,38,212,212,0.848,0,0.0,0,0.0,212,1.0,0,,,
34.0,14.0,3,1,12.0,0,0,250,38,212,212,0.848,0,0.0,0,0.0,212,1.0,0,,,
34.0,14.0,3,1,18.0,0,0,250,38,212,212,0.848,0,0.0,0,0.0,212,1.0,0,,,
34.0,14.0,3,1,24.0,0,0,250,38,212,212,0.848,0,0.0,0,0.0,212,1.0,0,,,
34.0,14.0,3,1,32.0,0,0,250,38,212,212,0.848,0,0.0,0,0.0,212,1.0,0,,,
34.0,14.0,3,1,48.0,0,0,250,38,212,212,0.848,0,0.0,0,0.0,212,1.0,0,,,
34.0,14.0,3,2,12.0,0,0,250,38,212,212,0.848,0,0.0,0,0.0,212,1.0,0,,,
34.0,14.0,3,2,18.0,0,0,250,38,212,212,0.848,0,0.0,0,0.0,212,1.0,0,,,
34.0,14.0,3,2,24.0,0,0,250,38,212,212,0.848,0,0.0,0,0.0,212,1.0,0,,,
34.0,14.0,3,2,32.0,0,0,250,38,212,212,0.848,0,0.0,0,0.0,212,1.0,0,,,
34.0,14.0,3,2,48.0,0,0,250,38,212,212,0.848,0,0.0,0,0.0,212,1.0,0,,,
34.0,16.0,3,0,12.0,0,0,250,38,212,212,0.848,0,0.0,0,0.0,212,1.0,0,,,
34.0,16.0,3,0,18.0,0,0,250,38,212,212,0.848,0,0.0,0,0.0,212,1.0,0,,,
34.0,16.0,3,0,24.0,0,0,250,38,212,212,0.848,0,0.0,0,0.0,212,1.0,0,,,
34.0,16.0,3,0,32.0,0,0,250,38,212,212,0.848,0,0.0,0,0.0,212,1.0,0,,,
34.0,16.0,3,0,48.0,0,0,250,38,212,212,0.848,0,0.0,0,0.0,212,1.0,0,,,
34.0,16.0,3,1,12.0,0,0,250,38,212,212,0.848,0,0.0,0,0.0,212,1.0,0,,,
34.0,16.0,3,1,18.0,0,0,250,38,212,212,0.848,0,0.0,0,0.0,212,1.0,0,,,
34.0,16.0,3,1,24.0,0,0,250,38,212,212,0.848,0,0.0,0,0.0,212,1.0,0,,,
34.0,16.0,3,1,32.0,0,0,250,38,212,212,0.848,0,0.0,0,0.0,212,1.0,0,,,
34.0,16.0,3,1,48.0,0,0,250,38,212,212,0.848,0,0.0,0,0.0,212,1.0,0,,,
34.0,16.0,3,2,12.0,0,0,250,38,212,212,0.848,0,0.0,0,0.0,212,1.0,0,,,
34.0,16.0,3,2,18.0,0,0,250,38,212,212,0.848,0,0.0,0,0.0,212,1.0,0,,,
34.0,16.0,3,2,24.0,0,0,250,38,212,212,0.848,0,0.0,0,0.0,212,1.0,0,,,
34.0,16.0,3,2,32.0,0,0,250,38,212,212,0.848,0,0.0,0,0.0,212,1.0,0,,,
34.0,16.0,3,2,48.0,0,0,250,38,212,212,0.848,0,0.0,0,0.0,212,1.0,0,,,
34.0,18.0,3,0,12.0,0,0,250,38,212,212,0.848,0,0.0,0,0.0,212,1.0,0,,,
34.0,18.0,3,0,18.0,0,0,250,38,212,212,0.848,0,0.0,0,0.0,212,1.0,0,,,
34.0,18.0,3,0,24.0,0,0,250,38,212,212,0.848,0,0.0,0,0.0,212,1.0,0,,,
34.0,18.0,3,0,32.0,0,0,250,38,212,212,0.848,0,0.0,0,0.0,212,1.0,0,,,
34.0,18.0,3,0,48.0,0,0,250,38,212,212,0.848,0,0.0,0,0.0,212,1.0,0,,,
34.0,18.0,3,1,12.0,0,0,250,38,212,212,0.848,0,0.0,0,0.0,212,1.0,0,,,
34.0,18.0,3,1,18.0,0,0,250,38,212,212,0.848,0,0.0,0,0.0,212,1.0,0,,,
34.0,18.0,3,1,24.0,0,0,250,38,212,212,0.848,0,0.0,0,0.0,212,1.0,0,,,
34.0,18.0,3,1,32.0,0,0,250,38,212,212,0.848,0,0.0,0,0.0,212,1.0,0,,,
34.0,18.0,3,1,48.0,0,0,250,38,212,212,0.848,0,0.0,0,0.0,212,1.0,0,,,
34.0,18.0,3,2,12.0,0,0,250,38,212,212,0.848,0,0.0,0,0.0,212,1.0,0,,,
34.0,18.0,3,2,18.0,0,0,250,38,212,212,0.848,0,0.0,0,0.0,212,1.0,0,,,
34.0,18.0,3,2,24.0,0,0,250,38,212,212,0.848,0,0.0,0,0.0,212,1.0,0,,,
34.0,18.0,3,2,32.0,0,0,250,38,212,212,0.848,0,0.0,0,0.0,212,1.0,0,,,
34.0,18.0,3,2,48.0,0,0,250,38,212,212,0.848,0,0.0,0,0.0,212,1.0,0,,,
34.0,20.0,3,0,12.0,0,0,250,38,212,212,0.848,0,0.0,0,0.0,212,1.0,0,,,
34.0,20.0,3,0,18.0,0,0,250,38,212,212,0.848,0,0.0,0,0.0,212,1.0,0,,,
34.0,20.0,3,0,24.0,0,0,250,38,212,212,0.848,0,0.0,0,0.0,212,1.0,0,,,
34.0,20.0,3,0,32.0,0,0,250,38,212,212,0.848,0,0.0,0,0.0,212,1.0,0,,,
34.0,20.0,3,0,48.0,0,0,250,38,212,212,0.848,0,0.0,0,0.0,212,1.0,0,,,
34.0,20.0,3,1,12.0,0,0,250,38,212,212,0.848,0,0.0,0,0.0,212,1.0,0,,,
34.0,20.0,3,1,18.0,0,0,250,38,212,212,0.848,0,0.0,0,0.0,212,1.0,0,,,
34.0,20.0,3,1,24.0,0,0,250,38,212,212,0.848,0,0.0,0,0.0,212,1.0,0,,,
34.0,20.0,3,1,32.0,0,0,250,38,212,212,0.848,0,0.0,0,0.0,212,1.0,0,,,
34.0,20.0,3,1,48.0,0,0,250,38,212,212,0.848,0,0.0,0,0.0,212,1.0,0,,,
34.0,20.0,3,2,12.0,0,0,250,38,212,212,0.848,0,0.0,0,0.0,212,1.0,0,,,
34.0,20.0,3,2,18.0,0,0,250,38,212,212,0.848,0,0.0,0,0.0,212,1.0,0,,,
34.0,20.0,3,2,24.0,0,0,250,38,212,212,0.848,0,0.0,0,0.0,212,1.0,0,,,
34.0,20.0,3,2,32.0,0,0,250,38,212,212,0.848,0,0.0,0,0.0,212,1.0,0,,,
34.0,20.0,3,2,48.0,0,0,250,38,212,212,0.848,0,0.0,0,0.0,212,1.0,0,,,
34.0,22.0,3,0,12.0,0,0,250,38,212,212,0.848,0,0.0,0,0.0,212,1.0,0,,,
34.0,22.0,3,0,18.0,0,0,250,38,212,212,0.848,0,0.0,0,0.0,212,1.0,0,,,
34.0,22.0,3,0,24.0,0,0,250,38,212,212,0.848,0,0.0,0,0.0,212,1.0,0,,,
34.0,22.0,3,0,32.0,0,0,250,38,212,212,0.848,0,0.0,0,0.0,212,1.0,0,,,
34.0,22.0,3,0,48.0,0,0,250,38,212,212,0.848,0,0.0,0,0.0,212,1.0,0,,,
34.0,22.0,3,1,12.0,0,0,250,38,212,212,0.848,0,0.0,0,0.0,212,1.0,0,,,
34.0,22.0,3,1,18.0,0,0,250,38,212,212,0.848,0,0.0,0,0.0,212,1.0,0,,,
34.0,22.0,3,1,24.0,0,0,250,38,212,212,0.848,0,0.0,0,0.0,212,1.0,0,,,
34.0,22.0,3,1,32.0,0,0,250,38,212,212,0.848,0,0.0,0,0.0,212,1.0,0,,,
34.0,22.0,3,1,48.0,0,0,250,38,212,212,0.848,0,0.0,0,0.0,212,1.0,0,,,
34.0,22.0,3,2,12.0,0,0,250,38,212,212,0.848,0,0.0,0,0.0,212,1.0,0,,,
34.0,22.0,3,2,18.0,0,0,250,38,212,212,0.848,0,0.0,0,0.0,212,1.0,0,,,
34.0,22.0,3,2,24.0,0,0,250,38,212,212,0.848,0,0.0,0,0.0,212,1.0,0,,,
34.0,22.0,3,2,32.0,0,0,250,38,212,212,0.848,0,0.0,0,0.0,212,1.0,0,,,
34.0,22.0,3,2,48.0,0,0,250,38,212,212,0.848,0,0.0,0,0.0,212,1.0,0,,,
34.0,24.0,3,0,12.0,0,0,250,38,212,212,0.848,0,0.0,0,0.0,212,1.0,0,,,
34.0,24.0,3,0,18.0,0,0,250,38,212,212,0.848,0,0.0,0,0.0,212,1.0,0,,,
34.0,24.0,3,0,24.0,0,0,250,38,212,212,0.848,0,0.0,0,0.0,212,1.0,0,,,
34.0,24.0,3,0,32.0,0,0,250,38,212,212,0.848,0,0.0,0,0.0,212,1.0,0,,,
34.0,24.0,3,0,48.0,0,0,250,38,212,212,0.848,0,0.0,0,0.0,212,1.0,0,,,
34.0,24.0,3,1,12.0,0,0,250,38,212,212,0.848,0,0.0,0,0.0,212,1.0,0,,,
34.0,24.0,3,1,18.0,0,0,250,38,212,212,0.848,0,0.0,0,0.0,212,1.0,0,,,
34.0,24.0,3,1,24.0,0,0,250,38,212,212,0.848,0,0.0,0,0.0,212,1.0,0,,,
34.0,24.0,3,1,32.0,0,0,250,38,212,212,0.848,0,0.0,0,0.0,212,1.0,0,,,
34.0,24.0,3,1,48.0,0,0,250,38,212,212,0.848,0,0.0,0,0.0,212,1.0,0,,,
34.0,24.0,3,2,12.0,0,0,250,38,212,212,0.848,0,0.0,0,0.0,212,1.0,0,,,
34.0,24.0,3,2,18.0,0,0,250,38,212,212,0.848,0,0.0,0,0.0,212,1.0,0,,,
34.0,24.0,3,2,24.0,0,0,250,38,212,212,0.848,0,0.0,0,0.0,212,1.0,0,,,
34.0,24.0,3,2,32.0,0,0,250,38,212,212,0.848,0,0.0,0,0.0,212,1.0,0,,,
34.0,24.0,3,2,48.0,0,0,250,38,212,212,0.848,0,0.0,0,0.0,212,1.0,0,,,
34.0,26.0,3,0,12.0,0,0,250,38,212,212,0.848,0,0.0,0,0.0,212,1.0,0,,,
34.0,26.0,3,0,18.0,0,0,250,38,212,212,0.848,0,0.0,0,0.0,212,1.0,0,,,
34.0,26.0,3,0,24.0,0,0,250,38,212,212,0.848,0,0.0,0,0.0,212,1.0,0,,,
34.0,26.0,3,0,32.0,0,0,250,38,212,212,0.848,0,0.0,0,0.0,212,1.0,0,,,
34.0,26.0,3,0,48.0,0,0,250,38,212,212,0.848,0,0.0,0,0.0,212,1.0,0,,,
34.0,26.0,3,1,12.0,0,0,250,38,212,212,0.848,0,0.0,0,0.0,212,1.0,0,,,
34.0,26.0,3,1,18.0,0,0,250,38,212,212,0.848,0,0.0,0,0.0,212,1.0,0,,,
34.0,26.0,3,1,24.0,0,0,250,38,212,212,0.848,0,0.0,0,0.0,212,1.0,0,,,
34.0,26.0,3,1,32.0,0,0,250,38,212,212,0.848,0,0.0,0,0.0,212,1.0,0,,,
34.0,26.0,3,1,48.0,0,0,250,38,212,212,0.848,0,0.0,0,0.0,212,1.0,0,,,
34.0,26.0,3,2,12.0,0,0,250,38,212,212,0.848,0,0.0,0,0.0,212,1.0,0,,,
34.0,26.0,3,2,18.0,0,0,250,38,212,212,0.848,0,0.0,0,0.0,212,1.0,0,,,
34.0,26.0,3,2,24.0,0,0,250,38,212,212,0.848,0,0.0,0,0.0,212,1.0,0,,,
34.0,26.0,3,2,32.0,0,0,250,38,212,212,0.848,0,0.0,0,0.0,212,1.0,0,,,
34.0,26.0,3,2,48.0,0,0,250,38,212,212,0.848,0,0.0,0,0.0,212,1.0,0,,,
34.0,28.0,3,0,12.0,0,0,250,38,212,212,0.848,0,0.0,0,0.0,212,1.0,0,,,
34.0,28.0,3,0,18.0,0,0,250,38,212,212,0.848,0,0.0,0,0.0,212,1.0,0,,,
34.0,28.0,3,0,24.0,0,0,250,38,212,212,0.848,0,0.0,0,0.0,212,1.0,0,,,
34.0,28.0,3,0,32.0,0,0,250,38,212,212,0.848,0,0.0,0,0.0,212,1.0,0,,,
34.0,28.0,3,0,48.0,0,0,250,38,212,212,0.848,0,0.0,0,0.0,212,1.0,0,,,
34.0,28.0,3,1,12.0,0,0,250,38,212,212,0.848,0,0.0,0,0.0,212,1.0,0,,,
34.0,28.0,3,1,18.0,0,0,250,38,212,212,0.848,0,0.0,0,0.0,212,1.0,0,,,
34.0,28.0,3,1,24.0,0,0,250,38,212,212,0.848,0,0.0,0,0.0,212,1.0,0,,,
34.0,28.0,3,1,32.0,0,0,250,38,212,212,0.848,0,0.0,0,0.0,212,1.0,0,,,
34.0,28.0,3,1,48.0,0,0,250,38,212,212,0.848,0,0.0,0,0.0,212,1.0,0,,,
34.0,28.0,3,2,12.0,0,0,250,38,212,212,0.848,0,0.0,0,0.0,212,1.0,0,,,
34.0,28.0,3,2,18.0,0,0,250,38,212,212,0.848,0,0.0,0,0.0,212,1.0,0,,,
34.0,28.0,3,2,24.0,0,0,250,38,212,212,0.848,0,0.0,0,0.0,212,1.0,0,,,
34.0,28.0,3,2,32.0,0,0,250,38,212,212,0.848,0,0.0,0,0.0,212,1.0,0,,,
34.0,28.0,3,2,48.0,0,0,250,38,212,212,0.848,0,0.0,0,0.0,212,1.0,0,,,
34.0,30.0,3,0,12.0,0,0,250,38,212,212,0.848,0,0.0,0,0.0,212,1.0,0,,,
34.0,30.0,3,0,18.0,0,0,250,38,212,212,0.848,0,0.0,0,0.0,212,1.0,0,,,
34.0,30.0,3,0,24.0,0,0,250,38,212,212,0.848,0,0.0,0,0.0,212,1.0,0,,,
34.0,30.0,3,0,32.0,0,0,250,38,212,212,0.848,0,0.0,0,0.0,212,1.0,0,,,
34.0,30.0,3,0,48.0,0,0,250,38,212,212,0.848,0,0.0,0,0.0,212,1.0,0,,,
34.0,30.0,3,1,12.0,0,0,250,38,212,212,0.848,0,0.0,0,0.0,212,1.0,0,,,
34.0,30.0,3,1,18.0,0,0,250,38,212,212,0.848,0,0.0,0,0.0,212,1.0,0,,,
34.0,30.0,3,1,24.0,0,0,250,38,212,212,0.848,0,0.0,0,0.0,212,1.0,0,,,
34.0,30.0,3,1,32.0,0,0,250,38,212,212,0.848,0,0.0,0,0.0,212,1.0,0,,,
34.0,30.0,3,1,48.0,0,0,250,38,212,212,0.848,0,0.0,0,0.0,212,1.0,0,,,
34.0,30.0,3,2,12.0,0,0,250,38,212,212,0.848,0,0.0,0,0.0,212,1.0,0,,,
34.0,30.0,3,2,18.0,0,0,250,38,212,212,0.848,0,0.0,0,0.0,212,1.0,0,,,
34.0,30.0,3,2,24.0,0,0,250,38,212,212,0.848,0,0.0,0,0.0,212,1.0,0,,,
34.0,30.0,3,2,32.0,0,0,250,38,212,212,0.848,0,0.0,0,0.0,212,1.0,0,,,
34.0,30.0,3,2,48.0,0,0,250,38,212,212,0.848,0,0.0,0,0.0,212,1.0,0,,,
36.0,6.0,2,0,12.0,0,0,250,38,212,212,0.848,0,0.0,0,0.0,212,1.0,0,,,
36.0,6.0,2,0,18.0,0,0,250,38,212,212,0.848,0,0.0,0,0.0,212,1.0,0,,,
36.0,6.0,2,0,24.0,0,0,250,38,212,212,0.848,0,0.0,0,0.0,212,1.0,0,,,
36.0,6.0,2,0,32.0,0,0,250,38,212,212,0.848,0,0.0,0,0.0,212,1.0,0,,,
36.0,6.0,2,0,48.0,0,0,250,38,212,212,0.848,0,0.0,0,0.0,212,1.0,0,,,
36.0,6.0,2,1,12.0,0,0,250,38,212,212,0.848,0,0.0,0,0.0,212,1.0,0,,,
36.0,6.0,2,1,18.0,0,0,250,38,212,212,0.848,0,0.0,0,0.0,212,1.0,0,,,
36.0,6.0,2,1,24.0,0,0,250,38,212,212,0.848,0,0.0,0,0.0,212,1.0,0,,,
36.0,6.0,2,1,32.0,0,0,250,38,212,212,0.848,0,0.0,0,0.0,212,1.0,0,,,
36.0,6.0,2,1,48.0,0,0,250,38,212,212,0.848,0,0.0,0,0.0,212,1.0,0,,,
36.0,6.0,2,2,12.0,0,0,250,38,212,212,0.848,0,0.0,0,0.0,212,1.0,0,,,
36.0,6.0,2,2,18.0,0,0,250,38,212,212,0.848,0,0.0,0,0.0,212,1.0,0,,,
36.0,6.0,2,2,24.0,0,0,250,38,212,212,0.848,0,0.0,0,0.0,212,1.0,0,,,
36.0,6.0,2,2,32.0,0,0,250,38,212,212,0.848,0,0.0,0,0.0,212,1.0,0,,,
36.0,6.0,2,2,48.0,0,0,250,38,212,212,0.848,0,0.0,0,0.0,212,1.0,0,,,
36.0,6.0,3,0,12.0,0,0,250,38,212,212,0.848,0,0.0,0,0.0,212,1.0,0,,,
36.0,6.0,3,0,18.0,0,0,250,38,212,212,0.848,0,0.0,0,0.0,212,1.0,0,,,
36.0,6.0,3,0,24.0,0,0,250,38,212,212,0.848,0,0.0,0,0.0,212,1.0,0,,,
36.0,6.0,3,0,32.0,0,0,250,38,212,212,0.848,0,0.0,0,0.0,212,1.0,0,,,
36.0,6.0,3,0,48.0,0,0,250,38,212,212,0.848,0,0.0,0,0.0,212,1.0,0,,,
36.0,6.0,3,1,12.0,0,0,250,38,212,212,0.848,0,0.0,0,0.0,212,1.0,0,,,
36.0,6.0,3,1,18.0,0,0,250,38,212,212,0.848,0,0.0,0,0.0,212,1.0,0,,,
36.0,6.0,3,1,24.0,0,0,250,38,212,212,0.848,0,0.0,0,0.0,212,1.0,0,,,
36.0,6.0,3,1,32.0,0,0,250,38,212,212,0.848,0,0.0,0,0.0,212,1.0,0,,,
36.0,6.0,3,1,48.0,0,0,250,38,212,212,0.848,0,0.0,0,0.0,212,1.0,0,,,
36.0,6.0,3,2,12.0,0,0,250,38,212,212,0.848,0,0.0,0,0.0,212,1.0,0,,,
36.0,6.0,3,2,18.0,0,0,250,38,212,212,0.848,0,0.0,0,0.0,212,1.0,0,,,
36.0,6.0,3,2,24.0,0,0,250,38,212,212,0.848,0,0.0,0,0.0,212,1.0,0,,,
36.0,6.0,3,2,32.0,0,0,250,38,212,212,0.848,0,0.0,0,0.0,212,1.0,0,,,
36.0,6.0,3,2,48.0,0,0,250,38,212,212,0.848,0,0.0,0,0.0,212,1.0,0,,,
36.0,8.0,2,0,12.0,0,0,250,38,212,212,0.848,0,0.0,0,0.0,212,1.0,0,,,
36.0,8.0,2,0,18.0,0,0,250,38,212,212,0.848,0,0.0,0,0.0,212,1.0,0,,,
36.0,8.0,2,0,24.0,0,0,250,38,212,212,0.848,0,0.0,0,0.0,212,1.0,0,,,
36.0,8.0,2,0,32.0,0,0,250,38,212,212,0.848,0,0.0,0,0.0,212,1.0,0,,,
36.0,8.0,2,0,48.0,0,0,250,38,212,212,0.848,0,0.0,0,0.0,212,1.0,0,,,
36.0,8.0,2,1,12.0,0,0,250,38,212,212,0.848,0,0.0,0,0.0,212,1.0,0,,,
36.0,8.0,2,1,18.0,0,0,250,38,212,212,0.848,0,0.0,0,0.0,212,1.0,0,,,
36.0,8.0,2,1,24.0,0,0,250,38,212,212,0.848,0,0.0,0,0.0,212,1.0,0,,,
36.0,8.0,2,1,32.0,0,0,250,38,212,212,0.848,0,0.0,0,0.0,212,1.0,0,,,
36.0,8.0,2,1,48.0,0,0,250,38,212,212,0.848,0,0.0,0,0.0,212,1.0,0,,,
36.0,8.0,2,2,12.0,0,0,250,38,212,212,0.848,0,0.0,0,0.0,212,1.0,0,,,
36.0,8.0,2,2,18.0,0,0,250,38,212,212,0.848,0,0.0,0,0.0,212,1.0,0,,,
36.0,8.0,2,2,24.0,0,0,250,38,212,212,0.848,0,0.0,0,0.0,212,1.0,0,,,
36.0,8.0,2,2,32.0,0,0,250,38,212,212,0.848,0,0.0,0,0.0,212,1.0,0,,,
36.0,8.0,2,2,48.0,0,0,250,38,212,212,0.848,0,0.0,0,0.0,212,1.0,0,,,
36.0,8.0,3,0,12.0,0,0,250,38,212,212,0.848,0,0.0,0,0.0,212,1.0,0,,,
36.0,8.0,3,0,18.0,0,0,250,38,212,212,0.848,0,0.0,0,0.0,212,1.0,0,,,
36.0,8.0,3,0,24.0,0,0,250,38,212,212,0.848,0,0.0,0,0.0,212,1.0,0,,,
36.0,8.0,3,0,32.0,0,0,250,38,212,212,0.848,0,0.0,0,0.0,212,1.0,0,,,
36.0,8.0,3,0,48.0,0,0,250,38,212,212,0.848,0,0.0,0,0.0,212,1.0,0,,,
36.0,8.0,3,1,12.0,0,0,250,38,212,212,0.848,0,0.0,0,0.0,212,1.0,0,,,
36.0,8.0,3,1,18.0,0,0,250,38,212,212,0.848,0,0.0,0,0.0,212,1.0,0,,,
36.0,8.0,3,1,24.0,0,0,250,38,212,212,0.848,0,0.0,0,0.0,212,1.0,0,,,
36.0,8.0,3,1,32.0,0,0,250,38,212,212,0.848,0,0.0,0,0.0,212,1.0,0,,,
36.0,8.0,3,1,48.0,0,0,250,38,212,212,0.848,0,0.0,0,0.0,212,1.0,0,,,
36.0,8.0,3,2,12.0,0,0,250,38,212,212,0.848,0,0.0,0,0.0,212,1.0,0,,,
36.0,8.0,3,2,18.0,0,0,250,38,212,212,0.848,0,0.0,0,0.0,212,1.0,0,,,
36.0,8.0,3,2,24.0,0,0,250,38,212,212,0.848,0,0.0,0,0.0,212,1.0,0,,,
36.0,8.0,3,2,32.0,0,0,250,38,212,212,0.848,0,0.0,0,0.0,212,1.0,0,,,
36.0,8.0,3,2,48.0,0,0,250,38,212,212,0.848,0,0.0,0,0.0,212,1.0,0,,,
36.0,10.0,2,0,12.0,0,0,250,38,212,212,0.848,0,0.0,0,0.0,212,1.0,0,,,
36.0,10.0,2,0,18.0,0,0,250,38,212,212,0.848,0,0.0,0,0.0,212,1.0,0,,,
36.0,10.0,2,0,24.0,0,0,250,38,212,212,0.848,0,0.0,0,0.0,212,1.0,0,,,
36.0,10.0,2,0,32.0,0,0,250,38,212,212,0.848,0,0.0,0,0.0,212,1.0,0,,,
36.0,10.0,2,0,48.0,0,0,250,38,212,212,0.848,0,0.0,0,0.0,212,1.0,0,,,
36.0,10.0,2,1,12.0,0,0,250,38,212,212,0.848,0,0.0,0,0.0,212,1.0,0,,,
36.0,10.0,2,1,18.0,0,0,250,38,212,212,0.848,0,0.0,0,0.0,212,1.0,0,,,
36.0,10.0,2,1,24.0,0,0,250,38,212,212,0.848,0,0.0,0,0.0,212,1.0,0,,,
36.0,10.0,2,1,32.0,0,0,250,38,212,212,0.848,0,0.0,0,0.0,212,1.0,0,,,
36.0,10.0,2,1,48.0,0,0,250,38,212,212,0.848,0,0.0,0,0.0,212,1.0,0,,,
36.0,10.0,2,2,12.0,0,0,250,38,212,212,0.848,0,0.0,0,0.0,212,1.0,0,,,
36.0,10.0,2,2,18.0,0,0,250,38,212,212,0.848,0,0.0,0,0.0,212,1.0,0,,,
36.0,10.0,2,2,24.0,0,0,250,38,212,212,0.848,0,0.0,0,0.0,212,1.0,0,,,
36.0,10.0,2,2,32.0,0,0,250,38,212,212,0.848,0,0.0,0,0.0,212,1.0,0,,,
36.0,10.0,2,2,48.0,0,0,250,38,212,212,0.848,0,0.0,0,0.0,212,1.0,0,,,
36.0,10.0,3,0,12.0,0,0,250,38,212,212,0.848,0,0.0,0,0.0,212,1.0,0,,,
36.0,10.0,3,0,18.0,0,0,250,38,212,212,0.848,0,0.0,0,0.0,212,1.0,0,,,
36.0,10.0,3,0,24.0,0,0,250,38,212,212,0.848,0,0.0,0,0.0,212,1.0,0,,,
36.0,10.0,3,0,32.0,0,0,250,38,212,212,0.848,0,0.0,0,0.0,212,1.0,0,,,
36.0,10.0,3,0,48.0,0,0,250,38,212,212,0.848,0,0.0,0,0.0,212,1.0,0,,,
36.0,10.0,3,1,12.0,0,0,250,38,212,212,0.848,0,0.0,0,0.0,212,1.0,0,,,
36.0,10.0,3,1,18.0,0,0,250,38,212,212,0.848,0,0.0,0,0.0,212,1.0,0,,,
36.0,10.0,3,1,24.0,0,0,250,38,212,212,0.848,0,0.0,0,0.0,212,1.0,0,,,
36.0,10.0,3,1,32.0,0,0,250,38,212,212,0.848,0,0.0,0,0.0,212,1.0,0,,,
36.0,10.0,3,1,48.0,0,0,250,38,212,212,0.848,0,0.0,0,0.0,212,1.0,0,,,
36.0,10.0,3,2,12.0,0,0,250,38,212,212,0.848,0,0.0,0,0.0,212,1.0,0,,,
36.0,10.0,3,2,18.0,0,0,250,38,212,212,0.848,0,0.0,0,0.0,212,1.0,0,,,
36.0,10.0,3,2,24.0,0,0,250,38,212,212,0.848,0,0.0,0,0.0,212,1.0,0,,,
36.0,10.0,3,2,32.0,0,0,250,38,212,212,0.848,0,0.0,0,0.0,212,1.0,0,,,
36.0,10.0,3,2,48.0,0,0,250,38,212,212,0.848,0,0.0,0,0.0,212,1.0,0,,,
36.0,12.0,2,0,12.0,0,0,250,38,212,212,0.848,0,0.0,0,0.0,212,1.0,0,,,
36.0,12.0,2,0,18.0,0,0,250,38,212,212,0.848,0,0.0,0,0.0,212,1.0,0,,,
36.0,12.0,2,0,24.0,0,0,250,38,212,212,0.848,0,0.0,0,0.0,212,1.0,0,,,
36.0,12.0,2,0,32.0,0,0,250,38,212,212,0.848,0,0.0,0,0.0,212,1.0,0,,,
36.0,12.0,2,0,48.0,0,0,250,38,212,212,0.848,0,0.0,0,0.0,212,1.0,0,,,
36.0,12.0,2,1,12.0,0,0,250,38,212,212,0.848,0,0.0,0,0.0,212,1.0,0,,,
36.0,12.0,2,1,18.0,0,0,250,38,212,212,0.848,0,0.0,0,0.0,212,1.0,0,,,
36.0,12.0,2,1,24.0,0,0,250,38,212,212,0.848,0,0.0,0,0.0,212,1.0,0,,,
36.0,12.0,2,1,32.0,0,0,250,38,212,212,0.848,0,0.0,0,0.0,212,1.0,0,,,
36.0,12.0,2,1,48.0,0,0,250,38,212,212,0.848,0,0.0,0,0.0,212,1.0,0,,,
36.0,12.0,2,2,12.0,0,0,250,38,212,212,0.848,0,0.0,0,0.0,212,1.0,0,,,
36.0,12.0,2,2,18.0,0,0,250,38,212,212,0.848,0,0.0,0,0.0,212,1.0,0,,,
36.0,12.0,2,2,24.0,0,0,250,38,212,212,0.848,0,0.0,0,0.0,212,1.0,0,,,
36.0,12.0,2,2,32.0,0,0,250,38,212,212,0.848,0,0.0,0,0.0,212,1.0,0,,,
36.0,12.0,2,2,48.0,0,0,250,38,212,212,0.848,0,0.0,0,0.0,212,1.0,0,,,
36.0,12.0,3,0,12.0,0,0,250,38,212,212,0.848,0,0.0,0,0.0,212,1.0,0,,,
36.0,12.0,3,0,18.0,0,0,250,38,212,212,0.848,0,0.0,0,0.0,212,1.0,0,,,
36.0,12.0,3,0,24.0,0,0,250,38,212,212,0.848,0,0.0,0,0.0,212,1.0,0,,,
36.0,12.0,3,0,32.0,0,0,250,38,212,212,0.848,0,0.0,0,0.0,212,1.0,0,,,
36.0,12.0,3,0,48.0,0,0,250,38,212,212,0.848,0,0.0,0,0.0,212,1.0,0,,,
36.0,12.0,3,1,12.0,0,0,250,38,212,212,0.848,0,0.0,0,0.0,212,1.0,0,,,
36.0,12.0,3,1,18.0,0,0,250,38,212,212,0.848,0,0.0,0,0.0,212,1.0,0,,,
36.0,12.0,3,1,24.0,0,0,250,38,212,212,0.848,0,0.0,0,0.0,212,1.0,0,,,
36.0,12.0,3,1,32.0,0,0,250,38,212,212,0.848,0,0.0,0,0.0,212,1.0,0,,,
36.0,12.0,3,1,48.0,0,0,250,38,212,212,0.848,0,0.0,0,0.0,212,1.0,0,,,
36.0,12.0,3,2,12.0,0,0,250,38,212,212,0.848,0,0.0,0,0.0,212,1.0,0,,,
36.0,12.0,3,2,18.0,0,0,250,38,212,212,0.848,0,0.0,0,0.0,212,1.0,0,,,
36.0,12.0,3,2,24.0,0,0,250,38,212,212,0.848,0,0.0,0,0.0,212,1.0,0,,,
36.0,12.0,3,2,32.0,0,0,250,38,212,212,0.848,0,0.0,0,0.0,212,1.0,0,,,
36.0,12.0,3,2,48.0,0,0,250,38,212,212,0.848,0,0.0,0,0.0,212,1.0,0,,,
36.0,14.0,2,0,12.0,0,0,250,38,212,212,0.848,0,0.0,0,0.0,212,1.0,0,,,
36.0,14.0,2,0,18.0,0,0,250,38,212,212,0.848,0,0.0,0,0.0,212,1.0,0,,,
36.0,14.0,2,0,24.0,0,0,250,38,212,212,0.848,0,0.0,0,0.0,212,1.0,0,,,
36.0,14.0,2,0,32.0,0,0,250,38,212,212,0.848,0,0.0,0,0.0,212,1.0,0,,,
36.0,14.0,2,0,48.0,0,0,250,38,212,212,0.848,0,0.0,0,0.0,212,1.0,0,,,
36.0,14.0,2,1,12.0,0,0,250,38,212,212,0.848,0,0.0,0,0.0,212,1.0,0,,,
36.0,14.0,2,1,18.0,0,0,250,38,212,212,0.848,0,0.0,0,0.0,212,1.0,0,,,
36.0,14.0,2,1,24.0,0,0,250,38,212,212,0.848,0,0.0,0,0.0,212,1.0,0,,,
36.0,14.0,2,1,32.0,0,0,250,38,212,212,0.848,0,0.0,0,0.0,212,1.0,0,,,
36.0,14.0,2,1,48.0,0,0,250,38,212,212,0.848,0,0.0,0,0.0,212,1.0,0,,,
36.0,14.0,2,2,12.0,0,0,250,38,212,212,0.848,0,0.0,0,0.0,212,1.0,0,,,
36.0,14.0,2,2,18.0,0,0,250,38,212,212,0.848,0,0.0,0,0.0,212,1.0,0,,,
36.0,14.0,2,2,24.0,0,0,250,38,212,212,0.848,0,0.0,0,0.0,212,1.0,0,,,
36.0,14.0,2,2,32.0,0,0,250,38,212,212,0.848,0,0.0,0,0.0,212,1.0,0,,,
36.0,14.0,2,2,48.0,0,0,250,38,212,212,0.848,0,0.0,0,0.0,212,1.0,0,,,
36.0,14.0,3,0,12.0,0,0,250,38,212,212,0.848,0,0.0,0,0.0,212,1.0,0,,,
36.0,14.0,3,0,18.0,0,0,250,38,212,212,0.848,0,0.0,0,0.0,212,1.0,0,,,
36.0,14.0,3,0,24.0,0,0,250,38,212,212,0.848,0,0.0,0,0.0,212,1.0,0,,,
36.0,14.0,3,0,32.0,0,0,250,38,212,212,0.848,0,0.0,0,0.0,212,1.0,0,,,
36.0,14.0,3,0,48.0,0,0,250,38,212,212,0.848,0,0.0,0,0.0,212,1.0,0,,,
36.0,14.0,3,1,12.0,0,0,250,38,212,212,0.848,0,0.0,0,0.0,212,1.0,0,,,
36.0,14.0,3,1,18.0,0,0,250,38,212,212,0.848,0,0.0,0,0.0,212,1.0,0,,,
36.0,14.0,3,1,24.0,0,0,250,38,212,212,0.848,0,0.0,0,0.0,212,1.0,0,,,
36.0,14.0,3,1,32.0,0,0,250,38,212,212,0.848,0,0.0,0,0.0,212,1.0,0,,,
36.0,14.0,3,1,48.0,0,0,250,38,212,212,0.848,0,0.0,0,0.0,212,1.0,0,,,
36.0,14.0,3,2,12.0,0,0,250,38,212,212,0.848,0,0.0,0,0.0,212,1.0,0,,,
36.0,14.0,3,2,18.0,0,0,250,38,212,212,0.848,0,0.0,0,0.0,212,1.0,0,,,
36.0,14.0,3,2,24.0,0,0,250,38,212,212,0.848,0,0.0,0,0.0,212,1.0,0,,,
36.0,14.0,3,2,32.0,0,0,250,38,212,212,0.848,0,0.0,0,0.0,212,1.0,0,,,
36.0,14.0,3,2,48.0,0,0,250,38,212,212,0.848,0,0.0,0,0.0,212,1.0,0,,,
36.0,16.0,2,0,12.0,0,0,250,38,212,212,0.848,0,0.0,0,0.0,212,1.0,0,,,
36.0,16.0,2,0,18.0,0,0,250,38,212,212,0.848,0,0.0,0,0.0,212,1.0,0,,,
36.0,16.0,2,0,24.0,0,0,250,38,212,212,0.848,0,0.0,0,0.0,212,1.0,0,,,
36.0,16.0,2,0,32.0,0,0,250,38,212,212,0.848,0,0.0,0,0.0,212,1.0,0,,,
36.0,16.0,2,0,48.0,0,0,250,38,212,212,0.848,0,0.0,0,0.0,212,1.0,0,,,
36.0,16.0,2,1,12.0,0,0,250,38,212,212,0.848,0,0.0,0,0.0,212,1.0,0,,,
36.0,16.0,2,1,18.0,0,0,250,38,212,212,0.848,0,0.0,0,0.0,212,1.0,0,,,
36.0,16.0,2,1,24.0,0,0,250,38,212,212,0.848,0,0.0,0,0.0,212,1.0,0,,,
36.0,16.0,2,1,32.0,0,0,250,38,212,212,0.848,0,0.0,0,0.0,212,1.0,0,,,
36.0,16.0,2,1,48.0,0,0,250,38,212,212,0.848,0,0.0,0,0.0,212,1.0,0,,,
36.0,16.0,2,2,12.0,0,0,250,38,212,212,0.848,0,0.0,0,0.0,212,1.0,0,,,
36.0,16.0,2,2,18.0,0,0,250,38,212,212,0.848,0,0.0,0,0.0,212,1.0,0,,,
36.0,16.0,2,2,24.0,0,0,250,38,212,212,0.848,0,0.0,0,0.0,212,1.0,0,,,
36.0,16.0,2,2,32.0,0,0,250,38,212,212,0.848,0,0.0,0,0.0,212,1.0,0,,,
36.0,16.0,2,2,48.0,0,0,250,38,212,212,0.848,0,0.0,0,0.0,212,1.0,0,,,
36.0,16.0,3,0,12.0,0,0,250,38,212,212,0.848,0,0.0,0,0.0,212,1.0,0,,,
36.0,16.0,3,0,18.0,0,0,250,38,212,212,0.848,0,0.0,0,0.0,212,1.0,0,,,
36.0,16.0,3,0,24.0,0,0,250,38,212,212,0.848,0,0.0,0,0.0,212,1.0,0,,,
36.0,16.0,3,0,32.0,0,0,250,38,212,212,0.848,0,0.0,0,0.0,212,1.0,0,,,
36.0,16.0,3,0,48.0,0,0,250,38,212,212,0.848,0,0.0,0,0.0,212,1.0,0,,,
36.0,16.0,3,1,12.0,0,0,250,38,212,212,0.848,0,0.0,0,0.0,212,1.0,0,,,
36.0,16.0,3,1,18.0,0,0,250,38,212,212,0.848,0,0.0,0,0.0,212,1.0,0,,,
36.0,16.0,3,1,24.0,0,0,250,38,212,212,0.848,0,0.0,0,0.0,212,1.0,0,,,
36.0,16.0,3,1,32.0,0,0,250,38,212,212,0.848,0,0.0,0,0.0,212,1.0,0,,,
36.0,16.0,3,1,48.0,0,0,250,38,212,212,0.848,0,0.0,0,0.0,212,1.0,0,,,
36.0,16.0,3,2,12.0,0,0,250,38,212,212,0.848,0,0.0,0,0.0,212,1.0,0,,,
36.0,16.0,3,2,18.0,0,0,250,38,212,212,0.848,0,0.0,0,0.0,212,1.0,0,,,
36.0,16.0,3,2,24.0,0,0,250,38,212,212,0.848,0,0.0,0,0.0,212,1.0,0,,,
36.0,16.0,3,2,32.0,0,0,250,38,212,212,0.848,0,0.0,0,0.0,212,1.0,0,,,
36.0,16.0,3,2,48.0,0,0,250,38,212,212,0.848,0,0.0,0,0.0,212,1.0,0,,,
36.0,18.0,2,0,12.0,0,0,250,38,212,212,0.848,0,0.0,0,0.0,212,1.0,0,,,
36.0,18.0,2,0,18.0,0,0,250,38,212,212,0.848,0,0.0,0,0.0,212,1.0,0,,,
36.0,18.0,2,0,24.0,0,0,250,38,212,212,0.848,0,0.0,0,0.0,212,1.0,0,,,
36.0,18.0,2,0,32.0,0,0,250,38,212,212,0.848,0,0.0,0,0.0,212,1.0,0,,,
36.0,18.0,2,0,48.0,0,0,250,38,212,212,0.848,0,0.0,0,0.0,212,1.0,0,,,
36.0,18.0,2,1,12.0,0,0,250,38,212,212,0.848,0,0.0,0,0.0,212,1.0,0,,,
36.0,18.0,2,1,18.0,0,0,250,38,212,212,0.848,0,0.0,0,0.0,212,1.0,0,,,
36.0,18.0,2,1,24.0,0,0,250,38,212,212,0.848,0,0.0,0,0.0,212,1.0,0,,,
36.0,18.0,2,1,32.0,0,0,250,38,212,212,0.848,0,0.0,0,0.0,212,1.0,0,,,
36.0,18.0,2,1,48.0,0,0,250,38,212,212,0.848,0,0.0,0,0.0,212,1.0,0,,,
36.0,18.0,2,2,12.0,0,0,250,38,212,212,0.848,0,0.0,0,0.0,212,1.0,0,,,
36.0,18.0,2,2,18.0,0,0,250,38,212,212,0.848,0,0.0,0,0.0,212,1.0,0,,,
36.0,18.0,2,2,24.0,0,0,250,38,212,212,0.848,0,0.0,0,0.0,212,1.0,0,,,
36.0,18.0,2,2,32.0,0,0,250,38,212,212,0.848,0,0.0,0,0.0,212,1.0,0,,,
36.0,18.0,2,2,48.0,0,0,250,38,212,212,0.848,0,0.0,0,0.0,212,1.0,0,,,
36.0,18.0,3,0,12.0,0,0,250,38,212,212,0.848,0,0.0,0,0.0,212,1.0,0,,,
36.0,18.0,3,0,18.0,0,0,250,38,212,212,0.848,0,0.0,0,0.0,212,1.0,0,,,
36.0,18.0,3,0,24.0,0,0,250,38,212,212,0.848,0,0.0,0,0.0,212,1.0,0,,,
36.0,18.0,3,0,32.0,0,0,250,38,212,212,0.848,0,0.0,0,0.0,212,1.0,0,,,
36.0,18.0,3,0,48.0,0,0,250,38,212,212,0.848,0,0.0,0,0.0,212,1.0,0,,,
36.0,18.0,3,1,12.0,0,0,250,38,212,212,0.848,0,0.0,0,0.0,212,1.0,0,,,
36.0,18.0,3,1,18.0,0,0,250,38,212,212,0.848,0,0.0,0,0.0,212,1.0,0,,,
36.0,18.0,3,1,24.0,0,0,250,38,212,212,0.848,0,0.0,0,0.0,212,1.0,0,,,
36.0,18.0,3,1,32.0,0,0,250,38,212,212,0.848,0,0.0,0,0.0,212,1.0,0,,,
36.0,18.0,3,1,48.0,0,0,250,38,212,212,0.848,0,0.0,0,0.0,212,1.0,0,,,
36.0,18.0,3,2,12.0,0,0,250,38,212,212,0.848,0,0.0,0,0.0,212,1.0,0,,,
36.0,18.0,3,2,18.0,0,0,250,38,212,212,0.848,0,0.0,0,0.0,212,1.0,0,,,
36.0,18.0,3,2,24.0,0,0,250,38,212,212,0.848,0,0.0,0,0.0,212,1.0,0,,,
36.0,18.0,3,2,32.0,0,0,250,38,212,212,0.848,0,0.0,0,0.0,212,1.0,0,,,
36.0,18.0,3,2,48.0,0,0,250,38,212,212,0.848,0,0.0,0,0.0,212,1.0,0,,,
36.0,20.0,2,0,12.0,0,0,250,38,212,212,0.848,0,0.0,0,0.0,212,1.0,0,,,
36.0,20.0,2,0,18.0,0,0,250,38,212,212,0.848,0,0.0,0,0.0,212,1.0,0,,,
36.0,20.0,2,0,24.0,0,0,250,38,212,212,0.848,0,0.0,0,0.0,212,1.0,0,,,
36.0,20.0,2,0,32.0,0,0,250,38,212,212,0.848,0,0.0,0,0.0,212,1.0,0,,,
36.0,20.0,2,0,48.0,0,0,250,38,212,212,0.848,0,0.0,0,0.0,212,1.0,0,,,
36.0,20.0,2,1,12.0,0,0,250,38,212,212,0.848,0,0.0,0,0.0,212,1.0,0,,,
36.0,20.0,2,1,18.0,0,0,250,38,212,212,0.848,0,0.0,0,0.0,212,1.0,0,,,
36.0,20.0,2,1,24.0,0,0,250,38,212,212,0.848,0,0.0,0,0.0,212,1.0,0,,,
36.0,20.0,2,1,32.0,0,0,250,38,212,212,0.848,0,0.0,0,0.0,212,1.0,0,,,
36.0,20.0,2,1,48.0,0,0,250,38,212,212,0.848,0,0.0,0,0.0,212,1.0,0,,,
36.0,20.0,2,2,12.0,0,0,250,38,212,212,0.848,0,0.0,0,0.0,212,1.0,0,,,
36.0,20.0,2,2,18.0,0,0,250,38,212,212,0.848,0,0.0,0,0.0,212,1.0,0,,,
36.0,20.0,2,2,24.0,0,0,250,38,212,212,0.848,0,0.0,0,0.0,212,1.0,0,,,
36.0,20.0,2,2,32.0,0,0,250,38,212,212,0.848,0,0.0,0,0.0,212,1.0,0,,,
36.0,20.0,2,2,48.0,0,0,250,38,212,212,0.848,0,0.0,0,0.0,212,1.0,0,,,
36.0,20.0,3,0,12.0,0,0,250,38,212,212,0.848,0,0.0,0,0.0,212,1.0,0,,,
36.0,20.0,3,0,18.0,0,0,250,38,212,212,0.848,0,0.0,0,0.0,212,1.0,0,,,
36.0,20.0,3,0,24.0,0,0,250,38,212,212,0.848,0,0.0,0,0.0,212,1.0,0,,,
36.0,20.0,3,0,32.0,0,0,250,38,212,212,0.848,0,0.0,0,0.0,212,1.0,0,,,
36.0,20.0,3,0,48.0,0,0,250,38,212,212,0.848,0,0.0,0,0.0,212,1.0,0,,,
36.0,20.0,3,1,12.0,0,0,250,38,212,212,0.848,0,0.0,0,0.0,212,1.0,0,,,
36.0,20.0,3,1,18.0,0,0,250,38,212,212,0.848,0,0.0,0,0.0,212,1.0,0,,,
36.0,20.0,3,1,24.0,0,0,250,38,212,212,0.848,0,0.0,0,0.0,212,1.0,0,,,
36.0,20.0,3,1,32.0,0,0,250,38,212,212,0.848,0,0.0,0,0.0,212,1.0,0,,,
36.0,20.0,3,1,48.0,0,0,250,38,212,212,0.848,0,0.0,0,0.0,212,1.0,0,,,
36.0,20.0,3,2,12.0,0,0,250,38,212,212,0.848,0,0.0,0,0.0,212,1.0,0,,,
36.0,20.0,3,2,18.0,0,0,250,38,212,212,0.848,0,0.0,0,0.0,212,1.0,0,,,
36.0,20.0,3,2,24.0,0,0,250,38,212,212,0.848,0,0.0,0,0.0,212,1.0,0,,,
36.0,20.0,3,2,32.0,0,0,250,38,212,212,0.848,0,0.0,0,0.0,212,1.0,0,,,
36.0,20.0,3,2,48.0,0,0,250,38,212,212,0.848,0,0.0,0,0.0,212,1.0,0,,,
36.0,22.0,2,0,12.0,0,0,250,38,212,212,0.848,0,0.0,0,0.0,212,1.0,0,,,
36.0,22.0,2,0,18.0,0,0,250,38,212,212,0.848,0,0.0,0,0.0,212,1.0,0,,,
36.0,22.0,2,0,24.0,0,0,250,38,212,212,0.848,0,0.0,0,0.0,212,1.0,0,,,
36.0,22.0,2,0,32.0,0,0,250,38,212,212,0.848,0,0.0,0,0.0,212,1.0,0,,,
36.0,22.0,2,0,48.0,0,0,250,38,212,212,0.848,0,0.0,0,0.0,212,1.0,0,,,
36.0,22.0,2,1,12.0,0,0,250,38,212,212,0.848,0,0.0,0,0.0,212,1.0,0,,,
36.0,22.0,2,1,18.0,0,0,250,38,212,212,0.848,0,0.0,0,0.0,212,1.0,0,,,
36.0,22.0,2,1,24.0,0,0,250,38,212,212,0.848,0,0.0,0,0.0,212,1.0,0,,,
36.0,22.0,2,1,32.0,0,0,250,38,212,212,0.848,0,0.0,0,0.0,212,1.0,0,,,
36.0,22.0,2,1,48.0,0,0,250,38,212,212,0.848,0,0.0,0,0.0,212,1.0,0,,,
36.0,22.0,2,2,12.0,0,0,250,38,212,212,0.848,0,0.0,0,0.0,212,1.0,0,,,
36.0,22.0,2,2,18.0,0,0,250,38,212,212,0.848,0,0.0,0,0.0,212,1.0,0,,,
36.0,22.0,2,2,24.0,0,0,250,38,212,212,0.848,0,0.0,0,0.0,212,1.0,0,,,
36.0,22.0,2,2,32.0,0,0,250,38,212,212,0.848,0,0.0,0,0.0,212,1.0,0,,,
36.0,22.0,2,2,48.0,0,0,250,38,212,212,0.848,0,0.0,0,0.0,212,1.0,0,,,
36.0,22.0,3,0,12.0,0,0,250,38,212,212,0.848,0,0.0,0,0.0,212,1.0,0,,,
36.0,22.0,3,0,18.0,0,0,250,38,212,212,0.848,0,0.0,0,0.0,212,1.0,0,,,
36.0,22.0,3,0,24.0,0,0,250,38,212,212,0.848,0,0.0,0,0.0,212,1.0,0,,,
36.0,22.0,3,0,32.0,0,0,250,38,212,212,0.848,0,0.0,0,0.0,212,1.0,0,,,
36.0,22.0,3,0,48.0,0,0,250,38,212,212,0.848,0,0.0,0,0.0,212,1.0,0,,,
36.0,22.0,3,1,12.0,0,0,250,38,212,212,0.848,0,0.0,0,0.0,212,1.0,0,,,
36.0,22.0,3,1,18.0,0,0,250,38,212,212,0.848,0,0.0,0,0.0,212,1.0,0,,,
36.0,22.0,3,1,24.0,0,0,250,38,212,212,0.848,0,0.0,0,0.0,212,1.0,0,,,
36.0,22.0,3,1,32.0,0,0,250,38,212,212,0.848,0,0.0,0,0.0,212,1.0,0,,,
36.0,22.0,3,1,48.0,0,0,250,38,212,212,0.848,0,0.0,0,0.0,212,1.0,0,,,
36.0,22.0,3,2,12.0,0,0,250,38,212,212,0.848,0,0.0,0,0.0,212,1.0,0,,,
36.0,22.0,3,2,18.0,0,0,250,38,212,212,0.848,0,0.0,0,0.0,212,1.0,0,,,
36.0,22.0,3,2,24.0,0,0,250,38,212,212,0.848,0,0.0,0,0.0,212,1.0,0,,,
36.0,22.0,3,2,32.0,0,0,250,38,212,212,0.848,0,0.0,0,0.0,212,1.0,0,,,
36.0,22.0,3,2,48.0,0,0,250,38,212,212,0.848,0,0.0,0,0.0,212,1.0,0,,,
36.0,24.0,2,0,12.0,0,0,250,38,212,212,0.848,0,0.0,0,0.0,212,1.0,0,,,
36.0,24.0,2,0,18.0,0,0,250,38,212,212,0.848,0,0.0,0,0.0,212,1.0,0,,,
36.0,24.0,2,0,24.0,0,0,250,38,212,212,0.848,0,0.0,0,0.0,212,1.0,0,,,
36.0,24.0,2,0,32.0,0,0,250,38,212,212,0.848,0,0.0,0,0.0,212,1.0,0,,,
36.0,24.0,2,0,48.0,0,0,250,38,212,212,0.848,0,0.0,0,0.0,212,1.0,0,,,
36.0,24.0,2,1,12.0,0,0,250,38,212,212,0.848,0,0.0,0,0.0,212,1.0,0,,,
36.0,24.0,2,1,18.0,0,0,250,38,212,212,0.848,0,0.0,0,0.0,212,1.0,0,,,
36.0,24.0,2,1,24.0,0,0,250,38,212,212,0.848,0,0.0,0,0.0,212,1.0,0,,,
36.0,24.0,2,1,32.0,0,0,250,38,212,212,0.848,0,0.0,0,0.0,212,1.0,0,,,
36.0,24.0,2,1,48.0,0,0,250,38,212,212,0.848,0,0.0,0,0.0,212,1.0,0,,,
36.0,24.0,2,2,12.0,0,0,250,38,212,212,0.848,0,0.0,0,0.0,212,1.0,0,,,
36.0,24.0,2,2,18.0,0,0,250,38,212,212,0.848,0,0.0,0,0.0,212,1.0,0,,,
36.0,24.0,2,2,24.0,0,0,250,38,212,212,0.848,0,0.0,0,0.0,212,1.0,0,,,
36.0,24.0,2,2,32.0,0,0,250,38,212,212,0.848,0,0.0,0,0.0,212,1.0,0,,,
36.0,24.0,2,2,48.0,0,0,250,38,212,212,0.848,0,0.0,0,0.0,212,1.0,0,,,
36.0,24.0,3,0,12.0,0,0,250,38,212,212,0.848,0,0.0,0,0.0,212,1.0,0,,,
36.0,24.0,3,0,18.0,0,0,250,38,212,212,0.848,0,0.0,0,0.0,212,1.0,0,,,
36.0,24.0,3,0,24.0,0,0,250,38,212,212,0.848,0,0.0,0,0.0,212,1.0,0,,,
36.0,24.0,3,0,32.0,0,0,250,38,212,212,0.848,0,0.0,0,0.0,212,1.0,0,,,
36.0,24.0,3,0,48.0,0,0,250,38,212,212,0.848,0,0.0,0,0.0,212,1.0,0,,,
36.0,24.0,3,1,12.0,0,0,250,38,212,212,0.848,0,0.0,0,0.0,212,1.0,0,,,
36.0,24.0,3,1,18.0,0,0,250,38,212,212,0.848,0,0.0,0,0.0,212,1.0,0,,,
36.0,24.0,3,1,24.0,0,0,250,38,212,212,0.848,0,0.0,0,0.0,212,1.0,0,,,
36.0,24.0,3,1,32.0,0,0,250,38,212,212,0.848,0,0.0,0,0.0,212,1.0,0,,,
36.0,24.0,3,1,48.0,0,0,250,38,212,212,0.848,0,0.0,0,0.0,212,1.0,0,,,
36.0,24.0,3,2,12.0,0,0,250,38,212,212,0.848,0,0.0,0,0.0,212,1.0,0,,,
36.0,24.0,3,2,18.0,0,0,250,38,212,212,0.848,0,0.0,0,0.0,212,1.0,0,,,
36.0,24.0,3,2,24.0,0,0,250,38,212,212,0.848,0,0.0,0,0.0,212,1.0,0,,,
36.0,24.0,3,2,32.0,0,0,250,38,212,212,0.848,0,0.0,0,0.0,212,1.0,0,,,
36.0,24.0,3,2,48.0,0,0,250,38,212,212,0.848,0,0.0,0,0.0,212,1.0,0,,,
36.0,26.0,2,0,12.0,0,0,250,38,212,212,0.848,0,0.0,0,0.0,212,1.0,0,,,
36.0,26.0,2,0,18.0,0,0,250,38,212,212,0.848,0,0.0,0,0.0,212,1.0,0,,,
36.0,26.0,2,0,24.0,0,0,250,38,212,212,0.848,0,0.0,0,0.0,212,1.0,0,,,
36.0,26.0,2,0,32.0,0,0,250,38,212,212,0.848,0,0.0,0,0.0,212,1.0,0,,,
36.0,26.0,2,0,48.0,0,0,250,38,212,212,0.848,0,0.0,0,0.0,212,1.0,0,,,
36.0,26.0,2,1,12.0,0,0,250,38,212,212,0.848,0,0.0,0,0.0,212,1.0,0,,,
36.0,26.0,2,1,18.0,0,0,250,38,212,212,0.848,0,0.0,0,0.0,212,1.0,0,,,
36.0,26.0,2,1,24.0,0,0,250,38,212,212,0.848,0,0.0,0,0.0,212,1.0,0,,,
36.0,26.0,2,1,32.0,0,0,250,38,212,212,0.848,0,0.0,0,0.0,212,1.0,0,,,
36.0,26.0,2,1,48.0,0,0,250,38,212,212,0.848,0,0.0,0,0.0,212,1.0,0,,,
36.0,26.0,2,2,12.0,0,0,250,38,212,212,0.848,0,0.0,0,0.0,212,1.0,0,,,
36.0,26.0,2,2,18.0,0,0,250,38,212,212,0.848,0,0.0,0,0.0,212,1.0,0,,,
36.0,26.0,2,2,24.0,0,0,250,38,212,212,0.848,0,0.0,0,0.0,212,1.0,0,,,
36.0,26.0,2,2,32.0,0,0,250,38,212,212,0.848,0,0.0,0,0.0,212,1.0,0,,,
36.0,26.0,2,2,48.0,0,0,250,38,212,212,0.848,0,0.0,0,0.0,212,1.0,0,,,
36.0,26.0,3,0,12.0,0,0,250,38,212,212,0.848,0,0.0,0,0.0,212,1.0,0,,,
36.0,26.0,3,0,18.0,0,0,250,38,212,212,0.848,0,0.0,0,0.0,212,1.0,0,,,
36.0,26.0,3,0,24.0,0,0,250,38,212,212,0.848,0,0.0,0,0.0,212,1.0,0,,,
36.0,26.0,3,0,32.0,0,0,250,38,212,212,0.848,0,0.0,0,0.0,212,1.0,0,,,
36.0,26.0,3,0,48.0,0,0,250,38,212,212,0.848,0,0.0,0,0.0,212,1.0,0,,,
36.0,26.0,3,1,12.0,0,0,250,38,212,212,0.848,0,0.0,0,0.0,212,1.0,0,,,
36.0,26.0,3,1,18.0,0,0,250,38,212,212,0.848,0,0.0,0,0.0,212,1.0,0,,,
36.0,26.0,3,1,24.0,0,0,250,38,212,212,0.848,0,0.0,0,0.0,212,1.0,0,,,
36.0,26.0,3,1,32.0,0,0,250,38,212,212,0.848,0,0.0,0,0.0,212,1.0,0,,,
36.0,26.0,3,1,48.0,0,0,250,38,212,212,0.848,0,0.0,0,0.0,212,1.0,0,,,
36.0,26.0,3,2,12.0,0,0,250,38,212,212,0.848,0,0.0,0,0.0,212,1.0,0,,,
36.0,26.0,3,2,18.0,0,0,250,38,212,212,0.848,0,0.0,0,0.0,212,1.0,0,,,
36.0,26.0,3,2,24.0,0,0,250,38,212,212,0.848,0,0.0,0,0.0,212,1.0,0,,,
36.0,26.0,3,2,32.0,0,0,250,38,212,212,0.848,0,0.0,0,0.0,212,1.0,0,,,
36.0,26.0,3,2,48.0,0,0,250,38,212,212,0.848,0,0.0,0,0.0,212,1.0,0,,,
36.0,28.0,2,0,12.0,0,0,250,38,212,212,0.848,0,0.0,0,0.0,212,1.0,0,,,
36.0,28.0,2,0,18.0,0,0,250,38,212,212,0.848,0,0.0,0,0.0,212,1.0,0,,,
36.0,28.0,2,0,24.0,0,0,250,38,212,212,0.848,0,0.0,0,0.0,212,1.0,0,,,
36.0,28.0,2,0,32.0,0,0,250,38,212,212,0.848,0,0.0,0,0.0,212,1.0,0,,,
36.0,28.0,2,0,48.0,0,0,250,38,212,212,0.848,0,0.0,0,0.0,212,1.0,0,,,
36.0,28.0,2,1,12.0,0,0,250,38,212,212,0.848,0,0.0,0,0.0,212,1.0,0,,,
36.0,28.0,2,1,18.0,0,0,250,38,212,212,0.848,0,0.0,0,0.0,212,1.0,0,,,
36.0,28.0,2,1,24.0,0,0,250,38,212,212,0.848,0,0.0,0,0.0,212,1.0,0,,,
36.0,28.0,2,1,32.0,0,0,250,38,212,212,0.848,0,0.0,0,0.0,212,1.0,0,,,
36.0,28.0,2,1,48.0,0,0,250,38,212,212,0.848,0,0.0,0,0.0,212,1.0,0,,,
36.0,28.0,2,2,12.0,0,0,250,38,212,212,0.848,0,0.0,0,0.0,212,1.0,0,,,
36.0,28.0,2,2,18.0,0,0,250,38,212,212,0.848,0,0.0,0,0.0,212,1.0,0,,,
36.0,28.0,2,2,24.0,0,0,250,38,212,212,0.848,0,0.0,0,0.0,212,1.0,0,,,
36.0,28.0,2,2,32.0,0,0,250,38,212,212,0.848,0,0.0,0,0.0,212,1.0,0,,,
36.0,28.0,2,2,48.0,0,0,250,38,212,212,0.848,0,0.0,0,0.0,212,1.0,0,,,
36.0,28.0,3,0,12.0,0,0,250,38,212,212,0.848,0,0.0,0,0.0,212,1.0,0,,,
36.0,28.0,3,0,18.0,0,0,250,38,212,212,0.848,0,0.0,0,0.0,212,1.0,0,,,
36.0,28.0,3,0,24.0,0,0,250,38,212,212,0.848,0,0.0,0,0.0,212,1.0,0,,,
36.0,28.0,3,0,32.0,0,0,250,38,212,212,0.848,0,0.0,0,0.0,212,1.0,0,,,
36.0,28.0,3,0,48.0,0,0,250,38,212,212,0.848,0,0.0,0,0.0,212,1.0,0,,,
36.0,28.0,3,1,12.0,0,0,250,38,212,212,0.848,0,0.0,0,0.0,212,1.0,0,,,
36.0,28.0,3,1,18.0,0,0,250,38,212,212,0.848,0,0.0,0,0.0,212,1.0,0,,,
36.0,28.0,3,1,24.0,0,0,250,38,212,212,0.848,0,0.0,0,0.0,212,1.0,0,,,
36.0,28.0,3,1,32.0,0,0,250,38,212,212,0.848,0,0.0,0,0.0,212,1.0,0,,,
36.0,28.0,3,1,48.0,0,0,250,38,212,212,0.848,0,0.0,0,0.0,212,1.0,0,,,
36.0,28.0,3,2,12.0,0,0,250,38,212,212,0.848,0,0.0,0,0.0,212,1.0,0,,,
36.0,28.0,3,2,18.0,0,0,250,38,212,212,0.848,0,0.0,0,0.0,212,1.0,0,,,
36.0,28.0,3,2,24.0,0,0,250,38,212,212,0.848,0,0.0,0,0.0,212,1.0,0,,,
36.0,28.0,3,2,32.0,0,0,250,38,212,212,0.848,0,0.0,0,0.0,212,1.0,0,,,
36.0,28.0,3,2,48.0,0,0,250,38,212,212,0.848,0,0.0,0,0.0,212,1.0,0,,,
36.0,30.0,2,0,12.0,0,0,250,38,212,212,0.848,0,0.0,0,0.0,212,1.0,0,,,
36.0,30.0,2,0,18.0,0,0,250,38,212,212,0.848,0,0.0,0,0.0,212,1.0,0,,,
36.0,30.0,2,0,24.0,0,0,250,38,212,212,0.848,0,0.0,0,0.0,212,1.0,0,,,
36.0,30.0,2,0,32.0,0,0,250,38,212,212,0.848,0,0.0,0,0.0,212,1.0,0,,,
36.0,30.0,2,0,48.0,0,0,250,38,212,212,0.848,0,0.0,0,0.0,212,1.0,0,,,
36.0,30.0,2,1,12.0,0,0,250,38,212,212,0.848,0,0.0,0,0.0,212,1.0,0,,,
36.0,30.0,2,1,18.0,0,0,250,38,212,212,0.848,0,0.0,0,0.0,212,1.0,0,,,
36.0,30.0,2,1,24.0,0,0,250,38,212,212,0.848,0,0.0,0,0.0,212,1.0,0,,,
36.0,30.0,2,1,32.0,0,0,250,38,212,212,0.848,0,0.0,0,0.0,212,1.0,0,,,
36.0,30.0,2,1,48.0,0,0,250,38,212,212,0.848,0,0.0,0,0.0,212,1.0,0,,,
36.0,30.0,2,2,12.0,0,0,250,38,212,212,0.848,0,0.0,0,0.0,212,1.0,0,,,
36.0,30.0,2,2,18.0,0,0,250,38,212,212,0.848,0,0.0,0,0.0,212,1.0,0,,,
36.0,30.0,2,2,24.0,0,0,250,38,212,212,0.848,0,0.0,0,0.0,212,1.0,0,,,
36.0,30.0,2,2,32.0,0,0,250,38,212,212,0.848,0,0.0,0,0.0,212,1.0,0,,,
36.0,30.0,2,2,48.0,0,0,250,38,212,212,0.848,0,0.0,0,0.0,212,1.0,0,,,
36.0,30.0,3,0,12.0,0,0,250,38,212,212,0.848,0,0.0,0,0.0,212,1.0,0,,,
36.0,30.0,3,0,18.0,0,0,250,38,212,212,0.848,0,0.0,0,0.0,212,1.0,0,,,
36.0,30.0,3,0,24.0,0,0,250,38,212,212,0.848,0,0.0,0,0.0,212,1.0,0,,,
36.0,30.0,3,0,32.0,0,0,250,38,212,212,0.848,0,0.0,0,0.0,212,1.0,0,,,
36.0,30.0,3,0,48.0,0,0,250,38,212,212,0.848,0,0.0,0,0.0,212,1.0,0,,,
36.0,30.0,3,1,12.0,0,0,250,38,212,212,0.848,0,0.0,0,0.0,212,1.0,0,,,
36.0,30.0,3,1,18.0,0,0,250,38,212,212,0.848,0,0.0,0,0.0,212,1.0,0,,,
36.0,30.0,3,1,24.0,0,0,250,38,212,212,0.848,0,0.0,0,0.0,212,1.0,0,,,
36.0,30.0,3,1,32.0,0,0,250,38,212,212,0.848,0,0.0,0,0.0,212,1.0,0,,,
36.0,30.0,3,1,48.0,0,0,250,38,212,212,0.848,0,0.0,0,0.0,212,1.0,0,,,
36.0,30.0,3,2,12.0,0,0,250,38,212,212,0.848,0,0.0,0,0.0,212,1.0,0,,,
36.0,30.0,3,2,18.0,0,0,250,38,212,212,0.848,0,0.0,0,0.0,212,1.0,0,,,
36.0,30.0,3,2,24.0,0,0,250,38,212,212,0.848,0,0.0,0,0.0,212,1.0,0,,,
36.0,30.0,3,2,32.0,0,0,250,38,212,212,0.848,0,0.0,0,0.0,212,1.0,0,,,
36.0,30.0,3,2,48.0,0,0,250,38,212,212,0.848,0,0.0,0,0.0,212,1.0,0,,,
40.0,6.0,1,0,12.0,0,0,250,38,212,212,0.848,0,0.0,0,0.0,212,1.0,0,,,
40.0,6.0,1,0,18.0,0,0,250,38,212,212,0.848,0,0.0,0,0.0,212,1.0,0,,,
40.0,6.0,1,0,24.0,0,0,250,38,212,212,0.848,0,0.0,0,0.0,212,1.0,0,,,
40.0,6.0,1,0,32.0,0,0,250,38,212,212,0.848,0,0.0,0,0.0,212,1.0,0,,,
40.0,6.0,1,0,48.0,0,0,250,38,212,212,0.848,0,0.0,0,0.0,212,1.0,0,,,
40.0,6.0,1,1,12.0,0,0,250,38,212,212,0.848,0,0.0,0,0.0,212,1.0,0,,,
40.0,6.0,1,1,18.0,0,0,250,38,212,212,0.848,0,0.0,0,0.0,212,1.0,0,,,
40.0,6.0,1,1,24.0,0,0,250,38,212,212,0.848,0,0.0,0,0.0,212,1.0,0,,,
40.0,6.0,1,1,32.0,0,0,250,38,212,212,0.848,0,0.0,0,0.0,212,1.0,0,,,
40.0,6.0,1,1,48.0,0,0,250,38,212,212,0.848,0,0.0,0,0.0,212,1.0,0,,,
40.0,6.0,1,2,12.0,0,0,250,38,212,212,0.848,0,0.0,0,0.0,212,1.0,0,,,
40.0,6.0,1,2,18.0,0,0,250,38,212,212,0.848,0,0.0,0,0.0,212,1.0,0,,,
40.0,6.0,1,2,24.0,0,0,250,38,212,212,0.848,0,0.0,0,0.0,212,1.0,0,,,
40.0,6.0,1,2,32.0,0,0,250,38,212,212,0.848,0,0.0,0,0.0,212,1.0,0,,,
40.0,6.0,1,2,48.0,0,0,250,38,212,212,0.848,0,0.0,0,0.0,212,1.0,0,,,
40.0,6.0,2,0,12.0,0,0,250,38,212,212,0.848,0,0.0,0,0.0,212,1.0,0,,,
40.0,6.0,2,0,18.0,0,0,250,38,212,212,0.848,0,0.0,0,0.0,212,1.0,0,,,
40.0,6.0,2,0,24.0,0,0,250,38,212,212,0.848,0,0.0,0,0.0,212,1.0,0,,,
40.0,6.0,2,0,32.0,0,0,250,38,212,212,0.848,0,0.0,0,0.0,212,1.0,0,,,
40.0,6.0,2,0,48.0,0,0,250,38,212,212,0.848,0,0.0,0,0.0,212,1.0,0,,,
40.0,6.0,2,1,12.0,0,0,250,38,212,212,0.848,0,0.0,0,0.0,212,1.0,0,,,
40.0,6.0,2,1,18.0,0,0,250,38,212,212,0.848,0,0.0,0,0.0,212,1.0,0,,,
40.0,6.0,2,1,24.0,0,0,250,38,212,212,0.848,0,0.0,0,0.0,212,1.0,0,,,
40.0,6.0,2,1,32.0,0,0,250,38,212,212,0.848,0,0.0,0,0.0,212,1.0,0,,,
40.0,6.0,2,1,48.0,0,0,250,38,212,212,0.848,0,0.0,0,0.0,212,1.0,0,,,
40.0,6.0,2,2,12.0,0,0,250,38,212,212,0.848,0,0.0,0,0.0,212,1.0,0,,,
40.0,6.0,2,2,18.0,0,0,250,38,212,212,0.848,0,0.0,0,0.0,212,1.0,0,,,
40.0,6.0,2,2,24.0,0,0,250,38,212,212,0.848,0,0.0,0,0.0,212,1.0,0,,,
40.0,6.0,2,2,32.0,0,0,250,38,212,212,0.848,0,0.0,0,0.0,212,1.0,0,,,
40.0,6.0,2,2,48.0,0,0,250,38,212,212,0.848,0,0.0,0,0.0,212,1.0,0,,,
40.0,6.0,3,0,12.0,0,0,250,38,212,212,0.848,0,0.0,0,0.0,212,1.0,0,,,
40.0,6.0,3,0,18.0,0,0,250,38,212,212,0.848,0,0.0,0,0.0,212,1.0,0,,,
40.0,6.0,3,0,24.0,0,0,250,38,212,212,0.848,0,0.0,0,0.0,212,1.0,0,,,
40.0,6.0,3,0,32.0,0,0,250,38,212,212,0.848,0,0.0,0,0.0,212,1.0,0,,,
40.0,6.0,3,0,48.0,0,0,250,38,212,212,0.848,0,0.0,0,0.0,212,1.0,0,,,
40.0,6.0,3,1,12.0,0,0,250,38,212,212,0.848,0,0.0,0,0.0,212,1.0,0,,,
40.0,6.0,3,1,18.0,0,0,250,38,212,212,0.848,0,0.0,0,0.0,212,1.0,0,,,
40.0,6.0,3,1,24.0,0,0,250,38,212,212,0.848,0,0.0,0,0.0,212,1.0,0,,,
40.0,6.0,3,1,32.0,0,0,250,38,212,212,0.848,0,0.0,0,0.0,212,1.0,0,,,
40.0,6.0,3,1,48.0,0,0,250,38,212,212,0.848,0,0.0,0,0.0,212,1.0,0,,,
40.0,6.0,3,2,12.0,0,0,250,38,212,212,0.848,0,0.0,0,0.0,212,1.0,0,,,
40.0,6.0,3,2,18.0,0,0,250,38,212,212,0.848,0,0.0,0,0.0,212,1.0,0,,,
40.0,6.0,3,2,24.0,0,0,250,38,212,212,0.848,0,0.0,0,0.0,212,1.0,0,,,
40.0,6.0,3,2,32.0,0,0,250,38,212,212,0.848,0,0.0,0,0.0,212,1.0,0,,,
40.0,6.0,3,2,48.0,0,0,250,38,212,212,0.848,0,0.0,0,0.0,212,1.0,0,,,
40.0,8.0,1,0,12.0,0,0,250,38,212,212,0.848,0,0.0,0,0.0,212,1.0,0,,,
40.0,8.0,1,0,18.0,0,0,250,38,212,212,0.848,0,0.0,0,0.0,212,1.0,0,,,
40.0,8.0,1,0,24.0,0,0,250,38,212,212,0.848,0,0.0,0,0.0,212,1.0,0,,,
40.0,8.0,1,0,32.0,0,0,250,38,212,212,0.848,0,0.0,0,0.0,212,1.0,0,,,
40.0,8.0,1,0,48.0,0,0,250,38,212,212,0.848,0,0.0,0,0.0,212,1.0,0,,,
40.0,8.0,1,1,12.0,0,0,250,38,212,212,0.848,0,0.0,0,0.0,212,1.0,0,,,
40.0,8.0,1,1,18.0,0,0,250,38,212,212,0.848,0,0.0,0,0.0,212,1.0,0,,,
40.0,8.0,1,1,24.0,0,0,250,38,212,212,0.848,0,0.0,0,0.0,212,1.0,0,,,
40.0,8.0,1,1,32.0,0,0,250,38,212,212,0.848,0,0.0,0,0.0,212,1.0,0,,,
40.0,8.0,1,1,48.0,0,0,250,38,212,212,0.848,0,0.0,0,0.0,212,1.0,0,,,
40.0,8.0,1,2,12.0,0,0,250,38,212,212,0.848,0,0.0,0,0.0,212,1.0,0,,,
40.0,8.0,1,2,18.0,0,0,250,38,212,212,0.848,0,0.0,0,0.0,212,1.0,0,,,
40.0,8.0,1,2,24.0,0,0,250,38,212,212,0.848,0,0.0,0,0.0,212,1.0,0,,,
40.0,8.0,1,2,32.0,0,0,250,38,212,212,0.848,0,0.0,0,0.0,212,1.0,0,,,
40.0,8.0,1,2,48.0,0,0,250,38,212,212,0.848,0,0.0,0,0.0,212,1.0,0,,,
40.0,8.0,2,0,12.0,0,0,250,38,212,212,0.848,0,0.0,0,0.0,212,1.0,0,,,
40.0,8.0,2,0,18.0,0,0,250,38,212,212,0.848,0,0.0,0,0.0,212,1.0,0,,,
40.0,8.0,2,0,24.0,0,0,250,38,212,212,0.848,0,0.0,0,0.0,212,1.0,0,,,
40.0,8.0,2,0,32.0,0,0,250,38,212,212,0.848,0,0.0,0,0.0,212,1.0,0,,,
40.0,8.0,2,0,48.0,0,0,250,38,212,212,0.848,0,0.0,0,0.0,212,1.0,0,,,
40.0,8.0,2,1,12.0,0,0,250,38,212,212,0.848,0,0.0,0,0.0,212,1.0,0,,,
40.0,8.0,2,1,18.0,0,0,250,38,212,212,0.848,0,0.0,0,0.0,212,1.0,0,,,
40.0,8.0,2,1,24.0,0,0,250,38,212,212,0.848,0,0.0,0,0.0,212,1.0,0,,,
40.0,8.0,2,1,32.0,0,0,250,38,212,212,0.848,0,0.0,0,0.0,212,1.0,0,,,
40.0,8.0,2,1,48.0,0,0,250,38,212,212,0.848,0,0.0,0,0.0,212,1.0,0,,,
40.0,8.0,2,2,12.0,0,0,250,38,212,212,0.848,0,0.0,0,0.0,212,1.0,0,,,
40.0,8.0,2,2,18.0,0,0,250,38,212,212,0.848,0,0.0,0,0.0,212,1.0,0,,,
40.0,8.0,2,2,24.0,0,0,250,38,212,212,0.848,0,0.0,0,0.0,212,1.0,0,,,
40.0,8.0,2,2,32.0,0,0,250,38,212,212,0.848,0,0.0,0,0.0,212,1.0,0,,,
40.0,8.0,2,2,48.0,0,0,250,38,212,212,0.848,0,0.0,0,0.0,212,1.0,0,,,
40.0,8.0,3,0,12.0,0,0,250,38,212,212,0.848,0,0.0,0,0.0,212,1.0,0,,,
40.0,8.0,3,0,18.0,0,0,250,38,212,212,0.848,0,0.0,0,0.0,212,1.0,0,,,
40.0,8.0,3,0,24.0,0,0,250,38,212,212,0.848,0,0.0,0,0.0,212,1.0,0,,,
40.0,8.0,3,0,32.0,0,0,250,38,212,212,0.848,0,0.0,0,0.0,212,1.0,0,,,
40.0,8.0,3,0,48.0,0,0,250,38,212,212,0.848,0,0.0,0,0.0,212,1.0,0,,,
40.0,8.0,3,1,12.0,0,0,250,38,212,212,0.848,0,0.0,0,0.0,212,1.0,0,,,
40.0,8.0,3,1,18.0,0,0,250,38,212,212,0.848,0,0.0,0,0.0,212,1.0,0,,,
40.0,8.0,3,1,24.0,0,0,250,38,212,212,0.848,0,0.0,0,0.0,212,1.0,0,,,
40.0,8.0,3,1,32.0,0,0,250,38,212,212,0.848,0,0.0,0,0.0,212,1.0,0,,,
40.0,8.0,3,1,48.0,0,0,250,38,212,212,0.848,0,0.0,0,0.0,212,1.0,0,,,
40.0,8.0,3,2,12.0,0,0,250,38,212,212,0.848,0,0.0,0,0.0,212,1.0,0,,,
40.0,8.0,3,2,18.0,0,0,250,38,212,212,0.848,0,0.0,0,0.0,212,1.0,0,,,
40.0,8.0,3,2,24.0,0,0,250,38,212,212,0.848,0,0.0,0,0.0,212,1.0,0,,,
40.0,8.0,3,2,32.0,0,0,250,38,212,212,0.848,0,0.0,0,0.0,212,1.0,0,,,
40.0,8.0,3,2,48.0,0,0,250,38,212,212,0.848,0,0.0,0,0.0,212,1.0,0,,,
40.0,10.0,1,0,12.0,0,0,250,38,212,212,0.848,0,0.0,0,0.0,212,1.0,0,,,
40.0,10.0,1,0,18.0,0,0,250,38,212,212,0.848,0,0.0,0,0.0,212,1.0,0,,,
40.0,10.0,1,0,24.0,0,0,250,38,212,212,0.848,0,0.0,0,0.0,212,1.0,0,,,
40.0,10.0,1,0,32.0,0,0,250,38,212,212,0.848,0,0.0,0,0.0,212,1.0,0,,,
40.0,10.0,1,0,48.0,0,0,250,38,212,212,0.848,0,0.0,0,0.0,212,1.0,0,,,
40.0,10.0,1,1,12.0,0,0,250,38,212,212,0.848,0,0.0,0,0.0,212,1.0,0,,,
40.0,10.0,1,1,18.0,0,0,250,38,212,212,0.848,0,0.0,0,0.0,212,1.0,0,,,
40.0,10.0,1,1,24.0,0,0,250,38,212,212,0.848,0,0.0,0,0.0,212,1.0,0,,,
40.0,10.0,1,1,32.0,0,0,250,38,212,212,0.848,0,0.0,0,0.0,212,1.0,0,,,
40.0,10.0,1,1,48.0,0,0,250,38,212,212,0.848,0,0.0,0,0.0,212,1.0,0,,,
40.0,10.0,1,2,12.0,0,0,250,38,212,212,0.848,0,0.0,0,0.0,212,1.0,0,,,
40.0,10.0,1,2,18.0,0,0,250,38,212,212,0.848,0,0.0,0,0.0,212,1.0,0,,,
40.0,10.0,1,2,24.0,0,0,250,38,212,212,0.848,0,0.0,0,0.0,212,1.0,0,,,
40.0,10.0,1,2,32.0,0,0,250,38,212,212,0.848,0,0.0,0,0.0,212,1.0,0,,,
40.0,10.0,1,2,48.0,0,0,250,38,212,212,0.848,0,0.0,0,0.0,212,1.0,0,,,
40.0,10.0,2,0,12.0,0,0,250,38,212,212,0.848,0,0.0,0,0.0,212,1.0,0,,,
40.0,10.0,2,0,18.0,0,0,250,38,212,212,0.848,0,0.0,0,0.0,212,1.0,0,,,
40.0,10.0,2,0,24.0,0,0,250,38,212,212,0.848,0,0.0,0,0.0,212,1.0,0,,,
40.0,10.0,2,0,32.0,0,0,250,38,212,212,0.848,0,0.0,0,0.0,212,1.0,0,,,
40.0,10.0,2,0,48.0,0,0,250,38,212,212,0.848,0,0.0,0,0.0,212,1.0,0,,,
40.0,10.0,2,1,12.0,0,0,250,38,212,212,0.848,0,0.0,0,0.0,212,1.0,0,,,
40.0,10.0,2,1,18.0,0,0,250,38,212,212,0.848,0,0.0,0,0.0,212,1.0,0,,,
40.0,10.0,2,1,24.0,0,0,250,38,212,212,0.848,0,0.0,0,0.0,212,1.0,0,,,
40.0,10.0,2,1,32.0,0,0,250,38,212,212,0.848,0,0.0,0,0.0,212,1.0,0,,,
40.0,10.0,2,1,48.0,0,0,250,38,212,212,0.848,0,0.0,0,0.0,212,1.0,0,,,
40.0,10.0,2,2,12.0,0,0,250,38,212,212,0.848,0,0.0,0,0.0,212,1.0,0,,,
40.0,10.0,2,2,18.0,0,0,250,38,212,212,0.848,0,0.0,0,0.0,212,1.0,0,,,
40.0,10.0,2,2,24.0,0,0,250,38,212,212,0.848,0,0.0,0,0.0,212,1.0,0,,,
40.0,10.0,2,2,32.0,0,0,250,38,212,212,0.848,0,0.0,0,0.0,212,1.0,0,,,
40.0,10.0,2,2,48.0,0,0,250,38,212,212,0.848,0,0.0,0,0.0,212,1.0,0,,,
40.0,10.0,3,0,12.0,0,0,250,38,212,212,0.848,0,0.0,0,0.0,212,1.0,0,,,
40.0,10.0,3,0,18.0,0,0,250,38,212,212,0.848,0,0.0,0,0.0,212,1.0,0,,,
40.0,10.0,3,0,24.0,0,0,250,38,212,212,0.848,0,0.0,0,0.0,212,1.0,0,,,
40.0,10.0,3,0,32.0,0,0,250,38,212,212,0.848,0,0.0,0,0.0,212,1.0,0,,,
40.0,10.0,3,0,48.0,0,0,250,38,212,212,0.848,0,0.0,0,0.0,212,1.0,0,,,
40.0,10.0,3,1,12.0,0,0,250,38,212,212,0.848,0,0.0,0,0.0,212,1.0,0,,,
40.0,10.0,3,1,18.0,0,0,250,38,212,212,0.848,0,0.0,0,0.0,212,1.0,0,,,
40.0,10.0,3,1,24.0,0,0,250,38,212,212,0.848,0,0.0,0,0.0,212,1.0,0,,,
40.0,10.0,3,1,32.0,0,0,250,38,212,212,0.848,0,0.0,0,0.0,212,1.0,0,,,
40.0,10.0,3,1,48.0,0,0,250,38,212,212,0.848,0,0.0,0,0.0,212,1.0,0,,,
40.0,10.0,3,2,12.0,0,0,250,38,212,212,0.848,0,0.0,0,0.0,212,1.0,0,,,
40.0,10.0,3,2,18.0,0,0,250,38,212,212,0.848,0,0.0,0,0.0,212,1.0,0,,,
40.0,10.0,3,2,24.0,0,0,250,38,212,212,0.848,0,0.0,0,0.0,212,1.0,0,,,
40.0,10.0,3,2,32.0,0,0,250,38,212,212,0.848,0,0.0,0,0.0,212,1.0,0,,,
40.0,10.0,3,2,48.0,0,0,250,38,212,212,0.848,0,0.0,0,0.0,212,1.0,0,,,
40.0,12.0,1,0,12.0,0,0,250,38,212,212,0.848,0,0.0,0,0.0,212,1.0,0,,,
40.0,12.0,1,0,18.0,0,0,250,38,212,212,0.848,0,0.0,0,0.0,212,1.0,0,,,
40.0,12.0,1,0,24.0,0,0,250,38,212,212,0.848,0,0.0,0,0.0,212,1.0,0,,,
40.0,12.0,1,0,32.0,0,0,250,38,212,212,0.848,0,0.0,0,0.0,212,1.0,0,,,
40.0,12.0,1,0,48.0,0,0,250,38,212,212,0.848,0,0.0,0,0.0,212,1.0,0,,,
40.0,12.0,1,1,12.0,0,0,250,38,212,212,0.848,0,0.0,0,0.0,212,1.0,0,,,
40.0,12.0,1,1,18.0,0,0,250,38,212,212,0.848,0,0.0,0,0.0,212,1.0,0,,,
40.0,12.0,1,1,24.0,0,0,250,38,212,212,0.848,0,0.0,0,0.0,212,1.0,0,,,
40.0,12.0,1,1,32.0,0,0,250,38,212,212,0.848,0,0.0,0,0.0,212,1.0,0,,,
40.0,12.0,1,1,48.0,0,0,250,38,212,212,0.848,0,0.0,0,0.0,212,1.0,0,,,
40.0,12.0,1,2,12.0,0,0,250,38,212,212,0.848,0,0.0,0,0.0,212,1.0,0,,,
40.0,12.0,1,2,18.0,0,0,250,38,212,212,0.848,0,0.0,0,0.0,212,1.0,0,,,
40.0,12.0,1,2,24.0,0,0,250,38,212,212,0.848,0,0.0,0,0.0,212,1.0,0,,,
40.0,12.0,1,2,32.0,0,0,250,38,212,212,0.848,0,0.0,0,0.0,212,1.0,0,,,
40.0,12.0,1,2,48.0,0,0,250,38,212,212,0.848,0,0.0,0,0.0,212,1.0,0,,,
40.0,12.0,2,0,12.0,0,0,250,38,212,212,0.848,0,0.0,0,0.0,212,1.0,0,,,
40.0,12.0,2,0,18.0,0,0,250,38,212,212,0.848,0,0.0,0,0.0,212,1.0,0,,,
40.0,12.0,2,0,24.0,0,0,250,38,212,212,0.848,0,0.0,0,0.0,212,1.0,0,,,
40.0,12.0,2,0,32.0,0,0,250,38,212,212,0.848,0,0.0,0,0.0,212,1.0,0,,,
40.0,12.0,2,0,48.0,0,0,250,38,212,212,0.848,0,0.0,0,0.0,212,1.0,0,,,
40.0,12.0,2,1,12.0,0,0,250,38,212,212,0.848,0,0.0,0,0.0,212,1.0,0,,,
40.0,12.0,2,1,18.0,0,0,250,38,212,212,0.848,0,0.0,0,0.0,212,1.0,0,,,
40.0,12.0,2,1,24.0,0,0,250,38,212,212,0.848,0,0.0,0,0.0,212,1.0,0,,,
40.0,12.0,2,1,32.0,0,0,250,38,212,212,0.848,0,0.0,0,0.0,212,1.0,0,,,
40.0,12.0,2,1,48.0,0,0,250,38,212,212,0.848,0,0.0,0,0.0,212,1.0,0,,,
40.0,12.0,2,2,12.0,0,0,250,38,212,212,0.848,0,0.0,0,0.0,212,1.0,0,,,
40.0,12.0,2,2,18.0,0,0,250,38,212,212,0.848,0,0.0,0,0.0,212,1.0,0,,,
40.0,12.0,2,2,24.0,0,0,250,38,212,212,0.848,0,0.0,0,0.0,212,1.0,0,,,
40.0,12.0,2,2,32.0,0,0,250,38,212,212,0.848,0,0.0,0,0.0,212,1.0,0,,,
40.0,12.0,2,2,48.0,0,0,250,38,212,212,0.848,0,0.0,0,0.0,212,1.0,0,,,
40.0,12.0,3,0,12.0,0,0,250,38,212,212,0.848,0,0.0,0,0.0,212,1.0,0,,,
40.0,12.0,3,0,18.0,0,0,250,38,212,212,0.848,0,0.0,0,0.0,212,1.0,0,,,
40.0,12.0,3,0,24.0,0,0,250,38,212,212,0.848,0,0.0,0,0.0,212,1.0,0,,,
40.0,12.0,3,0,32.0,0,0,250,38,212,212,0.848,0,0.0,0,0.0,212,1.0,0,,,
40.0,12.0,3,0,48.0,0,0,250,38,212,212,0.848,0,0.0,0,0.0,212,1.0,0,,,
40.0,12.0,3,1,12.0,0,0,250,38,212,212,0.848,0,0.0,0,0.0,212,1.0,0,,,
40.0,12.0,3,1,18.0,0,0,250,38,212,212,0.848,0,0.0,0,0.0,212,1.0,0,,,
40.0,12.0,3,1,24.0,0,0,250,38,212,212,0.848,0,0.0,0,0.0,212,1.0,0,,,
40.0,12.0,3,1,32.0,0,0,250,38,212,212,0.848,0,0.0,0,0.0,212,1.0,0,,,
40.0,12.0,3,1,48.0,0,0,250,38,212,212,0.848,0,0.0,0,0.0,212,1.0,0,,,
40.0,12.0,3,2,12.0,0,0,250,38,212,212,0.848,0,0.0,0,0.0,212,1.0,0,,,
40.0,12.0,3,2,18.0,0,0,250,38,212,212,0.848,0,0.0,0,0.0,212,1.0,0,,,
40.0,12.0,3,2,24.0,0,0,250,38,212,212,0.848,0,0.0,0,0.0,212,1.0,0,,,
40.0,12.0,3,2,32.0,0,0,250,38,212,212,0.848,0,0.0,0,0.0,212,1.0,0,,,
40.0,12.0,3,2,48.0,0,0,250,38,212,212,0.848,0,0.0,0,0.0,212,1.0,0,,,
40.0,14.0,1,0,12.0,0,0,250,38,212,212,0.848,0,0.0,0,0.0,212,1.0,0,,,
40.0,14.0,1,0,18.0,0,0,250,38,212,212,0.848,0,0.0,0,0.0,212,1.0,0,,,
40.0,14.0,1,0,24.0,0,0,250,38,212,212,0.848,0,0.0,0,0.0,212,1.0,0,,,
40.0,14.0,1,0,32.0,0,0,250,38,212,212,0.848,0,0.0,0,0.0,212,1.0,0,,,
40.0,14.0,1,0,48.0,0,0,250,38,212,212,0.848,0,0.0,0,0.0,212,1.0,0,,,
40.0,14.0,1,1,12.0,0,0,250,38,212,212,0.848,0,0.0,0,0.0,212,1.0,0,,,
40.0,14.0,1,1,18.0,0,0,250,38,212,212,0.848,0,0.0,0,0.0,212,1.0,0,,,
40.0,14.0,1,1,24.0,0,0,250,38,212,212,0.848,0,0.0,0,0.0,212,1.0,0,,,
40.0,14.0,1,1,32.0,0,0,250,38,212,212,0.848,0,0.0,0,0.0,212,1.0,0,,,
40.0,14.0,1,1,48.0,0,0,250,38,212,212,0.848,0,0.0,0,0.0,212,1.0,0,,,
40.0,14.0,1,2,12.0,0,0,250,38,212,212,0.848,0,0.0,0,0.0,212,1.0,0,,,
40.0,14.0,1,2,18.0,0,0,250,38,212,212,0.848,0,0.0,0,0.0,212,1.0,0,,,
40.0,14.0,1,2,24.0,0,0,250,38,212,212,0.848,0,0.0,0,0.0,212,1.0,0,,,
40.0,14.0,1,2,32.0,0,0,250,38,212,212,0.848,0,0.0,0,0.0,212,1.0,0,,,
40.0,14.0,1,2,48.0,0,0,250,38,212,212,0.848,0,0.0,0,0.0,212,1.0,0,,,
40.0,14.0,2,0,12.0,0,0,250,38,212,212,0.848,0,0.0,0,0.0,212,1.0,0,,,
40.0,14.0,2,0,18.0,0,0,250,38,212,212,0.848,0,0.0,0,0.0,212,1.0,0,,,
40.0,14.0,2,0,24.0,0,0,250,38,212,212,0.848,0,0.0,0,0.0,212,1.0,0,,,
40.0,14.0,2,0,32.0,0,0,250,38,212,212,0.848,0,0.0,0,0.0,212,1.0,0,,,
40.0,14.0,2,0,48.0,0,0,250,38,212,212,0.848,0,0.0,0,0.0,212,1.0,0,,,
40.0,14.0,2,1,12.0,0,0,250,38,212,212,0.848,0,0.0,0,0.0,212,1.0,0,,,
40.0,14.0,2,1,18.0,0,0,250,38,212,212,0.848,0,0.0,0,0.0,212,1.0,0,,,
40.0,14.0,2,1,24.0,0,0,250,38,212,212,0.848,0,0.0,0,0.0,212,1.0,0,,,
40.0,14.0,2,1,32.0,0,0,250,38,212,212,0.848,0,0.0,0,0.0,212,1.0,0,,,
40.0,14.0,2,1,48.0,0,0,250,38,212,212,0.848,0,0.0,0,0.0,212,1.0,0,,,
40.0,14.0,2,2,12.0,0,0,250,38,212,212,0.848,0,0.0,0,0.0,212,1.0,0,,,
40.0,14.0,2,2,18.0,0,0,250,38,212,212,0.848,0,0.0,0,0.0,212,1.0,0,,,
40.0,14.0,2,2,24.0,0,0,250,38,212,212,0.848,0,0.0,0,0.0,212,1.0,0,,,
40.0,14.0,2,2,32.0,0,0,250,38,212,212,0.848,0,0.0,0,0.0,212,1.0,0,,,
40.0,14.0,2,2,48.0,0,0,250,38,212,212,0.848,0,0.0,0,0.0,212,1.0,0,,,
40.0,14.0,3,0,12.0,0,0,250,38,212,212,0.848,0,0.0,0,0.0,212,1.0,0,,,
40.0,14.0,3,0,18.0,0,0,250,38,212,212,0.848,0,0.0,0,0.0,212,1.0,0,,,
40.0,14.0,3,0,24.0,0,0,250,38,212,212,0.848,0,0.0,0,0.0,212,1.0,0,,,
40.0,14.0,3,0,32.0,0,0,250,38,212,212,0.848,0,0.0,0,0.0,212,1.0,0,,,
40.0,14.0,3,0,48.0,0,0,250,38,212,212,0.848,0,0.0,0,0.0,212,1.0,0,,,
40.0,14.0,3,1,12.0,0,0,250,38,212,212,0.848,0,0.0,0,0.0,212,1.0,0,,,
40.0,14.0,3,1,18.0,0,0,250,38,212,212,0.848,0,0.0,0,0.0,212,1.0,0,,,
40.0,14.0,3,1,24.0,0,0,250,38,212,212,0.848,0,0.0,0,0.0,212,1.0,0,,,
40.0,14.0,3,1,32.0,0,0,250,38,212,212,0.848,0,0.0,0,0.0,212,1.0,0,,,
40.0,14.0,3,1,48.0,0,0,250,38,212,212,0.848,0,0.0,0,0.0,212,1.0,0,,,
40.0,14.0,3,2,12.0,0,0,250,38,212,212,0.848,0,0.0,0,0.0,212,1.0,0,,,
40.0,14.0,3,2,18.0,0,0,250,38,212,212,0.848,0,0.0,0,0.0,212,1.0,0,,,
40.0,14.0,3,2,24.0,0,0,250,38,212,212,0.848,0,0.0,0,0.0,212,1.0,0,,,
40.0,14.0,3,2,32.0,0,0,250,38,212,212,0.848,0,0.0,0,0.0,212,1.0,0,,,
40.0,14.0,3,2,48.0,0,0,250,38,212,212,0.848,0,0.0,0,0.0,212,1.0,0,,,
40.0,16.0,1,0,12.0,0,0,250,38,212,212,0.848,0,0.0,0,0.0,212,1.0,0,,,
40.0,16.0,1,0,18.0,0,0,250,38,212,212,0.848,0,0.0,0,0.0,212,1.0,0,,,
40.0,16.0,1,0,24.0,0,0,250,38,212,212,0.848,0,0.0,0,0.0,212,1.0,0,,,
40.0,16.0,1,0,32.0,0,0,250,38,212,212,0.848,0,0.0,0,0.0,212,1.0,0,,,
40.0,16.0,1,0,48.0,0,0,250,38,212,212,0.848,0,0.0,0,0.0,212,1.0,0,,,
40.0,16.0,1,1,12.0,0,0,250,38,212,212,0.848,0,0.0,0,0.0,212,1.0,0,,,
40.0,16.0,1,1,18.0,0,0,250,38,212,212,0.848,0,0.0,0,0.0,212,1.0,0,,,
40.0,16.0,1,1,24.0,0,0,250,38,212,212,0.848,0,0.0,0,0.0,212,1.0,0,,,
40.0,16.0,1,1,32.0,0,0,250,38,212,212,0.848,0,0.0,0,0.0,212,1.0,0,,,
40.0,16.0,1,1,48.0,0,0,250,38,212,212,0.848,0,0.0,0,0.0,212,1.0,0,,,
40.0,16.0,1,2,12.0,0,0,250,38,212,212,0.848,0,0.0,0,0.0,212,1.0,0,,,
40.0,16.0,1,2,18.0,0,0,250,38,212,212,0.848,0,0.0,0,0.0,212,1.0,0,,,
40.0,16.0,1,2,24.0,0,0,250,38,212,212,0.848,0,0.0,0,0.0,212,1.0,0,,,
40.0,16.0,1,2,32.0,0,0,250,38,212,212,0.848,0,0.0,0,0.0,212,1.0,0,,,
40.0,16.0,1,2,48.0,0,0,250,38,212,212,0.848,0,0.0,0,0.0,212,1.0,0,,,
40.0,16.0,2,0,12.0,0,0,250,38,212,212,0.848,0,0.0,0,0.0,212,1.0,0,,,
40.0,16.0,2,0,18.0,0,0,250,38,212,212,0.848,0,0.0,0,0.0,212,1.0,0,,,
40.0,16.0,2,0,24.0,0,0,250,38,212,212,0.848,0,0.0,0,0.0,212,1.0,0,,,
40.0,16.0,2,0,32.0,0,0,250,38,212,212,0.848,0,0.0,0,0.0,212,1.0,0,,,
40.0,16.0,2,0,48.0,0,0,250,38,212,212,0.848,0,0.0,0,0.0,212,1.0,0,,,
40.0,16.0,2,1,12.0,0,0,250,38,212,212,0.848,0,0.0,0,0.0,212,1.0,0,,,
40.0,16.0,2,1,18.0,0,0,250,38,212,212,0.848,0,0.0,0,0.0,212,1.0,0,,,
40.0,16.0,2,1,24.0,0,0,250,38,212,212,0.848,0,0.0,0,0.0,212,1.0,0,,,
40.0,16.0,2,1,32.0,0,0,250,38,212,212,0.848,0,0.0,0,0.0,212,1.0,0,,,
40.0,16.0,2,1,48.0,0,0,250,38,212,212,0.848,0,0.0,0,0.0,212,1.0,0,,,
40.0,16.0,2,2,12.0,0,0,250,38,212,212,0.848,0,0.0,0,0.0,212,1.0,0,,,
40.0,16.0,2,2,18.0,0,0,250,38,212,212,0.848,0,0.0,0,0.0,212,1.0,0,,,
40.0,16.0,2,2,24.0,0,0,250,38,212,212,0.848,0,0.0,0,0.0,212,1.0,0,,,
40.0,16.0,2,2,32.0,0,0,250,38,212,212,0.848,0,0.0,0,0.0,212,1.0,0,,,
40.0,16.0,2,2,48.0,0,0,250,38,212,212,0.848,0,0.0,0,0.0,212,1.0,0,,,
40.0,16.0,3,0,12.0,0,0,250,38,212,212,0.848,0,0.0,0,0.0,212,1.0,0,,,
40.0,16.0,3,0,18.0,0,0,250,38,212,212,0.848,0,0.0,0,0.0,212,1.0,0,,,
40.0,16.0,3,0,24.0,0,0,250,38,212,212,0.848,0,0.0,0,0.0,212,1.0,0,,,
40.0,16.0,3,0,32.0,0,0,250,38,212,212,0.848,0,0.0,0,0.0,212,1.0,0,,,
40.0,16.0,3,0,48.0,0,0,250,38,212,212,0.848,0,0.0,0,0.0,212,1.0,0,,,
40.0,16.0,3,1,12.0,0,0,250,38,212,212,0.848,0,0.0,0,0.0,212,1.0,0,,,
40.0,16.0,3,1,18.0,0,0,250,38,212,212,0.848,0,0.0,0,0.0,212,1.0,0,,,
40.0,16.0,3,1,24.0,0,0,250,38,212,212,0.848,0,0.0,0,0.0,212,1.0,0,,,
40.0,16.0,3,1,32.0,0,0,250,38,212,212,0.848,0,0.0,0,0.0,212,1.0,0,,,
40.0,16.0,3,1,48.0,0,0,250,38,212,212,0.848,0,0.0,0,0.0,212,1.0,0,,,
40.0,16.0,3,2,12.0,0,0,250,38,212,212,0.848,0,0.0,0,0.0,212,1.0,0,,,
40.0,16.0,3,2,18.0,0,0,250,38,212,212,0.848,0,0.0,0,0.0,212,1.0,0,,,
40.0,16.0,3,2,24.0,0,0,250,38,212,212,0.848,0,0.0,0,0.0,212,1.0,0,,,
40.0,16.0,3,2,32.0,0,0,250,38,212,212,0.848,0,0.0,0,0.0,212,1.0,0,,,
40.0,16.0,3,2,48.0,0,0,250,38,212,212,0.848,0,0.0,0,0.0,212,1.0,0,,,
40.0,18.0,1,0,12.0,0,0,250,38,212,212,0.848,0,0.0,0,0.0,212,1.0,0,,,
40.0,18.0,1,0,18.0,0,0,250,38,212,212,0.848,0,0.0,0,0.0,212,1.0,0,,,
40.0,18.0,1,0,24.0,0,0,250,38,212,212,0.848,0,0.0,0,0.0,212,1.0,0,,,
40.0,18.0,1,0,32.0,0,0,250,38,212,212,0.848,0,0.0,0,0.0,212,1.0,0,,,
40.0,18.0,1,0,48.0,0,0,250,38,212,212,0.848,0,0.0,0,0.0,212,1.0,0,,,
40.0,18.0,1,1,12.0,0,0,250,38,212,212,0.848,0,0.0,0,0.0,212,1.0,0,,,
40.0,18.0,1,1,18.0,0,0,250,38,212,212,0.848,0,0.0,0,0.0,212,1.0,0,,,
40.0,18.0,1,1,24.0,0,0,250,38,212,212,0.848,0,0.0,0,0.0,212,1.0,0,,,
40.0,18.0,1,1,32.0,0,0,250,38,212,212,0.848,0,0.0,0,0.0,212,1.0,0,,,
40.0,18.0,1,1,48.0,0,0,250,38,212,212,0.848,0,0.0,0,0.0,212,1.0,0,,,
40.0,18.0,1,2,12.0,0,0,250,38,212,212,0.848,0,0.0,0,0.0,212,1.0,0,,,
40.0,18.0,1,2,18.0,0,0,250,38,212,212,0.848,0,0.0,0,0.0,212,1.0,0,,,
40.0,18.0,1,2,24.0,0,0,250,38,212,212,0.848,0,0.0,0,0.0,212,1.0,0,,,
40.0,18.0,1,2,32.0,0,0,250,38,212,212,0.848,0,0.0,0,0.0,212,1.0,0,,,
40.0,18.0,1,2,48.0,0,0,250,38,212,212,0.848,0,0.0,0,0.0,212,1.0,0,,,
40.0,18.0,2,0,12.0,0,0,250,38,212,212,0.848,0,0.0,0,0.0,212,1.0,0,,,
40.0,18.0,2,0,18.0,0,0,250,38,212,212,0.848,0,0.0,0,0.0,212,1.0,0,,,
40.0,18.0,2,0,24.0,0,0,250,38,212,212,0.848,0,0.0,0,0.0,212,1.0,0,,,
40.0,18.0,2,0,32.0,0,0,250,38,212,212,0.848,0,0.0,0,0.0,212,1.0,0,,,
40.0,18.0,2,0,48.0,0,0,250,38,212,212,0.848,0,0.0,0,0.0,212,1.0,0,,,
40.0,18.0,2,1,12.0,0,0,250,38,212,212,0.848,0,0.0,0,0.0,212,1.0,0,,,
40.0,18.0,2,1,18.0,0,0,250,38,212,212,0.848,0,0.0,0,0.0,212,1.0,0,,,
40.0,18.0,2,1,24.0,0,0,250,38,212,212,0.848,0,0.0,0,0.0,212,1.0,0,,,
40.0,18.0,2,1,32.0,0,0,250,38,212,212,0.848,0,0.0,0,0.0,212,1.0,0,,,
40.0,18.0,2,1,48.0,0,0,250,38,212,212,0.848,0,0.0,0,0.0,212,1.0,0,,,
40.0,18.0,2,2,12.0,0,0,250,38,212,212,0.848,0,0.0,0,0.0,212,1.0,0,,,
40.0,18.0,2,2,18.0,0,0,250,38,212,212,0.848,0,0.0,0,0.0,212,1.0,0,,,
40.0,18.0,2,2,24.0,0,0,250,38,212,212,0.848,0,0.0,0,0.0,212,1.0,0,,,
40.0,18.0,2,2,32.0,0,0,250,38,212,212,0.848,0,0.0,0,0.0,212,1.0,0,,,
40.0,18.0,2,2,48.0,0,0,250,38,212,212,0.848,0,0.0,0,0.0,212,1.0,0,,,
40.0,18.0,3,0,12.0,0,0,250,38,212,212,0.848,0,0.0,0,0.0,212,1.0,0,,,
40.0,18.0,3,0,18.0,0,0,250,38,212,212,0.848,0,0.0,0,0.0,212,1.0,0,,,
40.0,18.0,3,0,24.0,0,0,250,38,212,212,0.848,0,0.0,0,0.0,212,1.0,0,,,
40.0,18.0,3,0,32.0,0,0,250,38,212,212,0.848,0,0.0,0,0.0,212,1.0,0,,,
40.0,18.0,3,0,48.0,0,0,250,38,212,212,0.848,0,0.0,0,0.0,212,1.0,0,,,
40.0,18.0,3,1,12.0,0,0,250,38,212,212,0.848,0,0.0,0,0.0,212,1.0,0,,,
40.0,18.0,3,1,18.0,0,0,250,38,212,212,0.848,0,0.0,0,0.0,212,1.0,0,,,
40.0,18.0,3,1,24.0,0,0,250,38,212,212,0.848,0,0.0,0,0.0,212,1.0,0,,,
40.0,18.0,3,1,32.0,0,0,250,38,212,212,0.848,0,0.0,0,0.0,212,1.0,0,,,
40.0,18.0,3,1,48.0,0,0,250,38,212,212,0.848,0,0.0,0,0.0,212,1.0,0,,,
40.0,18.0,3,2,12.0,0,0,250,38,212,212,0.848,0,0.0,0,0.0,212,1.0,0,,,
40.0,18.0,3,2,18.0,0,0,250,38,212,212,0.848,0,0.0,0,0.0,212,1.0,0,,,
40.0,18.0,3,2,24.0,0,0,250,38,212,212,0.848,0,0.0,0,0.0,212,1.0,0,,,
40.0,18.0,3,2,32.0,0,0,250,38,212,212,0.848,0,0.0,0,0.0,212,1.0,0,,,
40.0,18.0,3,2,48.0,0,0,250,38,212,212,0.848,0,0.0,0,0.0,212,1.0,0,,,
40.0,20.0,1,0,12.0,0,0,250,38,212,212,0.848,0,0.0,0,0.0,212,1.0,0,,,
40.0,20.0,1,0,18.0,0,0,250,38,212,212,0.848,0,0.0,0,0.0,212,1.0,0,,,
40.0,20.0,1,0,24.0,0,0,250,38,212,212,0.848,0,0.0,0,0.0,212,1.0,0,,,
40.0,20.0,1,0,32.0,0,0,250,38,212,212,0.848,0,0.0,0,0.0,212,1.0,0,,,
40.0,20.0,1,0,48.0,0,0,250,38,212,212,0.848,0,0.0,0,0.0,212,1.0,0,,,
40.0,20.0,1,1,12.0,0,0,250,38,212,212,0.848,0,0.0,0,0.0,212,1.0,0,,,
40.0,20.0,1,1,18.0,0,0,250,38,212,212,0.848,0,0.0,0,0.0,212,1.0,0,,,
40.0,20.0,1,1,24.0,0,0,250,38,212,212,0.848,0,0.0,0,0.0,212,1.0,0,,,
40.0,20.0,1,1,32.0,0,0,250,38,212,212,0.848,0,0.0,0,0.0,212,1.0,0,,,
40.0,20.0,1,1,48.0,0,0,250,38,212,212,0.848,0,0.0,0,0.0,212,1.0,0,,,
40.0,20.0,1,2,12.0,0,0,250,38,212,212,0.848,0,0.0,0,0.0,212,1.0,0,,,
40.0,20.0,1,2,18.0,0,0,250,38,212,212,0.848,0,0.0,0,0.0,212,1.0,0,,,
40.0,20.0,1,2,24.0,0,0,250,38,212,212,0.848,0,0.0,0,0.0,212,1.0,0,,,
40.0,20.0,1,2,32.0,0,0,250,38,212,212,0.848,0,0.0,0,0.0,212,1.0,0,,,
40.0,20.0,1,2,48.0,0,0,250,38,212,212,0.848,0,0.0,0,0.0,212,1.0,0,,,
40.0,20.0,2,0,12.0,0,0,250,38,212,212,0.848,0,0.0,0,0.0,212,1.0,0,,,
40.0,20.0,2,0,18.0,0,0,250,38,212,212,0.848,0,0.0,0,0.0,212,1.0,0,,,
40.0,20.0,2,0,24.0,0,0,250,38,212,212,0.848,0,0.0,0,0.0,212,1.0,0,,,
40.0,20.0,2,0,32.0,0,0,250,38,212,212,0.848,0,0.0,0,0.0,212,1.0,0,,,
40.0,20.0,2,0,48.0,0,0,250,38,212,212,0.848,0,0.0,0,0.0,212,1.0,0,,,
40.0,20.0,2,1,12.0,0,0,250,38,212,212,0.848,0,0.0,0,0.0,212,1.0,0,,,
40.0,20.0,2,1,18.0,0,0,250,38,212,212,0.848,0,0.0,0,0.0,212,1.0,0,,,
40.0,20.0,2,1,24.0,0,0,250,38,212,212,0.848,0,0.0,0,0.0,212,1.0,0,,,
40.0,20.0,2,1,32.0,0,0,250,38,212,212,0.848,0,0.0,0,0.0,212,1.0,0,,,
40.0,20.0,2,1,48.0,0,0,250,38,212,212,0.848,0,0.0,0,0.0,212,1.0,0,,,
40.0,20.0,2,2,12.0,0,0,250,38,212,212,0.848,0,0.0,0,0.0,212,1.0,0,,,
40.0,20.0,2,2,18.0,0,0,250,38,212,212,0.848,0,0.0,0,0.0,212,1.0,0,,,
40.0,20.0,2,2,24.0,0,0,250,38,212,212,0.848,0,0.0,0,0.0,212,1.0,0,,,
40.0,20.0,2,2,32.0,0,0,250,38,212,212,0.848,0,0.0,0,0.0,212,1.0,0,,,
40.0,20.0,2,2,48.0,0,0,250,38,212,212,0.848,0,0.0,0,0.0,212,1.0,0,,,
40.0,20.0,3,0,12.0,0,0,250,38,212,212,0.848,0,0.0,0,0.0,212,1.0,0,,,
40.0,20.0,3,0,18.0,0,0,250,38,212,212,0.848,0,0.0,0,0.0,212,1.0,0,,,
40.0,20.0,3,0,24.0,0,0,250,38,212,212,0.848,0,0.0,0,0.0,212,1.0,0,,,
40.0,20.0,3,0,32.0,0,0,250,38,212,212,0.848,0,0.0,0,0.0,212,1.0,0,,,
40.0,20.0,3,0,48.0,0,0,250,38,212,212,0.848,0,0.0,0,0.0,212,1.0,0,,,
40.0,20.0,3,1,12.0,0,0,250,38,212,212,0.848,0,0.0,0,0.0,212,1.0,0,,,
40.0,20.0,3,1,18.0,0,0,250,38,212,212,0.848,0,0.0,0,0.0,212,1.0,0,,,
40.0,20.0,3,1,24.0,0,0,250,38,212,212,0.848,0,0.0,0,0.0,212,1.0,0,,,
40.0,20.0,3,1,32.0,0,0,250,38,212,212,0.848,0,0.0,0,0.0,212,1.0,0,,,
40.0,20.0,3,1,48.0,0,0,250,38,212,212,0.848,0,0.0,0,0.0,212,1.0,0,,,
40.0,20.0,3,2,12.0,0,0,250,38,212,212,0.848,0,0.0,0,0.0,212,1.0,0,,,
40.0,20.0,3,2,18.0,0,0,250,38,212,212,0.848,0,0.0,0,0.0,212,1.0,0,,,
40.0,20.0,3,2,24.0,0,0,250,38,212,212,0.848,0,0.0,0,0.0,212,1.0,0,,,
40.0,20.0,3,2,32.0,0,0,250,38,212,212,0.848,0,0.0,0,0.0,212,1.0,0,,,
40.0,20.0,3,2,48.0,0,0,250,38,212,212,0.848,0,0.0,0,0.0,212,1.0,0,,,
40.0,22.0,1,0,12.0,0,0,250,38,212,212,0.848,0,0.0,0,0.0,212,1.0,0,,,
40.0,22.0,1,0,18.0,0,0,250,38,212,212,0.848,0,0.0,0,0.0,212,1.0,0,,,
40.0,22.0,1,0,24.0,0,0,250,38,212,212,0.848,0,0.0,0,0.0,212,1.0,0,,,
40.0,22.0,1,0,32.0,0,0,250,38,212,212,0.848,0,0.0,0,0.0,212,1.0,0,,,
40.0,22.0,1,0,48.0,0,0,250,38,212,212,0.848,0,0.0,0,0.0,212,1.0,0,,,
40.0,22.0,1,1,12.0,0,0,250,38,212,212,0.848,0,0.0,0,0.0,212,1.0,0,,,
40.0,22.0,1,1,18.0,0,0,250,38,212,212,0.848,0,0.0,0,0.0,212,1.0,0,,,
40.0,22.0,1,1,24.0,0,0,250,38,212,212,0.848,0,0.0,0,0.0,212,1.0,0,,,
40.0,22.0,1,1,32.0,0,0,250,38,212,212,0.848,0,0.0,0,0.0,212,1.0,0,,,
40.0,22.0,1,1,48.0,0,0,250,38,212,212,0.848,0,0.0,0,0.0,212,1.0,0,,,
40.0,22.0,1,2,12.0,0,0,250,38,212,212,0.848,0,0.0,0,0.0,212,1.0,0,,,
40.0,22.0,1,2,18.0,0,0,250,38,212,212,0.848,0,0.0,0,0.0,212,1.0,0,,,
40.0,22.0,1,2,24.0,0,0,250,38,212,212,0.848,0,0.0,0,0.0,212,1.0,0,,,
40.0,22.0,1,2,32.0,0,0,250,38,212,212,0.848,0,0.0,0,0.0,212,1.0,0,,,
40.0,22.0,1,2,48.0,0,0,250,38,212,212,0.848,0,0.0,0,0.0,212,1.0,0,,,
40.0,22.0,2,0,12.0,0,0,250,38,212,212,0.848,0,0.0,0,0.0,212,1.0,0,,,
40.0,22.0,2,0,18.0,0,0,250,38,212,212,0.848,0,0.0,0,0.0,212,1.0,0,,,
40.0,22.0,2,0,24.0,0,0,250,38,212,212,0.848,0,0.0,0,0.0,212,1.0,0,,,
40.0,22.0,2,0,32.0,0,0,250,38,212,212,0.848,0,0.0,0,0.0,212,1.0,0,,,
40.0,22.0,2,0,48.0,0,0,250,38,212,212,0.848,0,0.0,0,0.0,212,1.0,0,,,
40.0,22.0,2,1,12.0,0,0,250,38,212,212,0.848,0,0.0,0,0.0,212,1.0,0,,,
40.0,22.0,2,1,18.0,0,0,250,38,212,212,0.848,0,0.0,0,0.0,212,1.0,0,,,
40.0,22.0,2,1,24.0,0,0,250,38,212,212,0.848,0,0.0,0,0.0,212,1.0,0,,,
40.0,22.0,2,1,32.0,0,0,250,38,212,212,0.848,0,0.0,0,0.0,212,1.0,0,,,
40.0,22.0,2,1,48.0,0,0,250,38,212,212,0.848,0,0.0,0,0.0,212,1.0,0,,,
40.0,22.0,2,2,12.0,0,0,250,38,212,212,0.848,0,0.0,0,0.0,212,1.0,0,,,
40.0,22.0,2,2,18.0,0,0,250,38,212,212,0.848,0,0.0,0,0.0,212,1.0,0,,,
40.0,22.0,2,2,24.0,0,0,250,38,212,212,0.848,0,0.0,0,0.0,212,1.0,0,,,
40.0,22.0,2,2,32.0,0,0,250,38,212,212,0.848,0,0.0,0,0.0,212,1.0,0,,,
40.0,22.0,2,2,48.0,0,0,250,38,212,212,0.848,0,0.0,0,0.0,212,1.0,0,,,
40.0,22.0,3,0,12.0,0,0,250,38,212,212,0.848,0,0.0,0,0.0,212,1.0,0,,,
40.0,22.0,3,0,18.0,0,0,250,38,212,212,0.848,0,0.0,0,0.0,212,1.0,0,,,
40.0,22.0,3,0,24.0,0,0,250,38,212,212,0.848,0,0.0,0,0.0,212,1.0,0,,,
40.0,22.0,3,0,32.0,0,0,250,38,212,212,0.848,0,0.0,0,0.0,212,1.0,0,,,
40.0,22.0,3,0,48.0,0,0,250,38,212,212,0.848,0,0.0,0,0.0,212,1.0,0,,,
40.0,22.0,3,1,12.0,0,0,250,38,212,212,0.848,0,0.0,0,0.0,212,1.0,0,,,
40.0,22.0,3,1,18.0,0,0,250,38,212,212,0.848,0,0.0,0,0.0,212,1.0,0,,,
40.0,22.0,3,1,24.0,0,0,250,38,212,212,0.848,0,0.0,0,0.0,212,1.0,0,,,
40.0,22.0,3,1,32.0,0,0,250,38,212,212,0.848,0,0.0,0,0.0,212,1.0,0,,,
40.0,22.0,3,1,48.0,0,0,250,38,212,212,0.848,0,0.0,0,0.0,212,1.0,0,,,
40.0,22.0,3,2,12.0,0,0,250,38,212,212,0.848,0,0.0,0,0.0,212,1.0,0,,,
40.0,22.0,3,2,18.0,0,0,250,38,212,212,0.848,0,0.0,0,0.0,212,1.0,0,,,
40.0,22.0,3,2,24.0,0,0,250,38,212,212,0.848,0,0.0,0,0.0,212,1.0,0,,,
40.0,22.0,3,2,32.0,0,0,250,38,212,212,0.848,0,0.0,0,0.0,212,1.0,0,,,
40.0,22.0,3,2,48.0,0,0,250,38,212,212,0.848,0,0.0,0,0.0,212,1.0,0,,,
40.0,24.0,1,0,12.0,0,0,250,38,212,212,0.848,0,0.0,0,0.0,212,1.0,0,,,
40.0,24.0,1,0,18.0,0,0,250,38,212,212,0.848,0,0.0,0,0.0,212,1.0,0,,,
40.0,24.0,1,0,24.0,0,0,250,38,212,212,0.848,0,0.0,0,0.0,212,1.0,0,,,
40.0,24.0,1,0,32.0,0,0,250,38,212,212,0.848,0,0.0,0,0.0,212,1.0,0,,,
40.0,24.0,1,0,48.0,0,0,250,38,212,212,0.848,0,0.0,0,0.0,212,1.0,0,,,
40.0,24.0,1,1,12.0,0,0,250,38,212,212,0.848,0,0.0,0,0.0,212,1.0,0,,,
40.0,24.0,1,1,18.0,0,0,250,38,212,212,0.848,0,0.0,0,0.0,212,1.0,0,,,
40.0,24.0,1,1,24.0,0,0,250,38,212,212,0.848,0,0.0,0,0.0,212,1.0,0,,,
40.0,24.0,1,1,32.0,0,0,250,38,212,212,0.848,0,0.0,0,0.0,212,1.0,0,,,
40.0,24.0,1,1,48.0,0,0,250,38,212,212,0.848,0,0.0,0,0.0,212,1.0,0,,,
40.0,24.0,1,2,12.0,0,0,250,38,212,212,0.848,0,0.0,0,0.0,212,1.0,0,,,
40.0,24.0,1,2,18.0,0,0,250,38,212,212,0.848,0,0.0,0,0.0,212,1.0,0,,,
40.0,24.0,1,2,24.0,0,0,250,38,212,212,0.848,0,0.0,0,0.0,212,1.0,0,,,
40.0,24.0,1,2,32.0,0,0,250,38,212,212,0.848,0,0.0,0,0.0,212,1.0,0,,,
40.0,24.0,1,2,48.0,0,0,250,38,212,212,0.848,0,0.0,0,0.0,212,1.0,0,,,
40.0,24.0,2,0,12.0,0,0,250,38,212,212,0.848,0,0.0,0,0.0,212,1.0,0,,,
40.0,24.0,2,0,18.0,0,0,250,38,212,212,0.848,0,0.0,0,0.0,212,1.0,0,,,
40.0,24.0,2,0,24.0,0,0,250,38,212,212,0.848,0,0.0,0,0.0,212,1.0,0,,,
40.0,24.0,2,0,32.0,0,0,250,38,212,212,0.848,0,0.0,0,0.0,212,1.0,0,,,
40.0,24.0,2,0,48.0,0,0,250,38,212,212,0.848,0,0.0,0,0.0,212,1.0,0,,,
40.0,24.0,2,1,12.0,0,0,250,38,212,212,0.848,0,0.0,0,0.0,212,1.0,0,,,
40.0,24.0,2,1,18.0,0,0,250,38,212,212,0.848,0,0.0,0,0.0,212,1.0,0,,,
40.0,24.0,2,1,24.0,0,0,250,38,212,212,0.848,0,0.0,0,0.0,212,1.0,0,,,
40.0,24.0,2,1,32.0,0,0,250,38,212,212,0.848,0,0.0,0,0.0,212,1.0,0,,,
40.0,24.0,2,1,48.0,0,0,250,38,212,212,0.848,0,0.0,0,0.0,212,1.0,0,,,
40.0,24.0,2,2,12.0,0,0,250,38,212,212,0.848,0,0.0,0,0.0,212,1.0,0,,,
40.0,24.0,2,2,18.0,0,0,250,38,212,212,0.848,0,0.0,0,0.0,212,1.0,0,,,
40.0,24.0,2,2,24.0,0,0,250,38,212,212,0.848,0,0.0,0,0.0,212,1.0,0,,,
40.0,24.0,2,2,32.0,0,0,250,38,212,212,0.848,0,0.0,0,0.0,212,1.0,0,,,
40.0,24.0,2,2,48.0,0,0,250,38,212,212,0.848,0,0.0,0,0.0,212,1.0,0,,,
40.0,24.0,3,0,12.0,0,0,250,38,212,212,0.848,0,0.0,0,0.0,212,1.0,0,,,
40.0,24.0,3,0,18.0,0,0,250,38,212,212,0.848,0,0.0,0,0.0,212,1.0,0,,,
40.0,24.0,3,0,24.0,0,0,250,38,212,212,0.848,0,0.0,0,0.0,212,1.0,0,,,
40.0,24.0,3,0,32.0,0,0,250,38,212,212,0.848,0,0.0,0,0.0,212,1.0,0,,,
40.0,24.0,3,0,48.0,0,0,250,38,212,212,0.848,0,0.0,0,0.0,212,1.0,0,,,
40.0,24.0,3,1,12.0,0,0,250,38,212,212,0.848,0,0.0,0,0.0,212,1.0,0,,,
40.0,24.0,3,1,18.0,0,0,250,38,212,212,0.848,0,0.0,0,0.0,212,1.0,0,,,
40.0,24.0,3,1,24.0,0,0,250,38,212,212,0.848,0,0.0,0,0.0,212,1.0,0,,,
40.0,24.0,3,1,32.0,0,0,250,38,212,212,0.848,0,0.0,0,0.0,212,1.0,0,,,
40.0,24.0,3,1,48.0,0,0,250,38,212,212,0.848,0,0.0,0,0.0,212,1.0,0,,,
40.0,24.0,3,2,12.0,0,0,250,38,212,212,0.848,0,0.0,0,0.0,212,1.0,0,,,
40.0,24.0,3,2,18.0,0,0,250,38,212,212,0.848,0,0.0,0,0.0,212,1.0,0,,,
40.0,24.0,3,2,24.0,0,0,250,38,212,212,0.848,0,0.0,0,0.0,212,1.0,0,,,
40.0,24.0,3,2,32.0,0,0,250,38,212,212,0.848,0,0.0,0,0.0,212,1.0,0,,,
40.0,24.0,3,2,48.0,0,0,250,38,212,212,0.848,0,0.0,0,0.0,212,1.0,0,,,
40.0,26.0,1,0,12.0,0,0,250,38,212,212,0.848,0,0.0,0,0.0,212,1.0,0,,,
40.0,26.0,1,0,18.0,0,0,250,38,212,212,0.848,0,0.0,0,0.0,212,1.0,0,,,
40.0,26.0,1,0,24.0,0,0,250,38,212,212,0.848,0,0.0,0,0.0,212,1.0,0,,,
40.0,26.0,1,0,32.0,0,0,250,38,212,212,0.848,0,0.0,0,0.0,212,1.0,0,,,
40.0,26.0,1,0,48.0,0,0,250,38,212,212,0.848,0,0.0,0,0.0,212,1.0,0,,,
40.0,26.0,1,1,12.0,0,0,250,38,212,212,0.848,0,0.0,0,0.0,212,1.0,0,,,
40.0,26.0,1,1,18.0,0,0,250,38,212,212,0.848,0,0.0,0,0.0,212,1.0,0,,,
40.0,26.0,1,1,24.0,0,0,250,38,212,212,0.848,0,0.0,0,0.0,212,1.0,0,,,
40.0,26.0,1,1,32.0,0,0,250,38,212,212,0.848,0,0.0,0,0.0,212,1.0,0,,,
40.0,26.0,1,1,48.0,0,0,250,38,212,212,0.848,0,0.0,0,0.0,212,1.0,0,,,
40.0,26.0,1,2,12.0,0,0,250,38,212,212,0.848,0,0.0,0,0.0,212,1.0,0,,,
40.0,26.0,1,2,18.0,0,0,250,38,212,212,0.848,0,0.0,0,0.0,212,1.0,0,,,
40.0,26.0,1,2,24.0,0,0,250,38,212,212,0.848,0,0.0,0,0.0,212,1.0,0,,,
40.0,26.0,1,2,32.0,0,0,250,38,212,212,0.848,0,0.0,0,0.0,212,1.0,0,,,
40.0,26.0,1,2,48.0,0,0,250,38,212,212,0.848,0,0.0,0,0.0,212,1.0,0,,,
40.0,26.0,2,0,12.0,0,0,250,38,212,212,0.848,0,0.0,0,0.0,212,1.0,0,,,
40.0,26.0,2,0,18.0,0,0,250,38,212,212,0.848,0,0.0,0,0.0,212,1.0,0,,,
40.0,26.0,2,0,24.0,0,0,250,38,212,212,0.848,0,0.0,0,0.0,212,1.0,0,,,
40.0,26.0,2,0,32.0,0,0,250,38,212,212,0.848,0,0.0,0,0.0,212,1.0,0,,,
40.0,26.0,2,0,48.0,0,0,250,38,212,212,0.848,0,0.0,0,0.0,212,1.0,0,,,
40.0,26.0,2,1,12.0,0,0,250,38,212,212,0.848,0,0.0,0,0.0,212,1.0,0,,,
40.0,26.0,2,1,18.0,0,0,250,38,212,212,0.848,0,0.0,0,0.0,212,1.0,0,,,
40.0,26.0,2,1,24.0,0,0,250,38,212,212,0.848,0,0.0,0,0.0,212,1.0,0,,,
40.0,26.0,2,1,32.0,0,0,250,38,212,212,0.848,0,0.0,0,0.0,212,1.0,0,,,
40.0,26.0,2,1,48.0,0,0,250,38,212,212,0.848,0,0.0,0,0.0,212,1.0,0,,,
40.0,26.0,2,2,12.0,0,0,250,38,212,212,0.848,0,0.0,0,0.0,212,1.0,0,,,
40.0,26.0,2,2,18.0,0,0,250,38,212,212,0.848,0,0.0,0,0.0,212,1.0,0,,,
40.0,26.0,2,2,24.0,0,0,250,38,212,212,0.848,0,0.0,0,0.0,212,1.0,0,,,
40.0,26.0,2,2,32.0,0,0,250,38,212,212,0.848,0,0.0,0,0.0,212,1.0,0,,,
40.0,26.0,2,2,48.0,0,0,250,38,212,212,0.848,0,0.0,0,0.0,212,1.0,0,,,
40.0,26.0,3,0,12.0,0,0,250,38,212,212,0.848,0,0.0,0,0.0,212,1.0,0,,,
40.0,26.0,3,0,18.0,0,0,250,38,212,212,0.848,0,0.0,0,0.0,212,1.0,0,,,
40.0,26.0,3,0,24.0,0,0,250,38,212,212,0.848,0,0.0,0,0.0,212,1.0,0,,,
40.0,26.0,3,0,32.0,0,0,250,38,212,212,0.848,0,0.0,0,0.0,212,1.0,0,,,
40.0,26.0,3,0,48.0,0,0,250,38,212,212,0.848,0,0.0,0,0.0,212,1.0,0,,,
40.0,26.0,3,1,12.0,0,0,250,38,212,212,0.848,0,0.0,0,0.0,212,1.0,0,,,
40.0,26.0,3,1,18.0,0,0,250,38,212,212,0.848,0,0.0,0,0.0,212,1.0,0,,,
40.0,26.0,3,1,24.0,0,0,250,38,212,212,0.848,0,0.0,0,0.0,212,1.0,0,,,
40.0,26.0,3,1,32.0,0,0,250,38,212,212,0.848,0,0.0,0,0.0,212,1.0,0,,,
40.0,26.0,3,1,48.0,0,0,250,38,212,212,0.848,0,0.0,0,0.0,212,1.0,0,,,
40.0,26.0,3,2,12.0,0,0,250,38,212,212,0.848,0,0.0,0,0.0,212,1.0,0,,,
40.0,26.0,3,2,18.0,0,0,250,38,212,212,0.848,0,0.0,0,0.0,212,1.0,0,,,
40.0,26.0,3,2,24.0,0,0,250,38,212,212,0.848,0,0.0,0,0.0,212,1.0,0,,,
40.0,26.0,3,2,32.0,0,0,250,38,212,212,0.848,0,0.0,0,0.0,212,1.0,0,,,
40.0,26.0,3,2,48.0,0,0,250,38,212,212,0.848,0,0.0,0,0.0,212,1.0,0,,,
40.0,28.0,1,0,12.0,0,0,250,38,212,212,0.848,0,0.0,0,0.0,212,1.0,0,,,
40.0,28.0,1,0,18.0,0,0,250,38,212,212,0.848,0,0.0,0,0.0,212,1.0,0,,,
40.0,28.0,1,0,24.0,0,0,250,38,212,212,0.848,0,0.0,0,0.0,212,1.0,0,,,
40.0,28.0,1,0,32.0,0,0,250,38,212,212,0.848,0,0.0,0,0.0,212,1.0,0,,,
40.0,28.0,1,0,48.0,0,0,250,38,212,212,0.848,0,0.0,0,0.0,212,1.0,0,,,
40.0,28.0,1,1,12.0,0,0,250,38,212,212,0.848,0,0.0,0,0.0,212,1.0,0,,,
40.0,28.0,1,1,18.0,0,0,250,38,212,212,0.848,0,0.0,0,0.0,212,1.0,0,,,
40.0,28.0,1,1,24.0,0,0,250,38,212,212,0.848,0,0.0,0,0.0,212,1.0,0,,,
40.0,28.0,1,1,32.0,0,0,250,38,212,212,0.848,0,0.0,0,0.0,212,1.0,0,,,
40.0,28.0,1,1,48.0,0,0,250,38,212,212,0.848,0,0.0,0,0.0,212,1.0,0,,,
40.0,28.0,1,2,12.0,0,0,250,38,212,212,0.848,0,0.0,0,0.0,212,1.0,0,,,
40.0,28.0,1,2,18.0,0,0,250,38,212,212,0.848,0,0.0,0,0.0,212,1.0,0,,,
40.0,28.0,1,2,24.0,0,0,250,38,212,212,0.848,0,0.0,0,0.0,212,1.0,0,,,
40.0,28.0,1,2,32.0,0,0,250,38,212,212,0.848,0,0.0,0,0.0,212,1.0,0,,,
40.0,28.0,1,2,48.0,0,0,250,38,212,212,0.848,0,0.0,0,0.0,212,1.0,0,,,
40.0,28.0,2,0,12.0,0,0,250,38,212,212,0.848,0,0.0,0,0.0,212,1.0,0,,,
40.0,28.0,2,0,18.0,0,0,250,38,212,212,0.848,0,0.0,0,0.0,212,1.0,0,,,
40.0,28.0,2,0,24.0,0,0,250,38,212,212,0.848,0,0.0,0,0.0,212,1.0,0,,,
40.0,28.0,2,0,32.0,0,0,250,38,212,212,0.848,0,0.0,0,0.0,212,1.0,0,,,
40.0,28.0,2,0,48.0,0,0,250,38,212,212,0.848,0,0.0,0,0.0,212,1.0,0,,,
40.0,28.0,2,1,12.0,0,0,250,38,212,212,0.848,0,0.0,0,0.0,212,1.0,0,,,
40.0,28.0,2,1,18.0,0,0,250,38,212,212,0.848,0,0.0,0,0.0,212,1.0,0,,,
40.0,28.0,2,1,24.0,0,0,250,38,212,212,0.848,0,0.0,0,0.0,212,1.0,0,,,
40.0,28.0,2,1,32.0,0,0,250,38,212,212,0.848,0,0.0,0,0.0,212,1.0,0,,,
40.0,28.0,2,1,48.0,0,0,250,38,212,212,0.848,0,0.0,0,0.0,212,1.0,0,,,
40.0,28.0,2,2,12.0,0,0,250,38,212,212,0.848,0,0.0,0,0.0,212,1.0,0,,,
40.0,28.0,2,2,18.0,0,0,250,38,212,212,0.848,0,0.0,0,0.0,212,1.0,0,,,
40.0,28.0,2,2,24.0,0,0,250,38,212,212,0.848,0,0.0,0,0.0,212,1.0,0,,,
40.0,28.0,2,2,32.0,0,0,250,38,212,212,0.848,0,0.0,0,0.0,212,1.0,0,,,
40.0,28.0,2,2,48.0,0,0,250,38,212,212,0.848,0,0.0,0,0.0,212,1.0,0,,,
40.0,28.0,3,0,12.0,0,0,250,38,212,212,0.848,0,0.0,0,0.0,212,1.0,0,,,
40.0,28.0,3,0,18.0,0,0,250,38,212,212,0.848,0,0.0,0,0.0,212,1.0,0,,,
40.0,28.0,3,0,24.0,0,0,250,38,212,212,0.848,0,0.0,0,0.0,212,1.0,0,,,
40.0,28.0,3,0,32.0,0,0,250,38,212,212,0.848,0,0.0,0,0.0,212,1.0,0,,,
40.0,28.0,3,0,48.0,0,0,250,38,212,212,0.848,0,0.0,0,0.0,212,1.0,0,,,
40.0,28.0,3,1,12.0,0,0,250,38,212,212,0.848,0,0.0,0,0.0,212,1.0,0,,,
40.0,28.0,3,1,18.0,0,0,250,38,212,212,0.848,0,0.0,0,0.0,212,1.0,0,,,
40.0,28.0,3,1,24.0,0,0,250,38,212,212,0.848,0,0.0,0,0.0,212,1.0,0,,,
40.0,28.0,3,1,32.0,0,0,250,38,212,212,0.848,0,0.0,0,0.0,212,1.0,0,,,
40.0,28.0,3,1,48.0,0,0,250,38,212,212,0.848,0,0.0,0,0.0,212,1.0,0,,,
40.0,28.0,3,2,12.0,0,0,250,38,212,212,0.848,0,0.0,0,0.0,212,1.0,0,,,
40.0,28.0,3,2,18.0,0,0,250,38,212,212,0.848,0,0.0,0,0.0,212,1.0,0,,,
40.0,28.0,3,2,24.0,0,0,250,38,212,212,0.848,0,0.0,0,0.0,212,1.0,0,,,
40.0,28.0,3,2,32.0,0,0,250,38,212,212,0.848,0,0.0,0,0.0,212,1.0,0,,,
40.0,28.0,3,2,48.0,0,0,250,38,212,212,0.848,0,0.0,0,0.0,212,1.0,0,,,
40.0,30.0,1,0,12.0,0,0,250,38,212,212,0.848,0,0.0,0,0.0,212,1.0,0,,,
40.0,30.0,1,0,18.0,0,0,250,38,212,212,0.848,0,0.0,0,0.0,212,1.0,0,,,
40.0,30.0,1,0,24.0,0,0,250,38,212,212,0.848,0,0.0,0,0.0,212,1.0,0,,,
40.0,30.0,1,0,32.0,0,0,250,38,212,212,0.848,0,0.0,0,0.0,212,1.0,0,,,
40.0,30.0,1,0,48.0,0,0,250,38,212,212,0.848,0,0.0,0,0.0,212,1.0,0,,,
40.0,30.0,1,1,12.0,0,0,250,38,212,212,0.848,0,0.0,0,0.0,212,1.0,0,,,
40.0,30.0,1,1,18.0,0,0,250,38,212,212,0.848,0,0.0,0,0.0,212,1.0,0,,,
40.0,30.0,1,1,24.0,0,0,250,38,212,212,0.848,0,0.0,0,0.0,212,1.0,0,,,
40.0,30.0,1,1,32.0,0,0,250,38,212,212,0.848,0,0.0,0,0.0,212,1.0,0,,,
40.0,30.0,1,1,48.0,0,0,250,38,212,212,0.848,0,0.0,0,0.0,212,1.0,0,,,
40.0,30.0,1,2,12.0,0,0,250,38,212,212,0.848,0,0.0,0,0.0,212,1.0,0,,,
40.0,30.0,1,2,18.0,0,0,250,38,212,212,0.848,0,0.0,0,0.0,212,1.0,0,,,
40.0,30.0,1,2,24.0,0,0,250,38,212,212,0.848,0,0.0,0,0.0,212,1.0,0,,,
40.0,30.0,1,2,32.0,0,0,250,38,212,212,0.848,0,0.0,0,0.0,212,1.0,0,,,
40.0,30.0,1,2,48.0,0,0,250,38,212,212,0.848,0,0.0,0,0.0,212,1.0,0,,,
40.0,30.0,2,0,12.0,0,0,250,38,212,212,0.848,0,0.0,0,0.0,212,1.0,0,,,
40.0,30.0,2,0,18.0,0,0,250,38,212,212,0.848,0,0.0,0,0.0,212,1.0,0,,,
40.0,30.0,2,0,24.0,0,0,250,38,212,212,0.848,0,0.0,0,0.0,212,1.0,0,,,
40.0,30.0,2,0,32.0,0,0,250,38,212,212,0.848,0,0.0,0,0.0,212,1.0,0,,,
40.0,30.0,2,0,48.0,0,0,250,38,212,212,0.848,0,0.0,0,0.0,212,1.0,0,,,
40.0,30.0,2,1,12.0,0,0,250,38,212,212,0.848,0,0.0,0,0.0,212,1.0,0,,,
40.0,30.0,2,1,18.0,0,0,250,38,212,212,0.848,0,0.0,0,0.0,212,1.0,0,,,
40.0,30.0,2,1,24.0,0,0,250,38,212,212,0.848,0,0.0,0,0.0,212,1.0,0,,,
40.0,30.0,2,1,32.0,0,0,250,38,212,212,0.848,0,0.0,0,0.0,212,1.0,0,,,
40.0,30.0,2,1,48.0,0,0,250,38,212,212,0.848,0,0.0,0,0.0,212,1.0,0,,,
40.0,30.0,2,2,12.0,0,0,250,38,212,212,0.848,0,0.0,0,0.0,212,1.0,0,,,
40.0,30.0,2,2,18.0,0,0,250,38,212,212,0.848,0,0.0,0,0.0,212,1.0,0,,,
40.0,30.0,2,2,24.0,0,0,250,38,212,212,0.848,0,0.0,0,0.0,212,1.0,0,,,
40.0,30.0,2,2,32.0,0,0,250,38,212,212,0.848,0,0.0,0,0.0,212,1.0,0,,,
40.0,30.0,2,2,48.0,0,0,250,38,212,212,0.848,0,0.0,0,0.0,212,1.0,0,,,
40.0,30.0,3,0,12.0,0,0,250,38,212,212,0.848,0,0.0,0,0.0,212,1.0,0,,,
40.0,30.0,3,0,18.0,0,0,250,38,212,212,0.848,0,0.0,0,0.0,212,1.0,0,,,
40.0,30.0,3,0,24.0,0,0,250,38,212,212,0.848,0,0.0,0,0.0,212,1.0,0,,,
40.0,30.0,3,0,32.0,0,0,250,38,212,212,0.848,0,0.0,0,0.0,212,1.0,0,,,
40.0,30.0,3,0,48.0,0,0,250,38,212,212,0.848,0,0.0,0,0.0,212,1.0,0,,,
40.0,30.0,3,1,12.0,0,0,250,38,212,212,0.848,0,0.0,0,0.0,212,1.0,0,,,
40.0,30.0,3,1,18.0,0,0,250,38,212,212,0.848,0,0.0,0,0.0,212,1.0,0,,,
40.0,30.0,3,1,24.0,0,0,250,38,212,212,0.848,0,0.0,0,0.0,212,1.0,0,,,
40.0,30.0,3,1,32.0,0,0,250,38,212,212,0.848,0,0.0,0,0.0,212,1.0,0,,,
40.0,30.0,3,1,48.0,0,0,250,38,212,212,0.848,0,0.0,0,0.0,212,1.0,0,,,
40.0,30.0,3,2,12.0,0,0,250,38,212,212,0.848,0,0.0,0,0.0,212,1.0,0,,,
40.0,30.0,3,2,18.0,0,0,250,38,212,212,0.848,0,0.0,0,0.0,212,1.0,0,,,
40.0,30.0,3,2,24.0,0,0,250,38,212,212,0.848,0,0.0,0,0.0,212,1.0,0,,,
40.0,30.0,3,2,32.0,0,0,250,38,212,212,0.848,0,0.0,0,0.0,212,1.0,0,,,
40.0,30.0,3,2,48.0,0,0,250,38,212,212,0.848,0,0.0,0,0.0,212,1.0,0,,,
30.0,26.0,1,0,12.0,0,0,250,38,212,211,0.844,13,0.3421,13,0.3421,198,0.934,27,238,236,24
30.0,26.0,1,0,18.0,0,0,250,38,212,211,0.844,13,0.3421,13,0.3421,198,0.934,27,238,236,24
30.0,26.0,1,0,24.0,0,0,250,38,212,211,0.844,13,0.3421,13,0.3421,198,0.934,27,238,236,24
30.0,26.0,1,0,32.0,0,0,250,38,212,211,0.844,13,0.3421,13,0.3421,198,0.934,27,238,236,24
30.0,26.0,1,0,48.0,0,0,250,38,212,211,0.844,13,0.3421,13,0.3421,198,0.934,27,238,236,24
26.0,26.0,2,0,12.0,0,0,250,38,212,211,0.844,11,0.2895,11,0.2895,200,0.9434,23,239,239,27
26.0,26.0,2,0,18.0,0,0,250,38,212,211,0.844,11,0.2895,11,0.2895,200,0.9434,23,239,239,27
26.0,26.0,2,0,24.0,0,0,250,38,212,211,0.844,11,0.2895,11,0.2895,200,0.9434,23,239,239,27
26.0,26.0,2,0,32.0,0,0,250,38,212,211,0.844,11,0.2895,11,0.2895,200,0.9434,23,239,239,27
26.0,26.0,2,0,48.0,0,0,250,38,212,211,0.844,11,0.2895,11,0.2895,200,0.9434,23,239,239,27
28.0,24.0,2,0,12.0,0,0,250,38,212,211,0.844,11,0.2895,11,0.2895,200,0.9434,23,239,239,27
28.0,24.0,2,0,18.0,0,0,250,38,212,211,0.844,11,0.2895,11,0.2895,200,0.9434,23,239,239,27
28.0,24.0,2,0,24.0,0,0,250,38,212,211,0.844,11,0.2895,11,0.2895,200,0.9434,23,239,239,27
28.0,24.0,2,0,32.0,0,0,250,38,212,211,0.844,11,0.2895,11,0.2895,200,0.9434,23,239,239,27
28.0,24.0,2,0,48.0,0,0,250,38,212,211,0.844,11,0.2895,11,0.2895,200,0.9434,23,239,239,27
28.0,24.0,2,1,12.0,0,0,250,38,212,211,0.844,11,0.2895,11,0.2895,200,0.9434,23,239,239,27
28.0,24.0,2,1,18.0,0,0,250,38,212,211,0.844,11,0.2895,11,0.2895,200,0.9434,23,239,239,27
28.0,24.0,2,1,24.0,0,0,250,38,212,211,0.844,11,0.2895,11,0.2895,200,0.9434,23,239,239,27
28.0,24.0,2,1,32.0,0,0,250,38,212,211,0.844,11,0.2895,11,0.2895,200,0.9434,23,239,239,27
28.0,24.0,2,1,48.0,0,0,250,38,212,211,0.844,11,0.2895,11,0.2895,200,0.9434,23,239,239,27
28.0,24.0,2,2,12.0,0,0,250,38,212,211,0.844,11,0.2895,11,0.2895,200,0.9434,23,239,239,27
28.0,24.0,2,2,18.0,0,0,250,38,212,211,0.844,11,0.2895,11,0.2895,200,0.9434,23,239,239,27
28.0,24.0,2,2,24.0,0,0,250,38,212,211,0.844,11,0.2895,11,0.2895,200,0.9434,23,239,239,27
28.0,24.0,2,2,32.0,0,0,250,38,212,211,0.844,11,0.2895,11,0.2895,200,0.9434,23,239,239,27
28.0,24.0,2,2,48.0,0,0,250,38,212,211,0.844,11,0.2895,11,0.2895,200,0.9434,23,239,239,27
26.0,26.0,3,1,12.0,0,0,250,38,212,211,0.844,10,0.2632,10,0.2632,201,0.9481,21,240,240,28
26.0,26.0,3,1,18.0,0,0,250,38,212,211,0.844,10,0.2632,10,0.2632,201,0.9481,21,240,240,28
26.0,26.0,3,1,24.0,0,0,250,38,212,211,0.844,10,0.2632,10,0.2632,201,0.9481,21,240,240,28
26.0,26.0,3,1,32.0,0,0,250,38,212,211,0.844,10,0.2632,10,0.2632,201,0.9481,21,240,240,28
26.0,26.0,3,1,48.0,0,0,250,38,212,211,0.844,10,0.2632,10,0.2632,201,0.9481,21,240,240,28
26.0,26.0,3,2,12.0,0,0,250,38,212,211,0.844,10,0.2632,10,0.2632,201,0.9481,21,240,240,28
26.0,26.0,3,2,18.0,0,0,250,38,212,211,0.844,10,0.2632,10,0.2632,201,0.9481,21,240,240,28
26.0,26.0,3,2,24.0,0,0,250,38,212,211,0.844,10,0.2632,10,0.2632,201,0.9481,21,240,240,28
26.0,26.0,3,2,32.0,0,0,250,38,212,211,0.844,10,0.2632,10,0.2632,201,0.9481,21,240,240,28
26.0,26.0,3,2,48.0,0,0,250,38,212,211,0.844,10,0.2632,10,0.2632,201,0.9481,21,240,240,28
28.0,22.0,3,0,12.0,0,0,250,38,212,211,0.844,10,0.2632,10,0.2632,201,0.9481,21,240,240,28
28.0,22.0,3,0,18.0,0,0,250,38,212,211,0.844,10,0.2632,10,0.2632,201,0.9481,21,240,240,28
28.0,22.0,3,0,24.0,0,0,250,38,212,211,0.844,10,0.2632,10,0.2632,201,0.9481,21,240,240,28
28.0,22.0,3,0,32.0,0,0,250,38,212,211,0.844,10,0.2632,10,0.2632,201,0.9481,21,240,240,28
28.0,22.0,3,0,48.0,0,0,250,38,212,211,0.844,10,0.2632,10,0.2632,201,0.9481,21,240,240,28
28.0,22.0,3,1,12.0,0,0,250,38,212,211,0.844,10,0.2632,10,0.2632,201,0.9481,21,240,240,28
28.0,22.0,3,1,18.0,0,0,250,38,212,211,0.844,10,0.2632,10,0.2632,201,0.9481,21,240,240,28
28.0,22.0,3,1,24.0,0,0,250,38,212,211,0.844,10,0.2632,10,0.2632,201,0.9481,21,240,240,28
28.0,22.0,3,1,32.0,0,0,250,38,212,211,0.844,10,0.2632,10,0.2632,201,0.9481,21,240,240,28
28.0,22.0,3,1,48.0,0,0,250,38,212,211,0.844,10,0.2632,10,0.2632,201,0.9481,21,240,240,28
28.0,22.0,3,2,12.0,0,0,250,38,212,211,0.844,10,0.2632,10,0.2632,201,0.9481,21,240,240,28
30.0,6.0,2,0,12.0,0,0,250,38,212,211,0.844,6,0.1579,6,0.1579,205,0.967,13,244,244,32
30.0,6.0,2,0,18.0,0,0,250,38,212,211,0.844,6,0.1579,6,0.1579,205,0.967,13,244,244,32
30.0,6.0,2,0,24.0,0,0,250,38,212,211,0.844,6,0.1579,6,0.1579,205,0.967,13,244,244,32
30.0,6.0,2,0,32.0,0,0,250,38,212,211,0.844,6,0.1579,6,0.1579,205,0.967,13,244,244,32
30.0,6.0,2,0,48.0,0,0,250,38,212,211,0.844,6,0.1579,6,0.1579,205,0.967,13,244,244,32
30.0,6.0,2,1,12.0,0,0,250,38,212,211,0.844,6,0.1579,6,0.1579,205,0.967,13,244,244,32
30.0,6.0,2,1,18.0,0,0,250,38,212,211,0.844,6,0.1579,6,0.1579,205,0.967,13,244,244,32
30.0,6.0,2,1,24.0,0,0,250,38,212,211,0.844,6,0.1579,6,0.1579,205,0.967,13,244,244,32
30.0,6.0,2,1,32.0,0,0,250,38,212,211,0.844,6,0.1579,6,0.1579,205,0.967,13,244,244,32
30.0,6.0,2,1,48.0,0,0,250,38,212,211,0.844,6,0.1579,6,0.1579,205,0.967,13,244,244,32
30.0,6.0,2,2,12.0,0,0,250,38,212,211,0.844,6,0.1579,6,0.1579,205,0.967,13,244,244,32
30.0,6.0,2,2,18.0,0,0,250,38,212,211,0.844,6,0.1579,6,0.1579,205,0.967,13,244,244,32
30.0,6.0,2,2,24.0,0,0,250,38,212,211,0.844,6,0.1579,6,0.1579,205,0.967,13,244,244,32
30.0,6.0,2,2,32.0,0,0,250,38,212,211,0.844,6,0.1579,6,0.1579,205,0.967,13,244,244,32
30.0,6.0,2,2,48.0,0,0,250,38,212,211,0.844,6,0.1579,6,0.1579,205,0.967,13,244,244,32
30.0,8.0,2,0,12.0,0,0,250,38,212,211,0.844,6,0.1579,6,0.1579,205,0.967,13,244,244,32
30.0,8.0,2,0,18.0,0,0,250,38,212,211,0.844,6,0.1579,6,0.1579,205,0.967,13,244,244,32
30.0,8.0,2,0,24.0,0,0,250,38,212,211,0.844,6,0.1579,6,0.1579,205,0.967,13,244,244,32
30.0,8.0,2,0,32.0,0,0,250,38,212,211,0.844,6,0.1579,6,0.1579,205,0.967,13,244,244,32
30.0,8.0,2,0,48.0,0,0,250,38,212,211,0.844,6,0.1579,6,0.1579,205,0.967,13,244,244,32
30.0,8.0,2,1,12.0,0,0,250,38,212,211,0.844,6,0.1579,6,0.1579,205,0.967,13,244,244,32
30.0,8.0,2,1,18.0,0,0,250,38,212,211,0.844,6,0.1579,6,0.1579,205,0.967,13,244,244,32
30.0,8.0,2,1,24.0,0,0,250,38,212,211,0.844,6,0.1579,6,0.1579,205,0.967,13,244,244,32
30.0,8.0,2,1,32.0,0,0,250,38,212,211,0.844,6,0.1579,6,0.1579,205,0.967,13,244,244,32
30.0,8.0,2,1,48.0,0,0,250,38,212,211,0.844,6,0.1579,6,0.1579,205,0.967,13,244,244,32
30.0,8.0,2,2,12.0,0,0,250,38,212,211,0.844,6,0.1579,6,0.1579,205,0.967,13,244,244,32
30.0,8.0,2,2,18.0,0,0,250,38,212,211,0.844,6,0.1579,6,0.1579,205,0.967,13,244,244,32
30.0,8.0,2,2,24.0,0,0,250,38,212,211,0.844,6,0.1579,6,0.1579,205,0.967,13,244,244,32
30.0,8.0,2,2,32.0,0,0,250,38,212,211,0.844,6,0.1579,6,0.1579,205,0.967,13,244,244,32
30.0,8.0,2,2,48.0,0,0,250,38,212,211,0.844,6,0.1579,6,0.1579,205,0.967,13,244,244,32
30.0,10.0,2,0,12.0,0,0,250,38,212,211,0.844,6,0.1579,6,0.1579,205,0.967,13,244,244,32
30.0,10.0,2,0,18.0,0,0,250,38,212,211,0.844,6,0.1579,6,0.1579,205,0.967,13,244,244,32
30.0,10.0,2,0,24.0,0,0,250,38,212,211,0.844,6,0.1579,6,0.1579,205,0.967,13,244,244,32
30.0,10.0,2,0,32.0,0,0,250,38,212,211,0.844,6,0.1579,6,0.1579,205,0.967,13,244,244,32
30.0,10.0,2,0,48.0,0,0,250,38,212,211,0.844,6,0.1579,6,0.1579,205,0.967,13,244,244,32
30.0,10.0,2,1,12.0,0,0,250,38,212,211,0.844,6,0.1579,6,0.1579,205,0.967,13,244,244,32
30.0,10.0,2,1,18.0,0,0,250,38,212,211,0.844,6,0.1579,6,0.1579,205,0.967,13,244,244,32
30.0,10.0,2,1,24.0,0,0,250,38,212,211,0.844,6,0.1579,6,0.1579,205,0.967,13,244,244,32
30.0,10.0,2,1,32.0,0,0,250,38,212,211,0.844,6,0.1579,6,0.1579,205,0.967,13,244,244,32
30.0,10.0,2,1,48.0,0,0,250,38,212,211,0.844,6,0.1579,6,0.1579,205,0.967,13,244,244,32
30.0,10.0,2,2,12.0,0,0,250,38,212,211,0.844,6,0.1579,6,0.1579,205,0.967,13,244,244,32
30.0,10.0,2,2,18.0,0,0,250,38,212,211,0.844,6,0.1579,6,0.1579,205,0.967,13,244,244,32
30.0,10.0,2,2,24.0,0,0,250,38,212,211,0.844,6,0.1579,6,0.1579,205,0.967,13,244,244,32
30.0,10.0,2,2,32.0,0,0,250,38,212,211,0.844,6,0.1579,6,0.1579,205,0.967,13,244,244,32
30.0,10.0,2,2,48.0,0,0,250,38,212,211,0.844,6,0.1579,6,0.1579,205,0.967,13,244,244,32
30.0,12.0,2,0,12.0,0,0,250,38,212,211,0.844,6,0.1579,6,0.1579,205,0.967,13,244,244,32
30.0,12.0,2,0,18.0,0,0,250,38,212,211,0.844,6,0.1579,6,0.1579,205,0.967,13,244,244,32
30.0,12.0,2,0,24.0,0,0,250,38,212,211,0.844,6,0.1579,6,0.1579,205,0.967,13,244,244,32
30.0,12.0,2,0,32.0,0,0,250,38,212,211,0.844,6,0.1579,6,0.1579,205,0.967,13,244,244,32
30.0,12.0,2,0,48.0,0,0,250,38,212,211,0.844,6,0.1579,6,0.1579,205,0.967,13,244,244,32
30.0,12.0,2,1,12.0,0,0,250,38,212,211,0.844,6,0.1579,6,0.1579,205,0.967,13,244,244,32
30.0,12.0,2,1,18.0,0,0,250,38,212,211,0.844,6,0.1579,6,0.1579,205,0.967,13,244,244,32
30.0,12.0,2,1,24.0,0,0,250,38,212,211,0.844,6,0.1579,6,0.1579,205,0.967,13,244,244,32
30.0,12.0,2,1,32.0,0,0,250,38,212,211,0.844,6,0.1579,6,0.1579,205,0.967,13,244,244,32
30.0,12.0,2,1,48.0,0,0,250,38,212,211,0.844,6,0.1579,6,0.1579,205,0.967,13,244,244,32
30.0,12.0,2,2,12.0,0,0,250,38,212,211,0.844,6,0.1579,6,0.1579,205,0.967,13,244,244,32
30.0,12.0,2,2,18.0,0,0,250,38,212,211,0.844,6,0.1579,6,0.1579,205,0.967,13,244,244,32
30.0,12.0,2,2,24.0,0,0,250,38,212,211,0.844,6,0.1579,6,0.1579,205,0.967,13,244,244,32
30.0,12.0,2,2,32.0,0,0,250,38,212,211,0.844,6,0.1579,6,0.1579,205,0.967,13,244,244,32
30.0,12.0,2,2,48.0,0,0,250,38,212,211,0.844,6,0.1579,6,0.1579,205,0.967,13,244,244,32
30.0,14.0,2,0,12.0,0,0,250,38,212,211,0.844,6,0.1579,6,0.1579,205,0.967,13,244,244,32
30.0,14.0,2,0,18.0,0,0,250,38,212,211,0.844,6,0.1579,6,0.1579,205,0.967,13,244,244,32
30.0,14.0,2,0,24.0,0,0,250,38,212,211,0.844,6,0.1579,6,0.1579,205,0.967,13,244,244,32
30.0,14.0,2,0,32.0,0,0,250,38,212,211,0.844,6,0.1579,6,0.1579,205,0.967,13,244,244,32
30.0,14.0,2,0,48.0,0,0,250,38,212,211,0.844,6,0.1579,6,0.1579,205,0.967,13,244,244,32
30.0,14.0,2,1,12.0,0,0,250,38,212,211,0.844,6,0.1579,6,0.1579,205,0.967,13,244,244,32
30.0,14.0,2,1,18.0,0,0,250,38,212,211,0.844,6,0.1579,6,0.1579,205,0.967,13,244,244,32
30.0,14.0,2,1,24.0,0,0,250,38,212,211,0.844,6,0.1579,6,0.1579,205,0.967,13,244,244,32
30.0,14.0,2,1,32.0,0,0,250,38,212,211,0.844,6,0.1579,6,0.1579,205,0.967,13,244,244,32
30.0,14.0,2,1,48.0,0,0,250,38,212,211,0.844,6,0.1579,6,0.1579,205,0.967,13,244,244,32
30.0,14.0,2,2,12.0,0,0,250,38,212,211,0.844,6,0.1579,6,0.1579,205,0.967,13,244,244,32
30.0,14.0,2,2,18.0,0,0,250,38,212,211,0.844,6,0.1579,6,0.1579,205,0.967,13,244,244,32
30.0,14.0,2,2,24.0,0,0,250,38,212,211,0.844,6,0.1579,6,0.1579,205,0.967,13,244,244,32
30.0,14.0,2,2,32.0,0,0,250,38,212,211,0.844,6,0.1579,6,0.1579,205,0.967,13,244,244,32
30.0,14.0,2,2,48.0,0,0,250,38,212,211,0.844,6,0.1579,6,0.1579,205,0.967,13,244,244,32
30.0,30.0,2,1,12.0,0,0,250,38,212,211,0.844,4,0.1053,4,0.1053,207,0.9764,9,244,244,32
30.0,30.0,2,1,18.0,0,0,250,38,212,211,0.844,4,0.1053,4,0.1053,207,0.9764,9,244,244,32
30.0,30.0,2,1,24.0,0,0,250,38,212,211,0.844,4,0.1053,4,0.1053,207,0.9764,9,244,244,32
30.0,30.0,2,1,32.0,0,0,250,38,212,211,0.844,4,0.1053,4,0.1053,207,0.9764,9,244,244,32
30.0,30.0,2,1,48.0,0,0,250,38,212,211,0.844,4,0.1053,4,0.1053,207,0.9764,9,244,244,32
30.0,30.0,2,2,12.0,0,0,250,38,212,211,0.844,4,0.1053,4,0.1053,207,0.9764,9,244,244,32
30.0,30.0,2,2,18.0,0,0,250,38,212,211,0.844,4,0.1053,4,0.1053,207,0.9764,9,244,244,32
30.0,30.0,2,2,24.0,0,0,250,38,212,211,0.844,4,0.1053,4,0.1053,207,0.9764,9,244,244,32
30.0,30.0,2,2,32.0,0,0,250,38,212,211,0.844,4,0.1053,4,0.1053,207,0.9764,9,244,244,32
30.0,30.0,2,2,48.0,0,0,250,38,212,211,0.844,4,0.1053,4,0.1053,207,0.9764,9,244,244,32
36.0,6.0,1,0,12.0,0,0,250,38,212,211,0.844,4,0.1053,4,0.1053,207,0.9764,9,246,246,34
36.0,6.0,1,0,18.0,0,0,250,38,212,211,0.844,4,0.1053,4,0.1053,207,0.9764,9,246,246,34
36.0,6.0,1,0,24.0,0,0,250,38,212,211,0.844,4,0.1053,4,0.1053,207,0.9764,9,246,246,34
36.0,6.0,1,0,32.0,0,0,250,38,212,211,0.844,4,0.1053,4,0.1053,207,0.9764,9,246,246,34
36.0,6.0,1,0,48.0,0,0,250,38,212,211,0.844,4,0.1053,4,0.1053,207,0.9764,9,246,246,34
36.0,6.0,1,1,12.0,0,0,250,38,212,211,0.844,4,0.1053,4,0.1053,207,0.9764,9,246,246,34
36.0,6.0,1,1,18.0,0,0,250,38,212,211,0.844,4,0.1053,4,0.1053,207,0.9764,9,246,246,34
36.0,6.0,1,1,24.0,0,0,250,38,212,211,0.844,4,0.1053,4,0.1053,207,0.9764,9,246,246,34
36.0,6.0,1,1,32.0,0,0,250,38,212,211,0.844,4,0.1053,4,0.1053,207,0.9764,9,246,246,34
36.0,6.0,1,1,48.0,0,0,250,38,212,211,0.844,4,0.1053,4,0.1053,207,0.9764,9,246,246,34
36.0,6.0,1,2,12.0,0,0,250,38,212,211,0.844,4,0.1053,4,0.1053,207,0.9764,9,246,246,34
36.0,6.0,1,2,18.0,0,0,250,38,212,211,0.844,4,0.1053,4,0.1053,207,0.9764,9,246,246,34
36.0,6.0,1,2,24.0,0,0,250,38,212,211,0.844,4,0.1053,4,0.1053,207,0.9764,9,246,246,34
36.0,6.0,1,2,32.0,0,0,250,38,212,211,0.844,4,0.1053,4,0.1053,207,0.9764,9,246,246,34
36.0,6.0,1,2,48.0,0,0,250,38,212,211,0.844,4,0.1053,4,0.1053,207,0.9764,9,246,246,34
36.0,8.0,1,0,12.0,0,0,250,38,212,211,0.844,4,0.1053,4,0.1053,207,0.9764,9,246,246,34
36.0,8.0,1,0,18.0,0,0,250,38,212,211,0.844,4,0.1053,4,0.1053,207,0.9764,9,246,246,34
36.0,8.0,1,0,24.0,0,0,250,38,212,211,0.844,4,0.1053,4,0.1053,207,0.9764,9,246,246,34
36.0,8.0,1,0,32.0,0,0,250,38,212,211,0.844,4,0.1053,4,0.1053,207,0.9764,9,246,246,34
36.0,8.0,1,0,48.0,0,0,250,38,212,211,0.844,4,0.1053,4,0.1053,207,0.9764,9,246,246,34
36.0,8.0,1,1,12.0,0,0,250,38,212,211,0.844,4,0.1053,4,0.1053,207,0.9764,9,246,246,34
36.0,8.0,1,1,18.0,0,0,250,38,212,211,0.844,4,0.1053,4,0.1053,207,0.9764,9,246,246,34
36.0,8.0,1,1,24.0,0,0,250,38,212,211,0.844,4,0.1053,4,0.1053,207,0.9764,9,246,246,34
36.0,8.0,1,1,32.0,0,0,250,38,212,211,0.844,4,0.1053,4,0.1053,207,0.9764,9,246,246,34
36.0,8.0,1,1,48.0,0,0,250,38,212,211,0.844,4,0.1053,4,0.1053,207,0.9764,9,246,246,34
36.0,8.0,1,2,12.0,0,0,250,38,212,211,0.844,4,0.1053,4,0.1053,207,0.9764,9,246,246,34
36.0,8.0,1,2,18.0,0,0,250,38,212,211,0.844,4,0.1053,4,0.1053,207,0.9764,9,246,246,34
36.0,8.0,1,2,24.0,0,0,250,38,212,211,0.844,4,0.1053,4,0.1053,207,0.9764,9,246,246,34
36.0,8.0,1,2,32.0,0,0,250,38,212,211,0.844,4,0.1053,4,0.1053,207,0.9764,9,246,246,34
36.0,8.0,1,2,48.0,0,0,250,38,212,211,0.844,4,0.1053,4,0.1053,207,0.9764,9,246,246,34
36.0,10.0,1,0,12.0,0,0,250,38,212,211,0.844,4,0.1053,4,0.1053,207,0.9764,9,246,246,34
36.0,10.0,1,0,18.0,0,0,250,38,212,211,0.844,4,0.1053,4,0.1053,207,0.9764,9,246,246,34
36.0,10.0,1,0,24.0,0,0,250,38,212,211,0.844,4,0.1053,4,0.1053,207,0.9764,9,246,246,34
36.0,10.0,1,0,32.0,0,0,250,38,212,211,0.844,4,0.1053,4,0.1053,207,0.9764,9,246,246,34
36.0,10.0,1,0,48.0,0,0,250,38,212,211,0.844,4,0.1053,4,0.1053,207,0.9764,9,246,246,34
36.0,10.0,1,1,12.0,0,0,250,38,212,211,0.844,4,0.1053,4,0.1053,207,0.9764,9,246,246,34
36.0,10.0,1,1,18.0,0,0,250,38,212,211,0.844,4,0.1053,4,0.1053,207,0.9764,9,246,246,34
36.0,10.0,1,1,24.0,0,0,250,38,212,211,0.844,4,0.1053,4,0.1053,207,0.9764,9,246,246,34
36.0,10.0,1,1,32.0,0,0,250,38,212,211,0.844,4,0.1053,4,0.1053,207,0.9764,9,246,246,34
36.0,10.0,1,1,48.0,0,0,250,38,212,211,0.844,4,0.1053,4,0.1053,207,0.9764,9,246,246,34
36.0,10.0,1,2,12.0,0,0,250,38,212,211,0.844,4,0.1053,4,0.1053,207,0.9764,9,246,246,34
36.0,10.0,1,2,18.0,0,0,250,38,212,211,0.844,4,0.1053,4,0.1053,207,0.9764,9,246,246,34
36.0,10.0,1,2,24.0,0,0,250,38,212,211,0.844,4,0.1053,4,0.1053,207,0.9764,9,246,246,34
36.0,10.0,1,2,32.0,0,0,250,38,212,211,0.844,4,0.1053,4,0.1053,207,0.9764,9,246,246,34
36.0,10.0,1,2,48.0,0,0,250,38,212,211,0.844,4,0.1053,4,0.1053,207,0.9764,9,246,246,34
36.0,12.0,1,0,12.0,0,0,250,38,212,211,0.844,4,0.1053,4,0.1053,207,0.9764,9,246,246,34
36.0,12.0,1,0,18.0,0,0,250,38,212,211,0.844,4,0.1053,4,0.1053,207,0.9764,9,246,246,34
36.0,12.0,1,0,24.0,0,0,250,38,212,211,0.844,4,0.1053,4,0.1053,207,0.9764,9,246,246,34
36.0,12.0,1,0,32.0,0,0,250,38,212,211,0.844,4,0.1053,4,0.1053,207,0.9764,9,246,246,34
36.0,12.0,1,0,48.0,0,0,250,38,212,211,0.844,4,0.1053,4,0.1053,207,0.9764,9,246,246,34
36.0,12.0,1,1,12.0,0,0,250,38,212,211,0.844,4,0.1053,4,0.1053,207,0.9764,9,246,246,34
36.0,12.0,1,1,18.0,0,0,250,38,212,211,0.844,4,0.1053,4,0.1053,207,0.9764,9,246,246,34
36.0,12.0,1,1,24.0,0,0,250,38,212,211,0.844,4,0.1053,4,0.1053,207,0.9764,9,246,246,34
36.0,12.0,1,1,32.0,0,0,250,38,212,211,0.844,4,0.1053,4,0.1053,207,0.9764,9,246,246,34
36.0,12.0,1,1,48.0,0,0,250,38,212,211,0.844,4,0.1053,4,0.1053,207,0.9764,9,246,246,34
36.0,12.0,1,2,12.0,0,0,250,38,212,211,0.844,4,0.1053,4,0.1053,207,0.9764,9,246,246,34
36.0,12.0,1,2,18.0,0,0,250,38,212,211,0.844,4,0.1053,4,0.1053,207,0.9764,9,246,246,34
36.0,12.0,1,2,24.0,0,0,250,38,212,211,0.844,4,0.1053,4,0.1053,207,0.9764,9,246,246,34
36.0,12.0,1,2,32.0,0,0,250,38,212,211,0.844,4,0.1053,4,0.1053,207,0.9764,9,246,246,34
36.0,12.0,1,2,48.0,0,0,250,38,212,211,0.844,4,0.1053,4,0.1053,207,0.9764,9,246,246,34
36.0,14.0,1,0,12.0,0,0,250,38,212,211,0.844,4,0.1053,4,0.1053,207,0.9764,9,246,246,34
36.0,14.0,1,0,18.0,0,0,250,38,212,211,0.844,4,0.1053,4,0.1053,207,0.9764,9,246,246,34
36.0,14.0,1,0,24.0,0,0,250,38,212,211,0.844,4,0.1053,4,0.1053,207,0.9764,9,246,246,34
36.0,14.0,1,0,32.0,0,0,250,38,212,211,0.844,4,0.1053,4,0.1053,207,0.9764,9,246,246,34
36.0,14.0,1,0,48.0,0,0,250,38,212,211,0.844,4,0.1053,4,0.1053,207,0.9764,9,246,246,34
36.0,14.0,1,1,12.0,0,0,250,38,212,211,0.844,4,0.1053,4,0.1053,207,0.9764,9,246,246,34
36.0,14.0,1,1,18.0,0,0,250,38,212,211,0.844,4,0.1053,4,0.1053,207,0.9764,9,246,246,34
36.0,14.0,1,1,24.0,0,0,250,38,212,211,0.844,4,0.1053,4,0.1053,207,0.9764,9,246,246,34
36.0,14.0,1,1,32.0,0,0,250,38,212,211,0.844,4,0.1053,4,0.1053,207,0.9764,9,246,246,34
36.0,14.0,1,1,48.0,0,0,250,38,212,211,0.844,4,0.1053,4,0.1053,207,0.9764,9,246,246,34
36.0,14.0,1,2,12.0,0,0,250,38,212,211,0.844,4,0.1053,4,0.1053,207,0.9764,9,246,246,34
36.0,14.0,1,2,18.0,0,0,250,38,212,211,0.844,4,0.1053,4,0.1053,207,0.9764,9,246,246,34
36.0,14.0,1,2,24.0,0,0,250,38,212,211,0.844,4,0.1053,4,0.1053,207,0.9764,9,246,246,34
36.0,14.0,1,2,32.0,0,0,250,38,212,211,0.844,4,0.1053,4,0.1053,207,0.9764,9,246,246,34
36.0,14.0,1,2,48.0,0,0,250,38,212,211,0.844,4,0.1053,4,0.1053,207,0.9764,9,246,246,34
30.0,24.0,1,0,12.0,0,0,250,38,212,210,0.84,14,0.3684,14,0.3684,196,0.9245,30,236,236,24
30.0,24.0,1,0,18.0,0,0,250,38,212,210,0.84,14,0.3684,14,0.3684,196,0.9245,30,236,236,24
30.0,24.0,1,0,24.0,0,0,250,38,212,210,0.84,14,0.3684,14,0.3684,196,0.9245,30,236,236,24
30.0,24.0,1,0,32.0,0,0,250,38,212,210,0.84,14,0.3684,14,0.3684,196,0.9245,30,236,236,24
30.0,24.0,1,0,48.0,0,0,250,38,212,210,0.84,14,0.3684,14,0.3684,196,0.9245,30,236,236,24
30.0,24.0,1,1,12.0,0,0,250,38,212,210,0.84,14,0.3684,14,0.3684,196,0.9245,30,236,236,24
30.0,24.0,1,1,18.0,0,0,250,38,212,210,0.84,14,0.3684,14,0.3684,196,0.9245,30,236,236,24
30.0,24.0,1,1,24.0,0,0,250,38,212,210,0.84,14,0.3684,14,0.3684,196,0.9245,30,236,236,24
30.0,24.0,1,1,32.0,0,0,250,38,212,210,0.84,14,0.3684,14,0.3684,196,0.9245,30,236,236,24
30.0,24.0,1,1,48.0,0,0,250,38,212,210,0.84,14,0.3684,14,0.3684,196,0.9245,30,236,236,24
30.0,24.0,1,2,12.0,0,0,250,38,212,210,0.84,14,0.3684,14,0.3684,196,0.9245,30,236,236,24
30.0,24.0,1,2,18.0,0,0,250,38,212,210,0.84,14,0.3684,14,0.3684,196,0.9245,30,236,236,24
30.0,24.0,1,2,24.0,0,0,250,38,212,210,0.84,14,0.3684,14,0.3684,196,0.9245,30,236,236,24
30.0,24.0,1,2,32.0,0,0,250,38,212,210,0.84,14,0.3684,14,0.3684,196,0.9245,30,236,236,24
30.0,24.0,1,2,48.0,0,0,250,38,212,210,0.84,14,0.3684,14,0.3684,196,0.9245,30,236,236,24
28.0,26.0,1,0,12.0,0,0,250,38,212,210,0.84,14,0.3684,14,0.3684,196,0.9245,31,238,231,19
28.0,26.0,1,0,18.0,0,0,250,38,212,210,0.84,14,0.3684,14,0.3684,196,0.9245,31,238,231,19
28.0,26.0,1,0,24.0,0,0,250,38,212,210,0.84,14,0.3684,14,0.3684,196,0.9245,31,238,231,19
28.0,26.0,1,0,32.0,0,0,250,38,212,210,0.84,14,0.3684,14,0.3684,196,0.9245,31,238,231,19
28.0,26.0,1,0,48.0,0,0,250,38,212,210,0.84,14,0.3684,14,0.3684,196,0.9245,31,238,231,19
30.0,26.0,1,1,12.0,0,0,250,38,212,210,0.84,13,0.3421,13,0.3421,197,0.9292,28,236,236,24
30.0,26.0,1,1,18.0,0,0,250,38,212,210,0.84,13,0.3421,13,0.3421,197,0.9292,28,236,236,24
30.0,26.0,1,1,24.0,0,0,250,38,212,210,0.84,13,0.3421,13,0.3421,197,0.9292,28,236,236,24
30.0,26.0,1,1,32.0,0,0,250,38,212,210,0.84,13,0.3421,13,0.3421,197,0.9292,28,236,236,24
30.0,26.0,1,1,48.0,0,0,250,38,212,210,0.84,13,0.3421,13,0.3421,197,0.9292,28,236,236,24
30.0,26.0,1,2,12.0,0,0,250,38,212,210,0.84,13,0.3421,13,0.3421,197,0.9292,28,236,236,24
30.0,26.0,1,2,18.0,0,0,250,38,212,210,0.84,13,0.3421,13,0.3421,197,0.9292,28,236,236,24
30.0,26.0,1,2,24.0,0,0,250,38,212,210,0.84,13,0.3421,13,0.3421,197,0.9292,28,236,236,24
30.0,26.0,1,2,32.0,0,0,250,38,212,210,0.84,13,0.3421,13,0.3421,197,0.9292,28,236,236,24
30.0,26.0,1,2,48.0,0,0,250,38,212,210,0.84,13,0.3421,13,0.3421,197,0.9292,28,236,236,24
26.0,26.0,2,1,12.0,0,0,250,38,212,210,0.84,11,0.2895,11,0.2895,199,0.9387,24,239,239,27
26.0,26.0,2,1,18.0,0,0,250,38,212,210,0.84,11,0.2895,11,0.2895,199,0.9387,24,239,239,27
26.0,26.0,2,1,24.0,0,0,250,38,212,210,0.84,11,0.2895,11,0.2895,199,0.9387,24,239,239,27
26.0,26.0,2,1,32.0,0,0,250,38,212,210,0.84,11,0.2895,11,0.2895,199,0.9387,24,239,239,27
26.0,26.0,2,1,48.0,0,0,250,38,212,210,0.84,11,0.2895,11,0.2895,199,0.9387,24,239,239,27
26.0,26.0,2,2,12.0,0,0,250,38,212,210,0.84,11,0.2895,11,0.2895,199,0.9387,24,239,239,27
26.0,26.0,2,2,18.0,0,0,250,38,212,210,0.84,11,0.2895,11,0.2895,199,0.9387,24,239,239,27
26.0,26.0,2,2,24.0,0,0,250,38,212,210,0.84,11,0.2895,11,0.2895,199,0.9387,24,239,239,27
26.0,26.0,2,2,32.0,0,0,250,38,212,210,0.84,11,0.2895,11,0.2895,199,0.9387,24,239,239,27
26.0,26.0,2,2,48.0,0,0,250,38,212,210,0.84,11,0.2895,11,0.2895,199,0.9387,24,239,239,27
28.0,22.0,2,0,12.0,0,0,250,38,212,210,0.84,11,0.2895,11,0.2895,199,0.9387,24,239,239,27
28.0,22.0,2,0,18.0,0,0,250,38,212,210,0.84,11,0.2895,11,0.2895,199,0.9387,24,239,239,27
28.0,22.0,2,0,24.0,0,0,250,38,212,210,0.84,11,0.2895,11,0.2895,199,0.9387,24,239,239,27
28.0,22.0,2,0,32.0,0,0,250,38,212,210,0.84,11,0.2895,11,0.2895,199,0.9387,24,239,239,27
28.0,22.0,2,0,48.0,0,0,250,38,212,210,0.84,11,0.2895,11,0.2895,199,0.9387,24,239,239,27
28.0,22.0,2,1,12.0,0,0,250,38,212,210,0.84,11,0.2895,11,0.2895,199,0.9387,24,239,239,27
28.0,22.0,2,1,18.0,0,0,250,38,212,210,0.84,11,0.2895,11,0.2895,199,0.9387,24,239,239,27
28.0,22.0,2,1,24.0,0,0,250,38,212,210,0.84,11,0.2895,11,0.2895,199,0.9387,24,239,239,27
28.0,22.0,2,1,32.0,0,0,250,38,212,210,0.84,11,0.2895,11,0.2895,199,0.9387,24,239,239,27
28.0,22.0,2,1,48.0,0,0,250,38,212,210,0.84,11,0.2895,11,0.2895,199,0.9387,24,239,239,27
28.0,22.0,2,2,12.0,0,0,250,38,212,210,0.84,11,0.2895,11,0.2895,199,0.9387,24,239,239,27
26.0,24.0,3,0,12.0,0,0,250,38,212,210,0.84,10,0.2632,10,0.2632,200,0.9434,22,240,240,28
26.0,24.0,3,0,18.0,0,0,250,38,212,210,0.84,10,0.2632,10,0.2632,200,0.9434,22,240,240,28
26.0,24.0,3,0,24.0,0,0,250,38,212,210,0.84,10,0.2632,10,0.2632,200,0.9434,22,240,240,28
26.0,24.0,3,0,32.0,0,0,250,38,212,210,0.84,10,0.2632,10,0.2632,200,0.9434,22,240,240,28
26.0,24.0,3,0,48.0,0,0,250,38,212,210,0.84,10,0.2632,10,0.2632,200,0.9434,22,240,240,28
26.0,24.0,3,1,12.0,0,0,250,38,212,210,0.84,10,0.2632,10,0.2632,200,0.9434,22,240,240,28
26.0,24.0,3,1,18.0,0,0,250,38,212,210,0.84,10,0.2632,10,0.2632,200,0.9434,22,240,240,28
26.0,24.0,3,1,24.0,0,0,250,38,212,210,0.84,10,0.2632,10,0.2632,200,0.9434,22,240,240,28
26.0,24.0,3,1,32.0,0,0,250,38,212,210,0.84,10,0.2632,10,0.2632,200,0.9434,22,240,240,28
26.0,24.0,3,1,48.0,0,0,250,38,212,210,0.84,10,0.2632,10,0.2632,200,0.9434,22,240,240,28
26.0,24.0,3,2,12.0,0,0,250,38,212,210,0.84,10,0.2632,10,0.2632,200,0.9434,22,240,240,28
26.0,24.0,3,2,18.0,0,0,250,38,212,210,0.84,10,0.2632,10,0.2632,200,0.9434,22,240,240,28
26.0,24.0,3,2,24.0,0,0,250,38,212,210,0.84,10,0.2632,10,0.2632,200,0.9434,22,240,240,28
26.0,24.0,3,2,32.0,0,0,250,38,212,210,0.84,10,0.2632,10,0.2632,200,0.9434,22,240,240,28
26.0,24.0,3,2,48.0,0,0,250,38,212,210,0.84,10,0.2632,10,0.2632,200,0.9434,22,240,240,28
28.0,16.0,3,0,12.0,0,0,250,38,212,210,0.84,10,0.2632,10,0.2632,200,0.9434,22,240,240,28
28.0,16.0,3,0,18.0,0,0,250,38,212,210,0.84,10,0.2632,10,0.2632,200,0.9434,22,240,240,28
28.0,16.0,3,0,24.0,0,0,250,38,212,210,0.84,10,0.2632,10,0.2632,200,0.9434,22,240,240,28
28.0,16.0,3,0,32.0,0,0,250,38,212,210,0.84,10,0.2632,10,0.2632,200,0.9434,22,240,240,28
28.0,18.0,3,0,12.0,0,0,250,38,212,210,0.84,10,0.2632,10,0.2632,200,0.9434,22,240,240,28
28.0,18.0,3,0,18.0,0,0,250,38,212,210,0.84,10,0.2632,10,0.2632,200,0.9434,22,240,240,28
28.0,18.0,3,0,24.0,0,0,250,38,212,210,0.84,10,0.2632,10,0.2632,200,0.9434,22,240,240,28
28.0,18.0,3,0,32.0,0,0,250,38,212,210,0.84,10,0.2632,10,0.2632,200,0.9434,22,240,240,28
28.0,20.0,3,0,12.0,0,0,250,38,212,210,0.84,10,0.2632,10,0.2632,200,0.9434,22,240,240,28
28.0,20.0,3,0,18.0,0,0,250,38,212,210,0.84,10,0.2632,10,0.2632,200,0.9434,22,240,240,28
28.0,20.0,3,0,24.0,0,0,250,38,212,210,0.84,10,0.2632,10,0.2632,200,0.9434,22,240,240,28
28.0,20.0,3,0,32.0,0,0,250,38,212,210,0.84,10,0.2632,10,0.2632,200,0.9434,22,240,240,28
30.0,30.0,1,0,12.0,0,0,250,38,212,210,0.84,8,0.2105,8,0.2105,202,0.9528,18,246,236,24
30.0,30.0,1,0,18.0,0,0,250,38,212,210,0.84,8,0.2105,8,0.2105,202,0.9528,18,246,236,24
30.0,30.0,1,0,24.0,0,0,250,38,212,210,0.84,8,0.2105,8,0.2105,202,0.9528,18,246,236,24
30.0,30.0,1,0,32.0,0,0,250,38,212,210,0.84,8,0.2105,8,0.2105,202,0.9528,18,246,236,24
30.0,30.0,1,0,48.0,0,0,250,38,212,210,0.84,8,0.2105,8,0.2105,202,0.9528,18,246,236,24
30.0,30.0,1,1,12.0,0,0,250,38,212,210,0.84,8,0.2105,8,0.2105,202,0.9528,18,241,236,24
30.0,30.0,1,1,18.0,0,0,250,38,212,210,0.84,8,0.2105,8,0.2105,202,0.9528,18,241,236,24
30.0,30.0,1,1,24.0,0,0,250,38,212,210,0.84,8,0.2105,8,0.2105,202,0.9528,18,241,236,24
30.0,30.0,1,1,32.0,0,0,250,38,212,210,0.84,8,0.2105,8,0.2105,202,0.9528,18,241,236,24
30.0,30.0,1,1,48.0,0,0,250,38,212,210,0.84,8,0.2105,8,0.2105,202,0.9528,18,241,236,24
30.0,30.0,1,2,12.0,0,0,250,38,212,210,0.84,8,0.2105,8,0.2105,202,0.9528,18,236,236,24
30.0,30.0,1,2,18.0,0,0,250,38,212,210,0.84,8,0.2105,8,0.2105,202,0.9528,18,236,236,24
30.0,30.0,1,2,24.0,0,0,250,38,212,210,0.84,8,0.2105,8,0.2105,202,0.9528,18,236,236,24
30.0,30.0,1,2,32.0,0,0,250,38,212,210,0.84,8,0.2105,8,0.2105,202,0.9528,18,236,236,24
30.0,30.0,1,2,48.0,0,0,250,38,212,210,0.84,8,0.2105,8,0.2105,202,0.9528,18,236,236,24
32.0,30.0,1,0,12.0,0,0,250,38,212,210,0.84,6,0.1579,6,0.1579,204,0.9623,14,246,241,29
32.0,30.0,1,0,18.0,0,0,250,38,212,210,0.84,6,0.1579,6,0.1579,204,0.9623,14,246,241,29
32.0,30.0,1,0,24.0,0,0,250,38,212,210,0.84,6,0.1579,6,0.1579,204,0.9623,14,246,241,29
32.0,30.0,1,0,32.0,0,0,250,38,212,210,0.84,6,0.1579,6,0.1579,204,0.9623,14,246,241,29
32.0,30.0,1,0,48.0,0,0,250,38,212,210,0.84,6,0.1579,6,0.1579,204,0.9623,14,246,241,29
32.0,30.0,1,1,12.0,0,0,250,38,212,210,0.84,6,0.1579,6,0.1579,204,0.9623,14,241,241,29
32.0,30.0,1,1,18.0,0,0,250,38,212,210,0.84,6,0.1579,6,0.1579,204,0.9623,14,241,241,29
32.0,30.0,1,1,24.0,0,0,250,38,212,210,0.84,6,0.1579,6,0.1579,204,0.9623,14,241,241,29
32.0,30.0,1,1,32.0,0,0,250,38,212,210,0.84,6,0.1579,6,0.1579,204,0.9623,14,241,241,29
32.0,30.0,1,1,48.0,0,0,250,38,212,210,0.84,6,0.1579,6,0.1579,204,0.9623,14,241,241,29
30.0,30.0,2,0,12.0,0,0,250,38,212,210,0.84,3,0.0789,3,0.0789,207,0.9764,8,247,244,32
30.0,30.0,2,0,18.0,0,0,250,38,212,210,0.84,3,0.0789,3,0.0789,207,0.9764,8,247,244,32
30.0,30.0,2,0,24.0,0,0,250,38,212,210,0.84,3,0.0789,3,0.0789,207,0.9764,8,247,244,32
30.0,30.0,2,0,32.0,0,0,250,38,212,210,0.84,3,0.0789,3,0.0789,207,0.9764,8,247,244,32
30.0,30.0,2,0,48.0,0,0,250,38,212,210,0.84,3,0.0789,3,0.0789,207,0.9764,8,247,244,32
32.0,24.0,2,0,12.0,0,0,250,38,212,210,0.84,3,0.0789,3,0.0789,207,0.9764,8,247,247,35
32.0,24.0,2,0,18.0,0,0,250,38,212,210,0.84,3,0.0789,3,0.0789,207,0.9764,8,247,247,35
32.0,24.0,2,0,24.0,0,0,250,38,212,210,0.84,3,0.0789,3,0.0789,207,0.9764,8,247,247,35
32.0,24.0,2,0,32.0,0,0,250,38,212,210,0.84,3,0.0789,3,0.0789,207,0.9764,8,247,247,35
32.0,24.0,2,0,48.0,0,0,250,38,212,210,0.84,3,0.0789,3,0.0789,207,0.9764,8,247,247,35
32.0,24.0,2,1,12.0,0,0,250,38,212,210,0.84,3,0.0789,3,0.0789,207,0.9764,8,247,247,35
32.0,24.0,2,1,18.0,0,0,250,38,212,210,0.84,3,0.0789,3,0.0789,207,0.9764,8,247,247,35
32.0,24.0,2,1,24.0,0,0,250,38,212,210,0.84,3,0.0789,3,0.0789,207,0.9764,8,247,247,35
32.0,24.0,2,1,32.0,0,0,250,38,212,210,0.84,3,0.0789,3,0.0789,207,0.9764,8,247,247,35
32.0,24.0,2,1,48.0,0,0,250,38,212,210,0.84,3,0.0789,3,0.0789,207,0.9764,8,247,247,35
32.0,24.0,2,2,12.0,0,0,250,38,212,210,0.84,3,0.0789,3,0.0789,207,0.9764,8,247,247,35
32.0,24.0,2,2,18.0,0,0,250,38,212,210,0.84,3,0.0789,3,0.0789,207,0.9764,8,247,247,35
32.0,24.0,2,2,24.0,0,0,250,38,212,210,0.84,3,0.0789,3,0.0789,207,0.9764,8,247,247,35
32.0,24.0,2,2,32.0,0,0,250,38,212,210,0.84,3,0.0789,3,0.0789,207,0.9764,8,247,247,35
32.0,24.0,2,2,48.0,0,0,250,38,212,210,0.84,3,0.0789,3,0.0789,207,0.9764,8,247,247,35
32.0,26.0,2,0,12.0,0,0,250,38,212,210,0.84,3,0.0789,3,0.0789,207,0.9764,8,247,247,35
32.0,26.0,2,0,18.0,0,0,250,38,212,210,0.84,3,0.0789,3,0.0789,207,0.9764,8,247,247,35
32.0,26.0,2,0,24.0,0,0,250,38,212,210,0.84,3,0.0789,3,0.0789,207,0.9764,8,247,247,35
32.0,26.0,2,0,32.0,0,0,250,38,212,210,0.84,3,0.0789,3,0.0789,207,0.9764,8,247,247,35
32.0,26.0,2,0,48.0,0,0,250,38,212,210,0.84,3,0.0789,3,0.0789,207,0.9764,8,247,247,35
32.0,26.0,2,1,12.0,0,0,250,38,212,210,0.84,3,0.0789,3,0.0789,207,0.9764,8,247,247,35
32.0,26.0,2,1,18.0,0,0,250,38,212,210,0.84,3,0.0789,3,0.0789,207,0.9764,8,247,247,35
32.0,26.0,2,1,24.0,0,0,250,38,212,210,0.84,3,0.0789,3,0.0789,207,0.9764,8,247,247,35
32.0,26.0,2,1,32.0,0,0,250,38,212,210,0.84,3,0.0789,3,0.0789,207,0.9764,8,247,247,35
32.0,26.0,2,1,48.0,0,0,250,38,212,210,0.84,3,0.0789,3,0.0789,207,0.9764,8,247,247,35
32.0,26.0,2,2,12.0,0,0,250,38,212,210,0.84,3,0.0789,3,0.0789,207,0.9764,8,247,247,35
32.0,26.0,2,2,18.0,0,0,250,38,212,210,0.84,3,0.0789,3,0.0789,207,0.9764,8,247,247,35
32.0,26.0,2,2,24.0,0,0,250,38,212,210,0.84,3,0.0789,3,0.0789,207,0.9764,8,247,247,35
32.0,26.0,2,2,32.0,0,0,250,38,212,210,0.84,3,0.0789,3,0.0789,207,0.9764,8,247,247,35
32.0,26.0,2,2,48.0,0,0,250,38,212,210,0.84,3,0.0789,3,0.0789,207,0.9764,8,247,247,35
32.0,28.0,2,0,12.0,0,0,250,38,212,210,0.84,3,0.0789,3,0.0789,207,0.9764,8,247,247,35
32.0,28.0,2,0,18.0,0,0,250,38,212,210,0.84,3,0.0789,3,0.0789,207,0.9764,8,247,247,35
32.0,28.0,2,0,24.0,0,0,250,38,212,210,0.84,3,0.0789,3,0.0789,207,0.9764,8,247,247,35
32.0,28.0,2,0,32.0,0,0,250,38,212,210,0.84,3,0.0789,3,0.0789,207,0.9764,8,247,247,35
32.0,28.0,2,0,48.0,0,0,250,38,212,210,0.84,3,0.0789,3,0.0789,207,0.9764,8,247,247,35
32.0,28.0,2,1,12.0,0,0,250,38,212,210,0.84,3,0.0789,3,0.0789,207,0.9764,8,247,247,35
32.0,28.0,2,1,18.0,0,0,250,38,212,210,0.84,3,0.0789,3,0.0789,207,0.9764,8,247,247,35
32.0,28.0,2,1,24.0,0,0,250,38,212,210,0.84,3,0.0789,3,0.0789,207,0.9764,8,247,247,35
32.0,28.0,2,1,32.0,0,0,250,38,212,210,0.84,3,0.0789,3,0.0789,207,0.9764,8,247,247,35
32.0,28.0,2,1,48.0,0,0,250,38,212,210,0.84,3,0.0789,3,0.0789,207,0.9764,8,247,247,35
32.0,28.0,2,2,12.0,0,0,250,38,212,210,0.84,3,0.0789,3,0.0789,207,0.9764,8,247,247,35
32.0,28.0,2,2,18.0,0,0,250,38,212,210,0.84,3,0.0789,3,0.0789,207,0.9764,8,247,247,35
32.0,28.0,2,2,24.0,0,0,250,38,212,210,0.84,3,0.0789,3,0.0789,207,0.9764,8,247,247,35
32.0,28.0,2,2,32.0,0,0,250,38,212,210,0.84,3,0.0789,3,0.0789,207,0.9764,8,247,247,35
32.0,28.0,2,2,48.0,0,0,250,38,212,210,0.84,3,0.0789,3,0.0789,207,0.9764,8,247,247,35
30.0,24.0,3,0,12.0,0,0,250,38,212,210,0.84,2,0.0526,2,0.0526,208,0.9811,6,248,248,36
30.0,24.0,3,0,18.0,0,0,250,38,212,210,0.84,2,0.0526,2,0.0526,208,0.9811,6,248,248,36
30.0,24.0,3,0,24.0,0,0,250,38,212,210,0.84,2,0.0526,2,0.0526,208,0.9811,6,248,248,36
30.0,24.0,3,0,32.0,0,0,250,38,212,210,0.84,2,0.0526,2,0.0526,208,0.9811,6,248,248,36
30.0,24.0,3,0,48.0,0,0,250,38,212,210,0.84,2,0.0526,2,0.0526,208,0.9811,6,248,248,36
30.0,24.0,3,1,12.0,0,0,250,38,212,210,0.84,2,0.0526,2,0.0526,208,0.9811,6,248,248,36
30.0,24.0,3,1,18.0,0,0,250,38,212,210,0.84,2,0.0526,2,0.0526,208,0.9811,6,248,248,36
30.0,24.0,3,1,24.0,0,0,250,38,212,210,0.84,2,0.0526,2,0.0526,208,0.9811,6,248,248,36
30.0,24.0,3,1,32.0,0,0,250,38,212,210,0.84,2,0.0526,2,0.0526,208,0.9811,6,248,248,36
30.0,24.0,3,1,48.0,0,0,250,38,212,210,0.84,2,0.0526,2,0.0526,208,0.9811,6,248,248,36
30.0,24.0,3,2,12.0,0,0,250,38,212,210,0.84,2,0.0526,2,0.0526,208,0.9811,6,248,248,36
30.0,24.0,3,2,18.0,0,0,250,38,212,210,0.84,2,0.0526,2,0.0526,208,0.9811,6,248,248,36
30.0,24.0,3,2,24.0,0,0,250,38,212,210,0.84,2,0.0526,2,0.0526,208,0.9811,6,248,248,36
30.0,24.0,3,2,32.0,0,0,250,38,212,210,0.84,2,0.0526,2,0.0526,208,0.9811,6,248,248,36
30.0,24.0,3,2,48.0,0,0,250,38,212,210,0.84,2,0.0526,2,0.0526,208,0.9811,6,248,248,36
30.0,26.0,3,0,12.0,0,0,250,38,212,210,0.84,2,0.0526,2,0.0526,208,0.9811,6,248,248,36
30.0,26.0,3,0,18.0,0,0,250,38,212,210,0.84,2,0.0526,2,0.0526,208,0.9811,6,248,248,36
30.0,26.0,3,0,24.0,0,0,250,38,212,210,0.84,2,0.0526,2,0.0526,208,0.9811,6,248,248,36
30.0,26.0,3,0,32.0,0,0,250,38,212,210,0.84,2,0.0526,2,0.0526,208,0.9811,6,248,248,36
30.0,26.0,3,0,48.0,0,0,250,38,212,210,0.84,2,0.0526,2,0.0526,208,0.9811,6,248,248,36
30.0,26.0,3,1,12.0,0,0,250,38,212,210,0.84,2,0.0526,2,0.0526,208,0.9811,6,248,248,36
30.0,26.0,3,1,18.0,0,0,250,38,212,210,0.84,2,0.0526,2,0.0526,208,0.9811,6,248,248,36
30.0,26.0,3,1,24.0,0,0,250,38,212,210,0.84,2,0.0526,2,0.0526,208,0.9811,6,248,248,36
30.0,26.0,3,1,32.0,0,0,250,38,212,210,0.84,2,0.0526,2,0.0526,208,0.9811,6,248,248,36
30.0,26.0,3,1,48.0,0,0,250,38,212,210,0.84,2,0.0526,2,0.0526,208,0.9811,6,248,248,36
30.0,26.0,3,2,12.0,0,0,250,38,212,210,0.84,2,0.0526,2,0.0526,208,0.9811,6,248,248,36
30.0,26.0,3,2,18.0,0,0,250,38,212,210,0.84,2,0.0526,2,0.0526,208,0.9811,6,248,248,36
30.0,26.0,3,2,24.0,0,0,250,38,212,210,0.84,2,0.0526,2,0.0526,208,0.9811,6,248,248,36
30.0,26.0,3,2,32.0,0,0,250,38,212,210,0.84,2,0.0526,2,0.0526,208,0.9811,6,248,248,36
30.0,26.0,3,2,48.0,0,0,250,38,212,210,0.84,2,0.0526,2,0.0526,208,0.9811,6,248,248,36
30.0,28.0,3,0,12.0,0,0,250,38,212,210,0.84,2,0.0526,2,0.0526,208,0.9811,6,248,248,36
30.0,28.0,3,0,18.0,0,0,250,38,212,210,0.84,2,0.0526,2,0.0526,208,0.9811,6,248,248,36
30.0,28.0,3,0,24.0,0,0,250,38,212,210,0.84,2,0.0526,2,0.0526,208,0.9811,6,248,248,36
30.0,28.0,3,0,32.0,0,0,250,38,212,210,0.84,2,0.0526,2,0.0526,208,0.9811,6,248,248,36
30.0,28.0,3,0,48.0,0,0,250,38,212,210,0.84,2,0.0526,2,0.0526,208,0.9811,6,248,248,36
30.0,28.0,3,1,12.0,0,0,250,38,212,210,0.84,2,0.0526,2,0.0526,208,0.9811,6,248,248,36
30.0,28.0,3,1,18.0,0,0,250,38,212,210,0.84,2,0.0526,2,0.0526,208,0.9811,6,248,248,36
30.0,28.0,3,1,24.0,0,0,250,38,212,210,0.84,2,0.0526,2,0.0526,208,0.9811,6,248,248,36
30.0,28.0,3,1,32.0,0,0,250,38,212,210,0.84,2,0.0526,2,0.0526,208,0.9811,6,248,248,36
30.0,28.0,3,1,48.0,0,0,250,38,212,210,0.84,2,0.0526,2,0.0526,208,0.9811,6,248,248,36
30.0,28.0,3,2,12.0,0,0,250,38,212,210,0.84,2,0.0526,2,0.0526,208,0.9811,6,248,248,36
30.0,28.0,3,2,18.0,0,0,250,38,212,210,0.84,2,0.0526,2,0.0526,208,0.9811,6,248,248,36
30.0,28.0,3,2,24.0,0,0,250,38,212,210,0.84,2,0.0526,2,0.0526,208,0.9811,6,248,248,36
30.0,28.0,3,2,32.0,0,0,250,38,212,210,0.84,2,0.0526,2,0.0526,208,0.9811,6,248,248,36
30.0,28.0,3,2,48.0,0,0,250,38,212,210,0.84,2,0.0526,2,0.0526,208,0.9811,6,248,248,36
32.0,24.0,3,0,12.0,0,0,250,38,212,210,0.84,2,0.0526,2,0.0526,208,0.9811,6,248,248,36
32.0,24.0,3,0,18.0,0,0,250,38,212,210,0.84,2,0.0526,2,0.0526,208,0.9811,6,248,248,36
32.0,24.0,3,0,24.0,0,0,250,38,212,210,0.84,2,0.0526,2,0.0526,208,0.9811,6,248,248,36
32.0,24.0,3,0,32.0,0,0,250,38,212,210,0.84,2,0.0526,2,0.0526,208,0.9811,6,248,248,36
32.0,24.0,3,0,48.0,0,0,250,38,212,210,0.84,2,0.0526,2,0.0526,208,0.9811,6,248,248,36
32.0,24.0,3,1,12.0,0,0,250,38,212,210,0.84,2,0.0526,2,0.0526,208,0.9811,6,248,248,36
32.0,24.0,3,1,18.0,0,0,250,38,212,210,0.84,2,0.0526,2,0.0526,208,0.9811,6,248,248,36
32.0,24.0,3,1,24.0,0,0,250,38,212,210,0.84,2,0.0526,2,0.0526,208,0.9811,6,248,248,36
32.0,24.0,3,1,32.0,0,0,250,38,212,210,0.84,2,0.0526,2,0.0526,208,0.9811,6,248,248,36
32.0,24.0,3,1,48.0,0,0,250,38,212,210,0.84,2,0.0526,2,0.0526,208,0.9811,6,248,248,36
32.0,24.0,3,2,12.0,0,0,250,38,212,210,0.84,2,0.0526,2,0.0526,208,0.9811,6,248,248,36
32.0,24.0,3,2,18.0,0,0,250,38,212,210,0.84,2,0.0526,2,0.0526,208,0.9811,6,248,248,36
32.0,24.0,3,2,24.0,0,0,250,38,212,210,0.84,2,0.0526,2,0.0526,208,0.9811,6,248,248,36
32.0,24.0,3,2,32.0,0,0,250,38,212,210,0.84,2,0.0526,2,0.0526,208,0.9811,6,248,248,36
32.0,24.0,3,2,48.0,0,0,250,38,212,210,0.84,2,0.0526,2,0.0526,208,0.9811,6,248,248,36
32.0,26.0,3,0,12.0,0,0,250,38,212,210,0.84,2,0.0526,2,0.0526,208,0.9811,6,248,248,36
32.0,26.0,3,0,18.0,0,0,250,38,212,210,0.84,2,0.0526,2,0.0526,208,0.9811,6,248,248,36
32.0,26.0,3,0,24.0,0,0,250,38,212,210,0.84,2,0.0526,2,0.0526,208,0.9811,6,248,248,36
32.0,26.0,3,0,32.0,0,0,250,38,212,210,0.84,2,0.0526,2,0.0526,208,0.9811,6,248,248,36
32.0,26.0,3,0,48.0,0,0,250,38,212,210,0.84,2,0.0526,2,0.0526,208,0.9811,6,248,248,36
32.0,26.0,3,1,12.0,0,0,250,38,212,210,0.84,2,0.0526,2,0.0526,208,0.9811,6,248,248,36
32.0,26.0,3,1,18.0,0,0,250,38,212,210,0.84,2,0.0526,2,0.0526,208,0.9811,6,248,248,36
32.0,26.0,3,1,24.0,0,0,250,38,212,210,0.84,2,0.0526,2,0.0526,208,0.9811,6,248,248,36
32.0,26.0,3,1,32.0,0,0,250,38,212,210,0.84,2,0.0526,2,0.0526,208,0.9811,6,248,248,36
32.0,26.0,3,1,48.0,0,0,250,38,212,210,0.84,2,0.0526,2,0.0526,208,0.9811,6,248,248,36
32.0,26.0,3,2,12.0,0,0,250,38,212,210,0.84,2,0.0526,2,0.0526,208,0.9811,6,248,248,36
32.0,26.0,3,2,18.0,0,0,250,38,212,210,0.84,2,0.0526,2,0.0526,208,0.9811,6,248,248,36
32.0,26.0,3,2,24.0,0,0,250,38,212,210,0.84,2,0.0526,2,0.0526,208,0.9811,6,248,248,36
32.0,26.0,3,2,32.0,0,0,250,38,212,210,0.84,2,0.0526,2,0.0526,208,0.9811,6,248,248,36
32.0,26.0,3,2,48.0,0,0,250,38,212,210,0.84,2,0.0526,2,0.0526,208,0.9811,6,248,248,36
32.0,28.0,3,0,12.0,0,0,250,38,212,210,0.84,2,0.0526,2,0.0526,208,0.9811,6,248,248,36
32.0,28.0,3,0,18.0,0,0,250,38,212,210,0.84,2,0.0526,2,0.0526,208,0.9811,6,248,248,36
32.0,28.0,3,0,24.0,0,0,250,38,212,210,0.84,2,0.0526,2,0.0526,208,0.9811,6,248,248,36
32.0,28.0,3,0,32.0,0,0,250,38,212,210,0.84,2,0.0526,2,0.0526,208,0.9811,6,248,248,36
32.0,28.0,3,0,48.0,0,0,250,38,212,210,0.84,2,0.0526,2,0.0526,208,0.9811,6,248,248,36
32.0,28.0,3,1,12.0,0,0,250,38,212,210,0.84,2,0.0526,2,0.0526,208,0.9811,6,248,248,36
32.0,28.0,3,1,18.0,0,0,250,38,212,210,0.84,2,0.0526,2,0.0526,208,0.9811,6,248,248,36
32.0,28.0,3,1,24.0,0,0,250,38,212,210,0.84,2,0.0526,2,0.0526,208,0.9811,6,248,248,36
32.0,28.0,3,1,32.0,0,0,250,38,212,210,0.84,2,0.0526,2,0.0526,208,0.9811,6,248,248,36
32.0,28.0,3,1,48.0,0,0,250,38,212,210,0.84,2,0.0526,2,0.0526,208,0.9811,6,248,248,36
32.0,28.0,3,2,12.0,0,0,250,38,212,210,0.84,2,0.0526,2,0.0526,208,0.9811,6,248,248,36
32.0,28.0,3,2,18.0,0,0,250,38,212,210,0.84,2,0.0526,2,0.0526,208,0.9811,6,248,248,36
32.0,28.0,3,2,24.0,0,0,250,38,212,210,0.84,2,0.0526,2,0.0526,208,0.9811,6,248,248,36
32.0,28.0,3,2,32.0,0,0,250,38,212,210,0.84,2,0.0526,2,0.0526,208,0.9811,6,248,248,36
32.0,28.0,3,2,48.0,0,0,250,38,212,210,0.84,2,0.0526,2,0.0526,208,0.9811,6,248,248,36
30.0,22.0,1,0,12.0,0,0,250,38,212,209,0.836,14,0.3684,14,0.3684,195,0.9198,31,236,236,24
30.0,22.0,1,0,18.0,0,0,250,38,212,209,0.836,14,0.3684,14,0.3684,195,0.9198,31,236,236,24
30.0,22.0,1,0,24.0,0,0,250,38,212,209,0.836,14,0.3684,14,0.3684,195,0.9198,31,236,236,24
30.0,22.0,1,0,32.0,0,0,250,38,212,209,0.836,14,0.3684,14,0.3684,195,0.9198,31,236,236,24
30.0,22.0,1,0,48.0,0,0,250,38,212,209,0.836,14,0.3684,14,0.3684,195,0.9198,31,236,236,24
30.0,22.0,1,1,12.0,0,0,250,38,212,209,0.836,14,0.3684,14,0.3684,195,0.9198,31,236,236,24
30.0,22.0,1,1,18.0,0,0,250,38,212,209,0.836,14,0.3684,14,0.3684,195,0.9198,31,236,236,24
30.0,22.0,1,1,24.0,0,0,250,38,212,209,0.836,14,0.3684,14,0.3684,195,0.9198,31,236,236,24
30.0,22.0,1,1,32.0,0,0,250,38,212,209,0.836,14,0.3684,14,0.3684,195,0.9198,31,236,236,24
30.0,22.0,1,1,48.0,0,0,250,38,212,209,0.836,14,0.3684,14,0.3684,195,0.9198,31,236,236,24
30.0,22.0,1,2,12.0,0,0,250,38,212,209,0.836,14,0.3684,14,0.3684,195,0.9198,31,236,236,24
24.0,24.0,3,0,12.0,0,0,250,38,212,209,0.836,12,0.3158,12,0.3158,197,0.9292,27,238,238,26
24.0,24.0,3,0,18.0,0,0,250,38,212,209,0.836,12,0.3158,12,0.3158,197,0.9292,27,238,238,26
24.0,24.0,3,0,24.0,0,0,250,38,212,209,0.836,12,0.3158,12,0.3158,197,0.9292,27,238,238,26
24.0,24.0,3,0,32.0,0,0,250,38,212,209,0.836,12,0.3158,12,0.3158,197,0.9292,27,238,238,26
24.0,24.0,3,0,48.0,0,0,250,38,212,209,0.836,12,0.3158,12,0.3158,197,0.9292,27,238,238,26
26.0,24.0,2,0,12.0,0,0,250,38,212,209,0.836,11,0.2895,11,0.2895,198,0.934,25,239,239,27
26.0,24.0,2,0,18.0,0,0,250,38,212,209,0.836,11,0.2895,11,0.2895,198,0.934,25,239,239,27
26.0,24.0,2,0,24.0,0,0,250,38,212,209,0.836,11,0.2895,11,0.2895,198,0.934,25,239,239,27
26.0,24.0,2,0,32.0,0,0,250,38,212,209,0.836,11,0.2895,11,0.2895,198,0.934,25,239,239,27
26.0,24.0,2,0,48.0,0,0,250,38,212,209,0.836,11,0.2895,11,0.2895,198,0.934,25,239,239,27
26.0,24.0,2,1,12.0,0,0,250,38,212,209,0.836,11,0.2895,11,0.2895,198,0.934,25,239,239,27
26.0,24.0,2,1,18.0,0,0,250,38,212,209,0.836,11,0.2895,11,0.2895,198,0.934,25,239,239,27
26.0,24.0,2,1,24.0,0,0,250,38,212,209,0.836,11,0.2895,11,0.2895,198,0.934,25,239,239,27
26.0,24.0,2,1,32.0,0,0,250,38,212,209,0.836,11,0.2895,11,0.2895,198,0.934,25,239,239,27
26.0,24.0,2,1,48.0,0,0,250,38,212,209,0.836,11,0.2895,11,0.2895,198,0.934,25,239,239,27
26.0,24.0,2,2,12.0,0,0,250,38,212,209,0.836,11,0.2895,11,0.2895,198,0.934,25,239,239,27
26.0,24.0,2,2,18.0,0,0,250,38,212,209,0.836,11,0.2895,11,0.2895,198,0.934,25,239,239,27
26.0,24.0,2,2,24.0,0,0,250,38,212,209,0.836,11,0.2895,11,0.2895,198,0.934,25,239,239,27
26.0,24.0,2,2,32.0,0,0,250,38,212,209,0.836,11,0.2895,11,0.2895,198,0.934,25,239,239,27
26.0,24.0,2,2,48.0,0,0,250,38,212,209,0.836,11,0.2895,11,0.2895,198,0.934,25,239,239,27
28.0,16.0,2,0,12.0,0,0,250,38,212,209,0.836,11,0.2895,11,0.2895,198,0.934,25,239,239,27
28.0,16.0,2,0,18.0,0,0,250,38,212,209,0.836,11,0.2895,11,0.2895,198,0.934,25,239,239,27
28.0,16.0,2,0,24.0,0,0,250,38,212,209,0.836,11,0.2895,11,0.2895,198,0.934,25,239,239,27
28.0,16.0,2,0,32.0,0,0,250,38,212,209,0.836,11,0.2895,11,0.2895,198,0.934,25,239,239,27
28.0,18.0,2,0,12.0,0,0,250,38,212,209,0.836,11,0.2895,11,0.2895,198,0.934,25,239,239,27
28.0,18.0,2,0,18.0,0,0,250,38,212,209,0.836,11,0.2895,11,0.2895,198,0.934,25,239,239,27
28.0,18.0,2,0,24.0,0,0,250,38,212,209,0.836,11,0.2895,11,0.2895,198,0.934,25,239,239,27
28.0,18.0,2,0,32.0,0,0,250,38,212,209,0.836,11,0.2895,11,0.2895,198,0.934,25,239,239,27
28.0,20.0,2,0,12.0,0,0,250,38,212,209,0.836,11,0.2895,11,0.2895,198,0.934,25,239,239,27
28.0,20.0,2,0,18.0,0,0,250,38,212,209,0.836,11,0.2895,11,0.2895,198,0.934,25,239,239,27
28.0,20.0,2,0,24.0,0,0,250,38,212,209,0.836,11,0.2895,11,0.2895,198,0.934,25,239,239,27
28.0,20.0,2,0,32.0,0,0,250,38,212,209,0.836,11,0.2895,11,0.2895,198,0.934,25,239,239,27
26.0,22.0,3,0,12.0,0,0,250,38,212,209,0.836,10,0.2632,10,0.2632,199,0.9387,23,240,240,28
26.0,22.0,3,0,18.0,0,0,250,38,212,209,0.836,10,0.2632,10,0.2632,199,0.9387,23,240,240,28
26.0,22.0,3,0,24.0,0,0,250,38,212,209,0.836,10,0.2632,10,0.2632,199,0.9387,23,240,240,28
26.0,22.0,3,0,32.0,0,0,250,38,212,209,0.836,10,0.2632,10,0.2632,199,0.9387,23,240,240,28
26.0,22.0,3,0,48.0,0,0,250,38,212,209,0.836,10,0.2632,10,0.2632,199,0.9387,23,240,240,28
26.0,22.0,3,1,12.0,0,0,250,38,212,209,0.836,10,0.2632,10,0.2632,199,0.9387,23,240,240,28
26.0,22.0,3,1,18.0,0,0,250,38,212,209,0.836,10,0.2632,10,0.2632,199,0.9387,23,240,240,28
26.0,22.0,3,1,24.0,0,0,250,38,212,209,0.836,10,0.2632,10,0.2632,199,0.9387,23,240,240,28
26.0,22.0,3,1,32.0,0,0,250,38,212,209,0.836,10,0.2632,10,0.2632,199,0.9387,23,240,240,28
26.0,22.0,3,1,48.0,0,0,250,38,212,209,0.836,10,0.2632,10,0.2632,199,0.9387,23,240,240,28
26.0,22.0,3,2,12.0,0,0,250,38,212,209,0.836,10,0.2632,10,0.2632,199,0.9387,23,240,240,28
28.0,6.0,3,0,12.0,0,0,250,38,212,209,0.836,10,0.2632,10,0.2632,199,0.9387,23,240,240,28
28.0,6.0,3,0,18.0,0,0,250,38,212,209,0.836,10,0.2632,10,0.2632,199,0.9387,23,240,240,28
28.0,6.0,3,0,24.0,0,0,250,38,212,209,0.836,10,0.2632,10,0.2632,199,0.9387,23,240,240,28
28.0,6.0,3,0,32.0,0,0,250,38,212,209,0.836,10,0.2632,10,0.2632,199,0.9387,23,240,240,28
28.0,8.0,3,0,12.0,0,0,250,38,212,209,0.836,10,0.2632,10,0.2632,199,0.9387,23,240,240,28
28.0,8.0,3,0,18.0,0,0,250,38,212,209,0.836,10,0.2632,10,0.2632,199,0.9387,23,240,240,28
28.0,8.0,3,0,24.0,0,0,250,38,212,209,0.836,10,0.2632,10,0.2632,199,0.9387,23,240,240,28
28.0,8.0,3,0,32.0,0,0,250,38,212,209,0.836,10,0.2632,10,0.2632,199,0.9387,23,240,240,28
28.0,10.0,3,0,12.0,0,0,250,38,212,209,0.836,10,0.2632,10,0.2632,199,0.9387,23,240,240,28
28.0,10.0,3,0,18.0,0,0,250,38,212,209,0.836,10,0.2632,10,0.2632,199,0.9387,23,240,240,28
28.0,10.0,3,0,24.0,0,0,250,38,212,209,0.836,10,0.2632,10,0.2632,199,0.9387,23,240,240,28
28.0,10.0,3,0,32.0,0,0,250,38,212,209,0.836,10,0.2632,10,0.2632,199,0.9387,23,240,240,28
28.0,12.0,3,0,12.0,0,0,250,38,212,209,0.836,10,0.2632,10,0.2632,199,0.9387,23,240,240,28
28.0,12.0,3,0,18.0,0,0,250,38,212,209,0.836,10,0.2632,10,0.2632,199,0.9387,23,240,240,28
28.0,12.0,3,0,24.0,0,0,250,38,212,209,0.836,10,0.2632,10,0.2632,199,0.9387,23,240,240,28
28.0,12.0,3,0,32.0,0,0,250,38,212,209,0.836,10,0.2632,10,0.2632,199,0.9387,23,240,240,28
28.0,14.0,3,0,12.0,0,0,250,38,212,209,0.836,10,0.2632,10,0.2632,199,0.9387,23,240,240,28
28.0,14.0,3,0,18.0,0,0,250,38,212,209,0.836,10,0.2632,10,0.2632,199,0.9387,23,240,240,28
28.0,14.0,3,0,24.0,0,0,250,38,212,209,0.836,10,0.2632,10,0.2632,199,0.9387,23,240,240,28
28.0,14.0,3,0,32.0,0,0,250,38,212,209,0.836,10,0.2632,10,0.2632,199,0.9387,23,240,240,28
32.0,26.0,1,0,12.0,0,0,250,38,212,209,0.836,9,0.2368,9,0.2368,200,0.9434,21,241,241,29
32.0,26.0,1,0,18.0,0,0,250,38,212,209,0.836,9,0.2368,9,0.2368,200,0.9434,21,241,241,29
32.0,26.0,1,0,24.0,0,0,250,38,212,209,0.836,9,0.2368,9,0.2368,200,0.9434,21,241,241,29
32.0,26.0,1,0,32.0,0,0,250,38,212,209,0.836,9,0.2368,9,0.2368,200,0.9434,21,241,241,29
32.0,26.0,1,0,48.0,0,0,250,38,212,209,0.836,9,0.2368,9,0.2368,200,0.9434,21,241,241,29
32.0,30.0,1,2,12.0,0,0,250,38,212,209,0.836,6,0.1579,6,0.1579,203,0.9575,15,241,241,29
32.0,30.0,1,2,18.0,0,0,250,38,212,209,0.836,6,0.1579,6,0.1579,203,0.9575,15,241,241,29
32.0,30.0,1,2,24.0,0,0,250,38,212,209,0.836,6,0.1579,6,0.1579,203,0.9575,15,241,241,29
32.0,30.0,1,2,32.0,0,0,250,38,212,209,0.836,6,0.1579,6,0.1579,203,0.9575,15,241,241,29
32.0,30.0,1,2,48.0,0,0,250,38,212,209,0.836,6,0.1579,6,0.1579,203,0.9575,15,241,241,29
32.0,16.0,2,0,12.0,0,0,250,38,212,209,0.836,3,0.0789,3,0.0789,206,0.9717,9,247,247,35
32.0,16.0,2,0,18.0,0,0,250,38,212,209,0.836,3,0.0789,3,0.0789,206,0.9717,9,247,247,35
32.0,16.0,2,0,24.0,0,0,250,38,212,209,0.836,3,0.0789,3,0.0789,206,0.9717,9,247,247,35
32.0,16.0,2,0,32.0,0,0,250,38,212,209,0.836,3,0.0789,3,0.0789,206,0.9717,9,247,247,35
32.0,16.0,2,0,48.0,0,0,250,38,212,209,0.836,3,0.0789,3,0.0789,206,0.9717,9,247,247,35
32.0,16.0,2,1,12.0,0,0,250,38,212,209,0.836,3,0.0789,3,0.0789,206,0.9717,9,247,247,35
32.0,16.0,2,1,18.0,0,0,250,38,212,209,0.836,3,0.0789,3,0.0789,206,0.9717,9,247,247,35
32.0,16.0,2,1,24.0,0,0,250,38,212,209,0.836,3,0.0789,3,0.0789,206,0.9717,9,247,247,35
32.0,16.0,2,1,32.0,0,0,250,38,212,209,0.836,3,0.0789,3,0.0789,206,0.9717,9,247,247,35
32.0,16.0,2,1,48.0,0,0,250,38,212,209,0.836,3,0.0789,3,0.0789,206,0.9717,9,247,247,35
32.0,16.0,2,2,12.0,0,0,250,38,212,209,0.836,3,0.0789,3,0.0789,206,0.9717,9,247,247,35
32.0,16.0,2,2,18.0,0,0,250,38,212,209,0.836,3,0.0789,3,0.0789,206,0.9717,9,247,247,35
32.0,16.0,2,2,24.0,0,0,250,38,212,209,0.836,3,0.0789,3,0.0789,206,0.9717,9,247,247,35
32.0,16.0,2,2,32.0,0,0,250,38,212,209,0.836,3,0.0789,3,0.0789,206,0.9717,9,247,247,35
32.0,16.0,2,2,48.0,0,0,250,38,212,209,0.836,3,0.0789,3,0.0789,206,0.9717,9,247,247,35
32.0,18.0,2,0,12.0,0,0,250,38,212,209,0.836,3,0.0789,3,0.0789,206,0.9717,9,247,247,35
32.0,18.0,2,0,18.0,0,0,250,38,212,209,0.836,3,0.0789,3,0.0789,206,0.9717,9,247,247,35
32.0,18.0,2,0,24.0,0,0,250,38,212,209,0.836,3,0.0789,3,0.0789,206,0.9717,9,247,247,35
32.0,18.0,2,0,32.0,0,0,250,38,212,209,0.836,3,0.0789,3,0.0789,206,0.9717,9,247,247,35
32.0,18.0,2,0,48.0,0,0,250,38,212,209,0.836,3,0.0789,3,0.0789,206,0.9717,9,247,247,35
32.0,18.0,2,1,12.0,0,0,250,38,212,209,0.836,3,0.0789,3,0.0789,206,0.9717,9,247,247,35
32.0,18.0,2,1,18.0,0,0,250,38,212,209,0.836,3,0.0789,3,0.0789,206,0.9717,9,247,247,35
32.0,18.0,2,1,24.0,0,0,250,38,212,209,0.836,3,0.0789,3,0.0789,206,0.9717,9,247,247,35
32.0,18.0,2,1,32.0,0,0,250,38,212,209,0.836,3,0.0789,3,0.0789,206,0.9717,9,247,247,35
32.0,18.0,2,1,48.0,0,0,250,38,212,209,0.836,3,0.0789,3,0.0789,206,0.9717,9,247,247,35
32.0,18.0,2,2,12.0,0,0,250,38,212,209,0.836,3,0.0789,3,0.0789,206,0.9717,9,247,247,35
32.0,18.0,2,2,18.0,0,0,250,38,212,209,0.836,3,0.0789,3,0.0789,206,0.9717,9,247,247,35
32.0,18.0,2,2,24.0,0,0,250,38,212,209,0.836,3,0.0789,3,0.0789,206,0.9717,9,247,247,35
32.0,18.0,2,2,32.0,0,0,250,38,212,209,0.836,3,0.0789,3,0.0789,206,0.9717,9,247,247,35
32.0,18.0,2,2,48.0,0,0,250,38,212,209,0.836,3,0.0789,3,0.0789,206,0.9717,9,247,247,35
32.0,20.0,2,0,12.0,0,0,250,38,212,209,0.836,3,0.0789,3,0.0789,206,0.9717,9,247,247,35
32.0,20.0,2,0,18.0,0,0,250,38,212,209,0.836,3,0.0789,3,0.0789,206,0.9717,9,247,247,35
32.0,20.0,2,0,24.0,0,0,250,38,212,209,0.836,3,0.0789,3,0.0789,206,0.9717,9,247,247,35
32.0,20.0,2,0,32.0,0,0,250,38,212,209,0.836,3,0.0789,3,0.0789,206,0.9717,9,247,247,35
32.0,20.0,2,0,48.0,0,0,250,38,212,209,0.836,3,0.0789,3,0.0789,206,0.9717,9,247,247,35
32.0,20.0,2,1,12.0,0,0,250,38,212,209,0.836,3,0.0789,3,0.0789,206,0.9717,9,247,247,35
32.0,20.0,2,1,18.0,0,0,250,38,212,209,0.836,3,0.0789,3,0.0789,206,0.9717,9,247,247,35
32.0,20.0,2,1,24.0,0,0,250,38,212,209,0.836,3,0.0789,3,0.0789,206,0.9717,9,247,247,35
32.0,20.0,2,1,32.0,0,0,250,38,212,209,0.836,3,0.0789,3,0.0789,206,0.9717,9,247,247,35
32.0,20.0,2,1,48.0,0,0,250,38,212,209,0.836,3,0.0789,3,0.0789,206,0.9717,9,247,247,35
32.0,20.0,2,2,12.0,0,0,250,38,212,209,0.836,3,0.0789,3,0.0789,206,0.9717,9,247,247,35
32.0,20.0,2,2,18.0,0,0,250,38,212,209,0.836,3,0.0789,3,0.0789,206,0.9717,9,247,247,35
32.0,20.0,2,2,24.0,0,0,250,38,212,209,0.836,3,0.0789,3,0.0789,206,0.9717,9,247,247,35
32.0,20.0,2,2,32.0,0,0,250,38,212,209,0.836,3,0.0789,3,0.0789,206,0.9717,9,247,247,35
32.0,20.0,2,2,48.0,0,0,250,38,212,209,0.836,3,0.0789,3,0.0789,206,0.9717,9,247,247,35
32.0,22.0,2,0,12.0,0,0,250,38,212,209,0.836,3,0.0789,3,0.0789,206,0.9717,9,247,247,35
32.0,22.0,2,0,18.0,0,0,250,38,212,209,0.836,3,0.0789,3,0.0789,206,0.9717,9,247,247,35
32.0,22.0,2,0,24.0,0,0,250,38,212,209,0.836,3,0.0789,3,0.0789,206,0.9717,9,247,247,35
32.0,22.0,2,0,32.0,0,0,250,38,212,209,0.836,3,0.0789,3,0.0789,206,0.9717,9,247,247,35
32.0,22.0,2,0,48.0,0,0,250,38,212,209,0.836,3,0.0789,3,0.0789,206,0.9717,9,247,247,35
32.0,22.0,2,1,12.0,0,0,250,38,212,209,0.836,3,0.0789,3,0.0789,206,0.9717,9,247,247,35
32.0,22.0,2,1,18.0,0,0,250,38,212,209,0.836,3,0.0789,3,0.0789,206,0.9717,9,247,247,35
32.0,22.0,2,1,24.0,0,0,250,38,212,209,0.836,3,0.0789,3,0.0789,206,0.9717,9,247,247,35
32.0,22.0,2,1,32.0,0,0,250,38,212,209,0.836,3,0.0789,3,0.0789,206,0.9717,9,247,247,35
32.0,22.0,2,1,48.0,0,0,250,38,212,209,0.836,3,0.0789,3,0.0789,206,0.9717,9,247,247,35
32.0,22.0,2,2,12.0,0,0,250,38,212,209,0.836,3,0.0789,3,0.0789,206,0.9717,9,247,247,35
32.0,22.0,2,2,18.0,0,0,250,38,212,209,0.836,3,0.0789,3,0.0789,206,0.9717,9,247,247,35
32.0,22.0,2,2,24.0,0,0,250,38,212,209,0.836,3,0.0789,3,0.0789,206,0.9717,9,247,247,35
32.0,22.0,2,2,32.0,0,0,250,38,212,209,0.836,3,0.0789,3,0.0789,206,0.9717,9,247,247,35
32.0,22.0,2,2,48.0,0,0,250,38,212,209,0.836,3,0.0789,3,0.0789,206,0.9717,9,247,247,35
30.0,16.0,3,0,12.0,0,0,250,38,212,209,0.836,2,0.0526,2,0.0526,207,0.9764,7,248,248,36
30.0,16.0,3,0,18.0,0,0,250,38,212,209,0.836,2,0.0526,2,0.0526,207,0.9764,7,248,248,36
30.0,16.0,3,0,24.0,0,0,250,38,212,209,0.836,2,0.0526,2,0.0526,207,0.9764,7,248,248,36
30.0,16.0,3,0,32.0,0,0,250,38,212,209,0.836,2,0.0526,2,0.0526,207,0.9764,7,248,248,36
30.0,16.0,3,0,48.0,0,0,250,38,212,209,0.836,2,0.0526,2,0.0526,207,0.9764,7,248,248,36
30.0,16.0,3,1,12.0,0,0,250,38,212,209,0.836,2,0.0526,2,0.0526,207,0.9764,7,248,248,36
30.0,16.0,3,1,18.0,0,0,250,38,212,209,0.836,2,0.0526,2,0.0526,207,0.9764,7,248,248,36
30.0,16.0,3,1,24.0,0,0,250,38,212,209,0.836,2,0.0526,2,0.0526,207,0.9764,7,248,248,36
30.0,16.0,3,1,32.0,0,0,250,38,212,209,0.836,2,0.0526,2,0.0526,207,0.9764,7,248,248,36
30.0,16.0,3,1,48.0,0,0,250,38,212,209,0.836,2,0.0526,2,0.0526,207,0.9764,7,248,248,36
30.0,16.0,3,2,12.0,0,0,250,38,212,209,0.836,2,0.0526,2,0.0526,207,0.9764,7,248,248,36
30.0,16.0,3,2,18.0,0,0,250,38,212,209,0.836,2,0.0526,2,0.0526,207,0.9764,7,248,248,36
30.0,16.0,3,2,24.0,0,0,250,38,212,209,0.836,2,0.0526,2,0.0526,207,0.9764,7,248,248,36
30.0,16.0,3,2,32.0,0,0,250,38,212,209,0.836,2,0.0526,2,0.0526,207,0.9764,7,248,248,36
30.0,16.0,3,2,48.0,0,0,250,38,212,209,0.836,2,0.0526,2,0.0526,207,0.9764,7,248,248,36
30.0,18.0,3,0,12.0,0,0,250,38,212,209,0.836,2,0.0526,2,0.0526,207,0.9764,7,248,248,36
30.0,18.0,3,0,18.0,0,0,250,38,212,209,0.836,2,0.0526,2,0.0526,207,0.9764,7,248,248,36
30.0,18.0,3,0,24.0,0,0,250,38,212,209,0.836,2,0.0526,2,0.0526,207,0.9764,7,248,248,36
30.0,18.0,3,0,32.0,0,0,250,38,212,209,0.836,2,0.0526,2,0.0526,207,0.9764,7,248,248,36
30.0,18.0,3,0,48.0,0,0,250,38,212,209,0.836,2,0.0526,2,0.0526,207,0.9764,7,248,248,36
30.0,18.0,3,1,12.0,0,0,250,38,212,209,0.836,2,0.0526,2,0.0526,207,0.9764,7,248,248,36
30.0,18.0,3,1,18.0,0,0,250,38,212,209,0.836,2,0.0526,2,0.0526,207,0.9764,7,248,248,36
30.0,18.0,3,1,24.0,0,0,250,38,212,209,0.836,2,0.0526,2,0.0526,207,0.9764,7,248,248,36
30.0,18.0,3,1,32.0,0,0,250,38,212,209,0.836,2,0.0526,2,0.0526,207,0.9764,7,248,248,36
30.0,18.0,3,1,48.0,0,0,250,38,212,209,0.836,2,0.0526,2,0.0526,207,0.9764,7,248,248,36
30.0,18.0,3,2,12.0,0,0,250,38,212,209,0.836,2,0.0526,2,0.0526,207,0.9764,7,248,248,36
30.0,18.0,3,2,18.0,0,0,250,38,212,209,0.836,2,0.0526,2,0.0526,207,0.9764,7,248,248,36
30.0,18.0,3,2,24.0,0,0,250,38,212,209,0.836,2,0.0526,2,0.0526,207,0.9764,7,248,248,36
30.0,18.0,3,2,32.0,0,0,250,38,212,209,0.836,2,0.0526,2,0.0526,207,0.9764,7,248,248,36
30.0,18.0,3,2,48.0,0,0,250,38,212,209,0.836,2,0.0526,2,0.0526,207,0.9764,7,248,248,36
30.0,20.0,3,0,12.0,0,0,250,38,212,209,0.836,2,0.0526,2,0.0526,207,0.9764,7,248,248,36
30.0,20.0,3,0,18.0,0,0,250,38,212,209,0.836,2,0.0526,2,0.0526,207,0.9764,7,248,248,36
30.0,20.0,3,0,24.0,0,0,250,38,212,209,0.836,2,0.0526,2,0.0526,207,0.9764,7,248,248,36
30.0,20.0,3,0,32.0,0,0,250,38,212,209,0.836,2,0.0526,2,0.0526,207,0.9764,7,248,248,36
30.0,20.0,3,0,48.0,0,0,250,38,212,209,0.836,2,0.0526,2,0.0526,207,0.9764,7,248,248,36
30.0,20.0,3,1,12.0,0,0,250,38,212,209,0.836,2,0.0526,2,0.0526,207,0.9764,7,248,248,36
30.0,20.0,3,1,18.0,0,0,250,38,212,209,0.836,2,0.0526,2,0.0526,207,0.9764,7,248,248,36
30.0,20.0,3,1,24.0,0,0,250,38,212,209,0.836,2,0.0526,2,0.0526,207,0.9764,7,248,248,36
30.0,20.0,3,1,32.0,0,0,250,38,212,209,0.836,2,0.0526,2,0.0526,207,0.9764,7,248,248,36
30.0,20.0,3,1,48.0,0,0,250,38,212,209,0.836,2,0.0526,2,0.0526,207,0.9764,7,248,248,36
30.0,20.0,3,2,12.0,0,0,250,38,212,209,0.836,2,0.0526,2,0.0526,207,0.9764,7,248,248,36
30.0,20.0,3,2,18.0,0,0,250,38,212,209,0.836,2,0.0526,2,0.0526,207,0.9764,7,248,248,36
30.0,20.0,3,2,24.0,0,0,250,38,212,209,0.836,2,0.0526,2,0.0526,207,0.9764,7,248,248,36
30.0,20.0,3,2,32.0,0,0,250,38,212,209,0.836,2,0.0526,2,0.0526,207,0.9764,7,248,248,36
30.0,20.0,3,2,48.0,0,0,250,38,212,209,0.836,2,0.0526,2,0.0526,207,0.9764,7,248,248,36
30.0,22.0,3,0,12.0,0,0,250,38,212,209,0.836,2,0.0526,2,0.0526,207,0.9764,7,248,248,36
30.0,22.0,3,0,18.0,0,0,250,38,212,209,0.836,2,0.0526,2,0.0526,207,0.9764,7,248,248,36
30.0,22.0,3,0,24.0,0,0,250,38,212,209,0.836,2,0.0526,2,0.0526,207,0.9764,7,248,248,36
30.0,22.0,3,0,32.0,0,0,250,38,212,209,0.836,2,0.0526,2,0.0526,207,0.9764,7,248,248,36
30.0,22.0,3,0,48.0,0,0,250,38,212,209,0.836,2,0.0526,2,0.0526,207,0.9764,7,248,248,36
30.0,22.0,3,1,12.0,0,0,250,38,212,209,0.836,2,0.0526,2,0.0526,207,0.9764,7,248,248,36
30.0,22.0,3,1,18.0,0,0,250,38,212,209,0.836,2,0.0526,2,0.0526,207,0.9764,7,248,248,36
30.0,22.0,3,1,24.0,0,0,250,38,212,209,0.836,2,0.0526,2,0.0526,207,0.9764,7,248,248,36
30.0,22.0,3,1,32.0,0,0,250,38,212,209,0.836,2,0.0526,2,0.0526,207,0.9764,7,248,248,36
30.0,22.0,3,1,48.0,0,0,250,38,212,209,0.836,2,0.0526,2,0.0526,207,0.9764,7,248,248,36
30.0,22.0,3,2,12.0,0,0,250,38,212,209,0.836,2,0.0526,2,0.0526,207,0.9764,7,248,248,36
30.0,22.0,3,2,18.0,0,0,250,38,212,209,0.836,2,0.0526,2,0.0526,207,0.9764,7,248,248,36
30.0,22.0,3,2,24.0,0,0,250,38,212,209,0.836,2,0.0526,2,0.0526,207,0.9764,7,248,248,36
30.0,22.0,3,2,32.0,0,0,250,38,212,209,0.836,2,0.0526,2,0.0526,207,0.9764,7,248,248,36
30.0,22.0,3,2,48.0,0,0,250,38,212,209,0.836,2,0.0526,2,0.0526,207,0.9764,7,248,248,36
32.0,16.0,3,0,12.0,0,0,250,38,212,209,0.836,2,0.0526,2,0.0526,207,0.9764,7,248,248,36
32.0,16.0,3,0,18.0,0,0,250,38,212,209,0.836,2,0.0526,2,0.0526,207,0.9764,7,248,248,36
32.0,16.0,3,0,24.0,0,0,250,38,212,209,0.836,2,0.0526,2,0.0526,207,0.9764,7,248,248,36
32.0,16.0,3,0,32.0,0,0,250,38,212,209,0.836,2,0.0526,2,0.0526,207,0.9764,7,248,248,36
32.0,16.0,3,0,48.0,0,0,250,38,212,209,0.836,2,0.0526,2,0.0526,207,0.9764,7,248,248,36
32.0,16.0,3,1,12.0,0,0,250,38,212,209,0.836,2,0.0526,2,0.0526,207,0.9764,7,248,248,36
32.0,16.0,3,1,18.0,0,0,250,38,212,209,0.836,2,0.0526,2,0.0526,207,0.9764,7,248,248,36
32.0,16.0,3,1,24.0,0,0,250,38,212,209,0.836,2,0.0526,2,0.0526,207,0.9764,7,248,248,36
32.0,16.0,3,1,32.0,0,0,250,38,212,209,0.836,2,0.0526,2,0.0526,207,0.9764,7,248,248,36
32.0,16.0,3,1,48.0,0,0,250,38,212,209,0.836,2,0.0526,2,0.0526,207,0.9764,7,248,248,36
32.0,16.0,3,2,12.0,0,0,250,38,212,209,0.836,2,0.0526,2,0.0526,207,0.9764,7,248,248,36
32.0,16.0,3,2,18.0,0,0,250,38,212,209,0.836,2,0.0526,2,0.0526,207,0.9764,7,248,248,36
32.0,16.0,3,2,24.0,0,0,250,38,212,209,0.836,2,0.0526,2,0.0526,207,0.9764,7,248,248,36
32.0,16.0,3,2,32.0,0,0,250,38,212,209,0.836,2,0.0526,2,0.0526,207,0.9764,7,248,248,36
32.0,16.0,3,2,48.0,0,0,250,38,212,209,0.836,2,0.0526,2,0.0526,207,0.9764,7,248,248,36
32.0,18.0,3,0,12.0,0,0,250,38,212,209,0.836,2,0.0526,2,0.0526,207,0.9764,7,248,248,36
32.0,18.0,3,0,18.0,0,0,250,38,212,209,0.836,2,0.0526,2,0.0526,207,0.9764,7,248,248,36
32.0,18.0,3,0,24.0,0,0,250,38,212,209,0.836,2,0.0526,2,0.0526,207,0.9764,7,248,248,36
32.0,18.0,3,0,32.0,0,0,250,38,212,209,0.836,2,0.0526,2,0.0526,207,0.9764,7,248,248,36
32.0,18.0,3,0,48.0,0,0,250,38,212,209,0.836,2,0.0526,2,0.0526,207,0.9764,7,248,248,36
32.0,18.0,3,1,12.0,0,0,250,38,212,209,0.836,2,0.0526,2,0.0526,207,0.9764,7,248,248,36
32.0,18.0,3,1,18.0,0,0,250,38,212,209,0.836,2,0.0526,2,0.0526,207,0.9764,7,248,248,36
32.0,18.0,3,1,24.0,0,0,250,38,212,209,0.836,2,0.0526,2,0.0526,207,0.9764,7,248,248,36
32.0,18.0,3,1,32.0,0,0,250,38,212,209,0.836,2,0.0526,2,0.0526,207,0.9764,7,248,248,36
32.0,18.0,3,1,48.0,0,0,250,38,212,209,0.836,2,0.0526,2,0.0526,207,0.9764,7,248,248,36
32.0,18.0,3,2,12.0,0,0,250,38,212,209,0.836,2,0.0526,2,0.0526,207,0.9764,7,248,248,36
32.0,18.0,3,2,18.0,0,0,250,38,212,209,0.836,2,0.0526,2,0.0526,207,0.9764,7,248,248,36
32.0,18.0,3,2,24.0,0,0,250,38,212,209,0.836,2,0.0526,2,0.0526,207,0.9764,7,248,248,36
32.0,18.0,3,2,32.0,0,0,250,38,212,209,0.836,2,0.0526,2,0.0526,207,0.9764,7,248,248,36
32.0,18.0,3,2,48.0,0,0,250,38,212,209,0.836,2,0.0526,2,0.0526,207,0.9764,7,248,248,36
32.0,20.0,3,0,12.0,0,0,250,38,212,209,0.836,2,0.0526,2,0.0526,207,0.9764,7,248,248,36
32.0,20.0,3,0,18.0,0,0,250,38,212,209,0.836,2,0.0526,2,0.0526,207,0.9764,7,248,248,36
32.0,20.0,3,0,24.0,0,0,250,38,212,209,0.836,2,0.0526,2,0.0526,207,0.9764,7,248,248,36
32.0,20.0,3,0,32.0,0,0,250,38,212,209,0.836,2,0.0526,2,0.0526,207,0.9764,7,248,248,36
32.0,20.0,3,0,48.0,0,0,250,38,212,209,0.836,2,0.0526,2,0.0526,207,0.9764,7,248,248,36
32.0,20.0,3,1,12.0,0,0,250,38,212,209,0.836,2,0.0526,2,0.0526,207,0.9764,7,248,248,36
32.0,20.0,3,1,18.0,0,0,250,38,212,209,0.836,2,0.0526,2,0.0526,207,0.9764,7,248,248,36
32.0,20.0,3,1,24.0,0,0,250,38,212,209,0.836,2,0.0526,2,0.0526,207,0.9764,7,248,248,36
32.0,20.0,3,1,32.0,0,0,250,38,212,209,0.836,2,0.0526,2,0.0526,207,0.9764,7,248,248,36
32.0,20.0,3,1,48.0,0,0,250,38,212,209,0.836,2,0.0526,2,0.0526,207,0.9764,7,248,248,36
32.0,20.0,3,2,12.0,0,0,250,38,212,209,0.836,2,0.0526,2,0.0526,207,0.9764,7,248,248,36
32.0,20.0,3,2,18.0,0,0,250,38,212,209,0.836,2,0.0526,2,0.0526,207,0.9764,7,248,248,36
32.0,20.0,3,2,24.0,0,0,250,38,212,209,0.836,2,0.0526,2,0.0526,207,0.9764,7,248,248,36
32.0,20.0,3,2,32.0,0,0,250,38,212,209,0.836,2,0.0526,2,0.0526,207,0.9764,7,248,248,36
32.0,20.0,3,2,48.0,0,0,250,38,212,209,0.836,2,0.0526,2,0.0526,207,0.9764,7,248,248,36
32.0,22.0,3,0,12.0,0,0,250,38,212,209,0.836,2,0.0526,2,0.0526,207,0.9764,7,248,248,36
32.0,22.0,3,0,18.0,0,0,250,38,212,209,0.836,2,0.0526,2,0.0526,207,0.9764,7,248,248,36
32.0,22.0,3,0,24.0,0,0,250,38,212,209,0.836,2,0.0526,2,0.0526,207,0.9764,7,248,248,36
32.0,22.0,3,0,32.0,0,0,250,38,212,209,0.836,2,0.0526,2,0.0526,207,0.9764,7,248,248,36
32.0,22.0,3,0,48.0,0,0,250,38,212,209,0.836,2,0.0526,2,0.0526,207,0.9764,7,248,248,36
32.0,22.0,3,1,12.0,0,0,250,38,212,209,0.836,2,0.0526,2,0.0526,207,0.9764,7,248,248,36
32.0,22.0,3,1,18.0,0,0,250,38,212,209,0.836,2,0.0526,2,0.0526,207,0.9764,7,248,248,36
32.0,22.0,3,1,24.0,0,0,250,38,212,209,0.836,2,0.0526,2,0.0526,207,0.9764,7,248,248,36
32.0,22.0,3,1,32.0,0,0,250,38,212,209,0.836,2,0.0526,2,0.0526,207,0.9764,7,248,248,36
32.0,22.0,3,1,48.0,0,0,250,38,212,209,0.836,2,0.0526,2,0.0526,207,0.9764,7,248,248,36
32.0,22.0,3,2,12.0,0,0,250,38,212,209,0.836,2,0.0526,2,0.0526,207,0.9764,7,248,248,36
32.0,22.0,3,2,18.0,0,0,250,38,212,209,0.836,2,0.0526,2,0.0526,207,0.9764,7,248,248,36
32.0,22.0,3,2,24.0,0,0,250,38,212,209,0.836,2,0.0526,2,0.0526,207,0.9764,7,248,248,36
32.0,22.0,3,2,32.0,0,0,250,38,212,209,0.836,2,0.0526,2,0.0526,207,0.9764,7,248,248,36
32.0,22.0,3,2,48.0,0,0,250,38,212,209,0.836,2,0.0526,2,0.0526,207,0.9764,7,248,248,36
32.0,30.0,2,0,12.0,0,0,250,38,212,209,0.836,2,0.0526,2,0.0526,207,0.9764,7,247,247,35
32.0,30.0,2,0,18.0,0,0,250,38,212,209,0.836,2,0.0526,2,0.0526,207,0.9764,7,247,247,35
32.0,30.0,2,0,24.0,0,0,250,38,212,209,0.836,2,0.0526,2,0.0526,207,0.9764,7,247,247,35
32.0,30.0,2,0,32.0,0,0,250,38,212,209,0.836,2,0.0526,2,0.0526,207,0.9764,7,247,247,35
32.0,30.0,2,0,48.0,0,0,250,38,212,209,0.836,2,0.0526,2,0.0526,207,0.9764,7,247,247,35
32.0,30.0,2,1,12.0,0,0,250,38,212,209,0.836,2,0.0526,2,0.0526,207,0.9764,7,247,247,35
32.0,30.0,2,1,18.0,0,0,250,38,212,209,0.836,2,0.0526,2,0.0526,207,0.9764,7,247,247,35
32.0,30.0,2,1,24.0,0,0,250,38,212,209,0.836,2,0.0526,2,0.0526,207,0.9764,7,247,247,35
32.0,30.0,2,1,32.0,0,0,250,38,212,209,0.836,2,0.0526,2,0.0526,207,0.9764,7,247,247,35
32.0,30.0,2,1,48.0,0,0,250,38,212,209,0.836,2,0.0526,2,0.0526,207,0.9764,7,247,247,35
32.0,30.0,2,2,12.0,0,0,250,38,212,209,0.836,2,0.0526,2,0.0526,207,0.9764,7,247,247,35
32.0,30.0,2,2,18.0,0,0,250,38,212,209,0.836,2,0.0526,2,0.0526,207,0.9764,7,247,247,35
32.0,30.0,2,2,24.0,0,0,250,38,212,209,0.836,2,0.0526,2,0.0526,207,0.9764,7,247,247,35
32.0,30.0,2,2,32.0,0,0,250,38,212,209,0.836,2,0.0526,2,0.0526,207,0.9764,7,247,247,35
32.0,30.0,2,2,48.0,0,0,250,38,212,209,0.836,2,0.0526,2,0.0526,207,0.9764,7,247,247,35
30.0,30.0,3,0,12.0,0,0,250,38,212,209,0.836,1,0.0263,1,0.0263,208,0.9811,5,248,248,36
30.0,30.0,3,0,18.0,0,0,250,38,212,209,0.836,1,0.0263,1,0.0263,208,0.9811,5,248,248,36
30.0,30.0,3,0,24.0,0,0,250,38,212,209,0.836,1,0.0263,1,0.0263,208,0.9811,5,248,248,36
30.0,30.0,3,0,32.0,0,0,250,38,212,209,0.836,1,0.0263,1,0.0263,208,0.9811,5,248,248,36
30.0,30.0,3,0,48.0,0,0,250,38,212,209,0.836,1,0.0263,1,0.0263,208,0.9811,5,248,248,36
30.0,30.0,3,1,12.0,0,0,250,38,212,209,0.836,1,0.0263,1,0.0263,208,0.9811,5,248,248,36
30.0,30.0,3,1,18.0,0,0,250,38,212,209,0.836,1,0.0263,1,0.0263,208,0.9811,5,248,248,36
30.0,30.0,3,1,24.0,0,0,250,38,212,209,0.836,1,0.0263,1,0.0263,208,0.9811,5,248,248,36
30.0,30.0,3,1,32.0,0,0,250,38,212,209,0.836,1,0.0263,1,0.0263,208,0.9811,5,248,248,36
30.0,30.0,3,1,48.0,0,0,250,38,212,209,0.836,1,0.0263,1,0.0263,208,0.9811,5,248,248,36
30.0,30.0,3,2,12.0,0,0,250,38,212,209,0.836,1,0.0263,1,0.0263,208,0.9811,5,248,248,36
30.0,30.0,3,2,18.0,0,0,250,38,212,209,0.836,1,0.0263,1,0.0263,208,0.9811,5,248,248,36
30.0,30.0,3,2,24.0,0,0,250,38,212,209,0.836,1,0.0263,1,0.0263,208,0.9811,5,248,248,36
30.0,30.0,3,2,32.0,0,0,250,38,212,209,0.836,1,0.0263,1,0.0263,208,0.9811,5,248,248,36
30.0,30.0,3,2,48.0,0,0,250,38,212,209,0.836,1,0.0263,1,0.0263,208,0.9811,5,248,248,36
32.0,30.0,3,0,12.0,0,0,250,38,212,209,0.836,1,0.0263,1,0.0263,208,0.9811,5,248,248,36
32.0,30.0,3,0,18.0,0,0,250,38,212,209,0.836,1,0.0263,1,0.0263,208,0.9811,5,248,248,36
32.0,30.0,3,0,24.0,0,0,250,38,212,209,0.836,1,0.0263,1,0.0263,208,0.9811,5,248,248,36
32.0,30.0,3,0,32.0,0,0,250,38,212,209,0.836,1,0.0263,1,0.0263,208,0.9811,5,248,248,36
32.0,30.0,3,0,48.0,0,0,250,38,212,209,0.836,1,0.0263,1,0.0263,208,0.9811,5,248,248,36
32.0,30.0,3,1,12.0,0,0,250,38,212,209,0.836,1,0.0263,1,0.0263,208,0.9811,5,248,248,36
32.0,30.0,3,1,18.0,0,0,250,38,212,209,0.836,1,0.0263,1,0.0263,208,0.9811,5,248,248,36
32.0,30.0,3,1,24.0,0,0,250,38,212,209,0.836,1,0.0263,1,0.0263,208,0.9811,5,248,248,36
32.0,30.0,3,1,32.0,0,0,250,38,212,209,0.836,1,0.0263,1,0.0263,208,0.9811,5,248,248,36
32.0,30.0,3,1,48.0,0,0,250,38,212,209,0.836,1,0.0263,1,0.0263,208,0.9811,5,248,248,36
32.0,30.0,3,2,12.0,0,0,250,38,212,209,0.836,1,0.0263,1,0.0263,208,0.9811,5,248,248,36
32.0,30.0,3,2,18.0,0,0,250,38,212,209,0.836,1,0.0263,1,0.0263,208,0.9811,5,248,248,36
32.0,30.0,3,2,24.0,0,0,250,38,212,209,0.836,1,0.0263,1,0.0263,208,0.9811,5,248,248,36
32.0,30.0,3,2,32.0,0,0,250,38,212,209,0.836,1,0.0263,1,0.0263,208,0.9811,5,248,248,36
32.0,30.0,3,2,48.0,0,0,250,38,212,209,0.836,1,0.0263,1,0.0263,208,0.9811,5,248,248,36
34.0,24.0,2,0,12.0,0,0,250,38,212,209,0.836,0,0.0,0,0.0,209,0.9858,3,64,,
34.0,24.0,2,0,18.0,0,0,250,38,212,209,0.836,0,0.0,0,0.0,209,0.9858,3,64,,
34.0,24.0,2,0,24.0,0,0,250,38,212,209,0.836,0,0.0,0,0.0,209,0.9858,3,64,,
34.0,24.0,2,0,32.0,0,0,250,38,212,209,0.836,0,0.0,0,0.0,209,0.9858,3,64,,
34.0,24.0,2,0,48.0,0,0,250,38,212,209,0.836,0,0.0,0,0.0,209,0.9858,3,64,,
34.0,24.0,2,1,12.0,0,0,250,38,212,209,0.836,0,0.0,0,0.0,209,0.9858,3,64,,
34.0,24.0,2,1,18.0,0,0,250,38,212,209,0.836,0,0.0,0,0.0,209,0.9858,3,64,,
34.0,24.0,2,1,24.0,0,0,250,38,212,209,0.836,0,0.0,0,0.0,209,0.9858,3,64,,
34.0,24.0,2,1,32.0,0,0,250,38,212,209,0.836,0,0.0,0,0.0,209,0.9858,3,64,,
34.0,24.0,2,1,48.0,0,0,250,38,212,209,0.836,0,0.0,0,0.0,209,0.9858,3,64,,
34.0,24.0,2,2,12.0,0,0,250,38,212,209,0.836,0,0.0,0,0.0,209,0.9858,3,64,,
34.0,24.0,2,2,18.0,0,0,250,38,212,209,0.836,0,0.0,0,0.0,209,0.9858,3,64,,
34.0,24.0,2,2,24.0,0,0,250,38,212,209,0.836,0,0.0,0,0.0,209,0.9858,3,64,,
34.0,24.0,2,2,32.0,0,0,250,38,212,209,0.836,0,0.0,0,0.0,209,0.9858,3,64,,
34.0,24.0,2,2,48.0,0,0,250,38,212,209,0.836,0,0.0,0,0.0,209,0.9858,3,64,,
34.0,26.0,2,0,12.0,0,0,250,38,212,209,0.836,0,0.0,0,0.0,209,0.9858,3,64,,
34.0,26.0,2,0,18.0,0,0,250,38,212,209,0.836,0,0.0,0,0.0,209,0.9858,3,64,,
34.0,26.0,2,0,24.0,0,0,250,38,212,209,0.836,0,0.0,0,0.0,209,0.9858,3,64,,
34.0,26.0,2,0,32.0,0,0,250,38,212,209,0.836,0,0.0,0,0.0,209,0.9858,3,64,,
34.0,26.0,2,0,48.0,0,0,250,38,212,209,0.836,0,0.0,0,0.0,209,0.9858,3,64,,
34.0,26.0,2,1,12.0,0,0,250,38,212,209,0.836,0,0.0,0,0.0,209,0.9858,3,64,,
34.0,26.0,2,1,18.0,0,0,250,38,212,209,0.836,0,0.0,0,0.0,209,0.9858,3,64,,
34.0,26.0,2,1,24.0,0,0,250,38,212,209,0.836,0,0.0,0,0.0,209,0.9858,3,64,,
34.0,26.0,2,1,32.0,0,0,250,38,212,209,0.836,0,0.0,0,0.0,209,0.9858,3,64,,
34.0,26.0,2,1,48.0,0,0,250,38,212,209,0.836,0,0.0,0,0.0,209,0.9858,3,64,,
34.0,26.0,2,2,12.0,0,0,250,38,212,209,0.836,0,0.0,0,0.0,209,0.9858,3,64,,
34.0,26.0,2,2,18.0,0,0,250,38,212,209,0.836,0,0.0,0,0.0,209,0.9858,3,64,,
34.0,26.0,2,2,24.0,0,0,250,38,212,209,0.836,0,0.0,0,0.0,209,0.9858,3,64,,
34.0,26.0,2,2,32.0,0,0,250,38,212,209,0.836,0,0.0,0,0.0,209,0.9858,3,64,,
34.0,26.0,2,2,48.0,0,0,250,38,212,209,0.836,0,0.0,0,0.0,209,0.9858,3,64,,
34.0,28.0,2,0,12.0,0,0,250,38,212,209,0.836,0,0.0,0,0.0,209,0.9858,3,64,,
34.0,28.0,2,0,18.0,0,0,250,38,212,209,0.836,0,0.0,0,0.0,209,0.9858,3,64,,
34.0,28.0,2,0,24.0,0,0,250,38,212,209,0.836,0,0.0,0,0.0,209,0.9858,3,64,,
34.0,28.0,2,0,32.0,0,0,250,38,212,209,0.836,0,0.0,0,0.0,209,0.9858,3,64,,
34.0,28.0,2,0,48.0,0,0,250,38,212,209,0.836,0,0.0,0,0.0,209,0.9858,3,64,,
34.0,28.0,2,1,12.0,0,0,250,38,212,209,0.836,0,0.0,0,0.0,209,0.9858,3,64,,
34.0,28.0,2,1,18.0,0,0,250,38,212,209,0.836,0,0.0,0,0.0,209,0.9858,3,64,,
34.0,28.0,2,1,24.0,0,0,250,38,212,209,0.836,0,0.0,0,0.0,209,0.9858,3,64,,
34.0,28.0,2,1,32.0,0,0,250,38,212,209,0.836,0,0.0,0,0.0,209,0.9858,3,64,,
34.0,28.0,2,1,48.0,0,0,250,38,212,209,0.836,0,0.0,0,0.0,209,0.9858,3,64,,
34.0,28.0,2,2,12.0,0,0,250,38,212,209,0.836,0,0.0,0,0.0,209,0.9858,3,64,,
34.0,28.0,2,2,18.0,0,0,250,38,212,209,0.836,0,0.0,0,0.0,209,0.9858,3,64,,
34.0,28.0,2,2,24.0,0,0,250,38,212,209,0.836,0,0.0,0,0.0,209,0.9858,3,64,,
34.0,28.0,2,2,32.0,0,0,250,38,212,209,0.836,0,0.0,0,0.0,209,0.9858,3,64,,
34.0,28.0,2,2,48.0,0,0,250,38,212,209,0.836,0,0.0,0,0.0,209,0.9858,3,64,,
34.0,30.0,2,0,12.0,0,0,250,38,212,209,0.836,0,0.0,0,0.0,209,0.9858,3,64,,
34.0,30.0,2,0,18.0,0,0,250,38,212,209,0.836,0,0.0,0,0.0,209,0.9858,3,64,,
34.0,30.0,2,0,24.0,0,0,250,38,212,209,0.836,0,0.0,0,0.0,209,0.9858,3,64,,
34.0,30.0,2,0,32.0,0,0,250,38,212,209,0.836,0,0.0,0,0.0,209,0.9858,3,64,,
34.0,30.0,2,0,48.0,0,0,250,38,212,209,0.836,0,0.0,0,0.0,209,0.9858,3,64,,
34.0,30.0,2,1,12.0,0,0,250,38,212,209,0.836,0,0.0,0,0.0,209,0.9858,3,64,,
34.0,30.0,2,1,18.0,0,0,250,38,212,209,0.836,0,0.0,0,0.0,209,0.9858,3,64,,
34.0,30.0,2,1,24.0,0,0,250,38,212,209,0.836,0,0.0,0,0.0,209,0.9858,3,64,,
34.0,30.0,2,1,32.0,0,0,250,38,212,209,0.836,0,0.0,0,0.0,209,0.9858,3,64,,
34.0,30.0,2,1,48.0,0,0,250,38,212,209,0.836,0,0.0,0,0.0,209,0.9858,3,64,,
34.0,30.0,2,2,12.0,0,0,250,38,212,209,0.836,0,0.0,0,0.0,209,0.9858,3,64,,
34.0,30.0,2,2,18.0,0,0,250,38,212,209,0.836,0,0.0,0,0.0,209,0.9858,3,64,,
34.0,30.0,2,2,24.0,0,0,250,38,212,209,0.836,0,0.0,0,0.0,209,0.9858,3,64,,
34.0,30.0,2,2,32.0,0,0,250,38,212,209,0.836,0,0.0,0,0.0,209,0.9858,3,64,,
34.0,30.0,2,2,48.0,0,0,250,38,212,209,0.836,0,0.0,0,0.0,209,0.9858,3,64,,
28.0,24.0,1,0,12.0,0,0,250,38,212,208,0.832,15,0.3947,15,0.3947,193,0.9104,36,236,231,19
28.0,24.0,1,0,18.0,0,0,250,38,212,208,0.832,15,0.3947,15,0.3947,193,0.9104,36,236,231,19
28.0,24.0,1,0,24.0,0,0,250,38,212,208,0.832,15,0.3947,15,0.3947,193,0.9104,36,236,231,19
28.0,24.0,1,0,32.0,0,0,250,38,212,208,0.832,15,0.3947,15,0.3947,193,0.9104,36,236,231,19
28.0,24.0,1,0,48.0,0,0,250,38,212,208,0.832,15,0.3947,15,0.3947,193,0.9104,36,236,231,19
28.0,26.0,1,1,12.0,0,0,250,38,212,208,0.832,14,0.3684,14,0.3684,194,0.9151,32,236,231,19
28.0,26.0,1,1,18.0,0,0,250,38,212,208,0.832,14,0.3684,14,0.3684,194,0.9151,32,236,231,19
28.0,26.0,1,1,24.0,0,0,250,38,212,208,0.832,14,0.3684,14,0.3684,194,0.9151,32,236,231,19
28.0,26.0,1,1,32.0,0,0,250,38,212,208,0.832,14,0.3684,14,0.3684,194,0.9151,32,236,231,19
28.0,26.0,1,1,48.0,0,0,250,38,212,208,0.832,14,0.3684,14,0.3684,194,0.9151,32,236,231,19
28.0,26.0,1,2,12.0,0,0,250,38,212,208,0.832,14,0.3684,14,0.3684,194,0.9151,32,236,231,19
28.0,26.0,1,2,18.0,0,0,250,38,212,208,0.832,14,0.3684,14,0.3684,194,0.9151,32,236,231,19
28.0,26.0,1,2,24.0,0,0,250,38,212,208,0.832,14,0.3684,14,0.3684,194,0.9151,32,236,231,19
28.0,26.0,1,2,32.0,0,0,250,38,212,208,0.832,14,0.3684,14,0.3684,194,0.9151,32,236,231,19
28.0,26.0,1,2,48.0,0,0,250,38,212,208,0.832,14,0.3684,14,0.3684,194,0.9151,32,236,231,19
30.0,16.0,1,0,12.0,0,0,250,38,212,208,0.832,14,0.3684,14,0.3684,194,0.9151,32,236,236,24
30.0,16.0,1,0,18.0,0,0,250,38,212,208,0.832,14,0.3684,14,0.3684,194,0.9151,32,236,236,24
30.0,16.0,1,0,24.0,0,0,250,38,212,208,0.832,14,0.3684,14,0.3684,194,0.9151,32,236,236,24
30.0,16.0,1,0,32.0,0,0,250,38,212,208,0.832,14,0.3684,14,0.3684,194,0.9151,32,236,236,24
30.0,18.0,1,0,12.0,0,0,250,38,212,208,0.832,14,0.3684,14,0.3684,194,0.9151,32,236,236,24
30.0,18.0,1,0,18.0,0,0,250,38,212,208,0.832,14,0.3684,14,0.3684,194,0.9151,32,236,236,24
30.0,18.0,1,0,24.0,0,0,250,38,212,208,0.832,14,0.3684,14,0.3684,194,0.9151,32,236,236,24
30.0,18.0,1,0,32.0,0,0,250,38,212,208,0.832,14,0.3684,14,0.3684,194,0.9151,32,236,236,24
30.0,20.0,1,0,12.0,0,0,250,38,212,208,0.832,14,0.3684,14,0.3684,194,0.9151,32,236,236,24
30.0,20.0,1,0,18.0,0,0,250,38,212,208,0.832,14,0.3684,14,0.3684,194,0.9151,32,236,236,24
30.0,20.0,1,0,24.0,0,0,250,38,212,208,0.832,14,0.3684,14,0.3684,194,0.9151,32,236,236,24
30.0,20.0,1,0,32.0,0,0,250,38,212,208,0.832,14,0.3684,14,0.3684,194,0.9151,32,236,236,24
26.0,22.0,2,0,12.0,0,0,250,38,212,208,0.832,11,0.2895,11,0.2895,197,0.9292,26,239,239,27
26.0,22.0,2,0,18.0,0,0,250,38,212,208,0.832,11,0.2895,11,0.2895,197,0.9292,26,239,239,27
26.0,22.0,2,0,24.0,0,0,250,38,212,208,0.832,11,0.2895,11,0.2895,197,0.9292,26,239,239,27
26.0,22.0,2,0,32.0,0,0,250,38,212,208,0.832,11,0.2895,11,0.2895,197,0.9292,26,239,239,27
26.0,22.0,2,0,48.0,0,0,250,38,212,208,0.832,11,0.2895,11,0.2895,197,0.9292,26,239,239,27
26.0,22.0,2,1,12.0,0,0,250,38,212,208,0.832,11,0.2895,11,0.2895,197,0.9292,26,239,239,27
26.0,22.0,2,1,18.0,0,0,250,38,212,208,0.832,11,0.2895,11,0.2895,197,0.9292,26,239,239,27
26.0,22.0,2,1,24.0,0,0,250,38,212,208,0.832,11,0.2895,11,0.2895,197,0.9292,26,239,239,27
26.0,22.0,2,1,32.0,0,0,250,38,212,208,0.832,11,0.2895,11,0.2895,197,0.9292,26,239,239,27
26.0,22.0,2,1,48.0,0,0,250,38,212,208,0.832,11,0.2895,11,0.2895,197,0.9292,26,239,239,27
26.0,22.0,2,2,12.0,0,0,250,38,212,208,0.832,11,0.2895,11,0.2895,197,0.9292,26,239,239,27
28.0,6.0,2,0,12.0,0,0,250,38,212,208,0.832,11,0.2895,11,0.2895,197,0.9292,26,239,239,27
28.0,6.0,2,0,18.0,0,0,250,38,212,208,0.832,11,0.2895,11,0.2895,197,0.9292,26,239,239,27
28.0,6.0,2,0,24.0,0,0,250,38,212,208,0.832,11,0.2895,11,0.2895,197,0.9292,26,239,239,27
28.0,6.0,2,0,32.0,0,0,250,38,212,208,0.832,11,0.2895,11,0.2895,197,0.9292,26,239,239,27
28.0,8.0,2,0,12.0,0,0,250,38,212,208,0.832,11,0.2895,11,0.2895,197,0.9292,26,239,239,27
28.0,8.0,2,0,18.0,0,0,250,38,212,208,0.832,11,0.2895,11,0.2895,197,0.9292,26,239,239,27
28.0,8.0,2,0,24.0,0,0,250,38,212,208,0.832,11,0.2895,11,0.2895,197,0.9292,26,239,239,27
28.0,8.0,2,0,32.0,0,0,250,38,212,208,0.832,11,0.2895,11,0.2895,197,0.9292,26,239,239,27
28.0,10.0,2,0,12.0,0,0,250,38,212,208,0.832,11,0.2895,11,0.2895,197,0.9292,26,239,239,27
28.0,10.0,2,0,18.0,0,0,250,38,212,208,0.832,11,0.2895,11,0.2895,197,0.9292,26,239,239,27
28.0,10.0,2,0,24.0,0,0,250,38,212,208,0.832,11,0.2895,11,0.2895,197,0.9292,26,239,239,27
28.0,10.0,2,0,32.0,0,0,250,38,212,208,0.832,11,0.2895,11,0.2895,197,0.9292,26,239,239,27
28.0,12.0,2,0,12.0,0,0,250,38,212,208,0.832,11,0.2895,11,0.2895,197,0.9292,26,239,239,27
28.0,12.0,2,0,18.0,0,0,250,38,212,208,0.832,11,0.2895,11,0.2895,197,0.9292,26,239,239,27
28.0,12.0,2,0,24.0,0,0,250,38,212,208,0.832,11,0.2895,11,0.2895,197,0.9292,26,239,239,27
28.0,12.0,2,0,32.0,0,0,250,38,212,208,0.832,11,0.2895,11,0.2895,197,0.9292,26,239,239,27
28.0,14.0,2,0,12.0,0,0,250,38,212,208,0.832,11,0.2895,11,0.2895,197,0.9292,26,239,239,27
28.0,14.0,2,0,18.0,0,0,250,38,212,208,0.832,11,0.2895,11,0.2895,197,0.9292,26,239,239,27
28.0,14.0,2,0,24.0,0,0,250,38,212,208,0.832,11,0.2895,11,0.2895,197,0.9292,26,239,239,27
28.0,14.0,2,0,32.0,0,0,250,38,212,208,0.832,11,0.2895,11,0.2895,197,0.9292,26,239,239,27
26.0,16.0,3,0,12.0,0,0,250,38,212,208,0.832,10,0.2632,10,0.2632,198,0.934,24,240,240,28
26.0,16.0,3,0,18.0,0,0,250,38,212,208,0.832,10,0.2632,10,0.2632,198,0.934,24,240,240,28
26.0,16.0,3,0,24.0,0,0,250,38,212,208,0.832,10,0.2632,10,0.2632,198,0.934,24,240,240,28
26.0,16.0,3,0,32.0,0,0,250,38,212,208,0.832,10,0.2632,10,0.2632,198,0.934,24,240,240,28
26.0,18.0,3,0,12.0,0,0,250,38,212,208,0.832,10,0.2632,10,0.2632,198,0.934,24,240,240,28
26.0,18.0,3,0,18.0,0,0,250,38,212,208,0.832,10,0.2632,10,0.2632,198,0.934,24,240,240,28
26.0,18.0,3,0,24.0,0,0,250,38,212,208,0.832,10,0.2632,10,0.2632,198,0.934,24,240,240,28
26.0,18.0,3,0,32.0,0,0,250,38,212,208,0.832,10,0.2632,10,0.2632,198,0.934,24,240,240,28
26.0,20.0,3,0,12.0,0,0,250,38,212,208,0.832,10,0.2632,10,0.2632,198,0.934,24,240,240,28
26.0,20.0,3,0,18.0,0,0,250,38,212,208,0.832,10,0.2632,10,0.2632,198,0.934,24,240,240,28
26.0,20.0,3,0,24.0,0,0,250,38,212,208,0.832,10,0.2632,10,0.2632,198,0.934,24,240,240,28
26.0,20.0,3,0,32.0,0,0,250,38,212,208,0.832,10,0.2632,10,0.2632,198,0.934,24,240,240,28
28.0,18.0,3,0,48.0,0,0,250,38,212,208,0.832,10,0.2632,10,0.2632,198,0.934,24,240,240,28
28.0,20.0,3,0,48.0,0,0,250,38,212,208,0.832,10,0.2632,10,0.2632,198,0.934,24,240,240,28
28.0,20.0,3,1,12.0,0,0,250,38,212,208,0.832,10,0.2632,10,0.2632,198,0.934,24,240,240,28
28.0,20.0,3,1,18.0,0,0,250,38,212,208,0.832,10,0.2632,10,0.2632,198,0.934,24,240,240,28
28.0,20.0,3,1,24.0,0,0,250,38,212,208,0.832,10,0.2632,10,0.2632,198,0.934,24,240,240,28
28.0,20.0,3,1,32.0,0,0,250,38,212,208,0.832,10,0.2632,10,0.2632,198,0.934,24,240,240,28
28.0,20.0,3,2,12.0,0,0,250,38,212,208,0.832,10,0.2632,10,0.2632,198,0.934,24,240,240,28
32.0,26.0,1,1,12.0,0,0,250,38,212,208,0.832,9,0.2368,9,0.2368,199,0.9387,22,241,241,29
32.0,26.0,1,1,18.0,0,0,250,38,212,208,0.832,9,0.2368,9,0.2368,199,0.9387,22,241,241,29
32.0,26.0,1,1,24.0,0,0,250,38,212,208,0.832,9,0.2368,9,0.2368,199,0.9387,22,241,241,29
32.0,26.0,1,1,32.0,0,0,250,38,212,208,0.832,9,0.2368,9,0.2368,199,0.9387,22,241,241,29
32.0,26.0,1,1,48.0,0,0,250,38,212,208,0.832,9,0.2368,9,0.2368,199,0.9387,22,241,241,29
32.0,26.0,1,2,12.0,0,0,250,38,212,208,0.832,9,0.2368,9,0.2368,199,0.9387,22,241,241,29
32.0,26.0,1,2,18.0,0,0,250,38,212,208,0.832,9,0.2368,9,0.2368,199,0.9387,22,241,241,29
32.0,26.0,1,2,24.0,0,0,250,38,212,208,0.832,9,0.2368,9,0.2368,199,0.9387,22,241,241,29
32.0,26.0,1,2,32.0,0,0,250,38,212,208,0.832,9,0.2368,9,0.2368,199,0.9387,22,241,241,29
32.0,26.0,1,2,48.0,0,0,250,38,212,208,0.832,9,0.2368,9,0.2368,199,0.9387,22,241,241,29
32.0,6.0,2,0,12.0,0,0,250,38,212,208,0.832,3,0.0789,3,0.0789,205,0.967,10,247,247,35
32.0,6.0,2,0,18.0,0,0,250,38,212,208,0.832,3,0.0789,3,0.0789,205,0.967,10,247,247,35
32.0,6.0,2,0,24.0,0,0,250,38,212,208,0.832,3,0.0789,3,0.0789,205,0.967,10,247,247,35
32.0,6.0,2,0,32.0,0,0,250,38,212,208,0.832,3,0.0789,3,0.0789,205,0.967,10,247,247,35
32.0,6.0,2,0,48.0,0,0,250,38,212,208,0.832,3,0.0789,3,0.0789,205,0.967,10,247,247,35
32.0,6.0,2,1,12.0,0,0,250,38,212,208,0.832,3,0.0789,3,0.0789,205,0.967,10,247,247,35
32.0,6.0,2,1,18.0,0,0,250,38,212,208,0.832,3,0.0789,3,0.0789,205,0.967,10,247,247,35
32.0,6.0,2,1,24.0,0,0,250,38,212,208,0.832,3,0.0789,3,0.0789,205,0.967,10,247,247,35
32.0,6.0,2,1,32.0,0,0,250,38,212,208,0.832,3,0.0789,3,0.0789,205,0.967,10,247,247,35
32.0,6.0,2,1,48.0,0,0,250,38,212,208,0.832,3,0.0789,3,0.0789,205,0.967,10,247,247,35
32.0,6.0,2,2,12.0,0,0,250,38,212,208,0.832,3,0.0789,3,0.0789,205,0.967,10,247,247,35
32.0,6.0,2,2,18.0,0,0,250,38,212,208,0.832,3,0.0789,3,0.0789,205,0.967,10,247,247,35
32.0,6.0,2,2,24.0,0,0,250,38,212,208,0.832,3,0.0789,3,0.0789,205,0.967,10,247,247,35
32.0,6.0,2,2,32.0,0,0,250,38,212,208,0.832,3,0.0789,3,0.0789,205,0.967,10,247,247,35
32.0,6.0,2,2,48.0,0,0,250,38,212,208,0.832,3,0.0789,3,0.0789,205,0.967,10,247,247,35
32.0,8.0,2,0,12.0,0,0,250,38,212,208,0.832,3,0.0789,3,0.0789,205,0.967,10,247,247,35
32.0,8.0,2,0,18.0,0,0,250,38,212,208,0.832,3,0.0789,3,0.0789,205,0.967,10,247,247,35
32.0,8.0,2,0,24.0,0,0,250,38,212,208,0.832,3,0.0789,3,0.0789,205,0.967,10,247,247,35
32.0,8.0,2,0,32.0,0,0,250,38,212,208,0.832,3,0.0789,3,0.0789,205,0.967,10,247,247,35
32.0,8.0,2,0,48.0,0,0,250,38,212,208,0.832,3,0.0789,3,0.0789,205,0.967,10,247,247,35
32.0,8.0,2,1,12.0,0,0,250,38,212,208,0.832,3,0.0789,3,0.0789,205,0.967,10,247,247,35
32.0,8.0,2,1,18.0,0,0,250,38,212,208,0.832,3,0.0789,3,0.0789,205,0.967,10,247,247,35
32.0,8.0,2,1,24.0,0,0,250,38,212,208,0.832,3,0.0789,3,0.0789,205,0.967,10,247,247,35
32.0,8.0,2,1,32.0,0,0,250,38,212,208,0.832,3,0.0789,3,0.0789,205,0.967,10,247,247,35
32.0,8.0,2,1,48.0,0,0,250,38,212,208,0.832,3,0.0789,3,0.0789,205,0.967,10,247,247,35
32.0,8.0,2,2,12.0,0,0,250,38,212,208,0.832,3,0.0789,3,0.0789,205,0.967,10,247,247,35
32.0,8.0,2,2,18.0,0,0,250,38,212,208,0.832,3,0.0789,3,0.0789,205,0.967,10,247,247,35
32.0,8.0,2,2,24.0,0,0,250,38,212,208,0.832,3,0.0789,3,0.0789,205,0.967,10,247,247,35
32.0,8.0,2,2,32.0,0,0,250,38,212,208,0.832,3,0.0789,3,0.0789,205,0.967,10,247,247,35
32.0,8.0,2,2,48.0,0,0,250,38,212,208,0.832,3,0.0789,3,0.0789,205,0.967,10,247,247,35
32.0,10.0,2,0,12.0,0,0,250,38,212,208,0.832,3,0.0789,3,0.0789,205,0.967,10,247,247,35
32.0,10.0,2,0,18.0,0,0,250,38,212,208,0.832,3,0.0789,3,0.0789,205,0.967,10,247,247,35
32.0,10.0,2,0,24.0,0,0,250,38,212,208,0.832,3,0.0789,3,0.0789,205,0.967,10,247,247,35
32.0,10.0,2,0,32.0,0,0,250,38,212,208,0.832,3,0.0789,3,0.0789,205,0.967,10,247,247,35
32.0,10.0,2,0,48.0,0,0,250,38,212,208,0.832,3,0.0789,3,0.0789,205,0.967,10,247,247,35
32.0,10.0,2,1,12.0,0,0,250,38,212,208,0.832,3,0.0789,3,0.0789,205,0.967,10,247,247,35
32.0,10.0,2,1,18.0,0,0,250,38,212,208,0.832,3,0.0789,3,0.0789,205,0.967,10,247,247,35
32.0,10.0,2,1,24.0,0,0,250,38,212,208,0.832,3,0.0789,3,0.0789,205,0.967,10,247,247,35
32.0,10.0,2,1,32.0,0,0,250,38,212,208,0.832,3,0.0789,3,0.0789,205,0.967,10,247,247,35
32.0,10.0,2,1,48.0,0,0,250,38,212,208,0.832,3,0.0789,3,0.0789,205,0.967,10,247,247,35
32.0,10.0,2,2,12.0,0,0,250,38,212,208,0.832,3,0.0789,3,0.0789,205,0.967,10,247,247,35
32.0,10.0,2,2,18.0,0,0,250,38,212,208,0.832,3,0.0789,3,0.0789,205,0.967,10,247,247,35
32.0,10.0,2,2,24.0,0,0,250,38,212,208,0.832,3,0.0789,3,0.0789,205,0.967,10,247,247,35
32.0,10.0,2,2,32.0,0,0,250,38,212,208,0.832,3,0.0789,3,0.0789,205,0.967,10,247,247,35
32.0,10.0,2,2,48.0,0,0,250,38,212,208,0.832,3,0.0789,3,0.0789,205,0.967,10,247,247,35
32.0,12.0,2,0,12.0,0,0,250,38,212,208,0.832,3,0.0789,3,0.0789,205,0.967,10,247,247,35
32.0,12.0,2,0,18.0,0,0,250,38,212,208,0.832,3,0.0789,3,0.0789,205,0.967,10,247,247,35
32.0,12.0,2,0,24.0,0,0,250,38,212,208,0.832,3,0.0789,3,0.0789,205,0.967,10,247,247,35
32.0,12.0,2,0,32.0,0,0,250,38,212,208,0.832,3,0.0789,3,0.0789,205,0.967,10,247,247,35
32.0,12.0,2,0,48.0,0,0,250,38,212,208,0.832,3,0.0789,3,0.0789,205,0.967,10,247,247,35
32.0,12.0,2,1,12.0,0,0,250,38,212,208,0.832,3,0.0789,3,0.0789,205,0.967,10,247,247,35
32.0,12.0,2,1,18.0,0,0,250,38,212,208,0.832,3,0.0789,3,0.0789,205,0.967,10,247,247,35
32.0,12.0,2,1,24.0,0,0,250,38,212,208,0.832,3,0.0789,3,0.0789,205,0.967,10,247,247,35
32.0,12.0,2,1,32.0,0,0,250,38,212,208,0.832,3,0.0789,3,0.0789,205,0.967,10,247,247,35
32.0,12.0,2,1,48.0,0,0,250,38,212,208,0.832,3,0.0789,3,0.0789,205,0.967,10,247,247,35
32.0,12.0,2,2,12.0,0,0,250,38,212,208,0.832,3,0.0789,3,0.0789,205,0.967,10,247,247,35
32.0,12.0,2,2,18.0,0,0,250,38,212,208,0.832,3,0.0789,3,0.0789,205,0.967,10,247,247,35
32.0,12.0,2,2,24.0,0,0,250,38,212,208,0.832,3,0.0789,3,0.0789,205,0.967,10,247,247,35
32.0,12.0,2,2,32.0,0,0,250,38,212,208,0.832,3,0.0789,3,0.0789,205,0.967,10,247,247,35
32.0,12.0,2,2,48.0,0,0,250,38,212,208,0.832,3,0.0789,3,0.0789,205,0.967,10,247,247,35
32.0,14.0,2,0,12.0,0,0,250,38,212,208,0.832,3,0.0789,3,0.0789,205,0.967,10,247,247,35
32.0,14.0,2,0,18.0,0,0,250,38,212,208,0.832,3,0.0789,3,0.0789,205,0.967,10,247,247,35
32.0,14.0,2,0,24.0,0,0,250,38,212,208,0.832,3,0.0789,3,0.0789,205,0.967,10,247,247,35
32.0,14.0,2,0,32.0,0,0,250,38,212,208,0.832,3,0.0789,3,0.0789,205,0.967,10,247,247,35
32.0,14.0,2,0,48.0,0,0,250,38,212,208,0.832,3,0.0789,3,0.0789,205,0.967,10,247,247,35
32.0,14.0,2,1,12.0,0,0,250,38,212,208,0.832,3,0.0789,3,0.0789,205,0.967,10,247,247,35
32.0,14.0,2,1,18.0,0,0,250,38,212,208,0.832,3,0.0789,3,0.0789,205,0.967,10,247,247,35
32.0,14.0,2,1,24.0,0,0,250,38,212,208,0.832,3,0.0789,3,0.0789,205,0.967,10,247,247,35
32.0,14.0,2,1,32.0,0,0,250,38,212,208,0.832,3,0.0789,3,0.0789,205,0.967,10,247,247,35
32.0,14.0,2,1,48.0,0,0,250,38,212,208,0.832,3,0.0789,3,0.0789,205,0.967,10,247,247,35
32.0,14.0,2,2,12.0,0,0,250,38,212,208,0.832,3,0.0789,3,0.0789,205,0.967,10,247,247,35
32.0,14.0,2,2,18.0,0,0,250,38,212,208,0.832,3,0.0789,3,0.0789,205,0.967,10,247,247,35
32.0,14.0,2,2,24.0,0,0,250,38,212,208,0.832,3,0.0789,3,0.0789,205,0.967,10,247,247,35
32.0,14.0,2,2,32.0,0,0,250,38,212,208,0.832,3,0.0789,3,0.0789,205,0.967,10,247,247,35
32.0,14.0,2,2,48.0,0,0,250,38,212,208,0.832,3,0.0789,3,0.0789,205,0.967,10,247,247,35
30.0,6.0,3,0,12.0,0,0,250,38,212,208,0.832,2,0.0526,2,0.0526,206,0.9717,8,248,248,36
30.0,6.0,3,0,18.0,0,0,250,38,212,208,0.832,2,0.0526,2,0.0526,206,0.9717,8,248,248,36
30.0,6.0,3,0,24.0,0,0,250,38,212,208,0.832,2,0.0526,2,0.0526,206,0.9717,8,248,248,36
30.0,6.0,3,0,32.0,0,0,250,38,212,208,0.832,2,0.0526,2,0.0526,206,0.9717,8,248,248,36
30.0,6.0,3,0,48.0,0,0,250,38,212,208,0.832,2,0.0526,2,0.0526,206,0.9717,8,248,248,36
30.0,6.0,3,1,12.0,0,0,250,38,212,208,0.832,2,0.0526,2,0.0526,206,0.9717,8,248,248,36
30.0,6.0,3,1,18.0,0,0,250,38,212,208,0.832,2,0.0526,2,0.0526,206,0.9717,8,248,248,36
30.0,6.0,3,1,24.0,0,0,250,38,212,208,0.832,2,0.0526,2,0.0526,206,0.9717,8,248,248,36
30.0,6.0,3,1,32.0,0,0,250,38,212,208,0.832,2,0.0526,2,0.0526,206,0.9717,8,248,248,36
30.0,6.0,3,1,48.0,0,0,250,38,212,208,0.832,2,0.0526,2,0.0526,206,0.9717,8,248,248,36
30.0,6.0,3,2,12.0,0,0,250,38,212,208,0.832,2,0.0526,2,0.0526,206,0.9717,8,248,248,36
30.0,6.0,3,2,18.0,0,0,250,38,212,208,0.832,2,0.0526,2,0.0526,206,0.9717,8,248,248,36
30.0,6.0,3,2,24.0,0,0,250,38,212,208,0.832,2,0.0526,2,0.0526,206,0.9717,8,248,248,36
30.0,6.0,3,2,32.0,0,0,250,38,212,208,0.832,2,0.0526,2,0.0526,206,0.9717,8,248,248,36
30.0,6.0,3,2,48.0,0,0,250,38,212,208,0.832,2,0.0526,2,0.0526,206,0.9717,8,248,248,36
30.0,8.0,3,0,12.0,0,0,250,38,212,208,0.832,2,0.0526,2,0.0526,206,0.9717,8,248,248,36
30.0,8.0,3,0,18.0,0,0,250,38,212,208,0.832,2,0.0526,2,0.0526,206,0.9717,8,248,248,36
30.0,8.0,3,0,24.0,0,0,250,38,212,208,0.832,2,0.0526,2,0.0526,206,0.9717,8,248,248,36
30.0,8.0,3,0,32.0,0,0,250,38,212,208,0.832,2,0.0526,2,0.0526,206,0.9717,8,248,248,36
30.0,8.0,3,0,48.0,0,0,250,38,212,208,0.832,2,0.0526,2,0.0526,206,0.9717,8,248,248,36
30.0,8.0,3,1,12.0,0,0,250,38,212,208,0.832,2,0.0526,2,0.0526,206,0.9717,8,248,248,36
30.0,8.0,3,1,18.0,0,0,250,38,212,208,0.832,2,0.0526,2,0.0526,206,0.9717,8,248,248,36
30.0,8.0,3,1,24.0,0,0,250,38,212,208,0.832,2,0.0526,2,0.0526,206,0.9717,8,248,248,36
30.0,8.0,3,1,32.0,0,0,250,38,212,208,0.832,2,0.0526,2,0.0526,206,0.9717,8,248,248,36
30.0,8.0,3,1,48.0,0,0,250,38,212,208,0.832,2,0.0526,2,0.0526,206,0.9717,8,248,248,36
30.0,8.0,3,2,12.0,0,0,250,38,212,208,0.832,2,0.0526,2,0.0526,206,0.9717,8,248,248,36
30.0,8.0,3,2,18.0,0,0,250,38,212,208,0.832,2,0.0526,2,0.0526,206,0.9717,8,248,248,36
30.0,8.0,3,2,24.0,0,0,250,38,212,208,0.832,2,0.0526,2,0.0526,206,0.9717,8,248,248,36
30.0,8.0,3,2,32.0,0,0,250,38,212,208,0.832,2,0.0526,2,0.0526,206,0.9717,8,248,248,36
30.0,8.0,3,2,48.0,0,0,250,38,212,208,0.832,2,0.0526,2,0.0526,206,0.9717,8,248,248,36
30.0,10.0,3,0,12.0,0,0,250,38,212,208,0.832,2,0.0526,2,0.0526,206,0.9717,8,248,248,36
30.0,10.0,3,0,18.0,0,0,250,38,212,208,0.832,2,0.0526,2,0.0526,206,0.9717,8,248,248,36
30.0,10.0,3,0,24.0,0,0,250,38,212,208,0.832,2,0.0526,2,0.0526,206,0.9717,8,248,248,36
30.0,10.0,3,0,32.0,0,0,250,38,212,208,0.832,2,0.0526,2,0.0526,206,0.9717,8,248,248,36
30.0,10.0,3,0,48.0,0,0,250,38,212,208,0.832,2,0.0526,2,0.0526,206,0.9717,8,248,248,36
30.0,10.0,3,1,12.0,0,0,250,38,212,208,0.832,2,0.0526,2,0.0526,206,0.9717,8,248,248,36
30.0,10.0,3,1,18.0,0,0,250,38,212,208,0.832,2,0.0526,2,0.0526,206,0.9717,8,248,248,36
30.0,10.0,3,1,24.0,0,0,250,38,212,208,0.832,2,0.0526,2,0.0526,206,0.9717,8,248,248,36
30.0,10.0,3,1,32.0,0,0,250,38,212,208,0.832,2,0.0526,2,0.0526,206,0.9717,8,248,248,36
30.0,10.0,3,1,48.0,0,0,250,38,212,208,0.832,2,0.0526,2,0.0526,206,0.9717,8,248,248,36
30.0,10.0,3,2,12.0,0,0,250,38,212,208,0.832,2,0.0526,2,0.0526,206,0.9717,8,248,248,36
30.0,10.0,3,2,18.0,0,0,250,38,212,208,0.832,2,0.0526,2,0.0526,206,0.9717,8,248,248,36
30.0,10.0,3,2,24.0,0,0,250,38,212,208,0.832,2,0.0526,2,0.0526,206,0.9717,8,248,248,36
30.0,10.0,3,2,32.0,0,0,250,38,212,208,0.832,2,0.0526,2,0.0526,206,0.9717,8,248,248,36
30.0,10.0,3,2,48.0,0,0,250,38,212,208,0.832,2,0.0526,2,0.0526,206,0.9717,8,248,248,36
30.0,12.0,3,0,12.0,0,0,250,38,212,208,0.832,2,0.0526,2,0.0526,206,0.9717,8,248,248,36
30.0,12.0,3,0,18.0,0,0,250,38,212,208,0.832,2,0.0526,2,0.0526,206,0.9717,8,248,248,36
30.0,12.0,3,0,24.0,0,0,250,38,212,208,0.832,2,0.0526,2,0.0526,206,0.9717,8,248,248,36
30.0,12.0,3,0,32.0,0,0,250,38,212,208,0.832,2,0.0526,2,0.0526,206,0.9717,8,248,248,36
30.0,12.0,3,0,48.0,0,0,250,38,212,208,0.832,2,0.0526,2,0.0526,206,0.9717,8,248,248,36
30.0,12.0,3,1,12.0,0,0,250,38,212,208,0.832,2,0.0526,2,0.0526,206,0.9717,8,248,248,36
30.0,12.0,3,1,18.0,0,0,250,38,212,208,0.832,2,0.0526,2,0.0526,206,0.9717,8,248,248,36
30.0,12.0,3,1,24.0,0,0,250,38,212,208,0.832,2,0.0526,2,0.0526,206,0.9717,8,248,248,36
30.0,12.0,3,1,32.0,0,0,250,38,212,208,0.832,2,0.0526,2,0.0526,206,0.9717,8,248,248,36
30.0,12.0,3,1,48.0,0,0,250,38,212,208,0.832,2,0.0526,2,0.0526,206,0.9717,8,248,248,36
30.0,12.0,3,2,12.0,0,0,250,38,212,208,0.832,2,0.0526,2,0.0526,206,0.9717,8,248,248,36
30.0,12.0,3,2,18.0,0,0,250,38,212,208,0.832,2,0.0526,2,0.0526,206,0.9717,8,248,248,36
30.0,12.0,3,2,24.0,0,0,250,38,212,208,0.832,2,0.0526,2,0.0526,206,0.9717,8,248,248,36
30.0,12.0,3,2,32.0,0,0,250,38,212,208,0.832,2,0.0526,2,0.0526,206,0.9717,8,248,248,36
30.0,12.0,3,2,48.0,0,0,250,38,212,208,0.832,2,0.0526,2,0.0526,206,0.9717,8,248,248,36
30.0,14.0,3,0,12.0,0,0,250,38,212,208,0.832,2,0.0526,2,0.0526,206,0.9717,8,248,248,36
30.0,14.0,3,0,18.0,0,0,250,38,212,208,0.832,2,0.0526,2,0.0526,206,0.9717,8,248,248,36
30.0,14.0,3,0,24.0,0,0,250,38,212,208,0.832,2,0.0526,2,0.0526,206,0.9717,8,248,248,36
30.0,14.0,3,0,32.0,0,0,250,38,212,208,0.832,2,0.0526,2,0.0526,206,0.9717,8,248,248,36
30.0,14.0,3,0,48.0,0,0,250,38,212,208,0.832,2,0.0526,2,0.0526,206,0.9717,8,248,248,36
30.0,14.0,3,1,12.0,0,0,250,38,212,208,0.832,2,0.0526,2,0.0526,206,0.9717,8,248,248,36
30.0,14.0,3,1,18.0,0,0,250,38,212,208,0.832,2,0.0526,2,0.0526,206,0.9717,8,248,248,36
30.0,14.0,3,1,24.0,0,0,250,38,212,208,0.832,2,0.0526,2,0.0526,206,0.9717,8,248,248,36
30.0,14.0,3,1,32.0,0,0,250,38,212,208,0.832,2,0.0526,2,0.0526,206,0.9717,8,248,248,36
30.0,14.0,3,1,48.0,0,0,250,38,212,208,0.832,2,0.0526,2,0.0526,206,0.9717,8,248,248,36
30.0,14.0,3,2,12.0,0,0,250,38,212,208,0.832,2,0.0526,2,0.0526,206,0.9717,8,248,248,36
30.0,14.0,3,2,18.0,0,0,250,38,212,208,0.832,2,0.0526,2,0.0526,206,0.9717,8,248,248,36
30.0,14.0,3,2,24.0,0,0,250,38,212,208,0.832,2,0.0526,2,0.0526,206,0.9717,8,248,248,36
30.0,14.0,3,2,32.0,0,0,250,38,212,208,0.832,2,0.0526,2,0.0526,206,0.9717,8,248,248,36
30.0,14.0,3,2,48.0,0,0,250,38,212,208,0.832,2,0.0526,2,0.0526,206,0.9717,8,248,248,36
32.0,6.0,3,0,12.0,0,0,250,38,212,208,0.832,2,0.0526,2,0.0526,206,0.9717,8,248,248,36
32.0,6.0,3,0,18.0,0,0,250,38,212,208,0.832,2,0.0526,2,0.0526,206,0.9717,8,248,248,36
32.0,6.0,3,0,24.0,0,0,250,38,212,208,0.832,2,0.0526,2,0.0526,206,0.9717,8,248,248,36
32.0,6.0,3,0,32.0,0,0,250,38,212,208,0.832,2,0.0526,2,0.0526,206,0.9717,8,248,248,36
32.0,6.0,3,0,48.0,0,0,250,38,212,208,0.832,2,0.0526,2,0.0526,206,0.9717,8,248,248,36
32.0,6.0,3,1,12.0,0,0,250,38,212,208,0.832,2,0.0526,2,0.0526,206,0.9717,8,248,248,36
32.0,6.0,3,1,18.0,0,0,250,38,212,208,0.832,2,0.0526,2,0.0526,206,0.9717,8,248,248,36
32.0,6.0,3,1,24.0,0,0,250,38,212,208,0.832,2,0.0526,2,0.0526,206,0.9717,8,248,248,36
32.0,6.0,3,1,32.0,0,0,250,38,212,208,0.832,2,0.0526,2,0.0526,206,0.9717,8,248,248,36
32.0,6.0,3,1,48.0,0,0,250,38,212,208,0.832,2,0.0526,2,0.0526,206,0.9717,8,248,248,36
32.0,6.0,3,2,12.0,0,0,250,38,212,208,0.832,2,0.0526,2,0.0526,206,0.9717,8,248,248,36
32.0,6.0,3,2,18.0,0,0,250,38,212,208,0.832,2,0.0526,2,0.0526,206,0.9717,8,248,248,36
32.0,6.0,3,2,24.0,0,0,250,38,212,208,0.832,2,0.0526,2,0.0526,206,0.9717,8,248,248,36
32.0,6.0,3,2,32.0,0,0,250,38,212,208,0.832,2,0.0526,2,0.0526,206,0.9717,8,248,248,36
32.0,6.0,3,2,48.0,0,0,250,38,212,208,0.832,2,0.0526,2,0.0526,206,0.9717,8,248,248,36
32.0,8.0,3,0,12.0,0,0,250,38,212,208,0.832,2,0.0526,2,0.0526,206,0.9717,8,248,248,36
32.0,8.0,3,0,18.0,0,0,250,38,212,208,0.832,2,0.0526,2,0.0526,206,0.9717,8,248,248,36
32.0,8.0,3,0,24.0,0,0,250,38,212,208,0.832,2,0.0526,2,0.0526,206,0.9717,8,248,248,36
32.0,8.0,3,0,32.0,0,0,250,38,212,208,0.832,2,0.0526,2,0.0526,206,0.9717,8,248,248,36
32.0,8.0,3,0,48.0,0,0,250,38,212,208,0.832,2,0.0526,2,0.0526,206,0.9717,8,248,248,36
32.0,8.0,3,1,12.0,0,0,250,38,212,208,0.832,2,0.0526,2,0.0526,206,0.9717,8,248,248,36
32.0,8.0,3,1,18.0,0,0,250,38,212,208,0.832,2,0.0526,2,0.0526,206,0.9717,8,248,248,36
32.0,8.0,3,1,24.0,0,0,250,38,212,208,0.832,2,0.0526,2,0.0526,206,0.9717,8,248,248,36
32.0,8.0,3,1,32.0,0,0,250,38,212,208,0.832,2,0.0526,2,0.0526,206,0.9717,8,248,248,36
32.0,8.0,3,1,48.0,0,0,250,38,212,208,0.832,2,0.0526,2,0.0526,206,0.9717,8,248,248,36
32.0,8.0,3,2,12.0,0,0,250,38,212,208,0.832,2,0.0526,2,0.0526,206,0.9717,8,248,248,36
32.0,8.0,3,2,18.0,0,0,250,38,212,208,0.832,2,0.0526,2,0.0526,206,0.9717,8,248,248,36
32.0,8.0,3,2,24.0,0,0,250,38,212,208,0.832,2,0.0526,2,0.0526,206,0.9717,8,248,248,36
32.0,8.0,3,2,32.0,0,0,250,38,212,208,0.832,2,0.0526,2,0.0526,206,0.9717,8,248,248,36
32.0,8.0,3,2,48.0,0,0,250,38,212,208,0.832,2,0.0526,2,0.0526,206,0.9717,8,248,248,36
32.0,10.0,3,0,12.0,0,0,250,38,212,208,0.832,2,0.0526,2,0.0526,206,0.9717,8,248,248,36
32.0,10.0,3,0,18.0,0,0,250,38,212,208,0.832,2,0.0526,2,0.0526,206,0.9717,8,248,248,36
32.0,10.0,3,0,24.0,0,0,250,38,212,208,0.832,2,0.0526,2,0.0526,206,0.9717,8,248,248,36
32.0,10.0,3,0,32.0,0,0,250,38,212,208,0.832,2,0.0526,2,0.0526,206,0.9717,8,248,248,36
32.0,10.0,3,0,48.0,0,0,250,38,212,208,0.832,2,0.0526,2,0.0526,206,0.9717,8,248,248,36
32.0,10.0,3,1,12.0,0,0,250,38,212,208,0.832,2,0.0526,2,0.0526,206,0.9717,8,248,248,36
32.0,10.0,3,1,18.0,0,0,250,38,212,208,0.832,2,0.0526,2,0.0526,206,0.9717,8,248,248,36
32.0,10.0,3,1,24.0,0,0,250,38,212,208,0.832,2,0.0526,2,0.0526,206,0.9717,8,248,248,36
32.0,10.0,3,1,32.0,0,0,250,38,212,208,0.832,2,0.0526,2,0.0526,206,0.9717,8,248,248,36
32.0,10.0,3,1,48.0,0,0,250,38,212,208,0.832,2,0.0526,2,0.0526,206,0.9717,8,248,248,36
32.0,10.0,3,2,12.0,0,0,250,38,212,208,0.832,2,0.0526,2,0.0526,206,0.9717,8,248,248,36
32.0,10.0,3,2,18.0,0,0,250,38,212,208,0.832,2,0.0526,2,0.0526,206,0.9717,8,248,248,36
32.0,10.0,3,2,24.0,0,0,250,38,212,208,0.832,2,0.0526,2,0.0526,206,0.9717,8,248,248,36
32.0,10.0,3,2,32.0,0,0,250,38,212,208,0.832,2,0.0526,2,0.0526,206,0.9717,8,248,248,36
32.0,10.0,3,2,48.0,0,0,250,38,212,208,0.832,2,0.0526,2,0.0526,206,0.9717,8,248,248,36
32.0,12.0,3,0,12.0,0,0,250,38,212,208,0.832,2,0.0526,2,0.0526,206,0.9717,8,248,248,36
32.0,12.0,3,0,18.0,0,0,250,38,212,208,0.832,2,0.0526,2,0.0526,206,0.9717,8,248,248,36
32.0,12.0,3,0,24.0,0,0,250,38,212,208,0.832,2,0.0526,2,0.0526,206,0.9717,8,248,248,36
32.0,12.0,3,0,32.0,0,0,250,38,212,208,0.832,2,0.0526,2,0.0526,206,0.9717,8,248,248,36
32.0,12.0,3,0,48.0,0,0,250,38,212,208,0.832,2,0.0526,2,0.0526,206,0.9717,8,248,248,36
32.0,12.0,3,1,12.0,0,0,250,38,212,208,0.832,2,0.0526,2,0.0526,206,0.9717,8,248,248,36
32.0,12.0,3,1,18.0,0,0,250,38,212,208,0.832,2,0.0526,2,0.0526,206,0.9717,8,248,248,36
32.0,12.0,3,1,24.0,0,0,250,38,212,208,0.832,2,0.0526,2,0.0526,206,0.9717,8,248,248,36
32.0,12.0,3,1,32.0,0,0,250,38,212,208,0.832,2,0.0526,2,0.0526,206,0.9717,8,248,248,36
32.0,12.0,3,1,48.0,0,0,250,38,212,208,0.832,2,0.0526,2,0.0526,206,0.9717,8,248,248,36
32.0,12.0,3,2,12.0,0,0,250,38,212,208,0.832,2,0.0526,2,0.0526,206,0.9717,8,248,248,36
32.0,12.0,3,2,18.0,0,0,250,38,212,208,0.832,2,0.0526,2,0.0526,206,0.9717,8,248,248,36
32.0,12.0,3,2,24.0,0,0,250,38,212,208,0.832,2,0.0526,2,0.0526,206,0.9717,8,248,248,36
32.0,12.0,3,2,32.0,0,0,250,38,212,208,0.832,2,0.0526,2,0.0526,206,0.9717,8,248,248,36
32.0,12.0,3,2,48.0,0,0,250,38,212,208,0.832,2,0.0526,2,0.0526,206,0.9717,8,248,248,36
32.0,14.0,3,0,12.0,0,0,250,38,212,208,0.832,2,0.0526,2,0.0526,206,0.9717,8,248,248,36
32.0,14.0,3,0,18.0,0,0,250,38,212,208,0.832,2,0.0526,2,0.0526,206,0.9717,8,248,248,36
32.0,14.0,3,0,24.0,0,0,250,38,212,208,0.832,2,0.0526,2,0.0526,206,0.9717,8,248,248,36
32.0,14.0,3,0,32.0,0,0,250,38,212,208,0.832,2,0.0526,2,0.0526,206,0.9717,8,248,248,36
32.0,14.0,3,0,48.0,0,0,250,38,212,208,0.832,2,0.0526,2,0.0526,206,0.9717,8,248,248,36
32.0,14.0,3,1,12.0,0,0,250,38,212,208,0.832,2,0.0526,2,0.0526,206,0.9717,8,248,248,36
32.0,14.0,3,1,18.0,0,0,250,38,212,208,0.832,2,0.0526,2,0.0526,206,0.9717,8,248,248,36
32.0,14.0,3,1,24.0,0,0,250,38,212,208,0.832,2,0.0526,2,0.0526,206,0.9717,8,248,248,36
32.0,14.0,3,1,32.0,0,0,250,38,212,208,0.832,2,0.0526,2,0.0526,206,0.9717,8,248,248,36
32.0,14.0,3,1,48.0,0,0,250,38,212,208,0.832,2,0.0526,2,0.0526,206,0.9717,8,248,248,36
32.0,14.0,3,2,12.0,0,0,250,38,212,208,0.832,2,0.0526,2,0.0526,206,0.9717,8,248,248,36
32.0,14.0,3,2,18.0,0,0,250,38,212,208,0.832,2,0.0526,2,0.0526,206,0.9717,8,248,248,36
32.0,14.0,3,2,24.0,0,0,250,38,212,208,0.832,2,0.0526,2,0.0526,206,0.9717,8,248,248,36
32.0,14.0,3,2,32.0,0,0,250,38,212,208,0.832,2,0.0526,2,0.0526,206,0.9717,8,248,248,36
32.0,14.0,3,2,48.0,0,0,250,38,212,208,0.832,2,0.0526,2,0.0526,206,0.9717,8,248,248,36
34.0,16.0,2,0,12.0,0,0,250,38,212,208,0.832,0,0.0,0,0.0,208,0.9811,4,64,,
34.0,16.0,2,0,18.0,0,0,250,38,212,208,0.832,0,0.0,0,0.0,208,0.9811,4,64,,
34.0,16.0,2,0,24.0,0,0,250,38,212,208,0.832,0,0.0,0,0.0,208,0.9811,4,64,,
34.0,16.0,2,0,32.0,0,0,250,38,212,208,0.832,0,0.0,0,0.0,208,0.9811,4,64,,
34.0,16.0,2,0,48.0,0,0,250,38,212,208,0.832,0,0.0,0,0.0,208,0.9811,4,64,,
34.0,16.0,2,1,12.0,0,0,250,38,212,208,0.832,0,0.0,0,0.0,208,0.9811,4,64,,
34.0,16.0,2,1,18.0,0,0,250,38,212,208,0.832,0,0.0,0,0.0,208,0.9811,4,64,,
34.0,16.0,2,1,24.0,0,0,250,38,212,208,0.832,0,0.0,0,0.0,208,0.9811,4,64,,
34.0,16.0,2,1,32.0,0,0,250,38,212,208,0.832,0,0.0,0,0.0,208,0.9811,4,64,,
34.0,16.0,2,1,48.0,0,0,250,38,212,208,0.832,0,0.0,0,0.0,208,0.9811,4,64,,
34.0,16.0,2,2,12.0,0,0,250,38,212,208,0.832,0,0.0,0,0.0,208,0.9811,4,64,,
34.0,16.0,2,2,18.0,0,0,250,38,212,208,0.832,0,0.0,0,0.0,208,0.9811,4,64,,
34.0,16.0,2,2,24.0,0,0,250,38,212,208,0.832,0,0.0,0,0.0,208,0.9811,4,64,,
34.0,16.0,2,2,32.0,0,0,250,38,212,208,0.832,0,0.0,0,0.0,208,0.9811,4,64,,
34.0,16.0,2,2,48.0,0,0,250,38,212,208,0.832,0,0.0,0,0.0,208,0.9811,4,64,,
34.0,18.0,2,0,12.0,0,0,250,38,212,208,0.832,0,0.0,0,0.0,208,0.9811,4,64,,
34.0,18.0,2,0,18.0,0,0,250,38,212,208,0.832,0,0.0,0,0.0,208,0.9811,4,64,,
34.0,18.0,2,0,24.0,0,0,250,38,212,208,0.832,0,0.0,0,0.0,208,0.9811,4,64,,
34.0,18.0,2,0,32.0,0,0,250,38,212,208,0.832,0,0.0,0,0.0,208,0.9811,4,64,,
34.0,18.0,2,0,48.0,0,0,250,38,212,208,0.832,0,0.0,0,0.0,208,0.9811,4,64,,
34.0,18.0,2,1,12.0,0,0,250,38,212,208,0.832,0,0.0,0,0.0,208,0.9811,4,64,,
34.0,18.0,2,1,18.0,0,0,250,38,212,208,0.832,0,0.0,0,0.0,208,0.9811,4,64,,
34.0,18.0,2,1,24.0,0,0,250,38,212,208,0.832,0,0.0,0,0.0,208,0.9811,4,64,,
34.0,18.0,2,1,32.0,0,0,250,38,212,208,0.832,0,0.0,0,0.0,208,0.9811,4,64,,
34.0,18.0,2,1,48.0,0,0,250,38,212,208,0.832,0,0.0,0,0.0,208,0.9811,4,64,,
34.0,18.0,2,2,12.0,0,0,250,38,212,208,0.832,0,0.0,0,0.0,208,0.9811,4,64,,
34.0,18.0,2,2,18.0,0,0,250,38,212,208,0.832,0,0.0,0,0.0,208,0.9811,4,64,,
34.0,18.0,2,2,24.0,0,0,250,38,212,208,0.832,0,0.0,0,0.0,208,0.9811,4,64,,
34.0,18.0,2,2,32.0,0,0,250,38,212,208,0.832,0,0.0,0,0.0,208,0.9811,4,64,,
34.0,18.0,2,2,48.0,0,0,250,38,212,208,0.832,0,0.0,0,0.0,208,0.9811,4,64,,
34.0,20.0,2,0,12.0,0,0,250,38,212,208,0.832,0,0.0,0,0.0,208,0.9811,4,64,,
34.0,20.0,2,0,18.0,0,0,250,38,212,208,0.832,0,0.0,0,0.0,208,0.9811,4,64,,
34.0,20.0,2,0,24.0,0,0,250,38,212,208,0.832,0,0.0,0,0.0,208,0.9811,4,64,,
34.0,20.0,2,0,32.0,0,0,250,38,212,208,0.832,0,0.0,0,0.0,208,0.9811,4,64,,
34.0,20.0,2,0,48.0,0,0,250,38,212,208,0.832,0,0.0,0,0.0,208,0.9811,4,64,,
34.0,20.0,2,1,12.0,0,0,250,38,212,208,0.832,0,0.0,0,0.0,208,0.9811,4,64,,
34.0,20.0,2,1,18.0,0,0,250,38,212,208,0.832,0,0.0,0,0.0,208,0.9811,4,64,,
34.0,20.0,2,1,24.0,0,0,250,38,212,208,0.832,0,0.0,0,0.0,208,0.9811,4,64,,
34.0,20.0,2,1,32.0,0,0,250,38,212,208,0.832,0,0.0,0,0.0,208,0.9811,4,64,,
34.0,20.0,2,1,48.0,0,0,250,38,212,208,0.832,0,0.0,0,0.0,208,0.9811,4,64,,
34.0,20.0,2,2,12.0,0,0,250,38,212,208,0.832,0,0.0,0,0.0,208,0.9811,4,64,,
34.0,20.0,2,2,18.0,0,0,250,38,212,208,0.832,0,0.0,0,0.0,208,0.9811,4,64,,
34.0,20.0,2,2,24.0,0,0,250,38,212,208,0.832,0,0.0,0,0.0,208,0.9811,4,64,,
34.0,20.0,2,2,32.0,0,0,250,38,212,208,0.832,0,0.0,0,0.0,208,0.9811,4,64,,
34.0,20.0,2,2,48.0,0,0,250,38,212,208,0.832,0,0.0,0,0.0,208,0.9811,4,64,,
34.0,22.0,2,0,12.0,0,0,250,38,212,208,0.832,0,0.0,0,0.0,208,0.9811,4,64,,
34.0,22.0,2,0,18.0,0,0,250,38,212,208,0.832,0,0.0,0,0.0,208,0.9811,4,64,,
34.0,22.0,2,0,24.0,0,0,250,38,212,208,0.832,0,0.0,0,0.0,208,0.9811,4,64,,
34.0,22.0,2,0,32.0,0,0,250,38,212,208,0.832,0,0.0,0,0.0,208,0.9811,4,64,,
34.0,22.0,2,0,48.0,0,0,250,38,212,208,0.832,0,0.0,0,0.0,208,0.9811,4,64,,
34.0,22.0,2,1,12.0,0,0,250,38,212,208,0.832,0,0.0,0,0.0,208,0.9811,4,64,,
34.0,22.0,2,1,18.0,0,0,250,38,212,208,0.832,0,0.0,0,0.0,208,0.9811,4,64,,
34.0,22.0,2,1,24.0,0,0,250,38,212,208,0.832,0,0.0,0,0.0,208,0.9811,4,64,,
34.0,22.0,2,1,32.0,0,0,250,38,212,208,0.832,0,0.0,0,0.0,208,0.9811,4,64,,
34.0,22.0,2,1,48.0,0,0,250,38,212,208,0.832,0,0.0,0,0.0,208,0.9811,4,64,,
34.0,22.0,2,2,12.0,0,0,250,38,212,208,0.832,0,0.0,0,0.0,208,0.9811,4,64,,
34.0,22.0,2,2,18.0,0,0,250,38,212,208,0.832,0,0.0,0,0.0,208,0.9811,4,64,,
34.0,22.0,2,2,24.0,0,0,250,38,212,208,0.832,0,0.0,0,0.0,208,0.9811,4,64,,
34.0,22.0,2,2,32.0,0,0,250,38,212,208,0.832,0,0.0,0,0.0,208,0.9811,4,64,,
34.0,22.0,2,2,48.0,0,0,250,38,212,208,0.832,0,0.0,0,0.0,208,0.9811,4,64,,
26.0,26.0,1,1,12.0,0,0,250,38,212,207,0.828,15,0.3947,15,0.3947,192,0.9057,35,236,228,16
26.0,26.0,1,1,18.0,0,0,250,38,212,207,0.828,15,0.3947,15,0.3947,192,0.9057,35,236,228,16
26.0,26.0,1,1,24.0,0,0,250,38,212,207,0.828,15,0.3947,15,0.3947,192,0.9057,35,236,228,16
26.0,26.0,1,1,32.0,0,0,250,38,212,207,0.828,15,0.3947,15,0.3947,192,0.9057,35,236,228,16
26.0,26.0,1,1,48.0,0,0,250,38,212,207,0.828,15,0.3947,15,0.3947,192,0.9057,35,236,228,16
26.0,26.0,1,2,12.0,0,0,250,38,212,207,0.828,15,0.3947,15,0.3947,192,0.9057,35,236,228,16
26.0,26.0,1,2,18.0,0,0,250,38,212,207,0.828,15,0.3947,15,0.3947,192,0.9057,35,236,228,16
26.0,26.0,1,2,24.0,0,0,250,38,212,207,0.828,15,0.3947,15,0.3947,192,0.9057,35,236,228,16
26.0,26.0,1,2,32.0,0,0,250,38,212,207,0.828,15,0.3947,15,0.3947,192,0.9057,35,236,228,16
26.0,26.0,1,2,48.0,0,0,250,38,212,207,0.828,15,0.3947,15,0.3947,192,0.9057,35,236,228,16
28.0,24.0,1,1,12.0,0,0,250,38,212,207,0.828,15,0.3947,15,0.3947,192,0.9057,35,236,231,19
28.0,24.0,1,1,18.0,0,0,250,38,212,207,0.828,15,0.3947,15,0.3947,192,0.9057,35,236,231,19
28.0,24.0,1,1,24.0,0,0,250,38,212,207,0.828,15,0.3947,15,0.3947,192,0.9057,35,236,231,19
28.0,24.0,1,1,32.0,0,0,250,38,212,207,0.828,15,0.3947,15,0.3947,192,0.9057,35,236,231,19
28.0,24.0,1,1,48.0,0,0,250,38,212,207,0.828,15,0.3947,15,0.3947,192,0.9057,35,236,231,19
28.0,24.0,1,2,12.0,0,0,250,38,212,207,0.828,15,0.3947,15,0.3947,192,0.9057,35,236,231,19
28.0,24.0,1,2,18.0,0,0,250,38,212,207,0.828,15,0.3947,15,0.3947,192,0.9057,35,236,231,19
28.0,24.0,1,2,24.0,0,0,250,38,212,207,0.828,15,0.3947,15,0.3947,192,0.9057,35,236,231,19
28.0,24.0,1,2,32.0,0,0,250,38,212,207,0.828,15,0.3947,15,0.3947,192,0.9057,35,236,231,19
28.0,24.0,1,2,48.0,0,0,250,38,212,207,0.828,15,0.3947,15,0.3947,192,0.9057,35,236,231,19
26.0,26.0,1,0,12.0,0,0,250,38,212,207,0.828,15,0.3947,15,0.3947,192,0.9057,36,238,228,16
26.0,26.0,1,0,18.0,0,0,250,38,212,207,0.828,15,0.3947,15,0.3947,192,0.9057,36,238,228,16
26.0,26.0,1,0,24.0,0,0,250,38,212,207,0.828,15,0.3947,15,0.3947,192,0.9057,36,238,228,16
26.0,26.0,1,0,32.0,0,0,250,38,212,207,0.828,15,0.3947,15,0.3947,192,0.9057,36,238,228,16
26.0,26.0,1,0,48.0,0,0,250,38,212,207,0.828,15,0.3947,15,0.3947,192,0.9057,36,238,228,16
30.0,6.0,1,0,12.0,0,0,250,38,212,207,0.828,14,0.3684,14,0.3684,193,0.9104,33,236,236,24
30.0,6.0,1,0,18.0,0,0,250,38,212,207,0.828,14,0.3684,14,0.3684,193,0.9104,33,236,236,24
30.0,6.0,1,0,24.0,0,0,250,38,212,207,0.828,14,0.3684,14,0.3684,193,0.9104,33,236,236,24
30.0,6.0,1,0,32.0,0,0,250,38,212,207,0.828,14,0.3684,14,0.3684,193,0.9104,33,236,236,24
30.0,8.0,1,0,12.0,0,0,250,38,212,207,0.828,14,0.3684,14,0.3684,193,0.9104,33,236,236,24
30.0,8.0,1,0,18.0,0,0,250,38,212,207,0.828,14,0.3684,14,0.3684,193,0.9104,33,236,236,24
30.0,8.0,1,0,24.0,0,0,250,38,212,207,0.828,14,0.3684,14,0.3684,193,0.9104,33,236,236,24
30.0,8.0,1,0,32.0,0,0,250,38,212,207,0.828,14,0.3684,14,0.3684,193,0.9104,33,236,236,24
30.0,10.0,1,0,12.0,0,0,250,38,212,207,0.828,14,0.3684,14,0.3684,193,0.9104,33,236,236,24
30.0,10.0,1,0,18.0,0,0,250,38,212,207,0.828,14,0.3684,14,0.3684,193,0.9104,33,236,236,24
30.0,10.0,1,0,24.0,0,0,250,38,212,207,0.828,14,0.3684,14,0.3684,193,0.9104,33,236,236,24
30.0,10.0,1,0,32.0,0,0,250,38,212,207,0.828,14,0.3684,14,0.3684,193,0.9104,33,236,236,24
30.0,12.0,1,0,12.0,0,0,250,38,212,207,0.828,14,0.3684,14,0.3684,193,0.9104,33,236,236,24
30.0,12.0,1,0,18.0,0,0,250,38,212,207,0.828,14,0.3684,14,0.3684,193,0.9104,33,236,236,24
30.0,12.0,1,0,24.0,0,0,250,38,212,207,0.828,14,0.3684,14,0.3684,193,0.9104,33,236,236,24
30.0,12.0,1,0,32.0,0,0,250,38,212,207,0.828,14,0.3684,14,0.3684,193,0.9104,33,236,236,24
30.0,14.0,1,0,12.0,0,0,250,38,212,207,0.828,14,0.3684,14,0.3684,193,0.9104,33,236,236,24
30.0,14.0,1,0,18.0,0,0,250,38,212,207,0.828,14,0.3684,14,0.3684,193,0.9104,33,236,236,24
30.0,14.0,1,0,24.0,0,0,250,38,212,207,0.828,14,0.3684,14,0.3684,193,0.9104,33,236,236,24
30.0,14.0,1,0,32.0,0,0,250,38,212,207,0.828,14,0.3684,14,0.3684,193,0.9104,33,236,236,24
24.0,24.0,3,1,12.0,0,0,250,38,212,207,0.828,12,0.3158,12,0.3158,195,0.9198,29,238,238,26
24.0,24.0,3,1,18.0,0,0,250,38,212,207,0.828,12,0.3158,12,0.3158,195,0.9198,29,238,238,26
24.0,24.0,3,1,24.0,0,0,250,38,212,207,0.828,12,0.3158,12,0.3158,195,0.9198,29,238,238,26
24.0,24.0,3,1,32.0,0,0,250,38,212,207,0.828,12,0.3158,12,0.3158,195,0.9198,29,238,238,26
24.0,24.0,3,1,48.0,0,0,250,38,212,207,0.828,12,0.3158,12,0.3158,195,0.9198,29,238,238,26
24.0,24.0,3,2,12.0,0,0,250,38,212,207,0.828,12,0.3158,12,0.3158,195,0.9198,29,238,238,26
24.0,24.0,3,2,18.0,0,0,250,38,212,207,0.828,12,0.3158,12,0.3158,195,0.9198,29,238,238,26
24.0,24.0,3,2,24.0,0,0,250,38,212,207,0.828,12,0.3158,12,0.3158,195,0.9198,29,238,238,26
24.0,24.0,3,2,32.0,0,0,250,38,212,207,0.828,12,0.3158,12,0.3158,195,0.9198,29,238,238,26
24.0,24.0,3,2,48.0,0,0,250,38,212,207,0.828,12,0.3158,12,0.3158,195,0.9198,29,238,238,26
26.0,16.0,2,0,12.0,0,0,250,38,212,207,0.828,11,0.2895,11,0.2895,196,0.9245,27,239,239,27
26.0,16.0,2,0,18.0,0,0,250,38,212,207,0.828,11,0.2895,11,0.2895,196,0.9245,27,239,239,27
26.0,16.0,2,0,24.0,0,0,250,38,212,207,0.828,11,0.2895,11,0.2895,196,0.9245,27,239,239,27
26.0,16.0,2,0,32.0,0,0,250,38,212,207,0.828,11,0.2895,11,0.2895,196,0.9245,27,239,239,27
26.0,18.0,2,0,12.0,0,0,250,38,212,207,0.828,11,0.2895,11,0.2895,196,0.9245,27,239,239,27
26.0,18.0,2,0,18.0,0,0,250,38,212,207,0.828,11,0.2895,11,0.2895,196,0.9245,27,239,239,27
26.0,18.0,2,0,24.0,0,0,250,38,212,207,0.828,11,0.2895,11,0.2895,196,0.9245,27,239,239,27
26.0,18.0,2,0,32.0,0,0,250,38,212,207,0.828,11,0.2895,11,0.2895,196,0.9245,27,239,239,27
26.0,20.0,2,0,12.0,0,0,250,38,212,207,0.828,11,0.2895,11,0.2895,196,0.9245,27,239,239,27
26.0,20.0,2,0,18.0,0,0,250,38,212,207,0.828,11,0.2895,11,0.2895,196,0.9245,27,239,239,27
26.0,20.0,2,0,24.0,0,0,250,38,212,207,0.828,11,0.2895,11,0.2895,196,0.9245,27,239,239,27
26.0,20.0,2,0,32.0,0,0,250,38,212,207,0.828,11,0.2895,11,0.2895,196,0.9245,27,239,239,27
28.0,18.0,2,0,48.0,0,0,250,38,212,207,0.828,11,0.2895,11,0.2895,196,0.9245,27,239,239,27
28.0,20.0,2,0,48.0,0,0,250,38,212,207,0.828,11,0.2895,11,0.2895,196,0.9245,27,239,239,27
28.0,20.0,2,1,12.0,0,0,250,38,212,207,0.828,11,0.2895,11,0.2895,196,0.9245,27,239,239,27
28.0,20.0,2,1,18.0,0,0,250,38,212,207,0.828,11,0.2895,11,0.2895,196,0.9245,27,239,239,27
28.0,20.0,2,1,24.0,0,0,250,38,212,207,0.828,11,0.2895,11,0.2895,196,0.9245,27,239,239,27
28.0,20.0,2,1,32.0,0,0,250,38,212,207,0.828,11,0.2895,11,0.2895,196,0.9245,27,239,239,27
28.0,20.0,2,2,12.0,0,0,250,38,212,207,0.828,11,0.2895,11,0.2895,196,0.9245,27,239,239,27
26.0,6.0,3,0,12.0,0,0,250,38,212,207,0.828,10,0.2632,10,0.2632,197,0.9292,25,240,240,28
26.0,6.0,3,0,18.0,0,0,250,38,212,207,0.828,10,0.2632,10,0.2632,197,0.9292,25,240,240,28
26.0,6.0,3,0,24.0,0,0,250,38,212,207,0.828,10,0.2632,10,0.2632,197,0.9292,25,240,240,28
26.0,6.0,3,0,32.0,0,0,250,38,212,207,0.828,10,0.2632,10,0.2632,197,0.9292,25,240,240,28
26.0,8.0,3,0,12.0,0,0,250,38,212,207,0.828,10,0.2632,10,0.2632,197,0.9292,25,240,240,28
26.0,8.0,3,0,18.0,0,0,250,38,212,207,0.828,10,0.2632,10,0.2632,197,0.9292,25,240,240,28
26.0,8.0,3,0,24.0,0,0,250,38,212,207,0.828,10,0.2632,10,0.2632,197,0.9292,25,240,240,28
26.0,8.0,3,0,32.0,0,0,250,38,212,207,0.828,10,0.2632,10,0.2632,197,0.9292,25,240,240,28
26.0,10.0,3,0,12.0,0,0,250,38,212,207,0.828,10,0.2632,10,0.2632,197,0.9292,25,240,240,28
26.0,10.0,3,0,18.0,0,0,250,38,212,207,0.828,10,0.2632,10,0.2632,197,0.9292,25,240,240,28
26.0,10.0,3,0,24.0,0,0,250,38,212,207,0.828,10,0.2632,10,0.2632,197,0.9292,25,240,240,28
26.0,10.0,3,0,32.0,0,0,250,38,212,207,0.828,10,0.2632,10,0.2632,197,0.9292,25,240,240,28
26.0,12.0,3,0,12.0,0,0,250,38,212,207,0.828,10,0.2632,10,0.2632,197,0.9292,25,240,240,28
26.0,12.0,3,0,18.0,0,0,250,38,212,207,0.828,10,0.2632,10,0.2632,197,0.9292,25,240,240,28
26.0,12.0,3,0,24.0,0,0,250,38,212,207,0.828,10,0.2632,10,0.2632,197,0.9292,25,240,240,28
26.0,12.0,3,0,32.0,0,0,250,38,212,207,0.828,10,0.2632,10,0.2632,197,0.9292,25,240,240,28
26.0,14.0,3,0,12.0,0,0,250,38,212,207,0.828,10,0.2632,10,0.2632,197,0.9292,25,240,240,28
26.0,14.0,3,0,18.0,0,0,250,38,212,207,0.828,10,0.2632,10,0.2632,197,0.9292,25,240,240,28
26.0,14.0,3,0,24.0,0,0,250,38,212,207,0.828,10,0.2632,10,0.2632,197,0.9292,25,240,240,28
26.0,14.0,3,0,32.0,0,0,250,38,212,207,0.828,10,0.2632,10,0.2632,197,0.9292,25,240,240,28
28.0,20.0,3,1,48.0,0,0,250,38,212,207,0.828,10,0.2632,10,0.2632,197,0.9292,25,240,240,28
28.0,22.0,3,2,18.0,0,0,250,38,212,207,0.828,10,0.2632,10,0.2632,197,0.9292,25,240,240,28
28.0,22.0,3,2,24.0,0,0,250,38,212,207,0.828,10,0.2632,10,0.2632,197,0.9292,25,240,240,28
28.0,22.0,3,2,32.0,0,0,250,38,212,207,0.828,10,0.2632,10,0.2632,197,0.9292,25,240,240,28
28.0,22.0,3,2,48.0,0,0,250,38,212,207,0.828,10,0.2632,10,0.2632,197,0.9292,25,240,240,28
32.0,24.0,1,0,12.0,0,0,250,38,212,207,0.828,9,0.2368,9,0.2368,198,0.934,23,241,241,29
32.0,24.0,1,0,18.0,0,0,250,38,212,207,0.828,9,0.2368,9,0.2368,198,0.934,23,241,241,29
32.0,24.0,1,0,24.0,0,0,250,38,212,207,0.828,9,0.2368,9,0.2368,198,0.934,23,241,241,29
32.0,24.0,1,0,32.0,0,0,250,38,212,207,0.828,9,0.2368,9,0.2368,198,0.934,23,241,241,29
32.0,24.0,1,0,48.0,0,0,250,38,212,207,0.828,9,0.2368,9,0.2368,198,0.934,23,241,241,29
32.0,24.0,1,1,12.0,0,0,250,38,212,207,0.828,9,0.2368,9,0.2368,198,0.934,23,241,241,29
32.0,24.0,1,1,18.0,0,0,250,38,212,207,0.828,9,0.2368,9,0.2368,198,0.934,23,241,241,29
32.0,24.0,1,1,24.0,0,0,250,38,212,207,0.828,9,0.2368,9,0.2368,198,0.934,23,241,241,29
32.0,24.0,1,1,32.0,0,0,250,38,212,207,0.828,9,0.2368,9,0.2368,198,0.934,23,241,241,29
32.0,24.0,1,1,48.0,0,0,250,38,212,207,0.828,9,0.2368,9,0.2368,198,0.934,23,241,241,29
32.0,24.0,1,2,12.0,0,0,250,38,212,207,0.828,9,0.2368,9,0.2368,198,0.934,23,241,241,29
32.0,24.0,1,2,18.0,0,0,250,38,212,207,0.828,9,0.2368,9,0.2368,198,0.934,23,241,241,29
32.0,24.0,1,2,24.0,0,0,250,38,212,207,0.828,9,0.2368,9,0.2368,198,0.934,23,241,241,29
32.0,24.0,1,2,32.0,0,0,250,38,212,207,0.828,9,0.2368,9,0.2368,198,0.934,23,241,241,29
32.0,24.0,1,2,48.0,0,0,250,38,212,207,0.828,9,0.2368,9,0.2368,198,0.934,23,241,241,29
34.0,6.0,2,0,12.0,0,0,250,38,212,207,0.828,0,0.0,0,0.0,207,0.9764,5,64,,
34.0,6.0,2,0,18.0,0,0,250,38,212,207,0.828,0,0.0,0,0.0,207,0.9764,5,64,,
34.0,6.0,2,0,24.0,0,0,250,38,212,207,0.828,0,0.0,0,0.0,207,0.9764,5,64,,
34.0,6.0,2,0,32.0,0,0,250,38,212,207,0.828,0,0.0,0,0.0,207,0.9764,5,64,,
34.0,6.0,2,0,48.0,0,0,250,38,212,207,0.828,0,0.0,0,0.0,207,0.9764,5,64,,
34.0,6.0,2,1,12.0,0,0,250,38,212,207,0.828,0,0.0,0,0.0,207,0.9764,5,64,,
34.0,6.0,2,1,18.0,0,0,250,38,212,207,0.828,0,0.0,0,0.0,207,0.9764,5,64,,
34.0,6.0,2,1,24.0,0,0,250,38,212,207,0.828,0,0.0,0,0.0,207,0.9764,5,64,,
34.0,6.0,2,1,32.0,0,0,250,38,212,207,0.828,0,0.0,0,0.0,207,0.9764,5,64,,
34.0,6.0,2,1,48.0,0,0,250,38,212,207,0.828,0,0.0,0,0.0,207,0.9764,5,64,,
34.0,6.0,2,2,12.0,0,0,250,38,212,207,0.828,0,0.0,0,0.0,207,0.9764,5,64,,
34.0,6.0,2,2,18.0,0,0,250,38,212,207,0.828,0,0.0,0,0.0,207,0.9764,5,64,,
34.0,6.0,2,2,24.0,0,0,250,38,212,207,0.828,0,0.0,0,0.0,207,0.9764,5,64,,
34.0,6.0,2,2,32.0,0,0,250,38,212,207,0.828,0,0.0,0,0.0,207,0.9764,5,64,,
34.0,6.0,2,2,48.0,0,0,250,38,212,207,0.828,0,0.0,0,0.0,207,0.9764,5,64,,
34.0,8.0,2,0,12.0,0,0,250,38,212,207,0.828,0,0.0,0,0.0,207,0.9764,5,64,,
34.0,8.0,2,0,18.0,0,0,250,38,212,207,0.828,0,0.0,0,0.0,207,0.9764,5,64,,
34.0,8.0,2,0,24.0,0,0,250,38,212,207,0.828,0,0.0,0,0.0,207,0.9764,5,64,,
34.0,8.0,2,0,32.0,0,0,250,38,212,207,0.828,0,0.0,0,0.0,207,0.9764,5,64,,
34.0,8.0,2,0,48.0,0,0,250,38,212,207,0.828,0,0.0,0,0.0,207,0.9764,5,64,,
34.0,8.0,2,1,12.0,0,0,250,38,212,207,0.828,0,0.0,0,0.0,207,0.9764,5,64,,
34.0,8.0,2,1,18.0,0,0,250,38,212,207,0.828,0,0.0,0,0.0,207,0.9764,5,64,,
34.0,8.0,2,1,24.0,0,0,250,38,212,207,0.828,0,0.0,0,0.0,207,0.9764,5,64,,
34.0,8.0,2,1,32.0,0,0,250,38,212,207,0.828,0,0.0,0,0.0,207,0.9764,5,64,,
34.0,8.0,2,1,48.0,0,0,250,38,212,207,0.828,0,0.0,0,0.0,207,0.9764,5,64,,
34.0,8.0,2,2,12.0,0,0,250,38,212,207,0.828,0,0.0,0,0.0,207,0.9764,5,64,,
34.0,8.0,2,2,18.0,0,0,250,38,212,207,0.828,0,0.0,0,0.0,207,0.9764,5,64,,
34.0,8.0,2,2,24.0,0,0,250,38,212,207,0.828,0,0.0,0,0.0,207,0.9764,5,64,,
34.0,8.0,2,2,32.0,0,0,250,38,212,207,0.828,0,0.0,0,0.0,207,0.9764,5,64,,
34.0,8.0,2,2,48.0,0,0,250,38,212,207,0.828,0,0.0,0,0.0,207,0.9764,5,64,,
34.0,10.0,2,0,12.0,0,0,250,38,212,207,0.828,0,0.0,0,0.0,207,0.9764,5,64,,
34.0,10.0,2,0,18.0,0,0,250,38,212,207,0.828,0,0.0,0,0.0,207,0.9764,5,64,,
34.0,10.0,2,0,24.0,0,0,250,38,212,207,0.828,0,0.0,0,0.0,207,0.9764,5,64,,
34.0,10.0,2,0,32.0,0,0,250,38,212,207,0.828,0,0.0,0,0.0,207,0.9764,5,64,,
34.0,10.0,2,0,48.0,0,0,250,38,212,207,0.828,0,0.0,0,0.0,207,0.9764,5,64,,
34.0,10.0,2,1,12.0,0,0,250,38,212,207,0.828,0,0.0,0,0.0,207,0.9764,5,64,,
34.0,10.0,2,1,18.0,0,0,250,38,212,207,0.828,0,0.0,0,0.0,207,0.9764,5,64,,
34.0,10.0,2,1,24.0,0,0,250,38,212,207,0.828,0,0.0,0,0.0,207,0.9764,5,64,,
34.0,10.0,2,1,32.0,0,0,250,38,212,207,0.828,0,0.0,0,0.0,207,0.9764,5,64,,
34.0,10.0,2,1,48.0,0,0,250,38,212,207,0.828,0,0.0,0,0.0,207,0.9764,5,64,,
34.0,10.0,2,2,12.0,0,0,250,38,212,207,0.828,0,0.0,0,0.0,207,0.9764,5,64,,
34.0,10.0,2,2,18.0,0,0,250,38,212,207,0.828,0,0.0,0,0.0,207,0.9764,5,64,,
34.0,10.0,2,2,24.0,0,0,250,38,212,207,0.828,0,0.0,0,0.0,207,0.9764,5,64,,
34.0,10.0,2,2,32.0,0,0,250,38,212,207,0.828,0,0.0,0,0.0,207,0.9764,5,64,,
34.0,10.0,2,2,48.0,0,0,250,38,212,207,0.828,0,0.0,0,0.0,207,0.9764,5,64,,
34.0,12.0,2,0,12.0,0,0,250,38,212,207,0.828,0,0.0,0,0.0,207,0.9764,5,64,,
34.0,12.0,2,0,18.0,0,0,250,38,212,207,0.828,0,0.0,0,0.0,207,0.9764,5,64,,
34.0,12.0,2,0,24.0,0,0,250,38,212,207,0.828,0,0.0,0,0.0,207,0.9764,5,64,,
34.0,12.0,2,0,32.0,0,0,250,38,212,207,0.828,0,0.0,0,0.0,207,0.9764,5,64,,
34.0,12.0,2,0,48.0,0,0,250,38,212,207,0.828,0,0.0,0,0.0,207,0.9764,5,64,,
34.0,12.0,2,1,12.0,0,0,250,38,212,207,0.828,0,0.0,0,0.0,207,0.9764,5,64,,
34.0,12.0,2,1,18.0,0,0,250,38,212,207,0.828,0,0.0,0,0.0,207,0.9764,5,64,,
34.0,12.0,2,1,24.0,0,0,250,38,212,207,0.828,0,0.0,0,0.0,207,0.9764,5,64,,
34.0,12.0,2,1,32.0,0,0,250,38,212,207,0.828,0,0.0,0,0.0,207,0.9764,5,64,,
34.0,12.0,2,1,48.0,0,0,250,38,212,207,0.828,0,0.0,0,0.0,207,0.9764,5,64,,
34.0,12.0,2,2,12.0,0,0,250,38,212,207,0.828,0,0.0,0,0.0,207,0.9764,5,64,,
34.0,12.0,2,2,18.0,0,0,250,38,212,207,0.828,0,0.0,0,0.0,207,0.9764,5,64,,
34.0,12.0,2,2,24.0,0,0,250,38,212,207,0.828,0,0.0,0,0.0,207,0.9764,5,64,,
34.0,12.0,2,2,32.0,0,0,250,38,212,207,0.828,0,0.0,0,0.0,207,0.9764,5,64,,
34.0,12.0,2,2,48.0,0,0,250,38,212,207,0.828,0,0.0,0,0.0,207,0.9764,5,64,,
34.0,14.0,2,0,12.0,0,0,250,38,212,207,0.828,0,0.0,0,0.0,207,0.9764,5,64,,
34.0,14.0,2,0,18.0,0,0,250,38,212,207,0.828,0,0.0,0,0.0,207,0.9764,5,64,,
34.0,14.0,2,0,24.0,0,0,250,38,212,207,0.828,0,0.0,0,0.0,207,0.9764,5,64,,
34.0,14.0,2,0,32.0,0,0,250,38,212,207,0.828,0,0.0,0,0.0,207,0.9764,5,64,,
34.0,14.0,2,0,48.0,0,0,250,38,212,207,0.828,0,0.0,0,0.0,207,0.9764,5,64,,
34.0,14.0,2,1,12.0,0,0,250,38,212,207,0.828,0,0.0,0,0.0,207,0.9764,5,64,,
34.0,14.0,2,1,18.0,0,0,250,38,212,207,0.828,0,0.0,0,0.0,207,0.9764,5,64,,
34.0,14.0,2,1,24.0,0,0,250,38,212,207,0.828,0,0.0,0,0.0,207,0.9764,5,64,,
34.0,14.0,2,1,32.0,0,0,250,38,212,207,0.828,0,0.0,0,0.0,207,0.9764,5,64,,
34.0,14.0,2,1,48.0,0,0,250,38,212,207,0.828,0,0.0,0,0.0,207,0.9764,5,64,,
34.0,14.0,2,2,12.0,0,0,250,38,212,207,0.828,0,0.0,0,0.0,207,0.9764,5,64,,
34.0,14.0,2,2,18.0,0,0,250,38,212,207,0.828,0,0.0,0,0.0,207,0.9764,5,64,,
34.0,14.0,2,2,24.0,0,0,250,38,212,207,0.828,0,0.0,0,0.0,207,0.9764,5,64,,
34.0,14.0,2,2,32.0,0,0,250,38,212,207,0.828,0,0.0,0,0.0,207,0.9764,5,64,,
34.0,14.0,2,2,48.0,0,0,250,38,212,207,0.828,0,0.0,0,0.0,207,0.9764,5,64,,
26.0,22.0,1,2,12.0,0,0,250,38,212,206,0.824,20,0.5263,20,0.5263,186,0.8774,46,228,228,16
26.0,22.0,1,0,12.0,0,0,250,38,212,206,0.824,19,0.5,19,0.5,187,0.8821,44,236,228,16
26.0,22.0,1,0,18.0,0,0,250,38,212,206,0.824,19,0.5,19,0.5,187,0.8821,44,236,228,16
26.0,22.0,1,0,24.0,0,0,250,38,212,206,0.824,19,0.5,19,0.5,187,0.8821,44,236,228,16
26.0,22.0,1,0,32.0,0,0,250,38,212,206,0.824,19,0.5,19,0.5,187,0.8821,44,236,228,16
26.0,22.0,1,0,48.0,0,0,250,38,212,206,0.824,19,0.5,19,0.5,187,0.8821,44,236,228,16
28.0,22.0,1,2,12.0,0,0,250,38,212,206,0.824,17,0.4474,17,0.4474,189,0.8915,40,231,231,19
26.0,24.0,1,1,12.0,0,0,250,38,212,206,0.824,16,0.4211,16,0.4211,190,0.8962,38,236,228,16
26.0,24.0,1,1,18.0,0,0,250,38,212,206,0.824,16,0.4211,16,0.4211,190,0.8962,38,236,228,16
26.0,24.0,1,1,24.0,0,0,250,38,212,206,0.824,16,0.4211,16,0.4211,190,0.8962,38,236,228,16
26.0,24.0,1,1,32.0,0,0,250,38,212,206,0.824,16,0.4211,16,0.4211,190,0.8962,38,236,228,16
26.0,24.0,1,1,48.0,0,0,250,38,212,206,0.824,16,0.4211,16,0.4211,190,0.8962,38,236,228,16
26.0,24.0,1,2,12.0,0,0,250,38,212,206,0.824,16,0.4211,16,0.4211,190,0.8962,38,236,228,16
26.0,24.0,1,2,18.0,0,0,250,38,212,206,0.824,16,0.4211,16,0.4211,190,0.8962,38,236,228,16
26.0,24.0,1,2,24.0,0,0,250,38,212,206,0.824,16,0.4211,16,0.4211,190,0.8962,38,236,228,16
26.0,24.0,1,2,32.0,0,0,250,38,212,206,0.824,16,0.4211,16,0.4211,190,0.8962,38,236,228,16
26.0,24.0,1,2,48.0,0,0,250,38,212,206,0.824,16,0.4211,16,0.4211,190,0.8962,38,236,228,16
26.0,24.0,1,0,12.0,0,0,250,38,212,206,0.824,16,0.4211,16,0.4211,190,0.8962,40,236,228,16
26.0,24.0,1,0,18.0,0,0,250,38,212,206,0.824,16,0.4211,16,0.4211,190,0.8962,40,236,228,16
26.0,24.0,1,0,24.0,0,0,250,38,212,206,0.824,16,0.4211,16,0.4211,190,0.8962,40,236,228,16
26.0,24.0,1,0,32.0,0,0,250,38,212,206,0.824,16,0.4211,16,0.4211,190,0.8962,40,236,228,16
26.0,24.0,1,0,48.0,0,0,250,38,212,206,0.824,16,0.4211,16,0.4211,190,0.8962,40,236,228,16
30.0,18.0,1,0,48.0,0,0,250,38,212,206,0.824,14,0.3684,14,0.3684,192,0.9057,34,236,236,24
30.0,20.0,1,0,48.0,0,0,250,38,212,206,0.824,14,0.3684,14,0.3684,192,0.9057,34,236,236,24
30.0,20.0,1,1,12.0,0,0,250,38,212,206,0.824,14,0.3684,14,0.3684,192,0.9057,34,236,236,24
30.0,20.0,1,1,18.0,0,0,250,38,212,206,0.824,14,0.3684,14,0.3684,192,0.9057,34,236,236,24
30.0,20.0,1,1,24.0,0,0,250,38,212,206,0.824,14,0.3684,14,0.3684,192,0.9057,34,236,236,24
30.0,20.0,1,1,32.0,0,0,250,38,212,206,0.824,14,0.3684,14,0.3684,192,0.9057,34,236,236,24
30.0,20.0,1,2,12.0,0,0,250,38,212,206,0.824,14,0.3684,14,0.3684,192,0.9057,34,236,236,24
24.0,24.0,2,0,12.0,0,0,250,38,212,206,0.824,13,0.3421,13,0.3421,193,0.9104,34,237,237,25
24.0,24.0,2,0,18.0,0,0,250,38,212,206,0.824,13,0.3421,13,0.3421,193,0.9104,34,237,237,25
24.0,24.0,2,0,24.0,0,0,250,38,212,206,0.824,13,0.3421,13,0.3421,193,0.9104,34,237,237,25
24.0,24.0,2,0,32.0,0,0,250,38,212,206,0.824,13,0.3421,13,0.3421,193,0.9104,34,237,237,25
24.0,24.0,2,0,48.0,0,0,250,38,212,206,0.824,13,0.3421,13,0.3421,193,0.9104,34,237,237,25
26.0,6.0,2,0,12.0,0,0,250,38,212,206,0.824,11,0.2895,11,0.2895,195,0.9198,28,239,239,27
26.0,6.0,2,0,18.0,0,0,250,38,212,206,0.824,11,0.2895,11,0.2895,195,0.9198,28,239,239,27
26.0,6.0,2,0,24.0,0,0,250,38,212,206,0.824,11,0.2895,11,0.2895,195,0.9198,28,239,239,27
26.0,6.0,2,0,32.0,0,0,250,38,212,206,0.824,11,0.2895,11,0.2895,195,0.9198,28,239,239,27
26.0,8.0,2,0,12.0,0,0,250,38,212,206,0.824,11,0.2895,11,0.2895,195,0.9198,28,239,239,27
26.0,8.0,2,0,18.0,0,0,250,38,212,206,0.824,11,0.2895,11,0.2895,195,0.9198,28,239,239,27
26.0,8.0,2,0,24.0,0,0,250,38,212,206,0.824,11,0.2895,11,0.2895,195,0.9198,28,239,239,27
26.0,8.0,2,0,32.0,0,0,250,38,212,206,0.824,11,0.2895,11,0.2895,195,0.9198,28,239,239,27
26.0,10.0,2,0,12.0,0,0,250,38,212,206,0.824,11,0.2895,11,0.2895,195,0.9198,28,239,239,27
26.0,10.0,2,0,18.0,0,0,250,38,212,206,0.824,11,0.2895,11,0.2895,195,0.9198,28,239,239,27
26.0,10.0,2,0,24.0,0,0,250,38,212,206,0.824,11,0.2895,11,0.2895,195,0.9198,28,239,239,27
26.0,10.0,2,0,32.0,0,0,250,38,212,206,0.824,11,0.2895,11,0.2895,195,0.9198,28,239,239,27
26.0,12.0,2,0,12.0,0,0,250,38,212,206,0.824,11,0.2895,11,0.2895,195,0.9198,28,239,239,27
26.0,12.0,2,0,18.0,0,0,250,38,212,206,0.824,11,0.2895,11,0.2895,195,0.9198,28,239,239,27
26.0,12.0,2,0,24.0,0,0,250,38,212,206,0.824,11,0.2895,11,0.2895,195,0.9198,28,239,239,27
26.0,12.0,2,0,32.0,0,0,250,38,212,206,0.824,11,0.2895,11,0.2895,195,0.9198,28,239,239,27
26.0,14.0,2,0,12.0,0,0,250,38,212,206,0.824,11,0.2895,11,0.2895,195,0.9198,28,239,239,27
26.0,14.0,2,0,18.0,0,0,250,38,212,206,0.824,11,0.2895,11,0.2895,195,0.9198,28,239,239,27
26.0,14.0,2,0,24.0,0,0,250,38,212,206,0.824,11,0.2895,11,0.2895,195,0.9198,28,239,239,27
26.0,14.0,2,0,32.0,0,0,250,38,212,206,0.824,11,0.2895,11,0.2895,195,0.9198,28,239,239,27
28.0,20.0,2,1,48.0,0,0,250,38,212,206,0.824,11,0.2895,11,0.2895,195,0.9198,28,239,239,27
28.0,22.0,2,2,18.0,0,0,250,38,212,206,0.824,11,0.2895,11,0.2895,195,0.9198,28,239,239,27
28.0,22.0,2,2,24.0,0,0,250,38,212,206,0.824,11,0.2895,11,0.2895,195,0.9198,28,239,239,27
28.0,22.0,2,2,32.0,0,0,250,38,212,206,0.824,11,0.2895,11,0.2895,195,0.9198,28,239,239,27
28.0,22.0,2,2,48.0,0,0,250,38,212,206,0.824,11,0.2895,11,0.2895,195,0.9198,28,239,239,27
26.0,18.0,3,0,48.0,0,0,250,38,212,206,0.824,10,0.2632,10,0.2632,196,0.9245,26,240,240,28
26.0,20.0,3,0,48.0,0,0,250,38,212,206,0.824,10,0.2632,10,0.2632,196,0.9245,26,240,240,28
26.0,20.0,3,1,12.0,0,0,250,38,212,206,0.824,10,0.2632,10,0.2632,196,0.9245,26,240,240,28
26.0,20.0,3,1,18.0,0,0,250,38,212,206,0.824,10,0.2632,10,0.2632,196,0.9245,26,240,240,28
26.0,20.0,3,1,24.0,0,0,250,38,212,206,0.824,10,0.2632,10,0.2632,196,0.9245,26,240,240,28
26.0,20.0,3,1,32.0,0,0,250,38,212,206,0.824,10,0.2632,10,0.2632,196,0.9245,26,240,240,28
26.0,20.0,3,2,12.0,0,0,250,38,212,206,0.824,10,0.2632,10,0.2632,196,0.9245,26,240,240,28
28.0,20.0,3,2,18.0,0,0,250,38,212,206,0.824,10,0.2632,10,0.2632,196,0.9245,26,240,240,28
28.0,20.0,3,2,24.0,0,0,250,38,212,206,0.824,10,0.2632,10,0.2632,196,0.9245,26,240,240,28
28.0,20.0,3,2,32.0,0,0,250,38,212,206,0.824,10,0.2632,10,0.2632,196,0.9245,26,240,240,28
32.0,22.0,1,0,12.0,0,0,250,38,212,206,0.824,9,0.2368,9,0.2368,197,0.9292,24,241,241,29
32.0,22.0,1,0,18.0,0,0,250,38,212,206,0.824,9,0.2368,9,0.2368,197,0.9292,24,241,241,29
32.0,22.0,1,0,24.0,0,0,250,38,212,206,0.824,9,0.2368,9,0.2368,197,0.9292,24,241,241,29
32.0,22.0,1,0,32.0,0,0,250,38,212,206,0.824,9,0.2368,9,0.2368,197,0.9292,24,241,241,29
32.0,22.0,1,0,48.0,0,0,250,38,212,206,0.824,9,0.2368,9,0.2368,197,0.9292,24,241,241,29
32.0,22.0,1,1,12.0,0,0,250,38,212,206,0.824,9,0.2368,9,0.2368,197,0.9292,24,241,241,29
32.0,22.0,1,1,18.0,0,0,250,38,212,206,0.824,9,0.2368,9,0.2368,197,0.9292,24,241,241,29
32.0,22.0,1,1,24.0,0,0,250,38,212,206,0.824,9,0.2368,9,0.2368,197,0.9292,24,241,241,29
32.0,22.0,1,1,32.0,0,0,250,38,212,206,0.824,9,0.2368,9,0.2368,197,0.9292,24,241,241,29
32.0,22.0,1,1,48.0,0,0,250,38,212,206,0.824,9,0.2368,9,0.2368,197,0.9292,24,241,241,29
32.0,22.0,1,2,12.0,0,0,250,38,212,206,0.824,9,0.2368,9,0.2368,197,0.9292,24,241,241,29
26.0,22.0,1,1,12.0,0,0,250,38,212,205,0.82,19,0.5,19,0.5,186,0.8774,45,236,228,16
26.0,22.0,1,1,18.0,0,0,250,38,212,205,0.82,19,0.5,19,0.5,186,0.8774,45,236,228,16
26.0,22.0,1,1,24.0,0,0,250,38,212,205,0.82,19,0.5,19,0.5,186,0.8774,45,236,228,16
26.0,22.0,1,1,32.0,0,0,250,38,212,205,0.82,19,0.5,19,0.5,186,0.8774,45,236,228,16
26.0,22.0,1,1,48.0,0,0,250,38,212,205,0.82,19,0.5,19,0.5,186,0.8774,45,236,228,16
28.0,22.0,1,0,12.0,0,0,250,38,212,205,0.82,16,0.4211,16,0.4211,189,0.8915,39,236,231,19
28.0,22.0,1,0,18.0,0,0,250,38,212,205,0.82,16,0.4211,16,0.4211,189,0.8915,39,236,231,19
28.0,22.0,1,0,24.0,0,0,250,38,212,205,0.82,16,0.4211,16,0.4211,189,0.8915,39,236,231,19
28.0,22.0,1,0,32.0,0,0,250,38,212,205,0.82,16,0.4211,16,0.4211,189,0.8915,39,236,231,19
28.0,22.0,1,0,48.0,0,0,250,38,212,205,0.82,16,0.4211,16,0.4211,189,0.8915,39,236,231,19
28.0,22.0,1,1,12.0,0,0,250,38,212,205,0.82,16,0.4211,16,0.4211,189,0.8915,39,236,231,19
28.0,22.0,1,1,18.0,0,0,250,38,212,205,0.82,16,0.4211,16,0.4211,189,0.8915,39,236,231,19
28.0,22.0,1,1,24.0,0,0,250,38,212,205,0.82,16,0.4211,16,0.4211,189,0.8915,39,236,231,19
28.0,22.0,1,1,32.0,0,0,250,38,212,205,0.82,16,0.4211,16,0.4211,189,0.8915,39,236,231,19
28.0,22.0,1,1,48.0,0,0,250,38,212,205,0.82,16,0.4211,16,0.4211,189,0.8915,39,236,231,19
30.0,20.0,1,1,48.0,0,0,250,38,212,205,0.82,14,0.3684,14,0.3684,191,0.9009,35,236,236,24
30.0,22.0,1,2,18.0,0,0,250,38,212,205,0.82,14,0.3684,14,0.3684,191,0.9009,35,236,236,24
30.0,22.0,1,2,24.0,0,0,250,38,212,205,0.82,14,0.3684,14,0.3684,191,0.9009,35,236,236,24
30.0,22.0,1,2,32.0,0,0,250,38,212,205,0.82,14,0.3684,14,0.3684,191,0.9009,35,236,236,24
30.0,22.0,1,2,48.0,0,0,250,38,212,205,0.82,14,0.3684,14,0.3684,191,0.9009,35,236,236,24
26.0,18.0,2,0,48.0,0,0,250,38,212,205,0.82,11,0.2895,11,0.2895,194,0.9151,29,239,239,27
26.0,20.0,2,0,48.0,0,0,250,38,212,205,0.82,11,0.2895,11,0.2895,194,0.9151,29,239,239,27
26.0,20.0,2,1,12.0,0,0,250,38,212,205,0.82,11,0.2895,11,0.2895,194,0.9151,29,239,239,27
26.0,20.0,2,1,18.0,0,0,250,38,212,205,0.82,11,0.2895,11,0.2895,194,0.9151,29,239,239,27
26.0,20.0,2,1,24.0,0,0,250,38,212,205,0.82,11,0.2895,11,0.2895,194,0.9151,29,239,239,27
26.0,20.0,2,1,32.0,0,0,250,38,212,205,0.82,11,0.2895,11,0.2895,194,0.9151,29,239,239,27
26.0,20.0,2,2,12.0,0,0,250,38,212,205,0.82,11,0.2895,11,0.2895,194,0.9151,29,239,239,27
28.0,20.0,2,2,18.0,0,0,250,38,212,205,0.82,11,0.2895,11,0.2895,194,0.9151,29,239,239,27
28.0,20.0,2,2,24.0,0,0,250,38,212,205,0.82,11,0.2895,11,0.2895,194,0.9151,29,239,239,27
28.0,20.0,2,2,32.0,0,0,250,38,212,205,0.82,11,0.2895,11,0.2895,194,0.9151,29,239,239,27
26.0,20.0,3,1,48.0,0,0,250,38,212,205,0.82,10,0.2632,10,0.2632,195,0.9198,27,240,240,28
26.0,22.0,3,2,18.0,0,0,250,38,212,205,0.82,10,0.2632,10,0.2632,195,0.9198,27,240,240,28
26.0,22.0,3,2,24.0,0,0,250,38,212,205,0.82,10,0.2632,10,0.2632,195,0.9198,27,240,240,28
26.0,22.0,3,2,32.0,0,0,250,38,212,205,0.82,10,0.2632,10,0.2632,195,0.9198,27,240,240,28
26.0,22.0,3,2,48.0,0,0,250,38,212,205,0.82,10,0.2632,10,0.2632,195,0.9198,27,240,240,28
28.0,20.0,3,2,48.0,0,0,250,38,212,205,0.82,10,0.2632,10,0.2632,195,0.9198,27,240,240,28
32.0,16.0,1,0,12.0,0,0,250,38,212,205,0.82,9,0.2368,9,0.2368,196,0.9245,25,241,241,29
32.0,16.0,1,0,18.0,0,0,250,38,212,205,0.82,9,0.2368,9,0.2368,196,0.9245,25,241,241,29
32.0,16.0,1,0,24.0,0,0,250,38,212,205,0.82,9,0.2368,9,0.2368,196,0.9245,25,241,241,29
32.0,16.0,1,0,32.0,0,0,250,38,212,205,0.82,9,0.2368,9,0.2368,196,0.9245,25,241,241,29
32.0,18.0,1,0,12.0,0,0,250,38,212,205,0.82,9,0.2368,9,0.2368,196,0.9245,25,241,241,29
32.0,18.0,1,0,18.0,0,0,250,38,212,205,0.82,9,0.2368,9,0.2368,196,0.9245,25,241,241,29
32.0,18.0,1,0,24.0,0,0,250,38,212,205,0.82,9,0.2368,9,0.2368,196,0.9245,25,241,241,29
32.0,18.0,1,0,32.0,0,0,250,38,212,205,0.82,9,0.2368,9,0.2368,196,0.9245,25,241,241,29
32.0,20.0,1,0,12.0,0,0,250,38,212,205,0.82,9,0.2368,9,0.2368,196,0.9245,25,241,241,29
32.0,20.0,1,0,18.0,0,0,250,38,212,205,0.82,9,0.2368,9,0.2368,196,0.9245,25,241,241,29
32.0,20.0,1,0,24.0,0,0,250,38,212,205,0.82,9,0.2368,9,0.2368,196,0.9245,25,241,241,29
32.0,20.0,1,0,32.0,0,0,250,38,212,205,0.82,9,0.2368,9,0.2368,196,0.9245,25,241,241,29
28.0,20.0,1,0,12.0,0,0,250,38,212,204,0.816,16,0.4211,16,0.4211,188,0.8868,40,236,231,19
28.0,20.0,1,0,18.0,0,0,250,38,212,204,0.816,16,0.4211,16,0.4211,188,0.8868,40,236,231,19
28.0,20.0,1,0,24.0,0,0,250,38,212,204,0.816,16,0.4211,16,0.4211,188,0.8868,40,236,231,19
28.0,20.0,1,0,32.0,0,0,250,38,212,204,0.816,16,0.4211,16,0.4211,188,0.8868,40,236,231,19
30.0,20.0,1,2,18.0,0,0,250,38,212,204,0.816,14,0.3684,14,0.3684,190,0.8962,36,236,236,24
30.0,20.0,1,2,24.0,0,0,250,38,212,204,0.816,14,0.3684,14,0.3684,190,0.8962,36,236,236,24
30.0,20.0,1,2,32.0,0,0,250,38,212,204,0.816,14,0.3684,14,0.3684,190,0.8962,36,236,236,24
24.0,22.0,3,0,12.0,0,0,250,38,212,204,0.816,12,0.3158,12,0.3158,192,0.9057,32,238,238,26
24.0,22.0,3,0,18.0,0,0,250,38,212,204,0.816,12,0.3158,12,0.3158,192,0.9057,32,238,238,26
24.0,22.0,3,0,24.0,0,0,250,38,212,204,0.816,12,0.3158,12,0.3158,192,0.9057,32,238,238,26
24.0,22.0,3,0,32.0,0,0,250,38,212,204,0.816,12,0.3158,12,0.3158,192,0.9057,32,238,238,26
24.0,22.0,3,0,48.0,0,0,250,38,212,204,0.816,12,0.3158,12,0.3158,192,0.9057,32,238,238,26
24.0,22.0,3,1,12.0,0,0,250,38,212,204,0.816,12,0.3158,12,0.3158,192,0.9057,32,238,238,26
24.0,22.0,3,1,18.0,0,0,250,38,212,204,0.816,12,0.3158,12,0.3158,192,0.9057,32,238,238,26
24.0,22.0,3,1,24.0,0,0,250,38,212,204,0.816,12,0.3158,12,0.3158,192,0.9057,32,238,238,26
24.0,22.0,3,1,32.0,0,0,250,38,212,204,0.816,12,0.3158,12,0.3158,192,0.9057,32,238,238,26
24.0,22.0,3,1,48.0,0,0,250,38,212,204,0.816,12,0.3158,12,0.3158,192,0.9057,32,238,238,26
24.0,22.0,3,2,12.0,0,0,250,38,212,204,0.816,12,0.3158,12,0.3158,192,0.9057,32,238,238,26
26.0,20.0,2,1,48.0,0,0,250,38,212,204,0.816,11,0.2895,11,0.2895,193,0.9104,30,239,239,27
26.0,22.0,2,2,18.0,0,0,250,38,212,204,0.816,11,0.2895,11,0.2895,193,0.9104,30,239,239,27
26.0,22.0,2,2,24.0,0,0,250,38,212,204,0.816,11,0.2895,11,0.2895,193,0.9104,30,239,239,27
26.0,22.0,2,2,32.0,0,0,250,38,212,204,0.816,11,0.2895,11,0.2895,193,0.9104,30,239,239,27
26.0,22.0,2,2,48.0,0,0,250,38,212,204,0.816,11,0.2895,11,0.2895,193,0.9104,30,239,239,27
28.0,20.0,2,2,48.0,0,0,250,38,212,204,0.816,11,0.2895,11,0.2895,193,0.9104,30,239,239,27
26.0,20.0,3,2,18.0,0,0,250,38,212,204,0.816,10,0.2632,10,0.2632,194,0.9151,28,240,240,28
26.0,20.0,3,2,24.0,0,0,250,38,212,204,0.816,10,0.2632,10,0.2632,194,0.9151,28,240,240,28
26.0,20.0,3,2,32.0,0,0,250,38,212,204,0.816,10,0.2632,10,0.2632,194,0.9151,28,240,240,28
32.0,6.0,1,0,12.0,0,0,250,38,212,204,0.816,9,0.2368,9,0.2368,195,0.9198,26,241,241,29
32.0,6.0,1,0,18.0,0,0,250,38,212,204,0.816,9,0.2368,9,0.2368,195,0.9198,26,241,241,29
32.0,6.0,1,0,24.0,0,0,250,38,212,204,0.816,9,0.2368,9,0.2368,195,0.9198,26,241,241,29
32.0,6.0,1,0,32.0,0,0,250,38,212,204,0.816,9,0.2368,9,0.2368,195,0.9198,26,241,241,29
32.0,8.0,1,0,12.0,0,0,250,38,212,204,0.816,9,0.2368,9,0.2368,195,0.9198,26,241,241,29
32.0,8.0,1,0,18.0,0,0,250,38,212,204,0.816,9,0.2368,9,0.2368,195,0.9198,26,241,241,29
32.0,8.0,1,0,24.0,0,0,250,38,212,204,0.816,9,0.2368,9,0.2368,195,0.9198,26,241,241,29
32.0,8.0,1,0,32.0,0,0,250,38,212,204,0.816,9,0.2368,9,0.2368,195,0.9198,26,241,241,29
32.0,10.0,1,0,12.0,0,0,250,38,212,204,0.816,9,0.2368,9,0.2368,195,0.9198,26,241,241,29
32.0,10.0,1,0,18.0,0,0,250,38,212,204,0.816,9,0.2368,9,0.2368,195,0.9198,26,241,241,29
32.0,10.0,1,0,24.0,0,0,250,38,212,204,0.816,9,0.2368,9,0.2368,195,0.9198,26,241,241,29
32.0,10.0,1,0,32.0,0,0,250,38,212,204,0.816,9,0.2368,9,0.2368,195,0.9198,26,241,241,29
32.0,12.0,1,0,12.0,0,0,250,38,212,204,0.816,9,0.2368,9,0.2368,195,0.9198,26,241,241,29
32.0,12.0,1,0,18.0,0,0,250,38,212,204,0.816,9,0.2368,9,0.2368,195,0.9198,26,241,241,29
32.0,12.0,1,0,24.0,0,0,250,38,212,204,0.816,9,0.2368,9,0.2368,195,0.9198,26,241,241,29
32.0,12.0,1,0,32.0,0,0,250,38,212,204,0.816,9,0.2368,9,0.2368,195,0.9198,26,241,241,29
32.0,14.0,1,0,12.0,0,0,250,38,212,204,0.816,9,0.2368,9,0.2368,195,0.9198,26,241,241,29
32.0,14.0,1,0,18.0,0,0,250,38,212,204,0.816,9,0.2368,9,0.2368,195,0.9198,26,241,241,29
32.0,14.0,1,0,24.0,0,0,250,38,212,204,0.816,9,0.2368,9,0.2368,195,0.9198,26,241,241,29
32.0,14.0,1,0,32.0,0,0,250,38,212,204,0.816,9,0.2368,9,0.2368,195,0.9198,26,241,241,29
26.0,22.0,1,2,18.0,0,0,250,38,212,203,0.812,20,0.5263,20,0.5263,183,0.8632,49,228,228,16
26.0,22.0,1,2,24.0,0,0,250,38,212,203,0.812,20,0.5263,20,0.5263,183,0.8632,49,228,228,16
26.0,22.0,1,2,32.0,0,0,250,38,212,203,0.812,20,0.5263,20,0.5263,183,0.8632,49,228,228,16
26.0,22.0,1,2,48.0,0,0,250,38,212,203,0.812,20,0.5263,20,0.5263,183,0.8632,49,228,228,16
26.0,20.0,1,0,12.0,0,0,250,38,212,203,0.812,19,0.5,19,0.5,184,0.8679,47,236,228,16
26.0,20.0,1,0,18.0,0,0,250,38,212,203,0.812,19,0.5,19,0.5,184,0.8679,47,236,228,16
26.0,20.0,1,0,24.0,0,0,250,38,212,203,0.812,19,0.5,19,0.5,184,0.8679,47,236,228,16
26.0,20.0,1,0,32.0,0,0,250,38,212,203,0.812,19,0.5,19,0.5,184,0.8679,47,236,228,16
28.0,20.0,1,2,12.0,0,0,250,38,212,203,0.812,17,0.4474,17,0.4474,186,0.8774,43,231,231,19
28.0,16.0,1,0,12.0,0,0,250,38,212,203,0.812,16,0.4211,16,0.4211,187,0.8821,41,236,231,19
28.0,16.0,1,0,18.0,0,0,250,38,212,203,0.812,16,0.4211,16,0.4211,187,0.8821,41,236,231,19
28.0,16.0,1,0,24.0,0,0,250,38,212,203,0.812,16,0.4211,16,0.4211,187,0.8821,41,236,231,19
28.0,16.0,1,0,32.0,0,0,250,38,212,203,0.812,16,0.4211,16,0.4211,187,0.8821,41,236,231,19
28.0,18.0,1,0,12.0,0,0,250,38,212,203,0.812,16,0.4211,16,0.4211,187,0.8821,41,236,231,19
28.0,18.0,1,0,18.0,0,0,250,38,212,203,0.812,16,0.4211,16,0.4211,187,0.8821,41,236,231,19
28.0,18.0,1,0,24.0,0,0,250,38,212,203,0.812,16,0.4211,16,0.4211,187,0.8821,41,236,231,19
28.0,18.0,1,0,32.0,0,0,250,38,212,203,0.812,16,0.4211,16,0.4211,187,0.8821,41,236,231,19
22.0,22.0,3,0,12.0,0,0,250,38,212,203,0.812,16,0.4211,16,0.4211,187,0.8821,42,237,230,18
22.0,22.0,3,0,18.0,0,0,250,38,212,203,0.812,16,0.4211,16,0.4211,187,0.8821,42,237,230,18
22.0,22.0,3,0,24.0,0,0,250,38,212,203,0.812,16,0.4211,16,0.4211,187,0.8821,42,237,230,18
22.0,22.0,3,2,12.0,0,0,250,38,212,203,0.812,16,0.4211,16,0.4211,187,0.8821,42,232,232,20
30.0,20.0,1,2,48.0,0,0,250,38,212,203,0.812,14,0.3684,14,0.3684,189,0.8915,37,236,236,24
24.0,20.0,3,0,12.0,0,0,250,38,212,203,0.812,12,0.3158,12,0.3158,191,0.9009,33,238,238,26
24.0,20.0,3,0,18.0,0,0,250,38,212,203,0.812,12,0.3158,12,0.3158,191,0.9009,33,238,238,26
24.0,20.0,3,0,24.0,0,0,250,38,212,203,0.812,12,0.3158,12,0.3158,191,0.9009,33,238,238,26
24.0,20.0,3,0,32.0,0,0,250,38,212,203,0.812,12,0.3158,12,0.3158,191,0.9009,33,238,238,26
24.0,24.0,2,1,12.0,0,0,250,38,212,203,0.812,12,0.3158,12,0.3158,191,0.9009,35,238,238,26
24.0,24.0,2,1,18.0,0,0,250,38,212,203,0.812,12,0.3158,12,0.3158,191,0.9009,35,238,238,26
24.0,24.0,2,1,24.0,0,0,250,38,212,203,0.812,12,0.3158,12,0.3158,191,0.9009,35,238,238,26
24.0,24.0,2,1,32.0,0,0,250,38,212,203,0.812,12,0.3158,12,0.3158,191,0.9009,35,238,238,26
24.0,24.0,2,1,48.0,0,0,250,38,212,203,0.812,12,0.3158,12,0.3158,191,0.9009,35,238,238,26
26.0,20.0,2,2,18.0,0,0,250,38,212,203,0.812,11,0.2895,11,0.2895,192,0.9057,31,239,239,27
26.0,20.0,2,2,24.0,0,0,250,38,212,203,0.812,11,0.2895,11,0.2895,192,0.9057,31,239,239,27
26.0,20.0,2,2,32.0,0,0,250,38,212,203,0.812,11,0.2895,11,0.2895,192,0.9057,31,239,239,27
26.0,20.0,3,2,48.0,0,0,250,38,212,203,0.812,10,0.2632,10,0.2632,193,0.9104,29,240,240,28
32.0,18.0,1,0,48.0,0,0,250,38,212,203,0.812,9,0.2368,9,0.2368,194,0.9151,27,241,241,29
32.0,20.0,1,0,48.0,0,0,250,38,212,203,0.812,9,0.2368,9,0.2368,194,0.9151,27,241,241,29
32.0,20.0,1,1,12.0,0,0,250,38,212,203,0.812,9,0.2368,9,0.2368,194,0.9151,27,241,241,29
32.0,20.0,1,1,18.0,0,0,250,38,212,203,0.812,9,0.2368,9,0.2368,194,0.9151,27,241,241,29
32.0,20.0,1,1,24.0,0,0,250,38,212,203,0.812,9,0.2368,9,0.2368,194,0.9151,27,241,241,29
32.0,20.0,1,1,32.0,0,0,250,38,212,203,0.812,9,0.2368,9,0.2368,194,0.9151,27,241,241,29
32.0,20.0,1,2,12.0,0,0,250,38,212,203,0.812,9,0.2368,9,0.2368,194,0.9151,27,241,241,29
28.0,22.0,1,2,18.0,0,0,250,38,212,202,0.808,17,0.4474,17,0.4474,185,0.8726,44,231,231,19
28.0,22.0,1,2,24.0,0,0,250,38,212,202,0.808,17,0.4474,17,0.4474,185,0.8726,44,231,231,19
28.0,22.0,1,2,32.0,0,0,250,38,212,202,0.808,17,0.4474,17,0.4474,185,0.8726,44,231,231,19
28.0,22.0,1,2,48.0,0,0,250,38,212,202,0.808,17,0.4474,17,0.4474,185,0.8726,44,231,231,19
28.0,6.0,1,0,12.0,0,0,250,38,212,202,0.808,16,0.4211,16,0.4211,186,0.8774,42,236,231,19
28.0,6.0,1,0,18.0,0,0,250,38,212,202,0.808,16,0.4211,16,0.4211,186,0.8774,42,236,231,19
28.0,6.0,1,0,24.0,0,0,250,38,212,202,0.808,16,0.4211,16,0.4211,186,0.8774,42,236,231,19
28.0,6.0,1,0,32.0,0,0,250,38,212,202,0.808,16,0.4211,16,0.4211,186,0.8774,42,236,231,19
28.0,8.0,1,0,12.0,0,0,250,38,212,202,0.808,16,0.4211,16,0.4211,186,0.8774,42,236,231,19
28.0,8.0,1,0,18.0,0,0,250,38,212,202,0.808,16,0.4211,16,0.4211,186,0.8774,42,236,231,19
28.0,8.0,1,0,24.0,0,0,250,38,212,202,0.808,16,0.4211,16,0.4211,186,0.8774,42,236,231,19
28.0,8.0,1,0,32.0,0,0,250,38,212,202,0.808,16,0.4211,16,0.4211,186,0.8774,42,236,231,19
28.0,10.0,1,0,12.0,0,0,250,38,212,202,0.808,16,0.4211,16,0.4211,186,0.8774,42,236,231,19
28.0,10.0,1,0,18.0,0,0,250,38,212,202,0.808,16,0.4211,16,0.4211,186,0.8774,42,236,231,19
28.0,10.0,1,0,24.0,0,0,250,38,212,202,0.808,16,0.4211,16,0.4211,186,0.8774,42,236,231,19
28.0,10.0,1,0,32.0,0,0,250,38,212,202,0.808,16,0.4211,16,0.4211,186,0.8774,42,236,231,19
28.0,12.0,1,0,12.0,0,0,250,38,212,202,0.808,16,0.4211,16,0.4211,186,0.8774,42,236,231,19
28.0,12.0,1,0,18.0,0,0,250,38,212,202,0.808,16,0.4211,16,0.4211,186,0.8774,42,236,231,19
28.0,12.0,1,0,24.0,0,0,250,38,212,202,0.808,16,0.4211,16,0.4211,186,0.8774,42,236,231,19
28.0,12.0,1,0,32.0,0,0,250,38,212,202,0.808,16,0.4211,16,0.4211,186,0.8774,42,236,231,19
28.0,14.0,1,0,12.0,0,0,250,38,212,202,0.808,16,0.4211,16,0.4211,186,0.8774,42,236,231,19
28.0,14.0,1,0,18.0,0,0,250,38,212,202,0.808,16,0.4211,16,0.4211,186,0.8774,42,236,231,19
28.0,14.0,1,0,24.0,0,0,250,38,212,202,0.808,16,0.4211,16,0.4211,186,0.8774,42,236,231,19
28.0,14.0,1,0,32.0,0,0,250,38,212,202,0.808,16,0.4211,16,0.4211,186,0.8774,42,236,231,19
28.0,20.0,1,0,48.0,0,0,250,38,212,202,0.808,16,0.4211,16,0.4211,186,0.8774,42,236,231,19
28.0,20.0,1,1,12.0,0,0,250,38,212,202,0.808,16,0.4211,16,0.4211,186,0.8774,42,236,231,19
28.0,20.0,1,1,18.0,0,0,250,38,212,202,0.808,16,0.4211,16,0.4211,186,0.8774,42,236,231,19
28.0,20.0,1,1,24.0,0,0,250,38,212,202,0.808,16,0.4211,16,0.4211,186,0.8774,42,236,231,19
28.0,20.0,1,1,32.0,0,0,250,38,212,202,0.808,16,0.4211,16,0.4211,186,0.8774,42,236,231,19
22.0,20.0,3,0,12.0,0,0,250,38,212,202,0.808,16,0.4211,16,0.4211,186,0.8774,44,237,230,18
22.0,20.0,3,0,18.0,0,0,250,38,212,202,0.808,16,0.4211,16,0.4211,186,0.8774,44,237,230,18
22.0,20.0,3,0,24.0,0,0,250,38,212,202,0.808,16,0.4211,16,0.4211,186,0.8774,44,237,230,18
22.0,22.0,3,1,12.0,0,0,250,38,212,202,0.808,15,0.3947,15,0.3947,187,0.8821,41,237,231,19
22.0,22.0,3,1,18.0,0,0,250,38,212,202,0.808,15,0.3947,15,0.3947,187,0.8821,41,237,231,19
22.0,22.0,3,1,24.0,0,0,250,38,212,202,0.808,15,0.3947,15,0.3947,187,0.8821,41,237,231,19
24.0,16.0,3,0,12.0,0,0,250,38,212,202,0.808,12,0.3158,12,0.3158,190,0.8962,34,238,238,26
24.0,16.0,3,0,18.0,0,0,250,38,212,202,0.808,12,0.3158,12,0.3158,190,0.8962,34,238,238,26
24.0,16.0,3,0,24.0,0,0,250,38,212,202,0.808,12,0.3158,12,0.3158,190,0.8962,34,238,238,26
24.0,16.0,3,0,32.0,0,0,250,38,212,202,0.808,12,0.3158,12,0.3158,190,0.8962,34,238,238,26
24.0,18.0,3,0,12.0,0,0,250,38,212,202,0.808,12,0.3158,12,0.3158,190,0.8962,34,238,238,26
24.0,18.0,3,0,18.0,0,0,250,38,212,202,0.808,12,0.3158,12,0.3158,190,0.8962,34,238,238,26
24.0,18.0,3,0,24.0,0,0,250,38,212,202,0.808,12,0.3158,12,0.3158,190,0.8962,34,238,238,26
24.0,18.0,3,0,32.0,0,0,250,38,212,202,0.808,12,0.3158,12,0.3158,190,0.8962,34,238,238,26
26.0,20.0,2,2,48.0,0,0,250,38,212,202,0.808,11,0.2895,11,0.2895,191,0.9009,32,239,239,27
24.0,24.0,2,2,12.0,0,0,250,38,212,202,0.808,11,0.2895,11,0.2895,191,0.9009,34,239,239,27
24.0,24.0,2,2,18.0,0,0,250,38,212,202,0.808,11,0.2895,11,0.2895,191,0.9009,34,239,239,27
24.0,24.0,2,2,24.0,0,0,250,38,212,202,0.808,11,0.2895,11,0.2895,191,0.9009,34,239,239,27
24.0,24.0,2,2,32.0,0,0,250,38,212,202,0.808,11,0.2895,11,0.2895,191,0.9009,34,239,239,27
24.0,24.0,2,2,48.0,0,0,250,38,212,202,0.808,11,0.2895,11,0.2895,191,0.9009,34,239,239,27
28.0,18.0,3,1,12.0,0,0,250,38,212,202,0.808,10,0.2632,10,0.2632,192,0.9057,30,240,240,28
28.0,18.0,3,1,18.0,0,0,250,38,212,202,0.808,10,0.2632,10,0.2632,192,0.9057,30,240,240,28
28.0,18.0,3,1,24.0,0,0,250,38,212,202,0.808,10,0.2632,10,0.2632,192,0.9057,30,240,240,28
28.0,18.0,3,1,32.0,0,0,250,38,212,202,0.808,10,0.2632,10,0.2632,192,0.9057,30,240,240,28
28.0,18.0,3,2,12.0,0,0,250,38,212,202,0.808,10,0.2632,10,0.2632,192,0.9057,30,240,240,28
28.0,18.0,3,2,18.0,0,0,250,38,212,202,0.808,10,0.2632,10,0.2632,192,0.9057,30,240,240,28
28.0,18.0,3,2,24.0,0,0,250,38,212,202,0.808,10,0.2632,10,0.2632,192,0.9057,30,240,240,28
28.0,18.0,3,2,32.0,0,0,250,38,212,202,0.808,10,0.2632,10,0.2632,192,0.9057,30,240,240,28
32.0,20.0,1,1,48.0,0,0,250,38,212,202,0.808,9,0.2368,9,0.2368,193,0.9104,28,241,241,29
32.0,22.0,1,2,18.0,0,0,250,38,212,202,0.808,9,0.2368,9,0.2368,193,0.9104,28,241,241,29
32.0,22.0,1,2,24.0,0,0,250,38,212,202,0.808,9,0.2368,9,0.2368,193,0.9104,28,241,241,29
32.0,22.0,1,2,32.0,0,0,250,38,212,202,0.808,9,0.2368,9,0.2368,193,0.9104,28,241,241,29
32.0,22.0,1,2,48.0,0,0,250,38,212,202,0.808,9,0.2368,9,0.2368,193,0.9104,28,241,241,29
26.0,20.0,1,2,12.0,0,0,250,38,212,201,0.804,20,0.5263,20,0.5263,181,0.8538,51,228,228,16
26.0,20.0,1,0,48.0,0,0,250,38,212,201,0.804,19,0.5,19,0.5,182,0.8585,49,236,228,16
26.0,20.0,1,1,12.0,0,0,250,38,212,201,0.804,19,0.5,19,0.5,182,0.8585,49,236,228,16
26.0,20.0,1,1,18.0,0,0,250,38,212,201,0.804,19,0.5,19,0.5,182,0.8585,49,236,228,16
26.0,20.0,1,1,24.0,0,0,250,38,212,201,0.804,19,0.5,19,0.5,182,0.8585,49,236,228,16
26.0,20.0,1,1,32.0,0,0,250,38,212,201,0.804,19,0.5,19,0.5,182,0.8585,49,236,228,16
28.0,20.0,1,2,18.0,0,0,250,38,212,201,0.804,17,0.4474,17,0.4474,184,0.8679,45,231,231,19
28.0,20.0,1,2,24.0,0,0,250,38,212,201,0.804,17,0.4474,17,0.4474,184,0.8679,45,231,231,19
28.0,20.0,1,2,32.0,0,0,250,38,212,201,0.804,17,0.4474,17,0.4474,184,0.8679,45,231,231,19
22.0,22.0,2,2,12.0,0,0,250,38,212,201,0.804,17,0.4474,17,0.4474,184,0.8679,47,231,231,19
28.0,18.0,1,0,48.0,0,0,250,38,212,201,0.804,16,0.4211,16,0.4211,185,0.8726,43,236,231,19
28.0,20.0,1,1,48.0,0,0,250,38,212,201,0.804,16,0.4211,16,0.4211,185,0.8726,43,236,231,19
22.0,22.0,3,0,32.0,0,0,250,38,212,201,0.804,16,0.4211,16,0.4211,185,0.8726,44,237,230,18
22.0,22.0,3,0,48.0,0,0,250,38,212,201,0.804,16,0.4211,16,0.4211,185,0.8726,44,237,230,18
22.0,16.0,3,0,12.0,0,0,250,38,212,201,0.804,16,0.4211,16,0.4211,185,0.8726,45,237,230,18
22.0,16.0,3,0,18.0,0,0,250,38,212,201,0.804,16,0.4211,16,0.4211,185,0.8726,45,237,230,18
22.0,16.0,3,0,24.0,0,0,250,38,212,201,0.804,16,0.4211,16,0.4211,185,0.8726,45,237,230,18
22.0,18.0,3,0,12.0,0,0,250,38,212,201,0.804,16,0.4211,16,0.4211,185,0.8726,45,237,230,18
22.0,18.0,3,0,18.0,0,0,250,38,212,201,0.804,16,0.4211,16,0.4211,185,0.8726,45,237,230,18
22.0,18.0,3,0,24.0,0,0,250,38,212,201,0.804,16,0.4211,16,0.4211,185,0.8726,45,237,230,18
24.0,22.0,2,0,12.0,0,0,250,38,212,201,0.804,13,0.3421,13,0.3421,188,0.8868,39,237,237,25
24.0,22.0,2,0,18.0,0,0,250,38,212,201,0.804,13,0.3421,13,0.3421,188,0.8868,39,237,237,25
24.0,22.0,2,0,24.0,0,0,250,38,212,201,0.804,13,0.3421,13,0.3421,188,0.8868,39,237,237,25
24.0,22.0,2,0,32.0,0,0,250,38,212,201,0.804,13,0.3421,13,0.3421,188,0.8868,39,237,237,25
24.0,22.0,2,0,48.0,0,0,250,38,212,201,0.804,13,0.3421,13,0.3421,188,0.8868,39,237,237,25
24.0,6.0,3,0,12.0,0,0,250,38,212,201,0.804,12,0.3158,12,0.3158,189,0.8915,35,238,238,26
24.0,6.0,3,0,18.0,0,0,250,38,212,201,0.804,12,0.3158,12,0.3158,189,0.8915,35,238,238,26
24.0,6.0,3,0,24.0,0,0,250,38,212,201,0.804,12,0.3158,12,0.3158,189,0.8915,35,238,238,26
24.0,6.0,3,0,32.0,0,0,250,38,212,201,0.804,12,0.3158,12,0.3158,189,0.8915,35,238,238,26
24.0,8.0,3,0,12.0,0,0,250,38,212,201,0.804,12,0.3158,12,0.3158,189,0.8915,35,238,238,26
24.0,8.0,3,0,18.0,0,0,250,38,212,201,0.804,12,0.3158,12,0.3158,189,0.8915,35,238,238,26
24.0,8.0,3,0,24.0,0,0,250,38,212,201,0.804,12,0.3158,12,0.3158,189,0.8915,35,238,238,26
24.0,8.0,3,0,32.0,0,0,250,38,212,201,0.804,12,0.3158,12,0.3158,189,0.8915,35,238,238,26
24.0,10.0,3,0,12.0,0,0,250,38,212,201,0.804,12,0.3158,12,0.3158,189,0.8915,35,238,238,26
24.0,10.0,3,0,18.0,0,0,250,38,212,201,0.804,12,0.3158,12,0.3158,189,0.8915,35,238,238,26
24.0,10.0,3,0,24.0,0,0,250,38,212,201,0.804,12,0.3158,12,0.3158,189,0.8915,35,238,238,26
24.0,10.0,3,0,32.0,0,0,250,38,212,201,0.804,12,0.3158,12,0.3158,189,0.8915,35,238,238,26
24.0,12.0,3,0,12.0,0,0,250,38,212,201,0.804,12,0.3158,12,0.3158,189,0.8915,35,238,238,26
24.0,12.0,3,0,18.0,0,0,250,38,212,201,0.804,12,0.3158,12,0.3158,189,0.8915,35,238,238,26
24.0,12.0,3,0,24.0,0,0,250,38,212,201,0.804,12,0.3158,12,0.3158,189,0.8915,35,238,238,26
24.0,12.0,3,0,32.0,0,0,250,38,212,201,0.804,12,0.3158,12,0.3158,189,0.8915,35,238,238,26
24.0,14.0,3,0,12.0,0,0,250,38,212,201,0.804,12,0.3158,12,0.3158,189,0.8915,35,238,238,26
24.0,14.0,3,0,18.0,0,0,250,38,212,201,0.804,12,0.3158,12,0.3158,189,0.8915,35,238,238,26
24.0,14.0,3,0,24.0,0,0,250,38,212,201,0.804,12,0.3158,12,0.3158,189,0.8915,35,238,238,26
24.0,14.0,3,0,32.0,0,0,250,38,212,201,0.804,12,0.3158,12,0.3158,189,0.8915,35,238,238,26
24.0,20.0,3,0,48.0,0,0,250,38,212,201,0.804,12,0.3158,12,0.3158,189,0.8915,35,238,238,26
24.0,20.0,3,1,12.0,0,0,250,38,212,201,0.804,12,0.3158,12,0.3158,189,0.8915,35,238,238,26
24.0,20.0,3,1,18.0,0,0,250,38,212,201,0.804,12,0.3158,12,0.3158,189,0.8915,35,238,238,26
24.0,20.0,3,1,24.0,0,0,250,38,212,201,0.804,12,0.3158,12,0.3158,189,0.8915,35,238,238,26
24.0,20.0,3,1,32.0,0,0,250,38,212,201,0.804,12,0.3158,12,0.3158,189,0.8915,35,238,238,26
24.0,20.0,3,2,12.0,0,0,250,38,212,201,0.804,12,0.3158,12,0.3158,189,0.8915,35,238,238,26
28.0,18.0,2,1,12.0,0,0,250,38,212,201,0.804,11,0.2895,11,0.2895,190,0.8962,33,239,239,27
28.0,18.0,2,1,18.0,0,0,250,38,212,201,0.804,11,0.2895,11,0.2895,190,0.8962,33,239,239,27
28.0,18.0,2,1,24.0,0,0,250,38,212,201,0.804,11,0.2895,11,0.2895,190,0.8962,33,239,239,27
28.0,18.0,2,1,32.0,0,0,250,38,212,201,0.804,11,0.2895,11,0.2895,190,0.8962,33,239,239,27
28.0,18.0,2,2,12.0,0,0,250,38,212,201,0.804,11,0.2895,11,0.2895,190,0.8962,33,239,239,27
28.0,18.0,2,2,18.0,0,0,250,38,212,201,0.804,11,0.2895,11,0.2895,190,0.8962,33,239,239,27
28.0,18.0,2,2,24.0,0,0,250,38,212,201,0.804,11,0.2895,11,0.2895,190,0.8962,33,239,239,27
28.0,18.0,2,2,32.0,0,0,250,38,212,201,0.804,11,0.2895,11,0.2895,190,0.8962,33,239,239,27
28.0,16.0,3,1,12.0,0,0,250,38,212,201,0.804,10,0.2632,10,0.2632,191,0.9009,31,240,240,28
28.0,16.0,3,1,18.0,0,0,250,38,212,201,0.804,10,0.2632,10,0.2632,191,0.9009,31,240,240,28
28.0,16.0,3,1,24.0,0,0,250,38,212,201,0.804,10,0.2632,10,0.2632,191,0.9009,31,240,240,28
28.0,16.0,3,1,32.0,0,0,250,38,212,201,0.804,10,0.2632,10,0.2632,191,0.9009,31,240,240,28
28.0,16.0,3,2,12.0,0,0,250,38,212,201,0.804,10,0.2632,10,0.2632,191,0.9009,31,240,240,28
28.0,16.0,3,2,18.0,0,0,250,38,212,201,0.804,10,0.2632,10,0.2632,191,0.9009,31,240,240,28
28.0,16.0,3,2,24.0,0,0,250,38,212,201,0.804,10,0.2632,10,0.2632,191,0.9009,31,240,240,28
28.0,16.0,3,2,32.0,0,0,250,38,212,201,0.804,10,0.2632,10,0.2632,191,0.9009,31,240,240,28
28.0,18.0,3,1,48.0,0,0,250,38,212,201,0.804,10,0.2632,10,0.2632,191,0.9009,31,240,240,28
28.0,18.0,3,2,48.0,0,0,250,38,212,201,0.804,10,0.2632,10,0.2632,191,0.9009,31,240,240,28
32.0,20.0,1,2,18.0,0,0,250,38,212,201,0.804,9,0.2368,9,0.2368,192,0.9057,29,241,241,29
32.0,20.0,1,2,24.0,0,0,250,38,212,201,0.804,9,0.2368,9,0.2368,192,0.9057,29,241,241,29
32.0,20.0,1,2,32.0,0,0,250,38,212,201,0.804,9,0.2368,9,0.2368,192,0.9057,29,241,241,29
26.0,20.0,1,2,18.0,0,0,250,38,212,200,0.8,20,0.5263,20,0.5263,180,0.8491,52,228,228,16
26.0,20.0,1,2,24.0,0,0,250,38,212,200,0.8,20,0.5263,20,0.5263,180,0.8491,52,228,228,16
26.0,20.0,1,2,32.0,0,0,250,38,212,200,0.8,20,0.5263,20,0.5263,180,0.8491,52,228,228,16
26.0,18.0,1,0,12.0,0,0,250,38,212,200,0.8,19,0.5,19,0.5,181,0.8538,50,236,228,16
26.0,18.0,1,0,18.0,0,0,250,38,212,200,0.8,19,0.5,19,0.5,181,0.8538,50,236,228,16
26.0,18.0,1,0,24.0,0,0,250,38,212,200,0.8,19,0.5,19,0.5,181,0.8538,50,236,228,16
26.0,18.0,1,0,32.0,0,0,250,38,212,200,0.8,19,0.5,19,0.5,181,0.8538,50,236,228,16
26.0,20.0,1,1,48.0,0,0,250,38,212,200,0.8,19,0.5,19,0.5,181,0.8538,50,236,228,16
22.0,22.0,2,0,12.0,0,0,250,38,212,200,0.8,18,0.4737,18,0.4737,182,0.8585,50,236,229,17
22.0,22.0,2,0,18.0,0,0,250,38,212,200,0.8,18,0.4737,18,0.4737,182,0.8585,50,236,229,17
22.0,22.0,2,0,24.0,0,0,250,38,212,200,0.8,18,0.4737,18,0.4737,182,0.8585,50,236,229,17
28.0,20.0,1,2,48.0,0,0,250,38,212,200,0.8,17,0.4474,17,0.4474,183,0.8632,46,231,231,19
22.0,22.0,2,1,12.0,0,0,250,38,212,200,0.8,17,0.4474,17,0.4474,183,0.8632,48,236,230,18
22.0,22.0,2,1,18.0,0,0,250,38,212,200,0.8,17,0.4474,17,0.4474,183,0.8632,48,236,230,18
22.0,22.0,2,1,24.0,0,0,250,38,212,200,0.8,17,0.4474,17,0.4474,183,0.8632,48,236,230,18
22.0,6.0,3,0,12.0,0,0,250,38,212,200,0.8,16,0.4211,16,0.4211,184,0.8679,46,237,230,18
22.0,6.0,3,0,18.0,0,0,250,38,212,200,0.8,16,0.4211,16,0.4211,184,0.8679,46,237,230,18
22.0,6.0,3,0,24.0,0,0,250,38,212,200,0.8,16,0.4211,16,0.4211,184,0.8679,46,237,230,18
22.0,8.0,3,0,12.0,0,0,250,38,212,200,0.8,16,0.4211,16,0.4211,184,0.8679,46,237,230,18
22.0,8.0,3,0,18.0,0,0,250,38,212,200,0.8,16,0.4211,16,0.4211,184,0.8679,46,237,230,18
22.0,8.0,3,0,24.0,0,0,250,38,212,200,0.8,16,0.4211,16,0.4211,184,0.8679,46,237,230,18
22.0,10.0,3,0,12.0,0,0,250,38,212,200,0.8,16,0.4211,16,0.4211,184,0.8679,46,237,230,18
22.0,10.0,3,0,18.0,0,0,250,38,212,200,0.8,16,0.4211,16,0.4211,184,0.8679,46,237,230,18
22.0,10.0,3,0,24.0,0,0,250,38,212,200,0.8,16,0.4211,16,0.4211,184,0.8679,46,237,230,18
22.0,12.0,3,0,12.0,0,0,250,38,212,200,0.8,16,0.4211,16,0.4211,184,0.8679,46,237,230,18
22.0,12.0,3,0,18.0,0,0,250,38,212,200,0.8,16,0.4211,16,0.4211,184,0.8679,46,237,230,18
22.0,12.0,3,0,24.0,0,0,250,38,212,200,0.8,16,0.4211,16,0.4211,184,0.8679,46,237,230,18
22.0,14.0,3,0,12.0,0,0,250,38,212,200,0.8,16,0.4211,16,0.4211,184,0.8679,46,237,230,18
22.0,14.0,3,0,18.0,0,0,250,38,212,200,0.8,16,0.4211,16,0.4211,184,0.8679,46,237,230,18
22.0,14.0,3,0,24.0,0,0,250,38,212,200,0.8,16,0.4211,16,0.4211,184,0.8679,46,237,230,18
22.0,20.0,3,2,12.0,0,0,250,38,212,200,0.8,16,0.4211,16,0.4211,184,0.8679,47,232,232,20
30.0,18.0,1,1,12.0,0,0,250,38,212,200,0.8,14,0.3684,14,0.3684,186,0.8774,40,236,236,24
30.0,18.0,1,1,18.0,0,0,250,38,212,200,0.8,14,0.3684,14,0.3684,186,0.8774,40,236,236,24
30.0,18.0,1,1,24.0,0,0,250,38,212,200,0.8,14,0.3684,14,0.3684,186,0.8774,40,236,236,24
30.0,18.0,1,1,32.0,0,0,250,38,212,200,0.8,14,0.3684,14,0.3684,186,0.8774,40,236,236,24
30.0,18.0,1,2,12.0,0,0,250,38,212,200,0.8,14,0.3684,14,0.3684,186,0.8774,40,236,236,24
30.0,18.0,1,2,18.0,0,0,250,38,212,200,0.8,14,0.3684,14,0.3684,186,0.8774,40,236,236,24
30.0,18.0,1,2,24.0,0,0,250,38,212,200,0.8,14,0.3684,14,0.3684,186,0.8774,40,236,236,24
30.0,18.0,1,2,32.0,0,0,250,38,212,200,0.8,14,0.3684,14,0.3684,186,0.8774,40,236,236,24
24.0,18.0,3,0,48.0,0,0,250,38,212,200,0.8,12,0.3158,12,0.3158,188,0.8868,36,238,238,26
24.0,20.0,3,1,48.0,0,0,250,38,212,200,0.8,12,0.3158,12,0.3158,188,0.8868,36,238,238,26
24.0,22.0,3,2,18.0,0,0,250,38,212,200,0.8,12,0.3158,12,0.3158,188,0.8868,36,238,238,26
24.0,22.0,3,2,24.0,0,0,250,38,212,200,0.8,12,0.3158,12,0.3158,188,0.8868,36,238,238,26
24.0,22.0,3,2,32.0,0,0,250,38,212,200,0.8,12,0.3158,12,0.3158,188,0.8868,36,238,238,26
24.0,22.0,3,2,48.0,0,0,250,38,212,200,0.8,12,0.3158,12,0.3158,188,0.8868,36,238,238,26
28.0,16.0,2,1,12.0,0,0,250,38,212,200,0.8,11,0.2895,11,0.2895,189,0.8915,34,239,239,27
28.0,16.0,2,1,18.0,0,0,250,38,212,200,0.8,11,0.2895,11,0.2895,189,0.8915,34,239,239,27
28.0,16.0,2,1,24.0,0,0,250,38,212,200,0.8,11,0.2895,11,0.2895,189,0.8915,34,239,239,27
28.0,16.0,2,1,32.0,0,0,250,38,212,200,0.8,11,0.2895,11,0.2895,189,0.8915,34,239,239,27
28.0,16.0,2,2,12.0,0,0,250,38,212,200,0.8,11,0.2895,11,0.2895,189,0.8915,34,239,239,27
28.0,16.0,2,2,18.0,0,0,250,38,212,200,0.8,11,0.2895,11,0.2895,189,0.8915,34,239,239,27
28.0,16.0,2,2,24.0,0,0,250,38,212,200,0.8,11,0.2895,11,0.2895,189,0.8915,34,239,239,27
28.0,16.0,2,2,32.0,0,0,250,38,212,200,0.8,11,0.2895,11,0.2895,189,0.8915,34,239,239,27
28.0,18.0,2,1,48.0,0,0,250,38,212,200,0.8,11,0.2895,11,0.2895,189,0.8915,34,239,239,27
28.0,18.0,2,2,48.0,0,0,250,38,212,200,0.8,11,0.2895,11,0.2895,189,0.8915,34,239,239,27
26.0,18.0,3,1,12.0,0,0,250,38,212,200,0.8,10,0.2632,10,0.2632,190,0.8962,32,240,240,28
26.0,18.0,3,1,18.0,0,0,250,38,212,200,0.8,10,0.2632,10,0.2632,190,0.8962,32,240,240,28
26.0,18.0,3,1,24.0,0,0,250,38,212,200,0.8,10,0.2632,10,0.2632,190,0.8962,32,240,240,28
26.0,18.0,3,1,32.0,0,0,250,38,212,200,0.8,10,0.2632,10,0.2632,190,0.8962,32,240,240,28
26.0,18.0,3,2,12.0,0,0,250,38,212,200,0.8,10,0.2632,10,0.2632,190,0.8962,32,240,240,28
26.0,18.0,3,2,18.0,0,0,250,38,212,200,0.8,10,0.2632,10,0.2632,190,0.8962,32,240,240,28
26.0,18.0,3,2,24.0,0,0,250,38,212,200,0.8,10,0.2632,10,0.2632,190,0.8962,32,240,240,28
26.0,18.0,3,2,32.0,0,0,250,38,212,200,0.8,10,0.2632,10,0.2632,190,0.8962,32,240,240,28
28.0,14.0,3,1,12.0,0,0,250,38,212,200,0.8,10,0.2632,10,0.2632,190,0.8962,32,240,240,28
28.0,14.0,3,1,18.0,0,0,250,38,212,200,0.8,10,0.2632,10,0.2632,190,0.8962,32,240,240,28
28.0,14.0,3,1,24.0,0,0,250,38,212,200,0.8,10,0.2632,10,0.2632,190,0.8962,32,240,240,28
28.0,14.0,3,1,32.0,0,0,250,38,212,200,0.8,10,0.2632,10,0.2632,190,0.8962,32,240,240,28
28.0,14.0,3,2,12.0,0,0,250,38,212,200,0.8,10,0.2632,10,0.2632,190,0.8962,32,240,240,28
28.0,14.0,3,2,18.0,0,0,250,38,212,200,0.8,10,0.2632,10,0.2632,190,0.8962,32,240,240,28
28.0,14.0,3,2,24.0,0,0,250,38,212,200,0.8,10,0.2632,10,0.2632,190,0.8962,32,240,240,28
28.0,14.0,3,2,32.0,0,0,250,38,212,200,0.8,10,0.2632,10,0.2632,190,0.8962,32,240,240,28
28.0,16.0,3,0,48.0,0,0,250,38,212,200,0.8,10,0.2632,10,0.2632,190,0.8962,32,240,240,28
28.0,16.0,3,1,48.0,0,0,250,38,212,200,0.8,10,0.2632,10,0.2632,190,0.8962,32,240,240,28
28.0,16.0,3,2,48.0,0,0,250,38,212,200,0.8,10,0.2632,10,0.2632,190,0.8962,32,240,240,28
32.0,20.0,1,2,48.0,0,0,250,38,212,200,0.8,9,0.2368,9,0.2368,191,0.9009,30,241,241,29
26.0,20.0,1,2,48.0,0,0,250,38,212,199,0.796,20,0.5263,20,0.5263,179,0.8443,53,228,228,16
22.0,20.0,2,0,12.0,0,0,250,38,212,199,0.796,18,0.4737,18,0.4737,181,0.8538,52,236,229,17
22.0,20.0,2,0,18.0,0,0,250,38,212,199,0.796,18,0.4737,18,0.4737,181,0.8538,52,236,229,17
22.0,20.0,2,0,24.0,0,0,250,38,212,199,0.796,18,0.4737,18,0.4737,181,0.8538,52,236,229,17
22.0,22.0,3,2,18.0,0,0,250,38,212,199,0.796,16,0.4211,16,0.4211,183,0.8632,46,232,232,20
22.0,22.0,3,2,24.0,0,0,250,38,212,199,0.796,16,0.4211,16,0.4211,183,0.8632,46,232,232,20
22.0,22.0,3,1,32.0,0,0,250,38,212,199,0.796,15,0.3947,15,0.3947,184,0.8679,44,237,231,19
22.0,22.0,3,1,48.0,0,0,250,38,212,199,0.796,15,0.3947,15,0.3947,184,0.8679,44,237,231,19
22.0,20.0,3,1,12.0,0,0,250,38,212,199,0.796,15,0.3947,15,0.3947,184,0.8679,46,237,231,19
22.0,20.0,3,1,18.0,0,0,250,38,212,199,0.796,15,0.3947,15,0.3947,184,0.8679,46,237,231,19
22.0,20.0,3,1,24.0,0,0,250,38,212,199,0.796,15,0.3947,15,0.3947,184,0.8679,46,237,231,19
30.0,16.0,1,1,12.0,0,0,250,38,212,199,0.796,14,0.3684,14,0.3684,185,0.8726,41,236,236,24
30.0,16.0,1,1,18.0,0,0,250,38,212,199,0.796,14,0.3684,14,0.3684,185,0.8726,41,236,236,24
30.0,16.0,1,1,24.0,0,0,250,38,212,199,0.796,14,0.3684,14,0.3684,185,0.8726,41,236,236,24
30.0,16.0,1,1,32.0,0,0,250,38,212,199,0.796,14,0.3684,14,0.3684,185,0.8726,41,236,236,24
30.0,16.0,1,2,12.0,0,0,250,38,212,199,0.796,14,0.3684,14,0.3684,185,0.8726,41,236,236,24
30.0,16.0,1,2,18.0,0,0,250,38,212,199,0.796,14,0.3684,14,0.3684,185,0.8726,41,236,236,24
30.0,16.0,1,2,24.0,0,0,250,38,212,199,0.796,14,0.3684,14,0.3684,185,0.8726,41,236,236,24
30.0,16.0,1,2,32.0,0,0,250,38,212,199,0.796,14,0.3684,14,0.3684,185,0.8726,41,236,236,24
30.0,18.0,1,1,48.0,0,0,250,38,212,199,0.796,14,0.3684,14,0.3684,185,0.8726,41,236,236,24
30.0,18.0,1,2,48.0,0,0,250,38,212,199,0.796,14,0.3684,14,0.3684,185,0.8726,41,236,236,24
24.0,20.0,3,2,18.0,0,0,250,38,212,199,0.796,12,0.3158,12,0.3158,187,0.8821,37,238,238,26
24.0,20.0,3,2,24.0,0,0,250,38,212,199,0.796,12,0.3158,12,0.3158,187,0.8821,37,238,238,26
24.0,20.0,3,2,32.0,0,0,250,38,212,199,0.796,12,0.3158,12,0.3158,187,0.8821,37,238,238,26
24.0,22.0,2,1,12.0,0,0,250,38,212,199,0.796,12,0.3158,12,0.3158,187,0.8821,39,238,238,26
24.0,22.0,2,1,18.0,0,0,250,38,212,199,0.796,12,0.3158,12,0.3158,187,0.8821,39,238,238,26
24.0,22.0,2,1,24.0,0,0,250,38,212,199,0.796,12,0.3158,12,0.3158,187,0.8821,39,238,238,26
24.0,22.0,2,1,32.0,0,0,250,38,212,199,0.796,12,0.3158,12,0.3158,187,0.8821,39,238,238,26
24.0,22.0,2,1,48.0,0,0,250,38,212,199,0.796,12,0.3158,12,0.3158,187,0.8821,39,238,238,26
26.0,18.0,2,1,12.0,0,0,250,38,212,199,0.796,11,0.2895,11,0.2895,188,0.8868,35,239,239,27
26.0,18.0,2,1,18.0,0,0,250,38,212,199,0.796,11,0.2895,11,0.2895,188,0.8868,35,239,239,27
26.0,18.0,2,1,24.0,0,0,250,38,212,199,0.796,11,0.2895,11,0.2895,188,0.8868,35,239,239,27
26.0,18.0,2,1,32.0,0,0,250,38,212,199,0.796,11,0.2895,11,0.2895,188,0.8868,35,239,239,27
26.0,18.0,2,2,12.0,0,0,250,38,212,199,0.796,11,0.2895,11,0.2895,188,0.8868,35,239,239,27
26.0,18.0,2,2,18.0,0,0,250,38,212,199,0.796,11,0.2895,11,0.2895,188,0.8868,35,239,239,27
26.0,18.0,2,2,24.0,0,0,250,38,212,199,0.796,11,0.2895,11,0.2895,188,0.8868,35,239,239,27
26.0,18.0,2,2,32.0,0,0,250,38,212,199,0.796,11,0.2895,11,0.2895,188,0.8868,35,239,239,27
28.0,14.0,2,1,12.0,0,0,250,38,212,199,0.796,11,0.2895,11,0.2895,188,0.8868,35,239,239,27
28.0,14.0,2,1,18.0,0,0,250,38,212,199,0.796,11,0.2895,11,0.2895,188,0.8868,35,239,239,27
28.0,14.0,2,1,24.0,0,0,250,38,212,199,0.796,11,0.2895,11,0.2895,188,0.8868,35,239,239,27
28.0,14.0,2,1,32.0,0,0,250,38,212,199,0.796,11,0.2895,11,0.2895,188,0.8868,35,239,239,27
28.0,14.0,2,2,12.0,0,0,250,38,212,199,0.796,11,0.2895,11,0.2895,188,0.8868,35,239,239,27
28.0,14.0,2,2,18.0,0,0,250,38,212,199,0.796,11,0.2895,11,0.2895,188,0.8868,35,239,239,27
28.0,14.0,2,2,24.0,0,0,250,38,212,199,0.796,11,0.2895,11,0.2895,188,0.8868,35,239,239,27
28.0,14.0,2,2,32.0,0,0,250,38,212,199,0.796,11,0.2895,11,0.2895,188,0.8868,35,239,239,27
28.0,16.0,2,0,48.0,0,0,250,38,212,199,0.796,11,0.2895,11,0.2895,188,0.8868,35,239,239,27
28.0,16.0,2,1,48.0,0,0,250,38,212,199,0.796,11,0.2895,11,0.2895,188,0.8868,35,239,239,27
28.0,16.0,2,2,48.0,0,0,250,38,212,199,0.796,11,0.2895,11,0.2895,188,0.8868,35,239,239,27
26.0,16.0,3,1,12.0,0,0,250,38,212,199,0.796,10,0.2632,10,0.2632,189,0.8915,33,240,240,28
26.0,16.0,3,1,18.0,0,0,250,38,212,199,0.796,10,0.2632,10,0.2632,189,0.8915,33,240,240,28
26.0,16.0,3,1,24.0,0,0,250,38,212,199,0.796,10,0.2632,10,0.2632,189,0.8915,33,240,240,28
26.0,16.0,3,1,32.0,0,0,250,38,212,199,0.796,10,0.2632,10,0.2632,189,0.8915,33,240,240,28
26.0,16.0,3,2,12.0,0,0,250,38,212,199,0.796,10,0.2632,10,0.2632,189,0.8915,33,240,240,28
26.0,16.0,3,2,18.0,0,0,250,38,212,199,0.796,10,0.2632,10,0.2632,189,0.8915,33,240,240,28
26.0,16.0,3,2,24.0,0,0,250,38,212,199,0.796,10,0.2632,10,0.2632,189,0.8915,33,240,240,28
26.0,16.0,3,2,32.0,0,0,250,38,212,199,0.796,10,0.2632,10,0.2632,189,0.8915,33,240,240,28
26.0,18.0,3,1,48.0,0,0,250,38,212,199,0.796,10,0.2632,10,0.2632,189,0.8915,33,240,240,28
26.0,18.0,3,2,48.0,0,0,250,38,212,199,0.796,10,0.2632,10,0.2632,189,0.8915,33,240,240,28
28.0,6.0,3,1,12.0,0,0,250,38,212,199,0.796,10,0.2632,10,0.2632,189,0.8915,33,240,240,28
28.0,6.0,3,1,18.0,0,0,250,38,212,199,0.796,10,0.2632,10,0.2632,189,0.8915,33,240,240,28
28.0,6.0,3,1,24.0,0,0,250,38,212,199,0.796,10,0.2632,10,0.2632,189,0.8915,33,240,240,28
28.0,6.0,3,1,32.0,0,0,250,38,212,199,0.796,10,0.2632,10,0.2632,189,0.8915,33,240,240,28
28.0,6.0,3,2,12.0,0,0,250,38,212,199,0.796,10,0.2632,10,0.2632,189,0.8915,33,240,240,28
28.0,6.0,3,2,18.0,0,0,250,38,212,199,0.796,10,0.2632,10,0.2632,189,0.8915,33,240,240,28
28.0,6.0,3,2,24.0,0,0,250,38,212,199,0.796,10,0.2632,10,0.2632,189,0.8915,33,240,240,28
28.0,6.0,3,2,32.0,0,0,250,38,212,199,0.796,10,0.2632,10,0.2632,189,0.8915,33,240,240,28
28.0,8.0,3,1,12.0,0,0,250,38,212,199,0.796,10,0.2632,10,0.2632,189,0.8915,33,240,240,28
28.0,8.0,3,1,18.0,0,0,250,38,212,199,0.796,10,0.2632,10,0.2632,189,0.8915,33,240,240,28
28.0,8.0,3,1,24.0,0,0,250,38,212,199,0.796,10,0.2632,10,0.2632,189,0.8915,33,240,240,28
28.0,8.0,3,1,32.0,0,0,250,38,212,199,0.796,10,0.2632,10,0.2632,189,0.8915,33,240,240,28
28.0,8.0,3,2,12.0,0,0,250,38,212,199,0.796,10,0.2632,10,0.2632,189,0.8915,33,240,240,28
28.0,8.0,3,2,18.0,0,0,250,38,212,199,0.796,10,0.2632,10,0.2632,189,0.8915,33,240,240,28
28.0,8.0,3,2,24.0,0,0,250,38,212,199,0.796,10,0.2632,10,0.2632,189,0.8915,33,240,240,28
28.0,8.0,3,2,32.0,0,0,250,38,212,199,0.796,10,0.2632,10,0.2632,189,0.8915,33,240,240,28
28.0,10.0,3,1,12.0,0,0,250,38,212,199,0.796,10,0.2632,10,0.2632,189,0.8915,33,240,240,28
28.0,10.0,3,1,18.0,0,0,250,38,212,199,0.796,10,0.2632,10,0.2632,189,0.8915,33,240,240,28
28.0,10.0,3,1,24.0,0,0,250,38,212,199,0.796,10,0.2632,10,0.2632,189,0.8915,33,240,240,28
28.0,10.0,3,1,32.0,0,0,250,38,212,199,0.796,10,0.2632,10,0.2632,189,0.8915,33,240,240,28
28.0,10.0,3,2,12.0,0,0,250,38,212,199,0.796,10,0.2632,10,0.2632,189,0.8915,33,240,240,28
28.0,10.0,3,2,18.0,0,0,250,38,212,199,0.796,10,0.2632,10,0.2632,189,0.8915,33,240,240,28
28.0,10.0,3,2,24.0,0,0,250,38,212,199,0.796,10,0.2632,10,0.2632,189,0.8915,33,240,240,28
28.0,10.0,3,2,32.0,0,0,250,38,212,199,0.796,10,0.2632,10,0.2632,189,0.8915,33,240,240,28
28.0,12.0,3,1,12.0,0,0,250,38,212,199,0.796,10,0.2632,10,0.2632,189,0.8915,33,240,240,28
28.0,12.0,3,1,18.0,0,0,250,38,212,199,0.796,10,0.2632,10,0.2632,189,0.8915,33,240,240,28
28.0,12.0,3,1,24.0,0,0,250,38,212,199,0.796,10,0.2632,10,0.2632,189,0.8915,33,240,240,28
28.0,12.0,3,1,32.0,0,0,250,38,212,199,0.796,10,0.2632,10,0.2632,189,0.8915,33,240,240,28
28.0,12.0,3,2,12.0,0,0,250,38,212,199,0.796,10,0.2632,10,0.2632,189,0.8915,33,240,240,28
28.0,12.0,3,2,18.0,0,0,250,38,212,199,0.796,10,0.2632,10,0.2632,189,0.8915,33,240,240,28
28.0,12.0,3,2,24.0,0,0,250,38,212,199,0.796,10,0.2632,10,0.2632,189,0.8915,33,240,240,28
28.0,12.0,3,2,32.0,0,0,250,38,212,199,0.796,10,0.2632,10,0.2632,189,0.8915,33,240,240,28
28.0,14.0,3,0,48.0,0,0,250,38,212,199,0.796,10,0.2632,10,0.2632,189,0.8915,33,240,240,28
28.0,14.0,3,1,48.0,0,0,250,38,212,199,0.796,10,0.2632,10,0.2632,189,0.8915,33,240,240,28
28.0,14.0,3,2,48.0,0,0,250,38,212,199,0.796,10,0.2632,10,0.2632,189,0.8915,33,240,240,28
26.0,16.0,1,0,12.0,0,0,250,38,212,198,0.792,19,0.5,19,0.5,179,0.8443,52,236,228,16
26.0,16.0,1,0,18.0,0,0,250,38,212,198,0.792,19,0.5,19,0.5,179,0.8443,52,236,228,16
26.0,16.0,1,0,24.0,0,0,250,38,212,198,0.792,19,0.5,19,0.5,179,0.8443,52,236,228,16
26.0,16.0,1,0,32.0,0,0,250,38,212,198,0.792,19,0.5,19,0.5,179,0.8443,52,236,228,16
26.0,18.0,1,0,48.0,0,0,250,38,212,198,0.792,19,0.5,19,0.5,179,0.8443,52,236,228,16
22.0,22.0,2,0,32.0,0,0,250,38,212,198,0.792,18,0.4737,18,0.4737,180,0.8491,52,236,229,17
22.0,22.0,2,0,48.0,0,0,250,38,212,198,0.792,18,0.4737,18,0.4737,180,0.8491,52,236,229,17
22.0,16.0,2,0,12.0,0,0,250,38,212,198,0.792,18,0.4737,18,0.4737,180,0.8491,53,236,229,17
22.0,16.0,2,0,18.0,0,0,250,38,212,198,0.792,18,0.4737,18,0.4737,180,0.8491,53,236,229,17
22.0,16.0,2,0,24.0,0,0,250,38,212,198,0.792,18,0.4737,18,0.4737,180,0.8491,53,236,229,17
22.0,18.0,2,0,12.0,0,0,250,38,212,198,0.792,18,0.4737,18,0.4737,180,0.8491,53,236,229,17
22.0,18.0,2,0,18.0,0,0,250,38,212,198,0.792,18,0.4737,18,0.4737,180,0.8491,53,236,229,17
22.0,18.0,2,0,24.0,0,0,250,38,212,198,0.792,18,0.4737,18,0.4737,180,0.8491,53,236,229,17
22.0,20.0,2,2,12.0,0,0,250,38,212,198,0.792,17,0.4474,17,0.4474,181,0.8538,50,231,231,19
22.0,20.0,3,2,18.0,0,0,250,38,212,198,0.792,16,0.4211,16,0.4211,182,0.8585,49,232,232,20
22.0,20.0,3,2,24.0,0,0,250,38,212,198,0.792,16,0.4211,16,0.4211,182,0.8585,49,232,232,20
30.0,14.0,1,1,12.0,0,0,250,38,212,198,0.792,14,0.3684,14,0.3684,184,0.8679,42,236,236,24
30.0,14.0,1,1,18.0,0,0,250,38,212,198,0.792,14,0.3684,14,0.3684,184,0.8679,42,236,236,24
30.0,14.0,1,1,24.0,0,0,250,38,212,198,0.792,14,0.3684,14,0.3684,184,0.8679,42,236,236,24
30.0,14.0,1,1,32.0,0,0,250,38,212,198,0.792,14,0.3684,14,0.3684,184,0.8679,42,236,236,24
30.0,14.0,1,2,12.0,0,0,250,38,212,198,0.792,14,0.3684,14,0.3684,184,0.8679,42,236,236,24
30.0,14.0,1,2,18.0,0,0,250,38,212,198,0.792,14,0.3684,14,0.3684,184,0.8679,42,236,236,24
30.0,14.0,1,2,24.0,0,0,250,38,212,198,0.792,14,0.3684,14,0.3684,184,0.8679,42,236,236,24
30.0,14.0,1,2,32.0,0,0,250,38,212,198,0.792,14,0.3684,14,0.3684,184,0.8679,42,236,236,24
30.0,16.0,1,0,48.0,0,0,250,38,212,198,0.792,14,0.3684,14,0.3684,184,0.8679,42,236,236,24
30.0,16.0,1,1,48.0,0,0,250,38,212,198,0.792,14,0.3684,14,0.3684,184,0.8679,42,236,236,24
30.0,16.0,1,2,48.0,0,0,250,38,212,198,0.792,14,0.3684,14,0.3684,184,0.8679,42,236,236,24
24.0,20.0,3,2,48.0,0,0,250,38,212,198,0.792,12,0.3158,12,0.3158,186,0.8774,38,238,238,26
26.0,16.0,2,1,12.0,0,0,250,38,212,198,0.792,11,0.2895,11,0.2895,187,0.8821,36,239,239,27
26.0,16.0,2,1,18.0,0,0,250,38,212,198,0.792,11,0.2895,11,0.2895,187,0.8821,36,239,239,27
26.0,16.0,2,1,24.0,0,0,250,38,212,198,0.792,11,0.2895,11,0.2895,187,0.8821,36,239,239,27
26.0,16.0,2,1,32.0,0,0,250,38,212,198,0.792,11,0.2895,11,0.2895,187,0.8821,36,239,239,27
26.0,16.0,2,2,12.0,0,0,250,38,212,198,0.792,11,0.2895,11,0.2895,187,0.8821,36,239,239,27
26.0,16.0,2,2,18.0,0,0,250,38,212,198,0.792,11,0.2895,11,0.2895,187,0.8821,36,239,239,27
26.0,16.0,2,2,24.0,0,0,250,38,212,198,0.792,11,0.2895,11,0.2895,187,0.8821,36,239,239,27
26.0,16.0,2,2,32.0,0,0,250,38,212,198,0.792,11,0.2895,11,0.2895,187,0.8821,36,239,239,27
26.0,18.0,2,1,48.0,0,0,250,38,212,198,0.792,11,0.2895,11,0.2895,187,0.8821,36,239,239,27
26.0,18.0,2,2,48.0,0,0,250,38,212,198,0.792,11,0.2895,11,0.2895,187,0.8821,36,239,239,27
28.0,6.0,2,1,12.0,0,0,250,38,212,198,0.792,11,0.2895,11,0.2895,187,0.8821,36,239,239,27
28.0,6.0,2,1,18.0,0,0,250,38,212,198,0.792,11,0.2895,11,0.2895,187,0.8821,36,239,239,27
28.0,6.0,2,1,24.0,0,0,250,38,212,198,0.792,11,0.2895,11,0.2895,187,0.8821,36,239,239,27
28.0,6.0,2,1,32.0,0,0,250,38,212,198,0.792,11,0.2895,11,0.2895,187,0.8821,36,239,239,27
28.0,6.0,2,2,12.0,0,0,250,38,212,198,0.792,11,0.2895,11,0.2895,187,0.8821,36,239,239,27
28.0,6.0,2,2,18.0,0,0,250,38,212,198,0.792,11,0.2895,11,0.2895,187,0.8821,36,239,239,27
28.0,6.0,2,2,24.0,0,0,250,38,212,198,0.792,11,0.2895,11,0.2895,187,0.8821,36,239,239,27
28.0,6.0,2,2,32.0,0,0,250,38,212,198,0.792,11,0.2895,11,0.2895,187,0.8821,36,239,239,27
28.0,8.0,2,1,12.0,0,0,250,38,212,198,0.792,11,0.2895,11,0.2895,187,0.8821,36,239,239,27
28.0,8.0,2,1,18.0,0,0,250,38,212,198,0.792,11,0.2895,11,0.2895,187,0.8821,36,239,239,27
28.0,8.0,2,1,24.0,0,0,250,38,212,198,0.792,11,0.2895,11,0.2895,187,0.8821,36,239,239,27
28.0,8.0,2,1,32.0,0,0,250,38,212,198,0.792,11,0.2895,11,0.2895,187,0.8821,36,239,239,27
28.0,8.0,2,2,12.0,0,0,250,38,212,198,0.792,11,0.2895,11,0.2895,187,0.8821,36,239,239,27
28.0,8.0,2,2,18.0,0,0,250,38,212,198,0.792,11,0.2895,11,0.2895,187,0.8821,36,239,239,27
28.0,8.0,2,2,24.0,0,0,250,38,212,198,0.792,11,0.2895,11,0.2895,187,0.8821,36,239,239,27
28.0,8.0,2,2,32.0,0,0,250,38,212,198,0.792,11,0.2895,11,0.2895,187,0.8821,36,239,239,27
28.0,10.0,2,1,12.0,0,0,250,38,212,198,0.792,11,0.2895,11,0.2895,187,0.8821,36,239,239,27
28.0,10.0,2,1,18.0,0,0,250,38,212,198,0.792,11,0.2895,11,0.2895,187,0.8821,36,239,239,27
28.0,10.0,2,1,24.0,0,0,250,38,212,198,0.792,11,0.2895,11,0.2895,187,0.8821,36,239,239,27
28.0,10.0,2,1,32.0,0,0,250,38,212,198,0.792,11,0.2895,11,0.2895,187,0.8821,36,239,239,27
28.0,10.0,2,2,12.0,0,0,250,38,212,198,0.792,11,0.2895,11,0.2895,187,0.8821,36,239,239,27
28.0,10.0,2,2,18.0,0,0,250,38,212,198,0.792,11,0.2895,11,0.2895,187,0.8821,36,239,239,27
28.0,10.0,2,2,24.0,0,0,250,38,212,198,0.792,11,0.2895,11,0.2895,187,0.8821,36,239,239,27
28.0,10.0,2,2,32.0,0,0,250,38,212,198,0.792,11,0.2895,11,0.2895,187,0.8821,36,239,239,27
28.0,12.0,2,1,12.0,0,0,250,38,212,198,0.792,11,0.2895,11,0.2895,187,0.8821,36,239,239,27
28.0,12.0,2,1,18.0,0,0,250,38,212,198,0.792,11,0.2895,11,0.2895,187,0.8821,36,239,239,27
28.0,12.0,2,1,24.0,0,0,250,38,212,198,0.792,11,0.2895,11,0.2895,187,0.8821,36,239,239,27
28.0,12.0,2,1,32.0,0,0,250,38,212,198,0.792,11,0.2895,11,0.2895,187,0.8821,36,239,239,27
28.0,12.0,2,2,12.0,0,0,250,38,212,198,0.792,11,0.2895,11,0.2895,187,0.8821,36,239,239,27
28.0,12.0,2,2,18.0,0,0,250,38,212,198,0.792,11,0.2895,11,0.2895,187,0.8821,36,239,239,27
28.0,12.0,2,2,24.0,0,0,250,38,212,198,0.792,11,0.2895,11,0.2895,187,0.8821,36,239,239,27
28.0,12.0,2,2,32.0,0,0,250,38,212,198,0.792,11,0.2895,11,0.2895,187,0.8821,36,239,239,27
28.0,14.0,2,0,48.0,0,0,250,38,212,198,0.792,11,0.2895,11,0.2895,187,0.8821,36,239,239,27
28.0,14.0,2,1,48.0,0,0,250,38,212,198,0.792,11,0.2895,11,0.2895,187,0.8821,36,239,239,27
28.0,14.0,2,2,48.0,0,0,250,38,212,198,0.792,11,0.2895,11,0.2895,187,0.8821,36,239,239,27
24.0,22.0,2,2,12.0,0,0,250,38,212,198,0.792,11,0.2895,11,0.2895,187,0.8821,38,239,239,27
26.0,14.0,3,1,12.0,0,0,250,38,212,198,0.792,10,0.2632,10,0.2632,188,0.8868,34,240,240,28
26.0,14.0,3,1,18.0,0,0,250,38,212,198,0.792,10,0.2632,10,0.2632,188,0.8868,34,240,240,28
26.0,14.0,3,1,24.0,0,0,250,38,212,198,0.792,10,0.2632,10,0.2632,188,0.8868,34,240,240,28
26.0,14.0,3,1,32.0,0,0,250,38,212,198,0.792,10,0.2632,10,0.2632,188,0.8868,34,240,240,28
26.0,14.0,3,2,12.0,0,0,250,38,212,198,0.792,10,0.2632,10,0.2632,188,0.8868,34,240,240,28
26.0,14.0,3,2,18.0,0,0,250,38,212,198,0.792,10,0.2632,10,0.2632,188,0.8868,34,240,240,28
26.0,14.0,3,2,24.0,0,0,250,38,212,198,0.792,10,0.2632,10,0.2632,188,0.8868,34,240,240,28
26.0,14.0,3,2,32.0,0,0,250,38,212,198,0.792,10,0.2632,10,0.2632,188,0.8868,34,240,240,28
26.0,16.0,3,0,48.0,0,0,250,38,212,198,0.792,10,0.2632,10,0.2632,188,0.8868,34,240,240,28
26.0,16.0,3,1,48.0,0,0,250,38,212,198,0.792,10,0.2632,10,0.2632,188,0.8868,34,240,240,28
26.0,16.0,3,2,48.0,0,0,250,38,212,198,0.792,10,0.2632,10,0.2632,188,0.8868,34,240,240,28
28.0,6.0,3,0,48.0,0,0,250,38,212,198,0.792,10,0.2632,10,0.2632,188,0.8868,34,240,240,28
28.0,6.0,3,1,48.0,0,0,250,38,212,198,0.792,10,0.2632,10,0.2632,188,0.8868,34,240,240,28
28.0,6.0,3,2,48.0,0,0,250,38,212,198,0.792,10,0.2632,10,0.2632,188,0.8868,34,240,240,28
28.0,8.0,3,0,48.0,0,0,250,38,212,198,0.792,10,0.2632,10,0.2632,188,0.8868,34,240,240,28
28.0,8.0,3,1,48.0,0,0,250,38,212,198,0.792,10,0.2632,10,0.2632,188,0.8868,34,240,240,28
28.0,8.0,3,2,48.0,0,0,250,38,212,198,0.792,10,0.2632,10,0.2632,188,0.8868,34,240,240,28
28.0,10.0,3,0,48.0,0,0,250,38,212,198,0.792,10,0.2632,10,0.2632,188,0.8868,34,240,240,28
28.0,10.0,3,1,48.0,0,0,250,38,212,198,0.792,10,0.2632,10,0.2632,188,0.8868,34,240,240,28
28.0,10.0,3,2,48.0,0,0,250,38,212,198,0.792,10,0.2632,10,0.2632,188,0.8868,34,240,240,28
28.0,12.0,3,0,48.0,0,0,250,38,212,198,0.792,10,0.2632,10,0.2632,188,0.8868,34,240,240,28
28.0,12.0,3,1,48.0,0,0,250,38,212,198,0.792,10,0.2632,10,0.2632,188,0.8868,34,240,240,28
28.0,12.0,3,2,48.0,0,0,250,38,212,198,0.792,10,0.2632,10,0.2632,188,0.8868,34,240,240,28
26.0,14.0,1,0,12.0,0,0,250,38,212,197,0.788,19,0.5,19,0.5,178,0.8396,53,236,228,16
26.0,14.0,1,0,18.0,0,0,250,38,212,197,0.788,19,0.5,19,0.5,178,0.8396,53,236,228,16
26.0,14.0,1,0,24.0,0,0,250,38,212,197,0.788,19,0.5,19,0.5,178,0.8396,53,236,228,16
26.0,14.0,1,0,32.0,0,0,250,38,212,197,0.788,19,0.5,19,0.5,178,0.8396,53,236,228,16
22.0,6.0,2,0,12.0,0,0,250,38,212,197,0.788,18,0.4737,18,0.4737,179,0.8443,54,236,229,17
22.0,6.0,2,0,18.0,0,0,250,38,212,197,0.788,18,0.4737,18,0.4737,179,0.8443,54,236,229,17
22.0,6.0,2,0,24.0,0,0,250,38,212,197,0.788,18,0.4737,18,0.4737,179,0.8443,54,236,229,17
22.0,8.0,2,0,12.0,0,0,250,38,212,197,0.788,18,0.4737,18,0.4737,179,0.8443,54,236,229,17
22.0,8.0,2,0,18.0,0,0,250,38,212,197,0.788,18,0.4737,18,0.4737,179,0.8443,54,236,229,17
22.0,8.0,2,0,24.0,0,0,250,38,212,197,0.788,18,0.4737,18,0.4737,179,0.8443,54,236,229,17
22.0,10.0,2,0,12.0,0,0,250,38,212,197,0.788,18,0.4737,18,0.4737,179,0.8443,54,236,229,17
22.0,10.0,2,0,18.0,0,0,250,38,212,197,0.788,18,0.4737,18,0.4737,179,0.8443,54,236,229,17
22.0,10.0,2,0,24.0,0,0,250,38,212,197,0.788,18,0.4737,18,0.4737,179,0.8443,54,236,229,17
22.0,12.0,2,0,12.0,0,0,250,38,212,197,0.788,18,0.4737,18,0.4737,179,0.8443,54,236,229,17
22.0,12.0,2,0,18.0,0,0,250,38,212,197,0.788,18,0.4737,18,0.4737,179,0.8443,54,236,229,17
22.0,12.0,2,0,24.0,0,0,250,38,212,197,0.788,18,0.4737,18,0.4737,179,0.8443,54,236,229,17
22.0,14.0,2,0,12.0,0,0,250,38,212,197,0.788,18,0.4737,18,0.4737,179,0.8443,54,236,229,17
22.0,14.0,2,0,18.0,0,0,250,38,212,197,0.788,18,0.4737,18,0.4737,179,0.8443,54,236,229,17
22.0,14.0,2,0,24.0,0,0,250,38,212,197,0.788,18,0.4737,18,0.4737,179,0.8443,54,236,229,17
22.0,22.0,2,1,32.0,0,0,250,38,212,197,0.788,17,0.4474,17,0.4474,180,0.8491,51,236,230,18
22.0,22.0,2,1,48.0,0,0,250,38,212,197,0.788,17,0.4474,17,0.4474,180,0.8491,51,236,230,18
22.0,22.0,2,2,18.0,0,0,250,38,212,197,0.788,17,0.4474,17,0.4474,180,0.8491,51,231,231,19
22.0,22.0,2,2,24.0,0,0,250,38,212,197,0.788,17,0.4474,17,0.4474,180,0.8491,51,231,231,19
22.0,20.0,2,1,12.0,0,0,250,38,212,197,0.788,17,0.4474,17,0.4474,180,0.8491,53,236,230,18
22.0,20.0,2,1,18.0,0,0,250,38,212,197,0.788,17,0.4474,17,0.4474,180,0.8491,53,236,230,18
22.0,20.0,2,1,24.0,0,0,250,38,212,197,0.788,17,0.4474,17,0.4474,180,0.8491,53,236,230,18
30.0,6.0,1,1,12.0,0,0,250,38,212,197,0.788,14,0.3684,14,0.3684,183,0.8632,43,236,236,24
30.0,6.0,1,1,18.0,0,0,250,38,212,197,0.788,14,0.3684,14,0.3684,183,0.8632,43,236,236,24
30.0,6.0,1,1,24.0,0,0,250,38,212,197,0.788,14,0.3684,14,0.3684,183,0.8632,43,236,236,24
30.0,6.0,1,1,32.0,0,0,250,38,212,197,0.788,14,0.3684,14,0.3684,183,0.8632,43,236,236,24
30.0,6.0,1,2,12.0,0,0,250,38,212,197,0.788,14,0.3684,14,0.3684,183,0.8632,43,236,236,24
30.0,6.0,1,2,18.0,0,0,250,38,212,197,0.788,14,0.3684,14,0.3684,183,0.8632,43,236,236,24
30.0,6.0,1,2,24.0,0,0,250,38,212,197,0.788,14,0.3684,14,0.3684,183,0.8632,43,236,236,24
30.0,6.0,1,2,32.0,0,0,250,38,212,197,0.788,14,0.3684,14,0.3684,183,0.8632,43,236,236,24
30.0,8.0,1,1,12.0,0,0,250,38,212,197,0.788,14,0.3684,14,0.3684,183,0.8632,43,236,236,24
30.0,8.0,1,1,18.0,0,0,250,38,212,197,0.788,14,0.3684,14,0.3684,183,0.8632,43,236,236,24
30.0,8.0,1,1,24.0,0,0,250,38,212,197,0.788,14,0.3684,14,0.3684,183,0.8632,43,236,236,24
30.0,8.0,1,1,32.0,0,0,250,38,212,197,0.788,14,0.3684,14,0.3684,183,0.8632,43,236,236,24
30.0,8.0,1,2,12.0,0,0,250,38,212,197,0.788,14,0.3684,14,0.3684,183,0.8632,43,236,236,24
30.0,8.0,1,2,18.0,0,0,250,38,212,197,0.788,14,0.3684,14,0.3684,183,0.8632,43,236,236,24
30.0,8.0,1,2,24.0,0,0,250,38,212,197,0.788,14,0.3684,14,0.3684,183,0.8632,43,236,236,24
30.0,8.0,1,2,32.0,0,0,250,38,212,197,0.788,14,0.3684,14,0.3684,183,0.8632,43,236,236,24
30.0,10.0,1,1,12.0,0,0,250,38,212,197,0.788,14,0.3684,14,0.3684,183,0.8632,43,236,236,24
30.0,10.0,1,1,18.0,0,0,250,38,212,197,0.788,14,0.3684,14,0.3684,183,0.8632,43,236,236,24
30.0,10.0,1,1,24.0,0,0,250,38,212,197,0.788,14,0.3684,14,0.3684,183,0.8632,43,236,236,24
30.0,10.0,1,1,32.0,0,0,250,38,212,197,0.788,14,0.3684,14,0.3684,183,0.8632,43,236,236,24
30.0,10.0,1,2,12.0,0,0,250,38,212,197,0.788,14,0.3684,14,0.3684,183,0.8632,43,236,236,24
30.0,10.0,1,2,18.0,0,0,250,38,212,197,0.788,14,0.3684,14,0.3684,183,0.8632,43,236,236,24
30.0,10.0,1,2,24.0,0,0,250,38,212,197,0.788,14,0.3684,14,0.3684,183,0.8632,43,236,236,24
30.0,10.0,1,2,32.0,0,0,250,38,212,197,0.788,14,0.3684,14,0.3684,183,0.8632,43,236,236,24
30.0,12.0,1,1,12.0,0,0,250,38,212,197,0.788,14,0.3684,14,0.3684,183,0.8632,43,236,236,24
30.0,12.0,1,1,18.0,0,0,250,38,212,197,0.788,14,0.3684,14,0.3684,183,0.8632,43,236,236,24
30.0,12.0,1,1,24.0,0,0,250,38,212,197,0.788,14,0.3684,14,0.3684,183,0.8632,43,236,236,24
30.0,12.0,1,1,32.0,0,0,250,38,212,197,0.788,14,0.3684,14,0.3684,183,0.8632,43,236,236,24
30.0,12.0,1,2,12.0,0,0,250,38,212,197,0.788,14,0.3684,14,0.3684,183,0.8632,43,236,236,24
30.0,12.0,1,2,18.0,0,0,250,38,212,197,0.788,14,0.3684,14,0.3684,183,0.8632,43,236,236,24
30.0,12.0,1,2,24.0,0,0,250,38,212,197,0.788,14,0.3684,14,0.3684,183,0.8632,43,236,236,24
30.0,12.0,1,2,32.0,0,0,250,38,212,197,0.788,14,0.3684,14,0.3684,183,0.8632,43,236,236,24
30.0,14.0,1,0,48.0,0,0,250,38,212,197,0.788,14,0.3684,14,0.3684,183,0.8632,43,236,236,24
30.0,14.0,1,1,48.0,0,0,250,38,212,197,0.788,14,0.3684,14,0.3684,183,0.8632,43,236,236,24
30.0,14.0,1,2,48.0,0,0,250,38,212,197,0.788,14,0.3684,14,0.3684,183,0.8632,43,236,236,24
26.0,14.0,2,1,12.0,0,0,250,38,212,197,0.788,11,0.2895,11,0.2895,186,0.8774,37,239,239,27
26.0,14.0,2,1,18.0,0,0,250,38,212,197,0.788,11,0.2895,11,0.2895,186,0.8774,37,239,239,27
26.0,14.0,2,1,24.0,0,0,250,38,212,197,0.788,11,0.2895,11,0.2895,186,0.8774,37,239,239,27
26.0,14.0,2,1,32.0,0,0,250,38,212,197,0.788,11,0.2895,11,0.2895,186,0.8774,37,239,239,27
26.0,14.0,2,2,12.0,0,0,250,38,212,197,0.788,11,0.2895,11,0.2895,186,0.8774,37,239,239,27
26.0,14.0,2,2,18.0,0,0,250,38,212,197,0.788,11,0.2895,11,0.2895,186,0.8774,37,239,239,27
26.0,14.0,2,2,24.0,0,0,250,38,212,197,0.788,11,0.2895,11,0.2895,186,0.8774,37,239,239,27
26.0,14.0,2,2,32.0,0,0,250,38,212,197,0.788,11,0.2895,11,0.2895,186,0.8774,37,239,239,27
26.0,16.0,2,0,48.0,0,0,250,38,212,197,0.788,11,0.2895,11,0.2895,186,0.8774,37,239,239,27
26.0,16.0,2,1,48.0,0,0,250,38,212,197,0.788,11,0.2895,11,0.2895,186,0.8774,37,239,239,27
26.0,16.0,2,2,48.0,0,0,250,38,212,197,0.788,11,0.2895,11,0.2895,186,0.8774,37,239,239,27
28.0,6.0,2,0,48.0,0,0,250,38,212,197,0.788,11,0.2895,11,0.2895,186,0.8774,37,239,239,27
28.0,6.0,2,1,48.0,0,0,250,38,212,197,0.788,11,0.2895,11,0.2895,186,0.8774,37,239,239,27
28.0,6.0,2,2,48.0,0,0,250,38,212,197,0.788,11,0.2895,11,0.2895,186,0.8774,37,239,239,27
28.0,8.0,2,0,48.0,0,0,250,38,212,197,0.788,11,0.2895,11,0.2895,186,0.8774,37,239,239,27
28.0,8.0,2,1,48.0,0,0,250,38,212,197,0.788,11,0.2895,11,0.2895,186,0.8774,37,239,239,27
28.0,8.0,2,2,48.0,0,0,250,38,212,197,0.788,11,0.2895,11,0.2895,186,0.8774,37,239,239,27
28.0,10.0,2,0,48.0,0,0,250,38,212,197,0.788,11,0.2895,11,0.2895,186,0.8774,37,239,239,27
28.0,10.0,2,1,48.0,0,0,250,38,212,197,0.788,11,0.2895,11,0.2895,186,0.8774,37,239,239,27
28.0,10.0,2,2,48.0,0,0,250,38,212,197,0.788,11,0.2895,11,0.2895,186,0.8774,37,239,239,27
28.0,12.0,2,0,48.0,0,0,250,38,212,197,0.788,11,0.2895,11,0.2895,186,0.8774,37,239,239,27
28.0,12.0,2,1,48.0,0,0,250,38,212,197,0.788,11,0.2895,11,0.2895,186,0.8774,37,239,239,27
28.0,12.0,2,2,48.0,0,0,250,38,212,197,0.788,11,0.2895,11,0.2895,186,0.8774,37,239,239,27
26.0,6.0,3,1,12.0,0,0,250,38,212,197,0.788,10,0.2632,10,0.2632,187,0.8821,35,240,240,28
26.0,6.0,3,1,18.0,0,0,250,38,212,197,0.788,10,0.2632,10,0.2632,187,0.8821,35,240,240,28
26.0,6.0,3,1,24.0,0,0,250,38,212,197,0.788,10,0.2632,10,0.2632,187,0.8821,35,240,240,28
26.0,6.0,3,1,32.0,0,0,250,38,212,197,0.788,10,0.2632,10,0.2632,187,0.8821,35,240,240,28
26.0,6.0,3,2,12.0,0,0,250,38,212,197,0.788,10,0.2632,10,0.2632,187,0.8821,35,240,240,28
26.0,6.0,3,2,18.0,0,0,250,38,212,197,0.788,10,0.2632,10,0.2632,187,0.8821,35,240,240,28
26.0,6.0,3,2,24.0,0,0,250,38,212,197,0.788,10,0.2632,10,0.2632,187,0.8821,35,240,240,28
26.0,6.0,3,2,32.0,0,0,250,38,212,197,0.788,10,0.2632,10,0.2632,187,0.8821,35,240,240,28
26.0,8.0,3,1,12.0,0,0,250,38,212,197,0.788,10,0.2632,10,0.2632,187,0.8821,35,240,240,28
26.0,8.0,3,1,18.0,0,0,250,38,212,197,0.788,10,0.2632,10,0.2632,187,0.8821,35,240,240,28
26.0,8.0,3,1,24.0,0,0,250,38,212,197,0.788,10,0.2632,10,0.2632,187,0.8821,35,240,240,28
26.0,8.0,3,1,32.0,0,0,250,38,212,197,0.788,10,0.2632,10,0.2632,187,0.8821,35,240,240,28
26.0,8.0,3,2,12.0,0,0,250,38,212,197,0.788,10,0.2632,10,0.2632,187,0.8821,35,240,240,28
26.0,8.0,3,2,18.0,0,0,250,38,212,197,0.788,10,0.2632,10,0.2632,187,0.8821,35,240,240,28
26.0,8.0,3,2,24.0,0,0,250,38,212,197,0.788,10,0.2632,10,0.2632,187,0.8821,35,240,240,28
26.0,8.0,3,2,32.0,0,0,250,38,212,197,0.788,10,0.2632,10,0.2632,187,0.8821,35,240,240,28
26.0,10.0,3,1,12.0,0,0,250,38,212,197,0.788,10,0.2632,10,0.2632,187,0.8821,35,240,240,28
26.0,10.0,3,1,18.0,0,0,250,38,212,197,0.788,10,0.2632,10,0.2632,187,0.8821,35,240,240,28
26.0,10.0,3,1,24.0,0,0,250,38,212,197,0.788,10,0.2632,10,0.2632,187,0.8821,35,240,240,28
26.0,10.0,3,1,32.0,0,0,250,38,212,197,0.788,10,0.2632,10,0.2632,187,0.8821,35,240,240,28
26.0,10.0,3,2,12.0,0,0,250,38,212,197,0.788,10,0.2632,10,0.2632,187,0.8821,35,240,240,28
26.0,10.0,3,2,18.0,0,0,250,38,212,197,0.788,10,0.2632,10,0.2632,187,0.8821,35,240,240,28
26.0,10.0,3,2,24.0,0,0,250,38,212,197,0.788,10,0.2632,10,0.2632,187,0.8821,35,240,240,28
26.0,10.0,3,2,32.0,0,0,250,38,212,197,0.788,10,0.2632,10,0.2632,187,0.8821,35,240,240,28
26.0,12.0,3,1,12.0,0,0,250,38,212,197,0.788,10,0.2632,10,0.2632,187,0.8821,35,240,240,28
26.0,12.0,3,1,18.0,0,0,250,38,212,197,0.788,10,0.2632,10,0.2632,187,0.8821,35,240,240,28
26.0,12.0,3,1,24.0,0,0,250,38,212,197,0.788,10,0.2632,10,0.2632,187,0.8821,35,240,240,28
26.0,12.0,3,1,32.0,0,0,250,38,212,197,0.788,10,0.2632,10,0.2632,187,0.8821,35,240,240,28
26.0,12.0,3,2,12.0,0,0,250,38,212,197,0.788,10,0.2632,10,0.2632,187,0.8821,35,240,240,28
26.0,12.0,3,2,18.0,0,0,250,38,212,197,0.788,10,0.2632,10,0.2632,187,0.8821,35,240,240,28
26.0,12.0,3,2,24.0,0,0,250,38,212,197,0.788,10,0.2632,10,0.2632,187,0.8821,35,240,240,28
26.0,12.0,3,2,32.0,0,0,250,38,212,197,0.788,10,0.2632,10,0.2632,187,0.8821,35,240,240,28
26.0,14.0,3,0,48.0,0,0,250,38,212,197,0.788,10,0.2632,10,0.2632,187,0.8821,35,240,240,28
26.0,14.0,3,1,48.0,0,0,250,38,212,197,0.788,10,0.2632,10,0.2632,187,0.8821,35,240,240,28
26.0,14.0,3,2,48.0,0,0,250,38,212,197,0.788,10,0.2632,10,0.2632,187,0.8821,35,240,240,28
32.0,18.0,1,1,12.0,0,0,250,38,212,197,0.788,9,0.2368,9,0.2368,188,0.8868,33,241,241,29
32.0,18.0,1,1,18.0,0,0,250,38,212,197,0.788,9,0.2368,9,0.2368,188,0.8868,33,241,241,29
32.0,18.0,1,1,24.0,0,0,250,38,212,197,0.788,9,0.2368,9,0.2368,188,0.8868,33,241,241,29
32.0,18.0,1,1,32.0,0,0,250,38,212,197,0.788,9,0.2368,9,0.2368,188,0.8868,33,241,241,29
32.0,18.0,1,2,12.0,0,0,250,38,212,197,0.788,9,0.2368,9,0.2368,188,0.8868,33,241,241,29
32.0,18.0,1,2,18.0,0,0,250,38,212,197,0.788,9,0.2368,9,0.2368,188,0.8868,33,241,241,29
32.0,18.0,1,2,24.0,0,0,250,38,212,197,0.788,9,0.2368,9,0.2368,188,0.8868,33,241,241,29
32.0,18.0,1,2,32.0,0,0,250,38,212,197,0.788,9,0.2368,9,0.2368,188,0.8868,33,241,241,29
26.0,6.0,1,0,12.0,0,0,250,38,212,196,0.784,19,0.5,19,0.5,177,0.8349,54,236,228,16
26.0,6.0,1,0,18.0,0,0,250,38,212,196,0.784,19,0.5,19,0.5,177,0.8349,54,236,228,16
26.0,6.0,1,0,24.0,0,0,250,38,212,196,0.784,19,0.5,19,0.5,177,0.8349,54,236,228,16
26.0,6.0,1,0,32.0,0,0,250,38,212,196,0.784,19,0.5,19,0.5,177,0.8349,54,236,228,16
26.0,8.0,1,0,12.0,0,0,250,38,212,196,0.784,19,0.5,19,0.5,177,0.8349,54,236,228,16
26.0,8.0,1,0,18.0,0,0,250,38,212,196,0.784,19,0.5,19,0.5,177,0.8349,54,236,228,16
26.0,8.0,1,0,24.0,0,0,250,38,212,196,0.784,19,0.5,19,0.5,177,0.8349,54,236,228,16
26.0,8.0,1,0,32.0,0,0,250,38,212,196,0.784,19,0.5,19,0.5,177,0.8349,54,236,228,16
26.0,10.0,1,0,12.0,0,0,250,38,212,196,0.784,19,0.5,19,0.5,177,0.8349,54,236,228,16
26.0,10.0,1,0,18.0,0,0,250,38,212,196,0.784,19,0.5,19,0.5,177,0.8349,54,236,228,16
26.0,10.0,1,0,24.0,0,0,250,38,212,196,0.784,19,0.5,19,0.5,177,0.8349,54,236,228,16
26.0,10.0,1,0,32.0,0,0,250,38,212,196,0.784,19,0.5,19,0.5,177,0.8349,54,236,228,16
26.0,12.0,1,0,12.0,0,0,250,38,212,196,0.784,19,0.5,19,0.5,177,0.8349,54,236,228,16
26.0,12.0,1,0,18.0,0,0,250,38,212,196,0.784,19,0.5,19,0.5,177,0.8349,54,236,228,16
26.0,12.0,1,0,24.0,0,0,250,38,212,196,0.784,19,0.5,19,0.5,177,0.8349,54,236,228,16
26.0,12.0,1,0,32.0,0,0,250,38,212,196,0.784,19,0.5,19,0.5,177,0.8349,54,236,228,16
28.0,18.0,1,2,12.0,0,0,250,38,212,196,0.784,17,0.4474,17,0.4474,179,0.8443,50,231,231,19
28.0,18.0,1,2,18.0,0,0,250,38,212,196,0.784,17,0.4474,17,0.4474,179,0.8443,50,231,231,19
28.0,18.0,1,2,24.0,0,0,250,38,212,196,0.784,17,0.4474,17,0.4474,179,0.8443,50,231,231,19
28.0,18.0,1,2,32.0,0,0,250,38,212,196,0.784,17,0.4474,17,0.4474,179,0.8443,50,231,231,19
22.0,20.0,2,2,18.0,0,0,250,38,212,196,0.784,17,0.4474,17,0.4474,179,0.8443,52,231,231,19
22.0,20.0,2,2,24.0,0,0,250,38,212,196,0.784,17,0.4474,17,0.4474,179,0.8443,52,231,231,19
22.0,22.0,3,2,32.0,0,0,250,38,212,196,0.784,16,0.4211,16,0.4211,180,0.8491,49,232,232,20
22.0,22.0,3,2,48.0,0,0,250,38,212,196,0.784,16,0.4211,16,0.4211,180,0.8491,49,232,232,20
22.0,20.0,3,0,32.0,0,0,250,38,212,196,0.784,16,0.4211,16,0.4211,180,0.8491,50,237,230,18
24.0,24.0,1,0,12.0,0,0,250,38,212,196,0.784,16,0.4211,16,0.4211,180,0.8491,52,236,228,16
24.0,24.0,1,0,18.0,0,0,250,38,212,196,0.784,16,0.4211,16,0.4211,180,0.8491,52,236,228,16
24.0,24.0,1,0,24.0,0,0,250,38,212,196,0.784,16,0.4211,16,0.4211,180,0.8491,52,236,228,16
24.0,24.0,1,0,32.0,0,0,250,38,212,196,0.784,16,0.4211,16,0.4211,180,0.8491,52,236,228,16
24.0,24.0,1,0,48.0,0,0,250,38,212,196,0.784,16,0.4211,16,0.4211,180,0.8491,52,236,228,16
24.0,24.0,1,2,12.0,0,0,250,38,212,196,0.784,15,0.3947,15,0.3947,181,0.8538,48,236,231,19
30.0,6.0,1,0,48.0,0,0,250,38,212,196,0.784,14,0.3684,14,0.3684,182,0.8585,44,236,236,24
30.0,6.0,1,1,48.0,0,0,250,38,212,196,0.784,14,0.3684,14,0.3684,182,0.8585,44,236,236,24
30.0,6.0,1,2,48.0,0,0,250,38,212,196,0.784,14,0.3684,14,0.3684,182,0.8585,44,236,236,24
30.0,8.0,1,0,48.0,0,0,250,38,212,196,0.784,14,0.3684,14,0.3684,182,0.8585,44,236,236,24
30.0,8.0,1,1,48.0,0,0,250,38,212,196,0.784,14,0.3684,14,0.3684,182,0.8585,44,236,236,24
30.0,8.0,1,2,48.0,0,0,250,38,212,196,0.784,14,0.3684,14,0.3684,182,0.8585,44,236,236,24
30.0,10.0,1,0,48.0,0,0,250,38,212,196,0.784,14,0.3684,14,0.3684,182,0.8585,44,236,236,24
30.0,10.0,1,1,48.0,0,0,250,38,212,196,0.784,14,0.3684,14,0.3684,182,0.8585,44,236,236,24
30.0,10.0,1,2,48.0,0,0,250,38,212,196,0.784,14,0.3684,14,0.3684,182,0.8585,44,236,236,24
30.0,12.0,1,0,48.0,0,0,250,38,212,196,0.784,14,0.3684,14,0.3684,182,0.8585,44,236,236,24
30.0,12.0,1,1,48.0,0,0,250,38,212,196,0.784,14,0.3684,14,0.3684,182,0.8585,44,236,236,24
30.0,12.0,1,2,48.0,0,0,250,38,212,196,0.784,14,0.3684,14,0.3684,182,0.8585,44,236,236,24
24.0,20.0,2,0,12.0,0,0,250,38,212,196,0.784,13,0.3421,13,0.3421,183,0.8632,44,237,237,25
24.0,20.0,2,0,18.0,0,0,250,38,212,196,0.784,13,0.3421,13,0.3421,183,0.8632,44,237,237,25
24.0,20.0,2,0,24.0,0,0,250,38,212,196,0.784,13,0.3421,13,0.3421,183,0.8632,44,237,237,25
24.0,20.0,2,0,32.0,0,0,250,38,212,196,0.784,13,0.3421,13,0.3421,183,0.8632,44,237,237,25
26.0,6.0,2,1,12.0,0,0,250,38,212,196,0.784,11,0.2895,11,0.2895,185,0.8726,38,239,239,27
26.0,6.0,2,1,18.0,0,0,250,38,212,196,0.784,11,0.2895,11,0.2895,185,0.8726,38,239,239,27
26.0,6.0,2,1,24.0,0,0,250,38,212,196,0.784,11,0.2895,11,0.2895,185,0.8726,38,239,239,27
26.0,6.0,2,1,32.0,0,0,250,38,212,196,0.784,11,0.2895,11,0.2895,185,0.8726,38,239,239,27
26.0,6.0,2,2,12.0,0,0,250,38,212,196,0.784,11,0.2895,11,0.2895,185,0.8726,38,239,239,27
26.0,6.0,2,2,18.0,0,0,250,38,212,196,0.784,11,0.2895,11,0.2895,185,0.8726,38,239,239,27
26.0,6.0,2,2,24.0,0,0,250,38,212,196,0.784,11,0.2895,11,0.2895,185,0.8726,38,239,239,27
26.0,6.0,2,2,32.0,0,0,250,38,212,196,0.784,11,0.2895,11,0.2895,185,0.8726,38,239,239,27
26.0,8.0,2,1,12.0,0,0,250,38,212,196,0.784,11,0.2895,11,0.2895,185,0.8726,38,239,239,27
26.0,8.0,2,1,18.0,0,0,250,38,212,196,0.784,11,0.2895,11,0.2895,185,0.8726,38,239,239,27
26.0,8.0,2,1,24.0,0,0,250,38,212,196,0.784,11,0.2895,11,0.2895,185,0.8726,38,239,239,27
26.0,8.0,2,1,32.0,0,0,250,38,212,196,0.784,11,0.2895,11,0.2895,185,0.8726,38,239,239,27
26.0,8.0,2,2,12.0,0,0,250,38,212,196,0.784,11,0.2895,11,0.2895,185,0.8726,38,239,239,27
26.0,8.0,2,2,18.0,0,0,250,38,212,196,0.784,11,0.2895,11,0.2895,185,0.8726,38,239,239,27
26.0,8.0,2,2,24.0,0,0,250,38,212,196,0.784,11,0.2895,11,0.2895,185,0.8726,38,239,239,27
26.0,8.0,2,2,32.0,0,0,250,38,212,196,0.784,11,0.2895,11,0.2895,185,0.8726,38,239,239,27
26.0,10.0,2,1,12.0,0,0,250,38,212,196,0.784,11,0.2895,11,0.2895,185,0.8726,38,239,239,27
26.0,10.0,2,1,18.0,0,0,250,38,212,196,0.784,11,0.2895,11,0.2895,185,0.8726,38,239,239,27
26.0,10.0,2,1,24.0,0,0,250,38,212,196,0.784,11,0.2895,11,0.2895,185,0.8726,38,239,239,27
26.0,10.0,2,1,32.0,0,0,250,38,212,196,0.784,11,0.2895,11,0.2895,185,0.8726,38,239,239,27
26.0,10.0,2,2,12.0,0,0,250,38,212,196,0.784,11,0.2895,11,0.2895,185,0.8726,38,239,239,27
26.0,10.0,2,2,18.0,0,0,250,38,212,196,0.784,11,0.2895,11,0.2895,185,0.8726,38,239,239,27
26.0,10.0,2,2,24.0,0,0,250,38,212,196,0.784,11,0.2895,11,0.2895,185,0.8726,38,239,239,27
26.0,10.0,2,2,32.0,0,0,250,38,212,196,0.784,11,0.2895,11,0.2895,185,0.8726,38,239,239,27
26.0,12.0,2,1,12.0,0,0,250,38,212,196,0.784,11,0.2895,11,0.2895,185,0.8726,38,239,239,27
26.0,12.0,2,1,18.0,0,0,250,38,212,196,0.784,11,0.2895,11,0.2895,185,0.8726,38,239,239,27
26.0,12.0,2,1,24.0,0,0,250,38,212,196,0.784,11,0.2895,11,0.2895,185,0.8726,38,239,239,27
26.0,12.0,2,1,32.0,0,0,250,38,212,196,0.784,11,0.2895,11,0.2895,185,0.8726,38,239,239,27
26.0,12.0,2,2,12.0,0,0,250,38,212,196,0.784,11,0.2895,11,0.2895,185,0.8726,38,239,239,27
26.0,12.0,2,2,18.0,0,0,250,38,212,196,0.784,11,0.2895,11,0.2895,185,0.8726,38,239,239,27
26.0,12.0,2,2,24.0,0,0,250,38,212,196,0.784,11,0.2895,11,0.2895,185,0.8726,38,239,239,27
26.0,12.0,2,2,32.0,0,0,250,38,212,196,0.784,11,0.2895,11,0.2895,185,0.8726,38,239,239,27
26.0,14.0,2,0,48.0,0,0,250,38,212,196,0.784,11,0.2895,11,0.2895,185,0.8726,38,239,239,27
26.0,14.0,2,1,48.0,0,0,250,38,212,196,0.784,11,0.2895,11,0.2895,185,0.8726,38,239,239,27
26.0,14.0,2,2,48.0,0,0,250,38,212,196,0.784,11,0.2895,11,0.2895,185,0.8726,38,239,239,27
26.0,6.0,3,0,48.0,0,0,250,38,212,196,0.784,10,0.2632,10,0.2632,186,0.8774,36,240,240,28
26.0,6.0,3,1,48.0,0,0,250,38,212,196,0.784,10,0.2632,10,0.2632,186,0.8774,36,240,240,28
26.0,6.0,3,2,48.0,0,0,250,38,212,196,0.784,10,0.2632,10,0.2632,186,0.8774,36,240,240,28
26.0,8.0,3,0,48.0,0,0,250,38,212,196,0.784,10,0.2632,10,0.2632,186,0.8774,36,240,240,28
26.0,8.0,3,1,48.0,0,0,250,38,212,196,0.784,10,0.2632,10,0.2632,186,0.8774,36,240,240,28
26.0,8.0,3,2,48.0,0,0,250,38,212,196,0.784,10,0.2632,10,0.2632,186,0.8774,36,240,240,28
26.0,10.0,3,0,48.0,0,0,250,38,212,196,0.784,10,0.2632,10,0.2632,186,0.8774,36,240,240,28
26.0,10.0,3,1,48.0,0,0,250,38,212,196,0.784,10,0.2632,10,0.2632,186,0.8774,36,240,240,28
26.0,10.0,3,2,48.0,0,0,250,38,212,196,0.784,10,0.2632,10,0.2632,186,0.8774,36,240,240,28
26.0,12.0,3,0,48.0,0,0,250,38,212,196,0.784,10,0.2632,10,0.2632,186,0.8774,36,240,240,28
26.0,12.0,3,1,48.0,0,0,250,38,212,196,0.784,10,0.2632,10,0.2632,186,0.8774,36,240,240,28
26.0,12.0,3,2,48.0,0,0,250,38,212,196,0.784,10,0.2632,10,0.2632,186,0.8774,36,240,240,28
32.0,16.0,1,1,12.0,0,0,250,38,212,196,0.784,9,0.2368,9,0.2368,187,0.8821,34,241,241,29
32.0,16.0,1,1,18.0,0,0,250,38,212,196,0.784,9,0.2368,9,0.2368,187,0.8821,34,241,241,29
32.0,16.0,1,1,24.0,0,0,250,38,212,196,0.784,9,0.2368,9,0.2368,187,0.8821,34,241,241,29
32.0,16.0,1,1,32.0,0,0,250,38,212,196,0.784,9,0.2368,9,0.2368,187,0.8821,34,241,241,29
32.0,16.0,1,2,12.0,0,0,250,38,212,196,0.784,9,0.2368,9,0.2368,187,0.8821,34,241,241,29
32.0,16.0,1,2,18.0,0,0,250,38,212,196,0.784,9,0.2368,9,0.2368,187,0.8821,34,241,241,29
32.0,16.0,1,2,24.0,0,0,250,38,212,196,0.784,9,0.2368,9,0.2368,187,0.8821,34,241,241,29
32.0,16.0,1,2,32.0,0,0,250,38,212,196,0.784,9,0.2368,9,0.2368,187,0.8821,34,241,241,29
32.0,18.0,1,1,48.0,0,0,250,38,212,196,0.784,9,0.2368,9,0.2368,187,0.8821,34,241,241,29
32.0,18.0,1,2,48.0,0,0,250,38,212,196,0.784,9,0.2368,9,0.2368,187,0.8821,34,241,241,29
28.0,16.0,1,2,12.0,0,0,250,38,212,195,0.78,17,0.4474,17,0.4474,178,0.8396,51,231,231,19
28.0,16.0,1,2,18.0,0,0,250,38,212,195,0.78,17,0.4474,17,0.4474,178,0.8396,51,231,231,19
28.0,16.0,1,2,24.0,0,0,250,38,212,195,0.78,17,0.4474,17,0.4474,178,0.8396,51,231,231,19
28.0,16.0,1,2,32.0,0,0,250,38,212,195,0.78,17,0.4474,17,0.4474,178,0.8396,51,231,231,19
28.0,18.0,1,2,48.0,0,0,250,38,212,195,0.78,17,0.4474,17,0.4474,178,0.8396,51,231,231,19
28.0,18.0,1,1,12.0,0,0,250,38,212,195,0.78,16,0.4211,16,0.4211,179,0.8443,49,236,231,19
28.0,18.0,1,1,18.0,0,0,250,38,212,195,0.78,16,0.4211,16,0.4211,179,0.8443,49,236,231,19
28.0,18.0,1,1,24.0,0,0,250,38,212,195,0.78,16,0.4211,16,0.4211,179,0.8443,49,236,231,19
28.0,18.0,1,1,32.0,0,0,250,38,212,195,0.78,16,0.4211,16,0.4211,179,0.8443,49,236,231,19
22.0,16.0,3,0,32.0,0,0,250,38,212,195,0.78,16,0.4211,16,0.4211,179,0.8443,51,237,230,18
22.0,18.0,3,0,32.0,0,0,250,38,212,195,0.78,16,0.4211,16,0.4211,179,0.8443,51,237,230,18
24.0,24.0,1,2,18.0,0,0,250,38,212,195,0.78,15,0.3947,15,0.3947,180,0.8491,49,236,231,19
24.0,24.0,1,2,24.0,0,0,250,38,212,195,0.78,15,0.3947,15,0.3947,180,0.8491,49,236,231,19
24.0,24.0,1,2,32.0,0,0,250,38,212,195,0.78,15,0.3947,15,0.3947,180,0.8491,49,236,231,19
24.0,24.0,1,2,48.0,0,0,250,38,212,195,0.78,15,0.3947,15,0.3947,180,0.8491,49,236,231,19
24.0,24.0,1,1,12.0,0,0,250,38,212,195,0.78,14,0.3684,14,0.3684,181,0.8538,48,237,231,19
24.0,16.0,2,0,12.0,0,0,250,38,212,195,0.78,13,0.3421,13,0.3421,182,0.8585,45,237,237,25
24.0,16.0,2,0,18.0,0,0,250,38,212,195,0.78,13,0.3421,13,0.3421,182,0.8585,45,237,237,25
24.0,16.0,2,0,24.0,0,0,250,38,212,195,0.78,13,0.3421,13,0.3421,182,0.8585,45,237,237,25
24.0,16.0,2,0,32.0,0,0,250,38,212,195,0.78,13,0.3421,13,0.3421,182,0.8585,45,237,237,25
24.0,18.0,2,0,12.0,0,0,250,38,212,195,0.78,13,0.3421,13,0.3421,182,0.8585,45,237,237,25
24.0,18.0,2,0,18.0,0,0,250,38,212,195,0.78,13,0.3421,13,0.3421,182,0.8585,45,237,237,25
24.0,18.0,2,0,24.0,0,0,250,38,212,195,0.78,13,0.3421,13,0.3421,182,0.8585,45,237,237,25
24.0,18.0,2,0,32.0,0,0,250,38,212,195,0.78,13,0.3421,13,0.3421,182,0.8585,45,237,237,25
26.0,6.0,2,0,48.0,0,0,250,38,212,195,0.78,11,0.2895,11,0.2895,184,0.8679,39,239,239,27
26.0,6.0,2,1,48.0,0,0,250,38,212,195,0.78,11,0.2895,11,0.2895,184,0.8679,39,239,239,27
26.0,6.0,2,2,48.0,0,0,250,38,212,195,0.78,11,0.2895,11,0.2895,184,0.8679,39,239,239,27
26.0,8.0,2,0,48.0,0,0,250,38,212,195,0.78,11,0.2895,11,0.2895,184,0.8679,39,239,239,27
26.0,8.0,2,1,48.0,0,0,250,38,212,195,0.78,11,0.2895,11,0.2895,184,0.8679,39,239,239,27
26.0,8.0,2,2,48.0,0,0,250,38,212,195,0.78,11,0.2895,11,0.2895,184,0.8679,39,239,239,27
26.0,10.0,2,0,48.0,0,0,250,38,212,195,0.78,11,0.2895,11,0.2895,184,0.8679,39,239,239,27
26.0,10.0,2,1,48.0,0,0,250,38,212,195,0.78,11,0.2895,11,0.2895,184,0.8679,39,239,239,27
26.0,10.0,2,2,48.0,0,0,250,38,212,195,0.78,11,0.2895,11,0.2895,184,0.8679,39,239,239,27
26.0,12.0,2,0,48.0,0,0,250,38,212,195,0.78,11,0.2895,11,0.2895,184,0.8679,39,239,239,27
26.0,12.0,2,1,48.0,0,0,250,38,212,195,0.78,11,0.2895,11,0.2895,184,0.8679,39,239,239,27
26.0,12.0,2,2,48.0,0,0,250,38,212,195,0.78,11,0.2895,11,0.2895,184,0.8679,39,239,239,27
32.0,14.0,1,1,12.0,0,0,250,38,212,195,0.78,9,0.2368,9,0.2368,186,0.8774,35,241,241,29
32.0,14.0,1,1,18.0,0,0,250,38,212,195,0.78,9,0.2368,9,0.2368,186,0.8774,35,241,241,29
32.0,14.0,1,1,24.0,0,0,250,38,212,195,0.78,9,0.2368,9,0.2368,186,0.8774,35,241,241,29
32.0,14.0,1,1,32.0,0,0,250,38,212,195,0.78,9,0.2368,9,0.2368,186,0.8774,35,241,241,29
32.0,14.0,1,2,12.0,0,0,250,38,212,195,0.78,9,0.2368,9,0.2368,186,0.8774,35,241,241,29
32.0,14.0,1,2,18.0,0,0,250,38,212,195,0.78,9,0.2368,9,0.2368,186,0.8774,35,241,241,29
32.0,14.0,1,2,24.0,0,0,250,38,212,195,0.78,9,0.2368,9,0.2368,186,0.8774,35,241,241,29
32.0,14.0,1,2,32.0,0,0,250,38,212,195,0.78,9,0.2368,9,0.2368,186,0.8774,35,241,241,29
32.0,16.0,1,0,48.0,0,0,250,38,212,195,0.78,9,0.2368,9,0.2368,186,0.8774,35,241,241,29
32.0,16.0,1,1,48.0,0,0,250,38,212,195,0.78,9,0.2368,9,0.2368,186,0.8774,35,241,241,29
32.0,16.0,1,2,48.0,0,0,250,38,212,195,0.78,9,0.2368,9,0.2368,186,0.8774,35,241,241,29
26.0,18.0,1,2,12.0,0,0,250,38,212,194,0.776,20,0.5263,20,0.5263,174,0.8208,58,228,228,16
26.0,18.0,1,2,18.0,0,0,250,38,212,194,0.776,20,0.5263,20,0.5263,174,0.8208,58,228,228,16
26.0,18.0,1,2,24.0,0,0,250,38,212,194,0.776,20,0.5263,20,0.5263,174,0.8208,58,228,228,16
26.0,18.0,1,2,32.0,0,0,250,38,212,194,0.776,20,0.5263,20,0.5263,174,0.8208,58,228,228,16
28.0,14.0,1,2,12.0,0,0,250,38,212,194,0.776,17,0.4474,17,0.4474,177,0.8349,52,231,231,19
28.0,14.0,1,2,18.0,0,0,250,38,212,194,0.776,17,0.4474,17,0.4474,177,0.8349,52,231,231,19
28.0,14.0,1,2,24.0,0,0,250,38,212,194,0.776,17,0.4474,17,0.4474,177,0.8349,52,231,231,19
28.0,14.0,1,2,32.0,0,0,250,38,212,194,0.776,17,0.4474,17,0.4474,177,0.8349,52,231,231,19
28.0,16.0,1,2,48.0,0,0,250,38,212,194,0.776,17,0.4474,17,0.4474,177,0.8349,52,231,231,19
22.0,22.0,2,2,32.0,0,0,250,38,212,194,0.776,17,0.4474,17,0.4474,177,0.8349,54,231,231,19
22.0,22.0,2,2,48.0,0,0,250,38,212,194,0.776,17,0.4474,17,0.4474,177,0.8349,54,231,231,19
28.0,16.0,1,1,12.0,0,0,250,38,212,194,0.776,16,0.4211,16,0.4211,178,0.8396,50,236,231,19
28.0,16.0,1,1,18.0,0,0,250,38,212,194,0.776,16,0.4211,16,0.4211,178,0.8396,50,236,231,19
28.0,16.0,1,1,24.0,0,0,250,38,212,194,0.776,16,0.4211,16,0.4211,178,0.8396,50,236,231,19
28.0,16.0,1,1,32.0,0,0,250,38,212,194,0.776,16,0.4211,16,0.4211,178,0.8396,50,236,231,19
28.0,18.0,1,1,48.0,0,0,250,38,212,194,0.776,16,0.4211,16,0.4211,178,0.8396,50,236,231,19
22.0,6.0,3,0,32.0,0,0,250,38,212,194,0.776,16,0.4211,16,0.4211,178,0.8396,52,237,230,18
22.0,8.0,3,0,32.0,0,0,250,38,212,194,0.776,16,0.4211,16,0.4211,178,0.8396,52,237,230,18
22.0,10.0,3,0,32.0,0,0,250,38,212,194,0.776,16,0.4211,16,0.4211,178,0.8396,52,237,230,18
22.0,12.0,3,0,32.0,0,0,250,38,212,194,0.776,16,0.4211,16,0.4211,178,0.8396,52,237,230,18
22.0,14.0,3,0,32.0,0,0,250,38,212,194,0.776,16,0.4211,16,0.4211,178,0.8396,52,237,230,18
22.0,20.0,3,0,48.0,0,0,250,38,212,194,0.776,16,0.4211,16,0.4211,178,0.8396,52,237,230,18
24.0,24.0,1,1,18.0,0,0,250,38,212,194,0.776,14,0.3684,14,0.3684,180,0.8491,49,237,231,19
24.0,24.0,1,1,24.0,0,0,250,38,212,194,0.776,14,0.3684,14,0.3684,180,0.8491,49,237,231,19
24.0,24.0,1,1,32.0,0,0,250,38,212,194,0.776,14,0.3684,14,0.3684,180,0.8491,49,237,231,19
24.0,24.0,1,1,48.0,0,0,250,38,212,194,0.776,14,0.3684,14,0.3684,180,0.8491,49,237,231,19
24.0,6.0,2,0,12.0,0,0,250,38,212,194,0.776,13,0.3421,13,0.3421,181,0.8538,46,237,237,25
24.0,6.0,2,0,18.0,0,0,250,38,212,194,0.776,13,0.3421,13,0.3421,181,0.8538,46,237,237,25
24.0,6.0,2,0,24.0,0,0,250,38,212,194,0.776,13,0.3421,13,0.3421,181,0.8538,46,237,237,25
24.0,6.0,2,0,32.0,0,0,250,38,212,194,0.776,13,0.3421,13,0.3421,181,0.8538,46,237,237,25
24.0,8.0,2,0,12.0,0,0,250,38,212,194,0.776,13,0.3421,13,0.3421,181,0.8538,46,237,237,25
24.0,8.0,2,0,18.0,0,0,250,38,212,194,0.776,13,0.3421,13,0.3421,181,0.8538,46,237,237,25
24.0,8.0,2,0,24.0,0,0,250,38,212,194,0.776,13,0.3421,13,0.3421,181,0.8538,46,237,237,25
24.0,8.0,2,0,32.0,0,0,250,38,212,194,0.776,13,0.3421,13,0.3421,181,0.8538,46,237,237,25
24.0,10.0,2,0,12.0,0,0,250,38,212,194,0.776,13,0.3421,13,0.3421,181,0.8538,46,237,237,25
24.0,10.0,2,0,18.0,0,0,250,38,212,194,0.776,13,0.3421,13,0.3421,181,0.8538,46,237,237,25
24.0,10.0,2,0,24.0,0,0,250,38,212,194,0.776,13,0.3421,13,0.3421,181,0.8538,46,237,237,25
24.0,10.0,2,0,32.0,0,0,250,38,212,194,0.776,13,0.3421,13,0.3421,181,0.8538,46,237,237,25
24.0,12.0,2,0,12.0,0,0,250,38,212,194,0.776,13,0.3421,13,0.3421,181,0.8538,46,237,237,25
24.0,12.0,2,0,18.0,0,0,250,38,212,194,0.776,13,0.3421,13,0.3421,181,0.8538,46,237,237,25
24.0,12.0,2,0,24.0,0,0,250,38,212,194,0.776,13,0.3421,13,0.3421,181,0.8538,46,237,237,25
24.0,12.0,2,0,32.0,0,0,250,38,212,194,0.776,13,0.3421,13,0.3421,181,0.8538,46,237,237,25
24.0,14.0,2,0,12.0,0,0,250,38,212,194,0.776,13,0.3421,13,0.3421,181,0.8538,46,237,237,25
24.0,14.0,2,0,18.0,0,0,250,38,212,194,0.776,13,0.3421,13,0.3421,181,0.8538,46,237,237,25
24.0,14.0,2,0,24.0,0,0,250,38,212,194,0.776,13,0.3421,13,0.3421,181,0.8538,46,237,237,25
24.0,14.0,2,0,32.0,0,0,250,38,212,194,0.776,13,0.3421,13,0.3421,181,0.8538,46,237,237,25
24.0,20.0,2,0,48.0,0,0,250,38,212,194,0.776,13,0.3421,13,0.3421,181,0.8538,46,237,237,25
24.0,18.0,3,1,12.0,0,0,250,38,212,194,0.776,12,0.3158,12,0.3158,182,0.8585,42,238,238,26
24.0,18.0,3,1,18.0,0,0,250,38,212,194,0.776,12,0.3158,12,0.3158,182,0.8585,42,238,238,26
24.0,18.0,3,1,24.0,0,0,250,38,212,194,0.776,12,0.3158,12,0.3158,182,0.8585,42,238,238,26
24.0,18.0,3,1,32.0,0,0,250,38,212,194,0.776,12,0.3158,12,0.3158,182,0.8585,42,238,238,26
24.0,18.0,3,2,12.0,0,0,250,38,212,194,0.776,12,0.3158,12,0.3158,182,0.8585,42,238,238,26
24.0,18.0,3,2,18.0,0,0,250,38,212,194,0.776,12,0.3158,12,0.3158,182,0.8585,42,238,238,26
24.0,18.0,3,2,24.0,0,0,250,38,212,194,0.776,12,0.3158,12,0.3158,182,0.8585,42,238,238,26
24.0,18.0,3,2,32.0,0,0,250,38,212,194,0.776,12,0.3158,12,0.3158,182,0.8585,42,238,238,26
24.0,22.0,2,2,18.0,0,0,250,38,212,194,0.776,11,0.2895,11,0.2895,183,0.8632,42,239,239,27
24.0,22.0,2,2,24.0,0,0,250,38,212,194,0.776,11,0.2895,11,0.2895,183,0.8632,42,239,239,27
24.0,22.0,2,2,32.0,0,0,250,38,212,194,0.776,11,0.2895,11,0.2895,183,0.8632,42,239,239,27
24.0,22.0,2,2,48.0,0,0,250,38,212,194,0.776,11,0.2895,11,0.2895,183,0.8632,42,239,239,27
32.0,6.0,1,1,12.0,0,0,250,38,212,194,0.776,9,0.2368,9,0.2368,185,0.8726,36,241,241,29
32.0,6.0,1,1,18.0,0,0,250,38,212,194,0.776,9,0.2368,9,0.2368,185,0.8726,36,241,241,29
32.0,6.0,1,1,24.0,0,0,250,38,212,194,0.776,9,0.2368,9,0.2368,185,0.8726,36,241,241,29
32.0,6.0,1,1,32.0,0,0,250,38,212,194,0.776,9,0.2368,9,0.2368,185,0.8726,36,241,241,29
32.0,6.0,1,2,12.0,0,0,250,38,212,194,0.776,9,0.2368,9,0.2368,185,0.8726,36,241,241,29
32.0,6.0,1,2,18.0,0,0,250,38,212,194,0.776,9,0.2368,9,0.2368,185,0.8726,36,241,241,29
32.0,6.0,1,2,24.0,0,0,250,38,212,194,0.776,9,0.2368,9,0.2368,185,0.8726,36,241,241,29
32.0,6.0,1,2,32.0,0,0,250,38,212,194,0.776,9,0.2368,9,0.2368,185,0.8726,36,241,241,29
32.0,8.0,1,1,12.0,0,0,250,38,212,194,0.776,9,0.2368,9,0.2368,185,0.8726,36,241,241,29
32.0,8.0,1,1,18.0,0,0,250,38,212,194,0.776,9,0.2368,9,0.2368,185,0.8726,36,241,241,29
32.0,8.0,1,1,24.0,0,0,250,38,212,194,0.776,9,0.2368,9,0.2368,185,0.8726,36,241,241,29
32.0,8.0,1,1,32.0,0,0,250,38,212,194,0.776,9,0.2368,9,0.2368,185,0.8726,36,241,241,29
32.0,8.0,1,2,12.0,0,0,250,38,212,194,0.776,9,0.2368,9,0.2368,185,0.8726,36,241,241,29
32.0,8.0,1,2,18.0,0,0,250,38,212,194,0.776,9,0.2368,9,0.2368,185,0.8726,36,241,241,29
32.0,8.0,1,2,24.0,0,0,250,38,212,194,0.776,9,0.2368,9,0.2368,185,0.8726,36,241,241,29
32.0,8.0,1,2,32.0,0,0,250,38,212,194,0.776,9,0.2368,9,0.2368,185,0.8726,36,241,241,29
32.0,10.0,1,1,12.0,0,0,250,38,212,194,0.776,9,0.2368,9,0.2368,185,0.8726,36,241,241,29
32.0,10.0,1,1,18.0,0,0,250,38,212,194,0.776,9,0.2368,9,0.2368,185,0.8726,36,241,241,29
32.0,10.0,1,1,24.0,0,0,250,38,212,194,0.776,9,0.2368,9,0.2368,185,0.8726,36,241,241,29
32.0,10.0,1,1,32.0,0,0,250,38,212,194,0.776,9,0.2368,9,0.2368,185,0.8726,36,241,241,29
32.0,10.0,1,2,12.0,0,0,250,38,212,194,0.776,9,0.2368,9,0.2368,185,0.8726,36,241,241,29
32.0,10.0,1,2,18.0,0,0,250,38,212,194,0.776,9,0.2368,9,0.2368,185,0.8726,36,241,241,29
32.0,10.0,1,2,24.0,0,0,250,38,212,194,0.776,9,0.2368,9,0.2368,185,0.8726,36,241,241,29
32.0,10.0,1,2,32.0,0,0,250,38,212,194,0.776,9,0.2368,9,0.2368,185,0.8726,36,241,241,29
32.0,12.0,1,1,12.0,0,0,250,38,212,194,0.776,9,0.2368,9,0.2368,185,0.8726,36,241,241,29
32.0,12.0,1,1,18.0,0,0,250,38,212,194,0.776,9,0.2368,9,0.2368,185,0.8726,36,241,241,29
32.0,12.0,1,1,24.0,0,0,250,38,212,194,0.776,9,0.2368,9,0.2368,185,0.8726,36,241,241,29
32.0,12.0,1,1,32.0,0,0,250,38,212,194,0.776,9,0.2368,9,0.2368,185,0.8726,36,241,241,29
32.0,12.0,1,2,12.0,0,0,250,38,212,194,0.776,9,0.2368,9,0.2368,185,0.8726,36,241,241,29
32.0,12.0,1,2,18.0,0,0,250,38,212,194,0.776,9,0.2368,9,0.2368,185,0.8726,36,241,241,29
32.0,12.0,1,2,24.0,0,0,250,38,212,194,0.776,9,0.2368,9,0.2368,185,0.8726,36,241,241,29
32.0,12.0,1,2,32.0,0,0,250,38,212,194,0.776,9,0.2368,9,0.2368,185,0.8726,36,241,241,29
32.0,14.0,1,0,48.0,0,0,250,38,212,194,0.776,9,0.2368,9,0.2368,185,0.8726,36,241,241,29
32.0,14.0,1,1,48.0,0,0,250,38,212,194,0.776,9,0.2368,9,0.2368,185,0.8726,36,241,241,29
32.0,14.0,1,2,48.0,0,0,250,38,212,194,0.776,9,0.2368,9,0.2368,185,0.8726,36,241,241,29
26.0,18.0,1,2,48.0,0,0,250,38,212,193,0.772,20,0.5263,20,0.5263,173,0.816,59,228,228,16
26.0,18.0,1,1,12.0,0,0,250,38,212,193,0.772,19,0.5,19,0.5,174,0.8208,57,236,228,16
26.0,18.0,1,1,18.0,0,0,250,38,212,193,0.772,19,0.5,19,0.5,174,0.8208,57,236,228,16
26.0,18.0,1,1,24.0,0,0,250,38,212,193,0.772,19,0.5,19,0.5,174,0.8208,57,236,228,16
26.0,18.0,1,1,32.0,0,0,250,38,212,193,0.772,19,0.5,19,0.5,174,0.8208,57,236,228,16
22.0,20.0,2,0,32.0,0,0,250,38,212,193,0.772,18,0.4737,18,0.4737,175,0.8255,58,236,229,17
28.0,6.0,1,2,12.0,0,0,250,38,212,193,0.772,17,0.4474,17,0.4474,176,0.8302,53,231,231,19
28.0,6.0,1,2,18.0,0,0,250,38,212,193,0.772,17,0.4474,17,0.4474,176,0.8302,53,231,231,19
28.0,6.0,1,2,24.0,0,0,250,38,212,193,0.772,17,0.4474,17,0.4474,176,0.8302,53,231,231,19
28.0,6.0,1,2,32.0,0,0,250,38,212,193,0.772,17,0.4474,17,0.4474,176,0.8302,53,231,231,19
28.0,8.0,1,2,12.0,0,0,250,38,212,193,0.772,17,0.4474,17,0.4474,176,0.8302,53,231,231,19
28.0,8.0,1,2,18.0,0,0,250,38,212,193,0.772,17,0.4474,17,0.4474,176,0.8302,53,231,231,19
28.0,8.0,1,2,24.0,0,0,250,38,212,193,0.772,17,0.4474,17,0.4474,176,0.8302,53,231,231,19
28.0,8.0,1,2,32.0,0,0,250,38,212,193,0.772,17,0.4474,17,0.4474,176,0.8302,53,231,231,19
28.0,10.0,1,2,12.0,0,0,250,38,212,193,0.772,17,0.4474,17,0.4474,176,0.8302,53,231,231,19
28.0,10.0,1,2,18.0,0,0,250,38,212,193,0.772,17,0.4474,17,0.4474,176,0.8302,53,231,231,19
28.0,10.0,1,2,24.0,0,0,250,38,212,193,0.772,17,0.4474,17,0.4474,176,0.8302,53,231,231,19
28.0,10.0,1,2,32.0,0,0,250,38,212,193,0.772,17,0.4474,17,0.4474,176,0.8302,53,231,231,19
28.0,12.0,1,2,12.0,0,0,250,38,212,193,0.772,17,0.4474,17,0.4474,176,0.8302,53,231,231,19
28.0,12.0,1,2,18.0,0,0,250,38,212,193,0.772,17,0.4474,17,0.4474,176,0.8302,53,231,231,19
28.0,12.0,1,2,24.0,0,0,250,38,212,193,0.772,17,0.4474,17,0.4474,176,0.8302,53,231,231,19
28.0,12.0,1,2,32.0,0,0,250,38,212,193,0.772,17,0.4474,17,0.4474,176,0.8302,53,231,231,19
28.0,14.0,1,2,48.0,0,0,250,38,212,193,0.772,17,0.4474,17,0.4474,176,0.8302,53,231,231,19
28.0,14.0,1,1,12.0,0,0,250,38,212,193,0.772,16,0.4211,16,0.4211,177,0.8349,51,236,231,19
28.0,14.0,1,1,18.0,0,0,250,38,212,193,0.772,16,0.4211,16,0.4211,177,0.8349,51,236,231,19
28.0,14.0,1,1,24.0,0,0,250,38,212,193,0.772,16,0.4211,16,0.4211,177,0.8349,51,236,231,19
28.0,14.0,1,1,32.0,0,0,250,38,212,193,0.772,16,0.4211,16,0.4211,177,0.8349,51,236,231,19
28.0,16.0,1,0,48.0,0,0,250,38,212,193,0.772,16,0.4211,16,0.4211,177,0.8349,51,236,231,19
28.0,16.0,1,1,48.0,0,0,250,38,212,193,0.772,16,0.4211,16,0.4211,177,0.8349,51,236,231,19
22.0,18.0,3,0,48.0,0,0,250,38,212,193,0.772,16,0.4211,16,0.4211,177,0.8349,53,237,230,18
22.0,18.0,3,2,12.0,0,0,250,38,212,193,0.772,16,0.4211,16,0.4211,177,0.8349,55,232,232,20
22.0,18.0,3,2,18.0,0,0,250,38,212,193,0.772,16,0.4211,16,0.4211,177,0.8349,55,232,232,20
22.0,18.0,3,2,24.0,0,0,250,38,212,193,0.772,16,0.4211,16,0.4211,177,0.8349,55,232,232,20
22.0,20.0,3,1,32.0,0,0,250,38,212,193,0.772,15,0.3947,15,0.3947,178,0.8396,52,237,231,19
24.0,18.0,2,0,48.0,0,0,250,38,212,193,0.772,13,0.3421,13,0.3421,180,0.8491,47,237,237,25
24.0,16.0,3,1,12.0,0,0,250,38,212,193,0.772,12,0.3158,12,0.3158,181,0.8538,43,238,238,26
24.0,16.0,3,1,18.0,0,0,250,38,212,193,0.772,12,0.3158,12,0.3158,181,0.8538,43,238,238,26
24.0,16.0,3,1,24.0,0,0,250,38,212,193,0.772,12,0.3158,12,0.3158,181,0.8538,43,238,238,26
24.0,16.0,3,1,32.0,0,0,250,38,212,193,0.772,12,0.3158,12,0.3158,181,0.8538,43,238,238,26
24.0,16.0,3,2,12.0,0,0,250,38,212,193,0.772,12,0.3158,12,0.3158,181,0.8538,43,238,238,26
24.0,16.0,3,2,18.0,0,0,250,38,212,193,0.772,12,0.3158,12,0.3158,181,0.8538,43,238,238,26
24.0,16.0,3,2,24.0,0,0,250,38,212,193,0.772,12,0.3158,12,0.3158,181,0.8538,43,238,238,26
24.0,16.0,3,2,32.0,0,0,250,38,212,193,0.772,12,0.3158,12,0.3158,181,0.8538,43,238,238,26
24.0,18.0,3,1,48.0,0,0,250,38,212,193,0.772,12,0.3158,12,0.3158,181,0.8538,43,238,238,26
24.0,18.0,3,2,48.0,0,0,250,38,212,193,0.772,12,0.3158,12,0.3158,181,0.8538,43,238,238,26
24.0,20.0,2,1,12.0,0,0,250,38,212,193,0.772,12,0.3158,12,0.3158,181,0.8538,45,238,238,26
24.0,20.0,2,1,18.0,0,0,250,38,212,193,0.772,12,0.3158,12,0.3158,181,0.8538,45,238,238,26
24.0,20.0,2,1,24.0,0,0,250,38,212,193,0.772,12,0.3158,12,0.3158,181,0.8538,45,238,238,26
24.0,20.0,2,1,32.0,0,0,250,38,212,193,0.772,12,0.3158,12,0.3158,181,0.8538,45,238,238,26
32.0,6.0,1,0,48.0,0,0,250,38,212,193,0.772,9,0.2368,9,0.2368,184,0.8679,37,241,241,29
32.0,6.0,1,1,48.0,0,0,250,38,212,193,0.772,9,0.2368,9,0.2368,184,0.8679,37,241,241,29
32.0,6.0,1,2,48.0,0,0,250,38,212,193,0.772,9,0.2368,9,0.2368,184,0.8679,37,241,241,29
32.0,8.0,1,0,48.0,0,0,250,38,212,193,0.772,9,0.2368,9,0.2368,184,0.8679,37,241,241,29
32.0,8.0,1,1,48.0,0,0,250,38,212,193,0.772,9,0.2368,9,0.2368,184,0.8679,37,241,241,29
32.0,8.0,1,2,48.0,0,0,250,38,212,193,0.772,9,0.2368,9,0.2368,184,0.8679,37,241,241,29
32.0,10.0,1,0,48.0,0,0,250,38,212,193,0.772,9,0.2368,9,0.2368,184,0.8679,37,241,241,29
32.0,10.0,1,1,48.0,0,0,250,38,212,193,0.772,9,0.2368,9,0.2368,184,0.8679,37,241,241,29
32.0,10.0,1,2,48.0,0,0,250,38,212,193,0.772,9,0.2368,9,0.2368,184,0.8679,37,241,241,29
32.0,12.0,1,0,48.0,0,0,250,38,212,193,0.772,9,0.2368,9,0.2368,184,0.8679,37,241,241,29
32.0,12.0,1,1,48.0,0,0,250,38,212,193,0.772,9,0.2368,9,0.2368,184,0.8679,37,241,241,29
32.0,12.0,1,2,48.0,0,0,250,38,212,193,0.772,9,0.2368,9,0.2368,184,0.8679,37,241,241,29
26.0,16.0,1,2,12.0,0,0,250,38,212,192,0.768,20,0.5263,20,0.5263,172,0.8113,60,228,228,16
26.0,16.0,1,2,18.0,0,0,250,38,212,192,0.768,20,0.5263,20,0.5263,172,0.8113,60,228,228,16
26.0,16.0,1,2,24.0,0,0,250,38,212,192,0.768,20,0.5263,20,0.5263,172,0.8113,60,228,228,16
26.0,16.0,1,2,32.0,0,0,250,38,212,192,0.768,20,0.5263,20,0.5263,172,0.8113,60,228,228,16
26.0,18.0,1,1,48.0,0,0,250,38,212,192,0.768,19,0.5,19,0.5,173,0.816,58,236,228,16
24.0,22.0,1,0,12.0,0,0,250,38,212,192,0.768,19,0.5,19,0.5,173,0.816,61,236,228,16
24.0,22.0,1,0,18.0,0,0,250,38,212,192,0.768,19,0.5,19,0.5,173,0.816,61,236,228,16
24.0,22.0,1,0,24.0,0,0,250,38,212,192,0.768,19,0.5,19,0.5,173,0.816,61,236,228,16
24.0,22.0,1,0,32.0,0,0,250,38,212,192,0.768,19,0.5,19,0.5,173,0.816,61,236,228,16
24.0,22.0,1,0,48.0,0,0,250,38,212,192,0.768,19,0.5,19,0.5,173,0.816,61,236,228,16
22.0,16.0,2,0,32.0,0,0,250,38,212,192,0.768,18,0.4737,18,0.4737,174,0.8208,59,236,229,17
22.0,18.0,2,0,32.0,0,0,250,38,212,192,0.768,18,0.4737,18,0.4737,174,0.8208,59,236,229,17
28.0,6.0,1,2,48.0,0,0,250,38,212,192,0.768,17,0.4474,17,0.4474,175,0.8255,54,231,231,19
28.0,8.0,1,2,48.0,0,0,250,38,212,192,0.768,17,0.4474,17,0.4474,175,0.8255,54,231,231,19
28.0,10.0,1,2,48.0,0,0,250,38,212,192,0.768,17,0.4474,17,0.4474,175,0.8255,54,231,231,19
28.0,12.0,1,2,48.0,0,0,250,38,212,192,0.768,17,0.4474,17,0.4474,175,0.8255,54,231,231,19
28.0,6.0,1,1,12.0,0,0,250,38,212,192,0.768,16,0.4211,16,0.4211,176,0.8302,52,236,231,19
28.0,6.0,1,1,18.0,0,0,250,38,212,192,0.768,16,0.4211,16,0.4211,176,0.8302,52,236,231,19
28.0,6.0,1,1,24.0,0,0,250,38,212,192,0.768,16,0.4211,16,0.4211,176,0.8302,52,236,231,19
28.0,6.0,1,1,32.0,0,0,250,38,212,192,0.768,16,0.4211,16,0.4211,176,0.8302,52,236,231,19
28.0,8.0,1,1,12.0,0,0,250,38,212,192,0.768,16,0.4211,16,0.4211,176,0.8302,52,236,231,19
28.0,8.0,1,1,18.0,0,0,250,38,212,192,0.768,16,0.4211,16,0.4211,176,0.8302,52,236,231,19
28.0,8.0,1,1,24.0,0,0,250,38,212,192,0.768,16,0.4211,16,0.4211,176,0.8302,52,236,231,19
28.0,8.0,1,1,32.0,0,0,250,38,212,192,0.768,16,0.4211,16,0.4211,176,0.8302,52,236,231,19
28.0,10.0,1,1,12.0,0,0,250,38,212,192,0.768,16,0.4211,16,0.4211,176,0.8302,52,236,231,19
28.0,10.0,1,1,18.0,0,0,250,38,212,192,0.768,16,0.4211,16,0.4211,176,0.8302,52,236,231,19
28.0,10.0,1,1,24.0,0,0,250,38,212,192,0.768,16,0.4211,16,0.4211,176,0.8302,52,236,231,19
28.0,10.0,1,1,32.0,0,0,250,38,212,192,0.768,16,0.4211,16,0.4211,176,0.8302,52,236,231,19
28.0,12.0,1,1,12.0,0,0,250,38,212,192,0.768,16,0.4211,16,0.4211,176,0.8302,52,236,231,19
28.0,12.0,1,1,18.0,0,0,250,38,212,192,0.768,16,0.4211,16,0.4211,176,0.8302,52,236,231,19
28.0,12.0,1,1,24.0,0,0,250,38,212,192,0.768,16,0.4211,16,0.4211,176,0.8302,52,236,231,19
28.0,12.0,1,1,32.0,0,0,250,38,212,192,0.768,16,0.4211,16,0.4211,176,0.8302,52,236,231,19
28.0,14.0,1,0,48.0,0,0,250,38,212,192,0.768,16,0.4211,16,0.4211,176,0.8302,52,236,231,19
28.0,14.0,1,1,48.0,0,0,250,38,212,192,0.768,16,0.4211,16,0.4211,176,0.8302,52,236,231,19
22.0,20.0,3,2,32.0,0,0,250,38,212,192,0.768,16,0.4211,16,0.4211,176,0.8302,55,232,232,20
22.0,16.0,3,2,12.0,0,0,250,38,212,192,0.768,16,0.4211,16,0.4211,176,0.8302,56,232,232,20
22.0,16.0,3,2,18.0,0,0,250,38,212,192,0.768,16,0.4211,16,0.4211,176,0.8302,56,232,232,20
22.0,16.0,3,2,24.0,0,0,250,38,212,192,0.768,16,0.4211,16,0.4211,176,0.8302,56,232,232,20
22.0,20.0,3,1,48.0,0,0,250,38,212,192,0.768,15,0.3947,15,0.3947,177,0.8349,53,237,231,19
22.0,18.0,3,1,12.0,0,0,250,38,212,192,0.768,15,0.3947,15,0.3947,177,0.8349,54,237,231,19
22.0,18.0,3,1,18.0,0,0,250,38,212,192,0.768,15,0.3947,15,0.3947,177,0.8349,54,237,231,19
22.0,18.0,3,1,24.0,0,0,250,38,212,192,0.768,15,0.3947,15,0.3947,177,0.8349,54,237,231,19
24.0,14.0,3,1,12.0,0,0,250,38,212,192,0.768,12,0.3158,12,0.3158,180,0.8491,44,238,238,26
24.0,14.0,3,1,18.0,0,0,250,38,212,192,0.768,12,0.3158,12,0.3158,180,0.8491,44,238,238,26
24.0,14.0,3,1,24.0,0,0,250,38,212,192,0.768,12,0.3158,12,0.3158,180,0.8491,44,238,238,26
24.0,14.0,3,1,32.0,0,0,250,38,212,192,0.768,12,0.3158,12,0.3158,180,0.8491,44,238,238,26
24.0,14.0,3,2,12.0,0,0,250,38,212,192,0.768,12,0.3158,12,0.3158,180,0.8491,44,238,238,26
24.0,14.0,3,2,18.0,0,0,250,38,212,192,0.768,12,0.3158,12,0.3158,180,0.8491,44,238,238,26
24.0,14.0,3,2,24.0,0,0,250,38,212,192,0.768,12,0.3158,12,0.3158,180,0.8491,44,238,238,26
24.0,14.0,3,2,32.0,0,0,250,38,212,192,0.768,12,0.3158,12,0.3158,180,0.8491,44,238,238,26
24.0,16.0,3,0,48.0,0,0,250,38,212,192,0.768,12,0.3158,12,0.3158,180,0.8491,44,238,238,26
24.0,16.0,3,1,48.0,0,0,250,38,212,192,0.768,12,0.3158,12,0.3158,180,0.8491,44,238,238,26
24.0,16.0,3,2,48.0,0,0,250,38,212,192,0.768,12,0.3158,12,0.3158,180,0.8491,44,238,238,26
24.0,20.0,2,1,48.0,0,0,250,38,212,192,0.768,12,0.3158,12,0.3158,180,0.8491,46,238,238,26
24.0,20.0,2,2,12.0,0,0,250,38,212,192,0.768,11,0.2895,11,0.2895,181,0.8538,44,239,239,27
26.0,14.0,1,2,12.0,0,0,250,38,212,191,0.764,20,0.5263,20,0.5263,171,0.8066,61,228,228,16
26.0,14.0,1,2,18.0,0,0,250,38,212,191,0.764,20,0.5263,20,0.5263,171,0.8066,61,228,228,16
26.0,14.0,1,2,24.0,0,0,250,38,212,191,0.764,20,0.5263,20,0.5263,171,0.8066,61,228,228,16
26.0,14.0,1,2,32.0,0,0,250,38,212,191,0.764,20,0.5263,20,0.5263,171,0.8066,61,228,228,16
26.0,16.0,1,2,48.0,0,0,250,38,212,191,0.764,20,0.5263,20,0.5263,171,0.8066,61,228,228,16
26.0,16.0,1,1,12.0,0,0,250,38,212,191,0.764,19,0.5,19,0.5,172,0.8113,59,236,228,16
26.0,16.0,1,1,18.0,0,0,250,38,212,191,0.764,19,0.5,19,0.5,172,0.8113,59,236,228,16
26.0,16.0,1,1,24.0,0,0,250,38,212,191,0.764,19,0.5,19,0.5,172,0.8113,59,236,228,16
26.0,16.0,1,1,32.0,0,0,250,38,212,191,0.764,19,0.5,19,0.5,172,0.8113,59,236,228,16
22.0,6.0,2,0,32.0,0,0,250,38,212,191,0.764,18,0.4737,18,0.4737,173,0.816,60,236,229,17
22.0,8.0,2,0,32.0,0,0,250,38,212,191,0.764,18,0.4737,18,0.4737,173,0.816,60,236,229,17
22.0,10.0,2,0,32.0,0,0,250,38,212,191,0.764,18,0.4737,18,0.4737,173,0.816,60,236,229,17
22.0,12.0,2,0,32.0,0,0,250,38,212,191,0.764,18,0.4737,18,0.4737,173,0.816,60,236,229,17
22.0,14.0,2,0,32.0,0,0,250,38,212,191,0.764,18,0.4737,18,0.4737,173,0.816,60,236,229,17
22.0,20.0,2,0,48.0,0,0,250,38,212,191,0.764,18,0.4737,18,0.4737,173,0.816,60,236,229,17
22.0,18.0,2,2,12.0,0,0,250,38,212,191,0.764,17,0.4474,17,0.4474,174,0.8208,57,231,231,19
22.0,18.0,2,2,18.0,0,0,250,38,212,191,0.764,17,0.4474,17,0.4474,174,0.8208,57,231,231,19
22.0,18.0,2,2,24.0,0,0,250,38,212,191,0.764,17,0.4474,17,0.4474,174,0.8208,57,231,231,19
22.0,20.0,2,1,32.0,0,0,250,38,212,191,0.764,17,0.4474,17,0.4474,174,0.8208,59,236,230,18
28.0,6.0,1,0,48.0,0,0,250,38,212,191,0.764,16,0.4211,16,0.4211,175,0.8255,53,236,231,19
28.0,6.0,1,1,48.0,0,0,250,38,212,191,0.764,16,0.4211,16,0.4211,175,0.8255,53,236,231,19
28.0,8.0,1,0,48.0,0,0,250,38,212,191,0.764,16,0.4211,16,0.4211,175,0.8255,53,236,231,19
28.0,8.0,1,1,48.0,0,0,250,38,212,191,0.764,16,0.4211,16,0.4211,175,0.8255,53,236,231,19
28.0,10.0,1,0,48.0,0,0,250,38,212,191,0.764,16,0.4211,16,0.4211,175,0.8255,53,236,231,19
28.0,10.0,1,1,48.0,0,0,250,38,212,191,0.764,16,0.4211,16,0.4211,175,0.8255,53,236,231,19
28.0,12.0,1,0,48.0,0,0,250,38,212,191,0.764,16,0.4211,16,0.4211,175,0.8255,53,236,231,19
28.0,12.0,1,1,48.0,0,0,250,38,212,191,0.764,16,0.4211,16,0.4211,175,0.8255,53,236,231,19
20.0,20.0,3,2,12.0,0,0,250,38,212,191,0.764,16,0.4211,16,0.4211,175,0.8255,54,232,232,20
20.0,20.0,3,0,12.0,0,0,250,38,212,191,0.764,16,0.4211,16,0.4211,175,0.8255,55,237,230,18
20.0,20.0,3,0,18.0,0,0,250,38,212,191,0.764,16,0.4211,16,0.4211,175,0.8255,55,237,230,18
20.0,20.0,3,0,24.0,0,0,250,38,212,191,0.764,16,0.4211,16,0.4211,175,0.8255,55,237,230,18
22.0,20.0,3,2,48.0,0,0,250,38,212,191,0.764,16,0.4211,16,0.4211,175,0.8255,56,232,232,20
22.0,14.0,3,2,12.0,0,0,250,38,212,191,0.764,16,0.4211,16,0.4211,175,0.8255,57,232,232,20
22.0,14.0,3,2,18.0,0,0,250,38,212,191,0.764,16,0.4211,16,0.4211,175,0.8255,57,232,232,20
22.0,14.0,3,2,24.0,0,0,250,38,212,191,0.764,16,0.4211,16,0.4211,175,0.8255,57,232,232,20
22.0,16.0,3,1,12.0,0,0,250,38,212,191,0.764,15,0.3947,15,0.3947,176,0.8302,55,237,231,19
22.0,16.0,3,1,18.0,0,0,250,38,212,191,0.764,15,0.3947,15,0.3947,176,0.8302,55,237,231,19
22.0,16.0,3,1,24.0,0,0,250,38,212,191,0.764,15,0.3947,15,0.3947,176,0.8302,55,237,231,19
24.0,6.0,3,1,12.0,0,0,250,38,212,191,0.764,12,0.3158,12,0.3158,179,0.8443,45,238,238,26
24.0,6.0,3,1,18.0,0,0,250,38,212,191,0.764,12,0.3158,12,0.3158,179,0.8443,45,238,238,26
24.0,6.0,3,1,24.0,0,0,250,38,212,191,0.764,12,0.3158,12,0.3158,179,0.8443,45,238,238,26
24.0,6.0,3,1,32.0,0,0,250,38,212,191,0.764,12,0.3158,12,0.3158,179,0.8443,45,238,238,26
24.0,6.0,3,2,12.0,0,0,250,38,212,191,0.764,12,0.3158,12,0.3158,179,0.8443,45,238,238,26
24.0,6.0,3,2,18.0,0,0,250,38,212,191,0.764,12,0.3158,12,0.3158,179,0.8443,45,238,238,26
24.0,6.0,3,2,24.0,0,0,250,38,212,191,0.764,12,0.3158,12,0.3158,179,0.8443,45,238,238,26
24.0,6.0,3,2,32.0,0,0,250,38,212,191,0.764,12,0.3158,12,0.3158,179,0.8443,45,238,238,26
24.0,8.0,3,1,12.0,0,0,250,38,212,191,0.764,12,0.3158,12,0.3158,179,0.8443,45,238,238,26
24.0,8.0,3,1,18.0,0,0,250,38,212,191,0.764,12,0.3158,12,0.3158,179,0.8443,45,238,238,26
24.0,8.0,3,1,24.0,0,0,250,38,212,191,0.764,12,0.3158,12,0.3158,179,0.8443,45,238,238,26
24.0,8.0,3,1,32.0,0,0,250,38,212,191,0.764,12,0.3158,12,0.3158,179,0.8443,45,238,238,26
24.0,8.0,3,2,12.0,0,0,250,38,212,191,0.764,12,0.3158,12,0.3158,179,0.8443,45,238,238,26
24.0,8.0,3,2,18.0,0,0,250,38,212,191,0.764,12,0.3158,12,0.3158,179,0.8443,45,238,238,26
24.0,8.0,3,2,24.0,0,0,250,38,212,191,0.764,12,0.3158,12,0.3158,179,0.8443,45,238,238,26
24.0,8.0,3,2,32.0,0,0,250,38,212,191,0.764,12,0.3158,12,0.3158,179,0.8443,45,238,238,26
24.0,10.0,3,1,12.0,0,0,250,38,212,191,0.764,12,0.3158,12,0.3158,179,0.8443,45,238,238,26
24.0,10.0,3,1,18.0,0,0,250,38,212,191,0.764,12,0.3158,12,0.3158,179,0.8443,45,238,238,26
24.0,10.0,3,1,24.0,0,0,250,38,212,191,0.764,12,0.3158,12,0.3158,179,0.8443,45,238,238,26
24.0,10.0,3,1,32.0,0,0,250,38,212,191,0.764,12,0.3158,12,0.3158,179,0.8443,45,238,238,26
24.0,10.0,3,2,12.0,0,0,250,38,212,191,0.764,12,0.3158,12,0.3158,179,0.8443,45,238,238,26
24.0,10.0,3,2,18.0,0,0,250,38,212,191,0.764,12,0.3158,12,0.3158,179,0.8443,45,238,238,26
24.0,10.0,3,2,24.0,0,0,250,38,212,191,0.764,12,0.3158,12,0.3158,179,0.8443,45,238,238,26
24.0,10.0,3,2,32.0,0,0,250,38,212,191,0.764,12,0.3158,12,0.3158,179,0.8443,45,238,238,26
24.0,12.0,3,1,12.0,0,0,250,38,212,191,0.764,12,0.3158,12,0.3158,179,0.8443,45,238,238,26
24.0,12.0,3,1,18.0,0,0,250,38,212,191,0.764,12,0.3158,12,0.3158,179,0.8443,45,238,238,26
24.0,12.0,3,1,24.0,0,0,250,38,212,191,0.764,12,0.3158,12,0.3158,179,0.8443,45,238,238,26
24.0,12.0,3,1,32.0,0,0,250,38,212,191,0.764,12,0.3158,12,0.3158,179,0.8443,45,238,238,26
24.0,12.0,3,2,12.0,0,0,250,38,212,191,0.764,12,0.3158,12,0.3158,179,0.8443,45,238,238,26
24.0,12.0,3,2,18.0,0,0,250,38,212,191,0.764,12,0.3158,12,0.3158,179,0.8443,45,238,238,26
24.0,12.0,3,2,24.0,0,0,250,38,212,191,0.764,12,0.3158,12,0.3158,179,0.8443,45,238,238,26
24.0,12.0,3,2,32.0,0,0,250,38,212,191,0.764,12,0.3158,12,0.3158,179,0.8443,45,238,238,26
24.0,14.0,3,0,48.0,0,0,250,38,212,191,0.764,12,0.3158,12,0.3158,179,0.8443,45,238,238,26
24.0,14.0,3,1,48.0,0,0,250,38,212,191,0.764,12,0.3158,12,0.3158,179,0.8443,45,238,238,26
24.0,14.0,3,2,48.0,0,0,250,38,212,191,0.764,12,0.3158,12,0.3158,179,0.8443,45,238,238,26
22.0,22.0,1,2,12.0,0,0,250,38,212,190,0.76,22,0.5789,22,0.5789,168,0.7925,66,228,216,4
26.0,6.0,1,2,12.0,0,0,250,38,212,190,0.76,20,0.5263,20,0.5263,170,0.8019,62,228,228,16
26.0,6.0,1,2,18.0,0,0,250,38,212,190,0.76,20,0.5263,20,0.5263,170,0.8019,62,228,228,16
26.0,6.0,1,2,24.0,0,0,250,38,212,190,0.76,20,0.5263,20,0.5263,170,0.8019,62,228,228,16
26.0,6.0,1,2,32.0,0,0,250,38,212,190,0.76,20,0.5263,20,0.5263,170,0.8019,62,228,228,16
26.0,8.0,1,2,12.0,0,0,250,38,212,190,0.76,20,0.5263,20,0.5263,170,0.8019,62,228,228,16
26.0,8.0,1,2,18.0,0,0,250,38,212,190,0.76,20,0.5263,20,0.5263,170,0.8019,62,228,228,16
26.0,8.0,1,2,24.0,0,0,250,38,212,190,0.76,20,0.5263,20,0.5263,170,0.8019,62,228,228,16
26.0,8.0,1,2,32.0,0,0,250,38,212,190,0.76,20,0.5263,20,0.5263,170,0.8019,62,228,228,16
26.0,10.0,1,2,12.0,0,0,250,38,212,190,0.76,20,0.5263,20,0.5263,170,0.8019,62,228,228,16
26.0,10.0,1,2,18.0,0,0,250,38,212,190,0.76,20,0.5263,20,0.5263,170,0.8019,62,228,228,16
26.0,10.0,1,2,24.0,0,0,250,38,212,190,0.76,20,0.5263,20,0.5263,170,0.8019,62,228,228,16
26.0,10.0,1,2,32.0,0,0,250,38,212,190,0.76,20,0.5263,20,0.5263,170,0.8019,62,228,228,16
26.0,12.0,1,2,12.0,0,0,250,38,212,190,0.76,20,0.5263,20,0.5263,170,0.8019,62,228,228,16
26.0,12.0,1,2,18.0,0,0,250,38,212,190,0.76,20,0.5263,20,0.5263,170,0.8019,62,228,228,16
26.0,12.0,1,2,24.0,0,0,250,38,212,190,0.76,20,0.5263,20,0.5263,170,0.8019,62,228,228,16
26.0,12.0,1,2,32.0,0,0,250,38,212,190,0.76,20,0.5263,20,0.5263,170,0.8019,62,228,228,16
26.0,14.0,1,2,48.0,0,0,250,38,212,190,0.76,20,0.5263,20,0.5263,170,0.8019,62,228,228,16
26.0,14.0,1,1,12.0,0,0,250,38,212,190,0.76,19,0.5,19,0.5,171,0.8066,60,236,228,16
26.0,14.0,1,1,18.0,0,0,250,38,212,190,0.76,19,0.5,19,0.5,171,0.8066,60,236,228,16
26.0,14.0,1,1,24.0,0,0,250,38,212,190,0.76,19,0.5,19,0.5,171,0.8066,60,236,228,16
26.0,14.0,1,1,32.0,0,0,250,38,212,190,0.76,19,0.5,19,0.5,171,0.8066,60,236,228,16
26.0,16.0,1,0,48.0,0,0,250,38,212,190,0.76,19,0.5,19,0.5,171,0.8066,60,236,228,16
26.0,16.0,1,1,48.0,0,0,250,38,212,190,0.76,19,0.5,19,0.5,171,0.8066,60,236,228,16
22.0,18.0,2,0,48.0,0,0,250,38,212,190,0.76,18,0.4737,18,0.4737,172,0.8113,61,236,229,17
22.0,16.0,2,2,12.0,0,0,250,38,212,190,0.76,17,0.4474,17,0.4474,173,0.816,58,231,231,19
22.0,16.0,2,2,18.0,0,0,250,38,212,190,0.76,17,0.4474,17,0.4474,173,0.816,58,231,231,19
22.0,16.0,2,2,24.0,0,0,250,38,212,190,0.76,17,0.4474,17,0.4474,173,0.816,58,231,231,19
22.0,20.0,2,2,32.0,0,0,250,38,212,190,0.76,17,0.4474,17,0.4474,173,0.816,58,231,231,19
22.0,20.0,2,1,48.0,0,0,250,38,212,190,0.76,17,0.4474,17,0.4474,173,0.816,60,236,230,18
22.0,18.0,2,1,12.0,0,0,250,38,212,190,0.76,17,0.4474,17,0.4474,173,0.816,61,236,230,18
22.0,18.0,2,1,18.0,0,0,250,38,212,190,0.76,17,0.4474,17,0.4474,173,0.816,61,236,230,18
22.0,18.0,2,1,24.0,0,0,250,38,212,190,0.76,17,0.4474,17,0.4474,173,0.816,61,236,230,18
22.0,6.0,3,2,12.0,0,0,250,38,212,190,0.76,16,0.4211,16,0.4211,174,0.8208,58,232,232,20
22.0,6.0,3,2,18.0,0,0,250,38,212,190,0.76,16,0.4211,16,0.4211,174,0.8208,58,232,232,20
22.0,6.0,3,2,24.0,0,0,250,38,212,190,0.76,16,0.4211,16,0.4211,174,0.8208,58,232,232,20
22.0,8.0,3,2,12.0,0,0,250,38,212,190,0.76,16,0.4211,16,0.4211,174,0.8208,58,232,232,20
22.0,8.0,3,2,18.0,0,0,250,38,212,190,0.76,16,0.4211,16,0.4211,174,0.8208,58,232,232,20
22.0,8.0,3,2,24.0,0,0,250,38,212,190,0.76,16,0.4211,16,0.4211,174,0.8208,58,232,232,20
22.0,10.0,3,2,12.0,0,0,250,38,212,190,0.76,16,0.4211,16,0.4211,174,0.8208,58,232,232,20
22.0,10.0,3,2,18.0,0,0,250,38,212,190,0.76,16,0.4211,16,0.4211,174,0.8208,58,232,232,20
22.0,10.0,3,2,24.0,0,0,250,38,212,190,0.76,16,0.4211,16,0.4211,174,0.8208,58,232,232,20
22.0,12.0,3,2,12.0,0,0,250,38,212,190,0.76,16,0.4211,16,0.4211,174,0.8208,58,232,232,20
22.0,12.0,3,2,18.0,0,0,250,38,212,190,0.76,16,0.4211,16,0.4211,174,0.8208,58,232,232,20
22.0,12.0,3,2,24.0,0,0,250,38,212,190,0.76,16,0.4211,16,0.4211,174,0.8208,58,232,232,20
20.0,20.0,3,1,12.0,0,0,250,38,212,190,0.76,15,0.3947,15,0.3947,175,0.8255,55,237,231,19
20.0,20.0,3,1,18.0,0,0,250,38,212,190,0.76,15,0.3947,15,0.3947,175,0.8255,55,237,231,19
20.0,20.0,3,1,24.0,0,0,250,38,212,190,0.76,15,0.3947,15,0.3947,175,0.8255,55,237,231,19
22.0,14.0,3,1,12.0,0,0,250,38,212,190,0.76,15,0.3947,15,0.3947,175,0.8255,56,237,231,19
22.0,14.0,3,1,18.0,0,0,250,38,212,190,0.76,15,0.3947,15,0.3947,175,0.8255,56,237,231,19
22.0,14.0,3,1,24.0,0,0,250,38,212,190,0.76,15,0.3947,15,0.3947,175,0.8255,56,237,231,19
24.0,6.0,3,0,48.0,0,0,250,38,212,190,0.76,12,0.3158,12,0.3158,178,0.8396,46,238,238,26
24.0,6.0,3,1,48.0,0,0,250,38,212,190,0.76,12,0.3158,12,0.3158,178,0.8396,46,238,238,26
24.0,6.0,3,2,48.0,0,0,250,38,212,190,0.76,12,0.3158,12,0.3158,178,0.8396,46,238,238,26
24.0,8.0,3,0,48.0,0,0,250,38,212,190,0.76,12,0.3158,12,0.3158,178,0.8396,46,238,238,26
24.0,8.0,3,1,48.0,0,0,250,38,212,190,0.76,12,0.3158,12,0.3158,178,0.8396,46,238,238,26
24.0,8.0,3,2,48.0,0,0,250,38,212,190,0.76,12,0.3158,12,0.3158,178,0.8396,46,238,238,26
24.0,10.0,3,0,48.0,0,0,250,38,212,190,0.76,12,0.3158,12,0.3158,178,0.8396,46,238,238,26
24.0,10.0,3,1,48.0,0,0,250,38,212,190,0.76,12,0.3158,12,0.3158,178,0.8396,46,238,238,26
24.0,10.0,3,2,48.0,0,0,250,38,212,190,0.76,12,0.3158,12,0.3158,178,0.8396,46,238,238,26
24.0,12.0,3,0,48.0,0,0,250,38,212,190,0.76,12,0.3158,12,0.3158,178,0.8396,46,238,238,26
24.0,12.0,3,1,48.0,0,0,250,38,212,190,0.76,12,0.3158,12,0.3158,178,0.8396,46,238,238,26
24.0,12.0,3,2,48.0,0,0,250,38,212,190,0.76,12,0.3158,12,0.3158,178,0.8396,46,238,238,26
24.0,20.0,2,2,18.0,0,0,250,38,212,190,0.76,11,0.2895,11,0.2895,179,0.8443,46,239,239,27
24.0,20.0,2,2,24.0,0,0,250,38,212,190,0.76,11,0.2895,11,0.2895,179,0.8443,46,239,239,27
24.0,20.0,2,2,32.0,0,0,250,38,212,190,0.76,11,0.2895,11,0.2895,179,0.8443,46,239,239,27
26.0,6.0,1,2,48.0,0,0,250,38,212,189,0.756,20,0.5263,20,0.5263,169,0.7972,63,228,228,16
26.0,8.0,1,2,48.0,0,0,250,38,212,189,0.756,20,0.5263,20,0.5263,169,0.7972,63,228,228,16
26.0,10.0,1,2,48.0,0,0,250,38,212,189,0.756,20,0.5263,20,0.5263,169,0.7972,63,228,228,16
26.0,12.0,1,2,48.0,0,0,250,38,212,189,0.756,20,0.5263,20,0.5263,169,0.7972,63,228,228,16
26.0,6.0,1,1,12.0,0,0,250,38,212,189,0.756,19,0.5,19,0.5,170,0.8019,61,236,228,16
26.0,6.0,1,1,18.0,0,0,250,38,212,189,0.756,19,0.5,19,0.5,170,0.8019,61,236,228,16
26.0,6.0,1,1,24.0,0,0,250,38,212,189,0.756,19,0.5,19,0.5,170,0.8019,61,236,228,16
26.0,6.0,1,1,32.0,0,0,250,38,212,189,0.756,19,0.5,19,0.5,170,0.8019,61,236,228,16
26.0,8.0,1,1,12.0,0,0,250,38,212,189,0.756,19,0.5,19,0.5,170,0.8019,61,236,228,16
26.0,8.0,1,1,18.0,0,0,250,38,212,189,0.756,19,0.5,19,0.5,170,0.8019,61,236,228,16
26.0,8.0,1,1,24.0,0,0,250,38,212,189,0.756,19,0.5,19,0.5,170,0.8019,61,236,228,16
26.0,8.0,1,1,32.0,0,0,250,38,212,189,0.756,19,0.5,19,0.5,170,0.8019,61,236,228,16
26.0,10.0,1,1,12.0,0,0,250,38,212,189,0.756,19,0.5,19,0.5,170,0.8019,61,236,228,16
26.0,10.0,1,1,18.0,0,0,250,38,212,189,0.756,19,0.5,19,0.5,170,0.8019,61,236,228,16
26.0,10.0,1,1,24.0,0,0,250,38,212,189,0.756,19,0.5,19,0.5,170,0.8019,61,236,228,16
26.0,10.0,1,1,32.0,0,0,250,38,212,189,0.756,19,0.5,19,0.5,170,0.8019,61,236,228,16
26.0,12.0,1,1,12.0,0,0,250,38,212,189,0.756,19,0.5,19,0.5,170,0.8019,61,236,228,16
26.0,12.0,1,1,18.0,0,0,250,38,212,189,0.756,19,0.5,19,0.5,170,0.8019,61,236,228,16
26.0,12.0,1,1,24.0,0,0,250,38,212,189,0.756,19,0.5,19,0.5,170,0.8019,61,236,228,16
26.0,12.0,1,1,32.0,0,0,250,38,212,189,0.756,19,0.5,19,0.5,170,0.8019,61,236,228,16
26.0,14.0,1,0,48.0,0,0,250,38,212,189,0.756,19,0.5,19,0.5,170,0.8019,61,236,228,16
26.0,14.0,1,1,48.0,0,0,250,38,212,189,0.756,19,0.5,19,0.5,170,0.8019,61,236,228,16
22.0,14.0,2,2,12.0,0,0,250,38,212,189,0.756,17,0.4474,17,0.4474,172,0.8113,59,231,231,19
22.0,14.0,2,2,18.0,0,0,250,38,212,189,0.756,17,0.4474,17,0.4474,172,0.8113,59,231,231,19
22.0,14.0,2,2,24.0,0,0,250,38,212,189,0.756,17,0.4474,17,0.4474,172,0.8113,59,231,231,19
22.0,20.0,2,2,48.0,0,0,250,38,212,189,0.756,17,0.4474,17,0.4474,172,0.8113,59,231,231,19
24.0,22.0,1,2,12.0,0,0,250,38,212,189,0.756,17,0.4474,17,0.4474,172,0.8113,59,231,231,19
22.0,16.0,2,1,12.0,0,0,250,38,212,189,0.756,17,0.4474,17,0.4474,172,0.8113,62,236,230,18
22.0,16.0,2,1,18.0,0,0,250,38,212,189,0.756,17,0.4474,17,0.4474,172,0.8113,62,236,230,18
22.0,16.0,2,1,24.0,0,0,250,38,212,189,0.756,17,0.4474,17,0.4474,172,0.8113,62,236,230,18
20.0,20.0,3,2,18.0,0,0,250,38,212,189,0.756,16,0.4211,16,0.4211,173,0.816,56,232,232,20
20.0,20.0,3,2,24.0,0,0,250,38,212,189,0.756,16,0.4211,16,0.4211,173,0.816,56,232,232,20
20.0,18.0,3,0,12.0,0,0,250,38,212,189,0.756,16,0.4211,16,0.4211,173,0.816,57,237,230,18
20.0,18.0,3,0,18.0,0,0,250,38,212,189,0.756,16,0.4211,16,0.4211,173,0.816,57,237,230,18
20.0,18.0,3,0,24.0,0,0,250,38,212,189,0.756,16,0.4211,16,0.4211,173,0.816,57,237,230,18
22.0,6.0,3,1,12.0,0,0,250,38,212,189,0.756,15,0.3947,15,0.3947,174,0.8208,57,237,231,19
22.0,6.0,3,1,18.0,0,0,250,38,212,189,0.756,15,0.3947,15,0.3947,174,0.8208,57,237,231,19
22.0,6.0,3,1,24.0,0,0,250,38,212,189,0.756,15,0.3947,15,0.3947,174,0.8208,57,237,231,19
22.0,8.0,3,1,12.0,0,0,250,38,212,189,0.756,15,0.3947,15,0.3947,174,0.8208,57,237,231,19
22.0,8.0,3,1,18.0,0,0,250,38,212,189,0.756,15,0.3947,15,0.3947,174,0.8208,57,237,231,19
22.0,8.0,3,1,24.0,0,0,250,38,212,189,0.756,15,0.3947,15,0.3947,174,0.8208,57,237,231,19
22.0,10.0,3,1,12.0,0,0,250,38,212,189,0.756,15,0.3947,15,0.3947,174,0.8208,57,237,231,19
22.0,10.0,3,1,18.0,0,0,250,38,212,189,0.756,15,0.3947,15,0.3947,174,0.8208,57,237,231,19
22.0,10.0,3,1,24.0,0,0,250,38,212,189,0.756,15,0.3947,15,0.3947,174,0.8208,57,237,231,19
22.0,12.0,3,1,12.0,0,0,250,38,212,189,0.756,15,0.3947,15,0.3947,174,0.8208,57,237,231,19
22.0,12.0,3,1,18.0,0,0,250,38,212,189,0.756,15,0.3947,15,0.3947,174,0.8208,57,237,231,19
22.0,12.0,3,1,24.0,0,0,250,38,212,189,0.756,15,0.3947,15,0.3947,174,0.8208,57,237,231,19
24.0,20.0,2,2,48.0,0,0,250,38,212,189,0.756,11,0.2895,11,0.2895,178,0.8396,47,239,239,27
22.0,22.0,1,2,18.0,0,0,250,38,212,188,0.752,22,0.5789,22,0.5789,166,0.783,68,228,216,4
22.0,22.0,1,2,24.0,0,0,250,38,212,188,0.752,22,0.5789,22,0.5789,166,0.783,68,228,216,4
26.0,6.0,1,0,48.0,0,0,250,38,212,188,0.752,19,0.5,19,0.5,169,0.7972,62,236,228,16
26.0,6.0,1,1,48.0,0,0,250,38,212,188,0.752,19,0.5,19,0.5,169,0.7972,62,236,228,16
26.0,8.0,1,0,48.0,0,0,250,38,212,188,0.752,19,0.5,19,0.5,169,0.7972,62,236,228,16
26.0,8.0,1,1,48.0,0,0,250,38,212,188,0.752,19,0.5,19,0.5,169,0.7972,62,236,228,16
26.0,10.0,1,0,48.0,0,0,250,38,212,188,0.752,19,0.5,19,0.5,169,0.7972,62,236,228,16
26.0,10.0,1,1,48.0,0,0,250,38,212,188,0.752,19,0.5,19,0.5,169,0.7972,62,236,228,16
26.0,12.0,1,0,48.0,0,0,250,38,212,188,0.752,19,0.5,19,0.5,169,0.7972,62,236,228,16
26.0,12.0,1,1,48.0,0,0,250,38,212,188,0.752,19,0.5,19,0.5,169,0.7972,62,236,228,16
22.0,6.0,2,2,12.0,0,0,250,38,212,188,0.752,17,0.4474,17,0.4474,171,0.8066,60,231,231,19
22.0,6.0,2,2,18.0,0,0,250,38,212,188,0.752,17,0.4474,17,0.4474,171,0.8066,60,231,231,19
22.0,6.0,2,2,24.0,0,0,250,38,212,188,0.752,17,0.4474,17,0.4474,171,0.8066,60,231,231,19
22.0,8.0,2,2,12.0,0,0,250,38,212,188,0.752,17,0.4474,17,0.4474,171,0.8066,60,231,231,19
22.0,8.0,2,2,18.0,0,0,250,38,212,188,0.752,17,0.4474,17,0.4474,171,0.8066,60,231,231,19
22.0,8.0,2,2,24.0,0,0,250,38,212,188,0.752,17,0.4474,17,0.4474,171,0.8066,60,231,231,19
22.0,10.0,2,2,12.0,0,0,250,38,212,188,0.752,17,0.4474,17,0.4474,171,0.8066,60,231,231,19
22.0,10.0,2,2,18.0,0,0,250,38,212,188,0.752,17,0.4474,17,0.4474,171,0.8066,60,231,231,19
22.0,10.0,2,2,24.0,0,0,250,38,212,188,0.752,17,0.4474,17,0.4474,171,0.8066,60,231,231,19
22.0,12.0,2,2,12.0,0,0,250,38,212,188,0.752,17,0.4474,17,0.4474,171,0.8066,60,231,231,19
22.0,12.0,2,2,18.0,0,0,250,38,212,188,0.752,17,0.4474,17,0.4474,171,0.8066,60,231,231,19
22.0,12.0,2,2,24.0,0,0,250,38,212,188,0.752,17,0.4474,17,0.4474,171,0.8066,60,231,231,19
22.0,14.0,2,1,12.0,0,0,250,38,212,188,0.752,17,0.4474,17,0.4474,171,0.8066,63,236,230,18
22.0,14.0,2,1,18.0,0,0,250,38,212,188,0.752,17,0.4474,17,0.4474,171,0.8066,63,236,230,18
22.0,14.0,2,1,24.0,0,0,250,38,212,188,0.752,17,0.4474,17,0.4474,171,0.8066,63,236,230,18
20.0,20.0,3,0,32.0,0,0,250,38,212,188,0.752,16,0.4211,16,0.4211,172,0.8113,58,237,230,18
24.0,22.0,1,1,12.0,0,0,250,38,212,188,0.752,16,0.4211,16,0.4211,172,0.8113,58,236,231,19
22.0,22.0,1,1,12.0,0,0,250,38,212,187,0.748,21,0.5526,21,0.5526,166,0.783,68,235,216,4
24.0,22.0,1,2,18.0,0,0,250,38,212,187,0.748,17,0.4474,17,0.4474,170,0.8019,61,231,231,19
24.0,22.0,1,2,24.0,0,0,250,38,212,187,0.748,17,0.4474,17,0.4474,170,0.8019,61,231,231,19
24.0,22.0,1,2,32.0,0,0,250,38,212,187,0.748,17,0.4474,17,0.4474,170,0.8019,61,231,231,19
24.0,22.0,1,2,48.0,0,0,250,38,212,187,0.748,17,0.4474,17,0.4474,170,0.8019,61,231,231,19
22.0,6.0,2,1,12.0,0,0,250,38,212,187,0.748,17,0.4474,17,0.4474,170,0.8019,64,236,230,18
22.0,6.0,2,1,18.0,0,0,250,38,212,187,0.748,17,0.4474,17,0.4474,170,0.8019,64,236,230,18
22.0,6.0,2,1,24.0,0,0,250,38,212,187,0.748,17,0.4474,17,0.4474,170,0.8019,64,236,230,18
22.0,8.0,2,1,12.0,0,0,250,38,212,187,0.748,17,0.4474,17,0.4474,170,0.8019,64,236,230,18
22.0,8.0,2,1,18.0,0,0,250,38,212,187,0.748,17,0.4474,17,0.4474,170,0.8019,64,236,230,18
22.0,8.0,2,1,24.0,0,0,250,38,212,187,0.748,17,0.4474,17,0.4474,170,0.8019,64,236,230,18
22.0,10.0,2,1,12.0,0,0,250,38,212,187,0.748,17,0.4474,17,0.4474,170,0.8019,64,236,230,18
22.0,10.0,2,1,18.0,0,0,250,38,212,187,0.748,17,0.4474,17,0.4474,170,0.8019,64,236,230,18
22.0,10.0,2,1,24.0,0,0,250,38,212,187,0.748,17,0.4474,17,0.4474,170,0.8019,64,236,230,18
22.0,12.0,2,1,12.0,0,0,250,38,212,187,0.748,17,0.4474,17,0.4474,170,0.8019,64,236,230,18
22.0,12.0,2,1,18.0,0,0,250,38,212,187,0.748,17,0.4474,17,0.4474,170,0.8019,64,236,230,18
22.0,12.0,2,1,24.0,0,0,250,38,212,187,0.748,17,0.4474,17,0.4474,170,0.8019,64,236,230,18
20.0,16.0,3,0,12.0,0,0,250,38,212,187,0.748,16,0.4211,16,0.4211,171,0.8066,59,237,230,18
20.0,16.0,3,0,18.0,0,0,250,38,212,187,0.748,16,0.4211,16,0.4211,171,0.8066,59,237,230,18
20.0,16.0,3,0,24.0,0,0,250,38,212,187,0.748,16,0.4211,16,0.4211,171,0.8066,59,237,230,18
24.0,22.0,1,1,18.0,0,0,250,38,212,187,0.748,16,0.4211,16,0.4211,171,0.8066,59,236,231,19
24.0,22.0,1,1,24.0,0,0,250,38,212,187,0.748,16,0.4211,16,0.4211,171,0.8066,59,236,231,19
24.0,22.0,1,1,32.0,0,0,250,38,212,187,0.748,16,0.4211,16,0.4211,171,0.8066,59,236,231,19
24.0,22.0,1,1,48.0,0,0,250,38,212,187,0.748,16,0.4211,16,0.4211,171,0.8066,59,236,231,19
22.0,22.0,1,2,32.0,0,0,250,38,212,186,0.744,22,0.5789,22,0.5789,164,0.7736,70,228,216,4
22.0,22.0,1,2,48.0,0,0,250,38,212,186,0.744,22,0.5789,22,0.5789,164,0.7736,70,228,216,4
20.0,6.0,3,0,12.0,0,0,250,38,212,186,0.744,16,0.4211,16,0.4211,170,0.8019,60,237,230,18
20.0,6.0,3,0,18.0,0,0,250,38,212,186,0.744,16,0.4211,16,0.4211,170,0.8019,60,237,230,18
20.0,6.0,3,0,24.0,0,0,250,38,212,186,0.744,16,0.4211,16,0.4211,170,0.8019,60,237,230,18
20.0,8.0,3,0,12.0,0,0,250,38,212,186,0.744,16,0.4211,16,0.4211,170,0.8019,60,237,230,18
20.0,8.0,3,0,18.0,0,0,250,38,212,186,0.744,16,0.4211,16,0.4211,170,0.8019,60,237,230,18
20.0,8.0,3,0,24.0,0,0,250,38,212,186,0.744,16,0.4211,16,0.4211,170,0.8019,60,237,230,18
20.0,10.0,3,0,12.0,0,0,250,38,212,186,0.744,16,0.4211,16,0.4211,170,0.8019,60,237,230,18
20.0,10.0,3,0,18.0,0,0,250,38,212,186,0.744,16,0.4211,16,0.4211,170,0.8019,60,237,230,18
20.0,10.0,3,0,24.0,0,0,250,38,212,186,0.744,16,0.4211,16,0.4211,170,0.8019,60,237,230,18
20.0,12.0,3,0,12.0,0,0,250,38,212,186,0.744,16,0.4211,16,0.4211,170,0.8019,60,237,230,18
20.0,12.0,3,0,18.0,0,0,250,38,212,186,0.744,16,0.4211,16,0.4211,170,0.8019,60,237,230,18
20.0,12.0,3,0,24.0,0,0,250,38,212,186,0.744,16,0.4211,16,0.4211,170,0.8019,60,237,230,18
20.0,14.0,3,0,12.0,0,0,250,38,212,186,0.744,16,0.4211,16,0.4211,170,0.8019,60,237,230,18
20.0,14.0,3,0,18.0,0,0,250,38,212,186,0.744,16,0.4211,16,0.4211,170,0.8019,60,237,230,18
20.0,14.0,3,0,24.0,0,0,250,38,212,186,0.744,16,0.4211,16,0.4211,170,0.8019,60,237,230,18
20.0,18.0,3,0,32.0,0,0,250,38,212,186,0.744,16,0.4211,16,0.4211,170,0.8019,60,237,230,18
20.0,20.0,3,0,48.0,0,0,250,38,212,186,0.744,16,0.4211,16,0.4211,170,0.8019,60,237,230,18
20.0,20.0,3,1,32.0,0,0,250,38,212,186,0.744,15,0.3947,15,0.3947,171,0.8066,59,237,231,19
24.0,18.0,2,1,12.0,0,0,250,38,212,186,0.744,12,0.3158,12,0.3158,174,0.8208,52,238,238,26
24.0,18.0,2,1,18.0,0,0,250,38,212,186,0.744,12,0.3158,12,0.3158,174,0.8208,52,238,238,26
24.0,18.0,2,1,24.0,0,0,250,38,212,186,0.744,12,0.3158,12,0.3158,174,0.8208,52,238,238,26
22.0,22.0,1,1,18.0,0,0,250,38,212,185,0.74,21,0.5526,21,0.5526,164,0.7736,70,235,216,4
22.0,22.0,1,1,24.0,0,0,250,38,212,185,0.74,21,0.5526,21,0.5526,164,0.7736,70,235,216,4
20.0,20.0,2,0,12.0,0,0,250,38,212,185,0.74,18,0.4737,18,0.4737,167,0.7877,66,236,229,17
20.0,20.0,2,0,18.0,0,0,250,38,212,185,0.74,18,0.4737,18,0.4737,167,0.7877,66,236,229,17
20.0,20.0,2,0,24.0,0,0,250,38,212,185,0.74,18,0.4737,18,0.4737,167,0.7877,66,236,229,17
20.0,20.0,2,2,12.0,0,0,250,38,212,185,0.74,17,0.4474,17,0.4474,168,0.7925,65,231,231,19
22.0,16.0,3,0,48.0,0,0,250,38,212,185,0.74,16,0.4211,16,0.4211,169,0.7972,61,237,230,18
20.0,20.0,3,1,48.0,0,0,250,38,212,185,0.74,15,0.3947,15,0.3947,170,0.8019,60,237,231,19
24.0,16.0,2,0,48.0,0,0,250,38,212,185,0.74,13,0.3421,13,0.3421,172,0.8113,55,237,237,25
24.0,16.0,2,1,12.0,0,0,250,38,212,185,0.74,12,0.3158,12,0.3158,173,0.816,53,238,238,26
24.0,16.0,2,1,18.0,0,0,250,38,212,185,0.74,12,0.3158,12,0.3158,173,0.816,53,238,238,26
24.0,16.0,2,1,24.0,0,0,250,38,212,185,0.74,12,0.3158,12,0.3158,173,0.816,53,238,238,26
24.0,18.0,2,2,12.0,0,0,250,38,212,185,0.74,11,0.2895,11,0.2895,174,0.8208,51,239,239,27
24.0,18.0,2,2,18.0,0,0,250,38,212,185,0.74,11,0.2895,11,0.2895,174,0.8208,51,239,239,27
24.0,18.0,2,2,24.0,0,0,250,38,212,185,0.74,11,0.2895,11,0.2895,174,0.8208,51,239,239,27
20.0,20.0,2,1,12.0,0,0,250,38,212,184,0.736,17,0.4474,17,0.4474,167,0.7877,66,236,230,18
20.0,20.0,2,1,18.0,0,0,250,38,212,184,0.736,17,0.4474,17,0.4474,167,0.7877,66,236,230,18
20.0,20.0,2,1,24.0,0,0,250,38,212,184,0.736,17,0.4474,17,0.4474,167,0.7877,66,236,230,18
20.0,20.0,3,2,32.0,0,0,250,38,212,184,0.736,16,0.4211,16,0.4211,168,0.7925,61,232,232,20
20.0,16.0,3,0,32.0,0,0,250,38,212,184,0.736,16,0.4211,16,0.4211,168,0.7925,62,237,230,18
20.0,18.0,3,0,48.0,0,0,250,38,212,184,0.736,16,0.4211,16,0.4211,168,0.7925,62,237,230,18
22.0,14.0,3,0,48.0,0,0,250,38,212,184,0.736,16,0.4211,16,0.4211,168,0.7925,62,237,230,18
22.0,18.0,3,1,32.0,0,0,250,38,212,184,0.736,15,0.3947,15,0.3947,169,0.7972,62,237,231,19
24.0,14.0,2,0,48.0,0,0,250,38,212,184,0.736,13,0.3421,13,0.3421,171,0.8066,56,237,237,25
24.0,14.0,2,1,12.0,0,0,250,38,212,184,0.736,12,0.3158,12,0.3158,172,0.8113,54,238,238,26
24.0,14.0,2,1,18.0,0,0,250,38,212,184,0.736,12,0.3158,12,0.3158,172,0.8113,54,238,238,26
24.0,14.0,2,1,24.0,0,0,250,38,212,184,0.736,12,0.3158,12,0.3158,172,0.8113,54,238,238,26
24.0,18.0,2,1,32.0,0,0,250,38,212,184,0.736,12,0.3158,12,0.3158,172,0.8113,54,238,238,26
24.0,16.0,2,2,12.0,0,0,250,38,212,184,0.736,11,0.2895,11,0.2895,173,0.816,52,239,239,27
24.0,16.0,2,2,18.0,0,0,250,38,212,184,0.736,11,0.2895,11,0.2895,173,0.816,52,239,239,27
24.0,16.0,2,2,24.0,0,0,250,38,212,184,0.736,11,0.2895,11,0.2895,173,0.816,52,239,239,27
22.0,22.0,1,1,32.0,0,0,250,38,212,183,0.732,21,0.5526,21,0.5526,162,0.7642,72,235,216,4
22.0,22.0,1,1,48.0,0,0,250,38,212,183,0.732,21,0.5526,21,0.5526,162,0.7642,72,235,216,4
22.0,22.0,1,0,12.0,0,0,250,38,212,183,0.732,21,0.5526,21,0.5526,162,0.7642,75,236,216,4
22.0,22.0,1,0,18.0,0,0,250,38,212,183,0.732,21,0.5526,21,0.5526,162,0.7642,75,236,216,4
22.0,22.0,1,0,24.0,0,0,250,38,212,183,0.732,21,0.5526,21,0.5526,162,0.7642,75,236,216,4
24.0,20.0,1,0,12.0,0,0,250,38,212,183,0.732,19,0.5,19,0.5,164,0.7736,71,236,228,16
24.0,20.0,1,0,18.0,0,0,250,38,212,183,0.732,19,0.5,19,0.5,164,0.7736,71,236,228,16
24.0,20.0,1,0,24.0,0,0,250,38,212,183,0.732,19,0.5,19,0.5,164,0.7736,71,236,228,16
24.0,20.0,1,0,32.0,0,0,250,38,212,183,0.732,19,0.5,19,0.5,164,0.7736,71,236,228,16
20.0,18.0,2,0,12.0,0,0,250,38,212,183,0.732,18,0.4737,18,0.4737,165,0.7783,68,236,229,17
20.0,18.0,2,0,18.0,0,0,250,38,212,183,0.732,18,0.4737,18,0.4737,165,0.7783,68,236,229,17
20.0,18.0,2,0,24.0,0,0,250,38,212,183,0.732,18,0.4737,18,0.4737,165,0.7783,68,236,229,17
20.0,20.0,2,0,32.0,0,0,250,38,212,183,0.732,18,0.4737,18,0.4737,165,0.7783,68,236,229,17
20.0,20.0,2,2,18.0,0,0,250,38,212,183,0.732,17,0.4474,17,0.4474,166,0.783,67,231,231,19
20.0,20.0,2,2,24.0,0,0,250,38,212,183,0.732,17,0.4474,17,0.4474,166,0.783,67,231,231,19
20.0,18.0,3,2,12.0,0,0,250,38,212,183,0.732,16,0.4211,16,0.4211,167,0.7877,62,232,232,20
20.0,18.0,3,2,18.0,0,0,250,38,212,183,0.732,16,0.4211,16,0.4211,167,0.7877,62,232,232,20
20.0,18.0,3,2,24.0,0,0,250,38,212,183,0.732,16,0.4211,16,0.4211,167,0.7877,62,232,232,20
20.0,20.0,3,2,48.0,0,0,250,38,212,183,0.732,16,0.4211,16,0.4211,167,0.7877,62,232,232,20
20.0,6.0,3,0,32.0,0,0,250,38,212,183,0.732,16,0.4211,16,0.4211,167,0.7877,63,237,230,18
20.0,8.0,3,0,32.0,0,0,250,38,212,183,0.732,16,0.4211,16,0.4211,167,0.7877,63,237,230,18
20.0,10.0,3,0,32.0,0,0,250,38,212,183,0.732,16,0.4211,16,0.4211,167,0.7877,63,237,230,18
20.0,12.0,3,0,32.0,0,0,250,38,212,183,0.732,16,0.4211,16,0.4211,167,0.7877,63,237,230,18
20.0,14.0,3,0,32.0,0,0,250,38,212,183,0.732,16,0.4211,16,0.4211,167,0.7877,63,237,230,18
22.0,6.0,3,0,48.0,0,0,250,38,212,183,0.732,16,0.4211,16,0.4211,167,0.7877,63,237,230,18
22.0,8.0,3,0,48.0,0,0,250,38,212,183,0.732,16,0.4211,16,0.4211,167,0.7877,63,237,230,18
22.0,10.0,3,0,48.0,0,0,250,38,212,183,0.732,16,0.4211,16,0.4211,167,0.7877,63,237,230,18
22.0,12.0,3,0,48.0,0,0,250,38,212,183,0.732,16,0.4211,16,0.4211,167,0.7877,63,237,230,18
22.0,16.0,3,1,32.0,0,0,250,38,212,183,0.732,15,0.3947,15,0.3947,168,0.7925,63,237,231,19
22.0,18.0,3,1,48.0,0,0,250,38,212,183,0.732,15,0.3947,15,0.3947,168,0.7925,63,237,231,19
24.0,6.0,2,0,48.0,0,0,250,38,212,183,0.732,13,0.3421,13,0.3421,170,0.8019,57,237,237,25
24.0,8.0,2,0,48.0,0,0,250,38,212,183,0.732,13,0.3421,13,0.3421,170,0.8019,57,237,237,25
24.0,10.0,2,0,48.0,0,0,250,38,212,183,0.732,13,0.3421,13,0.3421,170,0.8019,57,237,237,25
24.0,12.0,2,0,48.0,0,0,250,38,212,183,0.732,13,0.3421,13,0.3421,170,0.8019,57,237,237,25
24.0,6.0,2,1,12.0,0,0,250,38,212,183,0.732,12,0.3158,12,0.3158,171,0.8066,55,238,238,26
24.0,6.0,2,1,18.0,0,0,250,38,212,183,0.732,12,0.3158,12,0.3158,171,0.8066,55,238,238,26
24.0,6.0,2,1,24.0,0,0,250,38,212,183,0.732,12,0.3158,12,0.3158,171,0.8066,55,238,238,26
24.0,8.0,2,1,12.0,0,0,250,38,212,183,0.732,12,0.3158,12,0.3158,171,0.8066,55,238,238,26
24.0,8.0,2,1,18.0,0,0,250,38,212,183,0.732,12,0.3158,12,0.3158,171,0.8066,55,238,238,26
24.0,8.0,2,1,24.0,0,0,250,38,212,183,0.732,12,0.3158,12,0.3158,171,0.8066,55,238,238,26
24.0,10.0,2,1,12.0,0,0,250,38,212,183,0.732,12,0.3158,12,0.3158,171,0.8066,55,238,238,26
24.0,10.0,2,1,18.0,0,0,250,38,212,183,0.732,12,0.3158,12,0.3158,171,0.8066,55,238,238,26
24.0,10.0,2,1,24.0,0,0,250,38,212,183,0.732,12,0.3158,12,0.3158,171,0.8066,55,238,238,26
24.0,12.0,2,1,12.0,0,0,250,38,212,183,0.732,12,0.3158,12,0.3158,171,0.8066,55,238,238,26
24.0,12.0,2,1,18.0,0,0,250,38,212,183,0.732,12,0.3158,12,0.3158,171,0.8066,55,238,238,26
24.0,12.0,2,1,24.0,0,0,250,38,212,183,0.732,12,0.3158,12,0.3158,171,0.8066,55,238,238,26
24.0,16.0,2,1,32.0,0,0,250,38,212,183,0.732,12,0.3158,12,0.3158,171,0.8066,55,238,238,26
24.0,18.0,2,1,48.0,0,0,250,38,212,183,0.732,12,0.3158,12,0.3158,171,0.8066,55,238,238,26
24.0,14.0,2,2,12.0,0,0,250,38,212,183,0.732,11,0.2895,11,0.2895,172,0.8113,53,239,239,27
24.0,14.0,2,2,18.0,0,0,250,38,212,183,0.732,11,0.2895,11,0.2895,172,0.8113,53,239,239,27
24.0,14.0,2,2,24.0,0,0,250,38,212,183,0.732,11,0.2895,11,0.2895,172,0.8113,53,239,239,27
20.0,20.0,1,2,12.0,0,0,250,38,212,182,0.728,24,0.6316,24,0.6316,158,0.7453,80,227,218,6
22.0,20.0,1,2,12.0,0,0,250,38,212,182,0.728,21,0.5526,21,0.5526,161,0.7594,74,228,223,11
22.0,22.0,1,0,32.0,0,0,250,38,212,182,0.728,21,0.5526,21,0.5526,161,0.7594,76,236,216,4
22.0,22.0,1,0,48.0,0,0,250,38,212,182,0.728,21,0.5526,21,0.5526,161,0.7594,76,236,216,4
22.0,16.0,2,0,48.0,0,0,250,38,212,182,0.728,18,0.4737,18,0.4737,164,0.7736,69,236,229,17
22.0,18.0,2,1,32.0,0,0,250,38,212,182,0.728,17,0.4474,17,0.4474,165,0.7783,69,236,230,18
22.0,14.0,3,1,32.0,0,0,250,38,212,182,0.728,15,0.3947,15,0.3947,167,0.7877,64,237,231,19
22.0,16.0,3,1,48.0,0,0,250,38,212,182,0.728,15,0.3947,15,0.3947,167,0.7877,64,237,231,19
24.0,14.0,2,1,32.0,0,0,250,38,212,182,0.728,12,0.3158,12,0.3158,170,0.8019,56,238,238,26
24.0,16.0,2,1,48.0,0,0,250,38,212,182,0.728,12,0.3158,12,0.3158,170,0.8019,56,238,238,26
24.0,6.0,2,2,12.0,0,0,250,38,212,182,0.728,11,0.2895,11,0.2895,171,0.8066,54,239,239,27
24.0,6.0,2,2,18.0,0,0,250,38,212,182,0.728,11,0.2895,11,0.2895,171,0.8066,54,239,239,27
24.0,6.0,2,2,24.0,0,0,250,38,212,182,0.728,11,0.2895,11,0.2895,171,0.8066,54,239,239,27
24.0,8.0,2,2,12.0,0,0,250,38,212,182,0.728,11,0.2895,11,0.2895,171,0.8066,54,239,239,27
24.0,8.0,2,2,18.0,0,0,250,38,212,182,0.728,11,0.2895,11,0.2895,171,0.8066,54,239,239,27
24.0,8.0,2,2,24.0,0,0,250,38,212,182,0.728,11,0.2895,11,0.2895,171,0.8066,54,239,239,27
24.0,10.0,2,2,12.0,0,0,250,38,212,182,0.728,11,0.2895,11,0.2895,171,0.8066,54,239,239,27
24.0,10.0,2,2,18.0,0,0,250,38,212,182,0.728,11,0.2895,11,0.2895,171,0.8066,54,239,239,27
24.0,10.0,2,2,24.0,0,0,250,38,212,182,0.728,11,0.2895,11,0.2895,171,0.8066,54,239,239,27
24.0,12.0,2,2,12.0,0,0,250,38,212,182,0.728,11,0.2895,11,0.2895,171,0.8066,54,239,239,27
24.0,12.0,2,2,18.0,0,0,250,38,212,182,0.728,11,0.2895,11,0.2895,171,0.8066,54,239,239,27
24.0,12.0,2,2,24.0,0,0,250,38,212,182,0.728,11,0.2895,11,0.2895,171,0.8066,54,239,239,27
20.0,20.0,1,2,18.0,0,0,250,38,212,181,0.724,24,0.6316,24,0.6316,157,0.7406,81,227,218,6
20.0,20.0,1,2,24.0,0,0,250,38,212,181,0.724,24,0.6316,24,0.6316,157,0.7406,81,227,218,6
22.0,20.0,1,2,18.0,0,0,250,38,212,181,0.724,21,0.5526,21,0.5526,160,0.7547,75,228,223,11
22.0,20.0,1,2,24.0,0,0,250,38,212,181,0.724,21,0.5526,21,0.5526,160,0.7547,75,228,223,11
24.0,20.0,1,0,48.0,0,0,250,38,212,181,0.724,19,0.5,19,0.5,162,0.7642,73,236,228,16
20.0,16.0,2,0,12.0,0,0,250,38,212,181,0.724,18,0.4737,18,0.4737,163,0.7689,70,236,229,17
20.0,16.0,2,0,18.0,0,0,250,38,212,181,0.724,18,0.4737,18,0.4737,163,0.7689,70,236,229,17
20.0,16.0,2,0,24.0,0,0,250,38,212,181,0.724,18,0.4737,18,0.4737,163,0.7689,70,236,229,17
20.0,18.0,2,0,32.0,0,0,250,38,212,181,0.724,18,0.4737,18,0.4737,163,0.7689,70,236,229,17
20.0,20.0,2,0,48.0,0,0,250,38,212,181,0.724,18,0.4737,18,0.4737,163,0.7689,70,236,229,17
22.0,14.0,2,0,48.0,0,0,250,38,212,181,0.724,18,0.4737,18,0.4737,163,0.7689,70,236,229,17
20.0,20.0,2,1,32.0,0,0,250,38,212,181,0.724,17,0.4474,17,0.4474,164,0.7736,69,236,230,18
22.0,16.0,2,1,32.0,0,0,250,38,212,181,0.724,17,0.4474,17,0.4474,164,0.7736,70,236,230,18
22.0,18.0,2,1,48.0,0,0,250,38,212,181,0.724,17,0.4474,17,0.4474,164,0.7736,70,236,230,18
20.0,16.0,3,2,12.0,0,0,250,38,212,181,0.724,16,0.4211,16,0.4211,165,0.7783,64,232,232,20
20.0,16.0,3,2,18.0,0,0,250,38,212,181,0.724,16,0.4211,16,0.4211,165,0.7783,64,232,232,20
20.0,16.0,3,2,24.0,0,0,250,38,212,181,0.724,16,0.4211,16,0.4211,165,0.7783,64,232,232,20
20.0,18.0,3,1,12.0,0,0,250,38,212,181,0.724,15,0.3947,15,0.3947,166,0.783,65,237,231,19
20.0,18.0,3,1,18.0,0,0,250,38,212,181,0.724,15,0.3947,15,0.3947,166,0.783,65,237,231,19
20.0,18.0,3,1,24.0,0,0,250,38,212,181,0.724,15,0.3947,15,0.3947,166,0.783,65,237,231,19
22.0,6.0,3,1,32.0,0,0,250,38,212,181,0.724,15,0.3947,15,0.3947,166,0.783,65,237,231,19
22.0,8.0,3,1,32.0,0,0,250,38,212,181,0.724,15,0.3947,15,0.3947,166,0.783,65,237,231,19
22.0,10.0,3,1,32.0,0,0,250,38,212,181,0.724,15,0.3947,15,0.3947,166,0.783,65,237,231,19
22.0,12.0,3,1,32.0,0,0,250,38,212,181,0.724,15,0.3947,15,0.3947,166,0.783,65,237,231,19
22.0,14.0,3,1,48.0,0,0,250,38,212,181,0.724,15,0.3947,15,0.3947,166,0.783,65,237,231,19
24.0,6.0,2,1,32.0,0,0,250,38,212,181,0.724,12,0.3158,12,0.3158,169,0.7972,57,238,238,26
24.0,8.0,2,1,32.0,0,0,250,38,212,181,0.724,12,0.3158,12,0.3158,169,0.7972,57,238,238,26
24.0,10.0,2,1,32.0,0,0,250,38,212,181,0.724,12,0.3158,12,0.3158,169,0.7972,57,238,238,26
24.0,12.0,2,1,32.0,0,0,250,38,212,181,0.724,12,0.3158,12,0.3158,169,0.7972,57,238,238,26
24.0,14.0,2,1,48.0,0,0,250,38,212,181,0.724,12,0.3158,12,0.3158,169,0.7972,57,238,238,26
22.0,20.0,1,1,12.0,0,0,250,38,212,180,0.72,20,0.5263,20,0.5263,160,0.7547,75,235,223,11
20.0,6.0,2,0,12.0,0,0,250,38,212,180,0.72,18,0.4737,18,0.4737,162,0.7642,71,236,229,17
20.0,6.0,2,0,18.0,0,0,250,38,212,180,0.72,18,0.4737,18,0.4737,162,0.7642,71,236,229,17
20.0,6.0,2,0,24.0,0,0,250,38,212,180,0.72,18,0.4737,18,0.4737,162,0.7642,71,236,229,17
20.0,8.0,2,0,12.0,0,0,250,38,212,180,0.72,18,0.4737,18,0.4737,162,0.7642,71,236,229,17
20.0,8.0,2,0,18.0,0,0,250,38,212,180,0.72,18,0.4737,18,0.4737,162,0.7642,71,236,229,17
20.0,8.0,2,0,24.0,0,0,250,38,212,180,0.72,18,0.4737,18,0.4737,162,0.7642,71,236,229,17
20.0,10.0,2,0,12.0,0,0,250,38,212,180,0.72,18,0.4737,18,0.4737,162,0.7642,71,236,229,17
20.0,10.0,2,0,18.0,0,0,250,38,212,180,0.72,18,0.4737,18,0.4737,162,0.7642,71,236,229,17
20.0,10.0,2,0,24.0,0,0,250,38,212,180,0.72,18,0.4737,18,0.4737,162,0.7642,71,236,229,17
20.0,12.0,2,0,12.0,0,0,250,38,212,180,0.72,18,0.4737,18,0.4737,162,0.7642,71,236,229,17
20.0,12.0,2,0,18.0,0,0,250,38,212,180,0.72,18,0.4737,18,0.4737,162,0.7642,71,236,229,17
20.0,12.0,2,0,24.0,0,0,250,38,212,180,0.72,18,0.4737,18,0.4737,162,0.7642,71,236,229,17
20.0,14.0,2,0,12.0,0,0,250,38,212,180,0.72,18,0.4737,18,0.4737,162,0.7642,71,236,229,17
20.0,14.0,2,0,18.0,0,0,250,38,212,180,0.72,18,0.4737,18,0.4737,162,0.7642,71,236,229,17
20.0,14.0,2,0,24.0,0,0,250,38,212,180,0.72,18,0.4737,18,0.4737,162,0.7642,71,236,229,17
22.0,6.0,2,0,48.0,0,0,250,38,212,180,0.72,18,0.4737,18,0.4737,162,0.7642,71,236,229,17
22.0,8.0,2,0,48.0,0,0,250,38,212,180,0.72,18,0.4737,18,0.4737,162,0.7642,71,236,229,17
22.0,10.0,2,0,48.0,0,0,250,38,212,180,0.72,18,0.4737,18,0.4737,162,0.7642,71,236,229,17
22.0,12.0,2,0,48.0,0,0,250,38,212,180,0.72,18,0.4737,18,0.4737,162,0.7642,71,236,229,17
20.0,20.0,2,1,48.0,0,0,250,38,212,180,0.72,17,0.4474,17,0.4474,163,0.7689,70,236,230,18
24.0,20.0,1,2,12.0,0,0,250,38,212,180,0.72,17,0.4474,17,0.4474,163,0.7689,70,231,231,19
22.0,14.0,2,1,32.0,0,0,250,38,212,180,0.72,17,0.4474,17,0.4474,163,0.7689,71,236,230,18
22.0,16.0,2,1,48.0,0,0,250,38,212,180,0.72,17,0.4474,17,0.4474,163,0.7689,71,236,230,18
20.0,14.0,3,2,12.0,0,0,250,38,212,180,0.72,16,0.4211,16,0.4211,164,0.7736,65,232,232,20
20.0,14.0,3,2,18.0,0,0,250,38,212,180,0.72,16,0.4211,16,0.4211,164,0.7736,65,232,232,20
20.0,14.0,3,2,24.0,0,0,250,38,212,180,0.72,16,0.4211,16,0.4211,164,0.7736,65,232,232,20
22.0,18.0,3,2,32.0,0,0,250,38,212,180,0.72,16,0.4211,16,0.4211,164,0.7736,68,232,232,20
24.0,20.0,1,1,12.0,0,0,250,38,212,180,0.72,16,0.4211,16,0.4211,164,0.7736,68,236,231,19
22.0,6.0,3,1,48.0,0,0,250,38,212,180,0.72,15,0.3947,15,0.3947,165,0.7783,66,237,231,19
22.0,8.0,3,1,48.0,0,0,250,38,212,180,0.72,15,0.3947,15,0.3947,165,0.7783,66,237,231,19
22.0,10.0,3,1,48.0,0,0,250,38,212,180,0.72,15,0.3947,15,0.3947,165,0.7783,66,237,231,19
22.0,12.0,3,1,48.0,0,0,250,38,212,180,0.72,15,0.3947,15,0.3947,165,0.7783,66,237,231,19
24.0,6.0,2,1,48.0,0,0,250,38,212,180,0.72,12,0.3158,12,0.3158,168,0.7925,58,238,238,26
24.0,8.0,2,1,48.0,0,0,250,38,212,180,0.72,12,0.3158,12,0.3158,168,0.7925,58,238,238,26
24.0,10.0,2,1,48.0,0,0,250,38,212,180,0.72,12,0.3158,12,0.3158,168,0.7925,58,238,238,26
24.0,12.0,2,1,48.0,0,0,250,38,212,180,0.72,12,0.3158,12,0.3158,168,0.7925,58,238,238,26
22.0,20.0,1,1,18.0,0,0,250,38,212,179,0.716,20,0.5263,20,0.5263,159,0.75,76,235,223,11
22.0,20.0,1,1,24.0,0,0,250,38,212,179,0.716,20,0.5263,20,0.5263,159,0.75,76,235,223,11
20.0,16.0,2,0,32.0,0,0,250,38,212,179,0.716,18,0.4737,18,0.4737,161,0.7594,72,236,229,17
20.0,18.0,2,0,48.0,0,0,250,38,212,179,0.716,18,0.4737,18,0.4737,161,0.7594,72,236,229,17
20.0,20.0,2,2,32.0,0,0,250,38,212,179,0.716,17,0.4474,17,0.4474,162,0.7642,71,231,231,19
24.0,20.0,1,2,18.0,0,0,250,38,212,179,0.716,17,0.4474,17,0.4474,162,0.7642,71,231,231,19
24.0,20.0,1,2,24.0,0,0,250,38,212,179,0.716,17,0.4474,17,0.4474,162,0.7642,71,231,231,19
24.0,20.0,1,2,32.0,0,0,250,38,212,179,0.716,17,0.4474,17,0.4474,162,0.7642,71,231,231,19
22.0,6.0,2,1,32.0,0,0,250,38,212,179,0.716,17,0.4474,17,0.4474,162,0.7642,72,236,230,18
22.0,8.0,2,1,32.0,0,0,250,38,212,179,0.716,17,0.4474,17,0.4474,162,0.7642,72,236,230,18
22.0,10.0,2,1,32.0,0,0,250,38,212,179,0.716,17,0.4474,17,0.4474,162,0.7642,72,236,230,18
22.0,12.0,2,1,32.0,0,0,250,38,212,179,0.716,17,0.4474,17,0.4474,162,0.7642,72,236,230,18
22.0,14.0,2,1,48.0,0,0,250,38,212,179,0.716,17,0.4474,17,0.4474,162,0.7642,72,236,230,18
20.0,6.0,3,2,12.0,0,0,250,38,212,179,0.716,16,0.4211,16,0.4211,163,0.7689,66,232,232,20
20.0,6.0,3,2,18.0,0,0,250,38,212,179,0.716,16,0.4211,16,0.4211,163,0.7689,66,232,232,20
20.0,6.0,3,2,24.0,0,0,250,38,212,179,0.716,16,0.4211,16,0.4211,163,0.7689,66,232,232,20
20.0,8.0,3,2,12.0,0,0,250,38,212,179,0.716,16,0.4211,16,0.4211,163,0.7689,66,232,232,20
20.0,8.0,3,2,18.0,0,0,250,38,212,179,0.716,16,0.4211,16,0.4211,163,0.7689,66,232,232,20
20.0,8.0,3,2,24.0,0,0,250,38,212,179,0.716,16,0.4211,16,0.4211,163,0.7689,66,232,232,20
20.0,10.0,3,2,12.0,0,0,250,38,212,179,0.716,16,0.4211,16,0.4211,163,0.7689,66,232,232,20
20.0,10.0,3,2,18.0,0,0,250,38,212,179,0.716,16,0.4211,16,0.4211,163,0.7689,66,232,232,20
20.0,10.0,3,2,24.0,0,0,250,38,212,179,0.716,16,0.4211,16,0.4211,163,0.7689,66,232,232,20
20.0,12.0,3,2,12.0,0,0,250,38,212,179,0.716,16,0.4211,16,0.4211,163,0.7689,66,232,232,20
20.0,12.0,3,2,18.0,0,0,250,38,212,179,0.716,16,0.4211,16,0.4211,163,0.7689,66,232,232,20
20.0,12.0,3,2,24.0,0,0,250,38,212,179,0.716,16,0.4211,16,0.4211,163,0.7689,66,232,232,20
22.0,18.0,3,2,48.0,0,0,250,38,212,179,0.716,16,0.4211,16,0.4211,163,0.7689,69,232,232,20
24.0,20.0,1,1,18.0,0,0,250,38,212,179,0.716,16,0.4211,16,0.4211,163,0.7689,69,236,231,19
24.0,20.0,1,1,24.0,0,0,250,38,212,179,0.716,16,0.4211,16,0.4211,163,0.7689,69,236,231,19
24.0,20.0,1,1,32.0,0,0,250,38,212,179,0.716,16,0.4211,16,0.4211,163,0.7689,69,236,231,19
20.0,16.0,3,1,12.0,0,0,250,38,212,179,0.716,15,0.3947,15,0.3947,164,0.7736,67,237,231,19
20.0,16.0,3,1,18.0,0,0,250,38,212,179,0.716,15,0.3947,15,0.3947,164,0.7736,67,237,231,19
20.0,16.0,3,1,24.0,0,0,250,38,212,179,0.716,15,0.3947,15,0.3947,164,0.7736,67,237,231,19
20.0,20.0,1,2,32.0,0,0,250,38,212,178,0.712,24,0.6316,24,0.6316,154,0.7264,84,227,218,6
22.0,20.0,1,2,32.0,0,0,250,38,212,178,0.712,21,0.5526,21,0.5526,157,0.7406,78,228,223,11
20.0,6.0,2,0,32.0,0,0,250,38,212,178,0.712,18,0.4737,18,0.4737,160,0.7547,73,236,229,17
20.0,8.0,2,0,32.0,0,0,250,38,212,178,0.712,18,0.4737,18,0.4737,160,0.7547,73,236,229,17
20.0,10.0,2,0,32.0,0,0,250,38,212,178,0.712,18,0.4737,18,0.4737,160,0.7547,73,236,229,17
20.0,12.0,2,0,32.0,0,0,250,38,212,178,0.712,18,0.4737,18,0.4737,160,0.7547,73,236,229,17
20.0,14.0,2,0,32.0,0,0,250,38,212,178,0.712,18,0.4737,18,0.4737,160,0.7547,73,236,229,17
22.0,18.0,2,2,32.0,0,0,250,38,212,178,0.712,17,0.4474,17,0.4474,161,0.7594,70,231,231,19
20.0,20.0,2,2,48.0,0,0,250,38,212,178,0.712,17,0.4474,17,0.4474,161,0.7594,72,231,231,19
24.0,20.0,1,2,48.0,0,0,250,38,212,178,0.712,17,0.4474,17,0.4474,161,0.7594,72,231,231,19
22.0,6.0,2,1,48.0,0,0,250,38,212,178,0.712,17,0.4474,17,0.4474,161,0.7594,73,236,230,18
22.0,8.0,2,1,48.0,0,0,250,38,212,178,0.712,17,0.4474,17,0.4474,161,0.7594,73,236,230,18
22.0,10.0,2,1,48.0,0,0,250,38,212,178,0.712,17,0.4474,17,0.4474,161,0.7594,73,236,230,18
22.0,12.0,2,1,48.0,0,0,250,38,212,178,0.712,17,0.4474,17,0.4474,161,0.7594,73,236,230,18
24.0,20.0,1,1,48.0,0,0,250,38,212,178,0.712,16,0.4211,16,0.4211,162,0.7642,70,236,231,19
20.0,14.0,3,1,12.0,0,0,250,38,212,178,0.712,15,0.3947,15,0.3947,163,0.7689,68,237,231,19
20.0,14.0,3,1,18.0,0,0,250,38,212,178,0.712,15,0.3947,15,0.3947,163,0.7689,68,237,231,19
20.0,14.0,3,1,24.0,0,0,250,38,212,178,0.712,15,0.3947,15,0.3947,163,0.7689,68,237,231,19
24.0,18.0,2,2,32.0,0,0,250,38,212,178,0.712,11,0.2895,11,0.2895,167,0.7877,58,239,239,27
20.0,20.0,1,2,48.0,0,0,250,38,212,177,0.708,24,0.6316,24,0.6316,153,0.7217,85,227,218,6
22.0,20.0,1,2,48.0,0,0,250,38,212,177,0.708,21,0.5526,21,0.5526,156,0.7358,79,228,223,11
22.0,20.0,1,0,12.0,0,0,250,38,212,177,0.708,21,0.5526,21,0.5526,156,0.7358,81,236,216,4
22.0,20.0,1,0,18.0,0,0,250,38,212,177,0.708,21,0.5526,21,0.5526,156,0.7358,81,236,216,4
22.0,20.0,1,0,24.0,0,0,250,38,212,177,0.708,21,0.5526,21,0.5526,156,0.7358,81,236,216,4
24.0,18.0,1,0,12.0,0,0,250,38,212,177,0.708,19,0.5,19,0.5,158,0.7453,77,236,228,16
24.0,18.0,1,0,18.0,0,0,250,38,212,177,0.708,19,0.5,19,0.5,158,0.7453,77,236,228,16
24.0,18.0,1,0,24.0,0,0,250,38,212,177,0.708,19,0.5,19,0.5,158,0.7453,77,236,228,16
24.0,18.0,1,0,32.0,0,0,250,38,212,177,0.708,19,0.5,19,0.5,158,0.7453,77,236,228,16
22.0,18.0,2,2,48.0,0,0,250,38,212,177,0.708,17,0.4474,17,0.4474,160,0.7547,71,231,231,19
20.0,18.0,2,2,12.0,0,0,250,38,212,177,0.708,17,0.4474,17,0.4474,160,0.7547,74,231,231,19
20.0,18.0,2,2,18.0,0,0,250,38,212,177,0.708,17,0.4474,17,0.4474,160,0.7547,74,231,231,19
20.0,18.0,2,2,24.0,0,0,250,38,212,177,0.708,17,0.4474,17,0.4474,160,0.7547,74,231,231,19
22.0,16.0,3,2,32.0,0,0,250,38,212,177,0.708,16,0.4211,16,0.4211,161,0.7594,71,232,232,20
20.0,6.0,3,1,12.0,0,0,250,38,212,177,0.708,15,0.3947,15,0.3947,162,0.7642,69,237,231,19
20.0,6.0,3,1,18.0,0,0,250,38,212,177,0.708,15,0.3947,15,0.3947,162,0.7642,69,237,231,19
20.0,6.0,3,1,24.0,0,0,250,38,212,177,0.708,15,0.3947,15,0.3947,162,0.7642,69,237,231,19
20.0,8.0,3,1,12.0,0,0,250,38,212,177,0.708,15,0.3947,15,0.3947,162,0.7642,69,237,231,19
20.0,8.0,3,1,18.0,0,0,250,38,212,177,0.708,15,0.3947,15,0.3947,162,0.7642,69,237,231,19
20.0,8.0,3,1,24.0,0,0,250,38,212,177,0.708,15,0.3947,15,0.3947,162,0.7642,69,237,231,19
20.0,10.0,3,1,12.0,0,0,250,38,212,177,0.708,15,0.3947,15,0.3947,162,0.7642,69,237,231,19
20.0,10.0,3,1,18.0,0,0,250,38,212,177,0.708,15,0.3947,15,0.3947,162,0.7642,69,237,231,19
20.0,10.0,3,1,24.0,0,0,250,38,212,177,0.708,15,0.3947,15,0.3947,162,0.7642,69,237,231,19
20.0,12.0,3,1,12.0,0,0,250,38,212,177,0.708,15,0.3947,15,0.3947,162,0.7642,69,237,231,19
20.0,12.0,3,1,18.0,0,0,250,38,212,177,0.708,15,0.3947,15,0.3947,162,0.7642,69,237,231,19
20.0,12.0,3,1,24.0,0,0,250,38,212,177,0.708,15,0.3947,15,0.3947,162,0.7642,69,237,231,19
24.0,18.0,2,2,48.0,0,0,250,38,212,177,0.708,11,0.2895,11,0.2895,166,0.783,59,239,239,27
22.0,20.0,1,0,32.0,0,0,250,38,212,176,0.704,21,0.5526,21,0.5526,155,0.7311,82,236,216,4
22.0,20.0,1,1,32.0,0,0,250,38,212,176,0.704,20,0.5263,20,0.5263,156,0.7358,79,235,223,11
18.0,18.0,3,2,12.0,0,0,250,38,212,176,0.704,16,0.4211,16,0.4211,160,0.7547,72,232,232,20
18.0,18.0,3,2,18.0,0,0,250,38,212,176,0.704,16,0.4211,16,0.4211,160,0.7547,72,232,232,20
18.0,18.0,3,2,24.0,0,0,250,38,212,176,0.704,16,0.4211,16,0.4211,160,0.7547,72,232,232,20
22.0,14.0,3,2,32.0,0,0,250,38,212,176,0.704,16,0.4211,16,0.4211,160,0.7547,72,232,232,20
20.0,20.0,1,1,12.0,0,0,250,38,212,175,0.7,22,0.5789,22,0.5789,153,0.7217,84,235,218,6
22.0,20.0,1,0,48.0,0,0,250,38,212,175,0.7,21,0.5526,21,0.5526,154,0.7264,83,236,216,4
22.0,20.0,1,1,48.0,0,0,250,38,212,175,0.7,20,0.5263,20,0.5263,155,0.7311,80,235,223,11
24.0,16.0,1,0,12.0,0,0,250,38,212,175,0.7,19,0.5,19,0.5,156,0.7358,79,236,228,16
24.0,16.0,1,0,18.0,0,0,250,38,212,175,0.7,19,0.5,19,0.5,156,0.7358,79,236,228,16
24.0,16.0,1,0,24.0,0,0,250,38,212,175,0.7,19,0.5,19,0.5,156,0.7358,79,236,228,16
24.0,16.0,1,0,32.0,0,0,250,38,212,175,0.7,19,0.5,19,0.5,156,0.7358,79,236,228,16
24.0,18.0,1,0,48.0,0,0,250,38,212,175,0.7,19,0.5,19,0.5,156,0.7358,79,236,228,16
22.0,16.0,2,2,32.0,0,0,250,38,212,175,0.7,17,0.4474,17,0.4474,158,0.7453,73,231,231,19
20.0,16.0,2,2,12.0,0,0,250,38,212,175,0.7,17,0.4474,17,0.4474,158,0.7453,76,231,231,19
20.0,16.0,2,2,18.0,0,0,250,38,212,175,0.7,17,0.4474,17,0.4474,158,0.7453,76,231,231,19
20.0,16.0,2,2,24.0,0,0,250,38,212,175,0.7,17,0.4474,17,0.4474,158,0.7453,76,231,231,19
20.0,18.0,2,1,12.0,0,0,250,38,212,175,0.7,17,0.4474,17,0.4474,158,0.7453,76,236,230,18
20.0,18.0,2,1,18.0,0,0,250,38,212,175,0.7,17,0.4474,17,0.4474,158,0.7453,76,236,230,18
20.0,18.0,2,1,24.0,0,0,250,38,212,175,0.7,17,0.4474,17,0.4474,158,0.7453,76,236,230,18
22.0,6.0,3,2,32.0,0,0,250,38,212,175,0.7,16,0.4211,16,0.4211,159,0.75,73,232,232,20
22.0,8.0,3,2,32.0,0,0,250,38,212,175,0.7,16,0.4211,16,0.4211,159,0.75,73,232,232,20
22.0,10.0,3,2,32.0,0,0,250,38,212,175,0.7,16,0.4211,16,0.4211,159,0.75,73,232,232,20
22.0,12.0,3,2,32.0,0,0,250,38,212,175,0.7,16,0.4211,16,0.4211,159,0.75,73,232,232,20
22.0,16.0,3,2,48.0,0,0,250,38,212,175,0.7,16,0.4211,16,0.4211,159,0.75,73,232,232,20
20.0,18.0,3,1,32.0,0,0,250,38,212,175,0.7,15,0.3947,15,0.3947,160,0.7547,71,237,231,19
24.0,16.0,2,2,32.0,0,0,250,38,212,175,0.7,11,0.2895,11,0.2895,164,0.7736,61,239,239,27
20.0,20.0,1,1,18.0,0,0,250,38,212,174,0.696,22,0.5789,22,0.5789,152,0.717,85,235,218,6
20.0,20.0,1,1,24.0,0,0,250,38,212,174,0.696,22,0.5789,22,0.5789,152,0.717,85,235,218,6
24.0,14.0,1,0,12.0,0,0,250,38,212,174,0.696,19,0.5,19,0.5,155,0.7311,80,236,228,16
24.0,14.0,1,0,18.0,0,0,250,38,212,174,0.696,19,0.5,19,0.5,155,0.7311,80,236,228,16
24.0,14.0,1,0,24.0,0,0,250,38,212,174,0.696,19,0.5,19,0.5,155,0.7311,80,236,228,16
24.0,14.0,1,0,32.0,0,0,250,38,212,174,0.696,19,0.5,19,0.5,155,0.7311,80,236,228,16
22.0,14.0,2,2,32.0,0,0,250,38,212,174,0.696,17,0.4474,17,0.4474,157,0.7406,74,231,231,19
20.0,14.0,2,2,12.0,0,0,250,38,212,174,0.696,17,0.4474,17,0.4474,157,0.7406,77,231,231,19
20.0,14.0,2,2,18.0,0,0,250,38,212,174,0.696,17,0.4474,17,0.4474,157,0.7406,77,231,231,19
20.0,14.0,2,2,24.0,0,0,250,38,212,174,0.696,17,0.4474,17,0.4474,157,0.7406,77,231,231,19
20.0,16.0,3,0,48.0,0,0,250,38,212,174,0.696,16,0.4211,16,0.4211,158,0.7453,72,237,230,18
22.0,14.0,3,2,48.0,0,0,250,38,212,174,0.696,16,0.4211,16,0.4211,158,0.7453,74,232,232,20
20.0,18.0,3,1,48.0,0,0,250,38,212,174,0.696,15,0.3947,15,0.3947,159,0.75,72,237,231,19
24.0,14.0,2,2,32.0,0,0,250,38,212,174,0.696,11,0.2895,11,0.2895,163,0.7689,62,239,239,27
24.0,6.0,1,0,12.0,0,0,250,38,212,173,0.692,19,0.5,19,0.5,154,0.7264,81,236,228,16
24.0,6.0,1,0,18.0,0,0,250,38,212,173,0.692,19,0.5,19,0.5,154,0.7264,81,236,228,16
24.0,6.0,1,0,24.0,0,0,250,38,212,173,0.692,19,0.5,19,0.5,154,0.7264,81,236,228,16
24.0,6.0,1,0,32.0,0,0,250,38,212,173,0.692,19,0.5,19,0.5,154,0.7264,81,236,228,16
24.0,8.0,1,0,12.0,0,0,250,38,212,173,0.692,19,0.5,19,0.5,154,0.7264,81,236,228,16
24.0,8.0,1,0,18.0,0,0,250,38,212,173,0.692,19,0.5,19,0.5,154,0.7264,81,236,228,16
24.0,8.0,1,0,24.0,0,0,250,38,212,173,0.692,19,0.5,19,0.5,154,0.7264,81,236,228,16
24.0,8.0,1,0,32.0,0,0,250,38,212,173,0.692,19,0.5,19,0.5,154,0.7264,81,236,228,16
24.0,10.0,1,0,12.0,0,0,250,38,212,173,0.692,19,0.5,19,0.5,154,0.7264,81,236,228,16
24.0,10.0,1,0,18.0,0,0,250,38,212,173,0.692,19,0.5,19,0.5,154,0.7264,81,236,228,16
24.0,10.0,1,0,24.0,0,0,250,38,212,173,0.692,19,0.5,19,0.5,154,0.7264,81,236,228,16
24.0,10.0,1,0,32.0,0,0,250,38,212,173,0.692,19,0.5,19,0.5,154,0.7264,81,236,228,16
24.0,12.0,1,0,12.0,0,0,250,38,212,173,0.692,19,0.5,19,0.5,154,0.7264,81,236,228,16
24.0,12.0,1,0,18.0,0,0,250,38,212,173,0.692,19,0.5,19,0.5,154,0.7264,81,236,228,16
24.0,12.0,1,0,24.0,0,0,250,38,212,173,0.692,19,0.5,19,0.5,154,0.7264,81,236,228,16
24.0,12.0,1,0,32.0,0,0,250,38,212,173,0.692,19,0.5,19,0.5,154,0.7264,81,236,228,16
22.0,6.0,2,2,32.0,0,0,250,38,212,173,0.692,17,0.4474,17,0.4474,156,0.7358,75,231,231,19
22.0,8.0,2,2,32.0,0,0,250,38,212,173,0.692,17,0.4474,17,0.4474,156,0.7358,75,231,231,19
22.0,10.0,2,2,32.0,0,0,250,38,212,173,0.692,17,0.4474,17,0.4474,156,0.7358,75,231,231,19
22.0,12.0,2,2,32.0,0,0,250,38,212,173,0.692,17,0.4474,17,0.4474,156,0.7358,75,231,231,19
22.0,16.0,2,2,48.0,0,0,250,38,212,173,0.692,17,0.4474,17,0.4474,156,0.7358,75,231,231,19
20.0,6.0,2,2,12.0,0,0,250,38,212,173,0.692,17,0.4474,17,0.4474,156,0.7358,78,231,231,19
20.0,6.0,2,2,18.0,0,0,250,38,212,173,0.692,17,0.4474,17,0.4474,156,0.7358,78,231,231,19
20.0,6.0,2,2,24.0,0,0,250,38,212,173,0.692,17,0.4474,17,0.4474,156,0.7358,78,231,231,19
20.0,8.0,2,2,12.0,0,0,250,38,212,173,0.692,17,0.4474,17,0.4474,156,0.7358,78,231,231,19
20.0,8.0,2,2,18.0,0,0,250,38,212,173,0.692,17,0.4474,17,0.4474,156,0.7358,78,231,231,19
20.0,8.0,2,2,24.0,0,0,250,38,212,173,0.692,17,0.4474,17,0.4474,156,0.7358,78,231,231,19
20.0,10.0,2,2,12.0,0,0,250,38,212,173,0.692,17,0.4474,17,0.4474,156,0.7358,78,231,231,19
20.0,10.0,2,2,18.0,0,0,250,38,212,173,0.692,17,0.4474,17,0.4474,156,0.7358,78,231,231,19
20.0,10.0,2,2,24.0,0,0,250,38,212,173,0.692,17,0.4474,17,0.4474,156,0.7358,78,231,231,19
20.0,12.0,2,2,12.0,0,0,250,38,212,173,0.692,17,0.4474,17,0.4474,156,0.7358,78,231,231,19
20.0,12.0,2,2,18.0,0,0,250,38,212,173,0.692,17,0.4474,17,0.4474,156,0.7358,78,231,231,19
20.0,12.0,2,2,24.0,0,0,250,38,212,173,0.692,17,0.4474,17,0.4474,156,0.7358,78,231,231,19
20.0,16.0,2,1,12.0,0,0,250,38,212,173,0.692,17,0.4474,17,0.4474,156,0.7358,78,236,230,18
20.0,16.0,2,1,18.0,0,0,250,38,212,173,0.692,17,0.4474,17,0.4474,156,0.7358,78,236,230,18
20.0,16.0,2,1,24.0,0,0,250,38,212,173,0.692,17,0.4474,17,0.4474,156,0.7358,78,236,230,18
24.0,18.0,1,2,12.0,0,0,250,38,212,173,0.692,17,0.4474,17,0.4474,156,0.7358,78,231,231,19
24.0,18.0,1,2,18.0,0,0,250,38,212,173,0.692,17,0.4474,17,0.4474,156,0.7358,78,231,231,19
24.0,18.0,1,2,24.0,0,0,250,38,212,173,0.692,17,0.4474,17,0.4474,156,0.7358,78,231,231,19
18.0,18.0,3,0,12.0,0,0,250,38,212,173,0.692,16,0.4211,16,0.4211,157,0.7406,73,237,230,18
18.0,18.0,3,0,18.0,0,0,250,38,212,173,0.692,16,0.4211,16,0.4211,157,0.7406,73,237,230,18
18.0,18.0,3,0,24.0,0,0,250,38,212,173,0.692,16,0.4211,16,0.4211,157,0.7406,73,237,230,18
20.0,14.0,3,0,48.0,0,0,250,38,212,173,0.692,16,0.4211,16,0.4211,157,0.7406,73,237,230,18
22.0,6.0,3,2,48.0,0,0,250,38,212,173,0.692,16,0.4211,16,0.4211,157,0.7406,75,232,232,20
22.0,8.0,3,2,48.0,0,0,250,38,212,173,0.692,16,0.4211,16,0.4211,157,0.7406,75,232,232,20
22.0,10.0,3,2,48.0,0,0,250,38,212,173,0.692,16,0.4211,16,0.4211,157,0.7406,75,232,232,20
22.0,12.0,3,2,48.0,0,0,250,38,212,173,0.692,16,0.4211,16,0.4211,157,0.7406,75,232,232,20
18.0,18.0,3,1,12.0,0,0,250,38,212,173,0.692,15,0.3947,15,0.3947,158,0.7453,73,237,231,19
18.0,18.0,3,1,18.0,0,0,250,38,212,173,0.692,15,0.3947,15,0.3947,158,0.7453,73,237,231,19
18.0,18.0,3,1,24.0,0,0,250,38,212,173,0.692,15,0.3947,15,0.3947,158,0.7453,73,237,231,19
20.0,16.0,3,1,32.0,0,0,250,38,212,173,0.692,15,0.3947,15,0.3947,158,0.7453,73,237,231,19
24.0,6.0,2,2,32.0,0,0,250,38,212,173,0.692,11,0.2895,11,0.2895,162,0.7642,63,239,239,27
24.0,8.0,2,2,32.0,0,0,250,38,212,173,0.692,11,0.2895,11,0.2895,162,0.7642,63,239,239,27
24.0,10.0,2,2,32.0,0,0,250,38,212,173,0.692,11,0.2895,11,0.2895,162,0.7642,63,239,239,27
24.0,12.0,2,2,32.0,0,0,250,38,212,173,0.692,11,0.2895,11,0.2895,162,0.7642,63,239,239,27
24.0,16.0,2,2,48.0,0,0,250,38,212,173,0.692,11,0.2895,11,0.2895,162,0.7642,63,239,239,27
20.0,20.0,1,1,32.0,0,0,250,38,212,172,0.688,22,0.5789,22,0.5789,150,0.7075,87,235,218,6
22.0,18.0,1,2,12.0,0,0,250,38,212,172,0.688,21,0.5526,21,0.5526,151,0.7123,85,228,223,11
22.0,18.0,1,2,18.0,0,0,250,38,212,172,0.688,21,0.5526,21,0.5526,151,0.7123,85,228,223,11
22.0,18.0,1,2,24.0,0,0,250,38,212,172,0.688,21,0.5526,21,0.5526,151,0.7123,85,228,223,11
24.0,16.0,1,0,48.0,0,0,250,38,212,172,0.688,19,0.5,19,0.5,153,0.7217,82,236,228,16
22.0,14.0,2,2,48.0,0,0,250,38,212,172,0.688,17,0.4474,17,0.4474,155,0.7311,76,231,231,19
20.0,14.0,2,1,12.0,0,0,250,38,212,172,0.688,17,0.4474,17,0.4474,155,0.7311,79,236,230,18
20.0,14.0,2,1,18.0,0,0,250,38,212,172,0.688,17,0.4474,17,0.4474,155,0.7311,79,236,230,18
20.0,14.0,2,1,24.0,0,0,250,38,212,172,0.688,17,0.4474,17,0.4474,155,0.7311,79,236,230,18
20.0,6.0,3,0,48.0,0,0,250,38,212,172,0.688,16,0.4211,16,0.4211,156,0.7358,74,237,230,18
20.0,8.0,3,0,48.0,0,0,250,38,212,172,0.688,16,0.4211,16,0.4211,156,0.7358,74,237,230,18
20.0,10.0,3,0,48.0,0,0,250,38,212,172,0.688,16,0.4211,16,0.4211,156,0.7358,74,237,230,18
20.0,12.0,3,0,48.0,0,0,250,38,212,172,0.688,16,0.4211,16,0.4211,156,0.7358,74,237,230,18
18.0,16.0,3,2,12.0,0,0,250,38,212,172,0.688,16,0.4211,16,0.4211,156,0.7358,76,232,232,20
18.0,16.0,3,2,18.0,0,0,250,38,212,172,0.688,16,0.4211,16,0.4211,156,0.7358,76,232,232,20
18.0,16.0,3,2,24.0,0,0,250,38,212,172,0.688,16,0.4211,16,0.4211,156,0.7358,76,232,232,20
24.0,18.0,1,1,12.0,0,0,250,38,212,172,0.688,16,0.4211,16,0.4211,156,0.7358,77,236,231,19
24.0,18.0,1,1,18.0,0,0,250,38,212,172,0.688,16,0.4211,16,0.4211,156,0.7358,77,236,231,19
24.0,18.0,1,1,24.0,0,0,250,38,212,172,0.688,16,0.4211,16,0.4211,156,0.7358,77,236,231,19
20.0,14.0,3,1,32.0,0,0,250,38,212,172,0.688,15,0.3947,15,0.3947,157,0.7406,74,237,231,19
20.0,16.0,3,1,48.0,0,0,250,38,212,172,0.688,15,0.3947,15,0.3947,157,0.7406,74,237,231,19
24.0,14.0,2,2,48.0,0,0,250,38,212,172,0.688,11,0.2895,11,0.2895,161,0.7594,64,239,239,27
20.0,18.0,1,2,12.0,0,0,250,38,212,171,0.684,23,0.6053,23,0.6053,148,0.6981,90,227,221,9
20.0,18.0,1,2,18.0,0,0,250,38,212,171,0.684,23,0.6053,23,0.6053,148,0.6981,90,227,221,9
20.0,20.0,1,0,12.0,0,0,250,38,212,171,0.684,23,0.6053,23,0.6053,148,0.6981,92,236,216,4
20.0,20.0,1,0,18.0,0,0,250,38,212,171,0.684,23,0.6053,23,0.6053,148,0.6981,92,236,216,4
20.0,20.0,1,0,24.0,0,0,250,38,212,171,0.684,23,0.6053,23,0.6053,148,0.6981,92,236,216,4
20.0,20.0,1,1,48.0,0,0,250,38,212,171,0.684,22,0.5789,22,0.5789,149,0.7028,88,235,218,6
24.0,14.0,1,0,48.0,0,0,250,38,212,171,0.684,19,0.5,19,0.5,152,0.717,83,236,228,16
22.0,6.0,2,2,48.0,0,0,250,38,212,171,0.684,17,0.4474,17,0.4474,154,0.7264,77,231,231,19
22.0,8.0,2,2,48.0,0,0,250,38,212,171,0.684,17,0.4474,17,0.4474,154,0.7264,77,231,231,19
22.0,10.0,2,2,48.0,0,0,250,38,212,171,0.684,17,0.4474,17,0.4474,154,0.7264,77,231,231,19
22.0,12.0,2,2,48.0,0,0,250,38,212,171,0.684,17,0.4474,17,0.4474,154,0.7264,77,231,231,19
20.0,6.0,2,1,12.0,0,0,250,38,212,171,0.684,17,0.4474,17,0.4474,154,0.7264,80,236,230,18
20.0,6.0,2,1,18.0,0,0,250,38,212,171,0.684,17,0.4474,17,0.4474,154,0.7264,80,236,230,18
20.0,6.0,2,1,24.0,0,0,250,38,212,171,0.684,17,0.4474,17,0.4474,154,0.7264,80,236,230,18
20.0,8.0,2,1,12.0,0,0,250,38,212,171,0.684,17,0.4474,17,0.4474,154,0.7264,80,236,230,18
20.0,8.0,2,1,18.0,0,0,250,38,212,171,0.684,17,0.4474,17,0.4474,154,0.7264,80,236,230,18
20.0,8.0,2,1,24.0,0,0,250,38,212,171,0.684,17,0.4474,17,0.4474,154,0.7264,80,236,230,18
20.0,10.0,2,1,12.0,0,0,250,38,212,171,0.684,17,0.4474,17,0.4474,154,0.7264,80,236,230,18
20.0,10.0,2,1,18.0,0,0,250,38,212,171,0.684,17,0.4474,17,0.4474,154,0.7264,80,236,230,18
20.0,10.0,2,1,24.0,0,0,250,38,212,171,0.684,17,0.4474,17,0.4474,154,0.7264,80,236,230,18
20.0,12.0,2,1,12.0,0,0,250,38,212,171,0.684,17,0.4474,17,0.4474,154,0.7264,80,236,230,18
20.0,12.0,2,1,18.0,0,0,250,38,212,171,0.684,17,0.4474,17,0.4474,154,0.7264,80,236,230,18
20.0,12.0,2,1,24.0,0,0,250,38,212,171,0.684,17,0.4474,17,0.4474,154,0.7264,80,236,230,18
24.0,16.0,1,2,12.0,0,0,250,38,212,171,0.684,17,0.4474,17,0.4474,154,0.7264,80,231,231,19
24.0,16.0,1,2,18.0,0,0,250,38,212,171,0.684,17,0.4474,17,0.4474,154,0.7264,80,231,231,19
24.0,16.0,1,2,24.0,0,0,250,38,212,171,0.684,17,0.4474,17,0.4474,154,0.7264,80,231,231,19
20.0,18.0,3,2,32.0,0,0,250,38,212,171,0.684,16,0.4211,16,0.4211,155,0.7311,74,232,232,20
18.0,14.0,3,2,12.0,0,0,250,38,212,171,0.684,16,0.4211,16,0.4211,155,0.7311,77,232,232,20
18.0,14.0,3,2,18.0,0,0,250,38,212,171,0.684,16,0.4211,16,0.4211,155,0.7311,77,232,232,20
18.0,14.0,3,2,24.0,0,0,250,38,212,171,0.684,16,0.4211,16,0.4211,155,0.7311,77,232,232,20
20.0,6.0,3,1,32.0,0,0,250,38,212,171,0.684,15,0.3947,15,0.3947,156,0.7358,75,237,231,19
20.0,8.0,3,1,32.0,0,0,250,38,212,171,0.684,15,0.3947,15,0.3947,156,0.7358,75,237,231,19
20.0,10.0,3,1,32.0,0,0,250,38,212,171,0.684,15,0.3947,15,0.3947,156,0.7358,75,237,231,19
20.0,12.0,3,1,32.0,0,0,250,38,212,171,0.684,15,0.3947,15,0.3947,156,0.7358,75,237,231,19
20.0,14.0,3,1,48.0,0,0,250,38,212,171,0.684,15,0.3947,15,0.3947,156,0.7358,75,237,231,19
24.0,6.0,2,2,48.0,0,0,250,38,212,171,0.684,11,0.2895,11,0.2895,160,0.7547,65,239,239,27
24.0,8.0,2,2,48.0,0,0,250,38,212,171,0.684,11,0.2895,11,0.2895,160,0.7547,65,239,239,27
24.0,10.0,2,2,48.0,0,0,250,38,212,171,0.684,11,0.2895,11,0.2895,160,0.7547,65,239,239,27
24.0,12.0,2,2,48.0,0,0,250,38,212,171,0.684,11,0.2895,11,0.2895,160,0.7547,65,239,239,27
20.0,20.0,1,0,32.0,0,0,250,38,212,170,0.68,23,0.6053,23,0.6053,147,0.6934,93,236,216,4
22.0,16.0,1,2,12.0,0,0,250,38,212,170,0.68,21,0.5526,21,0.5526,149,0.7028,87,228,223,11
22.0,16.0,1,2,18.0,0,0,250,38,212,170,0.68,21,0.5526,21,0.5526,149,0.7028,87,228,223,11
22.0,16.0,1,2,24.0,0,0,250,38,212,170,0.68,21,0.5526,21,0.5526,149,0.7028,87,228,223,11
24.0,6.0,1,0,48.0,0,0,250,38,212,170,0.68,19,0.5,19,0.5,151,0.7123,84,236,228,16
24.0,8.0,1,0,48.0,0,0,250,38,212,170,0.68,19,0.5,19,0.5,151,0.7123,84,236,228,16
24.0,10.0,1,0,48.0,0,0,250,38,212,170,0.68,19,0.5,19,0.5,151,0.7123,84,236,228,16
24.0,12.0,1,0,48.0,0,0,250,38,212,170,0.68,19,0.5,19,0.5,151,0.7123,84,236,228,16
18.0,18.0,2,2,12.0,0,0,250,38,212,170,0.68,17,0.4474,17,0.4474,153,0.7217,81,231,231,19
18.0,18.0,2,2,18.0,0,0,250,38,212,170,0.68,17,0.4474,17,0.4474,153,0.7217,81,231,231,19
18.0,18.0,2,2,24.0,0,0,250,38,212,170,0.68,17,0.4474,17,0.4474,153,0.7217,81,231,231,19
20.0,18.0,2,1,32.0,0,0,250,38,212,170,0.68,17,0.4474,17,0.4474,153,0.7217,81,236,230,18
24.0,14.0,1,2,12.0,0,0,250,38,212,170,0.68,17,0.4474,17,0.4474,153,0.7217,81,231,231,19
24.0,14.0,1,2,18.0,0,0,250,38,212,170,0.68,17,0.4474,17,0.4474,153,0.7217,81,231,231,19
24.0,14.0,1,2,24.0,0,0,250,38,212,170,0.68,17,0.4474,17,0.4474,153,0.7217,81,231,231,19
20.0,18.0,3,2,48.0,0,0,250,38,212,170,0.68,16,0.4211,16,0.4211,154,0.7264,75,232,232,20
18.0,18.0,3,0,32.0,0,0,250,38,212,170,0.68,16,0.4211,16,0.4211,154,0.7264,76,237,230,18
18.0,6.0,3,2,12.0,0,0,250,38,212,170,0.68,16,0.4211,16,0.4211,154,0.7264,78,232,232,20
18.0,6.0,3,2,18.0,0,0,250,38,212,170,0.68,16,0.4211,16,0.4211,154,0.7264,78,232,232,20
18.0,6.0,3,2,24.0,0,0,250,38,212,170,0.68,16,0.4211,16,0.4211,154,0.7264,78,232,232,20
18.0,8.0,3,2,12.0,0,0,250,38,212,170,0.68,16,0.4211,16,0.4211,154,0.7264,78,232,232,20
18.0,8.0,3,2,18.0,0,0,250,38,212,170,0.68,16,0.4211,16,0.4211,154,0.7264,78,232,232,20
18.0,8.0,3,2,24.0,0,0,250,38,212,170,0.68,16,0.4211,16,0.4211,154,0.7264,78,232,232,20
18.0,10.0,3,2,12.0,0,0,250,38,212,170,0.68,16,0.4211,16,0.4211,154,0.7264,78,232,232,20
18.0,10.0,3,2,18.0,0,0,250,38,212,170,0.68,16,0.4211,16,0.4211,154,0.7264,78,232,232,20
18.0,10.0,3,2,24.0,0,0,250,38,212,170,0.68,16,0.4211,16,0.4211,154,0.7264,78,232,232,20
18.0,12.0,3,2,12.0,0,0,250,38,212,170,0.68,16,0.4211,16,0.4211,154,0.7264,78,232,232,20
18.0,12.0,3,2,18.0,0,0,250,38,212,170,0.68,16,0.4211,16,0.4211,154,0.7264,78,232,232,20
18.0,12.0,3,2,24.0,0,0,250,38,212,170,0.68,16,0.4211,16,0.4211,154,0.7264,78,232,232,20
24.0,16.0,1,1,12.0,0,0,250,38,212,170,0.68,16,0.4211,16,0.4211,154,0.7264,79,236,231,19
24.0,16.0,1,1,18.0,0,0,250,38,212,170,0.68,16,0.4211,16,0.4211,154,0.7264,79,236,231,19
24.0,16.0,1,1,24.0,0,0,250,38,212,170,0.68,16,0.4211,16,0.4211,154,0.7264,79,236,231,19
24.0,18.0,1,1,32.0,0,0,250,38,212,170,0.68,16,0.4211,16,0.4211,154,0.7264,79,236,231,19
20.0,6.0,3,1,48.0,0,0,250,38,212,170,0.68,15,0.3947,15,0.3947,155,0.7311,76,237,231,19
20.0,8.0,3,1,48.0,0,0,250,38,212,170,0.68,15,0.3947,15,0.3947,155,0.7311,76,237,231,19
20.0,10.0,3,1,48.0,0,0,250,38,212,170,0.68,15,0.3947,15,0.3947,155,0.7311,76,237,231,19
20.0,12.0,3,1,48.0,0,0,250,38,212,170,0.68,15,0.3947,15,0.3947,155,0.7311,76,237,231,19
20.0,16.0,1,2,12.0,0,0,250,38,212,169,0.676,23,0.6053,23,0.6053,146,0.6887,92,227,221,9
20.0,16.0,1,2,18.0,0,0,250,38,212,169,0.676,23,0.6053,23,0.6053,146,0.6887,92,227,221,9
20.0,20.0,1,0,48.0,0,0,250,38,212,169,0.676,23,0.6053,23,0.6053,146,0.6887,94,236,216,4
22.0,14.0,1,2,12.0,0,0,250,38,212,169,0.676,21,0.5526,21,0.5526,148,0.6981,88,228,223,11
22.0,14.0,1,2,18.0,0,0,250,38,212,169,0.676,21,0.5526,21,0.5526,148,0.6981,88,228,223,11
22.0,14.0,1,2,24.0,0,0,250,38,212,169,0.676,21,0.5526,21,0.5526,148,0.6981,88,228,223,11
22.0,18.0,1,0,12.0,0,0,250,38,212,169,0.676,21,0.5526,21,0.5526,148,0.6981,89,236,216,4
22.0,18.0,1,0,18.0,0,0,250,38,212,169,0.676,21,0.5526,21,0.5526,148,0.6981,89,236,216,4
22.0,18.0,1,0,24.0,0,0,250,38,212,169,0.676,21,0.5526,21,0.5526,148,0.6981,89,236,216,4
20.0,16.0,2,0,48.0,0,0,250,38,212,169,0.676,18,0.4737,18,0.4737,151,0.7123,82,236,229,17
20.0,18.0,2,1,48.0,0,0,250,38,212,169,0.676,17,0.4474,17,0.4474,152,0.717,82,236,230,18
24.0,6.0,1,2,12.0,0,0,250,38,212,169,0.676,17,0.4474,17,0.4474,152,0.717,82,231,231,19
24.0,6.0,1,2,18.0,0,0,250,38,212,169,0.676,17,0.4474,17,0.4474,152,0.717,82,231,231,19
24.0,6.0,1,2,24.0,0,0,250,38,212,169,0.676,17,0.4474,17,0.4474,152,0.717,82,231,231,19
24.0,8.0,1,2,12.0,0,0,250,38,212,169,0.676,17,0.4474,17,0.4474,152,0.717,82,231,231,19
24.0,8.0,1,2,18.0,0,0,250,38,212,169,0.676,17,0.4474,17,0.4474,152,0.717,82,231,231,19
24.0,8.0,1,2,24.0,0,0,250,38,212,169,0.676,17,0.4474,17,0.4474,152,0.717,82,231,231,19
24.0,10.0,1,2,12.0,0,0,250,38,212,169,0.676,17,0.4474,17,0.4474,152,0.717,82,231,231,19
24.0,10.0,1,2,18.0,0,0,250,38,212,169,0.676,17,0.4474,17,0.4474,152,0.717,82,231,231,19
24.0,10.0,1,2,24.0,0,0,250,38,212,169,0.676,17,0.4474,17,0.4474,152,0.717,82,231,231,19
24.0,12.0,1,2,12.0,0,0,250,38,212,169,0.676,17,0.4474,17,0.4474,152,0.717,82,231,231,19
24.0,12.0,1,2,18.0,0,0,250,38,212,169,0.676,17,0.4474,17,0.4474,152,0.717,82,231,231,19
24.0,12.0,1,2,24.0,0,0,250,38,212,169,0.676,17,0.4474,17,0.4474,152,0.717,82,231,231,19
18.0,16.0,3,0,12.0,0,0,250,38,212,169,0.676,16,0.4211,16,0.4211,153,0.7217,77,237,230,18
18.0,16.0,3,0,18.0,0,0,250,38,212,169,0.676,16,0.4211,16,0.4211,153,0.7217,77,237,230,18
18.0,16.0,3,0,24.0,0,0,250,38,212,169,0.676,16,0.4211,16,0.4211,153,0.7217,77,237,230,18
24.0,14.0,1,1,12.0,0,0,250,38,212,169,0.676,16,0.4211,16,0.4211,153,0.7217,80,236,231,19
24.0,14.0,1,1,18.0,0,0,250,38,212,169,0.676,16,0.4211,16,0.4211,153,0.7217,80,236,231,19
24.0,14.0,1,1,24.0,0,0,250,38,212,169,0.676,16,0.4211,16,0.4211,153,0.7217,80,236,231,19
24.0,18.0,1,1,48.0,0,0,250,38,212,169,0.676,16,0.4211,16,0.4211,153,0.7217,80,236,231,19
18.0,16.0,3,1,12.0,0,0,250,38,212,169,0.676,15,0.3947,15,0.3947,154,0.7264,77,237,231,19
18.0,16.0,3,1,18.0,0,0,250,38,212,169,0.676,15,0.3947,15,0.3947,154,0.7264,77,237,231,19
18.0,16.0,3,1,24.0,0,0,250,38,212,169,0.676,15,0.3947,15,0.3947,154,0.7264,77,237,231,19
20.0,14.0,1,2,12.0,0,0,250,38,212,168,0.672,23,0.6053,23,0.6053,145,0.684,93,227,221,9
20.0,14.0,1,2,18.0,0,0,250,38,212,168,0.672,23,0.6053,23,0.6053,145,0.684,93,227,221,9
22.0,16.0,1,0,12.0,0,0,250,38,212,168,0.672,23,0.6053,23,0.6053,145,0.684,94,236,216,4
22.0,16.0,1,0,18.0,0,0,250,38,212,168,0.672,23,0.6053,23,0.6053,145,0.684,94,236,216,4
22.0,16.0,1,0,24.0,0,0,250,38,212,168,0.672,23,0.6053,23,0.6053,145,0.684,94,236,216,4
22.0,6.0,1,2,12.0,0,0,250,38,212,168,0.672,21,0.5526,21,0.5526,147,0.6934,89,228,223,11
22.0,6.0,1,2,18.0,0,0,250,38,212,168,0.672,21,0.5526,21,0.5526,147,0.6934,89,228,223,11
22.0,6.0,1,2,24.0,0,0,250,38,212,168,0.672,21,0.5526,21,0.5526,147,0.6934,89,228,223,11
22.0,8.0,1,2,12.0,0,0,250,38,212,168,0.672,21,0.5526,21,0.5526,147,0.6934,89,228,223,11
22.0,8.0,1,2,18.0,0,0,250,38,212,168,0.672,21,0.5526,21,0.5526,147,0.6934,89,228,223,11
22.0,8.0,1,2,24.0,0,0,250,38,212,168,0.672,21,0.5526,21,0.5526,147,0.6934,89,228,223,11
22.0,10.0,1,2,12.0,0,0,250,38,212,168,0.672,21,0.5526,21,0.5526,147,0.6934,89,228,223,11
22.0,10.0,1,2,18.0,0,0,250,38,212,168,0.672,21,0.5526,21,0.5526,147,0.6934,89,228,223,11
22.0,10.0,1,2,24.0,0,0,250,38,212,168,0.672,21,0.5526,21,0.5526,147,0.6934,89,228,223,11
22.0,12.0,1,2,12.0,0,0,250,38,212,168,0.672,21,0.5526,21,0.5526,147,0.6934,89,228,223,11
22.0,12.0,1,2,18.0,0,0,250,38,212,168,0.672,21,0.5526,21,0.5526,147,0.6934,89,228,223,11
22.0,12.0,1,2,24.0,0,0,250,38,212,168,0.672,21,0.5526,21,0.5526,147,0.6934,89,228,223,11
22.0,18.0,1,0,32.0,0,0,250,38,212,168,0.672,21,0.5526,21,0.5526,147,0.6934,90,236,216,4
22.0,18.0,1,1,12.0,0,0,250,38,212,168,0.672,20,0.5263,20,0.5263,148,0.6981,88,235,223,11
22.0,18.0,1,1,18.0,0,0,250,38,212,168,0.672,20,0.5263,20,0.5263,148,0.6981,88,235,223,11
22.0,18.0,1,1,24.0,0,0,250,38,212,168,0.672,20,0.5263,20,0.5263,148,0.6981,88,235,223,11
20.0,14.0,2,0,48.0,0,0,250,38,212,168,0.672,18,0.4737,18,0.4737,150,0.7075,83,236,229,17
18.0,16.0,2,2,12.0,0,0,250,38,212,168,0.672,17,0.4474,17,0.4474,151,0.7123,83,231,231,19
18.0,16.0,2,2,18.0,0,0,250,38,212,168,0.672,17,0.4474,17,0.4474,151,0.7123,83,231,231,19
18.0,16.0,2,2,24.0,0,0,250,38,212,168,0.672,17,0.4474,17,0.4474,151,0.7123,83,231,231,19
20.0,16.0,2,1,32.0,0,0,250,38,212,168,0.672,17,0.4474,17,0.4474,151,0.7123,83,236,230,18
18.0,14.0,3,0,12.0,0,0,250,38,212,168,0.672,16,0.4211,16,0.4211,152,0.717,78,237,230,18
18.0,14.0,3,0,18.0,0,0,250,38,212,168,0.672,16,0.4211,16,0.4211,152,0.717,78,237,230,18
18.0,14.0,3,0,24.0,0,0,250,38,212,168,0.672,16,0.4211,16,0.4211,152,0.717,78,237,230,18
18.0,18.0,3,0,48.0,0,0,250,38,212,168,0.672,16,0.4211,16,0.4211,152,0.717,78,237,230,18
24.0,6.0,1,1,12.0,0,0,250,38,212,168,0.672,16,0.4211,16,0.4211,152,0.717,81,236,231,19
24.0,6.0,1,1,18.0,0,0,250,38,212,168,0.672,16,0.4211,16,0.4211,152,0.717,81,236,231,19
24.0,6.0,1,1,24.0,0,0,250,38,212,168,0.672,16,0.4211,16,0.4211,152,0.717,81,236,231,19
24.0,8.0,1,1,12.0,0,0,250,38,212,168,0.672,16,0.4211,16,0.4211,152,0.717,81,236,231,19
24.0,8.0,1,1,18.0,0,0,250,38,212,168,0.672,16,0.4211,16,0.4211,152,0.717,81,236,231,19
24.0,8.0,1,1,24.0,0,0,250,38,212,168,0.672,16,0.4211,16,0.4211,152,0.717,81,236,231,19
24.0,10.0,1,1,12.0,0,0,250,38,212,168,0.672,16,0.4211,16,0.4211,152,0.717,81,236,231,19
24.0,10.0,1,1,18.0,0,0,250,38,212,168,0.672,16,0.4211,16,0.4211,152,0.717,81,236,231,19
24.0,10.0,1,1,24.0,0,0,250,38,212,168,0.672,16,0.4211,16,0.4211,152,0.717,81,236,231,19
24.0,12.0,1,1,12.0,0,0,250,38,212,168,0.672,16,0.4211,16,0.4211,152,0.717,81,236,231,19
24.0,12.0,1,1,18.0,0,0,250,38,212,168,0.672,16,0.4211,16,0.4211,152,0.717,81,236,231,19
24.0,12.0,1,1,24.0,0,0,250,38,212,168,0.672,16,0.4211,16,0.4211,152,0.717,81,236,231,19
24.0,16.0,1,1,32.0,0,0,250,38,212,168,0.672,16,0.4211,16,0.4211,152,0.717,81,236,231,19
18.0,14.0,3,1,12.0,0,0,250,38,212,168,0.672,15,0.3947,15,0.3947,153,0.7217,78,237,231,19
18.0,14.0,3,1,18.0,0,0,250,38,212,168,0.672,15,0.3947,15,0.3947,153,0.7217,78,237,231,19
18.0,14.0,3,1,24.0,0,0,250,38,212,168,0.672,15,0.3947,15,0.3947,153,0.7217,78,237,231,19
20.0,6.0,1,2,12.0,0,0,250,38,212,167,0.668,23,0.6053,23,0.6053,144,0.6792,94,227,221,9
20.0,6.0,1,2,18.0,0,0,250,38,212,167,0.668,23,0.6053,23,0.6053,144,0.6792,94,227,221,9
20.0,8.0,1,2,12.0,0,0,250,38,212,167,0.668,23,0.6053,23,0.6053,144,0.6792,94,227,221,9
20.0,8.0,1,2,18.0,0,0,250,38,212,167,0.668,23,0.6053,23,0.6053,144,0.6792,94,227,221,9
20.0,10.0,1,2,12.0,0,0,250,38,212,167,0.668,23,0.6053,23,0.6053,144,0.6792,94,227,221,9
20.0,10.0,1,2,18.0,0,0,250,38,212,167,0.668,23,0.6053,23,0.6053,144,0.6792,94,227,221,9
20.0,12.0,1,2,12.0,0,0,250,38,212,167,0.668,23,0.6053,23,0.6053,144,0.6792,94,227,221,9
20.0,12.0,1,2,18.0,0,0,250,38,212,167,0.668,23,0.6053,23,0.6053,144,0.6792,94,227,221,9
20.0,18.0,1,2,24.0,0,0,250,38,212,167,0.668,23,0.6053,23,0.6053,144,0.6792,94,227,221,9
22.0,14.0,1,0,12.0,0,0,250,38,212,167,0.668,23,0.6053,23,0.6053,144,0.6792,95,236,216,4
22.0,14.0,1,0,18.0,0,0,250,38,212,167,0.668,23,0.6053,23,0.6053,144,0.6792,95,236,216,4
22.0,14.0,1,0,24.0,0,0,250,38,212,167,0.668,23,0.6053,23,0.6053,144,0.6792,95,236,216,4
22.0,16.0,1,0,32.0,0,0,250,38,212,167,0.668,23,0.6053,23,0.6053,144,0.6792,95,236,216,4
22.0,18.0,1,0,48.0,0,0,250,38,212,167,0.668,21,0.5526,21,0.5526,146,0.6887,91,236,216,4
22.0,18.0,1,1,32.0,0,0,250,38,212,167,0.668,20,0.5263,20,0.5263,147,0.6934,89,235,223,11
20.0,6.0,2,0,48.0,0,0,250,38,212,167,0.668,18,0.4737,18,0.4737,149,0.7028,84,236,229,17
20.0,8.0,2,0,48.0,0,0,250,38,212,167,0.668,18,0.4737,18,0.4737,149,0.7028,84,236,229,17
20.0,10.0,2,0,48.0,0,0,250,38,212,167,0.668,18,0.4737,18,0.4737,149,0.7028,84,236,229,17
20.0,12.0,2,0,48.0,0,0,250,38,212,167,0.668,18,0.4737,18,0.4737,149,0.7028,84,236,229,17
18.0,14.0,2,2,12.0,0,0,250,38,212,167,0.668,17,0.4474,17,0.4474,150,0.7075,84,231,231,19
18.0,14.0,2,2,18.0,0,0,250,38,212,167,0.668,17,0.4474,17,0.4474,150,0.7075,84,231,231,19
18.0,14.0,2,2,24.0,0,0,250,38,212,167,0.668,17,0.4474,17,0.4474,150,0.7075,84,231,231,19
20.0,14.0,2,1,32.0,0,0,250,38,212,167,0.668,17,0.4474,17,0.4474,150,0.7075,84,236,230,18
20.0,16.0,2,1,48.0,0,0,250,38,212,167,0.668,17,0.4474,17,0.4474,150,0.7075,84,236,230,18
20.0,16.0,3,2,32.0,0,0,250,38,212,167,0.668,16,0.4211,16,0.4211,151,0.7123,78,232,232,20
18.0,6.0,3,0,12.0,0,0,250,38,212,167,0.668,16,0.4211,16,0.4211,151,0.7123,79,237,230,18
18.0,6.0,3,0,18.0,0,0,250,38,212,167,0.668,16,0.4211,16,0.4211,151,0.7123,79,237,230,18
18.0,6.0,3,0,24.0,0,0,250,38,212,167,0.668,16,0.4211,16,0.4211,151,0.7123,79,237,230,18
18.0,8.0,3,0,12.0,0,0,250,38,212,167,0.668,16,0.4211,16,0.4211,151,0.7123,79,237,230,18
18.0,8.0,3,0,18.0,0,0,250,38,212,167,0.668,16,0.4211,16,0.4211,151,0.7123,79,237,230,18
18.0,8.0,3,0,24.0,0,0,250,38,212,167,0.668,16,0.4211,16,0.4211,151,0.7123,79,237,230,18
18.0,10.0,3,0,12.0,0,0,250,38,212,167,0.668,16,0.4211,16,0.4211,151,0.7123,79,237,230,18
18.0,10.0,3,0,18.0,0,0,250,38,212,167,0.668,16,0.4211,16,0.4211,151,0.7123,79,237,230,18
18.0,10.0,3,0,24.0,0,0,250,38,212,167,0.668,16,0.4211,16,0.4211,151,0.7123,79,237,230,18
18.0,12.0,3,0,12.0,0,0,250,38,212,167,0.668,16,0.4211,16,0.4211,151,0.7123,79,237,230,18
18.0,12.0,3,0,18.0,0,0,250,38,212,167,0.668,16,0.4211,16,0.4211,151,0.7123,79,237,230,18
18.0,12.0,3,0,24.0,0,0,250,38,212,167,0.668,16,0.4211,16,0.4211,151,0.7123,79,237,230,18
24.0,14.0,1,1,32.0,0,0,250,38,212,167,0.668,16,0.4211,16,0.4211,151,0.7123,82,236,231,19
24.0,16.0,1,1,48.0,0,0,250,38,212,167,0.668,16,0.4211,16,0.4211,151,0.7123,82,236,231,19
18.0,6.0,3,1,12.0,0,0,250,38,212,167,0.668,15,0.3947,15,0.3947,152,0.717,79,237,231,19
18.0,6.0,3,1,18.0,0,0,250,38,212,167,0.668,15,0.3947,15,0.3947,152,0.717,79,237,231,19
18.0,6.0,3,1,24.0,0,0,250,38,212,167,0.668,15,0.3947,15,0.3947,152,0.717,79,237,231,19
18.0,8.0,3,1,12.0,0,0,250,38,212,167,0.668,15,0.3947,15,0.3947,152,0.717,79,237,231,19
18.0,8.0,3,1,18.0,0,0,250,38,212,167,0.668,15,0.3947,15,0.3947,152,0.717,79,237,231,19
18.0,8.0,3,1,24.0,0,0,250,38,212,167,0.668,15,0.3947,15,0.3947,152,0.717,79,237,231,19
18.0,10.0,3,1,12.0,0,0,250,38,212,167,0.668,15,0.3947,15,0.3947,152,0.717,79,237,231,19
18.0,10.0,3,1,18.0,0,0,250,38,212,167,0.668,15,0.3947,15,0.3947,152,0.717,79,237,231,19
18.0,10.0,3,1,24.0,0,0,250,38,212,167,0.668,15,0.3947,15,0.3947,152,0.717,79,237,231,19
18.0,12.0,3,1,12.0,0,0,250,38,212,167,0.668,15,0.3947,15,0.3947,152,0.717,79,237,231,19
18.0,12.0,3,1,18.0,0,0,250,38,212,167,0.668,15,0.3947,15,0.3947,152,0.717,79,237,231,19
18.0,12.0,3,1,24.0,0,0,250,38,212,167,0.668,15,0.3947,15,0.3947,152,0.717,79,237,231,19
18.0,18.0,3,1,32.0,0,0,250,38,212,167,0.668,15,0.3947,15,0.3947,152,0.717,79,237,231,19
22.0,6.0,1,0,12.0,0,0,250,38,212,166,0.664,23,0.6053,23,0.6053,143,0.6745,96,236,216,4
22.0,6.0,1,0,18.0,0,0,250,38,212,166,0.664,23,0.6053,23,0.6053,143,0.6745,96,236,216,4
22.0,6.0,1,0,24.0,0,0,250,38,212,166,0.664,23,0.6053,23,0.6053,143,0.6745,96,236,216,4
22.0,8.0,1,0,12.0,0,0,250,38,212,166,0.664,23,0.6053,23,0.6053,143,0.6745,96,236,216,4
22.0,8.0,1,0,18.0,0,0,250,38,212,166,0.664,23,0.6053,23,0.6053,143,0.6745,96,236,216,4
22.0,8.0,1,0,24.0,0,0,250,38,212,166,0.664,23,0.6053,23,0.6053,143,0.6745,96,236,216,4
22.0,10.0,1,0,12.0,0,0,250,38,212,166,0.664,23,0.6053,23,0.6053,143,0.6745,96,236,216,4
22.0,10.0,1,0,18.0,0,0,250,38,212,166,0.664,23,0.6053,23,0.6053,143,0.6745,96,236,216,4
22.0,10.0,1,0,24.0,0,0,250,38,212,166,0.664,23,0.6053,23,0.6053,143,0.6745,96,236,216,4
22.0,12.0,1,0,12.0,0,0,250,38,212,166,0.664,23,0.6053,23,0.6053,143,0.6745,96,236,216,4
22.0,12.0,1,0,18.0,0,0,250,38,212,166,0.664,23,0.6053,23,0.6053,143,0.6745,96,236,216,4
22.0,12.0,1,0,24.0,0,0,250,38,212,166,0.664,23,0.6053,23,0.6053,143,0.6745,96,236,216,4
22.0,14.0,1,0,32.0,0,0,250,38,212,166,0.664,23,0.6053,23,0.6053,143,0.6745,96,236,216,4
22.0,16.0,1,0,48.0,0,0,250,38,212,166,0.664,23,0.6053,23,0.6053,143,0.6745,96,236,216,4
22.0,16.0,1,1,12.0,0,0,250,38,212,166,0.664,20,0.5263,20,0.5263,146,0.6887,90,235,223,11
22.0,16.0,1,1,18.0,0,0,250,38,212,166,0.664,20,0.5263,20,0.5263,146,0.6887,90,235,223,11
22.0,16.0,1,1,24.0,0,0,250,38,212,166,0.664,20,0.5263,20,0.5263,146,0.6887,90,235,223,11
22.0,18.0,1,1,48.0,0,0,250,38,212,166,0.664,20,0.5263,20,0.5263,146,0.6887,90,235,223,11
18.0,6.0,2,2,12.0,0,0,250,38,212,166,0.664,17,0.4474,17,0.4474,149,0.7028,85,231,231,19
18.0,6.0,2,2,18.0,0,0,250,38,212,166,0.664,17,0.4474,17,0.4474,149,0.7028,85,231,231,19
18.0,6.0,2,2,24.0,0,0,250,38,212,166,0.664,17,0.4474,17,0.4474,149,0.7028,85,231,231,19
18.0,8.0,2,2,12.0,0,0,250,38,212,166,0.664,17,0.4474,17,0.4474,149,0.7028,85,231,231,19
18.0,8.0,2,2,18.0,0,0,250,38,212,166,0.664,17,0.4474,17,0.4474,149,0.7028,85,231,231,19
18.0,8.0,2,2,24.0,0,0,250,38,212,166,0.664,17,0.4474,17,0.4474,149,0.7028,85,231,231,19
18.0,10.0,2,2,12.0,0,0,250,38,212,166,0.664,17,0.4474,17,0.4474,149,0.7028,85,231,231,19
18.0,10.0,2,2,18.0,0,0,250,38,212,166,0.664,17,0.4474,17,0.4474,149,0.7028,85,231,231,19
18.0,10.0,2,2,24.0,0,0,250,38,212,166,0.664,17,0.4474,17,0.4474,149,0.7028,85,231,231,19
18.0,12.0,2,2,12.0,0,0,250,38,212,166,0.664,17,0.4474,17,0.4474,149,0.7028,85,231,231,19
18.0,12.0,2,2,18.0,0,0,250,38,212,166,0.664,17,0.4474,17,0.4474,149,0.7028,85,231,231,19
18.0,12.0,2,2,24.0,0,0,250,38,212,166,0.664,17,0.4474,17,0.4474,149,0.7028,85,231,231,19
20.0,6.0,2,1,32.0,0,0,250,38,212,166,0.664,17,0.4474,17,0.4474,149,0.7028,85,236,230,18
20.0,8.0,2,1,32.0,0,0,250,38,212,166,0.664,17,0.4474,17,0.4474,149,0.7028,85,236,230,18
20.0,10.0,2,1,32.0,0,0,250,38,212,166,0.664,17,0.4474,17,0.4474,149,0.7028,85,236,230,18
20.0,12.0,2,1,32.0,0,0,250,38,212,166,0.664,17,0.4474,17,0.4474,149,0.7028,85,236,230,18
20.0,14.0,2,1,48.0,0,0,250,38,212,166,0.664,17,0.4474,17,0.4474,149,0.7028,85,236,230,18
20.0,18.0,2,2,32.0,0,0,250,38,212,166,0.664,17,0.4474,17,0.4474,149,0.7028,85,231,231,19
24.0,18.0,1,2,32.0,0,0,250,38,212,166,0.664,17,0.4474,17,0.4474,149,0.7028,85,231,231,19
20.0,14.0,3,2,32.0,0,0,250,38,212,166,0.664,16,0.4211,16,0.4211,150,0.7075,79,232,232,20
18.0,16.0,3,0,32.0,0,0,250,38,212,166,0.664,16,0.4211,16,0.4211,150,0.7075,80,237,230,18
16.0,16.0,3,2,12.0,0,0,250,38,212,166,0.664,16,0.4211,16,0.4211,150,0.7075,82,232,232,20
16.0,16.0,3,2,18.0,0,0,250,38,212,166,0.664,16,0.4211,16,0.4211,150,0.7075,82,232,232,20
16.0,16.0,3,2,24.0,0,0,250,38,212,166,0.664,16,0.4211,16,0.4211,150,0.7075,82,232,232,20
18.0,18.0,3,2,32.0,0,0,250,38,212,166,0.664,16,0.4211,16,0.4211,150,0.7075,82,232,232,20
24.0,6.0,1,1,32.0,0,0,250,38,212,166,0.664,16,0.4211,16,0.4211,150,0.7075,83,236,231,19
24.0,8.0,1,1,32.0,0,0,250,38,212,166,0.664,16,0.4211,16,0.4211,150,0.7075,83,236,231,19
24.0,10.0,1,1,32.0,0,0,250,38,212,166,0.664,16,0.4211,16,0.4211,150,0.7075,83,236,231,19
24.0,12.0,1,1,32.0,0,0,250,38,212,166,0.664,16,0.4211,16,0.4211,150,0.7075,83,236,231,19
24.0,14.0,1,1,48.0,0,0,250,38,212,166,0.664,16,0.4211,16,0.4211,150,0.7075,83,236,231,19
18.0,18.0,3,1,48.0,0,0,250,38,212,166,0.664,15,0.3947,15,0.3947,151,0.7123,80,237,231,19
22.0,6.0,1,0,32.0,0,0,250,38,212,165,0.66,23,0.6053,23,0.6053,142,0.6698,97,236,216,4
22.0,8.0,1,0,32.0,0,0,250,38,212,165,0.66,23,0.6053,23,0.6053,142,0.6698,97,236,216,4
22.0,10.0,1,0,32.0,0,0,250,38,212,165,0.66,23,0.6053,23,0.6053,142,0.6698,97,236,216,4
22.0,12.0,1,0,32.0,0,0,250,38,212,165,0.66,23,0.6053,23,0.6053,142,0.6698,97,236,216,4
22.0,14.0,1,0,48.0,0,0,250,38,212,165,0.66,23,0.6053,23,0.6053,142,0.6698,97,236,216,4
22.0,14.0,1,1,12.0,0,0,250,38,212,165,0.66,20,0.5263,20,0.5263,145,0.684,91,235,223,11
22.0,14.0,1,1,18.0,0,0,250,38,212,165,0.66,20,0.5263,20,0.5263,145,0.684,91,235,223,11
22.0,14.0,1,1,24.0,0,0,250,38,212,165,0.66,20,0.5263,20,0.5263,145,0.684,91,235,223,11
22.0,16.0,1,1,32.0,0,0,250,38,212,165,0.66,20,0.5263,20,0.5263,145,0.684,91,235,223,11
20.0,6.0,2,1,48.0,0,0,250,38,212,165,0.66,17,0.4474,17,0.4474,148,0.6981,86,236,230,18
20.0,8.0,2,1,48.0,0,0,250,38,212,165,0.66,17,0.4474,17,0.4474,148,0.6981,86,236,230,18
20.0,10.0,2,1,48.0,0,0,250,38,212,165,0.66,17,0.4474,17,0.4474,148,0.6981,86,236,230,18
20.0,12.0,2,1,48.0,0,0,250,38,212,165,0.66,17,0.4474,17,0.4474,148,0.6981,86,236,230,18
20.0,18.0,2,2,48.0,0,0,250,38,212,165,0.66,17,0.4474,17,0.4474,148,0.6981,86,231,231,19
24.0,18.0,1,2,48.0,0,0,250,38,212,165,0.66,17,0.4474,17,0.4474,148,0.6981,86,231,231,19
20.0,6.0,3,2,32.0,0,0,250,38,212,165,0.66,16,0.4211,16,0.4211,149,0.7028,80,232,232,20
20.0,8.0,3,2,32.0,0,0,250,38,212,165,0.66,16,0.4211,16,0.4211,149,0.7028,80,232,232,20
20.0,10.0,3,2,32.0,0,0,250,38,212,165,0.66,16,0.4211,16,0.4211,149,0.7028,80,232,232,20
20.0,12.0,3,2,32.0,0,0,250,38,212,165,0.66,16,0.4211,16,0.4211,149,0.7028,80,232,232,20
20.0,16.0,3,2,48.0,0,0,250,38,212,165,0.66,16,0.4211,16,0.4211,149,0.7028,80,232,232,20
18.0,14.0,3,0,32.0,0,0,250,38,212,165,0.66,16,0.4211,16,0.4211,149,0.7028,81,237,230,18
16.0,14.0,3,2,12.0,0,0,250,38,212,165,0.66,16,0.4211,16,0.4211,149,0.7028,83,232,232,20
16.0,14.0,3,2,18.0,0,0,250,38,212,165,0.66,16,0.4211,16,0.4211,149,0.7028,83,232,232,20
16.0,14.0,3,2,24.0,0,0,250,38,212,165,0.66,16,0.4211,16,0.4211,149,0.7028,83,232,232,20
18.0,18.0,3,2,48.0,0,0,250,38,212,165,0.66,16,0.4211,16,0.4211,149,0.7028,83,232,232,20
24.0,6.0,1,1,48.0,0,0,250,38,212,165,0.66,16,0.4211,16,0.4211,149,0.7028,84,236,231,19
24.0,8.0,1,1,48.0,0,0,250,38,212,165,0.66,16,0.4211,16,0.4211,149,0.7028,84,236,231,19
24.0,10.0,1,1,48.0,0,0,250,38,212,165,0.66,16,0.4211,16,0.4211,149,0.7028,84,236,231,19
24.0,12.0,1,1,48.0,0,0,250,38,212,165,0.66,16,0.4211,16,0.4211,149,0.7028,84,236,231,19
22.0,6.0,1,0,48.0,0,0,250,38,212,164,0.656,23,0.6053,23,0.6053,141,0.6651,98,236,216,4
22.0,8.0,1,0,48.0,0,0,250,38,212,164,0.656,23,0.6053,23,0.6053,141,0.6651,98,236,216,4
22.0,10.0,1,0,48.0,0,0,250,38,212,164,0.656,23,0.6053,23,0.6053,141,0.6651,98,236,216,4
22.0,12.0,1,0,48.0,0,0,250,38,212,164,0.656,23,0.6053,23,0.6053,141,0.6651,98,236,216,4
20.0,18.0,1,1,12.0,0,0,250,38,212,164,0.656,22,0.5789,22,0.5789,142,0.6698,96,235,218,6
20.0,18.0,1,1,18.0,0,0,250,38,212,164,0.656,22,0.5789,22,0.5789,142,0.6698,96,235,218,6
20.0,18.0,1,1,24.0,0,0,250,38,212,164,0.656,22,0.5789,22,0.5789,142,0.6698,96,235,218,6
20.0,18.0,1,1,32.0,0,0,250,38,212,164,0.656,22,0.5789,22,0.5789,142,0.6698,96,235,218,6
22.0,18.0,1,2,32.0,0,0,250,38,212,164,0.656,21,0.5526,21,0.5526,143,0.6745,93,228,223,11
22.0,6.0,1,1,12.0,0,0,250,38,212,164,0.656,20,0.5263,20,0.5263,144,0.6792,92,235,223,11
22.0,6.0,1,1,18.0,0,0,250,38,212,164,0.656,20,0.5263,20,0.5263,144,0.6792,92,235,223,11
22.0,6.0,1,1,24.0,0,0,250,38,212,164,0.656,20,0.5263,20,0.5263,144,0.6792,92,235,223,11
22.0,8.0,1,1,12.0,0,0,250,38,212,164,0.656,20,0.5263,20,0.5263,144,0.6792,92,235,223,11
22.0,8.0,1,1,18.0,0,0,250,38,212,164,0.656,20,0.5263,20,0.5263,144,0.6792,92,235,223,11
22.0,8.0,1,1,24.0,0,0,250,38,212,164,0.656,20,0.5263,20,0.5263,144,0.6792,92,235,223,11
22.0,10.0,1,1,12.0,0,0,250,38,212,164,0.656,20,0.5263,20,0.5263,144,0.6792,92,235,223,11
22.0,10.0,1,1,18.0,0,0,250,38,212,164,0.656,20,0.5263,20,0.5263,144,0.6792,92,235,223,11
22.0,10.0,1,1,24.0,0,0,250,38,212,164,0.656,20,0.5263,20,0.5263,144,0.6792,92,235,223,11
22.0,12.0,1,1,12.0,0,0,250,38,212,164,0.656,20,0.5263,20,0.5263,144,0.6792,92,235,223,11
22.0,12.0,1,1,18.0,0,0,250,38,212,164,0.656,20,0.5263,20,0.5263,144,0.6792,92,235,223,11
22.0,12.0,1,1,24.0,0,0,250,38,212,164,0.656,20,0.5263,20,0.5263,144,0.6792,92,235,223,11
22.0,14.0,1,1,32.0,0,0,250,38,212,164,0.656,20,0.5263,20,0.5263,144,0.6792,92,235,223,11
22.0,16.0,1,1,48.0,0,0,250,38,212,164,0.656,20,0.5263,20,0.5263,144,0.6792,92,235,223,11
18.0,18.0,2,1,12.0,0,0,250,38,212,164,0.656,17,0.4474,17,0.4474,147,0.6934,87,236,230,18
18.0,18.0,2,1,18.0,0,0,250,38,212,164,0.656,17,0.4474,17,0.4474,147,0.6934,87,236,230,18
18.0,18.0,2,1,24.0,0,0,250,38,212,164,0.656,17,0.4474,17,0.4474,147,0.6934,87,236,230,18
20.0,14.0,3,2,48.0,0,0,250,38,212,164,0.656,16,0.4211,16,0.4211,148,0.6981,81,232,232,20
18.0,6.0,3,0,32.0,0,0,250,38,212,164,0.656,16,0.4211,16,0.4211,148,0.6981,82,237,230,18
18.0,8.0,3,0,32.0,0,0,250,38,212,164,0.656,16,0.4211,16,0.4211,148,0.6981,82,237,230,18
18.0,10.0,3,0,32.0,0,0,250,38,212,164,0.656,16,0.4211,16,0.4211,148,0.6981,82,237,230,18
18.0,12.0,3,0,32.0,0,0,250,38,212,164,0.656,16,0.4211,16,0.4211,148,0.6981,82,237,230,18
20.0,16.0,1,2,24.0,0,0,250,38,212,163,0.652,23,0.6053,23,0.6053,140,0.6604,98,227,221,9
20.0,18.0,1,2,32.0,0,0,250,38,212,163,0.652,23,0.6053,23,0.6053,140,0.6604,98,227,221,9
20.0,18.0,1,1,48.0,0,0,250,38,212,163,0.652,22,0.5789,22,0.5789,141,0.6651,97,235,218,6
22.0,18.0,1,2,48.0,0,0,250,38,212,163,0.652,21,0.5526,21,0.5526,142,0.6698,94,228,223,11
22.0,6.0,1,1,32.0,0,0,250,38,212,163,0.652,20,0.5263,20,0.5263,143,0.6745,93,235,223,11
22.0,8.0,1,1,32.0,0,0,250,38,212,163,0.652,20,0.5263,20,0.5263,143,0.6745,93,235,223,11
22.0,10.0,1,1,32.0,0,0,250,38,212,163,0.652,20,0.5263,20,0.5263,143,0.6745,93,235,223,11
22.0,12.0,1,1,32.0,0,0,250,38,212,163,0.652,20,0.5263,20,0.5263,143,0.6745,93,235,223,11
22.0,14.0,1,1,48.0,0,0,250,38,212,163,0.652,20,0.5263,20,0.5263,143,0.6745,93,235,223,11
20.0,6.0,3,2,48.0,0,0,250,38,212,163,0.652,16,0.4211,16,0.4211,147,0.6934,82,232,232,20
20.0,8.0,3,2,48.0,0,0,250,38,212,163,0.652,16,0.4211,16,0.4211,147,0.6934,82,232,232,20
20.0,10.0,3,2,48.0,0,0,250,38,212,163,0.652,16,0.4211,16,0.4211,147,0.6934,82,232,232,20
20.0,12.0,3,2,48.0,0,0,250,38,212,163,0.652,16,0.4211,16,0.4211,147,0.6934,82,232,232,20
16.0,6.0,3,2,12.0,0,0,250,38,212,163,0.652,16,0.4211,16,0.4211,147,0.6934,85,232,232,20
16.0,6.0,3,2,18.0,0,0,250,38,212,163,0.652,16,0.4211,16,0.4211,147,0.6934,85,232,232,20
16.0,6.0,3,2,24.0,0,0,250,38,212,163,0.652,16,0.4211,16,0.4211,147,0.6934,85,232,232,20
16.0,8.0,3,2,12.0,0,0,250,38,212,163,0.652,16,0.4211,16,0.4211,147,0.6934,85,232,232,20
16.0,8.0,3,2,18.0,0,0,250,38,212,163,0.652,16,0.4211,16,0.4211,147,0.6934,85,232,232,20
16.0,8.0,3,2,24.0,0,0,250,38,212,163,0.652,16,0.4211,16,0.4211,147,0.6934,85,232,232,20
16.0,10.0,3,2,12.0,0,0,250,38,212,163,0.652,16,0.4211,16,0.4211,147,0.6934,85,232,232,20
16.0,10.0,3,2,18.0,0,0,250,38,212,163,0.652,16,0.4211,16,0.4211,147,0.6934,85,232,232,20
16.0,10.0,3,2,24.0,0,0,250,38,212,163,0.652,16,0.4211,16,0.4211,147,0.6934,85,232,232,20
16.0,12.0,3,2,12.0,0,0,250,38,212,163,0.652,16,0.4211,16,0.4211,147,0.6934,85,232,232,20
16.0,12.0,3,2,18.0,0,0,250,38,212,163,0.652,16,0.4211,16,0.4211,147,0.6934,85,232,232,20
16.0,12.0,3,2,24.0,0,0,250,38,212,163,0.652,16,0.4211,16,0.4211,147,0.6934,85,232,232,20
16.0,16.0,3,1,12.0,0,0,250,38,212,163,0.652,15,0.3947,15,0.3947,148,0.6981,83,237,231,19
16.0,16.0,3,1,18.0,0,0,250,38,212,163,0.652,15,0.3947,15,0.3947,148,0.6981,83,237,231,19
16.0,16.0,3,1,24.0,0,0,250,38,212,163,0.652,15,0.3947,15,0.3947,148,0.6981,83,237,231,19
18.0,16.0,3,1,32.0,0,0,250,38,212,163,0.652,15,0.3947,15,0.3947,148,0.6981,83,237,231,19
20.0,14.0,1,2,24.0,0,0,250,38,212,162,0.648,23,0.6053,23,0.6053,139,0.6557,99,227,221,9
20.0,18.0,1,2,48.0,0,0,250,38,212,162,0.648,23,0.6053,23,0.6053,139,0.6557,99,227,221,9
20.0,16.0,1,1,12.0,0,0,250,38,212,162,0.648,22,0.5789,22,0.5789,140,0.6604,98,235,218,6
20.0,16.0,1,1,18.0,0,0,250,38,212,162,0.648,22,0.5789,22,0.5789,140,0.6604,98,235,218,6
20.0,16.0,1,1,24.0,0,0,250,38,212,162,0.648,22,0.5789,22,0.5789,140,0.6604,98,235,218,6
20.0,16.0,1,1,32.0,0,0,250,38,212,162,0.648,22,0.5789,22,0.5789,140,0.6604,98,235,218,6
20.0,18.0,1,0,12.0,0,0,250,38,212,162,0.648,22,0.5789,22,0.5789,140,0.6604,100,236,218,6
20.0,18.0,1,0,18.0,0,0,250,38,212,162,0.648,22,0.5789,22,0.5789,140,0.6604,100,236,218,6
20.0,18.0,1,0,24.0,0,0,250,38,212,162,0.648,22,0.5789,22,0.5789,140,0.6604,100,236,218,6
22.0,6.0,1,1,48.0,0,0,250,38,212,162,0.648,20,0.5263,20,0.5263,142,0.6698,94,235,223,11
22.0,8.0,1,1,48.0,0,0,250,38,212,162,0.648,20,0.5263,20,0.5263,142,0.6698,94,235,223,11
22.0,10.0,1,1,48.0,0,0,250,38,212,162,0.648,20,0.5263,20,0.5263,142,0.6698,94,235,223,11
22.0,12.0,1,1,48.0,0,0,250,38,212,162,0.648,20,0.5263,20,0.5263,142,0.6698,94,235,223,11
18.0,18.0,2,0,12.0,0,0,250,38,212,162,0.648,18,0.4737,18,0.4737,144,0.6792,90,236,229,17
18.0,18.0,2,0,18.0,0,0,250,38,212,162,0.648,18,0.4737,18,0.4737,144,0.6792,90,236,229,17
18.0,18.0,2,0,24.0,0,0,250,38,212,162,0.648,18,0.4737,18,0.4737,144,0.6792,90,236,229,17
16.0,16.0,3,0,12.0,0,0,250,38,212,162,0.648,17,0.4474,17,0.4474,145,0.684,86,237,218,6
16.0,16.0,3,0,18.0,0,0,250,38,212,162,0.648,17,0.4474,17,0.4474,145,0.684,86,237,218,6
16.0,16.0,3,0,24.0,0,0,250,38,212,162,0.648,17,0.4474,17,0.4474,145,0.684,86,237,218,6
20.0,16.0,2,2,32.0,0,0,250,38,212,162,0.648,17,0.4474,17,0.4474,145,0.684,89,231,231,19
24.0,16.0,1,2,32.0,0,0,250,38,212,162,0.648,17,0.4474,17,0.4474,145,0.684,89,231,231,19
18.0,16.0,3,2,32.0,0,0,250,38,212,162,0.648,16,0.4211,16,0.4211,146,0.6887,86,232,232,20
16.0,14.0,3,1,12.0,0,0,250,38,212,162,0.648,15,0.3947,15,0.3947,147,0.6934,84,237,231,19
16.0,14.0,3,1,18.0,0,0,250,38,212,162,0.648,15,0.3947,15,0.3947,147,0.6934,84,237,231,19
16.0,14.0,3,1,24.0,0,0,250,38,212,162,0.648,15,0.3947,15,0.3947,147,0.6934,84,237,231,19
18.0,14.0,3,1,32.0,0,0,250,38,212,162,0.648,15,0.3947,15,0.3947,147,0.6934,84,237,231,19
20.0,6.0,1,2,24.0,0,0,250,38,212,161,0.644,23,0.6053,23,0.6053,138,0.6509,100,227,221,9
20.0,8.0,1,2,24.0,0,0,250,38,212,161,0.644,23,0.6053,23,0.6053,138,0.6509,100,227,221,9
20.0,10.0,1,2,24.0,0,0,250,38,212,161,0.644,23,0.6053,23,0.6053,138,0.6509,100,227,221,9
20.0,12.0,1,2,24.0,0,0,250,38,212,161,0.644,23,0.6053,23,0.6053,138,0.6509,100,227,221,9
20.0,14.0,1,1,12.0,0,0,250,38,212,161,0.644,22,0.5789,22,0.5789,139,0.6557,99,235,218,6
20.0,14.0,1,1,18.0,0,0,250,38,212,161,0.644,22,0.5789,22,0.5789,139,0.6557,99,235,218,6
20.0,14.0,1,1,24.0,0,0,250,38,212,161,0.644,22,0.5789,22,0.5789,139,0.6557,99,235,218,6
20.0,14.0,1,1,32.0,0,0,250,38,212,161,0.644,22,0.5789,22,0.5789,139,0.6557,99,235,218,6
20.0,16.0,1,1,48.0,0,0,250,38,212,161,0.644,22,0.5789,22,0.5789,139,0.6557,99,235,218,6
20.0,18.0,1,0,32.0,0,0,250,38,212,161,0.644,22,0.5789,22,0.5789,139,0.6557,101,236,218,6
16.0,14.0,3,0,12.0,0,0,250,38,212,161,0.644,17,0.4474,17,0.4474,144,0.6792,87,237,218,6
16.0,14.0,3,0,18.0,0,0,250,38,212,161,0.644,17,0.4474,17,0.4474,144,0.6792,87,237,218,6
16.0,14.0,3,0,24.0,0,0,250,38,212,161,0.644,17,0.4474,17,0.4474,144,0.6792,87,237,218,6
18.0,18.0,2,2,32.0,0,0,250,38,212,161,0.644,17,0.4474,17,0.4474,144,0.6792,90,231,231,19
20.0,14.0,2,2,32.0,0,0,250,38,212,161,0.644,17,0.4474,17,0.4474,144,0.6792,90,231,231,19
24.0,14.0,1,2,32.0,0,0,250,38,212,161,0.644,17,0.4474,17,0.4474,144,0.6792,90,231,231,19
18.0,14.0,3,2,32.0,0,0,250,38,212,161,0.644,16,0.4211,16,0.4211,145,0.684,87,232,232,20
18.0,6.0,3,1,32.0,0,0,250,38,212,161,0.644,15,0.3947,15,0.3947,146,0.6887,85,237,231,19
18.0,8.0,3,1,32.0,0,0,250,38,212,161,0.644,15,0.3947,15,0.3947,146,0.6887,85,237,231,19
18.0,10.0,3,1,32.0,0,0,250,38,212,161,0.644,15,0.3947,15,0.3947,146,0.6887,85,237,231,19
18.0,12.0,3,1,32.0,0,0,250,38,212,161,0.644,15,0.3947,15,0.3947,146,0.6887,85,237,231,19
18.0,16.0,3,1,48.0,0,0,250,38,212,161,0.644,15,0.3947,15,0.3947,146,0.6887,85,237,231,19
18.0,18.0,1,2,12.0,0,0,250,38,212,160,0.64,23,0.6053,23,0.6053,137,0.6462,101,227,221,9
18.0,18.0,1,2,18.0,0,0,250,38,212,160,0.64,23,0.6053,23,0.6053,137,0.6462,101,227,221,9
20.0,6.0,1,1,12.0,0,0,250,38,212,160,0.64,22,0.5789,22,0.5789,138,0.6509,100,235,218,6
20.0,6.0,1,1,18.0,0,0,250,38,212,160,0.64,22,0.5789,22,0.5789,138,0.6509,100,235,218,6
20.0,6.0,1,1,24.0,0,0,250,38,212,160,0.64,22,0.5789,22,0.5789,138,0.6509,100,235,218,6
20.0,6.0,1,1,32.0,0,0,250,38,212,160,0.64,22,0.5789,22,0.5789,138,0.6509,100,235,218,6
20.0,8.0,1,1,12.0,0,0,250,38,212,160,0.64,22,0.5789,22,0.5789,138,0.6509,100,235,218,6
20.0,8.0,1,1,18.0,0,0,250,38,212,160,0.64,22,0.5789,22,0.5789,138,0.6509,100,235,218,6
20.0,8.0,1,1,24.0,0,0,250,38,212,160,0.64,22,0.5789,22,0.5789,138,0.6509,100,235,218,6
20.0,8.0,1,1,32.0,0,0,250,38,212,160,0.64,22,0.5789,22,0.5789,138,0.6509,100,235,218,6
20.0,10.0,1,1,12.0,0,0,250,38,212,160,0.64,22,0.5789,22,0.5789,138,0.6509,100,235,218,6
20.0,10.0,1,1,18.0,0,0,250,38,212,160,0.64,22,0.5789,22,0.5789,138,0.6509,100,235,218,6
20.0,10.0,1,1,24.0,0,0,250,38,212,160,0.64,22,0.5789,22,0.5789,138,0.6509,100,235,218,6
20.0,10.0,1,1,32.0,0,0,250,38,212,160,0.64,22,0.5789,22,0.5789,138,0.6509,100,235,218,6
20.0,12.0,1,1,12.0,0,0,250,38,212,160,0.64,22,0.5789,22,0.5789,138,0.6509,100,235,218,6
20.0,12.0,1,1,18.0,0,0,250,38,212,160,0.64,22,0.5789,22,0.5789,138,0.6509,100,235,218,6
20.0,12.0,1,1,24.0,0,0,250,38,212,160,0.64,22,0.5789,22,0.5789,138,0.6509,100,235,218,6
20.0,12.0,1,1,32.0,0,0,250,38,212,160,0.64,22,0.5789,22,0.5789,138,0.6509,100,235,218,6
20.0,14.0,1,1,48.0,0,0,250,38,212,160,0.64,22,0.5789,22,0.5789,138,0.6509,100,235,218,6
20.0,16.0,1,0,12.0,0,0,250,38,212,160,0.64,22,0.5789,22,0.5789,138,0.6509,102,236,218,6
20.0,16.0,1,0,18.0,0,0,250,38,212,160,0.64,22,0.5789,22,0.5789,138,0.6509,102,236,218,6
20.0,16.0,1,0,24.0,0,0,250,38,212,160,0.64,22,0.5789,22,0.5789,138,0.6509,102,236,218,6
20.0,18.0,1,0,48.0,0,0,250,38,212,160,0.64,22,0.5789,22,0.5789,138,0.6509,102,236,218,6
22.0,16.0,1,2,32.0,0,0,250,38,212,160,0.64,21,0.5526,21,0.5526,139,0.6557,97,228,223,11
18.0,18.0,2,0,32.0,0,0,250,38,212,160,0.64,18,0.4737,18,0.4737,142,0.6698,92,236,229,17
18.0,16.0,2,1,12.0,0,0,250,38,212,160,0.64,17,0.4474,17,0.4474,143,0.6745,91,236,230,18
18.0,16.0,2,1,18.0,0,0,250,38,212,160,0.64,17,0.4474,17,0.4474,143,0.6745,91,236,230,18
18.0,16.0,2,1,24.0,0,0,250,38,212,160,0.64,17,0.4474,17,0.4474,143,0.6745,91,236,230,18
18.0,18.0,2,2,48.0,0,0,250,38,212,160,0.64,17,0.4474,17,0.4474,143,0.6745,91,231,231,19
20.0,6.0,2,2,32.0,0,0,250,38,212,160,0.64,17,0.4474,17,0.4474,143,0.6745,91,231,231,19
20.0,8.0,2,2,32.0,0,0,250,38,212,160,0.64,17,0.4474,17,0.4474,143,0.6745,91,231,231,19
20.0,10.0,2,2,32.0,0,0,250,38,212,160,0.64,17,0.4474,17,0.4474,143,0.6745,91,231,231,19
20.0,12.0,2,2,32.0,0,0,250,38,212,160,0.64,17,0.4474,17,0.4474,143,0.6745,91,231,231,19
20.0,16.0,2,2,48.0,0,0,250,38,212,160,0.64,17,0.4474,17,0.4474,143,0.6745,91,231,231,19
24.0,6.0,1,2,32.0,0,0,250,38,212,160,0.64,17,0.4474,17,0.4474,143,0.6745,91,231,231,19
24.0,8.0,1,2,32.0,0,0,250,38,212,160,0.64,17,0.4474,17,0.4474,143,0.6745,91,231,231,19
24.0,10.0,1,2,32.0,0,0,250,38,212,160,0.64,17,0.4474,17,0.4474,143,0.6745,91,231,231,19
24.0,12.0,1,2,32.0,0,0,250,38,212,160,0.64,17,0.4474,17,0.4474,143,0.6745,91,231,231,19
24.0,16.0,1,2,48.0,0,0,250,38,212,160,0.64,17,0.4474,17,0.4474,143,0.6745,91,231,231,19
18.0,16.0,3,0,48.0,0,0,250,38,212,160,0.64,16,0.4211,16,0.4211,144,0.6792,86,237,230,18
18.0,6.0,3,2,32.0,0,0,250,38,212,160,0.64,16,0.4211,16,0.4211,144,0.6792,88,232,232,20
18.0,8.0,3,2,32.0,0,0,250,38,212,160,0.64,16,0.4211,16,0.4211,144,0.6792,88,232,232,20
18.0,10.0,3,2,32.0,0,0,250,38,212,160,0.64,16,0.4211,16,0.4211,144,0.6792,88,232,232,20
18.0,12.0,3,2,32.0,0,0,250,38,212,160,0.64,16,0.4211,16,0.4211,144,0.6792,88,232,232,20
18.0,16.0,3,2,48.0,0,0,250,38,212,160,0.64,16,0.4211,16,0.4211,144,0.6792,88,232,232,20
16.0,6.0,3,1,12.0,0,0,250,38,212,160,0.64,15,0.3947,15,0.3947,145,0.684,86,237,231,19
16.0,6.0,3,1,18.0,0,0,250,38,212,160,0.64,15,0.3947,15,0.3947,145,0.684,86,237,231,19
16.0,6.0,3,1,24.0,0,0,250,38,212,160,0.64,15,0.3947,15,0.3947,145,0.684,86,237,231,19
16.0,8.0,3,1,12.0,0,0,250,38,212,160,0.64,15,0.3947,15,0.3947,145,0.684,86,237,231,19
16.0,8.0,3,1,18.0,0,0,250,38,212,160,0.64,15,0.3947,15,0.3947,145,0.684,86,237,231,19
16.0,8.0,3,1,24.0,0,0,250,38,212,160,0.64,15,0.3947,15,0.3947,145,0.684,86,237,231,19
16.0,10.0,3,1,12.0,0,0,250,38,212,160,0.64,15,0.3947,15,0.3947,145,0.684,86,237,231,19
16.0,10.0,3,1,18.0,0,0,250,38,212,160,0.64,15,0.3947,15,0.3947,145,0.684,86,237,231,19
16.0,10.0,3,1,24.0,0,0,250,38,212,160,0.64,15,0.3947,15,0.3947,145,0.684,86,237,231,19
16.0,12.0,3,1,12.0,0,0,250,38,212,160,0.64,15,0.3947,15,0.3947,145,0.684,86,237,231,19
16.0,12.0,3,1,18.0,0,0,250,38,212,160,0.64,15,0.3947,15,0.3947,145,0.684,86,237,231,19
16.0,12.0,3,1,24.0,0,0,250,38,212,160,0.64,15,0.3947,15,0.3947,145,0.684,86,237,231,19
18.0,14.0,3,1,48.0,0,0,250,38,212,160,0.64,15,0.3947,15,0.3947,145,0.684,86,237,231,19
20.0,16.0,1,2,32.0,0,0,250,38,212,159,0.636,23,0.6053,23,0.6053,136,0.6415,102,227,221,9
20.0,6.0,1,1,48.0,0,0,250,38,212,159,0.636,22,0.5789,22,0.5789,137,0.6462,101,235,218,6
20.0,8.0,1,1,48.0,0,0,250,38,212,159,0.636,22,0.5789,22,0.5789,137,0.6462,101,235,218,6
20.0,10.0,1,1,48.0,0,0,250,38,212,159,0.636,22,0.5789,22,0.5789,137,0.6462,101,235,218,6
20.0,12.0,1,1,48.0,0,0,250,38,212,159,0.636,22,0.5789,22,0.5789,137,0.6462,101,235,218,6
20.0,14.0,1,0,12.0,0,0,250,38,212,159,0.636,22,0.5789,22,0.5789,137,0.6462,103,236,218,6
20.0,14.0,1,0,18.0,0,0,250,38,212,159,0.636,22,0.5789,22,0.5789,137,0.6462,103,236,218,6
20.0,14.0,1,0,24.0,0,0,250,38,212,159,0.636,22,0.5789,22,0.5789,137,0.6462,103,236,218,6
20.0,16.0,1,0,32.0,0,0,250,38,212,159,0.636,22,0.5789,22,0.5789,137,0.6462,103,236,218,6
22.0,14.0,1,2,32.0,0,0,250,38,212,159,0.636,21,0.5526,21,0.5526,138,0.6509,98,228,223,11
16.0,6.0,3,0,12.0,0,0,250,38,212,159,0.636,17,0.4474,17,0.4474,142,0.6698,89,237,218,6
16.0,6.0,3,0,18.0,0,0,250,38,212,159,0.636,17,0.4474,17,0.4474,142,0.6698,89,237,218,6
16.0,6.0,3,0,24.0,0,0,250,38,212,159,0.636,17,0.4474,17,0.4474,142,0.6698,89,237,218,6
16.0,8.0,3,0,12.0,0,0,250,38,212,159,0.636,17,0.4474,17,0.4474,142,0.6698,89,237,218,6
16.0,8.0,3,0,18.0,0,0,250,38,212,159,0.636,17,0.4474,17,0.4474,142,0.6698,89,237,218,6
16.0,8.0,3,0,24.0,0,0,250,38,212,159,0.636,17,0.4474,17,0.4474,142,0.6698,89,237,218,6
16.0,10.0,3,0,12.0,0,0,250,38,212,159,0.636,17,0.4474,17,0.4474,142,0.6698,89,237,218,6
16.0,10.0,3,0,18.0,0,0,250,38,212,159,0.636,17,0.4474,17,0.4474,142,0.6698,89,237,218,6
16.0,10.0,3,0,24.0,0,0,250,38,212,159,0.636,17,0.4474,17,0.4474,142,0.6698,89,237,218,6
16.0,12.0,3,0,12.0,0,0,250,38,212,159,0.636,17,0.4474,17,0.4474,142,0.6698,89,237,218,6
16.0,12.0,3,0,18.0,0,0,250,38,212,159,0.636,17,0.4474,17,0.4474,142,0.6698,89,237,218,6
16.0,12.0,3,0,24.0,0,0,250,38,212,159,0.636,17,0.4474,17,0.4474,142,0.6698,89,237,218,6
16.0,16.0,3,0,32.0,0,0,250,38,212,159,0.636,17,0.4474,17,0.4474,142,0.6698,89,237,218,6
18.0,14.0,2,1,12.0,0,0,250,38,212,159,0.636,17,0.4474,17,0.4474,142,0.6698,92,236,230,18
18.0,14.0,2,1,18.0,0,0,250,38,212,159,0.636,17,0.4474,17,0.4474,142,0.6698,92,236,230,18
18.0,14.0,2,1,24.0,0,0,250,38,212,159,0.636,17,0.4474,17,0.4474,142,0.6698,92,236,230,18
18.0,18.0,2,1,32.0,0,0,250,38,212,159,0.636,17,0.4474,17,0.4474,142,0.6698,92,236,230,18
20.0,14.0,2,2,48.0,0,0,250,38,212,159,0.636,17,0.4474,17,0.4474,142,0.6698,92,231,231,19
24.0,14.0,1,2,48.0,0,0,250,38,212,159,0.636,17,0.4474,17,0.4474,142,0.6698,92,231,231,19
18.0,14.0,3,0,48.0,0,0,250,38,212,159,0.636,16,0.4211,16,0.4211,143,0.6745,87,237,230,18
18.0,14.0,3,2,48.0,0,0,250,38,212,159,0.636,16,0.4211,16,0.4211,143,0.6745,89,232,232,20
18.0,6.0,3,1,48.0,0,0,250,38,212,159,0.636,15,0.3947,15,0.3947,144,0.6792,87,237,231,19
18.0,8.0,3,1,48.0,0,0,250,38,212,159,0.636,15,0.3947,15,0.3947,144,0.6792,87,237,231,19
18.0,10.0,3,1,48.0,0,0,250,38,212,159,0.636,15,0.3947,15,0.3947,144,0.6792,87,237,231,19
18.0,12.0,3,1,48.0,0,0,250,38,212,159,0.636,15,0.3947,15,0.3947,144,0.6792,87,237,231,19
18.0,18.0,1,2,24.0,0,0,250,38,212,158,0.632,23,0.6053,23,0.6053,135,0.6368,103,227,221,9
20.0,14.0,1,2,32.0,0,0,250,38,212,158,0.632,23,0.6053,23,0.6053,135,0.6368,103,227,221,9
20.0,6.0,1,0,12.0,0,0,250,38,212,158,0.632,22,0.5789,22,0.5789,136,0.6415,104,236,218,6
20.0,6.0,1,0,18.0,0,0,250,38,212,158,0.632,22,0.5789,22,0.5789,136,0.6415,104,236,218,6
20.0,6.0,1,0,24.0,0,0,250,38,212,158,0.632,22,0.5789,22,0.5789,136,0.6415,104,236,218,6
20.0,8.0,1,0,12.0,0,0,250,38,212,158,0.632,22,0.5789,22,0.5789,136,0.6415,104,236,218,6
20.0,8.0,1,0,18.0,0,0,250,38,212,158,0.632,22,0.5789,22,0.5789,136,0.6415,104,236,218,6
20.0,8.0,1,0,24.0,0,0,250,38,212,158,0.632,22,0.5789,22,0.5789,136,0.6415,104,236,218,6
20.0,10.0,1,0,12.0,0,0,250,38,212,158,0.632,22,0.5789,22,0.5789,136,0.6415,104,236,218,6
20.0,10.0,1,0,18.0,0,0,250,38,212,158,0.632,22,0.5789,22,0.5789,136,0.6415,104,236,218,6
20.0,10.0,1,0,24.0,0,0,250,38,212,158,0.632,22,0.5789,22,0.5789,136,0.6415,104,236,218,6
20.0,12.0,1,0,12.0,0,0,250,38,212,158,0.632,22,0.5789,22,0.5789,136,0.6415,104,236,218,6
20.0,12.0,1,0,18.0,0,0,250,38,212,158,0.632,22,0.5789,22,0.5789,136,0.6415,104,236,218,6
20.0,12.0,1,0,24.0,0,0,250,38,212,158,0.632,22,0.5789,22,0.5789,136,0.6415,104,236,218,6
20.0,14.0,1,0,32.0,0,0,250,38,212,158,0.632,22,0.5789,22,0.5789,136,0.6415,104,236,218,6
20.0,16.0,1,0,48.0,0,0,250,38,212,158,0.632,22,0.5789,22,0.5789,136,0.6415,104,236,218,6
22.0,6.0,1,2,32.0,0,0,250,38,212,158,0.632,21,0.5526,21,0.5526,137,0.6462,99,228,223,11
22.0,8.0,1,2,32.0,0,0,250,38,212,158,0.632,21,0.5526,21,0.5526,137,0.6462,99,228,223,11
22.0,10.0,1,2,32.0,0,0,250,38,212,158,0.632,21,0.5526,21,0.5526,137,0.6462,99,228,223,11
22.0,12.0,1,2,32.0,0,0,250,38,212,158,0.632,21,0.5526,21,0.5526,137,0.6462,99,228,223,11
22.0,16.0,1,2,48.0,0,0,250,38,212,158,0.632,21,0.5526,21,0.5526,137,0.6462,99,228,223,11
18.0,16.0,2,0,12.0,0,0,250,38,212,158,0.632,18,0.4737,18,0.4737,140,0.6604,94,236,229,17
18.0,16.0,2,0,18.0,0,0,250,38,212,158,0.632,18,0.4737,18,0.4737,140,0.6604,94,236,229,17
18.0,16.0,2,0,24.0,0,0,250,38,212,158,0.632,18,0.4737,18,0.4737,140,0.6604,94,236,229,17
18.0,18.0,2,0,48.0,0,0,250,38,212,158,0.632,18,0.4737,18,0.4737,140,0.6604,94,236,229,17
16.0,14.0,3,0,32.0,0,0,250,38,212,158,0.632,17,0.4474,17,0.4474,141,0.6651,90,237,218,6
18.0,6.0,2,1,12.0,0,0,250,38,212,158,0.632,17,0.4474,17,0.4474,141,0.6651,93,236,230,18
18.0,6.0,2,1,18.0,0,0,250,38,212,158,0.632,17,0.4474,17,0.4474,141,0.6651,93,236,230,18
18.0,6.0,2,1,24.0,0,0,250,38,212,158,0.632,17,0.4474,17,0.4474,141,0.6651,93,236,230,18
18.0,8.0,2,1,12.0,0,0,250,38,212,158,0.632,17,0.4474,17,0.4474,141,0.6651,93,236,230,18
18.0,8.0,2,1,18.0,0,0,250,38,212,158,0.632,17,0.4474,17,0.4474,141,0.6651,93,236,230,18
18.0,8.0,2,1,24.0,0,0,250,38,212,158,0.632,17,0.4474,17,0.4474,141,0.6651,93,236,230,18
18.0,10.0,2,1,12.0,0,0,250,38,212,158,0.632,17,0.4474,17,0.4474,141,0.6651,93,236,230,18
18.0,10.0,2,1,18.0,0,0,250,38,212,158,0.632,17,0.4474,17,0.4474,141,0.6651,93,236,230,18
18.0,10.0,2,1,24.0,0,0,250,38,212,158,0.632,17,0.4474,17,0.4474,141,0.6651,93,236,230,18
18.0,12.0,2,1,12.0,0,0,250,38,212,158,0.632,17,0.4474,17,0.4474,141,0.6651,93,236,230,18
18.0,12.0,2,1,18.0,0,0,250,38,212,158,0.632,17,0.4474,17,0.4474,141,0.6651,93,236,230,18
18.0,12.0,2,1,24.0,0,0,250,38,212,158,0.632,17,0.4474,17,0.4474,141,0.6651,93,236,230,18
18.0,18.0,2,1,48.0,0,0,250,38,212,158,0.632,17,0.4474,17,0.4474,141,0.6651,93,236,230,18
20.0,6.0,2,2,48.0,0,0,250,38,212,158,0.632,17,0.4474,17,0.4474,141,0.6651,93,231,231,19
20.0,8.0,2,2,48.0,0,0,250,38,212,158,0.632,17,0.4474,17,0.4474,141,0.6651,93,231,231,19
20.0,10.0,2,2,48.0,0,0,250,38,212,158,0.632,17,0.4474,17,0.4474,141,0.6651,93,231,231,19
20.0,12.0,2,2,48.0,0,0,250,38,212,158,0.632,17,0.4474,17,0.4474,141,0.6651,93,231,231,19
24.0,6.0,1,2,48.0,0,0,250,38,212,158,0.632,17,0.4474,17,0.4474,141,0.6651,93,231,231,19
24.0,8.0,1,2,48.0,0,0,250,38,212,158,0.632,17,0.4474,17,0.4474,141,0.6651,93,231,231,19
24.0,10.0,1,2,48.0,0,0,250,38,212,158,0.632,17,0.4474,17,0.4474,141,0.6651,93,231,231,19
24.0,12.0,1,2,48.0,0,0,250,38,212,158,0.632,17,0.4474,17,0.4474,141,0.6651,93,231,231,19
18.0,6.0,3,0,48.0,0,0,250,38,212,158,0.632,16,0.4211,16,0.4211,142,0.6698,88,237,230,18
18.0,8.0,3,0,48.0,0,0,250,38,212,158,0.632,16,0.4211,16,0.4211,142,0.6698,88,237,230,18
18.0,10.0,3,0,48.0,0,0,250,38,212,158,0.632,16,0.4211,16,0.4211,142,0.6698,88,237,230,18
18.0,12.0,3,0,48.0,0,0,250,38,212,158,0.632,16,0.4211,16,0.4211,142,0.6698,88,237,230,18
18.0,6.0,3,2,48.0,0,0,250,38,212,158,0.632,16,0.4211,16,0.4211,142,0.6698,90,232,232,20
18.0,8.0,3,2,48.0,0,0,250,38,212,158,0.632,16,0.4211,16,0.4211,142,0.6698,90,232,232,20
18.0,10.0,3,2,48.0,0,0,250,38,212,158,0.632,16,0.4211,16,0.4211,142,0.6698,90,232,232,20
18.0,12.0,3,2,48.0,0,0,250,38,212,158,0.632,16,0.4211,16,0.4211,142,0.6698,90,232,232,20
20.0,6.0,1,2,32.0,0,0,250,38,212,157,0.628,23,0.6053,23,0.6053,134,0.6321,104,227,221,9
20.0,8.0,1,2,32.0,0,0,250,38,212,157,0.628,23,0.6053,23,0.6053,134,0.6321,104,227,221,9
20.0,10.0,1,2,32.0,0,0,250,38,212,157,0.628,23,0.6053,23,0.6053,134,0.6321,104,227,221,9
20.0,12.0,1,2,32.0,0,0,250,38,212,157,0.628,23,0.6053,23,0.6053,134,0.6321,104,227,221,9
20.0,16.0,1,2,48.0,0,0,250,38,212,157,0.628,23,0.6053,23,0.6053,134,0.6321,104,227,221,9
20.0,6.0,1,0,32.0,0,0,250,38,212,157,0.628,22,0.5789,22,0.5789,135,0.6368,105,236,218,6
20.0,8.0,1,0,32.0,0,0,250,38,212,157,0.628,22,0.5789,22,0.5789,135,0.6368,105,236,218,6
20.0,10.0,1,0,32.0,0,0,250,38,212,157,0.628,22,0.5789,22,0.5789,135,0.6368,105,236,218,6
20.0,12.0,1,0,32.0,0,0,250,38,212,157,0.628,22,0.5789,22,0.5789,135,0.6368,105,236,218,6
20.0,14.0,1,0,48.0,0,0,250,38,212,157,0.628,22,0.5789,22,0.5789,135,0.6368,105,236,218,6
22.0,14.0,1,2,48.0,0,0,250,38,212,157,0.628,21,0.5526,21,0.5526,136,0.6415,100,228,223,11
18.0,14.0,2,0,12.0,0,0,250,38,212,157,0.628,18,0.4737,18,0.4737,139,0.6557,95,236,229,17
18.0,14.0,2,0,18.0,0,0,250,38,212,157,0.628,18,0.4737,18,0.4737,139,0.6557,95,236,229,17
18.0,14.0,2,0,24.0,0,0,250,38,212,157,0.628,18,0.4737,18,0.4737,139,0.6557,95,236,229,17
18.0,16.0,2,2,32.0,0,0,250,38,212,157,0.628,17,0.4474,17,0.4474,140,0.6604,94,231,231,19
16.0,16.0,2,2,12.0,0,0,250,38,212,157,0.628,17,0.4474,17,0.4474,140,0.6604,97,231,231,19
16.0,16.0,2,2,18.0,0,0,250,38,212,157,0.628,17,0.4474,17,0.4474,140,0.6604,97,231,231,19
16.0,16.0,2,2,24.0,0,0,250,38,212,157,0.628,17,0.4474,17,0.4474,140,0.6604,97,231,231,19
16.0,16.0,3,1,32.0,0,0,250,38,212,157,0.628,15,0.3947,15,0.3947,142,0.6698,89,237,231,19
20.0,14.0,1,2,48.0,0,0,250,38,212,156,0.624,23,0.6053,23,0.6053,133,0.6274,105,227,221,9
20.0,6.0,1,0,48.0,0,0,250,38,212,156,0.624,22,0.5789,22,0.5789,134,0.6321,106,236,218,6
20.0,8.0,1,0,48.0,0,0,250,38,212,156,0.624,22,0.5789,22,0.5789,134,0.6321,106,236,218,6
20.0,10.0,1,0,48.0,0,0,250,38,212,156,0.624,22,0.5789,22,0.5789,134,0.6321,106,236,218,6
20.0,12.0,1,0,48.0,0,0,250,38,212,156,0.624,22,0.5789,22,0.5789,134,0.6321,106,236,218,6
22.0,6.0,1,2,48.0,0,0,250,38,212,156,0.624,21,0.5526,21,0.5526,135,0.6368,101,228,223,11
22.0,8.0,1,2,48.0,0,0,250,38,212,156,0.624,21,0.5526,21,0.5526,135,0.6368,101,228,223,11
22.0,10.0,1,2,48.0,0,0,250,38,212,156,0.624,21,0.5526,21,0.5526,135,0.6368,101,228,223,11
22.0,12.0,1,2,48.0,0,0,250,38,212,156,0.624,21,0.5526,21,0.5526,135,0.6368,101,228,223,11
18.0,6.0,2,0,12.0,0,0,250,38,212,156,0.624,18,0.4737,18,0.4737,138,0.6509,96,236,229,17
18.0,6.0,2,0,18.0,0,0,250,38,212,156,0.624,18,0.4737,18,0.4737,138,0.6509,96,236,229,17
18.0,6.0,2,0,24.0,0,0,250,38,212,156,0.624,18,0.4737,18,0.4737,138,0.6509,96,236,229,17
18.0,8.0,2,0,12.0,0,0,250,38,212,156,0.624,18,0.4737,18,0.4737,138,0.6509,96,236,229,17
18.0,8.0,2,0,18.0,0,0,250,38,212,156,0.624,18,0.4737,18,0.4737,138,0.6509,96,236,229,17
18.0,8.0,2,0,24.0,0,0,250,38,212,156,0.624,18,0.4737,18,0.4737,138,0.6509,96,236,229,17
18.0,10.0,2,0,12.0,0,0,250,38,212,156,0.624,18,0.4737,18,0.4737,138,0.6509,96,236,229,17
18.0,10.0,2,0,18.0,0,0,250,38,212,156,0.624,18,0.4737,18,0.4737,138,0.6509,96,236,229,17
18.0,10.0,2,0,24.0,0,0,250,38,212,156,0.624,18,0.4737,18,0.4737,138,0.6509,96,236,229,17
18.0,12.0,2,0,12.0,0,0,250,38,212,156,0.624,18,0.4737,18,0.4737,138,0.6509,96,236,229,17
18.0,12.0,2,0,18.0,0,0,250,38,212,156,0.624,18,0.4737,18,0.4737,138,0.6509,96,236,229,17
18.0,12.0,2,0,24.0,0,0,250,38,212,156,0.624,18,0.4737,18,0.4737,138,0.6509,96,236,229,17
18.0,16.0,2,0,32.0,0,0,250,38,212,156,0.624,18,0.4737,18,0.4737,138,0.6509,96,236,229,17
16.0,6.0,3,0,32.0,0,0,250,38,212,156,0.624,17,0.4474,17,0.4474,139,0.6557,92,237,218,6
16.0,8.0,3,0,32.0,0,0,250,38,212,156,0.624,17,0.4474,17,0.4474,139,0.6557,92,237,218,6
16.0,10.0,3,0,32.0,0,0,250,38,212,156,0.624,17,0.4474,17,0.4474,139,0.6557,92,237,218,6
16.0,12.0,3,0,32.0,0,0,250,38,212,156,0.624,17,0.4474,17,0.4474,139,0.6557,92,237,218,6
18.0,14.0,2,2,32.0,0,0,250,38,212,156,0.624,17,0.4474,17,0.4474,139,0.6557,95,231,231,19
16.0,16.0,3,2,32.0,0,0,250,38,212,156,0.624,16,0.4211,16,0.4211,140,0.6604,92,232,232,20
16.0,14.0,3,1,32.0,0,0,250,38,212,156,0.624,15,0.3947,15,0.3947,141,0.6651,90,237,231,19
18.0,16.0,1,2,12.0,0,0,250,38,212,155,0.62,23,0.6053,23,0.6053,132,0.6226,106,227,221,9
18.0,16.0,1,2,18.0,0,0,250,38,212,155,0.62,23,0.6053,23,0.6053,132,0.6226,106,227,221,9
20.0,6.0,1,2,48.0,0,0,250,38,212,155,0.62,23,0.6053,23,0.6053,132,0.6226,106,227,221,9
20.0,8.0,1,2,48.0,0,0,250,38,212,155,0.62,23,0.6053,23,0.6053,132,0.6226,106,227,221,9
20.0,10.0,1,2,48.0,0,0,250,38,212,155,0.62,23,0.6053,23,0.6053,132,0.6226,106,227,221,9
20.0,12.0,1,2,48.0,0,0,250,38,212,155,0.62,23,0.6053,23,0.6053,132,0.6226,106,227,221,9
18.0,14.0,2,0,32.0,0,0,250,38,212,155,0.62,18,0.4737,18,0.4737,137,0.6462,97,236,229,17
16.0,16.0,3,0,48.0,0,0,250,38,212,155,0.62,17,0.4474,17,0.4474,138,0.6509,93,237,218,6
18.0,6.0,2,2,32.0,0,0,250,38,212,155,0.62,17,0.4474,17,0.4474,138,0.6509,96,231,231,19
18.0,8.0,2,2,32.0,0,0,250,38,212,155,0.62,17,0.4474,17,0.4474,138,0.6509,96,231,231,19
18.0,10.0,2,2,32.0,0,0,250,38,212,155,0.62,17,0.4474,17,0.4474,138,0.6509,96,231,231,19
18.0,12.0,2,2,32.0,0,0,250,38,212,155,0.62,17,0.4474,17,0.4474,138,0.6509,96,231,231,19
18.0,16.0,2,1,32.0,0,0,250,38,212,155,0.62,17,0.4474,17,0.4474,138,0.6509,96,236,230,18
18.0,16.0,2,2,48.0,0,0,250,38,212,155,0.62,17,0.4474,17,0.4474,138,0.6509,96,231,231,19
16.0,14.0,3,2,32.0,0,0,250,38,212,155,0.62,16,0.4211,16,0.4211,139,0.6557,93,232,232,20
16.0,16.0,3,1,48.0,0,0,250,38,212,155,0.62,15,0.3947,15,0.3947,140,0.6604,91,237,231,19
18.0,18.0,1,2,32.0,0,0,250,38,212,154,0.616,23,0.6053,23,0.6053,131,0.6179,107,227,221,9
18.0,6.0,2,0,32.0,0,0,250,38,212,154,0.616,18,0.4737,18,0.4737,136,0.6415,98,236,229,17
18.0,8.0,2,0,32.0,0,0,250,38,212,154,0.616,18,0.4737,18,0.4737,136,0.6415,98,236,229,17
18.0,10.0,2,0,32.0,0,0,250,38,212,154,0.616,18,0.4737,18,0.4737,136,0.6415,98,236,229,17
18.0,12.0,2,0,32.0,0,0,250,38,212,154,0.616,18,0.4737,18,0.4737,136,0.6415,98,236,229,17
16.0,14.0,3,0,48.0,0,0,250,38,212,154,0.616,17,0.4474,17,0.4474,137,0.6462,94,237,218,6
18.0,14.0,2,1,32.0,0,0,250,38,212,154,0.616,17,0.4474,17,0.4474,137,0.6462,97,236,230,18
18.0,14.0,2,2,48.0,0,0,250,38,212,154,0.616,17,0.4474,17,0.4474,137,0.6462,97,231,231,19
16.0,16.0,3,2,48.0,0,0,250,38,212,154,0.616,16,0.4211,16,0.4211,138,0.6509,94,232,232,20
16.0,6.0,3,1,32.0,0,0,250,38,212,154,0.616,15,0.3947,15,0.3947,139,0.6557,92,237,231,19
16.0,8.0,3,1,32.0,0,0,250,38,212,154,0.616,15,0.3947,15,0.3947,139,0.6557,92,237,231,19
16.0,10.0,3,1,32.0,0,0,250,38,212,154,0.616,15,0.3947,15,0.3947,139,0.6557,92,237,231,19
16.0,12.0,3,1,32.0,0,0,250,38,212,154,0.616,15,0.3947,15,0.3947,139,0.6557,92,237,231,19
16.0,14.0,3,1,48.0,0,0,250,38,212,154,0.616,15,0.3947,15,0.3947,139,0.6557,92,237,231,19
18.0,16.0,1,2,24.0,0,0,250,38,212,153,0.612,23,0.6053,23,0.6053,130,0.6132,108,227,221,9
18.0,18.0,1,2,48.0,0,0,250,38,212,153,0.612,23,0.6053,23,0.6053,130,0.6132,108,227,221,9
18.0,6.0,2,1,32.0,0,0,250,38,212,153,0.612,17,0.4474,17,0.4474,136,0.6415,98,236,230,18
18.0,6.0,2,2,48.0,0,0,250,38,212,153,0.612,17,0.4474,17,0.4474,136,0.6415,98,231,231,19
18.0,8.0,2,1,32.0,0,0,250,38,212,153,0.612,17,0.4474,17,0.4474,136,0.6415,98,236,230,18
18.0,8.0,2,2,48.0,0,0,250,38,212,153,0.612,17,0.4474,17,0.4474,136,0.6415,98,231,231,19
18.0,10.0,2,1,32.0,0,0,250,38,212,153,0.612,17,0.4474,17,0.4474,136,0.6415,98,236,230,18
18.0,10.0,2,2,48.0,0,0,250,38,212,153,0.612,17,0.4474,17,0.4474,136,0.6415,98,231,231,19
18.0,12.0,2,1,32.0,0,0,250,38,212,153,0.612,17,0.4474,17,0.4474,136,0.6415,98,236,230,18
18.0,12.0,2,2,48.0,0,0,250,38,212,153,0.612,17,0.4474,17,0.4474,136,0.6415,98,231,231,19
18.0,16.0,2,1,48.0,0,0,250,38,212,153,0.612,17,0.4474,17,0.4474,136,0.6415,98,236,230,18
16.0,6.0,3,2,32.0,0,0,250,38,212,153,0.612,16,0.4211,16,0.4211,137,0.6462,95,232,232,20
16.0,8.0,3,2,32.0,0,0,250,38,212,153,0.612,16,0.4211,16,0.4211,137,0.6462,95,232,232,20
16.0,10.0,3,2,32.0,0,0,250,38,212,153,0.612,16,0.4211,16,0.4211,137,0.6462,95,232,232,20
16.0,12.0,3,2,32.0,0,0,250,38,212,153,0.612,16,0.4211,16,0.4211,137,0.6462,95,232,232,20
16.0,14.0,3,2,48.0,0,0,250,38,212,153,0.612,16,0.4211,16,0.4211,137,0.6462,95,232,232,20
16.0,6.0,3,0,48.0,0,0,250,38,212,152,0.608,17,0.4474,17,0.4474,135,0.6368,96,237,218,6
16.0,8.0,3,0,48.0,0,0,250,38,212,152,0.608,17,0.4474,17,0.4474,135,0.6368,96,237,218,6
16.0,10.0,3,0,48.0,0,0,250,38,212,152,0.608,17,0.4474,17,0.4474,135,0.6368,96,237,218,6
16.0,12.0,3,0,48.0,0,0,250,38,212,152,0.608,17,0.4474,17,0.4474,135,0.6368,96,237,218,6
18.0,14.0,2,1,48.0,0,0,250,38,212,152,0.608,17,0.4474,17,0.4474,135,0.6368,99,236,230,18
16.0,6.0,3,1,48.0,0,0,250,38,212,152,0.608,15,0.3947,15,0.3947,137,0.6462,94,237,231,19
16.0,8.0,3,1,48.0,0,0,250,38,212,152,0.608,15,0.3947,15,0.3947,137,0.6462,94,237,231,19
16.0,10.0,3,1,48.0,0,0,250,38,212,152,0.608,15,0.3947,15,0.3947,137,0.6462,94,237,231,19
16.0,12.0,3,1,48.0,0,0,250,38,212,152,0.608,15,0.3947,15,0.3947,137,0.6462,94,237,231,19
18.0,18.0,1,1,12.0,0,0,250,38,212,151,0.604,22,0.5789,22,0.5789,129,0.6085,109,235,218,6
18.0,18.0,1,1,18.0,0,0,250,38,212,151,0.604,22,0.5789,22,0.5789,129,0.6085,109,235,218,6
18.0,18.0,1,1,24.0,0,0,250,38,212,151,0.604,22,0.5789,22,0.5789,129,0.6085,109,235,218,6
18.0,16.0,2,0,48.0,0,0,250,38,212,151,0.604,18,0.4737,18,0.4737,133,0.6274,101,236,229,17
18.0,6.0,2,1,48.0,0,0,250,38,212,151,0.604,17,0.4474,17,0.4474,134,0.6321,100,236,230,18
18.0,8.0,2,1,48.0,0,0,250,38,212,151,0.604,17,0.4474,17,0.4474,134,0.6321,100,236,230,18
18.0,10.0,2,1,48.0,0,0,250,38,212,151,0.604,17,0.4474,17,0.4474,134,0.6321,100,236,230,18
18.0,12.0,2,1,48.0,0,0,250,38,212,151,0.604,17,0.4474,17,0.4474,134,0.6321,100,236,230,18
16.0,16.0,2,1,12.0,0,0,250,38,212,151,0.604,17,0.4474,17,0.4474,134,0.6321,103,236,230,18
16.0,16.0,2,1,18.0,0,0,250,38,212,151,0.604,17,0.4474,17,0.4474,134,0.6321,103,236,230,18
16.0,16.0,2,1,24.0,0,0,250,38,212,151,0.604,17,0.4474,17,0.4474,134,0.6321,103,236,230,18
16.0,6.0,3,2,48.0,0,0,250,38,212,151,0.604,16,0.4211,16,0.4211,135,0.6368,97,232,232,20
16.0,8.0,3,2,48.0,0,0,250,38,212,151,0.604,16,0.4211,16,0.4211,135,0.6368,97,232,232,20
16.0,10.0,3,2,48.0,0,0,250,38,212,151,0.604,16,0.4211,16,0.4211,135,0.6368,97,232,232,20
16.0,12.0,3,2,48.0,0,0,250,38,212,151,0.604,16,0.4211,16,0.4211,135,0.6368,97,232,232,20
18.0,14.0,2,0,48.0,0,0,250,38,212,150,0.6,18,0.4737,18,0.4737,132,0.6226,102,236,229,17
16.0,14.0,2,2,12.0,0,0,250,38,212,150,0.6,17,0.4474,17,0.4474,133,0.6274,104,231,231,19
16.0,14.0,2,2,18.0,0,0,250,38,212,150,0.6,17,0.4474,17,0.4474,133,0.6274,104,231,231,19
16.0,14.0,2,2,24.0,0,0,250,38,212,150,0.6,17,0.4474,17,0.4474,133,0.6274,104,231,231,19
18.0,16.0,1,2,32.0,0,0,250,38,212,149,0.596,23,0.6053,23,0.6053,126,0.5943,112,227,221,9
18.0,6.0,2,0,48.0,0,0,250,38,212,149,0.596,18,0.4737,18,0.4737,131,0.6179,103,236,229,17
18.0,8.0,2,0,48.0,0,0,250,38,212,149,0.596,18,0.4737,18,0.4737,131,0.6179,103,236,229,17
18.0,10.0,2,0,48.0,0,0,250,38,212,149,0.596,18,0.4737,18,0.4737,131,0.6179,103,236,229,17
18.0,12.0,2,0,48.0,0,0,250,38,212,149,0.596,18,0.4737,18,0.4737,131,0.6179,103,236,229,17
18.0,18.0,1,1,32.0,0,0,250,38,212,148,0.592,22,0.5789,22,0.5789,126,0.5943,112,235,218,6
16.0,16.0,2,0,12.0,0,0,250,38,212,148,0.592,19,0.5,19,0.5,129,0.6085,106,236,218,6
16.0,16.0,2,0,18.0,0,0,250,38,212,148,0.592,19,0.5,19,0.5,129,0.6085,106,236,218,6
16.0,16.0,2,0,24.0,0,0,250,38,212,148,0.592,19,0.5,19,0.5,129,0.6085,106,236,218,6
16.0,6.0,2,2,12.0,0,0,250,38,212,148,0.592,17,0.4474,17,0.4474,131,0.6179,106,231,231,19
16.0,6.0,2,2,18.0,0,0,250,38,212,148,0.592,17,0.4474,17,0.4474,131,0.6179,106,231,231,19
16.0,6.0,2,2,24.0,0,0,250,38,212,148,0.592,17,0.4474,17,0.4474,131,0.6179,106,231,231,19
16.0,8.0,2,2,12.0,0,0,250,38,212,148,0.592,17,0.4474,17,0.4474,131,0.6179,106,231,231,19
16.0,8.0,2,2,18.0,0,0,250,38,212,148,0.592,17,0.4474,17,0.4474,131,0.6179,106,231,231,19
16.0,8.0,2,2,24.0,0,0,250,38,212,148,0.592,17,0.4474,17,0.4474,131,0.6179,106,231,231,19
16.0,10.0,2,2,12.0,0,0,250,38,212,148,0.592,17,0.4474,17,0.4474,131,0.6179,106,231,231,19
16.0,10.0,2,2,18.0,0,0,250,38,212,148,0.592,17,0.4474,17,0.4474,131,0.6179,106,231,231,19
16.0,10.0,2,2,24.0,0,0,250,38,212,148,0.592,17,0.4474,17,0.4474,131,0.6179,106,231,231,19
16.0,12.0,2,2,12.0,0,0,250,38,212,148,0.592,17,0.4474,17,0.4474,131,0.6179,106,231,231,19
16.0,12.0,2,2,18.0,0,0,250,38,212,148,0.592,17,0.4474,17,0.4474,131,0.6179,106,231,231,19
16.0,12.0,2,2,24.0,0,0,250,38,212,148,0.592,17,0.4474,17,0.4474,131,0.6179,106,231,231,19
16.0,16.0,2,2,32.0,0,0,250,38,212,148,0.592,17,0.4474,17,0.4474,131,0.6179,106,231,231,19
18.0,16.0,1,2,48.0,0,0,250,38,212,147,0.588,23,0.6053,23,0.6053,124,0.5849,114,227,221,9
18.0,16.0,1,1,12.0,0,0,250,38,212,147,0.588,22,0.5789,22,0.5789,125,0.5896,113,235,218,6
18.0,16.0,1,1,18.0,0,0,250,38,212,147,0.588,22,0.5789,22,0.5789,125,0.5896,113,235,218,6
18.0,16.0,1,1,24.0,0,0,250,38,212,147,0.588,22,0.5789,22,0.5789,125,0.5896,113,235,218,6
18.0,18.0,1,1,48.0,0,0,250,38,212,147,0.588,22,0.5789,22,0.5789,125,0.5896,113,235,218,6
16.0,14.0,2,1,12.0,0,0,250,38,212,147,0.588,17,0.4474,17,0.4474,130,0.6132,107,236,230,18
16.0,14.0,2,1,18.0,0,0,250,38,212,147,0.588,17,0.4474,17,0.4474,130,0.6132,107,236,230,18
16.0,14.0,2,1,24.0,0,0,250,38,212,147,0.588,17,0.4474,17,0.4474,130,0.6132,107,236,230,18
16.0,16.0,2,0,32.0,0,0,250,38,212,146,0.584,19,0.5,19,0.5,127,0.5991,108,236,218,6
16.0,16.0,2,1,32.0,0,0,250,38,212,146,0.584,17,0.4474,17,0.4474,129,0.6085,108,236,230,18
16.0,16.0,2,2,48.0,0,0,250,38,212,146,0.584,17,0.4474,17,0.4474,129,0.6085,108,231,231,19
14.0,14.0,3,2,12.0,0,0,250,38,212,145,0.58,22,0.5789,22,0.5789,123,0.5802,111,229,218,6
14.0,14.0,3,2,18.0,0,0,250,38,212,145,0.58,22,0.5789,22,0.5789,123,0.5802,111,229,218,6
14.0,14.0,3,2,24.0,0,0,250,38,212,145,0.58,22,0.5789,22,0.5789,123,0.5802,111,229,218,6
18.0,18.0,1,0,12.0,0,0,250,38,212,145,0.58,22,0.5789,22,0.5789,123,0.5802,117,236,218,6
18.0,18.0,1,0,18.0,0,0,250,38,212,145,0.58,22,0.5789,22,0.5789,123,0.5802,117,236,218,6
18.0,18.0,1,0,24.0,0,0,250,38,212,145,0.58,22,0.5789,22,0.5789,123,0.5802,117,236,218,6
16.0,6.0,2,1,12.0,0,0,250,38,212,145,0.58,17,0.4474,17,0.4474,128,0.6038,109,236,230,18
16.0,6.0,2,1,18.0,0,0,250,38,212,145,0.58,17,0.4474,17,0.4474,128,0.6038,109,236,230,18
16.0,6.0,2,1,24.0,0,0,250,38,212,145,0.58,17,0.4474,17,0.4474,128,0.6038,109,236,230,18
16.0,8.0,2,1,12.0,0,0,250,38,212,145,0.58,17,0.4474,17,0.4474,128,0.6038,109,236,230,18
16.0,8.0,2,1,18.0,0,0,250,38,212,145,0.58,17,0.4474,17,0.4474,128,0.6038,109,236,230,18
16.0,8.0,2,1,24.0,0,0,250,38,212,145,0.58,17,0.4474,17,0.4474,128,0.6038,109,236,230,18
16.0,10.0,2,1,12.0,0,0,250,38,212,145,0.58,17,0.4474,17,0.4474,128,0.6038,109,236,230,18
16.0,10.0,2,1,18.0,0,0,250,38,212,145,0.58,17,0.4474,17,0.4474,128,0.6038,109,236,230,18
16.0,10.0,2,1,24.0,0,0,250,38,212,145,0.58,17,0.4474,17,0.4474,128,0.6038,109,236,230,18
16.0,12.0,2,1,12.0,0,0,250,38,212,145,0.58,17,0.4474,17,0.4474,128,0.6038,109,236,230,18
16.0,12.0,2,1,18.0,0,0,250,38,212,145,0.58,17,0.4474,17,0.4474,128,0.6038,109,236,230,18
16.0,12.0,2,1,24.0,0,0,250,38,212,145,0.58,17,0.4474,17,0.4474,128,0.6038,109,236,230,18
18.0,16.0,1,1,32.0,0,0,250,38,212,144,0.576,22,0.5789,22,0.5789,122,0.5755,116,235,218,6
18.0,18.0,1,0,32.0,0,0,250,38,212,144,0.576,22,0.5789,22,0.5789,122,0.5755,118,236,218,6
16.0,14.0,2,0,12.0,0,0,250,38,212,144,0.576,19,0.5,19,0.5,125,0.5896,110,236,218,6
16.0,14.0,2,0,18.0,0,0,250,38,212,144,0.576,19,0.5,19,0.5,125,0.5896,110,236,218,6
16.0,14.0,2,0,24.0,0,0,250,38,212,144,0.576,19,0.5,19,0.5,125,0.5896,110,236,218,6
16.0,16.0,2,1,48.0,0,0,250,38,212,144,0.576,17,0.4474,17,0.4474,127,0.5991,110,236,230,18
14.0,6.0,3,2,12.0,0,0,250,38,212,143,0.572,22,0.5789,22,0.5789,121,0.5708,113,229,218,6
14.0,6.0,3,2,18.0,0,0,250,38,212,143,0.572,22,0.5789,22,0.5789,121,0.5708,113,229,218,6
14.0,6.0,3,2,24.0,0,0,250,38,212,143,0.572,22,0.5789,22,0.5789,121,0.5708,113,229,218,6
14.0,8.0,3,2,12.0,0,0,250,38,212,143,0.572,22,0.5789,22,0.5789,121,0.5708,113,229,218,6
14.0,8.0,3,2,18.0,0,0,250,38,212,143,0.572,22,0.5789,22,0.5789,121,0.5708,113,229,218,6
14.0,8.0,3,2,24.0,0,0,250,38,212,143,0.572,22,0.5789,22,0.5789,121,0.5708,113,229,218,6
14.0,10.0,3,2,12.0,0,0,250,38,212,143,0.572,22,0.5789,22,0.5789,121,0.5708,113,229,218,6
14.0,10.0,3,2,18.0,0,0,250,38,212,143,0.572,22,0.5789,22,0.5789,121,0.5708,113,229,218,6
14.0,10.0,3,2,24.0,0,0,250,38,212,143,0.572,22,0.5789,22,0.5789,121,0.5708,113,229,218,6
14.0,12.0,3,2,12.0,0,0,250,38,212,143,0.572,22,0.5789,22,0.5789,121,0.5708,113,229,218,6
14.0,12.0,3,2,18.0,0,0,250,38,212,143,0.572,22,0.5789,22,0.5789,121,0.5708,113,229,218,6
14.0,12.0,3,2,24.0,0,0,250,38,212,143,0.572,22,0.5789,22,0.5789,121,0.5708,113,229,218,6
18.0,18.0,1,0,48.0,0,0,250,38,212,143,0.572,22,0.5789,22,0.5789,121,0.5708,119,236,218,6
16.0,16.0,2,0,48.0,0,0,250,38,212,143,0.572,19,0.5,19,0.5,124,0.5849,111,236,218,6
18.0,16.0,1,1,48.0,0,0,250,38,212,142,0.568,22,0.5789,22,0.5789,120,0.566,118,235,218,6
16.0,6.0,2,0,12.0,0,0,250,38,212,142,0.568,19,0.5,19,0.5,123,0.5802,112,236,218,6
16.0,6.0,2,0,18.0,0,0,250,38,212,142,0.568,19,0.5,19,0.5,123,0.5802,112,236,218,6
16.0,6.0,2,0,24.0,0,0,250,38,212,142,0.568,19,0.5,19,0.5,123,0.5802,112,236,218,6
16.0,8.0,2,0,12.0,0,0,250,38,212,142,0.568,19,0.5,19,0.5,123,0.5802,112,236,218,6
16.0,8.0,2,0,18.0,0,0,250,38,212,142,0.568,19,0.5,19,0.5,123,0.5802,112,236,218,6
16.0,8.0,2,0,24.0,0,0,250,38,212,142,0.568,19,0.5,19,0.5,123,0.5802,112,236,218,6
16.0,10.0,2,0,12.0,0,0,250,38,212,142,0.568,19,0.5,19,0.5,123,0.5802,112,236,218,6
16.0,10.0,2,0,18.0,0,0,250,38,212,142,0.568,19,0.5,19,0.5,123,0.5802,112,236,218,6
16.0,10.0,2,0,24.0,0,0,250,38,212,142,0.568,19,0.5,19,0.5,123,0.5802,112,236,218,6
16.0,12.0,2,0,12.0,0,0,250,38,212,142,0.568,19,0.5,19,0.5,123,0.5802,112,236,218,6
16.0,12.0,2,0,18.0,0,0,250,38,212,142,0.568,19,0.5,19,0.5,123,0.5802,112,236,218,6
16.0,12.0,2,0,24.0,0,0,250,38,212,142,0.568,19,0.5,19,0.5,123,0.5802,112,236,218,6
16.0,14.0,2,0,32.0,0,0,250,38,212,142,0.568,19,0.5,19,0.5,123,0.5802,112,236,218,6
16.0,14.0,2,1,32.0,0,0,250,38,212,142,0.568,17,0.4474,17,0.4474,125,0.5896,112,236,230,18
16.0,14.0,2,2,32.0,0,0,250,38,212,141,0.564,17,0.4474,17,0.4474,124,0.5849,113,231,231,19
18.0,16.0,1,0,12.0,0,0,250,38,212,140,0.56,22,0.5789,22,0.5789,118,0.5566,122,236,218,6
18.0,16.0,1,0,18.0,0,0,250,38,212,140,0.56,22,0.5789,22,0.5789,118,0.5566,122,236,218,6
18.0,16.0,1,0,24.0,0,0,250,38,212,140,0.56,22,0.5789,22,0.5789,118,0.5566,122,236,218,6
16.0,6.0,2,0,32.0,0,0,250,38,212,140,0.56,19,0.5,19,0.5,121,0.5708,114,236,218,6
16.0,8.0,2,0,32.0,0,0,250,38,212,140,0.56,19,0.5,19,0.5,121,0.5708,114,236,218,6
16.0,10.0,2,0,32.0,0,0,250,38,212,140,0.56,19,0.5,19,0.5,121,0.5708,114,236,218,6
16.0,12.0,2,0,32.0,0,0,250,38,212,140,0.56,19,0.5,19,0.5,121,0.5708,114,236,218,6
16.0,16.0,1,2,12.0,0,0,250,38,212,140,0.56,18,0.4737,18,0.4737,122,0.5755,117,230,230,18
16.0,16.0,1,2,18.0,0,0,250,38,212,140,0.56,18,0.4737,18,0.4737,122,0.5755,117,230,230,18
16.0,6.0,2,1,32.0,0,0,250,38,212,140,0.56,17,0.4474,17,0.4474,123,0.5802,114,236,230,18
16.0,8.0,2,1,32.0,0,0,250,38,212,140,0.56,17,0.4474,17,0.4474,123,0.5802,114,236,230,18
16.0,10.0,2,1,32.0,0,0,250,38,212,140,0.56,17,0.4474,17,0.4474,123,0.5802,114,236,230,18
16.0,12.0,2,1,32.0,0,0,250,38,212,140,0.56,17,0.4474,17,0.4474,123,0.5802,114,236,230,18
16.0,14.0,2,1,48.0,0,0,250,38,212,140,0.56,17,0.4474,17,0.4474,123,0.5802,114,236,230,18
18.0,16.0,1,0,32.0,0,0,250,38,212,139,0.556,22,0.5789,22,0.5789,117,0.5519,123,236,218,6
16.0,14.0,2,0,48.0,0,0,250,38,212,139,0.556,19,0.5,19,0.5,120,0.566,115,236,218,6
16.0,6.0,2,2,32.0,0,0,250,38,212,139,0.556,17,0.4474,17,0.4474,122,0.5755,115,231,231,19
16.0,8.0,2,2,32.0,0,0,250,38,212,139,0.556,17,0.4474,17,0.4474,122,0.5755,115,231,231,19
16.0,10.0,2,2,32.0,0,0,250,38,212,139,0.556,17,0.4474,17,0.4474,122,0.5755,115,231,231,19
16.0,12.0,2,2,32.0,0,0,250,38,212,139,0.556,17,0.4474,17,0.4474,122,0.5755,115,231,231,19
16.0,14.0,2,2,48.0,0,0,250,38,212,139,0.556,17,0.4474,17,0.4474,122,0.5755,115,231,231,19
18.0,14.0,1,2,12.0,0,0,250,38,212,138,0.552,23,0.6053,23,0.6053,115,0.5425,123,227,221,9
18.0,14.0,1,2,18.0,0,0,250,38,212,138,0.552,23,0.6053,23,0.6053,115,0.5425,123,227,221,9
12.0,6.0,3,2,12.0,0,0,250,38,212,138,0.552,22,0.5789,22,0.5789,116,0.5472,118,229,218,6
12.0,6.0,3,2,18.0,0,0,250,38,212,138,0.552,22,0.5789,22,0.5789,116,0.5472,118,229,218,6
12.0,8.0,3,2,12.0,0,0,250,38,212,138,0.552,22,0.5789,22,0.5789,116,0.5472,118,229,218,6
12.0,8.0,3,2,18.0,0,0,250,38,212,138,0.552,22,0.5789,22,0.5789,116,0.5472,118,229,218,6
12.0,10.0,3,2,12.0,0,0,250,38,212,138,0.552,22,0.5789,22,0.5789,116,0.5472,118,229,218,6
12.0,10.0,3,2,18.0,0,0,250,38,212,138,0.552,22,0.5789,22,0.5789,116,0.5472,118,229,218,6
12.0,12.0,3,2,12.0,0,0,250,38,212,138,0.552,22,0.5789,22,0.5789,116,0.5472,118,229,218,6
12.0,12.0,3,2,18.0,0,0,250,38,212,138,0.552,22,0.5789,22,0.5789,116,0.5472,118,229,218,6
16.0,16.0,1,2,24.0,0,0,250,38,212,138,0.552,18,0.4737,18,0.4737,120,0.566,119,230,230,18
16.0,6.0,2,1,48.0,0,0,250,38,212,138,0.552,17,0.4474,17,0.4474,121,0.5708,116,236,230,18
16.0,8.0,2,1,48.0,0,0,250,38,212,138,0.552,17,0.4474,17,0.4474,121,0.5708,116,236,230,18
16.0,10.0,2,1,48.0,0,0,250,38,212,138,0.552,17,0.4474,17,0.4474,121,0.5708,116,236,230,18
16.0,12.0,2,1,48.0,0,0,250,38,212,138,0.552,17,0.4474,17,0.4474,121,0.5708,116,236,230,18
18.0,16.0,1,0,48.0,0,0,250,38,212,137,0.548,22,0.5789,22,0.5789,115,0.5425,125,236,218,6
16.0,6.0,2,0,48.0,0,0,250,38,212,137,0.548,19,0.5,19,0.5,118,0.5566,117,236,218,6
16.0,8.0,2,0,48.0,0,0,250,38,212,137,0.548,19,0.5,19,0.5,118,0.5566,117,236,218,6
16.0,10.0,2,0,48.0,0,0,250,38,212,137,0.548,19,0.5,19,0.5,118,0.5566,117,236,218,6
16.0,12.0,2,0,48.0,0,0,250,38,212,137,0.548,19,0.5,19,0.5,118,0.5566,117,236,218,6
16.0,6.0,2,2,48.0,0,0,250,38,212,137,0.548,17,0.4474,17,0.4474,120,0.566,117,231,231,19
16.0,8.0,2,2,48.0,0,0,250,38,212,137,0.548,17,0.4474,17,0.4474,120,0.566,117,231,231,19
16.0,10.0,2,2,48.0,0,0,250,38,212,137,0.548,17,0.4474,17,0.4474,120,0.566,117,231,231,19
16.0,12.0,2,2,48.0,0,0,250,38,212,137,0.548,17,0.4474,17,0.4474,120,0.566,117,231,231,19
14.0,14.0,3,1,12.0,0,0,250,38,212,137,0.548,15,0.3947,15,0.3947,122,0.5755,109,237,231,19
14.0,14.0,3,1,18.0,0,0,250,38,212,137,0.548,15,0.3947,15,0.3947,122,0.5755,109,237,231,19
14.0,14.0,3,1,24.0,0,0,250,38,212,137,0.548,15,0.3947,15,0.3947,122,0.5755,109,237,231,19
18.0,6.0,1,2,12.0,0,0,250,38,212,136,0.544,23,0.6053,23,0.6053,113,0.533,125,227,221,9
18.0,6.0,1,2,18.0,0,0,250,38,212,136,0.544,23,0.6053,23,0.6053,113,0.533,125,227,221,9
18.0,8.0,1,2,12.0,0,0,250,38,212,136,0.544,23,0.6053,23,0.6053,113,0.533,125,227,221,9
18.0,8.0,1,2,18.0,0,0,250,38,212,136,0.544,23,0.6053,23,0.6053,113,0.533,125,227,221,9
18.0,10.0,1,2,12.0,0,0,250,38,212,136,0.544,23,0.6053,23,0.6053,113,0.533,125,227,221,9
18.0,10.0,1,2,18.0,0,0,250,38,212,136,0.544,23,0.6053,23,0.6053,113,0.533,125,227,221,9
18.0,12.0,1,2,12.0,0,0,250,38,212,136,0.544,23,0.6053,23,0.6053,113,0.533,125,227,221,9
18.0,12.0,1,2,18.0,0,0,250,38,212,136,0.544,23,0.6053,23,0.6053,113,0.533,125,227,221,9
18.0,14.0,1,2,24.0,0,0,250,38,212,136,0.544,23,0.6053,23,0.6053,113,0.533,125,227,221,9
14.0,14.0,3,2,32.0,0,0,250,38,212,135,0.54,22,0.5789,22,0.5789,113,0.533,121,229,218,6
16.0,16.0,1,1,12.0,0,0,250,38,212,135,0.54,22,0.5789,22,0.5789,113,0.533,125,235,218,6
16.0,16.0,1,1,18.0,0,0,250,38,212,135,0.54,22,0.5789,22,0.5789,113,0.533,125,235,218,6
16.0,16.0,1,1,24.0,0,0,250,38,212,135,0.54,22,0.5789,22,0.5789,113,0.533,125,235,218,6
14.0,14.0,3,0,12.0,0,0,250,38,212,135,0.54,17,0.4474,17,0.4474,118,0.5566,113,237,218,6
14.0,14.0,3,0,18.0,0,0,250,38,212,135,0.54,17,0.4474,17,0.4474,118,0.5566,113,237,218,6
14.0,14.0,3,0,24.0,0,0,250,38,212,135,0.54,17,0.4474,17,0.4474,118,0.5566,113,237,218,6
14.0,6.0,3,1,12.0,0,0,250,38,212,135,0.54,15,0.3947,15,0.3947,120,0.566,111,237,231,19
14.0,6.0,3,1,18.0,0,0,250,38,212,135,0.54,15,0.3947,15,0.3947,120,0.566,111,237,231,19
14.0,6.0,3,1,24.0,0,0,250,38,212,135,0.54,15,0.3947,15,0.3947,120,0.566,111,237,231,19
14.0,8.0,3,1,12.0,0,0,250,38,212,135,0.54,15,0.3947,15,0.3947,120,0.566,111,237,231,19
14.0,8.0,3,1,18.0,0,0,250,38,212,135,0.54,15,0.3947,15,0.3947,120,0.566,111,237,231,19
14.0,8.0,3,1,24.0,0,0,250,38,212,135,0.54,15,0.3947,15,0.3947,120,0.566,111,237,231,19
14.0,10.0,3,1,12.0,0,0,250,38,212,135,0.54,15,0.3947,15,0.3947,120,0.566,111,237,231,19
14.0,10.0,3,1,18.0,0,0,250,38,212,135,0.54,15,0.3947,15,0.3947,120,0.566,111,237,231,19
14.0,10.0,3,1,24.0,0,0,250,38,212,135,0.54,15,0.3947,15,0.3947,120,0.566,111,237,231,19
14.0,12.0,3,1,12.0,0,0,250,38,212,135,0.54,15,0.3947,15,0.3947,120,0.566,111,237,231,19
14.0,12.0,3,1,18.0,0,0,250,38,212,135,0.54,15,0.3947,15,0.3947,120,0.566,111,237,231,19
14.0,12.0,3,1,24.0,0,0,250,38,212,135,0.54,15,0.3947,15,0.3947,120,0.566,111,237,231,19
18.0,6.0,1,2,24.0,0,0,250,38,212,134,0.536,23,0.6053,23,0.6053,111,0.5236,127,227,221,9
18.0,8.0,1,2,24.0,0,0,250,38,212,134,0.536,23,0.6053,23,0.6053,111,0.5236,127,227,221,9
18.0,10.0,1,2,24.0,0,0,250,38,212,134,0.536,23,0.6053,23,0.6053,111,0.5236,127,227,221,9
18.0,12.0,1,2,24.0,0,0,250,38,212,134,0.536,23,0.6053,23,0.6053,111,0.5236,127,227,221,9
12.0,6.0,3,2,24.0,0,0,250,38,212,134,0.536,22,0.5789,22,0.5789,112,0.5283,122,229,218,6
12.0,8.0,3,2,24.0,0,0,250,38,212,134,0.536,22,0.5789,22,0.5789,112,0.5283,122,229,218,6
12.0,10.0,3,2,24.0,0,0,250,38,212,134,0.536,22,0.5789,22,0.5789,112,0.5283,122,229,218,6
12.0,12.0,3,2,24.0,0,0,250,38,212,134,0.536,22,0.5789,22,0.5789,112,0.5283,122,229,218,6
16.0,16.0,1,2,32.0,0,0,250,38,212,134,0.536,18,0.4737,18,0.4737,116,0.5472,123,230,230,18
14.0,6.0,3,2,32.0,0,0,250,38,212,133,0.532,22,0.5789,22,0.5789,111,0.5236,123,229,218,6
14.0,8.0,3,2,32.0,0,0,250,38,212,133,0.532,22,0.5789,22,0.5789,111,0.5236,123,229,218,6
14.0,10.0,3,2,32.0,0,0,250,38,212,133,0.532,22,0.5789,22,0.5789,111,0.5236,123,229,218,6
14.0,12.0,3,2,32.0,0,0,250,38,212,133,0.532,22,0.5789,22,0.5789,111,0.5236,123,229,218,6
14.0,14.0,3,2,48.0,0,0,250,38,212,133,0.532,22,0.5789,22,0.5789,111,0.5236,123,229,218,6
18.0,14.0,1,2,32.0,0,0,250,38,212,132,0.528,23,0.6053,23,0.6053,109,0.5142,129,227,221,9
16.0,16.0,1,1,32.0,0,0,250,38,212,132,0.528,22,0.5789,22,0.5789,110,0.5189,128,235,218,6
16.0,16.0,1,2,48.0,0,0,250,38,212,132,0.528,18,0.4737,18,0.4737,114,0.5377,125,230,230,18
14.0,14.0,3,0,32.0,0,0,250,38,212,132,0.528,17,0.4474,17,0.4474,115,0.5425,116,237,218,6
14.0,6.0,3,2,48.0,0,0,250,38,212,131,0.524,22,0.5789,22,0.5789,109,0.5142,125,229,218,6
14.0,8.0,3,2,48.0,0,0,250,38,212,131,0.524,22,0.5789,22,0.5789,109,0.5142,125,229,218,6
14.0,10.0,3,2,48.0,0,0,250,38,212,131,0.524,22,0.5789,22,0.5789,109,0.5142,125,229,218,6
14.0,12.0,3,2,48.0,0,0,250,38,212,131,0.524,22,0.5789,22,0.5789,109,0.5142,125,229,218,6
16.0,16.0,1,1,48.0,0,0,250,38,212,131,0.524,22,0.5789,22,0.5789,109,0.5142,129,235,218,6
14.0,14.0,3,1,32.0,0,0,250,38,212,131,0.524,15,0.3947,15,0.3947,116,0.5472,115,237,231,19
18.0,6.0,1,2,32.0,0,0,250,38,212,130,0.52,23,0.6053,23,0.6053,107,0.5047,131,227,221,9
18.0,8.0,1,2,32.0,0,0,250,38,212,130,0.52,23,0.6053,23,0.6053,107,0.5047,131,227,221,9
18.0,10.0,1,2,32.0,0,0,250,38,212,130,0.52,23,0.6053,23,0.6053,107,0.5047,131,227,221,9
18.0,12.0,1,2,32.0,0,0,250,38,212,130,0.52,23,0.6053,23,0.6053,107,0.5047,131,227,221,9
18.0,14.0,1,2,48.0,0,0,250,38,212,130,0.52,23,0.6053,23,0.6053,107,0.5047,131,227,221,9
18.0,14.0,1,1,12.0,0,0,250,38,212,130,0.52,22,0.5789,22,0.5789,108,0.5094,130,235,218,6
18.0,14.0,1,1,18.0,0,0,250,38,212,130,0.52,22,0.5789,22,0.5789,108,0.5094,130,235,218,6
18.0,14.0,1,1,24.0,0,0,250,38,212,130,0.52,22,0.5789,22,0.5789,108,0.5094,130,235,218,6
14.0,6.0,3,0,12.0,0,0,250,38,212,130,0.52,17,0.4474,17,0.4474,113,0.533,118,237,218,6
14.0,6.0,3,0,18.0,0,0,250,38,212,130,0.52,17,0.4474,17,0.4474,113,0.533,118,237,218,6
14.0,6.0,3,0,24.0,0,0,250,38,212,130,0.52,17,0.4474,17,0.4474,113,0.533,118,237,218,6
14.0,8.0,3,0,12.0,0,0,250,38,212,130,0.52,17,0.4474,17,0.4474,113,0.533,118,237,218,6
14.0,8.0,3,0,18.0,0,0,250,38,212,130,0.52,17,0.4474,17,0.4474,113,0.533,118,237,218,6
14.0,8.0,3,0,24.0,0,0,250,38,212,130,0.52,17,0.4474,17,0.4474,113,0.533,118,237,218,6
14.0,10.0,3,0,12.0,0,0,250,38,212,130,0.52,17,0.4474,17,0.4474,113,0.533,118,237,218,6
14.0,10.0,3,0,18.0,0,0,250,38,212,130,0.52,17,0.4474,17,0.4474,113,0.533,118,237,218,6
14.0,10.0,3,0,24.0,0,0,250,38,212,130,0.52,17,0.4474,17,0.4474,113,0.533,118,237,218,6
14.0,12.0,3,0,12.0,0,0,250,38,212,130,0.52,17,0.4474,17,0.4474,113,0.533,118,237,218,6
14.0,12.0,3,0,18.0,0,0,250,38,212,130,0.52,17,0.4474,17,0.4474,113,0.533,118,237,218,6
14.0,12.0,3,0,24.0,0,0,250,38,212,130,0.52,17,0.4474,17,0.4474,113,0.533,118,237,218,6
14.0,14.0,2,2,12.0,0,0,250,38,212,129,0.516,17,0.4474,17,0.4474,112,0.5283,125,231,231,19
14.0,14.0,2,2,18.0,0,0,250,38,212,129,0.516,17,0.4474,17,0.4474,112,0.5283,125,231,231,19
14.0,14.0,2,2,24.0,0,0,250,38,212,129,0.516,17,0.4474,17,0.4474,112,0.5283,125,231,231,19
14.0,6.0,3,1,32.0,0,0,250,38,212,129,0.516,15,0.3947,15,0.3947,114,0.5377,117,237,231,19
14.0,8.0,3,1,32.0,0,0,250,38,212,129,0.516,15,0.3947,15,0.3947,114,0.5377,117,237,231,19
14.0,10.0,3,1,32.0,0,0,250,38,212,129,0.516,15,0.3947,15,0.3947,114,0.5377,117,237,231,19
14.0,12.0,3,1,32.0,0,0,250,38,212,129,0.516,15,0.3947,15,0.3947,114,0.5377,117,237,231,19
14.0,14.0,3,1,48.0,0,0,250,38,212,129,0.516,15,0.3947,15,0.3947,114,0.5377,117,237,231,19
18.0,6.0,1,2,48.0,0,0,250,38,212,128,0.512,23,0.6053,23,0.6053,105,0.4953,133,227,221,9
18.0,8.0,1,2,48.0,0,0,250,38,212,128,0.512,23,0.6053,23,0.6053,105,0.4953,133,227,221,9
18.0,10.0,1,2,48.0,0,0,250,38,212,128,0.512,23,0.6053,23,0.6053,105,0.4953,133,227,221,9
18.0,12.0,1,2,48.0,0,0,250,38,212,128,0.512,23,0.6053,23,0.6053,105,0.4953,133,227,221,9
18.0,6.0,1,1,12.0,0,0,250,38,212,128,0.512,22,0.5789,22,0.5789,106,0.5,132,235,218,6
18.0,6.0,1,1,18.0,0,0,250,38,212,128,0.512,22,0.5789,22,0.5789,106,0.5,132,235,218,6
18.0,6.0,1,1,24.0,0,0,250,38,212,128,0.512,22,0.5789,22,0.5789,106,0.5,132,235,218,6
18.0,8.0,1,1,12.0,0,0,250,38,212,128,0.512,22,0.5789,22,0.5789,106,0.5,132,235,218,6
18.0,8.0,1,1,18.0,0,0,250,38,212,128,0.512,22,0.5789,22,0.5789,106,0.5,132,235,218,6
18.0,8.0,1,1,24.0,0,0,250,38,212,128,0.512,22,0.5789,22,0.5789,106,0.5,132,235,218,6
18.0,10.0,1,1,12.0,0,0,250,38,212,128,0.512,22,0.5789,22,0.5789,106,0.5,132,235,218,6
18.0,10.0,1,1,18.0,0,0,250,38,212,128,0.512,22,0.5789,22,0.5789,106,0.5,132,235,218,6
18.0,10.0,1,1,24.0,0,0,250,38,212,128,0.512,22,0.5789,22,0.5789,106,0.5,132,235,218,6
18.0,12.0,1,1,12.0,0,0,250,38,212,128,0.512,22,0.5789,22,0.5789,106,0.5,132,235,218,6
18.0,12.0,1,1,18.0,0,0,250,38,212,128,0.512,22,0.5789,22,0.5789,106,0.5,132,235,218,6
18.0,12.0,1,1,24.0,0,0,250,38,212,128,0.512,22,0.5789,22,0.5789,106,0.5,132,235,218,6
14.0,14.0,3,0,48.0,0,0,250,38,212,128,0.512,17,0.4474,17,0.4474,111,0.5236,120,237,218,6
12.0,6.0,3,1,12.0,0,0,250,38,212,128,0.512,15,0.3947,15,0.3947,113,0.533,118,237,231,19
12.0,6.0,3,1,18.0,0,0,250,38,212,128,0.512,15,0.3947,15,0.3947,113,0.533,118,237,231,19
12.0,8.0,3,1,12.0,0,0,250,38,212,128,0.512,15,0.3947,15,0.3947,113,0.533,118,237,231,19
12.0,8.0,3,1,18.0,0,0,250,38,212,128,0.512,15,0.3947,15,0.3947,113,0.533,118,237,231,19
12.0,10.0,3,1,12.0,0,0,250,38,212,128,0.512,15,0.3947,15,0.3947,113,0.533,118,237,231,19
12.0,10.0,3,1,18.0,0,0,250,38,212,128,0.512,15,0.3947,15,0.3947,113,0.533,118,237,231,19
12.0,12.0,3,1,12.0,0,0,250,38,212,128,0.512,15,0.3947,15,0.3947,113,0.533,118,237,231,19
12.0,12.0,3,1,18.0,0,0,250,38,212,128,0.512,15,0.3947,15,0.3947,113,0.533,118,237,231,19
18.0,14.0,1,1,32.0,0,0,250,38,212,127,0.508,22,0.5789,22,0.5789,105,0.4953,133,235,218,6
14.0,6.0,3,0,32.0,0,0,250,38,212,127,0.508,17,0.4474,17,0.4474,110,0.5189,121,237,218,6
14.0,8.0,3,0,32.0,0,0,250,38,212,127,0.508,17,0.4474,17,0.4474,110,0.5189,121,237,218,6
14.0,10.0,3,0,32.0,0,0,250,38,212,127,0.508,17,0.4474,17,0.4474,110,0.5189,121,237,218,6
14.0,12.0,3,0,32.0,0,0,250,38,212,127,0.508,17,0.4474,17,0.4474,110,0.5189,121,237,218,6
14.0,6.0,2,2,12.0,0,0,250,38,212,127,0.508,17,0.4474,17,0.4474,110,0.5189,127,231,231,19
14.0,6.0,2,2,18.0,0,0,250,38,212,127,0.508,17,0.4474,17,0.4474,110,0.5189,127,231,231,19
14.0,6.0,2,2,24.0,0,0,250,38,212,127,0.508,17,0.4474,17,0.4474,110,0.5189,127,231,231,19
14.0,8.0,2,2,12.0,0,0,250,38,212,127,0.508,17,0.4474,17,0.4474,110,0.5189,127,231,231,19
14.0,8.0,2,2,18.0,0,0,250,38,212,127,0.508,17,0.4474,17,0.4474,110,0.5189,127,231,231,19
14.0,8.0,2,2,24.0,0,0,250,38,212,127,0.508,17,0.4474,17,0.4474,110,0.5189,127,231,231,19
14.0,10.0,2,2,12.0,0,0,250,38,212,127,0.508,17,0.4474,17,0.4474,110,0.5189,127,231,231,19
14.0,10.0,2,2,18.0,0,0,250,38,212,127,0.508,17,0.4474,17,0.4474,110,0.5189,127,231,231,19
14.0,10.0,2,2,24.0,0,0,250,38,212,127,0.508,17,0.4474,17,0.4474,110,0.5189,127,231,231,19
14.0,12.0,2,2,12.0,0,0,250,38,212,127,0.508,17,0.4474,17,0.4474,110,0.5189,127,231,231,19
14.0,12.0,2,2,18.0,0,0,250,38,212,127,0.508,17,0.4474,17,0.4474,110,0.5189,127,231,231,19
14.0,12.0,2,2,24.0,0,0,250,38,212,127,0.508,17,0.4474,17,0.4474,110,0.5189,127,231,231,19
14.0,6.0,3,1,48.0,0,0,250,38,212,127,0.508,15,0.3947,15,0.3947,112,0.5283,119,237,231,19
14.0,8.0,3,1,48.0,0,0,250,38,212,127,0.508,15,0.3947,15,0.3947,112,0.5283,119,237,231,19
14.0,10.0,3,1,48.0,0,0,250,38,212,127,0.508,15,0.3947,15,0.3947,112,0.5283,119,237,231,19
14.0,12.0,3,1,48.0,0,0,250,38,212,127,0.508,15,0.3947,15,0.3947,112,0.5283,119,237,231,19
18.0,6.0,1,1,32.0,0,0,250,38,212,125,0.5,22,0.5789,22,0.5789,103,0.4858,135,235,218,6
18.0,8.0,1,1,32.0,0,0,250,38,212,125,0.5,22,0.5789,22,0.5789,103,0.4858,135,235,218,6
18.0,10.0,1,1,32.0,0,0,250,38,212,125,0.5,22,0.5789,22,0.5789,103,0.4858,135,235,218,6
18.0,12.0,1,1,32.0,0,0,250,38,212,125,0.5,22,0.5789,22,0.5789,103,0.4858,135,235,218,6
18.0,14.0,1,1,48.0,0,0,250,38,212,125,0.5,22,0.5789,22,0.5789,103,0.4858,135,235,218,6
12.0,6.0,3,0,12.0,0,0,250,38,212,125,0.5,17,0.4474,17,0.4474,108,0.5094,123,237,218,6
12.0,6.0,3,0,18.0,0,0,250,38,212,125,0.5,17,0.4474,17,0.4474,108,0.5094,123,237,218,6
12.0,8.0,3,0,12.0,0,0,250,38,212,125,0.5,17,0.4474,17,0.4474,108,0.5094,123,237,218,6
12.0,8.0,3,0,18.0,0,0,250,38,212,125,0.5,17,0.4474,17,0.4474,108,0.5094,123,237,218,6
12.0,10.0,3,0,12.0,0,0,250,38,212,125,0.5,17,0.4474,17,0.4474,108,0.5094,123,237,218,6
12.0,10.0,3,0,18.0,0,0,250,38,212,125,0.5,17,0.4474,17,0.4474,108,0.5094,123,237,218,6
12.0,12.0,3,0,12.0,0,0,250,38,212,125,0.5,17,0.4474,17,0.4474,108,0.5094,123,237,218,6
12.0,12.0,3,0,18.0,0,0,250,38,212,125,0.5,17,0.4474,17,0.4474,108,0.5094,123,237,218,6
12.0,6.0,3,1,24.0,0,0,250,38,212,125,0.5,15,0.3947,15,0.3947,110,0.5189,121,237,231,19
12.0,8.0,3,1,24.0,0,0,250,38,212,125,0.5,15,0.3947,15,0.3947,110,0.5189,121,237,231,19
12.0,10.0,3,1,24.0,0,0,250,38,212,125,0.5,15,0.3947,15,0.3947,110,0.5189,121,237,231,19
12.0,12.0,3,1,24.0,0,0,250,38,212,125,0.5,15,0.3947,15,0.3947,110,0.5189,121,237,231,19
16.0,16.0,1,0,12.0,0,0,250,38,212,124,0.496,21,0.5526,21,0.5526,103,0.4858,139,236,217,5
16.0,16.0,1,0,18.0,0,0,250,38,212,124,0.496,21,0.5526,21,0.5526,103,0.4858,139,236,217,5
16.0,16.0,1,0,24.0,0,0,250,38,212,124,0.496,21,0.5526,21,0.5526,103,0.4858,139,236,217,5
12.0,6.0,3,0,24.0,0,0,250,38,212,124,0.496,17,0.4474,17,0.4474,107,0.5047,124,237,218,6
12.0,8.0,3,0,24.0,0,0,250,38,212,124,0.496,17,0.4474,17,0.4474,107,0.5047,124,237,218,6
12.0,10.0,3,0,24.0,0,0,250,38,212,124,0.496,17,0.4474,17,0.4474,107,0.5047,124,237,218,6
12.0,12.0,3,0,24.0,0,0,250,38,212,124,0.496,17,0.4474,17,0.4474,107,0.5047,124,237,218,6
18.0,6.0,1,1,48.0,0,0,250,38,212,123,0.492,22,0.5789,22,0.5789,101,0.4764,137,235,218,6
18.0,8.0,1,1,48.0,0,0,250,38,212,123,0.492,22,0.5789,22,0.5789,101,0.4764,137,235,218,6
18.0,10.0,1,1,48.0,0,0,250,38,212,123,0.492,22,0.5789,22,0.5789,101,0.4764,137,235,218,6
18.0,12.0,1,1,48.0,0,0,250,38,212,123,0.492,22,0.5789,22,0.5789,101,0.4764,137,235,218,6
16.0,16.0,1,0,32.0,0,0,250,38,212,123,0.492,21,0.5526,21,0.5526,102,0.4811,140,236,217,5
14.0,6.0,3,0,48.0,0,0,250,38,212,123,0.492,17,0.4474,17,0.4474,106,0.5,125,237,218,6
14.0,8.0,3,0,48.0,0,0,250,38,212,123,0.492,17,0.4474,17,0.4474,106,0.5,125,237,218,6
14.0,10.0,3,0,48.0,0,0,250,38,212,123,0.492,17,0.4474,17,0.4474,106,0.5,125,237,218,6
14.0,12.0,3,0,48.0,0,0,250,38,212,123,0.492,17,0.4474,17,0.4474,106,0.5,125,237,218,6
12.0,6.0,2,2,12.0,0,0,250,38,212,123,0.492,17,0.4474,17,0.4474,106,0.5,131,231,231,19
12.0,6.0,2,2,18.0,0,0,250,38,212,123,0.492,17,0.4474,17,0.4474,106,0.5,131,231,231,19
12.0,8.0,2,2,12.0,0,0,250,38,212,123,0.492,17,0.4474,17,0.4474,106,0.5,131,231,231,19
12.0,8.0,2,2,18.0,0,0,250,38,212,123,0.492,17,0.4474,17,0.4474,106,0.5,131,231,231,19
12.0,10.0,2,2,12.0,0,0,250,38,212,123,0.492,17,0.4474,17,0.4474,106,0.5,131,231,231,19
12.0,10.0,2,2,18.0,0,0,250,38,212,123,0.492,17,0.4474,17,0.4474,106,0.5,131,231,231,19
12.0,12.0,2,2,12.0,0,0,250,38,212,123,0.492,17,0.4474,17,0.4474,106,0.5,131,231,231,19
12.0,12.0,2,2,18.0,0,0,250,38,212,123,0.492,17,0.4474,17,0.4474,106,0.5,131,231,231,19
12.0,6.0,3,2,32.0,0,0,250,38,212,122,0.488,22,0.5789,22,0.5789,100,0.4717,134,229,218,6
12.0,8.0,3,2,32.0,0,0,250,38,212,122,0.488,22,0.5789,22,0.5789,100,0.4717,134,229,218,6
12.0,10.0,3,2,32.0,0,0,250,38,212,122,0.488,22,0.5789,22,0.5789,100,0.4717,134,229,218,6
12.0,12.0,3,2,32.0,0,0,250,38,212,122,0.488,22,0.5789,22,0.5789,100,0.4717,134,229,218,6
18.0,14.0,1,0,12.0,0,0,250,38,212,122,0.488,22,0.5789,22,0.5789,100,0.4717,140,236,218,6
18.0,14.0,1,0,18.0,0,0,250,38,212,122,0.488,22,0.5789,22,0.5789,100,0.4717,140,236,218,6
18.0,14.0,1,0,24.0,0,0,250,38,212,122,0.488,22,0.5789,22,0.5789,100,0.4717,140,236,218,6
16.0,14.0,1,2,12.0,0,0,250,38,212,122,0.488,18,0.4737,18,0.4737,104,0.4906,135,230,230,18
16.0,14.0,1,2,18.0,0,0,250,38,212,122,0.488,18,0.4737,18,0.4737,104,0.4906,135,230,230,18
14.0,14.0,2,1,12.0,0,0,250,38,212,122,0.488,17,0.4474,17,0.4474,105,0.4953,132,236,230,18
14.0,14.0,2,1,18.0,0,0,250,38,212,122,0.488,17,0.4474,17,0.4474,105,0.4953,132,236,230,18
14.0,14.0,2,1,24.0,0,0,250,38,212,122,0.488,17,0.4474,17,0.4474,105,0.4953,132,236,230,18
18.0,14.0,1,0,32.0,0,0,250,38,212,121,0.484,22,0.5789,22,0.5789,99,0.467,141,236,218,6
16.0,16.0,1,0,48.0,0,0,250,38,212,121,0.484,21,0.5526,21,0.5526,100,0.4717,142,236,217,5
12.0,6.0,3,2,48.0,0,0,250,38,212,120,0.48,22,0.5789,22,0.5789,98,0.4623,136,229,218,6
12.0,8.0,3,2,48.0,0,0,250,38,212,120,0.48,22,0.5789,22,0.5789,98,0.4623,136,229,218,6
12.0,10.0,3,2,48.0,0,0,250,38,212,120,0.48,22,0.5789,22,0.5789,98,0.4623,136,229,218,6
12.0,12.0,3,2,48.0,0,0,250,38,212,120,0.48,22,0.5789,22,0.5789,98,0.4623,136,229,218,6
18.0,6.0,1,0,12.0,0,0,250,38,212,120,0.48,22,0.5789,22,0.5789,98,0.4623,142,236,218,6
18.0,6.0,1,0,18.0,0,0,250,38,212,120,0.48,22,0.5789,22,0.5789,98,0.4623,142,236,218,6
18.0,6.0,1,0,24.0,0,0,250,38,212,120,0.48,22,0.5789,22,0.5789,98,0.4623,142,236,218,6
18.0,8.0,1,0,12.0,0,0,250,38,212,120,0.48,22,0.5789,22,0.5789,98,0.4623,142,236,218,6
18.0,8.0,1,0,18.0,0,0,250,38,212,120,0.48,22,0.5789,22,0.5789,98,0.4623,142,236,218,6
18.0,8.0,1,0,24.0,0,0,250,38,212,120,0.48,22,0.5789,22,0.5789,98,0.4623,142,236,218,6
18.0,10.0,1,0,12.0,0,0,250,38,212,120,0.48,22,0.5789,22,0.5789,98,0.4623,142,236,218,6
18.0,10.0,1,0,18.0,0,0,250,38,212,120,0.48,22,0.5789,22,0.5789,98,0.4623,142,236,218,6
18.0,10.0,1,0,24.0,0,0,250,38,212,120,0.48,22,0.5789,22,0.5789,98,0.4623,142,236,218,6
18.0,12.0,1,0,12.0,0,0,250,38,212,120,0.48,22,0.5789,22,0.5789,98,0.4623,142,236,218,6
18.0,12.0,1,0,18.0,0,0,250,38,212,120,0.48,22,0.5789,22,0.5789,98,0.4623,142,236,218,6
18.0,12.0,1,0,24.0,0,0,250,38,212,120,0.48,22,0.5789,22,0.5789,98,0.4623,142,236,218,6
16.0,14.0,1,2,24.0,0,0,250,38,212,120,0.48,18,0.4737,18,0.4737,102,0.4811,137,230,230,18
12.0,6.0,2,2,24.0,0,0,250,38,212,120,0.48,17,0.4474,17,0.4474,103,0.4858,134,231,231,19
12.0,8.0,2,2,24.0,0,0,250,38,212,120,0.48,17,0.4474,17,0.4474,103,0.4858,134,231,231,19
12.0,10.0,2,2,24.0,0,0,250,38,212,120,0.48,17,0.4474,17,0.4474,103,0.4858,134,231,231,19
12.0,12.0,2,2,24.0,0,0,250,38,212,120,0.48,17,0.4474,17,0.4474,103,0.4858,134,231,231,19
14.0,14.0,2,2,32.0,0,0,250,38,212,120,0.48,17,0.4474,17,0.4474,103,0.4858,134,231,231,19
18.0,6.0,1,0,32.0,0,0,250,38,212,119,0.476,22,0.5789,22,0.5789,97,0.4575,143,236,218,6
18.0,8.0,1,0,32.0,0,0,250,38,212,119,0.476,22,0.5789,22,0.5789,97,0.4575,143,236,218,6
18.0,10.0,1,0,32.0,0,0,250,38,212,119,0.476,22,0.5789,22,0.5789,97,0.4575,143,236,218,6
18.0,12.0,1,0,32.0,0,0,250,38,212,119,0.476,22,0.5789,22,0.5789,97,0.4575,143,236,218,6
18.0,14.0,1,0,48.0,0,0,250,38,212,119,0.476,22,0.5789,22,0.5789,97,0.4575,143,236,218,6
16.0,6.0,1,2,12.0,0,0,250,38,212,119,0.476,18,0.4737,18,0.4737,101,0.4764,138,230,230,18
16.0,6.0,1,2,18.0,0,0,250,38,212,119,0.476,18,0.4737,18,0.4737,101,0.4764,138,230,230,18
16.0,8.0,1,2,12.0,0,0,250,38,212,119,0.476,18,0.4737,18,0.4737,101,0.4764,138,230,230,18
16.0,8.0,1,2,18.0,0,0,250,38,212,119,0.476,18,0.4737,18,0.4737,101,0.4764,138,230,230,18
16.0,10.0,1,2,12.0,0,0,250,38,212,119,0.476,18,0.4737,18,0.4737,101,0.4764,138,230,230,18
16.0,10.0,1,2,18.0,0,0,250,38,212,119,0.476,18,0.4737,18,0.4737,101,0.4764,138,230,230,18
16.0,12.0,1,2,12.0,0,0,250,38,212,119,0.476,18,0.4737,18,0.4737,101,0.4764,138,230,230,18
16.0,12.0,1,2,18.0,0,0,250,38,212,119,0.476,18,0.4737,18,0.4737,101,0.4764,138,230,230,18
12.0,6.0,3,0,32.0,0,0,250,38,212,119,0.476,17,0.4474,17,0.4474,102,0.4811,129,237,218,6
12.0,8.0,3,0,32.0,0,0,250,38,212,119,0.476,17,0.4474,17,0.4474,102,0.4811,129,237,218,6
12.0,10.0,3,0,32.0,0,0,250,38,212,119,0.476,17,0.4474,17,0.4474,102,0.4811,129,237,218,6
12.0,12.0,3,0,32.0,0,0,250,38,212,119,0.476,17,0.4474,17,0.4474,102,0.4811,129,237,218,6
14.0,6.0,2,1,12.0,0,0,250,38,212,119,0.476,17,0.4474,17,0.4474,102,0.4811,135,236,230,18
14.0,6.0,2,1,18.0,0,0,250,38,212,119,0.476,17,0.4474,17,0.4474,102,0.4811,135,236,230,18
14.0,6.0,2,1,24.0,0,0,250,38,212,119,0.476,17,0.4474,17,0.4474,102,0.4811,135,236,230,18
14.0,8.0,2,1,12.0,0,0,250,38,212,119,0.476,17,0.4474,17,0.4474,102,0.4811,135,236,230,18
14.0,8.0,2,1,18.0,0,0,250,38,212,119,0.476,17,0.4474,17,0.4474,102,0.4811,135,236,230,18
14.0,8.0,2,1,24.0,0,0,250,38,212,119,0.476,17,0.4474,17,0.4474,102,0.4811,135,236,230,18
14.0,10.0,2,1,12.0,0,0,250,38,212,119,0.476,17,0.4474,17,0.4474,102,0.4811,135,236,230,18
14.0,10.0,2,1,18.0,0,0,250,38,212,119,0.476,17,0.4474,17,0.4474,102,0.4811,135,236,230,18
14.0,10.0,2,1,24.0,0,0,250,38,212,119,0.476,17,0.4474,17,0.4474,102,0.4811,135,236,230,18
14.0,12.0,2,1,12.0,0,0,250,38,212,119,0.476,17,0.4474,17,0.4474,102,0.4811,135,236,230,18
14.0,12.0,2,1,18.0,0,0,250,38,212,119,0.476,17,0.4474,17,0.4474,102,0.4811,135,236,230,18
14.0,12.0,2,1,24.0,0,0,250,38,212,119,0.476,17,0.4474,17,0.4474,102,0.4811,135,236,230,18
14.0,6.0,2,2,32.0,0,0,250,38,212,118,0.472,17,0.4474,17,0.4474,101,0.4764,136,231,231,19
14.0,8.0,2,2,32.0,0,0,250,38,212,118,0.472,17,0.4474,17,0.4474,101,0.4764,136,231,231,19
14.0,10.0,2,2,32.0,0,0,250,38,212,118,0.472,17,0.4474,17,0.4474,101,0.4764,136,231,231,19
14.0,12.0,2,2,32.0,0,0,250,38,212,118,0.472,17,0.4474,17,0.4474,101,0.4764,136,231,231,19
14.0,14.0,2,2,48.0,0,0,250,38,212,118,0.472,17,0.4474,17,0.4474,101,0.4764,136,231,231,19
18.0,6.0,1,0,48.0,0,0,250,38,212,117,0.468,22,0.5789,22,0.5789,95,0.4481,145,236,218,6
18.0,8.0,1,0,48.0,0,0,250,38,212,117,0.468,22,0.5789,22,0.5789,95,0.4481,145,236,218,6
18.0,10.0,1,0,48.0,0,0,250,38,212,117,0.468,22,0.5789,22,0.5789,95,0.4481,145,236,218,6
18.0,12.0,1,0,48.0,0,0,250,38,212,117,0.468,22,0.5789,22,0.5789,95,0.4481,145,236,218,6
14.0,14.0,2,0,12.0,0,0,250,38,212,117,0.468,19,0.5,19,0.5,98,0.4623,137,236,218,6
14.0,14.0,2,0,18.0,0,0,250,38,212,117,0.468,19,0.5,19,0.5,98,0.4623,137,236,218,6
14.0,14.0,2,0,24.0,0,0,250,38,212,117,0.468,19,0.5,19,0.5,98,0.4623,137,236,218,6
14.0,14.0,1,2,12.0,0,0,250,38,212,117,0.468,18,0.4737,18,0.4737,99,0.467,140,230,230,18
14.0,14.0,1,2,18.0,0,0,250,38,212,117,0.468,18,0.4737,18,0.4737,99,0.467,140,230,230,18
16.0,6.0,1,2,24.0,0,0,250,38,212,117,0.468,18,0.4737,18,0.4737,99,0.467,140,230,230,18
16.0,8.0,1,2,24.0,0,0,250,38,212,117,0.468,18,0.4737,18,0.4737,99,0.467,140,230,230,18
16.0,10.0,1,2,24.0,0,0,250,38,212,117,0.468,18,0.4737,18,0.4737,99,0.467,140,230,230,18
16.0,12.0,1,2,24.0,0,0,250,38,212,117,0.468,18,0.4737,18,0.4737,99,0.467,140,230,230,18
14.0,14.0,2,1,32.0,0,0,250,38,212,117,0.468,17,0.4474,17,0.4474,100,0.4717,137,236,230,18
12.0,6.0,3,1,32.0,0,0,250,38,212,117,0.468,15,0.3947,15,0.3947,102,0.4811,129,237,231,19
12.0,8.0,3,1,32.0,0,0,250,38,212,117,0.468,15,0.3947,15,0.3947,102,0.4811,129,237,231,19
12.0,10.0,3,1,32.0,0,0,250,38,212,117,0.468,15,0.3947,15,0.3947,102,0.4811,129,237,231,19
12.0,12.0,3,1,32.0,0,0,250,38,212,117,0.468,15,0.3947,15,0.3947,102,0.4811,129,237,231,19
16.0,14.0,1,1,12.0,0,0,250,38,212,116,0.464,22,0.5789,22,0.5789,94,0.4434,144,235,218,6
16.0,14.0,1,1,18.0,0,0,250,38,212,116,0.464,22,0.5789,22,0.5789,94,0.4434,144,235,218,6
16.0,14.0,1,1,24.0,0,0,250,38,212,116,0.464,22,0.5789,22,0.5789,94,0.4434,144,235,218,6
16.0,14.0,1,2,32.0,0,0,250,38,212,116,0.464,18,0.4737,18,0.4737,98,0.4623,141,230,230,18
14.0,6.0,2,2,48.0,0,0,250,38,212,116,0.464,17,0.4474,17,0.4474,99,0.467,138,231,231,19
14.0,8.0,2,2,48.0,0,0,250,38,212,116,0.464,17,0.4474,17,0.4474,99,0.467,138,231,231,19
14.0,10.0,2,2,48.0,0,0,250,38,212,116,0.464,17,0.4474,17,0.4474,99,0.467,138,231,231,19
14.0,12.0,2,2,48.0,0,0,250,38,212,116,0.464,17,0.4474,17,0.4474,99,0.467,138,231,231,19
14.0,14.0,2,1,48.0,0,0,250,38,212,116,0.464,17,0.4474,17,0.4474,99,0.467,138,236,230,18
14.0,14.0,2,0,32.0,0,0,250,38,212,115,0.46,19,0.5,19,0.5,96,0.4528,139,236,218,6
12.0,6.0,3,0,48.0,0,0,250,38,212,115,0.46,17,0.4474,17,0.4474,98,0.4623,133,237,218,6
12.0,8.0,3,0,48.0,0,0,250,38,212,115,0.46,17,0.4474,17,0.4474,98,0.4623,133,237,218,6
12.0,10.0,3,0,48.0,0,0,250,38,212,115,0.46,17,0.4474,17,0.4474,98,0.4623,133,237,218,6
12.0,12.0,3,0,48.0,0,0,250,38,212,115,0.46,17,0.4474,17,0.4474,98,0.4623,133,237,218,6
12.0,6.0,2,1,12.0,0,0,250,38,212,115,0.46,17,0.4474,17,0.4474,98,0.4623,139,236,230,18
12.0,6.0,2,1,18.0,0,0,250,38,212,115,0.46,17,0.4474,17,0.4474,98,0.4623,139,236,230,18
12.0,8.0,2,1,12.0,0,0,250,38,212,115,0.46,17,0.4474,17,0.4474,98,0.4623,139,236,230,18
12.0,8.0,2,1,18.0,0,0,250,38,212,115,0.46,17,0.4474,17,0.4474,98,0.4623,139,236,230,18
12.0,10.0,2,1,12.0,0,0,250,38,212,115,0.46,17,0.4474,17,0.4474,98,0.4623,139,236,230,18
12.0,10.0,2,1,18.0,0,0,250,38,212,115,0.46,17,0.4474,17,0.4474,98,0.4623,139,236,230,18
12.0,12.0,2,1,12.0,0,0,250,38,212,115,0.46,17,0.4474,17,0.4474,98,0.4623,139,236,230,18
12.0,12.0,2,1,18.0,0,0,250,38,212,115,0.46,17,0.4474,17,0.4474,98,0.4623,139,236,230,18
12.0,6.0,3,1,48.0,0,0,250,38,212,115,0.46,15,0.3947,15,0.3947,100,0.4717,131,237,231,19
12.0,8.0,3,1,48.0,0,0,250,38,212,115,0.46,15,0.3947,15,0.3947,100,0.4717,131,237,231,19
12.0,10.0,3,1,48.0,0,0,250,38,212,115,0.46,15,0.3947,15,0.3947,100,0.4717,131,237,231,19
12.0,12.0,3,1,48.0,0,0,250,38,212,115,0.46,15,0.3947,15,0.3947,100,0.4717,131,237,231,19
14.0,14.0,1,2,24.0,0,0,250,38,212,114,0.456,18,0.4737,18,0.4737,96,0.4528,143,230,230,18
16.0,14.0,1,2,48.0,0,0,250,38,212,114,0.456,18,0.4737,18,0.4737,96,0.4528,143,230,230,18
14.0,6.0,2,1,32.0,0,0,250,38,212,114,0.456,17,0.4474,17,0.4474,97,0.4575,140,236,230,18
14.0,8.0,2,1,32.0,0,0,250,38,212,114,0.456,17,0.4474,17,0.4474,97,0.4575,140,236,230,18
14.0,10.0,2,1,32.0,0,0,250,38,212,114,0.456,17,0.4474,17,0.4474,97,0.4575,140,236,230,18
14.0,12.0,2,1,32.0,0,0,250,38,212,114,0.456,17,0.4474,17,0.4474,97,0.4575,140,236,230,18
16.0,6.0,1,1,12.0,0,0,250,38,212,113,0.452,22,0.5789,22,0.5789,91,0.4292,147,235,218,6
16.0,6.0,1,1,18.0,0,0,250,38,212,113,0.452,22,0.5789,22,0.5789,91,0.4292,147,235,218,6
16.0,6.0,1,1,24.0,0,0,250,38,212,113,0.452,22,0.5789,22,0.5789,91,0.4292,147,235,218,6
16.0,8.0,1,1,12.0,0,0,250,38,212,113,0.452,22,0.5789,22,0.5789,91,0.4292,147,235,218,6
16.0,8.0,1,1,18.0,0,0,250,38,212,113,0.452,22,0.5789,22,0.5789,91,0.4292,147,235,218,6
16.0,8.0,1,1,24.0,0,0,250,38,212,113,0.452,22,0.5789,22,0.5789,91,0.4292,147,235,218,6
16.0,10.0,1,1,12.0,0,0,250,38,212,113,0.452,22,0.5789,22,0.5789,91,0.4292,147,235,218,6
16.0,10.0,1,1,18.0,0,0,250,38,212,113,0.452,22,0.5789,22,0.5789,91,0.4292,147,235,218,6
16.0,10.0,1,1,24.0,0,0,250,38,212,113,0.452,22,0.5789,22,0.5789,91,0.4292,147,235,218,6
16.0,12.0,1,1,12.0,0,0,250,38,212,113,0.452,22,0.5789,22,0.5789,91,0.4292,147,235,218,6
16.0,12.0,1,1,18.0,0,0,250,38,212,113,0.452,22,0.5789,22,0.5789,91,0.4292,147,235,218,6
16.0,12.0,1,1,24.0,0,0,250,38,212,113,0.452,22,0.5789,22,0.5789,91,0.4292,147,235,218,6
16.0,14.0,1,1,32.0,0,0,250,38,212,113,0.452,22,0.5789,22,0.5789,91,0.4292,147,235,218,6
16.0,14.0,1,1,48.0,0,0,250,38,212,113,0.452,22,0.5789,22,0.5789,91,0.4292,147,235,218,6
14.0,6.0,2,0,12.0,0,0,250,38,212,113,0.452,19,0.5,19,0.5,94,0.4434,141,236,218,6
14.0,6.0,2,0,18.0,0,0,250,38,212,113,0.452,19,0.5,19,0.5,94,0.4434,141,236,218,6
14.0,6.0,2,0,24.0,0,0,250,38,212,113,0.452,19,0.5,19,0.5,94,0.4434,141,236,218,6
14.0,8.0,2,0,12.0,0,0,250,38,212,113,0.452,19,0.5,19,0.5,94,0.4434,141,236,218,6
14.0,8.0,2,0,18.0,0,0,250,38,212,113,0.452,19,0.5,19,0.5,94,0.4434,141,236,218,6
14.0,8.0,2,0,24.0,0,0,250,38,212,113,0.452,19,0.5,19,0.5,94,0.4434,141,236,218,6
14.0,10.0,2,0,12.0,0,0,250,38,212,113,0.452,19,0.5,19,0.5,94,0.4434,141,236,218,6
14.0,10.0,2,0,18.0,0,0,250,38,212,113,0.452,19,0.5,19,0.5,94,0.4434,141,236,218,6
14.0,10.0,2,0,24.0,0,0,250,38,212,113,0.452,19,0.5,19,0.5,94,0.4434,141,236,218,6
14.0,12.0,2,0,12.0,0,0,250,38,212,113,0.452,19,0.5,19,0.5,94,0.4434,141,236,218,6
14.0,12.0,2,0,18.0,0,0,250,38,212,113,0.452,19,0.5,19,0.5,94,0.4434,141,236,218,6
14.0,12.0,2,0,24.0,0,0,250,38,212,113,0.452,19,0.5,19,0.5,94,0.4434,141,236,218,6
16.0,6.0,1,2,32.0,0,0,250,38,212,113,0.452,18,0.4737,18,0.4737,95,0.4481,144,230,230,18
16.0,8.0,1,2,32.0,0,0,250,38,212,113,0.452,18,0.4737,18,0.4737,95,0.4481,144,230,230,18
16.0,10.0,1,2,32.0,0,0,250,38,212,113,0.452,18,0.4737,18,0.4737,95,0.4481,144,230,230,18
16.0,12.0,1,2,32.0,0,0,250,38,212,113,0.452,18,0.4737,18,0.4737,95,0.4481,144,230,230,18
12.0,6.0,2,1,24.0,0,0,250,38,212,113,0.452,17,0.4474,17,0.4474,96,0.4528,141,236,230,18
12.0,8.0,2,1,24.0,0,0,250,38,212,113,0.452,17,0.4474,17,0.4474,96,0.4528,141,236,230,18
12.0,10.0,2,1,24.0,0,0,250,38,212,113,0.452,17,0.4474,17,0.4474,96,0.4528,141,236,230,18
12.0,12.0,2,1,24.0,0,0,250,38,212,113,0.452,17,0.4474,17,0.4474,96,0.4528,141,236,230,18
14.0,6.0,2,1,48.0,0,0,250,38,212,113,0.452,17,0.4474,17,0.4474,96,0.4528,141,236,230,18
14.0,8.0,2,1,48.0,0,0,250,38,212,113,0.452,17,0.4474,17,0.4474,96,0.4528,141,236,230,18
14.0,10.0,2,1,48.0,0,0,250,38,212,113,0.452,17,0.4474,17,0.4474,96,0.4528,141,236,230,18
14.0,12.0,2,1,48.0,0,0,250,38,212,113,0.452,17,0.4474,17,0.4474,96,0.4528,141,236,230,18
14.0,14.0,2,0,48.0,0,0,250,38,212,112,0.448,19,0.5,19,0.5,93,0.4387,142,236,218,6
14.0,6.0,1,2,12.0,0,0,250,38,212,112,0.448,18,0.4737,18,0.4737,94,0.4434,145,230,230,18
14.0,6.0,1,2,18.0,0,0,250,38,212,112,0.448,18,0.4737,18,0.4737,94,0.4434,145,230,230,18
14.0,8.0,1,2,12.0,0,0,250,38,212,112,0.448,18,0.4737,18,0.4737,94,0.4434,145,230,230,18
14.0,8.0,1,2,18.0,0,0,250,38,212,112,0.448,18,0.4737,18,0.4737,94,0.4434,145,230,230,18
14.0,10.0,1,2,12.0,0,0,250,38,212,112,0.448,18,0.4737,18,0.4737,94,0.4434,145,230,230,18
14.0,10.0,1,2,18.0,0,0,250,38,212,112,0.448,18,0.4737,18,0.4737,94,0.4434,145,230,230,18
14.0,12.0,1,2,12.0,0,0,250,38,212,112,0.448,18,0.4737,18,0.4737,94,0.4434,145,230,230,18
14.0,12.0,1,2,18.0,0,0,250,38,212,112,0.448,18,0.4737,18,0.4737,94,0.4434,145,230,230,18
14.0,6.0,2,0,32.0,0,0,250,38,212,111,0.444,19,0.5,19,0.5,92,0.434,143,236,218,6
14.0,8.0,2,0,32.0,0,0,250,38,212,111,0.444,19,0.5,19,0.5,92,0.434,143,236,218,6
14.0,10.0,2,0,32.0,0,0,250,38,212,111,0.444,19,0.5,19,0.5,92,0.434,143,236,218,6
14.0,12.0,2,0,32.0,0,0,250,38,212,111,0.444,19,0.5,19,0.5,92,0.434,143,236,218,6
12.0,6.0,1,2,12.0,0,0,250,38,212,111,0.444,18,0.4737,18,0.4737,93,0.4387,146,230,230,18
12.0,6.0,1,2,18.0,0,0,250,38,212,111,0.444,18,0.4737,18,0.4737,93,0.4387,146,230,230,18
12.0,8.0,1,2,12.0,0,0,250,38,212,111,0.444,18,0.4737,18,0.4737,93,0.4387,146,230,230,18
12.0,8.0,1,2,18.0,0,0,250,38,212,111,0.444,18,0.4737,18,0.4737,93,0.4387,146,230,230,18
12.0,10.0,1,2,12.0,0,0,250,38,212,111,0.444,18,0.4737,18,0.4737,93,0.4387,146,230,230,18
12.0,10.0,1,2,18.0,0,0,250,38,212,111,0.444,18,0.4737,18,0.4737,93,0.4387,146,230,230,18
12.0,12.0,1,2,12.0,0,0,250,38,212,111,0.444,18,0.4737,18,0.4737,93,0.4387,146,230,230,18
12.0,12.0,1,2,18.0,0,0,250,38,212,111,0.444,18,0.4737,18,0.4737,93,0.4387,146,230,230,18
16.0,6.0,1,2,48.0,0,0,250,38,212,111,0.444,18,0.4737,18,0.4737,93,0.4387,146,230,230,18
16.0,8.0,1,2,48.0,0,0,250,38,212,111,0.444,18,0.4737,18,0.4737,93,0.4387,146,230,230,18
16.0,10.0,1,2,48.0,0,0,250,38,212,111,0.444,18,0.4737,18,0.4737,93,0.4387,146,230,230,18
16.0,12.0,1,2,48.0,0,0,250,38,212,111,0.444,18,0.4737,18,0.4737,93,0.4387,146,230,230,18
16.0,6.0,1,1,32.0,0,0,250,38,212,110,0.44,22,0.5789,22,0.5789,88,0.4151,150,235,218,6
16.0,6.0,1,1,48.0,0,0,250,38,212,110,0.44,22,0.5789,22,0.5789,88,0.4151,150,235,218,6
16.0,8.0,1,1,32.0,0,0,250,38,212,110,0.44,22,0.5789,22,0.5789,88,0.4151,150,235,218,6
16.0,8.0,1,1,48.0,0,0,250,38,212,110,0.44,22,0.5789,22,0.5789,88,0.4151,150,235,218,6
16.0,10.0,1,1,32.0,0,0,250,38,212,110,0.44,22,0.5789,22,0.5789,88,0.4151,150,235,218,6
16.0,10.0,1,1,48.0,0,0,250,38,212,110,0.44,22,0.5789,22,0.5789,88,0.4151,150,235,218,6
16.0,12.0,1,1,32.0,0,0,250,38,212,110,0.44,22,0.5789,22,0.5789,88,0.4151,150,235,218,6
16.0,12.0,1,1,48.0,0,0,250,38,212,110,0.44,22,0.5789,22,0.5789,88,0.4151,150,235,218,6
14.0,6.0,2,0,48.0,0,0,250,38,212,108,0.432,19,0.5,19,0.5,89,0.4198,146,236,218,6
14.0,8.0,2,0,48.0,0,0,250,38,212,108,0.432,19,0.5,19,0.5,89,0.4198,146,236,218,6
14.0,10.0,2,0,48.0,0,0,250,38,212,108,0.432,19,0.5,19,0.5,89,0.4198,146,236,218,6
14.0,12.0,2,0,48.0,0,0,250,38,212,108,0.432,19,0.5,19,0.5,89,0.4198,146,236,218,6
12.0,6.0,1,2,24.0,0,0,250,38,212,108,0.432,18,0.4737,18,0.4737,90,0.4245,149,230,230,18
12.0,8.0,1,2,24.0,0,0,250,38,212,108,0.432,18,0.4737,18,0.4737,90,0.4245,149,230,230,18
12.0,10.0,1,2,24.0,0,0,250,38,212,108,0.432,18,0.4737,18,0.4737,90,0.4245,149,230,230,18
14.0,6.0,1,2,24.0,0,0,250,38,212,108,0.432,18,0.4737,18,0.4737,90,0.4245,149,230,230,18
14.0,8.0,1,2,24.0,0,0,250,38,212,108,0.432,18,0.4737,18,0.4737,90,0.4245,149,230,230,18
14.0,10.0,1,2,24.0,0,0,250,38,212,108,0.432,18,0.4737,18,0.4737,90,0.4245,149,230,230,18
14.0,12.0,1,2,24.0,0,0,250,38,212,108,0.432,18,0.4737,18,0.4737,90,0.4245,149,230,230,18
14.0,14.0,1,2,32.0,0,0,250,38,212,108,0.432,18,0.4737,18,0.4737,90,0.4245,149,230,230,18
12.0,6.0,2,0,12.0,0,0,250,38,212,107,0.428,19,0.5,19,0.5,88,0.4151,147,236,218,6
12.0,6.0,2,0,18.0,0,0,250,38,212,107,0.428,19,0.5,19,0.5,88,0.4151,147,236,218,6
12.0,8.0,2,0,12.0,0,0,250,38,212,107,0.428,19,0.5,19,0.5,88,0.4151,147,236,218,6
12.0,8.0,2,0,18.0,0,0,250,38,212,107,0.428,19,0.5,19,0.5,88,0.4151,147,236,218,6
12.0,10.0,2,0,12.0,0,0,250,38,212,107,0.428,19,0.5,19,0.5,88,0.4151,147,236,218,6
12.0,10.0,2,0,18.0,0,0,250,38,212,107,0.428,19,0.5,19,0.5,88,0.4151,147,236,218,6
12.0,12.0,2,0,12.0,0,0,250,38,212,107,0.428,19,0.5,19,0.5,88,0.4151,147,236,218,6
12.0,12.0,2,0,18.0,0,0,250,38,212,107,0.428,19,0.5,19,0.5,88,0.4151,147,236,218,6
12.0,12.0,1,2,24.0,0,0,250,38,212,107,0.428,18,0.4737,18,0.4737,89,0.4198,150,230,230,18
14.0,14.0,1,2,48.0,0,0,250,38,212,107,0.428,18,0.4737,18,0.4737,89,0.4198,150,230,230,18
12.0,6.0,2,2,32.0,0,0,250,38,212,107,0.428,17,0.4474,17,0.4474,90,0.4245,147,231,231,19
12.0,8.0,2,2,32.0,0,0,250,38,212,107,0.428,17,0.4474,17,0.4474,90,0.4245,147,231,231,19
12.0,10.0,2,2,32.0,0,0,250,38,212,107,0.428,17,0.4474,17,0.4474,90,0.4245,147,231,231,19
12.0,12.0,2,2,32.0,0,0,250,38,212,107,0.428,17,0.4474,17,0.4474,90,0.4245,147,231,231,19
14.0,14.0,1,1,12.0,0,0,250,38,212,106,0.424,22,0.5789,22,0.5789,84,0.3962,154,235,218,6
14.0,14.0,1,1,18.0,0,0,250,38,212,106,0.424,22,0.5789,22,0.5789,84,0.3962,154,235,218,6
12.0,6.0,2,0,24.0,0,0,250,38,212,106,0.424,19,0.5,19,0.5,87,0.4104,148,236,218,6
12.0,8.0,2,0,24.0,0,0,250,38,212,106,0.424,19,0.5,19,0.5,87,0.4104,148,236,218,6
12.0,10.0,2,0,24.0,0,0,250,38,212,106,0.424,19,0.5,19,0.5,87,0.4104,148,236,218,6
12.0,12.0,2,0,24.0,0,0,250,38,212,106,0.424,19,0.5,19,0.5,87,0.4104,148,236,218,6
14.0,14.0,1,1,24.0,0,0,250,38,212,105,0.42,22,0.5789,22,0.5789,83,0.3915,155,235,218,6
12.0,6.0,2,1,32.0,0,0,250,38,212,105,0.42,17,0.4474,17,0.4474,88,0.4151,149,236,230,18
12.0,6.0,2,2,48.0,0,0,250,38,212,105,0.42,17,0.4474,17,0.4474,88,0.4151,149,231,231,19
12.0,8.0,2,1,32.0,0,0,250,38,212,105,0.42,17,0.4474,17,0.4474,88,0.4151,149,236,230,18
12.0,8.0,2,2,48.0,0,0,250,38,212,105,0.42,17,0.4474,17,0.4474,88,0.4151,149,231,231,19
12.0,10.0,2,1,32.0,0,0,250,38,212,105,0.42,17,0.4474,17,0.4474,88,0.4151,149,236,230,18
12.0,10.0,2,2,48.0,0,0,250,38,212,105,0.42,17,0.4474,17,0.4474,88,0.4151,149,231,231,19
12.0,12.0,2,1,32.0,0,0,250,38,212,105,0.42,17,0.4474,17,0.4474,88,0.4151,149,236,230,18
12.0,12.0,2,2,48.0,0,0,250,38,212,105,0.42,17,0.4474,17,0.4474,88,0.4151,149,231,231,19
12.0,6.0,2,1,48.0,0,0,250,38,212,104,0.416,17,0.4474,17,0.4474,87,0.4104,150,236,230,18
12.0,8.0,2,1,48.0,0,0,250,38,212,104,0.416,17,0.4474,17,0.4474,87,0.4104,150,236,230,18
12.0,10.0,2,1,48.0,0,0,250,38,212,104,0.416,17,0.4474,17,0.4474,87,0.4104,150,236,230,18
12.0,12.0,2,1,48.0,0,0,250,38,212,104,0.416,17,0.4474,17,0.4474,87,0.4104,150,236,230,18
16.0,14.0,1,0,12.0,0,0,250,38,212,103,0.412,21,0.5526,21,0.5526,82,0.3868,160,236,217,5
16.0,14.0,1,0,18.0,0,0,250,38,212,103,0.412,21,0.5526,21,0.5526,82,0.3868,160,236,217,5
16.0,14.0,1,0,24.0,0,0,250,38,212,103,0.412,21,0.5526,21,0.5526,82,0.3868,160,236,217,5
16.0,14.0,1,0,32.0,0,0,250,38,212,102,0.408,21,0.5526,21,0.5526,81,0.3821,161,236,217,5
12.0,6.0,2,0,32.0,0,0,250,38,212,102,0.408,19,0.5,19,0.5,83,0.3915,152,236,218,6
12.0,8.0,2,0,32.0,0,0,250,38,212,102,0.408,19,0.5,19,0.5,83,0.3915,152,236,218,6
12.0,10.0,2,0,32.0,0,0,250,38,212,102,0.408,19,0.5,19,0.5,83,0.3915,152,236,218,6
12.0,12.0,2,0,32.0,0,0,250,38,212,102,0.408,19,0.5,19,0.5,83,0.3915,152,236,218,6
14.0,14.0,1,1,32.0,0,0,250,38,212,101,0.404,22,0.5789,22,0.5789,79,0.3726,159,235,218,6
12.0,6.0,1,2,32.0,0,0,250,38,212,101,0.404,18,0.4737,18,0.4737,83,0.3915,156,230,230,18
12.0,8.0,1,2,32.0,0,0,250,38,212,101,0.404,18,0.4737,18,0.4737,83,0.3915,156,230,230,18
12.0,10.0,1,2,32.0,0,0,250,38,212,101,0.404,18,0.4737,18,0.4737,83,0.3915,156,230,230,18
14.0,6.0,1,2,32.0,0,0,250,38,212,101,0.404,18,0.4737,18,0.4737,83,0.3915,156,230,230,18
14.0,8.0,1,2,32.0,0,0,250,38,212,101,0.404,18,0.4737,18,0.4737,83,0.3915,156,230,230,18
14.0,10.0,1,2,32.0,0,0,250,38,212,101,0.404,18,0.4737,18,0.4737,83,0.3915,156,230,230,18
14.0,12.0,1,2,32.0,0,0,250,38,212,101,0.404,18,0.4737,18,0.4737,83,0.3915,156,230,230,18
14.0,6.0,1,1,12.0,0,0,250,38,212,100,0.4,22,0.5789,22,0.5789,78,0.3679,160,235,218,6
14.0,6.0,1,1,18.0,0,0,250,38,212,100,0.4,22,0.5789,22,0.5789,78,0.3679,160,235,218,6
14.0,8.0,1,1,12.0,0,0,250,38,212,100,0.4,22,0.5789,22,0.5789,78,0.3679,160,235,218,6
14.0,8.0,1,1,18.0,0,0,250,38,212,100,0.4,22,0.5789,22,0.5789,78,0.3679,160,235,218,6
14.0,10.0,1,1,12.0,0,0,250,38,212,100,0.4,22,0.5789,22,0.5789,78,0.3679,160,235,218,6
14.0,10.0,1,1,18.0,0,0,250,38,212,100,0.4,22,0.5789,22,0.5789,78,0.3679,160,235,218,6
14.0,12.0,1,1,12.0,0,0,250,38,212,100,0.4,22,0.5789,22,0.5789,78,0.3679,160,235,218,6
14.0,12.0,1,1,18.0,0,0,250,38,212,100,0.4,22,0.5789,22,0.5789,78,0.3679,160,235,218,6
14.0,14.0,1,1,48.0,0,0,250,38,212,100,0.4,22,0.5789,22,0.5789,78,0.3679,160,235,218,6
16.0,6.0,1,0,12.0,0,0,250,38,212,100,0.4,21,0.5526,21,0.5526,79,0.3726,163,236,217,5
16.0,6.0,1,0,18.0,0,0,250,38,212,100,0.4,21,0.5526,21,0.5526,79,0.3726,163,236,217,5
16.0,6.0,1,0,24.0,0,0,250,38,212,100,0.4,21,0.5526,21,0.5526,79,0.3726,163,236,217,5
16.0,8.0,1,0,12.0,0,0,250,38,212,100,0.4,21,0.5526,21,0.5526,79,0.3726,163,236,217,5
16.0,8.0,1,0,18.0,0,0,250,38,212,100,0.4,21,0.5526,21,0.5526,79,0.3726,163,236,217,5
16.0,8.0,1,0,24.0,0,0,250,38,212,100,0.4,21,0.5526,21,0.5526,79,0.3726,163,236,217,5
16.0,10.0,1,0,12.0,0,0,250,38,212,100,0.4,21,0.5526,21,0.5526,79,0.3726,163,236,217,5
16.0,10.0,1,0,18.0,0,0,250,38,212,100,0.4,21,0.5526,21,0.5526,79,0.3726,163,236,217,5
16.0,10.0,1,0,24.0,0,0,250,38,212,100,0.4,21,0.5526,21,0.5526,79,0.3726,163,236,217,5
16.0,12.0,1,0,12.0,0,0,250,38,212,100,0.4,21,0.5526,21,0.5526,79,0.3726,163,236,217,5
16.0,12.0,1,0,18.0,0,0,250,38,212,100,0.4,21,0.5526,21,0.5526,79,0.3726,163,236,217,5
16.0,12.0,1,0,24.0,0,0,250,38,212,100,0.4,21,0.5526,21,0.5526,79,0.3726,163,236,217,5
12.0,12.0,1,2,32.0,0,0,250,38,212,100,0.4,18,0.4737,18,0.4737,82,0.3868,157,230,230,18
14.0,6.0,1,2,48.0,0,0,250,38,212,100,0.4,18,0.4737,18,0.4737,82,0.3868,157,230,230,18
14.0,8.0,1,2,48.0,0,0,250,38,212,100,0.4,18,0.4737,18,0.4737,82,0.3868,157,230,230,18
14.0,10.0,1,2,48.0,0,0,250,38,212,100,0.4,18,0.4737,18,0.4737,82,0.3868,157,230,230,18
14.0,12.0,1,2,48.0,0,0,250,38,212,100,0.4,18,0.4737,18,0.4737,82,0.3868,157,230,230,18
14.0,6.0,1,1,24.0,0,0,250,38,212,99,0.396,22,0.5789,22,0.5789,77,0.3632,161,235,218,6
14.0,8.0,1,1,24.0,0,0,250,38,212,99,0.396,22,0.5789,22,0.5789,77,0.3632,161,235,218,6
14.0,10.0,1,1,24.0,0,0,250,38,212,99,0.396,22,0.5789,22,0.5789,77,0.3632,161,235,218,6
14.0,12.0,1,1,24.0,0,0,250,38,212,99,0.396,22,0.5789,22,0.5789,77,0.3632,161,235,218,6
16.0,6.0,1,0,32.0,0,0,250,38,212,99,0.396,21,0.5526,21,0.5526,78,0.3679,164,236,217,5
16.0,8.0,1,0,32.0,0,0,250,38,212,99,0.396,21,0.5526,21,0.5526,78,0.3679,164,236,217,5
16.0,10.0,1,0,32.0,0,0,250,38,212,99,0.396,21,0.5526,21,0.5526,78,0.3679,164,236,217,5
16.0,12.0,1,0,32.0,0,0,250,38,212,99,0.396,21,0.5526,21,0.5526,78,0.3679,164,236,217,5
16.0,14.0,1,0,48.0,0,0,250,38,212,99,0.396,21,0.5526,21,0.5526,78,0.3679,164,236,217,5
12.0,6.0,2,0,48.0,0,0,250,38,212,99,0.396,19,0.5,19,0.5,80,0.3774,155,236,218,6
12.0,8.0,2,0,48.0,0,0,250,38,212,99,0.396,19,0.5,19,0.5,80,0.3774,155,236,218,6
12.0,10.0,2,0,48.0,0,0,250,38,212,99,0.396,19,0.5,19,0.5,80,0.3774,155,236,218,6
12.0,12.0,2,0,48.0,0,0,250,38,212,99,0.396,19,0.5,19,0.5,80,0.3774,155,236,218,6
12.0,6.0,1,1,12.0,0,0,250,38,212,98,0.392,22,0.5789,22,0.5789,76,0.3585,162,235,218,6
12.0,6.0,1,1,18.0,0,0,250,38,212,98,0.392,22,0.5789,22,0.5789,76,0.3585,162,235,218,6
12.0,8.0,1,1,12.0,0,0,250,38,212,98,0.392,22,0.5789,22,0.5789,76,0.3585,162,235,218,6
12.0,8.0,1,1,18.0,0,0,250,38,212,98,0.392,22,0.5789,22,0.5789,76,0.3585,162,235,218,6
12.0,10.0,1,1,12.0,0,0,250,38,212,98,0.392,22,0.5789,22,0.5789,76,0.3585,162,235,218,6
12.0,10.0,1,1,18.0,0,0,250,38,212,98,0.392,22,0.5789,22,0.5789,76,0.3585,162,235,218,6
12.0,12.0,1,1,12.0,0,0,250,38,212,98,0.392,22,0.5789,22,0.5789,76,0.3585,162,235,218,6
12.0,12.0,1,1,18.0,0,0,250,38,212,98,0.392,22,0.5789,22,0.5789,76,0.3585,162,235,218,6
12.0,6.0,1,2,48.0,0,0,250,38,212,98,0.392,18,0.4737,18,0.4737,80,0.3774,159,230,230,18
12.0,8.0,1,2,48.0,0,0,250,38,212,98,0.392,18,0.4737,18,0.4737,80,0.3774,159,230,230,18
12.0,10.0,1,2,48.0,0,0,250,38,212,98,0.392,18,0.4737,18,0.4737,80,0.3774,159,230,230,18
12.0,12.0,1,2,48.0,0,0,250,38,212,98,0.392,18,0.4737,18,0.4737,80,0.3774,159,230,230,18
12.0,6.0,1,1,24.0,0,0,250,38,212,97,0.388,22,0.5789,22,0.5789,75,0.3538,163,235,218,6
12.0,8.0,1,1,24.0,0,0,250,38,212,97,0.388,22,0.5789,22,0.5789,75,0.3538,163,235,218,6
12.0,10.0,1,1,24.0,0,0,250,38,212,97,0.388,22,0.5789,22,0.5789,75,0.3538,163,235,218,6
12.0,12.0,1,1,24.0,0,0,250,38,212,97,0.388,22,0.5789,22,0.5789,75,0.3538,163,235,218,6
16.0,6.0,1,0,48.0,0,0,250,38,212,96,0.384,21,0.5526,21,0.5526,75,0.3538,167,236,217,5
16.0,8.0,1,0,48.0,0,0,250,38,212,96,0.384,21,0.5526,21,0.5526,75,0.3538,167,236,217,5
16.0,10.0,1,0,48.0,0,0,250,38,212,96,0.384,21,0.5526,21,0.5526,75,0.3538,167,236,217,5
16.0,12.0,1,0,48.0,0,0,250,38,212,96,0.384,21,0.5526,21,0.5526,75,0.3538,167,236,217,5
14.0,6.0,1,1,32.0,0,0,250,38,212,94,0.376,22,0.5789,22,0.5789,72,0.3396,166,235,218,6
14.0,8.0,1,1,32.0,0,0,250,38,212,94,0.376,22,0.5789,22,0.5789,72,0.3396,166,235,218,6
14.0,10.0,1,1,32.0,0,0,250,38,212,94,0.376,22,0.5789,22,0.5789,72,0.3396,166,235,218,6
14.0,12.0,1,1,32.0,0,0,250,38,212,94,0.376,22,0.5789,22,0.5789,72,0.3396,166,235,218,6
14.0,14.0,1,0,12.0,0,0,250,38,212,94,0.376,21,0.5526,21,0.5526,73,0.3443,169,236,217,5
14.0,14.0,1,0,18.0,0,0,250,38,212,94,0.376,21,0.5526,21,0.5526,73,0.3443,169,236,217,5
14.0,14.0,1,0,24.0,0,0,250,38,212,94,0.376,21,0.5526,21,0.5526,73,0.3443,169,236,217,5
14.0,6.0,1,1,48.0,0,0,250,38,212,93,0.372,22,0.5789,22,0.5789,71,0.3349,167,235,218,6
14.0,8.0,1,1,48.0,0,0,250,38,212,93,0.372,22,0.5789,22,0.5789,71,0.3349,167,235,218,6
14.0,10.0,1,1,48.0,0,0,250,38,212,93,0.372,22,0.5789,22,0.5789,71,0.3349,167,235,218,6
14.0,12.0,1,1,48.0,0,0,250,38,212,93,0.372,22,0.5789,22,0.5789,71,0.3349,167,235,218,6
14.0,14.0,1,0,32.0,0,0,250,38,212,93,0.372,21,0.5526,21,0.5526,72,0.3396,170,236,217,5
12.0,6.0,1,1,32.0,0,0,250,38,212,92,0.368,22,0.5789,22,0.5789,70,0.3302,168,235,218,6
12.0,8.0,1,1,32.0,0,0,250,38,212,92,0.368,22,0.5789,22,0.5789,70,0.3302,168,235,218,6
12.0,10.0,1,1,32.0,0,0,250,38,212,92,0.368,22,0.5789,22,0.5789,70,0.3302,168,235,218,6
12.0,12.0,1,1,32.0,0,0,250,38,212,92,0.368,22,0.5789,22,0.5789,70,0.3302,168,235,218,6
12.0,6.0,1,1,48.0,0,0,250,38,212,91,0.364,22,0.5789,22,0.5789,69,0.3255,169,235,218,6
12.0,8.0,1,1,48.0,0,0,250,38,212,91,0.364,22,0.5789,22,0.5789,69,0.3255,169,235,218,6
12.0,10.0,1,1,48.0,0,0,250,38,212,91,0.364,22,0.5789,22,0.5789,69,0.3255,169,235,218,6
12.0,12.0,1,1,48.0,0,0,250,38,212,91,0.364,22,0.5789,22,0.5789,69,0.3255,169,235,218,6
14.0,14.0,1,0,48.0,0,0,250,38,212,91,0.364,21,0.5526,21,0.5526,70,0.3302,172,236,217,5
14.0,6.0,1,0,12.0,0,0,250,38,212,89,0.356,21,0.5526,21,0.5526,68,0.3208,174,236,217,5
14.0,6.0,1,0,18.0,0,0,250,38,212,89,0.356,21,0.5526,21,0.5526,68,0.3208,174,236,217,5
14.0,8.0,1,0,12.0,0,0,250,38,212,89,0.356,21,0.5526,21,0.5526,68,0.3208,174,236,217,5
14.0,8.0,1,0,18.0,0,0,250,38,212,89,0.356,21,0.5526,21,0.5526,68,0.3208,174,236,217,5
14.0,10.0,1,0,12.0,0,0,250,38,212,89,0.356,21,0.5526,21,0.5526,68,0.3208,174,236,217,5
14.0,10.0,1,0,18.0,0,0,250,38,212,89,0.356,21,0.5526,21,0.5526,68,0.3208,174,236,217,5
14.0,12.0,1,0,12.0,0,0,250,38,212,89,0.356,21,0.5526,21,0.5526,68,0.3208,174,236,217,5
14.0,12.0,1,0,18.0,0,0,250,38,212,89,0.356,21,0.5526,21,0.5526,68,0.3208,174,236,217,5
14.0,6.0,1,0,24.0,0,0,250,38,212,88,0.352,21,0.5526,21,0.5526,67,0.316,175,236,217,5
14.0,8.0,1,0,24.0,0,0,250,38,212,88,0.352,21,0.5526,21,0.5526,67,0.316,175,236,217,5
14.0,10.0,1,0,24.0,0,0,250,38,212,88,0.352,21,0.5526,21,0.5526,67,0.316,175,236,217,5
14.0,12.0,1,0,24.0,0,0,250,38,212,88,0.352,21,0.5526,21,0.5526,67,0.316,175,236,217,5
14.0,6.0,1,0,32.0,0,0,250,38,212,86,0.344,21,0.5526,21,0.5526,65,0.3066,177,236,217,5
14.0,8.0,1,0,32.0,0,0,250,38,212,86,0.344,21,0.5526,21,0.5526,65,0.3066,177,236,217,5
14.0,10.0,1,0,32.0,0,0,250,38,212,86,0.344,21,0.5526,21,0.5526,65,0.3066,177,236,217,5
14.0,12.0,1,0,32.0,0,0,250,38,212,86,0.344,21,0.5526,21,0.5526,65,0.3066,177,236,217,5
12.0,6.0,1,0,12.0,0,0,250,38,212,85,0.34,21,0.5526,21,0.5526,64,0.3019,178,236,217,5
12.0,6.0,1,0,18.0,0,0,250,38,212,85,0.34,21,0.5526,21,0.5526,64,0.3019,178,236,217,5
12.0,8.0,1,0,12.0,0,0,250,38,212,85,0.34,21,0.5526,21,0.5526,64,0.3019,178,236,217,5
12.0,8.0,1,0,18.0,0,0,250,38,212,85,0.34,21,0.5526,21,0.5526,64,0.3019,178,236,217,5
12.0,10.0,1,0,12.0,0,0,250,38,212,85,0.34,21,0.5526,21,0.5526,64,0.3019,178,236,217,5
12.0,10.0,1,0,18.0,0,0,250,38,212,85,0.34,21,0.5526,21,0.5526,64,0.3019,178,236,217,5
12.0,12.0,1,0,12.0,0,0,250,38,212,85,0.34,21,0.5526,21,0.5526,64,0.3019,178,236,217,5
12.0,12.0,1,0,18.0,0,0,250,38,212,85,0.34,21,0.5526,21,0.5526,64,0.3019,178,236,217,5
12.0,6.0,1,0,24.0,0,0,250,38,212,84,0.336,21,0.5526,21,0.5526,63,0.2972,179,236,217,5
12.0,8.0,1,0,24.0,0,0,250,38,212,84,0.336,21,0.5526,21,0.5526,63,0.2972,179,236,217,5
12.0,10.0,1,0,24.0,0,0,250,38,212,84,0.336,21,0.5526,21,0.5526,63,0.2972,179,236,217,5
12.0,12.0,1,0,24.0,0,0,250,38,212,84,0.336,21,0.5526,21,0.5526,63,0.2972,179,236,217,5
14.0,6.0,1,0,48.0,0,0,250,38,212,84,0.336,21,0.5526,21,0.5526,63,0.2972,179,236,217,5
14.0,8.0,1,0,48.0,0,0,250,38,212,84,0.336,21,0.5526,21,0.5526,63,0.2972,179,236,217,5
14.0,10.0,1,0,48.0,0,0,250,38,212,84,0.336,21,0.5526,21,0.5526,63,0.2972,179,236,217,5
14.0,12.0,1,0,48.0,0,0,250,38,212,84,0.336,21,0.5526,21,0.5526,63,0.2972,179,236,217,5
12.0,6.0,1,0,32.0,0,0,250,38,212,82,0.328,21,0.5526,21,0.5526,61,0.2877,181,236,217,5
12.0,8.0,1,0,32.0,0,0,250,38,212,82,0.328,21,0.5526,21,0.5526,61,0.2877,181,236,217,5
12.0,10.0,1,0,32.0,0,0,250,38,212,82,0.328,21,0.5526,21,0.5526,61,0.2877,181,236,217,5
12.0,12.0,1,0,32.0,0,0,250,38,212,82,0.328,21,0.5526,21,0.5526,61,0.2877,181,236,217,5
12.0,6.0,1,0,48.0,0,0,250,38,212,80,0.32,21,0.5526,21,0.5526,59,0.2783,183,236,217,5
12.0,8.0,1,0,48.0,0,0,250,38,212,80,0.32,21,0.5526,21,0.5526,59,0.2783,183,236,217,5
12.0,10.0,1,0,48.0,0,0,250,38,212,80,0.32,21,0.5526,21,0.5526,59,0.2783,183,236,217,5
12.0,12.0,1,0,48.0,0,0,250,38,212,80,0.32,21,0.5526,21,0.5526,59,0.2783,183,236,217,5
