frame,track_id,x,y,w,h,score,verified_score,tube_verifier_score,misses,vx,vy,cand_is_current,cand_frame,cand_source,cand_area,cand_fill,cand_aspect,cand_mean_residual,cand_mean_appearance,cand_local_contrast,cand_texture,cand_line_context,cand_isolation,cand_score,cand_local_flow_score,cand_local_flow_delta_px,cand_local_flow_bg_sigma,cand_local_flow_inside_n,cand_local_flow_annulus_n,cand_local_bg_residual,cand_local_residual_ratio,cand_local_comp_score,cand_map_score,cand_attached_support,cand_native_dark_score,cand_sky_like,cand_router_state,cand_router_confidence,cand_router_close_sky_like,cand_router_close_texture,cand_router_far_sky_like,cand_router_far_texture,tube_tube_hits,tube_tube_len,tube_hit_rate,tube_miss_rate,tube_mean_score,tube_score_std,tube_mean_map_score,tube_map_hit_rate,tube_appearance_only_rate,tube_surface_source_rate,tube_router_surface_backed_rate,tube_router_clean_sky_rate,tube_router_boundary_rate,tube_router_line_attached_rate,tube_router_unknown_rate,tube_tiny_rate,tube_mean_line_context,tube_max_line_context,tube_mean_attached_support,tube_max_attached_support,tube_mean_native_dark_score,tube_max_native_dark_score,tube_mean_sky_like,tube_max_sky_like,tube_sky_hit_rate,tube_mean_texture,tube_mean_residual,tube_mean_appearance,tube_mean_area,tube_mean_pair_score,tube_positive_pair_rate,tube_mean_pair_raw,tube_positive_pair_raw_rate,tube_mean_pair_bg,tube_positive_pair_bg_rate,tube_mean_pair_bg_local,tube_positive_pair_bg_local_rate,tube_mean_align_gain,tube_positive_align_rate,tube_mean_bg_dist,tube_mean_cv_resid,tube_mean_bg_minus_cv,tube_mean_cand_density,tube_log_cand_density,tube_mean_speed,tube_max_speed,tube_mean_accel,tube_max_accel
43,768,73,88,12,12,16.474233,19.405568,2.931334,0,0.248973,-0.140863,1,43,map,144,1.0,1.0,8.74,25.47,50.99,75.93,0.446,0.0,4.744,0.0,0.0,0.0,0,0,0.0,0.0,0.0,3.86,2.762,0.0,0.0,surface_backed,0.996,0.0,65.461,0.0,50.282,6.0,9.0,0.666667,0.333333,4.549667,0.438978,3.673,1.0,0.0,0.0,1.0,0.0,0.0,0.0,0.0,0.0,0.485167,0.522,2.9615,3.161,0.0,0.0,0.0,0.0,0.0,78.251667,9.021667,24.62,144.0,-0.105929,0.111111,-0.105929,0.111111,0.0,0.0,0.0,0.0,0.0,0.0,0.915849,1.140061,-0.224212,30.333333,3.444682,1.111095,2.0,1.140061,2.267702
45,768,74,89,12,12,20.017483,22.55637,2.538887,0,0.516441,0.106735,1,45,map,144,1.0,1.0,9.88,25.92,53.5,77.59,0.459,0.0,4.591,0.0,0.0,0.0,0,0,0.0,0.0,0.0,3.668,2.616,0.0,0.0,surface_backed,0.999,0.0,65.831,0.0,50.35,7.0,9.0,0.777778,0.222222,4.332714,0.765637,3.188,0.857143,0.142857,0.0,1.0,0.0,0.0,0.0,0.0,0.142857,0.499,0.633,2.967286,3.547,0.0,0.0,0.0,0.0,0.0,84.317143,7.892857,30.815714,124.714286,-0.069648,0.111111,-0.069648,0.111111,0.0,0.0,0.0,0.0,0.0,0.0,1.110078,1.286053,-0.175974,30.777778,3.458767,1.254452,2.0,1.286053,2.219137
46,768,75,89,12,12,15.9759,18.401669,2.425769,1,0.516441,0.106735,0,,,,,,,,,,,,,,,,,,,,,,,,,,,,,,,6.0,9.0,0.666667,0.333333,4.420667,0.793568,3.233833,0.833333,0.166667,0.0,1.0,0.0,0.0,0.0,0.0,0.166667,0.495167,0.633,2.955167,3.547,0.0,0.0,0.0,0.0,0.0,84.896667,7.755,32.193333,121.5,-0.040925,0.111111,-0.040925,0.111111,0.0,0.0,0.0,0.0,0.0,0.0,0.952943,1.122274,-0.169331,26.333333,3.308107,1.155912,2.0,1.122274,2.219137
47,768,74,88,12,12,16.381893,18.784314,2.40242,0,-0.014313,-0.280622,1,47,map,144,1.0,1.0,9.09,25.13,49.66,73.97,0.413,0.0,4.837,0.0,0.0,0.0,0,0,0.0,0.0,0.0,3.958,2.644,0.0,0.0,surface_backed,0.989,0.0,64.707,0.0,50.561,6.0,9.0,0.666667,0.333333,4.493167,0.808285,3.3115,0.833333,0.166667,0.0,1.0,0.0,0.0,0.0,0.0,0.166667,0.485667,0.633,2.883333,3.547,0.0,0.0,0.0,0.0,0.0,84.366667,7.628333,32.261667,121.5,-0.063979,0.0,-0.063979,0.0,0.0,0.0,0.0,0.0,0.0,0.0,0.887856,1.084298,-0.196442,26.333333,3.308107,1.090825,1.581139,1.084298,1.877354
48,768,75,89,12,12,21.10099,23.677149,2.576159,0,0.340696,0.167596,1,48,map,144,1.0,1.0,8.27,25.01,52.32,75.64,0.442,0.0,4.074,0.0,0.0,0.0,0,0,0.0,0.0,0.0,3.132,2.494,0.0,0.0,surface_backed,0.992,0.0,65.043,0.0,51.17,7.0,9.0,0.777778,0.222222,4.433286,0.762566,3.285857,0.857143,0.142857,0.0,1.0,0.0,0.0,0.0,0.0,0.142857,0.479429,0.633,2.827714,3.547,0.0,0.0,0.0,0.0,0.0,83.12,7.72,31.225714,124.714286,-0.048106,0.0,-0.048106,0.0,0.0,0.0,0.0,0.0,0.0,0.0,1.044991,1.265815,-0.220824,30.888889,3.462258,1.16924,1.581139,1.265815,1.877354
49,768,79,92,3,3,18.581103,20.582828,2.001725,0,0.046453,-0.416063,1,49,appearance,9,1.0,1.0,0.0,65.78,76.87,113.24,0.744,0.0,2.67,0.0,0.0,0.0,0,0,0.0,0.0,0.0,0.0,2.173,0.0,0.0,surface_backed,0.988,0.0,64.525,0.0,63.774,7.0,9.0,0.777778,0.222222,4.092143,0.923875,2.682571,0.714286,0.285714,0.0,1.0,0.0,0.0,0.0,0.0,0.285714,0.517571,0.744,2.714429,3.547,0.0,0.0,0.0,0.0,0.0,88.245714,6.438571,37.034286,105.428571,-0.015222,0.0,-0.015222,0.0,0.0,0.0,0.0,0.0,0.0,0.0,1.063538,1.281628,-0.21809,27.0,3.332205,1.187787,1.581139,1.281628,1.877354
50,768,73,89,12,12,23.420426,25.701972,2.281546,0,-0.494806,0.254559,1,50,map,144,1.0,1.0,8.9,25.67,54.02,74.65,0.432,0.0,4.665,0.0,0.0,0.0,0,0,0.0,0.0,0.0,3.761,2.62,0.0,0.0,surface_backed,0.987,0.0,64.438,0.0,51.644,8.0,9.0,0.888889,0.111111,4.16375,0.884728,2.817375,0.75,0.25,0.0,1.0,0.0,0.0,0.0,0.0,0.25,0.506875,0.744,2.702625,3.547,0.0,0.0,0.0,0.0,0.0,86.54625,6.74625,35.61375,110.25,-0.003752,0.0,-0.003752,0.0,0.0,0.0,0.0,0.0,0.0,0.0,1.29924,1.555215,-0.255974,30.777778,3.458767,1.357835,2.12132,1.555215,2.462278
51,768,79,91,3,4,19.929495,21.599873,1.670377,0,0.203376,-0.534537,1,51,appearance,12,1.0,1.333,0.0,68.08,85.36,108.21,0.71,0.0,2.727,0.0,0.0,0.0,0,0,0.0,0.0,0.0,0.0,2.195,0.0,0.0,surface_backed,0.972,0.0,62.616,0.0,62.684,8.0,9.0,0.888889,0.111111,3.8785,0.932793,2.297375,0.625,0.375,0.0,1.0,0.0,0.0,0.0,0.0,0.375,0.534875,0.744,2.631375,3.547,0.0,0.0,0.0,0.0,0.0,90.16,5.61,40.9375,93.75,0.002673,0.0,0.002673,0.0,0.0,0.0,0.0,0.0,0.0,0.0,1.465907,1.756548,-0.290641,26.777778,3.324236,1.524502,2.5,1.756548,3.010363
52,768,74,89,12,12,18.91132,20.615088,1.703768,0,-0.042805,0.352551,1,52,map,144,1.0,1.0,9.59,25.64,52.97,74.43,0.44,0.0,4.707,0.0,0.0,0.0,0,0,0.0,0.0,0.0,3.803,2.479,0.0,0.0,surface_backed,0.982,0.0,63.846,0.0,51.291,8.0,9.0,0.888889,0.111111,3.873875,0.928572,2.29025,0.625,0.375,0.0,1.0,0.0,0.0,0.0,0.0,0.375,0.534125,0.744,2.596,3.547,0.0,0.0,0.0,0.0,0.0,89.9725,5.71625,40.95875,93.75,-0.038038,0.0,-0.038038,0.0,0.0,0.0,0.0,0.0,0.0,0.0,1.583857,1.895903,-0.312046,27.666667,3.355735,1.642452,2.5,1.895903,3.010363
53,768,76,88,12,12,21.071995,23.609966,2.537971,0,0.672176,-0.120842,1,53,map,144,1.0,1.0,9.31,24.31,44.53,71.95,0.4,0.0,4.344,0.0,0.0,0.0,0,0,0.0,0.0,0.0,3.426,2.454,0.0,0.0,surface_backed,0.973,0.0,62.781,0.0,51.537,8.0,9.0,0.888889,0.111111,4.076875,0.825976,2.7185,0.75,0.25,0.0,1.0,0.0,0.0,0.0,0.0,0.25,0.505,0.744,2.459375,2.644,0.0,0.0,0.0,0.0,0.0,83.71,6.88,35.6925,110.625,-0.00289,0.111111,-0.00289,0.111111,0.0,0.0,0.0,0.0,0.0,0.0,1.656627,1.967712,-0.311084,32.888889,3.523087,1.715222,2.5,1.967712,3.010363
54,768,77,90,6,5,18.510511,20.319786,1.809275,0,-0.263085,-0.603547,1,54,appearance,24,0.8,1.2,0.0,57.1,81.15,87.43,0.675,0.38,2.857,0.0,0.0,0.0,0,0,0.0,0.0,0.0,0.0,2.901,0.0,0.0,surface_backed,0.976,0.0,63.1,0.0,60.725,8.0,9.0,0.888889,0.111111,3.860125,0.887821,2.26,0.625,0.375,0.0,1.0,0.0,0.0,0.0,0.0,0.25,0.532,0.744,2.495,2.901,0.0,0.0,0.0,0.0,0.0,84.94,5.645,39.59,95.625,0.023943,0.111111,0.023943,0.111111,0.0,0.0,0.0,0.0,0.0,0.0,1.758723,2.104287,-0.345564,28.333333,3.378725,1.817318,2.5,2.104287,3.010363
55,768,78,88,7,7,22.757295,24.803488,2.046193,0,0.353995,-0.742306,1,55,map,49,1.0,1.0,16.47,41.27,55.89,81.3,0.599,0.0,4.082,0.0,0.0,0.0,0,0,0.0,0.0,0.0,2.53,2.13,0.0,0.0,surface_backed,0.966,0.0,61.889,0.0,59.15,9.0,9.0,1.0,0.0,3.884778,0.839945,2.29,0.666667,0.333333,0.0,1.0,0.0,0.0,0.0,0.0,0.222222,0.539444,0.744,2.454444,2.901,0.0,0.0,0.0,0.0,0.0,84.535556,6.847778,39.776667,90.444444,0.009158,0.111111,0.009158,0.111111,0.0,0.0,0.0,0.0,0.0,0.0,1.959031,2.305077,-0.346045,32.444444,3.509886,1.959031,2.5,2.305077,3.010363
56,768,77,90,6,4,20.177581,21.53269,1.355109,0,-0.294904,-0.307499,1,56,appearance,24,1.0,1.5,0.0,64.71,88.71,90.23,0.678,0.38,2.833,0.0,0.0,0.0,0,0,0.0,0.0,0.0,0.0,2.811,0.0,0.0,surface_backed,0.978,0.0,63.368,0.0,60.862,9.0,9.0,1.0,0.0,3.662111,0.823465,1.850222,0.555556,0.444444,0.0,1.0,0.0,0.0,0.0,0.0,0.222222,0.568889,0.744,2.473,2.901,0.0,0.0,0.0,0.0,0.0,86.342222,5.837778,44.174444,77.111111,0.00878,0.111111,0.00878,0.111111,0.0,0.0,0.0,0.0,0.0,0.0,1.977579,2.344452,-0.366873,27.222222,3.34011,1.977579,2.5,2.344452,3.010363
57,768,76,83,12,12,18.820096,20.279966,1.45987,0,0.508313,-1.249874,1,57,map,144,1.0,1.0,9.45,21.33,16.86,69.51,0.472,0.0,3.819,0.0,0.0,0.0,0,0,0.0,0.0,0.0,3.031,2.512,0.0,0.0,surface_backed,0.94,0.0,58.752,0.0,50.39,9.0,9.0,1.0,0.0,3.633778,0.813128,1.839,0.555556,0.444444,0.0,1.0,0.0,0.0,0.0,0.0,0.222222,0.572222,0.744,2.475,2.901,0.0,0.0,0.0,0.0,0.0,85.661111,5.968889,43.765556,77.111111,0.018228,0.222222,0.018228,0.222222,0.0,0.0,0.0,0.0,0.0,0.0,2.221061,2.556025,-0.334965,26.111111,3.299944,2.221061,3.605551,2.556025,3.537817
58,768,76,83,12,12,21.581172,23.567669,1.986497,0,0.330403,-0.812418,1,58,map,144,1.0,1.0,10.31,21.56,18.13,69.18,0.47,0.0,4.834,0.0,0.0,0.0,0,0,0.0,0.0,0.0,4.129,2.619,0.0,0.0,surface_backed,0.941,0.0,58.879,0.0,50.29,9.0,9.0,1.0,0.0,3.874222,0.812536,2.297778,0.666667,0.333333,0.0,1.0,0.0,0.0,0.0,0.0,0.111111,0.541778,0.71,2.524556,2.901,0.0,0.0,0.0,0.0,0.0,80.765556,7.114444,38.852222,92.111111,0.018228,0.222222,0.018228,0.222222,0.0,0.0,0.0,0.0,0.0,0.0,2.045379,2.498443,-0.453065,30.888889,3.462258,2.045379,3.605551,2.498443,3.537817
59,768,77,90,7,4,18.007275,19.353977,1.346702,0,-0.310238,0.521928,1,59,appearance,24,0.857,1.75,0.0,61.68,88.17,87.86,0.59,0.0,2.952,0.0,0.0,0.0,0,0,0.0,0.0,0.0,0.0,2.804,0.0,0.0,surface_backed,0.961,0.0,61.365,0.0,58.787,9.0,9.0,1.0,0.0,3.683889,0.80561,1.879889,0.555556,0.444444,0.0,1.0,0.0,0.0,0.0,0.0,0.111111,0.559333,0.71,2.545,2.901,0.0,0.0,0.0,0.0,0.0,82.233333,6.125556,42.853333,78.777778,0.006757,0.222222,0.006757,0.222222,0.0,0.0,0.0,0.0,0.0,0.0,2.182354,2.694752,-0.512398,27.111111,3.336165,2.182354,3.605551,2.694752,4.229055
60,768,78,90,7,4,19.951636,21.190678,1.239042,0,0.148345,0.339253,1,60,appearance,23,0.821,1.75,17.71,58.36,80.66,88.4,0.526,0.0,3.314,0.0,0.0,0.0,0,0,0.0,0.0,0.0,0.0,2.254,0.0,0.0,surface_backed,0.969,0.0,62.241,0.0,58.174,9.0,9.0,1.0,0.0,3.749111,0.747139,1.879889,0.555556,0.444444,0.0,1.0,0.0,0.0,0.0,0.0,0.0,0.538889,0.678,2.551556,2.901,0.0,0.0,0.0,0.0,0.0,80.032222,8.093333,41.773333,80.0,0.017339,0.222222,0.017339,0.222222,0.0,0.0,0.0,0.0,0.0,0.0,2.015688,2.516974,-0.501287,33.222222,3.532875,2.015688,3.605551,2.516974,4.229055
61,768,78,90,7,4,19.114006,19.694604,0.580598,0,0.096424,0.220515,1,61,appearance,23,0.821,1.75,0.0,58.36,80.66,88.4,0.526,0.0,2.966,0.0,0.0,0.0,0,0,0.0,0.0,0.0,0.0,2.254,0.0,0.0,surface_backed,0.969,0.0,62.24,0.0,58.172,9.0,9.0,1.0,0.0,3.555667,0.697844,1.457333,0.444444,0.555556,0.0,1.0,0.0,0.0,0.0,0.0,0.0,0.548444,0.678,2.526556,2.901,0.0,0.0,0.0,0.0,0.0,81.584444,7.027778,45.408889,66.555556,0.056266,0.222222,0.056266,0.222222,0.0,0.0,0.0,0.0,0.0,0.0,1.786626,2.265857,-0.479231,29.333333,3.412247,1.786626,3.605551,2.265857,4.229055
62,768,81,90,3,3,18.209684,18.224346,0.014662,0,0.412676,-0.031665,1,62,appearance,9,1.0,1.0,14.56,76.22,93.37,108.56,0.367,0.0,3.126,0.0,0.0,0.0,0,0,0.0,0.0,0.0,0.0,1.75,0.0,0.0,surface_backed,0.975,0.0,63.054,0.0,60.561,9.0,9.0,1.0,0.0,3.420333,0.648176,1.076667,0.333333,0.666667,0.0,1.0,0.0,0.0,0.0,0.0,0.111111,0.544778,0.678,2.448333,2.901,0.0,0.0,0.0,0.0,0.0,85.652222,7.611111,51.176667,51.555556,0.021118,0.111111,0.021118,0.111111,0.0,0.0,0.0,0.0,0.0,0.0,1.6624,2.122044,-0.459644,29.111111,3.404894,1.6624,3.605551,2.122044,4.229055
63,768,80,86,7,7,20.614218,21.308839,0.694622,0,0.618239,-0.720583,1,63,map,49,1.0,1.0,22.53,32.98,40.35,76.49,0.626,0.0,3.946,0.0,0.0,0.0,0,0,0.0,0.0,0.0,2.496,1.983,0.0,0.0,surface_backed,0.962,0.0,61.488,0.0,56.099,9.0,9.0,1.0,0.0,3.541333,0.633193,1.354,0.444444,0.555556,0.0,1.0,0.0,0.0,0.0,0.0,0.111111,0.539333,0.678,2.346333,2.811,0.0,0.0,0.0,0.0,0.0,84.436667,10.114444,48.496667,54.333333,0.069296,0.222222,0.069296,0.222222,0.0,0.0,0.0,0.0,0.0,0.0,1.633074,2.016155,-0.383081,34.0,3.555348,1.633074,3.605551,2.016155,4.229055
64,768,82,89,3,4,19.167185,19.383115,0.215929,0,0.401856,0.056621,1,64,appearance,12,1.0,1.333,0.0,73.58,95.39,101.34,0.431,0.0,2.853,0.0,0.0,0.0,0,0,0.0,0.0,0.0,0.0,1.747,0.0,0.0,surface_backed,0.976,0.0,63.137,0.0,59.199,9.0,9.0,1.0,0.0,3.404778,0.63439,1.072889,0.333333,0.666667,0.0,1.0,0.0,0.0,0.0,0.0,0.222222,0.520667,0.678,2.303778,2.811,0.0,0.0,0.0,0.0,0.0,86.663333,8.284444,52.086667,50.222222,0.084081,0.222222,0.084081,0.222222,0.0,0.0,0.0,0.0,0.0,0.0,1.599433,2.071481,-0.472048,30.222222,3.44113,1.599433,3.605551,2.071481,4.229055
65,768,82,89,3,3,20.61166,20.916977,0.305318,0,0.261206,-0.138196,1,65,appearance,9,1.0,1.0,18.0,78.67,101.14,105.47,0.343,0.0,3.204,0.0,0.0,0.0,0,0,0.0,0.0,0.0,0.0,1.642,0.0,0.0,surface_backed,0.99,0.0,64.763,0.0,58.508,9.0,9.0,1.0,0.0,3.446,0.607376,1.072889,0.333333,0.666667,0.0,1.0,0.0,0.0,0.0,0.0,0.333333,0.483444,0.626,2.173889,2.804,0.0,0.0,0.0,0.0,0.0,88.356667,10.284444,53.637778,48.555556,0.084081,0.222222,0.084081,0.222222,0.0,0.0,0.0,0.0,0.0,0.0,1.479306,1.899791,-0.420485,36.111111,3.613916,1.479306,3.605551,1.899791,4.229055
66,768,82,89,3,3,20.74067,20.377829,-0.36284,0,0.169784,-0.089827,1,66,appearance,9,1.0,1.0,0.0,78.67,101.14,105.47,0.343,0.0,2.851,0.0,0.0,0.0,0,0,0.0,0.0,0.0,0.0,1.642,0.0,0.0,surface_backed,0.99,0.0,64.763,0.0,58.509,9.0,9.0,1.0,0.0,3.338444,0.617425,0.736111,0.222222,0.777778,0.0,1.0,0.0,0.0,0.0,0.0,0.444444,0.469111,0.626,2.077222,2.804,0.0,0.0,0.0,0.0,0.0,92.352222,9.234444,60.008889,33.555556,0.05876,0.111111,0.05876,0.111111,0.0,0.0,0.0,0.0,0.0,0.0,1.078689,1.539535,-0.460846,32.333333,3.506558,1.078689,3.354102,1.539535,4.229055
67,768,83,89,3,3,19.641902,18.728322,-0.913579,0,0.46036,-0.058388,1,67,appearance,9,1.0,1.0,21.67,76.89,99.5,104.99,0.215,0.0,3.334,0.0,0.0,0.0,0,0,0.0,0.0,0.0,0.0,1.59,0.0,0.0,surface_backed,0.988,0.0,64.56,0.0,58.659,9.0,9.0,1.0,0.0,3.171778,0.32391,0.277333,0.111111,0.888889,0.0,1.0,0.0,0.0,0.0,0.0,0.555556,0.440778,0.626,1.962889,2.804,0.0,0.0,0.0,0.0,0.0,96.331111,10.496667,66.156667,18.555556,0.05876,0.111111,0.05876,0.111111,0.0,0.0,0.0,0.0,0.0,0.0,1.1898,1.482399,-0.292599,32.333333,3.506558,1.1898,3.354102,1.482399,4.229055
68,768,83,88,3,4,22.711599,21.861193,-0.850406,0,0.299234,-0.212952,1,68,appearance,12,1.0,1.333,20.25,76.0,98.32,99.55,0.202,0.0,3.353,0.0,0.0,0.0,0,0,0.0,0.0,0.0,0.0,1.57,0.0,0.0,surface_backed,0.996,0.0,65.518,0.0,58.98,9.0,9.0,1.0,0.0,3.216333,0.318143,0.277333,0.111111,0.888889,0.0,1.0,0.0,0.0,0.0,0.0,0.666667,0.397667,0.626,1.825778,2.254,0.0,0.0,0.0,0.0,0.0,97.63,12.746667,67.747778,17.222222,0.05876,0.111111,0.05876,0.111111,0.0,0.0,0.0,0.0,0.0,0.0,0.872678,1.083385,-0.210707,38.222222,3.669243,0.872678,2.236068,1.083385,2.305039
69,768,83,88,3,4,22.436703,21.678107,-0.758596,0,0.194502,-0.138419,1,69,appearance,12,1.0,1.333,0.0,76.0,98.32,99.55,0.202,0.0,2.956,0.0,0.0,0.0,0,0,0.0,0.0,0.0,0.0,1.57,0.0,0.0,surface_backed,0.996,0.0,65.518,0.0,58.975,9.0,9.0,1.0,0.0,3.176556,0.325735,0.277333,0.111111,0.888889,0.0,1.0,0.0,0.0,0.0,0.0,0.777778,0.361667,0.626,1.749778,2.254,0.0,0.0,0.0,0.0,0.0,98.868889,10.778889,69.707778,16.0,0.048178,0.111111,0.048178,0.111111,0.0,0.0,0.0,0.0,0.0,0.0,0.761567,0.967486,-0.205919,32.444444,3.509886,0.761567,2.236068,0.967486,2.305039
70,768,79,82,12,12,23.403352,23.329472,-0.07388,0,0.301426,-0.789972,1,70,map,144,1.0,1.0,14.8,16.37,15.95,64.94,0.476,0.0,4.037,0.0,0.0,0.0,0,0,0.0,0.0,0.0,3.348,2.407,0.0,0.0,surface_backed,0.923,0.0,56.731,0.0,48.015,9.0,9.0,1.0,0.0,3.295556,0.411435,0.649333,0.222222,0.777778,0.0,1.0,0.0,0.0,0.0,0.0,0.777778,0.356111,0.626,1.766778,2.407,0.0,0.0,0.0,0.0,0.0,96.262222,12.423333,65.042222,29.444444,0.050472,0.111111,0.050472,0.111111,0.0,0.0,0.0,0.0,0.0,0.0,0.990628,1.135954,-0.145326,38.555556,3.677706,0.990628,2.236068,1.135954,2.305039
71,768,83,88,3,3,22.586734,22.535016,-0.051718,0,0.020927,0.011518,1,71,appearance,9,1.0,1.0,0.0,81.78,105.77,101.9,0.111,0.0,2.955,0.0,0.0,0.0,0,0,0.0,0.0,0.0,0.0,1.629,0.0,0.0,surface_backed,0.999,0.0,65.901,0.0,59.057,9.0,9.0,1.0,0.0,3.276556,0.422623,0.649333,0.222222,0.777778,0.0,1.0,0.0,0.0,0.0,0.0,0.777778,0.327667,0.626,1.753333,2.407,0.0,0.0,0.0,0.0,0.0,95.522222,10.805556,65.66,29.444444,0.050472,0.111111,0.050472,0.111111,0.0,0.0,0.0,0.0,0.0,0.0,1.042084,1.277119,-0.235035,33.777778,3.548979,1.042084,2.236068,1.277119,2.426161
72,768,84,88,3,3,22.147059,21.49148,-0.655579,0,0.363603,0.007487,1,72,appearance,9,1.0,1.0,15.0,79.44,103.38,102.72,0.131,0.0,3.241,0.0,0.0,0.0,0,0,0.0,0.0,0.0,0.0,1.475,0.0,0.0,surface_backed,0.997,0.0,65.641,0.0,59.987,9.0,9.0,1.0,0.0,3.198222,0.350456,0.372,0.111111,0.888889,0.0,1.0,0.0,0.0,0.0,0.0,0.888889,0.272667,0.476,1.696889,2.407,0.0,0.0,0.0,0.0,0.0,98.436667,9.968889,70.822222,25.0,-0.005863,0.0,-0.005863,0.0,0.0,0.0,0.0,0.0,0.0,0.0,0.904744,1.15768,-0.252937,33.888889,3.552168,0.904744,2.061553,1.15768,2.426161
73,768,80,82,12,12,23.698387,23.590264,-0.108124,0,0.411342,-0.520134,1,73,map,144,1.0,1.0,10.61,14.88,14.09,65.17,0.486,0.0,3.64,0.0,0.0,0.0,0,0,0.0,0.0,0.0,3.016,2.487,0.0,0.0,surface_backed,0.918,0.0,56.188,0.0,48.289,9.0,9.0,1.0,0.0,3.285667,0.351591,0.707111,0.222222,0.777778,0.0,1.0,0.0,0.0,0.0,0.0,0.777778,0.278778,0.486,1.779111,2.487,0.0,0.0,0.0,0.0,0.0,94.417778,11.147778,64.3,39.666667,0.01351,0.0,0.01351,0.0,0.0,0.0,0.0,0.0,0.0,0.0,0.913759,1.069747,-0.155988,39.222222,3.69442,0.913759,2.061553,1.069747,2.426161
74,768,84,87,3,4,22.926774,22.834189,-0.092585,0,0.092372,0.011913,1,74,appearance,12,1.0,1.333,0.0,79.67,106.0,102.61,0.22,0.0,2.948,0.0,0.0,0.0,0,0,0.0,0.0,0.0,0.0,1.554,0.0,0.0,surface_backed,1.0,0.0,66.341,0.0,59.457,9.0,9.0,1.0,0.0,3.257222,0.367062,0.707111,0.222222,0.777778,0.0,1.0,0.0,0.0,0.0,0.0,0.777778,0.265111,0.486,1.769333,2.487,0.0,0.0,0.0,0.0,0.0,94.1,9.147778,64.411111,40.0,0.01351,0.0,0.01351,0.0,0.0,0.0,0.0,0.0,0.0,0.0,0.982429,1.190399,-0.207969,33.333333,3.536117,0.982429,2.061553,1.190399,2.426161
75,768,84,87,3,3,23.564639,23.473009,-0.09163,0,0.060042,-0.167256,1,75,appearance,9,1.0,1.0,14.44,88.22,112.08,113.61,0.266,0.0,3.169,0.0,0.0,0.0,0,0,0.0,0.0,0.0,0.0,1.586,0.0,0.0,surface_backed,0.998,0.0,65.788,0.0,59.623,9.0,9.0,1.0,0.0,3.292556,0.340611,0.707111,0.222222,0.777778,0.0,1.0,0.0,0.0,0.0,0.0,0.777778,0.256556,0.486,1.763111,2.487,0.0,0.0,0.0,0.0,0.0,95.004444,10.752222,65.472222,40.0,0.01351,0.0,0.01351,0.0,0.0,0.0,0.0,0.0,0.0,0.0,1.037985,1.215362,-0.177377,39.333333,3.697178,1.037985,2.061553,1.215362,2.426161
76,768,84,87,3,3,22.87986,22.758652,-0.121207,0,0.039027,-0.108717,1,76,appearance,9,1.0,1.0,0.0,88.22,112.08,113.61,0.266,0.0,2.885,0.0,0.0,0.0,0,0,0.0,0.0,0.0,0.0,1.586,0.0,0.0,surface_backed,0.998,0.0,65.775,0.0,59.625,9.0,9.0,1.0,0.0,3.242667,0.363031,0.707111,0.222222,0.777778,0.0,1.0,0.0,0.0,0.0,0.0,0.777778,0.262222,0.486,1.762667,2.487,0.0,0.0,0.0,0.0,0.0,95.962222,8.344444,66.731111,40.0,0.01351,0.0,0.01351,0.0,0.0,0.0,0.0,0.0,0.0,0.0,0.926874,1.142322,-0.215449,34.555556,3.571096,0.926874,2.061553,1.142322,2.426161
77,768,84,87,3,3,22.467068,22.316217,-0.150852,0,0.025368,-0.070666,1,77,appearance,9,1.0,1.0,7.0,86.67,109.38,117.23,0.349,0.0,2.985,0.0,0.0,0.0,0,0,0.0,0.0,0.0,0.0,1.442,0.0,0.0,surface_backed,0.996,0.0,65.483,0.0,59.812,9.0,9.0,1.0,0.0,3.201778,0.368977,0.707111,0.222222,0.777778,0.0,1.0,0.0,0.0,0.0,0.0,0.777778,0.278556,0.486,1.748444,2.487,0.0,0.0,0.0,0.0,0.0,97.926667,6.872222,67.916667,39.666667,0.01351,0.0,0.01351,0.0,0.0,0.0,0.0,0.0,0.0,0.0,0.871318,1.084276,-0.212958,33.222222,3.532875,0.871318,2.061553,1.084276,2.426161
78,768,84,87,3,3,22.717521,22.542513,-0.175007,0,0.016489,-0.045933,1,78,appearance,9,1.0,1.0,8.67,86.11,106.6,121.29,0.361,0.0,3.013,0.0,0.0,0.0,0,0,0.0,0.0,0.0,0.0,1.441,0.0,0.0,surface_backed,0.995,0.0,65.444,0.0,59.65,9.0,9.0,1.0,0.0,3.208111,0.365174,0.707111,0.222222,0.777778,0.0,1.0,0.0,0.0,0.0,0.0,0.777778,0.296222,0.486,1.734111,2.487,0.0,0.0,0.0,0.0,0.0,100.342222,7.835556,69.04,39.333333,0.01351,0.0,0.01351,0.0,0.0,0.0,0.0,0.0,0.0,0.0,0.871318,1.05181,-0.180492,37.111111,3.640506,0.871318,2.061553,1.05181,2.426161
79,768,84,87,3,3,21.773714,20.97698,-0.796734,0,0.010718,-0.029856,1,79,appearance,9,1.0,1.0,0.0,86.22,106.62,121.21,0.361,0.0,2.843,0.0,0.0,0.0,0,0,0.0,0.0,0.0,0.0,1.441,0.0,0.0,surface_backed,0.996,0.0,65.477,0.0,59.691,9.0,9.0,1.0,0.0,3.075444,0.23286,0.335111,0.111111,0.888889,0.0,1.0,0.0,0.0,0.0,0.0,0.888889,0.283444,0.486,1.626778,2.487,0.0,0.0,0.0,0.0,0.0,106.594444,6.191111,76.801111,24.333333,0.011216,0.0,0.011216,0.0,0.0,0.0,0.0,0.0,0.0,0.0,0.642257,0.847624,-0.205367,30.555556,3.45175,0.642257,1.581139,0.847624,2.426161
80,768,85,88,3,3,22.559216,21.734792,-0.824424,0,0.356967,0.330593,1,80,appearance,9,1.0,1.0,16.78,78.67,103.78,122.03,0.293,0.0,3.203,0.0,0.0,0.0,0,0,0.0,0.0,0.0,0.0,1.25,0.0,0.0,surface_backed,1.0,0.0,67.113,0.0,60.144,9.0,9.0,1.0,0.0,3.103,0.231647,0.335111,0.111111,0.888889,0.0,1.0,0.0,0.0,0.0,0.0,0.888889,0.303667,0.486,1.584667,2.487,0.0,0.0,0.0,0.0,0.0,108.831111,8.055556,76.455556,24.333333,0.00328,0.0,0.00328,0.0,0.0,0.0,0.0,0.0,0.0,0.0,0.62371,0.736721,-0.113011,35.888889,3.60791,0.62371,1.581139,0.736721,1.772385
81,768,85,88,3,3,21.952755,21.088915,-0.86384,0,0.232028,0.214886,1,81,appearance,9,1.0,1.0,0.0,78.67,103.78,122.03,0.293,0.0,2.873,0.0,0.0,0.0,0,0,0.0,0.0,0.0,0.0,1.25,0.0,0.0,surface_backed,1.0,0.0,67.113,0.0,60.142,9.0,9.0,1.0,0.0,3.062111,0.236115,0.335111,0.111111,0.888889,0.0,1.0,0.0,0.0,0.0,0.0,0.888889,0.321667,0.486,1.559667,2.487,0.0,0.0,0.0,0.0,0.0,110.976667,6.388889,76.37,24.333333,0.011437,0.0,0.011437,0.0,0.0,0.0,0.0,0.0,0.0,0.0,0.512598,0.681987,-0.169388,30.444444,3.448222,0.512598,1.581139,0.681987,1.772385
82,768,79,80,12,12,19.053664,18.191465,-0.862199,0,-0.374182,-1.085324,1,82,map,144,1.0,1.0,7.35,11.64,2.81,63.75,0.569,0.0,2.711,0.0,0.0,0.0,0,0,0.0,0.0,0.0,2.24,2.222,0.0,0.0,surface_backed,0.903,0.0,54.313,0.0,48.381,9.0,9.0,1.0,0.0,2.958889,0.147264,0.248889,0.111111,0.888889,0.0,1.0,0.0,0.0,0.0,0.0,0.888889,0.330889,0.569,1.530222,2.222,0.0,0.0,0.0,0.0,0.0,110.818889,6.026667,76.01,24.333333,-0.01125,0.0,-0.01125,0.0,0.0,0.0,0.0,0.0,0.0,0.0,0.760015,0.969228,-0.209213,31.222222,3.472656,0.760015,3.807887,0.969228,4.098817
88,768,76,84,12,12,18.866776,18.45756,-0.409217,0,-1.502375,0.102336,1,88,map,144,1.0,1.0,5.22,15.78,11.45,68.14,0.447,0.0,2.967,0.0,0.0,0.0,0,0,0.0,0.0,0.0,2.324,2.617,0.0,0.0,surface_backed,0.925,0.0,56.965,0.0,48.373,9.0,9.0,1.0,0.0,2.973222,0.109718,0.483889,0.222222,0.777778,0.0,1.0,0.0,0.0,0.0,0.0,0.777778,0.408444,0.492,1.515889,2.617,0.0,0.0,0.0,0.0,0.0,108.847778,6.113333,68.207778,40.666667,0.008534,0.0,0.008534,0.0,0.0,0.0,0.0,0.0,0.0,0.0,0.899875,1.033799,-0.133924,41.0,3.73767,0.899875,4.123106,1.033799,4.200105
200,4304,84,76,3,3,21.584577,21.070264,-0.514313,0,-1.361596,-1.129331,1,200,map,9,1.0,1.0,12.78,33.33,52.48,125.88,0.181,0.0,3.158,0.0,0.0,0.0,0,0,0.0,0.0,0.0,1.742,4.769,0.0,0.0,unknown,0.35,0.0,30.934,0.1032,23.443,9.0,9.0,1.0,0.0,3.399333,0.157796,0.399111,0.222222,0.777778,0.0,0.0,0.0,0.888889,0.0,0.111111,0.111111,0.186333,0.334,2.021444,4.769,0.0,0.0,0.227111,0.306,0.777778,64.297778,8.796667,74.865556,28.777778,0.082336,0.333333,0.082336,0.333333,0.0,0.0,0.0,0.0,0.0,0.0,0.937979,1.009556,-0.071577,29.444444,3.415904,0.937979,4.242641,1.009556,3.825721
202,4304,94,76,3,3,22.970276,22.371161,-0.599115,0,1.953913,-0.881392,1,202,map,9,1.0,1.0,13.89,30.56,44.74,122.15,0.258,0.0,3.476,0.0,0.0,0.0,0,0,0.0,0.0,0.0,2.175,2.731,0.0,0.0,surface_backed,0.846,0.0,47.52,0.0689,24.719,9.0,9.0,1.0,0.0,3.42,0.141237,0.447222,0.222222,0.777778,0.0,0.111111,0.0,0.888889,0.0,0.0,0.111111,0.207,0.389,1.756667,3.046,0.0,0.0,0.228556,0.299,0.777778,63.828889,8.516667,74.453333,28.888889,-0.000765,0.111111,-0.000765,0.111111,0.0,0.0,0.0,0.0,0.0,0.0,1.141009,1.238828,-0.09782,28.555556,3.386272,1.141009,5.385165,1.238828,4.992285
205,4304,84,76,3,3,23.286689,22.763003,-0.523686,0,-1.694,-0.749815,1,205,map,9,1.0,1.0,27.11,32.78,49.67,123.86,0.186,0.0,3.723,0.0,0.0,0.0,0,0,0.0,0.0,0.0,2.214,2.586,0.0,0.0,unknown,0.35,0.0,30.575,0.1392,22.348,9.0,9.0,1.0,0.0,3.425444,0.178262,0.451556,0.222222,0.777778,0.0,0.0,0.0,0.888889,0.0,0.111111,0.111111,0.224778,0.389,1.829333,3.046,0.0,0.0,0.237667,0.312,0.777778,64.578889,9.886667,76.578889,27.666667,0.088709,0.222222,0.088709,0.222222,0.0,0.0,0.0,0.0,0.0,0.0,1.085453,1.269901,-0.184447,29.222222,3.408577,1.085453,5.385165,1.269901,5.437672
206,4304,82,75,3,3,18.591003,18.203796,-0.387207,1,-1.694,-0.749815,0,,,,,,,,,,,,,,,,,,,,,,,,,,,,,,,8.0,9.0,0.888889,0.111111,3.402625,0.176247,0.508,0.25,0.75,0.0,0.0,0.0,0.875,0.0,0.125,0.125,0.246375,0.389,1.875875,3.046,0.0,0.0,0.237625,0.312,0.75,64.9925,9.43125,76.03,27.0,0.088709,0.222222,0.088709,0.222222,0.0,0.0,0.0,0.0,0.0,0.0,1.029898,1.203248,-0.17335,24.777778,3.249513,1.235734,5.385165,1.203248,5.437672
207,4304,94,76,3,3,21.146336,20.504478,-0.641858,0,1.77366,-0.721047,1,207,map,9,1.0,1.0,9.33,25.89,33.74,123.21,0.257,0.0,2.93,0.0,0.0,0.0,0,0,0.0,0.0,0.0,1.745,1.74,0.0,0.0,surface_backed,0.831,0.0,45.755,0.0864,23.999,9.0,9.0,1.0,0.0,3.314667,0.210301,0.399444,0.222222,0.777778,0.0,0.111111,0.0,0.888889,0.0,0.0,0.111111,0.296333,0.389,1.777333,3.046,0.0,0.0,0.257222,0.327,0.777778,62.195556,8.982222,76.597778,26.555556,-0.005735,0.111111,-0.005735,0.111111,0.0,0.0,0.0,0.0,0.0,0.0,1.029898,1.195084,-0.165186,29.333333,3.412247,1.029898,5.385165,1.195084,5.339369
219,4304,87,79,6,7,18.43224,19.047864,0.615623,0,-0.209728,0.415517,1,219,appearance,34,0.81,1.167,17.17,75.88,100.39,47.9,0.321,0.0,3.535,0.0,0.0,0.0,0,0,0.0,0.0,0.0,0.0,1.242,0.0,0.395,sky_target_near_surface,0.708,0.3946,14.925,0.0,48.775,9.0,9.0,1.0,0.0,3.606556,0.40527,1.019778,0.444444,0.555556,0.0,0.0,0.0,1.0,0.0,0.0,0.0,0.269556,0.45,1.373556,2.016,0.0,0.0,0.325889,0.403,0.888889,51.995556,11.923333,71.837778,36.555556,-0.059198,0.111111,-0.059198,0.111111,0.0,0.0,0.0,0.0,0.0,0.0,2.054956,2.478795,-0.423839,26.222222,3.304034,2.125743,4.242641,2.478795,4.280477
220,4304,87,80,6,7,19.681266,20.363481,0.682215,0,-0.136323,0.620086,1,220,appearance,34,0.81,1.167,27.02,75.02,98.36,47.75,0.273,0.0,3.75,0.0,0.0,0.0,0,0,0.0,0.0,0.0,0.0,1.275,0.0,0.232,sky_target_near_surface,0.643,0.2325,18.662,0.0,50.245,9.0,9.0,1.0,0.0,3.664889,0.383342,1.019778,0.444444,0.555556,0.0,0.0,0.0,1.0,0.0,0.0,0.0,0.275778,0.45,1.389333,2.016,0.0,0.0,0.313,0.403,0.888889,51.714444,14.925556,70.696667,37.0,-0.004138,0.222222,-0.004138,0.222222,0.0,0.0,0.0,0.0,0.0,0.0,2.008932,2.504274,-0.495342,30.888889,3.462258,2.07972,4.242641,2.504274,4.280477
221,4304,87,80,6,7,21.196915,21.281188,0.084273,0,-0.08861,0.403056,1,221,appearance,34,0.81,1.167,0.0,75.02,98.37,47.78,0.273,0.0,3.219,0.0,0.0,0.0,0,0,0.0,0.0,0.0,0.0,1.275,0.0,0.231,sky_target_near_surface,0.642,0.2312,18.693,0.0,50.245,9.0,9.0,1.0,0.0,3.593889,0.399822,0.780556,0.333333,0.666667,0.0,0.0,0.0,1.0,0.0,0.0,0.0,0.302444,0.45,1.307,1.994,0.0,0.0,0.314,0.403,0.888889,51.583333,13.34,73.585556,35.333333,0.065452,0.222222,0.065452,0.222222,0.0,0.0,0.0,0.0,0.0,0.0,1.657568,2.121925,-0.464357,26.444444,3.312164,1.728356,4.242641,2.121925,4.280477
222,4304,88,80,7,7,23.572439,24.177226,0.604787,0,0.467404,0.261986,1,222,map,49,1.0,1.0,35.86,62.61,86.74,46.54,0.206,0.0,4.327,0.0,0.0,0.0,0,0,0.0,0.0,0.0,2.461,1.254,0.0,0.234,sky_target_near_surface,0.643,0.2336,18.615,0.0,49.573,9.0,9.0,1.0,0.0,3.720778,0.429996,1.054,0.444444,0.555556,0.0,0.0,0.0,1.0,0.0,0.0,0.0,0.291333,0.45,1.314444,1.994,0.0,0.0,0.299889,0.403,0.888889,51.243333,17.324444,71.161111,37.444444,0.010515,0.222222,0.010515,0.222222,0.0,0.0,0.0,0.0,0.0,0.0,1.47287,1.878799,-0.405928,30.666667,3.455265,1.543658,4.242641,1.878799,4.280477
223,4304,87,80,5,7,22.268818,22.317591,0.048773,0,-0.396188,0.170291,1,223,appearance,30,0.857,1.4,0.0,85.03,112.53,49.52,0.302,0.0,3.187,0.0,0.0,0.0,0,0,0.0,0.0,0.0,0.0,1.296,0.0,0.235,sky_target_near_surface,0.644,0.2355,18.578,0.0,49.964,9.0,9.0,1.0,0.0,3.609222,0.423724,0.775889,0.333333,0.666667,0.0,0.0,0.0,1.0,0.0,0.0,0.0,0.284,0.45,1.319333,1.994,0.0,0.0,0.29,0.403,0.888889,51.594444,14.71,74.798889,35.333333,0.017971,0.222222,0.017971,0.222222,0.0,0.0,0.0,0.0,0.0,0.0,1.537958,1.912584,-0.374626,26.111111,3.299944,1.608745,4.242641,1.912584,4.280477
224,4304,84,82,5,5,25.389261,25.449362,0.060101,0,-1.307522,0.460689,1,224,map,25,1.0,1.0,52.04,57.28,77.55,77.33,0.043,0.0,4.084,0.0,0.0,0.0,0,0,0.0,0.0,0.0,1.935,1.771,0.0,0.039,boundary_mixed,0.62,0.0387,24.1,0.0,44.87,9.0,9.0,1.0,0.0,3.617889,0.432459,0.750444,0.333333,0.666667,0.0,0.0,0.0,1.0,0.0,0.0,0.0,0.274222,0.45,1.294556,1.771,0.0,0.0,0.280111,0.403,0.888889,51.062222,17.576667,72.496667,35.333333,0.195516,0.222222,0.195516,0.222222,0.0,0.0,0.0,0.0,0.0,0.0,1.595464,1.740621,-0.145157,26.111111,3.299944,1.488705,3.162278,1.740621,3.697362
225,4304,88,80,7,7,24.907562,24.785877,-0.121686,0,0.532611,0.010698,1,225,map,49,1.0,1.0,32.9,50.69,69.15,47.12,0.201,0.0,4.38,0.0,0.0,0.0,0,0,0.0,0.0,0.0,2.554,1.406,0.0,0.235,sky_target_near_surface,0.644,0.2355,18.508,0.0,49.388,9.0,9.0,1.0,0.0,3.751556,0.470491,0.819222,0.333333,0.666667,0.0,0.0,0.0,1.0,0.0,0.0,0.0,0.297333,0.45,1.313778,1.746,0.0,0.0,0.262222,0.403,0.888889,46.718889,20.722222,71.072222,38.333333,-0.184045,0.111111,-0.184045,0.111111,0.0,0.0,0.0,0.0,0.0,0.0,1.242176,1.349021,-0.106845,30.555556,3.45175,1.173506,2.061553,1.349021,2.481273
226,4304,86,81,6,7,22.832268,22.188335,-0.643933,0,-0.528803,0.356954,1,226,appearance,33,0.786,1.167,0.0,74.17,98.66,46.91,0.441,0.0,3.155,0.0,0.0,0.0,0,0,0.0,0.0,0.0,0.0,1.508,0.0,0.216,boundary_mixed,0.62,0.216,19.169,0.0,49.874,9.0,9.0,1.0,0.0,3.648111,0.487622,0.557222,0.222222,0.777778,0.0,0.0,0.0,1.0,0.0,0.0,0.0,0.304333,0.45,1.361667,1.746,0.0,0.0,0.245222,0.403,0.888889,46.797778,17.822222,72.261111,36.555556,-0.159064,0.111111,-0.159064,0.111111,0.0,0.0,0.0,0.0,0.0,0.0,1.430241,1.582779,-0.152538,26.0,3.295837,1.361571,2.692582,1.582779,3.189898
227,4304,86,82,6,7,24.984086,24.413394,-0.570693,0,-0.343722,0.58202,1,227,appearance,34,0.81,1.167,28.19,73.95,97.05,45.98,0.292,0.0,3.764,0.0,0.0,0.0,0,0,0.0,0.0,0.0,0.0,1.603,0.0,0.023,boundary_mixed,0.62,0.0235,27.352,0.0,50.807,9.0,9.0,1.0,0.0,3.716333,0.455022,0.557222,0.222222,0.777778,0.0,0.0,0.0,1.0,0.0,0.0,0.0,0.286778,0.441,1.400556,1.746,0.0,0.0,0.203,0.395,0.777778,46.687778,20.954444,72.244444,36.666667,-0.070546,0.222222,-0.070546,0.222222,0.0,0.0,0.0,0.0,0.0,0.0,1.374685,1.473294,-0.098608,30.444444,3.448222,1.306015,2.692582,1.473294,3.189898
228,4304,86,82,6,7,24.452258,23.861565,-0.590693,0,-0.223419,0.378313,1,228,appearance,34,0.81,1.167,0.0,73.93,97.06,45.98,0.292,0.0,3.211,0.0,0.0,0.0,0,0,0.0,0.0,0.0,0.0,1.602,0.0,0.024,boundary_mixed,0.62,0.0235,27.352,0.0,50.814,9.0,9.0,1.0,0.0,3.680333,0.480072,0.557222,0.222222,0.777778,0.0,0.0,0.0,1.0,0.0,0.0,0.0,0.283556,0.441,1.440556,1.746,0.0,0.0,0.161778,0.235,0.666667,46.474444,19.046667,72.027778,36.666667,-0.070546,0.222222,-0.070546,0.222222,0.0,0.0,0.0,0.0,0.0,0.0,1.263574,1.442249,-0.178675,25.777778,3.287572,1.194904,2.692582,1.442249,3.189898
229,4304,86,82,7,7,24.270023,24.165898,-0.104125,0,0.029777,0.245903,1,229,map,49,1.0,1.0,27.08,61.65,83.47,44.84,0.412,0.0,4.251,0.0,0.0,0.0,0,0,0.0,0.0,0.0,2.54,1.579,0.0,0.022,boundary_mixed,0.62,0.0221,27.326,0.0,50.508,9.0,9.0,1.0,0.0,3.736,0.51285,0.839444,0.333333,0.666667,0.0,0.0,0.0,1.0,0.0,0.0,0.0,0.299,0.441,1.474333,1.746,0.0,0.0,0.138444,0.235,0.555556,46.151111,19.053333,70.542222,38.333333,-0.125607,0.111111,-0.125607,0.111111,0.0,0.0,0.0,0.0,0.0,0.0,1.208019,1.46396,-0.255941,25.777778,3.287572,1.139348,2.692582,1.46396,3.189898
230,4304,85,84,6,6,25.396575,25.407411,0.010836,0,-0.505645,0.684837,1,230,appearance,30,0.833,1.0,47.33,77.92,102.18,56.07,0.339,0.0,4.13,0.0,0.0,0.0,0,0,0.0,0.0,0.0,0.0,1.228,0.0,0.083,boundary_mixed,0.62,0.0828,22.33,0.0,49.513,9.0,9.0,1.0,0.0,3.837222,0.490223,0.839444,0.333333,0.666667,0.0,0.0,0.0,1.0,0.0,0.0,0.0,0.306333,0.441,1.469111,1.746,0.0,0.0,0.122,0.235,0.444444,47.072222,24.312222,70.864444,37.888889,-0.079914,0.222222,-0.079914,0.222222,0.0,0.0,0.0,0.0,0.0,0.0,1.443721,1.613207,-0.169486,30.222222,3.44113,1.375051,2.692582,1.613207,3.189898
231,4304,82,84,7,7,25.026097,25.040491,0.014394,0,-1.203669,0.620144,1,231,map,49,1.0,1.0,0.2,56.39,76.95,45.22,0.041,0.0,3.416,0.0,0.0,0.0,0,0,0.0,0.0,0.0,1.832,1.934,0.0,0.0,boundary_mixed,0.62,0.0,34.973,0.0,51.568,9.0,9.0,1.0,0.0,3.736,0.47237,0.769556,0.333333,0.666667,0.0,0.0,0.0,1.0,0.0,0.0,0.0,0.288,0.441,1.544667,1.934,0.0,0.0,0.096,0.235,0.333333,46.925556,20.35,70.173333,37.888889,-0.023843,0.222222,-0.023843,0.222222,0.0,0.0,0.0,0.0,0.0,0.0,1.560333,1.653647,-0.093314,25.888889,3.291713,1.491663,2.692582,1.653647,3.189898
232,4304,85,84,5,7,24.428597,24.409088,-0.019509,0,-0.082385,0.403094,1,232,appearance,30,0.857,1.4,49.26,82.37,108.71,47.56,0.299,0.0,4.156,0.0,0.0,0.0,0,0,0.0,0.0,0.0,0.0,1.81,0.0,0.0,boundary_mixed,0.62,0.0,34.518,0.0,50.879,9.0,9.0,1.0,0.0,3.843667,0.444581,0.769556,0.333333,0.666667,0.0,0.0,0.0,1.0,0.0,0.0,0.0,0.287667,0.441,1.601778,1.934,0.0,0.0,0.069889,0.235,0.222222,46.707778,25.823333,69.877778,37.888889,-0.159455,0.222222,-0.159455,0.222222,0.0,0.0,0.0,0.0,0.0,0.0,1.449222,1.740521,-0.291299,32.0,3.496508,1.491663,2.692582,1.740521,3.263139
233,4304,85,84,5,7,23.225803,23.196294,-0.029509,0,-0.05355,0.262011,1,233,appearance,30,0.857,1.4,0.0,82.37,108.71,47.54,0.299,0.0,3.188,0.0,0.0,0.0,0,0,0.0,0.0,0.0,0.0,1.81,0.0,0.0,boundary_mixed,0.62,0.0,34.512,0.0,50.882,9.0,9.0,1.0,0.0,3.739,0.474715,0.769556,0.333333,0.666667,0.0,0.0,0.0,1.0,0.0,0.0,0.0,0.290667,0.441,1.608889,1.934,0.0,0.0,0.067,0.235,0.222222,47.468889,20.551111,70.382222,37.555556,-0.159455,0.222222,-0.159455,0.222222,0.0,0.0,0.0,0.0,0.0,0.0,1.324996,1.728965,-0.403969,27.333333,3.344039,1.436107,2.692582,1.728965,3.263139
234,4304,85,84,5,7,24.901118,24.297936,-0.603182,0,-0.034808,0.170307,1,234,appearance,29,0.829,1.4,46.63,80.14,106.69,48.08,0.431,0.0,4.032,0.0,0.0,0.0,0,0,0.0,0.0,0.0,0.0,1.917,0.0,0.0,boundary_mixed,0.62,0.0,34.932,0.0,50.578,9.0,9.0,1.0,0.0,3.700333,0.433295,0.485778,0.222222,0.777778,0.0,0.0,0.0,1.0,0.0,0.0,0.0,0.316222,0.441,1.665667,1.934,0.0,0.0,0.040889,0.216,0.111111,47.575556,22.076667,73.654444,35.333333,-0.000646,0.222222,-0.000646,0.222222,0.0,0.0,0.0,0.0,0.0,0.0,1.095935,1.493086,-0.397151,28.888889,3.397487,1.207046,2.692582,1.493086,3.263139
235,4304,82,86,5,5,28.378407,28.443578,0.065171,0,-1.072625,0.4607,1,235,map,25,1.0,1.0,49.52,63.44,83.1,72.94,0.061,0.0,4.245,0.0,0.0,0.0,0,0,0.0,0.0,0.0,2.13,1.21,0.0,0.121,boundary_mixed,0.62,0.1206,20.982,0.0,49.532,9.0,9.0,1.0,0.0,3.821444,0.415928,0.722444,0.333333,0.666667,0.0,0.0,0.0,1.0,0.0,0.0,0.0,0.274,0.431,1.632556,1.934,0.0,0.0,0.030333,0.121,0.0,50.467778,27.578889,72.462222,34.444444,0.186967,0.333333,0.186967,0.333333,0.0,0.0,0.0,0.0,0.0,0.0,1.254882,1.480773,-0.225892,34.888889,3.580428,1.259234,3.162278,1.480773,3.263139
236,4304,84,86,6,6,25.37243,25.38535,0.01292,0,0.177794,0.474455,1,236,appearance,31,0.861,1.0,0.0,77.61,101.01,53.22,0.222,0.0,3.266,0.0,0.0,0.0,0,0,0.0,0.0,0.0,0.0,1.561,0.0,0.0,boundary_mixed,0.62,0.0,31.194,0.0,50.667,9.0,9.0,1.0,0.0,3.766111,0.451495,0.722444,0.333333,0.666667,0.0,0.0,0.0,1.0,0.0,0.0,0.0,0.266222,0.431,1.627889,1.934,0.0,0.0,0.027778,0.121,0.0,51.272222,24.446667,72.868889,34.111111,0.09845,0.222222,0.09845,0.222222,0.0,0.0,0.0,0.0,0.0,0.0,1.427049,1.78525,-0.3582,30.444444,3.448222,1.431402,3.162278,1.78525,3.572841
237,4304,80,84,7,7,26.185218,26.945099,0.759881,0,-1.109434,-0.216604,1,237,map,49,1.0,1.0,37.63,39.71,50.06,46.23,0.166,0.0,4.541,0.0,0.0,0.0,0,0,0.0,0.0,0.0,2.675,2.251,0.0,0.0,boundary_mixed,0.62,0.0,35.387,0.0,50.341,9.0,9.0,1.0,0.0,3.913889,0.463128,1.019667,0.444444,0.555556,0.0,0.0,0.0,1.0,0.0,0.0,0.0,0.252222,0.431,1.7,2.251,0.0,0.0,0.025111,0.121,0.0,51.3,28.627778,69.066667,35.777778,0.224439,0.333333,0.224439,0.333333,0.0,0.0,0.0,0.0,0.0,0.0,1.954096,2.173955,-0.219859,35.888889,3.60791,1.8545,3.807887,2.173955,4.174283
238,4304,84,86,5,6,25.147933,24.589409,-0.558524,0,-0.038632,0.200457,1,238,appearance,25,0.833,1.2,0.0,86.23,111.47,55.32,0.341,0.0,3.119,0.0,0.0,0.0,0,0,0.0,0.0,0.0,0.0,1.784,0.0,0.0,boundary_mixed,0.62,0.0,30.769,0.0,50.498,9.0,9.0,1.0,0.0,3.733111,0.444554,0.440222,0.222222,0.777778,0.0,0.0,0.0,1.0,0.0,0.0,0.0,0.263778,0.431,1.670222,1.934,0.0,0.0,0.022667,0.121,0.0,53.472222,26.678889,76.966667,30.444444,0.09845,0.222222,0.09845,0.222222,0.0,0.0,0.0,0.0,0.0,0.0,1.538161,1.746263,-0.208102,31.333333,3.476099,1.431402,3.162278,1.746263,3.572841
239,4304,84,86,5,7,25.064516,24.401032,-0.663485,0,-0.025111,0.305297,1,239,appearance,30,0.857,1.4,48.14,79.29,101.27,52.51,0.421,0.0,4.079,0.0,0.0,0.0,0,0,0.0,0.0,0.0,0.0,2.339,0.0,0.0,surface_backed,0.792,0.0,41.056,0.0,51.096,9.0,9.0,1.0,0.0,3.727444,0.439758,0.440222,0.222222,0.777778,0.0,0.111111,0.0,0.888889,0.0,0.0,0.0,0.272889,0.431,1.793667,2.339,0.0,0.0,0.013444,0.121,0.0,53.076667,26.768889,77.118889,30.444444,0.052757,0.111111,0.052757,0.111111,0.0,0.0,0.0,0.0,0.0,0.0,1.426684,1.56003,-0.133345,31.111111,3.469202,1.251255,3.162278,1.56003,3.572841
240,4304,82,88,5,5,26.891337,26.318647,-0.572689,0,-0.716322,0.548443,1,240,map,25,1.0,1.0,47.72,79.76,102.34,71.11,0.043,0.0,3.965,0.0,0.0,0.0,0,0,0.0,0.0,0.0,1.836,1.424,0.0,0.025,boundary_mixed,0.62,0.025,23.991,0.0,51.625,9.0,9.0,1.0,0.0,3.788444,0.4303,0.440667,0.222222,0.777778,0.0,0.111111,0.0,0.888889,0.0,0.0,0.0,0.273111,0.431,1.737,2.339,0.0,0.0,0.016222,0.121,0.0,55.953333,32.048889,79.715556,27.777778,0.195771,0.222222,0.195771,0.222222,0.0,0.0,0.0,0.0,0.0,0.0,1.49477,1.570097,-0.075328,36.777778,3.631721,1.216428,3.162278,1.570097,3.572841
241,4304,83,86,6,7,27.061676,26.518946,-0.542731,0,0.059391,0.006488,1,241,appearance,33,0.786,1.167,0.0,70.26,89.41,50.36,0.572,0.0,3.096,0.0,0.0,0.0,0,0,0.0,0.0,0.0,0.0,2.42,0.0,0.0,surface_backed,0.792,0.0,41.035,0.0,50.797,9.0,9.0,1.0,0.0,3.670667,0.457768,0.440667,0.222222,0.777778,0.0,0.222222,0.0,0.777778,0.0,0.0,0.0,0.303444,0.572,1.804778,2.42,0.0,0.0,0.016222,0.121,0.0,56.264444,26.575556,78.37,28.111111,0.331382,0.222222,0.331382,0.222222,0.0,0.0,0.0,0.0,0.0,0.0,1.583967,1.507933,0.076034,30.444444,3.448222,1.194515,3.162278,1.507933,3.572841
242,4304,82,88,5,5,29.041524,29.169172,0.127648,0,-0.486396,0.354217,1,242,map,25,1.0,1.0,45.96,84.52,109.11,70.39,0.102,0.0,4.091,0.0,0.0,0.0,0,0,0.0,0.0,0.0,2.012,1.549,0.0,0.04,boundary_mixed,0.62,0.0402,23.91,0.0,51.879,9.0,9.0,1.0,0.0,3.771,0.43958,0.664222,0.333333,0.666667,0.0,0.222222,0.0,0.777778,0.0,0.0,0.0,0.281556,0.572,1.775778,2.42,0.0,0.0,0.020667,0.121,0.0,58.803333,31.682222,78.608889,27.555556,0.444052,0.333333,0.444052,0.333333,0.0,0.0,0.0,0.0,0.0,0.0,1.883143,1.667662,0.215481,35.777778,3.604894,1.394823,3.162278,1.667662,3.572841
243,4304,83,88,5,5,27.805327,27.95288,0.147553,0,0.033843,0.230241,1,243,appearance,22,0.88,1.0,0.0,91.36,116.99,68.73,0.2,0.0,3.154,0.0,0.0,0.0,0,0,0.0,0.0,0.0,0.0,1.451,0.0,0.04,boundary_mixed,0.62,0.0396,23.723,0.0,51.247,9.0,9.0,1.0,0.0,3.673444,0.467379,0.664222,0.333333,0.666667,0.0,0.222222,0.0,0.777778,0.0,0.0,0.0,0.255889,0.572,1.724,2.42,0.0,0.0,0.025111,0.121,0.0,61.097778,26.501111,79.855556,26.777778,0.443675,0.333333,0.443675,0.333333,0.0,0.0,0.0,0.0,0.0,0.0,1.994254,1.807728,0.186526,29.888889,3.430397,1.505934,3.162278,1.807728,3.572841
244,4304,83,87,5,7,26.708545,26.133894,-0.574651,0,0.021998,0.149657,1,244,appearance,30,0.857,1.4,60.8,77.83,96.31,54.48,0.48,0.0,4.097,0.0,0.0,0.0,0,0,0.0,0.0,0.0,0.0,2.45,0.0,0.0,surface_backed,0.795,0.0,41.375,0.0,50.509,9.0,9.0,1.0,0.0,3.657,0.449231,0.427556,0.222222,0.777778,0.0,0.333333,0.0,0.666667,0.0,0.0,0.0,0.302444,0.572,1.861778,2.45,0.0,0.0,0.011667,0.04,0.0,59.046667,27.754444,81.454444,27.333333,0.256061,0.222222,0.256061,0.222222,0.0,0.0,0.0,0.0,0.0,0.0,1.647242,1.491465,0.155777,29.111111,3.404894,1.15457,2.54951,1.491465,3.572841
245,4304,82,87,6,7,29.009713,28.394072,-0.615641,0,-0.160702,0.097277,1,245,appearance,33,0.786,1.167,55.14,66.31,81.11,51.93,0.582,0.0,4.081,0.0,0.0,0.0,0,0,0.0,0.0,0.0,0.0,2.519,0.0,0.0,surface_backed,0.799,0.0,41.889,0.0,50.438,9.0,9.0,1.0,0.0,3.747556,0.443393,0.427556,0.222222,0.777778,0.0,0.444444,0.0,0.555556,0.0,0.0,0.0,0.342444,0.582,1.968222,2.519,0.0,0.0,0.011667,0.04,0.0,58.903333,33.881111,80.198889,27.555556,0.256061,0.222222,0.256061,0.222222,0.0,0.0,0.0,0.0,0.0,0.0,1.53063,1.154819,0.375811,33.222222,3.532875,0.926847,2.236068,1.154819,2.703657
246,4304,82,87,6,7,27.700189,27.057248,-0.642941,0,-0.104456,0.06323,1,246,appearance,33,0.786,1.167,0.0,66.31,81.11,51.93,0.582,0.0,3.091,0.0,0.0,0.0,0,0,0.0,0.0,0.0,0.0,2.519,0.0,0.0,surface_backed,0.799,0.0,41.89,0.0,50.441,9.0,9.0,1.0,0.0,3.641444,0.472585,0.427556,0.222222,0.777778,0.0,0.555556,0.0,0.444444,0.0,0.0,0.0,0.369222,0.582,2.050556,2.519,0.0,0.0,0.011667,0.04,0.0,58.528889,28.64,77.985556,28.444444,0.256061,0.222222,0.256061,0.222222,0.0,0.0,0.0,0.0,0.0,0.0,1.363963,1.083763,0.2802,27.888889,3.363457,0.871291,2.236068,1.083763,2.703657
247,4304,82,88,5,6,29.011341,28.390042,-0.621299,0,-0.242896,0.216099,1,247,appearance,26,0.867,1.2,51.23,81.07,102.04,60.22,0.266,0.0,4.156,0.0,0.0,0.0,0,0,0.0,0.0,0.0,0.0,2.555,0.0,0.0,surface_backed,0.786,0.0,40.295,0.0,54.008,9.0,9.0,1.0,0.0,3.756667,0.457331,0.427556,0.222222,0.777778,0.0,0.666667,0.0,0.333333,0.0,0.0,0.0,0.360889,0.582,2.136222,2.555,0.0,0.0,0.011667,0.04,0.0,59.073333,34.332222,77.412222,28.555556,0.256061,0.222222,0.256061,0.222222,0.0,0.0,0.0,0.0,0.0,0.0,1.539645,1.114339,0.425306,33.555556,3.542568,0.949858,2.236068,1.114339,2.703657
248,4304,82,88,5,6,27.958447,27.336948,-0.621499,0,-0.157883,0.140465,1,248,appearance,26,0.867,1.2,0.0,81.07,102.05,60.23,0.266,0.0,3.166,0.0,0.0,0.0,0,0,0.0,0.0,0.0,0.0,2.555,0.0,0.0,surface_backed,0.786,0.0,40.304,0.0,54.007,9.0,9.0,1.0,0.0,3.655222,0.475481,0.427556,0.222222,0.777778,0.0,0.666667,0.0,0.333333,0.0,0.0,0.0,0.343667,0.582,2.160222,2.555,0.0,0.0,0.011667,0.04,0.0,59.931111,28.983333,77.61,28.111111,0.256061,0.222222,0.256061,0.222222,0.0,0.0,0.0,0.0,0.0,0.0,1.415419,1.116905,0.298515,29.0,3.401197,0.894303,2.236068,1.116905,2.703657
249,4304,80,88,5,5,29.123608,28.535266,-0.588342,0,-0.802624,-0.083698,1,249,map,25,1.0,1.0,56.68,65.68,83.23,72.9,0.098,0.0,4.21,0.0,0.0,0.0,0,0,0.0,0.0,0.0,2.091,3.013,0.0,0.0,boundary_mixed,0.62,0.0,29.603,0.0,55.057,9.0,9.0,1.0,0.0,3.682444,0.498875,0.455889,0.222222,0.777778,0.0,0.666667,0.0,0.333333,0.0,0.0,0.0,0.349778,0.582,2.336778,3.013,0.0,0.0,0.008889,0.04,0.0,60.13,29.978889,76.045556,28.111111,0.351652,0.222222,0.351652,0.222222,0.0,0.0,0.0,0.0,0.0,0.0,1.401986,1.10099,0.300997,26.555556,3.316204,0.874912,2.061553,1.10099,2.703657
250,4304,82,88,4,6,29.638441,29.014822,-0.623618,0,0.003295,0.120596,1,250,appearance,23,0.958,1.5,55.83,89.54,113.94,64.27,0.261,0.0,4.094,0.0,0.0,0.0,0,0,0.0,0.0,0.0,0.0,2.914,0.0,0.0,surface_backed,0.801,0.0,42.124,0.0,54.752,9.0,9.0,1.0,0.0,3.793333,0.466032,0.455889,0.222222,0.777778,0.0,0.666667,0.0,0.333333,0.0,0.0,0.0,0.315222,0.582,2.391667,3.013,0.0,0.0,0.008889,0.04,0.0,61.675556,36.182222,78.187778,27.0,0.228276,0.222222,0.228276,0.222222,0.0,0.0,0.0,0.0,0.0,0.0,1.280245,1.064523,0.215723,32.111111,3.499869,0.850286,2.061553,1.064523,2.375454
251,4304,74,90,3,3,22.181193,21.782155,-0.399038,1,-2.271705,0.295596,0,,,,,,,,,,,,,,,,,,,,,,,,,,,,,,,8.0,9.0,0.888889,0.111111,3.614125,0.52637,0.522625,0.25,0.75,0.0,0.75,0.0,0.25,0.0,0.0,0.125,0.331875,0.582,2.391375,3.013,0.0,0.0,0.005,0.04,0.0,65.51625,31.13375,67.60625,25.5,0.21655,0.111111,0.21655,0.111111,0.0,0.0,0.0,0.0,0.0,0.0,1.578365,1.076809,0.501556,27.0,3.332205,1.295393,5.09902,1.076809,4.335017
252,4304,76,90,3,3,24.090726,23.497195,-0.593531,0,-2.273608,0.225952,1,252,map,9,1.0,1.0,31.44,12.56,13.12,103.82,0.217,0.0,2.862,0.0,0.0,0.0,0,0,0.0,0.0,0.0,1.868,2.057,0.0,0.0,surface_backed,0.854,0.0,48.454,0.0,58.941,9.0,9.0,1.0,0.0,3.651222,0.539354,0.439889,0.222222,0.777778,0.0,0.888889,0.0,0.111111,0.0,0.0,0.111111,0.334778,0.582,2.610667,3.013,0.0,0.0,0.0,0.0,0.0,64.895556,34.568889,69.99,25.333333,0.250066,0.222222,0.250066,0.222222,0.0,0.0,0.0,0.0,0.0,0.0,1.705142,1.426681,0.27846,30.555556,3.45175,1.263222,6.519202,1.426681,6.515796
253,4304,74,90,3,3,19.215304,18.763187,-0.452118,1,-2.273608,0.225952,0,,,,,,,,,,,,,,,,,,,,,,,,,,,,,,,8.0,9.0,0.888889,0.111111,3.5955,0.547102,0.494875,0.25,0.75,0.0,0.875,0.0,0.125,0.0,0.0,0.125,0.316625,0.582,2.63075,3.013,0.0,0.0,0.0,0.0,0.0,66.1975,31.29,69.01,24.75,0.250066,0.222222,0.250066,0.222222,0.0,0.0,0.0,0.0,0.0,0.0,1.594031,1.400824,0.193206,25.333333,3.270836,1.51709,6.519202,1.400824,6.515796
254,4304,76,92,3,3,23.124848,22.49168,-0.633168,0,-2.173349,0.795465,1,254,map,9,1.0,1.0,30.0,17.22,21.26,104.35,0.188,0.0,2.821,0.0,0.0,0.0,0,0,0.0,0.0,0.0,1.631,2.79,0.0,0.0,surface_backed,0.921,0.0,56.511,0.0,61.315,9.0,9.0,1.0,0.0,3.555111,0.548669,0.413556,0.222222,0.777778,0.0,0.888889,0.0,0.111111,0.0,0.0,0.111111,0.244333,0.582,2.614778,3.013,0.0,0.0,0.0,0.0,0.0,69.094444,28.224444,73.15,23.222222,0.148612,0.222222,0.148612,0.222222,0.0,0.0,0.0,0.0,0.0,0.0,1.576764,1.406793,0.169971,25.888889,3.291713,1.264607,6.324555,1.406793,6.171927
255,4304,78,88,5,5,31.015388,30.296807,-0.718581,0,-1.097677,-0.226698,1,255,map,25,1.0,1.0,48.92,50.84,63.91,76.22,0.112,0.0,4.234,0.0,0.0,0.0,0,0,0.0,0.0,0.0,2.139,2.519,0.0,0.0,surface_backed,0.772,0.0,38.586,0.0,56.39,9.0,9.0,1.0,0.0,3.819667,0.476084,0.47,0.222222,0.777778,0.0,0.888889,0.0,0.111111,0.0,0.0,0.0,0.221333,0.451,2.623444,3.013,0.0,0.0,0.0,0.0,0.0,67.13,36.385556,78.025556,24.111111,0.328324,0.222222,0.328324,0.222222,0.0,0.0,0.0,0.0,0.0,0.0,1.339992,1.101633,0.238359,30.666667,3.455265,0.955365,3.041381,1.101633,2.9567
256,4304,81,88,4,6,28.057276,27.322748,-0.734528,0,0.16151,0.027646,1,256,appearance,22,0.917,1.5,0.0,88.46,111.78,66.72,0.324,0.0,3.061,0.0,0.0,0.0,0,0,0.0,0.0,0.0,0.0,3.286,0.0,0.0,surface_backed,0.827,0.0,45.207,0.0,54.561,9.0,9.0,1.0,0.0,3.698,0.513067,0.47,0.222222,0.777778,0.0,0.888889,0.0,0.111111,0.0,0.0,0.0,0.227778,0.451,2.704667,3.286,0.0,0.0,0.0,0.0,0.0,67.852222,30.693333,78.846667,23.666667,0.328324,0.222222,0.328324,0.222222,0.0,0.0,0.0,0.0,0.0,0.0,1.447589,1.443975,0.003614,25.222222,3.266607,1.160077,3.041381,1.443975,3.670337
257,4304,78,88,5,5,30.368523,30.344808,-0.023715,0,-0.770019,-0.15703,1,257,map,25,1.0,1.0,46.6,55.56,68.91,77.7,0.136,0.0,4.185,0.0,0.0,0.0,0,0,0.0,0.0,0.0,2.12,2.552,0.0,0.0,surface_backed,0.779,0.0,39.486,0.0,56.737,9.0,9.0,1.0,0.0,3.811222,0.495301,0.705556,0.333333,0.666667,0.0,0.888889,0.0,0.111111,0.0,0.0,0.0,0.213333,0.451,2.704333,3.286,0.0,0.0,0.0,0.0,0.0,69.793333,35.871111,76.012222,23.555556,0.520525,0.333333,0.520525,0.333333,0.0,0.0,0.0,0.0,0.0,0.0,1.840426,1.70933,0.131096,30.222222,3.44113,1.443355,3.041381,1.70933,3.670337
258,4304,80,89,5,5,26.028174,25.372526,-0.655648,0,0.199488,0.247931,1,258,appearance,21,0.84,1.0,0.0,82.24,102.1,73.8,0.25,0.0,3.117,0.0,0.0,0.0,0,0,0.0,0.0,0.0,0.0,2.535,0.0,0.0,surface_backed,0.816,0.0,43.937,0.0,57.842,9.0,9.0,1.0,0.0,3.689778,0.516192,0.473222,0.222222,0.777778,0.0,1.0,0.0,0.0,0.0,0.0,0.0,0.230222,0.451,2.651222,3.286,0.0,0.0,0.0,0.0,0.0,69.893333,29.573333,77.852222,23.111111,0.281165,0.222222,0.281165,0.222222,0.0,0.0,0.0,0.0,0.0,0.0,1.750947,1.826183,-0.075236,26.777778,3.324236,1.462746,3.041381,1.826183,3.670337
259,4304,80,89,5,5,27.785423,27.148569,-0.636854,0,0.129667,0.161155,1,259,appearance,22,0.88,1.0,50.96,80.28,99.02,73.19,0.342,0.0,4.08,0.0,0.0,0.0,0,0,0.0,0.0,0.0,0.0,2.643,0.0,0.0,surface_backed,0.823,0.0,44.783,0.0,57.996,9.0,9.0,1.0,0.0,3.688222,0.514992,0.473222,0.222222,0.777778,0.0,1.0,0.0,0.0,0.0,0.0,0.0,0.239222,0.451,2.621111,3.286,0.0,0.0,0.0,0.0,0.0,70.884444,29.032222,76.823333,23.0,0.404542,0.222222,0.404542,0.222222,0.0,0.0,0.0,0.0,0.0,0.0,1.78349,1.597602,0.185889,25.888889,3.291713,1.287064,3.041381,1.597602,3.670337
260,4304,80,89,5,5,23.984591,23.474512,-0.510079,1,0.129667,0.161155,0,,,,,,,,,,,,,,,,,,,,,,,,,,,,,,,8.0,9.0,0.888889,0.111111,3.76125,0.500371,0.532375,0.25,0.75,0.0,1.0,0.0,0.0,0.0,0.0,0.0,0.2365,0.451,2.5845,3.286,0.0,0.0,0.0,0.0,0.0,71.71,32.66125,75.23375,23.0,0.404542,0.222222,0.404542,0.222222,0.0,0.0,0.0,0.0,0.0,0.0,1.78349,1.584197,0.199293,30.444444,3.448222,1.310047,3.041381,1.584197,3.670337
261,4304,88,87,3,3,17.991017,18.302192,0.311176,1,1.834284,-0.595249,0,,,,,,,,,,,,,,,,,,,,,,,,,,,,,,,8.0,9.0,0.888889,0.111111,3.587125,0.5653,0.731875,0.375,0.625,0.0,1.0,0.0,0.0,0.0,0.0,0.125,0.251,0.451,2.53875,3.286,0.0,0.0,0.0,0.0,0.0,74.9025,29.4875,66.7525,21.375,0.274538,0.222222,0.274538,0.222222,0.0,0.0,0.0,0.0,0.0,0.0,2.104712,2.103378,0.001335,26.666667,3.320228,2.02112,5.385165,2.103378,5.328295
262,4304,80,90,4,5,19.872301,19.368609,-0.503692,0,-0.090716,0.454751,1,262,appearance,19,0.95,1.25,54.55,86.4,107.64,81.26,0.147,0.0,4.103,0.0,0.0,0.0,0,0,0.0,0.0,0.0,0.0,3.241,0.0,0.0,surface_backed,0.84,0.0,46.743,0.0,59.022,7.0,9.0,0.777778,0.222222,3.834143,0.474841,0.608429,0.285714,0.714286,0.0,1.0,0.0,0.0,0.0,0.0,0.0,0.251714,0.451,2.806286,3.286,0.0,0.0,0.0,0.0,0.0,73.038571,36.508571,74.335714,22.714286,0.404542,0.222222,0.404542,0.222222,0.0,0.0,0.0,0.0,0.0,0.0,1.808117,1.596226,0.211891,31.333333,3.476099,1.378688,3.041381,1.596226,3.670337
263,4304,80,90,4,5,18.926526,18.378198,-0.548328,0,-0.058966,0.295588,1,263,appearance,19,0.95,1.25,0.0,86.4,107.64,81.26,0.147,0.0,3.113,0.0,0.0,0.0,0,0,0.0,0.0,0.0,0.0,3.241,0.0,0.0,surface_backed,0.84,0.0,46.743,0.0,59.028,7.0,9.0,0.777778,0.222222,3.699,0.523718,0.608429,0.285714,0.714286,0.0,1.0,0.0,0.0,0.0,0.0,0.0,0.208286,0.342,2.859571,3.286,0.0,0.0,0.0,0.0,0.0,75.735714,28.718571,75.74,21.857143,0.404542,0.222222,0.404542,0.222222,0.0,0.0,0.0,0.0,0.0,0.0,1.683891,1.57479,0.109101,26.444444,3.312164,1.323132,3.041381,1.57479,3.670337
365,10084,71,116,12,12,16.408735,18.566466,2.15773,0,0.0,-0.433143,1,365,map,144,1.0,1.0,10.84,11.01,6.07,93.36,0.662,0.0,4.739,0.0,0.0,0.0,0,0,0.0,0.0,0.0,4.461,3.714,0.0,0.0,surface_backed,0.963,0.0,61.61,0.0,55.957,6.0,9.0,0.666667,0.333333,4.784833,0.326569,4.494833,1.0,0.0,0.0,1.0,0.0,0.0,0.0,0.0,0.0,0.6765,0.683,3.741333,3.816,0.0,0.0,0.0,0.0,0.0,93.84,11.525,11.583333,144.0,0.089569,0.222222,0.089569,0.222222,0.0,0.0,0.0,0.0,0.0,0.0,1.0,0.395921,0.604079,32.0,3.496508,0.466106,1.0,0.395921,0.789648
367,10084,72,116,12,12,16.607583,18.776001,2.168418,0,0.35,-0.281543,1,367,map,144,1.0,1.0,10.99,11.64,7.25,91.96,0.691,0.0,4.408,0.0,0.0,0.0,0,0,0.0,0.0,0.0,4.072,3.692,0.0,0.0,surface_backed,0.964,0.0,61.707,0.0,56.127,6.0,9.0,0.666667,0.333333,4.786667,0.32441,4.498833,1.0,0.0,0.0,1.0,0.0,0.0,0.0,0.0,0.0,0.677833,0.691,3.720667,3.784,0.0,0.0,0.0,0.0,0.0,93.581667,11.278333,11.611667,144.0,0.078231,0.222222,0.078231,0.222222,0.0,0.0,0.0,0.0,0.0,0.0,0.934913,0.431174,0.503739,32.333333,3.506558,0.458914,1.0,0.431174,1.089777
495,14131,4,70,5,5,14.777427,18.25444,3.477013,0,-0.35,0.371823,1,495,map,25,1.0,1.0,9.0,3.6,2.76,21.75,0.497,0.0,2.738,0.0,0.0,0.0,0,0,0.0,0.0,0.0,2.044,0.41,0.0,0.048,boundary_mixed,0.62,0.0477,21.324,0.0,44.638,9.0,9.0,1.0,0.0,2.252,0.365981,1.456778,1.0,0.0,0.0,0.0,0.0,0.333333,0.0,0.666667,0.888889,0.361444,0.497,0.574778,1.266,0.0,0.0,0.221333,0.268,0.888889,15.655556,4.334444,6.855556,10.777778,-0.008306,0.0,-0.008306,0.0,0.0,0.0,0.0,0.0,0.0,0.0,1.229388,0.950916,0.278472,34.555556,3.571096,0.71269,2.0,0.950916,2.63175
532,15544,79,97,12,12,19.820744,20.970605,1.14986,0,0.262128,-0.558143,1,532,map,144,1.0,1.0,18.64,16.82,1.8,56.97,0.198,0.0,4.642,0.0,0.0,0.0,0,0,0.0,0.0,0.0,4.022,2.455,0.0,0.0,surface_backed,0.944,0.0,59.299,0.0,52.857,7.0,9.0,0.777778,0.222222,3.904571,0.854205,1.835286,0.428571,0.571429,0.0,1.0,0.0,0.0,0.0,0.0,0.571429,0.249286,0.392,2.876,3.413,0.0,0.0,0.0,0.0,0.0,75.68,16.402857,55.558571,67.285714,0.43817,0.444444,0.43817,0.444444,0.0,0.0,0.0,0.0,0.0,0.0,1.15216,1.219341,-0.067181,35.777778,3.604894,1.15096,3.535534,1.219341,3.517866
533,15544,82,103,4,4,19.983555,21.23088,1.247325,0,-0.179617,0.337207,1,533,appearance,15,0.938,1.0,0.0,76.0,96.66,89.54,0.536,0.0,2.889,0.0,0.0,0.0,0,0,0.0,0.0,0.0,0.0,2.655,0.0,0.0,surface_backed,0.868,0.0,50.205,0.0,59.633,7.0,9.0,0.777778,0.222222,3.824,0.91727,1.835286,0.428571,0.571429,0.0,1.0,0.0,0.0,0.0,0.0,0.571429,0.292143,0.536,2.794857,3.413,0.0,0.0,0.0,0.0,0.0,75.575714,12.371429,54.558571,68.142857,0.43817,0.444444,0.43817,0.444444,0.0,0.0,0.0,0.0,0.0,0.0,1.400612,1.536291,-0.135679,31.0,3.465736,1.399412,3.535534,1.536291,3.517866
534,15544,77,96,12,12,21.544476,23.713995,2.169519,0,-0.466751,-0.830815,1,534,map,144,1.0,1.0,13.99,17.41,2.59,56.45,0.136,0.0,4.707,0.0,0.0,0.0,0,0,0.0,0.0,0.0,4.111,2.575,0.0,0.0,surface_backed,0.939,0.0,58.64,0.0,52.358,7.0,9.0,0.777778,0.222222,4.082429,0.873777,2.422571,0.571429,0.428571,0.0,1.0,0.0,0.0,0.0,0.0,0.428571,0.277714,0.536,2.702286,3.413,0.0,0.0,0.0,0.0,0.0,70.74,14.37,45.188571,87.428571,0.531721,0.555556,0.531721,0.555556,0.0,0.0,0.0,0.0,0.0,0.0,1.751976,1.918132,-0.166155,35.777778,3.604894,1.750776,3.535534,1.918132,3.517866
535,15544,82,102,3,4,17.968166,20.17197,2.203804,0,-0.128388,0.15997,1,535,appearance,12,1.0,1.333,0.0,91.75,120.44,93.77,0.412,0.0,2.862,0.0,0.0,0.0,0,0,0.0,0.0,0.0,0.0,2.19,0.0,0.0,surface_backed,0.844,0.0,47.256,0.0,57.917,7.0,9.0,0.777778,0.222222,3.974714,0.96622,2.422571,0.571429,0.428571,0.0,1.0,0.0,0.0,0.0,0.0,0.428571,0.299857,0.536,2.527571,3.341,0.0,0.0,0.0,0.0,0.0,71.385714,9.084286,45.581429,87.857143,0.374125,0.444444,0.374125,0.444444,0.0,0.0,0.0,0.0,0.0,0.0,1.758815,2.139392,-0.380576,29.111111,3.404894,1.868726,3.535534,2.139392,3.517866
536,15544,77,95,12,12,22.978501,25.580693,2.602192,0,-0.258452,-0.946019,1,536,map,144,1.0,1.0,12.89,18.1,3.54,54.74,0.102,0.0,4.306,0.0,0.0,0.0,0,0,0.0,0.0,0.0,3.642,2.719,0.0,0.0,surface_backed,0.931,0.0,57.77,0.0,52.144,8.0,9.0,0.888889,0.111111,4.016125,0.910433,2.575,0.625,0.375,0.0,1.0,0.0,0.0,0.0,0.0,0.375,0.275125,0.536,2.5515,3.341,0.0,0.0,0.0,0.0,0.0,69.305,9.56,42.14625,94.875,0.465206,0.555556,0.465206,0.555556,0.0,0.0,0.0,0.0,0.0,0.0,2.096747,2.492919,-0.396172,30.111111,3.437565,2.167769,3.535534,2.492919,3.517866
537,15544,77,95,12,12,28.105132,30.905076,2.799944,0,-0.167994,-0.614913,1,537,map,144,1.0,1.0,12.38,18.85,2.15,54.03,0.104,0.0,4.179,0.0,0.0,0.0,0,0,0.0,0.0,0.0,3.502,2.714,0.0,0.0,surface_backed,0.927,0.0,57.192,0.0,52.039,9.0,9.0,1.0,0.0,4.034222,0.859889,2.678,0.666667,0.333333,0.0,1.0,0.0,0.0,0.0,0.0,0.333333,0.256111,0.536,2.569556,3.341,0.0,0.0,0.0,0.0,0.0,67.607778,9.873333,39.557778,100.333333,0.465206,0.555556,0.465206,0.555556,0.0,0.0,0.0,0.0,0.0,0.0,2.096747,2.601884,-0.505138,35.888889,3.60791,2.12888,3.535534,2.601884,3.517866
538,15544,81,100,4,5,24.698337,26.631388,1.933051,0,-0.109196,0.125307,1,538,appearance,18,0.9,1.25,0.0,77.25,96.16,66.5,0.654,0.0,2.869,0.0,0.0,0.0,0,0,0.0,0.0,0.0,0.0,2.901,0.0,0.0,surface_backed,0.856,0.0,48.768,0.0,57.59,9.0,9.0,1.0,0.0,3.779778,0.827622,2.156333,0.555556,0.444444,0.0,1.0,0.0,0.0,0.0,0.0,0.333333,0.304,0.654,2.649222,3.341,0.0,0.0,0.0,0.0,0.0,68.527778,8.235556,46.466667,86.333333,0.328829,0.444444,0.328829,0.444444,0.0,0.0,0.0,0.0,0.0,0.0,1.840315,2.483233,-0.642918,30.222222,3.44113,1.902709,3.162278,2.483233,3.517866
539,15544,77,94,12,12,27.929704,30.535199,2.605495,0,-0.070977,-0.793551,1,539,map,144,1.0,1.0,12.4,18.98,2.74,52.38,0.034,0.0,4.463,0.0,0.0,0.0,0,0,0.0,0.0,0.0,3.789,2.648,0.0,0.0,surface_backed,0.916,0.0,55.945,0.0,51.528,9.0,9.0,1.0,0.0,3.956667,0.783435,2.577333,0.666667,0.333333,0.0,1.0,0.0,0.0,0.0,0.0,0.222222,0.264222,0.654,2.572222,2.901,0.0,0.0,0.0,0.0,0.0,64.677778,9.613333,39.028889,101.0,0.381086,0.555556,0.381086,0.555556,0.0,0.0,0.0,0.0,0.0,0.0,1.889031,2.384312,-0.495281,35.777778,3.604894,1.951426,3.162278,2.384312,3.436565
540,15544,77,93,12,12,21.589092,23.787342,2.19825,1,-0.070977,-0.793551,0,,,,,,,,,,,,,,,,,,,,,,,,,,,,,,,8.0,9.0,0.888889,0.111111,3.864625,0.783739,2.38325,0.625,0.375,0.0,1.0,0.0,0.0,0.0,0.0,0.25,0.272,0.654,2.607125,2.901,0.0,0.0,0.0,0.0,0.0,65.5475,8.7875,41.895,95.625,0.265612,0.444444,0.265612,0.444444,0.0,0.0,0.0,0.0,0.0,0.0,1.611253,2.179491,-0.568237,30.888889,3.462258,1.810889,3.162278,2.179491,3.436565
541,15544,78,94,12,12,20.82447,22.976909,2.152439,0,0.303865,-0.165808,1,541,map,144,1.0,1.0,13.17,19.21,2.23,52.04,0.067,0.0,3.969,0.0,0.0,0.0,0,0,0.0,0.0,0.0,3.239,2.597,0.0,0.0,surface_backed,0.909,0.0,55.078,0.0,51.539,8.0,9.0,0.888889,0.111111,3.7805,0.730063,2.285375,0.625,0.375,0.0,1.0,0.0,0.0,0.0,0.0,0.25,0.255625,0.654,2.624875,2.901,0.0,0.0,0.0,0.0,0.0,64.93125,8.10375,42.19375,95.625,0.271557,0.444444,0.271557,0.444444,0.0,0.0,0.0,0.0,0.0,0.0,1.859705,2.253447,-0.393741,30.666667,3.455265,1.856912,3.162278,2.253447,3.436565
542,15544,76,93,12,12,23.962206,26.820963,2.858757,0,-0.502488,-0.457775,1,542,map,144,1.0,1.0,12.75,19.44,2.47,50.81,0.036,0.0,4.836,0.0,0.0,0.0,0,0,0.0,0.0,0.0,4.19,2.577,0.0,0.0,surface_backed,0.9,0.0,53.944,0.0,51.285,8.0,9.0,0.888889,0.111111,4.023875,0.716711,2.809125,0.75,0.25,0.0,1.0,0.0,0.0,0.0,0.0,0.125,0.193125,0.654,2.615125,2.901,0.0,0.0,0.0,0.0,0.0,60.09,9.6975,35.12375,111.75,0.309283,0.555556,0.309283,0.555556,0.0,0.0,0.0,0.0,0.0,0.0,1.859705,2.208745,-0.34904,36.444444,3.622858,1.856912,3.162278,2.208745,3.436565
543,15544,75,93,12,12,18.775461,21.246083,2.470622,1,-0.502488,-0.457775,0,,,,,,,,,,,,,,,,,,,,,,,,,,,,,,,7.0,9.0,0.777778,0.222222,3.926286,0.71475,2.623143,0.714286,0.285714,0.0,1.0,0.0,0.0,0.0,0.0,0.142857,0.201286,0.654,2.620857,2.901,0.0,0.0,0.0,0.0,0.0,60.61,9.084286,37.654286,107.142857,0.215732,0.444444,0.215732,0.444444,0.0,0.0,0.0,0.0,0.0,0.0,1.508341,1.826904,-0.318563,31.777778,3.489751,1.581075,3.041381,1.826904,3.181746
544,15544,78,98,5,5,21.900161,25.093626,3.193465,0,-0.501617,0.227446,1,544,map,25,1.0,1.0,23.6,57.56,71.09,64.71,0.33,0.0,4.432,0.0,0.0,0.0,0,0,0.0,0.0,0.0,2.723,1.82,0.0,0.0,surface_backed,0.839,0.0,46.669,0.0,54.241,7.0,9.0,0.777778,0.222222,4.150571,0.579037,3.012143,0.857143,0.142857,0.0,1.0,0.0,0.0,0.0,0.0,0.0,0.189571,0.654,2.568,2.901,0.0,0.0,0.0,0.0,0.0,56.458571,12.455714,32.77,109.0,0.285322,0.555556,0.285322,0.555556,0.0,0.0,0.0,0.0,0.0,0.0,1.454962,1.712064,-0.257102,37.666667,3.654978,1.527696,3.041381,1.712064,3.181746
545,15544,77,98,5,5,16.889826,19.790053,2.900228,1,-0.501617,0.227446,0,,,,,,,,,,,,,,,,,,,,,,,,,,,,,,,6.0,9.0,0.666667,0.333333,4.124667,0.621665,2.907167,0.833333,0.166667,0.0,1.0,0.0,0.0,0.0,0.0,0.0,0.204167,0.654,2.542833,2.901,0.0,0.0,0.0,0.0,0.0,56.745,12.383333,35.215,103.166667,0.194241,0.444444,0.194241,0.444444,0.0,0.0,0.0,0.0,0.0,0.0,1.117031,1.358537,-0.241506,32.111111,3.499869,1.250962,2.5,1.358537,2.627577
546,15544,76,92,12,12,17.351171,20.346836,2.995666,0,0.548949,-0.72716,1,546,map,144,1.0,1.0,24.12,20.31,1.29,49.72,0.089,0.0,6.227,0.0,0.0,0.0,0,0,0.0,0.0,0.0,5.603,3.589,0.0,0.0,surface_backed,0.884,0.0,52.038,0.0,51.489,6.0,9.0,0.666667,0.333333,4.466,1.003046,3.257333,0.833333,0.166667,0.0,1.0,0.0,0.0,0.0,0.0,0.0,0.201667,0.654,2.688667,3.589,0.0,0.0,0.0,0.0,0.0,56.026667,14.34,35.458333,103.166667,0.260773,0.555556,0.260773,0.555556,0.0,0.0,0.0,0.0,0.0,0.0,1.594937,1.700204,-0.105267,32.222222,3.503219,1.643799,3.535534,1.700204,4.055696
547,15544,76,98,3,3,17.894422,22.01042,4.115998,0,-0.666933,-0.376404,1,547,map,9,1.0,1.0,32.0,29.22,41.67,78.72,0.027,0.0,3.755,0.0,0.0,0.0,0,0,0.0,0.0,0.0,2.239,1.62,0.0,0.0,surface_backed,0.824,0.0,44.911,0.0,52.198,6.0,9.0,0.666667,0.333333,4.157667,0.460218,3.015667,1.0,0.0,0.0,1.0,0.0,0.0,0.0,0.0,0.333333,0.0935,0.33,2.162667,2.648,0.0,0.0,0.0,0.0,0.0,64.053333,22.301667,28.605,79.166667,0.255525,0.555556,0.255525,0.555556,0.0,0.0,0.0,0.0,0.0,0.0,1.505919,1.501195,0.004724,38.444444,3.674893,1.554969,2.5,1.501195,2.700368
569,16501,74,94,5,5,22.830506,22.252172,-0.578335,0,-0.922795,-0.245318,1,569,map,25,1.0,1.0,23.56,17.76,20.17,58.95,0.089,0.0,3.197,0.0,0.0,0.0,0,0,0.0,0.0,0.0,1.923,1.893,0.0,0.0,boundary_mixed,0.62,0.0,30.615,0.0,49.453,8.0,9.0,0.888889,0.111111,3.488625,0.304916,0.5085,0.25,0.75,0.0,0.0,0.0,1.0,0.0,0.0,0.125,0.16525,0.204,2.0465,3.587,0.0,0.0,0.032375,0.07,0.0,57.83,19.90625,73.3625,20.0,0.045374,0.111111,0.045374,0.111111,0.0,0.0,0.0,0.0,0.0,0.0,0.622977,0.471038,0.15194,32.444444,3.509886,0.572358,2.692582,0.471038,2.668268
571,16501,76,94,5,5,25.620362,25.012153,-0.608209,0,-0.792007,-0.321252,1,571,map,25,1.0,1.0,28.96,46.04,56.91,54.14,0.128,0.0,4.094,0.0,0.0,0.0,0,0,0.0,0.0,0.0,2.228,1.378,0.0,0.057,boundary_mixed,0.62,0.0571,26.99,0.0,48.836,9.0,9.0,1.0,0.0,3.472333,0.366835,0.485889,0.222222,0.777778,0.0,0.0,0.0,1.0,0.0,0.0,0.0,0.180333,0.204,2.032222,3.587,0.0,0.0,0.048889,0.073,0.0,54.462222,14.526667,77.767778,20.333333,0.201898,0.222222,0.201898,0.222222,0.0,0.0,0.0,0.0,0.0,0.0,1.113913,1.138133,-0.024219,29.666667,3.423176,0.897527,2.692582,1.138133,3.651019
572,16501,76,94,5,5,26.672371,26.612856,-0.059515,0,-0.514805,-0.208814,1,572,map,25,1.0,1.0,23.68,46.36,56.36,53.61,0.126,0.0,3.91,0.0,0.0,0.0,0,0,0.0,0.0,0.0,2.085,2.372,0.0,0.067,boundary_mixed,0.62,0.0672,26.574,0.0,48.634,9.0,9.0,1.0,0.0,3.563444,0.362365,0.717556,0.333333,0.666667,0.0,0.0,0.0,1.0,0.0,0.0,0.0,0.172333,0.204,2.045,3.587,0.0,0.0,0.054556,0.073,0.0,54.383333,17.157778,73.268889,21.0,0.201898,0.222222,0.201898,0.222222,0.0,0.0,0.0,0.0,0.0,0.0,1.113913,1.206178,-0.092265,34.666667,3.574217,0.897527,2.692582,1.206178,3.651019
573,16501,75,94,5,5,22.057591,22.177327,0.119736,1,-0.514805,-0.208814,0,,,,,,,,,,,,,,,,,,,,,,,,,,,,,,,8.0,9.0,0.888889,0.111111,3.558875,0.384101,0.80725,0.375,0.625,0.0,0.0,0.0,1.0,0.0,0.0,0.0,0.1685,0.204,2.12875,3.587,0.0,0.0,0.058,0.073,0.0,54.43125,16.04625,71.59,21.25,0.201898,0.222222,0.201898,0.222222,0.0,0.0,0.0,0.0,0.0,0.0,1.113913,1.188681,-0.074768,28.555556,3.386272,0.959254,2.692582,1.188681,3.651019
574,16501,74,96,3,3,21.546021,22.412283,0.866262,0,-1.034623,0.214271,1,574,map,9,1.0,1.0,21.0,19.67,24.89,86.05,0.116,0.0,3.07,0.0,0.0,0.0,0,0,0.0,0.0,0.0,1.897,0.973,0.0,0.0,boundary_mixed,0.62,0.0,34.427,0.0,46.95,8.0,9.0,0.888889,0.111111,3.556625,0.386896,1.044375,0.5,0.5,0.0,0.0,0.0,1.0,0.0,0.0,0.125,0.1575,0.199,2.078125,3.587,0.0,0.0,0.054625,0.073,0.0,58.4325,18.67125,63.21125,20.0,0.157289,0.222222,0.157289,0.222222,0.0,0.0,0.0,0.0,0.0,0.0,1.362365,1.39008,-0.027715,34.333333,3.564827,1.207706,2.692582,1.39008,3.651019
575,16501,79,95,4,5,18.933903,19.104327,0.170424,0,0.578745,0.139276,1,575,appearance,19,0.95,1.25,0.0,90.2,115.49,54.63,0.24,0.0,3.072,0.0,0.0,0.0,0,0,0.0,0.0,0.0,0.0,1.572,0.0,0.078,boundary_mixed,0.62,0.0775,27.264,0.0,49.143,8.0,9.0,0.888889,0.111111,3.556,0.386545,0.80725,0.375,0.625,0.0,0.0,0.0,1.0,0.0,0.0,0.0,0.178125,0.24,2.109875,3.587,0.0,0.0,0.06875,0.079,0.0,54.51875,16.12125,72.42125,21.25,0.113445,0.222222,0.113445,0.222222,0.0,0.0,0.0,0.0,0.0,0.0,1.518364,1.737541,-0.219177,29.111111,3.404894,1.363705,3.640055,1.737541,4.192837
576,16501,78,95,5,5,18.809818,18.23423,-0.575588,0,0.201184,0.09053,1,576,appearance,22,0.88,1.0,34.36,79.4,99.8,52.6,0.339,0.0,3.767,0.0,0.0,0.0,0,0,0.0,0.0,0.0,0.0,1.293,0.0,0.07,boundary_mixed,0.62,0.0702,27.753,0.0,49.196,8.0,9.0,0.888889,0.111111,3.534375,0.368894,0.539125,0.25,0.75,0.0,0.0,0.0,1.0,0.0,0.0,0.0,0.205125,0.339,1.823125,3.07,0.0,0.0,0.070125,0.079,0.0,54.41625,17.73125,76.93125,20.875,0.031874,0.111111,0.031874,0.111111,0.0,0.0,0.0,0.0,0.0,0.0,1.343414,1.561922,-0.218508,30.0,3.433987,1.120085,3.640055,1.561922,4.192837
577,16501,74,96,3,3,18.612875,20.678483,2.065608,0,-0.209628,0.09053,1,577,map,9,1.0,1.0,34.89,20.33,24.52,90.82,0.147,0.0,3.447,0.0,0.0,0.0,0,0,0.0,0.0,0.0,2.144,1.074,0.0,0.0,boundary_mixed,0.62,0.0,34.071,0.0,46.123,7.0,9.0,0.777778,0.222222,3.508,0.364326,1.489286,0.714286,0.285714,0.0,0.0,0.0,1.0,0.0,0.0,0.428571,0.148143,0.189,1.446429,2.372,0.0,0.0,0.038429,0.073,0.0,69.091429,23.598571,46.767143,16.428571,0.114964,0.222222,0.114964,0.222222,0.0,0.0,0.0,0.0,0.0,0.0,1.03226,0.946897,0.085363,34.0,3.555348,0.837863,2.692582,0.946897,2.827565
578,16501,78,95,5,5,18.257992,18.327107,0.069115,0,-0.16,0.160749,1,578,appearance,21,0.84,1.0,0.0,79.6,99.31,53.13,0.373,0.0,3.062,0.0,0.0,0.0,0,0,0.0,0.0,0.0,0.0,1.192,0.0,0.069,boundary_mixed,0.62,0.0691,27.719,0.0,48.989,8.0,9.0,0.888889,0.111111,3.5905,0.432947,0.819125,0.375,0.625,0.0,0.0,0.0,1.0,0.0,0.0,0.0,0.224,0.373,1.79425,3.311,0.0,0.0,0.0805,0.151,0.0,54.20875,18.32875,72.02625,21.875,-0.035678,0.111111,-0.035678,0.111111,0.0,0.0,0.0,0.0,0.0,0.0,1.403801,1.70015,-0.296349,29.555556,3.419547,1.317813,3.640055,1.70015,4.192837
579,16501,74,96,3,3,18.022412,19.017763,0.995351,0,-1.854,0.104487,1,579,map,9,1.0,1.0,32.33,21.33,25.06,92.54,0.126,0.0,3.141,0.0,0.0,0.0,0,0,0.0,0.0,0.0,1.798,0.94,0.0,0.0,boundary_mixed,0.62,0.0,33.543,0.0,45.779,8.0,9.0,0.888889,0.111111,3.59625,0.426586,1.043875,0.5,0.5,0.0,0.0,0.0,1.0,0.0,0.0,0.125,0.21625,0.373,1.70375,3.311,0.0,0.0,0.071375,0.151,0.0,58.85125,22.37,63.73625,20.625,0.19527,0.222222,0.19527,0.222222,0.0,0.0,0.0,0.0,0.0,0.0,2.079664,2.215126,-0.135463,36.666667,3.628776,1.873368,5.0,2.215126,4.842669
592,16501,74,96,5,5,21.379489,23.869097,2.489609,0,-0.944468,0.719647,1,592,map,25,1.0,1.0,39.64,59.12,76.42,66.18,0.024,0.0,4.37,0.0,0.0,0.0,0,0,0.0,0.0,0.0,2.377,1.047,0.0,0.0,boundary_mixed,0.62,0.0,31.087,0.0,50.103,7.0,9.0,0.777778,0.222222,4.459286,0.754096,2.822857,0.714286,0.285714,0.0,0.571429,0.0,0.428571,0.0,0.0,0.0,0.519571,0.801,2.166286,2.78,0.0,0.0,0.016571,0.075,0.0,49.891429,21.884286,43.507143,92.714286,0.443454,0.333333,0.443454,0.333333,0.0,0.0,0.0,0.0,0.0,0.0,2.093469,2.047661,0.045808,40.555556,3.727031,1.935419,3.041381,2.047661,3.848476
593,16501,76,96,6,5,18.785528,20.538737,1.75321,0,0.261096,0.467771,1,593,appearance,25,0.833,1.2,0.0,73.57,89.09,52.39,0.318,0.0,3.129,0.0,0.0,0.0,0,0,0.0,0.0,0.0,0.0,1.303,0.0,0.042,boundary_mixed,0.62,0.0418,30.406,0.0,50.206,7.0,9.0,0.777778,0.222222,4.273286,0.886995,2.282286,0.571429,0.428571,0.0,0.428571,0.0,0.571429,0.0,0.0,0.0,0.472429,0.801,1.968714,2.78,0.0,0.0,0.022571,0.075,0.0,50.747143,19.931429,50.804286,75.714286,0.443454,0.333333,0.443454,0.333333,0.0,0.0,0.0,0.0,0.0,0.0,2.292679,2.302392,-0.009712,33.0,3.526361,2.134629,3.041381,2.302392,3.848476
594,16501,74,96,5,5,24.81343,27.013713,2.200282,0,-0.705288,0.304051,1,594,map,25,1.0,1.0,49.8,66.12,85.58,66.82,0.042,0.0,4.541,0.0,0.0,0.0,0,0,0.0,0.0,0.0,2.45,1.026,0.0,0.01,boundary_mixed,0.62,0.0095,30.513,0.0,50.021,8.0,9.0,0.888889,0.111111,4.30675,0.834418,2.30325,0.625,0.375,0.0,0.375,0.0,0.625,0.0,0.0,0.0,0.418625,0.801,1.850875,2.78,0.0,0.0,0.021,0.075,0.0,52.75625,23.665,52.71875,69.375,0.584929,0.444444,0.584929,0.444444,0.0,0.0,0.0,0.0,0.0,0.0,2.681568,2.613552,0.068016,38.555556,3.677706,2.354414,3.041381,2.613552,3.848476
595,16501,76,95,5,6,22.786912,24.986495,2.199584,0,0.241563,0.022633,1,595,appearance,25,0.833,1.2,0.0,78.0,98.49,51.3,0.462,0.0,3.064,0.0,0.0,0.0,0,0,0.0,0.0,0.0,0.0,1.376,0.0,0.039,boundary_mixed,0.62,0.0389,30.729,0.0,49.991,8.0,9.0,0.888889,0.111111,4.21525,0.921047,2.30325,0.625,0.375,0.0,0.375,0.0,0.625,0.0,0.0,0.0,0.4495,0.801,1.909,2.78,0.0,0.0,0.0165,0.042,0.0,51.86,19.635,52.58875,69.625,0.584929,0.444444,0.584929,0.444444,0.0,0.0,0.0,0.0,0.0,0.0,2.832062,2.82117,0.010893,33.444444,3.539348,2.504908,3.041381,2.82117,3.848476
596,16501,71,90,12,12,25.656934,30.000428,4.343494,0,-0.367984,-0.685288,1,596,map,144,1.0,1.0,25.27,23.49,6.97,43.51,0.824,0.0,5.556,0.0,0.0,0.0,0,0,0.0,0.0,0.0,4.907,2.76,0.0,0.0,surface_backed,0.845,0.0,47.404,0.0,50.879,8.0,9.0,0.888889,0.111111,4.3045,1.007949,2.392,0.625,0.375,0.0,0.375,0.0,0.625,0.0,0.0,0.0,0.454625,0.824,1.940125,2.78,0.0,0.0,0.0165,0.042,0.0,52.01,20.1475,52.7125,69.625,0.808064,0.555556,0.808064,0.555556,0.0,0.0,0.0,0.0,0.0,0.0,2.982686,2.802035,0.180652,34.555556,3.571096,2.458744,3.041381,2.802035,3.848476
597,16501,74,96,5,5,32.160732,36.894946,4.734214,0,-0.41419,0.429562,1,597,map,25,1.0,1.0,46.92,79.84,102.03,66.48,0.177,0.0,4.64,0.0,0.0,0.0,0,0,0.0,0.0,0.0,2.632,1.046,0.0,0.032,boundary_mixed,0.62,0.0324,29.389,0.0,50.385,9.0,9.0,1.0,0.0,4.341778,0.956134,2.418667,0.666667,0.333333,0.0,0.333333,0.0,0.666667,0.0,0.0,0.0,0.423778,0.824,1.840778,2.78,0.0,0.0,0.018222,0.042,0.0,53.617778,23.122222,55.726667,64.666667,1.03009,0.666667,1.03009,0.666667,0.0,0.0,0.0,0.0,0.0,0.0,3.306628,3.156259,0.150368,41.444444,3.748196,2.618658,3.041381,3.156259,3.848476
598,16501,75,96,5,5,30.709513,34.686034,3.976521,0,0.080777,0.279216,1,598,appearance,22,0.88,1.0,0.4,86.4,107.55,64.0,0.336,0.0,3.101,0.0,0.0,0.0,0,0,0.0,0.0,0.0,0.0,1.077,0.0,0.043,boundary_mixed,0.62,0.0433,28.554,0.0,49.828,9.0,9.0,1.0,0.0,4.097222,0.960727,1.902556,0.555556,0.444444,0.0,0.222222,0.0,0.777778,0.0,0.0,0.0,0.373667,0.824,1.681111,2.78,0.0,0.0,0.023,0.043,0.0,55.96,20.614444,62.758889,51.111111,0.930139,0.555556,0.930139,0.555556,0.0,0.0,0.0,0.0,0.0,0.0,2.959616,2.892872,0.066744,34.888889,3.580428,2.396436,3.041381,2.892872,3.678518
599,16501,71,90,12,12,34.107299,38.734995,4.627696,0,-0.122495,-0.69351,1,599,map,144,1.0,1.0,30.73,24.51,9.26,43.81,0.843,0.0,5.914,0.0,0.0,0.0,0,0,0.0,0.0,0.0,5.197,2.436,0.0,0.0,surface_backed,0.848,0.0,47.774,0.0,50.728,9.0,9.0,1.0,0.0,4.409667,1.040224,2.48,0.666667,0.333333,0.0,0.333333,0.0,0.666667,0.0,0.0,0.0,0.425222,0.843,1.642889,2.76,0.0,0.0,0.018444,0.043,0.0,55.345556,24.028889,57.074444,64.333333,0.942611,0.555556,0.942611,0.555556,0.0,0.0,0.0,0.0,0.0,0.0,3.044784,2.79962,0.245163,41.555556,3.75081,2.341783,2.915476,2.79962,3.518842
600,16501,75,95,5,6,31.332209,33.222203,1.889994,0,0.095378,0.249219,1,600,appearance,26,0.867,1.2,0.0,79.5,100.55,53.15,0.467,0.0,3.076,0.0,0.0,0.0,0,0,0.0,0.0,0.0,0.0,1.338,0.0,0.038,boundary_mixed,0.62,0.038,30.731,0.0,50.11,9.0,9.0,1.0,0.0,4.154556,1.054379,1.951444,0.555556,0.444444,0.0,0.222222,0.0,0.777778,0.0,0.0,0.0,0.388111,0.843,1.489889,2.76,0.0,0.0,0.022667,0.043,0.0,56.404444,21.417778,63.394444,51.222222,0.866902,0.444444,0.866902,0.444444,0.0,0.0,0.0,0.0,0.0,0.0,2.839942,2.772183,0.067759,34.666667,3.574217,2.293067,2.915476,2.772183,3.518842
601,16501,72,96,5,5,29.993477,31.851459,1.857982,0,-0.988004,0.336992,1,601,map,25,1.0,1.0,53.12,62.8,81.94,69.97,0.113,0.0,4.658,0.0,0.0,0.0,0,0,0.0,0.0,0.0,2.593,2.892,0.0,0.0,boundary_mixed,0.62,0.0,32.384,0.0,50.307,9.0,9.0,1.0,0.0,4.186556,1.064752,1.975444,0.555556,0.444444,0.0,0.222222,0.0,0.777778,0.0,0.0,0.0,0.398,0.843,1.694889,2.892,0.0,0.0,0.022667,0.043,0.0,56.825556,22.915556,63.803333,51.222222,0.721183,0.444444,0.721183,0.444444,0.0,0.0,0.0,0.0,0.0,0.0,2.891511,2.798435,0.093075,34.222222,3.561677,2.307056,3.041381,2.798435,3.518842
602,16501,73,95,6,6,28.55697,30.292042,1.735072,0,-0.117203,0.044045,1,602,appearance,29,0.806,1.0,55.78,72.39,89.51,52.98,0.53,0.0,4.092,0.0,0.0,0.0,0,0,0.0,0.0,0.0,0.0,1.171,0.0,0.025,boundary_mixed,0.62,0.025,31.809,0.0,50.303,9.0,9.0,1.0,0.0,4.293556,0.999485,1.975444,0.555556,0.444444,0.0,0.222222,0.0,0.777778,0.0,0.0,0.0,0.421556,0.843,1.680222,2.892,0.0,0.0,0.020778,0.043,0.0,56.891111,29.113333,63.672222,51.666667,0.387849,0.444444,0.387849,0.444444,0.0,0.0,0.0,0.0,0.0,0.0,2.789415,2.699122,0.090293,41.111111,3.740312,2.204961,3.041381,2.699122,3.188023
603,16501,73,95,6,6,26.125991,27.098839,0.972848,0,-0.076182,0.028629,1,603,appearance,29,0.806,1.0,0.0,72.39,89.51,52.97,0.53,0.0,3.102,0.0,0.0,0.0,0,0,0.0,0.0,0.0,0.0,1.171,0.0,0.025,boundary_mixed,0.62,0.025,31.804,0.0,50.301,9.0,9.0,1.0,0.0,4.133667,1.060358,1.703222,0.444444,0.555556,0.0,0.222222,0.0,0.777778,0.0,0.0,0.0,0.475778,0.843,1.696333,2.892,0.0,0.0,0.022444,0.043,0.0,55.352222,23.58,64.368889,52.111111,0.246374,0.333333,0.246374,0.333333,0.0,0.0,0.0,0.0,0.0,0.0,2.400526,2.401873,-0.001347,35.444444,3.595789,1.927183,3.041381,2.401873,3.188023
604,16501,73,95,6,6,28.386151,29.316768,0.930617,0,-0.049518,0.018609,1,604,appearance,30,0.833,1.0,55.53,72.69,89.3,54.24,0.472,0.0,4.131,0.0,0.0,0.0,0,0,0.0,0.0,0.0,0.0,1.173,0.0,0.021,boundary_mixed,0.62,0.0209,32.095,0.0,50.429,9.0,9.0,1.0,0.0,4.252222,0.991551,1.703222,0.444444,0.555556,0.0,0.222222,0.0,0.777778,0.0,0.0,0.0,0.476889,0.843,1.673778,2.892,0.0,0.0,0.020444,0.043,0.0,55.678889,29.75,63.778889,52.666667,0.246374,0.333333,0.246374,0.333333,0.0,0.0,0.0,0.0,0.0,0.0,2.282576,2.097333,0.185243,40.888889,3.735021,1.698121,3.041381,2.097333,3.188023
605,16501,73,95,6,6,25.442436,25.568515,0.126079,0,-0.032187,0.012096,1,605,appearance,30,0.833,1.0,0.0,72.69,89.29,54.24,0.472,0.0,3.141,0.0,0.0,0.0,0,0,0.0,0.0,0.0,0.0,1.173,0.0,0.021,boundary_mixed,0.62,0.0209,32.097,0.0,50.431,9.0,9.0,1.0,0.0,3.983889,0.927093,1.158,0.333333,0.666667,0.0,0.111111,0.0,0.888889,0.0,0.0,0.0,0.437778,0.843,1.497444,2.892,0.0,0.0,0.022778,0.043,0.0,56.871111,26.942222,69.245556,40.0,0.091046,0.222222,0.091046,0.222222,0.0,0.0,0.0,0.0,0.0,0.0,1.848673,1.806644,0.042029,34.111111,3.558518,1.420344,3.041381,1.806644,3.188023
606,16501,73,95,5,6,23.827339,23.195265,-0.632074,0,-0.195921,0.007862,1,606,appearance,26,0.867,1.2,63.43,82.8,102.41,56.61,0.422,0.0,4.086,0.0,0.0,0.0,0,0,0.0,0.0,0.0,0.0,1.147,0.0,0.017,boundary_mixed,0.62,0.017,32.389,0.0,50.424,9.0,9.0,1.0,0.0,3.922333,0.899466,0.865556,0.222222,0.777778,0.0,0.111111,0.0,0.888889,0.0,0.0,0.0,0.465,0.843,1.508667,2.892,0.0,0.0,0.021111,0.043,0.0,55.774444,28.776667,69.574444,40.111111,-0.130981,0.111111,-0.130981,0.111111,0.0,0.0,0.0,0.0,0.0,0.0,1.72504,1.504416,0.220624,34.222222,3.561677,1.19262,3.041381,1.504416,3.10552
607,16501,72,94,6,7,25.079124,24.420926,-0.658198,0,-0.302349,-0.16989,1,607,appearance,35,0.833,1.167,57.52,67.81,80.7,48.21,0.533,0.0,4.081,0.0,0.0,0.0,0,0,0.0,0.0,0.0,0.0,2.554,0.0,0.0,surface_backed,0.771,0.0,38.462,0.0,49.646,9.0,9.0,1.0,0.0,4.031222,0.851484,0.865556,0.222222,0.777778,0.0,0.222222,0.0,0.777778,0.0,0.0,0.0,0.486889,0.843,1.672778,2.892,0.0,0.0,0.016333,0.038,0.0,54.02,35.123333,67.508889,41.555556,-0.133248,0.111111,-0.133248,0.111111,0.0,0.0,0.0,0.0,0.0,0.0,1.789611,1.405965,0.383645,39.333333,3.697178,1.160077,3.041381,1.405965,3.10552
609,16501,68,98,3,3,22.732818,22.198709,-0.534109,0,-2.052742,0.628222,1,609,map,9,1.0,1.0,40.56,27.56,38.27,112.37,0.022,0.0,3.372,0.0,0.0,0.0,0,0,0.0,0.0,0.0,1.753,0.993,0.0,0.0,surface_backed,0.845,0.0,47.366,0.0,49.216,9.0,9.0,1.0,0.0,3.750444,0.545384,0.482889,0.222222,0.777778,0.0,0.333333,0.0,0.666667,0.0,0.0,0.111111,0.403,0.533,1.647444,2.892,0.0,0.0,0.012111,0.025,0.0,61.088889,36.215556,66.548889,27.555556,0.028383,0.222222,0.028383,0.222222,0.0,0.0,0.0,0.0,0.0,0.0,1.893088,1.456077,0.43701,39.888889,3.710858,1.297997,5.85235,1.456077,5.707954
612,16501,66,96,3,3,26.1259,25.518923,-0.606976,0,-2.353831,0.102788,1,612,map,9,1.0,1.0,36.56,18.33,29.21,107.47,0.148,0.0,3.562,0.0,0.0,0.0,0,0,0.0,0.0,0.0,2.286,1.008,0.0,0.0,surface_backed,0.872,0.0,50.7,0.0,45.625,9.0,9.0,1.0,0.0,3.779333,0.551255,0.555222,0.222222,0.777778,0.0,0.333333,0.0,0.666667,0.0,0.0,0.111111,0.409333,0.533,2.185667,3.581,0.0,0.0,0.006778,0.021,0.0,62.734444,37.448889,68.636667,27.111111,0.08862,0.111111,0.08862,0.111111,0.0,0.0,0.0,0.0,0.0,0.0,1.919311,0.978868,0.940442,40.444444,3.724354,0.999857,5.09902,0.978868,4.298671
613,16501,64,96,3,3,21.206624,20.769078,-0.437546,1,-2.353831,0.102788,0,,,,,,,,,,,,,,,,,,,,,,,,,,,,,,,8.0,9.0,0.888889,0.111111,3.735375,0.569628,0.624625,0.25,0.75,0.0,0.375,0.0,0.625,0.0,0.0,0.125,0.4015,0.533,2.31225,3.581,0.0,0.0,0.005,0.021,0.0,63.79625,35.18875,68.13,26.75,0.08862,0.111111,0.08862,0.111111,0.0,0.0,0.0,0.0,0.0,0.0,1.8082,0.969826,0.838374,35.333333,3.592736,1.261643,5.09902,0.969826,4.298671
614,16501,66,96,3,3,19.811426,20.174458,0.363032,0,-0.82999,0.066812,1,614,map,9,1.0,1.0,37.78,27.22,42.64,113.21,0.061,0.0,3.511,0.0,0.0,0.0,0,0,0.0,0.0,0.0,1.959,0.885,0.0,0.0,surface_backed,0.866,0.0,49.958,0.0,45.48,8.0,9.0,0.888889,0.111111,3.781625,0.533357,0.8695,0.375,0.625,0.0,0.5,0.0,0.5,0.0,0.0,0.25,0.350125,0.533,2.27625,3.581,0.0,0.0,0.002375,0.017,0.0,71.1675,39.91125,62.44625,24.125,0.080208,0.111111,0.080208,0.111111,0.0,0.0,0.0,0.0,0.0,0.0,1.965334,1.447842,0.517493,42.777778,3.779126,1.483865,5.09902,1.447842,4.355044
622,16501,67,86,12,12,21.297524,21.565604,0.26808,0,0.030939,-0.790928,1,622,map,144,1.0,1.0,43.37,26.24,12.74,42.88,0.838,0.0,6.318,0.0,0.0,0.0,0,0,0.0,0.0,0.0,5.414,2.519,0.0,0.0,surface_backed,0.813,0.0,43.568,0.0,52.001,9.0,9.0,1.0,0.0,4.461111,1.260061,1.750333,0.333333,0.666667,0.0,0.222222,0.0,0.666667,0.111111,0.0,0.0,0.585333,0.853,2.414111,4.603,0.0,0.0,0.0,0.0,0.0,54.516667,36.954444,59.831111,68.222222,0.139651,0.222222,0.139651,0.222222,0.0,0.0,0.0,0.0,0.0,0.0,2.194708,1.717859,0.476849,44.0,3.806662,1.449632,3.5,1.717859,4.445271
623,16501,67,85,12,12,21.914875,22.329757,0.414881,1,0.030939,-0.790928,0,,,,,,,,,,,,,,,,,,,,,,,,,,,,,,,8.0,9.0,0.888889,0.111111,4.5075,1.329231,1.969125,0.375,0.625,0.0,0.25,0.0,0.625,0.125,0.0,0.0,0.60325,0.853,2.556375,4.603,0.0,0.0,0.0,0.0,0.0,53.1975,33.17,56.95625,73.375,0.472985,0.222222,0.472985,0.222222,0.0,0.0,0.0,0.0,0.0,0.0,1.895532,1.22394,0.671592,36.444444,3.622858,1.148691,2.692582,1.22394,3.344795
624,16501,66,86,12,12,25.620947,26.801338,1.180391,0,-0.329889,-0.164103,1,624,map,144,1.0,1.0,48.63,25.19,11.35,43.03,0.827,0.0,6.099,0.0,0.0,0.0,0,0,0.0,0.0,0.0,5.145,2.562,0.0,0.0,surface_backed,0.817,0.0,43.982,0.0,51.905,8.0,9.0,0.888889,0.111111,4.882375,1.302037,2.61225,0.5,0.5,0.0,0.375,0.0,0.5,0.125,0.0,0.0,0.651375,0.853,2.717125,4.603,0.0,0.0,0.0,0.0,0.0,50.4475,39.24875,49.75125,88.0,0.611018,0.333333,0.611018,0.333333,0.0,0.0,0.0,0.0,0.0,0.0,2.353655,1.379263,0.974392,42.666667,3.776585,1.305826,2.692582,1.379263,3.344795
625,16501,66,86,12,12,20.64721,22.067388,1.420178,1,-0.329889,-0.164103,0,,,,,,,,,,,,,,,,,,,,,,,,,,,,,,,7.0,9.0,0.777778,0.222222,4.985,1.361335,2.985429,0.571429,0.428571,0.0,0.428571,0.0,0.428571,0.142857,0.0,0.0,0.687571,0.853,2.932143,4.603,0.0,0.0,0.0,0.0,0.0,48.858571,34.121429,45.981429,96.285714,0.611018,0.333333,0.611018,0.333333,0.0,0.0,0.0,0.0,0.0,0.0,2.075877,1.320662,0.755215,35.111111,3.586601,1.291209,2.692582,1.320662,3.344795
626,16501,68,92,5,5,26.890771,29.449297,2.558526,0,-0.739428,0.768333,1,626,map,25,1.0,1.0,72.76,67.52,88.41,74.71,0.113,0.0,4.597,0.0,0.0,0.0,0,0,0.0,0.0,0.0,2.525,0.971,0.0,0.0,boundary_mixed,0.62,0.0,31.064,0.0,46.543,7.0,9.0,0.777778,0.222222,5.053,1.327958,3.346143,0.714286,0.285714,0.0,0.428571,0.0,0.428571,0.142857,0.0,0.0,0.636714,0.853,2.413286,4.603,0.0,0.0,0.0,0.0,0.0,51.782857,34.897143,45.491429,95.0,0.932116,0.444444,0.932116,0.444444,0.0,0.0,0.0,0.0,0.0,0.0,2.275179,1.501571,0.773608,35.444444,3.595789,1.490925,2.915476,1.501571,3.344795
627,16501,68,92,5,5,32.115761,35.295623,3.179862,0,-0.480628,0.499417,1,627,map,25,1.0,1.0,77.48,74.12,95.33,74.94,0.148,0.0,4.702,0.0,0.0,0.0,0,0,0.0,0.0,0.0,2.652,2.0,0.0,0.0,boundary_mixed,0.62,0.0,31.279,0.0,47.618,7.0,9.0,0.777778,0.222222,5.277429,1.096804,3.725,0.857143,0.142857,0.0,0.428571,0.0,0.428571,0.142857,0.0,0.0,0.590857,0.853,2.041429,2.609,0.0,0.0,0.0,0.0,0.0,54.74,45.965714,45.944286,93.714286,0.932116,0.444444,0.932116,0.444444,0.0,0.0,0.0,0.0,0.0,0.0,2.608512,1.575695,1.032817,41.666667,3.753418,1.490925,2.915476,1.575695,3.344795
628,16501,70,91,5,6,27.707785,30.210707,2.502922,0,0.387592,0.149621,1,628,appearance,25,0.833,1.2,0.0,78.0,98.12,61.95,0.492,0.0,3.051,0.0,0.0,0.0,0,0,0.0,0.0,0.0,0.0,2.181,0.0,0.0,boundary_mixed,0.62,0.0,32.671,0.0,50.176,7.0,9.0,0.777778,0.222222,4.866,1.296466,2.999857,0.714286,0.285714,0.0,0.428571,0.0,0.571429,0.0,0.0,0.0,0.539286,0.846,1.980286,2.562,0.0,0.0,0.0,0.0,0.0,57.35,40.66,53.287143,76.714286,0.619597,0.333333,0.619597,0.333333,0.0,0.0,0.0,0.0,0.0,0.0,2.403671,1.60239,0.801281,35.0,3.583519,1.420811,2.915476,1.60239,3.344795
629,16501,68,92,5,5,32.118937,35.3461,3.227164,0,-0.448065,0.272253,1,629,map,25,1.0,1.0,70.32,77.76,99.54,75.64,0.184,0.0,4.402,0.0,0.0,0.0,0,0,0.0,0.0,0.0,2.328,0.98,0.0,0.0,boundary_mixed,0.62,0.0,31.619,0.0,48.39,7.0,9.0,0.777778,0.222222,5.048714,1.115432,3.332429,0.857143,0.142857,0.0,0.428571,0.0,0.571429,0.0,0.0,0.0,0.492571,0.846,1.967286,2.562,0.0,0.0,0.0,0.0,0.0,59.505714,50.705714,53.621429,76.0,0.831936,0.444444,0.831936,0.444444,0.0,0.0,0.0,0.0,0.0,0.0,2.527897,1.498875,1.029021,40.777778,3.732365,1.40142,2.915476,1.498875,2.909743
630,16501,69,92,5,5,28.033024,30.450506,2.417481,0,0.058757,0.176965,1,630,appearance,22,0.88,1.0,0.0,85.52,105.84,74.57,0.283,0.0,3.117,0.0,0.0,0.0,0,0,0.0,0.0,0.0,0.0,1.11,0.0,0.0,boundary_mixed,0.62,0.0,30.359,0.0,47.449,7.0,9.0,0.777778,0.222222,4.612286,1.185976,2.580571,0.714286,0.285714,0.0,0.285714,0.0,0.714286,0.0,0.0,0.0,0.412143,0.838,1.760429,2.562,0.0,0.0,0.0,0.0,0.0,63.96,44.651429,62.05,58.571429,0.668794,0.333333,0.668794,0.333333,0.0,0.0,0.0,0.0,0.0,0.0,2.324738,1.436521,0.888217,34.444444,3.567967,1.290309,2.915476,1.436521,2.909743
631,16501,68,92,5,5,29.790727,32.213566,2.42284,0,-0.311808,0.115027,1,631,map,25,1.0,1.0,84.0,79.36,100.31,74.56,0.24,0.0,4.394,0.0,0.0,0.0,0,0,0.0,0.0,0.0,2.334,1.057,0.0,0.0,boundary_mixed,0.62,0.0,32.06,0.0,48.745,7.0,9.0,0.777778,0.222222,4.337429,0.960293,2.140571,0.714286,0.285714,0.0,0.142857,0.0,0.857143,0.0,0.0,0.0,0.326714,0.827,1.551571,2.562,0.0,0.0,0.0,0.0,0.0,68.485714,50.455714,69.638571,41.571429,1.014069,0.444444,1.014069,0.444444,0.0,0.0,0.0,0.0,0.0,0.0,2.409619,1.519664,0.889955,35.111111,3.586601,1.290309,2.915476,1.519664,2.909743
632,16501,64,94,3,3,31.296819,34.100633,2.803814,0,-1.952675,0.424768,1,632,map,9,1.0,1.0,46.78,27.33,34.64,106.32,0.222,0.0,4.265,0.0,0.0,0.0,0,0,0.0,0.0,0.0,2.731,1.055,0.0,0.0,surface_backed,0.832,0.0,45.849,0.0,49.318,8.0,9.0,0.888889,0.111111,4.328375,0.898591,2.214375,0.75,0.25,0.0,0.25,0.0,0.75,0.0,0.0,0.125,0.313625,0.827,1.4895,2.562,0.0,0.0,0.0,0.0,0.0,73.215,49.99625,64.35,37.5,0.908537,0.444444,0.908537,0.444444,0.0,0.0,0.0,0.0,0.0,0.0,3.305426,2.049774,1.255652,42.222222,3.766355,1.768919,5.09902,2.049774,4.770988
633,16501,69,92,5,6,28.051294,29.045359,0.994065,0,0.095761,0.162349,1,633,appearance,26,0.867,1.2,0.0,76.13,93.3,63.73,0.265,0.0,3.167,0.0,0.0,0.0,0,0,0.0,0.0,0.0,0.0,2.589,0.0,0.0,boundary_mixed,0.62,0.0,37.186,0.0,53.141,8.0,9.0,0.888889,0.111111,3.948375,0.665541,1.229875,0.5,0.5,0.0,0.0,0.0,1.0,0.0,0.0,0.0,0.248625,0.492,1.685375,2.595,0.0,0.0,0.0,0.0,0.0,70.47625,47.97,76.8175,24.875,0.542703,0.333333,0.542703,0.333333,0.0,0.0,0.0,0.0,0.0,0.0,2.180558,1.474181,0.706377,36.444444,3.622858,1.169452,2.915476,1.474181,2.909743
634,16501,66,87,12,12,34.284027,35.848956,1.564928,0,0.237245,-0.594473,1,634,map,144,1.0,1.0,48.27,24.21,7.71,47.41,0.941,0.0,6.24,0.0,0.0,0.0,0,0,0.0,0.0,0.0,5.398,2.464,0.0,0.0,surface_backed,0.859,0.0,49.136,0.0,53.543,9.0,9.0,1.0,0.0,4.203,0.955196,1.693,0.555556,0.444444,0.0,0.111111,0.0,0.888889,0.0,0.0,0.0,0.325556,0.941,1.771889,2.595,0.0,0.0,0.0,0.0,0.0,67.913333,48.003333,70.972222,38.111111,0.568193,0.444444,0.568193,0.444444,0.0,0.0,0.0,0.0,0.0,0.0,2.458336,1.718604,0.739731,44.0,3.806662,1.357574,2.915476,1.718604,2.909743
635,16501,68,92,5,6,29.095963,29.934743,0.83878,0,-0.370791,0.313592,1,635,appearance,26,0.867,1.2,0.0,74.7,89.74,63.82,0.36,0.0,3.124,0.0,0.0,0.0,0,0,0.0,0.0,0.0,0.0,1.181,0.0,0.0,surface_backed,0.78,0.0,39.635,0.0,54.104,9.0,9.0,1.0,0.0,4.039333,0.998862,1.412444,0.444444,0.555556,0.0,0.222222,0.0,0.777778,0.0,0.0,0.0,0.353,0.941,1.795222,2.595,0.0,0.0,0.0,0.0,0.0,66.703333,39.918889,71.77,38.222222,0.23486,0.333333,0.23486,0.333333,0.0,0.0,0.0,0.0,0.0,0.0,2.164134,1.742232,0.421902,37.444444,3.649214,1.31141,2.5,1.742232,3.122389
636,16501,66,92,5,5,31.489879,32.479985,0.990105,0,-0.941014,0.028835,1,636,map,25,1.0,1.0,83.12,62.92,76.33,79.15,0.275,0.0,4.281,0.0,0.0,0.0,0,0,0.0,0.0,0.0,2.219,1.184,0.0,0.0,surface_backed,0.768,0.0,38.165,0.0,51.329,9.0,9.0,1.0,0.0,3.992556,0.976337,1.364333,0.444444,0.555556,0.0,0.333333,0.0,0.666667,0.0,0.0,0.0,0.367111,0.941,1.704556,2.595,0.0,0.0,0.0,0.0,0.0,67.171111,40.545556,70.525556,38.222222,0.568193,0.444444,0.568193,0.444444,0.0,0.0,0.0,0.0,0.0,0.0,2.278704,1.826089,0.452615,39.444444,3.699929,1.540472,2.5,1.826089,3.122389
637,16501,65,87,12,12,33.053295,34.746212,1.692917,0,-0.165409,-0.322507,1,637,map,144,1.0,1.0,46.67,22.51,3.18,49.78,1.005,0.0,5.861,0.0,0.0,0.0,0,0,0.0,0.0,0.0,5.102,2.281,0.0,0.0,surface_backed,0.871,0.0,50.542,0.0,54.395,9.0,9.0,1.0,0.0,4.431667,1.126019,2.189889,0.555556,0.444444,0.0,0.444444,0.0,0.555556,0.0,0.0,0.0,0.501222,1.005,1.858111,2.595,0.0,0.0,0.0,0.0,0.0,62.387778,41.891111,59.943333,64.666667,0.403865,0.555556,0.403865,0.555556,0.0,0.0,0.0,0.0,0.0,0.0,2.164134,1.810133,0.354001,46.666667,3.864232,1.471238,2.5,1.810133,3.122389
638,16501,67,93,5,6,28.689779,29.714129,1.02435,0,-0.632516,0.84037,1,638,appearance,25,0.833,1.2,1.37,71.87,84.01,72.3,0.391,0.0,3.123,0.0,0.0,0.0,0,0,0.0,0.0,0.0,0.0,1.225,0.0,0.0,surface_backed,0.821,0.0,44.506,0.0,55.87,9.0,9.0,1.0,0.0,4.289556,1.199131,1.931222,0.444444,0.555556,0.0,0.555556,0.0,0.444444,0.0,0.0,0.0,0.524222,1.005,1.885333,2.595,0.0,0.0,0.0,0.0,0.0,62.016667,34.23,59.288889,64.666667,0.196817,0.444444,0.196817,0.444444,0.0,0.0,0.0,0.0,0.0,0.0,2.164134,1.93984,0.224294,41.222222,3.742947,1.614854,3.354102,1.93984,3.580529
639,16501,62,89,12,12,32.898043,34.663674,1.765631,0,-0.936135,0.196241,1,639,map,144,1.0,1.0,45.04,22.31,1.66,54.0,1.021,0.0,5.232,0.0,0.0,0.0,0,0,0.0,0.0,0.0,4.447,2.139,0.0,0.0,surface_backed,0.895,0.0,53.369,0.0,55.226,9.0,9.0,1.0,0.0,4.524556,1.152655,2.425333,0.555556,0.444444,0.0,0.666667,0.0,0.333333,0.0,0.0,0.0,0.606222,1.021,1.999667,2.595,0.0,0.0,0.0,0.0,0.0,59.731111,39.234444,52.265556,78.222222,0.481296,0.555556,0.481296,0.555556,0.0,0.0,0.0,0.0,0.0,0.0,2.56522,2.002189,0.563031,47.555556,3.882709,1.704052,3.354102,2.002189,3.580529
640,16501,67,94,4,5,27.755225,28.836366,1.08114,0,-0.258488,0.652556,1,640,appearance,19,0.95,1.25,0.0,87.3,107.39,91.43,0.197,0.0,3.091,0.0,0.0,0.0,0,0,0.0,0.0,0.0,0.0,1.114,0.0,0.0,surface_backed,0.826,0.0,45.104,0.0,53.611,9.0,9.0,1.0,0.0,4.379778,1.238589,2.166,0.444444,0.555556,0.0,0.777778,0.0,0.222222,0.0,0.0,0.0,0.601444,1.021,2.006,2.595,0.0,0.0,0.0,0.0,0.0,61.605556,29.901111,53.147778,77.555556,0.150933,0.444444,0.150933,0.444444,0.0,0.0,0.0,0.0,0.0,0.0,2.432195,2.142271,0.289924,41.0,3.73767,1.793249,3.354102,2.142271,3.580529
641,16501,66,95,4,4,31.164876,32.441142,1.276266,0,-0.518017,0.599162,1,641,appearance,15,0.938,1.0,83.38,88.12,110.86,126.2,0.109,0.0,4.071,0.0,0.0,0.0,0,0,0.0,0.0,0.0,0.0,1.514,0.0,0.0,surface_backed,0.869,0.0,50.3,0.0,51.049,9.0,9.0,1.0,0.0,4.370222,1.240601,2.166,0.444444,0.555556,0.0,0.888889,0.0,0.111111,0.0,0.0,0.111111,0.584222,1.021,1.885889,2.589,0.0,0.0,0.0,0.0,0.0,68.548889,30.365556,54.48,76.333333,0.491658,0.444444,0.491658,0.444444,0.0,0.0,0.0,0.0,0.0,0.0,2.541065,2.074483,0.466582,41.444444,3.748196,1.793249,3.354102,2.074483,3.580529
642,16501,64,96,3,3,33.523509,35.596313,2.072804,0,-1.211711,0.564455,1,642,map,9,1.0,1.0,74.11,51.11,59.63,155.63,0.168,0.0,3.657,0.0,0.0,0.0,0,0,0.0,0.0,0.0,1.668,1.902,0.0,0.0,surface_backed,0.915,0.0,55.811,0.0,52.751,9.0,9.0,1.0,0.0,4.424667,1.196573,2.351333,0.555556,0.444444,0.0,1.0,0.0,0.0,0.0,0.0,0.222222,0.573444,1.021,1.809556,2.466,0.0,0.0,0.0,0.0,0.0,78.76,38.6,51.7,74.444444,0.701449,0.555556,0.701449,0.555556,0.0,0.0,0.0,0.0,0.0,0.0,3.044142,2.262759,0.781383,48.888889,3.909798,2.076528,3.354102,2.262759,3.580529
643,16501,65,94,5,6,29.334046,30.665121,1.331076,0,-0.087612,0.191896,1,643,appearance,24,0.8,1.2,0.0,63.67,72.76,82.65,0.54,0.38,2.918,0.0,0.0,0.0,0,0,0.0,0.0,0.0,0.0,1.748,0.0,0.0,surface_backed,0.871,0.0,50.524,0.0,57.7,9.0,9.0,1.0,0.0,4.055556,1.087019,1.751556,0.444444,0.555556,0.0,1.0,0.0,0.0,0.0,0.0,0.222222,0.528889,1.021,1.73,2.466,0.0,0.0,0.0,0.0,0.0,82.675556,33.236667,56.084444,61.111111,0.675958,0.444444,0.675958,0.444444,0.0,0.0,0.0,0.0,0.0,0.0,2.995425,2.394282,0.601144,41.555556,3.75081,2.076528,3.354102,2.394282,3.580529
644,16501,65,96,4,4,32.31329,33.7519,1.438609,0,-0.231948,0.474732,1,644,appearance,15,0.938,1.0,86.88,77.38,97.07,135.52,0.15,0.0,4.053,0.0,0.0,0.0,0,0,0.0,0.0,0.0,0.0,2.137,0.0,0.0,surface_backed,0.901,0.0,54.086,0.0,52.973,9.0,9.0,1.0,0.0,4.158778,1.036598,1.751556,0.444444,0.555556,0.0,1.0,0.0,0.0,0.0,0.0,0.333333,0.505556,1.021,1.836222,2.466,0.0,0.0,0.0,0.0,0.0,90.642222,42.89,56.382222,59.888889,0.736117,0.555556,0.736117,0.555556,0.0,0.0,0.0,0.0,0.0,0.0,3.073377,2.148155,0.925222,49.777778,3.927459,1.922976,3.354102,2.148155,3.580529
645,16501,65,96,4,4,30.640355,31.355102,0.714747,0,-0.150766,0.308576,1,645,appearance,15,0.938,1.0,0.0,77.38,97.14,135.43,0.15,0.0,3.062,0.0,0.0,0.0,0,0,0.0,0.0,0.0,0.0,2.14,0.0,0.0,surface_backed,0.901,0.0,54.074,0.0,52.984,9.0,9.0,1.0,0.0,3.896444,0.980709,1.246333,0.333333,0.666667,0.0,1.0,0.0,0.0,0.0,0.0,0.444444,0.414556,1.021,1.8,2.281,0.0,0.0,0.0,0.0,0.0,100.326667,37.494444,62.405556,45.555556,0.654291,0.444444,0.654291,0.444444,0.0,0.0,0.0,0.0,0.0,0.0,2.844315,1.87627,0.968045,41.444444,3.748196,1.645198,3.354102,1.87627,3.580529
646,16501,60,90,12,12,26.385101,26.927636,0.542536,0,-0.447998,-0.499426,1,646,map,144,1.0,1.0,43.99,15.62,1.01,55.85,1.054,0.0,4.611,0.0,0.0,0.0,0,0,0.0,0.0,0.0,3.958,2.397,0.0,0.0,surface_backed,0.92,0.0,56.426,0.0,56.349,9.0,9.0,1.0,0.0,3.757556,0.755249,1.119222,0.333333,0.666667,0.0,1.0,0.0,0.0,0.0,0.0,0.444444,0.42,1.054,1.812889,2.397,0.0,0.0,0.0,0.0,0.0,101.001111,37.196667,61.64,45.555556,0.386381,0.333333,0.386381,0.333333,0.0,0.0,0.0,0.0,0.0,0.0,2.911599,1.996637,0.914962,42.444444,3.771483,1.782539,3.354102,1.996637,3.580529
647,16501,59,91,12,12,27.981166,29.059306,1.078141,0,-0.641199,0.025373,1,647,map,144,1.0,1.0,41.4,16.92,6.26,58.04,1.039,0.0,4.743,0.0,0.0,0.0,0,0,0.0,0.0,0.0,4.047,2.36,0.0,0.0,surface_backed,0.932,0.0,57.8,0.0,57.012,9.0,9.0,1.0,0.0,3.937556,0.775346,1.568889,0.444444,0.555556,0.0,1.0,0.0,0.0,0.0,0.0,0.444444,0.492,1.054,1.939,2.397,0.0,0.0,0.0,0.0,0.0,99.416667,41.644444,55.534444,58.777778,0.292636,0.333333,0.292636,0.333333,0.0,0.0,0.0,0.0,0.0,0.0,2.890285,1.776335,1.11395,50.888889,3.949105,1.566996,2.54951,1.776335,3.383512
648,16501,63,98,4,4,23.139695,23.049494,-0.0902,0,-0.416779,0.698993,1,648,appearance,14,0.875,1.0,0.38,60.94,77.62,125.93,0.148,0.0,3.052,0.0,0.0,0.0,0,0,0.0,0.0,0.0,0.0,2.733,0.0,0.0,surface_backed,0.91,0.0,55.219,0.0,57.137,9.0,9.0,1.0,0.0,3.616556,0.572738,0.625111,0.222222,0.777778,0.0,1.0,0.0,0.0,0.0,0.0,0.666667,0.296111,1.054,2.046,2.733,0.0,0.0,0.0,0.0,0.0,114.944444,38.873333,64.717778,29.888889,0.155495,0.333333,0.155495,0.333333,0.0,0.0,0.0,0.0,0.0,0.0,2.58228,2.015535,0.566744,44.888889,3.826223,1.667676,4.123106,2.015535,4.53316
649,16501,58,91,12,12,23.075938,23.664221,0.588283,0,-0.620906,-0.595655,1,649,map,144,1.0,1.0,34.28,18.23,7.21,58.59,1.056,0.0,5.068,0.0,0.0,0.0,0,0,0.0,0.0,0.0,4.456,2.385,0.0,0.0,surface_backed,0.933,0.0,57.938,0.0,57.663,9.0,9.0,1.0,0.0,3.836222,0.695099,1.120222,0.333333,0.666667,0.0,1.0,0.0,0.0,0.0,0.0,0.666667,0.391556,1.056,2.187222,2.733,0.0,0.0,0.0,0.0,0.0,111.295556,42.682222,57.043333,43.777778,0.095336,0.333333,0.095336,0.333333,0.0,0.0,0.0,0.0,0.0,0.0,2.782588,2.172258,0.61033,52.666667,3.982792,1.818731,4.123106,2.172258,4.53316
650,16501,57,90,12,12,17.939695,18.663195,0.7235,1,-0.620906,-0.595655,0,,,,,,,,,,,,,,,,,,,,,,,,,,,,,,,8.0,9.0,0.888889,0.111111,3.806875,0.731988,1.26025,0.375,0.625,0.0,1.0,0.0,0.0,0.0,0.0,0.625,0.426875,1.056,2.271375,2.733,0.0,0.0,0.0,0.0,0.0,109.4325,37.595,53.15875,47.375,0.087944,0.333333,0.087944,0.333333,0.0,0.0,0.0,0.0,0.0,0.0,2.444657,2.088142,0.356514,45.333333,3.835862,1.790108,4.123106,2.088142,4.53316
652,16501,59,91,12,12,18.937162,20.329996,1.392834,0,0.192667,-0.146664,1,652,map,144,1.0,1.0,19.62,20.27,7.18,60.18,1.075,0.0,4.907,0.0,0.0,0.0,0,0,0.0,0.0,0.0,4.405,2.485,0.0,0.0,surface_backed,0.939,0.0,58.646,0.0,58.494,8.0,9.0,0.888889,0.111111,4.2955,0.859322,2.229125,0.5,0.5,0.0,1.0,0.0,0.0,0.0,0.0,0.5,0.60925,1.092,2.426625,2.733,0.0,0.0,0.0,0.0,0.0,94.58,34.5325,43.79375,79.25,-0.114964,0.222222,-0.114964,0.222222,0.0,0.0,0.0,0.0,0.0,0.0,2.183193,2.051098,0.132094,53.0,3.988984,1.703148,4.123106,2.051098,4.53316
654,19939,32,180,12,12,17.731622,21.665826,3.934204,0,-2.521256,3.144085,1,654,map,144,1.0,1.0,16.81,9.44,17.8,62.06,0.571,0.0,2.531,0.0,0.0,0.0,0,0,0.0,0.0,0.0,1.838,2.225,0.0,0.0,surface_backed,0.804,0.0,42.425,0.0,55.824,7.0,9.0,0.777778,0.222222,2.725,0.410923,1.833286,1.0,0.0,0.0,1.0,0.0,0.0,0.0,0.0,0.142857,0.412714,0.571,2.182714,2.735,0.0,0.0,0.0,0.0,0.0,67.562857,16.497143,12.908571,80.571429,1.305848,0.555556,1.305848,0.555556,0.0,0.0,0.0,0.0,0.0,0.0,2.995512,1.62567,1.369842,52.444444,3.978643,3.364898,7.071068,1.62567,4.349785
655,19939,29,183,12,12,15.914505,19.818573,3.904068,1,-2.521256,3.144085,0,,,,,,,,,,,,,,,,,,,,,,,,,,,,,,,6.0,9.0,0.666667,0.333333,2.663833,0.413293,1.825333,1.0,0.0,0.0,1.0,0.0,0.0,0.0,0.0,0.166667,0.4215,0.571,2.219333,2.735,0.0,0.0,0.0,0.0,0.0,66.58,15.28,12.233333,89.833333,1.305848,0.555556,1.305848,0.555556,0.0,0.0,0.0,0.0,0.0,0.0,2.995512,1.62567,1.369842,44.222222,3.811589,3.812691,7.071068,1.62567,4.349785
662,20119,80,188,7,7,14.539915,18.394135,3.85422,0,-0.612737,3.264315,1,662,map,49,1.0,1.0,16.2,20.41,38.82,70.84,0.707,0.0,3.118,0.0,0.0,0.0,0,0,0.0,0.0,0.0,2.001,1.999,0.0,0.0,surface_backed,0.884,0.0,52.034,0.0,48.699,6.0,9.0,0.666667,0.333333,3.027167,0.16343,1.760667,1.0,0.0,0.0,1.0,0.0,0.0,0.0,0.0,0.5,0.626,0.707,2.104167,2.77,0.0,0.0,0.0,0.0,0.0,74.063333,18.696667,25.908333,21.0,0.753768,0.666667,0.753768,0.666667,0.0,0.0,0.0,0.0,0.0,0.0,2.192506,1.240405,0.952101,56.555556,4.052751,2.760433,5.09902,1.240405,2.735943
664,20357,58,186,5,5,19.107947,22.094938,2.986991,0,-1.995779,2.724569,1,664,map,25,1.0,1.0,42.92,25.08,27.95,75.0,0.721,0.0,4.134,0.0,0.0,0.0,0,0,0.0,0.0,0.0,2.655,2.921,0.0,0.0,surface_backed,0.843,0.0,47.111,0.0,46.345,6.0,9.0,0.666667,0.333333,3.302167,0.652359,1.940333,0.833333,0.0,0.0,1.0,0.0,0.0,0.0,0.0,0.0,0.697167,0.734,2.958333,3.033,0.0,0.0,0.0,0.0,0.0,79.005,37.413333,17.963333,24.666667,1.263498,0.666667,1.263498,0.666667,0.0,0.0,0.0,0.0,0.0,0.0,2.626086,1.508527,1.117559,57.777778,4.073764,3.066606,4.472136,1.508527,3.548177
665,20357,56,189,5,5,15.778024,18.604016,2.825993,1,-1.995779,2.724569,0,,,,,,,,,,,,,,,,,,,,,,,,,,,,,,,5.0,9.0,0.555556,0.444444,3.4152,0.658807,1.9674,0.8,0.0,0.0,1.0,0.0,0.0,0.0,0.0,0.0,0.6944,0.734,2.9474,3.033,0.0,0.0,0.0,0.0,0.0,78.586,38.792,19.116,24.6,1.14573,0.555556,1.14573,0.555556,0.0,0.0,0.0,0.0,0.0,0.0,2.167963,1.157163,1.0108,49.777778,3.927459,3.090502,4.472136,1.157163,3.548177
666,20357,54,192,5,5,17.862479,20.751799,2.88932,0,-1.997256,2.82097,1,666,map,25,1.0,1.0,46.24,26.24,29.73,69.67,0.755,0.0,4.281,0.0,0.0,0.0,0,0,0.0,0.0,0.0,2.758,2.888,0.0,0.0,surface_backed,0.824,0.0,44.936,0.0,45.436,5.0,9.0,0.555556,0.444444,3.5968,0.742034,2.0748,0.8,0.0,0.0,1.0,0.0,0.0,0.0,0.0,0.0,0.7144,0.755,2.9184,3.007,0.0,0.0,0.0,0.0,0.0,75.696,40.52,21.132,24.6,1.20232,0.555556,1.20232,0.555556,0.0,0.0,0.0,0.0,0.0,0.0,2.167963,0.90613,1.261833,50.888889,3.949105,3.176849,4.472136,0.90613,3.548177
667,20330,46,186,5,5,23.031051,26.228504,3.197453,0,-2.60489,3.291162,1,667,map,25,1.0,1.0,28.92,23.48,29.62,68.58,0.724,0.0,3.186,0.0,0.0,0.0,0,0,0.0,0.0,0.0,1.812,3.457,0.0,0.0,surface_backed,0.813,0.0,43.61,0.0,43.558,6.0,9.0,0.666667,0.333333,3.392667,0.137862,2.04,1.0,0.0,0.0,1.0,0.0,0.0,0.0,0.0,0.0,0.629333,0.724,3.179167,3.457,0.0,0.0,0.0,0.0,0.0,73.881667,30.326667,22.213333,25.0,1.43369,0.555556,1.43369,0.555556,0.0,0.0,0.0,0.0,0.0,0.0,2.448837,1.277446,1.171391,60.333333,4.116323,3.158297,5.656854,1.277446,2.512654
668,20330,43,189,5,5,18.938682,22.05735,3.118668,1,-2.60489,3.291162,0,,,,,,,,,,,,,,,,,,,,,,,,,,,,,,,5.0,9.0,0.555556,0.444444,3.3922,0.151016,2.0162,1.0,0.0,0.0,1.0,0.0,0.0,0.0,0.0,0.0,0.6482,0.724,3.1902,3.457,0.0,0.0,0.0,0.0,0.0,73.276,30.152,23.072,25.0,1.413552,0.555556,1.413552,0.555556,0.0,0.0,0.0,0.0,0.0,0.0,2.226614,1.110132,1.116483,52.0,3.970292,3.513551,5.656854,1.110132,2.512654
669,20357,42,204,7,7,22.192434,25.371692,3.179258,0,-3.031341,3.48436,1,669,map,49,1.0,1.0,35.76,17.14,14.73,66.83,0.825,0.0,3.849,0.0,0.0,0.0,0,0,0.0,0.0,0.0,2.809,2.885,0.0,0.0,surface_backed,0.799,0.0,41.91,0.0,42.165,6.0,9.0,0.666667,0.333333,3.714,0.697484,2.2845,0.833333,0.0,0.0,1.0,0.0,0.0,0.0,0.0,0.0,0.762167,0.827,2.866167,2.969,0.0,0.0,0.0,0.0,0.0,72.666667,39.705,20.775,32.666667,1.407434,0.666667,1.407434,0.666667,0.0,0.0,0.0,0.0,0.0,0.0,2.939481,1.337453,1.602028,60.777778,4.123544,4.261984,8.602325,1.337453,5.145946
670,20357,39,207,7,7,16.410165,19.376842,2.966676,1,-3.031341,3.48436,0,,,,,,,,,,,,,,,,,,,,,,,,,,,,,,,5.0,9.0,0.555556,0.444444,3.6978,0.763024,2.2246,0.8,0.0,0.0,1.0,0.0,0.0,0.0,0.0,0.0,0.7724,0.827,2.8456,2.921,0.0,0.0,0.0,0.0,0.0,71.788,40.182,21.202,34.2,1.261626,0.555556,1.261626,0.555556,0.0,0.0,0.0,0.0,0.0,0.0,2.625212,1.294767,1.330445,51.333333,3.957634,4.526689,8.602325,1.294767,5.145946
677,21211,22,180,7,7,14.912563,18.959033,4.04647,0,-3.690225,2.990225,1,677,map,49,1.0,1.0,31.65,16.92,27.27,56.86,0.503,0.0,3.766,0.0,0.0,0.0,0,0,0.0,0.0,0.0,2.57,1.893,0.0,0.0,surface_backed,0.795,0.0,41.396,0.0,41.404,5.0,7.0,0.714286,0.285714,3.4964,0.151679,2.2378,1.0,0.0,0.0,1.0,0.0,0.0,0.0,0.0,0.0,0.4278,0.503,2.2518,2.758,0.0,0.0,0.0,0.0,0.0,62.766,28.596,18.35,39.4,1.620779,0.571429,1.620779,0.571429,0.0,0.0,0.0,0.0,0.0,0.0,3.050463,1.966227,1.084235,66.142857,4.206823,3.658574,7.211103,1.966227,5.656854
684,21229,62,180,5,5,16.619169,20.019658,3.400489,0,-1.904246,2.143376,1,684,map,25,1.0,1.0,37.44,16.8,15.29,91.57,0.721,0.0,3.799,0.0,0.0,0.0,0,0,0.0,0.0,0.0,2.671,3.297,0.0,0.0,surface_backed,0.91,0.0,55.211,0.0,51.379,6.0,9.0,0.666667,0.333333,3.5755,0.264738,2.566833,1.0,0.0,0.0,1.0,0.0,0.0,0.0,0.0,0.166667,0.713,0.778,3.042,3.372,0.0,0.0,0.0,0.0,0.0,88.315,32.873333,14.8,22.333333,0.896533,0.555556,0.896533,0.555556,0.0,0.0,0.0,0.0,0.0,0.0,2.106552,1.729321,0.377231,63.0,4.158883,2.877083,4.472136,1.729321,2.95121
686,21229,60,186,5,5,15.149679,18.346836,3.197156,0,-1.23776,2.793195,1,686,map,25,1.0,1.0,38.88,19.16,18.08,86.51,0.781,0.0,3.76,0.0,0.0,0.0,0,0,0.0,0.0,0.0,2.539,3.231,0.0,0.0,surface_backed,0.883,0.0,51.914,0.0,49.133,5.0,9.0,0.555556,0.444444,3.741,0.091313,2.6254,1.0,0.0,0.0,1.0,0.0,0.0,0.0,0.0,0.0,0.7088,0.781,3.1876,3.372,0.0,0.0,0.0,0.0,0.0,87.394,35.04,16.88,25.0,0.983203,0.555556,0.983203,0.555556,0.0,0.0,0.0,0.0,0.0,0.0,1.737157,1.388433,0.348725,54.111111,4.009351,2.937365,4.472136,1.388433,2.933838
687,21229,54,190,7,7,19.894088,23.351688,3.457601,0,-2.554544,3.565576,1,687,map,49,1.0,1.0,31.92,11.29,3.75,76.82,0.807,0.0,3.297,0.0,0.0,0.0,0,0,0.0,0.0,0.0,2.496,2.517,0.0,0.0,surface_backed,0.854,0.0,48.443,0.0,44.683,6.0,9.0,0.666667,0.333333,3.667,0.185279,2.603833,1.0,0.0,0.0,1.0,0.0,0.0,0.0,0.0,0.0,0.725167,0.807,3.075833,3.372,0.0,0.0,0.0,0.0,0.0,85.631667,34.52,15.948333,29.0,1.316536,0.666667,1.316536,0.666667,0.0,0.0,0.0,0.0,0.0,0.0,2.522831,1.873066,0.649765,62.888889,4.157145,3.526321,7.071068,1.873066,4.361702
688,21229,51,194,7,7,15.665988,18.965178,3.299191,1,-2.554544,3.565576,0,,,,,,,,,,,,,,,,,,,,,,,,,,,,,,,5.0,9.0,0.555556,0.444444,3.6802,0.200371,2.599,1.0,0.0,0.0,1.0,0.0,0.0,0.0,0.0,0.0,0.73,0.807,3.1194,3.372,0.0,0.0,0.0,0.0,0.0,85.768,34.768,16.474,29.8,1.227723,0.555556,1.227723,0.555556,0.0,0.0,0.0,0.0,0.0,0.0,2.189498,1.576265,0.613233,53.777778,4.003285,3.662316,7.071068,1.576265,4.361702
696,21635,28,178,5,5,16.432514,19.961341,3.528827,0,-2.026561,2.057559,1,696,map,25,1.0,1.0,29.2,16.88,22.07,66.42,0.549,0.0,3.127,0.0,0.0,0.0,0,0,0.0,0.0,0.0,1.908,3.488,0.0,0.0,surface_backed,0.807,0.0,42.886,0.0,41.596,5.0,9.0,0.555556,0.444444,3.1166,0.099779,1.995,1.0,0.0,0.0,1.0,0.0,0.0,0.0,0.0,0.0,0.451,0.549,2.7552,3.488,0.0,0.0,0.0,0.0,0.0,70.304,25.784,15.36,25.0,1.251429,0.555556,1.251429,0.555556,0.0,0.0,0.0,0.0,0.0,0.0,1.811904,1.084187,0.727717,53.444444,3.997181,3.029392,5.656854,1.084187,3.584948
697,21635,22,184,3,3,19.417109,23.603857,4.186748,0,-3.644764,2.719913,1,697,map,9,1.0,1.0,25.33,18.22,23.24,69.07,0.515,0.0,2.66,0.0,0.0,0.0,0,0,0.0,0.0,0.0,1.553,2.192,0.0,0.0,surface_backed,0.776,0.0,39.172,0.0,42.303,6.0,9.0,0.666667,0.333333,3.015667,0.189842,1.911,1.0,0.0,0.0,1.0,0.0,0.0,0.0,0.0,0.333333,0.429167,0.515,2.396833,2.988,0.0,0.0,0.0,0.0,0.0,70.248333,26.175,15.82,19.666667,1.498858,0.666667,1.498858,0.666667,0.0,0.0,0.0,0.0,0.0,0.0,2.848246,1.83494,1.013307,62.555556,4.151914,3.895398,6.324555,1.83494,3.788931
698,21635,22,188,3,3,14.036445,18.132549,4.096103,0,-2.369097,3.167944,1,698,map,9,1.0,1.0,0.44,15.0,18.86,68.36,0.416,0.0,1.838,0.0,0.0,0.0,0,0,0.0,0.0,0.0,1.037,1.997,0.0,0.0,surface_backed,0.794,0.0,41.267,0.0,43.538,6.0,9.0,0.666667,0.333333,2.799167,0.466759,1.746,1.0,0.0,0.0,1.0,0.0,0.0,0.0,0.0,0.5,0.443667,0.515,2.231667,2.722,0.0,0.0,0.0,0.0,0.0,69.338333,22.195,15.806667,17.0,1.163257,0.555556,1.163257,0.555556,0.0,0.0,0.0,0.0,0.0,0.0,2.821286,1.963058,0.858228,54.222222,4.011365,3.868438,6.324555,1.963058,3.863021
