model,frame,fold,confidence,rank,score,strict_hit,loose_hit,oracle_hit,dist_px,x,y,w,h,source
baseline_verified_score,1,,high,1,-16.485957,False,False,False,27.321,40,120,3,3,map
baseline_verified_score,2,,high,1,3.098866,False,False,True,99.214,66,2,3,3,map
baseline_verified_score,3,,high,1,4.491602,False,False,True,32.531,36,122,3,3,map
baseline_verified_score,4,,high,1,4.115977,False,False,True,72.479,10,152,3,3,map
baseline_verified_score,5,,high,1,4.43294,False,False,True,36.251,34,124,3,3,map
baseline_verified_score,6,,high,1,3.022337,False,False,True,38.115,33,125,3,3,map
baseline_verified_score,7,,high,1,2.793502,False,False,True,64.586,86,160,3,3,map
baseline_verified_score,8,,high,1,3.885559,False,False,True,64.645,86,160,3,3,map
baseline_verified_score,9,,high,1,2.683829,False,False,True,69.077,16,150,3,3,map
baseline_verified_score,10,,high,1,3.45462,False,False,True,108.226,112,196,3,3,map
baseline_verified_score,11,,high,1,5.252663,False,False,True,108.244,112,196,3,3,map
baseline_verified_score,12,,high,1,3.817301,False,False,False,60.742,124,110,3,3,map
baseline_verified_score,13,,high,1,4.401501,False,False,True,60.044,124,108,3,3,map
baseline_verified_score,14,,high,1,4.150538,False,False,True,27.213,91,90,3,3,appearance
baseline_verified_score,15,,high,1,5.731992,False,False,False,79.548,94,166,12,12,map
baseline_verified_score,16,,high,1,6.980499,False,False,True,57.39,122,110,3,3,map
baseline_verified_score,17,,high,1,7.63598,False,False,False,57.048,122,110,3,3,map
baseline_verified_score,18,,high,1,9.383381,False,False,True,58.658,124,110,3,3,map
baseline_verified_score,19,,high,1,7.004219,False,False,True,59.294,125,110,3,3,map
baseline_verified_score,20,,high,1,6.646975,False,False,True,59.927,126,110,3,3,map
baseline_verified_score,21,,high,1,5.072132,False,False,True,60.536,127,110,3,3,map
baseline_verified_score,22,,high,1,5.875778,False,False,True,86.86,122,28,3,3,map
baseline_verified_score,23,,high,1,8.793771,False,False,True,86.331,122,28,3,3,map
baseline_verified_score,24,,high,1,7.223573,False,False,True,81.745,12,154,3,3,map
baseline_verified_score,25,,high,1,8.185362,False,False,True,84.054,120,28,3,3,map
baseline_verified_score,26,,high,1,5.7454,False,False,True,91.324,6,160,3,3,map
baseline_verified_score,27,,high,1,7.926964,False,False,True,97.045,42,2,3,3,map
baseline_verified_score,28,,high,1,8.288505,True,True,True,3.92,69,93,12,12,map
baseline_verified_score,29,,high,1,6.704405,True,True,True,3.937,69,93,12,12,map
baseline_verified_score,30,,high,1,10.098891,True,True,True,2.305,69,91,12,12,map
baseline_verified_score,31,,high,1,8.646324,True,True,True,2.33,69,91,12,12,map
baseline_verified_score,32,,high,1,12.507894,True,True,True,3.758,70,92,12,12,map
baseline_verified_score,33,,high,1,15.42973,True,True,True,0.735,69,89,12,12,map
baseline_verified_score,34,,high,1,14.018883,True,True,True,0.304,69,88,12,12,map
baseline_verified_score,35,,high,1,16.484776,True,True,True,1.402,70,89,12,12,map
baseline_verified_score,36,,high,1,13.510693,True,True,True,1.712,70,89,12,12,map
baseline_verified_score,37,,high,1,12.47339,True,True,True,3.05,71,90,12,12,map
baseline_verified_score,38,,high,1,17.438216,True,True,True,1.354,71,88,12,12,map
baseline_verified_score,39,,high,1,12.691574,True,True,True,0.867,71,87,12,12,map
baseline_verified_score,40,,high,1,17.893074,True,True,True,2.0,72,88,12,12,map
baseline_verified_score,41,,high,1,12.680866,True,True,True,2.055,73,88,12,12,map
baseline_verified_score,42,,high,1,14.02142,True,True,True,3.289,73,89,12,12,map
baseline_verified_score,43,,high,1,19.405568,True,True,True,3.048,73,88,12,12,map
baseline_verified_score,44,,high,1,17.643712,True,True,True,5.233,77,94,3,3,appearance
baseline_verified_score,45,,high,1,22.55637,True,True,True,4.596,74,89,12,12,map
baseline_verified_score,46,,high,1,18.401669,True,True,True,4.667,75,89,12,12,map
baseline_verified_score,47,,high,1,18.784314,True,True,True,5.837,74,88,12,12,map
baseline_verified_score,48,,high,1,23.677149,True,True,True,6.381,75,89,12,12,map
baseline_verified_score,49,,high,1,20.582828,True,True,True,7.222,79,92,3,3,appearance
baseline_verified_score,50,,high,1,25.701972,False,True,False,10.124,73,89,12,12,map
baseline_verified_score,51,,high,1,21.599873,False,True,False,9.178,79,91,3,4,appearance
baseline_verified_score,52,,high,1,20.615088,False,True,True,11.195,74,89,12,12,map
baseline_verified_score,53,,high,1,23.609966,False,True,True,10.013,76,88,12,12,map
baseline_verified_score,54,,high,1,20.319786,False,True,True,12.757,77,90,6,5,appearance
baseline_verified_score,55,,high,1,24.803488,False,True,True,12.257,78,88,7,7,map
baseline_verified_score,56,,high,1,21.53269,False,True,True,14.822,77,90,6,4,appearance
baseline_verified_score,57,,high,1,20.279966,False,True,False,14.012,76,83,12,12,map
baseline_verified_score,58,,high,1,23.567669,False,True,True,15.047,76,83,12,12,map
baseline_verified_score,59,,high,1,19.353977,False,False,False,17.481,77,90,7,4,appearance
baseline_verified_score,60,,high,1,21.190678,False,False,False,17.529,78,90,7,4,appearance
baseline_verified_score,61,,high,1,19.694604,False,False,False,16.932,78,90,7,4,appearance
baseline_verified_score,62,,high,1,18.224346,False,True,False,15.305,81,90,3,3,appearance
baseline_verified_score,63,,high,1,21.308839,False,True,False,13.795,80,86,7,7,map
baseline_verified_score,64,,high,1,19.383115,False,True,False,13.102,82,89,3,4,appearance
baseline_verified_score,65,,high,1,21.207458,False,True,False,10.649,82,86,7,7,map
baseline_verified_score,66,,high,1,19.405494,False,True,False,11.927,82,89,3,3,appearance
baseline_verified_score,67,,high,1,18.090155,False,True,False,9.476,82,86,7,7,map
baseline_verified_score,68,,high,1,21.484825,False,True,False,8.905,82,86,7,7,map
baseline_verified_score,69,,high,1,21.036096,False,True,False,9.221,83,88,3,4,appearance
baseline_verified_score,70,,high,1,22.577373,False,True,False,8.732,79,82,12,12,map
baseline_verified_score,71,,high,1,21.893818,False,True,False,8.156,83,88,3,3,appearance
baseline_verified_score,72,,high,1,20.870625,True,True,True,6.641,84,88,3,3,appearance
baseline_verified_score,73,,high,1,22.943215,True,True,True,6.36,80,82,12,12,map
baseline_verified_score,74,,high,1,21.930449,True,True,True,5.771,84,87,3,4,appearance
baseline_verified_score,75,,high,1,23.830624,True,True,True,5.55,84,87,3,3,appearance
baseline_verified_score,76,,high,1,22.74375,True,True,True,5.109,84,87,3,3,appearance
baseline_verified_score,77,,high,1,22.002033,True,True,True,4.702,84,87,3,3,appearance
baseline_verified_score,78,,high,1,22.494107,True,True,True,4.342,84,87,3,3,appearance
baseline_verified_score,79,,high,1,21.038717,True,True,True,4.041,84,87,3,3,appearance
baseline_verified_score,80,,high,1,21.705446,True,True,True,2.55,85,88,3,3,appearance
baseline_verified_score,81,,high,1,21.088805,True,True,True,2.564,85,88,3,3,appearance
baseline_verified_score,82,,high,1,18.670233,True,True,True,3.076,85,87,3,4,appearance
baseline_verified_score,83,,high,1,19.172666,True,True,True,3.094,85,87,3,4,appearance
baseline_verified_score,84,,high,1,18.463263,True,True,True,3.114,85,87,3,4,appearance
baseline_verified_score,85,,high,1,18.72558,True,True,True,3.135,85,87,3,4,appearance
baseline_verified_score,86,,high,1,18.220061,True,True,True,3.156,85,87,3,4,appearance
baseline_verified_score,87,,high,1,16.958535,True,True,True,3.179,85,87,3,4,appearance
baseline_verified_score,88,,high,1,16.734115,True,True,True,5.099,76,84,12,12,map
baseline_verified_score,89,,high,1,12.90338,True,True,True,6.922,74,84,12,12,map
baseline_verified_score,90,,high,1,10.382061,True,True,True,1.346,80,85,12,12,map
baseline_verified_score,91,,high,1,6.557612,True,True,True,0.523,80,86,12,12,map
baseline_verified_score,92,,high,1,8.138059,False,False,True,65.841,32,130,3,3,map
baseline_verified_score,93,,high,1,9.916956,False,False,True,68.581,30,132,3,3,map
baseline_verified_score,94,,high,1,8.52365,False,False,True,69.93,29,133,3,3,map
baseline_verified_score,95,,high,1,7.139968,False,False,True,71.28,28,134,3,3,map
baseline_verified_score,96,,high,1,3.943584,True,True,True,1.91,84,89,4,3,appearance
baseline_verified_score,97,,high,1,3.952896,True,True,True,1.931,84,89,4,3,appearance
baseline_verified_score,98,,high,1,4.760363,False,False,True,27.522,96,116,3,3,map
baseline_verified_score,99,,high,1,4.204674,False,False,True,48.286,102,136,3,3,map
baseline_verified_score,100,,high,1,5.509922,False,False,True,50.885,104,138,3,3,map
baseline_verified_score,101,,high,1,4.089791,False,False,True,52.253,105,139,3,3,map
baseline_verified_score,102,,high,1,3.00979,False,False,True,30.299,98,118,3,3,map
baseline_verified_score,103,,high,1,4.116922,False,False,True,68.284,122,34,3,3,map
baseline_verified_score,104,,high,1,4.486327,True,True,True,0.707,83,91,4,3,appearance
baseline_verified_score,105,,high,1,5.867503,True,True,True,0.877,83,91,4,4,appearance
baseline_verified_score,106,,high,1,8.167491,True,True,True,0.851,83,91,4,4,appearance
baseline_verified_score,107,,high,1,11.294891,True,True,True,1.179,83,91,3,4,appearance
baseline_verified_score,108,,high,1,14.356041,True,True,True,1.14,83,91,3,4,appearance
baseline_verified_score,109,,high,1,14.662992,True,True,True,1.099,83,91,3,4,appearance
baseline_verified_score,110,,high,1,19.338801,True,True,True,1.275,82,90,7,7,map
baseline_verified_score,111,,high,1,24.143296,True,True,True,2.13,82,92,4,4,appearance
baseline_verified_score,112,,high,1,23.989362,True,True,True,0.224,79,86,12,12,map
baseline_verified_score,113,,high,1,23.245941,True,True,True,2.427,81,91,4,5,appearance
baseline_verified_score,114,,high,1,21.976179,True,True,True,2.372,81,91,4,5,appearance
baseline_verified_score,115,,high,1,22.706818,True,True,True,0.888,78,86,12,12,map
baseline_verified_score,116,,high,1,21.501846,True,True,True,3.413,81,93,4,4,appearance
baseline_verified_score,117,,high,1,18.747121,True,True,True,3.284,81,92,3,5,appearance
baseline_verified_score,118,,high,1,18.787031,True,True,True,3.965,80,93,4,4,appearance
baseline_verified_score,119,,high,1,17.375478,True,True,True,3.934,80,93,4,4,appearance
baseline_verified_score,120,,high,1,17.403648,True,True,True,1.803,80,90,7,7,map
baseline_verified_score,121,,high,1,14.268534,True,True,True,4.243,80,93,3,4,appearance
baseline_verified_score,122,,high,1,11.191992,True,True,True,4.243,80,93,3,4,appearance
baseline_verified_score,123,,high,1,7.899522,True,True,True,4.244,80,93,3,4,appearance
baseline_verified_score,124,,high,1,3.705355,False,False,True,62.662,114,36,3,3,map
baseline_verified_score,125,,high,1,5.470488,False,False,True,62.655,114,36,3,3,map
baseline_verified_score,126,,high,1,4.087154,False,False,True,62.644,114,36,3,3,map
baseline_verified_score,127,,high,1,5.460029,False,False,True,63.655,116,36,3,3,map
baseline_verified_score,128,,high,1,6.294215,False,False,True,62.625,114,36,3,3,map
baseline_verified_score,129,,high,1,5.249365,False,False,True,62.618,114,36,3,3,map
baseline_verified_score,130,,high,1,7.925169,False,False,True,63.629,116,36,3,3,map
baseline_verified_score,131,,high,1,4.801979,False,False,True,64.148,117,36,3,3,map
baseline_verified_score,132,,high,1,5.600067,False,False,True,65.499,34,134,3,3,map
baseline_verified_score,133,,high,1,7.475762,False,False,False,63.602,116,36,3,3,map
baseline_verified_score,134,,high,1,5.332952,False,False,True,87.122,28,158,3,3,map
baseline_verified_score,135,,high,1,7.42374,False,False,True,63.586,116,36,3,3,map
baseline_verified_score,136,,high,1,4.679737,False,False,True,63.58,116,36,3,3,map
baseline_verified_score,137,,high,1,4.349386,False,False,True,62.983,118,38,3,3,map
baseline_verified_score,138,,high,1,7.250143,False,False,True,62.975,118,38,3,3,map
baseline_verified_score,139,,high,1,5.866743,False,False,True,105.034,10,166,3,3,map
baseline_verified_score,140,,high,1,7.753402,False,False,True,62.962,118,38,3,3,map
baseline_verified_score,141,,high,1,7.095746,False,False,True,68.216,36,140,3,3,map
baseline_verified_score,142,,high,1,8.762361,False,False,True,70.976,34,142,3,3,map
baseline_verified_score,143,,high,1,11.432297,False,False,True,48.312,50,126,3,3,map
baseline_verified_score,144,,high,1,10.757728,False,False,True,75.156,32,146,3,3,map
baseline_verified_score,145,,high,1,11.956968,False,False,True,79.424,30,150,3,3,map
baseline_verified_score,146,,high,1,13.285512,False,False,True,79.364,30,150,3,3,map
baseline_verified_score,147,,high,1,13.162482,False,False,True,84.944,26,154,3,3,map
baseline_verified_score,148,,high,1,12.016034,False,False,True,92.047,22,160,3,3,map
baseline_verified_score,149,,high,1,11.284352,False,False,True,89.171,24,158,3,3,map
baseline_verified_score,150,,high,1,10.266071,False,False,True,99.102,18,166,3,3,map
baseline_verified_score,151,,high,1,7.210862,False,False,True,102.635,16,169,3,3,map
baseline_verified_score,152,,high,1,8.147855,False,False,True,107.436,12,172,3,3,map
baseline_verified_score,153,,high,1,7.981635,True,True,True,0.846,76,84,12,12,map
baseline_verified_score,154,,high,1,5.699618,True,True,True,1.36,77,84,12,12,map
baseline_verified_score,155,,high,1,9.085887,True,True,True,3.95,82,86,7,7,map
baseline_verified_score,156,,high,1,5.831898,True,True,True,6.021,84,86,7,7,map
baseline_verified_score,157,,high,1,7.448062,False,False,True,108.283,2,14,3,3,map
baseline_verified_score,158,,high,1,9.55987,False,False,True,108.133,2,14,3,3,map
baseline_verified_score,159,,high,1,8.28012,False,False,True,107.998,2,14,3,3,map
baseline_verified_score,160,,high,1,11.806848,False,False,True,107.848,2,14,3,3,map
baseline_verified_score,161,,high,1,8.284872,False,False,True,107.763,2,14,3,3,map
baseline_verified_score,162,,high,1,8.282492,False,False,True,107.686,2,14,3,3,map
baseline_verified_score,163,,high,1,11.76085,False,False,True,107.604,2,14,3,3,map
baseline_verified_score,164,,high,1,8.237061,False,False,True,107.529,2,14,3,3,map
baseline_verified_score,165,,high,1,8.237061,False,False,True,107.457,2,14,3,3,map
baseline_verified_score,166,,high,1,8.429949,True,True,True,6.8,82,79,12,12,map
baseline_verified_score,167,,high,1,8.871504,True,True,True,4.228,80,80,12,12,map
baseline_verified_score,168,,high,1,8.868407,True,True,True,3.895,80,80,12,12,map
baseline_verified_score,169,,high,1,9.239936,True,True,True,4.922,81,79,12,12,map
baseline_verified_score,170,,high,1,12.233225,True,True,True,5.858,86,82,3,3,map
baseline_verified_score,171,,high,1,8.090211,True,True,True,6.174,86,81,3,3,map
baseline_verified_score,172,,high,1,10.241701,True,True,True,6.843,88,82,3,3,map
baseline_verified_score,173,,high,1,10.253949,True,True,True,7.442,89,82,3,3,map
baseline_verified_score,174,,high,1,10.770849,True,True,True,6.204,88,82,3,3,map
baseline_verified_score,175,,high,1,14.580731,True,True,True,6.879,88,80,3,3,map
baseline_verified_score,176,,high,1,10.775941,True,True,True,7.151,88,79,3,3,map
baseline_verified_score,177,,high,1,14.736572,True,True,True,7.9,90,80,3,3,map
baseline_verified_score,178,,high,1,11.72624,True,True,True,1.218,82,80,6,7,appearance
baseline_verified_score,179,,high,1,12.204101,True,True,True,7.267,90,80,3,3,map
baseline_verified_score,180,,high,1,15.639992,True,True,True,4.528,86,80,7,7,map
baseline_verified_score,181,,high,1,11.065615,True,True,True,3.413,85,81,7,7,map
baseline_verified_score,182,,high,1,14.371652,True,True,True,6.442,90,84,3,3,map
baseline_verified_score,183,,high,1,10.069488,True,True,True,7.609,91,85,3,3,map
baseline_verified_score,184,,high,1,10.067417,False,True,True,8.855,92,78,3,3,map
baseline_verified_score,185,,high,1,14.809826,False,True,True,8.669,92,78,3,3,map
baseline_verified_score,186,,high,1,12.771351,False,False,True,59.029,59,135,5,4,appearance
baseline_verified_score,187,,high,1,15.773073,False,False,True,62.105,57,137,6,5,appearance
baseline_verified_score,188,,high,1,14.597503,False,False,True,63.609,56,138,6,5,appearance
baseline_verified_score,189,,high,1,16.268652,False,False,True,65.806,55,140,7,5,appearance
baseline_verified_score,190,,high,1,17.851743,False,False,True,69.338,53,143,8,5,appearance
baseline_verified_score,191,,high,1,15.273199,True,True,True,2.161,86,79,5,5,appearance
baseline_verified_score,192,,high,1,18.745221,True,True,True,2.973,86,77,6,7,appearance
baseline_verified_score,193,,high,1,17.720926,True,True,True,3.169,87,77,5,7,appearance
baseline_verified_score,194,,high,1,16.740214,True,True,True,2.97,87,77,5,7,appearance
baseline_verified_score,195,,high,1,20.874442,True,True,True,3.19,87,77,6,7,appearance
baseline_verified_score,196,,high,1,19.509323,True,True,True,3.002,87,77,6,7,appearance
baseline_verified_score,197,,high,1,24.108065,True,True,True,2.606,87,78,6,6,appearance
baseline_verified_score,198,,high,1,22.903002,True,True,True,2.419,87,78,6,6,appearance
baseline_verified_score,199,,high,1,24.052324,True,True,True,1.297,86,78,5,5,map
baseline_verified_score,200,,high,1,20.710684,True,True,True,1.118,85,78,5,5,map
baseline_verified_score,201,,high,1,19.059672,True,True,True,3.31,88,76,5,7,appearance
baseline_verified_score,202,,high,1,19.604102,True,True,True,3.434,88,76,5,7,appearance
baseline_verified_score,203,,high,1,18.962808,True,True,True,3.585,88,76,5,7,appearance
baseline_verified_score,204,,high,1,18.813812,True,True,True,3.744,88,76,5,7,appearance
baseline_verified_score,205,,high,1,19.392034,True,True,True,3.927,88,76,5,7,appearance
baseline_verified_score,206,,high,1,18.47233,True,True,True,4.115,88,76,5,7,appearance
baseline_verified_score,207,,high,1,17.338224,True,True,True,2.927,86,78,5,5,map
baseline_verified_score,208,,high,1,12.110095,True,True,True,3.454,85,78,5,5,map
baseline_verified_score,209,,high,1,16.400942,True,True,True,3.493,86,78,5,5,map
baseline_verified_score,210,,high,1,17.699622,True,True,True,5.368,88,76,7,7,map
baseline_verified_score,211,,high,1,16.642716,True,True,True,4.266,88,77,5,7,appearance
baseline_verified_score,212,,high,1,16.788647,True,True,True,5.42,90,78,7,7,map
baseline_verified_score,213,,high,1,14.010663,True,True,True,4.735,88,77,5,7,appearance
baseline_verified_score,214,,high,1,14.859986,True,True,True,6.216,88,76,7,7,map
baseline_verified_score,215,,high,1,14.717438,True,True,True,3.276,86,80,5,5,map
baseline_verified_score,216,,high,1,14.241155,True,True,True,4.491,88,78,5,7,appearance
baseline_verified_score,217,,high,1,19.10703,True,True,True,5.005,88,78,7,7,map
baseline_verified_score,218,,high,1,18.118044,True,True,True,4.954,87,78,6,7,appearance
baseline_verified_score,219,,high,1,18.879885,True,True,True,4.221,87,79,6,7,appearance
baseline_verified_score,220,,high,1,20.836028,True,True,True,3.5,87,80,6,7,appearance
baseline_verified_score,221,,high,1,20.710348,True,True,True,3.776,87,80,6,7,appearance
baseline_verified_score,222,,high,1,24.285997,True,True,True,4.392,88,80,7,7,map
baseline_verified_score,223,,high,1,22.147102,True,True,True,4.33,87,80,5,7,appearance
baseline_verified_score,224,,high,1,25.663528,True,True,True,4.751,84,82,5,5,map
baseline_verified_score,225,,high,1,23.288729,True,True,True,5.566,83,82,5,5,map
baseline_verified_score,226,,high,1,19.024655,True,True,True,4.169,86,81,6,7,appearance
baseline_verified_score,227,,high,1,15.88,True,True,True,4.435,86,81,6,7,appearance
baseline_verified_score,228,,high,1,15.327888,True,True,True,3.705,86,82,6,7,appearance
baseline_verified_score,229,,high,1,15.832738,True,True,True,3.996,86,82,7,7,map
baseline_verified_score,230,,high,1,13.904189,True,True,True,7.701,92,82,3,3,map
baseline_verified_score,231,,high,1,9.847994,True,True,True,4.239,82,84,7,7,map
baseline_verified_score,232,,high,1,10.265684,True,True,True,3.087,85,84,5,7,appearance
baseline_verified_score,233,,high,1,6.453441,True,True,True,3.303,85,84,5,7,appearance
baseline_verified_score,234,,high,1,6.439441,True,True,True,2.595,85,85,5,7,appearance
baseline_verified_score,235,,high,1,12.80606,True,True,True,4.789,82,86,5,5,map
baseline_verified_score,236,,high,1,14.843475,True,True,True,2.778,84,86,6,6,appearance
baseline_verified_score,237,,high,1,16.816737,True,True,True,6.358,80,84,7,7,map
baseline_verified_score,238,,high,1,12.269532,True,True,True,3.405,84,86,5,6,appearance
baseline_verified_score,239,,high,1,16.964312,True,True,True,3.157,84,86,5,7,appearance
baseline_verified_score,240,,high,1,23.387304,True,True,True,4.031,82,88,5,5,map
baseline_verified_score,241,,high,1,20.015284,True,True,True,3.397,83,86,6,7,appearance
baseline_verified_score,242,,high,1,21.248935,True,True,True,2.652,83,88,5,5,appearance
baseline_verified_score,243,,high,1,24.944045,True,True,True,2.394,83,88,5,5,appearance
baseline_verified_score,244,,high,1,22.899218,True,True,True,2.163,83,87,5,7,appearance
baseline_verified_score,245,,high,1,26.049794,True,True,True,4.254,80,88,5,5,map
baseline_verified_score,246,,high,1,22.608984,True,True,True,1.998,82,87,6,7,appearance
baseline_verified_score,247,,high,1,26.829052,True,True,True,3.625,80,88,5,5,map
baseline_verified_score,248,,high,1,24.866618,True,True,True,1.421,82,88,5,6,appearance
baseline_verified_score,249,,high,1,25.849369,True,True,True,3.003,80,88,5,5,map
baseline_verified_score,250,,high,1,25.17285,True,True,True,7.267,76,90,3,3,map
baseline_verified_score,251,,high,1,20.857835,True,True,True,1.045,82,88,4,6,appearance
baseline_verified_score,252,,high,1,22.011509,True,True,True,0.721,81,89,5,5,appearance
baseline_verified_score,253,,high,1,21.120191,True,True,True,0.441,81,89,5,5,appearance
baseline_verified_score,254,,high,1,20.486938,True,True,True,0.802,81,88,5,6,appearance
baseline_verified_score,255,,high,1,25.35845,True,True,True,2.905,78,88,5,5,map
baseline_verified_score,256,,high,1,21.952565,True,True,True,0.728,81,88,4,6,appearance
baseline_verified_score,257,,high,1,25.889095,True,True,True,2.288,78,88,5,5,map
baseline_verified_score,258,,high,1,21.066407,True,True,True,0.364,80,89,5,5,appearance
baseline_verified_score,259,,high,1,25.910394,True,True,True,0.676,80,89,5,5,appearance
baseline_verified_score,260,,high,1,23.346994,True,True,True,1.0,80,89,5,5,appearance
baseline_verified_score,261,,high,1,18.360577,True,True,True,1.159,80,89,5,5,appearance
baseline_verified_score,262,,high,1,14.55904,False,True,True,11.249,90,86,3,3,map
baseline_verified_score,263,,high,1,5.652332,False,False,True,72.247,10,110,3,3,map
baseline_verified_score,264,,high,1,5.99931,False,False,True,72.062,10,110,3,3,map
baseline_verified_score,265,,high,1,8.532804,False,False,True,73.825,8,110,3,3,map
baseline_verified_score,266,,high,1,6.881226,False,False,True,66.837,49,152,5,4,appearance
baseline_verified_score,267,,high,1,12.103702,False,False,True,70.677,44,152,12,12,map
baseline_verified_score,268,,high,1,10.502025,False,False,True,73.835,42,155,12,12,map
baseline_verified_score,269,,high,1,6.94638,False,False,True,76.998,40,158,12,12,map
baseline_verified_score,270,,high,1,9.007922,False,False,True,72.97,8,110,3,3,map
baseline_verified_score,271,,high,1,6.020105,False,False,True,80.408,0,120,12,12,map
baseline_verified_score,272,,high,1,8.451787,False,False,True,72.261,8,108,3,3,map
baseline_verified_score,273,,high,1,6.436032,False,False,True,44.996,38,114,3,3,map
baseline_verified_score,274,,high,1,8.071922,False,False,True,44.752,38,114,3,3,map
baseline_verified_score,275,,high,1,9.3525,False,False,True,45.34,38,116,3,3,map
baseline_verified_score,276,,high,1,10.856629,False,False,True,45.092,38,116,3,3,map
baseline_verified_score,277,,high,1,12.485374,False,False,True,44.842,38,116,3,3,map
baseline_verified_score,278,,high,1,11.588508,False,False,True,44.6,38,116,3,3,map
baseline_verified_score,279,,high,1,10.700732,False,False,True,46.197,36,116,3,3,map
baseline_verified_score,280,,high,1,13.556865,False,False,True,45.962,36,116,3,3,map
baseline_verified_score,281,,medium_high,1,10.256783,False,False,True,45.579,36,116,3,3,map
baseline_verified_score,282,,medium_high,1,10.272803,False,False,True,45.192,36,116,3,3,map
baseline_verified_score,283,,medium_high,1,7.250313,False,False,True,44.81,36,116,3,3,map
baseline_verified_score,284,,medium_high,1,8.827471,False,False,True,70.893,8,124,12,12,map
baseline_verified_score,285,,medium_high,1,8.860052,True,True,True,2.004,73,99,12,12,map
baseline_verified_score,286,,medium_high,1,7.542993,False,False,True,72.725,6,126,12,12,map
baseline_verified_score,287,,medium_high,1,11.00788,False,False,True,75.105,3,126,12,12,map
baseline_verified_score,288,,medium_high,1,6.71372,False,False,True,76.953,1,127,12,12,map
baseline_verified_score,289,,medium_high,1,6.568751,False,False,True,76.943,1,128,12,12,map
baseline_verified_score,290,,medium_high,1,6.56765,False,False,True,77.853,0,129,12,12,map
baseline_verified_score,291,,medium_high,1,4.431525,False,False,True,50.072,22,101,12,12,map
baseline_verified_score,292,,medium_high,1,6.049803,False,False,True,49.9,22,101,12,12,map
baseline_verified_score,293,,medium_high,1,5.146834,False,False,True,28.399,103,108,6,5,appearance
baseline_verified_score,294,,medium_high,1,8.739055,False,False,True,29.525,104,108,6,5,appearance
baseline_verified_score,295,,medium_high,1,11.109985,False,False,True,30.667,105,108,6,5,appearance
baseline_verified_score,296,,medium_high,1,13.253381,False,False,True,30.813,105,108,6,5,appearance
baseline_verified_score,297,,medium_high,1,16.09502,False,False,True,31.971,106,108,6,5,appearance
baseline_verified_score,298,,medium_high,1,14.568465,False,False,True,32.151,106,108,6,5,appearance
baseline_verified_score,299,,medium_high,1,14.654192,False,False,True,33.342,107,108,6,5,appearance
baseline_verified_score,300,,medium_high,1,16.23307,False,False,True,34.533,108,108,6,5,appearance
baseline_verified_score,301,,medium_high,1,14.967177,False,False,True,34.441,108,108,6,5,appearance
baseline_verified_score,302,,medium_high,1,16.390264,False,False,True,34.36,108,108,6,5,appearance
baseline_verified_score,303,,medium_high,1,13.737266,False,False,True,34.291,108,108,6,5,appearance
baseline_verified_score,304,,medium_high,1,15.910888,False,False,True,35.725,109,108,7,5,appearance
baseline_verified_score,305,,medium_high,1,16.235634,False,False,True,35.615,109,108,7,6,appearance
baseline_verified_score,306,,medium_high,1,12.511378,False,False,True,35.569,109,108,7,6,appearance
baseline_verified_score,307,,medium_high,1,13.252988,False,False,True,36.523,110,108,7,6,appearance
baseline_verified_score,308,,medium_high,1,9.542644,False,False,False,37.483,111,108,7,6,appearance
baseline_verified_score,309,,medium_high,1,9.376749,False,False,False,37.465,111,108,7,6,appearance
baseline_verified_score,310,,medium_high,1,9.943162,False,False,False,38.349,112,109,7,5,appearance
baseline_verified_score,311,,medium_high,1,9.59376,False,False,False,38.341,112,109,7,5,appearance
baseline_verified_score,312,,medium_high,1,9.88118,False,False,True,39.322,113,109,7,5,appearance
baseline_verified_score,313,,medium_high,1,9.590704,False,False,True,39.332,113,109,7,5,appearance
baseline_verified_score,314,,medium_high,1,9.684599,False,False,True,39.238,113,109,7,6,appearance
baseline_verified_score,315,,medium_high,1,13.275717,False,False,True,39.746,113,109,8,6,appearance
baseline_verified_score,316,,medium_high,1,9.342493,False,False,True,39.778,113,109,8,6,appearance
baseline_verified_score,317,,medium_high,1,12.957788,False,False,True,40.783,114,109,8,6,appearance
baseline_verified_score,318,,medium_high,1,9.404934,False,False,True,41.793,115,109,8,6,appearance
baseline_verified_score,319,,medium_high,1,9.193216,False,False,True,41.706,115,110,8,5,appearance
baseline_verified_score,320,,medium_high,1,9.582901,False,False,True,42.101,116,110,7,6,appearance
baseline_verified_score,321,,medium_high,1,6.016573,False,False,True,42.151,116,110,7,6,appearance
baseline_verified_score,322,,medium_high,1,6.555419,False,False,True,64.028,10,107,12,12,map
baseline_verified_score,323,,medium_high,1,5.154095,False,False,True,65.006,9,107,12,12,map
baseline_verified_score,324,,medium_high,1,4.572696,True,True,True,4.429,69,121,12,12,map
baseline_verified_score,325,,medium_high,1,8.670202,True,True,True,4.363,69,121,12,12,map
baseline_verified_score,326,,medium_high,1,5.627732,True,True,True,4.293,69,121,12,12,map
baseline_verified_score,327,,medium_high,1,9.393316,True,True,True,4.225,69,121,12,12,map
baseline_verified_score,328,,medium_high,1,5.689362,True,True,True,4.163,69,121,12,12,map
baseline_verified_score,329,,medium_high,1,5.075325,True,True,True,3.784,74,122,3,3,map
baseline_verified_score,330,,medium_high,1,6.812645,True,True,True,3.816,74,122,3,3,map
baseline_verified_score,331,,medium_high,1,5.121284,False,False,True,47.103,121,112,7,5,appearance
baseline_verified_score,332,,medium_high,1,7.486567,False,False,True,127.037,14,14,3,3,map
baseline_verified_score,333,,medium_high,1,5.917142,False,False,True,126.612,15,14,3,3,map
baseline_verified_score,334,,medium_high,1,5.51933,False,False,True,127.185,14,14,3,3,map
baseline_verified_score,335,,medium_high,1,9.105222,False,False,True,126.284,16,14,3,3,map
baseline_verified_score,336,,medium_high,1,6.344627,False,False,True,125.874,17,14,3,3,map
baseline_verified_score,337,,medium_high,1,8.67547,False,False,True,126.426,16,14,3,3,map
baseline_verified_score,338,,medium_high,1,6.553358,True,True,True,3.065,70,122,12,12,map
baseline_verified_score,339,,medium_high,1,9.580607,True,True,True,2.987,70,122,12,12,map
baseline_verified_score,340,,medium_high,1,12.252251,True,True,True,2.121,71,122,12,12,map
baseline_verified_score,341,,medium_high,1,10.859877,True,True,True,2.299,71,122,12,12,map
baseline_verified_score,342,,medium_high,1,13.163315,True,True,True,1.358,74,120,12,12,map
baseline_verified_score,343,,medium_high,1,11.285495,True,True,True,2.475,75,119,12,12,map
baseline_verified_score,344,,medium_high,1,7.490862,True,True,True,3.046,70,121,12,12,map
baseline_verified_score,345,,medium_high,1,11.830029,True,True,True,3.187,70,121,12,12,map
baseline_verified_score,346,,medium_high,1,7.354091,False,False,True,122.694,23,14,3,3,map
baseline_verified_score,347,,medium_high,1,10.255375,False,False,True,123.019,22,14,3,3,map
baseline_verified_score,348,,medium_high,1,7.421996,False,False,True,122.896,22,14,3,3,map
baseline_verified_score,349,,medium_high,1,9.628853,False,False,True,31.627,104,107,5,4,appearance
baseline_verified_score,350,,medium_high,1,11.399284,False,False,True,32.544,106,108,4,3,appearance
baseline_verified_score,351,,medium_high,1,11.052102,False,False,True,32.396,106,108,4,3,appearance
baseline_verified_score,352,,medium_high,1,11.53231,False,False,True,32.249,106,108,4,3,appearance
baseline_verified_score,353,,medium_high,1,10.269293,False,False,True,32.101,106,108,4,3,appearance
baseline_verified_score,354,,medium_high,1,11.446303,False,False,True,32.873,108,109,3,3,appearance
baseline_verified_score,355,,medium_high,1,11.892621,False,False,True,33.189,108,109,4,3,appearance
baseline_verified_score,356,,medium_high,1,11.445836,False,False,True,33.05,108,109,4,3,appearance
baseline_verified_score,357,,medium_high,1,10.887663,True,True,True,2.815,71,118,12,12,map
baseline_verified_score,358,,medium_high,1,9.207607,True,True,True,2.923,71,118,12,12,map
baseline_verified_score,359,,medium_high,1,10.443471,True,True,True,3.039,71,118,12,12,map
baseline_verified_score,360,,medium_high,1,14.871374,True,True,True,3.162,71,118,12,12,map
baseline_verified_score,361,,medium_high,1,11.191785,True,True,True,3.125,71,118,12,12,map
baseline_verified_score,362,,medium_high,1,16.414514,True,True,True,2.9,71,117,12,12,map
baseline_verified_score,363,,medium_high,1,12.96507,True,True,True,2.851,71,117,12,12,map
baseline_verified_score,364,,medium_high,1,13.865018,True,True,True,2.941,71,116,12,12,map
baseline_verified_score,365,,medium_high,1,18.566466,True,True,True,2.887,71,116,12,12,map
baseline_verified_score,366,,medium_high,1,14.328531,True,True,True,2.831,71,116,12,12,map
baseline_verified_score,367,,medium_high,1,18.776001,True,True,True,1.847,72,116,12,12,map
baseline_verified_score,368,,medium_high,1,13.524317,True,True,True,1.789,72,116,12,12,map
baseline_verified_score,369,,medium_high,1,11.712623,True,True,True,3.11,71,115,12,12,map
baseline_verified_score,370,,medium_high,1,12.674072,True,True,True,6.149,68,114,12,12,map
baseline_verified_score,371,,medium_high,1,7.487376,True,True,True,7.446,67,113,12,12,map
baseline_verified_score,372,,medium_high,1,8.176143,True,True,True,6.037,68,114,12,12,map
baseline_verified_score,373,,medium_high,1,4.22984,False,False,True,67.575,12,106,3,3,map
baseline_verified_score,374,,medium_high,1,5.196437,False,False,True,69.472,10,106,3,3,map
baseline_verified_score,375,,medium_high,1,6.167385,False,False,True,69.009,10,108,3,3,map
baseline_verified_score,376,,medium_high,1,7.160056,False,False,True,68.956,10,108,3,3,map
baseline_verified_score,377,,medium_high,1,9.012553,False,False,True,120.658,6,24,3,3,map
baseline_verified_score,378,,medium_high,1,10.083287,False,False,True,120.604,6,24,3,3,map
baseline_verified_score,379,,medium_high,1,11.115273,False,False,True,118.954,6,26,3,3,map
baseline_verified_score,380,,medium_high,1,11.629792,False,False,True,117.708,8,26,3,3,map
baseline_verified_score,381,,medium_high,1,12.788783,False,False,True,117.781,8,26,3,3,map
baseline_verified_score,382,,medium_high,1,14.210854,False,False,True,117.853,8,26,3,3,map
baseline_verified_score,383,,medium_high,1,15.487361,False,False,True,117.926,8,26,3,3,map
baseline_verified_score,384,,medium_high,1,17.301346,False,False,True,118.004,8,26,3,3,map
baseline_verified_score,385,,medium_high,1,17.017179,False,False,True,116.45,8,28,3,3,map
baseline_verified_score,386,,medium_high,1,13.687724,False,False,True,115.379,10,28,3,3,map
baseline_verified_score,387,,medium_high,1,14.138097,False,False,False,115.464,10,28,3,3,map
baseline_verified_score,388,,medium_high,1,11.665536,False,False,False,115.548,10,28,3,3,map
baseline_verified_score,389,,medium_high,1,12.852964,False,False,False,115.634,10,28,3,3,map
baseline_verified_score,390,,medium_high,1,12.409052,False,False,False,112.952,12,30,3,3,map
baseline_verified_score,391,,medium_high,1,12.032183,False,False,False,113.046,12,30,3,3,map
baseline_verified_score,392,,medium_high,1,12.34468,False,False,True,113.14,12,30,3,3,map
baseline_verified_score,393,,medium_high,1,9.446569,False,False,True,113.235,12,30,3,3,map
baseline_verified_score,394,,medium_high,1,9.196197,False,False,True,112.272,14,30,3,3,map
baseline_verified_score,395,,medium_high,1,9.905341,False,False,True,110.679,14,32,3,3,map
baseline_verified_score,396,,medium_high,1,9.466438,False,False,False,110.781,14,32,3,3,map
baseline_verified_score,397,,medium_high,1,12.573211,False,False,True,110.889,14,32,3,3,map
baseline_verified_score,398,,medium_high,1,11.829849,False,False,True,109.97,16,32,3,3,map
baseline_verified_score,399,,medium_high,1,12.945732,False,False,True,110.094,16,32,3,3,map
baseline_verified_score,400,,medium_high,1,13.430815,False,False,True,108.477,16,34,3,3,map
baseline_verified_score,401,,medium_high,1,12.991709,False,False,True,108.165,16,34,3,3,map
baseline_verified_score,402,,medium_high,1,16.443368,False,False,True,107.856,16,34,3,3,map
baseline_verified_score,403,,medium_high,1,16.822513,False,False,False,107.552,16,34,3,3,map
baseline_verified_score,404,,medium_high,1,16.945533,False,False,False,107.251,16,34,3,3,map
baseline_verified_score,405,,medium_high,1,16.804202,False,False,False,105.902,18,34,3,3,map
baseline_verified_score,406,,medium_high,1,15.894351,False,False,False,103.902,18,36,3,3,map
baseline_verified_score,407,,medium_high,1,16.615772,False,False,False,103.61,18,36,3,3,map
baseline_verified_score,408,,medium_high,1,13.362821,False,False,False,103.321,18,36,3,3,map
baseline_verified_score,409,,medium_high,1,13.703852,False,False,True,103.038,18,36,3,3,map
baseline_verified_score,410,,medium_high,1,14.344529,False,False,True,102.758,18,36,3,3,map
baseline_verified_score,411,,medium_high,1,13.365336,False,False,True,101.376,20,36,3,3,map
baseline_verified_score,412,,medium_high,1,13.859058,False,False,True,101.095,20,36,3,3,map
baseline_verified_score,413,,medium_high,1,10.780166,False,False,False,100.263,21,36,3,3,map
baseline_verified_score,414,,medium_high,1,11.117822,False,False,True,98.898,20,38,3,3,map
baseline_verified_score,415,,medium_high,1,12.123128,False,False,False,98.637,20,38,3,3,map
baseline_verified_score,416,,medium_high,1,9.025631,False,False,False,98.381,20,38,3,3,map
baseline_verified_score,417,,medium_high,1,12.380428,False,False,False,98.129,20,38,3,3,map
baseline_verified_score,418,,medium_high,1,9.110005,False,False,True,97.882,20,38,3,3,map
baseline_verified_score,419,,medium_high,1,8.739814,False,False,True,85.769,51,29,12,12,map
baseline_verified_score,420,,medium_high,1,10.930918,False,False,True,85.301,51,29,12,12,map
baseline_verified_score,421,,medium_high,1,9.500741,False,False,True,85.109,51,29,12,12,map
baseline_verified_score,422,,medium_high,1,11.456352,False,False,False,95.683,20,38,5,5,map
baseline_verified_score,423,,medium_high,1,11.101294,False,False,True,95.722,22,38,3,3,map
baseline_verified_score,424,,medium_high,1,10.627382,False,False,True,94.382,24,38,3,3,map
baseline_verified_score,425,,medium_high,1,12.311091,False,False,True,93.804,22,40,3,3,map
baseline_verified_score,426,,medium_high,1,8.935357,False,False,True,92.854,22,41,3,3,map
baseline_verified_score,427,,medium_high,1,11.274739,False,False,False,92.281,24,40,3,3,map
baseline_verified_score,428,,medium_high,1,11.11683,False,False,False,92.121,24,40,3,3,map
baseline_verified_score,429,,medium_high,1,11.61501,False,False,False,91.96,24,40,3,3,map
baseline_verified_score,430,,medium_high,1,11.29958,False,False,False,90.616,26,40,3,3,map
baseline_verified_score,431,,medium_high,1,8.145614,False,False,True,89.872,27,40,3,3,map
baseline_verified_score,432,,medium_high,1,8.588118,False,False,True,90.292,26,40,3,3,map
baseline_verified_score,433,,medium_high,1,6.896625,False,False,True,30.013,109,112,3,3,map
baseline_verified_score,434,,medium_high,1,11.539178,False,False,True,111.112,48,6,3,3,map
baseline_verified_score,435,,medium_high,1,10.544416,False,False,True,89.807,26,40,3,3,map
baseline_verified_score,436,,medium_high,1,8.695578,False,False,True,107.738,52,8,3,3,map
baseline_verified_score,437,,medium_high,1,8.759475,False,False,True,31.058,110,114,3,3,map
baseline_verified_score,438,,medium_high,1,6.100345,False,False,True,32.069,111,114,3,3,map
baseline_verified_score,439,,medium_high,1,5.702271,False,False,True,45.178,119,115,12,12,map
baseline_verified_score,440,,medium_high,1,8.808549,False,False,True,115.053,38,4,3,3,map
baseline_verified_score,441,,medium,1,7.169081,False,False,True,107.837,60,5,3,3,map
baseline_verified_score,442,,medium,1,9.682768,False,False,False,46.089,124,120,5,5,map
baseline_verified_score,443,,medium,1,8.601508,False,False,False,41.644,48,136,3,3,map
baseline_verified_score,444,,medium,1,9.304521,False,False,True,107.09,64,4,3,3,map
baseline_verified_score,445,,medium,1,10.25477,False,False,True,45.537,124,118,7,7,map
baseline_verified_score,446,,medium,1,7.54477,False,False,True,86.086,28,42,3,3,map
baseline_verified_score,447,,medium,1,9.56379,False,False,False,87.637,28,40,3,3,map
baseline_verified_score,448,,medium,1,7.561669,False,False,False,87.633,28,40,3,3,map
baseline_verified_score,449,,medium,1,8.284049,False,False,True,81.073,2,92,7,7,map
baseline_verified_score,450,,low_medium,1,10.696467,False,False,True,82.379,2,94,5,5,map
baseline_verified_score,451,,low_medium,1,7.732761,False,False,True,78.567,55,28,12,12,map
baseline_verified_score,452,,low_medium,1,12.408737,False,False,True,74.272,57,32,12,12,map
baseline_verified_score,453,,low_medium,1,8.545093,False,False,True,72.996,58,33,12,12,map
baseline_verified_score,454,,low_medium,1,7.936601,False,False,True,79.303,55,28,12,12,map
baseline_verified_score,455,,low_medium,1,7.927891,False,False,True,79.454,55,28,12,12,map
baseline_verified_score,456,,low_medium,1,7.129893,False,False,True,86.179,30,42,3,3,map
baseline_verified_score,457,,low_medium,1,10.194501,False,False,True,86.888,30,42,3,3,map
baseline_verified_score,458,,low_medium,1,9.85151,False,False,False,86.89,30,42,3,3,map
baseline_verified_score,459,,low_medium,1,10.941543,False,False,True,87.599,30,42,3,3,map
baseline_verified_score,460,,low_medium,1,13.285554,False,False,True,86.619,32,42,3,3,map
baseline_verified_score,461,,low_medium,1,4.295543,False,False,True,52.697,46,140,3,3,map
baseline_verified_score,462,,low_medium,1,12.227114,False,False,False,88.629,30,42,3,3,map
baseline_verified_score,463,,low_medium,1,8.980552,False,False,False,89.303,29,42,3,3,map
baseline_verified_score,464,,low_medium,1,6.939944,False,False,True,86.519,32,44,3,3,map
baseline_verified_score,465,,low_medium,1,6.64826,False,False,True,88.563,30,44,3,3,map
baseline_verified_score,466,,low_medium,1,5.680428,False,False,True,87.225,32,44,3,3,map
baseline_verified_score,467,,low_medium,1,4.976875,False,False,True,88.903,30,44,3,3,map
baseline_verified_score,468,,low_medium,1,4.626737,False,False,True,61.817,42,148,3,3,map
baseline_verified_score,469,,low_medium,1,7.572211,False,False,False,66.016,40,152,3,3,map
baseline_verified_score,470,,low_medium,1,7.24365,False,False,False,90.664,30,44,3,3,map
baseline_verified_score,471,,low_medium,1,7.63442,False,False,False,89.316,32,44,3,3,map
baseline_verified_score,472,,low_medium,1,9.692945,False,False,True,91.374,30,44,3,3,map
baseline_verified_score,473,,low_medium,1,11.013329,False,False,True,90.031,32,44,3,3,map
baseline_verified_score,474,,low_medium,1,11.26092,False,False,True,92.091,30,44,3,3,map
baseline_verified_score,475,,low_medium,1,12.105755,False,False,True,92.803,30,44,3,3,map
baseline_verified_score,476,,low_medium,1,10.067147,False,False,True,92.801,30,44,3,3,map
baseline_verified_score,477,,low_medium,1,10.772181,False,False,True,93.857,30,44,3,3,map
baseline_verified_score,478,,low_medium,1,8.690175,False,False,False,93.856,30,44,3,3,map
baseline_verified_score,479,,low_medium,1,7.918749,False,False,True,93.137,30,46,3,3,map
baseline_verified_score,480,,low_medium,1,8.61743,False,False,True,94.195,30,46,3,3,map
baseline_verified_score,481,,low_medium,1,6.56232,False,False,True,94.202,30,46,3,3,map
baseline_verified_score,482,,low_medium,1,8.929502,False,False,True,116.071,58,4,3,3,map
baseline_verified_score,483,,low_medium,1,7.469202,False,False,True,115.115,58,5,3,3,map
baseline_verified_score,484,,low_medium,1,6.701111,False,False,True,86.818,32,46,3,3,map
baseline_verified_score,485,,low_medium,1,9.566478,False,False,True,86.817,32,46,3,3,map
baseline_verified_score,486,,low_medium,1,6.350894,False,False,True,102.343,58,17,3,3,map
baseline_verified_score,487,,low_medium,1,12.239682,False,False,True,85.198,32,48,3,3,map
baseline_verified_score,488,,low_medium,1,6.833912,False,False,True,90.902,6,68,3,3,map
baseline_verified_score,489,,low_medium,1,12.042082,False,False,True,86.804,32,46,3,3,map
baseline_verified_score,490,,low_medium,1,14.005235,False,False,True,85.188,32,48,3,3,map
baseline_verified_score,491,,low_medium,1,11.165051,False,False,True,89.919,6,70,3,3,map
baseline_verified_score,492,,low_medium,1,14.680308,False,False,True,89.933,6,70,3,3,map
baseline_verified_score,493,,low_medium,1,13.913483,False,False,False,89.952,6,70,3,3,map
baseline_verified_score,494,,low_medium,1,15.014806,False,False,False,89.72,6,70,3,3,map
baseline_verified_score,495,,low_medium,1,18.25444,False,False,True,90.106,4,70,5,5,map
baseline_verified_score,496,,low_medium,1,15.106191,False,False,True,90.121,4,70,5,5,map
baseline_verified_score,497,,low_medium,1,12.839317,False,False,True,90.141,4,70,5,5,map
baseline_verified_score,498,,low_medium,1,2.606449,False,False,True,98.51,2,60,3,3,map
baseline_verified_score,499,,low_medium,1,4.804194,False,False,True,79.85,14,154,3,3,map
baseline_verified_score,500,,low_medium,1,3.291352,False,False,False,80.906,14,156,3,3,map
baseline_verified_score,501,,low_medium,1,4.283281,False,False,True,48.981,38,132,3,3,map
baseline_verified_score,502,,low_medium,1,5.754258,True,True,True,6.685,90,112,3,3,map
baseline_verified_score,503,,low_medium,1,5.699434,False,False,True,71.295,26,156,3,3,map
baseline_verified_score,504,,low_medium,1,11.004386,False,False,True,48.021,120,140,7,7,map
baseline_verified_score,505,,low_medium,1,7.493814,False,False,True,50.007,121,142,7,7,map
baseline_verified_score,506,,low_medium,1,15.289614,False,False,True,53.902,124,144,7,7,map
baseline_verified_score,507,,low_medium,1,11.830459,False,False,True,57.005,126,146,7,7,map
baseline_verified_score,508,,low_medium,1,10.398594,False,False,True,59.422,128,148,6,7,map
baseline_verified_score,509,,low_medium,1,8.080214,False,False,True,37.202,119,123,3,3,appearance
baseline_verified_score,510,,low_medium,1,9.358688,False,False,True,37.176,119,123,3,3,appearance
baseline_verified_score,511,,low_medium,1,10.657428,False,False,True,40.621,120,124,6,4,appearance
baseline_verified_score,512,,low_medium,1,13.2,False,False,True,44.562,125,126,3,3,appearance
baseline_verified_score,513,,low_medium,1,14.221616,False,False,True,44.534,125,126,3,3,appearance
baseline_verified_score,514,,low_medium,1,11.269847,False,False,True,45.967,126,127,3,3,appearance
baseline_verified_score,515,,low_medium,1,7.477493,False,False,True,47.24,127,128,3,3,appearance
baseline_verified_score,516,,low_medium,1,7.447768,False,False,True,70.86,59,37,12,12,map
baseline_verified_score,517,,low_medium,1,6.075894,False,False,False,69.881,59,37,12,12,map
baseline_verified_score,518,,low_medium,1,4.564882,False,False,False,67.523,28,148,3,3,map
baseline_verified_score,519,,low_medium,1,7.904048,False,False,False,69.358,59,37,12,12,map
baseline_verified_score,520,,medium,1,4.901222,False,False,True,67.929,28,148,3,3,map
baseline_verified_score,521,,medium,1,7.168065,False,False,True,68.694,59,37,12,12,map
baseline_verified_score,522,,medium,1,11.084903,False,False,True,67.914,60,37,12,12,map
baseline_verified_score,523,,medium,1,6.874568,False,False,True,67.896,60,37,12,12,map
baseline_verified_score,524,,medium,1,10.774685,False,False,True,67.522,59,37,12,12,map
baseline_verified_score,525,,medium,1,6.496623,False,False,True,67.507,59,37,12,12,map
baseline_verified_score,526,,medium,1,7.157439,False,False,True,70.938,36,52,3,3,map
baseline_verified_score,527,,medium,1,10.092298,False,False,True,66.227,60,37,12,12,map
baseline_verified_score,528,,medium,1,5.976248,False,False,True,66.2,60,37,12,12,map
baseline_verified_score,529,,medium,1,5.976086,False,False,True,65.084,60,37,12,12,map
baseline_verified_score,530,,medium,1,5.53802,True,True,True,1.338,83,103,3,4,appearance
baseline_verified_score,531,,medium,1,11.232814,True,True,True,2.251,78,97,12,12,map
baseline_verified_score,532,,medium,1,16.005539,True,True,True,2.627,79,97,12,12,map
baseline_verified_score,533,,medium,1,16.567911,True,True,True,1.096,82,103,4,4,appearance
baseline_verified_score,534,,medium,1,20.639404,True,True,True,2.06,77,96,12,12,map
baseline_verified_score,535,,medium,1,21.301873,True,True,True,0.431,82,102,3,4,appearance
baseline_verified_score,536,,medium,1,25.181616,True,True,True,2.52,77,95,12,12,map
baseline_verified_score,537,,medium,1,29.0603,True,True,True,1.991,77,95,12,12,map
baseline_verified_score,538,,medium,1,27.244043,True,True,True,0.522,81,100,4,5,appearance
baseline_verified_score,539,,medium,1,30.153837,True,True,True,2.405,77,94,12,12,map
baseline_verified_score,540,,medium,1,23.92729,True,True,True,3.357,77,93,12,12,map
baseline_verified_score,541,,medium,1,23.025069,True,True,True,2.477,78,94,12,12,map
baseline_verified_score,542,,medium,1,26.654738,True,True,True,2.308,76,93,12,12,map
baseline_verified_score,543,,medium,1,21.301733,True,True,True,2.65,75,93,12,12,map
baseline_verified_score,544,,medium,1,25.037397,True,True,True,1.951,78,98,5,5,map
baseline_verified_score,545,,medium,1,19.819574,True,True,True,2.995,77,98,5,5,map
baseline_verified_score,546,,medium,1,20.357223,True,True,True,2.14,76,92,12,12,map
baseline_verified_score,547,,medium,1,21.999172,True,True,True,4.571,76,98,3,3,map
baseline_verified_score,548,,medium,1,16.634867,True,True,True,5.61,75,98,3,3,map
baseline_verified_score,549,,medium,1,16.634616,True,True,True,6.666,74,98,3,3,map
baseline_verified_score,550,,medium,1,7.720591,False,False,True,68.483,27,140,3,3,map
baseline_verified_score,551,,medium,1,7.218575,False,False,True,94.752,126,14,3,3,map
baseline_verified_score,552,,medium,1,8.070128,False,False,True,74.914,22,144,3,3,map
baseline_verified_score,553,,medium,1,8.545685,False,False,True,74.964,22,144,3,3,map
baseline_verified_score,554,,medium,1,8.562149,False,False,True,76.743,21,145,3,3,map
baseline_verified_score,555,,medium,1,4.875269,False,False,True,78.208,20,146,3,3,map
baseline_verified_score,556,,medium,1,6.852095,False,False,True,71.182,44,32,7,7,map
baseline_verified_score,557,,medium,1,9.012855,False,False,True,70.496,44,32,7,7,map
baseline_verified_score,558,,medium,1,7.61724,False,False,True,70.48,44,32,7,7,map
baseline_verified_score,559,,medium,1,9.660805,False,False,True,70.672,42,29,12,12,map
baseline_verified_score,560,,medium,1,8.130703,False,False,True,70.661,42,29,12,12,map
baseline_verified_score,561,,medium,1,11.325425,True,True,True,1.1,79,96,4,4,appearance
baseline_verified_score,562,,medium,1,13.83846,True,True,True,3.201,76,94,5,5,map
baseline_verified_score,563,,medium,1,15.894161,True,True,True,1.204,79,95,4,5,appearance
baseline_verified_score,564,,medium,1,16.834881,True,True,True,1.26,79,95,4,5,appearance
baseline_verified_score,565,,medium,1,16.246722,True,True,True,1.315,79,95,4,5,appearance
baseline_verified_score,566,,medium,1,11.864457,True,True,True,1.371,79,95,4,5,appearance
baseline_verified_score,567,,medium,1,13.46677,True,True,True,3.411,76,94,5,5,map
baseline_verified_score,568,,medium,1,15.71939,True,True,True,1.476,79,95,4,5,appearance
baseline_verified_score,569,,medium,1,14.141382,True,True,True,5.492,74,94,5,5,map
baseline_verified_score,570,,medium,1,10.632144,True,True,True,1.581,79,95,4,5,appearance
baseline_verified_score,571,,medium,1,14.219663,True,True,True,3.089,76,94,5,5,map
baseline_verified_score,572,,medium,1,17.682553,True,True,True,3.132,76,94,5,5,map
baseline_verified_score,573,,medium,1,13.398856,True,True,True,3.174,76,94,5,5,map
baseline_verified_score,574,,medium,1,13.393654,True,True,True,6.343,74,96,3,3,map
baseline_verified_score,575,,medium,1,13.419001,True,True,True,7.368,73,96,3,3,map
baseline_verified_score,576,,medium,1,12.894584,True,True,True,6.446,74,96,3,3,map
baseline_verified_score,577,,medium,1,15.909165,True,True,True,6.492,74,96,3,3,map
baseline_verified_score,578,,medium,1,16.809794,True,True,True,2.017,78,95,5,5,appearance
baseline_verified_score,579,,medium,1,17.634143,True,True,True,6.1,74,96,3,3,map
baseline_verified_score,580,,medium_high,1,11.867395,True,True,True,2.828,72,96,3,3,map
baseline_verified_score,581,,medium_high,1,10.405707,True,True,True,1.95,74,96,3,3,map
baseline_verified_score,582,,medium_high,1,12.784227,True,True,True,4.383,72,98,3,3,map
baseline_verified_score,583,,medium_high,1,12.182398,True,True,True,5.703,71,99,3,3,map
baseline_verified_score,584,,medium_high,1,13.495522,True,True,True,4.294,72,98,3,3,map
baseline_verified_score,585,,medium_high,1,9.503403,True,True,True,4.25,72,98,3,3,map
baseline_verified_score,586,,medium_high,1,9.903558,True,True,True,4.206,72,98,3,3,map
baseline_verified_score,587,,medium_high,1,12.359144,True,True,True,4.162,72,98,3,3,map
baseline_verified_score,588,,medium_high,1,8.378413,True,True,True,4.118,72,98,3,3,map
baseline_verified_score,589,,medium_high,1,13.371913,True,True,True,3.627,73,89,12,12,map
baseline_verified_score,590,,medium_high,1,11.077632,True,True,True,4.472,77,95,5,6,appearance
baseline_verified_score,591,,medium_high,1,14.350899,True,True,True,2.5,72,90,12,12,map
baseline_verified_score,592,,medium_high,1,21.996652,True,True,True,2.6,74,96,5,5,map
baseline_verified_score,593,,medium_high,1,20.516596,True,True,True,4.216,76,96,6,5,appearance
baseline_verified_score,594,,medium_high,1,26.67508,True,True,True,2.508,74,96,5,5,map
baseline_verified_score,595,,medium_high,1,24.694016,True,True,True,3.473,76,95,5,6,appearance
baseline_verified_score,596,,medium_high,1,27.541151,True,True,True,1.53,71,90,12,12,map
baseline_verified_score,597,,medium_high,1,36.416537,True,True,True,2.371,74,96,5,5,map
baseline_verified_score,598,,medium_high,1,34.115381,True,True,True,2.9,75,96,5,5,appearance
baseline_verified_score,599,,medium_high,1,38.335252,True,True,True,1.566,71,90,12,12,map
baseline_verified_score,600,,medium_high,1,33.186504,True,True,True,2.5,75,95,5,6,appearance
baseline_verified_score,601,,medium_high,1,32.092745,True,True,True,2.253,72,96,5,5,map
baseline_verified_score,602,,medium_high,1,29.738779,True,True,True,2.704,71,96,5,5,map
baseline_verified_score,603,,medium_high,1,25.18822,True,True,True,2.253,73,95,6,6,appearance
baseline_verified_score,604,,medium_high,1,25.773302,True,True,True,2.5,72,96,5,5,map
baseline_verified_score,605,,medium_high,1,21.540185,True,True,True,2.753,73,95,6,6,appearance
baseline_verified_score,606,,medium_high,1,19.058499,True,True,True,2.704,73,95,5,6,appearance
baseline_verified_score,607,,medium_high,1,17.822781,True,True,True,5.751,68,98,3,3,map
baseline_verified_score,608,,medium_high,1,12.872593,True,True,True,2.5,72,94,6,7,appearance
baseline_verified_score,609,,medium_high,1,13.97551,True,True,True,1.352,70,94,5,5,map
baseline_verified_score,610,,medium_high,1,8.680861,True,True,True,3.01,72,95,6,5,appearance
baseline_verified_score,611,,high,1,16.922654,True,True,True,1.398,70,94,5,5,map
baseline_verified_score,612,,high,1,15.518016,True,True,True,5.59,66,96,3,3,map
baseline_verified_score,613,,high,1,12.641391,True,True,True,7.242,64,96,3,3,map
baseline_verified_score,614,,high,1,12.713891,True,True,True,5.274,66,96,3,3,map
baseline_verified_score,615,,high,1,8.216961,True,True,True,5.986,65,96,3,3,map
baseline_verified_score,616,,high,1,11.839042,True,True,True,2.915,71,93,6,6,appearance
baseline_verified_score,617,,high,1,11.467804,False,False,True,88.332,8,156,5,5,map
baseline_verified_score,618,,high,1,9.956265,False,False,True,91.079,6,158,5,5,map
baseline_verified_score,619,,high,1,14.320963,False,False,True,93.825,4,160,5,5,map
baseline_verified_score,620,,high,1,12.863221,False,False,True,96.573,2,162,5,5,map
baseline_verified_score,621,,high,1,15.560839,False,False,True,67.114,54,158,3,3,map
baseline_verified_score,622,,high,1,21.751506,True,True,True,3.5,67,86,12,12,map
baseline_verified_score,623,,high,1,22.460651,True,True,True,4.316,67,85,12,12,map
baseline_verified_score,624,,high,1,27.124757,True,True,True,3.041,66,86,12,12,map
baseline_verified_score,625,,high,1,22.33281,True,True,True,3.182,66,86,12,12,map
baseline_verified_score,626,,high,1,30.749948,True,True,True,0.922,68,92,5,5,map
baseline_verified_score,627,,high,1,36.771563,True,True,True,1.061,68,92,5,5,map
baseline_verified_score,628,,high,1,30.163065,True,True,True,3.225,70,91,5,6,appearance
baseline_verified_score,629,,high,1,35.359205,True,True,True,1.351,68,92,5,5,map
baseline_verified_score,630,,high,1,30.44004,True,True,True,2.5,69,92,5,5,appearance
baseline_verified_score,631,,high,1,32.200867,True,True,True,1.651,68,92,5,5,map
baseline_verified_score,632,,high,1,35.0895,True,True,True,5.903,68,86,12,12,map
baseline_verified_score,633,,high,1,29.458395,True,True,True,2.971,69,92,5,6,appearance
baseline_verified_score,634,,high,1,36.096932,True,True,True,3.981,66,87,12,12,map
baseline_verified_score,635,,high,1,30.171487,True,True,True,2.264,68,92,5,6,appearance
baseline_verified_score,636,,high,1,32.657903,True,True,True,0.5,66,92,5,5,map
baseline_verified_score,637,,high,1,34.966997,True,True,True,3.567,65,87,12,12,map
baseline_verified_score,638,,high,1,29.946485,True,True,True,2.025,67,93,5,6,appearance
baseline_verified_score,639,,high,1,36.880599,True,True,True,0.354,62,89,12,12,map
baseline_verified_score,640,,high,1,29.065982,True,True,True,2.121,67,94,4,5,appearance
baseline_verified_score,641,,high,1,36.307058,True,True,True,1.32,64,94,5,5,map
baseline_verified_score,642,,high,1,39.072604,True,True,True,2.263,64,96,3,3,map
baseline_verified_score,643,,high,1,32.348165,True,True,True,0.885,65,94,5,6,appearance
baseline_verified_score,644,,high,1,37.460336,True,True,True,1.237,65,96,4,4,appearance
baseline_verified_score,645,,high,1,33.062549,True,True,True,0.901,65,96,4,4,appearance
baseline_verified_score,646,,high,1,28.629833,True,True,True,1.726,60,90,12,12,map
baseline_verified_score,647,,high,1,30.749329,True,True,True,1.591,59,91,12,12,map
baseline_verified_score,648,,high,1,24.790999,True,True,True,1.664,63,98,4,4,appearance
baseline_verified_score,649,,high,1,25.360205,True,True,True,2.663,58,91,12,12,map
baseline_verified_score,650,,high,1,17.273708,True,True,True,4.301,57,90,12,12,map
baseline_verified_score,651,,high,1,16.845696,True,True,True,1.91,59,92,12,12,map
baseline_verified_score,652,,high,1,20.313092,True,True,True,3.421,59,91,12,12,map
baseline_verified_score,653,,high,1,17.73288,False,False,True,85.562,34,177,12,12,map
baseline_verified_score,654,,high,1,21.665826,False,False,True,88.42,32,180,12,12,map
baseline_verified_score,655,,high,1,19.818573,False,False,True,91.571,29,183,12,12,map
baseline_verified_score,656,,high,1,14.570305,False,False,True,94.744,26,186,12,12,map
baseline_verified_score,657,,high,1,10.843628,False,False,True,78.59,84,174,5,5,map
baseline_verified_score,658,,high,1,9.676392,False,False,True,80.332,84,176,5,5,map
baseline_verified_score,659,,high,1,14.543969,False,False,True,82.694,84,180,3,3,map
baseline_verified_score,660,,high,1,11.6106,False,False,True,85.071,83,183,3,3,map
baseline_verified_score,661,,high,1,14.010333,False,False,True,75.055,64,176,5,5,map
baseline_verified_score,662,,high,1,18.394135,False,False,True,90.852,80,188,7,7,map
baseline_verified_score,663,,high,1,16.450096,False,False,True,81.004,61,182,5,7,motion
baseline_verified_score,664,,high,1,22.094938,False,False,True,83.454,58,186,5,5,map
baseline_verified_score,665,,high,1,18.604016,False,False,False,86.009,56,189,5,5,map
baseline_verified_score,666,,high,1,20.751799,False,False,False,88.601,54,192,5,5,map
baseline_verified_score,667,,high,1,26.228504,False,False,False,82.613,46,186,5,5,map
baseline_verified_score,668,,high,1,22.05735,False,False,False,85.51,43,189,5,5,map
baseline_verified_score,669,,high,1,25.371692,False,False,False,100.974,42,204,7,7,map
baseline_verified_score,670,,high,1,19.376842,False,False,False,103.881,39,207,7,7,map
baseline_verified_score,671,,high,1,16.858358,False,False,False,49.389,8,124,3,3,map
baseline_verified_score,672,,high,1,16.982859,False,False,False,48.915,8,124,3,3,map
baseline_verified_score,673,,high,1,16.890041,False,False,False,48.441,8,124,3,3,map
baseline_verified_score,674,,high,1,11.239577,False,False,True,64.669,114,86,3,3,map
baseline_verified_score,675,,high,1,9.474282,False,False,True,69.682,32,172,7,7,map
baseline_verified_score,676,,medium_high,1,14.279869,False,False,True,74.367,28,176,7,7,map
baseline_verified_score,677,,medium_high,1,18.959033,False,False,True,79.784,22,180,7,7,map
baseline_verified_score,678,,medium_high,1,17.487848,False,False,True,83.712,18,183,7,7,map
baseline_verified_score,679,,medium_high,1,17.968822,False,False,True,86.933,16,186,7,7,map
baseline_verified_score,680,,medium_high,1,16.923138,False,False,True,43.27,10,124,3,3,map
baseline_verified_score,681,,medium_high,1,16.578836,False,False,True,44.951,8,124,3,3,map
baseline_verified_score,682,,medium_high,1,16.691097,False,False,False,97.285,8,196,3,3,map
baseline_verified_score,683,,medium_high,1,15.7826,False,False,False,42.059,10,122,3,3,map
baseline_verified_score,684,,medium_high,1,20.019658,False,False,False,73.298,62,180,5,5,map
baseline_verified_score,685,,medium_high,1,17.370576,False,False,False,127.703,70,233,7,7,map
baseline_verified_score,686,,medium_high,1,18.346836,False,False,False,78.221,60,186,5,5,map
baseline_verified_score,687,,medium_high,1,23.351688,False,False,True,82.295,54,190,7,7,map
baseline_verified_score,688,,medium_high,1,18.965178,False,False,True,85.767,51,194,7,7,map
baseline_verified_score,689,,medium_high,1,18.965178,False,False,False,89.351,48,198,7,7,map
baseline_verified_score,690,,medium_high,1,13.901553,False,False,False,87.07,51,196,7,7,map
baseline_verified_score,691,,medium_high,1,14.16767,False,False,False,90.751,48,200,7,7,map
baseline_verified_score,692,,medium_high,1,17.940719,False,False,True,98.566,44,208,7,7,map
baseline_verified_score,693,,medium_high,1,11.855237,False,False,True,89.025,31,198,5,5,map
baseline_verified_score,694,,medium_high,1,17.74539,False,False,True,65.189,32,174,5,5,map
baseline_verified_score,695,,medium_high,1,14.063553,False,False,True,94.789,25,203,5,5,map
baseline_verified_score,696,,medium_high,1,19.961341,False,False,False,69.701,28,178,5,5,map
baseline_verified_score,697,,medium_high,1,23.603857,False,False,False,76.532,22,184,3,3,map
baseline_verified_score,698,,medium_high,1,18.132549,False,False,True,80.056,22,188,3,3,map
logistic,1,0,high,1,0.757114,False,False,False,27.321,40,120,3,3,map
logistic,2,0,high,33,0.999645,True,True,True,5.229,61,96,12,12,map
logistic,3,0,high,56,0.999203,True,True,True,2.879,59,97,12,12,map
logistic,4,0,high,58,0.999242,True,True,True,2.563,59,97,12,12,map
logistic,5,0,high,68,0.99857,True,True,True,3.202,60,97,12,12,map
logistic,6,0,high,47,0.998661,True,True,True,2.93,60,97,12,12,map
logistic,7,0,high,65,0.998455,True,True,True,2.709,60,97,12,12,map
logistic,8,0,high,65,0.998974,True,True,True,1.97,60,96,12,12,map
logistic,9,0,high,64,0.999036,True,True,True,1.738,60,96,12,12,map
logistic,10,0,high,80,0.999038,True,True,True,2.358,61,96,12,12,map
logistic,11,0,high,56,0.999134,True,True,True,2.173,61,96,12,12,map
logistic,12,0,high,29,0.974021,False,True,False,14.884,76,108,3,3,map
logistic,13,0,high,78,0.999925,True,True,True,3.351,68,98,3,3,map
logistic,14,0,high,77,0.999913,True,True,True,2.921,68,98,3,3,map
logistic,15,0,high,5,0.979309,False,False,False,47.404,94,136,3,3,map
logistic,16,0,high,53,0.996861,True,True,True,2.668,64,94,12,12,map
logistic,17,0,high,35,0.957401,False,False,False,48.926,94,138,3,3,map
logistic,18,0,high,61,0.792355,True,True,True,7.536,60,94,3,3,map
logistic,19,0,high,80,0.945239,True,True,True,3.197,64,98,3,3,map
logistic,20,0,high,71,0.998317,True,True,True,3.041,66,93,12,12,map
logistic,21,0,high,51,0.99852,True,True,True,2.682,66,93,12,12,map
logistic,22,0,high,4,0.989817,True,True,True,3.306,67,93,12,12,map
logistic,23,0,high,24,0.990268,True,True,True,3.03,67,93,12,12,map
logistic,24,0,high,20,0.988967,True,True,True,2.843,67,93,12,12,map
logistic,25,0,high,70,0.996189,True,True,True,3.13,65,94,12,12,map
logistic,26,0,high,57,0.999973,True,True,True,4.271,73,96,5,5,map
logistic,27,0,high,5,0.998215,True,True,True,2.567,68,92,12,12,map
logistic,28,0,high,1,0.993386,True,True,True,3.92,69,93,12,12,map
logistic,29,0,high,1,0.992654,True,True,True,3.937,69,93,12,12,map
logistic,30,0,high,1,0.998874,True,True,True,2.305,69,91,12,12,map
logistic,31,0,high,59,0.999963,True,True,True,2.638,73,96,3,3,appearance
logistic,32,0,high,1,0.999002,True,True,True,3.758,70,92,12,12,map
logistic,33,0,high,1,0.999919,True,True,True,0.735,69,89,12,12,map
logistic,34,0,high,80,0.999978,True,True,True,2.558,74,95,3,3,appearance
logistic,35,0,high,1,0.999845,True,True,True,1.402,70,89,12,12,map
logistic,36,0,high,38,0.999952,True,True,True,3.214,75,95,3,3,appearance
logistic,37,0,high,66,0.99994,True,True,True,3.533,75,95,3,3,appearance
logistic,38,0,high,1,0.999939,True,True,True,1.354,71,88,12,12,map
logistic,39,0,high,1,0.999943,True,True,True,0.867,71,87,12,12,map
logistic,40,0,high,1,0.999981,True,True,True,2.0,72,88,12,12,map
logistic,41,0,high,1,0.999977,True,True,True,2.055,73,88,12,12,map
logistic,42,0,high,1,0.999962,True,True,True,3.289,73,89,12,12,map
logistic,43,0,high,1,0.999967,True,True,True,3.048,73,88,12,12,map
logistic,44,0,high,1,0.99998,True,True,True,5.233,77,94,3,3,appearance
logistic,45,0,high,2,0.999969,True,True,True,6.051,77,94,3,3,appearance
logistic,46,0,high,2,0.999962,True,True,True,6.934,77,94,3,3,appearance
logistic,47,0,high,64,0.999995,False,True,True,10.016,72,90,7,7,map
logistic,48,0,high,66,0.99999,False,True,True,13.039,70,90,7,7,map
logistic,49,0,high,70,0.999975,False,False,True,16.073,68,90,7,7,map
logistic,50,0,high,2,0.999957,False,True,False,8.246,79,92,3,3,appearance
logistic,51,0,high,1,0.999877,False,True,False,9.178,79,91,3,4,appearance
logistic,52,0,high,2,0.999819,False,True,True,10.118,79,90,3,4,appearance
logistic,53,0,high,57,0.999873,False,False,True,16.298,72,90,7,7,map
logistic,54,0,high,60,0.999704,False,False,True,19.326,70,90,7,7,map
logistic,55,0,high,61,0.999354,False,False,True,22.368,68,90,7,7,map
logistic,56,0,high,3,0.997622,False,True,True,9.39,84,91,3,3,appearance
logistic,57,0,high,2,0.997942,False,True,False,12.566,80,90,7,7,map
logistic,58,0,high,2,0.999912,False,True,True,14.468,80,90,5,5,map
logistic,59,0,high,2,0.999641,False,False,False,16.245,76,82,12,12,map
logistic,60,0,high,2,0.997035,False,False,False,16.125,77,83,12,12,map
logistic,61,0,high,2,0.993523,False,True,False,14.549,78,83,12,12,map
logistic,62,0,high,1,0.999434,False,True,False,15.305,81,90,3,3,appearance
logistic,63,0,high,2,0.999946,False,False,False,18.322,73,83,12,12,map
logistic,64,0,high,2,0.999878,False,False,False,18.873,72,82,12,12,map
logistic,65,0,high,3,0.999773,False,False,False,19.473,71,81,12,12,map
logistic,66,0,high,1,0.999951,False,True,False,11.927,82,89,3,3,appearance
logistic,67,0,high,2,0.998897,False,True,False,15.168,74,82,12,12,map
logistic,68,0,high,2,0.999714,False,True,False,14.601,74,82,12,12,map
logistic,69,0,high,1,0.999945,False,True,False,9.221,83,88,3,4,appearance
logistic,70,0,high,2,0.999954,False,True,False,8.631,83,88,3,4,appearance
logistic,71,0,high,1,0.999988,False,True,False,8.156,83,88,3,3,appearance
logistic,72,0,high,1,0.999978,True,True,True,6.641,84,88,3,3,appearance
logistic,73,0,high,2,0.999979,True,True,True,6.098,84,88,3,3,appearance
logistic,74,0,high,1,0.999939,True,True,True,5.771,84,87,3,4,appearance
logistic,75,0,high,1,0.99999,True,True,True,5.55,84,87,3,3,appearance
logistic,76,0,high,1,0.999993,True,True,True,5.109,84,87,3,3,appearance
logistic,77,0,high,1,0.999993,True,True,True,4.702,84,87,3,3,appearance
logistic,78,0,high,1,0.999997,True,True,True,4.342,84,87,3,3,appearance
logistic,79,0,high,1,0.999999,True,True,True,4.041,84,87,3,3,appearance
logistic,80,0,high,1,0.999996,True,True,True,2.55,85,88,3,3,appearance
logistic,81,0,high,1,0.999998,True,True,True,2.564,85,88,3,3,appearance
logistic,82,0,high,1,0.999998,True,True,True,3.076,85,87,3,4,appearance
logistic,83,0,high,1,0.999999,True,True,True,3.094,85,87,3,4,appearance
logistic,84,0,high,1,0.999999,True,True,True,3.114,85,87,3,4,appearance
logistic,85,0,high,1,0.999999,True,True,True,3.135,85,87,3,4,appearance
logistic,86,0,high,1,0.999999,True,True,True,3.156,85,87,3,4,appearance
logistic,87,0,high,1,0.999999,True,True,True,3.179,85,87,3,4,appearance
logistic,88,0,high,2,0.999999,True,True,True,3.202,85,87,3,4,appearance
logistic,89,0,high,2,0.999999,True,True,True,3.225,85,87,3,4,appearance
logistic,90,0,high,1,0.999372,True,True,True,1.346,80,85,12,12,map
logistic,91,0,high,1,0.999206,True,True,True,0.523,80,86,12,12,map
logistic,92,0,high,73,0.999995,True,True,True,2.802,85,87,3,5,appearance
logistic,93,0,high,64,0.999864,False,True,True,8.283,74,81,12,12,map
logistic,94,0,high,72,0.999998,True,True,True,2.358,85,88,3,4,appearance
logistic,95,0,high,77,0.999994,True,True,True,3.384,85,87,3,4,appearance
logistic,96,0,high,1,0.999971,True,True,True,1.91,84,89,4,3,appearance
logistic,97,0,high,1,0.999946,True,True,True,1.931,84,89,4,3,appearance
logistic,98,0,high,2,0.9999,True,True,True,1.953,84,89,4,3,appearance
logistic,99,0,high,80,0.999999,True,True,True,1.122,84,90,3,3,appearance
logistic,100,0,high,2,0.985765,True,True,True,1.118,79,87,12,12,map
logistic,101,0,high,61,0.999999,True,True,True,1.057,84,90,3,3,appearance
logistic,102,0,high,24,0.984856,True,True,True,1.012,79,87,12,12,map
logistic,103,0,high,9,0.999629,True,True,True,0.784,83,91,4,3,appearance
logistic,104,0,high,1,0.99984,True,True,True,0.707,83,91,4,3,appearance
logistic,105,0,high,64,0.999882,True,True,True,5.197,75,84,12,12,map
logistic,106,0,high,1,0.999768,True,True,True,0.851,83,91,4,4,appearance
logistic,107,0,high,1,0.999887,True,True,True,1.179,83,91,3,4,appearance
logistic,108,0,high,1,0.999921,True,True,True,1.14,83,91,3,4,appearance
logistic,109,0,high,1,0.99987,True,True,True,1.099,83,91,3,4,appearance
logistic,110,0,high,1,0.998314,True,True,True,1.275,82,90,7,7,map
logistic,111,0,high,1,0.999879,True,True,True,2.13,82,92,4,4,appearance
logistic,112,0,high,3,0.999952,True,True,True,7.117,86,84,3,3,map
logistic,113,0,high,73,0.999817,False,True,True,10.274,87,81,3,3,map
logistic,114,0,high,75,0.999598,False,True,True,13.443,88,78,3,3,map
logistic,115,0,high,2,0.999471,True,True,True,3.439,81,93,4,4,appearance
logistic,116,0,high,1,0.999553,True,True,True,3.413,81,93,4,4,appearance
logistic,117,0,high,2,0.998877,True,True,True,2.84,86,90,3,3,map
logistic,118,0,high,1,0.998905,True,True,True,3.965,80,93,4,4,appearance
logistic,119,0,high,1,0.999166,True,True,True,3.934,80,93,4,4,appearance
logistic,120,0,high,52,0.996451,True,True,True,2.5,77,84,12,12,map
logistic,121,0,high,45,0.99985,False,True,True,8.525,70,85,12,12,map
logistic,122,0,high,1,0.999873,True,True,True,4.243,80,93,3,4,appearance
logistic,123,0,high,6,0.999917,False,True,True,8.93,74,90,3,3,map
logistic,124,0,high,43,0.999869,False,True,True,10.99,72,89,3,3,map
logistic,125,0,high,56,0.999663,False,True,True,13.098,70,88,3,3,map
logistic,126,0,high,51,0.999956,True,True,True,4.598,79,93,4,4,appearance
logistic,127,0,high,57,0.925863,False,False,True,39.929,41,100,12,12,map
logistic,128,0,high,56,0.981171,False,True,True,8.805,74,90,3,3,map
logistic,129,0,high,54,0.982493,False,True,True,8.784,74,90,3,3,map
logistic,130,0,high,62,0.999997,True,True,True,6.374,76,92,5,5,map
logistic,131,0,high,36,0.999997,True,True,True,6.36,76,92,5,5,map
logistic,132,0,high,65,0.999997,True,True,True,6.351,76,92,5,5,map
logistic,133,0,high,57,0.988067,False,True,False,10.671,72,90,3,3,map
logistic,134,0,high,80,0.999997,True,True,True,5.454,78,92,3,5,appearance
logistic,135,0,high,56,0.998688,True,True,True,5.874,77,92,4,5,appearance
logistic,136,0,high,31,0.999496,True,True,True,5.867,77,92,4,5,appearance
logistic,137,0,high,80,0.999975,True,True,True,5.113,73,85,12,12,map
logistic,138,0,high,73,0.999377,True,True,True,5.849,77,92,4,5,appearance
logistic,139,0,high,70,0.982515,True,True,True,5.24,77,90,4,6,appearance
logistic,140,1,high,61,0.999991,True,True,True,5.59,77,92,4,4,appearance
logistic,141,1,high,31,0.999998,True,True,True,5.477,77,92,4,4,appearance
logistic,142,1,high,57,0.999996,True,True,True,5.371,77,92,4,4,appearance
logistic,143,1,high,64,0.999998,True,True,True,4.837,77,91,4,4,appearance
logistic,144,1,high,62,1.0,True,True,True,4.717,77,91,4,4,appearance
logistic,145,1,high,58,1.0,True,True,True,4.593,77,91,4,4,appearance
logistic,146,1,high,33,1.0,True,True,True,4.478,77,91,4,4,appearance
logistic,147,1,high,56,1.0,True,True,True,4.364,77,91,4,4,appearance
logistic,148,1,high,66,1.0,False,True,True,9.437,72,88,3,3,map
logistic,149,1,high,64,1.0,False,True,True,11.444,70,87,3,3,map
logistic,150,1,high,78,1.0,False,True,True,13.463,68,86,3,3,map
logistic,151,1,high,4,0.999959,True,True,True,3.345,77,88,4,6,appearance
logistic,152,1,high,75,0.999999,False,True,True,8.721,72,90,3,3,map
logistic,153,1,high,71,0.999998,False,True,True,8.57,72,90,3,3,map
logistic,154,1,high,69,0.99999,False,True,True,10.424,70,90,3,3,map
logistic,155,1,high,73,0.999932,False,True,True,12.278,68,90,3,3,map
logistic,156,1,high,23,0.998308,False,True,True,9.646,71,86,3,3,map
logistic,157,1,high,23,0.999641,False,True,True,8.558,72,86,3,3,map
logistic,158,1,high,24,0.999476,True,True,True,7.852,72,90,3,3,map
logistic,159,1,high,78,0.999715,False,True,True,11.878,84,78,3,3,map
logistic,160,1,high,72,0.999992,False,True,True,9.341,82,80,3,3,map
logistic,161,1,high,42,0.99999,False,True,True,10.921,82,78,3,3,map
logistic,162,1,high,30,0.999657,False,True,True,10.136,72,82,3,3,map
logistic,163,1,high,74,0.998571,True,True,True,3.26,76,85,5,7,appearance
logistic,164,1,high,70,0.999999,True,True,True,1.315,78,87,5,4,appearance
logistic,165,1,high,48,0.999419,True,True,True,6.535,74,88,3,3,map
logistic,166,1,high,37,0.999455,True,True,True,6.767,74,88,3,3,map
logistic,167,1,high,79,0.999386,True,True,True,1.16,79,85,5,5,appearance
logistic,168,1,high,35,0.999163,True,True,True,1.17,79,85,5,5,appearance
logistic,169,1,high,3,0.999591,True,True,True,7.305,74,86,3,3,map
logistic,170,1,high,4,0.999973,True,True,True,6.657,76,82,3,3,map
logistic,171,1,high,80,0.999993,True,True,True,0.815,80,84,5,5,appearance
logistic,172,1,high,4,0.999835,False,True,True,8.101,78,78,3,3,map
logistic,173,1,high,2,0.999708,False,True,True,8.396,76,79,3,3,map
logistic,174,1,high,1,0.999983,True,True,True,6.204,88,82,3,3,map
logistic,175,1,high,1,0.999993,True,True,True,6.879,88,80,3,3,map
logistic,176,1,high,1,0.99999,True,True,True,7.151,88,79,3,3,map
logistic,177,1,high,4,0.999976,True,True,True,7.479,88,78,3,3,map
logistic,178,1,high,4,0.99992,True,True,True,5.17,79,80,3,3,map
logistic,179,1,high,1,0.999981,True,True,True,7.267,90,80,3,3,map
logistic,180,1,high,34,0.999982,False,True,True,11.424,88,72,3,3,map
logistic,181,1,high,2,0.999985,False,True,True,8.323,90,77,3,3,map
logistic,182,1,high,5,0.999999,True,True,True,5.701,80,78,3,3,map
logistic,183,1,high,7,0.999996,False,True,True,8.639,77,77,3,3,map
logistic,184,1,high,1,0.999987,False,True,True,8.855,92,78,3,3,map
logistic,185,1,high,1,0.999995,False,True,True,8.669,92,78,3,3,map
logistic,186,1,high,2,0.999994,False,True,True,8.475,92,78,3,3,map
logistic,187,1,high,2,0.999998,False,True,True,8.281,92,78,3,3,map
logistic,188,1,high,2,0.999997,False,True,True,8.096,92,78,3,3,map
logistic,189,1,high,3,0.999999,True,True,True,7.911,92,78,3,3,map
logistic,190,1,high,47,0.999999,False,True,True,13.25,92,70,3,3,map
logistic,191,1,high,1,0.999994,True,True,True,2.161,86,79,5,5,appearance
logistic,192,1,high,67,0.999999,False,True,True,11.077,84,70,3,3,map
logistic,193,1,high,41,0.999998,False,True,True,14.296,82,67,3,3,map
logistic,194,1,high,68,0.999999,False,True,True,10.757,86,70,3,3,map
logistic,195,1,high,56,0.999998,False,True,True,10.628,86,70,3,3,map
logistic,196,1,high,56,0.999981,False,True,True,13.53,85,67,3,3,map
logistic,197,1,high,62,0.999977,False,True,True,12.375,86,68,3,3,map
logistic,198,1,high,36,0.999776,False,False,True,16.294,85,64,3,3,map
logistic,199,1,high,67,0.999969,False,True,True,12.13,86,68,3,3,map
logistic,200,1,high,69,0.99999,False,True,True,12.01,86,68,3,3,map
logistic,201,1,high,3,0.999977,True,True,True,6.39,83,75,3,3,map
logistic,202,1,high,4,0.999991,True,True,True,5.291,84,76,3,3,map
logistic,203,1,high,3,0.999986,True,True,True,6.959,83,75,3,3,map
logistic,204,1,high,4,0.99999,False,True,True,8.627,82,74,3,3,map
logistic,205,1,high,2,0.999997,True,True,True,6.16,84,76,3,3,map
logistic,206,1,high,2,0.999995,False,True,True,8.38,82,75,3,3,map
logistic,207,1,high,4,0.999989,False,True,True,10.704,80,74,3,3,map
logistic,208,1,high,1,0.999803,True,True,True,3.454,85,78,5,5,map
logistic,209,1,high,1,0.99996,True,True,True,3.493,86,78,5,5,map
logistic,210,1,high,8,0.999971,True,True,True,6.933,80,72,12,12,map
logistic,211,1,high,79,0.999988,False,False,True,16.11,86,67,3,3,map
logistic,212,1,high,2,0.999998,False,True,True,8.184,84,76,3,3,map
logistic,213,1,high,3,0.999997,False,True,True,10.356,82,75,3,3,map
logistic,214,1,high,4,0.999997,False,True,True,12.627,80,74,3,3,map
logistic,215,1,high,1,0.999991,True,True,True,3.276,86,80,5,5,map
logistic,216,1,high,2,0.999972,True,True,True,3.189,85,81,5,5,map
logistic,217,1,high,2,0.999997,True,True,True,7.882,84,78,3,3,map
logistic,218,1,high,2,0.999976,False,True,True,10.144,82,77,3,3,map
logistic,219,1,high,4,0.999959,False,True,True,12.473,80,76,3,3,map
logistic,220,1,high,72,0.999877,False,True,True,13.73,86,72,3,3,map
logistic,221,1,high,3,0.99977,False,True,True,12.151,80,77,3,3,map
logistic,222,1,high,73,0.999882,False,True,True,14.237,86,72,3,3,map
logistic,223,1,high,39,0.999453,False,False,True,17.619,85,69,3,3,map
logistic,224,1,high,67,0.999605,False,True,True,12.774,86,74,3,3,map
logistic,225,1,high,68,0.999783,False,True,True,13.029,86,74,3,3,map
logistic,226,1,high,3,0.998798,False,True,True,11.35,80,79,3,3,map
logistic,227,1,high,11,0.999021,False,True,True,13.951,84,74,3,3,map
logistic,228,1,high,32,0.998502,False,False,True,16.13,84,72,3,3,map
logistic,229,1,high,3,0.999692,False,True,True,8.186,82,82,3,3,map
logistic,230,1,high,3,0.999993,False,True,True,8.325,82,82,3,3,map
logistic,231,1,high,6,0.999956,False,True,True,9.87,80,82,3,3,map
logistic,232,1,high,12,0.999925,False,True,True,11.521,78,82,3,3,map
logistic,233,1,high,7,0.997834,False,True,True,8.481,94,84,3,3,map
logistic,234,1,high,21,0.995241,False,True,True,10.384,96,84,3,3,map
logistic,235,1,high,49,0.999862,False,True,True,8.984,80,84,3,3,map
logistic,236,1,high,23,0.999515,False,True,True,11.261,78,83,3,3,map
logistic,237,1,high,2,0.99972,True,True,True,5.263,90,86,3,3,map
logistic,238,1,high,47,0.999845,False,True,True,15.684,84,75,3,3,map
logistic,239,1,high,62,0.99991,False,True,True,11.668,82,80,3,3,map
logistic,240,1,high,1,0.999791,True,True,True,4.031,82,88,5,5,map
logistic,241,1,high,2,0.999856,True,True,True,4.283,81,89,5,5,map
logistic,242,1,high,3,0.999765,True,True,True,4.851,80,90,5,5,map
logistic,243,1,high,1,0.999787,True,True,True,2.394,83,88,5,5,appearance
logistic,244,1,high,6,0.99994,True,True,True,7.244,78,90,3,3,map
logistic,245,1,high,34,0.999958,False,True,True,8.359,78,86,3,3,map
logistic,246,1,high,52,0.999835,False,True,True,10.276,76,85,3,3,map
logistic,247,1,high,1,0.999851,True,True,True,3.625,80,88,5,5,map
logistic,248,1,high,2,0.999891,True,True,True,4.215,79,88,5,5,map
logistic,249,1,high,75,0.999989,True,True,True,4.046,79,82,12,12,map
logistic,250,1,high,66,0.99999,True,True,True,5.006,79,81,12,12,map
logistic,251,1,high,68,0.999983,True,True,True,5.983,79,80,12,12,map
logistic,252,1,high,2,0.999675,True,True,True,6.612,76,90,3,3,map
logistic,253,1,high,1,0.999862,True,True,True,0.441,81,89,5,5,appearance
logistic,254,1,high,73,0.999998,True,True,True,3.84,78,82,12,12,map
logistic,255,1,high,76,0.999999,True,True,True,4.825,78,81,12,12,map
logistic,256,1,high,77,0.999996,True,True,True,5.825,78,80,12,12,map
logistic,257,1,high,73,0.999996,True,True,True,3.062,78,83,12,12,map
logistic,258,1,high,47,0.999989,True,True,True,4.048,78,82,12,12,map
logistic,259,1,high,77,0.99998,True,True,True,5.039,78,81,12,12,map
logistic,260,1,high,1,0.99837,True,True,True,1.0,80,89,5,5,appearance
logistic,261,1,high,1,0.998201,True,True,True,1.159,80,89,5,5,appearance
logistic,262,1,high,61,0.999992,True,True,True,2.871,77,84,12,12,map
logistic,263,1,high,34,0.999934,True,True,True,7.968,72,93,3,3,map
logistic,264,1,high,61,0.99987,True,True,True,1.063,80,90,4,5,appearance
logistic,265,1,high,60,0.999851,True,True,True,1.426,80,90,4,5,appearance
logistic,266,1,high,73,0.999821,True,True,True,1.551,79,90,4,5,appearance
logistic,267,1,high,80,0.999519,True,True,True,5.555,74,92,3,3,map
logistic,268,1,high,53,0.999554,True,True,True,5.579,74,92,3,3,map
logistic,269,1,high,74,0.962891,True,True,True,4.485,76,85,12,12,map
logistic,270,1,high,65,0.944459,True,True,True,3.953,76,86,12,12,map
logistic,271,1,high,63,0.946336,True,True,True,4.377,76,86,12,12,map
logistic,272,1,high,70,0.938593,True,True,True,4.808,76,86,12,12,map
logistic,273,1,high,53,0.999988,True,True,True,1.132,79,94,4,4,appearance
logistic,274,1,high,34,0.987188,True,True,True,0.778,75,92,12,12,map
logistic,275,1,high,53,0.987819,True,True,True,0.643,75,92,12,12,map
logistic,276,1,high,49,0.984642,True,True,True,0.762,75,92,12,12,map
logistic,277,1,high,30,0.998501,True,True,True,4.784,74,98,3,3,map
logistic,278,1,high,26,0.998564,True,True,True,4.663,74,98,3,3,map
logistic,279,1,high,49,0.998206,True,True,True,4.581,74,98,3,3,map
logistic,280,2,high,4,0.817683,True,True,True,3.162,75,91,12,12,map
logistic,281,2,medium_high,3,0.920891,True,True,True,3.785,75,91,12,12,map
logistic,282,2,medium_high,7,0.931807,True,True,True,1.346,76,98,5,5,map
logistic,283,2,medium_high,2,0.904999,True,True,True,3.191,75,93,12,12,map
logistic,284,2,medium_high,2,0.973235,True,True,True,3.801,75,93,12,12,map
logistic,285,2,medium_high,80,0.979471,True,True,True,4.399,82,102,3,3,map
logistic,286,2,medium_high,75,0.999005,True,True,True,0.559,78,102,3,3,appearance
logistic,287,2,medium_high,2,0.981196,True,True,True,2.18,74,100,12,12,map
logistic,288,2,medium_high,54,0.997757,True,True,True,1.14,78,104,3,3,appearance
logistic,289,2,medium_high,19,0.99549,True,True,True,2.639,75,100,12,12,map
logistic,290,2,medium_high,3,0.997711,True,True,True,2.75,75,100,12,12,map
logistic,291,2,medium_high,19,0.998025,True,True,True,2.991,75,100,12,12,map
logistic,292,2,medium_high,22,0.999222,True,True,True,3.041,74,99,12,12,map
logistic,293,2,medium_high,27,0.998704,True,True,True,3.605,74,99,12,12,map
logistic,294,2,medium_high,55,0.999859,True,True,True,4.191,74,99,12,12,map
logistic,295,2,medium_high,18,0.94187,False,False,True,69.744,52,170,12,12,map
logistic,296,2,medium_high,18,0.934712,False,False,True,69.12,52,170,12,12,map
logistic,297,2,medium_high,14,0.990955,True,True,True,4.28,73,108,12,12,map
logistic,298,2,medium_high,13,0.989612,True,True,True,3.855,73,108,12,12,map
logistic,299,2,medium_high,6,0.949224,True,True,True,5.156,73,110,12,12,map
logistic,300,2,medium_high,4,0.92359,True,True,True,5.59,73,111,12,12,map
logistic,301,2,medium_high,4,0.912937,True,True,True,5.876,73,112,12,12,map
logistic,302,2,medium_high,4,0.932637,True,True,True,6.175,73,113,12,12,map
logistic,303,2,medium_high,4,0.922883,True,True,True,6.483,73,114,12,12,map
logistic,304,2,medium_high,15,0.91444,True,True,True,6.801,73,115,12,12,map
logistic,305,2,medium_high,29,0.965289,True,True,True,3.005,74,110,12,12,map
logistic,306,2,medium_high,29,0.959815,True,True,True,2.761,74,110,12,12,map
logistic,307,2,medium_high,36,0.958224,True,True,True,2.652,74,110,12,12,map
logistic,308,2,medium_high,4,0.183934,False,False,False,48.345,24,102,12,12,map
logistic,309,2,medium_high,2,0.158868,False,False,False,49.384,23,103,12,12,map
logistic,310,2,medium_high,31,0.550239,False,False,False,26.394,50,114,3,3,map
logistic,311,2,medium_high,30,0.501244,False,False,False,26.59,50,114,3,3,map
logistic,312,2,medium_high,57,0.992099,True,True,True,6.103,77,117,12,12,map
logistic,313,2,medium_high,37,0.990871,True,True,True,5.66,77,117,12,12,map
logistic,314,2,medium_high,60,0.996771,True,True,True,5.256,77,117,12,12,map
logistic,315,2,medium_high,4,0.991688,True,True,True,5.637,72,121,12,12,map
logistic,316,2,medium_high,4,0.987051,True,True,True,5.025,72,121,12,12,map
logistic,317,2,medium_high,2,0.995065,True,True,True,4.667,71,121,12,12,map
logistic,318,2,medium_high,2,0.993304,True,True,True,4.138,71,121,12,12,map
logistic,319,2,medium_high,2,0.999122,True,True,True,4.419,69,120,12,12,map
logistic,320,2,medium_high,6,0.99885,True,True,True,5.22,68,120,12,12,map
logistic,321,2,medium_high,6,0.998525,True,True,True,6.138,67,120,12,12,map
logistic,322,2,medium_high,22,0.999996,True,True,True,1.855,75,124,7,5,motion
logistic,323,2,medium_high,13,0.999992,True,True,True,0.902,76,123,7,5,motion
logistic,324,2,medium_high,43,0.999984,True,True,True,1.649,77,122,7,5,motion
logistic,325,2,medium_high,1,0.999643,True,True,True,4.363,69,121,12,12,map
logistic,326,2,medium_high,1,0.999412,True,True,True,4.293,69,121,12,12,map
logistic,327,2,medium_high,1,0.999146,True,True,True,4.225,69,121,12,12,map
logistic,328,2,medium_high,1,0.999344,True,True,True,4.163,69,121,12,12,map
logistic,329,2,medium_high,1,0.999902,True,True,True,3.784,74,122,3,3,map
logistic,330,2,medium_high,1,0.999783,True,True,True,3.816,74,122,3,3,map
logistic,331,2,medium_high,3,0.999698,True,True,True,4.477,74,121,3,3,map
logistic,332,2,medium_high,3,0.999827,True,True,True,5.503,70,124,7,7,map
logistic,333,2,medium_high,6,0.999751,True,True,True,6.406,69,124,7,7,map
logistic,334,2,medium_high,34,0.999611,True,True,True,7.327,68,124,7,7,map
logistic,335,2,medium_high,2,0.994154,True,True,True,3.297,70,122,12,12,map
logistic,336,2,medium_high,2,0.995259,True,True,True,3.22,70,122,12,12,map
logistic,337,2,medium_high,2,0.998512,True,True,True,3.145,70,122,12,12,map
logistic,338,2,medium_high,1,0.998696,True,True,True,3.065,70,122,12,12,map
logistic,339,2,medium_high,1,0.998098,True,True,True,2.987,70,122,12,12,map
logistic,340,2,medium_high,2,0.999453,True,True,True,7.071,68,122,7,7,map
logistic,341,2,medium_high,2,0.999127,False,True,True,9.257,66,121,7,7,map
logistic,342,2,medium_high,60,0.99998,True,True,True,5.886,83,124,3,3,appearance
logistic,343,2,medium_high,33,0.999919,False,True,True,8.898,86,123,3,3,appearance
logistic,344,2,medium_high,59,0.999897,True,True,True,5.708,83,124,3,3,appearance
logistic,345,2,medium_high,55,0.999877,True,True,True,3.988,74,122,3,3,map
logistic,346,2,medium_high,54,0.999716,True,True,True,4.539,74,121,3,3,map
logistic,347,2,medium_high,3,0.999984,True,True,True,3.85,71,116,12,12,map
logistic,348,2,medium_high,4,0.999975,True,True,True,5.515,71,114,12,12,map
logistic,349,2,medium_high,23,0.999959,True,True,True,7.259,71,112,12,12,map
logistic,350,2,medium_high,5,0.999769,True,True,True,2.574,71,120,12,12,map
logistic,351,2,medium_high,4,0.999785,True,True,True,2.727,71,120,12,12,map
logistic,352,2,medium_high,13,0.999937,True,True,True,3.467,74,118,7,7,map
logistic,353,2,medium_high,10,0.999891,True,True,True,5.121,74,116,7,7,map
logistic,354,2,medium_high,65,0.999967,False,True,True,8.069,70,122,3,3,map
logistic,355,2,medium_high,3,0.999972,True,True,True,2.856,71,119,12,12,map
logistic,356,2,medium_high,2,0.99997,True,True,True,2.997,71,119,12,12,map
logistic,357,2,medium_high,2,0.999995,True,True,True,5.872,72,116,7,7,map
logistic,358,2,medium_high,2,0.999989,True,True,True,7.927,71,114,7,7,map
logistic,359,2,medium_high,1,0.999997,True,True,True,3.039,71,118,12,12,map
logistic,360,2,medium_high,2,0.999994,True,True,True,5.701,72,116,7,7,map
logistic,361,2,medium_high,2,0.999988,True,True,True,7.722,71,114,7,7,map
logistic,362,2,medium_high,1,0.999987,True,True,True,2.9,71,117,12,12,map
logistic,363,2,medium_high,1,0.999983,True,True,True,2.851,71,117,12,12,map
logistic,364,2,medium_high,1,0.999985,True,True,True,2.941,71,116,12,12,map
logistic,365,2,medium_high,1,0.999981,True,True,True,2.887,71,116,12,12,map
logistic,366,2,medium_high,1,0.999984,True,True,True,2.831,71,116,12,12,map
logistic,367,2,medium_high,2,0.999986,True,True,True,6.994,70,116,7,7,map
logistic,368,2,medium_high,2,0.999956,False,True,True,8.301,69,115,7,7,map
logistic,369,2,medium_high,2,0.999892,False,True,True,9.627,68,114,7,7,map
logistic,370,2,medium_high,1,0.999813,True,True,True,6.149,68,114,12,12,map
logistic,371,2,medium_high,1,0.999734,True,True,True,7.446,67,113,12,12,map
logistic,372,2,medium_high,1,0.999781,True,True,True,6.037,68,114,12,12,map
logistic,373,2,medium_high,3,0.999789,True,True,True,5.979,68,114,12,12,map
logistic,374,2,medium_high,35,0.999379,True,True,True,6.435,68,113,12,12,map
logistic,375,2,medium_high,25,0.998031,True,True,True,6.377,68,113,12,12,map
logistic,376,2,medium_high,25,0.998283,True,True,True,6.325,68,113,12,12,map
logistic,377,2,medium_high,34,0.999472,True,True,True,6.892,68,112,12,12,map
logistic,378,2,medium_high,31,0.999412,True,True,True,6.835,68,112,12,12,map
logistic,379,2,medium_high,37,0.9992,True,True,True,6.784,68,112,12,12,map
logistic,380,2,medium_high,19,0.999594,True,True,True,6.021,69,112,12,12,map
logistic,381,2,medium_high,17,0.99953,True,True,True,6.066,69,112,12,12,map
logistic,382,2,medium_high,9,0.99972,True,True,True,6.16,72,111,12,12,map
logistic,383,2,medium_high,5,0.999458,True,True,True,6.542,73,111,12,12,map
logistic,384,2,medium_high,4,0.999493,True,True,True,6.807,72,111,12,12,map
logistic,385,2,medium_high,74,0.999891,False,True,True,10.249,73,108,12,12,map
logistic,386,2,medium_high,73,0.999815,False,True,True,11.824,74,107,12,12,map
logistic,387,2,medium_high,75,0.99962,False,True,False,13.478,75,106,12,12,map
logistic,388,2,medium_high,11,0.816191,False,False,False,33.493,48,144,12,12,map
logistic,389,2,medium_high,65,0.996513,False,True,False,11.787,73,108,12,12,map
logistic,390,2,medium_high,72,0.887903,False,False,False,42.546,42,152,12,12,map
logistic,391,2,medium_high,68,0.888058,False,False,False,42.08,42,152,12,12,map
logistic,392,2,medium_high,75,0.918758,False,False,True,49.57,38,159,12,12,map
logistic,393,2,medium_high,33,0.913078,False,False,True,49.12,38,159,12,12,map
logistic,394,2,medium_high,64,0.908091,False,False,True,48.656,38,159,12,12,map
logistic,395,2,medium_high,77,0.997985,False,True,True,10.573,73,112,12,12,map
logistic,396,2,medium_high,74,0.997769,False,True,False,11.006,73,112,12,12,map
logistic,397,2,medium_high,71,0.99947,False,True,True,11.453,73,112,12,12,map
logistic,398,2,medium_high,42,0.541771,True,True,True,7.858,75,119,4,5,appearance
logistic,399,2,medium_high,78,0.999544,False,True,True,12.864,74,112,12,12,map
logistic,400,2,medium_high,11,0.771021,False,False,True,49.51,30,156,7,7,map
logistic,401,2,medium_high,78,0.999264,False,True,True,12.592,74,112,12,12,map
logistic,402,2,medium_high,77,0.997958,False,True,True,15.586,76,110,7,7,map
logistic,403,2,medium_high,44,0.995455,False,True,False,11.989,74,111,12,12,map
logistic,404,2,medium_high,63,0.685605,False,False,False,42.923,38,90,12,12,map
logistic,405,2,medium_high,80,0.670855,False,False,False,39.322,107,112,12,12,map
logistic,406,2,medium_high,16,0.411539,False,False,False,43.863,38,98,3,3,map
logistic,407,2,medium_high,80,0.779132,False,False,False,38.498,107,111,12,12,map
logistic,408,2,medium_high,49,0.979671,False,True,False,8.839,73,110,12,12,map
logistic,409,2,medium_high,79,0.516245,False,False,True,37.486,107,111,12,12,map
logistic,410,2,medium_high,79,0.963901,False,True,True,8.382,73,109,12,12,map
logistic,411,2,medium_high,79,0.96231,True,True,True,7.692,73,109,12,12,map
logistic,412,2,medium_high,80,0.970394,True,True,True,7.009,73,109,12,12,map
logistic,413,2,medium_high,45,0.148185,False,False,False,33.162,56,146,3,3,map
logistic,414,2,medium_high,69,0.858414,False,False,True,36.991,109,112,12,12,map
logistic,415,2,medium_high,74,0.658582,False,False,False,44.981,36,100,3,3,map
logistic,416,2,medium_high,80,0.564472,False,True,False,9.347,77,105,12,12,map
logistic,417,2,medium_high,76,0.704956,False,True,False,8.633,77,105,12,12,map
logistic,418,2,medium_high,52,0.993062,True,True,True,7.78,69,106,12,12,map
logistic,419,2,medium_high,79,0.996218,True,True,True,7.574,69,106,12,12,map
logistic,420,3,medium_high,78,0.994581,False,True,True,9.014,70,115,3,3,appearance
logistic,421,3,medium_high,77,0.993442,False,True,True,9.005,70,115,3,3,appearance
logistic,422,3,medium_high,53,0.221888,False,False,False,127.083,2,14,3,3,map
logistic,423,3,medium_high,47,0.859972,True,True,True,7.708,69,105,12,12,map
logistic,424,3,medium_high,31,0.671088,False,False,True,125.183,2,16,3,3,map
logistic,425,3,medium_high,65,0.641604,False,False,True,125.025,2,16,3,3,map
logistic,426,3,medium_high,65,0.594567,False,False,True,124.867,2,16,3,3,map
logistic,427,3,medium_high,7,0.046315,False,False,False,25.088,104,112,3,3,map
logistic,428,3,medium_high,59,0.414814,False,False,False,21.868,100,120,3,3,map
logistic,429,3,medium_high,68,0.395422,False,False,False,76.072,2,116,5,5,map
logistic,430,3,medium_high,70,0.650906,False,True,False,13.01,92,114,3,3,map
logistic,431,3,medium_high,67,0.655315,False,True,True,13.019,92,114,3,3,map
logistic,432,3,medium_high,70,0.963332,False,True,True,9.155,76,102,7,7,map
logistic,433,3,medium_high,47,0.965003,False,True,True,8.956,76,102,7,7,map
logistic,434,3,medium_high,78,0.952854,False,True,True,8.757,76,102,7,7,map
logistic,435,3,medium_high,9,0.34171,False,False,True,77.751,2,90,7,7,map
logistic,436,3,medium_high,8,0.301856,False,False,True,77.699,2,90,7,7,map
logistic,437,3,medium_high,17,0.407993,False,False,True,50.03,30,102,3,3,map
logistic,438,3,medium_high,56,0.993566,True,True,True,7.734,84,106,3,3,map
logistic,439,3,medium_high,20,0.378,False,False,True,17.346,94,104,5,5,map
logistic,440,3,medium_high,38,0.337719,False,False,True,17.27,94,104,5,5,map
logistic,441,3,medium,5,0.39252,False,False,True,41.264,44,132,3,3,map
logistic,442,3,medium,12,0.347148,False,False,False,77.889,2,92,7,7,map
logistic,443,3,medium,65,0.876483,False,True,False,13.709,68,115,4,6,appearance
logistic,444,3,medium,8,0.529503,False,False,True,78.78,2,92,7,7,map
logistic,445,3,medium,5,0.425169,False,False,True,79.231,2,92,7,7,map
logistic,446,3,medium,5,0.37397,False,False,True,79.686,2,92,7,7,map
logistic,447,3,medium,3,0.50696,False,False,False,80.145,2,92,7,7,map
logistic,448,3,medium,52,0.731546,False,True,False,8.853,92,110,3,3,map
logistic,449,3,medium,1,0.659465,False,False,True,81.073,2,92,7,7,map
logistic,450,3,low_medium,1,0.756629,False,False,True,82.379,2,94,5,5,map
logistic,451,3,low_medium,70,0.741117,False,True,True,8.997,92,112,3,3,map
logistic,452,3,low_medium,3,0.74526,False,False,True,82.942,2,94,5,5,map
logistic,453,3,low_medium,3,0.59747,False,False,True,82.988,2,94,5,5,map
logistic,454,3,low_medium,13,0.527006,False,False,True,83.589,2,94,5,5,map
logistic,455,3,low_medium,53,0.333686,False,False,True,61.349,21,94,12,12,map
logistic,456,3,low_medium,53,0.319454,False,False,True,61.383,21,94,12,12,map
logistic,457,3,low_medium,80,0.999714,False,False,True,26.226,61,103,3,3,appearance
logistic,458,3,low_medium,51,0.99988,False,False,False,26.268,61,103,3,3,appearance
logistic,459,3,low_medium,9,0.29341,False,False,True,39.137,124,122,3,3,map
logistic,460,3,low_medium,19,0.981269,False,False,True,39.638,112,136,7,7,map
logistic,461,3,low_medium,16,0.981097,False,False,True,39.635,112,136,7,7,map
logistic,462,3,low_medium,42,0.975045,False,False,False,38.933,112,136,7,7,map
logistic,463,3,low_medium,39,0.999982,False,False,False,27.923,61,104,3,3,appearance
logistic,464,3,low_medium,71,0.999674,False,False,True,28.87,60,104,4,5,appearance
logistic,465,3,low_medium,73,0.999662,False,False,True,29.472,60,104,4,5,appearance
logistic,466,3,low_medium,71,0.999596,False,False,True,29.506,60,104,4,5,appearance
logistic,467,3,low_medium,73,0.971007,False,False,True,36.744,56,96,3,3,map
logistic,468,3,low_medium,67,0.996954,False,False,True,31.002,59,104,4,6,appearance
logistic,469,3,low_medium,49,0.949226,False,False,False,52.106,122,148,7,7,map
logistic,470,3,low_medium,37,0.74314,False,False,False,50.431,40,116,7,7,map
logistic,471,3,low_medium,78,0.9221,False,False,False,38.614,56,96,3,3,map
logistic,472,3,low_medium,78,0.998569,False,False,True,32.995,59,107,4,6,appearance
logistic,473,3,low_medium,47,0.999383,False,False,True,33.043,59,107,4,6,appearance
logistic,474,3,low_medium,77,0.999158,False,False,True,33.615,59,107,4,6,appearance
logistic,475,3,low_medium,72,0.998955,False,False,True,34.194,59,107,4,6,appearance
logistic,476,3,low_medium,14,0.964144,True,True,True,2.887,92,114,3,3,map
logistic,477,3,low_medium,37,0.952162,True,True,True,3.268,92,114,3,3,map
logistic,478,3,low_medium,37,0.939366,False,True,False,10.852,84,114,3,3,map
logistic,479,3,low_medium,77,0.916208,False,True,True,11.321,84,114,3,3,map
logistic,480,3,low_medium,78,0.99451,False,True,True,12.305,84,114,3,3,map
logistic,481,3,low_medium,78,0.994485,False,True,True,12.347,84,114,3,3,map
logistic,482,3,low_medium,63,0.991456,False,True,True,12.855,84,114,3,3,map
logistic,483,3,low_medium,34,0.993874,False,True,True,12.896,84,114,3,3,map
logistic,484,3,low_medium,64,0.994687,True,True,True,2.546,84,114,3,3,map
logistic,485,3,low_medium,20,0.978717,False,False,True,36.45,48,106,3,3,map
logistic,486,3,low_medium,79,0.999999,False,False,True,29.255,56,105,3,3,appearance
logistic,487,3,low_medium,79,0.999425,True,True,True,4.446,81,108,12,12,map
logistic,488,3,low_medium,47,0.999998,False,False,True,28.936,56,106,3,3,appearance
logistic,489,3,low_medium,78,0.999997,False,False,True,28.972,56,106,3,3,appearance
logistic,490,3,low_medium,23,0.876091,False,False,True,21.727,102,124,5,5,map
logistic,491,3,low_medium,20,0.872814,False,False,True,21.702,102,124,5,5,map
logistic,492,3,low_medium,51,0.835865,False,False,True,21.682,102,124,5,5,map
logistic,493,3,low_medium,9,0.723773,False,False,False,37.779,46,110,3,3,map
logistic,494,3,low_medium,79,0.976677,False,False,False,21.661,104,122,3,3,map
logistic,495,3,low_medium,66,0.999475,True,True,True,3.611,81,108,12,12,map
logistic,496,3,low_medium,65,0.999493,True,True,True,3.555,81,108,12,12,map
logistic,497,3,low_medium,10,0.984776,False,False,True,31.662,110,130,5,5,map
logistic,498,3,low_medium,65,0.999821,False,False,True,30.565,56,102,3,3,map
logistic,499,3,low_medium,7,0.976253,False,False,True,30.856,105,127,12,12,map
logistic,500,3,low_medium,56,0.999858,False,False,False,21.077,64,107,3,3,appearance
logistic,501,3,low_medium,12,0.986436,False,False,True,39.303,116,134,5,5,map
logistic,502,3,low_medium,76,0.999753,False,False,True,20.949,64,107,3,3,appearance
logistic,503,3,low_medium,79,0.999053,True,True,True,3.732,80,106,12,12,map
logistic,504,3,low_medium,36,0.902404,False,False,True,25.336,56,98,12,12,map
logistic,505,3,low_medium,69,0.999878,True,True,True,4.16,78,105,12,12,map
logistic,506,3,low_medium,47,0.859192,False,False,True,25.164,56,98,12,12,map
logistic,507,3,low_medium,77,0.989964,False,False,True,37.612,46,102,5,5,map
logistic,508,3,low_medium,74,0.939701,False,False,True,36.674,47,102,5,5,map
logistic,509,3,low_medium,78,0.999659,False,False,True,19.874,64,108,3,3,appearance
logistic,510,3,low_medium,36,0.999823,False,False,True,19.906,64,108,3,3,appearance
logistic,511,3,low_medium,59,0.999883,True,True,True,3.211,80,104,12,12,map
logistic,512,3,low_medium,67,0.984601,True,True,True,2.073,85,110,3,3,appearance
logistic,513,3,low_medium,76,0.987081,False,False,True,17.659,67,118,4,5,appearance
logistic,514,3,low_medium,77,0.995871,False,False,True,18.209,67,118,4,6,appearance
logistic,515,3,low_medium,49,0.999638,True,True,True,2.743,79,103,12,12,map
logistic,516,3,low_medium,66,0.999848,True,True,True,3.272,79,102,12,12,map
logistic,517,3,low_medium,76,0.986104,False,False,False,19.354,67,119,4,6,appearance
logistic,518,3,low_medium,80,0.999655,False,False,False,18.167,65,111,3,5,appearance
logistic,519,3,low_medium,80,0.998943,False,False,False,18.322,65,111,3,5,appearance
logistic,520,3,medium,41,0.999793,True,True,True,2.611,79,101,12,12,map
logistic,521,3,medium,61,0.999827,True,True,True,3.188,79,100,12,12,map
logistic,522,3,medium,72,0.999998,True,True,True,2.667,79,100,12,12,map
logistic,523,3,medium,72,0.999996,False,False,True,19.371,66,117,3,3,appearance
logistic,524,3,medium,63,0.991457,True,True,True,0.989,83,106,3,3,appearance
logistic,525,3,medium,49,0.999994,False,False,True,19.329,66,117,3,3,appearance
logistic,526,3,medium,62,0.998712,True,True,True,0.826,83,106,3,3,appearance
logistic,527,3,medium,65,0.999984,True,True,True,2.823,78,98,12,12,map
logistic,528,3,medium,64,0.999961,True,True,True,3.777,78,97,12,12,map
logistic,529,3,medium,66,0.999634,True,True,True,1.401,83,103,3,4,appearance
logistic,530,3,medium,17,0.999354,True,True,True,3.865,78,104,3,3,map
logistic,531,3,medium,1,0.999865,True,True,True,2.251,78,97,12,12,map
logistic,532,3,medium,1,0.999831,True,True,True,2.627,79,97,12,12,map
logistic,533,3,medium,1,0.998756,True,True,True,1.096,82,103,4,4,appearance
logistic,534,3,medium,1,0.999972,True,True,True,2.06,77,96,12,12,map
logistic,535,3,medium,51,0.999966,False,False,True,18.224,66,111,3,5,appearance
logistic,536,3,medium,1,0.99998,True,True,True,2.52,77,95,12,12,map
logistic,537,3,medium,1,0.999983,True,True,True,1.991,77,95,12,12,map
logistic,538,3,medium,27,0.999845,True,True,True,7.213,74,102,3,3,map
logistic,539,3,medium,1,0.999994,True,True,True,2.405,77,94,12,12,map
logistic,540,3,medium,1,0.999983,True,True,True,3.357,77,93,12,12,map
logistic,541,3,medium,1,0.999949,True,True,True,2.477,78,94,12,12,map
logistic,542,3,medium,1,0.999991,True,True,True,2.308,76,93,12,12,map
logistic,543,3,medium,1,0.99997,True,True,True,2.65,75,93,12,12,map
logistic,544,3,medium,3,0.999882,True,True,True,1.714,78,94,12,12,map
logistic,545,3,medium,3,0.999762,True,True,True,2.6,79,94,12,12,map
logistic,546,3,medium,1,1.0,True,True,True,2.14,76,92,12,12,map
logistic,547,3,medium,2,0.999999,True,True,True,2.611,76,91,12,12,map
logistic,548,3,medium,2,0.999998,True,True,True,3.572,76,90,12,12,map
logistic,549,3,medium,2,0.999997,True,True,True,4.043,76,89,12,12,map
logistic,550,3,medium,7,0.999951,True,True,True,2.746,81,97,7,7,map
logistic,551,3,medium,70,0.986017,False,False,True,36.965,52,119,8,12,appearance
logistic,552,3,medium,72,0.957795,True,True,True,1.88,77,91,12,12,map
logistic,553,3,medium,64,0.996804,True,True,True,0.626,80,97,4,4,appearance
logistic,554,3,medium,66,0.995746,True,True,True,1.149,80,97,4,4,appearance
logistic,555,3,medium,34,0.979209,True,True,True,1.24,79,97,5,4,appearance
logistic,556,3,medium,28,0.840818,False,False,True,40.53,51,121,9,15,appearance
logistic,557,3,medium,29,0.998104,True,True,True,5.995,74,96,3,3,map
logistic,558,3,medium,24,0.994058,False,True,True,8.035,72,96,3,3,map
logistic,559,3,medium,3,0.990524,True,True,True,3.147,76,94,5,5,map
logistic,560,4,medium,2,0.998338,True,True,True,1.052,79,96,4,4,appearance
logistic,561,4,medium,74,0.999866,True,True,True,4.742,71,92,12,12,map
logistic,562,4,medium,59,0.999858,True,True,True,6.849,69,92,12,12,map
logistic,563,4,medium,61,0.99973,False,True,True,8.859,67,92,12,12,map
logistic,564,4,medium,2,0.999495,True,True,True,5.65,74,92,5,5,map
logistic,565,4,medium,1,0.999263,True,True,True,1.315,79,95,4,5,appearance
logistic,566,4,medium,2,0.999624,True,True,True,6.458,74,96,3,3,map
logistic,567,4,medium,1,0.999946,True,True,True,3.411,76,94,5,5,map
logistic,568,4,medium,2,0.999917,True,True,True,4.452,75,94,5,5,map
logistic,569,4,medium,2,0.999448,True,True,True,1.525,79,95,4,5,appearance
logistic,570,4,medium,1,0.998493,True,True,True,1.581,79,95,4,5,appearance
logistic,571,4,medium,73,0.999939,True,True,True,0.499,76,90,12,12,map
logistic,572,4,medium,77,0.999953,True,True,True,0.444,76,90,12,12,map
logistic,573,4,medium,77,0.999905,True,True,True,1.355,77,90,12,12,map
logistic,574,4,medium,2,0.999888,True,True,True,0.869,80,94,5,5,map
logistic,575,4,medium,2,0.999192,True,True,True,1.557,79,95,4,5,appearance
logistic,576,4,medium,1,0.999405,True,True,True,6.446,74,96,3,3,map
logistic,577,4,medium,2,0.999974,True,True,True,0.802,80,94,5,5,map
logistic,578,4,medium,3,0.999963,True,True,True,1.699,81,94,5,5,map
logistic,579,4,medium,4,0.999895,True,True,True,6.074,84,90,3,3,map
logistic,580,4,medium_high,2,0.999746,False,True,True,11.18,85,96,3,3,map
logistic,581,4,medium_high,5,0.999345,False,True,True,12.157,86,96,3,3,map
logistic,582,4,medium_high,5,0.999887,False,True,True,10.0,84,94,3,3,map
logistic,583,4,medium_high,5,0.999923,False,True,True,10.066,84,93,3,3,map
logistic,584,4,medium_high,11,0.999911,False,True,True,10.239,84,92,3,3,map
logistic,585,4,medium_high,1,0.997378,True,True,True,4.25,72,98,3,3,map
logistic,586,4,medium_high,1,0.969401,True,True,True,4.206,72,98,3,3,map
logistic,587,4,medium_high,5,0.997572,True,True,True,5.502,75,90,12,12,map
logistic,588,4,medium_high,10,0.997957,True,True,True,6.562,76,89,12,12,map
logistic,589,4,medium_high,1,0.999976,True,True,True,3.627,73,89,12,12,map
logistic,590,4,medium_high,2,0.999929,True,True,True,4.924,74,88,12,12,map
logistic,591,4,medium_high,1,0.999952,True,True,True,2.5,72,90,12,12,map
logistic,592,4,medium_high,1,0.999969,True,True,True,2.6,74,96,5,5,map
logistic,593,4,medium_high,3,0.999797,False,True,True,9.101,83,96,3,3,map
logistic,594,4,medium_high,1,0.999996,True,True,True,2.508,74,96,5,5,map
logistic,595,4,medium_high,2,0.999991,True,True,True,2.25,73,96,5,5,map
logistic,596,4,medium_high,1,0.999997,True,True,True,1.53,71,90,12,12,map
logistic,597,4,medium_high,1,1.0,True,True,True,2.371,74,96,5,5,map
logistic,598,4,medium_high,2,0.999998,True,True,True,4.518,74,90,12,12,map
logistic,599,4,medium_high,1,1.0,True,True,True,1.566,71,90,12,12,map
logistic,600,4,medium_high,2,1.0,True,True,True,2.121,71,89,12,12,map
logistic,601,4,medium_high,1,1.0,True,True,True,2.253,72,96,5,5,map
logistic,602,4,medium_high,1,1.0,True,True,True,2.704,71,96,5,5,map
logistic,603,4,medium_high,2,1.0,True,True,True,3.272,70,96,5,5,map
logistic,604,4,medium_high,1,1.0,True,True,True,2.5,72,96,5,5,map
logistic,605,4,medium_high,3,0.999999,False,True,True,8.243,79,89,3,3,map
logistic,606,4,medium_high,5,0.99999,True,True,True,5.297,73,88,12,12,map
logistic,607,4,medium_high,1,0.999993,True,True,True,5.751,68,98,3,3,map
logistic,608,4,medium_high,2,0.999897,True,True,True,7.81,66,99,3,3,map
logistic,609,4,medium_high,1,0.999999,True,True,True,1.352,70,94,5,5,map
logistic,610,4,medium_high,3,0.999996,True,True,True,1.953,69,94,5,5,map
logistic,611,4,high,1,0.999999,True,True,True,1.398,70,94,5,5,map
logistic,612,4,high,2,1.0,True,True,True,1.803,69,94,5,5,map
logistic,613,4,high,2,0.999999,True,True,True,2.388,68,94,5,5,map
logistic,614,4,high,1,0.999979,True,True,True,5.274,66,96,3,3,map
logistic,615,4,high,1,0.999977,True,True,True,5.986,65,96,3,3,map
logistic,616,4,high,3,1.0,True,True,True,2.121,67,87,12,12,map
logistic,617,4,high,7,1.0,True,True,True,2.226,67,87,12,12,map
logistic,618,4,high,11,1.0,True,True,True,3.01,67,86,12,12,map
logistic,619,4,high,3,1.0,True,True,True,1.682,66,87,12,12,map
logistic,620,4,high,12,0.999999,True,True,True,2.5,66,86,12,12,map
logistic,621,4,high,2,0.999999,True,True,True,2.85,67,87,12,12,map
logistic,622,4,high,1,1.0,True,True,True,3.5,67,86,12,12,map
logistic,623,4,high,1,0.999999,True,True,True,4.316,67,85,12,12,map
logistic,624,4,high,1,0.999999,True,True,True,3.041,66,86,12,12,map
logistic,625,4,high,1,0.999996,True,True,True,3.182,66,86,12,12,map
logistic,626,4,high,1,1.0,True,True,True,0.922,68,92,5,5,map
logistic,627,4,high,1,1.0,True,True,True,1.061,68,92,5,5,map
logistic,628,4,high,5,1.0,True,True,True,5.445,64,89,3,3,map
logistic,629,4,high,1,1.0,True,True,True,1.351,68,92,5,5,map
logistic,630,4,high,1,1.0,True,True,True,2.5,69,92,5,5,appearance
logistic,631,4,high,1,1.0,True,True,True,1.651,68,92,5,5,map
logistic,632,4,high,2,1.0,True,True,True,1.36,66,90,7,7,map
logistic,633,4,high,3,1.0,True,True,True,1.151,65,90,7,7,map
logistic,634,4,high,1,1.0,True,True,True,3.981,66,87,12,12,map
logistic,635,4,high,3,1.0,True,True,True,6.374,62,89,3,3,map
logistic,636,4,high,1,1.0,True,True,True,0.5,66,92,5,5,map
logistic,637,4,high,4,1.0,True,True,True,4.65,62,92,3,3,map
logistic,638,4,high,2,1.0,True,True,True,3.722,65,87,12,12,map
logistic,639,4,high,3,1.0,True,True,True,3.876,65,87,12,12,map
logistic,640,4,high,2,1.0,True,True,True,6.946,60,97,3,3,map
logistic,641,4,high,1,1.0,True,True,True,1.32,64,94,5,5,map
logistic,642,4,high,1,1.0,True,True,True,2.263,64,96,3,3,map
logistic,643,4,high,2,1.0,True,True,True,3.222,63,97,3,3,map
logistic,644,4,high,1,1.0,True,True,True,1.237,65,96,4,4,appearance
logistic,645,4,high,1,1.0,True,True,True,0.901,65,96,4,4,appearance
logistic,646,4,high,2,1.0,True,True,True,1.825,64,98,4,3,appearance
logistic,647,4,high,2,1.0,True,True,True,2.152,63,98,4,4,appearance
logistic,648,4,high,1,1.0,True,True,True,1.664,63,98,4,4,appearance
logistic,649,4,high,3,1.0,True,True,True,6.667,58,100,3,3,map
logistic,650,4,high,3,1.0,False,True,True,8.544,56,101,3,3,map
logistic,651,4,high,4,1.0,False,True,True,9.972,54,102,3,3,map
logistic,652,4,high,1,1.0,True,True,True,3.421,59,91,12,12,map
logistic,653,4,high,2,0.999999,True,True,True,4.031,59,91,12,12,map
logistic,654,4,high,3,0.999993,True,True,True,4.701,59,91,12,12,map
logistic,655,4,high,7,0.999433,True,True,True,6.576,54,101,3,3,map
logistic,656,4,high,51,0.99925,True,True,True,5.413,50,97,12,12,map
logistic,657,4,high,13,0.997756,True,True,True,2.693,56,94,12,12,map
logistic,658,4,high,23,0.998274,True,True,True,3.421,56,94,12,12,map
logistic,659,4,high,7,0.998325,True,True,True,2.766,55,95,12,12,map
logistic,660,4,high,14,0.996143,True,True,True,3.536,55,95,12,12,map
logistic,661,4,high,9,0.759065,False,False,True,72.335,40,172,5,5,map
logistic,662,4,high,48,0.774179,False,False,True,63.36,52,166,3,3,map
logistic,663,4,high,36,0.819756,False,False,True,63.217,49,166,3,3,map
logistic,664,4,high,63,0.562225,False,False,True,63.196,46,166,3,3,map
logistic,665,4,high,6,0.298859,False,False,False,66.106,52,170,3,3,map
logistic,666,4,high,10,0.907313,False,False,False,69.817,50,174,3,3,map
logistic,667,4,high,56,0.993898,False,False,False,39.151,76,138,3,3,map
logistic,668,4,high,54,0.993123,False,False,False,38.947,76,138,3,3,map
logistic,669,4,high,77,0.991041,False,False,False,38.747,76,138,3,3,map
logistic,670,4,high,22,0.820042,False,False,False,47.542,48,149,12,12,map
logistic,671,4,high,22,0.678165,False,False,False,49.478,46,151,12,12,map
logistic,672,4,high,31,0.918194,False,False,False,44.809,70,148,3,3,map
logistic,673,4,high,75,0.989641,False,False,False,40.592,76,140,3,3,map
logistic,674,4,high,56,0.997444,False,False,True,42.38,76,142,3,3,map
logistic,675,4,high,48,0.997333,False,False,True,42.504,76,142,3,3,map
logistic,676,4,medium_high,74,0.996637,False,False,True,42.634,76,142,3,3,map
logistic,677,4,medium_high,9,0.951477,False,False,True,47.935,68,152,3,3,map
logistic,678,4,medium_high,12,0.939327,False,False,True,48.888,68,153,3,3,map
logistic,679,4,medium_high,79,0.997814,False,False,True,43.285,74,142,5,5,map
logistic,680,4,medium_high,67,0.99782,False,False,True,43.419,74,142,5,5,map
logistic,681,4,medium_high,20,0.981554,False,False,True,46.332,64,152,3,3,map
logistic,682,4,medium_high,33,0.96636,False,False,False,45.717,63,152,3,3,map
logistic,683,4,medium_high,55,0.96046,False,False,False,45.117,62,152,3,3,map
logistic,684,4,medium_high,76,0.997539,False,False,False,63.753,68,170,3,3,map
logistic,685,4,medium_high,69,0.998383,False,False,False,62.475,68,169,3,3,map
logistic,686,4,medium_high,72,0.971493,False,False,False,42.688,70,144,7,7,map
logistic,687,4,medium_high,56,0.993077,False,False,True,44.129,72,148,3,3,map
logistic,688,4,medium_high,54,0.989356,False,False,True,44.715,72,149,3,3,map
logistic,689,4,medium_high,46,0.994471,False,False,False,53.265,78,148,12,12,map
logistic,690,4,medium_high,36,0.994401,False,False,False,53.021,78,148,12,12,map
logistic,691,4,medium_high,22,0.994854,False,False,False,52.964,77,149,12,12,map
logistic,692,4,medium_high,31,0.993522,False,False,True,45.339,68,150,7,7,map
logistic,693,4,medium_high,25,0.993269,False,False,True,44.642,67,150,7,7,map
logistic,694,4,medium_high,46,0.992343,False,False,True,54.091,76,152,12,12,map
logistic,695,4,medium_high,19,0.993708,False,False,True,47.278,68,153,7,7,map
logistic,696,4,medium_high,17,0.997523,False,False,False,47.123,66,154,7,7,map
logistic,697,4,medium_high,28,0.996045,False,False,False,47.425,65,155,7,7,map
logistic,698,4,medium_high,32,0.993961,False,False,True,47.76,64,156,7,7,map
hist_gbdt,1,0,high,1,0.005075,False,False,False,27.321,40,120,3,3,map
hist_gbdt,2,0,high,33,0.749575,True,True,True,5.229,61,96,12,12,map
hist_gbdt,3,0,high,56,0.736586,True,True,True,2.879,59,97,12,12,map
hist_gbdt,4,0,high,58,0.736586,True,True,True,2.563,59,97,12,12,map
hist_gbdt,5,0,high,68,0.714306,True,True,True,3.202,60,97,12,12,map
hist_gbdt,6,0,high,47,0.72328,True,True,True,2.93,60,97,12,12,map
hist_gbdt,7,0,high,65,0.72328,True,True,True,2.709,60,97,12,12,map
hist_gbdt,8,0,high,65,0.664678,True,True,True,1.97,60,96,12,12,map
hist_gbdt,9,0,high,64,0.6745,True,True,True,1.738,60,96,12,12,map
hist_gbdt,10,0,high,80,0.543451,True,True,True,2.358,61,96,12,12,map
hist_gbdt,11,0,high,56,0.736586,True,True,True,2.173,61,96,12,12,map
hist_gbdt,12,0,high,29,0.162679,False,True,False,14.884,76,108,3,3,map
hist_gbdt,13,0,high,77,0.80295,True,True,True,2.947,63,95,12,12,map
hist_gbdt,14,0,high,76,0.817516,True,True,True,2.661,63,95,12,12,map
hist_gbdt,15,0,high,5,0.249763,False,False,False,47.404,94,136,3,3,map
hist_gbdt,16,0,high,53,0.807229,True,True,True,2.668,64,94,12,12,map
hist_gbdt,17,0,high,35,0.249763,False,False,False,48.926,94,138,3,3,map
hist_gbdt,18,0,high,80,0.084027,False,False,True,20.32,41,89,17,4,appearance
hist_gbdt,19,0,high,80,0.040236,True,True,True,3.197,64,98,3,3,map
hist_gbdt,20,0,high,71,0.540437,True,True,True,3.041,66,93,12,12,map
hist_gbdt,21,0,high,51,0.802527,True,True,True,2.682,66,93,12,12,map
hist_gbdt,22,0,high,4,0.557704,True,True,True,3.306,67,93,12,12,map
hist_gbdt,23,0,high,24,0.512383,True,True,True,3.03,67,93,12,12,map
hist_gbdt,24,0,high,20,0.712912,True,True,True,2.843,67,93,12,12,map
hist_gbdt,25,0,high,70,0.540437,True,True,True,3.13,65,94,12,12,map
hist_gbdt,26,0,high,57,0.886192,True,True,True,4.271,73,96,5,5,map
hist_gbdt,27,0,high,65,0.809469,True,True,True,3.951,65,94,12,12,map
hist_gbdt,28,0,high,1,0.76003,True,True,True,3.92,69,93,12,12,map
hist_gbdt,29,0,high,1,0.867032,True,True,True,3.937,69,93,12,12,map
hist_gbdt,30,0,high,1,0.908732,True,True,True,2.305,69,91,12,12,map
hist_gbdt,31,0,high,59,0.955988,True,True,True,2.638,73,96,3,3,appearance
hist_gbdt,32,0,high,1,0.861968,True,True,True,3.758,70,92,12,12,map
hist_gbdt,33,0,high,1,0.905083,True,True,True,0.735,69,89,12,12,map
hist_gbdt,34,0,high,80,0.955988,True,True,True,2.558,74,95,3,3,appearance
hist_gbdt,35,0,high,1,0.912896,True,True,True,1.402,70,89,12,12,map
hist_gbdt,36,0,high,38,0.950615,True,True,True,3.214,75,95,3,3,appearance
hist_gbdt,37,0,high,66,0.950615,True,True,True,3.533,75,95,3,3,appearance
hist_gbdt,38,0,high,73,0.950615,True,True,True,3.896,75,95,3,3,appearance
hist_gbdt,39,0,high,1,0.900328,True,True,True,0.867,71,87,12,12,map
hist_gbdt,40,0,high,1,0.900328,True,True,True,2.0,72,88,12,12,map
hist_gbdt,41,0,high,1,0.911802,True,True,True,2.055,73,88,12,12,map
hist_gbdt,42,0,high,1,0.882095,True,True,True,3.289,73,89,12,12,map
hist_gbdt,43,0,high,1,0.911802,True,True,True,3.048,73,88,12,12,map
hist_gbdt,44,0,high,1,0.948214,True,True,True,5.233,77,94,3,3,appearance
hist_gbdt,45,0,high,2,0.948214,True,True,True,6.051,77,94,3,3,appearance
hist_gbdt,46,0,high,2,0.947434,True,True,True,6.934,77,94,3,3,appearance
hist_gbdt,47,0,high,64,0.940525,False,True,True,10.016,72,90,7,7,map
hist_gbdt,48,0,high,66,0.940525,False,True,True,13.039,70,90,7,7,map
hist_gbdt,49,0,high,1,0.944207,True,True,True,7.222,79,92,3,3,appearance
hist_gbdt,50,0,high,2,0.944207,False,True,False,8.246,79,92,3,3,appearance
hist_gbdt,51,0,high,1,0.941352,False,True,False,9.178,79,91,3,4,appearance
hist_gbdt,52,0,high,2,0.938639,False,True,True,10.118,79,90,3,4,appearance
hist_gbdt,53,0,high,3,0.944207,False,True,True,11.16,79,89,3,4,appearance
hist_gbdt,54,0,high,1,0.940773,False,True,True,12.757,77,90,6,5,appearance
hist_gbdt,55,0,high,61,0.937756,False,False,True,22.368,68,90,7,7,map
hist_gbdt,56,0,high,1,0.940773,False,True,True,14.822,77,90,6,4,appearance
hist_gbdt,57,0,high,3,0.937753,False,True,False,15.868,77,90,6,4,appearance
hist_gbdt,58,0,high,2,0.939941,False,True,True,14.468,80,90,5,5,map
hist_gbdt,59,0,high,2,0.934873,False,False,False,16.245,76,82,12,12,map
hist_gbdt,60,0,high,2,0.930605,False,False,False,16.125,77,83,12,12,map
hist_gbdt,61,0,high,2,0.930605,False,True,False,14.549,78,83,12,12,map
hist_gbdt,62,0,high,1,0.931891,False,True,False,15.305,81,90,3,3,appearance
hist_gbdt,63,0,high,2,0.934873,False,False,False,18.322,73,83,12,12,map
hist_gbdt,64,0,high,2,0.934873,False,False,False,18.873,72,82,12,12,map
hist_gbdt,65,0,high,3,0.932117,False,False,False,19.473,71,81,12,12,map
hist_gbdt,66,0,high,3,0.90492,False,False,False,16.729,73,82,12,12,map
hist_gbdt,67,0,high,1,0.785952,False,True,False,9.476,82,86,7,7,map
hist_gbdt,68,0,high,2,0.896605,False,True,False,14.601,74,82,12,12,map
hist_gbdt,69,0,high,2,0.900649,False,True,False,15.269,73,81,12,12,map
hist_gbdt,70,0,high,3,0.924349,False,True,False,15.977,72,80,12,12,map
hist_gbdt,71,0,high,2,0.654167,False,True,False,8.68,79,81,12,12,map
hist_gbdt,72,0,high,1,0.745059,True,True,True,6.641,84,88,3,3,appearance
hist_gbdt,73,0,high,2,0.768706,True,True,True,6.098,84,88,3,3,appearance
hist_gbdt,74,0,high,1,0.788964,True,True,True,5.771,84,87,3,4,appearance
hist_gbdt,75,0,high,3,0.898737,True,True,True,5.483,80,82,12,12,map
hist_gbdt,76,0,high,1,0.896679,True,True,True,5.109,84,87,3,3,appearance
hist_gbdt,77,0,high,1,0.885445,True,True,True,4.702,84,87,3,3,appearance
hist_gbdt,78,0,high,1,0.886734,True,True,True,4.342,84,87,3,3,appearance
hist_gbdt,79,0,high,1,0.900279,True,True,True,4.041,84,87,3,3,appearance
hist_gbdt,80,0,high,1,0.848938,True,True,True,2.55,85,88,3,3,appearance
hist_gbdt,81,0,high,1,0.847293,True,True,True,2.564,85,88,3,3,appearance
hist_gbdt,82,0,high,1,0.85538,True,True,True,3.076,85,87,3,4,appearance
hist_gbdt,83,0,high,1,0.856952,True,True,True,3.094,85,87,3,4,appearance
hist_gbdt,84,0,high,1,0.737992,True,True,True,3.114,85,87,3,4,appearance
hist_gbdt,85,0,high,1,0.772099,True,True,True,3.135,85,87,3,4,appearance
hist_gbdt,86,0,high,1,0.643443,True,True,True,3.156,85,87,3,4,appearance
hist_gbdt,87,0,high,1,0.604211,True,True,True,3.179,85,87,3,4,appearance
hist_gbdt,88,0,high,2,0.746819,True,True,True,3.202,85,87,3,4,appearance
hist_gbdt,89,0,high,2,0.566515,True,True,True,3.225,85,87,3,4,appearance
hist_gbdt,90,0,high,1,0.195875,True,True,True,1.346,80,85,12,12,map
hist_gbdt,91,0,high,1,0.193471,True,True,True,0.523,80,86,12,12,map
hist_gbdt,92,0,high,73,0.747009,True,True,True,2.802,85,87,3,5,appearance
hist_gbdt,93,0,high,2,0.679391,True,True,True,0.474,80,86,12,12,map
hist_gbdt,94,0,high,72,0.904025,True,True,True,2.358,85,88,3,4,appearance
hist_gbdt,95,0,high,77,0.893263,True,True,True,3.384,85,87,3,4,appearance
hist_gbdt,96,0,high,1,0.942824,True,True,True,1.91,84,89,4,3,appearance
hist_gbdt,97,0,high,1,0.942824,True,True,True,1.931,84,89,4,3,appearance
hist_gbdt,98,0,high,2,0.940383,True,True,True,1.953,84,89,4,3,appearance
hist_gbdt,99,0,high,80,0.927296,True,True,True,1.122,84,90,3,3,appearance
hist_gbdt,100,0,high,2,0.132864,True,True,True,1.118,79,87,12,12,map
hist_gbdt,101,0,high,61,0.954227,True,True,True,1.057,84,90,3,3,appearance
hist_gbdt,102,0,high,24,0.356312,True,True,True,1.012,79,87,12,12,map
hist_gbdt,103,0,high,9,0.939174,True,True,True,0.784,83,91,4,3,appearance
hist_gbdt,104,0,high,1,0.953604,True,True,True,0.707,83,91,4,3,appearance
hist_gbdt,105,0,high,64,0.942135,True,True,True,5.197,75,84,12,12,map
hist_gbdt,106,0,high,35,0.944509,True,True,True,6.483,74,83,12,12,map
hist_gbdt,107,0,high,70,0.944509,True,True,True,7.785,73,82,12,12,map
hist_gbdt,108,0,high,1,0.936762,True,True,True,1.14,83,91,3,4,appearance
hist_gbdt,109,0,high,1,0.866106,True,True,True,1.099,83,91,3,4,appearance
hist_gbdt,110,0,high,1,0.824969,True,True,True,1.275,82,90,7,7,map
hist_gbdt,111,0,high,57,0.91178,True,True,True,7.506,72,84,12,12,map
hist_gbdt,112,0,high,1,0.883585,True,True,True,0.224,79,86,12,12,map
hist_gbdt,113,0,high,2,0.87894,True,True,True,1.17,79,85,12,12,map
hist_gbdt,114,0,high,2,0.883585,True,True,True,2.151,79,84,12,12,map
hist_gbdt,115,0,high,2,0.81212,True,True,True,3.439,81,93,4,4,appearance
hist_gbdt,116,0,high,1,0.81212,True,True,True,3.413,81,93,4,4,appearance
hist_gbdt,117,0,high,1,0.818801,True,True,True,3.284,81,92,3,5,appearance
hist_gbdt,118,0,high,6,0.862025,True,True,True,1.651,77,86,12,12,map
hist_gbdt,119,0,high,33,0.926272,True,True,True,1.886,77,85,12,12,map
hist_gbdt,120,0,high,52,0.885491,True,True,True,2.5,77,84,12,12,map
hist_gbdt,121,0,high,45,0.891036,False,True,True,8.525,70,85,12,12,map
hist_gbdt,122,0,high,76,0.843766,True,True,True,2.451,76,86,12,12,map
hist_gbdt,123,0,high,1,0.857134,True,True,True,4.244,80,93,3,4,appearance
hist_gbdt,124,0,high,10,0.814755,True,True,True,5.289,88,89,3,3,map
hist_gbdt,125,0,high,51,0.814755,True,True,True,7.507,90,88,3,3,map
hist_gbdt,126,0,high,51,0.865,True,True,True,4.598,79,93,4,4,appearance
hist_gbdt,127,0,high,57,0.356475,False,False,True,39.929,41,100,12,12,map
hist_gbdt,128,0,high,61,0.44753,False,False,True,39.912,41,100,12,12,map
hist_gbdt,129,0,high,58,0.656868,False,False,True,39.9,41,100,12,12,map
hist_gbdt,130,0,high,77,0.584562,True,True,True,3.26,75,86,12,12,map
hist_gbdt,131,0,high,36,0.551625,True,True,True,6.36,76,92,5,5,map
hist_gbdt,132,0,high,65,0.551625,True,True,True,6.351,76,92,5,5,map
hist_gbdt,133,0,high,56,0.591277,False,False,False,40.207,41,101,12,12,map
hist_gbdt,134,0,high,54,0.703701,False,False,True,40.196,41,101,12,12,map
hist_gbdt,135,0,high,56,0.762408,True,True,True,5.874,77,92,4,5,appearance
hist_gbdt,136,0,high,31,0.804513,True,True,True,5.867,77,92,4,5,appearance
hist_gbdt,137,0,high,80,0.955003,True,True,True,5.113,73,85,12,12,map
hist_gbdt,138,0,high,73,0.797436,True,True,True,5.849,77,92,4,5,appearance
hist_gbdt,139,0,high,70,0.251494,True,True,True,5.24,77,90,4,6,appearance
hist_gbdt,140,1,high,61,0.714054,True,True,True,5.59,77,92,4,4,appearance
hist_gbdt,141,1,high,31,0.786326,True,True,True,5.477,77,92,4,4,appearance
hist_gbdt,142,1,high,57,0.600033,True,True,True,5.371,77,92,4,4,appearance
hist_gbdt,143,1,high,64,0.667281,True,True,True,4.837,77,91,4,4,appearance
hist_gbdt,144,1,high,62,0.848559,True,True,True,4.717,77,91,4,4,appearance
hist_gbdt,145,1,high,69,0.887009,True,True,True,4.424,73,84,12,12,map
hist_gbdt,146,1,high,40,0.887009,True,True,True,4.653,73,83,12,12,map
hist_gbdt,147,1,high,27,0.902868,True,True,True,4.504,73,83,12,12,map
hist_gbdt,148,1,high,44,0.889347,True,True,True,4.904,73,82,12,12,map
hist_gbdt,149,1,high,43,0.889347,True,True,True,5.459,73,81,12,12,map
hist_gbdt,150,1,high,78,0.887745,False,True,True,13.463,68,86,3,3,map
hist_gbdt,151,1,high,4,0.879189,True,True,True,3.345,77,88,4,6,appearance
hist_gbdt,152,1,high,2,0.871328,True,True,True,4.319,73,82,12,12,map
hist_gbdt,153,1,high,1,0.892099,True,True,True,0.846,76,84,12,12,map
hist_gbdt,154,1,high,1,0.892508,True,True,True,1.36,77,84,12,12,map
hist_gbdt,155,1,high,3,0.92634,True,True,True,4.657,73,81,12,12,map
hist_gbdt,156,1,high,7,0.914587,True,True,True,4.522,73,81,12,12,map
hist_gbdt,157,1,high,23,0.701125,False,True,True,8.558,72,86,3,3,map
hist_gbdt,158,1,high,3,0.712021,True,True,True,5.22,84,86,3,3,map
hist_gbdt,159,1,high,52,0.700346,False,True,True,12.049,68,86,3,3,map
hist_gbdt,160,1,high,8,0.780797,True,True,True,7.433,74,84,3,3,map
hist_gbdt,161,1,high,21,0.82166,False,True,True,8.777,73,83,3,3,map
hist_gbdt,162,1,high,30,0.82166,False,True,True,10.136,72,82,3,3,map
hist_gbdt,163,1,high,74,0.679236,True,True,True,3.26,76,85,5,7,appearance
hist_gbdt,164,1,high,70,0.767159,True,True,True,1.315,78,87,5,4,appearance
hist_gbdt,165,1,high,63,0.458975,False,True,True,15.767,84,72,3,3,map
hist_gbdt,166,1,high,51,0.539053,True,True,True,1.998,78,84,5,7,appearance
hist_gbdt,167,1,high,79,0.625647,True,True,True,1.16,79,85,5,5,appearance
hist_gbdt,168,1,high,35,0.415387,True,True,True,1.17,79,85,5,5,appearance
hist_gbdt,169,1,high,3,0.565667,True,True,True,7.305,74,86,3,3,map
hist_gbdt,170,1,high,4,0.666618,True,True,True,6.657,76,82,3,3,map
hist_gbdt,171,1,high,1,0.768936,True,True,True,6.174,86,81,3,3,map
hist_gbdt,172,1,high,1,0.819807,True,True,True,6.843,88,82,3,3,map
hist_gbdt,173,1,high,1,0.819807,True,True,True,7.442,89,82,3,3,map
hist_gbdt,174,1,high,1,0.79437,True,True,True,6.204,88,82,3,3,map
hist_gbdt,175,1,high,1,0.9101,True,True,True,6.879,88,80,3,3,map
hist_gbdt,176,1,high,1,0.708025,True,True,True,7.151,88,79,3,3,map
hist_gbdt,177,1,high,4,0.708025,True,True,True,7.479,88,78,3,3,map
hist_gbdt,178,1,high,4,0.697926,True,True,True,5.17,79,80,3,3,map
hist_gbdt,179,1,high,1,0.74176,True,True,True,7.267,90,80,3,3,map
hist_gbdt,180,1,high,2,0.755066,True,True,True,7.906,90,78,3,3,map
hist_gbdt,181,1,high,79,0.907125,True,True,True,4.877,79,73,12,12,map
hist_gbdt,182,1,high,5,0.80506,True,True,True,5.701,80,78,3,3,map
hist_gbdt,183,1,high,55,0.789456,True,True,True,6.641,79,71,12,12,map
hist_gbdt,184,1,high,4,0.848819,True,True,True,0.51,83,80,5,6,appearance
hist_gbdt,185,1,high,4,0.931441,True,True,True,2.229,85,79,5,6,appearance
hist_gbdt,186,1,high,4,0.888181,True,True,True,6.405,78,82,3,3,map
hist_gbdt,187,1,high,4,0.887544,True,True,True,1.831,85,79,5,6,appearance
hist_gbdt,188,1,high,57,0.946196,True,True,True,5.064,81,72,12,12,map
hist_gbdt,189,1,high,68,0.843573,False,True,True,12.889,76,72,3,3,map
hist_gbdt,190,1,high,2,0.681505,True,True,True,5.154,88,78,7,7,map
hist_gbdt,191,1,high,1,0.783839,True,True,True,2.161,86,79,5,5,appearance
hist_gbdt,192,1,high,1,0.86194,True,True,True,2.973,86,77,6,7,appearance
hist_gbdt,193,1,high,47,0.910928,True,True,True,5.891,77,72,12,12,map
hist_gbdt,194,1,high,75,0.931961,True,True,True,6.532,83,70,12,12,map
hist_gbdt,195,1,high,68,0.928694,True,True,True,6.369,83,70,12,12,map
hist_gbdt,196,1,high,69,0.91733,False,True,True,8.158,83,68,12,12,map
hist_gbdt,197,1,high,69,0.920677,True,True,True,6.367,84,70,12,12,map
hist_gbdt,198,1,high,37,0.891385,False,True,True,8.084,84,68,12,12,map
hist_gbdt,199,1,high,65,0.911295,True,True,True,5.74,83,70,12,12,map
hist_gbdt,200,1,high,4,0.895265,False,True,True,8.201,80,75,3,3,map
hist_gbdt,201,1,high,4,0.881379,False,True,True,9.404,96,80,3,3,map
hist_gbdt,202,1,high,2,0.873742,False,True,True,8.602,94,76,3,3,map
hist_gbdt,203,1,high,3,0.878692,True,True,True,6.959,83,75,3,3,map
hist_gbdt,204,1,high,3,0.892179,False,True,True,13.176,98,74,3,3,map
hist_gbdt,205,1,high,2,0.873742,True,True,True,6.16,84,76,3,3,map
hist_gbdt,206,1,high,2,0.873742,False,True,True,8.38,82,75,3,3,map
hist_gbdt,207,1,high,3,0.932604,True,True,True,7.41,79,71,12,12,map
hist_gbdt,208,1,high,2,0.895265,False,True,True,11.293,96,75,3,3,map
hist_gbdt,209,1,high,2,0.921397,False,True,True,9.242,94,76,3,3,map
hist_gbdt,210,1,high,8,0.919866,True,True,True,6.933,80,72,12,12,map
hist_gbdt,211,1,high,22,0.919866,False,True,True,8.574,79,71,12,12,map
hist_gbdt,212,1,high,67,0.923282,False,True,True,10.222,78,70,12,12,map
hist_gbdt,213,1,high,4,0.901363,False,True,True,11.868,96,75,3,3,map
hist_gbdt,214,1,high,1,0.919109,True,True,True,6.216,88,76,7,7,map
hist_gbdt,215,1,high,3,0.919109,True,True,True,6.439,88,76,7,7,map
hist_gbdt,216,1,high,3,0.926499,False,True,True,10.167,96,78,3,3,map
hist_gbdt,217,1,high,4,0.926499,False,True,True,11.854,98,78,3,3,map
hist_gbdt,218,1,high,2,0.916341,False,True,True,10.144,82,77,3,3,map
hist_gbdt,219,1,high,4,0.916341,False,True,True,12.473,80,76,3,3,map
hist_gbdt,220,1,high,2,0.931835,True,True,True,7.778,94,80,3,3,map
hist_gbdt,221,1,high,2,0.931835,False,True,True,9.541,96,80,3,3,map
hist_gbdt,222,1,high,3,0.936378,False,True,True,8.312,94,80,3,3,map
hist_gbdt,223,1,high,3,0.901989,False,True,True,10.038,96,80,3,3,map
hist_gbdt,224,1,high,3,0.924177,False,True,True,8.853,94,80,3,3,map
hist_gbdt,225,1,high,2,0.918838,False,True,True,9.122,82,80,3,3,map
hist_gbdt,226,1,high,3,0.918838,False,True,True,11.35,80,79,3,3,map
hist_gbdt,227,1,high,3,0.931583,True,True,True,6.864,90,80,7,7,map
hist_gbdt,228,1,high,52,0.827363,False,True,True,14.092,91,74,3,3,map
hist_gbdt,229,1,high,2,0.918838,True,True,True,7.423,92,82,3,3,map
hist_gbdt,230,1,high,3,0.926499,False,True,True,8.325,82,82,3,3,map
hist_gbdt,231,1,high,2,0.918838,False,True,True,9.277,94,82,3,3,map
hist_gbdt,232,1,high,2,0.922378,True,True,True,6.718,92,84,3,3,map
hist_gbdt,233,1,high,7,0.886032,False,True,True,8.481,94,84,3,3,map
hist_gbdt,234,1,high,2,0.924177,True,True,True,7.255,92,84,3,3,map
hist_gbdt,235,1,high,2,0.924177,True,True,True,7.523,92,84,3,3,map
hist_gbdt,236,1,high,3,0.924177,False,True,True,8.486,93,84,3,3,map
hist_gbdt,237,1,high,2,0.936378,True,True,True,5.263,90,86,3,3,map
hist_gbdt,238,1,high,2,0.947176,True,True,True,7.231,79,84,7,7,map
hist_gbdt,239,1,high,4,0.947176,False,True,True,8.113,78,84,7,7,map
hist_gbdt,240,1,high,1,0.937579,True,True,True,4.031,82,88,5,5,map
hist_gbdt,241,1,high,2,0.937579,True,True,True,4.283,81,89,5,5,map
hist_gbdt,242,1,high,1,0.944599,True,True,True,2.652,83,88,5,5,appearance
hist_gbdt,243,1,high,2,0.919472,False,True,True,8.723,92,85,3,3,map
hist_gbdt,244,1,high,1,0.916278,True,True,True,2.163,83,87,5,7,appearance
hist_gbdt,245,1,high,2,0.939152,True,True,True,1.961,83,87,5,7,appearance
hist_gbdt,246,1,high,3,0.92289,False,True,True,9.38,92,85,3,3,map
hist_gbdt,247,1,high,3,0.925786,True,True,True,6.356,90,88,3,3,map
hist_gbdt,248,1,high,4,0.91287,False,True,True,8.507,92,88,3,3,map
hist_gbdt,249,1,high,75,0.94296,True,True,True,4.046,79,82,12,12,map
hist_gbdt,250,1,high,66,0.94296,True,True,True,5.006,79,81,12,12,map
hist_gbdt,251,1,high,68,0.94296,True,True,True,5.983,79,80,12,12,map
hist_gbdt,252,1,high,3,0.926746,True,True,True,5.909,88,88,3,3,map
hist_gbdt,253,1,high,3,0.916174,False,True,True,8.073,90,88,3,3,map
hist_gbdt,254,1,high,73,0.94296,True,True,True,3.84,78,82,12,12,map
hist_gbdt,255,1,high,76,0.94296,True,True,True,4.825,78,81,12,12,map
hist_gbdt,256,1,high,77,0.94296,True,True,True,5.825,78,80,12,12,map
hist_gbdt,257,1,high,73,0.94296,True,True,True,3.062,78,83,12,12,map
hist_gbdt,258,1,high,47,0.94296,True,True,True,4.048,78,82,12,12,map
hist_gbdt,259,1,high,77,0.94296,True,True,True,5.039,78,81,12,12,map
hist_gbdt,260,1,high,2,0.924574,True,True,True,6.325,86,88,3,3,map
hist_gbdt,261,1,high,2,0.924574,False,True,True,8.774,88,87,3,3,map
hist_gbdt,262,1,high,1,0.924574,False,True,True,11.249,90,86,3,3,map
hist_gbdt,263,1,high,34,0.786412,True,True,True,7.968,72,93,3,3,map
hist_gbdt,264,1,high,67,0.786412,False,True,True,9.969,70,94,3,3,map
hist_gbdt,265,1,high,60,0.403026,True,True,True,1.426,80,90,4,5,appearance
hist_gbdt,266,1,high,76,0.408223,True,True,True,5.577,74,92,3,3,map
hist_gbdt,267,1,high,80,0.266645,True,True,True,5.555,74,92,3,3,map
hist_gbdt,268,1,high,55,0.429741,True,True,True,1.903,79,90,4,6,appearance
hist_gbdt,269,1,high,74,0.181249,True,True,True,4.485,76,85,12,12,map
hist_gbdt,270,1,high,65,0.181249,True,True,True,3.953,76,86,12,12,map
hist_gbdt,271,1,high,63,0.238353,True,True,True,4.377,76,86,12,12,map
hist_gbdt,272,1,high,70,0.238353,True,True,True,4.808,76,86,12,12,map
hist_gbdt,273,1,high,53,0.541758,True,True,True,1.132,79,94,4,4,appearance
hist_gbdt,274,1,high,34,0.68852,True,True,True,0.778,75,92,12,12,map
hist_gbdt,275,1,high,53,0.704354,True,True,True,0.643,75,92,12,12,map
hist_gbdt,276,1,high,49,0.725913,True,True,True,0.762,75,92,12,12,map
hist_gbdt,277,1,high,57,0.573184,True,True,True,2.475,76,91,12,12,map
hist_gbdt,278,1,high,36,0.573184,True,True,True,2.836,76,91,12,12,map
hist_gbdt,279,1,high,74,0.76041,True,True,True,0.428,78,98,4,4,appearance
hist_gbdt,280,2,high,4,0.449171,True,True,True,3.162,75,91,12,12,map
hist_gbdt,281,2,medium_high,80,0.898266,True,True,True,0.916,78,100,4,3,appearance
hist_gbdt,282,2,medium_high,3,0.66642,True,True,True,3.473,75,92,12,12,map
hist_gbdt,283,2,medium_high,48,0.898266,True,True,True,3.738,78,104,4,3,appearance
hist_gbdt,284,2,medium_high,2,0.663029,True,True,True,3.801,75,93,12,12,map
hist_gbdt,285,2,medium_high,80,0.729887,True,True,True,4.399,82,102,3,3,map
hist_gbdt,286,2,medium_high,75,0.88221,True,True,True,0.559,78,102,3,3,appearance
hist_gbdt,287,2,medium_high,2,0.773255,True,True,True,2.18,74,100,12,12,map
hist_gbdt,288,2,medium_high,54,0.888447,True,True,True,1.14,78,104,3,3,appearance
hist_gbdt,289,2,medium_high,19,0.81659,True,True,True,2.639,75,100,12,12,map
hist_gbdt,290,2,medium_high,3,0.831041,True,True,True,2.75,75,100,12,12,map
hist_gbdt,291,2,medium_high,58,0.817628,True,True,True,2.955,75,107,5,5,map
hist_gbdt,292,2,medium_high,22,0.856782,True,True,True,3.041,74,99,12,12,map
hist_gbdt,293,2,medium_high,27,0.856782,True,True,True,3.605,74,99,12,12,map
hist_gbdt,294,2,medium_high,55,0.856782,True,True,True,4.191,74,99,12,12,map
hist_gbdt,295,2,medium_high,4,0.296923,False,False,True,78.86,47,178,12,12,map
hist_gbdt,296,2,medium_high,48,0.257511,True,True,True,3.225,74,102,12,12,map
hist_gbdt,297,2,medium_high,14,0.436662,True,True,True,4.28,73,108,12,12,map
hist_gbdt,298,2,medium_high,13,0.436662,True,True,True,3.855,73,108,12,12,map
hist_gbdt,299,2,medium_high,6,0.635171,True,True,True,5.156,73,110,12,12,map
hist_gbdt,300,2,medium_high,4,0.532595,True,True,True,5.59,73,111,12,12,map
hist_gbdt,301,2,medium_high,4,0.532595,True,True,True,5.876,73,112,12,12,map
hist_gbdt,302,2,medium_high,4,0.358978,True,True,True,6.175,73,113,12,12,map
hist_gbdt,303,2,medium_high,4,0.358978,True,True,True,6.483,73,114,12,12,map
hist_gbdt,304,2,medium_high,15,0.336392,True,True,True,6.801,73,115,12,12,map
hist_gbdt,305,2,medium_high,1,0.112086,False,False,True,35.615,109,108,7,6,appearance
hist_gbdt,306,2,medium_high,1,0.112086,False,False,True,35.569,109,108,7,6,appearance
hist_gbdt,307,2,medium_high,1,0.112086,False,False,True,36.523,110,108,7,6,appearance
hist_gbdt,308,2,medium_high,1,0.112086,False,False,False,37.483,111,108,7,6,appearance
hist_gbdt,309,2,medium_high,1,0.152947,False,False,False,37.465,111,108,7,6,appearance
hist_gbdt,310,2,medium_high,1,0.152947,False,False,False,38.349,112,109,7,5,appearance
hist_gbdt,311,2,medium_high,1,0.152947,False,False,False,38.341,112,109,7,5,appearance
hist_gbdt,312,2,medium_high,1,0.152947,False,False,True,39.322,113,109,7,5,appearance
hist_gbdt,313,2,medium_high,1,0.152947,False,False,True,39.332,113,109,7,5,appearance
hist_gbdt,314,2,medium_high,1,0.18059,False,False,True,39.238,113,109,7,6,appearance
hist_gbdt,315,2,medium_high,1,0.152947,False,False,True,39.746,113,109,8,6,appearance
hist_gbdt,316,2,medium_high,1,0.152947,False,False,True,39.778,113,109,8,6,appearance
hist_gbdt,317,2,medium_high,1,0.152947,False,False,True,40.783,114,109,8,6,appearance
hist_gbdt,318,2,medium_high,1,0.152947,False,False,True,41.793,115,109,8,6,appearance
hist_gbdt,319,2,medium_high,2,0.384881,True,True,True,4.419,69,120,12,12,map
hist_gbdt,320,2,medium_high,6,0.361585,True,True,True,5.22,68,120,12,12,map
hist_gbdt,321,2,medium_high,6,0.361585,True,True,True,6.138,67,120,12,12,map
hist_gbdt,322,2,medium_high,3,0.397548,True,True,True,4.571,69,121,12,12,map
hist_gbdt,323,2,medium_high,2,0.38558,True,True,True,5.392,68,121,12,12,map
hist_gbdt,324,2,medium_high,1,0.503983,True,True,True,4.429,69,121,12,12,map
hist_gbdt,325,2,medium_high,1,0.520624,True,True,True,4.363,69,121,12,12,map
hist_gbdt,326,2,medium_high,1,0.508082,True,True,True,4.293,69,121,12,12,map
hist_gbdt,327,2,medium_high,1,0.508082,True,True,True,4.225,69,121,12,12,map
hist_gbdt,328,2,medium_high,1,0.564201,True,True,True,4.163,69,121,12,12,map
hist_gbdt,329,2,medium_high,3,0.564201,True,True,True,1.366,74,120,12,12,map
hist_gbdt,330,2,medium_high,5,0.516306,True,True,True,3.288,76,120,12,12,map
hist_gbdt,331,2,medium_high,8,0.539571,True,True,True,5.29,78,120,12,12,map
hist_gbdt,332,2,medium_high,3,0.572566,True,True,True,5.503,70,124,7,7,map
hist_gbdt,333,2,medium_high,6,0.54803,True,True,True,6.406,69,124,7,7,map
hist_gbdt,334,2,medium_high,33,0.515351,True,True,True,5.425,78,119,12,12,map
hist_gbdt,335,2,medium_high,2,0.705853,True,True,True,3.297,70,122,12,12,map
hist_gbdt,336,2,medium_high,2,0.705853,True,True,True,3.22,70,122,12,12,map
hist_gbdt,337,2,medium_high,2,0.73613,True,True,True,3.145,70,122,12,12,map
hist_gbdt,338,2,medium_high,1,0.73613,True,True,True,3.065,70,122,12,12,map
hist_gbdt,339,2,medium_high,1,0.73613,True,True,True,2.987,70,122,12,12,map
hist_gbdt,340,2,medium_high,1,0.730983,True,True,True,2.121,71,122,12,12,map
hist_gbdt,341,2,medium_high,1,0.730983,True,True,True,2.299,71,122,12,12,map
hist_gbdt,342,2,medium_high,60,0.827126,True,True,True,5.886,83,124,3,3,appearance
hist_gbdt,343,2,medium_high,33,0.792132,False,True,True,8.898,86,123,3,3,appearance
hist_gbdt,344,2,medium_high,2,0.814089,True,True,True,3.672,76,118,12,12,map
hist_gbdt,345,2,medium_high,61,0.813009,True,True,True,7.626,85,124,3,3,appearance
hist_gbdt,346,2,medium_high,59,0.849358,False,True,True,9.55,87,124,3,3,appearance
hist_gbdt,347,2,medium_high,3,0.689921,True,True,True,3.85,71,116,12,12,map
hist_gbdt,348,2,medium_high,4,0.704768,True,True,True,5.515,71,114,12,12,map
hist_gbdt,349,2,medium_high,9,0.699154,True,True,True,2.426,71,120,12,12,map
hist_gbdt,350,2,medium_high,5,0.717203,True,True,True,2.574,71,120,12,12,map
hist_gbdt,351,2,medium_high,4,0.736962,True,True,True,2.727,71,120,12,12,map
hist_gbdt,352,2,medium_high,4,0.734656,True,True,True,2.884,71,120,12,12,map
hist_gbdt,353,2,medium_high,3,0.734656,True,True,True,3.046,71,120,12,12,map
hist_gbdt,354,2,medium_high,65,0.829961,False,True,True,8.069,70,122,3,3,map
hist_gbdt,355,2,medium_high,52,0.829961,False,True,True,10.218,68,121,3,3,map
hist_gbdt,356,2,medium_high,52,0.829961,False,True,True,12.397,66,120,3,3,map
hist_gbdt,357,2,medium_high,69,0.832733,False,True,True,8.519,70,120,3,3,map
hist_gbdt,358,2,medium_high,46,0.832733,False,True,True,10.735,68,119,3,3,map
hist_gbdt,359,2,medium_high,71,0.832733,False,True,True,12.957,66,118,3,3,map
hist_gbdt,360,2,medium_high,1,0.819079,True,True,True,3.162,71,118,12,12,map
hist_gbdt,361,2,medium_high,1,0.819079,True,True,True,3.125,71,118,12,12,map
hist_gbdt,362,2,medium_high,1,0.819079,True,True,True,2.9,71,117,12,12,map
hist_gbdt,363,2,medium_high,1,0.819079,True,True,True,2.851,71,117,12,12,map
hist_gbdt,364,2,medium_high,1,0.819079,True,True,True,2.941,71,116,12,12,map
hist_gbdt,365,2,medium_high,1,0.819079,True,True,True,2.887,71,116,12,12,map
hist_gbdt,366,2,medium_high,1,0.819079,True,True,True,2.831,71,116,12,12,map
hist_gbdt,367,2,medium_high,1,0.819079,True,True,True,1.847,72,116,12,12,map
hist_gbdt,368,2,medium_high,1,0.811734,True,True,True,1.789,72,116,12,12,map
hist_gbdt,369,2,medium_high,2,0.738982,False,True,True,9.627,68,114,7,7,map
hist_gbdt,370,2,medium_high,1,0.69489,True,True,True,6.149,68,114,12,12,map
hist_gbdt,371,2,medium_high,1,0.69489,True,True,True,7.446,67,113,12,12,map
hist_gbdt,372,2,medium_high,1,0.69489,True,True,True,6.037,68,114,12,12,map
hist_gbdt,373,2,medium_high,3,0.69489,True,True,True,5.979,68,114,12,12,map
hist_gbdt,374,2,medium_high,35,0.611555,True,True,True,6.435,68,113,12,12,map
hist_gbdt,375,2,medium_high,25,0.402419,True,True,True,6.377,68,113,12,12,map
hist_gbdt,376,2,medium_high,79,0.486354,True,True,True,6.261,76,111,12,12,map
hist_gbdt,377,2,medium_high,34,0.440112,True,True,True,6.892,68,112,12,12,map
hist_gbdt,378,2,medium_high,31,0.440112,True,True,True,6.835,68,112,12,12,map
hist_gbdt,379,2,medium_high,37,0.440112,True,True,True,6.784,68,112,12,12,map
hist_gbdt,380,2,medium_high,19,0.603483,True,True,True,6.021,69,112,12,12,map
hist_gbdt,381,2,medium_high,17,0.603483,True,True,True,6.066,69,112,12,12,map
hist_gbdt,382,2,medium_high,42,0.638196,True,True,True,6.144,69,112,12,12,map
hist_gbdt,383,2,medium_high,5,0.606469,True,True,True,6.542,73,111,12,12,map
hist_gbdt,384,2,medium_high,4,0.775994,True,True,True,6.807,72,111,12,12,map
hist_gbdt,385,2,medium_high,74,0.767917,False,True,True,10.249,73,108,12,12,map
hist_gbdt,386,2,medium_high,73,0.812375,False,True,True,11.824,74,107,12,12,map
hist_gbdt,387,2,medium_high,75,0.812375,False,True,False,13.478,75,106,12,12,map
hist_gbdt,388,2,medium_high,11,0.059385,False,False,False,33.493,48,144,12,12,map
hist_gbdt,389,2,medium_high,65,0.734944,False,True,False,11.787,73,108,12,12,map
hist_gbdt,390,2,medium_high,5,0.120631,False,False,False,59.939,10,115,12,12,map
hist_gbdt,391,2,medium_high,5,0.193761,False,False,False,59.637,10,115,12,12,map
hist_gbdt,392,2,medium_high,26,0.196149,False,False,True,59.346,10,115,12,12,map
hist_gbdt,393,2,medium_high,33,0.094702,False,False,True,49.12,38,159,12,12,map
hist_gbdt,394,2,medium_high,64,0.094702,False,False,True,48.656,38,159,12,12,map
hist_gbdt,395,2,medium_high,77,0.878012,False,True,True,10.573,73,112,12,12,map
hist_gbdt,396,2,medium_high,72,0.876374,False,True,False,14.654,73,108,12,12,map
hist_gbdt,397,2,medium_high,71,0.876374,False,True,True,11.453,73,112,12,12,map
hist_gbdt,398,2,medium_high,9,0.037774,False,False,True,74.63,21,181,12,12,map
hist_gbdt,399,2,medium_high,78,0.784682,False,True,True,12.864,74,112,12,12,map
hist_gbdt,400,2,medium_high,21,0.02999,False,False,True,87.928,12,192,12,12,map
hist_gbdt,401,2,medium_high,78,0.860972,False,True,True,12.592,74,112,12,12,map
hist_gbdt,402,2,medium_high,76,0.778182,False,True,True,12.709,74,111,12,12,map
hist_gbdt,403,2,medium_high,44,0.856353,False,True,False,11.989,74,111,12,12,map
hist_gbdt,404,2,medium_high,63,0.016649,False,False,False,42.923,38,90,12,12,map
hist_gbdt,405,2,medium_high,50,0.016507,False,False,False,83.056,35,44,12,12,map
hist_gbdt,406,2,medium_high,51,0.020901,False,False,False,82.67,35,44,12,12,map
hist_gbdt,407,2,medium_high,80,0.020984,False,False,False,38.498,107,111,12,12,map
hist_gbdt,408,2,medium_high,49,0.669939,False,True,False,8.839,73,110,12,12,map
hist_gbdt,409,2,medium_high,79,0.020984,False,False,True,37.486,107,111,12,12,map
hist_gbdt,410,2,medium_high,79,0.338081,False,True,True,8.382,73,109,12,12,map
hist_gbdt,411,2,medium_high,79,0.462662,True,True,True,7.692,73,109,12,12,map
hist_gbdt,412,2,medium_high,80,0.462662,True,True,True,7.009,73,109,12,12,map
hist_gbdt,413,2,medium_high,46,0.019299,False,True,False,10.439,73,128,6,7,appearance
hist_gbdt,414,2,medium_high,64,0.107992,False,True,True,9.898,77,106,12,12,map
hist_gbdt,415,2,medium_high,3,0.02725,False,False,False,66.115,7,105,12,12,map
hist_gbdt,416,2,medium_high,80,0.080945,False,True,False,9.347,77,105,12,12,map
hist_gbdt,417,2,medium_high,76,0.140026,False,True,False,8.633,77,105,12,12,map
hist_gbdt,418,2,medium_high,52,0.84007,True,True,True,7.78,69,106,12,12,map
hist_gbdt,419,2,medium_high,79,0.84007,True,True,True,7.574,69,106,12,12,map
hist_gbdt,420,3,medium_high,78,0.136235,False,True,True,9.014,70,115,3,3,appearance
hist_gbdt,421,3,medium_high,75,0.256153,False,True,True,8.927,73,102,12,12,map
hist_gbdt,422,3,medium_high,73,0.021904,False,False,False,105.721,14,198,7,7,map
hist_gbdt,423,3,medium_high,45,0.100519,False,True,True,11.748,73,125,3,3,appearance
hist_gbdt,424,3,medium_high,19,0.031872,True,True,True,7.622,77,103,12,12,map
hist_gbdt,425,3,medium_high,53,0.031872,True,True,True,7.433,77,103,12,12,map
hist_gbdt,426,3,medium_high,52,0.088391,True,True,True,7.245,77,103,12,12,map
hist_gbdt,427,3,medium_high,58,0.006829,False,False,False,54.233,22,96,12,12,map
hist_gbdt,428,3,medium_high,53,0.007559,False,False,False,21.086,58,112,3,3,map
hist_gbdt,429,3,medium_high,11,0.027143,False,False,False,39.791,114,114,12,12,map
hist_gbdt,430,3,medium_high,34,0.027143,False,False,False,39.815,114,114,12,12,map
hist_gbdt,431,3,medium_high,32,0.028419,False,False,True,39.841,114,114,12,12,map
hist_gbdt,432,3,medium_high,15,0.104166,False,False,True,77.912,2,90,7,7,map
hist_gbdt,433,3,medium_high,47,0.141168,False,True,True,8.956,76,102,7,7,map
hist_gbdt,434,3,medium_high,78,0.141168,False,True,True,8.757,76,102,7,7,map
hist_gbdt,435,3,medium_high,9,0.038232,False,False,True,77.751,2,90,7,7,map
hist_gbdt,436,3,medium_high,8,0.042986,False,False,True,77.699,2,90,7,7,map
hist_gbdt,437,3,medium_high,80,0.046642,False,False,True,57.486,18,97,12,12,map
hist_gbdt,438,3,medium_high,56,0.374632,True,True,True,7.734,84,106,3,3,map
hist_gbdt,439,3,medium_high,31,0.010721,False,False,True,53.362,28,96,3,3,map
hist_gbdt,440,3,medium_high,17,0.05124,False,False,True,77.015,2,92,7,7,map
hist_gbdt,441,3,medium,17,0.09713,False,False,True,77.45,2,92,7,7,map
hist_gbdt,442,3,medium,12,0.086932,False,False,False,77.889,2,92,7,7,map
hist_gbdt,443,3,medium,65,0.161844,False,True,False,13.709,68,115,4,6,appearance
hist_gbdt,444,3,medium,8,0.072073,False,False,True,78.78,2,92,7,7,map
hist_gbdt,445,3,medium,5,0.250738,False,False,True,79.231,2,92,7,7,map
hist_gbdt,446,3,medium,5,0.290418,False,False,True,79.686,2,92,7,7,map
hist_gbdt,447,3,medium,3,0.121925,False,False,False,80.145,2,92,7,7,map
hist_gbdt,448,3,medium,2,0.172217,False,False,False,80.608,2,92,7,7,map
hist_gbdt,449,3,medium,1,0.178361,False,False,True,81.073,2,92,7,7,map
hist_gbdt,450,3,low_medium,1,0.122488,False,False,True,82.379,2,94,5,5,map
hist_gbdt,451,3,low_medium,2,0.136829,False,False,True,82.414,2,94,5,5,map
hist_gbdt,452,3,low_medium,10,0.298901,False,False,True,41.933,39,97,12,12,map
hist_gbdt,453,3,low_medium,10,0.298901,False,False,True,41.979,39,97,12,12,map
hist_gbdt,454,3,low_medium,22,0.282577,False,False,True,42.575,39,97,12,12,map
hist_gbdt,455,3,low_medium,33,0.105844,True,True,True,4.783,77,102,12,12,map
hist_gbdt,456,3,low_medium,33,0.105844,True,True,True,5.076,77,101,12,12,map
hist_gbdt,457,3,low_medium,80,0.204484,False,False,True,26.226,61,103,3,3,appearance
hist_gbdt,458,3,low_medium,51,0.204484,False,False,False,26.268,61,103,3,3,appearance
hist_gbdt,459,3,low_medium,7,0.094427,False,False,True,46.119,37,99,12,12,map
hist_gbdt,460,3,low_medium,19,0.18299,False,False,True,39.638,112,136,7,7,map
hist_gbdt,461,3,low_medium,16,0.491132,False,False,True,39.635,112,136,7,7,map
hist_gbdt,462,3,low_medium,42,0.491132,False,False,False,38.933,112,136,7,7,map
hist_gbdt,463,3,low_medium,39,0.204484,False,False,False,27.923,61,104,3,3,appearance
hist_gbdt,464,3,low_medium,71,0.267805,False,False,True,28.87,60,104,4,5,appearance
hist_gbdt,465,3,low_medium,73,0.267805,False,False,True,29.472,60,104,4,5,appearance
hist_gbdt,466,3,low_medium,71,0.267805,False,False,True,29.506,60,104,4,5,appearance
hist_gbdt,467,3,low_medium,73,0.184019,False,False,True,36.744,56,96,3,3,map
hist_gbdt,468,3,low_medium,65,0.598055,False,False,True,50.835,50,141,12,12,map
hist_gbdt,469,3,low_medium,49,0.378303,False,False,False,52.106,122,148,7,7,map
hist_gbdt,470,3,low_medium,53,0.343956,False,False,False,59.063,127,156,5,5,map
hist_gbdt,471,3,low_medium,52,0.3532,False,False,False,61.258,128,158,5,5,map
hist_gbdt,472,3,low_medium,74,0.74458,False,True,True,8.515,84,112,3,3,map
hist_gbdt,473,3,low_medium,47,0.332155,False,False,True,33.043,59,107,4,6,appearance
hist_gbdt,474,3,low_medium,77,0.332155,False,False,True,33.615,59,107,4,6,appearance
hist_gbdt,475,3,low_medium,72,0.332155,False,False,True,34.194,59,107,4,6,appearance
hist_gbdt,476,3,low_medium,14,0.247423,True,True,True,2.887,92,114,3,3,map
hist_gbdt,477,3,low_medium,65,0.525712,False,False,True,36.189,58,107,4,9,appearance
hist_gbdt,478,3,low_medium,40,0.491971,False,False,False,36.226,58,107,4,9,appearance
hist_gbdt,479,3,low_medium,36,0.703728,False,False,True,81.114,10,100,12,12,map
hist_gbdt,480,3,low_medium,53,0.699713,False,False,True,82.195,10,100,12,12,map
hist_gbdt,481,3,low_medium,78,0.75075,False,True,True,12.347,84,114,3,3,map
hist_gbdt,482,3,low_medium,66,0.728671,True,True,True,7.425,85,110,12,12,map
hist_gbdt,483,3,low_medium,36,0.728671,True,True,True,7.469,85,110,12,12,map
hist_gbdt,484,3,low_medium,65,0.728671,True,True,True,6.815,85,110,12,12,map
hist_gbdt,485,3,low_medium,75,0.581812,True,True,True,4.549,81,108,12,12,map
hist_gbdt,486,3,low_medium,77,0.71684,False,False,True,73.161,6,102,12,12,map
hist_gbdt,487,3,low_medium,80,0.71684,False,False,True,73.197,6,102,12,12,map
hist_gbdt,488,3,low_medium,44,0.695966,True,True,True,4.688,79,107,12,12,map
hist_gbdt,489,3,low_medium,76,0.711449,True,True,True,4.338,81,108,12,12,map
hist_gbdt,490,3,low_medium,10,0.149303,True,True,True,7.136,90,114,3,3,map
hist_gbdt,491,3,low_medium,20,0.264588,False,False,True,21.702,102,124,5,5,map
hist_gbdt,492,3,low_medium,51,0.264588,False,False,True,21.682,102,124,5,5,map
hist_gbdt,493,3,low_medium,4,0.070033,False,False,False,63.584,124,163,5,5,map
hist_gbdt,494,3,low_medium,5,0.142402,False,False,False,37.747,46,110,3,3,map
hist_gbdt,495,3,low_medium,66,0.729432,True,True,True,3.611,81,108,12,12,map
hist_gbdt,496,3,low_medium,65,0.729432,True,True,True,3.555,81,108,12,12,map
hist_gbdt,497,3,low_medium,34,0.1688,False,False,True,37.851,46,110,3,3,map
hist_gbdt,498,3,low_medium,65,0.521327,False,False,True,30.565,56,102,3,3,map
hist_gbdt,499,3,low_medium,48,0.275321,False,False,True,48.5,66,160,3,3,map
hist_gbdt,500,3,low_medium,6,0.308349,False,False,False,30.01,104,127,12,12,map
hist_gbdt,501,3,low_medium,42,0.308349,False,False,True,29.46,103,127,12,12,map
hist_gbdt,502,3,low_medium,80,0.711449,True,True,True,3.77,80,106,12,12,map
hist_gbdt,503,3,low_medium,79,0.728671,True,True,True,3.732,80,106,12,12,map
hist_gbdt,504,3,low_medium,1,0.698599,False,False,True,48.021,120,140,7,7,map
hist_gbdt,505,3,low_medium,69,0.864606,True,True,True,4.16,78,105,12,12,map
hist_gbdt,506,3,low_medium,1,0.686808,False,False,True,53.902,124,144,7,7,map
hist_gbdt,507,3,low_medium,1,0.423337,False,False,True,57.005,126,146,7,7,map
hist_gbdt,508,3,low_medium,1,0.686808,False,False,True,59.422,128,148,6,7,map
hist_gbdt,509,3,low_medium,2,0.713331,False,False,True,55.183,122,142,12,12,map
hist_gbdt,510,3,low_medium,40,0.71684,True,True,True,3.538,80,104,12,12,map
hist_gbdt,511,3,low_medium,59,0.699177,True,True,True,3.211,80,104,12,12,map
hist_gbdt,512,3,low_medium,67,0.660298,True,True,True,2.073,85,110,3,3,appearance
hist_gbdt,513,3,low_medium,69,0.720133,True,True,True,0.812,83,110,3,3,appearance
hist_gbdt,514,3,low_medium,70,0.677826,True,True,True,2.205,81,110,3,3,appearance
hist_gbdt,515,3,low_medium,49,0.71684,True,True,True,2.743,79,103,12,12,map
hist_gbdt,516,3,low_medium,66,0.71684,True,True,True,3.272,79,102,12,12,map
hist_gbdt,517,3,low_medium,1,0.30929,False,False,False,69.881,59,37,12,12,map
hist_gbdt,518,3,low_medium,7,0.377602,False,False,False,36.544,92,144,3,3,map
hist_gbdt,519,3,low_medium,32,0.331577,False,False,False,37.045,92,144,3,3,map
hist_gbdt,520,3,medium,39,0.802332,True,True,True,5.06,88,108,3,3,map
hist_gbdt,521,3,medium,60,0.802332,True,True,True,5.541,88,108,3,3,map
hist_gbdt,522,3,medium,72,0.941701,True,True,True,2.667,79,100,12,12,map
hist_gbdt,523,3,medium,70,0.942997,True,True,True,3.576,79,99,12,12,map
hist_gbdt,524,3,medium,63,0.785509,True,True,True,0.989,83,106,3,3,appearance
hist_gbdt,525,3,medium,28,0.807888,True,True,True,0.931,83,106,3,3,appearance
hist_gbdt,526,3,medium,62,0.771613,True,True,True,0.826,83,106,3,3,appearance
hist_gbdt,527,3,medium,65,0.934317,True,True,True,2.823,78,98,12,12,map
hist_gbdt,528,3,medium,64,0.93084,True,True,True,3.777,78,97,12,12,map
hist_gbdt,529,3,medium,73,0.789346,False,True,True,10.433,92,102,3,3,map
hist_gbdt,530,3,medium,1,0.910433,True,True,True,1.338,83,103,3,4,appearance
hist_gbdt,531,3,medium,2,0.911065,True,True,True,3.914,78,104,3,3,map
hist_gbdt,532,3,medium,3,0.911065,True,True,True,5.752,76,105,3,3,map
hist_gbdt,533,3,medium,3,0.912979,False,True,True,8.022,74,106,3,3,map
hist_gbdt,534,3,medium,4,0.918352,True,True,True,4.515,86,102,3,3,map
hist_gbdt,535,3,medium,4,0.918352,True,True,True,5.456,87,102,3,3,map
hist_gbdt,536,3,medium,79,0.904924,True,True,True,5.11,76,102,3,3,map
hist_gbdt,537,3,medium,9,0.919259,True,True,True,5.178,76,102,3,3,map
hist_gbdt,538,3,medium,2,0.920217,True,True,True,5.839,87,102,3,3,map
hist_gbdt,539,3,medium,63,0.919259,False,True,True,9.297,72,102,3,3,map
hist_gbdt,540,3,medium,1,0.917787,True,True,True,3.357,77,93,12,12,map
hist_gbdt,541,3,medium,1,0.917787,True,True,True,2.477,78,94,12,12,map
hist_gbdt,542,3,medium,1,0.890314,True,True,True,2.308,76,93,12,12,map
hist_gbdt,543,3,medium,1,0.914523,True,True,True,2.65,75,93,12,12,map
hist_gbdt,544,3,medium,3,0.870753,True,True,True,1.714,78,94,12,12,map
hist_gbdt,545,3,medium,3,0.88007,True,True,True,2.6,79,94,12,12,map
hist_gbdt,546,3,medium,1,0.892622,True,True,True,2.14,76,92,12,12,map
hist_gbdt,547,3,medium,2,0.878356,True,True,True,2.611,76,91,12,12,map
hist_gbdt,548,3,medium,2,0.903569,True,True,True,3.572,76,90,12,12,map
hist_gbdt,549,3,medium,2,0.890579,True,True,True,4.043,76,89,12,12,map
hist_gbdt,550,3,medium,7,0.893033,True,True,True,2.746,81,97,7,7,map
hist_gbdt,551,3,medium,75,0.301637,True,True,True,1.936,77,91,12,12,map
hist_gbdt,552,3,medium,72,0.290097,True,True,True,1.88,77,91,12,12,map
hist_gbdt,553,3,medium,18,0.433628,True,True,True,5.786,86,98,3,3,map
hist_gbdt,554,3,medium,66,0.230349,True,True,True,1.149,80,97,4,4,appearance
hist_gbdt,555,3,medium,34,0.179164,True,True,True,1.24,79,97,5,4,appearance
hist_gbdt,556,3,medium,49,0.653091,True,True,True,0.841,79,96,5,5,appearance
hist_gbdt,557,3,medium,13,0.8742,True,True,True,1.24,79,96,5,5,appearance
hist_gbdt,558,3,medium,4,0.907692,True,True,True,1.28,79,96,5,5,appearance
hist_gbdt,559,3,medium,2,0.937343,True,True,True,3.942,84,96,3,3,map
hist_gbdt,560,4,medium,2,0.91477,True,True,True,1.052,79,96,4,4,appearance
hist_gbdt,561,4,medium,74,0.942091,True,True,True,4.742,71,92,12,12,map
hist_gbdt,562,4,medium,56,0.935078,True,True,True,1.366,77,91,12,12,map
hist_gbdt,563,4,medium,57,0.935078,True,True,True,2.304,78,91,12,12,map
hist_gbdt,564,4,medium,1,0.941552,True,True,True,1.26,79,95,4,5,appearance
hist_gbdt,565,4,medium,1,0.897602,True,True,True,1.315,79,95,4,5,appearance
hist_gbdt,566,4,medium,2,0.917527,True,True,True,6.458,74,96,3,3,map
hist_gbdt,567,4,medium,1,0.936866,True,True,True,3.411,76,94,5,5,map
hist_gbdt,568,4,medium,1,0.938206,True,True,True,1.476,79,95,4,5,appearance
hist_gbdt,569,4,medium,2,0.938206,True,True,True,1.525,79,95,4,5,appearance
hist_gbdt,570,4,medium,2,0.936866,True,True,True,6.533,73,94,5,5,map
hist_gbdt,571,4,medium,73,0.940752,True,True,True,0.499,76,90,12,12,map
hist_gbdt,572,4,medium,77,0.938748,True,True,True,0.444,76,90,12,12,map
hist_gbdt,573,4,medium,77,0.940752,True,True,True,1.355,77,90,12,12,map
hist_gbdt,574,4,medium,2,0.938549,True,True,True,0.869,80,94,5,5,map
hist_gbdt,575,4,medium,2,0.938206,True,True,True,1.557,79,95,4,5,appearance
hist_gbdt,576,4,medium,3,0.950417,True,True,True,4.014,84,97,2,3,motion
hist_gbdt,577,4,medium,3,0.948722,True,True,True,6.21,86,98,2,3,motion
hist_gbdt,578,4,medium,4,0.950417,False,True,True,8.421,88,99,2,3,motion
hist_gbdt,579,4,medium,1,0.949837,True,True,True,6.1,74,96,3,3,map
hist_gbdt,580,4,medium_high,1,0.951496,True,True,True,2.828,72,96,3,3,map
hist_gbdt,581,4,medium_high,3,0.951496,True,True,True,4.45,70,96,3,3,map
hist_gbdt,582,4,medium_high,7,0.950261,False,True,True,9.456,84,97,1,3,motion
hist_gbdt,583,4,medium_high,7,0.951907,False,True,True,9.44,84,97,1,3,motion
hist_gbdt,584,4,medium_high,11,0.916549,False,True,True,10.239,84,92,3,3,map
hist_gbdt,585,4,medium_high,4,0.885931,True,True,True,5.506,73,94,12,12,map
hist_gbdt,586,4,medium_high,3,0.796172,True,True,True,4.826,77,96,5,5,appearance
hist_gbdt,587,4,medium_high,5,0.848766,True,True,True,5.502,75,90,12,12,map
hist_gbdt,588,4,medium_high,10,0.853252,True,True,True,6.562,76,89,12,12,map
hist_gbdt,589,4,medium_high,4,0.916549,False,True,True,8.149,82,96,3,3,map
hist_gbdt,590,4,medium_high,9,0.916549,False,True,True,10.112,84,96,3,3,map
hist_gbdt,591,4,medium_high,44,0.916549,False,True,True,12.087,86,96,3,3,map
hist_gbdt,592,4,medium_high,4,0.868506,False,True,True,8.122,82,96,3,3,map
hist_gbdt,593,4,medium_high,3,0.872494,False,True,True,9.101,83,96,3,3,map
hist_gbdt,594,4,medium_high,5,0.868506,False,True,True,10.084,84,96,3,3,map
hist_gbdt,595,4,medium_high,4,0.845013,True,True,True,5.963,69,98,3,3,map
hist_gbdt,596,4,medium_high,2,0.911456,True,True,True,5.009,76,96,8,5,motion
hist_gbdt,597,4,medium_high,5,0.911456,True,True,True,5.905,77,96,8,5,motion
hist_gbdt,598,4,medium_high,6,0.935244,False,True,True,12.05,86,96,3,3,map
hist_gbdt,599,4,medium_high,2,0.926459,True,True,True,6.091,80,96,3,3,map
hist_gbdt,600,4,medium_high,3,0.935244,True,True,True,7.071,81,96,3,3,map
hist_gbdt,601,4,medium_high,3,0.92767,True,True,True,4.881,70,98,3,3,map
hist_gbdt,602,4,medium_high,2,0.9496,True,True,True,6.388,68,98,3,3,map
hist_gbdt,603,4,medium_high,2,0.912519,True,True,True,3.272,70,96,5,5,map
hist_gbdt,604,4,medium_high,1,0.937974,True,True,True,2.5,72,96,5,5,map
hist_gbdt,605,4,medium_high,4,0.948722,False,True,True,8.182,66,99,3,3,map
hist_gbdt,606,4,medium_high,6,0.948722,False,True,True,10.262,64,100,3,3,map
hist_gbdt,607,4,medium_high,1,0.948722,True,True,True,5.751,68,98,3,3,map
hist_gbdt,608,4,medium_high,2,0.950417,True,True,True,7.81,66,99,3,3,map
hist_gbdt,609,4,medium_high,4,0.950261,False,True,True,9.878,64,100,3,3,map
hist_gbdt,610,4,medium_high,4,0.948722,True,True,True,7.603,66,99,3,3,map
hist_gbdt,611,4,high,4,0.948722,False,True,True,9.654,64,100,3,3,map
hist_gbdt,612,4,high,1,0.950261,True,True,True,5.59,66,96,3,3,map
hist_gbdt,613,4,high,1,0.948722,True,True,True,7.242,64,96,3,3,map
hist_gbdt,614,4,high,1,0.952055,True,True,True,5.274,66,96,3,3,map
hist_gbdt,615,4,high,46,0.947844,False,True,True,9.979,80,91,3,3,map
hist_gbdt,616,4,high,78,0.947844,False,True,True,12.369,82,90,3,3,map
hist_gbdt,617,4,high,2,0.950261,True,True,True,4.881,66,96,3,3,map
hist_gbdt,618,4,high,3,0.950261,True,True,True,6.388,64,96,3,3,map
hist_gbdt,619,4,high,7,0.952055,True,True,True,4.685,66,96,3,3,map
hist_gbdt,620,4,high,40,0.952055,True,True,True,5.315,65,96,3,3,map
hist_gbdt,621,4,high,64,0.952055,True,True,True,5.952,64,96,3,3,map
hist_gbdt,622,4,high,2,0.946965,True,True,True,3.041,66,94,3,3,map
hist_gbdt,623,4,high,2,0.934773,True,True,True,3.244,70,93,6,5,appearance
hist_gbdt,624,4,high,2,0.908531,True,True,True,2.729,66,94,3,3,map
hist_gbdt,625,4,high,2,0.908531,True,True,True,4.43,64,94,3,3,map
hist_gbdt,626,4,high,1,0.911981,True,True,True,0.922,68,92,5,5,map
hist_gbdt,627,4,high,5,0.934582,True,True,True,3.453,66,90,3,3,map
hist_gbdt,628,4,high,5,0.934582,True,True,True,5.445,64,89,3,3,map
hist_gbdt,629,4,high,13,0.934582,True,True,True,7.512,62,88,3,3,map
hist_gbdt,630,4,high,1,0.924859,True,True,True,2.5,69,92,5,5,appearance
hist_gbdt,631,4,high,1,0.938489,True,True,True,1.651,68,92,5,5,map
hist_gbdt,632,4,high,2,0.938549,True,True,True,1.36,66,90,7,7,map
hist_gbdt,633,4,high,4,0.940409,True,True,True,5.121,62,94,3,3,map
hist_gbdt,634,4,high,2,0.950261,True,True,True,4.031,64,96,3,3,map
hist_gbdt,635,4,high,2,0.950261,True,True,True,6.052,62,97,3,3,map
hist_gbdt,636,4,high,1,0.951999,True,True,True,0.5,66,92,5,5,map
hist_gbdt,637,4,high,3,0.950261,True,True,True,5.179,62,96,3,3,map
hist_gbdt,638,4,high,3,0.950261,True,True,True,7.256,60,97,3,3,map
hist_gbdt,639,4,high,3,0.914776,True,True,True,3.876,65,87,12,12,map
hist_gbdt,640,4,high,1,0.915219,True,True,True,2.121,67,94,4,5,appearance
hist_gbdt,641,4,high,80,0.915138,False,False,True,16.919,50,100,3,3,appearance
hist_gbdt,642,4,high,3,0.930187,True,True,True,5.614,60,94,3,3,map
hist_gbdt,643,4,high,3,0.931516,True,True,True,7.449,58,94,3,3,map
hist_gbdt,644,4,high,4,0.931516,True,True,True,5.36,60,94,3,3,map
hist_gbdt,645,4,high,1,0.932273,True,True,True,0.901,65,96,4,4,appearance
hist_gbdt,646,4,high,2,0.952055,True,True,True,1.825,64,98,4,3,appearance
hist_gbdt,647,4,high,2,0.932273,True,True,True,2.152,63,98,4,4,appearance
hist_gbdt,648,4,high,1,0.940409,True,True,True,1.664,63,98,4,4,appearance
hist_gbdt,649,4,high,3,0.952055,True,True,True,6.667,58,100,3,3,map
hist_gbdt,650,4,high,3,0.952055,False,True,True,8.544,56,101,3,3,map
hist_gbdt,651,4,high,4,0.952055,False,True,True,9.972,54,102,3,3,map
hist_gbdt,652,4,high,4,0.935453,True,True,True,6.708,56,100,3,3,map
hist_gbdt,653,4,high,7,0.920204,False,True,True,8.102,54,101,3,3,map
hist_gbdt,654,4,high,56,0.803887,False,True,True,9.508,52,102,3,3,map
hist_gbdt,655,4,high,7,0.857747,True,True,True,6.576,54,101,3,3,map
hist_gbdt,656,4,high,11,0.830051,False,False,True,59.922,66,160,3,3,map
hist_gbdt,657,4,high,6,0.869395,False,False,True,62.322,62,162,5,5,map
hist_gbdt,658,4,high,6,0.869395,False,False,True,63.901,61,164,5,5,map
hist_gbdt,659,4,high,6,0.873717,False,False,True,63.486,60,164,5,5,map
hist_gbdt,660,4,high,5,0.873717,False,False,True,64.07,59,165,5,5,map
hist_gbdt,661,4,high,5,0.873717,False,False,True,66.638,58,168,5,5,map
hist_gbdt,662,4,high,3,0.881309,False,False,True,70.202,56,172,5,5,map
hist_gbdt,663,4,high,2,0.881309,False,False,True,71.8,55,174,5,5,map
hist_gbdt,664,4,high,2,0.881309,False,False,True,73.407,54,176,5,5,map
hist_gbdt,665,4,high,2,0.881309,False,False,False,75.02,53,178,5,5,map
hist_gbdt,666,4,high,10,0.881119,False,False,False,69.817,50,174,3,3,map
hist_gbdt,667,4,high,15,0.881119,False,False,False,69.579,48,174,3,3,map
hist_gbdt,668,4,high,19,0.881119,False,False,False,69.386,46,174,3,3,map
hist_gbdt,669,4,high,1,0.652487,False,False,False,100.974,42,204,7,7,map
hist_gbdt,670,4,high,2,0.478548,False,False,False,93.136,38,196,7,7,map
hist_gbdt,671,4,high,62,0.480137,False,False,False,111.016,36,214,7,7,map
hist_gbdt,672,4,high,67,0.508557,False,False,False,68.219,62,174,3,3,map
hist_gbdt,673,4,high,38,0.299784,False,False,False,59.423,42,164,5,5,map
hist_gbdt,674,4,high,56,0.653694,False,False,True,42.38,76,142,3,3,map
hist_gbdt,675,4,high,48,0.653694,False,False,True,42.504,76,142,3,3,map
hist_gbdt,676,4,medium_high,74,0.723181,False,False,True,42.634,76,142,3,3,map
hist_gbdt,677,4,medium_high,17,0.822757,False,False,True,79.951,50,186,5,5,map
hist_gbdt,678,4,medium_high,23,0.822757,False,False,True,80.822,48,187,5,5,map
hist_gbdt,679,4,medium_high,18,0.828404,False,False,True,85.719,46,192,5,5,map
hist_gbdt,680,4,medium_high,15,0.828404,False,False,True,87.643,44,194,5,5,map
hist_gbdt,681,4,medium_high,5,0.858539,False,False,True,67.878,68,172,5,5,map
hist_gbdt,682,4,medium_high,2,0.882768,False,False,False,70.893,66,176,5,5,map
hist_gbdt,683,4,medium_high,2,0.882768,False,False,False,72.277,65,178,5,5,map
hist_gbdt,684,4,medium_high,76,0.919455,False,False,False,63.753,68,170,3,3,map
hist_gbdt,685,4,medium_high,69,0.919455,False,False,False,62.475,68,169,3,3,map
hist_gbdt,686,4,medium_high,78,0.872299,False,False,False,74.419,48,184,3,3,map
hist_gbdt,687,4,medium_high,1,0.883086,False,False,True,82.295,54,190,7,7,map
hist_gbdt,688,4,medium_high,1,0.877099,False,False,True,85.767,51,194,7,7,map
hist_gbdt,689,4,medium_high,1,0.877099,False,False,False,89.351,48,198,7,7,map
hist_gbdt,690,4,medium_high,29,0.838103,False,False,False,47.257,72,151,5,5,map
hist_gbdt,691,4,medium_high,20,0.832796,False,False,False,46.52,70,150,7,7,map
hist_gbdt,692,4,medium_high,31,0.838103,False,False,True,45.339,68,150,7,7,map
hist_gbdt,693,4,medium_high,25,0.838103,False,False,True,44.642,67,150,7,7,map
hist_gbdt,694,4,medium_high,26,0.842405,False,False,True,46.627,68,152,7,7,map
hist_gbdt,695,4,medium_high,19,0.894205,False,False,True,47.278,68,153,7,7,map
hist_gbdt,696,4,medium_high,17,0.894205,False,False,False,47.123,66,154,7,7,map
hist_gbdt,697,4,medium_high,28,0.894205,False,False,False,47.425,65,155,7,7,map
hist_gbdt,698,4,medium_high,32,0.842405,False,False,True,47.76,64,156,7,7,map
extra_trees,1,0,high,1,0.193598,False,False,False,27.321,40,120,3,3,map
extra_trees,2,0,high,33,0.735163,True,True,True,5.229,61,96,12,12,map
extra_trees,3,0,high,56,0.702822,True,True,True,2.879,59,97,12,12,map
extra_trees,4,0,high,58,0.70733,True,True,True,2.563,59,97,12,12,map
extra_trees,5,0,high,68,0.689543,True,True,True,3.202,60,97,12,12,map
extra_trees,6,0,high,47,0.695442,True,True,True,2.93,60,97,12,12,map
extra_trees,7,0,high,65,0.690433,True,True,True,2.709,60,97,12,12,map
extra_trees,8,0,high,65,0.700628,True,True,True,1.97,60,96,12,12,map
extra_trees,9,0,high,64,0.706006,True,True,True,1.738,60,96,12,12,map
extra_trees,10,0,high,80,0.714683,True,True,True,2.358,61,96,12,12,map
extra_trees,11,0,high,56,0.721986,True,True,True,2.173,61,96,12,12,map
extra_trees,12,0,high,10,0.623374,False,False,False,32.433,34,86,4,3,appearance
extra_trees,13,0,high,77,0.708798,True,True,True,2.947,63,95,12,12,map
extra_trees,14,0,high,76,0.715077,True,True,True,2.661,63,95,12,12,map
extra_trees,15,0,high,4,0.625396,False,False,False,26.762,91,90,3,3,appearance
extra_trees,16,0,high,53,0.70491,True,True,True,2.668,64,94,12,12,map
extra_trees,17,0,high,38,0.625266,False,False,False,25.863,91,90,3,3,appearance
extra_trees,18,0,high,80,0.673202,False,False,True,20.32,41,89,17,4,appearance
extra_trees,19,0,high,49,0.623812,False,False,True,24.489,90,90,4,3,appearance
extra_trees,20,0,high,71,0.671355,True,True,True,3.041,66,93,12,12,map
extra_trees,21,0,high,51,0.685175,True,True,True,2.682,66,93,12,12,map
extra_trees,22,0,high,4,0.632306,True,True,True,3.306,67,93,12,12,map
extra_trees,23,0,high,63,0.6296,False,False,True,22.667,40,89,17,5,appearance
extra_trees,24,0,high,62,0.637492,False,False,True,23.017,40,89,17,5,appearance
extra_trees,25,0,high,63,0.672364,False,False,True,24.352,40,89,15,5,appearance
extra_trees,26,0,high,57,0.716818,True,True,True,4.271,73,96,5,5,map
extra_trees,27,0,high,55,0.713018,False,False,True,25.098,40,89,15,5,appearance
extra_trees,28,0,high,1,0.778992,True,True,True,3.92,69,93,12,12,map
extra_trees,29,0,high,1,0.792687,True,True,True,3.937,69,93,12,12,map
extra_trees,30,0,high,1,0.828192,True,True,True,2.305,69,91,12,12,map
extra_trees,31,0,high,59,0.864354,True,True,True,2.638,73,96,3,3,appearance
extra_trees,32,0,high,1,0.855878,True,True,True,3.758,70,92,12,12,map
extra_trees,33,0,high,1,0.884228,True,True,True,0.735,69,89,12,12,map
extra_trees,34,0,high,80,0.913275,True,True,True,2.558,74,95,3,3,appearance
extra_trees,35,0,high,1,0.913369,True,True,True,1.402,70,89,12,12,map
extra_trees,36,0,high,38,0.918474,True,True,True,3.214,75,95,3,3,appearance
extra_trees,37,0,high,66,0.903721,True,True,True,3.533,75,95,3,3,appearance
extra_trees,38,0,high,1,0.920796,True,True,True,1.354,71,88,12,12,map
extra_trees,39,0,high,1,0.917605,True,True,True,0.867,71,87,12,12,map
extra_trees,40,0,high,1,0.9216,True,True,True,2.0,72,88,12,12,map
extra_trees,41,0,high,1,0.921589,True,True,True,2.055,73,88,12,12,map
extra_trees,42,0,high,1,0.89984,True,True,True,3.289,73,89,12,12,map
extra_trees,43,0,high,1,0.90404,True,True,True,3.048,73,88,12,12,map
extra_trees,44,0,high,1,0.899024,True,True,True,5.233,77,94,3,3,appearance
extra_trees,45,0,high,1,0.927293,True,True,True,4.596,74,89,12,12,map
extra_trees,46,0,high,1,0.91836,True,True,True,4.667,75,89,12,12,map
extra_trees,47,0,high,1,0.883354,True,True,True,5.837,74,88,12,12,map
extra_trees,48,0,high,1,0.888393,True,True,True,6.381,75,89,12,12,map
extra_trees,49,0,high,2,0.875186,True,True,True,7.317,75,89,12,12,map
extra_trees,50,0,high,1,0.900084,False,True,False,10.124,73,89,12,12,map
extra_trees,51,0,high,1,0.899531,False,True,False,9.178,79,91,3,4,appearance
extra_trees,52,0,high,1,0.910264,False,True,True,11.195,74,89,12,12,map
extra_trees,53,0,high,1,0.93757,False,True,True,10.013,76,88,12,12,map
extra_trees,54,0,high,3,0.932742,False,True,True,10.069,77,88,12,12,map
extra_trees,55,0,high,3,0.933013,False,True,True,10.134,78,88,12,12,map
extra_trees,56,0,high,34,0.93089,False,False,True,19.007,70,88,12,12,map
extra_trees,57,0,high,1,0.943413,False,True,False,14.012,76,83,12,12,map
extra_trees,58,0,high,2,0.945896,False,True,True,14.468,80,90,5,5,map
extra_trees,59,0,high,2,0.943971,False,False,False,16.245,76,82,12,12,map
extra_trees,60,0,high,1,0.951566,False,False,False,17.529,78,90,7,4,appearance
extra_trees,61,0,high,1,0.945325,False,False,False,16.932,78,90,7,4,appearance
extra_trees,62,0,high,1,0.950665,False,True,False,15.305,81,90,3,3,appearance
extra_trees,63,0,high,1,0.951784,False,True,False,13.795,80,86,7,7,map
extra_trees,64,0,high,1,0.94843,False,True,False,13.102,82,89,3,4,appearance
extra_trees,65,0,high,2,0.947863,False,False,False,16.162,74,83,12,12,map
extra_trees,66,0,high,1,0.949579,False,True,False,11.927,82,89,3,3,appearance
extra_trees,67,0,high,2,0.937391,False,True,False,15.168,74,82,12,12,map
extra_trees,68,0,high,2,0.943364,False,True,False,14.601,74,82,12,12,map
extra_trees,69,0,high,2,0.940977,False,True,False,15.269,73,81,12,12,map
extra_trees,70,0,high,1,0.94402,False,True,False,8.732,79,82,12,12,map
extra_trees,71,0,high,2,0.943639,False,True,False,8.68,79,81,12,12,map
extra_trees,72,0,high,1,0.941121,True,True,True,6.641,84,88,3,3,appearance
extra_trees,73,0,high,2,0.953373,True,True,True,6.098,84,88,3,3,appearance
extra_trees,74,0,high,1,0.929687,True,True,True,5.771,84,87,3,4,appearance
extra_trees,75,0,high,1,0.930745,True,True,True,5.55,84,87,3,3,appearance
extra_trees,76,0,high,1,0.875066,True,True,True,5.109,84,87,3,3,appearance
extra_trees,77,0,high,1,0.868178,True,True,True,4.702,84,87,3,3,appearance
extra_trees,78,0,high,1,0.855418,True,True,True,4.342,84,87,3,3,appearance
extra_trees,79,0,high,1,0.830171,True,True,True,4.041,84,87,3,3,appearance
extra_trees,80,0,high,1,0.845701,True,True,True,2.55,85,88,3,3,appearance
extra_trees,81,0,high,1,0.829562,True,True,True,2.564,85,88,3,3,appearance
extra_trees,82,0,high,1,0.802765,True,True,True,3.076,85,87,3,4,appearance
extra_trees,83,0,high,1,0.80551,True,True,True,3.094,85,87,3,4,appearance
extra_trees,84,0,high,1,0.796447,True,True,True,3.114,85,87,3,4,appearance
extra_trees,85,0,high,1,0.799714,True,True,True,3.135,85,87,3,4,appearance
extra_trees,86,0,high,1,0.798774,True,True,True,3.156,85,87,3,4,appearance
extra_trees,87,0,high,1,0.798862,True,True,True,3.179,85,87,3,4,appearance
extra_trees,88,0,high,2,0.801676,True,True,True,3.202,85,87,3,4,appearance
extra_trees,89,0,high,1,0.781822,True,True,True,6.922,74,84,12,12,map
extra_trees,90,0,high,1,0.78571,True,True,True,1.346,80,85,12,12,map
extra_trees,91,0,high,1,0.782558,True,True,True,0.523,80,86,12,12,map
extra_trees,92,0,high,73,0.85191,True,True,True,2.802,85,87,3,5,appearance
extra_trees,93,0,high,2,0.821019,True,True,True,0.474,80,86,12,12,map
extra_trees,94,0,high,72,0.848904,True,True,True,2.358,85,88,3,4,appearance
extra_trees,95,0,high,2,0.83801,True,True,True,0.453,80,86,12,12,map
extra_trees,96,0,high,1,0.843731,True,True,True,1.91,84,89,4,3,appearance
extra_trees,97,0,high,62,0.899529,True,True,True,5.172,75,86,12,12,map
extra_trees,98,0,high,72,0.899031,True,True,True,7.114,73,86,12,12,map
extra_trees,99,0,high,72,0.892492,False,True,True,9.067,71,86,12,12,map
extra_trees,100,0,high,2,0.647848,True,True,True,1.118,79,87,12,12,map
extra_trees,101,0,high,61,0.775732,True,True,True,1.057,84,90,3,3,appearance
extra_trees,102,0,high,24,0.643101,True,True,True,1.012,79,87,12,12,map
extra_trees,103,0,high,9,0.750902,True,True,True,0.784,83,91,4,3,appearance
extra_trees,104,0,high,1,0.780953,True,True,True,0.707,83,91,4,3,appearance
extra_trees,105,0,high,64,0.865816,True,True,True,5.197,75,84,12,12,map
extra_trees,106,0,high,35,0.867311,True,True,True,6.483,74,83,12,12,map
extra_trees,107,0,high,77,0.887163,True,True,True,5.511,74,87,12,12,map
extra_trees,108,0,high,1,0.863716,True,True,True,1.14,83,91,3,4,appearance
extra_trees,109,0,high,1,0.82744,True,True,True,1.099,83,91,3,4,appearance
extra_trees,110,0,high,1,0.810824,True,True,True,1.275,82,90,7,7,map
extra_trees,111,0,high,57,0.881753,True,True,True,7.506,72,84,12,12,map
extra_trees,112,0,high,1,0.84292,True,True,True,0.224,79,86,12,12,map
extra_trees,113,0,high,1,0.900402,True,True,True,2.427,81,91,4,5,appearance
extra_trees,114,0,high,1,0.887564,True,True,True,2.372,81,91,4,5,appearance
extra_trees,115,0,high,2,0.903782,True,True,True,3.439,81,93,4,4,appearance
extra_trees,116,0,high,54,0.914459,True,True,True,6.454,75,90,7,7,map
extra_trees,117,0,high,75,0.915798,True,True,True,7.358,74,90,7,7,map
extra_trees,118,0,high,1,0.912223,True,True,True,3.965,80,93,4,4,appearance
extra_trees,119,0,high,33,0.894625,True,True,True,1.886,77,85,12,12,map
extra_trees,120,0,high,52,0.887192,True,True,True,2.5,77,84,12,12,map
extra_trees,121,0,high,45,0.917639,False,True,True,8.525,70,85,12,12,map
extra_trees,122,0,high,1,0.87702,True,True,True,4.243,80,93,3,4,appearance
extra_trees,123,0,high,1,0.873006,True,True,True,4.244,80,93,3,4,appearance
extra_trees,124,0,high,43,0.818406,False,True,True,10.99,72,89,3,3,map
extra_trees,125,0,high,56,0.812034,False,True,True,13.098,70,88,3,3,map
extra_trees,126,0,high,51,0.840327,True,True,True,4.598,79,93,4,4,appearance
extra_trees,127,0,high,57,0.519964,False,False,True,39.929,41,100,12,12,map
extra_trees,128,0,high,57,0.546249,False,False,True,63.8,112,146,5,4,appearance
extra_trees,129,0,high,55,0.545061,False,False,True,63.827,112,146,5,4,appearance
extra_trees,130,0,high,77,0.688646,True,True,True,3.26,75,86,12,12,map
extra_trees,131,0,high,36,0.583964,True,True,True,6.36,76,92,5,5,map
extra_trees,132,0,high,77,0.661234,True,True,True,5.247,73,85,12,12,map
extra_trees,133,0,high,61,0.551744,False,False,False,77.724,120,157,6,4,appearance
extra_trees,134,0,high,80,0.716393,True,True,True,5.454,78,92,3,5,appearance
extra_trees,135,0,high,56,0.715207,True,True,True,5.874,77,92,4,5,appearance
extra_trees,136,0,high,31,0.711817,True,True,True,5.867,77,92,4,5,appearance
extra_trees,137,0,high,80,0.869439,True,True,True,5.113,73,85,12,12,map
extra_trees,138,0,high,73,0.711872,True,True,True,5.849,77,92,4,5,appearance
extra_trees,139,0,high,70,0.636615,True,True,True,5.24,77,90,4,6,appearance
extra_trees,140,1,high,80,0.714048,True,True,True,4.031,74,85,12,12,map
extra_trees,141,1,high,42,0.720332,True,True,True,3.871,74,85,12,12,map
extra_trees,142,1,high,77,0.737957,True,True,True,4.904,73,84,12,12,map
extra_trees,143,1,high,64,0.758004,True,True,True,4.837,77,91,4,4,appearance
extra_trees,144,1,high,62,0.776529,True,True,True,4.717,77,91,4,4,appearance
extra_trees,145,1,high,58,0.801583,True,True,True,4.593,77,91,4,4,appearance
extra_trees,146,1,high,33,0.80562,True,True,True,4.478,77,91,4,4,appearance
extra_trees,147,1,high,27,0.840179,True,True,True,4.504,73,83,12,12,map
extra_trees,148,1,high,44,0.851216,True,True,True,4.904,73,82,12,12,map
extra_trees,149,1,high,43,0.86103,True,True,True,5.459,73,81,12,12,map
extra_trees,150,1,high,40,0.86503,True,True,True,3.5,77,88,4,6,appearance
extra_trees,151,1,high,9,0.876399,False,True,True,10.756,66,82,12,12,map
extra_trees,152,1,high,2,0.874826,True,True,True,4.319,73,82,12,12,map
extra_trees,153,1,high,1,0.904042,True,True,True,0.846,76,84,12,12,map
extra_trees,154,1,high,1,0.904895,True,True,True,1.36,77,84,12,12,map
extra_trees,155,1,high,3,0.911727,True,True,True,4.657,73,81,12,12,map
extra_trees,156,1,high,7,0.907897,True,True,True,4.522,73,81,12,12,map
extra_trees,157,1,high,2,0.90739,True,True,True,4.403,73,81,12,12,map
extra_trees,158,1,high,4,0.899679,True,True,True,1.803,77,84,12,12,map
extra_trees,159,1,high,70,0.879857,True,True,True,7.989,68,81,12,12,map
extra_trees,160,1,high,70,0.880508,True,True,True,2.062,76,87,6,6,appearance
extra_trees,161,1,high,41,0.866312,True,True,True,1.813,78,85,5,7,appearance
extra_trees,162,1,high,3,0.869045,True,True,True,5.411,80,81,12,12,map
extra_trees,163,1,high,3,0.887256,True,True,True,3.731,79,82,12,12,map
extra_trees,164,1,high,70,0.897537,True,True,True,1.315,78,87,5,4,appearance
extra_trees,165,1,high,3,0.884572,True,True,True,5.763,81,80,12,12,map
extra_trees,166,1,high,1,0.876406,True,True,True,6.8,82,79,12,12,map
extra_trees,167,1,high,1,0.899525,True,True,True,4.228,80,80,12,12,map
extra_trees,168,1,high,35,0.902203,True,True,True,1.17,79,85,5,5,appearance
extra_trees,169,1,high,1,0.893317,True,True,True,4.922,81,79,12,12,map
extra_trees,170,1,high,2,0.894792,True,True,True,4.07,81,82,12,12,map
extra_trees,171,1,high,80,0.90287,True,True,True,0.815,80,84,5,5,appearance
extra_trees,172,1,high,14,0.842728,True,True,True,4.952,81,84,12,12,map
extra_trees,173,1,high,45,0.875951,True,True,True,0.781,81,82,5,7,appearance
extra_trees,174,1,high,1,0.796066,True,True,True,6.204,88,82,3,3,map
extra_trees,175,1,high,1,0.770042,True,True,True,6.879,88,80,3,3,map
extra_trees,176,1,high,4,0.748722,True,True,True,2.476,79,80,7,7,map
extra_trees,177,1,high,2,0.796367,True,True,True,3.429,84,80,7,7,map
extra_trees,178,1,high,1,0.852115,True,True,True,1.218,82,80,6,7,appearance
extra_trees,179,1,high,4,0.846896,True,True,True,1.153,81,80,6,7,appearance
extra_trees,180,1,high,7,0.843008,True,True,True,2.062,80,80,6,7,appearance
extra_trees,181,1,high,79,0.862817,True,True,True,4.877,79,73,12,12,map
extra_trees,182,1,high,8,0.795245,False,True,True,11.623,74,76,3,3,map
extra_trees,183,1,high,2,0.871856,True,True,True,1.218,84,80,5,6,appearance
extra_trees,184,1,high,4,0.858512,True,True,True,0.51,83,80,5,6,appearance
extra_trees,185,1,high,4,0.888645,True,True,True,2.229,85,79,5,6,appearance
extra_trees,186,1,high,3,0.906215,True,True,True,2.03,85,79,5,6,appearance
extra_trees,187,1,high,4,0.905914,True,True,True,1.831,85,79,5,6,appearance
extra_trees,188,1,high,57,0.900532,True,True,True,5.064,81,72,12,12,map
extra_trees,189,1,high,2,0.82211,False,False,True,68.273,48,137,12,12,map
extra_trees,190,1,high,3,0.835436,False,False,True,72.896,48,142,12,12,map
extra_trees,191,1,high,1,0.854723,True,True,True,2.161,86,79,5,5,appearance
extra_trees,192,1,high,1,0.876165,True,True,True,2.973,86,77,6,7,appearance
extra_trees,193,1,high,1,0.895431,True,True,True,3.169,87,77,5,7,appearance
extra_trees,194,1,high,1,0.90614,True,True,True,2.97,87,77,5,7,appearance
extra_trees,195,1,high,1,0.910538,True,True,True,3.19,87,77,6,7,appearance
extra_trees,196,1,high,1,0.909042,True,True,True,3.002,87,77,6,7,appearance
extra_trees,197,1,high,1,0.91767,True,True,True,2.606,87,78,6,6,appearance
extra_trees,198,1,high,1,0.911624,True,True,True,2.419,87,78,6,6,appearance
extra_trees,199,1,high,1,0.906656,True,True,True,1.297,86,78,5,5,map
extra_trees,200,1,high,1,0.903365,True,True,True,1.118,85,78,5,5,map
extra_trees,201,1,high,3,0.891678,True,True,True,6.39,83,75,3,3,map
extra_trees,202,1,high,1,0.889198,True,True,True,3.434,88,76,5,7,appearance
extra_trees,203,1,high,1,0.889278,True,True,True,3.585,88,76,5,7,appearance
extra_trees,204,1,high,1,0.889941,True,True,True,3.744,88,76,5,7,appearance
extra_trees,205,1,high,2,0.9144,True,True,True,6.16,84,76,3,3,map
extra_trees,206,1,high,2,0.912289,False,True,True,8.38,82,75,3,3,map
extra_trees,207,1,high,4,0.903159,False,True,True,10.704,80,74,3,3,map
extra_trees,208,1,high,1,0.874302,True,True,True,3.454,85,78,5,5,map
extra_trees,209,1,high,1,0.885885,True,True,True,3.493,86,78,5,5,map
extra_trees,210,1,high,8,0.879626,True,True,True,6.933,80,72,12,12,map
extra_trees,211,1,high,22,0.877673,False,True,True,8.574,79,71,12,12,map
extra_trees,212,1,high,67,0.875947,False,True,True,10.222,78,70,12,12,map
extra_trees,213,1,high,1,0.873409,True,True,True,4.735,88,77,5,7,appearance
extra_trees,214,1,high,73,0.877149,True,True,True,7.203,80,73,12,12,map
extra_trees,215,1,high,1,0.891713,True,True,True,3.276,86,80,5,5,map
extra_trees,216,1,high,1,0.905221,True,True,True,4.491,88,78,5,7,appearance
extra_trees,217,1,high,3,0.89946,True,True,True,3.61,84,82,5,5,map
extra_trees,218,1,high,2,0.895776,False,True,True,10.144,82,77,3,3,map
extra_trees,219,1,high,4,0.898358,False,True,True,12.473,80,76,3,3,map
extra_trees,220,1,high,1,0.918789,True,True,True,3.5,87,80,6,7,appearance
extra_trees,221,1,high,1,0.919009,True,True,True,3.776,87,80,6,7,appearance
extra_trees,222,1,high,2,0.928223,True,True,True,6.625,82,84,3,3,map
extra_trees,223,1,high,2,0.930285,False,True,True,8.311,80,85,3,3,map
extra_trees,224,1,high,1,0.918589,True,True,True,4.751,84,82,5,5,map
extra_trees,225,1,high,3,0.920437,True,True,True,5.271,88,80,7,7,map
extra_trees,226,1,high,4,0.920451,True,True,True,6.011,89,80,7,7,map
extra_trees,227,1,high,3,0.924324,True,True,True,6.864,90,80,7,7,map
extra_trees,228,1,high,1,0.926176,True,True,True,3.705,86,82,6,7,appearance
extra_trees,229,1,high,1,0.911904,True,True,True,3.996,86,82,7,7,map
extra_trees,230,1,high,3,0.919456,False,True,True,8.325,82,82,3,3,map
extra_trees,231,1,high,6,0.908689,False,True,True,9.87,80,82,3,3,map
extra_trees,232,1,high,1,0.915026,True,True,True,3.087,85,84,5,7,appearance
extra_trees,233,1,high,1,0.876811,True,True,True,3.303,85,84,5,7,appearance
extra_trees,234,1,high,2,0.888974,True,True,True,7.255,92,84,3,3,map
extra_trees,235,1,high,1,0.905316,True,True,True,4.789,82,86,5,5,map
extra_trees,236,1,high,1,0.929824,True,True,True,2.778,84,86,6,6,appearance
extra_trees,237,1,high,1,0.932019,True,True,True,6.358,80,84,7,7,map
extra_trees,238,1,high,1,0.931369,True,True,True,3.405,84,86,5,6,appearance
extra_trees,239,1,high,1,0.941089,True,True,True,3.157,84,86,5,7,appearance
extra_trees,240,1,high,1,0.958586,True,True,True,4.031,82,88,5,5,map
extra_trees,241,1,high,2,0.952015,True,True,True,4.283,81,89,5,5,map
extra_trees,242,1,high,1,0.957941,True,True,True,2.652,83,88,5,5,appearance
extra_trees,243,1,high,1,0.95523,True,True,True,2.394,83,88,5,5,appearance
extra_trees,244,1,high,2,0.953795,True,True,True,4.569,80,88,5,5,map
extra_trees,245,1,high,1,0.954522,True,True,True,4.254,80,88,5,5,map
extra_trees,246,1,high,2,0.950666,True,True,True,4.857,79,88,5,5,map
extra_trees,247,1,high,1,0.954281,True,True,True,3.625,80,88,5,5,map
extra_trees,248,1,high,2,0.954408,True,True,True,4.215,79,88,5,5,map
extra_trees,249,1,high,1,0.952961,True,True,True,3.003,80,88,5,5,map
extra_trees,250,1,high,2,0.951532,True,True,True,3.579,79,88,5,5,map
extra_trees,251,1,high,3,0.949846,True,True,True,4.186,78,88,5,5,map
extra_trees,252,1,high,1,0.954326,True,True,True,0.721,81,89,5,5,appearance
extra_trees,253,1,high,1,0.950189,True,True,True,0.441,81,89,5,5,appearance
extra_trees,254,1,high,1,0.951925,True,True,True,0.802,81,88,5,6,appearance
extra_trees,255,1,high,3,0.948843,True,True,True,0.834,81,88,5,6,appearance
extra_trees,256,1,high,1,0.951057,True,True,True,0.728,81,88,4,6,appearance
extra_trees,257,1,high,1,0.954583,True,True,True,2.288,78,88,5,5,map
extra_trees,258,1,high,1,0.95043,True,True,True,0.364,80,89,5,5,appearance
extra_trees,259,1,high,1,0.953476,True,True,True,0.676,80,89,5,5,appearance
extra_trees,260,1,high,1,0.955412,True,True,True,1.0,80,89,5,5,appearance
extra_trees,261,1,high,1,0.950168,True,True,True,1.159,80,89,5,5,appearance
extra_trees,262,1,high,61,0.933191,True,True,True,2.871,77,84,12,12,map
extra_trees,263,1,high,34,0.880961,True,True,True,7.968,72,93,3,3,map
extra_trees,264,1,high,67,0.854395,False,True,True,9.969,70,94,3,3,map
extra_trees,265,1,high,2,0.747654,False,False,True,63.677,51,149,5,4,appearance
extra_trees,266,1,high,1,0.747537,False,False,True,66.837,49,152,5,4,appearance
extra_trees,267,1,high,1,0.761388,False,False,True,70.677,44,152,12,12,map
extra_trees,268,1,high,1,0.767368,False,False,True,73.835,42,155,12,12,map
extra_trees,269,1,high,1,0.772515,False,False,True,76.998,40,158,12,12,map
extra_trees,270,1,high,3,0.762984,False,False,True,79.713,1,120,12,12,map
extra_trees,271,1,high,1,0.764906,False,False,True,80.408,0,120,12,12,map
extra_trees,272,1,high,4,0.763898,False,False,True,80.184,0,120,12,12,map
extra_trees,273,1,high,53,0.703604,True,True,True,1.132,79,94,4,4,appearance
extra_trees,274,1,high,34,0.686493,True,True,True,0.778,75,92,12,12,map
extra_trees,275,1,high,6,0.697908,False,False,True,63.952,16,118,12,12,map
extra_trees,276,1,high,6,0.700557,False,False,True,64.63,15,118,12,12,map
extra_trees,277,1,high,8,0.729686,False,False,True,64.789,15,119,12,12,map
extra_trees,278,1,high,8,0.735524,False,False,True,65.871,14,120,12,12,map
extra_trees,279,1,high,4,0.785245,False,False,True,66.549,13,120,12,12,map
extra_trees,280,2,high,2,0.703706,False,False,True,68.542,11,121,12,12,map
extra_trees,281,2,medium_high,80,0.812377,True,True,True,0.916,78,100,4,3,appearance
extra_trees,282,2,medium_high,7,0.756741,True,True,True,1.346,76,98,5,5,map
extra_trees,283,2,medium_high,48,0.824537,True,True,True,3.738,78,104,4,3,appearance
extra_trees,284,2,medium_high,66,0.795979,True,True,True,1.204,78,100,5,5,map
extra_trees,285,2,medium_high,1,0.8275,True,True,True,2.004,73,99,12,12,map
extra_trees,286,2,medium_high,75,0.900911,True,True,True,0.559,78,102,3,3,appearance
extra_trees,287,2,medium_high,2,0.862924,True,True,True,2.18,74,100,12,12,map
extra_trees,288,2,medium_high,54,0.905365,True,True,True,1.14,78,104,3,3,appearance
extra_trees,289,2,medium_high,19,0.859937,True,True,True,2.639,75,100,12,12,map
extra_trees,290,2,medium_high,3,0.883502,True,True,True,2.75,75,100,12,12,map
extra_trees,291,2,medium_high,19,0.857226,True,True,True,2.991,75,100,12,12,map
extra_trees,292,2,medium_high,22,0.87612,True,True,True,3.041,74,99,12,12,map
extra_trees,293,2,medium_high,27,0.863824,True,True,True,3.605,74,99,12,12,map
extra_trees,294,2,medium_high,55,0.82233,True,True,True,4.191,74,99,12,12,map
extra_trees,295,2,medium_high,1,0.819677,False,False,True,30.667,105,108,6,5,appearance
extra_trees,296,2,medium_high,1,0.824583,False,False,True,30.813,105,108,6,5,appearance
extra_trees,297,2,medium_high,1,0.824499,False,False,True,31.971,106,108,6,5,appearance
extra_trees,298,2,medium_high,1,0.81269,False,False,True,32.151,106,108,6,5,appearance
extra_trees,299,2,medium_high,1,0.815322,False,False,True,33.342,107,108,6,5,appearance
extra_trees,300,2,medium_high,1,0.815954,False,False,True,34.533,108,108,6,5,appearance
extra_trees,301,2,medium_high,1,0.815324,False,False,True,34.441,108,108,6,5,appearance
extra_trees,302,2,medium_high,1,0.813034,False,False,True,34.36,108,108,6,5,appearance
extra_trees,303,2,medium_high,1,0.804562,False,False,True,34.291,108,108,6,5,appearance
extra_trees,304,2,medium_high,1,0.811962,False,False,True,35.725,109,108,7,5,appearance
extra_trees,305,2,medium_high,1,0.807652,False,False,True,35.615,109,108,7,6,appearance
extra_trees,306,2,medium_high,1,0.800294,False,False,True,35.569,109,108,7,6,appearance
extra_trees,307,2,medium_high,1,0.822131,False,False,True,36.523,110,108,7,6,appearance
extra_trees,308,2,medium_high,1,0.816003,False,False,False,37.483,111,108,7,6,appearance
extra_trees,309,2,medium_high,1,0.812206,False,False,False,37.465,111,108,7,6,appearance
extra_trees,310,2,medium_high,2,0.849088,False,False,False,42.71,114,106,12,12,map
extra_trees,311,2,medium_high,2,0.838918,False,False,False,44.657,116,106,12,12,map
extra_trees,312,2,medium_high,1,0.826612,False,False,True,39.322,113,109,7,5,appearance
extra_trees,313,2,medium_high,1,0.817304,False,False,True,39.332,113,109,7,5,appearance
extra_trees,314,2,medium_high,1,0.802827,False,False,True,39.238,113,109,7,6,appearance
extra_trees,315,2,medium_high,1,0.81436,False,False,True,39.746,113,109,8,6,appearance
extra_trees,316,2,medium_high,1,0.797145,False,False,True,39.778,113,109,8,6,appearance
extra_trees,317,2,medium_high,1,0.800892,False,False,True,40.783,114,109,8,6,appearance
extra_trees,318,2,medium_high,1,0.798282,False,False,True,41.793,115,109,8,6,appearance
extra_trees,319,2,medium_high,1,0.795584,False,False,True,41.706,115,110,8,5,appearance
extra_trees,320,2,medium_high,1,0.787496,False,False,True,42.101,116,110,7,6,appearance
extra_trees,321,2,medium_high,1,0.77227,False,False,True,42.151,116,110,7,6,appearance
extra_trees,322,2,medium_high,2,0.773711,False,False,True,42.685,116,110,8,6,appearance
extra_trees,323,2,medium_high,4,0.750843,False,False,True,42.738,116,110,8,6,appearance
extra_trees,324,2,medium_high,7,0.745416,False,False,True,43.269,116,110,9,6,appearance
extra_trees,325,2,medium_high,3,0.781872,False,False,True,44.148,118,111,7,5,appearance
extra_trees,326,2,medium_high,1,0.761975,True,True,True,4.293,69,121,12,12,map
extra_trees,327,2,medium_high,2,0.791804,False,False,True,44.605,118,111,8,6,appearance
extra_trees,328,2,medium_high,4,0.771513,False,False,True,44.653,118,111,8,6,appearance
extra_trees,329,2,medium_high,3,0.766223,True,True,True,1.366,74,120,12,12,map
extra_trees,330,2,medium_high,4,0.809117,False,False,True,47.054,121,112,7,5,appearance
extra_trees,331,2,medium_high,1,0.797205,False,False,True,47.103,121,112,7,5,appearance
extra_trees,332,2,medium_high,4,0.796331,False,False,True,48.122,122,112,7,5,appearance
extra_trees,333,2,medium_high,8,0.779989,False,False,True,49.141,123,112,7,5,appearance
extra_trees,334,2,medium_high,18,0.783094,False,False,True,47.614,121,112,8,6,appearance
extra_trees,335,2,medium_high,4,0.799101,False,False,True,48.636,122,112,8,6,appearance
extra_trees,336,2,medium_high,8,0.782648,False,False,True,48.682,122,112,8,6,appearance
extra_trees,337,2,medium_high,19,0.78428,False,False,True,48.728,122,112,8,6,appearance
extra_trees,338,2,medium_high,1,0.708718,True,True,True,3.065,70,122,12,12,map
extra_trees,339,2,medium_high,1,0.732761,True,True,True,2.987,70,122,12,12,map
extra_trees,340,2,medium_high,1,0.740539,True,True,True,2.121,71,122,12,12,map
extra_trees,341,2,medium_high,1,0.742395,True,True,True,2.299,71,122,12,12,map
extra_trees,342,2,medium_high,60,0.833264,True,True,True,5.886,83,124,3,3,appearance
extra_trees,343,2,medium_high,33,0.837023,False,True,True,8.898,86,123,3,3,appearance
extra_trees,344,2,medium_high,59,0.842311,True,True,True,5.708,83,124,3,3,appearance
extra_trees,345,2,medium_high,61,0.842494,True,True,True,7.626,85,124,3,3,appearance
extra_trees,346,2,medium_high,59,0.823843,False,True,True,9.55,87,124,3,3,appearance
extra_trees,347,2,medium_high,3,0.839788,True,True,True,3.85,71,116,12,12,map
extra_trees,348,2,medium_high,4,0.830211,True,True,True,5.515,71,114,12,12,map
extra_trees,349,2,medium_high,23,0.812231,True,True,True,7.259,71,112,12,12,map
extra_trees,350,2,medium_high,1,0.702929,False,False,True,32.544,106,108,4,3,appearance
extra_trees,351,2,medium_high,1,0.701834,False,False,True,32.396,106,108,4,3,appearance
extra_trees,352,2,medium_high,1,0.712113,False,False,True,32.249,106,108,4,3,appearance
extra_trees,353,2,medium_high,3,0.709574,True,True,True,3.046,71,120,12,12,map
extra_trees,354,2,medium_high,3,0.751076,True,True,True,2.721,71,119,12,12,map
extra_trees,355,2,medium_high,3,0.78373,True,True,True,2.856,71,119,12,12,map
extra_trees,356,2,medium_high,2,0.786131,True,True,True,2.997,71,119,12,12,map
extra_trees,357,2,medium_high,1,0.813006,True,True,True,2.815,71,118,12,12,map
extra_trees,358,2,medium_high,1,0.797561,True,True,True,2.923,71,118,12,12,map
extra_trees,359,2,medium_high,1,0.804882,True,True,True,3.039,71,118,12,12,map
extra_trees,360,2,medium_high,1,0.818009,True,True,True,3.162,71,118,12,12,map
extra_trees,361,2,medium_high,4,0.814447,False,False,True,46.612,120,140,5,4,appearance
extra_trees,362,2,medium_high,1,0.829688,True,True,True,2.9,71,117,12,12,map
extra_trees,363,2,medium_high,1,0.814494,True,True,True,2.851,71,117,12,12,map
extra_trees,364,2,medium_high,1,0.819974,True,True,True,2.941,71,116,12,12,map
extra_trees,365,2,medium_high,1,0.833778,True,True,True,2.887,71,116,12,12,map
extra_trees,366,2,medium_high,1,0.814266,True,True,True,2.831,71,116,12,12,map
extra_trees,367,2,medium_high,1,0.829758,True,True,True,1.847,72,116,12,12,map
extra_trees,368,2,medium_high,1,0.810145,True,True,True,1.789,72,116,12,12,map
extra_trees,369,2,medium_high,1,0.795591,True,True,True,3.11,71,115,12,12,map
extra_trees,370,2,medium_high,1,0.797967,True,True,True,6.149,68,114,12,12,map
extra_trees,371,2,medium_high,1,0.780246,True,True,True,7.446,67,113,12,12,map
extra_trees,372,2,medium_high,1,0.793996,True,True,True,6.037,68,114,12,12,map
extra_trees,373,2,medium_high,3,0.74223,True,True,True,5.979,68,114,12,12,map
extra_trees,374,2,medium_high,76,0.652314,False,False,True,19.182,60,114,3,3,map
extra_trees,375,2,medium_high,59,0.561836,False,False,True,41.631,118,115,5,4,appearance
extra_trees,376,2,medium_high,79,0.674897,True,True,True,6.261,76,111,12,12,map
extra_trees,377,2,medium_high,24,0.647857,False,False,True,43.15,120,116,4,3,appearance
extra_trees,378,2,medium_high,8,0.674446,False,False,True,43.196,120,116,4,3,appearance
extra_trees,379,2,medium_high,5,0.698692,False,False,True,44.134,121,117,4,3,appearance
extra_trees,380,2,medium_high,6,0.720895,False,False,True,44.637,121,117,5,4,appearance
extra_trees,381,2,medium_high,2,0.717999,False,False,True,44.993,121,117,5,4,appearance
extra_trees,382,2,medium_high,9,0.807282,True,True,True,6.16,72,111,12,12,map
extra_trees,383,2,medium_high,5,0.792705,True,True,True,6.542,73,111,12,12,map
extra_trees,384,2,medium_high,4,0.803421,True,True,True,6.807,72,111,12,12,map
extra_trees,385,2,medium_high,74,0.827443,False,True,True,10.249,73,108,12,12,map
extra_trees,386,2,medium_high,73,0.823998,False,True,True,11.824,74,107,12,12,map
extra_trees,387,2,medium_high,75,0.823734,False,True,False,13.478,75,106,12,12,map
extra_trees,388,2,medium_high,6,0.800078,False,False,False,33.502,104,107,3,3,appearance
extra_trees,389,2,medium_high,29,0.775264,False,False,False,34.809,105,107,3,3,appearance
extra_trees,390,2,medium_high,37,0.774689,False,False,False,32.842,98,103,12,12,map
extra_trees,391,2,medium_high,59,0.774937,False,False,False,33.295,98,103,12,12,map
extra_trees,392,2,medium_high,65,0.77605,False,False,True,33.734,98,103,12,12,map
extra_trees,393,2,medium_high,40,0.663991,False,False,True,29.389,99,111,3,3,map
extra_trees,394,2,medium_high,72,0.612937,False,False,True,28.48,98,112,3,3,map
extra_trees,395,2,medium_high,77,0.741318,False,True,True,10.573,73,112,12,12,map
extra_trees,396,2,medium_high,74,0.75306,False,True,False,11.006,73,112,12,12,map
extra_trees,397,2,medium_high,71,0.755242,False,True,True,11.453,73,112,12,12,map
extra_trees,398,2,medium_high,9,0.476814,False,False,True,74.63,21,181,12,12,map
extra_trees,399,2,medium_high,78,0.780812,False,True,True,12.864,74,112,12,12,map
extra_trees,400,2,medium_high,21,0.501109,False,False,True,87.928,12,192,12,12,map
extra_trees,401,2,medium_high,78,0.779278,False,True,True,12.592,74,112,12,12,map
extra_trees,402,2,medium_high,76,0.755442,False,True,True,12.709,74,111,12,12,map
extra_trees,403,2,medium_high,44,0.760462,False,True,False,11.989,74,111,12,12,map
extra_trees,404,2,medium_high,63,0.493706,False,False,False,42.923,38,90,12,12,map
extra_trees,405,2,medium_high,80,0.527202,False,False,False,39.322,107,112,12,12,map
extra_trees,406,2,medium_high,36,0.480146,False,False,False,53.792,18,102,12,12,map
extra_trees,407,2,medium_high,80,0.555332,False,False,False,38.498,107,111,12,12,map
extra_trees,408,2,medium_high,49,0.702781,False,True,False,8.839,73,110,12,12,map
extra_trees,409,2,medium_high,79,0.552273,False,False,True,37.486,107,111,12,12,map
extra_trees,410,2,medium_high,79,0.660753,False,True,True,8.382,73,109,12,12,map
extra_trees,411,2,medium_high,79,0.664677,True,True,True,7.692,73,109,12,12,map
extra_trees,412,2,medium_high,80,0.660833,True,True,True,7.009,73,109,12,12,map
extra_trees,413,2,medium_high,5,0.524842,False,False,False,60.742,12,104,12,12,map
extra_trees,414,2,medium_high,6,0.565481,False,False,True,62.838,10,105,12,12,map
extra_trees,415,2,medium_high,3,0.641925,False,False,False,66.115,7,105,12,12,map
extra_trees,416,2,medium_high,3,0.647111,False,False,False,68.418,5,105,12,12,map
extra_trees,417,2,medium_high,5,0.644607,False,False,False,68.638,5,106,12,12,map
extra_trees,418,2,medium_high,52,0.753866,True,True,True,7.78,69,106,12,12,map
extra_trees,419,2,medium_high,79,0.755155,True,True,True,7.574,69,106,12,12,map
extra_trees,420,3,medium_high,2,0.762307,False,False,True,71.612,3,107,12,12,map
extra_trees,421,3,medium_high,3,0.751668,False,False,True,72.6,2,107,12,12,map
extra_trees,422,3,medium_high,3,0.760829,False,False,False,73.588,1,107,12,12,map
extra_trees,423,3,medium_high,2,0.753898,False,False,True,74.578,0,107,12,12,map
extra_trees,424,3,medium_high,17,0.675242,False,False,True,74.569,0,107,12,12,map
extra_trees,425,3,medium_high,53,0.491511,True,True,True,7.433,77,103,12,12,map
extra_trees,426,3,medium_high,52,0.495231,True,True,True,7.245,77,103,12,12,map
extra_trees,427,3,medium_high,27,0.458006,False,False,False,48.963,48,152,3,3,map
extra_trees,428,3,medium_high,7,0.463935,False,False,False,52.088,47,155,3,3,map
extra_trees,429,3,medium_high,11,0.472931,False,False,False,39.791,114,114,12,12,map
extra_trees,430,3,medium_high,79,0.544807,False,True,False,9.657,68,111,7,15,appearance
extra_trees,431,3,medium_high,76,0.540441,False,True,True,9.731,68,111,7,15,appearance
extra_trees,432,3,medium_high,7,0.560848,False,False,True,29.021,108,112,3,3,map
extra_trees,433,3,medium_high,1,0.557707,False,False,True,30.013,109,112,3,3,map
extra_trees,434,3,medium_high,14,0.534219,False,False,True,77.804,2,90,7,7,map
extra_trees,435,3,medium_high,9,0.611904,False,False,True,77.751,2,90,7,7,map
extra_trees,436,3,medium_high,8,0.633739,False,False,True,77.699,2,90,7,7,map
extra_trees,437,3,medium_high,11,0.650694,False,False,True,77.647,2,90,7,7,map
extra_trees,438,3,medium_high,1,0.632878,False,False,True,32.069,111,114,3,3,map
extra_trees,439,3,medium_high,1,0.683098,False,False,True,45.178,119,115,12,12,map
extra_trees,440,3,medium_high,6,0.719251,False,False,True,46.382,120,116,12,12,map
extra_trees,441,3,medium,4,0.709302,False,False,True,46.912,121,116,12,12,map
extra_trees,442,3,medium,1,0.716831,False,False,False,46.089,124,120,5,5,map
extra_trees,443,3,medium,4,0.710688,False,False,False,45.658,124,120,5,5,map
extra_trees,444,3,medium,4,0.750894,False,False,True,45.969,124,118,7,7,map
extra_trees,445,3,medium,1,0.757142,False,False,True,45.537,124,118,7,7,map
extra_trees,446,3,medium,2,0.751236,False,False,True,45.112,124,118,7,7,map
extra_trees,447,3,medium,5,0.744508,False,False,False,44.695,124,118,7,7,map
extra_trees,448,3,medium,2,0.703466,False,False,False,80.608,2,92,7,7,map
extra_trees,449,3,medium,1,0.717667,False,False,True,81.073,2,92,7,7,map
extra_trees,450,3,low_medium,1,0.742201,False,False,True,82.379,2,94,5,5,map
extra_trees,451,3,low_medium,2,0.733338,False,False,True,82.414,2,94,5,5,map
extra_trees,452,3,low_medium,3,0.73931,False,False,True,82.942,2,94,5,5,map
extra_trees,453,3,low_medium,3,0.713361,False,False,True,82.988,2,94,5,5,map
extra_trees,454,3,low_medium,13,0.669532,False,False,True,83.589,2,94,5,5,map
extra_trees,455,3,low_medium,53,0.680972,False,False,True,61.349,21,94,12,12,map
extra_trees,456,3,low_medium,53,0.701075,False,False,True,61.383,21,94,12,12,map
extra_trees,457,3,low_medium,73,0.72179,False,False,True,61.986,21,94,12,12,map
extra_trees,458,3,low_medium,51,0.598535,False,False,False,26.268,61,103,3,3,appearance
extra_trees,459,3,low_medium,5,0.516925,False,False,True,76.218,57,32,12,12,map
extra_trees,460,3,low_medium,7,0.525653,False,False,True,75.084,58,33,12,12,map
extra_trees,461,3,low_medium,27,0.515751,False,False,True,73.792,59,34,12,12,map
extra_trees,462,3,low_medium,6,0.507242,False,False,False,49.17,35,100,12,12,map
extra_trees,463,3,low_medium,39,0.637681,False,False,False,27.923,61,104,3,3,appearance
extra_trees,464,3,low_medium,71,0.686851,False,False,True,28.87,60,104,4,5,appearance
extra_trees,465,3,low_medium,73,0.686846,False,False,True,29.472,60,104,4,5,appearance
extra_trees,466,3,low_medium,71,0.682659,False,False,True,29.506,60,104,4,5,appearance
extra_trees,467,3,low_medium,16,0.596397,False,False,True,18.857,108,110,5,5,map
extra_trees,468,3,low_medium,65,0.695647,False,False,True,50.835,50,141,12,12,map
extra_trees,469,3,low_medium,32,0.621036,False,False,False,57.878,126,154,5,5,map
extra_trees,470,3,low_medium,53,0.641641,False,False,False,59.063,127,156,5,5,map
extra_trees,471,3,low_medium,52,0.660646,False,False,False,61.258,128,158,5,5,map
extra_trees,472,3,low_medium,78,0.696317,False,False,True,32.995,59,107,4,6,appearance
extra_trees,473,3,low_medium,47,0.690077,False,False,True,33.043,59,107,4,6,appearance
extra_trees,474,3,low_medium,77,0.685624,False,False,True,33.615,59,107,4,6,appearance
extra_trees,475,3,low_medium,72,0.679937,False,False,True,34.194,59,107,4,6,appearance
extra_trees,476,3,low_medium,6,0.551527,False,False,True,19.905,113,116,3,3,appearance
extra_trees,477,3,low_medium,65,0.674051,False,False,True,36.189,58,107,4,9,appearance
extra_trees,478,3,low_medium,40,0.662311,False,False,False,36.226,58,107,4,9,appearance
extra_trees,479,3,low_medium,2,0.638827,False,False,True,26.958,117,114,12,12,map
extra_trees,480,3,low_medium,53,0.630489,False,False,True,82.195,10,100,12,12,map
extra_trees,481,3,low_medium,18,0.643496,False,False,True,25.81,117,114,12,12,map
extra_trees,482,3,low_medium,66,0.709739,True,True,True,7.425,85,110,12,12,map
extra_trees,483,3,low_medium,36,0.718163,True,True,True,7.469,85,110,12,12,map
extra_trees,484,3,low_medium,65,0.707015,True,True,True,6.815,85,110,12,12,map
extra_trees,485,3,low_medium,79,0.668954,False,False,True,73.127,6,102,12,12,map
extra_trees,486,3,low_medium,77,0.672534,False,False,True,73.161,6,102,12,12,map
extra_trees,487,3,low_medium,79,0.739519,True,True,True,4.446,81,108,12,12,map
extra_trees,488,3,low_medium,44,0.753162,True,True,True,4.688,79,107,12,12,map
extra_trees,489,3,low_medium,72,0.764436,True,True,True,5.874,77,106,12,12,map
extra_trees,490,3,low_medium,8,0.547014,False,False,True,51.546,116,154,5,5,map
extra_trees,491,3,low_medium,6,0.604394,False,False,True,53.711,117,156,5,5,map
extra_trees,492,3,low_medium,3,0.616843,False,False,True,60.013,122,160,5,5,map
extra_trees,493,3,low_medium,4,0.644676,False,False,False,63.584,124,163,5,5,map
extra_trees,494,3,low_medium,34,0.629715,False,False,False,67.54,126,166,5,5,map
extra_trees,495,3,low_medium,66,0.725386,True,True,True,3.611,81,108,12,12,map
extra_trees,496,3,low_medium,65,0.72836,True,True,True,3.555,81,108,12,12,map
extra_trees,497,3,low_medium,73,0.55106,False,False,True,28.531,55,109,3,12,appearance
extra_trees,498,3,low_medium,56,0.563169,False,False,True,28.568,55,109,3,12,appearance
extra_trees,499,3,low_medium,7,0.585416,False,False,True,30.856,105,127,12,12,map
extra_trees,500,3,low_medium,60,0.677386,False,False,False,29.187,54,115,4,7,appearance
extra_trees,501,3,low_medium,71,0.69367,False,False,True,38.952,46,100,5,5,map
extra_trees,502,3,low_medium,80,0.708434,True,True,True,3.77,80,106,12,12,map
extra_trees,503,3,low_medium,79,0.71603,True,True,True,3.732,80,106,12,12,map
extra_trees,504,3,low_medium,1,0.73161,False,False,True,48.021,120,140,7,7,map
extra_trees,505,3,low_medium,69,0.782241,True,True,True,4.16,78,105,12,12,map
extra_trees,506,3,low_medium,1,0.758005,False,False,True,53.902,124,144,7,7,map
extra_trees,507,3,low_medium,2,0.763935,False,False,True,52.09,120,140,12,12,map
extra_trees,508,3,low_medium,2,0.808219,False,False,True,53.487,121,141,12,12,map
extra_trees,509,3,low_medium,2,0.824821,False,False,True,55.183,122,142,12,12,map
extra_trees,510,3,low_medium,40,0.736698,True,True,True,3.538,80,104,12,12,map
extra_trees,511,3,low_medium,1,0.729475,False,False,True,40.621,120,124,6,4,appearance
extra_trees,512,3,low_medium,67,0.809172,True,True,True,2.073,85,110,3,3,appearance
extra_trees,513,3,low_medium,69,0.789868,True,True,True,0.812,83,110,3,3,appearance
extra_trees,514,3,low_medium,70,0.789861,True,True,True,2.205,81,110,3,3,appearance
extra_trees,515,3,low_medium,1,0.748476,False,False,True,47.24,127,128,3,3,appearance
extra_trees,516,3,low_medium,66,0.73188,True,True,True,3.272,79,102,12,12,map
extra_trees,517,3,low_medium,1,0.636452,False,False,False,69.881,59,37,12,12,map
extra_trees,518,3,low_medium,71,0.611559,False,False,False,32.055,50,104,5,5,map
extra_trees,519,3,low_medium,1,0.626536,False,False,False,69.358,59,37,12,12,map
extra_trees,520,3,medium,41,0.751555,True,True,True,2.611,79,101,12,12,map
extra_trees,521,3,medium,61,0.7288,True,True,True,3.188,79,100,12,12,map
extra_trees,522,3,medium,72,0.823042,True,True,True,2.667,79,100,12,12,map
extra_trees,523,3,medium,70,0.83325,True,True,True,3.576,79,99,12,12,map
extra_trees,524,3,medium,63,0.658303,True,True,True,0.989,83,106,3,3,appearance
extra_trees,525,3,medium,47,0.704242,True,True,True,2.901,78,99,12,12,map
extra_trees,526,3,medium,62,0.657614,True,True,True,0.826,83,106,3,3,appearance
extra_trees,527,3,medium,65,0.806726,True,True,True,2.823,78,98,12,12,map
extra_trees,528,3,medium,64,0.821153,True,True,True,3.777,78,97,12,12,map
extra_trees,529,3,medium,66,0.751034,True,True,True,1.401,83,103,3,4,appearance
extra_trees,530,3,medium,1,0.750691,True,True,True,1.338,83,103,3,4,appearance
extra_trees,531,3,medium,1,0.83141,True,True,True,2.251,78,97,12,12,map
extra_trees,532,3,medium,1,0.857444,True,True,True,2.627,79,97,12,12,map
extra_trees,533,3,medium,1,0.890549,True,True,True,1.096,82,103,4,4,appearance
extra_trees,534,3,medium,2,0.896111,True,True,True,2.173,82,104,4,4,appearance
extra_trees,535,3,medium,1,0.919449,True,True,True,0.431,82,102,3,4,appearance
extra_trees,536,3,medium,1,0.936053,True,True,True,2.52,77,95,12,12,map
extra_trees,537,3,medium,2,0.950583,True,True,True,1.343,82,102,3,4,appearance
extra_trees,538,3,medium,1,0.951168,True,True,True,0.522,81,100,4,5,appearance
extra_trees,539,3,medium,1,0.945005,True,True,True,2.405,77,94,12,12,map
extra_trees,540,3,medium,1,0.9489,True,True,True,3.357,77,93,12,12,map
extra_trees,541,3,medium,4,0.947612,True,True,True,2.248,78,98,5,5,map
extra_trees,542,3,medium,1,0.942663,True,True,True,2.308,76,93,12,12,map
extra_trees,543,3,medium,1,0.941539,True,True,True,2.65,75,93,12,12,map
extra_trees,544,3,medium,1,0.93164,True,True,True,1.951,78,98,5,5,map
extra_trees,545,3,medium,3,0.927904,True,True,True,2.6,79,94,12,12,map
extra_trees,546,3,medium,1,0.932235,True,True,True,2.14,76,92,12,12,map
extra_trees,547,3,medium,2,0.913379,True,True,True,2.611,76,91,12,12,map
extra_trees,548,3,medium,6,0.938124,True,True,True,0.13,80,97,4,5,appearance
extra_trees,549,3,medium,2,0.914543,True,True,True,4.043,76,89,12,12,map
extra_trees,550,3,medium,7,0.916841,True,True,True,2.746,81,97,7,7,map
extra_trees,551,3,medium,59,0.665007,False,False,True,48.722,47,132,5,6,appearance
extra_trees,552,3,medium,61,0.67851,False,False,True,51.323,47,136,3,3,appearance
extra_trees,553,3,medium,59,0.657459,False,False,True,52.781,46,137,3,3,appearance
extra_trees,554,3,medium,25,0.672946,False,False,True,39.666,51,120,9,15,appearance
extra_trees,555,3,medium,14,0.67256,False,False,True,40.474,51,121,9,15,appearance
extra_trees,556,3,medium,49,0.742097,True,True,True,0.841,79,96,5,5,appearance
extra_trees,557,3,medium,13,0.786147,True,True,True,1.24,79,96,5,5,appearance
extra_trees,558,3,medium,4,0.814079,True,True,True,1.28,79,96,5,5,appearance
extra_trees,559,3,medium,3,0.88126,True,True,True,3.147,76,94,5,5,map
extra_trees,560,4,medium,4,0.899195,True,True,True,4.438,75,93,5,5,map
extra_trees,561,4,medium,74,0.92084,True,True,True,4.742,71,92,12,12,map
extra_trees,562,4,medium,59,0.919386,True,True,True,6.849,69,92,12,12,map
extra_trees,563,4,medium,1,0.938787,True,True,True,1.204,79,95,4,5,appearance
extra_trees,564,4,medium,1,0.950033,True,True,True,1.26,79,95,4,5,appearance
extra_trees,565,4,medium,1,0.938342,True,True,True,1.315,79,95,4,5,appearance
extra_trees,566,4,medium,1,0.937268,True,True,True,1.371,79,95,4,5,appearance
extra_trees,567,4,medium,1,0.945797,True,True,True,3.411,76,94,5,5,map
extra_trees,568,4,medium,1,0.958092,True,True,True,1.476,79,95,4,5,appearance
extra_trees,569,4,medium,2,0.961057,True,True,True,1.525,79,95,4,5,appearance
extra_trees,570,4,medium,1,0.95781,True,True,True,1.581,79,95,4,5,appearance
extra_trees,571,4,medium,1,0.948058,True,True,True,3.089,76,94,5,5,map
extra_trees,572,4,medium,1,0.942714,True,True,True,3.132,76,94,5,5,map
extra_trees,573,4,medium,77,0.941646,True,True,True,1.355,77,90,12,12,map
extra_trees,574,4,medium,2,0.947591,True,True,True,0.869,80,94,5,5,map
extra_trees,575,4,medium,2,0.955455,True,True,True,1.557,79,95,4,5,appearance
extra_trees,576,4,medium,2,0.959154,True,True,True,1.911,78,95,5,5,appearance
extra_trees,577,4,medium,2,0.945842,True,True,True,0.802,80,94,5,5,map
extra_trees,578,4,medium,1,0.95157,True,True,True,2.017,78,95,5,5,appearance
extra_trees,579,4,medium,3,0.948177,True,True,True,1.763,78,95,5,5,appearance
extra_trees,580,4,medium_high,3,0.936333,True,True,True,5.385,78,95,5,5,appearance
extra_trees,581,4,medium_high,1,0.931949,True,True,True,1.95,74,96,3,3,map
extra_trees,582,4,medium_high,2,0.939831,True,True,True,4.54,74,89,12,12,map
extra_trees,583,4,medium_high,2,0.939873,True,True,True,5.742,75,88,12,12,map
extra_trees,584,4,medium_high,3,0.933228,True,True,True,4.81,73,93,12,12,map
extra_trees,585,4,medium_high,4,0.931211,True,True,True,5.506,73,94,12,12,map
extra_trees,586,4,medium_high,3,0.941336,True,True,True,4.826,77,96,5,5,appearance
extra_trees,587,4,medium_high,5,0.935668,True,True,True,5.502,75,90,12,12,map
extra_trees,588,4,medium_high,10,0.929422,True,True,True,6.562,76,89,12,12,map
extra_trees,589,4,medium_high,35,0.92531,True,True,True,7.749,77,88,12,12,map
extra_trees,590,4,medium_high,1,0.927755,True,True,True,4.472,77,95,5,6,appearance
extra_trees,591,4,medium_high,1,0.936607,True,True,True,2.5,72,90,12,12,map
extra_trees,592,4,medium_high,1,0.94792,True,True,True,2.6,74,96,5,5,map
extra_trees,593,4,medium_high,1,0.952912,True,True,True,4.216,76,96,6,5,appearance
extra_trees,594,4,medium_high,1,0.958769,True,True,True,2.508,74,96,5,5,map
extra_trees,595,4,medium_high,2,0.959409,True,True,True,2.25,73,96,5,5,map
extra_trees,596,4,medium_high,5,0.955433,True,True,True,2.417,72,96,5,5,map
extra_trees,597,4,medium_high,1,0.958846,True,True,True,2.371,74,96,5,5,map
extra_trees,598,4,medium_high,2,0.954941,True,True,True,4.518,74,90,12,12,map
extra_trees,599,4,medium_high,3,0.951577,True,True,True,5.518,75,90,12,12,map
extra_trees,600,4,medium_high,1,0.958703,True,True,True,2.5,75,95,5,6,appearance
extra_trees,601,4,medium_high,1,0.960796,True,True,True,2.253,72,96,5,5,map
extra_trees,602,4,medium_high,1,0.963492,True,True,True,2.704,71,96,5,5,map
extra_trees,603,4,medium_high,2,0.964233,True,True,True,3.272,70,96,5,5,map
extra_trees,604,4,medium_high,1,0.96641,True,True,True,2.5,72,96,5,5,map
extra_trees,605,4,medium_high,1,0.958973,True,True,True,2.753,73,95,6,6,appearance
extra_trees,606,4,medium_high,1,0.967848,True,True,True,2.704,73,95,5,6,appearance
extra_trees,607,4,medium_high,2,0.962643,True,True,True,2.95,73,95,5,6,appearance
extra_trees,608,4,medium_high,1,0.961588,True,True,True,2.5,72,94,6,7,appearance
extra_trees,609,4,medium_high,1,0.96586,True,True,True,1.352,70,94,5,5,map
extra_trees,610,4,medium_high,3,0.96284,True,True,True,1.953,69,94,5,5,map
extra_trees,611,4,high,1,0.968761,True,True,True,1.398,70,94,5,5,map
extra_trees,612,4,high,2,0.961976,True,True,True,1.803,69,94,5,5,map
extra_trees,613,4,high,2,0.966189,True,True,True,2.388,68,94,5,5,map
extra_trees,614,4,high,3,0.959759,True,True,True,2.658,71,94,6,5,appearance
extra_trees,615,4,high,2,0.959301,True,True,True,2.929,71,94,6,5,appearance
extra_trees,616,4,high,1,0.961875,True,True,True,2.915,71,93,6,6,appearance
extra_trees,617,4,high,2,0.957766,True,True,True,4.881,66,96,3,3,map
extra_trees,618,4,high,7,0.954777,True,True,True,2.358,70,92,6,7,appearance
extra_trees,619,4,high,3,0.950553,True,True,True,1.682,66,87,12,12,map
extra_trees,620,4,high,5,0.953357,True,True,True,2.693,70,92,6,6,appearance
extra_trees,621,4,high,2,0.954702,True,True,True,2.85,67,87,12,12,map
extra_trees,622,4,high,2,0.95996,True,True,True,3.041,66,94,3,3,map
extra_trees,623,4,high,2,0.962395,True,True,True,3.244,70,93,6,5,appearance
extra_trees,624,4,high,4,0.95612,True,True,True,6.531,62,94,3,3,map
extra_trees,625,4,high,2,0.961414,True,True,True,4.43,64,94,3,3,map
extra_trees,626,4,high,3,0.96184,True,True,True,6.217,62,94,3,3,map
extra_trees,627,4,high,2,0.924832,True,True,True,6.027,69,86,12,12,map
extra_trees,628,4,high,1,0.940047,True,True,True,3.225,70,91,5,6,appearance
extra_trees,629,4,high,2,0.937113,True,True,True,4.563,67,86,12,12,map
extra_trees,630,4,high,1,0.945318,True,True,True,2.5,69,92,5,5,appearance
extra_trees,631,4,high,2,0.943887,True,True,True,4.871,67,86,12,12,map
extra_trees,632,4,high,1,0.937049,True,True,True,5.903,68,86,12,12,map
extra_trees,633,4,high,2,0.947974,True,True,True,6.973,69,86,12,12,map
extra_trees,634,4,high,4,0.944517,False,True,True,8.065,70,86,12,12,map
extra_trees,635,4,high,1,0.948481,True,True,True,2.264,68,92,5,6,appearance
extra_trees,636,4,high,4,0.945225,False,True,True,8.102,60,98,3,3,map
extra_trees,637,4,high,2,0.937167,True,True,True,1.93,67,93,5,6,appearance
extra_trees,638,4,high,1,0.945188,True,True,True,2.025,67,93,5,6,appearance
extra_trees,639,4,high,3,0.934035,True,True,True,3.876,65,87,12,12,map
extra_trees,640,4,high,1,0.950852,True,True,True,2.121,67,94,4,5,appearance
extra_trees,641,4,high,2,0.953306,True,True,True,3.065,64,88,12,12,map
extra_trees,642,4,high,2,0.933513,True,True,True,2.102,63,89,12,12,map
extra_trees,643,4,high,2,0.94379,True,True,True,3.222,63,97,3,3,map
extra_trees,644,4,high,1,0.923828,True,True,True,1.237,65,96,4,4,appearance
extra_trees,645,4,high,1,0.937687,True,True,True,0.901,65,96,4,4,appearance
extra_trees,646,4,high,3,0.947504,True,True,True,6.647,65,87,12,12,map
extra_trees,647,4,high,2,0.91164,True,True,True,2.152,63,98,4,4,appearance
extra_trees,648,4,high,1,0.935308,True,True,True,1.664,63,98,4,4,appearance
extra_trees,649,4,high,1,0.926016,True,True,True,2.663,58,91,12,12,map
extra_trees,650,4,high,1,0.935292,True,True,True,4.301,57,90,12,12,map
extra_trees,651,4,high,3,0.928026,True,True,True,5.644,56,89,12,12,map
extra_trees,652,4,high,1,0.924355,True,True,True,3.421,59,91,12,12,map
extra_trees,653,4,high,2,0.921682,True,True,True,4.031,59,91,12,12,map
extra_trees,654,4,high,3,0.908638,True,True,True,4.701,59,91,12,12,map
extra_trees,655,4,high,2,0.908839,True,True,True,2.062,54,95,12,12,map
extra_trees,656,4,high,51,0.901498,True,True,True,5.413,50,97,12,12,map
extra_trees,657,4,high,13,0.884652,True,True,True,2.693,56,94,12,12,map
extra_trees,658,4,high,23,0.872874,True,True,True,3.421,56,94,12,12,map
extra_trees,659,4,high,7,0.897125,True,True,True,2.766,55,95,12,12,map
extra_trees,660,4,high,14,0.880108,True,True,True,3.536,55,95,12,12,map
extra_trees,661,4,high,5,0.853385,False,False,True,66.638,58,168,5,5,map
extra_trees,662,4,high,3,0.864638,False,False,True,70.202,56,172,5,5,map
extra_trees,663,4,high,2,0.866113,False,False,True,71.8,55,174,5,5,map
extra_trees,664,4,high,2,0.850035,False,False,True,73.407,54,176,5,5,map
extra_trees,665,4,high,2,0.832913,False,False,False,75.02,53,178,5,5,map
extra_trees,666,4,high,6,0.838723,False,False,False,71.128,49,171,12,12,map
extra_trees,667,4,high,11,0.82982,False,False,False,70.753,48,171,12,12,map
extra_trees,668,4,high,5,0.829907,False,False,False,93.885,50,198,5,5,map
extra_trees,669,4,high,1,0.814591,False,False,False,100.974,42,204,7,7,map
extra_trees,670,4,high,1,0.816382,False,False,False,103.881,39,207,7,7,map
extra_trees,671,4,high,2,0.808708,False,False,False,107.06,36,210,7,7,map
extra_trees,672,4,high,24,0.795875,False,False,False,86.702,52,192,5,5,map
extra_trees,673,4,high,64,0.801074,False,False,False,68.312,18,163,12,12,map
extra_trees,674,4,high,70,0.796706,False,False,True,71.124,15,165,12,12,map
extra_trees,675,4,high,1,0.777305,False,False,True,69.682,32,172,7,7,map
extra_trees,676,4,medium_high,1,0.775815,False,False,True,74.367,28,176,7,7,map
extra_trees,677,4,medium_high,1,0.79709,False,False,True,79.784,22,180,7,7,map
extra_trees,678,4,medium_high,1,0.814524,False,False,True,83.712,18,183,7,7,map
extra_trees,679,4,medium_high,11,0.821144,False,False,True,76.021,22,175,12,12,map
extra_trees,680,4,medium_high,11,0.817605,False,False,True,77.002,21,176,12,12,map
extra_trees,681,4,medium_high,5,0.845416,False,False,True,67.878,68,172,5,5,map
extra_trees,682,4,medium_high,2,0.855296,False,False,False,70.893,66,176,5,5,map
extra_trees,683,4,medium_high,2,0.863963,False,False,False,72.277,65,178,5,5,map
extra_trees,684,4,medium_high,1,0.865258,False,False,False,73.298,62,180,5,5,map
extra_trees,685,4,medium_high,2,0.858643,False,False,False,74.603,60,182,5,5,map
extra_trees,686,4,medium_high,1,0.842062,False,False,False,78.221,60,186,5,5,map
extra_trees,687,4,medium_high,1,0.843041,False,False,True,82.295,54,190,7,7,map
extra_trees,688,4,medium_high,1,0.843135,False,False,True,85.767,51,194,7,7,map
extra_trees,689,4,medium_high,2,0.848571,False,False,False,85.466,52,194,7,7,map
extra_trees,690,4,medium_high,1,0.846304,False,False,False,87.07,51,196,7,7,map
extra_trees,691,4,medium_high,1,0.835086,False,False,False,90.751,48,200,7,7,map
extra_trees,692,4,medium_high,4,0.822539,False,False,True,93.514,46,203,7,7,map
extra_trees,693,4,medium_high,25,0.83121,False,False,True,44.642,67,150,7,7,map
extra_trees,694,4,medium_high,26,0.859931,False,False,True,46.627,68,152,7,7,map
extra_trees,695,4,medium_high,19,0.846001,False,False,True,47.278,68,153,7,7,map
extra_trees,696,4,medium_high,17,0.86675,False,False,False,47.123,66,154,7,7,map
extra_trees,697,4,medium_high,28,0.854721,False,False,False,47.425,65,155,7,7,map
extra_trees,698,4,medium_high,47,0.878892,False,False,True,48.847,69,158,3,3,appearance
