model,clip,frame,confidence,rank,score,source,dist_px,strict_hit,loose_hit,oracle_hit,fallback_model,fallback_threshold,fallback_used_learned,learned_score
fallback_extra_trees_thr0.76,1c1258a1-d0f6-433e-9466-dbc1705fa263,25,medium_high,1,12.769972,map,103.13,False,False,True,extra_trees,0.76,False,0.531245
fallback_extra_trees_thr0.76,1c1258a1-d0f6-433e-9466-dbc1705fa263,26,medium_high,1,17.665073,map,1.471,True,True,True,extra_trees,0.76,False,0.520347
fallback_extra_trees_thr0.76,1c1258a1-d0f6-433e-9466-dbc1705fa263,27,medium_high,1,15.512577,map,2.798,True,True,True,extra_trees,0.76,False,0.540258
fallback_extra_trees_thr0.76,1c1258a1-d0f6-433e-9466-dbc1705fa263,28,medium_high,1,24.659323,map,0.514,True,True,True,extra_trees,0.76,False,0.592645
fallback_extra_trees_thr0.76,1c1258a1-d0f6-433e-9466-dbc1705fa263,29,medium_high,1,23.032898,appearance,3.567,True,True,True,extra_trees,0.76,False,0.545875
fallback_extra_trees_thr0.76,1c1258a1-d0f6-433e-9466-dbc1705fa263,30,high,1,24.624979,appearance,3.354,True,True,True,extra_trees,0.76,False,0.56149
fallback_extra_trees_thr0.76,1c1258a1-d0f6-433e-9466-dbc1705fa263,31,high,1,32.003371,map,0.0,True,True,True,extra_trees,0.76,False,0.609654
fallback_extra_trees_thr0.76,1c1258a1-d0f6-433e-9466-dbc1705fa263,32,high,1,28.270609,appearance,4.61,True,True,True,extra_trees,0.76,False,0.619644
fallback_extra_trees_thr0.76,1c1258a1-d0f6-433e-9466-dbc1705fa263,33,high,1,35.192583,appearance,3.808,True,True,True,extra_trees,0.76,False,0.661369
fallback_extra_trees_thr0.76,1c1258a1-d0f6-433e-9466-dbc1705fa263,34,high,1,33.256252,appearance,5.701,True,True,True,extra_trees,0.76,False,0.659422
fallback_extra_trees_thr0.76,1c1258a1-d0f6-433e-9466-dbc1705fa263,35,high,1,33.368867,appearance,3.354,True,True,True,extra_trees,0.76,False,0.656366
fallback_extra_trees_thr0.76,1c1258a1-d0f6-433e-9466-dbc1705fa263,36,high,1,40.625956,map,0.0,True,True,True,extra_trees,0.76,False,0.666415
fallback_extra_trees_thr0.76,1c1258a1-d0f6-433e-9466-dbc1705fa263,37,high,1,33.756972,appearance,4.95,True,True,True,extra_trees,0.76,False,0.678874
fallback_extra_trees_thr0.76,1c1258a1-d0f6-433e-9466-dbc1705fa263,38,high,1,40.822202,map,0.0,True,True,True,extra_trees,0.76,False,0.721756
fallback_extra_trees_thr0.76,1c1258a1-d0f6-433e-9466-dbc1705fa263,39,high,1,36.663629,appearance,0.0,True,True,True,extra_trees,0.76,False,0.702197
fallback_extra_trees_thr0.76,1c1258a1-d0f6-433e-9466-dbc1705fa263,40,high,1,33.749086,map,0.0,True,True,True,extra_trees,0.76,False,0.704992
fallback_extra_trees_thr0.76,1c1258a1-d0f6-433e-9466-dbc1705fa263,41,high,1,0.76818,map,0.0,True,True,True,extra_trees,0.76,True,0.76818
fallback_extra_trees_thr0.76,1c1258a1-d0f6-433e-9466-dbc1705fa263,42,high,1,0.770237,appearance,3.202,True,True,True,extra_trees,0.76,True,0.770237
fallback_extra_trees_thr0.76,1c1258a1-d0f6-433e-9466-dbc1705fa263,43,high,1,0.810009,map,0.0,True,True,True,extra_trees,0.76,True,0.810009
fallback_extra_trees_thr0.76,1c1258a1-d0f6-433e-9466-dbc1705fa263,44,high,1,0.809339,appearance,4.031,True,True,True,extra_trees,0.76,True,0.809339
fallback_extra_trees_thr0.76,1c1258a1-d0f6-433e-9466-dbc1705fa263,45,high,1,0.829882,map,0.0,True,True,True,extra_trees,0.76,True,0.829882
fallback_extra_trees_thr0.76,1c1258a1-d0f6-433e-9466-dbc1705fa263,46,high,2,0.841619,map,0.0,True,True,True,extra_trees,0.76,True,0.841619
fallback_extra_trees_thr0.76,1c1258a1-d0f6-433e-9466-dbc1705fa263,47,high,1,0.835905,appearance,6.519,True,True,True,extra_trees,0.76,True,0.835905
fallback_extra_trees_thr0.76,1c1258a1-d0f6-433e-9466-dbc1705fa263,48,high,1,0.856254,map,0.0,True,True,True,extra_trees,0.76,True,0.856254
fallback_extra_trees_thr0.76,1c1258a1-d0f6-433e-9466-dbc1705fa263,49,high,1,0.841761,appearance,3.041,True,True,True,extra_trees,0.76,True,0.841761
fallback_extra_trees_thr0.76,1c1258a1-d0f6-433e-9466-dbc1705fa263,50,high,1,0.852948,map,0.0,True,True,True,extra_trees,0.76,True,0.852948
fallback_extra_trees_thr0.76,1c1258a1-d0f6-433e-9466-dbc1705fa263,51,high,1,0.855991,map,0.0,True,True,True,extra_trees,0.76,True,0.855991
fallback_extra_trees_thr0.76,1c1258a1-d0f6-433e-9466-dbc1705fa263,52,high,1,0.828969,map,3.162,True,True,True,extra_trees,0.76,True,0.828969
fallback_extra_trees_thr0.76,1c1258a1-d0f6-433e-9466-dbc1705fa263,53,high,1,0.865322,map,0.0,True,True,True,extra_trees,0.76,True,0.865322
fallback_extra_trees_thr0.76,1c1258a1-d0f6-433e-9466-dbc1705fa263,54,high,2,0.838044,map,0.0,True,True,True,extra_trees,0.76,True,0.838044
fallback_extra_trees_thr0.76,1c1258a1-d0f6-433e-9466-dbc1705fa263,55,high,1,0.870672,map,0.0,True,True,True,extra_trees,0.76,True,0.870672
fallback_extra_trees_thr0.76,1c1258a1-d0f6-433e-9466-dbc1705fa263,56,high,1,0.870813,map,0.0,True,True,True,extra_trees,0.76,True,0.870813
fallback_extra_trees_thr0.76,1c1258a1-d0f6-433e-9466-dbc1705fa263,57,high,1,0.843042,map,0.0,True,True,True,extra_trees,0.76,True,0.843042
fallback_extra_trees_thr0.76,1c1258a1-d0f6-433e-9466-dbc1705fa263,58,high,3,0.846983,map,0.0,True,True,True,extra_trees,0.76,True,0.846983
fallback_extra_trees_thr0.76,1c1258a1-d0f6-433e-9466-dbc1705fa263,59,high,3,0.817732,map,0.0,True,True,True,extra_trees,0.76,True,0.817732
fallback_extra_trees_thr0.76,1c1258a1-d0f6-433e-9466-dbc1705fa263,60,high,2,0.809603,map,0.0,True,True,True,extra_trees,0.76,True,0.809603
fallback_extra_trees_thr0.76,1c1258a1-d0f6-433e-9466-dbc1705fa263,61,high,1,0.814729,map,0.0,True,True,True,extra_trees,0.76,True,0.814729
fallback_extra_trees_thr0.76,1c1258a1-d0f6-433e-9466-dbc1705fa263,62,high,1,0.779108,map,0.0,True,True,True,extra_trees,0.76,True,0.779108
fallback_extra_trees_thr0.76,1c1258a1-d0f6-433e-9466-dbc1705fa263,63,high,1,0.818035,map,0.0,True,True,True,extra_trees,0.76,True,0.818035
fallback_extra_trees_thr0.76,1c1258a1-d0f6-433e-9466-dbc1705fa263,64,high,1,0.780395,map,0.0,True,True,True,extra_trees,0.76,True,0.780395
fallback_extra_trees_thr0.76,1c1258a1-d0f6-433e-9466-dbc1705fa263,65,high,1,0.812979,map,0.0,True,True,True,extra_trees,0.76,True,0.812979
fallback_extra_trees_thr0.76,1c1258a1-d0f6-433e-9466-dbc1705fa263,66,high,1,0.820396,map,0.0,True,True,True,extra_trees,0.76,True,0.820396
fallback_extra_trees_thr0.76,1c1258a1-d0f6-433e-9466-dbc1705fa263,67,high,1,0.787603,map,0.0,True,True,True,extra_trees,0.76,True,0.787603
fallback_extra_trees_thr0.76,1c1258a1-d0f6-433e-9466-dbc1705fa263,68,high,1,0.844815,map,0.0,True,True,True,extra_trees,0.76,True,0.844815
fallback_extra_trees_thr0.76,1c1258a1-d0f6-433e-9466-dbc1705fa263,69,high,1,0.814313,map,0.0,True,True,True,extra_trees,0.76,True,0.814313
fallback_extra_trees_thr0.76,1c1258a1-d0f6-433e-9466-dbc1705fa263,70,high,2,0.820222,map,0.0,True,True,True,extra_trees,0.76,True,0.820222
fallback_extra_trees_thr0.76,1c1258a1-d0f6-433e-9466-dbc1705fa263,71,high,1,0.83016,map,0.0,True,True,True,extra_trees,0.76,True,0.83016
fallback_extra_trees_thr0.76,1c1258a1-d0f6-433e-9466-dbc1705fa263,72,high,1,0.794036,map,0.0,True,True,True,extra_trees,0.76,True,0.794036
fallback_extra_trees_thr0.76,1c1258a1-d0f6-433e-9466-dbc1705fa263,73,high,1,0.798634,map,0.0,True,True,True,extra_trees,0.76,True,0.798634
fallback_extra_trees_thr0.76,1c1258a1-d0f6-433e-9466-dbc1705fa263,74,high,1,0.771448,appearance,10.77,False,True,True,extra_trees,0.76,True,0.771448
fallback_extra_trees_thr0.76,1c1258a1-d0f6-433e-9466-dbc1705fa263,75,high,1,0.78189,map,0.0,True,True,True,extra_trees,0.76,True,0.78189
fallback_extra_trees_thr0.76,1c1258a1-d0f6-433e-9466-dbc1705fa263,76,high,2,0.790261,map,3.808,True,True,True,extra_trees,0.76,True,0.790261
fallback_extra_trees_thr0.76,1c1258a1-d0f6-433e-9466-dbc1705fa263,77,high,1,0.771378,appearance,3.0,True,True,True,extra_trees,0.76,True,0.771378
fallback_extra_trees_thr0.76,1c1258a1-d0f6-433e-9466-dbc1705fa263,78,high,1,0.806344,map,0.0,True,True,True,extra_trees,0.76,True,0.806344
fallback_extra_trees_thr0.76,1c1258a1-d0f6-433e-9466-dbc1705fa263,79,high,1,0.784444,appearance,0.0,True,True,True,extra_trees,0.76,True,0.784444
fallback_extra_trees_thr0.76,1c1258a1-d0f6-433e-9466-dbc1705fa263,80,high,1,0.799349,map,0.0,True,True,True,extra_trees,0.76,True,0.799349
fallback_extra_trees_thr0.76,1c1258a1-d0f6-433e-9466-dbc1705fa263,81,high,1,0.836333,map,0.0,True,True,True,extra_trees,0.76,True,0.836333
fallback_extra_trees_thr0.76,1c1258a1-d0f6-433e-9466-dbc1705fa263,82,high,1,0.823454,appearance,11.705,False,True,True,extra_trees,0.76,True,0.823454
fallback_extra_trees_thr0.76,1c1258a1-d0f6-433e-9466-dbc1705fa263,83,high,1,0.839091,map,0.0,True,True,True,extra_trees,0.76,True,0.839091
fallback_extra_trees_thr0.76,1c1258a1-d0f6-433e-9466-dbc1705fa263,84,high,1,0.820054,appearance,3.0,True,True,True,extra_trees,0.76,True,0.820054
fallback_extra_trees_thr0.76,1c1258a1-d0f6-433e-9466-dbc1705fa263,85,high,1,0.838824,map,0.0,True,True,True,extra_trees,0.76,True,0.838824
fallback_extra_trees_thr0.76,1c1258a1-d0f6-433e-9466-dbc1705fa263,86,high,1,0.845941,map,0.0,True,True,True,extra_trees,0.76,True,0.845941
fallback_extra_trees_thr0.76,1c1258a1-d0f6-433e-9466-dbc1705fa263,87,high,1,0.834085,appearance,11.63,False,True,True,extra_trees,0.76,True,0.834085
fallback_extra_trees_thr0.76,1c1258a1-d0f6-433e-9466-dbc1705fa263,88,high,1,0.851911,map,0.0,True,True,True,extra_trees,0.76,True,0.851911
fallback_extra_trees_thr0.76,1c1258a1-d0f6-433e-9466-dbc1705fa263,89,high,2,0.833482,map,0.0,True,True,True,extra_trees,0.76,True,0.833482
fallback_extra_trees_thr0.76,1c1258a1-d0f6-433e-9466-dbc1705fa263,90,high,1,0.848761,map,0.0,True,True,True,extra_trees,0.76,True,0.848761
fallback_extra_trees_thr0.76,1c1258a1-d0f6-433e-9466-dbc1705fa263,91,high,1,0.839498,map,0.0,True,True,True,extra_trees,0.76,True,0.839498
fallback_extra_trees_thr0.76,1c1258a1-d0f6-433e-9466-dbc1705fa263,92,high,1,0.817501,map,0.0,True,True,True,extra_trees,0.76,True,0.817501
fallback_extra_trees_thr0.76,1c1258a1-d0f6-433e-9466-dbc1705fa263,93,high,1,0.769711,map,0.0,True,True,True,extra_trees,0.76,True,0.769711
fallback_extra_trees_thr0.76,1c1258a1-d0f6-433e-9466-dbc1705fa263,94,high,1,23.978421,map,0.0,True,True,True,extra_trees,0.76,False,0.734033
fallback_extra_trees_thr0.76,1c1258a1-d0f6-433e-9466-dbc1705fa263,95,high,1,14.573913,map,0.0,True,True,True,extra_trees,0.76,False,0.649879
fallback_extra_trees_thr0.76,1c1258a1-d0f6-433e-9466-dbc1705fa263,96,medium_high,1,11.873146,map,2.709,True,True,True,extra_trees,0.76,False,0.576364
fallback_extra_trees_thr0.76,1c1258a1-d0f6-433e-9466-dbc1705fa263,97,medium_high,1,6.083133,map,183.398,False,False,True,extra_trees,0.76,False,0.49864
fallback_extra_trees_thr0.76,1c1258a1-d0f6-433e-9466-dbc1705fa263,98,medium_high,1,10.088191,map,3.038,True,True,True,extra_trees,0.76,False,0.496094
fallback_extra_trees_thr0.76,1c1258a1-d0f6-433e-9466-dbc1705fa263,99,medium_high,1,9.231892,appearance,1.834,True,True,True,extra_trees,0.76,False,0.53162
fallback_extra_trees_thr0.76,1c1258a1-d0f6-433e-9466-dbc1705fa263,100,medium_high,1,19.818547,map,3.797,True,True,True,extra_trees,0.76,False,0.662295
fallback_extra_trees_thr0.76,1c1258a1-d0f6-433e-9466-dbc1705fa263,101,medium_high,1,16.248233,map,5.325,True,True,True,extra_trees,0.76,False,0.656251
fallback_extra_trees_thr0.76,1c1258a1-d0f6-433e-9466-dbc1705fa263,102,medium_high,1,14.751356,map,6.94,True,True,True,extra_trees,0.76,False,0.604285
fallback_extra_trees_thr0.76,1c1258a1-d0f6-433e-9466-dbc1705fa263,103,medium_high,1,16.822583,map,9.662,False,True,True,extra_trees,0.76,False,0.643943
fallback_extra_trees_thr0.76,1c1258a1-d0f6-433e-9466-dbc1705fa263,104,medium_high,1,18.629105,appearance,5.678,True,True,True,extra_trees,0.76,False,0.691467
fallback_extra_trees_thr0.76,1c1258a1-d0f6-433e-9466-dbc1705fa263,105,medium_high,1,18.863578,map,9.054,False,True,True,extra_trees,0.76,False,0.669418
fallback_extra_trees_thr0.76,1c1258a1-d0f6-433e-9466-dbc1705fa263,106,medium_high,1,18.699992,appearance,5.534,True,True,True,extra_trees,0.76,False,0.62697
fallback_extra_trees_thr0.76,1c1258a1-d0f6-433e-9466-dbc1705fa263,107,medium_high,1,16.566224,map,5.508,True,True,True,extra_trees,0.76,False,0.647618
fallback_extra_trees_thr0.76,1c1258a1-d0f6-433e-9466-dbc1705fa263,108,medium_high,1,15.622828,map,4.295,True,True,True,extra_trees,0.76,False,0.653243
fallback_extra_trees_thr0.76,1c1258a1-d0f6-433e-9466-dbc1705fa263,109,medium_high,1,5.680687,map,1.838,True,True,True,extra_trees,0.76,False,0.560053
fallback_extra_trees_thr0.76,1c1258a1-d0f6-433e-9466-dbc1705fa263,110,medium_high,1,11.83876,map,4.487,True,True,True,extra_trees,0.76,False,0.650001
fallback_extra_trees_thr0.76,1c1258a1-d0f6-433e-9466-dbc1705fa263,111,medium_high,1,15.150265,appearance,3.814,True,True,True,extra_trees,0.76,False,0.708945
fallback_extra_trees_thr0.76,1c1258a1-d0f6-433e-9466-dbc1705fa263,112,medium_high,1,11.821384,appearance,4.485,True,True,True,extra_trees,0.76,False,0.620499
fallback_extra_trees_thr0.76,1c1258a1-d0f6-433e-9466-dbc1705fa263,113,medium_high,1,11.502615,map,2.569,True,True,True,extra_trees,0.76,False,0.638612
fallback_extra_trees_thr0.76,1c1258a1-d0f6-433e-9466-dbc1705fa263,114,medium_high,1,14.734253,appearance,2.442,True,True,True,extra_trees,0.76,False,0.701823
fallback_extra_trees_thr0.76,1c1258a1-d0f6-433e-9466-dbc1705fa263,115,medium_high,1,15.182151,map,1.729,True,True,True,extra_trees,0.76,False,0.70066
fallback_extra_trees_thr0.76,1c1258a1-d0f6-433e-9466-dbc1705fa263,116,medium_high,1,13.933753,appearance,2.321,True,True,True,extra_trees,0.76,False,0.686688
fallback_extra_trees_thr0.76,1c1258a1-d0f6-433e-9466-dbc1705fa263,117,high,1,16.059385,map,0.0,True,True,True,extra_trees,0.76,False,0.666259
fallback_extra_trees_thr0.76,1c1258a1-d0f6-433e-9466-dbc1705fa263,118,high,1,22.118042,map,0.0,True,True,True,extra_trees,0.76,False,0.728452
fallback_extra_trees_thr0.76,1c1258a1-d0f6-433e-9466-dbc1705fa263,119,high,1,19.392637,appearance,0.0,True,True,True,extra_trees,0.76,False,0.697393
fallback_extra_trees_thr0.76,1c1258a1-d0f6-433e-9466-dbc1705fa263,120,high,1,22.696462,map,0.0,True,True,True,extra_trees,0.76,False,0.6928
fallback_extra_trees_thr0.76,1c1258a1-d0f6-433e-9466-dbc1705fa263,121,high,1,26.159228,appearance,1.118,True,True,True,extra_trees,0.76,False,0.73868
fallback_extra_trees_thr0.76,1c1258a1-d0f6-433e-9466-dbc1705fa263,122,high,1,29.058592,map,0.0,True,True,True,extra_trees,0.76,False,0.728213
fallback_extra_trees_thr0.76,1c1258a1-d0f6-433e-9466-dbc1705fa263,123,high,1,0.760134,map,0.0,True,True,True,extra_trees,0.76,True,0.760134
fallback_extra_trees_thr0.76,1c1258a1-d0f6-433e-9466-dbc1705fa263,124,high,1,31.935312,appearance,6.265,True,True,True,extra_trees,0.76,False,0.746947
fallback_extra_trees_thr0.76,1c1258a1-d0f6-433e-9466-dbc1705fa263,125,high,1,34.656745,map,0.0,True,True,True,extra_trees,0.76,False,0.740105
fallback_extra_trees_thr0.76,1c1258a1-d0f6-433e-9466-dbc1705fa263,126,high,1,0.76869,appearance,0.5,True,True,True,extra_trees,0.76,True,0.76869
fallback_extra_trees_thr0.76,1c1258a1-d0f6-433e-9466-dbc1705fa263,127,high,1,33.884475,map,0.0,True,True,True,extra_trees,0.76,False,0.727322
fallback_extra_trees_thr0.76,1c1258a1-d0f6-433e-9466-dbc1705fa263,128,high,1,36.737115,map,0.0,True,True,True,extra_trees,0.76,False,0.746155
fallback_extra_trees_thr0.76,1c1258a1-d0f6-433e-9466-dbc1705fa263,129,high,1,33.861389,appearance,0.5,True,True,True,extra_trees,0.76,False,0.756
fallback_extra_trees_thr0.76,1c1258a1-d0f6-433e-9466-dbc1705fa263,130,high,1,35.294279,map,0.0,True,True,True,extra_trees,0.76,False,0.735507
fallback_extra_trees_thr0.76,1c1258a1-d0f6-433e-9466-dbc1705fa263,131,high,1,32.653391,appearance,0.0,True,True,True,extra_trees,0.76,False,0.750095
fallback_extra_trees_thr0.76,1c1258a1-d0f6-433e-9466-dbc1705fa263,132,high,1,27.205558,map,0.0,True,True,True,extra_trees,0.76,False,0.686844
fallback_extra_trees_thr0.76,1c1258a1-d0f6-433e-9466-dbc1705fa263,133,high,1,30.091935,map,0.0,True,True,True,extra_trees,0.76,False,0.709297
fallback_extra_trees_thr0.76,1c1258a1-d0f6-433e-9466-dbc1705fa263,134,high,1,26.960908,appearance,2.5,True,True,True,extra_trees,0.76,False,0.724937
fallback_extra_trees_thr0.76,1c1258a1-d0f6-433e-9466-dbc1705fa263,135,high,1,29.865671,map,0.0,True,True,True,extra_trees,0.76,False,0.7159
fallback_extra_trees_thr0.76,1c1258a1-d0f6-433e-9466-dbc1705fa263,136,high,1,27.311842,appearance,1.118,True,True,True,extra_trees,0.76,False,0.736536
fallback_extra_trees_thr0.76,1c1258a1-d0f6-433e-9466-dbc1705fa263,137,high,1,26.788308,map,0.0,True,True,True,extra_trees,0.76,False,0.711854
fallback_extra_trees_thr0.76,1c1258a1-d0f6-433e-9466-dbc1705fa263,138,high,1,28.337287,map,0.0,True,True,True,extra_trees,0.76,False,0.722026
fallback_extra_trees_thr0.76,1c1258a1-d0f6-433e-9466-dbc1705fa263,139,high,1,26.391561,appearance,1.581,True,True,True,extra_trees,0.76,False,0.726784
fallback_extra_trees_thr0.76,1c1258a1-d0f6-433e-9466-dbc1705fa263,140,high,1,29.494167,map,0.0,True,True,True,extra_trees,0.76,False,0.709918
fallback_extra_trees_thr0.76,1c1258a1-d0f6-433e-9466-dbc1705fa263,141,high,1,31.192165,appearance,0.707,True,True,True,extra_trees,0.76,False,0.733116
fallback_extra_trees_thr0.76,1c1258a1-d0f6-433e-9466-dbc1705fa263,142,high,1,30.835884,map,0.0,True,True,True,extra_trees,0.76,False,0.71172
fallback_extra_trees_thr0.76,1c1258a1-d0f6-433e-9466-dbc1705fa263,143,high,1,32.910165,map,0.0,True,True,True,extra_trees,0.76,False,0.724718
fallback_extra_trees_thr0.76,1c1258a1-d0f6-433e-9466-dbc1705fa263,144,high,1,29.3788,appearance,1.581,True,True,True,extra_trees,0.76,False,0.703982
fallback_extra_trees_thr0.76,1c1258a1-d0f6-433e-9466-dbc1705fa263,145,high,1,32.640697,map,0.0,True,True,True,extra_trees,0.76,False,0.721077
fallback_extra_trees_thr0.76,1c1258a1-d0f6-433e-9466-dbc1705fa263,146,high,1,29.536973,appearance,2.55,True,True,True,extra_trees,0.76,False,0.720963
fallback_extra_trees_thr0.76,1c1258a1-d0f6-433e-9466-dbc1705fa263,147,high,1,28.649664,map,0.0,True,True,True,extra_trees,0.76,False,0.656582
fallback_extra_trees_thr0.76,1c1258a1-d0f6-433e-9466-dbc1705fa263,148,high,1,30.037682,map,0.0,True,True,True,extra_trees,0.76,False,0.693829
fallback_extra_trees_thr0.76,1c1258a1-d0f6-433e-9466-dbc1705fa263,149,high,1,26.647235,appearance,1.581,True,True,True,extra_trees,0.76,False,0.688955
fallback_extra_trees_thr0.76,1c1258a1-d0f6-433e-9466-dbc1705fa263,150,high,1,29.452856,map,0.0,True,True,True,extra_trees,0.76,False,0.692164
fallback_extra_trees_thr0.76,1c1258a1-d0f6-433e-9466-dbc1705fa263,151,high,1,26.778799,appearance,1.581,True,True,True,extra_trees,0.76,False,0.684892
fallback_extra_trees_thr0.76,1c1258a1-d0f6-433e-9466-dbc1705fa263,152,high,1,27.728916,map,0.0,True,True,True,extra_trees,0.76,False,0.666728
fallback_extra_trees_thr0.76,1c1258a1-d0f6-433e-9466-dbc1705fa263,153,high,1,29.88288,map,3.808,True,True,True,extra_trees,0.76,False,0.697997
fallback_extra_trees_thr0.76,1c1258a1-d0f6-433e-9466-dbc1705fa263,154,high,1,25.762262,appearance,3.041,True,True,True,extra_trees,0.76,False,0.651091
fallback_extra_trees_thr0.76,1c1258a1-d0f6-433e-9466-dbc1705fa263,155,high,1,28.855563,map,0.0,True,True,True,extra_trees,0.76,False,0.678662
fallback_extra_trees_thr0.76,1c1258a1-d0f6-433e-9466-dbc1705fa263,156,high,1,27.242044,appearance,1.581,True,True,True,extra_trees,0.76,False,0.679921
fallback_extra_trees_thr0.76,1c1258a1-d0f6-433e-9466-dbc1705fa263,157,high,1,28.150223,map,0.0,True,True,True,extra_trees,0.76,False,0.659917
fallback_extra_trees_thr0.76,1c1258a1-d0f6-433e-9466-dbc1705fa263,158,high,1,31.22915,map,0.0,True,True,True,extra_trees,0.76,False,0.688122
fallback_extra_trees_thr0.76,1c1258a1-d0f6-433e-9466-dbc1705fa263,159,high,1,27.823421,appearance,1.581,True,True,True,extra_trees,0.76,False,0.689089
fallback_extra_trees_thr0.76,1c1258a1-d0f6-433e-9466-dbc1705fa263,160,high,1,30.636633,map,0.0,True,True,True,extra_trees,0.76,False,0.68605
fallback_extra_trees_thr0.76,1c1258a1-d0f6-433e-9466-dbc1705fa263,161,high,1,24.655828,map,0.0,True,True,True,extra_trees,0.76,False,0.618139
fallback_extra_trees_thr0.76,1c1258a1-d0f6-433e-9466-dbc1705fa263,162,high,1,25.675513,map,0.0,True,True,True,extra_trees,0.76,False,0.63433
fallback_extra_trees_thr0.76,1c1258a1-d0f6-433e-9466-dbc1705fa263,163,high,1,29.54135,map,0.0,True,True,True,extra_trees,0.76,False,0.679083
fallback_extra_trees_thr0.76,1c1258a1-d0f6-433e-9466-dbc1705fa263,164,high,1,26.52337,appearance,1.581,True,True,True,extra_trees,0.76,False,0.668622
fallback_extra_trees_thr0.76,1c1258a1-d0f6-433e-9466-dbc1705fa263,165,high,1,29.544824,map,0.0,True,True,True,extra_trees,0.76,False,0.684029
fallback_extra_trees_thr0.76,1c1258a1-d0f6-433e-9466-dbc1705fa263,166,high,1,24.365737,map,0.0,True,True,True,extra_trees,0.76,False,0.620648
fallback_extra_trees_thr0.76,1c1258a1-d0f6-433e-9466-dbc1705fa263,167,high,1,24.075225,map,0.0,True,True,True,extra_trees,0.76,False,0.635759
fallback_extra_trees_thr0.76,1c1258a1-d0f6-433e-9466-dbc1705fa263,168,high,1,27.506263,map,0.0,True,True,True,extra_trees,0.76,False,0.643192
fallback_extra_trees_thr0.76,1c1258a1-d0f6-433e-9466-dbc1705fa263,169,high,1,24.521901,appearance,2.121,True,True,True,extra_trees,0.76,False,0.668321
fallback_extra_trees_thr0.76,1c1258a1-d0f6-433e-9466-dbc1705fa263,170,high,1,30.630862,map,0.0,True,True,True,extra_trees,0.76,False,0.710542
fallback_extra_trees_thr0.76,1c1258a1-d0f6-433e-9466-dbc1705fa263,171,high,1,27.4095,appearance,2.121,True,True,True,extra_trees,0.76,False,0.708374
fallback_extra_trees_thr0.76,1c1258a1-d0f6-433e-9466-dbc1705fa263,172,high,1,27.039954,map,0.0,True,True,True,extra_trees,0.76,False,0.684163
fallback_extra_trees_thr0.76,1c1258a1-d0f6-433e-9466-dbc1705fa263,173,high,1,31.816613,map,0.0,True,True,True,extra_trees,0.76,False,0.710591
fallback_extra_trees_thr0.76,1c1258a1-d0f6-433e-9466-dbc1705fa263,174,high,1,28.556055,appearance,1.803,True,True,True,extra_trees,0.76,False,0.704033
fallback_extra_trees_thr0.76,1c1258a1-d0f6-433e-9466-dbc1705fa263,175,high,1,35.430512,map,0.0,True,True,True,extra_trees,0.76,False,0.747092
fallback_extra_trees_thr0.76,1c1258a1-d0f6-433e-9466-dbc1705fa263,176,high,1,32.651767,appearance,1.803,True,True,True,extra_trees,0.76,False,0.733189
fallback_extra_trees_thr0.76,1c1258a1-d0f6-433e-9466-dbc1705fa263,177,high,1,33.159453,map,0.0,True,True,True,extra_trees,0.76,False,0.738597
fallback_extra_trees_thr0.76,1c1258a1-d0f6-433e-9466-dbc1705fa263,178,high,1,0.806008,map,0.0,True,True,True,extra_trees,0.76,True,0.806008
fallback_extra_trees_thr0.76,1c1258a1-d0f6-433e-9466-dbc1705fa263,180,high,1,0.801371,map,0.0,True,True,True,extra_trees,0.76,True,0.801371
fallback_extra_trees_thr0.76,1c1258a1-d0f6-433e-9466-dbc1705fa263,182,high,1,0.809034,map,0.0,True,True,True,extra_trees,0.76,True,0.809034
fallback_extra_trees_thr0.76,1c1258a1-d0f6-433e-9466-dbc1705fa263,183,high,1,0.821195,map,0.0,True,True,True,extra_trees,0.76,True,0.821195
fallback_extra_trees_thr0.76,1c1258a1-d0f6-433e-9466-dbc1705fa263,184,high,1,0.804104,appearance,2.5,True,True,True,extra_trees,0.76,True,0.804104
fallback_extra_trees_thr0.76,1c1258a1-d0f6-433e-9466-dbc1705fa263,185,high,1,0.839354,map,0.0,True,True,True,extra_trees,0.76,True,0.839354
fallback_extra_trees_thr0.76,1c1258a1-d0f6-433e-9466-dbc1705fa263,186,high,1,0.809509,appearance,7.159,True,True,True,extra_trees,0.76,True,0.809509
fallback_extra_trees_thr0.76,1c1258a1-d0f6-433e-9466-dbc1705fa263,187,high,1,0.807247,map,0.0,True,True,True,extra_trees,0.76,True,0.807247
fallback_extra_trees_thr0.76,1c1258a1-d0f6-433e-9466-dbc1705fa263,188,high,1,0.827535,map,0.0,True,True,True,extra_trees,0.76,True,0.827535
fallback_extra_trees_thr0.76,1c1258a1-d0f6-433e-9466-dbc1705fa263,189,high,1,0.817119,map,1.581,True,True,True,extra_trees,0.76,True,0.817119
fallback_extra_trees_thr0.76,1c1258a1-d0f6-433e-9466-dbc1705fa263,190,high,1,0.823046,map,0.0,True,True,True,extra_trees,0.76,True,0.823046
fallback_extra_trees_thr0.76,1c1258a1-d0f6-433e-9466-dbc1705fa263,191,high,1,0.782096,map,0.0,True,True,True,extra_trees,0.76,True,0.782096
fallback_extra_trees_thr0.76,1c1258a1-d0f6-433e-9466-dbc1705fa263,192,high,1,0.788094,map,0.0,True,True,True,extra_trees,0.76,True,0.788094
fallback_extra_trees_thr0.76,1c1258a1-d0f6-433e-9466-dbc1705fa263,193,high,1,0.792058,map,0.0,True,True,True,extra_trees,0.76,True,0.792058
fallback_extra_trees_thr0.76,1c1258a1-d0f6-433e-9466-dbc1705fa263,194,high,1,32.220991,map,0.0,True,True,True,extra_trees,0.76,False,0.734373
fallback_extra_trees_thr0.76,1c1258a1-d0f6-433e-9466-dbc1705fa263,195,high,1,34.755391,map,0.0,True,True,True,extra_trees,0.76,False,0.733003
fallback_extra_trees_thr0.76,1c1258a1-d0f6-433e-9466-dbc1705fa263,197,high,1,30.387572,map,0.0,True,True,True,extra_trees,0.76,False,0.72028
fallback_extra_trees_thr0.76,1c1258a1-d0f6-433e-9466-dbc1705fa263,198,high,1,30.892532,map,0.0,True,True,True,extra_trees,0.76,False,0.716678
fallback_extra_trees_thr0.76,1c1258a1-d0f6-433e-9466-dbc1705fa263,200,high,1,31.424309,map,0.0,True,True,True,extra_trees,0.76,False,0.743607
fallback_extra_trees_thr0.76,1c1258a1-d0f6-433e-9466-dbc1705fa263,201,high,1,24.518863,map,0.0,True,True,True,extra_trees,0.76,False,0.670771
fallback_extra_trees_thr0.76,1c1258a1-d0f6-433e-9466-dbc1705fa263,202,high,1,25.241298,map,0.0,True,True,True,extra_trees,0.76,False,0.693149
fallback_extra_trees_thr0.76,1c1258a1-d0f6-433e-9466-dbc1705fa263,203,high,1,32.517908,map,0.0,True,True,True,extra_trees,0.76,False,0.74927
fallback_extra_trees_thr0.76,1c1258a1-d0f6-433e-9466-dbc1705fa263,204,high,1,29.369346,appearance,3.162,True,True,True,extra_trees,0.76,False,0.724438
fallback_extra_trees_thr0.76,1c1258a1-d0f6-433e-9466-dbc1705fa263,205,high,1,31.748737,map,0.0,True,True,True,extra_trees,0.76,False,0.69861
fallback_extra_trees_thr0.76,1c1258a1-d0f6-433e-9466-dbc1705fa263,207,high,1,26.210624,map,0.0,True,True,True,extra_trees,0.76,False,0.688322
fallback_extra_trees_thr0.76,1c1258a1-d0f6-433e-9466-dbc1705fa263,208,high,1,31.16925,map,0.0,True,True,True,extra_trees,0.76,False,0.710516
fallback_extra_trees_thr0.76,1c1258a1-d0f6-433e-9466-dbc1705fa263,210,high,1,31.359426,map,0.0,True,True,True,extra_trees,0.76,False,0.745716
fallback_extra_trees_thr0.76,1c1258a1-d0f6-433e-9466-dbc1705fa263,211,high,1,28.255823,appearance,1.803,True,True,True,extra_trees,0.76,False,0.757656
fallback_extra_trees_thr0.76,1c1258a1-d0f6-433e-9466-dbc1705fa263,212,high,1,28.064707,map,0.0,True,True,True,extra_trees,0.76,False,0.749117
fallback_extra_trees_thr0.76,1c1258a1-d0f6-433e-9466-dbc1705fa263,213,high,1,30.768728,map,0.0,True,True,True,extra_trees,0.76,False,0.742868
fallback_extra_trees_thr0.76,1c1258a1-d0f6-433e-9466-dbc1705fa263,215,high,1,0.79141,map,0.0,True,True,True,extra_trees,0.76,True,0.79141
fallback_extra_trees_thr0.76,1c1258a1-d0f6-433e-9466-dbc1705fa263,216,high,1,0.78867,map,1.581,True,True,True,extra_trees,0.76,True,0.78867
fallback_extra_trees_thr0.76,1c1258a1-d0f6-433e-9466-dbc1705fa263,217,high,1,30.333806,map,0.0,True,True,True,extra_trees,0.76,False,0.75332
fallback_extra_trees_thr0.76,1c1258a1-d0f6-433e-9466-dbc1705fa263,218,high,1,0.771417,map,0.0,True,True,True,extra_trees,0.76,True,0.771417
fallback_extra_trees_thr0.76,1c1258a1-d0f6-433e-9466-dbc1705fa263,219,high,1,0.775026,appearance,2.915,True,True,True,extra_trees,0.76,True,0.775026
fallback_extra_trees_thr0.76,1c1258a1-d0f6-433e-9466-dbc1705fa263,220,high,1,0.779475,map,0.0,True,True,True,extra_trees,0.76,True,0.779475
fallback_extra_trees_thr0.76,1c1258a1-d0f6-433e-9466-dbc1705fa263,222,high,1,32.922113,map,0.0,True,True,True,extra_trees,0.76,False,0.735939
fallback_extra_trees_thr0.76,1c1258a1-d0f6-433e-9466-dbc1705fa263,223,high,1,0.789086,map,3.536,True,True,True,extra_trees,0.76,True,0.789086
fallback_extra_trees_thr0.76,1c1258a1-d0f6-433e-9466-dbc1705fa263,225,high,1,0.764842,map,3.536,True,True,True,extra_trees,0.76,True,0.764842
fallback_extra_trees_thr0.76,1c1258a1-d0f6-433e-9466-dbc1705fa263,227,high,1,25.396601,map,0.0,True,True,True,extra_trees,0.76,False,0.738086
fallback_extra_trees_thr0.76,1c1258a1-d0f6-433e-9466-dbc1705fa263,228,high,1,0.763539,map,0.0,True,True,True,extra_trees,0.76,True,0.763539
fallback_extra_trees_thr0.76,1c1258a1-d0f6-433e-9466-dbc1705fa263,230,high,2,0.786294,motion,3.162,True,True,True,extra_trees,0.76,True,0.786294
fallback_extra_trees_thr0.76,1c1258a1-d0f6-433e-9466-dbc1705fa263,233,high,2,0.80703,map,0.0,True,True,True,extra_trees,0.76,True,0.80703
fallback_extra_trees_thr0.76,1c1258a1-d0f6-433e-9466-dbc1705fa263,234,medium_high,1,15.774146,appearance,2.0,True,True,True,extra_trees,0.76,False,0.733974
fallback_extra_trees_thr0.76,1c1258a1-d0f6-433e-9466-dbc1705fa263,235,medium_high,1,13.193089,appearance,2.001,True,True,True,extra_trees,0.76,False,0.713245
fallback_extra_trees_thr0.76,1c1258a1-d0f6-433e-9466-dbc1705fa263,236,medium_high,1,13.129934,appearance,2.532,True,True,True,extra_trees,0.76,False,0.654603
fallback_extra_trees_thr0.76,1c1258a1-d0f6-433e-9466-dbc1705fa263,237,medium_high,1,6.586473,appearance,2.527,True,True,True,extra_trees,0.76,False,0.598742
fallback_extra_trees_thr0.76,1c1258a1-d0f6-433e-9466-dbc1705fa263,238,medium_high,1,4.326787,map,178.28,False,False,True,extra_trees,0.76,False,0.477832
fallback_extra_trees_thr0.76,1c1258a1-d0f6-433e-9466-dbc1705fa263,239,medium_high,1,2.91204,map,177.645,False,False,True,extra_trees,0.76,False,0.434651
fallback_extra_trees_thr0.76,1c1258a1-d0f6-433e-9466-dbc1705fa263,240,medium_high,1,3.210041,map,190.82,False,False,True,extra_trees,0.76,False,0.445459
fallback_extra_trees_thr0.76,1c1258a1-d0f6-433e-9466-dbc1705fa263,241,medium_high,1,1.685041,map,191.126,False,False,True,extra_trees,0.76,False,0.463306
fallback_extra_trees_thr0.76,1c1258a1-d0f6-433e-9466-dbc1705fa263,242,medium_high,1,3.14139,map,188.928,False,False,True,extra_trees,0.76,False,0.440118
fallback_extra_trees_thr0.76,1c1258a1-d0f6-433e-9466-dbc1705fa263,243,medium_high,1,2.456474,map,135.6,False,False,True,extra_trees,0.76,False,0.445739
fallback_extra_trees_thr0.76,1c1258a1-d0f6-433e-9466-dbc1705fa263,244,medium_high,1,2.745262,map,201.849,False,False,True,extra_trees,0.76,False,0.446265
fallback_extra_trees_thr0.76,1c1258a1-d0f6-433e-9466-dbc1705fa263,245,medium_high,1,3.310206,map,190.174,False,False,True,extra_trees,0.76,False,0.445895
fallback_extra_trees_thr0.76,1c1258a1-d0f6-433e-9466-dbc1705fa263,246,medium_high,1,2.771802,map,198.224,False,False,True,extra_trees,0.76,False,0.464423
fallback_extra_trees_thr0.76,1c1258a1-d0f6-433e-9466-dbc1705fa263,247,medium_high,1,3.073521,map,194.186,False,False,True,extra_trees,0.76,False,0.460322
fallback_extra_trees_thr0.76,1c1258a1-d0f6-433e-9466-dbc1705fa263,248,medium_high,1,4.332313,map,105.746,False,False,True,extra_trees,0.76,False,0.439411
fallback_extra_trees_thr0.76,1c1258a1-d0f6-433e-9466-dbc1705fa263,249,medium_high,1,3.572763,appearance,6.494,True,True,True,extra_trees,0.76,False,0.439864
fallback_extra_trees_thr0.76,1c1258a1-d0f6-433e-9466-dbc1705fa263,250,medium_high,1,2.748401,map,113.061,False,False,True,extra_trees,0.76,False,0.349285
fallback_extra_trees_thr0.76,1c1258a1-d0f6-433e-9466-dbc1705fa263,251,medium_high,1,3.877271,appearance,5.951,True,True,True,extra_trees,0.76,False,0.289535
fallback_extra_trees_thr0.76,1c1258a1-d0f6-433e-9466-dbc1705fa263,252,medium_high,1,6.978679,appearance,6.843,True,True,True,extra_trees,0.76,False,0.387328
fallback_extra_trees_thr0.76,1c1258a1-d0f6-433e-9466-dbc1705fa263,253,medium_high,1,7.155574,map,8.769,False,True,True,extra_trees,0.76,False,0.429953
fallback_extra_trees_thr0.76,1c1258a1-d0f6-433e-9466-dbc1705fa263,254,medium_high,1,7.444731,appearance,5.86,True,True,True,extra_trees,0.76,False,0.428186
fallback_extra_trees_thr0.76,1c1258a1-d0f6-433e-9466-dbc1705fa263,255,medium_high,1,9.234683,map,8.723,False,True,True,extra_trees,0.76,False,0.522002
fallback_extra_trees_thr0.76,1c1258a1-d0f6-433e-9466-dbc1705fa263,256,medium_high,1,9.358914,map,8.692,False,True,True,extra_trees,0.76,False,0.458554
fallback_extra_trees_thr0.76,1c1258a1-d0f6-433e-9466-dbc1705fa263,257,medium_high,1,8.849145,appearance,4.888,True,True,True,extra_trees,0.76,False,0.412677
fallback_extra_trees_thr0.76,1c1258a1-d0f6-433e-9466-dbc1705fa263,258,medium_high,1,5.248161,appearance,4.862,True,True,True,extra_trees,0.76,False,0.382449
fallback_extra_trees_thr0.76,1c1258a1-d0f6-433e-9466-dbc1705fa263,259,medium_high,1,8.948821,appearance,3.714,True,True,True,extra_trees,0.76,False,0.406484
fallback_extra_trees_thr0.76,1c1258a1-d0f6-433e-9466-dbc1705fa263,260,medium_high,1,8.697747,map,2.1,True,True,True,extra_trees,0.76,False,0.517189
fallback_extra_trees_thr0.76,1c1258a1-d0f6-433e-9466-dbc1705fa263,261,medium_high,1,6.369104,appearance,2.719,True,True,True,extra_trees,0.76,False,0.494315
fallback_extra_trees_thr0.76,1c1258a1-d0f6-433e-9466-dbc1705fa263,262,medium_high,1,11.235457,map,0.03,True,True,True,extra_trees,0.76,False,0.638713
fallback_extra_trees_thr0.76,1c1258a1-d0f6-433e-9466-dbc1705fa263,263,high,1,13.765084,map,0.0,True,True,True,extra_trees,0.76,False,0.697014
fallback_extra_trees_thr0.76,1c1258a1-d0f6-433e-9466-dbc1705fa263,264,high,1,15.766936,appearance,3.0,True,True,True,extra_trees,0.76,False,0.753585
fallback_extra_trees_thr0.76,1c1258a1-d0f6-433e-9466-dbc1705fa263,265,high,1,0.788676,map,0.0,True,True,True,extra_trees,0.76,True,0.788676
fallback_extra_trees_thr0.76,1c1258a1-d0f6-433e-9466-dbc1705fa263,266,high,1,0.809921,appearance,3.536,True,True,True,extra_trees,0.76,True,0.809921
fallback_extra_trees_thr0.76,1c1258a1-d0f6-433e-9466-dbc1705fa263,267,high,1,0.834868,map,0.0,True,True,True,extra_trees,0.76,True,0.834868
fallback_extra_trees_thr0.76,1c1258a1-d0f6-433e-9466-dbc1705fa263,268,high,1,0.852499,map,0.0,True,True,True,extra_trees,0.76,True,0.852499
fallback_extra_trees_thr0.76,1c1258a1-d0f6-433e-9466-dbc1705fa263,269,high,1,0.867948,appearance,4.123,True,True,True,extra_trees,0.76,True,0.867948
fallback_extra_trees_thr0.76,1c1258a1-d0f6-433e-9466-dbc1705fa263,270,high,1,0.871781,map,0.0,True,True,True,extra_trees,0.76,True,0.871781
fallback_extra_trees_thr0.76,1c1258a1-d0f6-433e-9466-dbc1705fa263,271,high,1,0.873779,appearance,3.041,True,True,True,extra_trees,0.76,True,0.873779
fallback_extra_trees_thr0.76,1c1258a1-d0f6-433e-9466-dbc1705fa263,272,high,1,0.870021,map,0.0,True,True,True,extra_trees,0.76,True,0.870021
fallback_extra_trees_thr0.76,1c1258a1-d0f6-433e-9466-dbc1705fa263,273,high,2,0.881712,appearance,3.041,True,True,True,extra_trees,0.76,True,0.881712
fallback_extra_trees_thr0.76,1c1258a1-d0f6-433e-9466-dbc1705fa263,274,high,1,0.868588,appearance,4.031,True,True,True,extra_trees,0.76,True,0.868588
fallback_extra_trees_thr0.76,1c1258a1-d0f6-433e-9466-dbc1705fa263,275,high,1,0.870001,map,0.0,True,True,True,extra_trees,0.76,True,0.870001
fallback_extra_trees_thr0.76,1c1258a1-d0f6-433e-9466-dbc1705fa263,276,high,1,0.85978,appearance,3.808,True,True,True,extra_trees,0.76,True,0.85978
fallback_extra_trees_thr0.76,1c1258a1-d0f6-433e-9466-dbc1705fa263,277,high,1,0.861612,map,0.0,True,True,True,extra_trees,0.76,True,0.861612
fallback_extra_trees_thr0.76,1c1258a1-d0f6-433e-9466-dbc1705fa263,278,high,1,0.861696,map,0.0,True,True,True,extra_trees,0.76,True,0.861696
fallback_extra_trees_thr0.76,1c1258a1-d0f6-433e-9466-dbc1705fa263,279,high,1,0.85305,appearance,3.5,True,True,True,extra_trees,0.76,True,0.85305
fallback_extra_trees_thr0.76,1c1258a1-d0f6-433e-9466-dbc1705fa263,280,high,2,0.856458,map,4.743,True,True,True,extra_trees,0.76,True,0.856458
fallback_extra_trees_thr0.76,1c1258a1-d0f6-433e-9466-dbc1705fa263,281,high,1,0.842845,appearance,3.041,True,True,True,extra_trees,0.76,True,0.842845
fallback_extra_trees_thr0.76,1c1258a1-d0f6-433e-9466-dbc1705fa263,282,high,1,0.84354,map,0.0,True,True,True,extra_trees,0.76,True,0.84354
fallback_extra_trees_thr0.76,1c1258a1-d0f6-433e-9466-dbc1705fa263,283,high,1,0.84994,map,0.0,True,True,True,extra_trees,0.76,True,0.84994
fallback_extra_trees_thr0.76,1c1258a1-d0f6-433e-9466-dbc1705fa263,284,high,1,0.84796,appearance,3.5,True,True,True,extra_trees,0.76,True,0.84796
fallback_extra_trees_thr0.76,1c1258a1-d0f6-433e-9466-dbc1705fa263,285,high,3,0.854757,map,5.148,True,True,True,extra_trees,0.76,True,0.854757
fallback_extra_trees_thr0.76,1c1258a1-d0f6-433e-9466-dbc1705fa263,286,high,1,0.83934,appearance,3.041,True,True,True,extra_trees,0.76,True,0.83934
fallback_extra_trees_thr0.76,1c1258a1-d0f6-433e-9466-dbc1705fa263,287,high,1,0.841107,map,0.0,True,True,True,extra_trees,0.76,True,0.841107
fallback_extra_trees_thr0.76,1c1258a1-d0f6-433e-9466-dbc1705fa263,288,high,1,0.845309,map,0.0,True,True,True,extra_trees,0.76,True,0.845309
fallback_extra_trees_thr0.76,1c1258a1-d0f6-433e-9466-dbc1705fa263,289,high,1,0.837538,appearance,3.162,True,True,True,extra_trees,0.76,True,0.837538
fallback_extra_trees_thr0.76,1c1258a1-d0f6-433e-9466-dbc1705fa263,290,high,1,0.843956,map,0.0,True,True,True,extra_trees,0.76,True,0.843956
fallback_extra_trees_thr0.76,1c1258a1-d0f6-433e-9466-dbc1705fa263,291,high,1,0.830209,appearance,3.5,True,True,True,extra_trees,0.76,True,0.830209
fallback_extra_trees_thr0.76,1c1258a1-d0f6-433e-9466-dbc1705fa263,292,high,1,0.839875,map,0.0,True,True,True,extra_trees,0.76,True,0.839875
fallback_extra_trees_thr0.76,1c1258a1-d0f6-433e-9466-dbc1705fa263,293,high,1,0.843004,map,0.0,True,True,True,extra_trees,0.76,True,0.843004
fallback_extra_trees_thr0.76,1c1258a1-d0f6-433e-9466-dbc1705fa263,294,high,1,0.835556,appearance,3.64,True,True,True,extra_trees,0.76,True,0.835556
fallback_extra_trees_thr0.76,1c1258a1-d0f6-433e-9466-dbc1705fa263,295,high,1,0.845744,map,0.0,True,True,True,extra_trees,0.76,True,0.845744
fallback_extra_trees_thr0.76,1c1258a1-d0f6-433e-9466-dbc1705fa263,296,high,1,0.819737,appearance,3.041,True,True,True,extra_trees,0.76,True,0.819737
fallback_extra_trees_thr0.76,1c1258a1-d0f6-433e-9466-dbc1705fa263,297,high,1,0.827685,map,0.0,True,True,True,extra_trees,0.76,True,0.827685
fallback_extra_trees_thr0.76,1c1258a1-d0f6-433e-9466-dbc1705fa263,298,high,1,0.83032,map,0.0,True,True,True,extra_trees,0.76,True,0.83032
fallback_extra_trees_thr0.76,1c1258a1-d0f6-433e-9466-dbc1705fa263,299,high,2,0.807818,appearance,7.106,True,True,True,extra_trees,0.76,True,0.807818
fallback_extra_trees_thr0.76,1c1258a1-d0f6-433e-9466-dbc1705fa263,300,high,1,0.813402,map,0.0,True,True,True,extra_trees,0.76,True,0.813402
fallback_extra_trees_thr0.76,1c1258a1-d0f6-433e-9466-dbc1705fa263,301,high,1,0.779558,map,0.0,True,True,True,extra_trees,0.76,True,0.779558
fallback_extra_trees_thr0.76,1c1258a1-d0f6-433e-9466-dbc1705fa263,302,high,1,0.785132,map,0.0,True,True,True,extra_trees,0.76,True,0.785132
fallback_extra_trees_thr0.76,1c1258a1-d0f6-433e-9466-dbc1705fa263,303,high,2,0.788334,map,0.0,True,True,True,extra_trees,0.76,True,0.788334
fallback_extra_trees_thr0.76,1c1258a1-d0f6-433e-9466-dbc1705fa263,304,high,1,31.53351,map,0.0,True,True,True,extra_trees,0.76,False,0.75188
fallback_extra_trees_thr0.76,1c1258a1-d0f6-433e-9466-dbc1705fa263,305,high,1,0.787578,map,0.0,True,True,True,extra_trees,0.76,True,0.787578
fallback_extra_trees_thr0.76,1c1258a1-d0f6-433e-9466-dbc1705fa263,306,high,1,29.273918,map,0.0,True,True,True,extra_trees,0.76,False,0.744883
fallback_extra_trees_thr0.76,1c1258a1-d0f6-433e-9466-dbc1705fa263,307,high,1,0.7661,map,0.0,True,True,True,extra_trees,0.76,True,0.7661
fallback_extra_trees_thr0.76,1c1258a1-d0f6-433e-9466-dbc1705fa263,308,high,2,0.765084,map,0.0,True,True,True,extra_trees,0.76,True,0.765084
fallback_extra_trees_thr0.76,1c1258a1-d0f6-433e-9466-dbc1705fa263,309,high,1,21.531838,map,0.0,True,True,True,extra_trees,0.76,False,0.733067
fallback_extra_trees_thr0.76,1c1258a1-d0f6-433e-9466-dbc1705fa263,310,high,1,26.694548,map,0.0,True,True,True,extra_trees,0.76,False,0.755162
fallback_extra_trees_thr0.76,1c1258a1-d0f6-433e-9466-dbc1705fa263,311,high,1,23.424142,map,3.606,True,True,True,extra_trees,0.76,False,0.732543
fallback_extra_trees_thr0.76,1c1258a1-d0f6-433e-9466-dbc1705fa263,312,high,1,27.621434,map,0.0,True,True,True,extra_trees,0.76,False,0.755562
fallback_extra_trees_thr0.76,1c1258a1-d0f6-433e-9466-dbc1705fa263,313,high,1,34.986745,map,0.0,True,True,True,extra_trees,0.76,False,0.748703
fallback_extra_trees_thr0.76,1c1258a1-d0f6-433e-9466-dbc1705fa263,314,high,1,33.214694,map,0.0,True,True,True,extra_trees,0.76,False,0.736155
fallback_extra_trees_thr0.76,1c1258a1-d0f6-433e-9466-dbc1705fa263,315,high,1,0.785734,map,0.0,True,True,True,extra_trees,0.76,True,0.785734
fallback_extra_trees_thr0.76,1c1258a1-d0f6-433e-9466-dbc1705fa263,316,high,1,0.76918,map,0.0,True,True,True,extra_trees,0.76,True,0.76918
fallback_extra_trees_thr0.76,1c1258a1-d0f6-433e-9466-dbc1705fa263,317,high,1,0.795893,map,0.0,True,True,True,extra_trees,0.76,True,0.795893
fallback_extra_trees_thr0.76,1c1258a1-d0f6-433e-9466-dbc1705fa263,318,high,2,0.786056,map,0.0,True,True,True,extra_trees,0.76,True,0.786056
fallback_extra_trees_thr0.76,1c1258a1-d0f6-433e-9466-dbc1705fa263,319,high,1,39.973934,map,7.382,True,True,True,extra_trees,0.76,False,0.754403
fallback_extra_trees_thr0.76,1c1258a1-d0f6-433e-9466-dbc1705fa263,320,high,1,0.808066,map,0.0,True,True,True,extra_trees,0.76,True,0.808066
fallback_extra_trees_thr0.76,1c1258a1-d0f6-433e-9466-dbc1705fa263,321,high,1,0.776745,map,3.162,True,True,True,extra_trees,0.76,True,0.776745
fallback_extra_trees_thr0.76,1c1258a1-d0f6-433e-9466-dbc1705fa263,322,high,1,0.795265,map,0.0,True,True,True,extra_trees,0.76,True,0.795265
fallback_extra_trees_thr0.76,1c1258a1-d0f6-433e-9466-dbc1705fa263,323,high,1,0.796138,map,0.0,True,True,True,extra_trees,0.76,True,0.796138
fallback_extra_trees_thr0.76,1c1258a1-d0f6-433e-9466-dbc1705fa263,324,high,2,0.764804,map,0.0,True,True,True,extra_trees,0.76,True,0.764804
fallback_extra_trees_thr0.76,1c1258a1-d0f6-433e-9466-dbc1705fa263,325,high,1,0.769176,map,0.0,True,True,True,extra_trees,0.76,True,0.769176
fallback_extra_trees_thr0.76,1c1258a1-d0f6-433e-9466-dbc1705fa263,326,high,1,34.446673,appearance,5.025,True,True,True,extra_trees,0.76,False,0.736038
fallback_extra_trees_thr0.76,1c1258a1-d0f6-433e-9466-dbc1705fa263,327,high,1,32.768037,map,19.66,False,False,True,extra_trees,0.76,False,0.711445
fallback_extra_trees_thr0.76,1c1258a1-d0f6-433e-9466-dbc1705fa263,328,high,1,36.260087,map,0.0,True,True,True,extra_trees,0.76,False,0.699503
fallback_extra_trees_thr0.76,1c1258a1-d0f6-433e-9466-dbc1705fa263,329,high,1,26.66019,map,0.0,True,True,True,extra_trees,0.76,False,0.661734
fallback_extra_trees_thr0.76,1c1258a1-d0f6-433e-9466-dbc1705fa263,330,high,1,29.371764,map,13.285,False,True,True,extra_trees,0.76,False,0.606983
fallback_extra_trees_thr0.76,1c1258a1-d0f6-433e-9466-dbc1705fa263,331,high,1,22.35833,appearance,9.014,False,True,True,extra_trees,0.76,False,0.622955
fallback_extra_trees_thr0.76,1c1258a1-d0f6-433e-9466-dbc1705fa263,332,high,1,19.909903,map,10.7,False,True,True,extra_trees,0.76,False,0.6265
fallback_extra_trees_thr0.76,1c1258a1-d0f6-433e-9466-dbc1705fa263,333,high,1,19.898215,map,12.349,False,True,True,extra_trees,0.76,False,0.629331
fallback_extra_trees_thr0.76,1c1258a1-d0f6-433e-9466-dbc1705fa263,334,high,1,14.383787,appearance,53.528,False,False,False,extra_trees,0.76,False,0.589992
fallback_extra_trees_thr0.76,1c1258a1-d0f6-433e-9466-dbc1705fa263,335,high,1,18.107024,appearance,50.619,False,False,True,extra_trees,0.76,False,0.594103
fallback_extra_trees_thr0.76,1c1258a1-d0f6-433e-9466-dbc1705fa263,336,high,1,17.893007,appearance,51.662,False,False,True,extra_trees,0.76,False,0.585984
fallback_extra_trees_thr0.76,1c1258a1-d0f6-433e-9466-dbc1705fa263,337,high,1,18.170347,appearance,50.401,False,False,True,extra_trees,0.76,False,0.594329
fallback_extra_trees_thr0.76,1c1258a1-d0f6-433e-9466-dbc1705fa263,338,high,1,22.949276,map,12.971,False,True,True,extra_trees,0.76,False,0.593134
fallback_extra_trees_thr0.76,1c1258a1-d0f6-433e-9466-dbc1705fa263,339,high,1,17.919044,appearance,48.564,False,False,False,extra_trees,0.76,False,0.588086
fallback_extra_trees_thr0.76,1c1258a1-d0f6-433e-9466-dbc1705fa263,340,high,1,23.930809,map,12.53,False,True,True,extra_trees,0.76,False,0.587729
fallback_extra_trees_thr0.76,1c1258a1-d0f6-433e-9466-dbc1705fa263,341,high,1,18.828283,appearance,49.503,False,False,False,extra_trees,0.76,False,0.599827
fallback_extra_trees_thr0.76,1c1258a1-d0f6-433e-9466-dbc1705fa263,342,high,1,26.381407,map,13.454,False,True,False,extra_trees,0.76,False,0.590315
fallback_extra_trees_thr0.76,1c1258a1-d0f6-433e-9466-dbc1705fa263,343,high,1,35.398008,map,12.53,False,True,True,extra_trees,0.76,False,0.574558
fallback_extra_trees_thr0.76,1c1258a1-d0f6-433e-9466-dbc1705fa263,344,high,1,37.036434,appearance,11.673,False,True,True,extra_trees,0.76,False,0.604048
fallback_extra_trees_thr0.76,1c1258a1-d0f6-433e-9466-dbc1705fa263,345,high,1,45.899214,map,12.298,False,True,True,extra_trees,0.76,False,0.675567
fallback_extra_trees_thr0.76,1c1258a1-d0f6-433e-9466-dbc1705fa263,346,high,1,40.674934,appearance,11.336,False,True,False,extra_trees,0.76,False,0.692694
fallback_extra_trees_thr0.76,529a6584-8974-4cf9-b7f7-f66d49cd3845,37,high,1,0.769136,map,0.0,True,True,True,extra_trees,0.76,True,0.769136
fallback_extra_trees_thr0.76,529a6584-8974-4cf9-b7f7-f66d49cd3845,38,high,1,0.826473,map,0.0,True,True,True,extra_trees,0.76,True,0.826473
fallback_extra_trees_thr0.76,529a6584-8974-4cf9-b7f7-f66d49cd3845,39,high,2,0.824111,map,3.606,True,True,True,extra_trees,0.76,True,0.824111
fallback_extra_trees_thr0.76,529a6584-8974-4cf9-b7f7-f66d49cd3845,40,high,1,0.918693,map,0.0,True,True,True,extra_trees,0.76,True,0.918693
fallback_extra_trees_thr0.76,529a6584-8974-4cf9-b7f7-f66d49cd3845,41,high,2,0.918474,map,4.472,True,True,True,extra_trees,0.76,True,0.918474
fallback_extra_trees_thr0.76,529a6584-8974-4cf9-b7f7-f66d49cd3845,42,high,1,0.955466,map,0.0,True,True,True,extra_trees,0.76,True,0.955466
fallback_extra_trees_thr0.76,529a6584-8974-4cf9-b7f7-f66d49cd3845,43,high,1,0.958043,map,0.0,True,True,True,extra_trees,0.76,True,0.958043
fallback_extra_trees_thr0.76,529a6584-8974-4cf9-b7f7-f66d49cd3845,44,high,2,0.963362,map,0.0,True,True,True,extra_trees,0.76,True,0.963362
fallback_extra_trees_thr0.76,529a6584-8974-4cf9-b7f7-f66d49cd3845,45,high,1,0.965298,map,0.0,True,True,True,extra_trees,0.76,True,0.965298
fallback_extra_trees_thr0.76,529a6584-8974-4cf9-b7f7-f66d49cd3845,46,high,2,0.963029,map,0.0,True,True,True,extra_trees,0.76,True,0.963029
fallback_extra_trees_thr0.76,529a6584-8974-4cf9-b7f7-f66d49cd3845,47,high,1,0.96616,map,0.0,True,True,True,extra_trees,0.76,True,0.96616
fallback_extra_trees_thr0.76,529a6584-8974-4cf9-b7f7-f66d49cd3845,48,high,1,0.965357,map,0.0,True,True,True,extra_trees,0.76,True,0.965357
fallback_extra_trees_thr0.76,529a6584-8974-4cf9-b7f7-f66d49cd3845,49,high,1,0.95197,map,0.0,True,True,True,extra_trees,0.76,True,0.95197
fallback_extra_trees_thr0.76,529a6584-8974-4cf9-b7f7-f66d49cd3845,50,high,1,0.963903,map,0.0,True,True,True,extra_trees,0.76,True,0.963903
fallback_extra_trees_thr0.76,529a6584-8974-4cf9-b7f7-f66d49cd3845,51,high,1,0.948986,map,0.0,True,True,True,extra_trees,0.76,True,0.948986
fallback_extra_trees_thr0.76,529a6584-8974-4cf9-b7f7-f66d49cd3845,52,high,1,0.960061,map,0.0,True,True,True,extra_trees,0.76,True,0.960061
fallback_extra_trees_thr0.76,529a6584-8974-4cf9-b7f7-f66d49cd3845,53,high,1,0.965613,map,0.0,True,True,True,extra_trees,0.76,True,0.965613
fallback_extra_trees_thr0.76,529a6584-8974-4cf9-b7f7-f66d49cd3845,54,high,1,0.948964,map,0.0,True,True,True,extra_trees,0.76,True,0.948964
fallback_extra_trees_thr0.76,529a6584-8974-4cf9-b7f7-f66d49cd3845,55,high,1,0.962322,map,0.0,True,True,True,extra_trees,0.76,True,0.962322
fallback_extra_trees_thr0.76,529a6584-8974-4cf9-b7f7-f66d49cd3845,56,high,2,0.958073,map,0.0,True,True,True,extra_trees,0.76,True,0.958073
fallback_extra_trees_thr0.76,529a6584-8974-4cf9-b7f7-f66d49cd3845,57,high,1,0.958913,map,0.0,True,True,True,extra_trees,0.76,True,0.958913
fallback_extra_trees_thr0.76,529a6584-8974-4cf9-b7f7-f66d49cd3845,58,high,1,0.962338,map,0.0,True,True,True,extra_trees,0.76,True,0.962338
fallback_extra_trees_thr0.76,529a6584-8974-4cf9-b7f7-f66d49cd3845,59,high,2,0.955111,map,0.0,True,True,True,extra_trees,0.76,True,0.955111
fallback_extra_trees_thr0.76,529a6584-8974-4cf9-b7f7-f66d49cd3845,60,high,1,0.95694,map,0.0,True,True,True,extra_trees,0.76,True,0.95694
fallback_extra_trees_thr0.76,529a6584-8974-4cf9-b7f7-f66d49cd3845,61,high,2,0.953556,map,0.0,True,True,True,extra_trees,0.76,True,0.953556
fallback_extra_trees_thr0.76,529a6584-8974-4cf9-b7f7-f66d49cd3845,62,high,1,0.952357,map,0.0,True,True,True,extra_trees,0.76,True,0.952357
fallback_extra_trees_thr0.76,529a6584-8974-4cf9-b7f7-f66d49cd3845,63,high,1,0.95523,map,0.0,True,True,True,extra_trees,0.76,True,0.95523
fallback_extra_trees_thr0.76,529a6584-8974-4cf9-b7f7-f66d49cd3845,64,high,2,0.948622,map,0.0,True,True,True,extra_trees,0.76,True,0.948622
fallback_extra_trees_thr0.76,529a6584-8974-4cf9-b7f7-f66d49cd3845,100,high,1,0.952443,map,0.0,True,True,True,extra_trees,0.76,True,0.952443
fallback_extra_trees_thr0.76,529a6584-8974-4cf9-b7f7-f66d49cd3845,101,high,2,0.954702,map,0.0,True,True,True,extra_trees,0.76,True,0.954702
fallback_extra_trees_thr0.76,529a6584-8974-4cf9-b7f7-f66d49cd3845,102,high,1,0.955975,map,0.0,True,True,True,extra_trees,0.76,True,0.955975
fallback_extra_trees_thr0.76,529a6584-8974-4cf9-b7f7-f66d49cd3845,103,high,1,0.955088,map,0.0,True,True,True,extra_trees,0.76,True,0.955088
fallback_extra_trees_thr0.76,529a6584-8974-4cf9-b7f7-f66d49cd3845,105,high,1,0.956119,map,0.0,True,True,True,extra_trees,0.76,True,0.956119
fallback_extra_trees_thr0.76,529a6584-8974-4cf9-b7f7-f66d49cd3845,106,high,1,0.95364,appearance,9.192,False,True,True,extra_trees,0.76,True,0.95364
fallback_extra_trees_thr0.76,529a6584-8974-4cf9-b7f7-f66d49cd3845,107,high,1,0.956943,map,0.0,True,True,True,extra_trees,0.76,True,0.956943
fallback_extra_trees_thr0.76,529a6584-8974-4cf9-b7f7-f66d49cd3845,108,high,1,0.954384,map,0.0,True,True,True,extra_trees,0.76,True,0.954384
fallback_extra_trees_thr0.76,529a6584-8974-4cf9-b7f7-f66d49cd3845,109,high,2,0.949138,map,0.0,True,True,True,extra_trees,0.76,True,0.949138
fallback_extra_trees_thr0.76,529a6584-8974-4cf9-b7f7-f66d49cd3845,115,high,1,0.959348,map,0.0,True,True,True,extra_trees,0.76,True,0.959348
fallback_extra_trees_thr0.76,529a6584-8974-4cf9-b7f7-f66d49cd3845,116,high,2,0.952522,map,0.0,True,True,True,extra_trees,0.76,True,0.952522
fallback_extra_trees_thr0.76,529a6584-8974-4cf9-b7f7-f66d49cd3845,118,high,1,0.958991,map,0.0,True,True,True,extra_trees,0.76,True,0.958991
fallback_extra_trees_thr0.76,529a6584-8974-4cf9-b7f7-f66d49cd3845,119,high,2,0.953937,map,0.0,True,True,True,extra_trees,0.76,True,0.953937
fallback_extra_trees_thr0.76,529a6584-8974-4cf9-b7f7-f66d49cd3845,122,high,1,0.959497,map,0.0,True,True,True,extra_trees,0.76,True,0.959497
fallback_extra_trees_thr0.76,529a6584-8974-4cf9-b7f7-f66d49cd3845,123,high,1,0.960009,map,0.0,True,True,True,extra_trees,0.76,True,0.960009
fallback_extra_trees_thr0.76,529a6584-8974-4cf9-b7f7-f66d49cd3845,124,high,2,0.950872,map,0.0,True,True,True,extra_trees,0.76,True,0.950872
fallback_extra_trees_thr0.76,529a6584-8974-4cf9-b7f7-f66d49cd3845,127,high,1,0.954905,map,0.0,True,True,True,extra_trees,0.76,True,0.954905
fallback_extra_trees_thr0.76,529a6584-8974-4cf9-b7f7-f66d49cd3845,128,high,1,0.957258,map,0.0,True,True,True,extra_trees,0.76,True,0.957258
fallback_extra_trees_thr0.76,529a6584-8974-4cf9-b7f7-f66d49cd3845,129,high,2,0.949214,map,0.0,True,True,True,extra_trees,0.76,True,0.949214
fallback_extra_trees_thr0.76,529a6584-8974-4cf9-b7f7-f66d49cd3845,135,high,1,0.954553,map,8.062,False,True,True,extra_trees,0.76,True,0.954553
fallback_extra_trees_thr0.76,529a6584-8974-4cf9-b7f7-f66d49cd3845,136,high,2,0.944697,map,10.296,False,True,True,extra_trees,0.76,True,0.944697
fallback_extra_trees_thr0.76,529a6584-8974-4cf9-b7f7-f66d49cd3845,140,high,1,0.941335,map,7.906,True,True,True,extra_trees,0.76,True,0.941335
fallback_extra_trees_thr0.76,529a6584-8974-4cf9-b7f7-f66d49cd3845,141,high,1,0.91897,appearance,5.148,True,True,True,extra_trees,0.76,True,0.91897
fallback_extra_trees_thr0.76,529a6584-8974-4cf9-b7f7-f66d49cd3845,143,high,3,0.940213,map,0.0,True,True,True,extra_trees,0.76,True,0.940213
fallback_extra_trees_thr0.76,529a6584-8974-4cf9-b7f7-f66d49cd3845,144,high,3,0.885439,map,0.0,True,True,True,extra_trees,0.76,True,0.885439
fallback_extra_trees_thr0.76,529a6584-8974-4cf9-b7f7-f66d49cd3845,147,high,1,0.921325,map,0.0,True,True,True,extra_trees,0.76,True,0.921325
fallback_extra_trees_thr0.76,529a6584-8974-4cf9-b7f7-f66d49cd3845,148,high,1,0.937878,map,0.0,True,True,True,extra_trees,0.76,True,0.937878
fallback_extra_trees_thr0.76,59e41a0c-f704-4589-96db-d7c283d33717,324,high,1,29.76234,map,0.0,True,True,True,extra_trees,0.76,False,0.684627
fallback_extra_trees_thr0.76,59e41a0c-f704-4589-96db-d7c283d33717,330,high,1,28.312009,map,0.0,True,True,True,extra_trees,0.76,False,0.72644
fallback_extra_trees_thr0.76,59e41a0c-f704-4589-96db-d7c283d33717,336,high,1,0.905945,map,0.0,True,True,True,extra_trees,0.76,True,0.905945
fallback_extra_trees_thr0.76,59e41a0c-f704-4589-96db-d7c283d33717,342,high,1,0.837829,appearance,0.0,True,True,True,extra_trees,0.76,True,0.837829
fallback_extra_trees_thr0.76,59e41a0c-f704-4589-96db-d7c283d33717,348,high,1,0.916808,map,0.0,True,True,True,extra_trees,0.76,True,0.916808
fallback_extra_trees_thr0.76,7bd296cd-c800-4be9-ab0f-07e8d68cb648,437,high,1,0.883723,map,0.0,True,True,True,extra_trees,0.76,True,0.883723
fallback_extra_trees_thr0.76,7bd296cd-c800-4be9-ab0f-07e8d68cb648,438,high,1,0.916784,map,0.0,True,True,True,extra_trees,0.76,True,0.916784
fallback_extra_trees_thr0.76,7bd296cd-c800-4be9-ab0f-07e8d68cb648,439,high,2,0.90549,map,3.606,True,True,True,extra_trees,0.76,True,0.90549
fallback_extra_trees_thr0.76,7bd296cd-c800-4be9-ab0f-07e8d68cb648,440,high,1,0.954795,map,0.0,True,True,True,extra_trees,0.76,True,0.954795
fallback_extra_trees_thr0.76,7bd296cd-c800-4be9-ab0f-07e8d68cb648,441,high,2,0.95123,map,4.472,True,True,True,extra_trees,0.76,True,0.95123
fallback_extra_trees_thr0.76,7bd296cd-c800-4be9-ab0f-07e8d68cb648,442,high,1,0.968274,map,0.0,True,True,True,extra_trees,0.76,True,0.968274
fallback_extra_trees_thr0.76,7bd296cd-c800-4be9-ab0f-07e8d68cb648,443,high,1,0.968539,map,0.0,True,True,True,extra_trees,0.76,True,0.968539
fallback_extra_trees_thr0.76,7bd296cd-c800-4be9-ab0f-07e8d68cb648,444,high,2,0.965633,map,0.0,True,True,True,extra_trees,0.76,True,0.965633
fallback_extra_trees_thr0.76,7bd296cd-c800-4be9-ab0f-07e8d68cb648,445,high,1,0.968231,map,0.0,True,True,True,extra_trees,0.76,True,0.968231
fallback_extra_trees_thr0.76,7bd296cd-c800-4be9-ab0f-07e8d68cb648,446,high,1,0.959957,map,0.0,True,True,True,extra_trees,0.76,True,0.959957
fallback_extra_trees_thr0.76,7bd296cd-c800-4be9-ab0f-07e8d68cb648,447,high,1,0.966752,map,0.0,True,True,True,extra_trees,0.76,True,0.966752
fallback_extra_trees_thr0.76,7bd296cd-c800-4be9-ab0f-07e8d68cb648,448,high,1,0.960284,map,4.743,True,True,True,extra_trees,0.76,True,0.960284
fallback_extra_trees_thr0.76,7bd296cd-c800-4be9-ab0f-07e8d68cb648,449,high,1,0.948739,map,4.243,True,True,True,extra_trees,0.76,True,0.948739
fallback_extra_trees_thr0.76,7bd296cd-c800-4be9-ab0f-07e8d68cb648,450,high,1,0.964445,map,0.0,True,True,True,extra_trees,0.76,True,0.964445
fallback_extra_trees_thr0.76,7bd296cd-c800-4be9-ab0f-07e8d68cb648,451,high,1,0.95126,map,0.0,True,True,True,extra_trees,0.76,True,0.95126
fallback_extra_trees_thr0.76,7bd296cd-c800-4be9-ab0f-07e8d68cb648,452,high,1,0.955563,map,0.0,True,True,True,extra_trees,0.76,True,0.955563
fallback_extra_trees_thr0.76,7bd296cd-c800-4be9-ab0f-07e8d68cb648,453,high,1,0.965266,map,0.0,True,True,True,extra_trees,0.76,True,0.965266
fallback_extra_trees_thr0.76,7bd296cd-c800-4be9-ab0f-07e8d68cb648,454,high,1,0.953576,map,0.0,True,True,True,extra_trees,0.76,True,0.953576
fallback_extra_trees_thr0.76,7bd296cd-c800-4be9-ab0f-07e8d68cb648,455,high,1,0.964753,map,0.0,True,True,True,extra_trees,0.76,True,0.964753
fallback_extra_trees_thr0.76,7bd296cd-c800-4be9-ab0f-07e8d68cb648,456,high,2,0.956911,map,0.0,True,True,True,extra_trees,0.76,True,0.956911
fallback_extra_trees_thr0.76,7bd296cd-c800-4be9-ab0f-07e8d68cb648,457,high,1,0.963309,map,0.0,True,True,True,extra_trees,0.76,True,0.963309
fallback_extra_trees_thr0.76,7bd296cd-c800-4be9-ab0f-07e8d68cb648,458,high,1,0.96712,map,0.0,True,True,True,extra_trees,0.76,True,0.96712
fallback_extra_trees_thr0.76,7bd296cd-c800-4be9-ab0f-07e8d68cb648,459,high,1,0.951104,map,0.0,True,True,True,extra_trees,0.76,True,0.951104
fallback_extra_trees_thr0.76,7bd296cd-c800-4be9-ab0f-07e8d68cb648,460,high,1,0.96098,map,0.0,True,True,True,extra_trees,0.76,True,0.96098
fallback_extra_trees_thr0.76,7bd296cd-c800-4be9-ab0f-07e8d68cb648,461,high,2,0.958093,map,0.0,True,True,True,extra_trees,0.76,True,0.958093
fallback_extra_trees_thr0.76,7bd296cd-c800-4be9-ab0f-07e8d68cb648,462,high,1,0.954571,map,0.0,True,True,True,extra_trees,0.76,True,0.954571
fallback_extra_trees_thr0.76,7bd296cd-c800-4be9-ab0f-07e8d68cb648,463,high,1,0.963253,map,0.0,True,True,True,extra_trees,0.76,True,0.963253
fallback_extra_trees_thr0.76,7bd296cd-c800-4be9-ab0f-07e8d68cb648,465,high,1,0.949418,map,0.0,True,True,True,extra_trees,0.76,True,0.949418
fallback_extra_trees_thr0.76,7bd296cd-c800-4be9-ab0f-07e8d68cb648,494,high,2,0.938025,map,1.414,True,True,True,extra_trees,0.76,True,0.938025
fallback_extra_trees_thr0.76,7bd296cd-c800-4be9-ab0f-07e8d68cb648,500,high,1,0.940521,map,0.0,True,True,True,extra_trees,0.76,True,0.940521
fallback_extra_trees_thr0.76,7bd296cd-c800-4be9-ab0f-07e8d68cb648,501,high,1,0.915856,appearance,4.0,True,True,True,extra_trees,0.76,True,0.915856
fallback_extra_trees_thr0.76,7bd296cd-c800-4be9-ab0f-07e8d68cb648,503,high,1,0.94666,map,0.0,True,True,True,extra_trees,0.76,True,0.94666
fallback_extra_trees_thr0.76,7bd296cd-c800-4be9-ab0f-07e8d68cb648,505,high,1,0.959264,map,0.0,True,True,True,extra_trees,0.76,True,0.959264
fallback_extra_trees_thr0.76,7bd296cd-c800-4be9-ab0f-07e8d68cb648,506,high,1,0.95762,appearance,10.548,False,True,True,extra_trees,0.76,True,0.95762
fallback_extra_trees_thr0.76,7bd296cd-c800-4be9-ab0f-07e8d68cb648,508,high,1,0.957997,map,0.0,True,True,True,extra_trees,0.76,True,0.957997
fallback_extra_trees_thr0.76,7bd296cd-c800-4be9-ab0f-07e8d68cb648,509,high,2,0.943179,map,0.0,True,True,True,extra_trees,0.76,True,0.943179
fallback_extra_trees_thr0.76,7bd296cd-c800-4be9-ab0f-07e8d68cb648,510,high,1,0.957415,map,0.0,True,True,True,extra_trees,0.76,True,0.957415
fallback_extra_trees_thr0.76,7bd296cd-c800-4be9-ab0f-07e8d68cb648,511,high,2,0.944869,map,0.0,True,True,True,extra_trees,0.76,True,0.944869
fallback_extra_trees_thr0.76,7bd296cd-c800-4be9-ab0f-07e8d68cb648,515,high,1,0.96162,map,0.0,True,True,True,extra_trees,0.76,True,0.96162
fallback_extra_trees_thr0.76,7bd296cd-c800-4be9-ab0f-07e8d68cb648,516,high,2,0.945917,map,0.0,True,True,True,extra_trees,0.76,True,0.945917
fallback_extra_trees_thr0.76,7bd296cd-c800-4be9-ab0f-07e8d68cb648,517,high,1,0.962139,map,0.0,True,True,True,extra_trees,0.76,True,0.962139
fallback_extra_trees_thr0.76,7bd296cd-c800-4be9-ab0f-07e8d68cb648,532,high,1,0.932811,map,8.602,False,True,True,extra_trees,0.76,True,0.932811
fallback_extra_trees_thr0.76,7bd296cd-c800-4be9-ab0f-07e8d68cb648,535,high,1,0.934803,map,8.062,False,True,True,extra_trees,0.76,True,0.934803
fallback_extra_trees_thr0.76,7bd296cd-c800-4be9-ab0f-07e8d68cb648,536,high,1,0.907922,appearance,6.265,True,True,True,extra_trees,0.76,True,0.907922
fallback_extra_trees_thr0.76,7bd296cd-c800-4be9-ab0f-07e8d68cb648,537,high,2,0.932134,map,3.536,True,True,True,extra_trees,0.76,True,0.932134
fallback_extra_trees_thr0.76,7bd296cd-c800-4be9-ab0f-07e8d68cb648,540,high,1,0.935706,map,7.906,True,True,True,extra_trees,0.76,True,0.935706
fallback_extra_trees_thr0.76,7bd296cd-c800-4be9-ab0f-07e8d68cb648,541,high,2,0.913404,map,10.124,False,True,True,extra_trees,0.76,True,0.913404
fallback_extra_trees_thr0.76,7bd296cd-c800-4be9-ab0f-07e8d68cb648,547,high,1,0.911656,map,0.0,True,True,True,extra_trees,0.76,True,0.911656
fallback_extra_trees_thr0.76,7bd296cd-c800-4be9-ab0f-07e8d68cb648,550,high,1,0.907994,map,6.364,True,True,True,extra_trees,0.76,True,0.907994
fallback_extra_trees_thr0.76,7bd296cd-c800-4be9-ab0f-07e8d68cb648,551,high,2,0.889475,map,9.192,False,True,True,extra_trees,0.76,True,0.889475
fallback_extra_trees_thr0.76,7bd296cd-c800-4be9-ab0f-07e8d68cb648,552,high,1,0.911916,map,0.0,True,True,True,extra_trees,0.76,True,0.911916
fallback_extra_trees_thr0.76,7bd296cd-c800-4be9-ab0f-07e8d68cb648,553,high,1,0.9237,map,0.0,True,True,True,extra_trees,0.76,True,0.9237
fallback_extra_trees_thr0.76,7bd296cd-c800-4be9-ab0f-07e8d68cb648,554,high,1,0.884252,appearance,0.0,True,True,True,extra_trees,0.76,True,0.884252
fallback_extra_trees_thr0.76,7bd296cd-c800-4be9-ab0f-07e8d68cb648,555,high,1,0.897813,map,0.0,True,True,True,extra_trees,0.76,True,0.897813
fallback_extra_trees_thr0.76,7bd296cd-c800-4be9-ab0f-07e8d68cb648,556,high,1,0.867238,appearance,4.472,True,True,True,extra_trees,0.76,True,0.867238
fallback_extra_trees_thr0.76,7bd296cd-c800-4be9-ab0f-07e8d68cb648,557,high,1,0.884078,map,0.0,True,True,True,extra_trees,0.76,True,0.884078
fallback_extra_trees_thr0.76,7bd296cd-c800-4be9-ab0f-07e8d68cb648,558,high,1,0.888448,map,0.0,True,True,True,extra_trees,0.76,True,0.888448
fallback_extra_trees_thr0.76,7bd296cd-c800-4be9-ab0f-07e8d68cb648,559,high,1,0.843477,map,0.0,True,True,True,extra_trees,0.76,True,0.843477
fallback_extra_trees_thr0.76,7bd296cd-c800-4be9-ab0f-07e8d68cb648,560,high,1,0.846317,map,0.0,True,True,True,extra_trees,0.76,True,0.846317
fallback_extra_trees_thr0.76,7bd296cd-c800-4be9-ab0f-07e8d68cb648,561,high,2,0.789493,map,6.083,True,True,True,extra_trees,0.76,True,0.789493
fallback_extra_trees_thr0.76,7bd296cd-c800-4be9-ab0f-07e8d68cb648,562,high,1,0.84013,map,0.0,True,True,True,extra_trees,0.76,True,0.84013
fallback_extra_trees_thr0.76,7bd296cd-c800-4be9-ab0f-07e8d68cb648,563,high,1,0.843701,map,0.0,True,True,True,extra_trees,0.76,True,0.843701
fallback_extra_trees_thr0.76,7bd296cd-c800-4be9-ab0f-07e8d68cb648,564,high,1,0.798766,map,0.0,True,True,True,extra_trees,0.76,True,0.798766
fallback_extra_trees_thr0.76,7bd296cd-c800-4be9-ab0f-07e8d68cb648,565,high,1,0.788817,map,0.0,True,True,True,extra_trees,0.76,True,0.788817
fallback_extra_trees_thr0.76,7bd296cd-c800-4be9-ab0f-07e8d68cb648,566,high,1,24.712369,map,6.083,True,True,True,extra_trees,0.76,False,0.744635
fallback_extra_trees_thr0.76,7bd296cd-c800-4be9-ab0f-07e8d68cb648,568,high,1,0.79864,map,0.0,True,True,True,extra_trees,0.76,True,0.79864
fallback_extra_trees_thr0.76,7bd296cd-c800-4be9-ab0f-07e8d68cb648,569,high,1,0.791864,map,0.0,True,True,True,extra_trees,0.76,True,0.791864
fallback_extra_trees_thr0.76,7bd296cd-c800-4be9-ab0f-07e8d68cb648,570,high,1,0.818987,map,7.382,True,True,True,extra_trees,0.76,True,0.818987
fallback_extra_trees_thr0.76,7bd296cd-c800-4be9-ab0f-07e8d68cb648,571,high,1,0.761185,map,0.0,True,True,True,extra_trees,0.76,True,0.761185
fallback_extra_trees_thr0.76,7bd296cd-c800-4be9-ab0f-07e8d68cb648,572,high,1,21.064556,map,10.198,False,True,True,extra_trees,0.76,False,0.720501
fallback_extra_trees_thr0.76,7bd296cd-c800-4be9-ab0f-07e8d68cb648,573,high,1,23.563134,map,6.671,True,True,True,extra_trees,0.76,False,0.73301
fallback_extra_trees_thr0.76,7bd296cd-c800-4be9-ab0f-07e8d68cb648,574,high,1,26.539468,map,0.0,True,True,True,extra_trees,0.76,False,0.753732
fallback_extra_trees_thr0.76,7bd296cd-c800-4be9-ab0f-07e8d68cb648,575,high,1,29.390579,map,7.382,True,True,True,extra_trees,0.76,False,0.757015
fallback_extra_trees_thr0.76,7bd296cd-c800-4be9-ab0f-07e8d68cb648,576,high,1,27.407774,map,0.0,True,True,True,extra_trees,0.76,False,0.759724
fallback_extra_trees_thr0.76,7bd296cd-c800-4be9-ab0f-07e8d68cb648,577,high,1,23.063123,map,0.0,True,True,True,extra_trees,0.76,False,0.741773
fallback_extra_trees_thr0.76,7bd296cd-c800-4be9-ab0f-07e8d68cb648,578,high,1,24.620743,map,8.515,False,True,True,extra_trees,0.76,False,0.724201
fallback_extra_trees_thr0.76,7bd296cd-c800-4be9-ab0f-07e8d68cb648,579,high,1,20.456555,map,0.0,True,True,True,extra_trees,0.76,False,0.717717
fallback_extra_trees_thr0.76,7bd296cd-c800-4be9-ab0f-07e8d68cb648,580,high,1,24.226138,appearance,8.062,False,True,True,extra_trees,0.76,False,0.726059
fallback_extra_trees_thr0.76,7bd296cd-c800-4be9-ab0f-07e8d68cb648,581,high,1,21.801824,appearance,10.817,False,True,True,extra_trees,0.76,False,0.68998
fallback_extra_trees_thr0.76,7bd296cd-c800-4be9-ab0f-07e8d68cb648,582,high,1,27.454913,map,9.0,False,True,True,extra_trees,0.76,False,0.746995
fallback_extra_trees_thr0.76,7bd296cd-c800-4be9-ab0f-07e8d68cb648,583,high,1,31.765783,map,0.0,True,True,True,extra_trees,0.76,False,0.724579
fallback_extra_trees_thr0.76,7bd296cd-c800-4be9-ab0f-07e8d68cb648,584,high,1,24.438771,map,0.0,True,True,True,extra_trees,0.76,False,0.708587
fallback_extra_trees_thr0.76,7bd296cd-c800-4be9-ab0f-07e8d68cb648,585,high,1,19.967868,map,33.526,False,False,True,extra_trees,0.76,False,0.736161
fallback_extra_trees_thr0.76,7bd296cd-c800-4be9-ab0f-07e8d68cb648,586,high,1,17.236102,map,28.284,False,False,True,extra_trees,0.76,False,0.704794
fallback_extra_trees_thr0.76,7bd296cd-c800-4be9-ab0f-07e8d68cb648,587,high,1,17.2543,map,0.0,True,True,True,extra_trees,0.76,False,0.748407
fallback_extra_trees_thr0.76,7bd296cd-c800-4be9-ab0f-07e8d68cb648,588,high,1,0.763899,map,0.0,True,True,True,extra_trees,0.76,True,0.763899
fallback_extra_trees_thr0.76,7bd296cd-c800-4be9-ab0f-07e8d68cb648,589,medium_high,1,12.134263,map,4.123,True,True,True,extra_trees,0.76,False,0.705958
fallback_extra_trees_thr0.76,7bd296cd-c800-4be9-ab0f-07e8d68cb648,590,medium_high,1,0.801649,map,3.0,True,True,True,extra_trees,0.76,True,0.801649
fallback_extra_trees_thr0.76,aaf1eafd-36d7-43e4-a539-fd79029ddf90,288,high,1,60.010668,temporal_stack,0.0,True,True,True,extra_trees,0.76,False,0.539014
fallback_extra_trees_thr0.76,aaf1eafd-36d7-43e4-a539-fd79029ddf90,290,high,1,57.970186,temporal_stack,0.0,True,True,True,extra_trees,0.76,False,0.562289
fallback_extra_trees_thr0.76,aaf1eafd-36d7-43e4-a539-fd79029ddf90,291,high,1,57.856196,temporal_stack,0.0,True,True,True,extra_trees,0.76,False,0.578125
fallback_extra_trees_thr0.76,aaf1eafd-36d7-43e4-a539-fd79029ddf90,303,high,1,47.077069,temporal_stack,0.0,True,True,True,extra_trees,0.76,False,0.571717
fallback_extra_trees_thr0.76,aaf1eafd-36d7-43e4-a539-fd79029ddf90,304,high,1,46.423871,temporal_stack,0.0,True,True,True,extra_trees,0.76,False,0.552636
fallback_extra_trees_thr0.76,aaf1eafd-36d7-43e4-a539-fd79029ddf90,305,high,1,47.181601,temporal_stack,0.0,True,True,True,extra_trees,0.76,False,0.612159
fallback_extra_trees_thr0.76,aaf1eafd-36d7-43e4-a539-fd79029ddf90,306,high,1,48.207521,temporal_stack,0.0,True,True,True,extra_trees,0.76,False,0.60111
fallback_extra_trees_thr0.76,aaf1eafd-36d7-43e4-a539-fd79029ddf90,307,high,1,46.101983,temporal_stack,0.0,True,True,True,extra_trees,0.76,False,0.547064
fallback_extra_trees_thr0.76,aaf1eafd-36d7-43e4-a539-fd79029ddf90,308,high,1,48.221053,temporal_stack,0.0,True,True,True,extra_trees,0.76,False,0.579224
fallback_extra_trees_thr0.76,aaf1eafd-36d7-43e4-a539-fd79029ddf90,309,high,1,49.000411,temporal_stack,0.0,True,True,True,extra_trees,0.76,False,0.568751
fallback_extra_trees_thr0.76,aaf1eafd-36d7-43e4-a539-fd79029ddf90,310,high,1,49.275337,temporal_stack,0.0,True,True,True,extra_trees,0.76,False,0.560997
fallback_extra_trees_thr0.76,aaf1eafd-36d7-43e4-a539-fd79029ddf90,311,high,1,49.437691,temporal_stack,0.0,True,True,True,extra_trees,0.76,False,0.560852
fallback_extra_trees_thr0.76,aaf1eafd-36d7-43e4-a539-fd79029ddf90,312,high,1,47.467617,temporal_stack,0.0,True,True,True,extra_trees,0.76,False,0.576193
fallback_extra_trees_thr0.76,aaf1eafd-36d7-43e4-a539-fd79029ddf90,313,high,1,48.945472,temporal_stack,0.0,True,True,True,extra_trees,0.76,False,0.544772
fallback_extra_trees_thr0.76,aaf1eafd-36d7-43e4-a539-fd79029ddf90,314,high,1,48.107477,temporal_stack,0.0,True,True,True,extra_trees,0.76,False,0.536233
fallback_extra_trees_thr0.76,aaf1eafd-36d7-43e4-a539-fd79029ddf90,315,high,1,44.460605,temporal_stack,0.0,True,True,True,extra_trees,0.76,False,0.568032
fallback_extra_trees_thr0.76,aaf1eafd-36d7-43e4-a539-fd79029ddf90,316,high,1,43.068404,temporal_stack,0.0,True,True,True,extra_trees,0.76,False,0.538343
fallback_extra_trees_thr0.76,aaf1eafd-36d7-43e4-a539-fd79029ddf90,317,high,1,40.428444,temporal_stack,0.0,True,True,True,extra_trees,0.76,False,0.509363
fallback_extra_trees_thr0.76,aaf1eafd-36d7-43e4-a539-fd79029ddf90,318,high,1,40.960896,temporal_stack,0.0,True,True,True,extra_trees,0.76,False,0.53328
fallback_extra_trees_thr0.76,aaf1eafd-36d7-43e4-a539-fd79029ddf90,319,high,1,40.545672,temporal_stack,0.0,True,True,True,extra_trees,0.76,False,0.569785
fallback_extra_trees_thr0.76,aaf1eafd-36d7-43e4-a539-fd79029ddf90,320,high,1,39.27576,temporal_stack,0.0,True,True,True,extra_trees,0.76,False,0.528578
fallback_extra_trees_thr0.76,aaf1eafd-36d7-43e4-a539-fd79029ddf90,321,high,1,38.793283,temporal_stack,0.0,True,True,True,extra_trees,0.76,False,0.518499
fallback_extra_trees_thr0.76,aaf1eafd-36d7-43e4-a539-fd79029ddf90,322,high,1,36.256457,temporal_stack,0.0,True,True,True,extra_trees,0.76,False,0.550751
fallback_extra_trees_thr0.76,aaf1eafd-36d7-43e4-a539-fd79029ddf90,323,high,1,36.021789,temporal_stack,0.0,True,True,True,extra_trees,0.76,False,0.520984
fallback_extra_trees_thr0.76,aaf1eafd-36d7-43e4-a539-fd79029ddf90,324,high,1,37.410101,temporal_stack,0.0,True,True,True,extra_trees,0.76,False,0.521605
fallback_extra_trees_thr0.76,aaf1eafd-36d7-43e4-a539-fd79029ddf90,325,high,1,37.970577,temporal_stack,0.0,True,True,True,extra_trees,0.76,False,0.564942
fallback_extra_trees_thr0.76,aaf1eafd-36d7-43e4-a539-fd79029ddf90,326,high,1,37.776141,temporal_stack,0.0,True,True,True,extra_trees,0.76,False,0.501441
fallback_extra_trees_thr0.76,aaf1eafd-36d7-43e4-a539-fd79029ddf90,327,high,1,35.909232,temporal_stack,0.0,True,True,True,extra_trees,0.76,False,0.541741
fallback_extra_trees_thr0.76,aaf1eafd-36d7-43e4-a539-fd79029ddf90,328,high,1,33.416741,temporal_stack,0.0,True,True,True,extra_trees,0.76,False,0.475595
fallback_extra_trees_thr0.76,aaf1eafd-36d7-43e4-a539-fd79029ddf90,329,high,1,31.505761,temporal_stack,0.0,True,True,True,extra_trees,0.76,False,0.466996
fallback_extra_trees_thr0.76,aaf1eafd-36d7-43e4-a539-fd79029ddf90,330,high,1,30.070319,temporal_stack,0.0,True,True,True,extra_trees,0.76,False,0.471862
fallback_extra_trees_thr0.76,aaf1eafd-36d7-43e4-a539-fd79029ddf90,331,high,1,29.80525,temporal_stack,0.0,True,True,True,extra_trees,0.76,False,0.473815
fallback_extra_trees_thr0.76,aaf1eafd-36d7-43e4-a539-fd79029ddf90,332,high,1,28.031902,temporal_stack,0.0,True,True,True,extra_trees,0.76,False,0.466731
fallback_extra_trees_thr0.76,aaf1eafd-36d7-43e4-a539-fd79029ddf90,333,high,1,25.97532,temporal_stack,0.0,True,True,True,extra_trees,0.76,False,0.488426
fallback_extra_trees_thr0.76,aaf1eafd-36d7-43e4-a539-fd79029ddf90,334,high,1,37.528726,temporal_stack,0.0,True,True,True,extra_trees,0.76,False,0.556283
fallback_extra_trees_thr0.76,aaf1eafd-36d7-43e4-a539-fd79029ddf90,335,high,1,30.095747,temporal_stack,0.0,True,True,True,extra_trees,0.76,False,0.617391
fallback_extra_trees_thr0.76,aaf1eafd-36d7-43e4-a539-fd79029ddf90,336,high,1,17.297771,appearance,71.549,False,False,True,extra_trees,0.76,False,0.623843
fallback_extra_trees_thr0.76,aaf1eafd-36d7-43e4-a539-fd79029ddf90,337,high,1,21.757678,appearance,71.063,False,False,True,extra_trees,0.76,False,0.641546
fallback_extra_trees_thr0.76,aaf1eafd-36d7-43e4-a539-fd79029ddf90,338,high,1,19.919551,appearance,75.961,False,False,True,extra_trees,0.76,False,0.637246
fallback_extra_trees_thr0.76,aaf1eafd-36d7-43e4-a539-fd79029ddf90,339,high,1,20.376348,appearance,76.441,False,False,True,extra_trees,0.76,False,0.647339
fallback_extra_trees_thr0.76,aaf1eafd-36d7-43e4-a539-fd79029ddf90,340,high,1,22.2235,appearance,77.403,False,False,True,extra_trees,0.76,False,0.662332
fallback_extra_trees_thr0.76,aaf1eafd-36d7-43e4-a539-fd79029ddf90,341,high,1,20.77725,appearance,72.521,False,False,True,extra_trees,0.76,False,0.640537
fallback_extra_trees_thr0.76,aaf1eafd-36d7-43e4-a539-fd79029ddf90,342,high,1,22.703278,appearance,72.892,False,False,True,extra_trees,0.76,False,0.637565
fallback_extra_trees_thr0.76,aaf1eafd-36d7-43e4-a539-fd79029ddf90,343,high,1,20.548873,appearance,72.892,False,False,True,extra_trees,0.76,False,0.576785
fallback_extra_trees_thr0.76,aaf1eafd-36d7-43e4-a539-fd79029ddf90,344,high,1,16.129362,appearance,72.892,False,False,True,extra_trees,0.76,False,0.579554
fallback_extra_trees_thr0.76,aaf1eafd-36d7-43e4-a539-fd79029ddf90,345,high,1,24.401009,temporal_stack,0.0,True,True,True,extra_trees,0.76,False,0.573387
fallback_extra_trees_thr0.76,aaf1eafd-36d7-43e4-a539-fd79029ddf90,346,high,1,14.510555,temporal_stack,0.0,True,True,True,extra_trees,0.76,False,0.494855
fallback_extra_trees_thr0.76,aaf1eafd-36d7-43e4-a539-fd79029ddf90,347,high,1,31.47,temporal_stack,0.0,True,True,True,extra_trees,0.76,False,0.441725
fallback_extra_trees_thr0.76,aaf1eafd-36d7-43e4-a539-fd79029ddf90,348,high,1,32.757522,temporal_stack,0.0,True,True,True,extra_trees,0.76,False,0.445223
fallback_extra_trees_thr0.76,aaf1eafd-36d7-43e4-a539-fd79029ddf90,349,high,1,29.717311,temporal_stack,0.0,True,True,True,extra_trees,0.76,False,0.442791
fallback_extra_trees_thr0.76,aaf1eafd-36d7-43e4-a539-fd79029ddf90,350,high,1,26.727556,temporal_stack,0.0,True,True,True,extra_trees,0.76,False,0.521824
fallback_extra_trees_thr0.76,aaf1eafd-36d7-43e4-a539-fd79029ddf90,351,high,1,23.433831,temporal_stack,0.0,True,True,True,extra_trees,0.76,False,0.51772
fallback_extra_trees_thr0.76,aaf1eafd-36d7-43e4-a539-fd79029ddf90,352,high,1,18.296353,temporal_stack,0.0,True,True,True,extra_trees,0.76,False,0.530694
fallback_extra_trees_thr0.76,aaf1eafd-36d7-43e4-a539-fd79029ddf90,353,high,1,14.368713,appearance,106.622,False,False,True,extra_trees,0.76,False,0.525947
fallback_extra_trees_thr0.76,aaf1eafd-36d7-43e4-a539-fd79029ddf90,642,high,1,0.768554,temporal_stack,2.0,True,True,True,extra_trees,0.76,True,0.768554
fallback_extra_trees_thr0.76,aaf1eafd-36d7-43e4-a539-fd79029ddf90,643,high,1,51.904354,temporal_stack,4.0,True,True,True,extra_trees,0.76,False,0.735071
fallback_extra_trees_thr0.76,aaf1eafd-36d7-43e4-a539-fd79029ddf90,644,high,1,50.70168,temporal_stack,0.0,True,True,True,extra_trees,0.76,False,0.757144
fallback_extra_trees_thr0.76,aaf1eafd-36d7-43e4-a539-fd79029ddf90,645,high,1,51.471105,temporal_stack,0.0,True,True,True,extra_trees,0.76,False,0.733541
fallback_extra_trees_thr0.76,aaf1eafd-36d7-43e4-a539-fd79029ddf90,646,high,1,51.872266,temporal_stack,0.0,True,True,True,extra_trees,0.76,False,0.686323
fallback_extra_trees_thr0.76,aaf1eafd-36d7-43e4-a539-fd79029ddf90,647,high,1,50.46449,temporal_stack,3.0,True,True,True,extra_trees,0.76,False,0.662011
fallback_extra_trees_thr0.76,b96cec7a-3912-46b7-9014-dc3c632ffa12,186,high,1,4.088588,map,0.0,True,True,True,extra_trees,0.76,False,0.200133
fallback_extra_trees_thr0.76,b96cec7a-3912-46b7-9014-dc3c632ffa12,192,high,1,0.960436,map,0.0,True,True,True,extra_trees,0.76,True,0.960436
fallback_extra_trees_thr0.76,b96cec7a-3912-46b7-9014-dc3c632ffa12,198,high,1,0.970804,map,0.0,True,True,True,extra_trees,0.76,True,0.970804
fallback_extra_trees_thr0.76,b96cec7a-3912-46b7-9014-dc3c632ffa12,204,high,1,0.958645,map,0.0,True,True,True,extra_trees,0.76,True,0.958645
fallback_extra_trees_thr0.76,b96cec7a-3912-46b7-9014-dc3c632ffa12,210,high,1,0.964157,map,0.0,True,True,True,extra_trees,0.76,True,0.964157
fallback_extra_trees_thr0.76,b96cec7a-3912-46b7-9014-dc3c632ffa12,216,high,2,0.954716,map,3.606,True,True,True,extra_trees,0.76,True,0.954716
fallback_extra_trees_thr0.76,b96cec7a-3912-46b7-9014-dc3c632ffa12,222,high,2,0.926743,map,4.528,True,True,True,extra_trees,0.76,True,0.926743
fallback_extra_trees_thr0.76,b96cec7a-3912-46b7-9014-dc3c632ffa12,228,high,1,0.930419,map,0.0,True,True,True,extra_trees,0.76,True,0.930419
fallback_extra_trees_thr0.76,b96cec7a-3912-46b7-9014-dc3c632ffa12,234,high,2,0.948444,map,3.202,True,True,True,extra_trees,0.76,True,0.948444
fallback_extra_trees_thr0.76,b96cec7a-3912-46b7-9014-dc3c632ffa12,240,high,2,0.954299,map,4.528,True,True,True,extra_trees,0.76,True,0.954299
fallback_extra_trees_thr0.76,b96cec7a-3912-46b7-9014-dc3c632ffa12,246,high,2,0.940569,map,4.272,True,True,True,extra_trees,0.76,True,0.940569
fallback_extra_trees_thr0.76,b96cec7a-3912-46b7-9014-dc3c632ffa12,252,high,1,0.948332,map,0.0,True,True,True,extra_trees,0.76,True,0.948332
fallback_extra_trees_thr0.76,b96cec7a-3912-46b7-9014-dc3c632ffa12,258,high,1,0.958813,map,0.0,True,True,True,extra_trees,0.76,True,0.958813
fallback_extra_trees_thr0.76,b96cec7a-3912-46b7-9014-dc3c632ffa12,264,high,2,0.960383,map,3.808,True,True,True,extra_trees,0.76,True,0.960383
fallback_extra_trees_thr0.76,b96cec7a-3912-46b7-9014-dc3c632ffa12,270,high,1,0.963827,map,0.0,True,True,True,extra_trees,0.76,True,0.963827
fallback_extra_trees_thr0.76,b96cec7a-3912-46b7-9014-dc3c632ffa12,276,high,2,0.944503,map,3.0,True,True,True,extra_trees,0.76,True,0.944503
fallback_extra_trees_thr0.76,b96cec7a-3912-46b7-9014-dc3c632ffa12,282,high,1,0.957521,map,0.0,True,True,True,extra_trees,0.76,True,0.957521
fallback_extra_trees_thr0.76,b96cec7a-3912-46b7-9014-dc3c632ffa12,288,high,2,0.952771,map,7.106,True,True,True,extra_trees,0.76,True,0.952771
fallback_extra_trees_thr0.76,d129cd72-3228-426d-9252-4e0b3e14927b,212,medium_high,1,21.370529,appearance,156.205,False,False,True,extra_trees,0.76,False,0.657091
fallback_extra_trees_thr0.76,d129cd72-3228-426d-9252-4e0b3e14927b,213,medium_high,1,22.289247,map,125.35,False,False,True,extra_trees,0.76,False,0.685681
fallback_extra_trees_thr0.76,d129cd72-3228-426d-9252-4e0b3e14927b,214,medium_high,1,21.203202,appearance,156.557,False,False,True,extra_trees,0.76,False,0.675749
fallback_extra_trees_thr0.76,d129cd72-3228-426d-9252-4e0b3e14927b,215,medium_high,1,19.127002,appearance,158.073,False,False,True,extra_trees,0.76,False,0.650185
fallback_extra_trees_thr0.76,d129cd72-3228-426d-9252-4e0b3e14927b,216,high,1,22.696587,map,0.0,True,True,True,extra_trees,0.76,False,0.726323
fallback_extra_trees_thr0.76,d129cd72-3228-426d-9252-4e0b3e14927b,217,high,1,17.480522,map,1.332,True,True,True,extra_trees,0.76,False,0.629208
fallback_extra_trees_thr0.76,d129cd72-3228-426d-9252-4e0b3e14927b,218,high,1,20.766432,map,1.677,True,True,True,extra_trees,0.76,False,0.667782
fallback_extra_trees_thr0.76,d129cd72-3228-426d-9252-4e0b3e14927b,219,high,1,17.069599,appearance,135.988,False,False,True,extra_trees,0.76,False,0.632522
fallback_extra_trees_thr0.76,d129cd72-3228-426d-9252-4e0b3e14927b,220,high,1,16.328498,appearance,136.485,False,False,True,extra_trees,0.76,False,0.611319
fallback_extra_trees_thr0.76,d129cd72-3228-426d-9252-4e0b3e14927b,221,high,1,21.481449,map,1.07,True,True,True,extra_trees,0.76,False,0.712304
fallback_extra_trees_thr0.76,d129cd72-3228-426d-9252-4e0b3e14927b,222,high,1,18.86638,appearance,136.025,False,False,True,extra_trees,0.76,False,0.63472
fallback_extra_trees_thr0.76,d129cd72-3228-426d-9252-4e0b3e14927b,223,high,1,23.967877,map,0.12,True,True,True,extra_trees,0.76,False,0.737884
fallback_extra_trees_thr0.76,d129cd72-3228-426d-9252-4e0b3e14927b,224,high,1,23.083716,appearance,136.501,False,False,True,extra_trees,0.76,False,0.669416
fallback_extra_trees_thr0.76,d129cd72-3228-426d-9252-4e0b3e14927b,225,high,1,24.109748,map,140.649,False,False,True,extra_trees,0.76,False,0.705528
fallback_extra_trees_thr0.76,d129cd72-3228-426d-9252-4e0b3e14927b,226,high,1,25.865588,map,143.481,False,False,True,extra_trees,0.76,False,0.730522
fallback_extra_trees_thr0.76,d129cd72-3228-426d-9252-4e0b3e14927b,227,high,1,21.482941,map,2.393,True,True,True,extra_trees,0.76,False,0.671903
fallback_extra_trees_thr0.76,d129cd72-3228-426d-9252-4e0b3e14927b,228,high,1,27.519751,map,0.5,True,True,True,extra_trees,0.76,False,0.729051
fallback_extra_trees_thr0.76,d129cd72-3228-426d-9252-4e0b3e14927b,229,high,1,23.010287,map,0.669,True,True,True,extra_trees,0.76,False,0.662403
fallback_extra_trees_thr0.76,d129cd72-3228-426d-9252-4e0b3e14927b,230,high,1,22.972139,map,0.901,True,True,True,extra_trees,0.76,False,0.687337
fallback_extra_trees_thr0.76,d129cd72-3228-426d-9252-4e0b3e14927b,231,high,1,29.666447,map,0.277,True,True,True,extra_trees,0.76,False,0.738417
fallback_extra_trees_thr0.76,d129cd72-3228-426d-9252-4e0b3e14927b,232,high,1,22.212332,map,0.0,True,True,True,extra_trees,0.76,False,0.701688
fallback_extra_trees_thr0.76,d129cd72-3228-426d-9252-4e0b3e14927b,233,high,1,28.992156,appearance,182.906,False,False,True,extra_trees,0.76,False,0.716583
fallback_extra_trees_thr0.76,d129cd72-3228-426d-9252-4e0b3e14927b,234,high,1,24.226869,appearance,182.463,False,False,True,extra_trees,0.76,False,0.706955
fallback_extra_trees_thr0.76,d129cd72-3228-426d-9252-4e0b3e14927b,235,high,1,23.0714,map,0.277,True,True,True,extra_trees,0.76,False,0.697402
fallback_extra_trees_thr0.76,d129cd72-3228-426d-9252-4e0b3e14927b,236,high,1,30.597152,map,0.5,True,True,True,extra_trees,0.76,False,0.720302
fallback_extra_trees_thr0.76,d129cd72-3228-426d-9252-4e0b3e14927b,237,high,1,24.557859,map,1.148,True,True,True,extra_trees,0.76,False,0.685218
fallback_extra_trees_thr0.76,d129cd72-3228-426d-9252-4e0b3e14927b,238,high,1,30.60184,map,0.559,True,True,True,extra_trees,0.76,False,0.690259
fallback_extra_trees_thr0.76,d129cd72-3228-426d-9252-4e0b3e14927b,239,high,1,28.244874,map,2.461,True,True,True,extra_trees,0.76,False,0.719261
fallback_extra_trees_thr0.76,d129cd72-3228-426d-9252-4e0b3e14927b,240,high,1,28.018758,map,0.0,True,True,True,extra_trees,0.76,False,0.754776
fallback_extra_trees_thr0.76,d129cd72-3228-426d-9252-4e0b3e14927b,241,high,1,0.846385,map,0.354,True,True,True,extra_trees,0.76,True,0.846385
fallback_extra_trees_thr0.76,d129cd72-3228-426d-9252-4e0b3e14927b,242,high,1,0.760034,map,0.707,True,True,True,extra_trees,0.76,True,0.760034
fallback_extra_trees_thr0.76,d129cd72-3228-426d-9252-4e0b3e14927b,243,high,1,0.849725,map,0.791,True,True,True,extra_trees,0.76,True,0.849725
fallback_extra_trees_thr0.76,d129cd72-3228-426d-9252-4e0b3e14927b,244,high,1,0.864718,appearance,1.803,True,True,True,extra_trees,0.76,True,0.864718
fallback_extra_trees_thr0.76,d129cd72-3228-426d-9252-4e0b3e14927b,245,high,1,0.865408,map,0.354,True,True,True,extra_trees,0.76,True,0.865408
fallback_extra_trees_thr0.76,d129cd72-3228-426d-9252-4e0b3e14927b,246,high,1,0.892573,map,0.707,True,True,True,extra_trees,0.76,True,0.892573
fallback_extra_trees_thr0.76,d129cd72-3228-426d-9252-4e0b3e14927b,247,high,1,0.891659,appearance,1.458,True,True,True,extra_trees,0.76,True,0.891659
fallback_extra_trees_thr0.76,d129cd72-3228-426d-9252-4e0b3e14927b,248,high,1,0.899757,map,0.0,True,True,True,extra_trees,0.76,True,0.899757
fallback_extra_trees_thr0.76,d129cd72-3228-426d-9252-4e0b3e14927b,249,high,1,0.881671,appearance,1.803,True,True,True,extra_trees,0.76,True,0.881671
fallback_extra_trees_thr0.76,e2711620-6d4e-4f9c-8922-b1b2d1fb74f2,1,high,1,-8.639989,large_dark,22.192,False,False,True,extra_trees,0.76,False,0.417814
fallback_extra_trees_thr0.76,e2711620-6d4e-4f9c-8922-b1b2d1fb74f2,2,high,1,10.109934,large_dark,21.506,False,False,True,extra_trees,0.76,False,0.50283
fallback_extra_trees_thr0.76,e2711620-6d4e-4f9c-8922-b1b2d1fb74f2,3,high,1,14.205885,large_dark,21.662,False,False,True,extra_trees,0.76,False,0.508277
fallback_extra_trees_thr0.76,e2711620-6d4e-4f9c-8922-b1b2d1fb74f2,4,high,1,18.330706,large_dark,21.662,False,False,True,extra_trees,0.76,False,0.528209
fallback_extra_trees_thr0.76,e2711620-6d4e-4f9c-8922-b1b2d1fb74f2,5,high,1,22.486011,large_dark,21.19,False,False,True,extra_trees,0.76,False,0.570609
fallback_extra_trees_thr0.76,e2711620-6d4e-4f9c-8922-b1b2d1fb74f2,6,high,1,26.605637,large_dark,21.19,False,False,True,extra_trees,0.76,False,0.620828
fallback_extra_trees_thr0.76,e2711620-6d4e-4f9c-8922-b1b2d1fb74f2,7,high,1,30.725462,large_dark,21.477,False,False,True,extra_trees,0.76,False,0.657544
fallback_extra_trees_thr0.76,e2711620-6d4e-4f9c-8922-b1b2d1fb74f2,8,high,1,34.67915,large_dark,21.471,False,False,True,extra_trees,0.76,False,0.728693
fallback_extra_trees_thr0.76,e2711620-6d4e-4f9c-8922-b1b2d1fb74f2,9,high,11,0.774683,large_dark,0.0,True,True,True,extra_trees,0.76,True,0.774683
fallback_extra_trees_thr0.76,e2711620-6d4e-4f9c-8922-b1b2d1fb74f2,10,high,4,0.803612,large_dark,37.125,False,False,True,extra_trees,0.76,True,0.803612
fallback_extra_trees_thr0.76,e2711620-6d4e-4f9c-8922-b1b2d1fb74f2,11,high,3,0.810738,large_dark,37.125,False,False,True,extra_trees,0.76,True,0.810738
fallback_extra_trees_thr0.76,e2711620-6d4e-4f9c-8922-b1b2d1fb74f2,12,high,3,0.81404,large_dark,37.366,False,False,True,extra_trees,0.76,True,0.81404
fallback_extra_trees_thr0.76,e2711620-6d4e-4f9c-8922-b1b2d1fb74f2,13,high,4,0.798756,large_dark,0.707,True,True,True,extra_trees,0.76,True,0.798756
fallback_extra_trees_thr0.76,e2711620-6d4e-4f9c-8922-b1b2d1fb74f2,14,high,3,0.797907,large_dark,0.707,True,True,True,extra_trees,0.76,True,0.797907
fallback_extra_trees_thr0.76,e2711620-6d4e-4f9c-8922-b1b2d1fb74f2,15,high,3,0.799218,large_dark,0.0,True,True,True,extra_trees,0.76,True,0.799218
fallback_extra_trees_thr0.76,e2711620-6d4e-4f9c-8922-b1b2d1fb74f2,16,high,3,0.795955,large_dark,0.0,True,True,True,extra_trees,0.76,True,0.795955
fallback_extra_trees_thr0.76,e2711620-6d4e-4f9c-8922-b1b2d1fb74f2,17,high,3,0.793121,large_dark,0.5,True,True,True,extra_trees,0.76,True,0.793121
fallback_extra_trees_thr0.76,e2711620-6d4e-4f9c-8922-b1b2d1fb74f2,18,high,2,0.79672,large_dark,0.0,True,True,True,extra_trees,0.76,True,0.79672
fallback_extra_trees_thr0.76,e2711620-6d4e-4f9c-8922-b1b2d1fb74f2,19,high,1,0.799682,large_dark,0.0,True,True,True,extra_trees,0.76,True,0.799682
fallback_extra_trees_thr0.76,e2711620-6d4e-4f9c-8922-b1b2d1fb74f2,20,high,2,0.796083,large_dark,0.5,True,True,True,extra_trees,0.76,True,0.796083
fallback_extra_trees_thr0.76,e2711620-6d4e-4f9c-8922-b1b2d1fb74f2,21,high,1,0.794717,large_dark,0.5,True,True,True,extra_trees,0.76,True,0.794717
fallback_extra_trees_thr0.76,e2711620-6d4e-4f9c-8922-b1b2d1fb74f2,22,high,1,0.798889,large_dark,0.0,True,True,True,extra_trees,0.76,True,0.798889
fallback_extra_trees_thr0.76,e2711620-6d4e-4f9c-8922-b1b2d1fb74f2,23,high,1,0.807434,large_dark,0.707,True,True,True,extra_trees,0.76,True,0.807434
fallback_extra_trees_thr0.76,e2711620-6d4e-4f9c-8922-b1b2d1fb74f2,24,high,1,0.800427,large_dark,0.707,True,True,True,extra_trees,0.76,True,0.800427
fallback_extra_trees_thr0.76,e2711620-6d4e-4f9c-8922-b1b2d1fb74f2,25,high,1,0.804167,large_dark,0.0,True,True,True,extra_trees,0.76,True,0.804167
fallback_extra_trees_thr0.76,e2711620-6d4e-4f9c-8922-b1b2d1fb74f2,26,high,1,0.799895,large_dark,0.0,True,True,True,extra_trees,0.76,True,0.799895
fallback_extra_trees_thr0.76,e2711620-6d4e-4f9c-8922-b1b2d1fb74f2,27,high,1,0.80287,large_dark,0.707,True,True,True,extra_trees,0.76,True,0.80287
fallback_extra_trees_thr0.76,e2711620-6d4e-4f9c-8922-b1b2d1fb74f2,28,high,1,0.807395,large_dark,0.5,True,True,True,extra_trees,0.76,True,0.807395
fallback_extra_trees_thr0.76,e2711620-6d4e-4f9c-8922-b1b2d1fb74f2,29,high,1,0.816303,large_dark,1.0,True,True,True,extra_trees,0.76,True,0.816303
fallback_extra_trees_thr0.76,e2711620-6d4e-4f9c-8922-b1b2d1fb74f2,30,high,1,0.822031,large_dark,0.5,True,True,True,extra_trees,0.76,True,0.822031
fallback_extra_trees_thr0.76,e2711620-6d4e-4f9c-8922-b1b2d1fb74f2,31,high,1,0.812975,large_dark,0.5,True,True,True,extra_trees,0.76,True,0.812975
fallback_extra_trees_thr0.76,e2711620-6d4e-4f9c-8922-b1b2d1fb74f2,32,high,1,0.815034,large_dark,0.5,True,True,True,extra_trees,0.76,True,0.815034
fallback_extra_trees_thr0.76,e2711620-6d4e-4f9c-8922-b1b2d1fb74f2,33,high,1,0.816817,large_dark,0.0,True,True,True,extra_trees,0.76,True,0.816817
fallback_extra_trees_thr0.76,e2711620-6d4e-4f9c-8922-b1b2d1fb74f2,34,high,1,0.804532,large_dark,0.0,True,True,True,extra_trees,0.76,True,0.804532
fallback_extra_trees_thr0.76,e2711620-6d4e-4f9c-8922-b1b2d1fb74f2,35,high,1,0.80993,large_dark,0.707,True,True,True,extra_trees,0.76,True,0.80993
fallback_extra_trees_thr0.76,e2711620-6d4e-4f9c-8922-b1b2d1fb74f2,36,high,1,0.812147,large_dark,0.707,True,True,True,extra_trees,0.76,True,0.812147
fallback_extra_trees_thr0.76,e2711620-6d4e-4f9c-8922-b1b2d1fb74f2,37,high,1,0.82008,large_dark,0.0,True,True,True,extra_trees,0.76,True,0.82008
fallback_extra_trees_thr0.76,e2711620-6d4e-4f9c-8922-b1b2d1fb74f2,38,high,1,0.830507,large_dark,0.5,True,True,True,extra_trees,0.76,True,0.830507
fallback_extra_trees_thr0.76,e2711620-6d4e-4f9c-8922-b1b2d1fb74f2,39,high,1,0.830522,large_dark,0.5,True,True,True,extra_trees,0.76,True,0.830522
fallback_extra_trees_thr0.76,e2711620-6d4e-4f9c-8922-b1b2d1fb74f2,40,high,1,0.834279,large_dark,2.062,True,True,True,extra_trees,0.76,True,0.834279
fallback_extra_trees_thr0.76,e2711620-6d4e-4f9c-8922-b1b2d1fb74f2,41,high,1,0.823361,large_dark,2.062,True,True,True,extra_trees,0.76,True,0.823361
fallback_extra_trees_thr0.76,e2711620-6d4e-4f9c-8922-b1b2d1fb74f2,42,high,1,0.825668,large_dark,0.707,True,True,True,extra_trees,0.76,True,0.825668
fallback_extra_trees_thr0.76,e2711620-6d4e-4f9c-8922-b1b2d1fb74f2,43,high,1,0.826101,large_dark,1.581,True,True,True,extra_trees,0.76,True,0.826101
fallback_extra_trees_thr0.76,e2711620-6d4e-4f9c-8922-b1b2d1fb74f2,44,high,1,0.802771,large_dark,1.581,True,True,True,extra_trees,0.76,True,0.802771
fallback_extra_trees_thr0.76,e2711620-6d4e-4f9c-8922-b1b2d1fb74f2,45,high,4,0.838093,large_dark,15.508,False,True,True,extra_trees,0.76,True,0.838093
fallback_extra_trees_thr0.76,e2711620-6d4e-4f9c-8922-b1b2d1fb74f2,46,high,6,0.832864,large_dark,15.508,False,True,True,extra_trees,0.76,True,0.832864
fallback_extra_trees_thr0.76,e2711620-6d4e-4f9c-8922-b1b2d1fb74f2,47,high,2,0.846203,map,4.031,True,True,True,extra_trees,0.76,True,0.846203
fallback_extra_trees_thr0.76,e2711620-6d4e-4f9c-8922-b1b2d1fb74f2,48,high,2,0.824036,map,5.59,True,True,True,extra_trees,0.76,True,0.824036
fallback_extra_trees_thr0.76,e2711620-6d4e-4f9c-8922-b1b2d1fb74f2,49,high,1,0.799199,large_dark,1.5,True,True,True,extra_trees,0.76,True,0.799199
fallback_extra_trees_thr0.76,e2711620-6d4e-4f9c-8922-b1b2d1fb74f2,50,high,1,0.809986,large_dark,0.5,True,True,True,extra_trees,0.76,True,0.809986
fallback_extra_trees_thr0.76,e2711620-6d4e-4f9c-8922-b1b2d1fb74f2,51,high,1,0.805314,large_dark,0.5,True,True,True,extra_trees,0.76,True,0.805314
fallback_extra_trees_thr0.76,e2711620-6d4e-4f9c-8922-b1b2d1fb74f2,52,high,2,0.819459,appearance,5.0,True,True,True,extra_trees,0.76,True,0.819459
fallback_extra_trees_thr0.76,e2711620-6d4e-4f9c-8922-b1b2d1fb74f2,53,high,6,0.841389,large_dark,15.133,False,True,True,extra_trees,0.76,True,0.841389
fallback_extra_trees_thr0.76,e2711620-6d4e-4f9c-8922-b1b2d1fb74f2,54,high,1,0.834468,large_dark,0.0,True,True,True,extra_trees,0.76,True,0.834468
fallback_extra_trees_thr0.76,e2711620-6d4e-4f9c-8922-b1b2d1fb74f2,55,high,1,0.840221,large_dark,0.0,True,True,True,extra_trees,0.76,True,0.840221
fallback_extra_trees_thr0.76,e2711620-6d4e-4f9c-8922-b1b2d1fb74f2,56,high,1,0.837275,large_dark,0.0,True,True,True,extra_trees,0.76,True,0.837275
fallback_extra_trees_thr0.76,e2711620-6d4e-4f9c-8922-b1b2d1fb74f2,57,high,2,0.88479,map,3.202,True,True,True,extra_trees,0.76,True,0.88479
fallback_extra_trees_thr0.76,e2711620-6d4e-4f9c-8922-b1b2d1fb74f2,58,high,2,0.877329,map,4.717,True,True,True,extra_trees,0.76,True,0.877329
fallback_extra_trees_thr0.76,e2711620-6d4e-4f9c-8922-b1b2d1fb74f2,59,high,2,0.858335,map,6.103,True,True,True,extra_trees,0.76,True,0.858335
fallback_extra_trees_thr0.76,e2711620-6d4e-4f9c-8922-b1b2d1fb74f2,60,high,1,0.857984,large_dark,0.5,True,True,True,extra_trees,0.76,True,0.857984
fallback_extra_trees_thr0.76,e2711620-6d4e-4f9c-8922-b1b2d1fb74f2,61,high,1,0.8529,large_dark,0.5,True,True,True,extra_trees,0.76,True,0.8529
fallback_extra_trees_thr0.76,e2711620-6d4e-4f9c-8922-b1b2d1fb74f2,62,high,1,0.862059,large_dark,0.5,True,True,True,extra_trees,0.76,True,0.862059
fallback_extra_trees_thr0.76,e2711620-6d4e-4f9c-8922-b1b2d1fb74f2,63,high,1,0.862606,large_dark,0.707,True,True,True,extra_trees,0.76,True,0.862606
fallback_extra_trees_thr0.76,e2711620-6d4e-4f9c-8922-b1b2d1fb74f2,64,high,2,0.878169,appearance,3.5,True,True,True,extra_trees,0.76,True,0.878169
fallback_extra_trees_thr0.76,e2711620-6d4e-4f9c-8922-b1b2d1fb74f2,65,high,1,0.865272,large_dark,0.707,True,True,True,extra_trees,0.76,True,0.865272
fallback_extra_trees_thr0.76,e2711620-6d4e-4f9c-8922-b1b2d1fb74f2,66,high,1,0.857741,large_dark,0.707,True,True,True,extra_trees,0.76,True,0.857741
fallback_extra_trees_thr0.76,e2711620-6d4e-4f9c-8922-b1b2d1fb74f2,67,high,1,0.861853,large_dark,0.5,True,True,True,extra_trees,0.76,True,0.861853
fallback_extra_trees_thr0.76,e2711620-6d4e-4f9c-8922-b1b2d1fb74f2,68,high,1,0.858598,large_dark,0.707,True,True,True,extra_trees,0.76,True,0.858598
fallback_extra_trees_thr0.76,e2711620-6d4e-4f9c-8922-b1b2d1fb74f2,69,high,1,0.851804,large_dark,0.707,True,True,True,extra_trees,0.76,True,0.851804
fallback_extra_trees_thr0.76,e2711620-6d4e-4f9c-8922-b1b2d1fb74f2,70,high,1,0.855916,large_dark,0.5,True,True,True,extra_trees,0.76,True,0.855916
fallback_extra_trees_thr0.76,e2711620-6d4e-4f9c-8922-b1b2d1fb74f2,71,high,1,0.848167,large_dark,0.5,True,True,True,extra_trees,0.76,True,0.848167
fallback_extra_trees_thr0.76,e2711620-6d4e-4f9c-8922-b1b2d1fb74f2,72,high,1,0.851803,large_dark,0.0,True,True,True,extra_trees,0.76,True,0.851803
fallback_extra_trees_thr0.76,e2711620-6d4e-4f9c-8922-b1b2d1fb74f2,73,high,1,0.84321,large_dark,0.5,True,True,True,extra_trees,0.76,True,0.84321
fallback_extra_trees_thr0.76,e2711620-6d4e-4f9c-8922-b1b2d1fb74f2,74,high,1,0.818498,large_dark,0.5,True,True,True,extra_trees,0.76,True,0.818498
fallback_extra_trees_thr0.76,e2711620-6d4e-4f9c-8922-b1b2d1fb74f2,75,high,1,0.817602,large_dark,0.707,True,True,True,extra_trees,0.76,True,0.817602
fallback_extra_trees_thr0.76,e2711620-6d4e-4f9c-8922-b1b2d1fb74f2,76,high,1,0.807829,large_dark,0.707,True,True,True,extra_trees,0.76,True,0.807829
fallback_extra_trees_thr0.76,e2711620-6d4e-4f9c-8922-b1b2d1fb74f2,77,high,1,0.807427,large_dark,0.707,True,True,True,extra_trees,0.76,True,0.807427
fallback_extra_trees_thr0.76,e2711620-6d4e-4f9c-8922-b1b2d1fb74f2,78,high,1,0.806781,large_dark,0.707,True,True,True,extra_trees,0.76,True,0.806781
fallback_extra_trees_thr0.76,e2711620-6d4e-4f9c-8922-b1b2d1fb74f2,79,high,1,0.807294,large_dark,0.707,True,True,True,extra_trees,0.76,True,0.807294
fallback_extra_trees_thr0.76,e2711620-6d4e-4f9c-8922-b1b2d1fb74f2,80,high,2,0.876236,appearance,2.062,True,True,True,extra_trees,0.76,True,0.876236
fallback_extra_trees_thr0.76,e2711620-6d4e-4f9c-8922-b1b2d1fb74f2,81,high,2,0.877716,appearance,2.062,True,True,True,extra_trees,0.76,True,0.877716
fallback_extra_trees_thr0.76,e2711620-6d4e-4f9c-8922-b1b2d1fb74f2,82,high,2,0.830218,appearance,3.041,True,True,True,extra_trees,0.76,True,0.830218
fallback_extra_trees_thr0.76,e2711620-6d4e-4f9c-8922-b1b2d1fb74f2,83,high,3,0.812398,large_dark,14.116,False,True,True,extra_trees,0.76,True,0.812398
fallback_extra_trees_thr0.76,e2711620-6d4e-4f9c-8922-b1b2d1fb74f2,84,high,2,0.817814,large_dark,14.116,False,True,True,extra_trees,0.76,True,0.817814
fallback_extra_trees_thr0.76,e2711620-6d4e-4f9c-8922-b1b2d1fb74f2,85,high,2,0.791912,large_dark,19.5,False,False,True,extra_trees,0.76,True,0.791912
fallback_extra_trees_thr0.76,e2711620-6d4e-4f9c-8922-b1b2d1fb74f2,86,high,1,0.791785,large_dark,0.5,True,True,True,extra_trees,0.76,True,0.791785
fallback_extra_trees_thr0.76,e2711620-6d4e-4f9c-8922-b1b2d1fb74f2,87,high,1,0.805159,large_dark,0.0,True,True,True,extra_trees,0.76,True,0.805159
fallback_extra_trees_thr0.76,e2711620-6d4e-4f9c-8922-b1b2d1fb74f2,88,high,1,0.808146,large_dark,0.5,True,True,True,extra_trees,0.76,True,0.808146
fallback_extra_trees_thr0.76,e2711620-6d4e-4f9c-8922-b1b2d1fb74f2,89,high,1,0.803767,large_dark,0.5,True,True,True,extra_trees,0.76,True,0.803767
fallback_extra_trees_thr0.76,e2711620-6d4e-4f9c-8922-b1b2d1fb74f2,90,high,1,0.80666,large_dark,0.5,True,True,True,extra_trees,0.76,True,0.80666
fallback_extra_trees_thr0.76,e2711620-6d4e-4f9c-8922-b1b2d1fb74f2,91,high,1,0.803734,large_dark,0.5,True,True,True,extra_trees,0.76,True,0.803734
fallback_extra_trees_thr0.76,e2711620-6d4e-4f9c-8922-b1b2d1fb74f2,92,high,1,0.814177,large_dark,0.5,True,True,True,extra_trees,0.76,True,0.814177
fallback_extra_trees_thr0.76,e2711620-6d4e-4f9c-8922-b1b2d1fb74f2,93,high,2,0.822122,large_dark,15.042,False,True,True,extra_trees,0.76,True,0.822122
fallback_extra_trees_thr0.76,e2711620-6d4e-4f9c-8922-b1b2d1fb74f2,94,high,2,0.831593,large_dark,15.042,False,True,True,extra_trees,0.76,True,0.831593
fallback_extra_trees_thr0.76,e2711620-6d4e-4f9c-8922-b1b2d1fb74f2,95,high,2,0.824691,large_dark,15.042,False,True,True,extra_trees,0.76,True,0.824691
fallback_extra_trees_thr0.76,e2711620-6d4e-4f9c-8922-b1b2d1fb74f2,96,high,2,0.82673,large_dark,15.042,False,True,True,extra_trees,0.76,True,0.82673
fallback_extra_trees_thr0.76,e2711620-6d4e-4f9c-8922-b1b2d1fb74f2,97,high,2,0.825326,large_dark,14.866,False,True,True,extra_trees,0.76,True,0.825326
fallback_extra_trees_thr0.76,e2711620-6d4e-4f9c-8922-b1b2d1fb74f2,98,high,2,0.887995,appearance,3.536,True,True,True,extra_trees,0.76,True,0.887995
fallback_extra_trees_thr0.76,e2711620-6d4e-4f9c-8922-b1b2d1fb74f2,99,high,2,0.894635,appearance,3.536,True,True,True,extra_trees,0.76,True,0.894635
fallback_extra_trees_thr0.76,e2711620-6d4e-4f9c-8922-b1b2d1fb74f2,100,high,2,0.903539,appearance,2.0,True,True,True,extra_trees,0.76,True,0.903539
fallback_extra_trees_thr0.76,e2711620-6d4e-4f9c-8922-b1b2d1fb74f2,101,high,2,0.868845,appearance,2.0,True,True,True,extra_trees,0.76,True,0.868845
fallback_extra_trees_thr0.76,e2711620-6d4e-4f9c-8922-b1b2d1fb74f2,102,high,2,0.893315,appearance,3.0,True,True,True,extra_trees,0.76,True,0.893315
fallback_extra_trees_thr0.76,e2711620-6d4e-4f9c-8922-b1b2d1fb74f2,103,high,2,0.880415,appearance,2.55,True,True,True,extra_trees,0.76,True,0.880415
fallback_extra_trees_thr0.76,e2711620-6d4e-4f9c-8922-b1b2d1fb74f2,104,high,2,0.857364,appearance,3.536,True,True,True,extra_trees,0.76,True,0.857364
fallback_extra_trees_thr0.76,e2711620-6d4e-4f9c-8922-b1b2d1fb74f2,105,high,2,0.906632,appearance,4.0,True,True,True,extra_trees,0.76,True,0.906632
fallback_extra_trees_thr0.76,e2711620-6d4e-4f9c-8922-b1b2d1fb74f2,106,high,2,0.901625,appearance,4.0,True,True,True,extra_trees,0.76,True,0.901625
fallback_extra_trees_thr0.76,e2711620-6d4e-4f9c-8922-b1b2d1fb74f2,107,high,2,0.921691,appearance,3.5,True,True,True,extra_trees,0.76,True,0.921691
fallback_extra_trees_thr0.76,e2711620-6d4e-4f9c-8922-b1b2d1fb74f2,108,high,2,0.905943,appearance,3.5,True,True,True,extra_trees,0.76,True,0.905943
fallback_extra_trees_thr0.76,e2711620-6d4e-4f9c-8922-b1b2d1fb74f2,109,high,2,0.901456,appearance,3.5,True,True,True,extra_trees,0.76,True,0.901456
fallback_extra_trees_thr0.76,e2711620-6d4e-4f9c-8922-b1b2d1fb74f2,110,high,2,0.885512,map,3.808,True,True,True,extra_trees,0.76,True,0.885512
fallback_extra_trees_thr0.76,e2711620-6d4e-4f9c-8922-b1b2d1fb74f2,111,high,2,0.898368,appearance,4.0,True,True,True,extra_trees,0.76,True,0.898368
fallback_extra_trees_thr0.76,e2711620-6d4e-4f9c-8922-b1b2d1fb74f2,112,high,2,0.902378,appearance,3.5,True,True,True,extra_trees,0.76,True,0.902378
fallback_extra_trees_thr0.76,e2711620-6d4e-4f9c-8922-b1b2d1fb74f2,113,high,2,0.88549,appearance,5.5,True,True,True,extra_trees,0.76,True,0.88549
fallback_extra_trees_thr0.76,e2711620-6d4e-4f9c-8922-b1b2d1fb74f2,114,high,2,0.82985,appearance,7.5,True,True,True,extra_trees,0.76,True,0.82985
fallback_extra_trees_thr0.76,e2711620-6d4e-4f9c-8922-b1b2d1fb74f2,115,high,2,0.899844,appearance,4.5,True,True,True,extra_trees,0.76,True,0.899844
fallback_extra_trees_thr0.76,e2711620-6d4e-4f9c-8922-b1b2d1fb74f2,116,high,2,0.869146,appearance,4.5,True,True,True,extra_trees,0.76,True,0.869146
fallback_extra_trees_thr0.76,e2711620-6d4e-4f9c-8922-b1b2d1fb74f2,117,high,2,0.873604,appearance,3.5,True,True,True,extra_trees,0.76,True,0.873604
fallback_extra_trees_thr0.76,e2711620-6d4e-4f9c-8922-b1b2d1fb74f2,118,high,2,0.873426,appearance,4.0,True,True,True,extra_trees,0.76,True,0.873426
fallback_extra_trees_thr0.76,e2711620-6d4e-4f9c-8922-b1b2d1fb74f2,119,high,2,0.875805,appearance,4.0,True,True,True,extra_trees,0.76,True,0.875805
fallback_extra_trees_thr0.76,e2711620-6d4e-4f9c-8922-b1b2d1fb74f2,120,high,5,0.856031,large_dark,16.763,False,False,True,extra_trees,0.76,True,0.856031
fallback_extra_trees_thr0.76,e2711620-6d4e-4f9c-8922-b1b2d1fb74f2,121,high,2,0.872091,appearance,4.031,True,True,True,extra_trees,0.76,True,0.872091
fallback_extra_trees_thr0.76,e2711620-6d4e-4f9c-8922-b1b2d1fb74f2,122,high,2,0.859658,appearance,3.5,True,True,True,extra_trees,0.76,True,0.859658
fallback_extra_trees_thr0.76,e2711620-6d4e-4f9c-8922-b1b2d1fb74f2,123,high,1,0.867025,appearance,5.408,True,True,True,extra_trees,0.76,True,0.867025
fallback_extra_trees_thr0.76,e2711620-6d4e-4f9c-8922-b1b2d1fb74f2,124,high,3,0.895485,appearance,5.408,True,True,True,extra_trees,0.76,True,0.895485
fallback_extra_trees_thr0.76,e2711620-6d4e-4f9c-8922-b1b2d1fb74f2,125,high,2,0.889494,map,3.536,True,True,True,extra_trees,0.76,True,0.889494
fallback_extra_trees_thr0.76,e2711620-6d4e-4f9c-8922-b1b2d1fb74f2,126,high,3,0.89116,appearance,5.408,True,True,True,extra_trees,0.76,True,0.89116
fallback_extra_trees_thr0.76,e2711620-6d4e-4f9c-8922-b1b2d1fb74f2,127,high,4,0.889844,appearance,3.5,True,True,True,extra_trees,0.76,True,0.889844
fallback_extra_trees_thr0.76,e2711620-6d4e-4f9c-8922-b1b2d1fb74f2,128,high,6,0.879083,appearance,5.408,True,True,True,extra_trees,0.76,True,0.879083
fallback_extra_trees_thr0.76,e2711620-6d4e-4f9c-8922-b1b2d1fb74f2,129,high,8,0.862321,appearance,5.408,True,True,True,extra_trees,0.76,True,0.862321
fallback_extra_trees_thr0.76,e2711620-6d4e-4f9c-8922-b1b2d1fb74f2,130,high,10,0.842315,map,4.301,True,True,True,extra_trees,0.76,True,0.842315
fallback_extra_trees_thr0.76,e2711620-6d4e-4f9c-8922-b1b2d1fb74f2,131,high,8,0.843476,appearance,5.831,True,True,True,extra_trees,0.76,True,0.843476
fallback_extra_trees_thr0.76,e2711620-6d4e-4f9c-8922-b1b2d1fb74f2,132,high,9,0.807854,appearance,5.831,True,True,True,extra_trees,0.76,True,0.807854
fallback_extra_trees_thr0.76,e2711620-6d4e-4f9c-8922-b1b2d1fb74f2,133,high,11,0.843624,large_dark,0.5,True,True,True,extra_trees,0.76,True,0.843624
fallback_extra_trees_thr0.76,e2711620-6d4e-4f9c-8922-b1b2d1fb74f2,134,high,9,0.84476,large_dark,0.5,True,True,True,extra_trees,0.76,True,0.84476
fallback_extra_trees_thr0.76,e2711620-6d4e-4f9c-8922-b1b2d1fb74f2,135,high,14,0.792369,appearance,5.408,True,True,True,extra_trees,0.76,True,0.792369
fallback_extra_trees_thr0.76,e2711620-6d4e-4f9c-8922-b1b2d1fb74f2,136,high,9,0.819207,appearance,5.408,True,True,True,extra_trees,0.76,True,0.819207
fallback_extra_trees_thr0.76,e2711620-6d4e-4f9c-8922-b1b2d1fb74f2,137,high,13,0.788477,appearance,4.031,True,True,True,extra_trees,0.76,True,0.788477
fallback_extra_trees_thr0.76,e2711620-6d4e-4f9c-8922-b1b2d1fb74f2,138,high,6,0.772511,large_dark,47.024,False,False,True,extra_trees,0.76,True,0.772511
fallback_extra_trees_thr0.76,e2711620-6d4e-4f9c-8922-b1b2d1fb74f2,139,high,5,0.786399,large_dark,47.024,False,False,True,extra_trees,0.76,True,0.786399
fallback_extra_trees_thr0.76,e2711620-6d4e-4f9c-8922-b1b2d1fb74f2,140,high,10,0.846037,large_dark,0.0,True,True,True,extra_trees,0.76,True,0.846037
fallback_extra_trees_thr0.76,e2711620-6d4e-4f9c-8922-b1b2d1fb74f2,141,high,5,0.860191,large_dark,0.0,True,True,True,extra_trees,0.76,True,0.860191
fallback_extra_trees_thr0.76,e2711620-6d4e-4f9c-8922-b1b2d1fb74f2,142,high,6,0.877487,large_dark,0.5,True,True,True,extra_trees,0.76,True,0.877487
fallback_extra_trees_thr0.76,e2711620-6d4e-4f9c-8922-b1b2d1fb74f2,143,high,3,0.900156,large_dark,0.5,True,True,True,extra_trees,0.76,True,0.900156
fallback_extra_trees_thr0.76,e2711620-6d4e-4f9c-8922-b1b2d1fb74f2,144,high,2,0.901267,large_dark,0.5,True,True,True,extra_trees,0.76,True,0.901267
fallback_extra_trees_thr0.76,e2711620-6d4e-4f9c-8922-b1b2d1fb74f2,145,high,3,0.902119,large_dark,0.5,True,True,True,extra_trees,0.76,True,0.902119
fallback_extra_trees_thr0.76,e2711620-6d4e-4f9c-8922-b1b2d1fb74f2,146,high,1,0.919943,large_dark,0.5,True,True,True,extra_trees,0.76,True,0.919943
fallback_extra_trees_thr0.76,e2711620-6d4e-4f9c-8922-b1b2d1fb74f2,147,high,1,0.928321,large_dark,0.0,True,True,True,extra_trees,0.76,True,0.928321
fallback_extra_trees_thr0.76,e2711620-6d4e-4f9c-8922-b1b2d1fb74f2,148,high,2,0.919491,appearance,5.385,True,True,True,extra_trees,0.76,True,0.919491
fallback_extra_trees_thr0.76,e2711620-6d4e-4f9c-8922-b1b2d1fb74f2,149,high,2,0.898154,appearance,5.385,True,True,True,extra_trees,0.76,True,0.898154
fallback_extra_trees_thr0.76,e2711620-6d4e-4f9c-8922-b1b2d1fb74f2,150,high,2,0.91773,appearance,5.385,True,True,True,extra_trees,0.76,True,0.91773
fallback_extra_trees_thr0.76,e2711620-6d4e-4f9c-8922-b1b2d1fb74f2,151,high,2,0.918995,appearance,5.385,True,True,True,extra_trees,0.76,True,0.918995
fallback_extra_trees_thr0.76,e2711620-6d4e-4f9c-8922-b1b2d1fb74f2,152,high,2,0.910586,appearance,5.852,True,True,True,extra_trees,0.76,True,0.910586
fallback_extra_trees_thr0.76,e2711620-6d4e-4f9c-8922-b1b2d1fb74f2,153,high,4,0.906963,map,4.717,True,True,True,extra_trees,0.76,True,0.906963
fallback_extra_trees_thr0.76,e2711620-6d4e-4f9c-8922-b1b2d1fb74f2,154,high,2,0.904341,appearance,6.083,True,True,True,extra_trees,0.76,True,0.904341
fallback_extra_trees_thr0.76,e2711620-6d4e-4f9c-8922-b1b2d1fb74f2,155,high,2,0.897426,map,7.106,True,True,True,extra_trees,0.76,True,0.897426
fallback_extra_trees_thr0.76,e2711620-6d4e-4f9c-8922-b1b2d1fb74f2,156,high,2,0.86957,appearance,6.083,True,True,True,extra_trees,0.76,True,0.86957
fallback_extra_trees_thr0.76,e2711620-6d4e-4f9c-8922-b1b2d1fb74f2,157,high,3,0.906626,large_dark,10.607,False,True,True,extra_trees,0.76,True,0.906626
fallback_extra_trees_thr0.76,e2711620-6d4e-4f9c-8922-b1b2d1fb74f2,158,high,3,0.903635,appearance,6.083,True,True,True,extra_trees,0.76,True,0.903635
fallback_extra_trees_thr0.76,e2711620-6d4e-4f9c-8922-b1b2d1fb74f2,159,high,3,0.851762,map,12.042,False,True,True,extra_trees,0.76,True,0.851762
fallback_extra_trees_thr0.76,e2711620-6d4e-4f9c-8922-b1b2d1fb74f2,160,high,4,0.857331,map,3.905,True,True,True,extra_trees,0.76,True,0.857331
fallback_extra_trees_thr0.76,e2711620-6d4e-4f9c-8922-b1b2d1fb74f2,161,high,2,0.878002,appearance,5.852,True,True,True,extra_trees,0.76,True,0.878002
fallback_extra_trees_thr0.76,e2711620-6d4e-4f9c-8922-b1b2d1fb74f2,162,high,4,0.881108,map,11.885,False,True,True,extra_trees,0.76,True,0.881108
fallback_extra_trees_thr0.76,e2711620-6d4e-4f9c-8922-b1b2d1fb74f2,163,high,5,0.904634,large_dark,0.707,True,True,True,extra_trees,0.76,True,0.904634
fallback_extra_trees_thr0.76,e2711620-6d4e-4f9c-8922-b1b2d1fb74f2,164,high,1,0.912235,large_dark,0.707,True,True,True,extra_trees,0.76,True,0.912235
fallback_extra_trees_thr0.76,e2711620-6d4e-4f9c-8922-b1b2d1fb74f2,165,high,3,0.922903,appearance,6.042,True,True,True,extra_trees,0.76,True,0.922903
fallback_extra_trees_thr0.76,e2711620-6d4e-4f9c-8922-b1b2d1fb74f2,166,high,3,0.927365,appearance,6.042,True,True,True,extra_trees,0.76,True,0.927365
fallback_extra_trees_thr0.76,e2711620-6d4e-4f9c-8922-b1b2d1fb74f2,167,high,1,0.926608,large_dark,0.707,True,True,True,extra_trees,0.76,True,0.926608
fallback_extra_trees_thr0.76,e2711620-6d4e-4f9c-8922-b1b2d1fb74f2,168,high,1,0.922646,large_dark,0.707,True,True,True,extra_trees,0.76,True,0.922646
fallback_extra_trees_thr0.76,e2711620-6d4e-4f9c-8922-b1b2d1fb74f2,169,high,1,0.912859,large_dark,0.0,True,True,True,extra_trees,0.76,True,0.912859
fallback_extra_trees_thr0.76,e2711620-6d4e-4f9c-8922-b1b2d1fb74f2,170,high,3,0.905996,large_dark,0.5,True,True,True,extra_trees,0.76,True,0.905996
fallback_extra_trees_thr0.76,e2711620-6d4e-4f9c-8922-b1b2d1fb74f2,171,high,1,0.914706,large_dark,0.5,True,True,True,extra_trees,0.76,True,0.914706
fallback_extra_trees_thr0.76,e2711620-6d4e-4f9c-8922-b1b2d1fb74f2,172,high,1,0.908404,large_dark,0.5,True,True,True,extra_trees,0.76,True,0.908404
fallback_extra_trees_thr0.76,e2711620-6d4e-4f9c-8922-b1b2d1fb74f2,173,high,1,0.921382,large_dark,0.5,True,True,True,extra_trees,0.76,True,0.921382
fallback_extra_trees_thr0.76,e2711620-6d4e-4f9c-8922-b1b2d1fb74f2,174,high,1,0.924752,large_dark,0.5,True,True,True,extra_trees,0.76,True,0.924752
fallback_extra_trees_thr0.76,e2711620-6d4e-4f9c-8922-b1b2d1fb74f2,175,high,1,0.925541,large_dark,0.5,True,True,True,extra_trees,0.76,True,0.925541
fallback_extra_trees_thr0.76,e2711620-6d4e-4f9c-8922-b1b2d1fb74f2,176,high,1,0.921374,large_dark,0.5,True,True,True,extra_trees,0.76,True,0.921374
fallback_extra_trees_thr0.76,e2711620-6d4e-4f9c-8922-b1b2d1fb74f2,177,high,3,0.932008,large_dark,0.5,True,True,True,extra_trees,0.76,True,0.932008
fallback_extra_trees_thr0.76,e2711620-6d4e-4f9c-8922-b1b2d1fb74f2,178,high,1,0.928917,appearance,6.042,True,True,True,extra_trees,0.76,True,0.928917
fallback_extra_trees_thr0.76,e2711620-6d4e-4f9c-8922-b1b2d1fb74f2,179,high,1,0.93216,large_dark,0.5,True,True,True,extra_trees,0.76,True,0.93216
fallback_extra_trees_thr0.76,e2711620-6d4e-4f9c-8922-b1b2d1fb74f2,180,high,1,0.919429,large_dark,0.0,True,True,True,extra_trees,0.76,True,0.919429
fallback_extra_trees_thr0.76,e2711620-6d4e-4f9c-8922-b1b2d1fb74f2,181,high,1,0.918663,large_dark,0.0,True,True,True,extra_trees,0.76,True,0.918663
fallback_extra_trees_thr0.76,e2711620-6d4e-4f9c-8922-b1b2d1fb74f2,182,high,1,0.920563,large_dark,0.707,True,True,True,extra_trees,0.76,True,0.920563
fallback_extra_trees_thr0.76,e2711620-6d4e-4f9c-8922-b1b2d1fb74f2,183,high,1,0.920405,large_dark,0.707,True,True,True,extra_trees,0.76,True,0.920405
fallback_extra_trees_thr0.76,e2711620-6d4e-4f9c-8922-b1b2d1fb74f2,184,high,1,0.92133,large_dark,0.0,True,True,True,extra_trees,0.76,True,0.92133
fallback_extra_trees_thr0.76,e2711620-6d4e-4f9c-8922-b1b2d1fb74f2,185,high,1,0.917497,large_dark,0.5,True,True,True,extra_trees,0.76,True,0.917497
fallback_extra_trees_thr0.76,e2711620-6d4e-4f9c-8922-b1b2d1fb74f2,186,high,1,0.914451,large_dark,0.5,True,True,True,extra_trees,0.76,True,0.914451
fallback_extra_trees_thr0.76,e2711620-6d4e-4f9c-8922-b1b2d1fb74f2,187,high,1,0.919828,large_dark,0.5,True,True,True,extra_trees,0.76,True,0.919828
fallback_extra_trees_thr0.76,e2711620-6d4e-4f9c-8922-b1b2d1fb74f2,188,high,2,0.875497,appearance,6.325,True,True,True,extra_trees,0.76,True,0.875497
fallback_extra_trees_thr0.76,e2711620-6d4e-4f9c-8922-b1b2d1fb74f2,189,high,3,0.902192,large_dark,0.0,True,True,True,extra_trees,0.76,True,0.902192
fallback_extra_trees_thr0.76,e2711620-6d4e-4f9c-8922-b1b2d1fb74f2,190,high,4,0.890045,map,6.801,True,True,True,extra_trees,0.76,True,0.890045
fallback_extra_trees_thr0.76,e2711620-6d4e-4f9c-8922-b1b2d1fb74f2,191,high,3,0.870398,map,3.905,True,True,True,extra_trees,0.76,True,0.870398
fallback_extra_trees_thr0.76,e2711620-6d4e-4f9c-8922-b1b2d1fb74f2,192,high,1,0.891882,map,9.487,False,True,True,extra_trees,0.76,True,0.891882
fallback_extra_trees_thr0.76,e2711620-6d4e-4f9c-8922-b1b2d1fb74f2,193,high,1,0.901541,appearance,7.28,True,True,True,extra_trees,0.76,True,0.901541
fallback_extra_trees_thr0.76,e2711620-6d4e-4f9c-8922-b1b2d1fb74f2,194,high,2,0.909076,appearance,6.801,True,True,True,extra_trees,0.76,True,0.909076
fallback_extra_trees_thr0.76,e2711620-6d4e-4f9c-8922-b1b2d1fb74f2,195,high,3,0.90715,large_dark,0.5,True,True,True,extra_trees,0.76,True,0.90715
fallback_extra_trees_thr0.76,e2711620-6d4e-4f9c-8922-b1b2d1fb74f2,196,high,1,0.905073,large_dark,0.5,True,True,True,extra_trees,0.76,True,0.905073
fallback_extra_trees_thr0.76,e2711620-6d4e-4f9c-8922-b1b2d1fb74f2,197,high,2,0.913679,map,8.846,False,True,True,extra_trees,0.76,True,0.913679
fallback_extra_trees_thr0.76,e2711620-6d4e-4f9c-8922-b1b2d1fb74f2,198,high,1,0.931783,large_dark,0.5,True,True,True,extra_trees,0.76,True,0.931783
fallback_extra_trees_thr0.76,e2711620-6d4e-4f9c-8922-b1b2d1fb74f2,199,high,1,0.928887,large_dark,0.5,True,True,True,extra_trees,0.76,True,0.928887
fallback_extra_trees_thr0.76,e2711620-6d4e-4f9c-8922-b1b2d1fb74f2,200,high,1,0.9384,large_dark,0.707,True,True,True,extra_trees,0.76,True,0.9384
fallback_extra_trees_thr0.76,e2711620-6d4e-4f9c-8922-b1b2d1fb74f2,201,high,1,0.923455,large_dark,0.707,True,True,True,extra_trees,0.76,True,0.923455
fallback_extra_trees_thr0.76,e2711620-6d4e-4f9c-8922-b1b2d1fb74f2,202,high,1,0.920808,large_dark,0.707,True,True,True,extra_trees,0.76,True,0.920808
fallback_extra_trees_thr0.76,e2711620-6d4e-4f9c-8922-b1b2d1fb74f2,203,high,1,0.914699,large_dark,0.707,True,True,True,extra_trees,0.76,True,0.914699
fallback_extra_trees_thr0.76,e2711620-6d4e-4f9c-8922-b1b2d1fb74f2,204,high,2,0.889064,map,8.544,False,True,True,extra_trees,0.76,True,0.889064
fallback_extra_trees_thr0.76,e2711620-6d4e-4f9c-8922-b1b2d1fb74f2,205,high,2,0.90192,appearance,5.701,True,True,True,extra_trees,0.76,True,0.90192
fallback_extra_trees_thr0.76,e2711620-6d4e-4f9c-8922-b1b2d1fb74f2,206,high,2,0.866692,appearance,6.964,True,True,True,extra_trees,0.76,True,0.866692
fallback_extra_trees_thr0.76,e2711620-6d4e-4f9c-8922-b1b2d1fb74f2,207,high,2,0.906557,map,4.743,True,True,True,extra_trees,0.76,True,0.906557
fallback_extra_trees_thr0.76,e2711620-6d4e-4f9c-8922-b1b2d1fb74f2,208,high,2,0.863519,appearance,6.801,True,True,True,extra_trees,0.76,True,0.863519
fallback_extra_trees_thr0.76,e2711620-6d4e-4f9c-8922-b1b2d1fb74f2,209,high,2,0.864982,map,4.743,True,True,True,extra_trees,0.76,True,0.864982
fallback_extra_trees_thr0.76,e2711620-6d4e-4f9c-8922-b1b2d1fb74f2,210,high,2,0.849317,map,8.078,False,True,True,extra_trees,0.76,True,0.849317
fallback_extra_trees_thr0.76,e2711620-6d4e-4f9c-8922-b1b2d1fb74f2,211,high,2,0.863737,appearance,6.801,True,True,True,extra_trees,0.76,True,0.863737
fallback_extra_trees_thr0.76,e2711620-6d4e-4f9c-8922-b1b2d1fb74f2,212,high,2,0.836546,map,9.552,False,True,True,extra_trees,0.76,True,0.836546
fallback_extra_trees_thr0.76,e2711620-6d4e-4f9c-8922-b1b2d1fb74f2,213,high,2,0.873852,appearance,6.801,True,True,True,extra_trees,0.76,True,0.873852
fallback_extra_trees_thr0.76,e2711620-6d4e-4f9c-8922-b1b2d1fb74f2,214,high,2,0.861261,map,8.732,False,True,True,extra_trees,0.76,True,0.861261
fallback_extra_trees_thr0.76,e2711620-6d4e-4f9c-8922-b1b2d1fb74f2,215,high,2,0.912268,map,8.078,False,True,True,extra_trees,0.76,True,0.912268
fallback_extra_trees_thr0.76,e2711620-6d4e-4f9c-8922-b1b2d1fb74f2,216,high,1,0.922191,appearance,5.852,True,True,True,extra_trees,0.76,True,0.922191
fallback_extra_trees_thr0.76,e2711620-6d4e-4f9c-8922-b1b2d1fb74f2,217,high,2,0.938503,map,8.382,False,True,True,extra_trees,0.76,True,0.938503
fallback_extra_trees_thr0.76,e2711620-6d4e-4f9c-8922-b1b2d1fb74f2,218,high,2,0.931583,appearance,6.964,True,True,True,extra_trees,0.76,True,0.931583
fallback_extra_trees_thr0.76,e2711620-6d4e-4f9c-8922-b1b2d1fb74f2,219,high,3,0.915031,map,10.512,False,True,True,extra_trees,0.76,True,0.915031
fallback_extra_trees_thr0.76,e2711620-6d4e-4f9c-8922-b1b2d1fb74f2,220,high,5,0.895224,map,5.025,True,True,True,extra_trees,0.76,True,0.895224
fallback_extra_trees_thr0.76,e2711620-6d4e-4f9c-8922-b1b2d1fb74f2,221,high,3,0.888297,large_dark,0.5,True,True,True,extra_trees,0.76,True,0.888297
fallback_extra_trees_thr0.76,e2711620-6d4e-4f9c-8922-b1b2d1fb74f2,222,high,2,0.880512,map,8.732,False,True,True,extra_trees,0.76,True,0.880512
fallback_extra_trees_thr0.76,e2711620-6d4e-4f9c-8922-b1b2d1fb74f2,223,high,4,0.82643,map,10.689,False,True,True,extra_trees,0.76,True,0.82643
fallback_extra_trees_thr0.76,e2711620-6d4e-4f9c-8922-b1b2d1fb74f2,224,high,2,0.895736,map,3.808,True,True,True,extra_trees,0.76,True,0.895736
fallback_extra_trees_thr0.76,e2711620-6d4e-4f9c-8922-b1b2d1fb74f2,225,high,2,0.913377,map,9.487,False,True,True,extra_trees,0.76,True,0.913377
fallback_extra_trees_thr0.76,e2711620-6d4e-4f9c-8922-b1b2d1fb74f2,226,high,3,0.906844,map,12.369,False,True,True,extra_trees,0.76,True,0.906844
fallback_extra_trees_thr0.76,e2711620-6d4e-4f9c-8922-b1b2d1fb74f2,227,high,2,0.906682,map,8.631,False,True,True,extra_trees,0.76,True,0.906682
fallback_extra_trees_thr0.76,e2711620-6d4e-4f9c-8922-b1b2d1fb74f2,228,high,1,0.911816,appearance,5.852,True,True,True,extra_trees,0.76,True,0.911816
fallback_extra_trees_thr0.76,e2711620-6d4e-4f9c-8922-b1b2d1fb74f2,229,high,2,0.913785,map,7.906,True,True,True,extra_trees,0.76,True,0.913785
fallback_extra_trees_thr0.76,e2711620-6d4e-4f9c-8922-b1b2d1fb74f2,230,high,2,0.926768,map,8.276,False,True,True,extra_trees,0.76,True,0.926768
fallback_extra_trees_thr0.76,e2711620-6d4e-4f9c-8922-b1b2d1fb74f2,231,high,3,0.922709,map,9.192,False,True,True,extra_trees,0.76,True,0.922709
fallback_extra_trees_thr0.76,e2711620-6d4e-4f9c-8922-b1b2d1fb74f2,232,high,4,0.892863,map,10.512,False,True,True,extra_trees,0.76,True,0.892863
fallback_extra_trees_thr0.76,e2711620-6d4e-4f9c-8922-b1b2d1fb74f2,233,high,2,0.851272,appearance,6.325,True,True,True,extra_trees,0.76,True,0.851272
fallback_extra_trees_thr0.76,e2711620-6d4e-4f9c-8922-b1b2d1fb74f2,234,high,2,0.82502,map,8.944,False,True,True,extra_trees,0.76,True,0.82502
fallback_extra_trees_thr0.76,e2711620-6d4e-4f9c-8922-b1b2d1fb74f2,235,high,1,0.807948,large_dark,0.5,True,True,True,extra_trees,0.76,True,0.807948
fallback_extra_trees_thr0.76,e2711620-6d4e-4f9c-8922-b1b2d1fb74f2,236,high,2,0.863143,appearance,5.59,True,True,True,extra_trees,0.76,True,0.863143
fallback_extra_trees_thr0.76,e2711620-6d4e-4f9c-8922-b1b2d1fb74f2,237,high,2,0.892355,map,4.61,True,True,True,extra_trees,0.76,True,0.892355
fallback_extra_trees_thr0.76,e2711620-6d4e-4f9c-8922-b1b2d1fb74f2,238,high,2,0.898069,appearance,6.325,True,True,True,extra_trees,0.76,True,0.898069
fallback_extra_trees_thr0.76,e2711620-6d4e-4f9c-8922-b1b2d1fb74f2,239,high,2,0.899106,appearance,5.385,True,True,True,extra_trees,0.76,True,0.899106
fallback_extra_trees_thr0.76,e2711620-6d4e-4f9c-8922-b1b2d1fb74f2,240,high,2,0.902909,map,4.61,True,True,True,extra_trees,0.76,True,0.902909
fallback_extra_trees_thr0.76,e2711620-6d4e-4f9c-8922-b1b2d1fb74f2,241,high,2,0.889042,appearance,6.325,True,True,True,extra_trees,0.76,True,0.889042
fallback_extra_trees_thr0.76,e2711620-6d4e-4f9c-8922-b1b2d1fb74f2,242,high,2,0.90465,appearance,6.185,True,True,True,extra_trees,0.76,True,0.90465
fallback_extra_trees_thr0.76,e2711620-6d4e-4f9c-8922-b1b2d1fb74f2,243,high,2,0.888418,appearance,6.185,True,True,True,extra_trees,0.76,True,0.888418
fallback_extra_trees_thr0.76,e2711620-6d4e-4f9c-8922-b1b2d1fb74f2,244,high,2,0.912283,map,3.354,True,True,True,extra_trees,0.76,True,0.912283
fallback_extra_trees_thr0.76,e2711620-6d4e-4f9c-8922-b1b2d1fb74f2,245,high,1,0.918924,map,8.139,False,True,True,extra_trees,0.76,True,0.918924
fallback_extra_trees_thr0.76,e2711620-6d4e-4f9c-8922-b1b2d1fb74f2,246,high,1,0.927328,appearance,5.701,True,True,True,extra_trees,0.76,True,0.927328
fallback_extra_trees_thr0.76,e2711620-6d4e-4f9c-8922-b1b2d1fb74f2,247,high,2,0.950811,large_dark,0.5,True,True,True,extra_trees,0.76,True,0.950811
fallback_extra_trees_thr0.76,e2711620-6d4e-4f9c-8922-b1b2d1fb74f2,248,high,2,0.952093,appearance,5.701,True,True,True,extra_trees,0.76,True,0.952093
fallback_extra_trees_thr0.76,e2711620-6d4e-4f9c-8922-b1b2d1fb74f2,249,high,1,0.953114,large_dark,0.707,True,True,True,extra_trees,0.76,True,0.953114
fallback_extra_trees_thr0.76,e2711620-6d4e-4f9c-8922-b1b2d1fb74f2,250,high,2,0.943755,appearance,3.0,True,True,True,extra_trees,0.76,True,0.943755
fallback_extra_trees_thr0.76,e2711620-6d4e-4f9c-8922-b1b2d1fb74f2,251,high,2,0.946825,appearance,3.0,True,True,True,extra_trees,0.76,True,0.946825
fallback_extra_trees_thr0.76,e2711620-6d4e-4f9c-8922-b1b2d1fb74f2,252,high,1,0.935088,large_dark,0.5,True,True,True,extra_trees,0.76,True,0.935088
fallback_extra_trees_thr0.76,e2711620-6d4e-4f9c-8922-b1b2d1fb74f2,253,high,1,0.932346,large_dark,0.5,True,True,True,extra_trees,0.76,True,0.932346
fallback_extra_trees_thr0.76,e2711620-6d4e-4f9c-8922-b1b2d1fb74f2,254,high,1,0.930482,large_dark,0.707,True,True,True,extra_trees,0.76,True,0.930482
fallback_extra_trees_thr0.76,e2711620-6d4e-4f9c-8922-b1b2d1fb74f2,255,high,1,0.917034,map,3.202,True,True,True,extra_trees,0.76,True,0.917034
fallback_extra_trees_thr0.76,e2711620-6d4e-4f9c-8922-b1b2d1fb74f2,256,high,1,0.932369,large_dark,0.5,True,True,True,extra_trees,0.76,True,0.932369
fallback_extra_trees_thr0.76,e2711620-6d4e-4f9c-8922-b1b2d1fb74f2,257,high,1,0.93,large_dark,0.707,True,True,True,extra_trees,0.76,True,0.93
fallback_extra_trees_thr0.76,e2711620-6d4e-4f9c-8922-b1b2d1fb74f2,258,high,1,0.924393,large_dark,0.707,True,True,True,extra_trees,0.76,True,0.924393
fallback_extra_trees_thr0.76,e2711620-6d4e-4f9c-8922-b1b2d1fb74f2,259,high,1,0.933879,large_dark,0.707,True,True,True,extra_trees,0.76,True,0.933879
fallback_extra_trees_thr0.76,e2711620-6d4e-4f9c-8922-b1b2d1fb74f2,260,high,1,0.938136,large_dark,0.5,True,True,True,extra_trees,0.76,True,0.938136
fallback_extra_trees_thr0.76,e2711620-6d4e-4f9c-8922-b1b2d1fb74f2,261,high,1,0.93365,large_dark,6.801,True,True,True,extra_trees,0.76,True,0.93365
fallback_extra_trees_thr0.76,e2711620-6d4e-4f9c-8922-b1b2d1fb74f2,262,high,1,0.932479,large_dark,0.0,True,True,True,extra_trees,0.76,True,0.932479
fallback_extra_trees_thr0.76,e2711620-6d4e-4f9c-8922-b1b2d1fb74f2,263,high,1,0.929696,large_dark,0.0,True,True,True,extra_trees,0.76,True,0.929696
fallback_extra_trees_thr0.76,e2711620-6d4e-4f9c-8922-b1b2d1fb74f2,264,high,2,0.914328,appearance,3.0,True,True,True,extra_trees,0.76,True,0.914328
fallback_extra_trees_thr0.76,e2711620-6d4e-4f9c-8922-b1b2d1fb74f2,265,high,2,0.911369,appearance,3.5,True,True,True,extra_trees,0.76,True,0.911369
fallback_extra_trees_thr0.76,e2711620-6d4e-4f9c-8922-b1b2d1fb74f2,266,high,1,0.907548,large_dark,0.5,True,True,True,extra_trees,0.76,True,0.907548
fallback_extra_trees_thr0.76,e2711620-6d4e-4f9c-8922-b1b2d1fb74f2,267,high,1,0.912714,large_dark,0.5,True,True,True,extra_trees,0.76,True,0.912714
fallback_extra_trees_thr0.76,e2711620-6d4e-4f9c-8922-b1b2d1fb74f2,268,high,1,0.907482,large_dark,0.5,True,True,True,extra_trees,0.76,True,0.907482
fallback_extra_trees_thr0.76,e2711620-6d4e-4f9c-8922-b1b2d1fb74f2,269,high,2,0.909934,appearance,2.5,True,True,True,extra_trees,0.76,True,0.909934
fallback_extra_trees_thr0.76,e2711620-6d4e-4f9c-8922-b1b2d1fb74f2,270,high,2,0.915427,appearance,3.0,True,True,True,extra_trees,0.76,True,0.915427
fallback_extra_trees_thr0.76,e2711620-6d4e-4f9c-8922-b1b2d1fb74f2,271,high,2,0.877492,appearance,3.0,True,True,True,extra_trees,0.76,True,0.877492
fallback_extra_trees_thr0.76,e2711620-6d4e-4f9c-8922-b1b2d1fb74f2,272,high,2,0.866378,appearance,2.062,True,True,True,extra_trees,0.76,True,0.866378
fallback_extra_trees_thr0.76,e2711620-6d4e-4f9c-8922-b1b2d1fb74f2,273,high,1,0.866676,large_dark,0.5,True,True,True,extra_trees,0.76,True,0.866676
fallback_extra_trees_thr0.76,e2711620-6d4e-4f9c-8922-b1b2d1fb74f2,274,high,2,0.91846,appearance,3.0,True,True,True,extra_trees,0.76,True,0.91846
fallback_extra_trees_thr0.76,e2711620-6d4e-4f9c-8922-b1b2d1fb74f2,500,medium_high,2,0.825933,large_dark,0.5,True,True,True,extra_trees,0.76,True,0.825933
fallback_extra_trees_thr0.76,e2711620-6d4e-4f9c-8922-b1b2d1fb74f2,501,medium_high,3,0.836902,large_dark,0.0,True,True,True,extra_trees,0.76,True,0.836902
fallback_extra_trees_thr0.76,e2711620-6d4e-4f9c-8922-b1b2d1fb74f2,502,medium_high,3,0.830844,large_dark,0.5,True,True,True,extra_trees,0.76,True,0.830844
fallback_extra_trees_thr0.76,e2711620-6d4e-4f9c-8922-b1b2d1fb74f2,503,medium_high,3,0.828636,large_dark,0.5,True,True,True,extra_trees,0.76,True,0.828636
fallback_extra_trees_thr0.76,e2711620-6d4e-4f9c-8922-b1b2d1fb74f2,504,medium_high,3,0.838087,large_dark,0.707,True,True,True,extra_trees,0.76,True,0.838087
fallback_extra_trees_thr0.76,e2711620-6d4e-4f9c-8922-b1b2d1fb74f2,505,medium_high,3,0.833734,large_dark,0.707,True,True,True,extra_trees,0.76,True,0.833734
fallback_extra_trees_thr0.76,e2711620-6d4e-4f9c-8922-b1b2d1fb74f2,506,medium_high,5,0.874407,appearance,5.59,True,True,True,extra_trees,0.76,True,0.874407
fallback_extra_trees_thr0.76,e2711620-6d4e-4f9c-8922-b1b2d1fb74f2,507,medium_high,5,0.863131,appearance,8.322,False,True,True,extra_trees,0.76,True,0.863131
fallback_extra_trees_thr0.76,e2711620-6d4e-4f9c-8922-b1b2d1fb74f2,508,medium_high,6,0.851071,large_dark,42.027,False,False,True,extra_trees,0.76,True,0.851071
fallback_extra_trees_thr0.76,e2711620-6d4e-4f9c-8922-b1b2d1fb74f2,509,medium_high,3,0.848514,large_dark,0.707,True,True,True,extra_trees,0.76,True,0.848514
fallback_extra_trees_thr0.76,e2711620-6d4e-4f9c-8922-b1b2d1fb74f2,510,medium_high,3,0.841554,large_dark,0.707,True,True,True,extra_trees,0.76,True,0.841554
fallback_extra_trees_thr0.76,e2711620-6d4e-4f9c-8922-b1b2d1fb74f2,511,medium_high,3,0.845204,large_dark,1.118,True,True,True,extra_trees,0.76,True,0.845204
fallback_extra_trees_thr0.76,e2711620-6d4e-4f9c-8922-b1b2d1fb74f2,512,medium_high,5,0.870811,appearance,2.062,True,True,True,extra_trees,0.76,True,0.870811
fallback_extra_trees_thr0.76,e2711620-6d4e-4f9c-8922-b1b2d1fb74f2,513,medium_high,5,0.898684,appearance,2.062,True,True,True,extra_trees,0.76,True,0.898684
fallback_extra_trees_thr0.76,e2711620-6d4e-4f9c-8922-b1b2d1fb74f2,514,medium_high,6,0.887436,appearance,2.55,True,True,True,extra_trees,0.76,True,0.887436
fallback_extra_trees_thr0.76,e2711620-6d4e-4f9c-8922-b1b2d1fb74f2,515,medium_high,2,0.862541,large_dark,0.0,True,True,True,extra_trees,0.76,True,0.862541
fallback_extra_trees_thr0.76,e2711620-6d4e-4f9c-8922-b1b2d1fb74f2,516,medium_high,2,0.861334,large_dark,0.707,True,True,True,extra_trees,0.76,True,0.861334
fallback_extra_trees_thr0.76,e2711620-6d4e-4f9c-8922-b1b2d1fb74f2,517,medium_high,2,0.860951,large_dark,0.5,True,True,True,extra_trees,0.76,True,0.860951
fallback_extra_trees_thr0.76,e2711620-6d4e-4f9c-8922-b1b2d1fb74f2,518,medium_high,2,0.853637,large_dark,0.5,True,True,True,extra_trees,0.76,True,0.853637
fallback_extra_trees_thr0.76,e2711620-6d4e-4f9c-8922-b1b2d1fb74f2,519,medium_high,3,0.859145,large_dark,1.118,True,True,True,extra_trees,0.76,True,0.859145
fallback_extra_trees_thr0.76,e2711620-6d4e-4f9c-8922-b1b2d1fb74f2,520,medium_high,2,0.832893,large_dark,1.118,True,True,True,extra_trees,0.76,True,0.832893
fallback_extra_trees_thr0.76,e2711620-6d4e-4f9c-8922-b1b2d1fb74f2,521,medium_high,3,0.832494,large_dark,0.0,True,True,True,extra_trees,0.76,True,0.832494
fallback_extra_trees_thr0.76,e2711620-6d4e-4f9c-8922-b1b2d1fb74f2,522,medium_high,4,0.823601,large_dark,1.0,True,True,True,extra_trees,0.76,True,0.823601
fallback_extra_trees_thr0.76,e2711620-6d4e-4f9c-8922-b1b2d1fb74f2,523,medium_high,2,0.821103,large_dark,1.0,True,True,True,extra_trees,0.76,True,0.821103
fallback_extra_trees_thr0.76,e2711620-6d4e-4f9c-8922-b1b2d1fb74f2,524,medium_high,3,0.832411,large_dark,0.5,True,True,True,extra_trees,0.76,True,0.832411
fallback_extra_trees_thr0.76,e2711620-6d4e-4f9c-8922-b1b2d1fb74f2,525,medium_high,2,0.828603,large_dark,0.5,True,True,True,extra_trees,0.76,True,0.828603
fallback_extra_trees_thr0.76,e2711620-6d4e-4f9c-8922-b1b2d1fb74f2,526,medium_high,1,0.833754,large_dark,0.5,True,True,True,extra_trees,0.76,True,0.833754
fallback_extra_trees_thr0.76,e2711620-6d4e-4f9c-8922-b1b2d1fb74f2,527,medium_high,1,0.834867,large_dark,0.0,True,True,True,extra_trees,0.76,True,0.834867
fallback_extra_trees_thr0.76,e2711620-6d4e-4f9c-8922-b1b2d1fb74f2,528,medium_high,1,0.835766,large_dark,0.0,True,True,True,extra_trees,0.76,True,0.835766
fallback_extra_trees_thr0.76,e2711620-6d4e-4f9c-8922-b1b2d1fb74f2,529,medium_high,1,0.839666,large_dark,1.0,True,True,True,extra_trees,0.76,True,0.839666
fallback_extra_trees_thr0.76,e2711620-6d4e-4f9c-8922-b1b2d1fb74f2,530,medium_high,1,0.835353,large_dark,1.0,True,True,True,extra_trees,0.76,True,0.835353
fallback_extra_trees_thr0.76,e2711620-6d4e-4f9c-8922-b1b2d1fb74f2,531,medium_high,1,0.835497,large_dark,0.5,True,True,True,extra_trees,0.76,True,0.835497
fallback_extra_trees_thr0.76,e2711620-6d4e-4f9c-8922-b1b2d1fb74f2,532,medium_high,3,0.872675,map,5.099,True,True,True,extra_trees,0.76,True,0.872675
fallback_extra_trees_thr0.76,e2711620-6d4e-4f9c-8922-b1b2d1fb74f2,533,medium_high,4,0.846303,map,7.071,True,True,True,extra_trees,0.76,True,0.846303
fallback_extra_trees_thr0.76,e2711620-6d4e-4f9c-8922-b1b2d1fb74f2,534,medium_high,1,0.829747,large_dark,0.707,True,True,True,extra_trees,0.76,True,0.829747
fallback_extra_trees_thr0.76,e2711620-6d4e-4f9c-8922-b1b2d1fb74f2,535,medium_high,1,0.801262,large_dark,0.707,True,True,True,extra_trees,0.76,True,0.801262
fallback_extra_trees_thr0.76,e2711620-6d4e-4f9c-8922-b1b2d1fb74f2,536,medium_high,1,0.834463,large_dark,0.5,True,True,True,extra_trees,0.76,True,0.834463
fallback_extra_trees_thr0.76,e2711620-6d4e-4f9c-8922-b1b2d1fb74f2,537,medium_high,1,0.833266,large_dark,0.5,True,True,True,extra_trees,0.76,True,0.833266
fallback_extra_trees_thr0.76,e2711620-6d4e-4f9c-8922-b1b2d1fb74f2,538,medium_high,1,0.824856,large_dark,0.5,True,True,True,extra_trees,0.76,True,0.824856
fallback_extra_trees_thr0.76,e2711620-6d4e-4f9c-8922-b1b2d1fb74f2,539,medium_high,1,0.825727,large_dark,1.0,True,True,True,extra_trees,0.76,True,0.825727
fallback_extra_trees_thr0.76,e2711620-6d4e-4f9c-8922-b1b2d1fb74f2,540,medium_high,1,0.828963,large_dark,1.0,True,True,True,extra_trees,0.76,True,0.828963
fallback_extra_trees_thr0.76,e2711620-6d4e-4f9c-8922-b1b2d1fb74f2,541,medium_high,2,0.892832,appearance,2.5,True,True,True,extra_trees,0.76,True,0.892832
fallback_extra_trees_thr0.76,e2711620-6d4e-4f9c-8922-b1b2d1fb74f2,542,medium_high,2,0.882634,appearance,2.062,True,True,True,extra_trees,0.76,True,0.882634
fallback_extra_trees_thr0.76,e2711620-6d4e-4f9c-8922-b1b2d1fb74f2,543,medium_high,2,0.85869,appearance,2.062,True,True,True,extra_trees,0.76,True,0.85869
fallback_extra_trees_thr0.76,e2711620-6d4e-4f9c-8922-b1b2d1fb74f2,544,medium_high,1,0.853845,large_dark,0.707,True,True,True,extra_trees,0.76,True,0.853845
fallback_extra_trees_thr0.76,e2711620-6d4e-4f9c-8922-b1b2d1fb74f2,545,medium_high,1,0.815071,large_dark,0.707,True,True,True,extra_trees,0.76,True,0.815071
fallback_extra_trees_thr0.76,e2711620-6d4e-4f9c-8922-b1b2d1fb74f2,546,medium_high,1,0.85156,large_dark,0.0,True,True,True,extra_trees,0.76,True,0.85156
fallback_extra_trees_thr0.76,e2711620-6d4e-4f9c-8922-b1b2d1fb74f2,547,medium_high,1,0.849575,large_dark,0.5,True,True,True,extra_trees,0.76,True,0.849575
fallback_extra_trees_thr0.76,e2711620-6d4e-4f9c-8922-b1b2d1fb74f2,548,medium_high,1,0.846459,large_dark,0.5,True,True,True,extra_trees,0.76,True,0.846459
fallback_extra_trees_thr0.76,e2711620-6d4e-4f9c-8922-b1b2d1fb74f2,549,medium_high,1,0.85019,large_dark,0.707,True,True,True,extra_trees,0.76,True,0.85019
fallback_extra_trees_thr0.76,e2711620-6d4e-4f9c-8922-b1b2d1fb74f2,550,medium_high,1,0.846033,large_dark,0.707,True,True,True,extra_trees,0.76,True,0.846033
fallback_extra_trees_thr0.76,e2711620-6d4e-4f9c-8922-b1b2d1fb74f2,551,medium_high,2,0.890384,native_map,3.5,True,True,True,extra_trees,0.76,True,0.890384
fallback_extra_trees_thr0.76,e2711620-6d4e-4f9c-8922-b1b2d1fb74f2,552,medium_high,2,0.881505,native_map,3.5,True,True,True,extra_trees,0.76,True,0.881505
fallback_extra_trees_thr0.76,e2711620-6d4e-4f9c-8922-b1b2d1fb74f2,553,medium_high,1,0.851402,large_dark,0.5,True,True,True,extra_trees,0.76,True,0.851402
fallback_extra_trees_thr0.76,e2711620-6d4e-4f9c-8922-b1b2d1fb74f2,554,medium_high,2,0.907748,appearance,3.041,True,True,True,extra_trees,0.76,True,0.907748
fallback_extra_trees_thr0.76,e2711620-6d4e-4f9c-8922-b1b2d1fb74f2,555,medium_high,2,0.896365,appearance,3.041,True,True,True,extra_trees,0.76,True,0.896365
fallback_extra_trees_thr0.76,e2711620-6d4e-4f9c-8922-b1b2d1fb74f2,556,medium_high,1,0.890457,appearance,5.025,True,True,True,extra_trees,0.76,True,0.890457
fallback_extra_trees_thr0.76,e2711620-6d4e-4f9c-8922-b1b2d1fb74f2,557,medium_high,1,0.920283,large_dark,0.707,True,True,True,extra_trees,0.76,True,0.920283
fallback_extra_trees_thr0.76,e2711620-6d4e-4f9c-8922-b1b2d1fb74f2,558,medium_high,1,0.919152,large_dark,0.707,True,True,True,extra_trees,0.76,True,0.919152
fallback_extra_trees_thr0.76,e2711620-6d4e-4f9c-8922-b1b2d1fb74f2,559,medium_high,1,0.921335,large_dark,0.707,True,True,True,extra_trees,0.76,True,0.921335
fallback_extra_trees_thr0.76,e2711620-6d4e-4f9c-8922-b1b2d1fb74f2,560,medium_high,1,0.908479,large_dark,0.707,True,True,True,extra_trees,0.76,True,0.908479
fallback_extra_trees_thr0.76,e2711620-6d4e-4f9c-8922-b1b2d1fb74f2,561,medium_high,1,0.925551,large_dark,0.0,True,True,True,extra_trees,0.76,True,0.925551
fallback_extra_trees_thr0.76,e2711620-6d4e-4f9c-8922-b1b2d1fb74f2,562,medium_high,3,0.9245,large_dark,0.5,True,True,True,extra_trees,0.76,True,0.9245
fallback_extra_trees_thr0.76,e2711620-6d4e-4f9c-8922-b1b2d1fb74f2,563,medium_high,2,0.918472,large_dark,0.5,True,True,True,extra_trees,0.76,True,0.918472
fallback_extra_trees_thr0.76,e2711620-6d4e-4f9c-8922-b1b2d1fb74f2,564,medium_high,1,0.920997,large_dark,0.5,True,True,True,extra_trees,0.76,True,0.920997
fallback_extra_trees_thr0.76,e2711620-6d4e-4f9c-8922-b1b2d1fb74f2,565,medium_high,1,0.838719,large_dark,0.5,True,True,True,extra_trees,0.76,True,0.838719
fallback_extra_trees_thr0.76,e2711620-6d4e-4f9c-8922-b1b2d1fb74f2,566,medium_high,1,0.842364,large_dark,0.5,True,True,True,extra_trees,0.76,True,0.842364
fallback_extra_trees_thr0.76,e2711620-6d4e-4f9c-8922-b1b2d1fb74f2,567,medium_high,1,0.844239,large_dark,0.5,True,True,True,extra_trees,0.76,True,0.844239
fallback_extra_trees_thr0.76,e2711620-6d4e-4f9c-8922-b1b2d1fb74f2,568,medium_high,2,0.892935,map,3.808,True,True,True,extra_trees,0.76,True,0.892935
fallback_extra_trees_thr0.76,e2711620-6d4e-4f9c-8922-b1b2d1fb74f2,569,medium_high,2,0.883981,map,2.062,True,True,True,extra_trees,0.76,True,0.883981
fallback_extra_trees_thr0.76,e2711620-6d4e-4f9c-8922-b1b2d1fb74f2,570,medium_high,2,0.846565,map,2.062,True,True,True,extra_trees,0.76,True,0.846565
fallback_extra_trees_thr0.76,e2711620-6d4e-4f9c-8922-b1b2d1fb74f2,571,medium_high,1,0.838555,large_dark,0.0,True,True,True,extra_trees,0.76,True,0.838555
fallback_extra_trees_thr0.76,e2711620-6d4e-4f9c-8922-b1b2d1fb74f2,572,medium_high,1,0.844842,large_dark,0.0,True,True,True,extra_trees,0.76,True,0.844842
fallback_extra_trees_thr0.76,e2711620-6d4e-4f9c-8922-b1b2d1fb74f2,573,medium_high,2,0.876965,native_map,3.162,True,True,True,extra_trees,0.76,True,0.876965
fallback_extra_trees_thr0.76,e2711620-6d4e-4f9c-8922-b1b2d1fb74f2,574,medium_high,2,0.897352,map,7.28,True,True,True,extra_trees,0.76,True,0.897352
fallback_extra_trees_thr0.76,e2711620-6d4e-4f9c-8922-b1b2d1fb74f2,575,medium_high,3,0.913147,appearance,5.59,True,True,True,extra_trees,0.76,True,0.913147
fallback_extra_trees_thr0.76,e2711620-6d4e-4f9c-8922-b1b2d1fb74f2,576,medium_high,4,0.909076,motion,9.5,False,True,True,extra_trees,0.76,True,0.909076
fallback_extra_trees_thr0.76,e2711620-6d4e-4f9c-8922-b1b2d1fb74f2,577,medium_high,7,0.88515,motion,7.106,True,True,True,extra_trees,0.76,True,0.88515
fallback_extra_trees_thr0.76,e2711620-6d4e-4f9c-8922-b1b2d1fb74f2,578,medium_high,8,0.837959,motion,8.515,False,True,True,extra_trees,0.76,True,0.837959
fallback_extra_trees_thr0.76,e2711620-6d4e-4f9c-8922-b1b2d1fb74f2,579,medium_high,2,0.892236,motion,7.5,True,True,True,extra_trees,0.76,True,0.892236
fallback_extra_trees_thr0.76,e2711620-6d4e-4f9c-8922-b1b2d1fb74f2,580,medium_high,2,0.89521,appearance,5.523,True,True,True,extra_trees,0.76,True,0.89521
fallback_extra_trees_thr0.76,e2711620-6d4e-4f9c-8922-b1b2d1fb74f2,581,medium_high,2,0.881517,appearance,5.523,True,True,True,extra_trees,0.76,True,0.881517
fallback_extra_trees_thr0.76,e2711620-6d4e-4f9c-8922-b1b2d1fb74f2,582,medium_high,3,0.884482,appearance,2.55,True,True,True,extra_trees,0.76,True,0.884482
fallback_extra_trees_thr0.76,e2711620-6d4e-4f9c-8922-b1b2d1fb74f2,583,medium_high,2,0.857857,appearance,2.55,True,True,True,extra_trees,0.76,True,0.857857
fallback_extra_trees_thr0.76,e2711620-6d4e-4f9c-8922-b1b2d1fb74f2,584,medium_high,2,0.898057,appearance,6.083,True,True,True,extra_trees,0.76,True,0.898057
fallback_extra_trees_thr0.76,e2711620-6d4e-4f9c-8922-b1b2d1fb74f2,585,medium_high,2,0.912811,appearance,6.083,True,True,True,extra_trees,0.76,True,0.912811
fallback_extra_trees_thr0.76,e2711620-6d4e-4f9c-8922-b1b2d1fb74f2,586,medium_high,2,0.89812,appearance,5.523,True,True,True,extra_trees,0.76,True,0.89812
fallback_extra_trees_thr0.76,e2711620-6d4e-4f9c-8922-b1b2d1fb74f2,587,medium_high,2,0.915198,map,3.536,True,True,True,extra_trees,0.76,True,0.915198
fallback_extra_trees_thr0.76,e2711620-6d4e-4f9c-8922-b1b2d1fb74f2,588,medium_high,2,0.92491,appearance,5.59,True,True,True,extra_trees,0.76,True,0.92491
fallback_extra_trees_thr0.76,e2711620-6d4e-4f9c-8922-b1b2d1fb74f2,589,medium_high,3,0.929932,appearance,6.083,True,True,True,extra_trees,0.76,True,0.929932
fallback_extra_trees_thr0.76,e2711620-6d4e-4f9c-8922-b1b2d1fb74f2,590,medium_high,2,0.920271,appearance,6.083,True,True,True,extra_trees,0.76,True,0.920271
fallback_extra_trees_thr0.76,e2711620-6d4e-4f9c-8922-b1b2d1fb74f2,591,medium_high,2,0.922,appearance,6.185,True,True,True,extra_trees,0.76,True,0.922
fallback_extra_trees_thr0.76,e2711620-6d4e-4f9c-8922-b1b2d1fb74f2,592,medium_high,2,0.936253,map,3.64,True,True,True,extra_trees,0.76,True,0.936253
fallback_extra_trees_thr0.76,e2711620-6d4e-4f9c-8922-b1b2d1fb74f2,593,medium_high,2,0.902548,appearance,6.083,True,True,True,extra_trees,0.76,True,0.902548
fallback_extra_trees_thr0.76,e2711620-6d4e-4f9c-8922-b1b2d1fb74f2,594,medium_high,2,0.911021,map,4.301,True,True,True,extra_trees,0.76,True,0.911021
fallback_extra_trees_thr0.76,e2711620-6d4e-4f9c-8922-b1b2d1fb74f2,595,medium_high,2,0.90521,appearance,3.905,True,True,True,extra_trees,0.76,True,0.90521
fallback_extra_trees_thr0.76,e2711620-6d4e-4f9c-8922-b1b2d1fb74f2,596,medium_high,2,0.90671,appearance,2.5,True,True,True,extra_trees,0.76,True,0.90671
fallback_extra_trees_thr0.76,e2711620-6d4e-4f9c-8922-b1b2d1fb74f2,597,medium_high,2,0.915169,map,3.536,True,True,True,extra_trees,0.76,True,0.915169
fallback_extra_trees_thr0.76,e2711620-6d4e-4f9c-8922-b1b2d1fb74f2,598,medium_high,2,0.900167,appearance,3.536,True,True,True,extra_trees,0.76,True,0.900167
fallback_extra_trees_thr0.76,e2711620-6d4e-4f9c-8922-b1b2d1fb74f2,599,medium_high,2,0.902273,appearance,2.062,True,True,True,extra_trees,0.76,True,0.902273
fallback_extra_trees_thr0.76,e2711620-6d4e-4f9c-8922-b1b2d1fb74f2,600,medium_high,2,0.893213,appearance,3.041,True,True,True,extra_trees,0.76,True,0.893213
fallback_extra_trees_thr0.76,e2711620-6d4e-4f9c-8922-b1b2d1fb74f2,601,medium_high,2,0.908054,map,4.301,True,True,True,extra_trees,0.76,True,0.908054
fallback_extra_trees_thr0.76,e2711620-6d4e-4f9c-8922-b1b2d1fb74f2,602,medium_high,2,0.883653,appearance,3.606,True,True,True,extra_trees,0.76,True,0.883653
fallback_extra_trees_thr0.76,e2711620-6d4e-4f9c-8922-b1b2d1fb74f2,603,medium_high,2,0.87911,appearance,7.382,True,True,True,extra_trees,0.76,True,0.87911
fallback_extra_trees_thr0.76,e2711620-6d4e-4f9c-8922-b1b2d1fb74f2,604,medium_high,2,0.886497,map,0.0,True,True,True,extra_trees,0.76,True,0.886497
fallback_extra_trees_thr0.76,e2711620-6d4e-4f9c-8922-b1b2d1fb74f2,605,medium_high,2,0.877028,appearance,3.606,True,True,True,extra_trees,0.76,True,0.877028
fallback_extra_trees_thr0.76,e2711620-6d4e-4f9c-8922-b1b2d1fb74f2,622,medium_high,3,0.902823,map,0.0,True,True,True,extra_trees,0.76,True,0.902823
fallback_extra_trees_thr0.76,e2711620-6d4e-4f9c-8922-b1b2d1fb74f2,623,medium_high,2,0.871045,appearance,4.5,True,True,True,extra_trees,0.76,True,0.871045
fallback_extra_trees_thr0.76,e2711620-6d4e-4f9c-8922-b1b2d1fb74f2,624,medium_high,2,0.877192,appearance,2.55,True,True,True,extra_trees,0.76,True,0.877192
fallback_extra_trees_thr0.76,e2711620-6d4e-4f9c-8922-b1b2d1fb74f2,625,medium_high,2,0.883597,appearance,7.071,True,True,True,extra_trees,0.76,True,0.883597
fallback_extra_trees_thr0.76,e2711620-6d4e-4f9c-8922-b1b2d1fb74f2,626,medium_high,2,0.917354,map,0.0,True,True,True,extra_trees,0.76,True,0.917354
fallback_extra_trees_thr0.76,e2711620-6d4e-4f9c-8922-b1b2d1fb74f2,627,medium_high,3,0.918675,map,0.0,True,True,True,extra_trees,0.76,True,0.918675
fallback_extra_trees_thr0.76,e2711620-6d4e-4f9c-8922-b1b2d1fb74f2,628,medium_high,3,0.907123,map,1.414,True,True,True,extra_trees,0.76,True,0.907123
fallback_extra_trees_thr0.76,e2711620-6d4e-4f9c-8922-b1b2d1fb74f2,629,medium_high,4,0.895146,map,9.618,False,True,True,extra_trees,0.76,True,0.895146
fallback_extra_trees_thr0.76,e2711620-6d4e-4f9c-8922-b1b2d1fb74f2,630,medium_high,2,0.88536,appearance,3.808,True,True,True,extra_trees,0.76,True,0.88536
fallback_extra_trees_thr0.76,e2711620-6d4e-4f9c-8922-b1b2d1fb74f2,631,medium_high,2,0.891926,map,3.536,True,True,True,extra_trees,0.76,True,0.891926
fallback_extra_trees_thr0.76,e2711620-6d4e-4f9c-8922-b1b2d1fb74f2,632,medium_high,2,0.900091,map,4.743,True,True,True,extra_trees,0.76,True,0.900091
fallback_extra_trees_thr0.76,e2711620-6d4e-4f9c-8922-b1b2d1fb74f2,633,medium_high,3,0.887719,map,1.414,True,True,True,extra_trees,0.76,True,0.887719
fallback_extra_trees_thr0.76,e2711620-6d4e-4f9c-8922-b1b2d1fb74f2,634,medium_high,2,0.886074,map,0.0,True,True,True,extra_trees,0.76,True,0.886074
fallback_extra_trees_thr0.76,e2711620-6d4e-4f9c-8922-b1b2d1fb74f2,635,medium_high,2,0.884092,appearance,7.826,True,True,True,extra_trees,0.76,True,0.884092
fallback_extra_trees_thr0.76,e2711620-6d4e-4f9c-8922-b1b2d1fb74f2,636,medium_high,2,0.920576,map,3.808,True,True,True,extra_trees,0.76,True,0.920576
fallback_extra_trees_thr0.76,e2711620-6d4e-4f9c-8922-b1b2d1fb74f2,637,medium_high,2,0.885396,appearance,3.354,True,True,True,extra_trees,0.76,True,0.885396
fallback_extra_trees_thr0.76,e2711620-6d4e-4f9c-8922-b1b2d1fb74f2,638,medium_high,2,0.884663,appearance,3.354,True,True,True,extra_trees,0.76,True,0.884663
fallback_extra_trees_thr0.76,e2711620-6d4e-4f9c-8922-b1b2d1fb74f2,639,medium_high,2,0.89149,appearance,1.803,True,True,True,extra_trees,0.76,True,0.89149
fallback_extra_trees_thr0.76,e2711620-6d4e-4f9c-8922-b1b2d1fb74f2,640,medium_high,2,0.887915,appearance,7.762,True,True,True,extra_trees,0.76,True,0.887915
fallback_extra_trees_thr0.76,e2711620-6d4e-4f9c-8922-b1b2d1fb74f2,641,medium_high,3,0.87633,large_dark,17.464,False,False,True,extra_trees,0.76,True,0.87633
fallback_extra_trees_thr0.76,e2711620-6d4e-4f9c-8922-b1b2d1fb74f2,642,medium_high,1,0.896142,map,0.0,True,True,True,extra_trees,0.76,True,0.896142
fallback_extra_trees_thr0.76,e2711620-6d4e-4f9c-8922-b1b2d1fb74f2,643,medium_high,2,0.889489,appearance,3.354,True,True,True,extra_trees,0.76,True,0.889489
fallback_extra_trees_thr0.76,e2711620-6d4e-4f9c-8922-b1b2d1fb74f2,644,medium_high,3,0.860039,map,2.828,True,True,True,extra_trees,0.76,True,0.860039
fallback_extra_trees_thr0.76,e2711620-6d4e-4f9c-8922-b1b2d1fb74f2,645,medium_high,3,0.841604,large_dark,41.593,False,False,True,extra_trees,0.76,True,0.841604
fallback_extra_trees_thr0.76,e2711620-6d4e-4f9c-8922-b1b2d1fb74f2,646,medium_high,2,0.84676,large_dark,40.522,False,False,True,extra_trees,0.76,True,0.84676
fallback_extra_trees_thr0.76,e2711620-6d4e-4f9c-8922-b1b2d1fb74f2,647,medium_high,2,0.917603,appearance,3.0,True,True,True,extra_trees,0.76,True,0.917603
fallback_extra_trees_thr0.76,e2711620-6d4e-4f9c-8922-b1b2d1fb74f2,648,medium_high,2,0.914496,appearance,3.162,True,True,True,extra_trees,0.76,True,0.914496
fallback_extra_trees_thr0.76,e2711620-6d4e-4f9c-8922-b1b2d1fb74f2,649,medium_high,2,0.911446,appearance,3.606,True,True,True,extra_trees,0.76,True,0.911446
fallback_extra_trees_thr0.76,e2711620-6d4e-4f9c-8922-b1b2d1fb74f2,650,high,2,0.913625,appearance,3.606,True,True,True,extra_trees,0.76,True,0.913625
fallback_extra_trees_thr0.76,e2711620-6d4e-4f9c-8922-b1b2d1fb74f2,651,high,2,0.918817,appearance,3.808,True,True,True,extra_trees,0.76,True,0.918817
fallback_extra_trees_thr0.76,e2711620-6d4e-4f9c-8922-b1b2d1fb74f2,652,high,1,0.929769,large_dark,2.062,True,True,True,extra_trees,0.76,True,0.929769
fallback_extra_trees_thr0.76,e2711620-6d4e-4f9c-8922-b1b2d1fb74f2,653,high,1,0.932727,large_dark,2.062,True,True,True,extra_trees,0.76,True,0.932727
fallback_extra_trees_thr0.76,e2711620-6d4e-4f9c-8922-b1b2d1fb74f2,654,high,1,0.936792,large_dark,3.202,True,True,True,extra_trees,0.76,True,0.936792
fallback_extra_trees_thr0.76,e2711620-6d4e-4f9c-8922-b1b2d1fb74f2,655,high,1,0.927874,large_dark,3.202,True,True,True,extra_trees,0.76,True,0.927874
fallback_extra_trees_thr0.76,e2711620-6d4e-4f9c-8922-b1b2d1fb74f2,656,high,4,0.906836,large_dark,15.692,False,True,True,extra_trees,0.76,True,0.906836
fallback_extra_trees_thr0.76,e2711620-6d4e-4f9c-8922-b1b2d1fb74f2,657,high,1,0.909927,large_dark,13.601,False,True,True,extra_trees,0.76,True,0.909927
fallback_extra_trees_thr0.76,e2711620-6d4e-4f9c-8922-b1b2d1fb74f2,658,high,2,0.912444,large_dark,4.472,True,True,True,extra_trees,0.76,True,0.912444
fallback_extra_trees_thr0.76,e2711620-6d4e-4f9c-8922-b1b2d1fb74f2,659,high,3,0.927796,large_dark,21.541,False,False,True,extra_trees,0.76,True,0.927796
fallback_extra_trees_thr0.76,e2711620-6d4e-4f9c-8922-b1b2d1fb74f2,660,high,1,0.904378,large_dark,4.123,True,True,True,extra_trees,0.76,True,0.904378
fallback_extra_trees_thr0.76,e2711620-6d4e-4f9c-8922-b1b2d1fb74f2,661,high,2,0.884527,large_dark,4.272,True,True,True,extra_trees,0.76,True,0.884527
fallback_extra_trees_thr0.76,e2711620-6d4e-4f9c-8922-b1b2d1fb74f2,662,high,3,0.869669,large_dark,25.632,False,False,True,extra_trees,0.76,True,0.869669
fallback_extra_trees_thr0.76,e2711620-6d4e-4f9c-8922-b1b2d1fb74f2,663,high,1,0.86158,large_dark,25.632,False,False,True,extra_trees,0.76,True,0.86158
fallback_extra_trees_thr0.76,e2711620-6d4e-4f9c-8922-b1b2d1fb74f2,664,high,3,0.861521,large_dark,28.324,False,False,True,extra_trees,0.76,True,0.861521
fallback_extra_trees_thr0.76,e2711620-6d4e-4f9c-8922-b1b2d1fb74f2,665,high,6,0.822085,large_dark,94.256,False,False,True,extra_trees,0.76,True,0.822085
fallback_extra_trees_thr0.76,e2711620-6d4e-4f9c-8922-b1b2d1fb74f2,666,high,3,0.815249,large_dark,25.773,False,False,True,extra_trees,0.76,True,0.815249
fallback_extra_trees_thr0.76,e2711620-6d4e-4f9c-8922-b1b2d1fb74f2,667,high,9,0.860085,motion,102.485,False,False,True,extra_trees,0.76,True,0.860085
fallback_extra_trees_thr0.76,e2711620-6d4e-4f9c-8922-b1b2d1fb74f2,668,high,7,0.859669,large_dark,109.768,False,False,True,extra_trees,0.76,True,0.859669
fallback_extra_trees_thr0.76,e2711620-6d4e-4f9c-8922-b1b2d1fb74f2,669,high,4,0.86069,map,117.487,False,False,True,extra_trees,0.76,True,0.86069
fallback_extra_trees_thr0.76,e2711620-6d4e-4f9c-8922-b1b2d1fb74f2,670,high,4,0.895894,large_dark,119.068,False,False,True,extra_trees,0.76,True,0.895894
fallback_extra_trees_thr0.76,e2711620-6d4e-4f9c-8922-b1b2d1fb74f2,671,high,7,0.877188,motion,119.852,False,False,True,extra_trees,0.76,True,0.877188
fallback_extra_trees_thr0.76,e2711620-6d4e-4f9c-8922-b1b2d1fb74f2,672,high,8,0.876433,motion,131.207,False,False,True,extra_trees,0.76,True,0.876433
fallback_extra_trees_thr0.76,e2711620-6d4e-4f9c-8922-b1b2d1fb74f2,673,high,2,0.84121,large_dark,38.108,False,False,True,extra_trees,0.76,True,0.84121
fallback_extra_trees_thr0.76,e2711620-6d4e-4f9c-8922-b1b2d1fb74f2,674,high,6,0.819651,map,151.909,False,False,True,extra_trees,0.76,True,0.819651
fallback_extra_trees_thr0.76,e2711620-6d4e-4f9c-8922-b1b2d1fb74f2,675,high,6,0.805466,large_dark,37.165,False,False,True,extra_trees,0.76,True,0.805466
fallback_extra_trees_thr0.76,e2711620-6d4e-4f9c-8922-b1b2d1fb74f2,676,high,7,0.795918,large_dark,37.583,False,False,True,extra_trees,0.76,True,0.795918
fallback_extra_trees_thr0.76,e2711620-6d4e-4f9c-8922-b1b2d1fb74f2,677,high,1,0.787702,large_dark,32.882,False,False,True,extra_trees,0.76,True,0.787702
fallback_extra_trees_thr0.76,e2711620-6d4e-4f9c-8922-b1b2d1fb74f2,678,high,3,0.783978,large_dark,22.299,False,False,True,extra_trees,0.76,True,0.783978
fallback_extra_trees_thr0.76,e2711620-6d4e-4f9c-8922-b1b2d1fb74f2,679,high,1,0.781115,large_dark,32.882,False,False,True,extra_trees,0.76,True,0.781115
fallback_extra_trees_thr0.76,e2711620-6d4e-4f9c-8922-b1b2d1fb74f2,680,high,4,0.782042,large_dark,22.299,False,False,True,extra_trees,0.76,True,0.782042
fallback_extra_trees_thr0.76,e2711620-6d4e-4f9c-8922-b1b2d1fb74f2,681,high,4,0.778561,map,44.272,False,False,True,extra_trees,0.76,True,0.778561
fallback_extra_trees_thr0.76,e2711620-6d4e-4f9c-8922-b1b2d1fb74f2,682,high,4,0.824598,large_dark,47.122,False,False,True,extra_trees,0.76,True,0.824598
fallback_extra_trees_thr0.76,e2711620-6d4e-4f9c-8922-b1b2d1fb74f2,683,high,3,0.838758,large_dark,47.122,False,False,True,extra_trees,0.76,True,0.838758
fallback_extra_trees_thr0.76,e2711620-6d4e-4f9c-8922-b1b2d1fb74f2,684,high,4,0.832582,large_dark,45.238,False,False,True,extra_trees,0.76,True,0.832582
fallback_extra_trees_thr0.76,e2711620-6d4e-4f9c-8922-b1b2d1fb74f2,685,high,3,0.821959,large_dark,45.238,False,False,True,extra_trees,0.76,True,0.821959
fallback_extra_trees_thr0.76,e2711620-6d4e-4f9c-8922-b1b2d1fb74f2,686,high,4,0.824051,large_dark,47.289,False,False,True,extra_trees,0.76,True,0.824051
fallback_extra_trees_thr0.76,e2711620-6d4e-4f9c-8922-b1b2d1fb74f2,687,high,4,0.813435,large_dark,48.231,False,False,True,extra_trees,0.76,True,0.813435
fallback_extra_trees_thr0.76,e2711620-6d4e-4f9c-8922-b1b2d1fb74f2,688,high,4,0.810084,large_dark,48.231,False,False,True,extra_trees,0.76,True,0.810084
fallback_extra_trees_thr0.76,e2711620-6d4e-4f9c-8922-b1b2d1fb74f2,689,high,5,0.820513,large_dark,53.285,False,False,True,extra_trees,0.76,True,0.820513
fallback_extra_trees_thr0.76,e2711620-6d4e-4f9c-8922-b1b2d1fb74f2,690,high,4,0.818476,large_dark,53.285,False,False,True,extra_trees,0.76,True,0.818476
fallback_extra_trees_thr0.76,e2711620-6d4e-4f9c-8922-b1b2d1fb74f2,691,high,4,0.811935,large_dark,53.285,False,False,True,extra_trees,0.76,True,0.811935
fallback_extra_trees_thr0.76,e2711620-6d4e-4f9c-8922-b1b2d1fb74f2,692,high,4,0.809133,large_dark,55.814,False,False,True,extra_trees,0.76,True,0.809133
fallback_extra_trees_thr0.76,e2711620-6d4e-4f9c-8922-b1b2d1fb74f2,693,high,4,0.804499,large_dark,55.814,False,False,True,extra_trees,0.76,True,0.804499
fallback_extra_trees_thr0.76,e2711620-6d4e-4f9c-8922-b1b2d1fb74f2,694,high,4,0.813574,large_dark,55.814,False,False,True,extra_trees,0.76,True,0.813574
fallback_extra_trees_thr0.76,e2711620-6d4e-4f9c-8922-b1b2d1fb74f2,695,high,3,0.805053,large_dark,55.814,False,False,True,extra_trees,0.76,True,0.805053
fallback_extra_trees_thr0.76,e2711620-6d4e-4f9c-8922-b1b2d1fb74f2,696,high,4,0.799839,large_dark,56.136,False,False,True,extra_trees,0.76,True,0.799839
fallback_extra_trees_thr0.76,e2711620-6d4e-4f9c-8922-b1b2d1fb74f2,697,high,3,0.7956,large_dark,56.8,False,False,True,extra_trees,0.76,True,0.7956
fallback_extra_trees_thr0.76,e2711620-6d4e-4f9c-8922-b1b2d1fb74f2,698,high,1,0.792615,large_dark,46.607,False,False,True,extra_trees,0.76,True,0.792615
