model,clip,frame,confidence,rank,score,source,dist_px,strict_hit,loose_hit,oracle_hit
baseline_verified_score,1c1258a1-d0f6-433e-9466-dbc1705fa263,25,medium_high,1,12.769972,map,103.13,False,False,True
baseline_verified_score,1c1258a1-d0f6-433e-9466-dbc1705fa263,26,medium_high,1,17.665073,map,1.471,True,True,True
baseline_verified_score,1c1258a1-d0f6-433e-9466-dbc1705fa263,27,medium_high,1,15.512577,map,2.798,True,True,True
baseline_verified_score,1c1258a1-d0f6-433e-9466-dbc1705fa263,28,medium_high,1,24.659323,map,0.514,True,True,True
baseline_verified_score,1c1258a1-d0f6-433e-9466-dbc1705fa263,29,medium_high,1,23.032898,appearance,3.567,True,True,True
baseline_verified_score,1c1258a1-d0f6-433e-9466-dbc1705fa263,30,high,1,24.624979,appearance,3.354,True,True,True
baseline_verified_score,1c1258a1-d0f6-433e-9466-dbc1705fa263,31,high,1,32.003371,map,0.0,True,True,True
baseline_verified_score,1c1258a1-d0f6-433e-9466-dbc1705fa263,32,high,1,28.270609,appearance,4.61,True,True,True
baseline_verified_score,1c1258a1-d0f6-433e-9466-dbc1705fa263,33,high,1,35.192583,appearance,3.808,True,True,True
baseline_verified_score,1c1258a1-d0f6-433e-9466-dbc1705fa263,34,high,1,33.256252,appearance,5.701,True,True,True
baseline_verified_score,1c1258a1-d0f6-433e-9466-dbc1705fa263,35,high,1,33.368867,appearance,3.354,True,True,True
baseline_verified_score,1c1258a1-d0f6-433e-9466-dbc1705fa263,36,high,1,40.625956,map,0.0,True,True,True
baseline_verified_score,1c1258a1-d0f6-433e-9466-dbc1705fa263,37,high,1,33.756972,appearance,4.95,True,True,True
baseline_verified_score,1c1258a1-d0f6-433e-9466-dbc1705fa263,38,high,1,40.822202,map,0.0,True,True,True
baseline_verified_score,1c1258a1-d0f6-433e-9466-dbc1705fa263,39,high,1,36.663629,appearance,0.0,True,True,True
baseline_verified_score,1c1258a1-d0f6-433e-9466-dbc1705fa263,40,high,1,33.749086,map,0.0,True,True,True
baseline_verified_score,1c1258a1-d0f6-433e-9466-dbc1705fa263,41,high,1,43.603498,map,0.0,True,True,True
baseline_verified_score,1c1258a1-d0f6-433e-9466-dbc1705fa263,42,high,1,39.352076,appearance,3.202,True,True,True
baseline_verified_score,1c1258a1-d0f6-433e-9466-dbc1705fa263,43,high,1,46.163741,map,0.0,True,True,True
baseline_verified_score,1c1258a1-d0f6-433e-9466-dbc1705fa263,44,high,1,39.958509,appearance,4.031,True,True,True
baseline_verified_score,1c1258a1-d0f6-433e-9466-dbc1705fa263,45,high,1,41.938378,map,0.0,True,True,True
baseline_verified_score,1c1258a1-d0f6-433e-9466-dbc1705fa263,46,high,1,50.552026,map,4.743,True,True,True
baseline_verified_score,1c1258a1-d0f6-433e-9466-dbc1705fa263,47,high,1,42.500423,appearance,6.519,True,True,True
baseline_verified_score,1c1258a1-d0f6-433e-9466-dbc1705fa263,48,high,1,49.726641,map,0.0,True,True,True
baseline_verified_score,1c1258a1-d0f6-433e-9466-dbc1705fa263,49,high,1,46.424797,appearance,3.041,True,True,True
baseline_verified_score,1c1258a1-d0f6-433e-9466-dbc1705fa263,50,high,1,46.383126,map,0.0,True,True,True
baseline_verified_score,1c1258a1-d0f6-433e-9466-dbc1705fa263,51,high,1,54.296104,map,0.0,True,True,True
baseline_verified_score,1c1258a1-d0f6-433e-9466-dbc1705fa263,52,high,1,48.273237,map,3.162,True,True,True
baseline_verified_score,1c1258a1-d0f6-433e-9466-dbc1705fa263,53,high,1,53.657079,map,0.0,True,True,True
baseline_verified_score,1c1258a1-d0f6-433e-9466-dbc1705fa263,54,high,1,46.322822,map,3.606,True,True,True
baseline_verified_score,1c1258a1-d0f6-433e-9466-dbc1705fa263,55,high,1,47.264287,map,0.0,True,True,True
baseline_verified_score,1c1258a1-d0f6-433e-9466-dbc1705fa263,56,high,1,55.068714,map,0.0,True,True,True
baseline_verified_score,1c1258a1-d0f6-433e-9466-dbc1705fa263,57,high,1,44.586179,map,0.0,True,True,True
baseline_verified_score,1c1258a1-d0f6-433e-9466-dbc1705fa263,58,high,1,49.690495,map,4.95,True,True,True
baseline_verified_score,1c1258a1-d0f6-433e-9466-dbc1705fa263,59,high,1,37.568522,map,6.364,True,True,True
baseline_verified_score,1c1258a1-d0f6-433e-9466-dbc1705fa263,60,high,1,33.049872,map,3.536,True,True,True
baseline_verified_score,1c1258a1-d0f6-433e-9466-dbc1705fa263,61,high,1,40.255336,map,0.0,True,True,True
baseline_verified_score,1c1258a1-d0f6-433e-9466-dbc1705fa263,62,high,1,37.37358,map,0.0,True,True,True
baseline_verified_score,1c1258a1-d0f6-433e-9466-dbc1705fa263,63,high,1,43.103126,map,0.0,True,True,True
baseline_verified_score,1c1258a1-d0f6-433e-9466-dbc1705fa263,64,high,1,38.164608,map,0.0,True,True,True
baseline_verified_score,1c1258a1-d0f6-433e-9466-dbc1705fa263,65,high,1,40.603271,map,0.0,True,True,True
baseline_verified_score,1c1258a1-d0f6-433e-9466-dbc1705fa263,66,high,1,48.990249,map,0.0,True,True,True
baseline_verified_score,1c1258a1-d0f6-433e-9466-dbc1705fa263,67,high,1,49.692171,map,0.0,True,True,True
baseline_verified_score,1c1258a1-d0f6-433e-9466-dbc1705fa263,68,high,1,55.21458,map,0.0,True,True,True
baseline_verified_score,1c1258a1-d0f6-433e-9466-dbc1705fa263,69,high,1,49.980217,map,0.0,True,True,True
baseline_verified_score,1c1258a1-d0f6-433e-9466-dbc1705fa263,70,high,1,42.430234,map,6.964,True,True,True
baseline_verified_score,1c1258a1-d0f6-433e-9466-dbc1705fa263,71,high,1,49.538937,map,0.0,True,True,True
baseline_verified_score,1c1258a1-d0f6-433e-9466-dbc1705fa263,72,high,1,38.104973,map,0.0,True,True,True
baseline_verified_score,1c1258a1-d0f6-433e-9466-dbc1705fa263,73,high,1,42.753641,map,0.0,True,True,True
baseline_verified_score,1c1258a1-d0f6-433e-9466-dbc1705fa263,74,high,1,33.956511,appearance,10.77,False,True,True
baseline_verified_score,1c1258a1-d0f6-433e-9466-dbc1705fa263,75,high,1,33.797799,map,0.0,True,True,True
baseline_verified_score,1c1258a1-d0f6-433e-9466-dbc1705fa263,76,high,1,41.490764,map,0.0,True,True,True
baseline_verified_score,1c1258a1-d0f6-433e-9466-dbc1705fa263,77,high,1,38.220006,appearance,3.0,True,True,True
baseline_verified_score,1c1258a1-d0f6-433e-9466-dbc1705fa263,78,high,1,43.776128,map,0.0,True,True,True
baseline_verified_score,1c1258a1-d0f6-433e-9466-dbc1705fa263,79,high,1,45.558255,appearance,0.0,True,True,True
baseline_verified_score,1c1258a1-d0f6-433e-9466-dbc1705fa263,80,high,1,45.858395,map,0.0,True,True,True
baseline_verified_score,1c1258a1-d0f6-433e-9466-dbc1705fa263,81,high,1,55.984361,map,0.0,True,True,True
baseline_verified_score,1c1258a1-d0f6-433e-9466-dbc1705fa263,82,high,1,51.697228,appearance,11.705,False,True,True
baseline_verified_score,1c1258a1-d0f6-433e-9466-dbc1705fa263,83,high,1,58.803602,map,0.0,True,True,True
baseline_verified_score,1c1258a1-d0f6-433e-9466-dbc1705fa263,84,high,1,51.825351,appearance,3.0,True,True,True
baseline_verified_score,1c1258a1-d0f6-433e-9466-dbc1705fa263,85,high,1,52.680161,map,0.0,True,True,True
baseline_verified_score,1c1258a1-d0f6-433e-9466-dbc1705fa263,86,high,1,61.021874,map,0.0,True,True,True
baseline_verified_score,1c1258a1-d0f6-433e-9466-dbc1705fa263,87,high,1,53.656453,appearance,11.63,False,True,True
baseline_verified_score,1c1258a1-d0f6-433e-9466-dbc1705fa263,88,high,1,61.052735,map,0.0,True,True,True
baseline_verified_score,1c1258a1-d0f6-433e-9466-dbc1705fa263,89,high,1,52.540802,appearance,3.536,True,True,True
baseline_verified_score,1c1258a1-d0f6-433e-9466-dbc1705fa263,90,high,1,52.20913,map,0.0,True,True,True
baseline_verified_score,1c1258a1-d0f6-433e-9466-dbc1705fa263,91,high,1,51.115411,map,0.0,True,True,True
baseline_verified_score,1c1258a1-d0f6-433e-9466-dbc1705fa263,92,high,1,41.475244,map,0.0,True,True,True
baseline_verified_score,1c1258a1-d0f6-433e-9466-dbc1705fa263,93,high,1,38.805563,map,0.0,True,True,True
baseline_verified_score,1c1258a1-d0f6-433e-9466-dbc1705fa263,94,high,1,23.978421,map,0.0,True,True,True
baseline_verified_score,1c1258a1-d0f6-433e-9466-dbc1705fa263,95,high,1,14.573913,map,0.0,True,True,True
baseline_verified_score,1c1258a1-d0f6-433e-9466-dbc1705fa263,96,medium_high,1,11.873146,map,2.709,True,True,True
baseline_verified_score,1c1258a1-d0f6-433e-9466-dbc1705fa263,97,medium_high,1,6.083133,map,183.398,False,False,True
baseline_verified_score,1c1258a1-d0f6-433e-9466-dbc1705fa263,98,medium_high,1,10.088191,map,3.038,True,True,True
baseline_verified_score,1c1258a1-d0f6-433e-9466-dbc1705fa263,99,medium_high,1,9.231892,appearance,1.834,True,True,True
baseline_verified_score,1c1258a1-d0f6-433e-9466-dbc1705fa263,100,medium_high,1,19.818547,map,3.797,True,True,True
baseline_verified_score,1c1258a1-d0f6-433e-9466-dbc1705fa263,101,medium_high,1,16.248233,map,5.325,True,True,True
baseline_verified_score,1c1258a1-d0f6-433e-9466-dbc1705fa263,102,medium_high,1,14.751356,map,6.94,True,True,True
baseline_verified_score,1c1258a1-d0f6-433e-9466-dbc1705fa263,103,medium_high,1,16.822583,map,9.662,False,True,True
baseline_verified_score,1c1258a1-d0f6-433e-9466-dbc1705fa263,104,medium_high,1,18.629105,appearance,5.678,True,True,True
baseline_verified_score,1c1258a1-d0f6-433e-9466-dbc1705fa263,105,medium_high,1,18.863578,map,9.054,False,True,True
baseline_verified_score,1c1258a1-d0f6-433e-9466-dbc1705fa263,106,medium_high,1,18.699992,appearance,5.534,True,True,True
baseline_verified_score,1c1258a1-d0f6-433e-9466-dbc1705fa263,107,medium_high,1,16.566224,map,5.508,True,True,True
baseline_verified_score,1c1258a1-d0f6-433e-9466-dbc1705fa263,108,medium_high,1,15.622828,map,4.295,True,True,True
baseline_verified_score,1c1258a1-d0f6-433e-9466-dbc1705fa263,109,medium_high,1,5.680687,map,1.838,True,True,True
baseline_verified_score,1c1258a1-d0f6-433e-9466-dbc1705fa263,110,medium_high,1,11.83876,map,4.487,True,True,True
baseline_verified_score,1c1258a1-d0f6-433e-9466-dbc1705fa263,111,medium_high,1,15.150265,appearance,3.814,True,True,True
baseline_verified_score,1c1258a1-d0f6-433e-9466-dbc1705fa263,112,medium_high,1,11.821384,appearance,4.485,True,True,True
baseline_verified_score,1c1258a1-d0f6-433e-9466-dbc1705fa263,113,medium_high,1,11.502615,map,2.569,True,True,True
baseline_verified_score,1c1258a1-d0f6-433e-9466-dbc1705fa263,114,medium_high,1,14.734253,appearance,2.442,True,True,True
baseline_verified_score,1c1258a1-d0f6-433e-9466-dbc1705fa263,115,medium_high,1,15.182151,map,1.729,True,True,True
baseline_verified_score,1c1258a1-d0f6-433e-9466-dbc1705fa263,116,medium_high,1,13.933753,appearance,2.321,True,True,True
baseline_verified_score,1c1258a1-d0f6-433e-9466-dbc1705fa263,117,high,1,16.059385,map,0.0,True,True,True
baseline_verified_score,1c1258a1-d0f6-433e-9466-dbc1705fa263,118,high,1,22.118042,map,0.0,True,True,True
baseline_verified_score,1c1258a1-d0f6-433e-9466-dbc1705fa263,119,high,1,19.392637,appearance,0.0,True,True,True
baseline_verified_score,1c1258a1-d0f6-433e-9466-dbc1705fa263,120,high,1,22.696462,map,0.0,True,True,True
baseline_verified_score,1c1258a1-d0f6-433e-9466-dbc1705fa263,121,high,1,26.159228,appearance,1.118,True,True,True
baseline_verified_score,1c1258a1-d0f6-433e-9466-dbc1705fa263,122,high,1,29.058592,map,0.0,True,True,True
baseline_verified_score,1c1258a1-d0f6-433e-9466-dbc1705fa263,123,high,1,32.76283,map,0.0,True,True,True
baseline_verified_score,1c1258a1-d0f6-433e-9466-dbc1705fa263,124,high,1,31.935312,appearance,6.265,True,True,True
baseline_verified_score,1c1258a1-d0f6-433e-9466-dbc1705fa263,125,high,1,34.656745,map,0.0,True,True,True
baseline_verified_score,1c1258a1-d0f6-433e-9466-dbc1705fa263,126,high,1,34.175876,appearance,0.5,True,True,True
baseline_verified_score,1c1258a1-d0f6-433e-9466-dbc1705fa263,127,high,1,33.884475,map,0.0,True,True,True
baseline_verified_score,1c1258a1-d0f6-433e-9466-dbc1705fa263,128,high,1,36.737115,map,0.0,True,True,True
baseline_verified_score,1c1258a1-d0f6-433e-9466-dbc1705fa263,129,high,1,33.861389,appearance,0.5,True,True,True
baseline_verified_score,1c1258a1-d0f6-433e-9466-dbc1705fa263,130,high,1,35.294279,map,0.0,True,True,True
baseline_verified_score,1c1258a1-d0f6-433e-9466-dbc1705fa263,131,high,1,32.653391,appearance,0.0,True,True,True
baseline_verified_score,1c1258a1-d0f6-433e-9466-dbc1705fa263,132,high,1,27.205558,map,0.0,True,True,True
baseline_verified_score,1c1258a1-d0f6-433e-9466-dbc1705fa263,133,high,1,30.091935,map,0.0,True,True,True
baseline_verified_score,1c1258a1-d0f6-433e-9466-dbc1705fa263,134,high,1,26.960908,appearance,2.5,True,True,True
baseline_verified_score,1c1258a1-d0f6-433e-9466-dbc1705fa263,135,high,1,29.865671,map,0.0,True,True,True
baseline_verified_score,1c1258a1-d0f6-433e-9466-dbc1705fa263,136,high,1,27.311842,appearance,1.118,True,True,True
baseline_verified_score,1c1258a1-d0f6-433e-9466-dbc1705fa263,137,high,1,26.788308,map,0.0,True,True,True
baseline_verified_score,1c1258a1-d0f6-433e-9466-dbc1705fa263,138,high,1,28.337287,map,0.0,True,True,True
baseline_verified_score,1c1258a1-d0f6-433e-9466-dbc1705fa263,139,high,1,26.391561,appearance,1.581,True,True,True
baseline_verified_score,1c1258a1-d0f6-433e-9466-dbc1705fa263,140,high,1,29.494167,map,0.0,True,True,True
baseline_verified_score,1c1258a1-d0f6-433e-9466-dbc1705fa263,141,high,1,31.192165,appearance,0.707,True,True,True
baseline_verified_score,1c1258a1-d0f6-433e-9466-dbc1705fa263,142,high,1,30.835884,map,0.0,True,True,True
baseline_verified_score,1c1258a1-d0f6-433e-9466-dbc1705fa263,143,high,1,32.910165,map,0.0,True,True,True
baseline_verified_score,1c1258a1-d0f6-433e-9466-dbc1705fa263,144,high,1,29.3788,appearance,1.581,True,True,True
baseline_verified_score,1c1258a1-d0f6-433e-9466-dbc1705fa263,145,high,1,32.640697,map,0.0,True,True,True
baseline_verified_score,1c1258a1-d0f6-433e-9466-dbc1705fa263,146,high,1,29.536973,appearance,2.55,True,True,True
baseline_verified_score,1c1258a1-d0f6-433e-9466-dbc1705fa263,147,high,1,28.649664,map,0.0,True,True,True
baseline_verified_score,1c1258a1-d0f6-433e-9466-dbc1705fa263,148,high,1,30.037682,map,0.0,True,True,True
baseline_verified_score,1c1258a1-d0f6-433e-9466-dbc1705fa263,149,high,1,26.647235,appearance,1.581,True,True,True
baseline_verified_score,1c1258a1-d0f6-433e-9466-dbc1705fa263,150,high,1,29.452856,map,0.0,True,True,True
baseline_verified_score,1c1258a1-d0f6-433e-9466-dbc1705fa263,151,high,1,26.778799,appearance,1.581,True,True,True
baseline_verified_score,1c1258a1-d0f6-433e-9466-dbc1705fa263,152,high,1,27.728916,map,0.0,True,True,True
baseline_verified_score,1c1258a1-d0f6-433e-9466-dbc1705fa263,153,high,1,29.88288,map,3.808,True,True,True
baseline_verified_score,1c1258a1-d0f6-433e-9466-dbc1705fa263,154,high,1,25.762262,appearance,3.041,True,True,True
baseline_verified_score,1c1258a1-d0f6-433e-9466-dbc1705fa263,155,high,1,28.855563,map,0.0,True,True,True
baseline_verified_score,1c1258a1-d0f6-433e-9466-dbc1705fa263,156,high,1,27.242044,appearance,1.581,True,True,True
baseline_verified_score,1c1258a1-d0f6-433e-9466-dbc1705fa263,157,high,1,28.150223,map,0.0,True,True,True
baseline_verified_score,1c1258a1-d0f6-433e-9466-dbc1705fa263,158,high,1,31.22915,map,0.0,True,True,True
baseline_verified_score,1c1258a1-d0f6-433e-9466-dbc1705fa263,159,high,1,27.823421,appearance,1.581,True,True,True
baseline_verified_score,1c1258a1-d0f6-433e-9466-dbc1705fa263,160,high,1,30.636633,map,0.0,True,True,True
baseline_verified_score,1c1258a1-d0f6-433e-9466-dbc1705fa263,161,high,1,24.655828,map,0.0,True,True,True
baseline_verified_score,1c1258a1-d0f6-433e-9466-dbc1705fa263,162,high,1,25.675513,map,0.0,True,True,True
baseline_verified_score,1c1258a1-d0f6-433e-9466-dbc1705fa263,163,high,1,29.54135,map,0.0,True,True,True
baseline_verified_score,1c1258a1-d0f6-433e-9466-dbc1705fa263,164,high,1,26.52337,appearance,1.581,True,True,True
baseline_verified_score,1c1258a1-d0f6-433e-9466-dbc1705fa263,165,high,1,29.544824,map,0.0,True,True,True
baseline_verified_score,1c1258a1-d0f6-433e-9466-dbc1705fa263,166,high,1,24.365737,map,0.0,True,True,True
baseline_verified_score,1c1258a1-d0f6-433e-9466-dbc1705fa263,167,high,1,24.075225,map,0.0,True,True,True
baseline_verified_score,1c1258a1-d0f6-433e-9466-dbc1705fa263,168,high,1,27.506263,map,0.0,True,True,True
baseline_verified_score,1c1258a1-d0f6-433e-9466-dbc1705fa263,169,high,1,24.521901,appearance,2.121,True,True,True
baseline_verified_score,1c1258a1-d0f6-433e-9466-dbc1705fa263,170,high,1,30.630862,map,0.0,True,True,True
baseline_verified_score,1c1258a1-d0f6-433e-9466-dbc1705fa263,171,high,1,27.4095,appearance,2.121,True,True,True
baseline_verified_score,1c1258a1-d0f6-433e-9466-dbc1705fa263,172,high,1,27.039954,map,0.0,True,True,True
baseline_verified_score,1c1258a1-d0f6-433e-9466-dbc1705fa263,173,high,1,31.816613,map,0.0,True,True,True
baseline_verified_score,1c1258a1-d0f6-433e-9466-dbc1705fa263,174,high,1,28.556055,appearance,1.803,True,True,True
baseline_verified_score,1c1258a1-d0f6-433e-9466-dbc1705fa263,175,high,1,35.430512,map,0.0,True,True,True
baseline_verified_score,1c1258a1-d0f6-433e-9466-dbc1705fa263,176,high,1,32.651767,appearance,1.803,True,True,True
baseline_verified_score,1c1258a1-d0f6-433e-9466-dbc1705fa263,177,high,1,33.159453,map,0.0,True,True,True
baseline_verified_score,1c1258a1-d0f6-433e-9466-dbc1705fa263,178,high,1,38.988838,map,0.0,True,True,True
baseline_verified_score,1c1258a1-d0f6-433e-9466-dbc1705fa263,180,high,1,42.513669,map,0.0,True,True,True
baseline_verified_score,1c1258a1-d0f6-433e-9466-dbc1705fa263,182,high,1,41.18377,map,0.0,True,True,True
baseline_verified_score,1c1258a1-d0f6-433e-9466-dbc1705fa263,183,high,1,46.107687,map,0.0,True,True,True
baseline_verified_score,1c1258a1-d0f6-433e-9466-dbc1705fa263,184,high,1,41.676021,appearance,2.5,True,True,True
baseline_verified_score,1c1258a1-d0f6-433e-9466-dbc1705fa263,185,high,1,47.259158,map,0.0,True,True,True
baseline_verified_score,1c1258a1-d0f6-433e-9466-dbc1705fa263,186,high,1,43.697349,appearance,7.159,True,True,True
baseline_verified_score,1c1258a1-d0f6-433e-9466-dbc1705fa263,187,high,1,43.413078,map,0.0,True,True,True
baseline_verified_score,1c1258a1-d0f6-433e-9466-dbc1705fa263,188,high,1,46.132794,map,0.0,True,True,True
baseline_verified_score,1c1258a1-d0f6-433e-9466-dbc1705fa263,189,high,1,42.603708,map,1.581,True,True,True
baseline_verified_score,1c1258a1-d0f6-433e-9466-dbc1705fa263,190,high,1,45.969022,map,0.0,True,True,True
baseline_verified_score,1c1258a1-d0f6-433e-9466-dbc1705fa263,191,high,1,38.28021,map,0.0,True,True,True
baseline_verified_score,1c1258a1-d0f6-433e-9466-dbc1705fa263,192,high,1,37.67814,map,0.0,True,True,True
baseline_verified_score,1c1258a1-d0f6-433e-9466-dbc1705fa263,193,high,1,40.330742,map,0.0,True,True,True
baseline_verified_score,1c1258a1-d0f6-433e-9466-dbc1705fa263,194,high,1,32.220991,map,0.0,True,True,True
baseline_verified_score,1c1258a1-d0f6-433e-9466-dbc1705fa263,195,high,1,34.755391,map,0.0,True,True,True
baseline_verified_score,1c1258a1-d0f6-433e-9466-dbc1705fa263,197,high,1,30.387572,map,0.0,True,True,True
baseline_verified_score,1c1258a1-d0f6-433e-9466-dbc1705fa263,198,high,1,30.892532,map,0.0,True,True,True
baseline_verified_score,1c1258a1-d0f6-433e-9466-dbc1705fa263,200,high,1,31.424309,map,0.0,True,True,True
baseline_verified_score,1c1258a1-d0f6-433e-9466-dbc1705fa263,201,high,1,24.518863,map,0.0,True,True,True
baseline_verified_score,1c1258a1-d0f6-433e-9466-dbc1705fa263,202,high,1,25.241298,map,0.0,True,True,True
baseline_verified_score,1c1258a1-d0f6-433e-9466-dbc1705fa263,203,high,1,32.517908,map,0.0,True,True,True
baseline_verified_score,1c1258a1-d0f6-433e-9466-dbc1705fa263,204,high,1,29.369346,appearance,3.162,True,True,True
baseline_verified_score,1c1258a1-d0f6-433e-9466-dbc1705fa263,205,high,1,31.748737,map,0.0,True,True,True
baseline_verified_score,1c1258a1-d0f6-433e-9466-dbc1705fa263,207,high,1,26.210624,map,0.0,True,True,True
baseline_verified_score,1c1258a1-d0f6-433e-9466-dbc1705fa263,208,high,1,31.16925,map,0.0,True,True,True
baseline_verified_score,1c1258a1-d0f6-433e-9466-dbc1705fa263,210,high,1,31.359426,map,0.0,True,True,True
baseline_verified_score,1c1258a1-d0f6-433e-9466-dbc1705fa263,211,high,1,28.255823,appearance,1.803,True,True,True
baseline_verified_score,1c1258a1-d0f6-433e-9466-dbc1705fa263,212,high,1,28.064707,map,0.0,True,True,True
baseline_verified_score,1c1258a1-d0f6-433e-9466-dbc1705fa263,213,high,1,30.768728,map,0.0,True,True,True
baseline_verified_score,1c1258a1-d0f6-433e-9466-dbc1705fa263,215,high,1,33.446874,map,0.0,True,True,True
baseline_verified_score,1c1258a1-d0f6-433e-9466-dbc1705fa263,216,high,1,32.887908,map,1.581,True,True,True
baseline_verified_score,1c1258a1-d0f6-433e-9466-dbc1705fa263,217,high,1,30.333806,map,0.0,True,True,True
baseline_verified_score,1c1258a1-d0f6-433e-9466-dbc1705fa263,218,high,1,34.579657,map,0.0,True,True,True
baseline_verified_score,1c1258a1-d0f6-433e-9466-dbc1705fa263,219,high,1,33.450581,appearance,2.915,True,True,True
baseline_verified_score,1c1258a1-d0f6-433e-9466-dbc1705fa263,220,high,1,36.67375,map,0.0,True,True,True
baseline_verified_score,1c1258a1-d0f6-433e-9466-dbc1705fa263,222,high,1,32.922113,map,0.0,True,True,True
baseline_verified_score,1c1258a1-d0f6-433e-9466-dbc1705fa263,223,high,1,35.394452,map,3.536,True,True,True
baseline_verified_score,1c1258a1-d0f6-433e-9466-dbc1705fa263,225,high,1,31.138542,map,3.536,True,True,True
baseline_verified_score,1c1258a1-d0f6-433e-9466-dbc1705fa263,227,high,1,25.396601,map,0.0,True,True,True
baseline_verified_score,1c1258a1-d0f6-433e-9466-dbc1705fa263,228,high,1,29.144607,map,0.0,True,True,True
baseline_verified_score,1c1258a1-d0f6-433e-9466-dbc1705fa263,230,high,1,28.761264,map,0.0,True,True,True
baseline_verified_score,1c1258a1-d0f6-433e-9466-dbc1705fa263,233,high,1,20.208087,motion,3.5,True,True,True
baseline_verified_score,1c1258a1-d0f6-433e-9466-dbc1705fa263,234,medium_high,1,15.774146,appearance,2.0,True,True,True
baseline_verified_score,1c1258a1-d0f6-433e-9466-dbc1705fa263,235,medium_high,1,13.193089,appearance,2.001,True,True,True
baseline_verified_score,1c1258a1-d0f6-433e-9466-dbc1705fa263,236,medium_high,1,13.129934,appearance,2.532,True,True,True
baseline_verified_score,1c1258a1-d0f6-433e-9466-dbc1705fa263,237,medium_high,1,6.586473,appearance,2.527,True,True,True
baseline_verified_score,1c1258a1-d0f6-433e-9466-dbc1705fa263,238,medium_high,1,4.326787,map,178.28,False,False,True
baseline_verified_score,1c1258a1-d0f6-433e-9466-dbc1705fa263,239,medium_high,1,2.91204,map,177.645,False,False,True
baseline_verified_score,1c1258a1-d0f6-433e-9466-dbc1705fa263,240,medium_high,1,3.210041,map,190.82,False,False,True
baseline_verified_score,1c1258a1-d0f6-433e-9466-dbc1705fa263,241,medium_high,1,1.685041,map,191.126,False,False,True
baseline_verified_score,1c1258a1-d0f6-433e-9466-dbc1705fa263,242,medium_high,1,3.14139,map,188.928,False,False,True
baseline_verified_score,1c1258a1-d0f6-433e-9466-dbc1705fa263,243,medium_high,1,2.456474,map,135.6,False,False,True
baseline_verified_score,1c1258a1-d0f6-433e-9466-dbc1705fa263,244,medium_high,1,2.745262,map,201.849,False,False,True
baseline_verified_score,1c1258a1-d0f6-433e-9466-dbc1705fa263,245,medium_high,1,3.310206,map,190.174,False,False,True
baseline_verified_score,1c1258a1-d0f6-433e-9466-dbc1705fa263,246,medium_high,1,2.771802,map,198.224,False,False,True
baseline_verified_score,1c1258a1-d0f6-433e-9466-dbc1705fa263,247,medium_high,1,3.073521,map,194.186,False,False,True
baseline_verified_score,1c1258a1-d0f6-433e-9466-dbc1705fa263,248,medium_high,1,4.332313,map,105.746,False,False,True
baseline_verified_score,1c1258a1-d0f6-433e-9466-dbc1705fa263,249,medium_high,1,3.572763,appearance,6.494,True,True,True
baseline_verified_score,1c1258a1-d0f6-433e-9466-dbc1705fa263,250,medium_high,1,2.748401,map,113.061,False,False,True
baseline_verified_score,1c1258a1-d0f6-433e-9466-dbc1705fa263,251,medium_high,1,3.877271,appearance,5.951,True,True,True
baseline_verified_score,1c1258a1-d0f6-433e-9466-dbc1705fa263,252,medium_high,1,6.978679,appearance,6.843,True,True,True
baseline_verified_score,1c1258a1-d0f6-433e-9466-dbc1705fa263,253,medium_high,1,7.155574,map,8.769,False,True,True
baseline_verified_score,1c1258a1-d0f6-433e-9466-dbc1705fa263,254,medium_high,1,7.444731,appearance,5.86,True,True,True
baseline_verified_score,1c1258a1-d0f6-433e-9466-dbc1705fa263,255,medium_high,1,9.234683,map,8.723,False,True,True
baseline_verified_score,1c1258a1-d0f6-433e-9466-dbc1705fa263,256,medium_high,1,9.358914,map,8.692,False,True,True
baseline_verified_score,1c1258a1-d0f6-433e-9466-dbc1705fa263,257,medium_high,1,8.849145,appearance,4.888,True,True,True
baseline_verified_score,1c1258a1-d0f6-433e-9466-dbc1705fa263,258,medium_high,1,5.248161,appearance,4.862,True,True,True
baseline_verified_score,1c1258a1-d0f6-433e-9466-dbc1705fa263,259,medium_high,1,8.948821,appearance,3.714,True,True,True
baseline_verified_score,1c1258a1-d0f6-433e-9466-dbc1705fa263,260,medium_high,1,8.697747,map,2.1,True,True,True
baseline_verified_score,1c1258a1-d0f6-433e-9466-dbc1705fa263,261,medium_high,1,6.369104,appearance,2.719,True,True,True
baseline_verified_score,1c1258a1-d0f6-433e-9466-dbc1705fa263,262,medium_high,1,11.235457,map,0.03,True,True,True
baseline_verified_score,1c1258a1-d0f6-433e-9466-dbc1705fa263,263,high,1,13.765084,map,0.0,True,True,True
baseline_verified_score,1c1258a1-d0f6-433e-9466-dbc1705fa263,264,high,1,15.766936,appearance,3.0,True,True,True
baseline_verified_score,1c1258a1-d0f6-433e-9466-dbc1705fa263,265,high,1,21.919212,map,0.0,True,True,True
baseline_verified_score,1c1258a1-d0f6-433e-9466-dbc1705fa263,266,high,1,19.988658,appearance,3.536,True,True,True
baseline_verified_score,1c1258a1-d0f6-433e-9466-dbc1705fa263,267,high,1,29.172756,map,0.0,True,True,True
baseline_verified_score,1c1258a1-d0f6-433e-9466-dbc1705fa263,268,high,1,34.666064,map,0.0,True,True,True
baseline_verified_score,1c1258a1-d0f6-433e-9466-dbc1705fa263,269,high,1,34.248743,appearance,4.123,True,True,True
baseline_verified_score,1c1258a1-d0f6-433e-9466-dbc1705fa263,270,high,1,40.615155,map,0.0,True,True,True
baseline_verified_score,1c1258a1-d0f6-433e-9466-dbc1705fa263,271,high,1,39.174084,appearance,3.041,True,True,True
baseline_verified_score,1c1258a1-d0f6-433e-9466-dbc1705fa263,272,high,1,43.224124,map,0.0,True,True,True
baseline_verified_score,1c1258a1-d0f6-433e-9466-dbc1705fa263,273,high,1,48.350933,map,0.0,True,True,True
baseline_verified_score,1c1258a1-d0f6-433e-9466-dbc1705fa263,274,high,1,41.438464,appearance,4.031,True,True,True
baseline_verified_score,1c1258a1-d0f6-433e-9466-dbc1705fa263,275,high,1,47.704465,map,0.0,True,True,True
baseline_verified_score,1c1258a1-d0f6-433e-9466-dbc1705fa263,276,high,1,41.226436,appearance,3.808,True,True,True
baseline_verified_score,1c1258a1-d0f6-433e-9466-dbc1705fa263,277,high,1,40.587376,map,0.0,True,True,True
baseline_verified_score,1c1258a1-d0f6-433e-9466-dbc1705fa263,278,high,1,46.349106,map,0.0,True,True,True
baseline_verified_score,1c1258a1-d0f6-433e-9466-dbc1705fa263,279,high,1,40.027371,appearance,3.5,True,True,True
baseline_verified_score,1c1258a1-d0f6-433e-9466-dbc1705fa263,280,high,1,46.745884,map,0.0,True,True,True
baseline_verified_score,1c1258a1-d0f6-433e-9466-dbc1705fa263,281,high,1,39.736658,appearance,3.041,True,True,True
baseline_verified_score,1c1258a1-d0f6-433e-9466-dbc1705fa263,282,high,1,41.391561,map,0.0,True,True,True
baseline_verified_score,1c1258a1-d0f6-433e-9466-dbc1705fa263,283,high,1,45.485183,map,0.0,True,True,True
baseline_verified_score,1c1258a1-d0f6-433e-9466-dbc1705fa263,284,high,1,39.131701,appearance,3.5,True,True,True
baseline_verified_score,1c1258a1-d0f6-433e-9466-dbc1705fa263,285,high,1,45.75056,map,0.0,True,True,True
baseline_verified_score,1c1258a1-d0f6-433e-9466-dbc1705fa263,286,high,1,40.009028,appearance,3.041,True,True,True
baseline_verified_score,1c1258a1-d0f6-433e-9466-dbc1705fa263,287,high,1,41.199612,map,0.0,True,True,True
baseline_verified_score,1c1258a1-d0f6-433e-9466-dbc1705fa263,288,high,1,45.275361,map,0.0,True,True,True
baseline_verified_score,1c1258a1-d0f6-433e-9466-dbc1705fa263,289,high,1,38.560876,appearance,3.162,True,True,True
baseline_verified_score,1c1258a1-d0f6-433e-9466-dbc1705fa263,290,high,1,44.629402,map,0.0,True,True,True
baseline_verified_score,1c1258a1-d0f6-433e-9466-dbc1705fa263,291,high,1,37.678699,appearance,3.5,True,True,True
baseline_verified_score,1c1258a1-d0f6-433e-9466-dbc1705fa263,292,high,1,40.483331,map,0.0,True,True,True
baseline_verified_score,1c1258a1-d0f6-433e-9466-dbc1705fa263,293,high,1,50.318926,map,0.0,True,True,True
baseline_verified_score,1c1258a1-d0f6-433e-9466-dbc1705fa263,294,high,1,41.335404,appearance,3.64,True,True,True
baseline_verified_score,1c1258a1-d0f6-433e-9466-dbc1705fa263,295,high,1,48.81855,map,0.0,True,True,True
baseline_verified_score,1c1258a1-d0f6-433e-9466-dbc1705fa263,296,high,1,40.315971,appearance,3.041,True,True,True
baseline_verified_score,1c1258a1-d0f6-433e-9466-dbc1705fa263,297,high,1,44.92656,map,0.0,True,True,True
baseline_verified_score,1c1258a1-d0f6-433e-9466-dbc1705fa263,298,high,1,50.291891,map,0.0,True,True,True
baseline_verified_score,1c1258a1-d0f6-433e-9466-dbc1705fa263,299,high,1,41.797984,map,0.0,True,True,True
baseline_verified_score,1c1258a1-d0f6-433e-9466-dbc1705fa263,300,high,1,48.067177,map,0.0,True,True,True
baseline_verified_score,1c1258a1-d0f6-433e-9466-dbc1705fa263,301,high,1,42.169091,map,0.0,True,True,True
baseline_verified_score,1c1258a1-d0f6-433e-9466-dbc1705fa263,302,high,1,35.911768,map,0.0,True,True,True
baseline_verified_score,1c1258a1-d0f6-433e-9466-dbc1705fa263,303,high,1,38.781859,map,3.536,True,True,True
baseline_verified_score,1c1258a1-d0f6-433e-9466-dbc1705fa263,304,high,1,31.53351,map,0.0,True,True,True
baseline_verified_score,1c1258a1-d0f6-433e-9466-dbc1705fa263,305,high,1,37.609028,map,0.0,True,True,True
baseline_verified_score,1c1258a1-d0f6-433e-9466-dbc1705fa263,306,high,1,29.273918,map,0.0,True,True,True
baseline_verified_score,1c1258a1-d0f6-433e-9466-dbc1705fa263,307,high,1,26.488582,map,0.0,True,True,True
baseline_verified_score,1c1258a1-d0f6-433e-9466-dbc1705fa263,308,high,1,30.359998,map,4.301,True,True,True
baseline_verified_score,1c1258a1-d0f6-433e-9466-dbc1705fa263,309,high,1,21.531838,map,0.0,True,True,True
baseline_verified_score,1c1258a1-d0f6-433e-9466-dbc1705fa263,310,high,1,26.694548,map,0.0,True,True,True
baseline_verified_score,1c1258a1-d0f6-433e-9466-dbc1705fa263,311,high,1,23.424142,map,3.606,True,True,True
baseline_verified_score,1c1258a1-d0f6-433e-9466-dbc1705fa263,312,high,1,27.621434,map,0.0,True,True,True
baseline_verified_score,1c1258a1-d0f6-433e-9466-dbc1705fa263,313,high,1,34.986745,map,0.0,True,True,True
baseline_verified_score,1c1258a1-d0f6-433e-9466-dbc1705fa263,314,high,1,33.214694,map,0.0,True,True,True
baseline_verified_score,1c1258a1-d0f6-433e-9466-dbc1705fa263,315,high,1,39.821171,map,0.0,True,True,True
baseline_verified_score,1c1258a1-d0f6-433e-9466-dbc1705fa263,316,high,1,38.893793,map,0.0,True,True,True
baseline_verified_score,1c1258a1-d0f6-433e-9466-dbc1705fa263,317,high,1,44.525848,map,0.0,True,True,True
baseline_verified_score,1c1258a1-d0f6-433e-9466-dbc1705fa263,318,high,1,46.188375,map,3.808,True,True,True
baseline_verified_score,1c1258a1-d0f6-433e-9466-dbc1705fa263,319,high,1,39.973934,map,7.382,True,True,True
baseline_verified_score,1c1258a1-d0f6-433e-9466-dbc1705fa263,320,high,1,47.283649,map,0.0,True,True,True
baseline_verified_score,1c1258a1-d0f6-433e-9466-dbc1705fa263,321,high,1,40.634799,map,3.162,True,True,True
baseline_verified_score,1c1258a1-d0f6-433e-9466-dbc1705fa263,322,high,1,38.935954,map,0.0,True,True,True
baseline_verified_score,1c1258a1-d0f6-433e-9466-dbc1705fa263,323,high,1,43.701648,map,0.0,True,True,True
baseline_verified_score,1c1258a1-d0f6-433e-9466-dbc1705fa263,324,high,1,37.333578,appearance,5.22,True,True,True
baseline_verified_score,1c1258a1-d0f6-433e-9466-dbc1705fa263,325,high,1,41.423715,map,0.0,True,True,True
baseline_verified_score,1c1258a1-d0f6-433e-9466-dbc1705fa263,326,high,1,34.446673,appearance,5.025,True,True,True
baseline_verified_score,1c1258a1-d0f6-433e-9466-dbc1705fa263,327,high,1,32.768037,map,19.66,False,False,True
baseline_verified_score,1c1258a1-d0f6-433e-9466-dbc1705fa263,328,high,1,36.260087,map,0.0,True,True,True
baseline_verified_score,1c1258a1-d0f6-433e-9466-dbc1705fa263,329,high,1,26.66019,map,0.0,True,True,True
baseline_verified_score,1c1258a1-d0f6-433e-9466-dbc1705fa263,330,high,1,29.371764,map,13.285,False,True,True
baseline_verified_score,1c1258a1-d0f6-433e-9466-dbc1705fa263,331,high,1,22.35833,appearance,9.014,False,True,True
baseline_verified_score,1c1258a1-d0f6-433e-9466-dbc1705fa263,332,high,1,19.909903,map,10.7,False,True,True
baseline_verified_score,1c1258a1-d0f6-433e-9466-dbc1705fa263,333,high,1,19.898215,map,12.349,False,True,True
baseline_verified_score,1c1258a1-d0f6-433e-9466-dbc1705fa263,334,high,1,14.383787,appearance,53.528,False,False,False
baseline_verified_score,1c1258a1-d0f6-433e-9466-dbc1705fa263,335,high,1,18.107024,appearance,50.619,False,False,True
baseline_verified_score,1c1258a1-d0f6-433e-9466-dbc1705fa263,336,high,1,17.893007,appearance,51.662,False,False,True
baseline_verified_score,1c1258a1-d0f6-433e-9466-dbc1705fa263,337,high,1,18.170347,appearance,50.401,False,False,True
baseline_verified_score,1c1258a1-d0f6-433e-9466-dbc1705fa263,338,high,1,22.949276,map,12.971,False,True,True
baseline_verified_score,1c1258a1-d0f6-433e-9466-dbc1705fa263,339,high,1,17.919044,appearance,48.564,False,False,False
baseline_verified_score,1c1258a1-d0f6-433e-9466-dbc1705fa263,340,high,1,23.930809,map,12.53,False,True,True
baseline_verified_score,1c1258a1-d0f6-433e-9466-dbc1705fa263,341,high,1,18.828283,appearance,49.503,False,False,False
baseline_verified_score,1c1258a1-d0f6-433e-9466-dbc1705fa263,342,high,1,26.381407,map,13.454,False,True,False
baseline_verified_score,1c1258a1-d0f6-433e-9466-dbc1705fa263,343,high,1,35.398008,map,12.53,False,True,True
baseline_verified_score,1c1258a1-d0f6-433e-9466-dbc1705fa263,344,high,1,37.036434,appearance,11.673,False,True,True
baseline_verified_score,1c1258a1-d0f6-433e-9466-dbc1705fa263,345,high,1,45.899214,map,12.298,False,True,True
baseline_verified_score,1c1258a1-d0f6-433e-9466-dbc1705fa263,346,high,1,40.674934,appearance,11.336,False,True,False
baseline_verified_score,529a6584-8974-4cf9-b7f7-f66d49cd3845,37,high,1,13.688391,map,0.0,True,True,True
baseline_verified_score,529a6584-8974-4cf9-b7f7-f66d49cd3845,38,high,1,23.204597,map,0.0,True,True,True
baseline_verified_score,529a6584-8974-4cf9-b7f7-f66d49cd3845,39,high,1,25.0387,map,0.0,True,True,True
baseline_verified_score,529a6584-8974-4cf9-b7f7-f66d49cd3845,40,high,1,34.397856,map,0.0,True,True,True
baseline_verified_score,529a6584-8974-4cf9-b7f7-f66d49cd3845,41,high,1,35.537312,map,0.0,True,True,True
baseline_verified_score,529a6584-8974-4cf9-b7f7-f66d49cd3845,42,high,1,45.327541,map,0.0,True,True,True
baseline_verified_score,529a6584-8974-4cf9-b7f7-f66d49cd3845,43,high,1,53.886413,map,0.0,True,True,True
baseline_verified_score,529a6584-8974-4cf9-b7f7-f66d49cd3845,44,high,1,55.978637,map,4.123,True,True,True
baseline_verified_score,529a6584-8974-4cf9-b7f7-f66d49cd3845,45,high,1,63.5942,map,0.0,True,True,True
baseline_verified_score,529a6584-8974-4cf9-b7f7-f66d49cd3845,46,high,1,57.708082,map,3.606,True,True,True
baseline_verified_score,529a6584-8974-4cf9-b7f7-f66d49cd3845,47,high,1,56.98616,map,0.0,True,True,True
baseline_verified_score,529a6584-8974-4cf9-b7f7-f66d49cd3845,48,high,1,62.878497,map,0.0,True,True,True
baseline_verified_score,529a6584-8974-4cf9-b7f7-f66d49cd3845,49,high,1,56.239248,map,0.0,True,True,True
baseline_verified_score,529a6584-8974-4cf9-b7f7-f66d49cd3845,50,high,1,61.796906,map,0.0,True,True,True
baseline_verified_score,529a6584-8974-4cf9-b7f7-f66d49cd3845,51,high,1,54.535755,map,0.0,True,True,True
baseline_verified_score,529a6584-8974-4cf9-b7f7-f66d49cd3845,52,high,1,49.988305,map,0.0,True,True,True
baseline_verified_score,529a6584-8974-4cf9-b7f7-f66d49cd3845,53,high,1,58.705891,map,0.0,True,True,True
baseline_verified_score,529a6584-8974-4cf9-b7f7-f66d49cd3845,54,high,1,50.8399,map,0.0,True,True,True
baseline_verified_score,529a6584-8974-4cf9-b7f7-f66d49cd3845,55,high,1,57.757389,map,0.0,True,True,True
baseline_verified_score,529a6584-8974-4cf9-b7f7-f66d49cd3845,56,high,1,52.847612,map,4.243,True,True,True
baseline_verified_score,529a6584-8974-4cf9-b7f7-f66d49cd3845,57,high,1,52.415607,map,0.0,True,True,True
baseline_verified_score,529a6584-8974-4cf9-b7f7-f66d49cd3845,58,high,1,57.616435,map,0.0,True,True,True
baseline_verified_score,529a6584-8974-4cf9-b7f7-f66d49cd3845,59,high,1,53.033267,map,3.606,True,True,True
baseline_verified_score,529a6584-8974-4cf9-b7f7-f66d49cd3845,60,high,1,52.62651,map,0.0,True,True,True
baseline_verified_score,529a6584-8974-4cf9-b7f7-f66d49cd3845,61,high,1,47.700445,map,5.099,True,True,True
baseline_verified_score,529a6584-8974-4cf9-b7f7-f66d49cd3845,62,high,1,44.773453,map,0.0,True,True,True
baseline_verified_score,529a6584-8974-4cf9-b7f7-f66d49cd3845,63,high,1,49.869929,map,0.0,True,True,True
baseline_verified_score,529a6584-8974-4cf9-b7f7-f66d49cd3845,64,high,1,45.285482,map,3.0,True,True,True
baseline_verified_score,529a6584-8974-4cf9-b7f7-f66d49cd3845,100,high,1,42.205895,map,0.0,True,True,True
baseline_verified_score,529a6584-8974-4cf9-b7f7-f66d49cd3845,101,high,1,40.1972,appearance,4.0,True,True,True
baseline_verified_score,529a6584-8974-4cf9-b7f7-f66d49cd3845,102,high,1,39.987607,map,0.0,True,True,True
baseline_verified_score,529a6584-8974-4cf9-b7f7-f66d49cd3845,103,high,1,45.942725,map,0.0,True,True,True
baseline_verified_score,529a6584-8974-4cf9-b7f7-f66d49cd3845,105,high,1,47.518915,map,0.0,True,True,True
baseline_verified_score,529a6584-8974-4cf9-b7f7-f66d49cd3845,106,high,1,45.259358,appearance,9.192,False,True,True
baseline_verified_score,529a6584-8974-4cf9-b7f7-f66d49cd3845,107,high,1,44.525541,map,0.0,True,True,True
baseline_verified_score,529a6584-8974-4cf9-b7f7-f66d49cd3845,108,high,1,48.659548,map,0.0,True,True,True
baseline_verified_score,529a6584-8974-4cf9-b7f7-f66d49cd3845,109,high,1,43.371074,appearance,3.5,True,True,True
baseline_verified_score,529a6584-8974-4cf9-b7f7-f66d49cd3845,115,high,1,48.129163,map,0.0,True,True,True
baseline_verified_score,529a6584-8974-4cf9-b7f7-f66d49cd3845,116,high,1,42.704702,appearance,3.162,True,True,True
baseline_verified_score,529a6584-8974-4cf9-b7f7-f66d49cd3845,118,high,1,48.151282,map,0.0,True,True,True
baseline_verified_score,529a6584-8974-4cf9-b7f7-f66d49cd3845,119,high,1,43.943977,appearance,3.536,True,True,True
baseline_verified_score,529a6584-8974-4cf9-b7f7-f66d49cd3845,122,high,1,41.757627,map,0.0,True,True,True
baseline_verified_score,529a6584-8974-4cf9-b7f7-f66d49cd3845,123,high,1,47.64096,map,0.0,True,True,True
baseline_verified_score,529a6584-8974-4cf9-b7f7-f66d49cd3845,124,high,1,41.750581,appearance,3.536,True,True,True
baseline_verified_score,529a6584-8974-4cf9-b7f7-f66d49cd3845,127,high,1,40.032498,map,0.0,True,True,True
baseline_verified_score,529a6584-8974-4cf9-b7f7-f66d49cd3845,128,high,1,45.160389,map,0.0,True,True,True
baseline_verified_score,529a6584-8974-4cf9-b7f7-f66d49cd3845,129,high,1,38.985508,appearance,3.64,True,True,True
baseline_verified_score,529a6584-8974-4cf9-b7f7-f66d49cd3845,135,high,1,43.869684,map,8.062,False,True,True
baseline_verified_score,529a6584-8974-4cf9-b7f7-f66d49cd3845,136,high,1,40.617708,map,7.81,True,True,True
baseline_verified_score,529a6584-8974-4cf9-b7f7-f66d49cd3845,140,high,1,32.589337,map,7.906,True,True,True
baseline_verified_score,529a6584-8974-4cf9-b7f7-f66d49cd3845,141,high,1,26.481668,appearance,5.148,True,True,True
baseline_verified_score,529a6584-8974-4cf9-b7f7-f66d49cd3845,143,high,1,26.112044,map,5.523,True,True,True
baseline_verified_score,529a6584-8974-4cf9-b7f7-f66d49cd3845,144,high,1,22.551122,appearance,5.59,True,True,True
baseline_verified_score,529a6584-8974-4cf9-b7f7-f66d49cd3845,147,high,1,31.075387,map,0.0,True,True,True
baseline_verified_score,529a6584-8974-4cf9-b7f7-f66d49cd3845,148,high,1,39.105474,map,0.0,True,True,True
baseline_verified_score,59e41a0c-f704-4589-96db-d7c283d33717,324,high,1,29.76234,map,0.0,True,True,True
baseline_verified_score,59e41a0c-f704-4589-96db-d7c283d33717,330,high,1,28.312009,map,0.0,True,True,True
baseline_verified_score,59e41a0c-f704-4589-96db-d7c283d33717,336,high,1,38.982688,map,0.0,True,True,True
baseline_verified_score,59e41a0c-f704-4589-96db-d7c283d33717,342,high,1,15.323954,appearance,0.0,True,True,True
baseline_verified_score,59e41a0c-f704-4589-96db-d7c283d33717,348,high,1,23.563942,map,0.0,True,True,True
baseline_verified_score,7bd296cd-c800-4be9-ab0f-07e8d68cb648,437,high,1,26.776502,map,0.0,True,True,True
baseline_verified_score,7bd296cd-c800-4be9-ab0f-07e8d68cb648,438,high,1,36.312784,map,0.0,True,True,True
baseline_verified_score,7bd296cd-c800-4be9-ab0f-07e8d68cb648,439,high,1,38.317591,map,0.0,True,True,True
baseline_verified_score,7bd296cd-c800-4be9-ab0f-07e8d68cb648,440,high,1,47.442508,map,0.0,True,True,True
baseline_verified_score,7bd296cd-c800-4be9-ab0f-07e8d68cb648,441,high,1,48.54301,map,0.0,True,True,True
baseline_verified_score,7bd296cd-c800-4be9-ab0f-07e8d68cb648,442,high,1,57.738299,map,0.0,True,True,True
baseline_verified_score,7bd296cd-c800-4be9-ab0f-07e8d68cb648,443,high,1,64.905173,map,0.0,True,True,True
baseline_verified_score,7bd296cd-c800-4be9-ab0f-07e8d68cb648,444,high,1,58.795823,map,3.606,True,True,True
baseline_verified_score,7bd296cd-c800-4be9-ab0f-07e8d68cb648,445,high,1,63.908911,map,0.0,True,True,True
baseline_verified_score,7bd296cd-c800-4be9-ab0f-07e8d68cb648,446,high,1,56.919031,map,0.0,True,True,True
baseline_verified_score,7bd296cd-c800-4be9-ab0f-07e8d68cb648,447,high,1,54.289981,map,0.0,True,True,True
baseline_verified_score,7bd296cd-c800-4be9-ab0f-07e8d68cb648,448,high,1,56.409529,map,4.743,True,True,True
baseline_verified_score,7bd296cd-c800-4be9-ab0f-07e8d68cb648,449,high,1,47.792008,map,4.243,True,True,True
baseline_verified_score,7bd296cd-c800-4be9-ab0f-07e8d68cb648,450,high,1,53.429305,map,0.0,True,True,True
baseline_verified_score,7bd296cd-c800-4be9-ab0f-07e8d68cb648,451,high,1,46.751496,map,0.0,True,True,True
baseline_verified_score,7bd296cd-c800-4be9-ab0f-07e8d68cb648,452,high,1,44.646136,map,0.0,True,True,True
baseline_verified_score,7bd296cd-c800-4be9-ab0f-07e8d68cb648,453,high,1,50.907417,map,0.0,True,True,True
baseline_verified_score,7bd296cd-c800-4be9-ab0f-07e8d68cb648,454,high,1,47.274827,map,0.0,True,True,True
baseline_verified_score,7bd296cd-c800-4be9-ab0f-07e8d68cb648,455,high,1,51.445864,map,0.0,True,True,True
baseline_verified_score,7bd296cd-c800-4be9-ab0f-07e8d68cb648,456,high,1,46.421086,map,3.606,True,True,True
baseline_verified_score,7bd296cd-c800-4be9-ab0f-07e8d68cb648,457,high,1,52.674067,map,0.0,True,True,True
baseline_verified_score,7bd296cd-c800-4be9-ab0f-07e8d68cb648,458,high,1,58.045651,map,0.0,True,True,True
baseline_verified_score,7bd296cd-c800-4be9-ab0f-07e8d68cb648,459,high,1,53.474215,map,0.0,True,True,True
baseline_verified_score,7bd296cd-c800-4be9-ab0f-07e8d68cb648,460,high,1,53.131538,map,0.0,True,True,True
baseline_verified_score,7bd296cd-c800-4be9-ab0f-07e8d68cb648,461,high,1,48.585704,map,4.123,True,True,True
baseline_verified_score,7bd296cd-c800-4be9-ab0f-07e8d68cb648,462,high,1,45.868837,map,0.0,True,True,True
baseline_verified_score,7bd296cd-c800-4be9-ab0f-07e8d68cb648,463,high,1,51.04931,map,0.0,True,True,True
baseline_verified_score,7bd296cd-c800-4be9-ab0f-07e8d68cb648,465,high,1,47.05322,map,0.0,True,True,True
baseline_verified_score,7bd296cd-c800-4be9-ab0f-07e8d68cb648,494,high,1,46.624994,appearance,4.61,True,True,True
baseline_verified_score,7bd296cd-c800-4be9-ab0f-07e8d68cb648,500,high,1,38.488844,map,0.0,True,True,True
baseline_verified_score,7bd296cd-c800-4be9-ab0f-07e8d68cb648,501,high,1,35.35625,appearance,4.0,True,True,True
baseline_verified_score,7bd296cd-c800-4be9-ab0f-07e8d68cb648,503,high,1,41.105371,map,0.0,True,True,True
baseline_verified_score,7bd296cd-c800-4be9-ab0f-07e8d68cb648,505,high,1,47.99626,map,0.0,True,True,True
baseline_verified_score,7bd296cd-c800-4be9-ab0f-07e8d68cb648,506,high,1,43.632426,appearance,10.548,False,True,True
baseline_verified_score,7bd296cd-c800-4be9-ab0f-07e8d68cb648,508,high,1,45.975513,map,0.0,True,True,True
baseline_verified_score,7bd296cd-c800-4be9-ab0f-07e8d68cb648,509,high,1,40.504111,appearance,3.64,True,True,True
baseline_verified_score,7bd296cd-c800-4be9-ab0f-07e8d68cb648,510,high,1,44.297269,map,0.0,True,True,True
baseline_verified_score,7bd296cd-c800-4be9-ab0f-07e8d68cb648,511,high,1,40.274276,appearance,3.64,True,True,True
baseline_verified_score,7bd296cd-c800-4be9-ab0f-07e8d68cb648,515,high,1,47.37436,map,0.0,True,True,True
baseline_verified_score,7bd296cd-c800-4be9-ab0f-07e8d68cb648,516,high,1,42.108715,appearance,3.162,True,True,True
baseline_verified_score,7bd296cd-c800-4be9-ab0f-07e8d68cb648,517,high,1,44.217349,map,0.0,True,True,True
baseline_verified_score,7bd296cd-c800-4be9-ab0f-07e8d68cb648,532,high,1,36.427971,map,8.602,False,True,True
baseline_verified_score,7bd296cd-c800-4be9-ab0f-07e8d68cb648,535,high,1,42.046799,map,8.062,False,True,True
baseline_verified_score,7bd296cd-c800-4be9-ab0f-07e8d68cb648,536,high,1,36.601137,appearance,6.265,True,True,True
baseline_verified_score,7bd296cd-c800-4be9-ab0f-07e8d68cb648,537,high,1,35.079797,map,0.0,True,True,True
baseline_verified_score,7bd296cd-c800-4be9-ab0f-07e8d68cb648,540,high,1,36.224796,map,7.906,True,True,True
baseline_verified_score,7bd296cd-c800-4be9-ab0f-07e8d68cb648,541,high,1,28.722437,appearance,6.801,True,True,True
baseline_verified_score,7bd296cd-c800-4be9-ab0f-07e8d68cb648,547,high,1,24.63717,map,0.0,True,True,True
baseline_verified_score,7bd296cd-c800-4be9-ab0f-07e8d68cb648,550,high,1,26.635671,map,6.364,True,True,True
baseline_verified_score,7bd296cd-c800-4be9-ab0f-07e8d68cb648,551,high,1,26.103464,appearance,5.59,True,True,True
baseline_verified_score,7bd296cd-c800-4be9-ab0f-07e8d68cb648,552,high,1,28.679485,map,0.0,True,True,True
baseline_verified_score,7bd296cd-c800-4be9-ab0f-07e8d68cb648,553,high,1,33.293604,map,0.0,True,True,True
baseline_verified_score,7bd296cd-c800-4be9-ab0f-07e8d68cb648,554,high,1,29.582112,appearance,0.0,True,True,True
baseline_verified_score,7bd296cd-c800-4be9-ab0f-07e8d68cb648,555,high,1,33.122275,map,0.0,True,True,True
baseline_verified_score,7bd296cd-c800-4be9-ab0f-07e8d68cb648,556,high,1,27.244579,appearance,4.472,True,True,True
baseline_verified_score,7bd296cd-c800-4be9-ab0f-07e8d68cb648,557,high,1,30.409956,map,0.0,True,True,True
baseline_verified_score,7bd296cd-c800-4be9-ab0f-07e8d68cb648,558,high,1,34.757771,map,0.0,True,True,True
baseline_verified_score,7bd296cd-c800-4be9-ab0f-07e8d68cb648,559,high,1,28.344353,map,0.0,True,True,True
baseline_verified_score,7bd296cd-c800-4be9-ab0f-07e8d68cb648,560,high,1,32.147772,map,0.0,True,True,True
baseline_verified_score,7bd296cd-c800-4be9-ab0f-07e8d68cb648,561,high,1,25.217616,map,0.0,True,True,True
baseline_verified_score,7bd296cd-c800-4be9-ab0f-07e8d68cb648,562,high,1,26.445196,map,0.0,True,True,True
baseline_verified_score,7bd296cd-c800-4be9-ab0f-07e8d68cb648,563,high,1,30.14511,map,0.0,True,True,True
baseline_verified_score,7bd296cd-c800-4be9-ab0f-07e8d68cb648,564,high,1,25.303176,map,0.0,True,True,True
baseline_verified_score,7bd296cd-c800-4be9-ab0f-07e8d68cb648,565,high,1,27.949156,map,0.0,True,True,True
baseline_verified_score,7bd296cd-c800-4be9-ab0f-07e8d68cb648,566,high,1,24.712369,map,6.083,True,True,True
baseline_verified_score,7bd296cd-c800-4be9-ab0f-07e8d68cb648,568,high,1,30.002081,map,0.0,True,True,True
baseline_verified_score,7bd296cd-c800-4be9-ab0f-07e8d68cb648,569,high,1,24.647331,map,0.0,True,True,True
baseline_verified_score,7bd296cd-c800-4be9-ab0f-07e8d68cb648,570,high,1,30.334331,map,7.382,True,True,True
baseline_verified_score,7bd296cd-c800-4be9-ab0f-07e8d68cb648,571,high,1,25.055993,map,0.0,True,True,True
baseline_verified_score,7bd296cd-c800-4be9-ab0f-07e8d68cb648,572,high,1,21.064556,map,10.198,False,True,True
baseline_verified_score,7bd296cd-c800-4be9-ab0f-07e8d68cb648,573,high,1,23.563134,map,6.671,True,True,True
baseline_verified_score,7bd296cd-c800-4be9-ab0f-07e8d68cb648,574,high,1,26.539468,map,0.0,True,True,True
baseline_verified_score,7bd296cd-c800-4be9-ab0f-07e8d68cb648,575,high,1,29.390579,map,7.382,True,True,True
baseline_verified_score,7bd296cd-c800-4be9-ab0f-07e8d68cb648,576,high,1,27.407774,map,0.0,True,True,True
baseline_verified_score,7bd296cd-c800-4be9-ab0f-07e8d68cb648,577,high,1,23.063123,map,0.0,True,True,True
baseline_verified_score,7bd296cd-c800-4be9-ab0f-07e8d68cb648,578,high,1,24.620743,map,8.515,False,True,True
baseline_verified_score,7bd296cd-c800-4be9-ab0f-07e8d68cb648,579,high,1,20.456555,map,0.0,True,True,True
baseline_verified_score,7bd296cd-c800-4be9-ab0f-07e8d68cb648,580,high,1,24.226138,appearance,8.062,False,True,True
baseline_verified_score,7bd296cd-c800-4be9-ab0f-07e8d68cb648,581,high,1,21.801824,appearance,10.817,False,True,True
baseline_verified_score,7bd296cd-c800-4be9-ab0f-07e8d68cb648,582,high,1,27.454913,map,9.0,False,True,True
baseline_verified_score,7bd296cd-c800-4be9-ab0f-07e8d68cb648,583,high,1,31.765783,map,0.0,True,True,True
baseline_verified_score,7bd296cd-c800-4be9-ab0f-07e8d68cb648,584,high,1,24.438771,map,0.0,True,True,True
baseline_verified_score,7bd296cd-c800-4be9-ab0f-07e8d68cb648,585,high,1,19.967868,map,33.526,False,False,True
baseline_verified_score,7bd296cd-c800-4be9-ab0f-07e8d68cb648,586,high,1,17.236102,map,28.284,False,False,True
baseline_verified_score,7bd296cd-c800-4be9-ab0f-07e8d68cb648,587,high,1,17.2543,map,0.0,True,True,True
baseline_verified_score,7bd296cd-c800-4be9-ab0f-07e8d68cb648,588,high,1,21.281605,map,0.0,True,True,True
baseline_verified_score,7bd296cd-c800-4be9-ab0f-07e8d68cb648,589,medium_high,1,12.134263,map,4.123,True,True,True
baseline_verified_score,7bd296cd-c800-4be9-ab0f-07e8d68cb648,590,medium_high,1,23.033179,map,3.0,True,True,True
baseline_verified_score,aaf1eafd-36d7-43e4-a539-fd79029ddf90,288,high,1,60.010668,temporal_stack,0.0,True,True,True
baseline_verified_score,aaf1eafd-36d7-43e4-a539-fd79029ddf90,290,high,1,57.970186,temporal_stack,0.0,True,True,True
baseline_verified_score,aaf1eafd-36d7-43e4-a539-fd79029ddf90,291,high,1,57.856196,temporal_stack,0.0,True,True,True
baseline_verified_score,aaf1eafd-36d7-43e4-a539-fd79029ddf90,303,high,1,47.077069,temporal_stack,0.0,True,True,True
baseline_verified_score,aaf1eafd-36d7-43e4-a539-fd79029ddf90,304,high,1,46.423871,temporal_stack,0.0,True,True,True
baseline_verified_score,aaf1eafd-36d7-43e4-a539-fd79029ddf90,305,high,1,47.181601,temporal_stack,0.0,True,True,True
baseline_verified_score,aaf1eafd-36d7-43e4-a539-fd79029ddf90,306,high,1,48.207521,temporal_stack,0.0,True,True,True
baseline_verified_score,aaf1eafd-36d7-43e4-a539-fd79029ddf90,307,high,1,46.101983,temporal_stack,0.0,True,True,True
baseline_verified_score,aaf1eafd-36d7-43e4-a539-fd79029ddf90,308,high,1,48.221053,temporal_stack,0.0,True,True,True
baseline_verified_score,aaf1eafd-36d7-43e4-a539-fd79029ddf90,309,high,1,49.000411,temporal_stack,0.0,True,True,True
baseline_verified_score,aaf1eafd-36d7-43e4-a539-fd79029ddf90,310,high,1,49.275337,temporal_stack,0.0,True,True,True
baseline_verified_score,aaf1eafd-36d7-43e4-a539-fd79029ddf90,311,high,1,49.437691,temporal_stack,0.0,True,True,True
baseline_verified_score,aaf1eafd-36d7-43e4-a539-fd79029ddf90,312,high,1,47.467617,temporal_stack,0.0,True,True,True
baseline_verified_score,aaf1eafd-36d7-43e4-a539-fd79029ddf90,313,high,1,48.945472,temporal_stack,0.0,True,True,True
baseline_verified_score,aaf1eafd-36d7-43e4-a539-fd79029ddf90,314,high,1,48.107477,temporal_stack,0.0,True,True,True
baseline_verified_score,aaf1eafd-36d7-43e4-a539-fd79029ddf90,315,high,1,44.460605,temporal_stack,0.0,True,True,True
baseline_verified_score,aaf1eafd-36d7-43e4-a539-fd79029ddf90,316,high,1,43.068404,temporal_stack,0.0,True,True,True
baseline_verified_score,aaf1eafd-36d7-43e4-a539-fd79029ddf90,317,high,1,40.428444,temporal_stack,0.0,True,True,True
baseline_verified_score,aaf1eafd-36d7-43e4-a539-fd79029ddf90,318,high,1,40.960896,temporal_stack,0.0,True,True,True
baseline_verified_score,aaf1eafd-36d7-43e4-a539-fd79029ddf90,319,high,1,40.545672,temporal_stack,0.0,True,True,True
baseline_verified_score,aaf1eafd-36d7-43e4-a539-fd79029ddf90,320,high,1,39.27576,temporal_stack,0.0,True,True,True
baseline_verified_score,aaf1eafd-36d7-43e4-a539-fd79029ddf90,321,high,1,38.793283,temporal_stack,0.0,True,True,True
baseline_verified_score,aaf1eafd-36d7-43e4-a539-fd79029ddf90,322,high,1,36.256457,temporal_stack,0.0,True,True,True
baseline_verified_score,aaf1eafd-36d7-43e4-a539-fd79029ddf90,323,high,1,36.021789,temporal_stack,0.0,True,True,True
baseline_verified_score,aaf1eafd-36d7-43e4-a539-fd79029ddf90,324,high,1,37.410101,temporal_stack,0.0,True,True,True
baseline_verified_score,aaf1eafd-36d7-43e4-a539-fd79029ddf90,325,high,1,37.970577,temporal_stack,0.0,True,True,True
baseline_verified_score,aaf1eafd-36d7-43e4-a539-fd79029ddf90,326,high,1,37.776141,temporal_stack,0.0,True,True,True
baseline_verified_score,aaf1eafd-36d7-43e4-a539-fd79029ddf90,327,high,1,35.909232,temporal_stack,0.0,True,True,True
baseline_verified_score,aaf1eafd-36d7-43e4-a539-fd79029ddf90,328,high,1,33.416741,temporal_stack,0.0,True,True,True
baseline_verified_score,aaf1eafd-36d7-43e4-a539-fd79029ddf90,329,high,1,31.505761,temporal_stack,0.0,True,True,True
baseline_verified_score,aaf1eafd-36d7-43e4-a539-fd79029ddf90,330,high,1,30.070319,temporal_stack,0.0,True,True,True
baseline_verified_score,aaf1eafd-36d7-43e4-a539-fd79029ddf90,331,high,1,29.80525,temporal_stack,0.0,True,True,True
baseline_verified_score,aaf1eafd-36d7-43e4-a539-fd79029ddf90,332,high,1,28.031902,temporal_stack,0.0,True,True,True
baseline_verified_score,aaf1eafd-36d7-43e4-a539-fd79029ddf90,333,high,1,25.97532,temporal_stack,0.0,True,True,True
baseline_verified_score,aaf1eafd-36d7-43e4-a539-fd79029ddf90,334,high,1,37.528726,temporal_stack,0.0,True,True,True
baseline_verified_score,aaf1eafd-36d7-43e4-a539-fd79029ddf90,335,high,1,30.095747,temporal_stack,0.0,True,True,True
baseline_verified_score,aaf1eafd-36d7-43e4-a539-fd79029ddf90,336,high,1,17.297771,appearance,71.549,False,False,True
baseline_verified_score,aaf1eafd-36d7-43e4-a539-fd79029ddf90,337,high,1,21.757678,appearance,71.063,False,False,True
baseline_verified_score,aaf1eafd-36d7-43e4-a539-fd79029ddf90,338,high,1,19.919551,appearance,75.961,False,False,True
baseline_verified_score,aaf1eafd-36d7-43e4-a539-fd79029ddf90,339,high,1,20.376348,appearance,76.441,False,False,True
baseline_verified_score,aaf1eafd-36d7-43e4-a539-fd79029ddf90,340,high,1,22.2235,appearance,77.403,False,False,True
baseline_verified_score,aaf1eafd-36d7-43e4-a539-fd79029ddf90,341,high,1,20.77725,appearance,72.521,False,False,True
baseline_verified_score,aaf1eafd-36d7-43e4-a539-fd79029ddf90,342,high,1,22.703278,appearance,72.892,False,False,True
baseline_verified_score,aaf1eafd-36d7-43e4-a539-fd79029ddf90,343,high,1,20.548873,appearance,72.892,False,False,True
baseline_verified_score,aaf1eafd-36d7-43e4-a539-fd79029ddf90,344,high,1,16.129362,appearance,72.892,False,False,True
baseline_verified_score,aaf1eafd-36d7-43e4-a539-fd79029ddf90,345,high,1,24.401009,temporal_stack,0.0,True,True,True
baseline_verified_score,aaf1eafd-36d7-43e4-a539-fd79029ddf90,346,high,1,14.510555,temporal_stack,0.0,True,True,True
baseline_verified_score,aaf1eafd-36d7-43e4-a539-fd79029ddf90,347,high,1,31.47,temporal_stack,0.0,True,True,True
baseline_verified_score,aaf1eafd-36d7-43e4-a539-fd79029ddf90,348,high,1,32.757522,temporal_stack,0.0,True,True,True
baseline_verified_score,aaf1eafd-36d7-43e4-a539-fd79029ddf90,349,high,1,29.717311,temporal_stack,0.0,True,True,True
baseline_verified_score,aaf1eafd-36d7-43e4-a539-fd79029ddf90,350,high,1,26.727556,temporal_stack,0.0,True,True,True
baseline_verified_score,aaf1eafd-36d7-43e4-a539-fd79029ddf90,351,high,1,23.433831,temporal_stack,0.0,True,True,True
baseline_verified_score,aaf1eafd-36d7-43e4-a539-fd79029ddf90,352,high,1,18.296353,temporal_stack,0.0,True,True,True
baseline_verified_score,aaf1eafd-36d7-43e4-a539-fd79029ddf90,353,high,1,14.368713,appearance,106.622,False,False,True
baseline_verified_score,aaf1eafd-36d7-43e4-a539-fd79029ddf90,642,high,1,52.860245,temporal_stack,2.0,True,True,True
baseline_verified_score,aaf1eafd-36d7-43e4-a539-fd79029ddf90,643,high,1,51.904354,temporal_stack,4.0,True,True,True
baseline_verified_score,aaf1eafd-36d7-43e4-a539-fd79029ddf90,644,high,1,50.70168,temporal_stack,0.0,True,True,True
baseline_verified_score,aaf1eafd-36d7-43e4-a539-fd79029ddf90,645,high,1,51.471105,temporal_stack,0.0,True,True,True
baseline_verified_score,aaf1eafd-36d7-43e4-a539-fd79029ddf90,646,high,1,51.872266,temporal_stack,0.0,True,True,True
baseline_verified_score,aaf1eafd-36d7-43e4-a539-fd79029ddf90,647,high,1,50.46449,temporal_stack,3.0,True,True,True
baseline_verified_score,b96cec7a-3912-46b7-9014-dc3c632ffa12,186,high,1,4.088588,map,0.0,True,True,True
baseline_verified_score,b96cec7a-3912-46b7-9014-dc3c632ffa12,192,high,1,47.691164,map,0.0,True,True,True
baseline_verified_score,b96cec7a-3912-46b7-9014-dc3c632ffa12,198,high,1,59.968304,map,0.0,True,True,True
baseline_verified_score,b96cec7a-3912-46b7-9014-dc3c632ffa12,204,high,1,55.289737,map,0.0,True,True,True
baseline_verified_score,b96cec7a-3912-46b7-9014-dc3c632ffa12,210,high,1,55.753116,map,0.0,True,True,True
baseline_verified_score,b96cec7a-3912-46b7-9014-dc3c632ffa12,216,high,1,47.012232,map,0.0,True,True,True
baseline_verified_score,b96cec7a-3912-46b7-9014-dc3c632ffa12,222,high,1,32.898365,map,0.0,True,True,True
baseline_verified_score,b96cec7a-3912-46b7-9014-dc3c632ffa12,228,high,1,40.929111,map,0.0,True,True,True
baseline_verified_score,b96cec7a-3912-46b7-9014-dc3c632ffa12,234,high,1,39.326694,appearance,0.0,True,True,True
baseline_verified_score,b96cec7a-3912-46b7-9014-dc3c632ffa12,240,high,1,48.099259,map,0.0,True,True,True
baseline_verified_score,b96cec7a-3912-46b7-9014-dc3c632ffa12,246,high,1,38.653773,appearance,0.0,True,True,True
baseline_verified_score,b96cec7a-3912-46b7-9014-dc3c632ffa12,252,high,1,37.513338,map,0.0,True,True,True
baseline_verified_score,b96cec7a-3912-46b7-9014-dc3c632ffa12,258,high,1,48.560854,map,0.0,True,True,True
baseline_verified_score,b96cec7a-3912-46b7-9014-dc3c632ffa12,264,high,1,43.992628,appearance,0.0,True,True,True
baseline_verified_score,b96cec7a-3912-46b7-9014-dc3c632ffa12,270,high,1,49.469459,map,0.0,True,True,True
baseline_verified_score,b96cec7a-3912-46b7-9014-dc3c632ffa12,276,high,1,41.018903,map,0.0,True,True,True
baseline_verified_score,b96cec7a-3912-46b7-9014-dc3c632ffa12,282,high,1,40.821887,map,0.0,True,True,True
baseline_verified_score,b96cec7a-3912-46b7-9014-dc3c632ffa12,288,high,1,35.012797,map,0.0,True,True,True
baseline_verified_score,d129cd72-3228-426d-9252-4e0b3e14927b,212,medium_high,1,21.370529,appearance,156.205,False,False,True
baseline_verified_score,d129cd72-3228-426d-9252-4e0b3e14927b,213,medium_high,1,22.289247,map,125.35,False,False,True
baseline_verified_score,d129cd72-3228-426d-9252-4e0b3e14927b,214,medium_high,1,21.203202,appearance,156.557,False,False,True
baseline_verified_score,d129cd72-3228-426d-9252-4e0b3e14927b,215,medium_high,1,19.127002,appearance,158.073,False,False,True
baseline_verified_score,d129cd72-3228-426d-9252-4e0b3e14927b,216,high,1,22.696587,map,0.0,True,True,True
baseline_verified_score,d129cd72-3228-426d-9252-4e0b3e14927b,217,high,1,17.480522,map,1.332,True,True,True
baseline_verified_score,d129cd72-3228-426d-9252-4e0b3e14927b,218,high,1,20.766432,map,1.677,True,True,True
baseline_verified_score,d129cd72-3228-426d-9252-4e0b3e14927b,219,high,1,17.069599,appearance,135.988,False,False,True
baseline_verified_score,d129cd72-3228-426d-9252-4e0b3e14927b,220,high,1,16.328498,appearance,136.485,False,False,True
baseline_verified_score,d129cd72-3228-426d-9252-4e0b3e14927b,221,high,1,21.481449,map,1.07,True,True,True
baseline_verified_score,d129cd72-3228-426d-9252-4e0b3e14927b,222,high,1,18.86638,appearance,136.025,False,False,True
baseline_verified_score,d129cd72-3228-426d-9252-4e0b3e14927b,223,high,1,23.967877,map,0.12,True,True,True
baseline_verified_score,d129cd72-3228-426d-9252-4e0b3e14927b,224,high,1,23.083716,appearance,136.501,False,False,True
baseline_verified_score,d129cd72-3228-426d-9252-4e0b3e14927b,225,high,1,24.109748,map,140.649,False,False,True
baseline_verified_score,d129cd72-3228-426d-9252-4e0b3e14927b,226,high,1,25.865588,map,143.481,False,False,True
baseline_verified_score,d129cd72-3228-426d-9252-4e0b3e14927b,227,high,1,21.482941,map,2.393,True,True,True
baseline_verified_score,d129cd72-3228-426d-9252-4e0b3e14927b,228,high,1,27.519751,map,0.5,True,True,True
baseline_verified_score,d129cd72-3228-426d-9252-4e0b3e14927b,229,high,1,23.010287,map,0.669,True,True,True
baseline_verified_score,d129cd72-3228-426d-9252-4e0b3e14927b,230,high,1,22.972139,map,0.901,True,True,True
baseline_verified_score,d129cd72-3228-426d-9252-4e0b3e14927b,231,high,1,29.666447,map,0.277,True,True,True
baseline_verified_score,d129cd72-3228-426d-9252-4e0b3e14927b,232,high,1,22.212332,map,0.0,True,True,True
baseline_verified_score,d129cd72-3228-426d-9252-4e0b3e14927b,233,high,1,28.992156,appearance,182.906,False,False,True
baseline_verified_score,d129cd72-3228-426d-9252-4e0b3e14927b,234,high,1,24.226869,appearance,182.463,False,False,True
baseline_verified_score,d129cd72-3228-426d-9252-4e0b3e14927b,235,high,1,23.0714,map,0.277,True,True,True
baseline_verified_score,d129cd72-3228-426d-9252-4e0b3e14927b,236,high,1,30.597152,map,0.5,True,True,True
baseline_verified_score,d129cd72-3228-426d-9252-4e0b3e14927b,237,high,1,24.557859,map,1.148,True,True,True
baseline_verified_score,d129cd72-3228-426d-9252-4e0b3e14927b,238,high,1,30.60184,map,0.559,True,True,True
baseline_verified_score,d129cd72-3228-426d-9252-4e0b3e14927b,239,high,1,28.244874,map,2.461,True,True,True
baseline_verified_score,d129cd72-3228-426d-9252-4e0b3e14927b,240,high,1,28.018758,map,0.0,True,True,True
baseline_verified_score,d129cd72-3228-426d-9252-4e0b3e14927b,241,high,1,35.58655,map,0.354,True,True,True
baseline_verified_score,d129cd72-3228-426d-9252-4e0b3e14927b,242,high,1,28.857199,map,0.707,True,True,True
baseline_verified_score,d129cd72-3228-426d-9252-4e0b3e14927b,243,high,1,35.888415,map,0.791,True,True,True
baseline_verified_score,d129cd72-3228-426d-9252-4e0b3e14927b,244,high,1,30.521993,appearance,1.803,True,True,True
baseline_verified_score,d129cd72-3228-426d-9252-4e0b3e14927b,245,high,1,29.639193,map,0.354,True,True,True
baseline_verified_score,d129cd72-3228-426d-9252-4e0b3e14927b,246,high,1,36.580191,map,0.707,True,True,True
baseline_verified_score,d129cd72-3228-426d-9252-4e0b3e14927b,247,high,1,32.297752,appearance,1.458,True,True,True
baseline_verified_score,d129cd72-3228-426d-9252-4e0b3e14927b,248,high,1,34.578242,map,0.0,True,True,True
baseline_verified_score,d129cd72-3228-426d-9252-4e0b3e14927b,249,high,1,29.986883,appearance,1.803,True,True,True
baseline_verified_score,e2711620-6d4e-4f9c-8922-b1b2d1fb74f2,1,high,1,-8.639989,large_dark,22.192,False,False,True
baseline_verified_score,e2711620-6d4e-4f9c-8922-b1b2d1fb74f2,2,high,1,10.109934,large_dark,21.506,False,False,True
baseline_verified_score,e2711620-6d4e-4f9c-8922-b1b2d1fb74f2,3,high,1,14.205885,large_dark,21.662,False,False,True
baseline_verified_score,e2711620-6d4e-4f9c-8922-b1b2d1fb74f2,4,high,1,18.330706,large_dark,21.662,False,False,True
baseline_verified_score,e2711620-6d4e-4f9c-8922-b1b2d1fb74f2,5,high,1,22.486011,large_dark,21.19,False,False,True
baseline_verified_score,e2711620-6d4e-4f9c-8922-b1b2d1fb74f2,6,high,1,26.605637,large_dark,21.19,False,False,True
baseline_verified_score,e2711620-6d4e-4f9c-8922-b1b2d1fb74f2,7,high,1,30.725462,large_dark,21.477,False,False,True
baseline_verified_score,e2711620-6d4e-4f9c-8922-b1b2d1fb74f2,8,high,1,34.67915,large_dark,21.471,False,False,True
baseline_verified_score,e2711620-6d4e-4f9c-8922-b1b2d1fb74f2,9,high,1,38.720692,large_dark,21.471,False,False,True
baseline_verified_score,e2711620-6d4e-4f9c-8922-b1b2d1fb74f2,10,high,1,40.356427,large_dark,21.03,False,False,True
baseline_verified_score,e2711620-6d4e-4f9c-8922-b1b2d1fb74f2,11,high,1,40.034355,large_dark,21.03,False,False,True
baseline_verified_score,e2711620-6d4e-4f9c-8922-b1b2d1fb74f2,12,high,1,39.974697,large_dark,20.839,False,False,True
baseline_verified_score,e2711620-6d4e-4f9c-8922-b1b2d1fb74f2,13,high,1,39.322971,large_dark,21.506,False,False,True
baseline_verified_score,e2711620-6d4e-4f9c-8922-b1b2d1fb74f2,14,high,1,39.100434,large_dark,21.506,False,False,True
baseline_verified_score,e2711620-6d4e-4f9c-8922-b1b2d1fb74f2,15,high,1,38.989619,large_dark,21.401,False,False,True
baseline_verified_score,e2711620-6d4e-4f9c-8922-b1b2d1fb74f2,16,high,1,38.875896,large_dark,21.401,False,False,True
baseline_verified_score,e2711620-6d4e-4f9c-8922-b1b2d1fb74f2,17,high,1,38.699062,large_dark,21.639,False,False,True
baseline_verified_score,e2711620-6d4e-4f9c-8922-b1b2d1fb74f2,18,high,1,38.362538,large_dark,21.932,False,False,True
baseline_verified_score,e2711620-6d4e-4f9c-8922-b1b2d1fb74f2,19,high,1,31.374608,large_dark,0.0,True,True,True
baseline_verified_score,e2711620-6d4e-4f9c-8922-b1b2d1fb74f2,20,high,1,37.504889,large_dark,21.57,False,False,True
baseline_verified_score,e2711620-6d4e-4f9c-8922-b1b2d1fb74f2,21,high,1,33.941354,large_dark,0.5,True,True,True
baseline_verified_score,e2711620-6d4e-4f9c-8922-b1b2d1fb74f2,22,high,1,34.723844,large_dark,0.0,True,True,True
baseline_verified_score,e2711620-6d4e-4f9c-8922-b1b2d1fb74f2,23,high,1,37.732599,large_dark,0.707,True,True,True
baseline_verified_score,e2711620-6d4e-4f9c-8922-b1b2d1fb74f2,24,high,1,39.174485,large_dark,0.707,True,True,True
baseline_verified_score,e2711620-6d4e-4f9c-8922-b1b2d1fb74f2,25,high,1,42.497307,large_dark,0.0,True,True,True
baseline_verified_score,e2711620-6d4e-4f9c-8922-b1b2d1fb74f2,26,high,1,45.092234,large_dark,0.0,True,True,True
baseline_verified_score,e2711620-6d4e-4f9c-8922-b1b2d1fb74f2,27,high,1,45.469104,large_dark,0.707,True,True,True
baseline_verified_score,e2711620-6d4e-4f9c-8922-b1b2d1fb74f2,28,high,1,45.650442,large_dark,0.5,True,True,True
baseline_verified_score,e2711620-6d4e-4f9c-8922-b1b2d1fb74f2,29,high,1,45.250767,large_dark,1.0,True,True,True
baseline_verified_score,e2711620-6d4e-4f9c-8922-b1b2d1fb74f2,30,high,1,49.666557,large_dark,0.5,True,True,True
baseline_verified_score,e2711620-6d4e-4f9c-8922-b1b2d1fb74f2,31,high,1,49.765849,large_dark,0.5,True,True,True
baseline_verified_score,e2711620-6d4e-4f9c-8922-b1b2d1fb74f2,32,high,1,49.36928,large_dark,0.5,True,True,True
baseline_verified_score,e2711620-6d4e-4f9c-8922-b1b2d1fb74f2,33,high,1,49.168147,large_dark,0.0,True,True,True
baseline_verified_score,e2711620-6d4e-4f9c-8922-b1b2d1fb74f2,34,high,1,48.844858,large_dark,0.0,True,True,True
baseline_verified_score,e2711620-6d4e-4f9c-8922-b1b2d1fb74f2,35,high,1,48.847953,large_dark,0.707,True,True,True
baseline_verified_score,e2711620-6d4e-4f9c-8922-b1b2d1fb74f2,36,high,1,48.915023,large_dark,0.707,True,True,True
baseline_verified_score,e2711620-6d4e-4f9c-8922-b1b2d1fb74f2,37,high,1,49.501496,large_dark,0.0,True,True,True
baseline_verified_score,e2711620-6d4e-4f9c-8922-b1b2d1fb74f2,38,high,1,51.043639,large_dark,0.5,True,True,True
baseline_verified_score,e2711620-6d4e-4f9c-8922-b1b2d1fb74f2,39,high,1,51.85714,large_dark,0.5,True,True,True
baseline_verified_score,e2711620-6d4e-4f9c-8922-b1b2d1fb74f2,40,high,1,52.478617,large_dark,2.062,True,True,True
baseline_verified_score,e2711620-6d4e-4f9c-8922-b1b2d1fb74f2,41,high,1,53.198577,large_dark,2.062,True,True,True
baseline_verified_score,e2711620-6d4e-4f9c-8922-b1b2d1fb74f2,42,high,1,54.036601,large_dark,0.707,True,True,True
baseline_verified_score,e2711620-6d4e-4f9c-8922-b1b2d1fb74f2,43,high,1,54.764088,large_dark,1.581,True,True,True
baseline_verified_score,e2711620-6d4e-4f9c-8922-b1b2d1fb74f2,44,high,1,55.209177,large_dark,1.581,True,True,True
baseline_verified_score,e2711620-6d4e-4f9c-8922-b1b2d1fb74f2,45,high,1,55.867706,large_dark,0.707,True,True,True
baseline_verified_score,e2711620-6d4e-4f9c-8922-b1b2d1fb74f2,46,high,1,56.169072,large_dark,0.707,True,True,True
baseline_verified_score,e2711620-6d4e-4f9c-8922-b1b2d1fb74f2,47,high,1,56.213551,large_dark,0.5,True,True,True
baseline_verified_score,e2711620-6d4e-4f9c-8922-b1b2d1fb74f2,48,high,1,55.731601,large_dark,1.5,True,True,True
baseline_verified_score,e2711620-6d4e-4f9c-8922-b1b2d1fb74f2,49,high,1,56.069537,large_dark,1.5,True,True,True
baseline_verified_score,e2711620-6d4e-4f9c-8922-b1b2d1fb74f2,50,high,1,56.005024,large_dark,0.5,True,True,True
baseline_verified_score,e2711620-6d4e-4f9c-8922-b1b2d1fb74f2,51,high,1,55.98875,large_dark,0.5,True,True,True
baseline_verified_score,e2711620-6d4e-4f9c-8922-b1b2d1fb74f2,52,high,1,56.229044,large_dark,0.707,True,True,True
baseline_verified_score,e2711620-6d4e-4f9c-8922-b1b2d1fb74f2,53,high,1,56.751464,large_dark,0.0,True,True,True
baseline_verified_score,e2711620-6d4e-4f9c-8922-b1b2d1fb74f2,54,high,1,57.182288,large_dark,0.0,True,True,True
baseline_verified_score,e2711620-6d4e-4f9c-8922-b1b2d1fb74f2,55,high,1,57.801947,large_dark,0.0,True,True,True
baseline_verified_score,e2711620-6d4e-4f9c-8922-b1b2d1fb74f2,56,high,1,58.275888,large_dark,0.0,True,True,True
baseline_verified_score,e2711620-6d4e-4f9c-8922-b1b2d1fb74f2,57,high,1,59.864021,large_dark,0.5,True,True,True
baseline_verified_score,e2711620-6d4e-4f9c-8922-b1b2d1fb74f2,58,high,1,60.968113,large_dark,0.5,True,True,True
baseline_verified_score,e2711620-6d4e-4f9c-8922-b1b2d1fb74f2,59,high,1,62.402017,large_dark,0.5,True,True,True
baseline_verified_score,e2711620-6d4e-4f9c-8922-b1b2d1fb74f2,60,high,1,63.695917,large_dark,0.5,True,True,True
baseline_verified_score,e2711620-6d4e-4f9c-8922-b1b2d1fb74f2,61,high,1,65.120864,large_dark,0.5,True,True,True
baseline_verified_score,e2711620-6d4e-4f9c-8922-b1b2d1fb74f2,62,high,1,66.611712,large_dark,0.5,True,True,True
baseline_verified_score,e2711620-6d4e-4f9c-8922-b1b2d1fb74f2,63,high,1,67.837995,large_dark,0.707,True,True,True
baseline_verified_score,e2711620-6d4e-4f9c-8922-b1b2d1fb74f2,64,high,1,68.860519,large_dark,0.707,True,True,True
baseline_verified_score,e2711620-6d4e-4f9c-8922-b1b2d1fb74f2,65,high,1,69.611397,large_dark,0.707,True,True,True
baseline_verified_score,e2711620-6d4e-4f9c-8922-b1b2d1fb74f2,66,high,1,70.68369,large_dark,0.707,True,True,True
baseline_verified_score,e2711620-6d4e-4f9c-8922-b1b2d1fb74f2,67,high,1,71.688555,large_dark,0.5,True,True,True
baseline_verified_score,e2711620-6d4e-4f9c-8922-b1b2d1fb74f2,68,high,1,72.569181,large_dark,0.707,True,True,True
baseline_verified_score,e2711620-6d4e-4f9c-8922-b1b2d1fb74f2,69,high,1,73.544699,large_dark,0.707,True,True,True
baseline_verified_score,e2711620-6d4e-4f9c-8922-b1b2d1fb74f2,70,high,1,74.54032,large_dark,0.5,True,True,True
baseline_verified_score,e2711620-6d4e-4f9c-8922-b1b2d1fb74f2,71,high,1,75.072352,large_dark,0.5,True,True,True
baseline_verified_score,e2711620-6d4e-4f9c-8922-b1b2d1fb74f2,72,high,1,76.008098,large_dark,0.0,True,True,True
baseline_verified_score,e2711620-6d4e-4f9c-8922-b1b2d1fb74f2,73,high,1,77.169217,large_dark,0.5,True,True,True
baseline_verified_score,e2711620-6d4e-4f9c-8922-b1b2d1fb74f2,74,high,1,78.330321,large_dark,0.5,True,True,True
baseline_verified_score,e2711620-6d4e-4f9c-8922-b1b2d1fb74f2,75,high,1,78.764755,large_dark,0.707,True,True,True
baseline_verified_score,e2711620-6d4e-4f9c-8922-b1b2d1fb74f2,76,high,1,79.151202,large_dark,0.707,True,True,True
baseline_verified_score,e2711620-6d4e-4f9c-8922-b1b2d1fb74f2,77,high,1,79.692472,large_dark,0.707,True,True,True
baseline_verified_score,e2711620-6d4e-4f9c-8922-b1b2d1fb74f2,78,high,1,80.008299,large_dark,0.707,True,True,True
baseline_verified_score,e2711620-6d4e-4f9c-8922-b1b2d1fb74f2,79,high,1,79.998048,large_dark,0.707,True,True,True
baseline_verified_score,e2711620-6d4e-4f9c-8922-b1b2d1fb74f2,80,high,1,80.096624,large_dark,0.5,True,True,True
baseline_verified_score,e2711620-6d4e-4f9c-8922-b1b2d1fb74f2,81,high,1,80.031955,large_dark,0.5,True,True,True
baseline_verified_score,e2711620-6d4e-4f9c-8922-b1b2d1fb74f2,82,high,1,80.006763,large_dark,0.5,True,True,True
baseline_verified_score,e2711620-6d4e-4f9c-8922-b1b2d1fb74f2,83,high,1,80.288296,large_dark,0.5,True,True,True
baseline_verified_score,e2711620-6d4e-4f9c-8922-b1b2d1fb74f2,84,high,1,80.401982,large_dark,0.5,True,True,True
baseline_verified_score,e2711620-6d4e-4f9c-8922-b1b2d1fb74f2,85,high,1,80.666247,large_dark,0.5,True,True,True
baseline_verified_score,e2711620-6d4e-4f9c-8922-b1b2d1fb74f2,86,high,1,80.744938,large_dark,0.5,True,True,True
baseline_verified_score,e2711620-6d4e-4f9c-8922-b1b2d1fb74f2,87,high,1,81.002181,large_dark,0.0,True,True,True
baseline_verified_score,e2711620-6d4e-4f9c-8922-b1b2d1fb74f2,88,high,1,81.056094,large_dark,0.5,True,True,True
baseline_verified_score,e2711620-6d4e-4f9c-8922-b1b2d1fb74f2,89,high,1,81.139027,large_dark,0.5,True,True,True
baseline_verified_score,e2711620-6d4e-4f9c-8922-b1b2d1fb74f2,90,high,1,81.153732,large_dark,0.5,True,True,True
baseline_verified_score,e2711620-6d4e-4f9c-8922-b1b2d1fb74f2,91,high,1,80.958659,large_dark,0.5,True,True,True
baseline_verified_score,e2711620-6d4e-4f9c-8922-b1b2d1fb74f2,92,high,1,80.923935,large_dark,0.5,True,True,True
baseline_verified_score,e2711620-6d4e-4f9c-8922-b1b2d1fb74f2,93,high,1,80.818082,large_dark,0.5,True,True,True
baseline_verified_score,e2711620-6d4e-4f9c-8922-b1b2d1fb74f2,94,high,1,80.523233,large_dark,0.5,True,True,True
baseline_verified_score,e2711620-6d4e-4f9c-8922-b1b2d1fb74f2,95,high,1,80.358255,large_dark,0.5,True,True,True
baseline_verified_score,e2711620-6d4e-4f9c-8922-b1b2d1fb74f2,96,high,1,79.998305,large_dark,0.5,True,True,True
baseline_verified_score,e2711620-6d4e-4f9c-8922-b1b2d1fb74f2,97,high,1,79.821128,large_dark,0.0,True,True,True
baseline_verified_score,e2711620-6d4e-4f9c-8922-b1b2d1fb74f2,98,high,1,79.377057,large_dark,0.0,True,True,True
baseline_verified_score,e2711620-6d4e-4f9c-8922-b1b2d1fb74f2,99,high,1,79.139417,large_dark,0.0,True,True,True
baseline_verified_score,e2711620-6d4e-4f9c-8922-b1b2d1fb74f2,100,high,1,78.365344,large_dark,0.707,True,True,True
baseline_verified_score,e2711620-6d4e-4f9c-8922-b1b2d1fb74f2,101,high,1,77.992009,large_dark,0.707,True,True,True
baseline_verified_score,e2711620-6d4e-4f9c-8922-b1b2d1fb74f2,102,high,1,77.971453,large_dark,0.707,True,True,True
baseline_verified_score,e2711620-6d4e-4f9c-8922-b1b2d1fb74f2,103,high,1,77.974174,large_dark,0.0,True,True,True
baseline_verified_score,e2711620-6d4e-4f9c-8922-b1b2d1fb74f2,104,high,1,77.610583,large_dark,0.0,True,True,True
baseline_verified_score,e2711620-6d4e-4f9c-8922-b1b2d1fb74f2,105,high,1,77.454891,large_dark,0.0,True,True,True
baseline_verified_score,e2711620-6d4e-4f9c-8922-b1b2d1fb74f2,106,high,1,77.093012,large_dark,0.0,True,True,True
baseline_verified_score,e2711620-6d4e-4f9c-8922-b1b2d1fb74f2,107,high,1,77.148911,large_dark,0.707,True,True,True
baseline_verified_score,e2711620-6d4e-4f9c-8922-b1b2d1fb74f2,108,high,1,76.769879,large_dark,0.707,True,True,True
baseline_verified_score,e2711620-6d4e-4f9c-8922-b1b2d1fb74f2,109,high,1,76.892297,large_dark,0.707,True,True,True
baseline_verified_score,e2711620-6d4e-4f9c-8922-b1b2d1fb74f2,110,high,1,76.354103,large_dark,0.0,True,True,True
baseline_verified_score,e2711620-6d4e-4f9c-8922-b1b2d1fb74f2,111,high,1,75.870464,large_dark,0.0,True,True,True
baseline_verified_score,e2711620-6d4e-4f9c-8922-b1b2d1fb74f2,112,high,1,73.327753,large_dark,0.707,True,True,True
baseline_verified_score,e2711620-6d4e-4f9c-8922-b1b2d1fb74f2,113,high,1,72.312055,large_dark,0.707,True,True,True
baseline_verified_score,e2711620-6d4e-4f9c-8922-b1b2d1fb74f2,114,high,1,71.57209,large_dark,0.707,True,True,True
baseline_verified_score,e2711620-6d4e-4f9c-8922-b1b2d1fb74f2,115,high,1,71.331157,large_dark,0.5,True,True,True
baseline_verified_score,e2711620-6d4e-4f9c-8922-b1b2d1fb74f2,116,high,1,70.783788,large_dark,0.5,True,True,True
baseline_verified_score,e2711620-6d4e-4f9c-8922-b1b2d1fb74f2,117,high,1,69.658341,large_dark,0.5,True,True,True
baseline_verified_score,e2711620-6d4e-4f9c-8922-b1b2d1fb74f2,118,high,1,66.098677,large_dark,0.0,True,True,True
baseline_verified_score,e2711620-6d4e-4f9c-8922-b1b2d1fb74f2,119,high,1,65.35425,large_dark,0.0,True,True,True
baseline_verified_score,e2711620-6d4e-4f9c-8922-b1b2d1fb74f2,120,high,1,62.745477,large_dark,0.0,True,True,True
baseline_verified_score,e2711620-6d4e-4f9c-8922-b1b2d1fb74f2,121,high,1,62.410201,large_dark,0.0,True,True,True
baseline_verified_score,e2711620-6d4e-4f9c-8922-b1b2d1fb74f2,122,high,1,58.395358,large_dark,0.5,True,True,True
baseline_verified_score,e2711620-6d4e-4f9c-8922-b1b2d1fb74f2,123,high,1,50.338901,appearance,5.408,True,True,True
baseline_verified_score,e2711620-6d4e-4f9c-8922-b1b2d1fb74f2,124,high,1,41.563858,large_dark,0.5,True,True,True
baseline_verified_score,e2711620-6d4e-4f9c-8922-b1b2d1fb74f2,125,high,1,37.666261,large_dark,0.0,True,True,True
baseline_verified_score,e2711620-6d4e-4f9c-8922-b1b2d1fb74f2,126,high,1,34.803712,large_dark,0.0,True,True,True
baseline_verified_score,e2711620-6d4e-4f9c-8922-b1b2d1fb74f2,127,high,1,28.739742,large_dark,0.5,True,True,True
baseline_verified_score,e2711620-6d4e-4f9c-8922-b1b2d1fb74f2,128,high,1,34.676505,large_dark,59.492,False,False,True
baseline_verified_score,e2711620-6d4e-4f9c-8922-b1b2d1fb74f2,129,high,1,22.064646,large_dark,42.193,False,False,True
baseline_verified_score,e2711620-6d4e-4f9c-8922-b1b2d1fb74f2,130,high,1,36.199864,large_dark,61.587,False,False,True
baseline_verified_score,e2711620-6d4e-4f9c-8922-b1b2d1fb74f2,131,high,1,26.264661,large_dark,69.318,False,False,True
baseline_verified_score,e2711620-6d4e-4f9c-8922-b1b2d1fb74f2,132,high,1,27.727248,large_dark,62.682,False,False,True
baseline_verified_score,e2711620-6d4e-4f9c-8922-b1b2d1fb74f2,133,high,1,27.680813,large_dark,54.353,False,False,True
baseline_verified_score,e2711620-6d4e-4f9c-8922-b1b2d1fb74f2,134,high,1,28.489688,large_dark,54.353,False,False,True
baseline_verified_score,e2711620-6d4e-4f9c-8922-b1b2d1fb74f2,135,high,1,25.640651,large_dark,58.673,False,False,True
baseline_verified_score,e2711620-6d4e-4f9c-8922-b1b2d1fb74f2,136,high,1,21.593485,large_dark,49.624,False,False,True
baseline_verified_score,e2711620-6d4e-4f9c-8922-b1b2d1fb74f2,137,high,1,21.442052,large_dark,50.105,False,False,True
baseline_verified_score,e2711620-6d4e-4f9c-8922-b1b2d1fb74f2,138,high,1,28.132693,large_dark,71.563,False,False,True
baseline_verified_score,e2711620-6d4e-4f9c-8922-b1b2d1fb74f2,139,high,1,21.212707,large_dark,47.982,False,False,True
baseline_verified_score,e2711620-6d4e-4f9c-8922-b1b2d1fb74f2,140,high,1,23.681945,large_dark,63.812,False,False,True
baseline_verified_score,e2711620-6d4e-4f9c-8922-b1b2d1fb74f2,141,high,1,21.184849,large_dark,57.315,False,False,True
baseline_verified_score,e2711620-6d4e-4f9c-8922-b1b2d1fb74f2,142,high,1,21.219539,large_dark,58.019,False,False,True
baseline_verified_score,e2711620-6d4e-4f9c-8922-b1b2d1fb74f2,143,high,1,28.094144,large_dark,24.965,False,False,True
baseline_verified_score,e2711620-6d4e-4f9c-8922-b1b2d1fb74f2,144,high,1,21.635853,large_dark,63.334,False,False,True
baseline_verified_score,e2711620-6d4e-4f9c-8922-b1b2d1fb74f2,145,high,1,27.275175,large_dark,22.589,False,False,True
baseline_verified_score,e2711620-6d4e-4f9c-8922-b1b2d1fb74f2,146,high,1,45.963371,large_dark,0.5,True,True,True
baseline_verified_score,e2711620-6d4e-4f9c-8922-b1b2d1fb74f2,147,high,1,52.817424,large_dark,0.0,True,True,True
baseline_verified_score,e2711620-6d4e-4f9c-8922-b1b2d1fb74f2,148,high,1,59.478453,large_dark,0.5,True,True,True
baseline_verified_score,e2711620-6d4e-4f9c-8922-b1b2d1fb74f2,149,high,1,63.526646,large_dark,0.5,True,True,True
baseline_verified_score,e2711620-6d4e-4f9c-8922-b1b2d1fb74f2,150,high,1,69.139349,large_dark,0.0,True,True,True
baseline_verified_score,e2711620-6d4e-4f9c-8922-b1b2d1fb74f2,151,high,1,79.206158,large_dark,0.0,True,True,True
baseline_verified_score,e2711620-6d4e-4f9c-8922-b1b2d1fb74f2,152,high,1,79.628519,large_dark,0.0,True,True,True
baseline_verified_score,e2711620-6d4e-4f9c-8922-b1b2d1fb74f2,153,high,1,78.172467,large_dark,0.5,True,True,True
baseline_verified_score,e2711620-6d4e-4f9c-8922-b1b2d1fb74f2,154,high,1,79.622675,large_dark,0.5,True,True,True
baseline_verified_score,e2711620-6d4e-4f9c-8922-b1b2d1fb74f2,155,high,1,80.063141,large_dark,0.707,True,True,True
baseline_verified_score,e2711620-6d4e-4f9c-8922-b1b2d1fb74f2,156,high,1,81.226942,large_dark,0.707,True,True,True
baseline_verified_score,e2711620-6d4e-4f9c-8922-b1b2d1fb74f2,157,high,1,71.549915,large_dark,3.808,True,True,True
baseline_verified_score,e2711620-6d4e-4f9c-8922-b1b2d1fb74f2,158,high,1,72.087859,large_dark,0.0,True,True,True
baseline_verified_score,e2711620-6d4e-4f9c-8922-b1b2d1fb74f2,159,high,1,72.475598,large_dark,0.0,True,True,True
baseline_verified_score,e2711620-6d4e-4f9c-8922-b1b2d1fb74f2,160,high,1,71.535774,large_dark,0.5,True,True,True
baseline_verified_score,e2711620-6d4e-4f9c-8922-b1b2d1fb74f2,161,high,1,71.338108,large_dark,0.5,True,True,True
baseline_verified_score,e2711620-6d4e-4f9c-8922-b1b2d1fb74f2,162,high,1,68.816163,large_dark,0.5,True,True,True
baseline_verified_score,e2711620-6d4e-4f9c-8922-b1b2d1fb74f2,163,high,1,58.401727,large_dark,12.021,False,True,True
baseline_verified_score,e2711620-6d4e-4f9c-8922-b1b2d1fb74f2,164,high,1,50.916298,large_dark,0.707,True,True,True
baseline_verified_score,e2711620-6d4e-4f9c-8922-b1b2d1fb74f2,165,high,1,44.221315,map,11.045,False,True,True
baseline_verified_score,e2711620-6d4e-4f9c-8922-b1b2d1fb74f2,166,high,1,50.700337,large_dark,0.0,True,True,True
baseline_verified_score,e2711620-6d4e-4f9c-8922-b1b2d1fb74f2,167,high,1,50.348831,large_dark,0.707,True,True,True
baseline_verified_score,e2711620-6d4e-4f9c-8922-b1b2d1fb74f2,168,high,1,49.918978,large_dark,0.707,True,True,True
baseline_verified_score,e2711620-6d4e-4f9c-8922-b1b2d1fb74f2,169,high,1,49.830084,large_dark,0.0,True,True,True
baseline_verified_score,e2711620-6d4e-4f9c-8922-b1b2d1fb74f2,170,high,1,39.216144,map,11.885,False,True,True
baseline_verified_score,e2711620-6d4e-4f9c-8922-b1b2d1fb74f2,171,high,1,39.23887,large_dark,0.5,True,True,True
baseline_verified_score,e2711620-6d4e-4f9c-8922-b1b2d1fb74f2,172,high,1,48.42717,large_dark,0.5,True,True,True
baseline_verified_score,e2711620-6d4e-4f9c-8922-b1b2d1fb74f2,173,high,1,60.359498,large_dark,0.5,True,True,True
baseline_verified_score,e2711620-6d4e-4f9c-8922-b1b2d1fb74f2,174,high,1,64.228909,large_dark,0.5,True,True,True
baseline_verified_score,e2711620-6d4e-4f9c-8922-b1b2d1fb74f2,175,high,1,65.9334,large_dark,0.5,True,True,True
baseline_verified_score,e2711620-6d4e-4f9c-8922-b1b2d1fb74f2,176,high,1,67.003825,large_dark,0.5,True,True,True
baseline_verified_score,e2711620-6d4e-4f9c-8922-b1b2d1fb74f2,177,high,1,60.19308,map,8.382,False,True,True
baseline_verified_score,e2711620-6d4e-4f9c-8922-b1b2d1fb74f2,178,high,1,73.750128,appearance,6.042,True,True,True
baseline_verified_score,e2711620-6d4e-4f9c-8922-b1b2d1fb74f2,179,high,1,66.421947,large_dark,0.5,True,True,True
baseline_verified_score,e2711620-6d4e-4f9c-8922-b1b2d1fb74f2,180,high,1,60.977991,large_dark,0.0,True,True,True
baseline_verified_score,e2711620-6d4e-4f9c-8922-b1b2d1fb74f2,181,high,1,61.075589,large_dark,0.0,True,True,True
baseline_verified_score,e2711620-6d4e-4f9c-8922-b1b2d1fb74f2,182,high,1,61.097389,large_dark,0.707,True,True,True
baseline_verified_score,e2711620-6d4e-4f9c-8922-b1b2d1fb74f2,183,high,1,60.787746,large_dark,0.707,True,True,True
baseline_verified_score,e2711620-6d4e-4f9c-8922-b1b2d1fb74f2,184,high,1,59.48382,large_dark,0.0,True,True,True
baseline_verified_score,e2711620-6d4e-4f9c-8922-b1b2d1fb74f2,185,high,1,56.871482,large_dark,0.5,True,True,True
baseline_verified_score,e2711620-6d4e-4f9c-8922-b1b2d1fb74f2,186,high,1,63.924836,large_dark,0.5,True,True,True
baseline_verified_score,e2711620-6d4e-4f9c-8922-b1b2d1fb74f2,187,high,1,71.018604,large_dark,0.5,True,True,True
baseline_verified_score,e2711620-6d4e-4f9c-8922-b1b2d1fb74f2,188,high,1,78.288319,large_dark,0.5,True,True,True
baseline_verified_score,e2711620-6d4e-4f9c-8922-b1b2d1fb74f2,189,high,1,74.202987,map,7.649,True,True,True
baseline_verified_score,e2711620-6d4e-4f9c-8922-b1b2d1fb74f2,190,high,1,73.078967,large_dark,0.5,True,True,True
baseline_verified_score,e2711620-6d4e-4f9c-8922-b1b2d1fb74f2,191,high,1,72.379505,large_dark,0.5,True,True,True
baseline_verified_score,e2711620-6d4e-4f9c-8922-b1b2d1fb74f2,192,high,1,64.795592,map,9.487,False,True,True
baseline_verified_score,e2711620-6d4e-4f9c-8922-b1b2d1fb74f2,193,high,1,58.031483,appearance,7.28,True,True,True
baseline_verified_score,e2711620-6d4e-4f9c-8922-b1b2d1fb74f2,194,high,1,55.767348,large_dark,0.5,True,True,True
baseline_verified_score,e2711620-6d4e-4f9c-8922-b1b2d1fb74f2,195,high,1,45.168054,appearance,6.042,True,True,True
baseline_verified_score,e2711620-6d4e-4f9c-8922-b1b2d1fb74f2,196,high,1,43.402901,large_dark,0.5,True,True,True
baseline_verified_score,e2711620-6d4e-4f9c-8922-b1b2d1fb74f2,197,high,1,42.654151,large_dark,43.832,False,False,True
baseline_verified_score,e2711620-6d4e-4f9c-8922-b1b2d1fb74f2,198,high,1,43.711042,large_dark,0.5,True,True,True
baseline_verified_score,e2711620-6d4e-4f9c-8922-b1b2d1fb74f2,199,high,1,43.759005,large_dark,0.5,True,True,True
baseline_verified_score,e2711620-6d4e-4f9c-8922-b1b2d1fb74f2,200,high,1,47.006585,large_dark,0.707,True,True,True
baseline_verified_score,e2711620-6d4e-4f9c-8922-b1b2d1fb74f2,201,high,1,54.721343,large_dark,0.707,True,True,True
baseline_verified_score,e2711620-6d4e-4f9c-8922-b1b2d1fb74f2,202,high,1,62.345034,large_dark,0.707,True,True,True
baseline_verified_score,e2711620-6d4e-4f9c-8922-b1b2d1fb74f2,203,high,1,69.584943,large_dark,0.707,True,True,True
baseline_verified_score,e2711620-6d4e-4f9c-8922-b1b2d1fb74f2,204,high,1,65.629035,large_dark,13.342,False,True,True
baseline_verified_score,e2711620-6d4e-4f9c-8922-b1b2d1fb74f2,205,high,1,72.379282,large_dark,12.649,False,True,True
baseline_verified_score,e2711620-6d4e-4f9c-8922-b1b2d1fb74f2,206,high,1,78.124702,large_dark,0.0,True,True,True
baseline_verified_score,e2711620-6d4e-4f9c-8922-b1b2d1fb74f2,207,high,1,78.444575,large_dark,0.0,True,True,True
baseline_verified_score,e2711620-6d4e-4f9c-8922-b1b2d1fb74f2,208,high,1,78.653554,large_dark,0.0,True,True,True
baseline_verified_score,e2711620-6d4e-4f9c-8922-b1b2d1fb74f2,209,high,1,78.358226,large_dark,0.0,True,True,True
baseline_verified_score,e2711620-6d4e-4f9c-8922-b1b2d1fb74f2,210,high,1,78.126693,large_dark,0.5,True,True,True
baseline_verified_score,e2711620-6d4e-4f9c-8922-b1b2d1fb74f2,211,high,1,77.867899,large_dark,0.5,True,True,True
baseline_verified_score,e2711620-6d4e-4f9c-8922-b1b2d1fb74f2,212,high,1,77.511083,large_dark,0.5,True,True,True
baseline_verified_score,e2711620-6d4e-4f9c-8922-b1b2d1fb74f2,213,high,1,88.554284,large_dark,0.5,True,True,True
baseline_verified_score,e2711620-6d4e-4f9c-8922-b1b2d1fb74f2,214,high,1,88.880618,large_dark,0.5,True,True,True
baseline_verified_score,e2711620-6d4e-4f9c-8922-b1b2d1fb74f2,215,high,1,81.275931,map,11.011,False,True,True
baseline_verified_score,e2711620-6d4e-4f9c-8922-b1b2d1fb74f2,216,high,1,72.382556,appearance,5.852,True,True,True
baseline_verified_score,e2711620-6d4e-4f9c-8922-b1b2d1fb74f2,217,high,1,66.860591,large_dark,0.5,True,True,True
baseline_verified_score,e2711620-6d4e-4f9c-8922-b1b2d1fb74f2,218,high,1,68.030388,large_dark,0.5,True,True,True
baseline_verified_score,e2711620-6d4e-4f9c-8922-b1b2d1fb74f2,219,high,1,68.744588,large_dark,0.707,True,True,True
baseline_verified_score,e2711620-6d4e-4f9c-8922-b1b2d1fb74f2,220,high,1,62.172193,map,11.885,False,True,True
baseline_verified_score,e2711620-6d4e-4f9c-8922-b1b2d1fb74f2,221,high,1,51.403996,appearance,6.042,True,True,True
baseline_verified_score,e2711620-6d4e-4f9c-8922-b1b2d1fb74f2,222,high,1,52.245286,large_dark,0.5,True,True,True
baseline_verified_score,e2711620-6d4e-4f9c-8922-b1b2d1fb74f2,223,high,1,53.174598,large_dark,0.5,True,True,True
baseline_verified_score,e2711620-6d4e-4f9c-8922-b1b2d1fb74f2,224,high,1,64.688735,large_dark,0.0,True,True,True
baseline_verified_score,e2711620-6d4e-4f9c-8922-b1b2d1fb74f2,225,high,1,75.958301,large_dark,0.707,True,True,True
baseline_verified_score,e2711620-6d4e-4f9c-8922-b1b2d1fb74f2,226,high,1,76.20101,large_dark,0.707,True,True,True
baseline_verified_score,e2711620-6d4e-4f9c-8922-b1b2d1fb74f2,227,high,1,64.84009,large_dark,12.021,False,True,True
baseline_verified_score,e2711620-6d4e-4f9c-8922-b1b2d1fb74f2,228,high,1,54.345696,appearance,5.852,True,True,True
baseline_verified_score,e2711620-6d4e-4f9c-8922-b1b2d1fb74f2,229,high,1,59.05029,large_dark,0.0,True,True,True
baseline_verified_score,e2711620-6d4e-4f9c-8922-b1b2d1fb74f2,230,high,1,70.08395,large_dark,0.707,True,True,True
baseline_verified_score,e2711620-6d4e-4f9c-8922-b1b2d1fb74f2,231,high,1,69.861952,large_dark,0.707,True,True,True
baseline_verified_score,e2711620-6d4e-4f9c-8922-b1b2d1fb74f2,232,high,1,69.058904,large_dark,0.707,True,True,True
baseline_verified_score,e2711620-6d4e-4f9c-8922-b1b2d1fb74f2,233,high,1,68.61692,large_dark,0.707,True,True,True
baseline_verified_score,e2711620-6d4e-4f9c-8922-b1b2d1fb74f2,234,high,1,68.138045,large_dark,0.0,True,True,True
baseline_verified_score,e2711620-6d4e-4f9c-8922-b1b2d1fb74f2,235,high,1,65.639064,large_dark,0.5,True,True,True
baseline_verified_score,e2711620-6d4e-4f9c-8922-b1b2d1fb74f2,236,high,1,76.350173,large_dark,0.5,True,True,True
baseline_verified_score,e2711620-6d4e-4f9c-8922-b1b2d1fb74f2,237,high,1,85.282595,large_dark,0.5,True,True,True
baseline_verified_score,e2711620-6d4e-4f9c-8922-b1b2d1fb74f2,238,high,1,85.643173,large_dark,0.5,True,True,True
baseline_verified_score,e2711620-6d4e-4f9c-8922-b1b2d1fb74f2,239,high,1,85.192916,large_dark,3.808,True,True,True
baseline_verified_score,e2711620-6d4e-4f9c-8922-b1b2d1fb74f2,240,high,1,84.990346,large_dark,0.5,True,True,True
baseline_verified_score,e2711620-6d4e-4f9c-8922-b1b2d1fb74f2,241,high,1,84.855008,large_dark,0.5,True,True,True
baseline_verified_score,e2711620-6d4e-4f9c-8922-b1b2d1fb74f2,242,high,1,84.121321,large_dark,0.5,True,True,True
baseline_verified_score,e2711620-6d4e-4f9c-8922-b1b2d1fb74f2,243,high,1,84.12905,large_dark,0.5,True,True,True
baseline_verified_score,e2711620-6d4e-4f9c-8922-b1b2d1fb74f2,244,high,1,86.327064,large_dark,0.5,True,True,True
baseline_verified_score,e2711620-6d4e-4f9c-8922-b1b2d1fb74f2,245,high,1,80.662844,map,8.139,False,True,True
baseline_verified_score,e2711620-6d4e-4f9c-8922-b1b2d1fb74f2,246,high,1,75.145326,appearance,5.701,True,True,True
baseline_verified_score,e2711620-6d4e-4f9c-8922-b1b2d1fb74f2,247,high,1,69.440098,map,4.031,True,True,True
baseline_verified_score,e2711620-6d4e-4f9c-8922-b1b2d1fb74f2,248,high,1,68.785068,large_dark,0.5,True,True,True
baseline_verified_score,e2711620-6d4e-4f9c-8922-b1b2d1fb74f2,249,high,1,68.784935,large_dark,0.707,True,True,True
baseline_verified_score,e2711620-6d4e-4f9c-8922-b1b2d1fb74f2,250,high,1,57.791963,large_dark,7.071,True,True,True
baseline_verified_score,e2711620-6d4e-4f9c-8922-b1b2d1fb74f2,251,high,1,50.891549,large_dark,0.0,True,True,True
baseline_verified_score,e2711620-6d4e-4f9c-8922-b1b2d1fb74f2,252,high,1,43.310427,large_dark,0.5,True,True,True
baseline_verified_score,e2711620-6d4e-4f9c-8922-b1b2d1fb74f2,253,high,1,42.888304,large_dark,0.5,True,True,True
baseline_verified_score,e2711620-6d4e-4f9c-8922-b1b2d1fb74f2,254,high,1,48.703417,large_dark,0.707,True,True,True
baseline_verified_score,e2711620-6d4e-4f9c-8922-b1b2d1fb74f2,255,high,1,48.773164,map,3.202,True,True,True
baseline_verified_score,e2711620-6d4e-4f9c-8922-b1b2d1fb74f2,256,high,1,53.954602,large_dark,0.5,True,True,True
baseline_verified_score,e2711620-6d4e-4f9c-8922-b1b2d1fb74f2,257,high,1,52.984832,large_dark,0.707,True,True,True
baseline_verified_score,e2711620-6d4e-4f9c-8922-b1b2d1fb74f2,258,high,1,51.452046,large_dark,0.707,True,True,True
baseline_verified_score,e2711620-6d4e-4f9c-8922-b1b2d1fb74f2,259,high,1,60.784266,large_dark,0.707,True,True,True
baseline_verified_score,e2711620-6d4e-4f9c-8922-b1b2d1fb74f2,260,high,1,58.904438,large_dark,0.5,True,True,True
baseline_verified_score,e2711620-6d4e-4f9c-8922-b1b2d1fb74f2,261,high,1,65.070163,large_dark,6.801,True,True,True
baseline_verified_score,e2711620-6d4e-4f9c-8922-b1b2d1fb74f2,262,high,1,64.797033,large_dark,0.0,True,True,True
baseline_verified_score,e2711620-6d4e-4f9c-8922-b1b2d1fb74f2,263,high,1,64.590324,large_dark,0.0,True,True,True
baseline_verified_score,e2711620-6d4e-4f9c-8922-b1b2d1fb74f2,264,high,1,71.750062,large_dark,0.707,True,True,True
baseline_verified_score,e2711620-6d4e-4f9c-8922-b1b2d1fb74f2,265,high,1,73.517618,large_dark,0.5,True,True,True
baseline_verified_score,e2711620-6d4e-4f9c-8922-b1b2d1fb74f2,266,high,1,74.307031,large_dark,0.5,True,True,True
baseline_verified_score,e2711620-6d4e-4f9c-8922-b1b2d1fb74f2,267,high,1,76.382899,large_dark,0.5,True,True,True
baseline_verified_score,e2711620-6d4e-4f9c-8922-b1b2d1fb74f2,268,high,1,77.232506,large_dark,0.5,True,True,True
baseline_verified_score,e2711620-6d4e-4f9c-8922-b1b2d1fb74f2,269,high,1,84.216492,large_dark,0.5,True,True,True
baseline_verified_score,e2711620-6d4e-4f9c-8922-b1b2d1fb74f2,270,high,1,85.167061,large_dark,0.0,True,True,True
baseline_verified_score,e2711620-6d4e-4f9c-8922-b1b2d1fb74f2,271,high,1,85.209323,large_dark,0.0,True,True,True
baseline_verified_score,e2711620-6d4e-4f9c-8922-b1b2d1fb74f2,272,high,1,87.003846,large_dark,0.5,True,True,True
baseline_verified_score,e2711620-6d4e-4f9c-8922-b1b2d1fb74f2,273,high,1,86.481332,large_dark,0.5,True,True,True
baseline_verified_score,e2711620-6d4e-4f9c-8922-b1b2d1fb74f2,274,high,1,86.235728,large_dark,0.5,True,True,True
baseline_verified_score,e2711620-6d4e-4f9c-8922-b1b2d1fb74f2,500,medium_high,1,46.880425,large_dark,56.976,False,False,True
baseline_verified_score,e2711620-6d4e-4f9c-8922-b1b2d1fb74f2,501,medium_high,1,47.029168,large_dark,56.886,False,False,True
baseline_verified_score,e2711620-6d4e-4f9c-8922-b1b2d1fb74f2,502,medium_high,1,47.00199,large_dark,56.394,False,False,True
baseline_verified_score,e2711620-6d4e-4f9c-8922-b1b2d1fb74f2,503,medium_high,1,46.737076,large_dark,56.394,False,False,True
baseline_verified_score,e2711620-6d4e-4f9c-8922-b1b2d1fb74f2,504,medium_high,1,46.526353,large_dark,56.307,False,False,True
baseline_verified_score,e2711620-6d4e-4f9c-8922-b1b2d1fb74f2,505,medium_high,1,46.312211,large_dark,56.307,False,False,True
baseline_verified_score,e2711620-6d4e-4f9c-8922-b1b2d1fb74f2,506,medium_high,1,46.147105,large_dark,57.212,False,False,True
baseline_verified_score,e2711620-6d4e-4f9c-8922-b1b2d1fb74f2,507,medium_high,1,45.955184,large_dark,57.064,False,False,True
baseline_verified_score,e2711620-6d4e-4f9c-8922-b1b2d1fb74f2,508,medium_high,1,45.709988,large_dark,57.064,False,False,True
baseline_verified_score,e2711620-6d4e-4f9c-8922-b1b2d1fb74f2,509,medium_high,1,45.264766,large_dark,57.866,False,False,True
baseline_verified_score,e2711620-6d4e-4f9c-8922-b1b2d1fb74f2,510,medium_high,1,44.897067,large_dark,57.866,False,False,True
baseline_verified_score,e2711620-6d4e-4f9c-8922-b1b2d1fb74f2,511,medium_high,1,44.544841,large_dark,57.717,False,False,True
baseline_verified_score,e2711620-6d4e-4f9c-8922-b1b2d1fb74f2,512,medium_high,1,44.156687,large_dark,57.177,False,False,True
baseline_verified_score,e2711620-6d4e-4f9c-8922-b1b2d1fb74f2,513,medium_high,1,43.793881,large_dark,57.177,False,False,True
baseline_verified_score,e2711620-6d4e-4f9c-8922-b1b2d1fb74f2,514,medium_high,1,44.980937,large_dark,27.074,False,False,True
baseline_verified_score,e2711620-6d4e-4f9c-8922-b1b2d1fb74f2,515,medium_high,1,47.449534,large_dark,27.074,False,False,True
baseline_verified_score,e2711620-6d4e-4f9c-8922-b1b2d1fb74f2,516,medium_high,1,48.049038,large_dark,26.542,False,False,True
baseline_verified_score,e2711620-6d4e-4f9c-8922-b1b2d1fb74f2,517,medium_high,1,52.718073,large_dark,26.519,False,False,True
baseline_verified_score,e2711620-6d4e-4f9c-8922-b1b2d1fb74f2,518,medium_high,1,52.38746,large_dark,26.519,False,False,True
baseline_verified_score,e2711620-6d4e-4f9c-8922-b1b2d1fb74f2,519,medium_high,1,51.918754,large_dark,26.5,False,False,True
baseline_verified_score,e2711620-6d4e-4f9c-8922-b1b2d1fb74f2,520,medium_high,1,51.464852,large_dark,26.5,False,False,True
baseline_verified_score,e2711620-6d4e-4f9c-8922-b1b2d1fb74f2,521,medium_high,1,51.117359,large_dark,26.0,False,False,True
baseline_verified_score,e2711620-6d4e-4f9c-8922-b1b2d1fb74f2,522,medium_high,1,47.811276,large_dark,21.024,False,False,True
baseline_verified_score,e2711620-6d4e-4f9c-8922-b1b2d1fb74f2,523,medium_high,1,40.871493,large_dark,58.009,False,False,True
baseline_verified_score,e2711620-6d4e-4f9c-8922-b1b2d1fb74f2,524,medium_high,1,46.797181,large_dark,20.524,False,False,True
baseline_verified_score,e2711620-6d4e-4f9c-8922-b1b2d1fb74f2,525,medium_high,1,40.289418,large_dark,58.509,False,False,True
baseline_verified_score,e2711620-6d4e-4f9c-8922-b1b2d1fb74f2,526,medium_high,1,40.464032,large_dark,0.5,True,True,True
baseline_verified_score,e2711620-6d4e-4f9c-8922-b1b2d1fb74f2,527,medium_high,1,40.602182,large_dark,0.0,True,True,True
baseline_verified_score,e2711620-6d4e-4f9c-8922-b1b2d1fb74f2,528,medium_high,1,41.067033,large_dark,0.0,True,True,True
baseline_verified_score,e2711620-6d4e-4f9c-8922-b1b2d1fb74f2,529,medium_high,1,42.279153,large_dark,1.0,True,True,True
baseline_verified_score,e2711620-6d4e-4f9c-8922-b1b2d1fb74f2,530,medium_high,1,43.065401,large_dark,1.0,True,True,True
baseline_verified_score,e2711620-6d4e-4f9c-8922-b1b2d1fb74f2,531,medium_high,1,44.909523,large_dark,0.5,True,True,True
baseline_verified_score,e2711620-6d4e-4f9c-8922-b1b2d1fb74f2,532,medium_high,1,48.340345,large_dark,0.707,True,True,True
baseline_verified_score,e2711620-6d4e-4f9c-8922-b1b2d1fb74f2,533,medium_high,1,49.814915,large_dark,0.707,True,True,True
baseline_verified_score,e2711620-6d4e-4f9c-8922-b1b2d1fb74f2,534,medium_high,1,53.65845,large_dark,0.707,True,True,True
baseline_verified_score,e2711620-6d4e-4f9c-8922-b1b2d1fb74f2,535,medium_high,1,54.720378,large_dark,0.707,True,True,True
baseline_verified_score,e2711620-6d4e-4f9c-8922-b1b2d1fb74f2,536,medium_high,1,58.063016,large_dark,0.5,True,True,True
baseline_verified_score,e2711620-6d4e-4f9c-8922-b1b2d1fb74f2,537,medium_high,1,63.714783,large_dark,0.5,True,True,True
baseline_verified_score,e2711620-6d4e-4f9c-8922-b1b2d1fb74f2,538,medium_high,1,65.766562,large_dark,0.5,True,True,True
baseline_verified_score,e2711620-6d4e-4f9c-8922-b1b2d1fb74f2,539,medium_high,1,70.08381,large_dark,1.0,True,True,True
baseline_verified_score,e2711620-6d4e-4f9c-8922-b1b2d1fb74f2,540,medium_high,1,75.847454,large_dark,1.0,True,True,True
baseline_verified_score,e2711620-6d4e-4f9c-8922-b1b2d1fb74f2,541,medium_high,1,76.567793,large_dark,0.5,True,True,True
baseline_verified_score,e2711620-6d4e-4f9c-8922-b1b2d1fb74f2,542,medium_high,1,80.013942,large_dark,0.5,True,True,True
baseline_verified_score,e2711620-6d4e-4f9c-8922-b1b2d1fb74f2,543,medium_high,1,80.781646,large_dark,0.5,True,True,True
baseline_verified_score,e2711620-6d4e-4f9c-8922-b1b2d1fb74f2,544,medium_high,1,83.947403,large_dark,0.707,True,True,True
baseline_verified_score,e2711620-6d4e-4f9c-8922-b1b2d1fb74f2,545,medium_high,1,83.775392,large_dark,0.707,True,True,True
baseline_verified_score,e2711620-6d4e-4f9c-8922-b1b2d1fb74f2,546,medium_high,1,81.577574,large_dark,0.0,True,True,True
baseline_verified_score,e2711620-6d4e-4f9c-8922-b1b2d1fb74f2,547,medium_high,1,79.626149,large_dark,0.5,True,True,True
baseline_verified_score,e2711620-6d4e-4f9c-8922-b1b2d1fb74f2,548,medium_high,1,79.202011,large_dark,0.5,True,True,True
baseline_verified_score,e2711620-6d4e-4f9c-8922-b1b2d1fb74f2,549,medium_high,1,78.442928,large_dark,0.707,True,True,True
baseline_verified_score,e2711620-6d4e-4f9c-8922-b1b2d1fb74f2,550,medium_high,1,78.08618,large_dark,0.707,True,True,True
baseline_verified_score,e2711620-6d4e-4f9c-8922-b1b2d1fb74f2,551,medium_high,1,77.977549,large_dark,0.5,True,True,True
baseline_verified_score,e2711620-6d4e-4f9c-8922-b1b2d1fb74f2,552,medium_high,1,76.548609,large_dark,0.5,True,True,True
baseline_verified_score,e2711620-6d4e-4f9c-8922-b1b2d1fb74f2,553,medium_high,1,75.342235,large_dark,0.5,True,True,True
baseline_verified_score,e2711620-6d4e-4f9c-8922-b1b2d1fb74f2,554,medium_high,1,74.426491,large_dark,0.0,True,True,True
baseline_verified_score,e2711620-6d4e-4f9c-8922-b1b2d1fb74f2,555,medium_high,1,74.325726,large_dark,0.0,True,True,True
baseline_verified_score,e2711620-6d4e-4f9c-8922-b1b2d1fb74f2,556,medium_high,1,67.728772,appearance,5.025,True,True,True
baseline_verified_score,e2711620-6d4e-4f9c-8922-b1b2d1fb74f2,557,medium_high,1,62.529265,large_dark,0.707,True,True,True
baseline_verified_score,e2711620-6d4e-4f9c-8922-b1b2d1fb74f2,558,medium_high,1,61.901823,large_dark,0.707,True,True,True
baseline_verified_score,e2711620-6d4e-4f9c-8922-b1b2d1fb74f2,559,medium_high,1,60.212532,large_dark,0.707,True,True,True
baseline_verified_score,e2711620-6d4e-4f9c-8922-b1b2d1fb74f2,560,medium_high,1,59.523385,large_dark,0.707,True,True,True
baseline_verified_score,e2711620-6d4e-4f9c-8922-b1b2d1fb74f2,561,medium_high,1,56.803156,large_dark,0.0,True,True,True
baseline_verified_score,e2711620-6d4e-4f9c-8922-b1b2d1fb74f2,562,medium_high,1,52.400909,map,3.202,True,True,True
baseline_verified_score,e2711620-6d4e-4f9c-8922-b1b2d1fb74f2,563,medium_high,1,44.198536,appearance,5.099,True,True,True
baseline_verified_score,e2711620-6d4e-4f9c-8922-b1b2d1fb74f2,564,medium_high,1,34.370883,large_dark,0.5,True,True,True
baseline_verified_score,e2711620-6d4e-4f9c-8922-b1b2d1fb74f2,565,medium_high,1,38.74374,large_dark,0.5,True,True,True
baseline_verified_score,e2711620-6d4e-4f9c-8922-b1b2d1fb74f2,566,medium_high,1,38.864216,large_dark,0.5,True,True,True
baseline_verified_score,e2711620-6d4e-4f9c-8922-b1b2d1fb74f2,567,medium_high,1,36.260775,large_dark,0.5,True,True,True
baseline_verified_score,e2711620-6d4e-4f9c-8922-b1b2d1fb74f2,568,medium_high,1,34.161975,large_dark,1.0,True,True,True
baseline_verified_score,e2711620-6d4e-4f9c-8922-b1b2d1fb74f2,569,medium_high,1,32.240094,large_dark,5.22,True,True,True
baseline_verified_score,e2711620-6d4e-4f9c-8922-b1b2d1fb74f2,570,medium_high,1,29.942856,large_dark,5.22,True,True,True
baseline_verified_score,e2711620-6d4e-4f9c-8922-b1b2d1fb74f2,571,medium_high,1,31.295184,large_dark,0.0,True,True,True
baseline_verified_score,e2711620-6d4e-4f9c-8922-b1b2d1fb74f2,572,medium_high,1,31.682596,large_dark,0.0,True,True,True
baseline_verified_score,e2711620-6d4e-4f9c-8922-b1b2d1fb74f2,573,medium_high,1,37.100942,large_dark,0.0,True,True,True
baseline_verified_score,e2711620-6d4e-4f9c-8922-b1b2d1fb74f2,574,medium_high,1,34.561834,large_dark,0.707,True,True,True
baseline_verified_score,e2711620-6d4e-4f9c-8922-b1b2d1fb74f2,575,medium_high,1,37.298385,large_dark,0.707,True,True,True
baseline_verified_score,e2711620-6d4e-4f9c-8922-b1b2d1fb74f2,576,medium_high,1,40.779812,large_dark,0.707,True,True,True
baseline_verified_score,e2711620-6d4e-4f9c-8922-b1b2d1fb74f2,577,medium_high,1,33.114866,large_dark,0.5,True,True,True
baseline_verified_score,e2711620-6d4e-4f9c-8922-b1b2d1fb74f2,578,medium_high,1,34.126516,large_dark,0.5,True,True,True
baseline_verified_score,e2711620-6d4e-4f9c-8922-b1b2d1fb74f2,579,medium_high,1,30.650396,large_dark,0.5,True,True,True
baseline_verified_score,e2711620-6d4e-4f9c-8922-b1b2d1fb74f2,580,medium_high,1,35.914162,large_dark,0.5,True,True,True
baseline_verified_score,e2711620-6d4e-4f9c-8922-b1b2d1fb74f2,581,medium_high,1,39.063664,large_dark,0.5,True,True,True
baseline_verified_score,e2711620-6d4e-4f9c-8922-b1b2d1fb74f2,582,medium_high,1,42.088455,large_dark,0.5,True,True,True
baseline_verified_score,e2711620-6d4e-4f9c-8922-b1b2d1fb74f2,583,medium_high,1,47.239348,large_dark,0.5,True,True,True
baseline_verified_score,e2711620-6d4e-4f9c-8922-b1b2d1fb74f2,584,medium_high,1,42.553427,large_dark,0.5,True,True,True
baseline_verified_score,e2711620-6d4e-4f9c-8922-b1b2d1fb74f2,585,medium_high,1,42.679563,large_dark,0.5,True,True,True
baseline_verified_score,e2711620-6d4e-4f9c-8922-b1b2d1fb74f2,586,medium_high,1,53.627263,large_dark,0.0,True,True,True
baseline_verified_score,e2711620-6d4e-4f9c-8922-b1b2d1fb74f2,587,medium_high,1,68.568375,large_dark,0.0,True,True,True
baseline_verified_score,e2711620-6d4e-4f9c-8922-b1b2d1fb74f2,588,medium_high,1,77.625549,large_dark,0.0,True,True,True
baseline_verified_score,e2711620-6d4e-4f9c-8922-b1b2d1fb74f2,589,medium_high,1,77.628513,large_dark,0.5,True,True,True
baseline_verified_score,e2711620-6d4e-4f9c-8922-b1b2d1fb74f2,590,medium_high,1,77.832644,large_dark,0.5,True,True,True
baseline_verified_score,e2711620-6d4e-4f9c-8922-b1b2d1fb74f2,591,medium_high,1,83.582534,large_dark,0.707,True,True,True
baseline_verified_score,e2711620-6d4e-4f9c-8922-b1b2d1fb74f2,592,medium_high,1,84.737754,large_dark,0.5,True,True,True
baseline_verified_score,e2711620-6d4e-4f9c-8922-b1b2d1fb74f2,593,medium_high,1,90.614237,large_dark,0.5,True,True,True
baseline_verified_score,e2711620-6d4e-4f9c-8922-b1b2d1fb74f2,594,medium_high,1,91.124968,large_dark,7.616,True,True,True
baseline_verified_score,e2711620-6d4e-4f9c-8922-b1b2d1fb74f2,595,medium_high,1,91.87958,large_dark,8.944,False,True,True
baseline_verified_score,e2711620-6d4e-4f9c-8922-b1b2d1fb74f2,596,medium_high,1,86.041405,large_dark,5.831,True,True,True
baseline_verified_score,e2711620-6d4e-4f9c-8922-b1b2d1fb74f2,597,medium_high,1,81.158331,large_dark,7.616,True,True,True
baseline_verified_score,e2711620-6d4e-4f9c-8922-b1b2d1fb74f2,598,medium_high,1,79.898525,large_dark,8.544,False,True,True
baseline_verified_score,e2711620-6d4e-4f9c-8922-b1b2d1fb74f2,599,medium_high,1,75.663798,large_dark,6.708,True,True,True
baseline_verified_score,e2711620-6d4e-4f9c-8922-b1b2d1fb74f2,600,medium_high,1,74.232526,large_dark,7.211,True,True,True
baseline_verified_score,e2711620-6d4e-4f9c-8922-b1b2d1fb74f2,601,medium_high,1,71.413581,large_dark,7.616,True,True,True
baseline_verified_score,e2711620-6d4e-4f9c-8922-b1b2d1fb74f2,602,medium_high,1,69.731602,large_dark,8.062,False,True,True
baseline_verified_score,e2711620-6d4e-4f9c-8922-b1b2d1fb74f2,603,medium_high,1,67.938035,large_dark,12.349,False,True,True
baseline_verified_score,e2711620-6d4e-4f9c-8922-b1b2d1fb74f2,604,medium_high,1,66.009091,large_dark,4.528,True,True,True
baseline_verified_score,e2711620-6d4e-4f9c-8922-b1b2d1fb74f2,605,medium_high,1,67.132367,large_dark,8.944,False,True,True
baseline_verified_score,e2711620-6d4e-4f9c-8922-b1b2d1fb74f2,622,medium_high,1,81.957905,large_dark,7.81,True,True,True
baseline_verified_score,e2711620-6d4e-4f9c-8922-b1b2d1fb74f2,623,medium_high,1,88.177566,large_dark,8.485,False,True,True
baseline_verified_score,e2711620-6d4e-4f9c-8922-b1b2d1fb74f2,624,medium_high,1,88.836596,large_dark,6.403,True,True,True
baseline_verified_score,e2711620-6d4e-4f9c-8922-b1b2d1fb74f2,625,medium_high,1,100.593177,large_dark,1.581,True,True,True
baseline_verified_score,e2711620-6d4e-4f9c-8922-b1b2d1fb74f2,626,medium_high,1,100.870706,large_dark,3.808,True,True,True
baseline_verified_score,e2711620-6d4e-4f9c-8922-b1b2d1fb74f2,627,medium_high,1,101.716191,large_dark,8.944,False,True,True
baseline_verified_score,e2711620-6d4e-4f9c-8922-b1b2d1fb74f2,628,medium_high,1,101.639517,large_dark,9.849,False,True,True
baseline_verified_score,e2711620-6d4e-4f9c-8922-b1b2d1fb74f2,629,medium_high,1,100.580652,large_dark,4.743,True,True,True
baseline_verified_score,e2711620-6d4e-4f9c-8922-b1b2d1fb74f2,630,medium_high,1,100.536757,large_dark,8.602,False,True,True
baseline_verified_score,e2711620-6d4e-4f9c-8922-b1b2d1fb74f2,631,medium_high,1,99.870311,large_dark,8.062,False,True,True
baseline_verified_score,e2711620-6d4e-4f9c-8922-b1b2d1fb74f2,632,medium_high,1,98.436881,large_dark,10.296,False,True,True
baseline_verified_score,e2711620-6d4e-4f9c-8922-b1b2d1fb74f2,633,medium_high,1,97.663698,large_dark,11.18,False,True,True
baseline_verified_score,e2711620-6d4e-4f9c-8922-b1b2d1fb74f2,634,medium_high,1,97.69227,large_dark,8.062,False,True,True
baseline_verified_score,e2711620-6d4e-4f9c-8922-b1b2d1fb74f2,635,medium_high,1,97.102717,large_dark,2.121,True,True,True
baseline_verified_score,e2711620-6d4e-4f9c-8922-b1b2d1fb74f2,636,medium_high,1,96.434044,large_dark,8.062,False,True,True
baseline_verified_score,e2711620-6d4e-4f9c-8922-b1b2d1fb74f2,637,medium_high,1,94.306989,large_dark,8.062,False,True,True
baseline_verified_score,e2711620-6d4e-4f9c-8922-b1b2d1fb74f2,638,medium_high,1,94.176597,large_dark,8.062,False,True,True
baseline_verified_score,e2711620-6d4e-4f9c-8922-b1b2d1fb74f2,639,medium_high,1,91.99692,large_dark,5.831,True,True,True
baseline_verified_score,e2711620-6d4e-4f9c-8922-b1b2d1fb74f2,640,medium_high,1,91.294236,large_dark,1.581,True,True,True
baseline_verified_score,e2711620-6d4e-4f9c-8922-b1b2d1fb74f2,641,medium_high,1,84.623145,large_dark,2.236,True,True,True
baseline_verified_score,e2711620-6d4e-4f9c-8922-b1b2d1fb74f2,642,medium_high,1,79.476832,map,0.0,True,True,True
baseline_verified_score,e2711620-6d4e-4f9c-8922-b1b2d1fb74f2,643,medium_high,1,77.247058,large_dark,2.55,True,True,True
baseline_verified_score,e2711620-6d4e-4f9c-8922-b1b2d1fb74f2,644,medium_high,1,70.862323,large_dark,2.828,True,True,True
baseline_verified_score,e2711620-6d4e-4f9c-8922-b1b2d1fb74f2,645,medium_high,1,69.323909,large_dark,4.243,True,True,True
baseline_verified_score,e2711620-6d4e-4f9c-8922-b1b2d1fb74f2,646,medium_high,1,68.612538,large_dark,1.0,True,True,True
baseline_verified_score,e2711620-6d4e-4f9c-8922-b1b2d1fb74f2,647,medium_high,1,67.660362,large_dark,0.0,True,True,True
baseline_verified_score,e2711620-6d4e-4f9c-8922-b1b2d1fb74f2,648,medium_high,1,68.246849,large_dark,1.0,True,True,True
baseline_verified_score,e2711620-6d4e-4f9c-8922-b1b2d1fb74f2,649,medium_high,1,62.98973,large_dark,5.0,True,True,True
baseline_verified_score,e2711620-6d4e-4f9c-8922-b1b2d1fb74f2,650,high,1,72.621329,large_dark,5.0,True,True,True
baseline_verified_score,e2711620-6d4e-4f9c-8922-b1b2d1fb74f2,651,high,1,70.582457,large_dark,4.924,True,True,True
baseline_verified_score,e2711620-6d4e-4f9c-8922-b1b2d1fb74f2,652,high,1,66.543729,large_dark,2.062,True,True,True
baseline_verified_score,e2711620-6d4e-4f9c-8922-b1b2d1fb74f2,653,high,1,68.167596,large_dark,2.062,True,True,True
baseline_verified_score,e2711620-6d4e-4f9c-8922-b1b2d1fb74f2,654,high,1,63.89374,large_dark,3.202,True,True,True
baseline_verified_score,e2711620-6d4e-4f9c-8922-b1b2d1fb74f2,655,high,1,60.330759,large_dark,3.202,True,True,True
baseline_verified_score,e2711620-6d4e-4f9c-8922-b1b2d1fb74f2,656,high,1,51.785588,appearance,6.103,True,True,True
baseline_verified_score,e2711620-6d4e-4f9c-8922-b1b2d1fb74f2,657,high,1,45.816567,large_dark,13.601,False,True,True
baseline_verified_score,e2711620-6d4e-4f9c-8922-b1b2d1fb74f2,658,high,1,46.019529,large_dark,13.601,False,True,True
baseline_verified_score,e2711620-6d4e-4f9c-8922-b1b2d1fb74f2,659,high,1,40.505325,map,14.56,False,True,True
baseline_verified_score,e2711620-6d4e-4f9c-8922-b1b2d1fb74f2,660,high,1,37.533754,large_dark,4.123,True,True,True
baseline_verified_score,e2711620-6d4e-4f9c-8922-b1b2d1fb74f2,661,high,1,36.503765,large_dark,22.94,False,False,True
baseline_verified_score,e2711620-6d4e-4f9c-8922-b1b2d1fb74f2,662,high,1,37.974828,large_dark,41.773,False,False,True
baseline_verified_score,e2711620-6d4e-4f9c-8922-b1b2d1fb74f2,663,high,1,33.500839,large_dark,25.632,False,False,True
baseline_verified_score,e2711620-6d4e-4f9c-8922-b1b2d1fb74f2,664,high,1,38.041019,large_dark,43.246,False,False,True
baseline_verified_score,e2711620-6d4e-4f9c-8922-b1b2d1fb74f2,665,high,1,37.264869,large_dark,29.904,False,False,True
baseline_verified_score,e2711620-6d4e-4f9c-8922-b1b2d1fb74f2,666,high,1,38.205934,large_dark,30.663,False,False,True
baseline_verified_score,e2711620-6d4e-4f9c-8922-b1b2d1fb74f2,667,high,1,41.957189,large_dark,30.871,False,False,True
baseline_verified_score,e2711620-6d4e-4f9c-8922-b1b2d1fb74f2,668,high,1,44.086861,large_dark,30.871,False,False,True
baseline_verified_score,e2711620-6d4e-4f9c-8922-b1b2d1fb74f2,669,high,1,44.641317,large_dark,31.325,False,False,True
baseline_verified_score,e2711620-6d4e-4f9c-8922-b1b2d1fb74f2,670,high,1,45.221451,large_dark,31.325,False,False,True
baseline_verified_score,e2711620-6d4e-4f9c-8922-b1b2d1fb74f2,671,high,1,45.622276,large_dark,31.977,False,False,True
baseline_verified_score,e2711620-6d4e-4f9c-8922-b1b2d1fb74f2,672,high,1,45.625829,large_dark,31.753,False,False,True
baseline_verified_score,e2711620-6d4e-4f9c-8922-b1b2d1fb74f2,673,high,1,46.428789,large_dark,31.753,False,False,True
baseline_verified_score,e2711620-6d4e-4f9c-8922-b1b2d1fb74f2,674,high,1,46.747612,large_dark,32.206,False,False,True
baseline_verified_score,e2711620-6d4e-4f9c-8922-b1b2d1fb74f2,675,high,1,46.790708,large_dark,32.206,False,False,True
baseline_verified_score,e2711620-6d4e-4f9c-8922-b1b2d1fb74f2,676,high,1,46.605801,large_dark,31.977,False,False,True
baseline_verified_score,e2711620-6d4e-4f9c-8922-b1b2d1fb74f2,677,high,1,46.969741,large_dark,32.882,False,False,True
baseline_verified_score,e2711620-6d4e-4f9c-8922-b1b2d1fb74f2,678,high,1,47.206545,large_dark,32.882,False,False,True
baseline_verified_score,e2711620-6d4e-4f9c-8922-b1b2d1fb74f2,679,high,1,47.379345,large_dark,32.882,False,False,True
baseline_verified_score,e2711620-6d4e-4f9c-8922-b1b2d1fb74f2,680,high,1,47.343772,large_dark,32.882,False,False,True
baseline_verified_score,e2711620-6d4e-4f9c-8922-b1b2d1fb74f2,681,high,1,47.562456,large_dark,34.132,False,False,True
baseline_verified_score,e2711620-6d4e-4f9c-8922-b1b2d1fb74f2,682,high,1,47.386155,large_dark,34.3,False,False,True
baseline_verified_score,e2711620-6d4e-4f9c-8922-b1b2d1fb74f2,683,high,1,47.387377,large_dark,34.3,False,False,True
baseline_verified_score,e2711620-6d4e-4f9c-8922-b1b2d1fb74f2,684,high,1,45.712421,large_dark,34.3,False,False,True
baseline_verified_score,e2711620-6d4e-4f9c-8922-b1b2d1fb74f2,685,high,1,45.737985,large_dark,34.3,False,False,True
baseline_verified_score,e2711620-6d4e-4f9c-8922-b1b2d1fb74f2,686,high,1,45.552319,large_dark,35.246,False,False,True
baseline_verified_score,e2711620-6d4e-4f9c-8922-b1b2d1fb74f2,687,high,1,44.994541,large_dark,35.246,False,False,True
baseline_verified_score,e2711620-6d4e-4f9c-8922-b1b2d1fb74f2,688,high,1,44.57862,large_dark,35.246,False,False,True
baseline_verified_score,e2711620-6d4e-4f9c-8922-b1b2d1fb74f2,689,high,1,42.696853,large_dark,35.415,False,False,True
baseline_verified_score,e2711620-6d4e-4f9c-8922-b1b2d1fb74f2,690,high,1,42.255995,large_dark,35.415,False,False,True
baseline_verified_score,e2711620-6d4e-4f9c-8922-b1b2d1fb74f2,691,high,1,41.818789,large_dark,35.089,False,False,True
baseline_verified_score,e2711620-6d4e-4f9c-8922-b1b2d1fb74f2,692,high,1,41.320968,large_dark,35.781,False,False,True
baseline_verified_score,e2711620-6d4e-4f9c-8922-b1b2d1fb74f2,693,high,1,41.043322,large_dark,35.781,False,False,True
baseline_verified_score,e2711620-6d4e-4f9c-8922-b1b2d1fb74f2,694,high,1,37.745555,large_dark,35.781,False,False,True
baseline_verified_score,e2711620-6d4e-4f9c-8922-b1b2d1fb74f2,695,high,1,36.988713,large_dark,60.632,False,False,True
baseline_verified_score,e2711620-6d4e-4f9c-8922-b1b2d1fb74f2,696,high,1,36.979081,large_dark,61.1,False,False,True
baseline_verified_score,e2711620-6d4e-4f9c-8922-b1b2d1fb74f2,697,high,1,36.749362,large_dark,62.099,False,False,True
baseline_verified_score,e2711620-6d4e-4f9c-8922-b1b2d1fb74f2,698,high,1,37.624539,large_dark,46.607,False,False,True
logistic,1c1258a1-d0f6-433e-9466-dbc1705fa263,25,medium_high,2,0.960678,appearance,0.406,True,True,True
logistic,1c1258a1-d0f6-433e-9466-dbc1705fa263,26,medium_high,5,0.972592,appearance,2.109,True,True,True
logistic,1c1258a1-d0f6-433e-9466-dbc1705fa263,27,medium_high,5,0.885021,appearance,3.806,True,True,True
logistic,1c1258a1-d0f6-433e-9466-dbc1705fa263,28,medium_high,2,0.992803,appearance,2.697,True,True,True
logistic,1c1258a1-d0f6-433e-9466-dbc1705fa263,29,medium_high,2,0.916011,map,1.05,True,True,True
logistic,1c1258a1-d0f6-433e-9466-dbc1705fa263,30,high,1,0.992644,appearance,3.354,True,True,True
logistic,1c1258a1-d0f6-433e-9466-dbc1705fa263,31,high,2,0.995251,appearance,3.905,True,True,True
logistic,1c1258a1-d0f6-433e-9466-dbc1705fa263,32,high,2,0.982995,map,0.0,True,True,True
logistic,1c1258a1-d0f6-433e-9466-dbc1705fa263,33,high,1,0.999806,appearance,3.808,True,True,True
logistic,1c1258a1-d0f6-433e-9466-dbc1705fa263,34,high,2,0.996406,map,0.0,True,True,True
logistic,1c1258a1-d0f6-433e-9466-dbc1705fa263,35,high,1,0.99995,appearance,3.354,True,True,True
logistic,1c1258a1-d0f6-433e-9466-dbc1705fa263,36,high,2,0.999968,appearance,4.717,True,True,True
logistic,1c1258a1-d0f6-433e-9466-dbc1705fa263,37,high,2,0.999465,map,0.0,True,True,True
logistic,1c1258a1-d0f6-433e-9466-dbc1705fa263,38,high,1,0.999906,map,0.0,True,True,True
logistic,1c1258a1-d0f6-433e-9466-dbc1705fa263,39,high,1,0.9965,appearance,0.0,True,True,True
logistic,1c1258a1-d0f6-433e-9466-dbc1705fa263,40,high,1,0.999479,map,0.0,True,True,True
logistic,1c1258a1-d0f6-433e-9466-dbc1705fa263,41,high,1,0.999933,map,0.0,True,True,True
logistic,1c1258a1-d0f6-433e-9466-dbc1705fa263,42,high,2,0.999874,map,0.0,True,True,True
logistic,1c1258a1-d0f6-433e-9466-dbc1705fa263,43,high,1,0.999944,map,0.0,True,True,True
logistic,1c1258a1-d0f6-433e-9466-dbc1705fa263,44,high,2,0.999837,map,0.0,True,True,True
logistic,1c1258a1-d0f6-433e-9466-dbc1705fa263,45,high,1,0.999865,map,0.0,True,True,True
logistic,1c1258a1-d0f6-433e-9466-dbc1705fa263,46,high,1,0.999994,map,4.743,True,True,True
logistic,1c1258a1-d0f6-433e-9466-dbc1705fa263,47,high,2,0.999977,map,6.964,True,True,True
logistic,1c1258a1-d0f6-433e-9466-dbc1705fa263,48,high,2,0.999989,map,4.301,True,True,True
logistic,1c1258a1-d0f6-433e-9466-dbc1705fa263,49,high,2,0.999982,map,0.0,True,True,True
logistic,1c1258a1-d0f6-433e-9466-dbc1705fa263,50,high,1,0.999977,map,0.0,True,True,True
logistic,1c1258a1-d0f6-433e-9466-dbc1705fa263,51,high,2,0.999999,map,3.536,True,True,True
logistic,1c1258a1-d0f6-433e-9466-dbc1705fa263,52,high,2,0.999994,map,0.0,True,True,True
logistic,1c1258a1-d0f6-433e-9466-dbc1705fa263,53,high,1,0.999999,map,0.0,True,True,True
logistic,1c1258a1-d0f6-433e-9466-dbc1705fa263,54,high,2,0.999998,map,0.0,True,True,True
logistic,1c1258a1-d0f6-433e-9466-dbc1705fa263,55,high,1,0.999999,map,0.0,True,True,True
logistic,1c1258a1-d0f6-433e-9466-dbc1705fa263,56,high,2,1.0,map,5.701,True,True,True
logistic,1c1258a1-d0f6-433e-9466-dbc1705fa263,57,high,2,1.0,map,7.106,True,True,True
logistic,1c1258a1-d0f6-433e-9466-dbc1705fa263,58,high,1,1.0,map,4.95,True,True,True
logistic,1c1258a1-d0f6-433e-9466-dbc1705fa263,59,high,1,1.0,map,6.364,True,True,True
logistic,1c1258a1-d0f6-433e-9466-dbc1705fa263,60,high,1,1.0,map,3.536,True,True,True
logistic,1c1258a1-d0f6-433e-9466-dbc1705fa263,61,high,2,1.0,map,6.519,True,True,True
logistic,1c1258a1-d0f6-433e-9466-dbc1705fa263,62,high,3,1.0,map,5.701,True,True,True
logistic,1c1258a1-d0f6-433e-9466-dbc1705fa263,63,high,2,1.0,map,4.528,True,True,True
logistic,1c1258a1-d0f6-433e-9466-dbc1705fa263,64,high,2,1.0,map,6.042,True,True,True
logistic,1c1258a1-d0f6-433e-9466-dbc1705fa263,65,high,2,1.0,map,3.808,True,True,True
logistic,1c1258a1-d0f6-433e-9466-dbc1705fa263,66,high,4,1.0,map,4.528,True,True,True
logistic,1c1258a1-d0f6-433e-9466-dbc1705fa263,67,high,4,1.0,map,6.964,True,True,True
logistic,1c1258a1-d0f6-433e-9466-dbc1705fa263,68,high,8,1.0,map,8.746,False,True,True
logistic,1c1258a1-d0f6-433e-9466-dbc1705fa263,69,high,2,1.0,map,9.301,False,True,True
logistic,1c1258a1-d0f6-433e-9466-dbc1705fa263,70,high,4,1.0,map,3.808,True,True,True
logistic,1c1258a1-d0f6-433e-9466-dbc1705fa263,71,high,7,1.0,map,3.536,True,True,True
logistic,1c1258a1-d0f6-433e-9466-dbc1705fa263,72,high,6,1.0,map,4.528,True,True,True
logistic,1c1258a1-d0f6-433e-9466-dbc1705fa263,73,high,1,1.0,map,0.0,True,True,True
logistic,1c1258a1-d0f6-433e-9466-dbc1705fa263,74,high,3,1.0,map,12.083,False,True,True
logistic,1c1258a1-d0f6-433e-9466-dbc1705fa263,75,high,1,1.0,map,0.0,True,True,True
logistic,1c1258a1-d0f6-433e-9466-dbc1705fa263,76,high,2,1.0,map,3.808,True,True,True
logistic,1c1258a1-d0f6-433e-9466-dbc1705fa263,77,high,2,0.999999,map,0.0,True,True,True
logistic,1c1258a1-d0f6-433e-9466-dbc1705fa263,78,high,1,0.999999,map,0.0,True,True,True
logistic,1c1258a1-d0f6-433e-9466-dbc1705fa263,79,high,2,0.999964,map,10.512,False,True,True
logistic,1c1258a1-d0f6-433e-9466-dbc1705fa263,80,high,1,0.999992,map,0.0,True,True,True
logistic,1c1258a1-d0f6-433e-9466-dbc1705fa263,81,high,1,0.999999,map,0.0,True,True,True
logistic,1c1258a1-d0f6-433e-9466-dbc1705fa263,82,high,1,0.999878,appearance,11.705,False,True,True
logistic,1c1258a1-d0f6-433e-9466-dbc1705fa263,83,high,1,0.999999,map,0.0,True,True,True
logistic,1c1258a1-d0f6-433e-9466-dbc1705fa263,84,high,2,0.999997,map,0.0,True,True,True
logistic,1c1258a1-d0f6-433e-9466-dbc1705fa263,85,high,1,0.999998,map,0.0,True,True,True
logistic,1c1258a1-d0f6-433e-9466-dbc1705fa263,86,high,1,1.0,map,0.0,True,True,True
logistic,1c1258a1-d0f6-433e-9466-dbc1705fa263,87,high,1,0.999986,appearance,11.63,False,True,True
logistic,1c1258a1-d0f6-433e-9466-dbc1705fa263,88,high,1,1.0,map,0.0,True,True,True
logistic,1c1258a1-d0f6-433e-9466-dbc1705fa263,89,high,2,0.999999,map,0.0,True,True,True
logistic,1c1258a1-d0f6-433e-9466-dbc1705fa263,90,high,1,0.999999,map,0.0,True,True,True
logistic,1c1258a1-d0f6-433e-9466-dbc1705fa263,91,high,1,1.0,map,0.0,True,True,True
logistic,1c1258a1-d0f6-433e-9466-dbc1705fa263,92,high,1,0.999999,map,0.0,True,True,True
logistic,1c1258a1-d0f6-433e-9466-dbc1705fa263,93,high,1,0.999999,map,0.0,True,True,True
logistic,1c1258a1-d0f6-433e-9466-dbc1705fa263,94,high,4,0.999987,map,14.866,False,True,True
logistic,1c1258a1-d0f6-433e-9466-dbc1705fa263,95,high,1,0.999856,map,0.0,True,True,True
logistic,1c1258a1-d0f6-433e-9466-dbc1705fa263,96,medium_high,1,0.999884,map,2.709,True,True,True
logistic,1c1258a1-d0f6-433e-9466-dbc1705fa263,97,medium_high,14,0.999661,map,3.51,True,True,True
logistic,1c1258a1-d0f6-433e-9466-dbc1705fa263,98,medium_high,1,0.999991,map,3.038,True,True,True
logistic,1c1258a1-d0f6-433e-9466-dbc1705fa263,99,medium_high,1,0.998828,appearance,1.834,True,True,True
logistic,1c1258a1-d0f6-433e-9466-dbc1705fa263,100,medium_high,1,0.999995,map,3.797,True,True,True
logistic,1c1258a1-d0f6-433e-9466-dbc1705fa263,101,medium_high,1,0.99999,map,5.325,True,True,True
logistic,1c1258a1-d0f6-433e-9466-dbc1705fa263,102,medium_high,1,0.999987,map,6.94,True,True,True
logistic,1c1258a1-d0f6-433e-9466-dbc1705fa263,103,medium_high,2,0.999961,map,5.837,True,True,True
logistic,1c1258a1-d0f6-433e-9466-dbc1705fa263,104,medium_high,1,0.999804,appearance,5.678,True,True,True
logistic,1c1258a1-d0f6-433e-9466-dbc1705fa263,105,medium_high,2,0.9998,appearance,6.398,True,True,True
logistic,1c1258a1-d0f6-433e-9466-dbc1705fa263,106,medium_high,3,0.997322,map,15.317,False,True,True
logistic,1c1258a1-d0f6-433e-9466-dbc1705fa263,107,medium_high,1,0.999277,map,5.508,True,True,True
logistic,1c1258a1-d0f6-433e-9466-dbc1705fa263,108,medium_high,1,0.999995,map,4.295,True,True,True
logistic,1c1258a1-d0f6-433e-9466-dbc1705fa263,109,medium_high,2,0.999944,map,3.872,True,True,True
logistic,1c1258a1-d0f6-433e-9466-dbc1705fa263,110,medium_high,1,0.998855,map,4.487,True,True,True
logistic,1c1258a1-d0f6-433e-9466-dbc1705fa263,111,medium_high,3,0.997178,map,10.564,False,True,True
logistic,1c1258a1-d0f6-433e-9466-dbc1705fa263,112,medium_high,2,0.985225,map,9.259,False,True,True
logistic,1c1258a1-d0f6-433e-9466-dbc1705fa263,113,medium_high,1,0.995759,map,2.569,True,True,True
logistic,1c1258a1-d0f6-433e-9466-dbc1705fa263,114,medium_high,17,0.994355,map,7.981,True,True,True
logistic,1c1258a1-d0f6-433e-9466-dbc1705fa263,115,medium_high,2,0.999621,map,6.87,True,True,True
logistic,1c1258a1-d0f6-433e-9466-dbc1705fa263,116,medium_high,2,0.989444,map,8.065,False,True,True
logistic,1c1258a1-d0f6-433e-9466-dbc1705fa263,117,high,1,0.971495,map,0.0,True,True,True
logistic,1c1258a1-d0f6-433e-9466-dbc1705fa263,118,high,1,0.99802,map,0.0,True,True,True
logistic,1c1258a1-d0f6-433e-9466-dbc1705fa263,119,high,1,0.998101,appearance,0.0,True,True,True
logistic,1c1258a1-d0f6-433e-9466-dbc1705fa263,120,high,1,0.999077,map,0.0,True,True,True
logistic,1c1258a1-d0f6-433e-9466-dbc1705fa263,121,high,1,0.999812,appearance,1.118,True,True,True
logistic,1c1258a1-d0f6-433e-9466-dbc1705fa263,122,high,1,0.99978,map,0.0,True,True,True
logistic,1c1258a1-d0f6-433e-9466-dbc1705fa263,123,high,1,0.999973,map,0.0,True,True,True
logistic,1c1258a1-d0f6-433e-9466-dbc1705fa263,124,high,1,0.999297,appearance,6.265,True,True,True
logistic,1c1258a1-d0f6-433e-9466-dbc1705fa263,125,high,1,0.999902,map,0.0,True,True,True
logistic,1c1258a1-d0f6-433e-9466-dbc1705fa263,126,high,1,0.999839,appearance,0.5,True,True,True
logistic,1c1258a1-d0f6-433e-9466-dbc1705fa263,127,high,1,0.998899,map,0.0,True,True,True
logistic,1c1258a1-d0f6-433e-9466-dbc1705fa263,128,high,1,0.999779,map,0.0,True,True,True
logistic,1c1258a1-d0f6-433e-9466-dbc1705fa263,129,high,1,0.999633,appearance,0.5,True,True,True
logistic,1c1258a1-d0f6-433e-9466-dbc1705fa263,130,high,1,0.999695,map,0.0,True,True,True
logistic,1c1258a1-d0f6-433e-9466-dbc1705fa263,131,high,1,0.995527,appearance,0.0,True,True,True
logistic,1c1258a1-d0f6-433e-9466-dbc1705fa263,132,high,1,0.988792,map,0.0,True,True,True
logistic,1c1258a1-d0f6-433e-9466-dbc1705fa263,133,high,1,0.999068,map,0.0,True,True,True
logistic,1c1258a1-d0f6-433e-9466-dbc1705fa263,134,high,2,0.993566,map,0.0,True,True,True
logistic,1c1258a1-d0f6-433e-9466-dbc1705fa263,135,high,1,0.995666,map,0.0,True,True,True
logistic,1c1258a1-d0f6-433e-9466-dbc1705fa263,136,high,2,0.987501,map,0.0,True,True,True
logistic,1c1258a1-d0f6-433e-9466-dbc1705fa263,137,high,1,0.978491,map,0.0,True,True,True
logistic,1c1258a1-d0f6-433e-9466-dbc1705fa263,138,high,1,0.993631,map,0.0,True,True,True
logistic,1c1258a1-d0f6-433e-9466-dbc1705fa263,139,high,2,0.98135,map,0.0,True,True,True
logistic,1c1258a1-d0f6-433e-9466-dbc1705fa263,140,high,1,0.994611,map,0.0,True,True,True
logistic,1c1258a1-d0f6-433e-9466-dbc1705fa263,141,high,1,0.991446,appearance,0.707,True,True,True
logistic,1c1258a1-d0f6-433e-9466-dbc1705fa263,142,high,1,0.974868,map,0.0,True,True,True
logistic,1c1258a1-d0f6-433e-9466-dbc1705fa263,143,high,1,0.991465,map,0.0,True,True,True
logistic,1c1258a1-d0f6-433e-9466-dbc1705fa263,144,high,1,0.985017,appearance,1.581,True,True,True
logistic,1c1258a1-d0f6-433e-9466-dbc1705fa263,145,high,1,0.994369,map,0.0,True,True,True
logistic,1c1258a1-d0f6-433e-9466-dbc1705fa263,146,high,2,0.982711,map,0.0,True,True,True
logistic,1c1258a1-d0f6-433e-9466-dbc1705fa263,147,high,1,0.951405,map,0.0,True,True,True
logistic,1c1258a1-d0f6-433e-9466-dbc1705fa263,148,high,1,0.988327,map,0.0,True,True,True
logistic,1c1258a1-d0f6-433e-9466-dbc1705fa263,149,high,1,0.95728,appearance,1.581,True,True,True
logistic,1c1258a1-d0f6-433e-9466-dbc1705fa263,150,high,1,0.977193,map,0.0,True,True,True
logistic,1c1258a1-d0f6-433e-9466-dbc1705fa263,151,high,1,0.938575,appearance,1.581,True,True,True
logistic,1c1258a1-d0f6-433e-9466-dbc1705fa263,152,high,1,0.897367,map,0.0,True,True,True
logistic,1c1258a1-d0f6-433e-9466-dbc1705fa263,153,high,1,0.971836,map,3.808,True,True,True
logistic,1c1258a1-d0f6-433e-9466-dbc1705fa263,154,high,1,0.668122,appearance,3.041,True,True,True
logistic,1c1258a1-d0f6-433e-9466-dbc1705fa263,155,high,1,0.958434,map,0.0,True,True,True
logistic,1c1258a1-d0f6-433e-9466-dbc1705fa263,156,high,2,0.836873,map,0.0,True,True,True
logistic,1c1258a1-d0f6-433e-9466-dbc1705fa263,157,high,1,0.872915,map,0.0,True,True,True
logistic,1c1258a1-d0f6-433e-9466-dbc1705fa263,158,high,1,0.965437,map,0.0,True,True,True
logistic,1c1258a1-d0f6-433e-9466-dbc1705fa263,159,high,2,0.907795,map,0.0,True,True,True
logistic,1c1258a1-d0f6-433e-9466-dbc1705fa263,160,high,1,0.982967,map,0.0,True,True,True
logistic,1c1258a1-d0f6-433e-9466-dbc1705fa263,161,high,1,0.950399,map,0.0,True,True,True
logistic,1c1258a1-d0f6-433e-9466-dbc1705fa263,162,high,1,0.973688,map,0.0,True,True,True
logistic,1c1258a1-d0f6-433e-9466-dbc1705fa263,163,high,1,0.996836,map,0.0,True,True,True
logistic,1c1258a1-d0f6-433e-9466-dbc1705fa263,164,high,2,0.990057,map,0.0,True,True,True
logistic,1c1258a1-d0f6-433e-9466-dbc1705fa263,165,high,1,0.998333,map,0.0,True,True,True
logistic,1c1258a1-d0f6-433e-9466-dbc1705fa263,166,high,1,0.990736,map,0.0,True,True,True
logistic,1c1258a1-d0f6-433e-9466-dbc1705fa263,167,high,1,0.983857,map,0.0,True,True,True
logistic,1c1258a1-d0f6-433e-9466-dbc1705fa263,168,high,1,0.998468,map,0.0,True,True,True
logistic,1c1258a1-d0f6-433e-9466-dbc1705fa263,169,high,1,0.994367,appearance,2.121,True,True,True
logistic,1c1258a1-d0f6-433e-9466-dbc1705fa263,170,high,1,0.998924,map,0.0,True,True,True
logistic,1c1258a1-d0f6-433e-9466-dbc1705fa263,171,high,2,0.995086,map,0.0,True,True,True
logistic,1c1258a1-d0f6-433e-9466-dbc1705fa263,172,high,1,0.99437,map,0.0,True,True,True
logistic,1c1258a1-d0f6-433e-9466-dbc1705fa263,173,high,1,0.99957,map,0.0,True,True,True
logistic,1c1258a1-d0f6-433e-9466-dbc1705fa263,174,high,2,0.997713,map,0.0,True,True,True
logistic,1c1258a1-d0f6-433e-9466-dbc1705fa263,175,high,1,0.999556,map,0.0,True,True,True
logistic,1c1258a1-d0f6-433e-9466-dbc1705fa263,176,high,2,0.999293,map,0.0,True,True,True
logistic,1c1258a1-d0f6-433e-9466-dbc1705fa263,177,high,1,0.998596,map,0.0,True,True,True
logistic,1c1258a1-d0f6-433e-9466-dbc1705fa263,178,high,1,0.999643,map,0.0,True,True,True
logistic,1c1258a1-d0f6-433e-9466-dbc1705fa263,180,high,1,0.999886,map,0.0,True,True,True
logistic,1c1258a1-d0f6-433e-9466-dbc1705fa263,182,high,1,0.999902,map,0.0,True,True,True
logistic,1c1258a1-d0f6-433e-9466-dbc1705fa263,183,high,1,0.999985,map,0.0,True,True,True
logistic,1c1258a1-d0f6-433e-9466-dbc1705fa263,184,high,2,0.999957,map,0.0,True,True,True
logistic,1c1258a1-d0f6-433e-9466-dbc1705fa263,185,high,1,0.999989,map,0.0,True,True,True
logistic,1c1258a1-d0f6-433e-9466-dbc1705fa263,186,high,1,0.999878,appearance,7.159,True,True,True
logistic,1c1258a1-d0f6-433e-9466-dbc1705fa263,187,high,1,0.999991,map,0.0,True,True,True
logistic,1c1258a1-d0f6-433e-9466-dbc1705fa263,188,high,1,0.999996,map,0.0,True,True,True
logistic,1c1258a1-d0f6-433e-9466-dbc1705fa263,189,high,1,1.0,map,1.581,True,True,True
logistic,1c1258a1-d0f6-433e-9466-dbc1705fa263,190,high,2,0.999999,map,1.581,True,True,True
logistic,1c1258a1-d0f6-433e-9466-dbc1705fa263,191,high,2,0.999997,map,1.581,True,True,True
logistic,1c1258a1-d0f6-433e-9466-dbc1705fa263,192,high,1,0.999931,map,0.0,True,True,True
logistic,1c1258a1-d0f6-433e-9466-dbc1705fa263,193,high,1,0.999959,map,0.0,True,True,True
logistic,1c1258a1-d0f6-433e-9466-dbc1705fa263,194,high,1,0.999854,map,0.0,True,True,True
logistic,1c1258a1-d0f6-433e-9466-dbc1705fa263,195,high,2,0.999951,map,5.385,True,True,True
logistic,1c1258a1-d0f6-433e-9466-dbc1705fa263,197,high,2,0.999994,map,0.707,True,True,True
logistic,1c1258a1-d0f6-433e-9466-dbc1705fa263,198,high,3,0.999971,map,4.528,True,True,True
logistic,1c1258a1-d0f6-433e-9466-dbc1705fa263,200,high,2,0.999713,map,1.581,True,True,True
logistic,1c1258a1-d0f6-433e-9466-dbc1705fa263,201,high,2,0.999539,map,2.55,True,True,True
logistic,1c1258a1-d0f6-433e-9466-dbc1705fa263,202,high,1,0.997226,map,0.0,True,True,True
logistic,1c1258a1-d0f6-433e-9466-dbc1705fa263,203,high,1,0.99912,map,0.0,True,True,True
logistic,1c1258a1-d0f6-433e-9466-dbc1705fa263,204,high,1,0.999382,appearance,3.162,True,True,True
logistic,1c1258a1-d0f6-433e-9466-dbc1705fa263,205,high,1,0.996011,map,0.0,True,True,True
logistic,1c1258a1-d0f6-433e-9466-dbc1705fa263,207,high,1,0.998503,map,0.0,True,True,True
logistic,1c1258a1-d0f6-433e-9466-dbc1705fa263,208,high,1,0.999625,map,0.0,True,True,True
logistic,1c1258a1-d0f6-433e-9466-dbc1705fa263,210,high,1,0.999963,map,0.0,True,True,True
logistic,1c1258a1-d0f6-433e-9466-dbc1705fa263,211,high,1,0.999976,appearance,1.803,True,True,True
logistic,1c1258a1-d0f6-433e-9466-dbc1705fa263,212,high,1,0.999962,map,0.0,True,True,True
logistic,1c1258a1-d0f6-433e-9466-dbc1705fa263,213,high,1,0.999971,map,0.0,True,True,True
logistic,1c1258a1-d0f6-433e-9466-dbc1705fa263,215,high,1,0.999844,map,0.0,True,True,True
logistic,1c1258a1-d0f6-433e-9466-dbc1705fa263,216,high,1,0.999977,map,1.581,True,True,True
logistic,1c1258a1-d0f6-433e-9466-dbc1705fa263,217,high,2,0.999874,map,2.121,True,True,True
logistic,1c1258a1-d0f6-433e-9466-dbc1705fa263,218,high,2,0.999908,map,3.536,True,True,True
logistic,1c1258a1-d0f6-433e-9466-dbc1705fa263,219,high,1,0.999968,appearance,2.915,True,True,True
logistic,1c1258a1-d0f6-433e-9466-dbc1705fa263,220,high,2,0.99997,appearance,2.55,True,True,True
logistic,1c1258a1-d0f6-433e-9466-dbc1705fa263,222,high,2,0.999106,appearance,3.162,True,True,True
logistic,1c1258a1-d0f6-433e-9466-dbc1705fa263,223,high,1,0.999704,map,3.536,True,True,True
logistic,1c1258a1-d0f6-433e-9466-dbc1705fa263,225,high,1,0.999822,map,3.536,True,True,True
logistic,1c1258a1-d0f6-433e-9466-dbc1705fa263,227,high,1,0.999203,map,0.0,True,True,True
logistic,1c1258a1-d0f6-433e-9466-dbc1705fa263,228,high,1,0.999388,map,0.0,True,True,True
logistic,1c1258a1-d0f6-433e-9466-dbc1705fa263,230,high,1,0.9997,map,0.0,True,True,True
logistic,1c1258a1-d0f6-433e-9466-dbc1705fa263,233,high,2,0.999961,map,0.0,True,True,True
logistic,1c1258a1-d0f6-433e-9466-dbc1705fa263,234,medium_high,1,0.985564,appearance,2.0,True,True,True
logistic,1c1258a1-d0f6-433e-9466-dbc1705fa263,235,medium_high,1,0.984959,appearance,2.001,True,True,True
logistic,1c1258a1-d0f6-433e-9466-dbc1705fa263,236,medium_high,1,0.951689,appearance,2.532,True,True,True
logistic,1c1258a1-d0f6-433e-9466-dbc1705fa263,237,medium_high,3,0.902765,map,5.668,True,True,True
logistic,1c1258a1-d0f6-433e-9466-dbc1705fa263,238,medium_high,2,0.839242,appearance,2.522,True,True,True
logistic,1c1258a1-d0f6-433e-9466-dbc1705fa263,239,medium_high,24,0.143028,map,8.194,False,True,True
logistic,1c1258a1-d0f6-433e-9466-dbc1705fa263,240,medium_high,24,0.858773,map,3.417,True,True,True
logistic,1c1258a1-d0f6-433e-9466-dbc1705fa263,241,medium_high,14,0.783583,map,2.644,True,True,True
logistic,1c1258a1-d0f6-433e-9466-dbc1705fa263,242,medium_high,32,0.647107,map,2.119,True,True,True
logistic,1c1258a1-d0f6-433e-9466-dbc1705fa263,243,medium_high,43,0.805717,map,5.08,True,True,True
logistic,1c1258a1-d0f6-433e-9466-dbc1705fa263,244,medium_high,43,0.602687,map,4.145,True,True,True
logistic,1c1258a1-d0f6-433e-9466-dbc1705fa263,245,medium_high,27,0.983148,motion,7.507,True,True,True
logistic,1c1258a1-d0f6-433e-9466-dbc1705fa263,246,medium_high,16,0.975903,motion,6.774,True,True,True
logistic,1c1258a1-d0f6-433e-9466-dbc1705fa263,247,medium_high,34,0.984864,map,4.639,True,True,True
logistic,1c1258a1-d0f6-433e-9466-dbc1705fa263,248,medium_high,42,0.957536,map,3.64,True,True,True
logistic,1c1258a1-d0f6-433e-9466-dbc1705fa263,249,medium_high,40,0.953416,map,2.665,True,True,True
logistic,1c1258a1-d0f6-433e-9466-dbc1705fa263,250,medium_high,8,0.088816,appearance,5.646,True,True,True
logistic,1c1258a1-d0f6-433e-9466-dbc1705fa263,251,medium_high,1,0.02768,appearance,5.951,True,True,True
logistic,1c1258a1-d0f6-433e-9466-dbc1705fa263,252,medium_high,26,0.758484,map,4.37,True,True,True
logistic,1c1258a1-d0f6-433e-9466-dbc1705fa263,253,medium_high,30,0.739623,map,4.444,True,True,True
logistic,1c1258a1-d0f6-433e-9466-dbc1705fa263,254,medium_high,29,0.757404,map,4.742,True,True,True
logistic,1c1258a1-d0f6-433e-9466-dbc1705fa263,255,medium_high,1,0.737602,map,8.723,False,True,True
logistic,1c1258a1-d0f6-433e-9466-dbc1705fa263,256,medium_high,1,0.309289,map,8.692,False,True,True
logistic,1c1258a1-d0f6-433e-9466-dbc1705fa263,257,medium_high,1,0.365305,appearance,4.888,True,True,True
logistic,1c1258a1-d0f6-433e-9466-dbc1705fa263,258,medium_high,1,0.299525,appearance,4.862,True,True,True
logistic,1c1258a1-d0f6-433e-9466-dbc1705fa263,259,medium_high,1,0.069302,appearance,3.714,True,True,True
logistic,1c1258a1-d0f6-433e-9466-dbc1705fa263,260,medium_high,1,0.983349,map,2.1,True,True,True
logistic,1c1258a1-d0f6-433e-9466-dbc1705fa263,261,medium_high,2,0.961261,map,1.465,True,True,True
logistic,1c1258a1-d0f6-433e-9466-dbc1705fa263,262,medium_high,1,0.997478,map,0.03,True,True,True
logistic,1c1258a1-d0f6-433e-9466-dbc1705fa263,263,high,1,0.999661,map,0.0,True,True,True
logistic,1c1258a1-d0f6-433e-9466-dbc1705fa263,264,high,2,0.999774,map,0.0,True,True,True
logistic,1c1258a1-d0f6-433e-9466-dbc1705fa263,265,high,1,0.999976,map,0.0,True,True,True
logistic,1c1258a1-d0f6-433e-9466-dbc1705fa263,266,high,2,0.999915,map,0.0,True,True,True
logistic,1c1258a1-d0f6-433e-9466-dbc1705fa263,267,high,1,0.999984,map,0.0,True,True,True
logistic,1c1258a1-d0f6-433e-9466-dbc1705fa263,268,high,1,0.999994,map,0.0,True,True,True
logistic,1c1258a1-d0f6-433e-9466-dbc1705fa263,269,high,2,0.999979,map,0.0,True,True,True
logistic,1c1258a1-d0f6-433e-9466-dbc1705fa263,270,high,1,0.999991,map,0.0,True,True,True
logistic,1c1258a1-d0f6-433e-9466-dbc1705fa263,271,high,2,0.999972,map,0.0,True,True,True
logistic,1c1258a1-d0f6-433e-9466-dbc1705fa263,272,high,1,0.999931,map,0.0,True,True,True
logistic,1c1258a1-d0f6-433e-9466-dbc1705fa263,273,high,1,0.999982,map,0.0,True,True,True
logistic,1c1258a1-d0f6-433e-9466-dbc1705fa263,274,high,2,0.999937,map,0.0,True,True,True
logistic,1c1258a1-d0f6-433e-9466-dbc1705fa263,275,high,1,0.999971,map,0.0,True,True,True
logistic,1c1258a1-d0f6-433e-9466-dbc1705fa263,276,high,2,0.999926,map,0.0,True,True,True
logistic,1c1258a1-d0f6-433e-9466-dbc1705fa263,277,high,1,0.999903,map,0.0,True,True,True
logistic,1c1258a1-d0f6-433e-9466-dbc1705fa263,278,high,1,0.999993,map,0.0,True,True,True
logistic,1c1258a1-d0f6-433e-9466-dbc1705fa263,279,high,2,0.99998,map,0.0,True,True,True
logistic,1c1258a1-d0f6-433e-9466-dbc1705fa263,280,high,1,0.999993,map,0.0,True,True,True
logistic,1c1258a1-d0f6-433e-9466-dbc1705fa263,281,high,2,0.999972,map,0.0,True,True,True
logistic,1c1258a1-d0f6-433e-9466-dbc1705fa263,282,high,1,0.999928,map,0.0,True,True,True
logistic,1c1258a1-d0f6-433e-9466-dbc1705fa263,283,high,1,0.999996,map,0.0,True,True,True
logistic,1c1258a1-d0f6-433e-9466-dbc1705fa263,284,high,2,0.999987,map,0.0,True,True,True
logistic,1c1258a1-d0f6-433e-9466-dbc1705fa263,285,high,1,0.999998,map,0.0,True,True,True
logistic,1c1258a1-d0f6-433e-9466-dbc1705fa263,286,high,2,0.999991,map,0.0,True,True,True
logistic,1c1258a1-d0f6-433e-9466-dbc1705fa263,287,high,1,0.999948,map,0.0,True,True,True
logistic,1c1258a1-d0f6-433e-9466-dbc1705fa263,288,high,1,0.999997,map,0.0,True,True,True
logistic,1c1258a1-d0f6-433e-9466-dbc1705fa263,289,high,2,0.999991,map,0.0,True,True,True
logistic,1c1258a1-d0f6-433e-9466-dbc1705fa263,290,high,3,0.999996,map,3.536,True,True,True
logistic,1c1258a1-d0f6-433e-9466-dbc1705fa263,291,high,3,0.999991,map,5.701,True,True,True
logistic,1c1258a1-d0f6-433e-9466-dbc1705fa263,292,high,2,0.999975,map,3.808,True,True,True
logistic,1c1258a1-d0f6-433e-9466-dbc1705fa263,293,high,1,0.999993,map,0.0,True,True,True
logistic,1c1258a1-d0f6-433e-9466-dbc1705fa263,294,high,2,0.999968,map,0.0,True,True,True
logistic,1c1258a1-d0f6-433e-9466-dbc1705fa263,295,high,1,0.99999,map,0.0,True,True,True
logistic,1c1258a1-d0f6-433e-9466-dbc1705fa263,296,high,2,0.999975,map,0.0,True,True,True
logistic,1c1258a1-d0f6-433e-9466-dbc1705fa263,297,high,2,0.999944,map,3.808,True,True,True
logistic,1c1258a1-d0f6-433e-9466-dbc1705fa263,298,high,4,0.99995,map,1.581,True,True,True
logistic,1c1258a1-d0f6-433e-9466-dbc1705fa263,299,high,5,0.999836,map,1.581,True,True,True
logistic,1c1258a1-d0f6-433e-9466-dbc1705fa263,300,high,2,0.9999,map,3.606,True,True,True
logistic,1c1258a1-d0f6-433e-9466-dbc1705fa263,301,high,4,0.998659,motion,5.408,True,True,True
logistic,1c1258a1-d0f6-433e-9466-dbc1705fa263,302,high,3,0.998101,motion,8.322,False,True,True
logistic,1c1258a1-d0f6-433e-9466-dbc1705fa263,303,high,1,1.0,map,3.536,True,True,True
logistic,1c1258a1-d0f6-433e-9466-dbc1705fa263,304,high,2,0.999999,map,3.808,True,True,True
logistic,1c1258a1-d0f6-433e-9466-dbc1705fa263,305,high,2,1.0,map,4.528,True,True,True
logistic,1c1258a1-d0f6-433e-9466-dbc1705fa263,306,high,3,0.999999,map,3.536,True,True,True
logistic,1c1258a1-d0f6-433e-9466-dbc1705fa263,307,high,1,1.0,map,0.0,True,True,True
logistic,1c1258a1-d0f6-433e-9466-dbc1705fa263,308,high,2,0.999999,map,0.0,True,True,True
logistic,1c1258a1-d0f6-433e-9466-dbc1705fa263,309,high,2,0.999999,map,6.519,True,True,True
logistic,1c1258a1-d0f6-433e-9466-dbc1705fa263,310,high,1,1.0,map,0.0,True,True,True
logistic,1c1258a1-d0f6-433e-9466-dbc1705fa263,311,high,2,1.0,map,0.0,True,True,True
logistic,1c1258a1-d0f6-433e-9466-dbc1705fa263,312,high,1,0.999999,map,0.0,True,True,True
logistic,1c1258a1-d0f6-433e-9466-dbc1705fa263,313,high,1,1.0,map,0.0,True,True,True
logistic,1c1258a1-d0f6-433e-9466-dbc1705fa263,314,high,2,0.999998,map,7.106,True,True,True
logistic,1c1258a1-d0f6-433e-9466-dbc1705fa263,315,high,2,1.0,map,3.808,True,True,True
logistic,1c1258a1-d0f6-433e-9466-dbc1705fa263,316,high,3,1.0,map,5.701,True,True,True
logistic,1c1258a1-d0f6-433e-9466-dbc1705fa263,317,high,3,1.0,map,3.808,True,True,True
logistic,1c1258a1-d0f6-433e-9466-dbc1705fa263,318,high,2,1.0,map,0.0,True,True,True
logistic,1c1258a1-d0f6-433e-9466-dbc1705fa263,319,high,1,0.999999,map,7.382,True,True,True
logistic,1c1258a1-d0f6-433e-9466-dbc1705fa263,320,high,3,1.0,map,3.536,True,True,True
logistic,1c1258a1-d0f6-433e-9466-dbc1705fa263,321,high,4,1.0,map,3.808,True,True,True
logistic,1c1258a1-d0f6-433e-9466-dbc1705fa263,322,high,5,1.0,map,4.743,True,True,True
logistic,1c1258a1-d0f6-433e-9466-dbc1705fa263,323,high,1,1.0,map,0.0,True,True,True
logistic,1c1258a1-d0f6-433e-9466-dbc1705fa263,324,high,2,1.0,map,0.0,True,True,True
logistic,1c1258a1-d0f6-433e-9466-dbc1705fa263,325,high,1,1.0,map,0.0,True,True,True
logistic,1c1258a1-d0f6-433e-9466-dbc1705fa263,326,high,2,1.0,map,1.0,True,True,True
logistic,1c1258a1-d0f6-433e-9466-dbc1705fa263,327,high,1,1.0,map,19.66,False,False,True
logistic,1c1258a1-d0f6-433e-9466-dbc1705fa263,328,high,2,1.0,map,12.981,False,True,True
logistic,1c1258a1-d0f6-433e-9466-dbc1705fa263,329,high,2,1.0,map,17.103,False,False,True
logistic,1c1258a1-d0f6-433e-9466-dbc1705fa263,330,high,1,1.0,map,13.285,False,True,True
logistic,1c1258a1-d0f6-433e-9466-dbc1705fa263,331,high,2,1.0,map,12.298,False,True,True
logistic,1c1258a1-d0f6-433e-9466-dbc1705fa263,332,high,1,0.999999,map,10.7,False,True,True
logistic,1c1258a1-d0f6-433e-9466-dbc1705fa263,333,high,3,1.0,map,14.765,False,True,True
logistic,1c1258a1-d0f6-433e-9466-dbc1705fa263,334,high,14,1.0,map,16.8,False,False,False
logistic,1c1258a1-d0f6-433e-9466-dbc1705fa263,335,high,4,1.0,map,13.865,False,True,True
logistic,1c1258a1-d0f6-433e-9466-dbc1705fa263,336,high,7,1.0,map,15.0,False,True,True
logistic,1c1258a1-d0f6-433e-9466-dbc1705fa263,337,high,4,0.999999,map,14.5,False,True,True
logistic,1c1258a1-d0f6-433e-9466-dbc1705fa263,338,high,5,0.999999,map,13.901,False,True,True
logistic,1c1258a1-d0f6-433e-9466-dbc1705fa263,339,high,13,0.999995,map,14.916,False,True,False
logistic,1c1258a1-d0f6-433e-9466-dbc1705fa263,340,high,51,0.999996,map,12.748,False,True,True
logistic,1c1258a1-d0f6-433e-9466-dbc1705fa263,341,high,51,0.999986,map,12.981,False,True,False
logistic,1c1258a1-d0f6-433e-9466-dbc1705fa263,342,high,1,0.999992,map,13.454,False,True,False
logistic,1c1258a1-d0f6-433e-9466-dbc1705fa263,343,high,1,0.999999,map,12.53,False,True,True
logistic,1c1258a1-d0f6-433e-9466-dbc1705fa263,344,high,1,0.999925,appearance,11.673,False,True,True
logistic,1c1258a1-d0f6-433e-9466-dbc1705fa263,345,high,1,0.999998,map,12.298,False,True,True
logistic,1c1258a1-d0f6-433e-9466-dbc1705fa263,346,high,1,0.999885,appearance,11.336,False,True,False
logistic,529a6584-8974-4cf9-b7f7-f66d49cd3845,37,high,1,0.999771,map,0.0,True,True,True
logistic,529a6584-8974-4cf9-b7f7-f66d49cd3845,38,high,1,0.999997,map,0.0,True,True,True
logistic,529a6584-8974-4cf9-b7f7-f66d49cd3845,39,high,2,0.99999,map,3.606,True,True,True
logistic,529a6584-8974-4cf9-b7f7-f66d49cd3845,40,high,1,0.999992,map,0.0,True,True,True
logistic,529a6584-8974-4cf9-b7f7-f66d49cd3845,41,high,2,0.99999,map,4.472,True,True,True
logistic,529a6584-8974-4cf9-b7f7-f66d49cd3845,42,high,1,0.999992,map,0.0,True,True,True
logistic,529a6584-8974-4cf9-b7f7-f66d49cd3845,43,high,1,0.999998,map,0.0,True,True,True
logistic,529a6584-8974-4cf9-b7f7-f66d49cd3845,44,high,2,0.999998,map,0.0,True,True,True
logistic,529a6584-8974-4cf9-b7f7-f66d49cd3845,45,high,2,0.999999,map,6.671,True,True,True
logistic,529a6584-8974-4cf9-b7f7-f66d49cd3845,46,high,3,0.999994,map,9.823,False,True,True
logistic,529a6584-8974-4cf9-b7f7-f66d49cd3845,47,high,1,0.999975,map,0.0,True,True,True
logistic,529a6584-8974-4cf9-b7f7-f66d49cd3845,48,high,1,0.999997,map,0.0,True,True,True
logistic,529a6584-8974-4cf9-b7f7-f66d49cd3845,49,high,1,0.99992,map,0.0,True,True,True
logistic,529a6584-8974-4cf9-b7f7-f66d49cd3845,50,high,1,0.999992,map,0.0,True,True,True
logistic,529a6584-8974-4cf9-b7f7-f66d49cd3845,51,high,1,0.999946,map,0.0,True,True,True
logistic,529a6584-8974-4cf9-b7f7-f66d49cd3845,52,high,1,0.999938,map,0.0,True,True,True
logistic,529a6584-8974-4cf9-b7f7-f66d49cd3845,53,high,1,0.999995,map,0.0,True,True,True
logistic,529a6584-8974-4cf9-b7f7-f66d49cd3845,54,high,1,0.999967,map,0.0,True,True,True
logistic,529a6584-8974-4cf9-b7f7-f66d49cd3845,55,high,3,0.999999,map,8.86,False,True,True
logistic,529a6584-8974-4cf9-b7f7-f66d49cd3845,56,high,4,0.999995,map,12.021,False,True,True
logistic,529a6584-8974-4cf9-b7f7-f66d49cd3845,57,high,5,0.999966,map,12.981,False,True,True
logistic,529a6584-8974-4cf9-b7f7-f66d49cd3845,58,high,1,0.999992,map,0.0,True,True,True
logistic,529a6584-8974-4cf9-b7f7-f66d49cd3845,59,high,2,0.999975,map,0.0,True,True,True
logistic,529a6584-8974-4cf9-b7f7-f66d49cd3845,60,high,1,0.999987,map,0.0,True,True,True
logistic,529a6584-8974-4cf9-b7f7-f66d49cd3845,61,high,2,0.999977,map,0.0,True,True,True
logistic,529a6584-8974-4cf9-b7f7-f66d49cd3845,62,high,3,0.999872,map,4.0,True,True,True
logistic,529a6584-8974-4cf9-b7f7-f66d49cd3845,63,high,1,0.999945,map,0.0,True,True,True
logistic,529a6584-8974-4cf9-b7f7-f66d49cd3845,64,high,2,0.999883,map,0.0,True,True,True
logistic,529a6584-8974-4cf9-b7f7-f66d49cd3845,100,high,4,0.99993,map,13.509,False,True,True
logistic,529a6584-8974-4cf9-b7f7-f66d49cd3845,101,high,2,0.999315,map,0.0,True,True,True
logistic,529a6584-8974-4cf9-b7f7-f66d49cd3845,102,high,1,0.999884,map,0.0,True,True,True
logistic,529a6584-8974-4cf9-b7f7-f66d49cd3845,103,high,1,0.999987,map,0.0,True,True,True
logistic,529a6584-8974-4cf9-b7f7-f66d49cd3845,105,high,1,0.999992,map,0.0,True,True,True
logistic,529a6584-8974-4cf9-b7f7-f66d49cd3845,106,high,1,0.999887,appearance,9.192,False,True,True
logistic,529a6584-8974-4cf9-b7f7-f66d49cd3845,107,high,1,0.999945,map,0.0,True,True,True
logistic,529a6584-8974-4cf9-b7f7-f66d49cd3845,108,high,1,0.999983,map,0.0,True,True,True
logistic,529a6584-8974-4cf9-b7f7-f66d49cd3845,109,high,2,0.999949,map,0.0,True,True,True
logistic,529a6584-8974-4cf9-b7f7-f66d49cd3845,115,high,5,1.0,map,2.55,True,True,True
logistic,529a6584-8974-4cf9-b7f7-f66d49cd3845,116,high,2,0.998833,map,0.0,True,True,True
logistic,529a6584-8974-4cf9-b7f7-f66d49cd3845,118,high,1,0.999911,map,0.0,True,True,True
logistic,529a6584-8974-4cf9-b7f7-f66d49cd3845,119,high,2,0.999668,map,0.0,True,True,True
logistic,529a6584-8974-4cf9-b7f7-f66d49cd3845,122,high,1,0.999817,map,0.0,True,True,True
logistic,529a6584-8974-4cf9-b7f7-f66d49cd3845,123,high,1,0.999987,map,0.0,True,True,True
logistic,529a6584-8974-4cf9-b7f7-f66d49cd3845,124,high,2,0.999952,map,0.0,True,True,True
logistic,529a6584-8974-4cf9-b7f7-f66d49cd3845,127,high,1,0.999905,map,0.0,True,True,True
logistic,529a6584-8974-4cf9-b7f7-f66d49cd3845,128,high,1,0.999991,map,0.0,True,True,True
logistic,529a6584-8974-4cf9-b7f7-f66d49cd3845,129,high,2,0.999967,map,0.0,True,True,True
logistic,529a6584-8974-4cf9-b7f7-f66d49cd3845,135,high,1,0.999473,map,8.062,False,True,True
logistic,529a6584-8974-4cf9-b7f7-f66d49cd3845,136,high,2,0.99804,map,10.296,False,True,True
logistic,529a6584-8974-4cf9-b7f7-f66d49cd3845,140,high,1,1.0,map,7.906,True,True,True
logistic,529a6584-8974-4cf9-b7f7-f66d49cd3845,141,high,2,0.999999,map,9.823,False,True,True
logistic,529a6584-8974-4cf9-b7f7-f66d49cd3845,143,high,5,0.999999,map,4.301,True,True,True
logistic,529a6584-8974-4cf9-b7f7-f66d49cd3845,144,high,6,0.999997,map,5.148,True,True,True
logistic,529a6584-8974-4cf9-b7f7-f66d49cd3845,147,high,4,0.999921,map,7.616,True,True,True
logistic,529a6584-8974-4cf9-b7f7-f66d49cd3845,148,high,1,0.999992,map,0.0,True,True,True
logistic,59e41a0c-f704-4589-96db-d7c283d33717,324,high,1,0.999945,map,0.0,True,True,True
logistic,59e41a0c-f704-4589-96db-d7c283d33717,330,high,1,0.999999,map,0.0,True,True,True
logistic,59e41a0c-f704-4589-96db-d7c283d33717,336,high,2,1.0,appearance,3.041,True,True,True
logistic,59e41a0c-f704-4589-96db-d7c283d33717,342,high,1,0.999947,appearance,0.0,True,True,True
logistic,59e41a0c-f704-4589-96db-d7c283d33717,348,high,1,0.999963,map,0.0,True,True,True
logistic,7bd296cd-c800-4be9-ab0f-07e8d68cb648,437,high,1,0.99999,map,0.0,True,True,True
logistic,7bd296cd-c800-4be9-ab0f-07e8d68cb648,438,high,1,1.0,map,0.0,True,True,True
logistic,7bd296cd-c800-4be9-ab0f-07e8d68cb648,439,high,2,0.999999,map,3.606,True,True,True
logistic,7bd296cd-c800-4be9-ab0f-07e8d68cb648,440,high,1,1.0,map,0.0,True,True,True
logistic,7bd296cd-c800-4be9-ab0f-07e8d68cb648,441,high,2,0.999999,map,4.472,True,True,True
logistic,7bd296cd-c800-4be9-ab0f-07e8d68cb648,442,high,1,1.0,map,0.0,True,True,True
logistic,7bd296cd-c800-4be9-ab0f-07e8d68cb648,443,high,1,1.0,map,0.0,True,True,True
logistic,7bd296cd-c800-4be9-ab0f-07e8d68cb648,444,high,2,1.0,map,0.0,True,True,True
logistic,7bd296cd-c800-4be9-ab0f-07e8d68cb648,445,high,1,1.0,map,0.0,True,True,True
logistic,7bd296cd-c800-4be9-ab0f-07e8d68cb648,446,high,1,0.999999,map,0.0,True,True,True
logistic,7bd296cd-c800-4be9-ab0f-07e8d68cb648,447,high,1,1.0,map,0.0,True,True,True
logistic,7bd296cd-c800-4be9-ab0f-07e8d68cb648,448,high,1,1.0,map,4.743,True,True,True
logistic,7bd296cd-c800-4be9-ab0f-07e8d68cb648,449,high,1,0.999998,map,4.243,True,True,True
logistic,7bd296cd-c800-4be9-ab0f-07e8d68cb648,450,high,1,1.0,map,0.0,True,True,True
logistic,7bd296cd-c800-4be9-ab0f-07e8d68cb648,451,high,1,0.999999,map,0.0,True,True,True
logistic,7bd296cd-c800-4be9-ab0f-07e8d68cb648,452,high,1,1.0,map,0.0,True,True,True
logistic,7bd296cd-c800-4be9-ab0f-07e8d68cb648,453,high,1,1.0,map,0.0,True,True,True
logistic,7bd296cd-c800-4be9-ab0f-07e8d68cb648,454,high,1,1.0,map,0.0,True,True,True
logistic,7bd296cd-c800-4be9-ab0f-07e8d68cb648,455,high,1,1.0,map,0.0,True,True,True
logistic,7bd296cd-c800-4be9-ab0f-07e8d68cb648,456,high,2,1.0,map,0.0,True,True,True
logistic,7bd296cd-c800-4be9-ab0f-07e8d68cb648,457,high,1,0.999999,map,0.0,True,True,True
logistic,7bd296cd-c800-4be9-ab0f-07e8d68cb648,458,high,1,1.0,map,0.0,True,True,True
logistic,7bd296cd-c800-4be9-ab0f-07e8d68cb648,459,high,1,0.999996,map,0.0,True,True,True
logistic,7bd296cd-c800-4be9-ab0f-07e8d68cb648,460,high,1,1.0,map,0.0,True,True,True
logistic,7bd296cd-c800-4be9-ab0f-07e8d68cb648,461,high,2,0.999999,map,0.0,True,True,True
logistic,7bd296cd-c800-4be9-ab0f-07e8d68cb648,462,high,1,0.999995,map,0.0,True,True,True
logistic,7bd296cd-c800-4be9-ab0f-07e8d68cb648,463,high,1,0.999999,map,0.0,True,True,True
logistic,7bd296cd-c800-4be9-ab0f-07e8d68cb648,465,high,1,0.999997,map,0.0,True,True,True
logistic,7bd296cd-c800-4be9-ab0f-07e8d68cb648,494,high,4,0.999772,map,4.743,True,True,True
logistic,7bd296cd-c800-4be9-ab0f-07e8d68cb648,500,high,4,0.999991,map,4.301,True,True,True
logistic,7bd296cd-c800-4be9-ab0f-07e8d68cb648,501,high,2,0.998815,map,0.0,True,True,True
logistic,7bd296cd-c800-4be9-ab0f-07e8d68cb648,503,high,1,0.999898,map,0.0,True,True,True
logistic,7bd296cd-c800-4be9-ab0f-07e8d68cb648,505,high,1,0.999989,map,0.0,True,True,True
logistic,7bd296cd-c800-4be9-ab0f-07e8d68cb648,506,high,1,0.999902,appearance,10.548,False,True,True
logistic,7bd296cd-c800-4be9-ab0f-07e8d68cb648,508,high,3,0.999995,map,4.123,True,True,True
logistic,7bd296cd-c800-4be9-ab0f-07e8d68cb648,509,high,3,0.99994,map,6.083,True,True,True
logistic,7bd296cd-c800-4be9-ab0f-07e8d68cb648,510,high,1,0.99998,map,0.0,True,True,True
logistic,7bd296cd-c800-4be9-ab0f-07e8d68cb648,511,high,2,0.999796,map,0.0,True,True,True
logistic,7bd296cd-c800-4be9-ab0f-07e8d68cb648,515,high,6,1.0,map,2.55,True,True,True
logistic,7bd296cd-c800-4be9-ab0f-07e8d68cb648,516,high,2,0.999758,map,0.0,True,True,True
logistic,7bd296cd-c800-4be9-ab0f-07e8d68cb648,517,high,1,0.999984,map,0.0,True,True,True
logistic,7bd296cd-c800-4be9-ab0f-07e8d68cb648,532,high,6,0.999951,map,11.511,False,True,True
logistic,7bd296cd-c800-4be9-ab0f-07e8d68cb648,535,high,1,0.99987,map,8.062,False,True,True
logistic,7bd296cd-c800-4be9-ab0f-07e8d68cb648,536,high,2,0.999165,map,10.296,False,True,True
logistic,7bd296cd-c800-4be9-ab0f-07e8d68cb648,537,high,2,0.999994,map,3.536,True,True,True
logistic,7bd296cd-c800-4be9-ab0f-07e8d68cb648,540,high,1,1.0,map,7.906,True,True,True
logistic,7bd296cd-c800-4be9-ab0f-07e8d68cb648,541,high,2,1.0,map,10.124,False,True,True
logistic,7bd296cd-c800-4be9-ab0f-07e8d68cb648,547,high,4,0.99973,map,7.071,True,True,True
logistic,7bd296cd-c800-4be9-ab0f-07e8d68cb648,550,high,5,0.99996,map,6.042,True,True,True
logistic,7bd296cd-c800-4be9-ab0f-07e8d68cb648,551,high,5,0.999605,map,7.106,True,True,True
logistic,7bd296cd-c800-4be9-ab0f-07e8d68cb648,552,high,5,0.99706,map,9.618,False,True,True
logistic,7bd296cd-c800-4be9-ab0f-07e8d68cb648,553,high,1,0.999698,map,0.0,True,True,True
logistic,7bd296cd-c800-4be9-ab0f-07e8d68cb648,554,high,1,0.979442,appearance,0.0,True,True,True
logistic,7bd296cd-c800-4be9-ab0f-07e8d68cb648,555,high,2,0.998916,map,7.382,True,True,True
logistic,7bd296cd-c800-4be9-ab0f-07e8d68cb648,556,high,3,0.993031,map,9.618,False,True,True
logistic,7bd296cd-c800-4be9-ab0f-07e8d68cb648,557,high,3,0.996155,motion,5.831,True,True,True
logistic,7bd296cd-c800-4be9-ab0f-07e8d68cb648,558,high,1,0.998557,map,0.0,True,True,True
logistic,7bd296cd-c800-4be9-ab0f-07e8d68cb648,559,high,4,0.97808,motion,10.0,False,True,True
logistic,7bd296cd-c800-4be9-ab0f-07e8d68cb648,560,high,40,0.98388,map,60.877,False,False,True
logistic,7bd296cd-c800-4be9-ab0f-07e8d68cb648,561,high,2,0.897105,map,6.083,True,True,True
logistic,7bd296cd-c800-4be9-ab0f-07e8d68cb648,562,high,1,0.95744,map,0.0,True,True,True
logistic,7bd296cd-c800-4be9-ab0f-07e8d68cb648,563,high,2,0.986874,map,9.192,False,True,True
logistic,7bd296cd-c800-4be9-ab0f-07e8d68cb648,564,high,3,0.959117,map,6.671,True,True,True
logistic,7bd296cd-c800-4be9-ab0f-07e8d68cb648,565,high,61,0.99751,map,60.877,False,False,True
logistic,7bd296cd-c800-4be9-ab0f-07e8d68cb648,566,high,41,0.996104,map,59.666,False,False,True
logistic,7bd296cd-c800-4be9-ab0f-07e8d68cb648,568,high,4,0.998421,map,4.301,True,True,True
logistic,7bd296cd-c800-4be9-ab0f-07e8d68cb648,569,high,6,0.997408,map,9.192,False,True,True
logistic,7bd296cd-c800-4be9-ab0f-07e8d68cb648,570,high,1,0.980529,map,7.382,True,True,True
logistic,7bd296cd-c800-4be9-ab0f-07e8d68cb648,571,high,1,0.840751,map,0.0,True,True,True
logistic,7bd296cd-c800-4be9-ab0f-07e8d68cb648,572,high,2,0.70117,motion,7.762,True,True,True
logistic,7bd296cd-c800-4be9-ab0f-07e8d68cb648,573,high,2,0.854834,map,5.701,True,True,True
logistic,7bd296cd-c800-4be9-ab0f-07e8d68cb648,574,high,79,0.966477,map,66.483,False,False,True
logistic,7bd296cd-c800-4be9-ab0f-07e8d68cb648,575,high,2,0.844826,map,14.714,False,True,True
logistic,7bd296cd-c800-4be9-ab0f-07e8d68cb648,576,high,5,0.503748,map,6.403,True,True,True
logistic,7bd296cd-c800-4be9-ab0f-07e8d68cb648,577,high,3,0.948563,map,7.106,True,True,True
logistic,7bd296cd-c800-4be9-ab0f-07e8d68cb648,578,high,7,0.997107,map,4.743,True,True,True
logistic,7bd296cd-c800-4be9-ab0f-07e8d68cb648,579,high,9,0.699585,map,6.964,True,True,True
logistic,7bd296cd-c800-4be9-ab0f-07e8d68cb648,580,high,9,0.819398,map,3.808,True,True,True
logistic,7bd296cd-c800-4be9-ab0f-07e8d68cb648,581,high,12,0.830067,appearance,70.228,False,False,True
logistic,7bd296cd-c800-4be9-ab0f-07e8d68cb648,582,high,5,0.883144,map,25.544,False,False,True
logistic,7bd296cd-c800-4be9-ab0f-07e8d68cb648,583,high,16,0.777599,appearance,103.347,False,False,True
logistic,7bd296cd-c800-4be9-ab0f-07e8d68cb648,584,high,54,0.117977,map,101.383,False,False,True
logistic,7bd296cd-c800-4be9-ab0f-07e8d68cb648,585,high,7,0.815705,map,0.0,True,True,True
logistic,7bd296cd-c800-4be9-ab0f-07e8d68cb648,586,high,6,0.857578,map,0.0,True,True,True
logistic,7bd296cd-c800-4be9-ab0f-07e8d68cb648,587,high,1,0.985705,map,0.0,True,True,True
logistic,7bd296cd-c800-4be9-ab0f-07e8d68cb648,588,high,1,0.997187,map,0.0,True,True,True
logistic,7bd296cd-c800-4be9-ab0f-07e8d68cb648,589,medium_high,1,0.997816,map,4.123,True,True,True
logistic,7bd296cd-c800-4be9-ab0f-07e8d68cb648,590,medium_high,1,0.999029,map,3.0,True,True,True
logistic,aaf1eafd-36d7-43e4-a539-fd79029ddf90,288,high,1,0.999464,temporal_stack,0.0,True,True,True
logistic,aaf1eafd-36d7-43e4-a539-fd79029ddf90,290,high,1,0.992198,temporal_stack,0.0,True,True,True
logistic,aaf1eafd-36d7-43e4-a539-fd79029ddf90,291,high,1,0.996788,temporal_stack,0.0,True,True,True
logistic,aaf1eafd-36d7-43e4-a539-fd79029ddf90,303,high,5,0.910358,temporal_stack,7.211,True,True,True
logistic,aaf1eafd-36d7-43e4-a539-fd79029ddf90,304,high,6,0.925417,temporal_stack,8.062,False,True,True
logistic,aaf1eafd-36d7-43e4-a539-fd79029ddf90,305,high,1,0.967678,temporal_stack,0.0,True,True,True
logistic,aaf1eafd-36d7-43e4-a539-fd79029ddf90,306,high,1,0.980384,temporal_stack,0.0,True,True,True
logistic,aaf1eafd-36d7-43e4-a539-fd79029ddf90,307,high,13,0.924719,map,66.611,False,False,True
logistic,aaf1eafd-36d7-43e4-a539-fd79029ddf90,308,high,1,0.99222,temporal_stack,0.0,True,True,True
logistic,aaf1eafd-36d7-43e4-a539-fd79029ddf90,309,high,6,0.945816,temporal_stack,3.0,True,True,True
logistic,aaf1eafd-36d7-43e4-a539-fd79029ddf90,310,high,6,0.925942,temporal_stack,3.0,True,True,True
logistic,aaf1eafd-36d7-43e4-a539-fd79029ddf90,311,high,6,0.937833,temporal_stack,6.0,True,True,True
logistic,aaf1eafd-36d7-43e4-a539-fd79029ddf90,312,high,3,0.90885,temporal_stack,4.743,True,True,True
logistic,aaf1eafd-36d7-43e4-a539-fd79029ddf90,313,high,1,0.901767,temporal_stack,0.0,True,True,True
logistic,aaf1eafd-36d7-43e4-a539-fd79029ddf90,314,high,5,0.904151,temporal_stack,2.828,True,True,True
logistic,aaf1eafd-36d7-43e4-a539-fd79029ddf90,315,high,1,0.742202,temporal_stack,0.0,True,True,True
logistic,aaf1eafd-36d7-43e4-a539-fd79029ddf90,316,high,1,0.817768,temporal_stack,0.0,True,True,True
logistic,aaf1eafd-36d7-43e4-a539-fd79029ddf90,317,high,1,0.873593,temporal_stack,0.0,True,True,True
logistic,aaf1eafd-36d7-43e4-a539-fd79029ddf90,318,high,1,0.944336,temporal_stack,0.0,True,True,True
logistic,aaf1eafd-36d7-43e4-a539-fd79029ddf90,319,high,1,0.911507,temporal_stack,0.0,True,True,True
logistic,aaf1eafd-36d7-43e4-a539-fd79029ddf90,320,high,1,0.886175,temporal_stack,0.0,True,True,True
logistic,aaf1eafd-36d7-43e4-a539-fd79029ddf90,321,high,1,0.899849,temporal_stack,0.0,True,True,True
logistic,aaf1eafd-36d7-43e4-a539-fd79029ddf90,322,high,1,0.793403,temporal_stack,0.0,True,True,True
logistic,aaf1eafd-36d7-43e4-a539-fd79029ddf90,323,high,1,0.866225,temporal_stack,0.0,True,True,True
logistic,aaf1eafd-36d7-43e4-a539-fd79029ddf90,324,high,1,0.843448,temporal_stack,0.0,True,True,True
logistic,aaf1eafd-36d7-43e4-a539-fd79029ddf90,325,high,1,0.814048,temporal_stack,0.0,True,True,True
logistic,aaf1eafd-36d7-43e4-a539-fd79029ddf90,326,high,1,0.819161,temporal_stack,0.0,True,True,True
logistic,aaf1eafd-36d7-43e4-a539-fd79029ddf90,327,high,1,0.55465,temporal_stack,0.0,True,True,True
logistic,aaf1eafd-36d7-43e4-a539-fd79029ddf90,328,high,1,0.28099,temporal_stack,0.0,True,True,True
logistic,aaf1eafd-36d7-43e4-a539-fd79029ddf90,329,high,1,0.173212,temporal_stack,0.0,True,True,True
logistic,aaf1eafd-36d7-43e4-a539-fd79029ddf90,330,high,44,0.457974,map,123.167,False,False,True
logistic,aaf1eafd-36d7-43e4-a539-fd79029ddf90,331,high,48,0.329757,map,122.115,False,False,True
logistic,aaf1eafd-36d7-43e4-a539-fd79029ddf90,332,high,2,0.228332,temporal_stack,6.708,True,True,True
logistic,aaf1eafd-36d7-43e4-a539-fd79029ddf90,333,high,2,0.249652,temporal_stack,6.708,True,True,True
logistic,aaf1eafd-36d7-43e4-a539-fd79029ddf90,334,high,1,0.414311,temporal_stack,0.0,True,True,True
logistic,aaf1eafd-36d7-43e4-a539-fd79029ddf90,335,high,1,0.436257,temporal_stack,0.0,True,True,True
logistic,aaf1eafd-36d7-43e4-a539-fd79029ddf90,336,high,10,0.142475,map,121.803,False,False,True
logistic,aaf1eafd-36d7-43e4-a539-fd79029ddf90,337,high,5,0.328721,temporal_stack,5.657,True,True,True
logistic,aaf1eafd-36d7-43e4-a539-fd79029ddf90,338,high,5,0.525475,temporal_stack,0.0,True,True,True
logistic,aaf1eafd-36d7-43e4-a539-fd79029ddf90,339,high,6,0.42716,temporal_stack,0.0,True,True,True
logistic,aaf1eafd-36d7-43e4-a539-fd79029ddf90,340,high,5,0.235493,temporal_stack,0.0,True,True,True
logistic,aaf1eafd-36d7-43e4-a539-fd79029ddf90,341,high,7,0.177948,temporal_stack,5.657,True,True,True
logistic,aaf1eafd-36d7-43e4-a539-fd79029ddf90,342,high,17,0.381752,map,143.736,False,False,True
logistic,aaf1eafd-36d7-43e4-a539-fd79029ddf90,343,high,10,0.061408,temporal_stack,5.0,True,True,True
logistic,aaf1eafd-36d7-43e4-a539-fd79029ddf90,344,high,23,0.241324,map,92.0,False,False,True
logistic,aaf1eafd-36d7-43e4-a539-fd79029ddf90,345,high,18,0.12063,map,94.085,False,False,True
logistic,aaf1eafd-36d7-43e4-a539-fd79029ddf90,346,high,14,0.129872,map,95.0,False,False,True
logistic,aaf1eafd-36d7-43e4-a539-fd79029ddf90,347,high,46,0.527927,map,85.51,False,False,True
logistic,aaf1eafd-36d7-43e4-a539-fd79029ddf90,348,high,17,0.219775,map,94.005,False,False,True
logistic,aaf1eafd-36d7-43e4-a539-fd79029ddf90,349,high,44,0.66487,map,136.132,False,False,True
logistic,aaf1eafd-36d7-43e4-a539-fd79029ddf90,350,high,19,0.908805,map,96.005,False,False,True
logistic,aaf1eafd-36d7-43e4-a539-fd79029ddf90,351,high,18,0.909305,map,100.005,False,False,True
logistic,aaf1eafd-36d7-43e4-a539-fd79029ddf90,352,high,9,0.946304,map,100.005,False,False,True
logistic,aaf1eafd-36d7-43e4-a539-fd79029ddf90,353,high,13,0.919303,map,101.005,False,False,True
logistic,aaf1eafd-36d7-43e4-a539-fd79029ddf90,642,high,1,0.999434,temporal_stack,2.0,True,True,True
logistic,aaf1eafd-36d7-43e4-a539-fd79029ddf90,643,high,1,0.999603,temporal_stack,4.0,True,True,True
logistic,aaf1eafd-36d7-43e4-a539-fd79029ddf90,644,high,1,0.99979,temporal_stack,0.0,True,True,True
logistic,aaf1eafd-36d7-43e4-a539-fd79029ddf90,645,high,1,0.999798,temporal_stack,0.0,True,True,True
logistic,aaf1eafd-36d7-43e4-a539-fd79029ddf90,646,high,1,0.999988,temporal_stack,0.0,True,True,True
logistic,aaf1eafd-36d7-43e4-a539-fd79029ddf90,647,high,2,0.999971,temporal_stack,5.0,True,True,True
logistic,b96cec7a-3912-46b7-9014-dc3c632ffa12,186,high,1,0.158997,map,0.0,True,True,True
logistic,b96cec7a-3912-46b7-9014-dc3c632ffa12,192,high,1,0.999996,map,0.0,True,True,True
logistic,b96cec7a-3912-46b7-9014-dc3c632ffa12,198,high,1,0.999998,map,0.0,True,True,True
logistic,b96cec7a-3912-46b7-9014-dc3c632ffa12,204,high,1,0.999965,map,0.0,True,True,True
logistic,b96cec7a-3912-46b7-9014-dc3c632ffa12,210,high,1,0.999985,map,0.0,True,True,True
logistic,b96cec7a-3912-46b7-9014-dc3c632ffa12,216,high,2,0.999765,map,3.606,True,True,True
logistic,b96cec7a-3912-46b7-9014-dc3c632ffa12,222,high,1,0.999932,map,0.0,True,True,True
logistic,b96cec7a-3912-46b7-9014-dc3c632ffa12,228,high,2,0.999996,map,5.701,True,True,True
logistic,b96cec7a-3912-46b7-9014-dc3c632ffa12,234,high,3,0.999982,map,4.272,True,True,True
logistic,b96cec7a-3912-46b7-9014-dc3c632ffa12,240,high,4,0.999999,map,5.657,True,True,True
logistic,b96cec7a-3912-46b7-9014-dc3c632ffa12,246,high,3,0.999983,map,5.025,True,True,True
logistic,b96cec7a-3912-46b7-9014-dc3c632ffa12,252,high,1,0.99921,map,0.0,True,True,True
logistic,b96cec7a-3912-46b7-9014-dc3c632ffa12,258,high,1,0.999977,map,0.0,True,True,True
logistic,b96cec7a-3912-46b7-9014-dc3c632ffa12,264,high,3,1.0,map,3.162,True,True,True
logistic,b96cec7a-3912-46b7-9014-dc3c632ffa12,270,high,1,0.999939,map,0.0,True,True,True
logistic,b96cec7a-3912-46b7-9014-dc3c632ffa12,276,high,3,0.999974,map,5.701,True,True,True
logistic,b96cec7a-3912-46b7-9014-dc3c632ffa12,282,high,6,0.999811,map,12.903,False,True,True
logistic,b96cec7a-3912-46b7-9014-dc3c632ffa12,288,high,3,0.999926,map,7.071,True,True,True
logistic,d129cd72-3228-426d-9252-4e0b3e14927b,212,medium_high,6,0.997458,map,161.533,False,False,True
logistic,d129cd72-3228-426d-9252-4e0b3e14927b,213,medium_high,2,0.998621,appearance,156.86,False,False,True
logistic,d129cd72-3228-426d-9252-4e0b3e14927b,214,medium_high,1,0.998072,appearance,156.557,False,False,True
logistic,d129cd72-3228-426d-9252-4e0b3e14927b,215,medium_high,7,0.998312,appearance,105.75,False,False,True
logistic,d129cd72-3228-426d-9252-4e0b3e14927b,216,high,2,0.997988,map,162.742,False,False,True
logistic,d129cd72-3228-426d-9252-4e0b3e14927b,217,high,6,0.996643,appearance,105.344,False,False,True
logistic,d129cd72-3228-426d-9252-4e0b3e14927b,218,high,4,0.997057,map,103.699,False,False,True
logistic,d129cd72-3228-426d-9252-4e0b3e14927b,219,high,5,0.994254,map,103.319,False,False,True
logistic,d129cd72-3228-426d-9252-4e0b3e14927b,220,high,4,0.996871,appearance,103.881,False,False,True
logistic,d129cd72-3228-426d-9252-4e0b3e14927b,221,high,1,0.995994,map,1.07,True,True,True
logistic,d129cd72-3228-426d-9252-4e0b3e14927b,222,high,2,0.993764,map,1.031,True,True,True
logistic,d129cd72-3228-426d-9252-4e0b3e14927b,223,high,1,0.998937,map,0.12,True,True,True
logistic,d129cd72-3228-426d-9252-4e0b3e14927b,224,high,2,0.997966,map,0.0,True,True,True
logistic,d129cd72-3228-426d-9252-4e0b3e14927b,225,high,2,0.998212,map,0.277,True,True,True
logistic,d129cd72-3228-426d-9252-4e0b3e14927b,226,high,2,0.998977,map,1.346,True,True,True
logistic,d129cd72-3228-426d-9252-4e0b3e14927b,227,high,1,0.996762,map,2.393,True,True,True
logistic,d129cd72-3228-426d-9252-4e0b3e14927b,228,high,1,0.999356,map,0.5,True,True,True
logistic,d129cd72-3228-426d-9252-4e0b3e14927b,229,high,1,0.998736,map,0.669,True,True,True
logistic,d129cd72-3228-426d-9252-4e0b3e14927b,230,high,1,0.992048,map,0.901,True,True,True
logistic,d129cd72-3228-426d-9252-4e0b3e14927b,231,high,1,0.999094,map,0.277,True,True,True
logistic,d129cd72-3228-426d-9252-4e0b3e14927b,232,high,1,0.995786,map,0.0,True,True,True
logistic,d129cd72-3228-426d-9252-4e0b3e14927b,233,high,4,0.999637,motion,3.389,True,True,True
logistic,d129cd72-3228-426d-9252-4e0b3e14927b,234,high,5,0.998605,motion,4.75,True,True,True
logistic,d129cd72-3228-426d-9252-4e0b3e14927b,235,high,22,0.999255,map,217.029,False,False,True
logistic,d129cd72-3228-426d-9252-4e0b3e14927b,236,high,1,0.999226,map,0.5,True,True,True
logistic,d129cd72-3228-426d-9252-4e0b3e14927b,237,high,1,0.99864,map,1.148,True,True,True
logistic,d129cd72-3228-426d-9252-4e0b3e14927b,238,high,1,0.999304,map,0.559,True,True,True
logistic,d129cd72-3228-426d-9252-4e0b3e14927b,239,high,1,0.999734,map,2.461,True,True,True
logistic,d129cd72-3228-426d-9252-4e0b3e14927b,240,high,1,0.999718,map,0.0,True,True,True
logistic,d129cd72-3228-426d-9252-4e0b3e14927b,241,high,1,0.999947,map,0.354,True,True,True
logistic,d129cd72-3228-426d-9252-4e0b3e14927b,242,high,1,0.999826,map,0.707,True,True,True
logistic,d129cd72-3228-426d-9252-4e0b3e14927b,243,high,1,0.999947,map,0.791,True,True,True
logistic,d129cd72-3228-426d-9252-4e0b3e14927b,244,high,1,0.999962,appearance,1.803,True,True,True
logistic,d129cd72-3228-426d-9252-4e0b3e14927b,245,high,1,0.999904,map,0.354,True,True,True
logistic,d129cd72-3228-426d-9252-4e0b3e14927b,246,high,1,0.999983,map,0.707,True,True,True
logistic,d129cd72-3228-426d-9252-4e0b3e14927b,247,high,1,0.999993,appearance,1.458,True,True,True
logistic,d129cd72-3228-426d-9252-4e0b3e14927b,248,high,1,0.999987,map,0.0,True,True,True
logistic,d129cd72-3228-426d-9252-4e0b3e14927b,249,high,1,0.999993,appearance,1.803,True,True,True
logistic,e2711620-6d4e-4f9c-8922-b1b2d1fb74f2,1,high,1,1.0,large_dark,22.192,False,False,True
logistic,e2711620-6d4e-4f9c-8922-b1b2d1fb74f2,2,high,2,1.0,large_dark,44.95,False,False,True
logistic,e2711620-6d4e-4f9c-8922-b1b2d1fb74f2,3,high,1,1.0,large_dark,21.662,False,False,True
logistic,e2711620-6d4e-4f9c-8922-b1b2d1fb74f2,4,high,1,1.0,large_dark,21.662,False,False,True
logistic,e2711620-6d4e-4f9c-8922-b1b2d1fb74f2,5,high,1,1.0,large_dark,21.19,False,False,True
logistic,e2711620-6d4e-4f9c-8922-b1b2d1fb74f2,6,high,1,1.0,large_dark,21.19,False,False,True
logistic,e2711620-6d4e-4f9c-8922-b1b2d1fb74f2,7,high,1,1.0,large_dark,21.477,False,False,True
logistic,e2711620-6d4e-4f9c-8922-b1b2d1fb74f2,8,high,1,1.0,large_dark,21.471,False,False,True
logistic,e2711620-6d4e-4f9c-8922-b1b2d1fb74f2,9,high,1,1.0,large_dark,21.471,False,False,True
logistic,e2711620-6d4e-4f9c-8922-b1b2d1fb74f2,10,high,1,1.0,large_dark,21.03,False,False,True
logistic,e2711620-6d4e-4f9c-8922-b1b2d1fb74f2,11,high,1,1.0,large_dark,21.03,False,False,True
logistic,e2711620-6d4e-4f9c-8922-b1b2d1fb74f2,12,high,1,1.0,large_dark,20.839,False,False,True
logistic,e2711620-6d4e-4f9c-8922-b1b2d1fb74f2,13,high,1,1.0,large_dark,21.506,False,False,True
logistic,e2711620-6d4e-4f9c-8922-b1b2d1fb74f2,14,high,1,1.0,large_dark,21.506,False,False,True
logistic,e2711620-6d4e-4f9c-8922-b1b2d1fb74f2,15,high,1,1.0,large_dark,21.401,False,False,True
logistic,e2711620-6d4e-4f9c-8922-b1b2d1fb74f2,16,high,1,1.0,large_dark,21.401,False,False,True
logistic,e2711620-6d4e-4f9c-8922-b1b2d1fb74f2,17,high,1,1.0,large_dark,21.639,False,False,True
logistic,e2711620-6d4e-4f9c-8922-b1b2d1fb74f2,18,high,2,1.0,large_dark,0.0,True,True,True
logistic,e2711620-6d4e-4f9c-8922-b1b2d1fb74f2,19,high,1,1.0,large_dark,0.0,True,True,True
logistic,e2711620-6d4e-4f9c-8922-b1b2d1fb74f2,20,high,2,1.0,large_dark,0.5,True,True,True
logistic,e2711620-6d4e-4f9c-8922-b1b2d1fb74f2,21,high,1,1.0,large_dark,0.5,True,True,True
logistic,e2711620-6d4e-4f9c-8922-b1b2d1fb74f2,22,high,1,1.0,large_dark,0.0,True,True,True
logistic,e2711620-6d4e-4f9c-8922-b1b2d1fb74f2,23,high,1,1.0,large_dark,0.707,True,True,True
logistic,e2711620-6d4e-4f9c-8922-b1b2d1fb74f2,24,high,1,1.0,large_dark,0.707,True,True,True
logistic,e2711620-6d4e-4f9c-8922-b1b2d1fb74f2,25,high,1,1.0,large_dark,0.0,True,True,True
logistic,e2711620-6d4e-4f9c-8922-b1b2d1fb74f2,26,high,1,1.0,large_dark,0.0,True,True,True
logistic,e2711620-6d4e-4f9c-8922-b1b2d1fb74f2,27,high,1,1.0,large_dark,0.707,True,True,True
logistic,e2711620-6d4e-4f9c-8922-b1b2d1fb74f2,28,high,1,1.0,large_dark,0.5,True,True,True
logistic,e2711620-6d4e-4f9c-8922-b1b2d1fb74f2,29,high,1,1.0,large_dark,1.0,True,True,True
logistic,e2711620-6d4e-4f9c-8922-b1b2d1fb74f2,30,high,1,1.0,large_dark,0.5,True,True,True
logistic,e2711620-6d4e-4f9c-8922-b1b2d1fb74f2,31,high,1,1.0,large_dark,0.5,True,True,True
logistic,e2711620-6d4e-4f9c-8922-b1b2d1fb74f2,32,high,1,1.0,large_dark,0.5,True,True,True
logistic,e2711620-6d4e-4f9c-8922-b1b2d1fb74f2,33,high,1,1.0,large_dark,0.0,True,True,True
logistic,e2711620-6d4e-4f9c-8922-b1b2d1fb74f2,34,high,1,1.0,large_dark,0.0,True,True,True
logistic,e2711620-6d4e-4f9c-8922-b1b2d1fb74f2,35,high,1,1.0,large_dark,0.707,True,True,True
logistic,e2711620-6d4e-4f9c-8922-b1b2d1fb74f2,36,high,1,1.0,large_dark,0.707,True,True,True
logistic,e2711620-6d4e-4f9c-8922-b1b2d1fb74f2,37,high,1,1.0,large_dark,0.0,True,True,True
logistic,e2711620-6d4e-4f9c-8922-b1b2d1fb74f2,38,high,1,1.0,large_dark,0.5,True,True,True
logistic,e2711620-6d4e-4f9c-8922-b1b2d1fb74f2,39,high,1,1.0,large_dark,0.5,True,True,True
logistic,e2711620-6d4e-4f9c-8922-b1b2d1fb74f2,40,high,1,1.0,large_dark,2.062,True,True,True
logistic,e2711620-6d4e-4f9c-8922-b1b2d1fb74f2,41,high,1,1.0,large_dark,2.062,True,True,True
logistic,e2711620-6d4e-4f9c-8922-b1b2d1fb74f2,42,high,1,1.0,large_dark,0.707,True,True,True
logistic,e2711620-6d4e-4f9c-8922-b1b2d1fb74f2,43,high,1,1.0,large_dark,1.581,True,True,True
logistic,e2711620-6d4e-4f9c-8922-b1b2d1fb74f2,44,high,1,1.0,large_dark,1.581,True,True,True
logistic,e2711620-6d4e-4f9c-8922-b1b2d1fb74f2,45,high,1,1.0,large_dark,0.707,True,True,True
logistic,e2711620-6d4e-4f9c-8922-b1b2d1fb74f2,46,high,1,1.0,large_dark,0.707,True,True,True
logistic,e2711620-6d4e-4f9c-8922-b1b2d1fb74f2,47,high,1,1.0,large_dark,0.5,True,True,True
logistic,e2711620-6d4e-4f9c-8922-b1b2d1fb74f2,48,high,1,1.0,large_dark,1.5,True,True,True
logistic,e2711620-6d4e-4f9c-8922-b1b2d1fb74f2,49,high,1,1.0,large_dark,1.5,True,True,True
logistic,e2711620-6d4e-4f9c-8922-b1b2d1fb74f2,50,high,1,1.0,large_dark,0.5,True,True,True
logistic,e2711620-6d4e-4f9c-8922-b1b2d1fb74f2,51,high,1,1.0,large_dark,0.5,True,True,True
logistic,e2711620-6d4e-4f9c-8922-b1b2d1fb74f2,52,high,1,1.0,large_dark,0.707,True,True,True
logistic,e2711620-6d4e-4f9c-8922-b1b2d1fb74f2,53,high,1,1.0,large_dark,0.0,True,True,True
logistic,e2711620-6d4e-4f9c-8922-b1b2d1fb74f2,54,high,1,1.0,large_dark,0.0,True,True,True
logistic,e2711620-6d4e-4f9c-8922-b1b2d1fb74f2,55,high,1,1.0,large_dark,0.0,True,True,True
logistic,e2711620-6d4e-4f9c-8922-b1b2d1fb74f2,56,high,1,1.0,large_dark,0.0,True,True,True
logistic,e2711620-6d4e-4f9c-8922-b1b2d1fb74f2,57,high,1,1.0,large_dark,0.5,True,True,True
logistic,e2711620-6d4e-4f9c-8922-b1b2d1fb74f2,58,high,1,1.0,large_dark,0.5,True,True,True
logistic,e2711620-6d4e-4f9c-8922-b1b2d1fb74f2,59,high,1,1.0,large_dark,0.5,True,True,True
logistic,e2711620-6d4e-4f9c-8922-b1b2d1fb74f2,60,high,1,1.0,large_dark,0.5,True,True,True
logistic,e2711620-6d4e-4f9c-8922-b1b2d1fb74f2,61,high,1,1.0,large_dark,0.5,True,True,True
logistic,e2711620-6d4e-4f9c-8922-b1b2d1fb74f2,62,high,1,1.0,large_dark,0.5,True,True,True
logistic,e2711620-6d4e-4f9c-8922-b1b2d1fb74f2,63,high,1,1.0,large_dark,0.707,True,True,True
logistic,e2711620-6d4e-4f9c-8922-b1b2d1fb74f2,64,high,1,1.0,large_dark,0.707,True,True,True
logistic,e2711620-6d4e-4f9c-8922-b1b2d1fb74f2,65,high,1,1.0,large_dark,0.707,True,True,True
logistic,e2711620-6d4e-4f9c-8922-b1b2d1fb74f2,66,high,1,1.0,large_dark,0.707,True,True,True
logistic,e2711620-6d4e-4f9c-8922-b1b2d1fb74f2,67,high,1,1.0,large_dark,0.5,True,True,True
logistic,e2711620-6d4e-4f9c-8922-b1b2d1fb74f2,68,high,1,1.0,large_dark,0.707,True,True,True
logistic,e2711620-6d4e-4f9c-8922-b1b2d1fb74f2,69,high,1,1.0,large_dark,0.707,True,True,True
logistic,e2711620-6d4e-4f9c-8922-b1b2d1fb74f2,70,high,1,1.0,large_dark,0.5,True,True,True
logistic,e2711620-6d4e-4f9c-8922-b1b2d1fb74f2,71,high,1,1.0,large_dark,0.5,True,True,True
logistic,e2711620-6d4e-4f9c-8922-b1b2d1fb74f2,72,high,1,1.0,large_dark,0.0,True,True,True
logistic,e2711620-6d4e-4f9c-8922-b1b2d1fb74f2,73,high,1,1.0,large_dark,0.5,True,True,True
logistic,e2711620-6d4e-4f9c-8922-b1b2d1fb74f2,74,high,1,1.0,large_dark,0.5,True,True,True
logistic,e2711620-6d4e-4f9c-8922-b1b2d1fb74f2,75,high,1,1.0,large_dark,0.707,True,True,True
logistic,e2711620-6d4e-4f9c-8922-b1b2d1fb74f2,76,high,1,1.0,large_dark,0.707,True,True,True
logistic,e2711620-6d4e-4f9c-8922-b1b2d1fb74f2,77,high,1,1.0,large_dark,0.707,True,True,True
logistic,e2711620-6d4e-4f9c-8922-b1b2d1fb74f2,78,high,1,1.0,large_dark,0.707,True,True,True
logistic,e2711620-6d4e-4f9c-8922-b1b2d1fb74f2,79,high,1,1.0,large_dark,0.707,True,True,True
logistic,e2711620-6d4e-4f9c-8922-b1b2d1fb74f2,80,high,1,1.0,large_dark,0.5,True,True,True
logistic,e2711620-6d4e-4f9c-8922-b1b2d1fb74f2,81,high,1,1.0,large_dark,0.5,True,True,True
logistic,e2711620-6d4e-4f9c-8922-b1b2d1fb74f2,82,high,1,1.0,large_dark,0.5,True,True,True
logistic,e2711620-6d4e-4f9c-8922-b1b2d1fb74f2,83,high,1,1.0,large_dark,0.5,True,True,True
logistic,e2711620-6d4e-4f9c-8922-b1b2d1fb74f2,84,high,1,1.0,large_dark,0.5,True,True,True
logistic,e2711620-6d4e-4f9c-8922-b1b2d1fb74f2,85,high,1,1.0,large_dark,0.5,True,True,True
logistic,e2711620-6d4e-4f9c-8922-b1b2d1fb74f2,86,high,1,1.0,large_dark,0.5,True,True,True
logistic,e2711620-6d4e-4f9c-8922-b1b2d1fb74f2,87,high,1,1.0,large_dark,0.0,True,True,True
logistic,e2711620-6d4e-4f9c-8922-b1b2d1fb74f2,88,high,1,1.0,large_dark,0.5,True,True,True
logistic,e2711620-6d4e-4f9c-8922-b1b2d1fb74f2,89,high,1,1.0,large_dark,0.5,True,True,True
logistic,e2711620-6d4e-4f9c-8922-b1b2d1fb74f2,90,high,1,1.0,large_dark,0.5,True,True,True
logistic,e2711620-6d4e-4f9c-8922-b1b2d1fb74f2,91,high,1,1.0,large_dark,0.5,True,True,True
logistic,e2711620-6d4e-4f9c-8922-b1b2d1fb74f2,92,high,1,1.0,large_dark,0.5,True,True,True
logistic,e2711620-6d4e-4f9c-8922-b1b2d1fb74f2,93,high,1,1.0,large_dark,0.5,True,True,True
logistic,e2711620-6d4e-4f9c-8922-b1b2d1fb74f2,94,high,1,1.0,large_dark,0.5,True,True,True
logistic,e2711620-6d4e-4f9c-8922-b1b2d1fb74f2,95,high,1,1.0,large_dark,0.5,True,True,True
logistic,e2711620-6d4e-4f9c-8922-b1b2d1fb74f2,96,high,1,1.0,large_dark,0.5,True,True,True
logistic,e2711620-6d4e-4f9c-8922-b1b2d1fb74f2,97,high,1,1.0,large_dark,0.0,True,True,True
logistic,e2711620-6d4e-4f9c-8922-b1b2d1fb74f2,98,high,1,1.0,large_dark,0.0,True,True,True
logistic,e2711620-6d4e-4f9c-8922-b1b2d1fb74f2,99,high,1,1.0,large_dark,0.0,True,True,True
logistic,e2711620-6d4e-4f9c-8922-b1b2d1fb74f2,100,high,1,1.0,large_dark,0.707,True,True,True
logistic,e2711620-6d4e-4f9c-8922-b1b2d1fb74f2,101,high,1,1.0,large_dark,0.707,True,True,True
logistic,e2711620-6d4e-4f9c-8922-b1b2d1fb74f2,102,high,1,1.0,large_dark,0.707,True,True,True
logistic,e2711620-6d4e-4f9c-8922-b1b2d1fb74f2,103,high,1,1.0,large_dark,0.0,True,True,True
logistic,e2711620-6d4e-4f9c-8922-b1b2d1fb74f2,104,high,1,1.0,large_dark,0.0,True,True,True
logistic,e2711620-6d4e-4f9c-8922-b1b2d1fb74f2,105,high,1,1.0,large_dark,0.0,True,True,True
logistic,e2711620-6d4e-4f9c-8922-b1b2d1fb74f2,106,high,1,1.0,large_dark,0.0,True,True,True
logistic,e2711620-6d4e-4f9c-8922-b1b2d1fb74f2,107,high,1,1.0,large_dark,0.707,True,True,True
logistic,e2711620-6d4e-4f9c-8922-b1b2d1fb74f2,108,high,1,1.0,large_dark,0.707,True,True,True
logistic,e2711620-6d4e-4f9c-8922-b1b2d1fb74f2,109,high,1,1.0,large_dark,0.707,True,True,True
logistic,e2711620-6d4e-4f9c-8922-b1b2d1fb74f2,110,high,1,1.0,large_dark,0.0,True,True,True
logistic,e2711620-6d4e-4f9c-8922-b1b2d1fb74f2,111,high,1,1.0,large_dark,0.0,True,True,True
logistic,e2711620-6d4e-4f9c-8922-b1b2d1fb74f2,112,high,1,1.0,large_dark,0.707,True,True,True
logistic,e2711620-6d4e-4f9c-8922-b1b2d1fb74f2,113,high,1,1.0,large_dark,0.707,True,True,True
logistic,e2711620-6d4e-4f9c-8922-b1b2d1fb74f2,114,high,1,1.0,large_dark,0.707,True,True,True
logistic,e2711620-6d4e-4f9c-8922-b1b2d1fb74f2,115,high,1,1.0,large_dark,0.5,True,True,True
logistic,e2711620-6d4e-4f9c-8922-b1b2d1fb74f2,116,high,1,1.0,large_dark,0.5,True,True,True
logistic,e2711620-6d4e-4f9c-8922-b1b2d1fb74f2,117,high,1,1.0,large_dark,0.5,True,True,True
logistic,e2711620-6d4e-4f9c-8922-b1b2d1fb74f2,118,high,1,1.0,large_dark,0.0,True,True,True
logistic,e2711620-6d4e-4f9c-8922-b1b2d1fb74f2,119,high,1,1.0,large_dark,0.0,True,True,True
logistic,e2711620-6d4e-4f9c-8922-b1b2d1fb74f2,120,high,1,1.0,large_dark,0.0,True,True,True
logistic,e2711620-6d4e-4f9c-8922-b1b2d1fb74f2,121,high,1,1.0,large_dark,0.0,True,True,True
logistic,e2711620-6d4e-4f9c-8922-b1b2d1fb74f2,122,high,1,1.0,large_dark,0.5,True,True,True
logistic,e2711620-6d4e-4f9c-8922-b1b2d1fb74f2,123,high,2,1.0,large_dark,4.61,True,True,True
logistic,e2711620-6d4e-4f9c-8922-b1b2d1fb74f2,124,high,1,1.0,large_dark,0.5,True,True,True
logistic,e2711620-6d4e-4f9c-8922-b1b2d1fb74f2,125,high,1,1.0,large_dark,0.0,True,True,True
logistic,e2711620-6d4e-4f9c-8922-b1b2d1fb74f2,126,high,1,1.0,large_dark,0.0,True,True,True
logistic,e2711620-6d4e-4f9c-8922-b1b2d1fb74f2,127,high,1,1.0,large_dark,0.5,True,True,True
logistic,e2711620-6d4e-4f9c-8922-b1b2d1fb74f2,128,high,1,1.0,large_dark,59.492,False,False,True
logistic,e2711620-6d4e-4f9c-8922-b1b2d1fb74f2,129,high,2,1.0,large_dark,59.492,False,False,True
logistic,e2711620-6d4e-4f9c-8922-b1b2d1fb74f2,130,high,1,1.0,large_dark,61.587,False,False,True
logistic,e2711620-6d4e-4f9c-8922-b1b2d1fb74f2,131,high,2,1.0,large_dark,61.587,False,False,True
logistic,e2711620-6d4e-4f9c-8922-b1b2d1fb74f2,132,high,1,1.0,large_dark,62.682,False,False,True
logistic,e2711620-6d4e-4f9c-8922-b1b2d1fb74f2,133,high,1,1.0,large_dark,54.353,False,False,True
logistic,e2711620-6d4e-4f9c-8922-b1b2d1fb74f2,134,high,1,1.0,large_dark,54.353,False,False,True
logistic,e2711620-6d4e-4f9c-8922-b1b2d1fb74f2,135,high,2,1.0,large_dark,63.376,False,False,True
logistic,e2711620-6d4e-4f9c-8922-b1b2d1fb74f2,136,high,3,1.0,large_dark,59.266,False,False,True
logistic,e2711620-6d4e-4f9c-8922-b1b2d1fb74f2,137,high,4,1.0,large_dark,56.449,False,False,True
logistic,e2711620-6d4e-4f9c-8922-b1b2d1fb74f2,138,high,7,1.0,large_dark,51.451,False,False,True
logistic,e2711620-6d4e-4f9c-8922-b1b2d1fb74f2,139,high,9,1.0,large_dark,51.451,False,False,True
logistic,e2711620-6d4e-4f9c-8922-b1b2d1fb74f2,140,high,10,1.0,large_dark,0.0,True,True,True
logistic,e2711620-6d4e-4f9c-8922-b1b2d1fb74f2,141,high,5,1.0,large_dark,0.0,True,True,True
logistic,e2711620-6d4e-4f9c-8922-b1b2d1fb74f2,142,high,1,1.0,large_dark,58.019,False,False,True
logistic,e2711620-6d4e-4f9c-8922-b1b2d1fb74f2,143,high,2,1.0,large_dark,63.334,False,False,True
logistic,e2711620-6d4e-4f9c-8922-b1b2d1fb74f2,144,high,1,1.0,large_dark,63.334,False,False,True
logistic,e2711620-6d4e-4f9c-8922-b1b2d1fb74f2,145,high,2,1.0,large_dark,19.78,False,False,True
logistic,e2711620-6d4e-4f9c-8922-b1b2d1fb74f2,146,high,1,1.0,large_dark,0.5,True,True,True
logistic,e2711620-6d4e-4f9c-8922-b1b2d1fb74f2,147,high,1,1.0,large_dark,0.0,True,True,True
logistic,e2711620-6d4e-4f9c-8922-b1b2d1fb74f2,148,high,1,1.0,large_dark,0.5,True,True,True
logistic,e2711620-6d4e-4f9c-8922-b1b2d1fb74f2,149,high,1,1.0,large_dark,0.5,True,True,True
logistic,e2711620-6d4e-4f9c-8922-b1b2d1fb74f2,150,high,1,1.0,large_dark,0.0,True,True,True
logistic,e2711620-6d4e-4f9c-8922-b1b2d1fb74f2,151,high,1,1.0,large_dark,0.0,True,True,True
logistic,e2711620-6d4e-4f9c-8922-b1b2d1fb74f2,152,high,1,1.0,large_dark,0.0,True,True,True
logistic,e2711620-6d4e-4f9c-8922-b1b2d1fb74f2,153,high,1,1.0,large_dark,0.5,True,True,True
logistic,e2711620-6d4e-4f9c-8922-b1b2d1fb74f2,154,high,1,1.0,large_dark,0.5,True,True,True
logistic,e2711620-6d4e-4f9c-8922-b1b2d1fb74f2,155,high,1,1.0,large_dark,0.707,True,True,True
logistic,e2711620-6d4e-4f9c-8922-b1b2d1fb74f2,156,high,1,1.0,large_dark,0.707,True,True,True
logistic,e2711620-6d4e-4f9c-8922-b1b2d1fb74f2,157,high,1,1.0,large_dark,3.808,True,True,True
logistic,e2711620-6d4e-4f9c-8922-b1b2d1fb74f2,158,high,1,1.0,large_dark,0.0,True,True,True
logistic,e2711620-6d4e-4f9c-8922-b1b2d1fb74f2,159,high,1,1.0,large_dark,0.0,True,True,True
logistic,e2711620-6d4e-4f9c-8922-b1b2d1fb74f2,160,high,1,1.0,large_dark,0.5,True,True,True
logistic,e2711620-6d4e-4f9c-8922-b1b2d1fb74f2,161,high,1,1.0,large_dark,0.5,True,True,True
logistic,e2711620-6d4e-4f9c-8922-b1b2d1fb74f2,162,high,1,1.0,large_dark,0.5,True,True,True
logistic,e2711620-6d4e-4f9c-8922-b1b2d1fb74f2,163,high,1,1.0,large_dark,12.021,False,True,True
logistic,e2711620-6d4e-4f9c-8922-b1b2d1fb74f2,164,high,1,1.0,large_dark,0.707,True,True,True
logistic,e2711620-6d4e-4f9c-8922-b1b2d1fb74f2,165,high,2,1.0,large_dark,0.0,True,True,True
logistic,e2711620-6d4e-4f9c-8922-b1b2d1fb74f2,166,high,1,1.0,large_dark,0.0,True,True,True
logistic,e2711620-6d4e-4f9c-8922-b1b2d1fb74f2,167,high,1,1.0,large_dark,0.707,True,True,True
logistic,e2711620-6d4e-4f9c-8922-b1b2d1fb74f2,168,high,1,1.0,large_dark,0.707,True,True,True
logistic,e2711620-6d4e-4f9c-8922-b1b2d1fb74f2,169,high,1,1.0,large_dark,0.0,True,True,True
logistic,e2711620-6d4e-4f9c-8922-b1b2d1fb74f2,170,high,2,1.0,large_dark,11.543,False,True,True
logistic,e2711620-6d4e-4f9c-8922-b1b2d1fb74f2,171,high,1,1.0,large_dark,0.5,True,True,True
logistic,e2711620-6d4e-4f9c-8922-b1b2d1fb74f2,172,high,1,1.0,large_dark,0.5,True,True,True
logistic,e2711620-6d4e-4f9c-8922-b1b2d1fb74f2,173,high,1,1.0,large_dark,0.5,True,True,True
logistic,e2711620-6d4e-4f9c-8922-b1b2d1fb74f2,174,high,1,1.0,large_dark,0.5,True,True,True
logistic,e2711620-6d4e-4f9c-8922-b1b2d1fb74f2,175,high,1,1.0,large_dark,0.5,True,True,True
logistic,e2711620-6d4e-4f9c-8922-b1b2d1fb74f2,176,high,1,1.0,large_dark,0.5,True,True,True
logistic,e2711620-6d4e-4f9c-8922-b1b2d1fb74f2,177,high,1,1.0,map,8.382,False,True,True
logistic,e2711620-6d4e-4f9c-8922-b1b2d1fb74f2,178,high,2,1.0,large_dark,0.5,True,True,True
logistic,e2711620-6d4e-4f9c-8922-b1b2d1fb74f2,179,high,1,1.0,large_dark,0.5,True,True,True
logistic,e2711620-6d4e-4f9c-8922-b1b2d1fb74f2,180,high,1,1.0,large_dark,0.0,True,True,True
logistic,e2711620-6d4e-4f9c-8922-b1b2d1fb74f2,181,high,1,1.0,large_dark,0.0,True,True,True
logistic,e2711620-6d4e-4f9c-8922-b1b2d1fb74f2,182,high,1,1.0,large_dark,0.707,True,True,True
logistic,e2711620-6d4e-4f9c-8922-b1b2d1fb74f2,183,high,1,1.0,large_dark,0.707,True,True,True
logistic,e2711620-6d4e-4f9c-8922-b1b2d1fb74f2,184,high,1,1.0,large_dark,0.0,True,True,True
logistic,e2711620-6d4e-4f9c-8922-b1b2d1fb74f2,185,high,1,1.0,large_dark,0.5,True,True,True
logistic,e2711620-6d4e-4f9c-8922-b1b2d1fb74f2,186,high,1,1.0,large_dark,0.5,True,True,True
logistic,e2711620-6d4e-4f9c-8922-b1b2d1fb74f2,187,high,1,1.0,large_dark,0.5,True,True,True
logistic,e2711620-6d4e-4f9c-8922-b1b2d1fb74f2,188,high,1,1.0,large_dark,0.5,True,True,True
logistic,e2711620-6d4e-4f9c-8922-b1b2d1fb74f2,189,high,2,1.0,large_dark,12.649,False,True,True
logistic,e2711620-6d4e-4f9c-8922-b1b2d1fb74f2,190,high,1,1.0,large_dark,0.5,True,True,True
logistic,e2711620-6d4e-4f9c-8922-b1b2d1fb74f2,191,high,1,1.0,large_dark,0.5,True,True,True
logistic,e2711620-6d4e-4f9c-8922-b1b2d1fb74f2,192,high,2,1.0,large_dark,12.981,False,True,True
logistic,e2711620-6d4e-4f9c-8922-b1b2d1fb74f2,193,high,2,1.0,large_dark,0.707,True,True,True
logistic,e2711620-6d4e-4f9c-8922-b1b2d1fb74f2,194,high,1,1.0,large_dark,0.5,True,True,True
logistic,e2711620-6d4e-4f9c-8922-b1b2d1fb74f2,195,high,2,1.0,large_dark,15.692,False,True,True
logistic,e2711620-6d4e-4f9c-8922-b1b2d1fb74f2,196,high,1,1.0,large_dark,0.5,True,True,True
logistic,e2711620-6d4e-4f9c-8922-b1b2d1fb74f2,197,high,1,1.0,large_dark,43.832,False,False,True
logistic,e2711620-6d4e-4f9c-8922-b1b2d1fb74f2,198,high,1,1.0,large_dark,0.5,True,True,True
logistic,e2711620-6d4e-4f9c-8922-b1b2d1fb74f2,199,high,1,1.0,large_dark,0.5,True,True,True
logistic,e2711620-6d4e-4f9c-8922-b1b2d1fb74f2,200,high,1,1.0,large_dark,0.707,True,True,True
logistic,e2711620-6d4e-4f9c-8922-b1b2d1fb74f2,201,high,1,1.0,large_dark,0.707,True,True,True
logistic,e2711620-6d4e-4f9c-8922-b1b2d1fb74f2,202,high,1,1.0,large_dark,0.707,True,True,True
logistic,e2711620-6d4e-4f9c-8922-b1b2d1fb74f2,203,high,1,1.0,large_dark,0.707,True,True,True
logistic,e2711620-6d4e-4f9c-8922-b1b2d1fb74f2,204,high,1,1.0,large_dark,13.342,False,True,True
logistic,e2711620-6d4e-4f9c-8922-b1b2d1fb74f2,205,high,1,1.0,large_dark,12.649,False,True,True
logistic,e2711620-6d4e-4f9c-8922-b1b2d1fb74f2,206,high,1,1.0,large_dark,0.0,True,True,True
logistic,e2711620-6d4e-4f9c-8922-b1b2d1fb74f2,207,high,1,1.0,large_dark,0.0,True,True,True
logistic,e2711620-6d4e-4f9c-8922-b1b2d1fb74f2,208,high,1,1.0,large_dark,0.0,True,True,True
logistic,e2711620-6d4e-4f9c-8922-b1b2d1fb74f2,209,high,1,1.0,large_dark,0.0,True,True,True
logistic,e2711620-6d4e-4f9c-8922-b1b2d1fb74f2,210,high,1,1.0,large_dark,0.5,True,True,True
logistic,e2711620-6d4e-4f9c-8922-b1b2d1fb74f2,211,high,1,1.0,large_dark,0.5,True,True,True
logistic,e2711620-6d4e-4f9c-8922-b1b2d1fb74f2,212,high,1,1.0,large_dark,0.5,True,True,True
logistic,e2711620-6d4e-4f9c-8922-b1b2d1fb74f2,213,high,1,1.0,large_dark,0.5,True,True,True
logistic,e2711620-6d4e-4f9c-8922-b1b2d1fb74f2,214,high,1,1.0,large_dark,0.5,True,True,True
logistic,e2711620-6d4e-4f9c-8922-b1b2d1fb74f2,215,high,3,1.0,large_dark,13.463,False,True,True
logistic,e2711620-6d4e-4f9c-8922-b1b2d1fb74f2,216,high,2,1.0,large_dark,0.5,True,True,True
logistic,e2711620-6d4e-4f9c-8922-b1b2d1fb74f2,217,high,1,1.0,large_dark,0.5,True,True,True
logistic,e2711620-6d4e-4f9c-8922-b1b2d1fb74f2,218,high,1,1.0,large_dark,0.5,True,True,True
logistic,e2711620-6d4e-4f9c-8922-b1b2d1fb74f2,219,high,1,1.0,large_dark,0.707,True,True,True
logistic,e2711620-6d4e-4f9c-8922-b1b2d1fb74f2,220,high,3,1.0,large_dark,0.5,True,True,True
logistic,e2711620-6d4e-4f9c-8922-b1b2d1fb74f2,221,high,3,1.0,large_dark,0.5,True,True,True
logistic,e2711620-6d4e-4f9c-8922-b1b2d1fb74f2,222,high,1,1.0,large_dark,0.5,True,True,True
logistic,e2711620-6d4e-4f9c-8922-b1b2d1fb74f2,223,high,1,1.0,large_dark,0.5,True,True,True
logistic,e2711620-6d4e-4f9c-8922-b1b2d1fb74f2,224,high,1,1.0,large_dark,0.0,True,True,True
logistic,e2711620-6d4e-4f9c-8922-b1b2d1fb74f2,225,high,1,1.0,large_dark,0.707,True,True,True
logistic,e2711620-6d4e-4f9c-8922-b1b2d1fb74f2,226,high,1,1.0,large_dark,0.707,True,True,True
logistic,e2711620-6d4e-4f9c-8922-b1b2d1fb74f2,227,high,1,1.0,large_dark,12.021,False,True,True
logistic,e2711620-6d4e-4f9c-8922-b1b2d1fb74f2,228,high,2,1.0,large_dark,0.707,True,True,True
logistic,e2711620-6d4e-4f9c-8922-b1b2d1fb74f2,229,high,1,1.0,large_dark,0.0,True,True,True
logistic,e2711620-6d4e-4f9c-8922-b1b2d1fb74f2,230,high,1,1.0,large_dark,0.707,True,True,True
logistic,e2711620-6d4e-4f9c-8922-b1b2d1fb74f2,231,high,1,1.0,large_dark,0.707,True,True,True
logistic,e2711620-6d4e-4f9c-8922-b1b2d1fb74f2,232,high,1,1.0,large_dark,0.707,True,True,True
logistic,e2711620-6d4e-4f9c-8922-b1b2d1fb74f2,233,high,1,1.0,large_dark,0.707,True,True,True
logistic,e2711620-6d4e-4f9c-8922-b1b2d1fb74f2,234,high,1,1.0,large_dark,0.0,True,True,True
logistic,e2711620-6d4e-4f9c-8922-b1b2d1fb74f2,235,high,1,1.0,large_dark,0.5,True,True,True
logistic,e2711620-6d4e-4f9c-8922-b1b2d1fb74f2,236,high,1,1.0,large_dark,0.5,True,True,True
logistic,e2711620-6d4e-4f9c-8922-b1b2d1fb74f2,237,high,1,1.0,large_dark,0.5,True,True,True
logistic,e2711620-6d4e-4f9c-8922-b1b2d1fb74f2,238,high,1,1.0,large_dark,0.5,True,True,True
logistic,e2711620-6d4e-4f9c-8922-b1b2d1fb74f2,239,high,1,1.0,large_dark,3.808,True,True,True
logistic,e2711620-6d4e-4f9c-8922-b1b2d1fb74f2,240,high,1,1.0,large_dark,0.5,True,True,True
logistic,e2711620-6d4e-4f9c-8922-b1b2d1fb74f2,241,high,1,1.0,large_dark,0.5,True,True,True
logistic,e2711620-6d4e-4f9c-8922-b1b2d1fb74f2,242,high,1,1.0,large_dark,0.5,True,True,True
logistic,e2711620-6d4e-4f9c-8922-b1b2d1fb74f2,243,high,1,1.0,large_dark,0.5,True,True,True
logistic,e2711620-6d4e-4f9c-8922-b1b2d1fb74f2,244,high,1,1.0,large_dark,0.5,True,True,True
logistic,e2711620-6d4e-4f9c-8922-b1b2d1fb74f2,245,high,2,1.0,large_dark,11.885,False,True,True
logistic,e2711620-6d4e-4f9c-8922-b1b2d1fb74f2,246,high,2,1.0,large_dark,11.885,False,True,True
logistic,e2711620-6d4e-4f9c-8922-b1b2d1fb74f2,247,high,2,1.0,large_dark,0.5,True,True,True
logistic,e2711620-6d4e-4f9c-8922-b1b2d1fb74f2,248,high,1,1.0,large_dark,0.5,True,True,True
logistic,e2711620-6d4e-4f9c-8922-b1b2d1fb74f2,249,high,1,1.0,large_dark,0.707,True,True,True
logistic,e2711620-6d4e-4f9c-8922-b1b2d1fb74f2,250,high,1,1.0,large_dark,7.071,True,True,True
logistic,e2711620-6d4e-4f9c-8922-b1b2d1fb74f2,251,high,1,1.0,large_dark,0.0,True,True,True
logistic,e2711620-6d4e-4f9c-8922-b1b2d1fb74f2,252,high,1,1.0,large_dark,0.5,True,True,True
logistic,e2711620-6d4e-4f9c-8922-b1b2d1fb74f2,253,high,1,1.0,large_dark,0.5,True,True,True
logistic,e2711620-6d4e-4f9c-8922-b1b2d1fb74f2,254,high,1,1.0,large_dark,0.707,True,True,True
logistic,e2711620-6d4e-4f9c-8922-b1b2d1fb74f2,255,high,2,1.0,large_dark,8.322,False,True,True
logistic,e2711620-6d4e-4f9c-8922-b1b2d1fb74f2,256,high,1,1.0,large_dark,0.5,True,True,True
logistic,e2711620-6d4e-4f9c-8922-b1b2d1fb74f2,257,high,1,1.0,large_dark,0.707,True,True,True
logistic,e2711620-6d4e-4f9c-8922-b1b2d1fb74f2,258,high,1,1.0,large_dark,0.707,True,True,True
logistic,e2711620-6d4e-4f9c-8922-b1b2d1fb74f2,259,high,1,1.0,large_dark,0.707,True,True,True
logistic,e2711620-6d4e-4f9c-8922-b1b2d1fb74f2,260,high,1,1.0,large_dark,0.5,True,True,True
logistic,e2711620-6d4e-4f9c-8922-b1b2d1fb74f2,261,high,1,1.0,large_dark,6.801,True,True,True
logistic,e2711620-6d4e-4f9c-8922-b1b2d1fb74f2,262,high,1,1.0,large_dark,0.0,True,True,True
logistic,e2711620-6d4e-4f9c-8922-b1b2d1fb74f2,263,high,1,1.0,large_dark,0.0,True,True,True
logistic,e2711620-6d4e-4f9c-8922-b1b2d1fb74f2,264,high,1,1.0,large_dark,0.707,True,True,True
logistic,e2711620-6d4e-4f9c-8922-b1b2d1fb74f2,265,high,1,1.0,large_dark,0.5,True,True,True
logistic,e2711620-6d4e-4f9c-8922-b1b2d1fb74f2,266,high,1,1.0,large_dark,0.5,True,True,True
logistic,e2711620-6d4e-4f9c-8922-b1b2d1fb74f2,267,high,1,1.0,large_dark,0.5,True,True,True
logistic,e2711620-6d4e-4f9c-8922-b1b2d1fb74f2,268,high,1,1.0,large_dark,0.5,True,True,True
logistic,e2711620-6d4e-4f9c-8922-b1b2d1fb74f2,269,high,1,1.0,large_dark,0.5,True,True,True
logistic,e2711620-6d4e-4f9c-8922-b1b2d1fb74f2,270,high,1,1.0,large_dark,0.0,True,True,True
logistic,e2711620-6d4e-4f9c-8922-b1b2d1fb74f2,271,high,1,1.0,large_dark,0.0,True,True,True
logistic,e2711620-6d4e-4f9c-8922-b1b2d1fb74f2,272,high,1,1.0,large_dark,0.5,True,True,True
logistic,e2711620-6d4e-4f9c-8922-b1b2d1fb74f2,273,high,1,1.0,large_dark,0.5,True,True,True
logistic,e2711620-6d4e-4f9c-8922-b1b2d1fb74f2,274,high,1,1.0,large_dark,0.5,True,True,True
logistic,e2711620-6d4e-4f9c-8922-b1b2d1fb74f2,500,medium_high,1,1.0,large_dark,56.976,False,False,True
logistic,e2711620-6d4e-4f9c-8922-b1b2d1fb74f2,501,medium_high,1,1.0,large_dark,56.886,False,False,True
logistic,e2711620-6d4e-4f9c-8922-b1b2d1fb74f2,502,medium_high,1,1.0,large_dark,56.394,False,False,True
logistic,e2711620-6d4e-4f9c-8922-b1b2d1fb74f2,503,medium_high,1,1.0,large_dark,56.394,False,False,True
logistic,e2711620-6d4e-4f9c-8922-b1b2d1fb74f2,504,medium_high,1,1.0,large_dark,56.307,False,False,True
logistic,e2711620-6d4e-4f9c-8922-b1b2d1fb74f2,505,medium_high,1,1.0,large_dark,56.307,False,False,True
logistic,e2711620-6d4e-4f9c-8922-b1b2d1fb74f2,506,medium_high,1,1.0,large_dark,57.212,False,False,True
logistic,e2711620-6d4e-4f9c-8922-b1b2d1fb74f2,507,medium_high,1,1.0,large_dark,57.064,False,False,True
logistic,e2711620-6d4e-4f9c-8922-b1b2d1fb74f2,508,medium_high,1,1.0,large_dark,57.064,False,False,True
logistic,e2711620-6d4e-4f9c-8922-b1b2d1fb74f2,509,medium_high,1,1.0,large_dark,57.866,False,False,True
logistic,e2711620-6d4e-4f9c-8922-b1b2d1fb74f2,510,medium_high,1,1.0,large_dark,57.866,False,False,True
logistic,e2711620-6d4e-4f9c-8922-b1b2d1fb74f2,511,medium_high,1,1.0,large_dark,57.717,False,False,True
logistic,e2711620-6d4e-4f9c-8922-b1b2d1fb74f2,512,medium_high,1,1.0,large_dark,57.177,False,False,True
logistic,e2711620-6d4e-4f9c-8922-b1b2d1fb74f2,513,medium_high,1,1.0,large_dark,57.177,False,False,True
logistic,e2711620-6d4e-4f9c-8922-b1b2d1fb74f2,514,medium_high,1,1.0,large_dark,27.074,False,False,True
logistic,e2711620-6d4e-4f9c-8922-b1b2d1fb74f2,515,medium_high,1,1.0,large_dark,27.074,False,False,True
logistic,e2711620-6d4e-4f9c-8922-b1b2d1fb74f2,516,medium_high,1,1.0,large_dark,26.542,False,False,True
logistic,e2711620-6d4e-4f9c-8922-b1b2d1fb74f2,517,medium_high,1,1.0,large_dark,26.519,False,False,True
logistic,e2711620-6d4e-4f9c-8922-b1b2d1fb74f2,518,medium_high,1,1.0,large_dark,26.519,False,False,True
logistic,e2711620-6d4e-4f9c-8922-b1b2d1fb74f2,519,medium_high,1,1.0,large_dark,26.5,False,False,True
logistic,e2711620-6d4e-4f9c-8922-b1b2d1fb74f2,520,medium_high,1,1.0,large_dark,26.5,False,False,True
logistic,e2711620-6d4e-4f9c-8922-b1b2d1fb74f2,521,medium_high,1,1.0,large_dark,26.0,False,False,True
logistic,e2711620-6d4e-4f9c-8922-b1b2d1fb74f2,522,medium_high,1,1.0,large_dark,21.024,False,False,True
logistic,e2711620-6d4e-4f9c-8922-b1b2d1fb74f2,523,medium_high,1,1.0,large_dark,58.009,False,False,True
logistic,e2711620-6d4e-4f9c-8922-b1b2d1fb74f2,524,medium_high,1,1.0,large_dark,20.524,False,False,True
logistic,e2711620-6d4e-4f9c-8922-b1b2d1fb74f2,525,medium_high,1,1.0,large_dark,58.509,False,False,True
logistic,e2711620-6d4e-4f9c-8922-b1b2d1fb74f2,526,medium_high,1,1.0,large_dark,0.5,True,True,True
logistic,e2711620-6d4e-4f9c-8922-b1b2d1fb74f2,527,medium_high,1,1.0,large_dark,0.0,True,True,True
logistic,e2711620-6d4e-4f9c-8922-b1b2d1fb74f2,528,medium_high,1,1.0,large_dark,0.0,True,True,True
logistic,e2711620-6d4e-4f9c-8922-b1b2d1fb74f2,529,medium_high,1,1.0,large_dark,1.0,True,True,True
logistic,e2711620-6d4e-4f9c-8922-b1b2d1fb74f2,530,medium_high,1,1.0,large_dark,1.0,True,True,True
logistic,e2711620-6d4e-4f9c-8922-b1b2d1fb74f2,531,medium_high,1,1.0,large_dark,0.5,True,True,True
logistic,e2711620-6d4e-4f9c-8922-b1b2d1fb74f2,532,medium_high,1,1.0,large_dark,0.707,True,True,True
logistic,e2711620-6d4e-4f9c-8922-b1b2d1fb74f2,533,medium_high,1,1.0,large_dark,0.707,True,True,True
logistic,e2711620-6d4e-4f9c-8922-b1b2d1fb74f2,534,medium_high,1,1.0,large_dark,0.707,True,True,True
logistic,e2711620-6d4e-4f9c-8922-b1b2d1fb74f2,535,medium_high,1,1.0,large_dark,0.707,True,True,True
logistic,e2711620-6d4e-4f9c-8922-b1b2d1fb74f2,536,medium_high,1,1.0,large_dark,0.5,True,True,True
logistic,e2711620-6d4e-4f9c-8922-b1b2d1fb74f2,537,medium_high,1,1.0,large_dark,0.5,True,True,True
logistic,e2711620-6d4e-4f9c-8922-b1b2d1fb74f2,538,medium_high,1,1.0,large_dark,0.5,True,True,True
logistic,e2711620-6d4e-4f9c-8922-b1b2d1fb74f2,539,medium_high,1,1.0,large_dark,1.0,True,True,True
logistic,e2711620-6d4e-4f9c-8922-b1b2d1fb74f2,540,medium_high,1,1.0,large_dark,1.0,True,True,True
logistic,e2711620-6d4e-4f9c-8922-b1b2d1fb74f2,541,medium_high,1,1.0,large_dark,0.5,True,True,True
logistic,e2711620-6d4e-4f9c-8922-b1b2d1fb74f2,542,medium_high,1,1.0,large_dark,0.5,True,True,True
logistic,e2711620-6d4e-4f9c-8922-b1b2d1fb74f2,543,medium_high,1,1.0,large_dark,0.5,True,True,True
logistic,e2711620-6d4e-4f9c-8922-b1b2d1fb74f2,544,medium_high,1,1.0,large_dark,0.707,True,True,True
logistic,e2711620-6d4e-4f9c-8922-b1b2d1fb74f2,545,medium_high,1,1.0,large_dark,0.707,True,True,True
logistic,e2711620-6d4e-4f9c-8922-b1b2d1fb74f2,546,medium_high,1,1.0,large_dark,0.0,True,True,True
logistic,e2711620-6d4e-4f9c-8922-b1b2d1fb74f2,547,medium_high,1,1.0,large_dark,0.5,True,True,True
logistic,e2711620-6d4e-4f9c-8922-b1b2d1fb74f2,548,medium_high,1,1.0,large_dark,0.5,True,True,True
logistic,e2711620-6d4e-4f9c-8922-b1b2d1fb74f2,549,medium_high,1,1.0,large_dark,0.707,True,True,True
logistic,e2711620-6d4e-4f9c-8922-b1b2d1fb74f2,550,medium_high,1,1.0,large_dark,0.707,True,True,True
logistic,e2711620-6d4e-4f9c-8922-b1b2d1fb74f2,551,medium_high,1,1.0,large_dark,0.5,True,True,True
logistic,e2711620-6d4e-4f9c-8922-b1b2d1fb74f2,552,medium_high,1,1.0,large_dark,0.5,True,True,True
logistic,e2711620-6d4e-4f9c-8922-b1b2d1fb74f2,553,medium_high,1,1.0,large_dark,0.5,True,True,True
logistic,e2711620-6d4e-4f9c-8922-b1b2d1fb74f2,554,medium_high,1,1.0,large_dark,0.0,True,True,True
logistic,e2711620-6d4e-4f9c-8922-b1b2d1fb74f2,555,medium_high,1,1.0,large_dark,0.0,True,True,True
logistic,e2711620-6d4e-4f9c-8922-b1b2d1fb74f2,556,medium_high,2,1.0,large_dark,0.5,True,True,True
logistic,e2711620-6d4e-4f9c-8922-b1b2d1fb74f2,557,medium_high,1,1.0,large_dark,0.707,True,True,True
logistic,e2711620-6d4e-4f9c-8922-b1b2d1fb74f2,558,medium_high,1,1.0,large_dark,0.707,True,True,True
logistic,e2711620-6d4e-4f9c-8922-b1b2d1fb74f2,559,medium_high,1,1.0,large_dark,0.707,True,True,True
logistic,e2711620-6d4e-4f9c-8922-b1b2d1fb74f2,560,medium_high,1,1.0,large_dark,0.707,True,True,True
logistic,e2711620-6d4e-4f9c-8922-b1b2d1fb74f2,561,medium_high,1,1.0,large_dark,0.0,True,True,True
logistic,e2711620-6d4e-4f9c-8922-b1b2d1fb74f2,562,medium_high,3,1.0,large_dark,0.5,True,True,True
logistic,e2711620-6d4e-4f9c-8922-b1b2d1fb74f2,563,medium_high,2,1.0,large_dark,0.5,True,True,True
logistic,e2711620-6d4e-4f9c-8922-b1b2d1fb74f2,564,medium_high,1,1.0,large_dark,0.5,True,True,True
logistic,e2711620-6d4e-4f9c-8922-b1b2d1fb74f2,565,medium_high,1,1.0,large_dark,0.5,True,True,True
logistic,e2711620-6d4e-4f9c-8922-b1b2d1fb74f2,566,medium_high,1,1.0,large_dark,0.5,True,True,True
logistic,e2711620-6d4e-4f9c-8922-b1b2d1fb74f2,567,medium_high,1,1.0,large_dark,0.5,True,True,True
logistic,e2711620-6d4e-4f9c-8922-b1b2d1fb74f2,568,medium_high,1,1.0,large_dark,1.0,True,True,True
logistic,e2711620-6d4e-4f9c-8922-b1b2d1fb74f2,569,medium_high,1,1.0,large_dark,5.22,True,True,True
logistic,e2711620-6d4e-4f9c-8922-b1b2d1fb74f2,570,medium_high,1,1.0,large_dark,5.22,True,True,True
logistic,e2711620-6d4e-4f9c-8922-b1b2d1fb74f2,571,medium_high,1,1.0,large_dark,0.0,True,True,True
logistic,e2711620-6d4e-4f9c-8922-b1b2d1fb74f2,572,medium_high,1,1.0,large_dark,0.0,True,True,True
logistic,e2711620-6d4e-4f9c-8922-b1b2d1fb74f2,573,medium_high,1,1.0,large_dark,0.0,True,True,True
logistic,e2711620-6d4e-4f9c-8922-b1b2d1fb74f2,574,medium_high,1,1.0,large_dark,0.707,True,True,True
logistic,e2711620-6d4e-4f9c-8922-b1b2d1fb74f2,575,medium_high,1,1.0,large_dark,0.707,True,True,True
logistic,e2711620-6d4e-4f9c-8922-b1b2d1fb74f2,576,medium_high,1,1.0,large_dark,0.707,True,True,True
logistic,e2711620-6d4e-4f9c-8922-b1b2d1fb74f2,577,medium_high,1,1.0,large_dark,0.5,True,True,True
logistic,e2711620-6d4e-4f9c-8922-b1b2d1fb74f2,578,medium_high,1,1.0,large_dark,0.5,True,True,True
logistic,e2711620-6d4e-4f9c-8922-b1b2d1fb74f2,579,medium_high,1,1.0,large_dark,0.5,True,True,True
logistic,e2711620-6d4e-4f9c-8922-b1b2d1fb74f2,580,medium_high,1,1.0,large_dark,0.5,True,True,True
logistic,e2711620-6d4e-4f9c-8922-b1b2d1fb74f2,581,medium_high,1,1.0,large_dark,0.5,True,True,True
logistic,e2711620-6d4e-4f9c-8922-b1b2d1fb74f2,582,medium_high,1,1.0,large_dark,0.5,True,True,True
logistic,e2711620-6d4e-4f9c-8922-b1b2d1fb74f2,583,medium_high,1,1.0,large_dark,0.5,True,True,True
logistic,e2711620-6d4e-4f9c-8922-b1b2d1fb74f2,584,medium_high,1,1.0,large_dark,0.5,True,True,True
logistic,e2711620-6d4e-4f9c-8922-b1b2d1fb74f2,585,medium_high,1,1.0,large_dark,0.5,True,True,True
logistic,e2711620-6d4e-4f9c-8922-b1b2d1fb74f2,586,medium_high,1,1.0,large_dark,0.0,True,True,True
logistic,e2711620-6d4e-4f9c-8922-b1b2d1fb74f2,587,medium_high,1,1.0,large_dark,0.0,True,True,True
logistic,e2711620-6d4e-4f9c-8922-b1b2d1fb74f2,588,medium_high,1,1.0,large_dark,0.0,True,True,True
logistic,e2711620-6d4e-4f9c-8922-b1b2d1fb74f2,589,medium_high,1,1.0,large_dark,0.5,True,True,True
logistic,e2711620-6d4e-4f9c-8922-b1b2d1fb74f2,590,medium_high,1,1.0,large_dark,0.5,True,True,True
logistic,e2711620-6d4e-4f9c-8922-b1b2d1fb74f2,591,medium_high,1,1.0,large_dark,0.707,True,True,True
logistic,e2711620-6d4e-4f9c-8922-b1b2d1fb74f2,592,medium_high,1,1.0,large_dark,0.5,True,True,True
logistic,e2711620-6d4e-4f9c-8922-b1b2d1fb74f2,593,medium_high,1,1.0,large_dark,0.5,True,True,True
logistic,e2711620-6d4e-4f9c-8922-b1b2d1fb74f2,594,medium_high,1,1.0,large_dark,7.616,True,True,True
logistic,e2711620-6d4e-4f9c-8922-b1b2d1fb74f2,595,medium_high,1,1.0,large_dark,8.944,False,True,True
logistic,e2711620-6d4e-4f9c-8922-b1b2d1fb74f2,596,medium_high,1,1.0,large_dark,5.831,True,True,True
logistic,e2711620-6d4e-4f9c-8922-b1b2d1fb74f2,597,medium_high,1,1.0,large_dark,7.616,True,True,True
logistic,e2711620-6d4e-4f9c-8922-b1b2d1fb74f2,598,medium_high,1,1.0,large_dark,8.544,False,True,True
logistic,e2711620-6d4e-4f9c-8922-b1b2d1fb74f2,599,medium_high,1,1.0,large_dark,6.708,True,True,True
logistic,e2711620-6d4e-4f9c-8922-b1b2d1fb74f2,600,medium_high,1,1.0,large_dark,7.211,True,True,True
logistic,e2711620-6d4e-4f9c-8922-b1b2d1fb74f2,601,medium_high,1,1.0,large_dark,7.616,True,True,True
logistic,e2711620-6d4e-4f9c-8922-b1b2d1fb74f2,602,medium_high,1,1.0,large_dark,8.062,False,True,True
logistic,e2711620-6d4e-4f9c-8922-b1b2d1fb74f2,603,medium_high,1,1.0,large_dark,12.349,False,True,True
logistic,e2711620-6d4e-4f9c-8922-b1b2d1fb74f2,604,medium_high,1,1.0,large_dark,4.528,True,True,True
logistic,e2711620-6d4e-4f9c-8922-b1b2d1fb74f2,605,medium_high,1,1.0,large_dark,8.944,False,True,True
logistic,e2711620-6d4e-4f9c-8922-b1b2d1fb74f2,622,medium_high,1,1.0,large_dark,7.81,True,True,True
logistic,e2711620-6d4e-4f9c-8922-b1b2d1fb74f2,623,medium_high,1,1.0,large_dark,8.485,False,True,True
logistic,e2711620-6d4e-4f9c-8922-b1b2d1fb74f2,624,medium_high,1,1.0,large_dark,6.403,True,True,True
logistic,e2711620-6d4e-4f9c-8922-b1b2d1fb74f2,625,medium_high,1,1.0,large_dark,1.581,True,True,True
logistic,e2711620-6d4e-4f9c-8922-b1b2d1fb74f2,626,medium_high,1,1.0,large_dark,3.808,True,True,True
logistic,e2711620-6d4e-4f9c-8922-b1b2d1fb74f2,627,medium_high,1,1.0,large_dark,8.944,False,True,True
logistic,e2711620-6d4e-4f9c-8922-b1b2d1fb74f2,628,medium_high,1,1.0,large_dark,9.849,False,True,True
logistic,e2711620-6d4e-4f9c-8922-b1b2d1fb74f2,629,medium_high,1,1.0,large_dark,4.743,True,True,True
logistic,e2711620-6d4e-4f9c-8922-b1b2d1fb74f2,630,medium_high,1,1.0,large_dark,8.602,False,True,True
logistic,e2711620-6d4e-4f9c-8922-b1b2d1fb74f2,631,medium_high,1,1.0,large_dark,8.062,False,True,True
logistic,e2711620-6d4e-4f9c-8922-b1b2d1fb74f2,632,medium_high,1,1.0,large_dark,10.296,False,True,True
logistic,e2711620-6d4e-4f9c-8922-b1b2d1fb74f2,633,medium_high,1,1.0,large_dark,11.18,False,True,True
logistic,e2711620-6d4e-4f9c-8922-b1b2d1fb74f2,634,medium_high,1,1.0,large_dark,8.062,False,True,True
logistic,e2711620-6d4e-4f9c-8922-b1b2d1fb74f2,635,medium_high,1,1.0,large_dark,2.121,True,True,True
logistic,e2711620-6d4e-4f9c-8922-b1b2d1fb74f2,636,medium_high,1,1.0,large_dark,8.062,False,True,True
logistic,e2711620-6d4e-4f9c-8922-b1b2d1fb74f2,637,medium_high,1,1.0,large_dark,8.062,False,True,True
logistic,e2711620-6d4e-4f9c-8922-b1b2d1fb74f2,638,medium_high,1,1.0,large_dark,8.062,False,True,True
logistic,e2711620-6d4e-4f9c-8922-b1b2d1fb74f2,639,medium_high,1,1.0,large_dark,5.831,True,True,True
logistic,e2711620-6d4e-4f9c-8922-b1b2d1fb74f2,640,medium_high,1,1.0,large_dark,1.581,True,True,True
logistic,e2711620-6d4e-4f9c-8922-b1b2d1fb74f2,641,medium_high,1,1.0,large_dark,2.236,True,True,True
logistic,e2711620-6d4e-4f9c-8922-b1b2d1fb74f2,642,medium_high,2,1.0,large_dark,8.062,False,True,True
logistic,e2711620-6d4e-4f9c-8922-b1b2d1fb74f2,643,medium_high,1,1.0,large_dark,2.55,True,True,True
logistic,e2711620-6d4e-4f9c-8922-b1b2d1fb74f2,644,medium_high,1,1.0,large_dark,2.828,True,True,True
logistic,e2711620-6d4e-4f9c-8922-b1b2d1fb74f2,645,medium_high,1,1.0,large_dark,4.243,True,True,True
logistic,e2711620-6d4e-4f9c-8922-b1b2d1fb74f2,646,medium_high,1,1.0,large_dark,1.0,True,True,True
logistic,e2711620-6d4e-4f9c-8922-b1b2d1fb74f2,647,medium_high,1,1.0,large_dark,0.0,True,True,True
logistic,e2711620-6d4e-4f9c-8922-b1b2d1fb74f2,648,medium_high,1,1.0,large_dark,1.0,True,True,True
logistic,e2711620-6d4e-4f9c-8922-b1b2d1fb74f2,649,medium_high,1,1.0,large_dark,5.0,True,True,True
logistic,e2711620-6d4e-4f9c-8922-b1b2d1fb74f2,650,high,1,1.0,large_dark,5.0,True,True,True
logistic,e2711620-6d4e-4f9c-8922-b1b2d1fb74f2,651,high,1,1.0,large_dark,4.924,True,True,True
logistic,e2711620-6d4e-4f9c-8922-b1b2d1fb74f2,652,high,1,1.0,large_dark,2.062,True,True,True
logistic,e2711620-6d4e-4f9c-8922-b1b2d1fb74f2,653,high,1,1.0,large_dark,2.062,True,True,True
logistic,e2711620-6d4e-4f9c-8922-b1b2d1fb74f2,654,high,1,1.0,large_dark,3.202,True,True,True
logistic,e2711620-6d4e-4f9c-8922-b1b2d1fb74f2,655,high,1,1.0,large_dark,3.202,True,True,True
logistic,e2711620-6d4e-4f9c-8922-b1b2d1fb74f2,656,high,2,1.0,large_dark,4.272,True,True,True
logistic,e2711620-6d4e-4f9c-8922-b1b2d1fb74f2,657,high,1,1.0,large_dark,13.601,False,True,True
logistic,e2711620-6d4e-4f9c-8922-b1b2d1fb74f2,658,high,1,1.0,large_dark,13.601,False,True,True
logistic,e2711620-6d4e-4f9c-8922-b1b2d1fb74f2,659,high,2,1.0,large_dark,4.123,True,True,True
logistic,e2711620-6d4e-4f9c-8922-b1b2d1fb74f2,660,high,1,1.0,large_dark,4.123,True,True,True
logistic,e2711620-6d4e-4f9c-8922-b1b2d1fb74f2,661,high,1,1.0,large_dark,22.94,False,False,True
logistic,e2711620-6d4e-4f9c-8922-b1b2d1fb74f2,662,high,1,1.0,large_dark,41.773,False,False,True
logistic,e2711620-6d4e-4f9c-8922-b1b2d1fb74f2,663,high,1,1.0,large_dark,25.632,False,False,True
logistic,e2711620-6d4e-4f9c-8922-b1b2d1fb74f2,664,high,1,1.0,large_dark,43.246,False,False,True
logistic,e2711620-6d4e-4f9c-8922-b1b2d1fb74f2,665,high,1,1.0,large_dark,29.904,False,False,True
logistic,e2711620-6d4e-4f9c-8922-b1b2d1fb74f2,666,high,1,1.0,large_dark,30.663,False,False,True
logistic,e2711620-6d4e-4f9c-8922-b1b2d1fb74f2,667,high,1,1.0,large_dark,30.871,False,False,True
logistic,e2711620-6d4e-4f9c-8922-b1b2d1fb74f2,668,high,1,1.0,large_dark,30.871,False,False,True
logistic,e2711620-6d4e-4f9c-8922-b1b2d1fb74f2,669,high,1,1.0,large_dark,31.325,False,False,True
logistic,e2711620-6d4e-4f9c-8922-b1b2d1fb74f2,670,high,1,1.0,large_dark,31.325,False,False,True
logistic,e2711620-6d4e-4f9c-8922-b1b2d1fb74f2,671,high,1,1.0,large_dark,31.977,False,False,True
logistic,e2711620-6d4e-4f9c-8922-b1b2d1fb74f2,672,high,1,1.0,large_dark,31.753,False,False,True
logistic,e2711620-6d4e-4f9c-8922-b1b2d1fb74f2,673,high,1,1.0,large_dark,31.753,False,False,True
logistic,e2711620-6d4e-4f9c-8922-b1b2d1fb74f2,674,high,1,1.0,large_dark,32.206,False,False,True
logistic,e2711620-6d4e-4f9c-8922-b1b2d1fb74f2,675,high,1,1.0,large_dark,32.206,False,False,True
logistic,e2711620-6d4e-4f9c-8922-b1b2d1fb74f2,676,high,1,1.0,large_dark,31.977,False,False,True
logistic,e2711620-6d4e-4f9c-8922-b1b2d1fb74f2,677,high,1,1.0,large_dark,32.882,False,False,True
logistic,e2711620-6d4e-4f9c-8922-b1b2d1fb74f2,678,high,1,1.0,large_dark,32.882,False,False,True
logistic,e2711620-6d4e-4f9c-8922-b1b2d1fb74f2,679,high,1,1.0,large_dark,32.882,False,False,True
logistic,e2711620-6d4e-4f9c-8922-b1b2d1fb74f2,680,high,1,1.0,large_dark,32.882,False,False,True
logistic,e2711620-6d4e-4f9c-8922-b1b2d1fb74f2,681,high,1,1.0,large_dark,34.132,False,False,True
logistic,e2711620-6d4e-4f9c-8922-b1b2d1fb74f2,682,high,1,1.0,large_dark,34.3,False,False,True
logistic,e2711620-6d4e-4f9c-8922-b1b2d1fb74f2,683,high,1,1.0,large_dark,34.3,False,False,True
logistic,e2711620-6d4e-4f9c-8922-b1b2d1fb74f2,684,high,1,1.0,large_dark,34.3,False,False,True
logistic,e2711620-6d4e-4f9c-8922-b1b2d1fb74f2,685,high,1,1.0,large_dark,34.3,False,False,True
logistic,e2711620-6d4e-4f9c-8922-b1b2d1fb74f2,686,high,1,1.0,large_dark,35.246,False,False,True
logistic,e2711620-6d4e-4f9c-8922-b1b2d1fb74f2,687,high,1,1.0,large_dark,35.246,False,False,True
logistic,e2711620-6d4e-4f9c-8922-b1b2d1fb74f2,688,high,1,1.0,large_dark,35.246,False,False,True
logistic,e2711620-6d4e-4f9c-8922-b1b2d1fb74f2,689,high,1,1.0,large_dark,35.415,False,False,True
logistic,e2711620-6d4e-4f9c-8922-b1b2d1fb74f2,690,high,1,1.0,large_dark,35.415,False,False,True
logistic,e2711620-6d4e-4f9c-8922-b1b2d1fb74f2,691,high,1,1.0,large_dark,35.089,False,False,True
logistic,e2711620-6d4e-4f9c-8922-b1b2d1fb74f2,692,high,1,1.0,large_dark,35.781,False,False,True
logistic,e2711620-6d4e-4f9c-8922-b1b2d1fb74f2,693,high,1,1.0,large_dark,35.781,False,False,True
logistic,e2711620-6d4e-4f9c-8922-b1b2d1fb74f2,694,high,1,1.0,large_dark,35.781,False,False,True
logistic,e2711620-6d4e-4f9c-8922-b1b2d1fb74f2,695,high,1,1.0,large_dark,60.632,False,False,True
logistic,e2711620-6d4e-4f9c-8922-b1b2d1fb74f2,696,high,1,1.0,large_dark,61.1,False,False,True
logistic,e2711620-6d4e-4f9c-8922-b1b2d1fb74f2,697,high,1,1.0,large_dark,62.099,False,False,True
logistic,e2711620-6d4e-4f9c-8922-b1b2d1fb74f2,698,high,1,1.0,large_dark,46.607,False,False,True
hist_gbdt,1c1258a1-d0f6-433e-9466-dbc1705fa263,25,medium_high,2,0.029167,appearance,0.406,True,True,True
hist_gbdt,1c1258a1-d0f6-433e-9466-dbc1705fa263,26,medium_high,1,0.038749,map,1.471,True,True,True
hist_gbdt,1c1258a1-d0f6-433e-9466-dbc1705fa263,27,medium_high,2,0.043475,appearance,2.223,True,True,True
hist_gbdt,1c1258a1-d0f6-433e-9466-dbc1705fa263,28,medium_high,2,0.043475,appearance,2.697,True,True,True
hist_gbdt,1c1258a1-d0f6-433e-9466-dbc1705fa263,29,medium_high,1,0.043475,appearance,3.567,True,True,True
hist_gbdt,1c1258a1-d0f6-433e-9466-dbc1705fa263,30,high,1,0.043475,appearance,3.354,True,True,True
hist_gbdt,1c1258a1-d0f6-433e-9466-dbc1705fa263,31,high,1,0.062468,map,0.0,True,True,True
hist_gbdt,1c1258a1-d0f6-433e-9466-dbc1705fa263,32,high,1,0.069876,appearance,4.61,True,True,True
hist_gbdt,1c1258a1-d0f6-433e-9466-dbc1705fa263,33,high,1,0.069876,appearance,3.808,True,True,True
hist_gbdt,1c1258a1-d0f6-433e-9466-dbc1705fa263,34,high,1,0.069876,appearance,5.701,True,True,True
hist_gbdt,1c1258a1-d0f6-433e-9466-dbc1705fa263,35,high,1,0.069876,appearance,3.354,True,True,True
hist_gbdt,1c1258a1-d0f6-433e-9466-dbc1705fa263,36,high,3,0.088696,map,15.7,False,True,True
hist_gbdt,1c1258a1-d0f6-433e-9466-dbc1705fa263,37,high,1,0.076707,appearance,4.95,True,True,True
hist_gbdt,1c1258a1-d0f6-433e-9466-dbc1705fa263,38,high,1,0.620208,map,0.0,True,True,True
hist_gbdt,1c1258a1-d0f6-433e-9466-dbc1705fa263,39,high,1,0.285898,appearance,0.0,True,True,True
hist_gbdt,1c1258a1-d0f6-433e-9466-dbc1705fa263,40,high,1,0.618755,map,0.0,True,True,True
hist_gbdt,1c1258a1-d0f6-433e-9466-dbc1705fa263,41,high,1,0.837754,map,0.0,True,True,True
hist_gbdt,1c1258a1-d0f6-433e-9466-dbc1705fa263,42,high,2,0.836914,map,0.0,True,True,True
hist_gbdt,1c1258a1-d0f6-433e-9466-dbc1705fa263,43,high,1,0.837754,map,0.0,True,True,True
hist_gbdt,1c1258a1-d0f6-433e-9466-dbc1705fa263,44,high,1,0.836914,appearance,4.031,True,True,True
hist_gbdt,1c1258a1-d0f6-433e-9466-dbc1705fa263,45,high,1,0.836914,map,0.0,True,True,True
hist_gbdt,1c1258a1-d0f6-433e-9466-dbc1705fa263,46,high,1,0.836914,map,4.743,True,True,True
hist_gbdt,1c1258a1-d0f6-433e-9466-dbc1705fa263,47,high,1,0.836914,appearance,6.519,True,True,True
hist_gbdt,1c1258a1-d0f6-433e-9466-dbc1705fa263,48,high,1,0.837754,map,0.0,True,True,True
hist_gbdt,1c1258a1-d0f6-433e-9466-dbc1705fa263,49,high,1,0.836914,appearance,3.041,True,True,True
hist_gbdt,1c1258a1-d0f6-433e-9466-dbc1705fa263,50,high,1,0.836914,map,0.0,True,True,True
hist_gbdt,1c1258a1-d0f6-433e-9466-dbc1705fa263,51,high,1,0.837754,map,0.0,True,True,True
hist_gbdt,1c1258a1-d0f6-433e-9466-dbc1705fa263,52,high,1,0.837754,map,3.162,True,True,True
hist_gbdt,1c1258a1-d0f6-433e-9466-dbc1705fa263,53,high,2,0.837993,map,4.243,True,True,True
hist_gbdt,1c1258a1-d0f6-433e-9466-dbc1705fa263,54,high,1,0.837754,map,3.606,True,True,True
hist_gbdt,1c1258a1-d0f6-433e-9466-dbc1705fa263,55,high,1,0.837754,map,0.0,True,True,True
hist_gbdt,1c1258a1-d0f6-433e-9466-dbc1705fa263,56,high,1,0.876462,map,0.0,True,True,True
hist_gbdt,1c1258a1-d0f6-433e-9466-dbc1705fa263,57,high,1,0.837754,map,0.0,True,True,True
hist_gbdt,1c1258a1-d0f6-433e-9466-dbc1705fa263,58,high,3,0.869596,map,0.0,True,True,True
hist_gbdt,1c1258a1-d0f6-433e-9466-dbc1705fa263,59,high,1,0.837754,map,6.364,True,True,True
hist_gbdt,1c1258a1-d0f6-433e-9466-dbc1705fa263,60,high,2,0.876462,map,0.0,True,True,True
hist_gbdt,1c1258a1-d0f6-433e-9466-dbc1705fa263,61,high,1,0.938785,map,0.0,True,True,True
hist_gbdt,1c1258a1-d0f6-433e-9466-dbc1705fa263,62,high,2,0.938785,map,3.162,True,True,True
hist_gbdt,1c1258a1-d0f6-433e-9466-dbc1705fa263,63,high,3,0.959853,map,4.472,True,True,True
hist_gbdt,1c1258a1-d0f6-433e-9466-dbc1705fa263,64,high,1,0.876462,map,0.0,True,True,True
hist_gbdt,1c1258a1-d0f6-433e-9466-dbc1705fa263,65,high,1,0.876462,map,0.0,True,True,True
hist_gbdt,1c1258a1-d0f6-433e-9466-dbc1705fa263,66,high,1,0.938785,map,0.0,True,True,True
hist_gbdt,1c1258a1-d0f6-433e-9466-dbc1705fa263,67,high,2,0.938785,map,3.0,True,True,True
hist_gbdt,1c1258a1-d0f6-433e-9466-dbc1705fa263,68,high,3,0.913826,map,5.099,True,True,True
hist_gbdt,1c1258a1-d0f6-433e-9466-dbc1705fa263,69,high,1,0.837993,map,0.0,True,True,True
hist_gbdt,1c1258a1-d0f6-433e-9466-dbc1705fa263,70,high,2,0.837993,map,0.0,True,True,True
hist_gbdt,1c1258a1-d0f6-433e-9466-dbc1705fa263,71,high,1,0.906049,map,0.0,True,True,True
hist_gbdt,1c1258a1-d0f6-433e-9466-dbc1705fa263,72,high,1,0.876462,map,0.0,True,True,True
hist_gbdt,1c1258a1-d0f6-433e-9466-dbc1705fa263,73,high,1,0.938785,map,0.0,True,True,True
hist_gbdt,1c1258a1-d0f6-433e-9466-dbc1705fa263,74,high,2,0.876462,map,0.0,True,True,True
hist_gbdt,1c1258a1-d0f6-433e-9466-dbc1705fa263,75,high,1,0.837993,map,0.0,True,True,True
hist_gbdt,1c1258a1-d0f6-433e-9466-dbc1705fa263,76,high,1,0.906049,map,0.0,True,True,True
hist_gbdt,1c1258a1-d0f6-433e-9466-dbc1705fa263,77,high,2,0.876462,map,0.0,True,True,True
hist_gbdt,1c1258a1-d0f6-433e-9466-dbc1705fa263,78,high,2,0.933814,map,3.162,True,True,True
hist_gbdt,1c1258a1-d0f6-433e-9466-dbc1705fa263,79,high,1,0.837754,appearance,0.0,True,True,True
hist_gbdt,1c1258a1-d0f6-433e-9466-dbc1705fa263,80,high,1,0.836914,map,0.0,True,True,True
hist_gbdt,1c1258a1-d0f6-433e-9466-dbc1705fa263,81,high,1,0.837993,map,0.0,True,True,True
hist_gbdt,1c1258a1-d0f6-433e-9466-dbc1705fa263,82,high,1,0.836914,appearance,11.705,False,True,True
hist_gbdt,1c1258a1-d0f6-433e-9466-dbc1705fa263,83,high,1,0.837993,map,0.0,True,True,True
hist_gbdt,1c1258a1-d0f6-433e-9466-dbc1705fa263,84,high,1,0.836914,appearance,3.0,True,True,True
hist_gbdt,1c1258a1-d0f6-433e-9466-dbc1705fa263,85,high,1,0.836914,map,0.0,True,True,True
hist_gbdt,1c1258a1-d0f6-433e-9466-dbc1705fa263,86,high,1,0.875793,map,0.0,True,True,True
hist_gbdt,1c1258a1-d0f6-433e-9466-dbc1705fa263,87,high,1,0.836914,appearance,11.63,False,True,True
hist_gbdt,1c1258a1-d0f6-433e-9466-dbc1705fa263,88,high,1,0.875793,map,0.0,True,True,True
hist_gbdt,1c1258a1-d0f6-433e-9466-dbc1705fa263,89,high,2,0.875793,map,0.0,True,True,True
hist_gbdt,1c1258a1-d0f6-433e-9466-dbc1705fa263,90,high,1,0.836914,map,0.0,True,True,True
hist_gbdt,1c1258a1-d0f6-433e-9466-dbc1705fa263,91,high,1,0.905523,map,0.0,True,True,True
hist_gbdt,1c1258a1-d0f6-433e-9466-dbc1705fa263,92,high,1,0.875793,map,0.0,True,True,True
hist_gbdt,1c1258a1-d0f6-433e-9466-dbc1705fa263,93,high,1,0.93843,map,0.0,True,True,True
hist_gbdt,1c1258a1-d0f6-433e-9466-dbc1705fa263,94,high,1,0.839575,map,0.0,True,True,True
hist_gbdt,1c1258a1-d0f6-433e-9466-dbc1705fa263,95,high,2,0.770189,map,6.325,True,True,True
hist_gbdt,1c1258a1-d0f6-433e-9466-dbc1705fa263,96,medium_high,1,0.535018,map,2.709,True,True,True
hist_gbdt,1c1258a1-d0f6-433e-9466-dbc1705fa263,97,medium_high,2,0.352595,map,3.425,True,True,True
hist_gbdt,1c1258a1-d0f6-433e-9466-dbc1705fa263,98,medium_high,1,0.603898,map,3.038,True,True,True
hist_gbdt,1c1258a1-d0f6-433e-9466-dbc1705fa263,99,medium_high,1,0.661375,appearance,1.834,True,True,True
hist_gbdt,1c1258a1-d0f6-433e-9466-dbc1705fa263,100,medium_high,1,0.959615,map,3.797,True,True,True
hist_gbdt,1c1258a1-d0f6-433e-9466-dbc1705fa263,101,medium_high,1,0.936503,map,5.325,True,True,True
hist_gbdt,1c1258a1-d0f6-433e-9466-dbc1705fa263,102,medium_high,1,0.936503,map,6.94,True,True,True
hist_gbdt,1c1258a1-d0f6-433e-9466-dbc1705fa263,103,medium_high,2,0.935767,map,5.837,True,True,True
hist_gbdt,1c1258a1-d0f6-433e-9466-dbc1705fa263,104,medium_high,1,0.914466,appearance,5.678,True,True,True
hist_gbdt,1c1258a1-d0f6-433e-9466-dbc1705fa263,105,medium_high,2,0.914466,appearance,6.398,True,True,True
hist_gbdt,1c1258a1-d0f6-433e-9466-dbc1705fa263,106,medium_high,1,0.82521,appearance,5.534,True,True,True
hist_gbdt,1c1258a1-d0f6-433e-9466-dbc1705fa263,107,medium_high,1,0.82521,map,5.508,True,True,True
hist_gbdt,1c1258a1-d0f6-433e-9466-dbc1705fa263,108,medium_high,2,0.914466,map,1.703,True,True,True
hist_gbdt,1c1258a1-d0f6-433e-9466-dbc1705fa263,109,medium_high,1,0.400093,map,1.838,True,True,True
hist_gbdt,1c1258a1-d0f6-433e-9466-dbc1705fa263,110,medium_high,1,0.890322,map,4.487,True,True,True
hist_gbdt,1c1258a1-d0f6-433e-9466-dbc1705fa263,111,medium_high,1,0.837155,appearance,3.814,True,True,True
hist_gbdt,1c1258a1-d0f6-433e-9466-dbc1705fa263,112,medium_high,1,0.812955,appearance,4.485,True,True,True
hist_gbdt,1c1258a1-d0f6-433e-9466-dbc1705fa263,113,medium_high,1,0.907769,map,2.569,True,True,True
hist_gbdt,1c1258a1-d0f6-433e-9466-dbc1705fa263,114,medium_high,1,0.837155,appearance,2.442,True,True,True
hist_gbdt,1c1258a1-d0f6-433e-9466-dbc1705fa263,115,medium_high,1,0.93843,map,1.729,True,True,True
hist_gbdt,1c1258a1-d0f6-433e-9466-dbc1705fa263,116,medium_high,1,0.836914,appearance,2.321,True,True,True
hist_gbdt,1c1258a1-d0f6-433e-9466-dbc1705fa263,117,high,1,0.836914,map,0.0,True,True,True
hist_gbdt,1c1258a1-d0f6-433e-9466-dbc1705fa263,118,high,1,0.875793,map,0.0,True,True,True
hist_gbdt,1c1258a1-d0f6-433e-9466-dbc1705fa263,119,high,1,0.836914,appearance,0.0,True,True,True
hist_gbdt,1c1258a1-d0f6-433e-9466-dbc1705fa263,120,high,1,0.837155,map,0.0,True,True,True
hist_gbdt,1c1258a1-d0f6-433e-9466-dbc1705fa263,121,high,2,0.837155,map,0.0,True,True,True
hist_gbdt,1c1258a1-d0f6-433e-9466-dbc1705fa263,122,high,1,0.836914,map,0.0,True,True,True
hist_gbdt,1c1258a1-d0f6-433e-9466-dbc1705fa263,123,high,1,0.875793,map,0.0,True,True,True
hist_gbdt,1c1258a1-d0f6-433e-9466-dbc1705fa263,124,high,1,0.836914,appearance,6.265,True,True,True
hist_gbdt,1c1258a1-d0f6-433e-9466-dbc1705fa263,125,high,1,0.836603,map,0.0,True,True,True
hist_gbdt,1c1258a1-d0f6-433e-9466-dbc1705fa263,126,high,1,0.836914,appearance,0.5,True,True,True
hist_gbdt,1c1258a1-d0f6-433e-9466-dbc1705fa263,127,high,2,0.836914,appearance,1.5,True,True,True
hist_gbdt,1c1258a1-d0f6-433e-9466-dbc1705fa263,128,high,2,0.836914,appearance,1.5,True,True,True
hist_gbdt,1c1258a1-d0f6-433e-9466-dbc1705fa263,129,high,1,0.836914,appearance,0.5,True,True,True
hist_gbdt,1c1258a1-d0f6-433e-9466-dbc1705fa263,130,high,2,0.836914,appearance,2.693,True,True,True
hist_gbdt,1c1258a1-d0f6-433e-9466-dbc1705fa263,131,high,1,0.836914,appearance,0.0,True,True,True
hist_gbdt,1c1258a1-d0f6-433e-9466-dbc1705fa263,132,high,1,0.814803,map,0.0,True,True,True
hist_gbdt,1c1258a1-d0f6-433e-9466-dbc1705fa263,133,high,1,0.709789,map,0.0,True,True,True
hist_gbdt,1c1258a1-d0f6-433e-9466-dbc1705fa263,134,high,1,0.836914,appearance,2.5,True,True,True
hist_gbdt,1c1258a1-d0f6-433e-9466-dbc1705fa263,135,high,2,0.740444,appearance,1.118,True,True,True
hist_gbdt,1c1258a1-d0f6-433e-9466-dbc1705fa263,136,high,1,0.836914,appearance,1.118,True,True,True
hist_gbdt,1c1258a1-d0f6-433e-9466-dbc1705fa263,137,high,1,0.814803,map,0.0,True,True,True
hist_gbdt,1c1258a1-d0f6-433e-9466-dbc1705fa263,138,high,2,0.754055,appearance,1.803,True,True,True
hist_gbdt,1c1258a1-d0f6-433e-9466-dbc1705fa263,139,high,1,0.754055,appearance,1.581,True,True,True
hist_gbdt,1c1258a1-d0f6-433e-9466-dbc1705fa263,140,high,2,0.740444,appearance,0.707,True,True,True
hist_gbdt,1c1258a1-d0f6-433e-9466-dbc1705fa263,141,high,1,0.754055,appearance,0.707,True,True,True
hist_gbdt,1c1258a1-d0f6-433e-9466-dbc1705fa263,142,high,2,0.776505,appearance,1.581,True,True,True
hist_gbdt,1c1258a1-d0f6-433e-9466-dbc1705fa263,143,high,2,0.754055,appearance,1.581,True,True,True
hist_gbdt,1c1258a1-d0f6-433e-9466-dbc1705fa263,144,high,1,0.712911,appearance,1.581,True,True,True
hist_gbdt,1c1258a1-d0f6-433e-9466-dbc1705fa263,145,high,1,0.709789,map,0.0,True,True,True
hist_gbdt,1c1258a1-d0f6-433e-9466-dbc1705fa263,146,high,1,0.754055,appearance,2.55,True,True,True
hist_gbdt,1c1258a1-d0f6-433e-9466-dbc1705fa263,147,high,2,0.776505,appearance,1.581,True,True,True
hist_gbdt,1c1258a1-d0f6-433e-9466-dbc1705fa263,148,high,2,0.740444,appearance,0.707,True,True,True
hist_gbdt,1c1258a1-d0f6-433e-9466-dbc1705fa263,149,high,2,0.594914,map,0.0,True,True,True
hist_gbdt,1c1258a1-d0f6-433e-9466-dbc1705fa263,150,high,2,0.658866,appearance,0.707,True,True,True
hist_gbdt,1c1258a1-d0f6-433e-9466-dbc1705fa263,151,high,2,0.570818,map,0.0,True,True,True
hist_gbdt,1c1258a1-d0f6-433e-9466-dbc1705fa263,152,high,1,0.144738,map,0.0,True,True,True
hist_gbdt,1c1258a1-d0f6-433e-9466-dbc1705fa263,153,high,1,0.474298,map,3.808,True,True,True
hist_gbdt,1c1258a1-d0f6-433e-9466-dbc1705fa263,154,high,2,0.144738,map,0.0,True,True,True
hist_gbdt,1c1258a1-d0f6-433e-9466-dbc1705fa263,155,high,1,0.570818,map,0.0,True,True,True
hist_gbdt,1c1258a1-d0f6-433e-9466-dbc1705fa263,156,high,2,0.414142,map,0.0,True,True,True
hist_gbdt,1c1258a1-d0f6-433e-9466-dbc1705fa263,157,high,1,0.153891,map,0.0,True,True,True
hist_gbdt,1c1258a1-d0f6-433e-9466-dbc1705fa263,158,high,1,0.594914,map,0.0,True,True,True
hist_gbdt,1c1258a1-d0f6-433e-9466-dbc1705fa263,159,high,2,0.436146,map,0.0,True,True,True
hist_gbdt,1c1258a1-d0f6-433e-9466-dbc1705fa263,160,high,1,0.594914,map,0.0,True,True,True
hist_gbdt,1c1258a1-d0f6-433e-9466-dbc1705fa263,161,high,1,0.570818,map,0.0,True,True,True
hist_gbdt,1c1258a1-d0f6-433e-9466-dbc1705fa263,162,high,1,0.594914,map,0.0,True,True,True
hist_gbdt,1c1258a1-d0f6-433e-9466-dbc1705fa263,163,high,1,0.709789,map,0.0,True,True,True
hist_gbdt,1c1258a1-d0f6-433e-9466-dbc1705fa263,164,high,2,0.709789,map,0.0,True,True,True
hist_gbdt,1c1258a1-d0f6-433e-9466-dbc1705fa263,165,high,2,0.740444,appearance,1.581,True,True,True
hist_gbdt,1c1258a1-d0f6-433e-9466-dbc1705fa263,166,high,2,0.724099,appearance,1.581,True,True,True
hist_gbdt,1c1258a1-d0f6-433e-9466-dbc1705fa263,167,high,1,0.709789,map,0.0,True,True,True
hist_gbdt,1c1258a1-d0f6-433e-9466-dbc1705fa263,168,high,1,0.649292,map,0.0,True,True,True
hist_gbdt,1c1258a1-d0f6-433e-9466-dbc1705fa263,169,high,1,0.740444,appearance,2.121,True,True,True
hist_gbdt,1c1258a1-d0f6-433e-9466-dbc1705fa263,170,high,2,0.740444,appearance,2.121,True,True,True
hist_gbdt,1c1258a1-d0f6-433e-9466-dbc1705fa263,171,high,1,0.740444,appearance,2.121,True,True,True
hist_gbdt,1c1258a1-d0f6-433e-9466-dbc1705fa263,172,high,2,0.740444,appearance,1.581,True,True,True
hist_gbdt,1c1258a1-d0f6-433e-9466-dbc1705fa263,173,high,1,0.84706,map,0.0,True,True,True
hist_gbdt,1c1258a1-d0f6-433e-9466-dbc1705fa263,174,high,2,0.84706,map,0.0,True,True,True
hist_gbdt,1c1258a1-d0f6-433e-9466-dbc1705fa263,175,high,1,0.820401,map,0.0,True,True,True
hist_gbdt,1c1258a1-d0f6-433e-9466-dbc1705fa263,176,high,2,0.77067,map,0.0,True,True,True
hist_gbdt,1c1258a1-d0f6-433e-9466-dbc1705fa263,177,high,2,0.786913,appearance,1.803,True,True,True
hist_gbdt,1c1258a1-d0f6-433e-9466-dbc1705fa263,178,high,1,0.894053,map,0.0,True,True,True
hist_gbdt,1c1258a1-d0f6-433e-9466-dbc1705fa263,180,high,1,0.892446,map,0.0,True,True,True
hist_gbdt,1c1258a1-d0f6-433e-9466-dbc1705fa263,182,high,1,0.865954,map,0.0,True,True,True
hist_gbdt,1c1258a1-d0f6-433e-9466-dbc1705fa263,183,high,1,0.93464,map,0.0,True,True,True
hist_gbdt,1c1258a1-d0f6-433e-9466-dbc1705fa263,184,high,2,0.892446,map,0.0,True,True,True
hist_gbdt,1c1258a1-d0f6-433e-9466-dbc1705fa263,185,high,3,0.94227,map,3.162,True,True,True
hist_gbdt,1c1258a1-d0f6-433e-9466-dbc1705fa263,186,high,1,0.90105,appearance,7.159,True,True,True
hist_gbdt,1c1258a1-d0f6-433e-9466-dbc1705fa263,187,high,1,0.900689,map,0.0,True,True,True
hist_gbdt,1c1258a1-d0f6-433e-9466-dbc1705fa263,188,high,1,0.933555,map,0.0,True,True,True
hist_gbdt,1c1258a1-d0f6-433e-9466-dbc1705fa263,189,high,1,0.93843,map,1.581,True,True,True
hist_gbdt,1c1258a1-d0f6-433e-9466-dbc1705fa263,190,high,3,0.953363,map,4.123,True,True,True
hist_gbdt,1c1258a1-d0f6-433e-9466-dbc1705fa263,191,high,2,0.93843,map,1.581,True,True,True
hist_gbdt,1c1258a1-d0f6-433e-9466-dbc1705fa263,192,high,2,0.938196,map,3.0,True,True,True
hist_gbdt,1c1258a1-d0f6-433e-9466-dbc1705fa263,193,high,1,0.953363,map,0.0,True,True,True
hist_gbdt,1c1258a1-d0f6-433e-9466-dbc1705fa263,194,high,1,0.933555,map,0.0,True,True,True
hist_gbdt,1c1258a1-d0f6-433e-9466-dbc1705fa263,195,high,2,0.949512,map,5.385,True,True,True
hist_gbdt,1c1258a1-d0f6-433e-9466-dbc1705fa263,197,high,2,0.932377,map,0.707,True,True,True
hist_gbdt,1c1258a1-d0f6-433e-9466-dbc1705fa263,198,high,3,0.9564,map,4.528,True,True,True
hist_gbdt,1c1258a1-d0f6-433e-9466-dbc1705fa263,200,high,3,0.943004,map,5.0,True,True,True
hist_gbdt,1c1258a1-d0f6-433e-9466-dbc1705fa263,201,high,1,0.851673,map,0.0,True,True,True
hist_gbdt,1c1258a1-d0f6-433e-9466-dbc1705fa263,202,high,1,0.851673,map,0.0,True,True,True
hist_gbdt,1c1258a1-d0f6-433e-9466-dbc1705fa263,203,high,1,0.884062,map,0.0,True,True,True
hist_gbdt,1c1258a1-d0f6-433e-9466-dbc1705fa263,204,high,2,0.84364,map,0.0,True,True,True
hist_gbdt,1c1258a1-d0f6-433e-9466-dbc1705fa263,205,high,1,0.85441,map,0.0,True,True,True
hist_gbdt,1c1258a1-d0f6-433e-9466-dbc1705fa263,207,high,1,0.700986,map,0.0,True,True,True
hist_gbdt,1c1258a1-d0f6-433e-9466-dbc1705fa263,208,high,1,0.902143,map,0.0,True,True,True
hist_gbdt,1c1258a1-d0f6-433e-9466-dbc1705fa263,210,high,1,0.835569,map,0.0,True,True,True
hist_gbdt,1c1258a1-d0f6-433e-9466-dbc1705fa263,211,high,1,0.836914,appearance,1.803,True,True,True
hist_gbdt,1c1258a1-d0f6-433e-9466-dbc1705fa263,212,high,2,0.836914,appearance,1.5,True,True,True
hist_gbdt,1c1258a1-d0f6-433e-9466-dbc1705fa263,213,high,3,0.780146,appearance,0.5,True,True,True
hist_gbdt,1c1258a1-d0f6-433e-9466-dbc1705fa263,215,high,1,0.830778,map,0.0,True,True,True
hist_gbdt,1c1258a1-d0f6-433e-9466-dbc1705fa263,216,high,2,0.858059,map,0.0,True,True,True
hist_gbdt,1c1258a1-d0f6-433e-9466-dbc1705fa263,217,high,2,0.836914,map,2.121,True,True,True
hist_gbdt,1c1258a1-d0f6-433e-9466-dbc1705fa263,218,high,2,0.837155,map,3.536,True,True,True
hist_gbdt,1c1258a1-d0f6-433e-9466-dbc1705fa263,219,high,2,0.858059,map,0.0,True,True,True
hist_gbdt,1c1258a1-d0f6-433e-9466-dbc1705fa263,220,high,2,0.875793,appearance,2.55,True,True,True
hist_gbdt,1c1258a1-d0f6-433e-9466-dbc1705fa263,222,high,2,0.786913,appearance,3.162,True,True,True
hist_gbdt,1c1258a1-d0f6-433e-9466-dbc1705fa263,223,high,1,0.837155,map,3.536,True,True,True
hist_gbdt,1c1258a1-d0f6-433e-9466-dbc1705fa263,225,high,1,0.836914,map,3.536,True,True,True
hist_gbdt,1c1258a1-d0f6-433e-9466-dbc1705fa263,227,high,1,0.754242,map,0.0,True,True,True
hist_gbdt,1c1258a1-d0f6-433e-9466-dbc1705fa263,228,high,1,0.836362,map,0.0,True,True,True
hist_gbdt,1c1258a1-d0f6-433e-9466-dbc1705fa263,230,high,2,0.836914,motion,3.162,True,True,True
hist_gbdt,1c1258a1-d0f6-433e-9466-dbc1705fa263,233,high,1,0.836914,motion,3.5,True,True,True
hist_gbdt,1c1258a1-d0f6-433e-9466-dbc1705fa263,234,medium_high,1,0.776505,appearance,2.0,True,True,True
hist_gbdt,1c1258a1-d0f6-433e-9466-dbc1705fa263,235,medium_high,1,0.836914,appearance,2.001,True,True,True
hist_gbdt,1c1258a1-d0f6-433e-9466-dbc1705fa263,236,medium_high,1,0.646634,appearance,2.532,True,True,True
hist_gbdt,1c1258a1-d0f6-433e-9466-dbc1705fa263,237,medium_high,1,0.033698,appearance,2.527,True,True,True
hist_gbdt,1c1258a1-d0f6-433e-9466-dbc1705fa263,238,medium_high,2,0.027366,appearance,2.522,True,True,True
hist_gbdt,1c1258a1-d0f6-433e-9466-dbc1705fa263,239,medium_high,2,0.006145,map,114.119,False,False,True
hist_gbdt,1c1258a1-d0f6-433e-9466-dbc1705fa263,240,medium_high,24,0.138441,map,3.417,True,True,True
hist_gbdt,1c1258a1-d0f6-433e-9466-dbc1705fa263,241,medium_high,14,0.138441,map,2.644,True,True,True
hist_gbdt,1c1258a1-d0f6-433e-9466-dbc1705fa263,242,medium_high,32,0.138441,map,2.119,True,True,True
hist_gbdt,1c1258a1-d0f6-433e-9466-dbc1705fa263,243,medium_high,43,0.122606,map,5.08,True,True,True
hist_gbdt,1c1258a1-d0f6-433e-9466-dbc1705fa263,244,medium_high,43,0.138441,map,4.145,True,True,True
hist_gbdt,1c1258a1-d0f6-433e-9466-dbc1705fa263,245,medium_high,35,0.146278,map,4.707,True,True,True
hist_gbdt,1c1258a1-d0f6-433e-9466-dbc1705fa263,246,medium_high,20,0.146278,map,3.707,True,True,True
hist_gbdt,1c1258a1-d0f6-433e-9466-dbc1705fa263,247,medium_high,34,0.129681,map,4.639,True,True,True
hist_gbdt,1c1258a1-d0f6-433e-9466-dbc1705fa263,248,medium_high,42,0.129681,map,3.64,True,True,True
hist_gbdt,1c1258a1-d0f6-433e-9466-dbc1705fa263,249,medium_high,40,0.146278,map,2.665,True,True,True
hist_gbdt,1c1258a1-d0f6-433e-9466-dbc1705fa263,250,medium_high,1,0.006643,map,113.061,False,False,True
hist_gbdt,1c1258a1-d0f6-433e-9466-dbc1705fa263,251,medium_high,1,0.024811,appearance,5.951,True,True,True
hist_gbdt,1c1258a1-d0f6-433e-9466-dbc1705fa263,252,medium_high,26,0.036861,map,4.37,True,True,True
hist_gbdt,1c1258a1-d0f6-433e-9466-dbc1705fa263,253,medium_high,30,0.036861,map,4.444,True,True,True
hist_gbdt,1c1258a1-d0f6-433e-9466-dbc1705fa263,254,medium_high,29,0.036861,map,4.742,True,True,True
hist_gbdt,1c1258a1-d0f6-433e-9466-dbc1705fa263,255,medium_high,1,0.050477,map,8.723,False,True,True
hist_gbdt,1c1258a1-d0f6-433e-9466-dbc1705fa263,256,medium_high,1,0.047273,map,8.692,False,True,True
hist_gbdt,1c1258a1-d0f6-433e-9466-dbc1705fa263,257,medium_high,1,0.032739,appearance,4.888,True,True,True
hist_gbdt,1c1258a1-d0f6-433e-9466-dbc1705fa263,258,medium_high,1,0.015159,appearance,4.862,True,True,True
hist_gbdt,1c1258a1-d0f6-433e-9466-dbc1705fa263,259,medium_high,1,0.032739,appearance,3.714,True,True,True
hist_gbdt,1c1258a1-d0f6-433e-9466-dbc1705fa263,260,medium_high,1,0.052018,map,2.1,True,True,True
hist_gbdt,1c1258a1-d0f6-433e-9466-dbc1705fa263,261,medium_high,1,0.027366,appearance,2.719,True,True,True
hist_gbdt,1c1258a1-d0f6-433e-9466-dbc1705fa263,262,medium_high,1,0.618755,map,0.03,True,True,True
hist_gbdt,1c1258a1-d0f6-433e-9466-dbc1705fa263,263,high,1,0.836914,map,0.0,True,True,True
hist_gbdt,1c1258a1-d0f6-433e-9466-dbc1705fa263,264,high,1,0.852523,appearance,3.0,True,True,True
hist_gbdt,1c1258a1-d0f6-433e-9466-dbc1705fa263,265,high,1,0.895159,map,0.0,True,True,True
hist_gbdt,1c1258a1-d0f6-433e-9466-dbc1705fa263,266,high,1,0.895159,appearance,3.536,True,True,True
hist_gbdt,1c1258a1-d0f6-433e-9466-dbc1705fa263,267,high,1,0.895159,map,0.0,True,True,True
hist_gbdt,1c1258a1-d0f6-433e-9466-dbc1705fa263,268,high,1,0.920767,map,0.0,True,True,True
hist_gbdt,1c1258a1-d0f6-433e-9466-dbc1705fa263,269,high,1,0.895324,appearance,4.123,True,True,True
hist_gbdt,1c1258a1-d0f6-433e-9466-dbc1705fa263,270,high,1,0.920767,map,0.0,True,True,True
hist_gbdt,1c1258a1-d0f6-433e-9466-dbc1705fa263,271,high,2,0.905523,map,0.0,True,True,True
hist_gbdt,1c1258a1-d0f6-433e-9466-dbc1705fa263,272,high,2,0.895159,map,6.042,True,True,True
hist_gbdt,1c1258a1-d0f6-433e-9466-dbc1705fa263,273,high,1,0.93843,map,0.0,True,True,True
hist_gbdt,1c1258a1-d0f6-433e-9466-dbc1705fa263,274,high,2,0.920767,map,0.0,True,True,True
hist_gbdt,1c1258a1-d0f6-433e-9466-dbc1705fa263,275,high,1,0.93843,map,0.0,True,True,True
hist_gbdt,1c1258a1-d0f6-433e-9466-dbc1705fa263,276,high,2,0.920767,map,0.0,True,True,True
hist_gbdt,1c1258a1-d0f6-433e-9466-dbc1705fa263,277,high,1,0.875793,map,0.0,True,True,True
hist_gbdt,1c1258a1-d0f6-433e-9466-dbc1705fa263,278,high,1,0.93843,map,0.0,True,True,True
hist_gbdt,1c1258a1-d0f6-433e-9466-dbc1705fa263,279,high,2,0.920767,map,0.0,True,True,True
hist_gbdt,1c1258a1-d0f6-433e-9466-dbc1705fa263,280,high,1,0.93843,map,0.0,True,True,True
hist_gbdt,1c1258a1-d0f6-433e-9466-dbc1705fa263,281,high,2,0.920767,map,0.0,True,True,True
hist_gbdt,1c1258a1-d0f6-433e-9466-dbc1705fa263,282,high,1,0.875793,map,0.0,True,True,True
hist_gbdt,1c1258a1-d0f6-433e-9466-dbc1705fa263,283,high,1,0.93843,map,0.0,True,True,True
hist_gbdt,1c1258a1-d0f6-433e-9466-dbc1705fa263,284,high,2,0.920767,map,0.0,True,True,True
hist_gbdt,1c1258a1-d0f6-433e-9466-dbc1705fa263,285,high,1,0.93843,map,0.0,True,True,True
hist_gbdt,1c1258a1-d0f6-433e-9466-dbc1705fa263,286,high,2,0.920767,map,0.0,True,True,True
hist_gbdt,1c1258a1-d0f6-433e-9466-dbc1705fa263,287,high,1,0.837155,map,0.0,True,True,True
hist_gbdt,1c1258a1-d0f6-433e-9466-dbc1705fa263,288,high,1,0.938785,map,0.0,True,True,True
hist_gbdt,1c1258a1-d0f6-433e-9466-dbc1705fa263,289,high,2,0.905523,map,0.0,True,True,True
hist_gbdt,1c1258a1-d0f6-433e-9466-dbc1705fa263,290,high,1,0.921215,map,0.0,True,True,True
hist_gbdt,1c1258a1-d0f6-433e-9466-dbc1705fa263,291,high,2,0.905523,map,0.0,True,True,True
hist_gbdt,1c1258a1-d0f6-433e-9466-dbc1705fa263,292,high,1,0.837155,map,0.0,True,True,True
hist_gbdt,1c1258a1-d0f6-433e-9466-dbc1705fa263,293,high,1,0.906049,map,0.0,True,True,True
hist_gbdt,1c1258a1-d0f6-433e-9466-dbc1705fa263,294,high,2,0.875793,map,0.0,True,True,True
hist_gbdt,1c1258a1-d0f6-433e-9466-dbc1705fa263,295,high,1,0.906049,map,0.0,True,True,True
hist_gbdt,1c1258a1-d0f6-433e-9466-dbc1705fa263,296,high,2,0.875793,map,0.0,True,True,True
hist_gbdt,1c1258a1-d0f6-433e-9466-dbc1705fa263,297,high,1,0.836914,map,0.0,True,True,True
hist_gbdt,1c1258a1-d0f6-433e-9466-dbc1705fa263,298,high,1,0.876462,map,0.0,True,True,True
hist_gbdt,1c1258a1-d0f6-433e-9466-dbc1705fa263,299,high,1,0.837993,map,0.0,True,True,True
hist_gbdt,1c1258a1-d0f6-433e-9466-dbc1705fa263,300,high,1,0.921215,map,0.0,True,True,True
hist_gbdt,1c1258a1-d0f6-433e-9466-dbc1705fa263,301,high,2,0.876462,map,3.162,True,True,True
hist_gbdt,1c1258a1-d0f6-433e-9466-dbc1705fa263,302,high,1,0.837754,map,0.0,True,True,True
hist_gbdt,1c1258a1-d0f6-433e-9466-dbc1705fa263,303,high,2,0.876462,map,0.0,True,True,True
hist_gbdt,1c1258a1-d0f6-433e-9466-dbc1705fa263,304,high,1,0.837754,map,0.0,True,True,True
hist_gbdt,1c1258a1-d0f6-433e-9466-dbc1705fa263,305,high,1,0.837993,map,0.0,True,True,True
hist_gbdt,1c1258a1-d0f6-433e-9466-dbc1705fa263,306,high,1,0.837754,map,0.0,True,True,True
hist_gbdt,1c1258a1-d0f6-433e-9466-dbc1705fa263,307,high,1,0.837754,map,0.0,True,True,True
hist_gbdt,1c1258a1-d0f6-433e-9466-dbc1705fa263,308,high,1,0.837754,map,4.301,True,True,True
hist_gbdt,1c1258a1-d0f6-433e-9466-dbc1705fa263,309,high,1,0.837754,map,0.0,True,True,True
hist_gbdt,1c1258a1-d0f6-433e-9466-dbc1705fa263,310,high,1,0.837754,map,0.0,True,True,True
hist_gbdt,1c1258a1-d0f6-433e-9466-dbc1705fa263,311,high,1,0.837754,map,3.606,True,True,True
hist_gbdt,1c1258a1-d0f6-433e-9466-dbc1705fa263,312,high,1,0.837993,map,0.0,True,True,True
hist_gbdt,1c1258a1-d0f6-433e-9466-dbc1705fa263,313,high,1,0.921215,map,0.0,True,True,True
hist_gbdt,1c1258a1-d0f6-433e-9466-dbc1705fa263,314,high,1,0.837993,map,0.0,True,True,True
hist_gbdt,1c1258a1-d0f6-433e-9466-dbc1705fa263,315,high,1,0.876462,map,0.0,True,True,True
hist_gbdt,1c1258a1-d0f6-433e-9466-dbc1705fa263,316,high,2,0.837993,map,3.162,True,True,True
hist_gbdt,1c1258a1-d0f6-433e-9466-dbc1705fa263,317,high,1,0.837754,map,0.0,True,True,True
hist_gbdt,1c1258a1-d0f6-433e-9466-dbc1705fa263,318,high,2,0.837993,map,0.0,True,True,True
hist_gbdt,1c1258a1-d0f6-433e-9466-dbc1705fa263,319,high,1,0.837754,map,7.382,True,True,True
hist_gbdt,1c1258a1-d0f6-433e-9466-dbc1705fa263,320,high,1,0.837754,map,0.0,True,True,True
hist_gbdt,1c1258a1-d0f6-433e-9466-dbc1705fa263,321,high,1,0.837754,map,3.162,True,True,True
hist_gbdt,1c1258a1-d0f6-433e-9466-dbc1705fa263,322,high,1,0.837754,map,0.0,True,True,True
hist_gbdt,1c1258a1-d0f6-433e-9466-dbc1705fa263,323,high,1,0.837754,map,0.0,True,True,True
hist_gbdt,1c1258a1-d0f6-433e-9466-dbc1705fa263,324,high,1,0.837754,appearance,5.22,True,True,True
hist_gbdt,1c1258a1-d0f6-433e-9466-dbc1705fa263,325,high,1,0.837754,map,0.0,True,True,True
hist_gbdt,1c1258a1-d0f6-433e-9466-dbc1705fa263,326,high,1,0.837754,appearance,5.025,True,True,True
hist_gbdt,1c1258a1-d0f6-433e-9466-dbc1705fa263,327,high,1,0.837754,map,19.66,False,False,True
hist_gbdt,1c1258a1-d0f6-433e-9466-dbc1705fa263,328,high,2,0.876462,map,12.981,False,True,True
hist_gbdt,1c1258a1-d0f6-433e-9466-dbc1705fa263,329,high,2,0.82635,map,17.103,False,False,True
hist_gbdt,1c1258a1-d0f6-433e-9466-dbc1705fa263,330,high,1,0.838476,map,13.285,False,True,True
hist_gbdt,1c1258a1-d0f6-433e-9466-dbc1705fa263,331,high,2,0.838476,map,12.298,False,True,True
hist_gbdt,1c1258a1-d0f6-433e-9466-dbc1705fa263,332,high,1,0.826098,map,10.7,False,True,True
hist_gbdt,1c1258a1-d0f6-433e-9466-dbc1705fa263,333,high,1,0.826098,map,12.349,False,True,True
hist_gbdt,1c1258a1-d0f6-433e-9466-dbc1705fa263,334,high,7,0.221945,map,13.793,False,True,False
hist_gbdt,1c1258a1-d0f6-433e-9466-dbc1705fa263,335,high,3,0.645551,map,19.449,False,False,True
hist_gbdt,1c1258a1-d0f6-433e-9466-dbc1705fa263,336,high,5,0.34425,map,21.932,False,False,True
hist_gbdt,1c1258a1-d0f6-433e-9466-dbc1705fa263,337,high,4,0.313661,map,14.5,False,True,True
hist_gbdt,1c1258a1-d0f6-433e-9466-dbc1705fa263,338,high,1,0.537943,map,12.971,False,True,True
hist_gbdt,1c1258a1-d0f6-433e-9466-dbc1705fa263,339,high,3,0.335576,map,12.806,False,True,False
hist_gbdt,1c1258a1-d0f6-433e-9466-dbc1705fa263,340,high,1,0.548942,map,12.53,False,True,True
hist_gbdt,1c1258a1-d0f6-433e-9466-dbc1705fa263,341,high,2,0.60777,map,12.806,False,True,False
hist_gbdt,1c1258a1-d0f6-433e-9466-dbc1705fa263,342,high,1,0.548942,map,13.454,False,True,False
hist_gbdt,1c1258a1-d0f6-433e-9466-dbc1705fa263,343,high,1,0.548942,map,12.53,False,True,True
hist_gbdt,1c1258a1-d0f6-433e-9466-dbc1705fa263,344,high,1,0.548942,appearance,11.673,False,True,True
hist_gbdt,1c1258a1-d0f6-433e-9466-dbc1705fa263,345,high,1,0.579067,map,12.298,False,True,True
hist_gbdt,1c1258a1-d0f6-433e-9466-dbc1705fa263,346,high,1,0.837754,appearance,11.336,False,True,False
hist_gbdt,529a6584-8974-4cf9-b7f7-f66d49cd3845,37,high,1,0.955567,map,0.0,True,True,True
hist_gbdt,529a6584-8974-4cf9-b7f7-f66d49cd3845,38,high,1,0.96295,map,0.0,True,True,True
hist_gbdt,529a6584-8974-4cf9-b7f7-f66d49cd3845,39,high,1,0.96295,map,0.0,True,True,True
hist_gbdt,529a6584-8974-4cf9-b7f7-f66d49cd3845,40,high,1,0.967804,map,0.0,True,True,True
hist_gbdt,529a6584-8974-4cf9-b7f7-f66d49cd3845,41,high,1,0.967804,map,0.0,True,True,True
hist_gbdt,529a6584-8974-4cf9-b7f7-f66d49cd3845,42,high,1,0.967804,map,0.0,True,True,True
hist_gbdt,529a6584-8974-4cf9-b7f7-f66d49cd3845,43,high,2,0.968383,map,12.021,False,True,True
hist_gbdt,529a6584-8974-4cf9-b7f7-f66d49cd3845,44,high,1,0.967804,map,4.123,True,True,True
hist_gbdt,529a6584-8974-4cf9-b7f7-f66d49cd3845,45,high,1,0.967804,map,0.0,True,True,True
hist_gbdt,529a6584-8974-4cf9-b7f7-f66d49cd3845,46,high,1,0.967804,map,3.606,True,True,True
hist_gbdt,529a6584-8974-4cf9-b7f7-f66d49cd3845,47,high,1,0.967804,map,0.0,True,True,True
hist_gbdt,529a6584-8974-4cf9-b7f7-f66d49cd3845,48,high,1,0.967804,map,0.0,True,True,True
hist_gbdt,529a6584-8974-4cf9-b7f7-f66d49cd3845,49,high,1,0.967804,map,0.0,True,True,True
hist_gbdt,529a6584-8974-4cf9-b7f7-f66d49cd3845,50,high,1,0.967804,map,0.0,True,True,True
hist_gbdt,529a6584-8974-4cf9-b7f7-f66d49cd3845,51,high,1,0.967804,map,0.0,True,True,True
hist_gbdt,529a6584-8974-4cf9-b7f7-f66d49cd3845,52,high,1,0.967804,map,0.0,True,True,True
hist_gbdt,529a6584-8974-4cf9-b7f7-f66d49cd3845,53,high,1,0.967804,map,0.0,True,True,True
hist_gbdt,529a6584-8974-4cf9-b7f7-f66d49cd3845,54,high,1,0.967804,map,0.0,True,True,True
hist_gbdt,529a6584-8974-4cf9-b7f7-f66d49cd3845,55,high,1,0.967804,map,0.0,True,True,True
hist_gbdt,529a6584-8974-4cf9-b7f7-f66d49cd3845,56,high,1,0.967804,map,4.243,True,True,True
hist_gbdt,529a6584-8974-4cf9-b7f7-f66d49cd3845,57,high,1,0.967804,map,0.0,True,True,True
hist_gbdt,529a6584-8974-4cf9-b7f7-f66d49cd3845,58,high,1,0.967804,map,0.0,True,True,True
hist_gbdt,529a6584-8974-4cf9-b7f7-f66d49cd3845,59,high,1,0.967804,map,3.606,True,True,True
hist_gbdt,529a6584-8974-4cf9-b7f7-f66d49cd3845,60,high,1,0.956585,map,0.0,True,True,True
hist_gbdt,529a6584-8974-4cf9-b7f7-f66d49cd3845,61,high,1,0.956585,map,5.099,True,True,True
hist_gbdt,529a6584-8974-4cf9-b7f7-f66d49cd3845,62,high,1,0.956585,map,0.0,True,True,True
hist_gbdt,529a6584-8974-4cf9-b7f7-f66d49cd3845,63,high,2,0.956585,map,3.0,True,True,True
hist_gbdt,529a6584-8974-4cf9-b7f7-f66d49cd3845,64,high,1,0.945182,map,3.0,True,True,True
hist_gbdt,529a6584-8974-4cf9-b7f7-f66d49cd3845,100,high,2,0.968383,map,10.05,False,True,True
hist_gbdt,529a6584-8974-4cf9-b7f7-f66d49cd3845,101,high,1,0.967804,appearance,4.0,True,True,True
hist_gbdt,529a6584-8974-4cf9-b7f7-f66d49cd3845,102,high,1,0.967804,map,0.0,True,True,True
hist_gbdt,529a6584-8974-4cf9-b7f7-f66d49cd3845,103,high,1,0.967804,map,0.0,True,True,True
hist_gbdt,529a6584-8974-4cf9-b7f7-f66d49cd3845,105,high,2,0.969886,map,8.544,False,True,True
hist_gbdt,529a6584-8974-4cf9-b7f7-f66d49cd3845,106,high,2,0.969886,map,0.0,True,True,True
hist_gbdt,529a6584-8974-4cf9-b7f7-f66d49cd3845,107,high,2,0.969886,map,8.544,False,True,True
hist_gbdt,529a6584-8974-4cf9-b7f7-f66d49cd3845,108,high,1,0.967804,map,0.0,True,True,True
hist_gbdt,529a6584-8974-4cf9-b7f7-f66d49cd3845,109,high,1,0.967804,appearance,3.5,True,True,True
hist_gbdt,529a6584-8974-4cf9-b7f7-f66d49cd3845,115,high,1,0.967804,map,0.0,True,True,True
hist_gbdt,529a6584-8974-4cf9-b7f7-f66d49cd3845,116,high,1,0.967804,appearance,3.162,True,True,True
hist_gbdt,529a6584-8974-4cf9-b7f7-f66d49cd3845,118,high,1,0.967804,map,0.0,True,True,True
hist_gbdt,529a6584-8974-4cf9-b7f7-f66d49cd3845,119,high,1,0.967804,appearance,3.536,True,True,True
hist_gbdt,529a6584-8974-4cf9-b7f7-f66d49cd3845,122,high,1,0.967804,map,0.0,True,True,True
hist_gbdt,529a6584-8974-4cf9-b7f7-f66d49cd3845,123,high,2,0.968383,map,10.05,False,True,True
hist_gbdt,529a6584-8974-4cf9-b7f7-f66d49cd3845,124,high,1,0.967804,appearance,3.536,True,True,True
hist_gbdt,529a6584-8974-4cf9-b7f7-f66d49cd3845,127,high,1,0.967804,map,0.0,True,True,True
hist_gbdt,529a6584-8974-4cf9-b7f7-f66d49cd3845,128,high,1,0.967804,map,0.0,True,True,True
hist_gbdt,529a6584-8974-4cf9-b7f7-f66d49cd3845,129,high,1,0.967804,appearance,3.64,True,True,True
hist_gbdt,529a6584-8974-4cf9-b7f7-f66d49cd3845,135,high,1,0.967804,map,8.062,False,True,True
hist_gbdt,529a6584-8974-4cf9-b7f7-f66d49cd3845,136,high,1,0.967804,map,7.81,True,True,True
hist_gbdt,529a6584-8974-4cf9-b7f7-f66d49cd3845,140,high,1,0.967804,map,7.906,True,True,True
hist_gbdt,529a6584-8974-4cf9-b7f7-f66d49cd3845,141,high,1,0.967804,appearance,5.148,True,True,True
hist_gbdt,529a6584-8974-4cf9-b7f7-f66d49cd3845,143,high,1,0.967804,map,5.523,True,True,True
hist_gbdt,529a6584-8974-4cf9-b7f7-f66d49cd3845,144,high,1,0.967804,appearance,5.59,True,True,True
hist_gbdt,529a6584-8974-4cf9-b7f7-f66d49cd3845,147,high,1,0.967804,map,0.0,True,True,True
hist_gbdt,529a6584-8974-4cf9-b7f7-f66d49cd3845,148,high,1,0.967804,map,0.0,True,True,True
hist_gbdt,59e41a0c-f704-4589-96db-d7c283d33717,324,high,1,0.853213,map,0.0,True,True,True
hist_gbdt,59e41a0c-f704-4589-96db-d7c283d33717,330,high,1,0.853213,map,0.0,True,True,True
hist_gbdt,59e41a0c-f704-4589-96db-d7c283d33717,336,high,1,0.960715,map,0.0,True,True,True
hist_gbdt,59e41a0c-f704-4589-96db-d7c283d33717,342,high,1,0.964504,appearance,0.0,True,True,True
hist_gbdt,59e41a0c-f704-4589-96db-d7c283d33717,348,high,1,0.966259,map,0.0,True,True,True
hist_gbdt,7bd296cd-c800-4be9-ab0f-07e8d68cb648,437,high,1,0.955677,map,0.0,True,True,True
hist_gbdt,7bd296cd-c800-4be9-ab0f-07e8d68cb648,438,high,1,0.963394,map,0.0,True,True,True
hist_gbdt,7bd296cd-c800-4be9-ab0f-07e8d68cb648,439,high,1,0.963394,map,0.0,True,True,True
hist_gbdt,7bd296cd-c800-4be9-ab0f-07e8d68cb648,440,high,1,0.963394,map,0.0,True,True,True
hist_gbdt,7bd296cd-c800-4be9-ab0f-07e8d68cb648,441,high,1,0.963394,map,0.0,True,True,True
hist_gbdt,7bd296cd-c800-4be9-ab0f-07e8d68cb648,442,high,1,0.963394,map,0.0,True,True,True
hist_gbdt,7bd296cd-c800-4be9-ab0f-07e8d68cb648,443,high,1,0.963394,map,0.0,True,True,True
hist_gbdt,7bd296cd-c800-4be9-ab0f-07e8d68cb648,444,high,1,0.963394,map,3.606,True,True,True
hist_gbdt,7bd296cd-c800-4be9-ab0f-07e8d68cb648,445,high,1,0.963394,map,0.0,True,True,True
hist_gbdt,7bd296cd-c800-4be9-ab0f-07e8d68cb648,446,high,1,0.963394,map,0.0,True,True,True
hist_gbdt,7bd296cd-c800-4be9-ab0f-07e8d68cb648,447,high,1,0.963394,map,0.0,True,True,True
hist_gbdt,7bd296cd-c800-4be9-ab0f-07e8d68cb648,448,high,2,0.963489,map,0.0,True,True,True
hist_gbdt,7bd296cd-c800-4be9-ab0f-07e8d68cb648,449,high,2,0.963489,map,0.0,True,True,True
hist_gbdt,7bd296cd-c800-4be9-ab0f-07e8d68cb648,450,high,1,0.963394,map,0.0,True,True,True
hist_gbdt,7bd296cd-c800-4be9-ab0f-07e8d68cb648,451,high,1,0.963394,map,0.0,True,True,True
hist_gbdt,7bd296cd-c800-4be9-ab0f-07e8d68cb648,452,high,1,0.963394,map,0.0,True,True,True
hist_gbdt,7bd296cd-c800-4be9-ab0f-07e8d68cb648,453,high,1,0.963394,map,0.0,True,True,True
hist_gbdt,7bd296cd-c800-4be9-ab0f-07e8d68cb648,454,high,1,0.963394,map,0.0,True,True,True
hist_gbdt,7bd296cd-c800-4be9-ab0f-07e8d68cb648,455,high,1,0.963394,map,0.0,True,True,True
hist_gbdt,7bd296cd-c800-4be9-ab0f-07e8d68cb648,456,high,1,0.963394,map,3.606,True,True,True
hist_gbdt,7bd296cd-c800-4be9-ab0f-07e8d68cb648,457,high,1,0.963394,map,0.0,True,True,True
hist_gbdt,7bd296cd-c800-4be9-ab0f-07e8d68cb648,458,high,1,0.963394,map,0.0,True,True,True
hist_gbdt,7bd296cd-c800-4be9-ab0f-07e8d68cb648,459,high,1,0.963394,map,0.0,True,True,True
hist_gbdt,7bd296cd-c800-4be9-ab0f-07e8d68cb648,460,high,1,0.963394,map,0.0,True,True,True
hist_gbdt,7bd296cd-c800-4be9-ab0f-07e8d68cb648,461,high,1,0.963394,map,4.123,True,True,True
hist_gbdt,7bd296cd-c800-4be9-ab0f-07e8d68cb648,462,high,1,0.963394,map,0.0,True,True,True
hist_gbdt,7bd296cd-c800-4be9-ab0f-07e8d68cb648,463,high,1,0.963394,map,0.0,True,True,True
hist_gbdt,7bd296cd-c800-4be9-ab0f-07e8d68cb648,465,high,1,0.963394,map,0.0,True,True,True
hist_gbdt,7bd296cd-c800-4be9-ab0f-07e8d68cb648,494,high,1,0.963394,appearance,4.61,True,True,True
hist_gbdt,7bd296cd-c800-4be9-ab0f-07e8d68cb648,500,high,1,0.963394,map,0.0,True,True,True
hist_gbdt,7bd296cd-c800-4be9-ab0f-07e8d68cb648,501,high,1,0.963394,appearance,4.0,True,True,True
hist_gbdt,7bd296cd-c800-4be9-ab0f-07e8d68cb648,503,high,1,0.963394,map,0.0,True,True,True
hist_gbdt,7bd296cd-c800-4be9-ab0f-07e8d68cb648,505,high,1,0.963394,map,0.0,True,True,True
hist_gbdt,7bd296cd-c800-4be9-ab0f-07e8d68cb648,506,high,1,0.963394,appearance,10.548,False,True,True
hist_gbdt,7bd296cd-c800-4be9-ab0f-07e8d68cb648,508,high,1,0.963394,map,0.0,True,True,True
hist_gbdt,7bd296cd-c800-4be9-ab0f-07e8d68cb648,509,high,1,0.963394,appearance,3.64,True,True,True
hist_gbdt,7bd296cd-c800-4be9-ab0f-07e8d68cb648,510,high,1,0.963394,map,0.0,True,True,True
hist_gbdt,7bd296cd-c800-4be9-ab0f-07e8d68cb648,511,high,1,0.963394,appearance,3.64,True,True,True
hist_gbdt,7bd296cd-c800-4be9-ab0f-07e8d68cb648,515,high,1,0.963394,map,0.0,True,True,True
hist_gbdt,7bd296cd-c800-4be9-ab0f-07e8d68cb648,516,high,1,0.963394,appearance,3.162,True,True,True
hist_gbdt,7bd296cd-c800-4be9-ab0f-07e8d68cb648,517,high,1,0.963394,map,0.0,True,True,True
hist_gbdt,7bd296cd-c800-4be9-ab0f-07e8d68cb648,532,high,1,0.963394,map,8.602,False,True,True
hist_gbdt,7bd296cd-c800-4be9-ab0f-07e8d68cb648,535,high,1,0.963394,map,8.062,False,True,True
hist_gbdt,7bd296cd-c800-4be9-ab0f-07e8d68cb648,536,high,1,0.963394,appearance,6.265,True,True,True
hist_gbdt,7bd296cd-c800-4be9-ab0f-07e8d68cb648,537,high,1,0.963394,map,0.0,True,True,True
hist_gbdt,7bd296cd-c800-4be9-ab0f-07e8d68cb648,540,high,1,0.963394,map,7.906,True,True,True
hist_gbdt,7bd296cd-c800-4be9-ab0f-07e8d68cb648,541,high,1,0.963394,appearance,6.801,True,True,True
hist_gbdt,7bd296cd-c800-4be9-ab0f-07e8d68cb648,547,high,1,0.963394,map,0.0,True,True,True
hist_gbdt,7bd296cd-c800-4be9-ab0f-07e8d68cb648,550,high,1,0.963394,map,6.364,True,True,True
hist_gbdt,7bd296cd-c800-4be9-ab0f-07e8d68cb648,551,high,1,0.963394,appearance,5.59,True,True,True
hist_gbdt,7bd296cd-c800-4be9-ab0f-07e8d68cb648,552,high,1,0.963394,map,0.0,True,True,True
hist_gbdt,7bd296cd-c800-4be9-ab0f-07e8d68cb648,553,high,1,0.963394,map,0.0,True,True,True
hist_gbdt,7bd296cd-c800-4be9-ab0f-07e8d68cb648,554,high,1,0.963394,appearance,0.0,True,True,True
hist_gbdt,7bd296cd-c800-4be9-ab0f-07e8d68cb648,555,high,1,0.963394,map,0.0,True,True,True
hist_gbdt,7bd296cd-c800-4be9-ab0f-07e8d68cb648,556,high,1,0.963394,appearance,4.472,True,True,True
hist_gbdt,7bd296cd-c800-4be9-ab0f-07e8d68cb648,557,high,1,0.963394,map,0.0,True,True,True
hist_gbdt,7bd296cd-c800-4be9-ab0f-07e8d68cb648,558,high,1,0.963394,map,0.0,True,True,True
hist_gbdt,7bd296cd-c800-4be9-ab0f-07e8d68cb648,559,high,2,0.957502,appearance,7.071,True,True,True
hist_gbdt,7bd296cd-c800-4be9-ab0f-07e8d68cb648,560,high,1,0.957502,map,0.0,True,True,True
hist_gbdt,7bd296cd-c800-4be9-ab0f-07e8d68cb648,561,high,1,0.918541,map,0.0,True,True,True
hist_gbdt,7bd296cd-c800-4be9-ab0f-07e8d68cb648,562,high,1,0.951482,map,0.0,True,True,True
hist_gbdt,7bd296cd-c800-4be9-ab0f-07e8d68cb648,563,high,1,0.956078,map,0.0,True,True,True
hist_gbdt,7bd296cd-c800-4be9-ab0f-07e8d68cb648,564,high,1,0.956078,map,0.0,True,True,True
hist_gbdt,7bd296cd-c800-4be9-ab0f-07e8d68cb648,565,high,2,0.956078,motion,8.062,False,True,True
hist_gbdt,7bd296cd-c800-4be9-ab0f-07e8d68cb648,566,high,1,0.952635,map,6.083,True,True,True
hist_gbdt,7bd296cd-c800-4be9-ab0f-07e8d68cb648,568,high,1,0.952635,map,0.0,True,True,True
hist_gbdt,7bd296cd-c800-4be9-ab0f-07e8d68cb648,569,high,1,0.952635,map,0.0,True,True,True
hist_gbdt,7bd296cd-c800-4be9-ab0f-07e8d68cb648,570,high,1,0.952635,map,7.382,True,True,True
hist_gbdt,7bd296cd-c800-4be9-ab0f-07e8d68cb648,571,high,1,0.93246,map,0.0,True,True,True
hist_gbdt,7bd296cd-c800-4be9-ab0f-07e8d68cb648,572,high,4,0.765133,map,13.73,False,True,True
hist_gbdt,7bd296cd-c800-4be9-ab0f-07e8d68cb648,573,high,3,0.829013,map,10.296,False,True,True
hist_gbdt,7bd296cd-c800-4be9-ab0f-07e8d68cb648,574,high,3,0.826305,map,11.045,False,True,True
hist_gbdt,7bd296cd-c800-4be9-ab0f-07e8d68cb648,575,high,2,0.835659,map,14.714,False,True,True
hist_gbdt,7bd296cd-c800-4be9-ab0f-07e8d68cb648,576,high,1,0.718889,map,0.0,True,True,True
hist_gbdt,7bd296cd-c800-4be9-ab0f-07e8d68cb648,577,high,1,0.82606,map,0.0,True,True,True
hist_gbdt,7bd296cd-c800-4be9-ab0f-07e8d68cb648,578,high,1,0.827245,map,8.515,False,True,True
hist_gbdt,7bd296cd-c800-4be9-ab0f-07e8d68cb648,579,high,2,0.811942,map,14.3,False,True,True
hist_gbdt,7bd296cd-c800-4be9-ab0f-07e8d68cb648,580,high,2,0.868128,map,0.0,True,True,True
hist_gbdt,7bd296cd-c800-4be9-ab0f-07e8d68cb648,581,high,1,0.779197,appearance,10.817,False,True,True
hist_gbdt,7bd296cd-c800-4be9-ab0f-07e8d68cb648,582,high,1,0.82606,map,9.0,False,True,True
hist_gbdt,7bd296cd-c800-4be9-ab0f-07e8d68cb648,583,high,2,0.827245,map,8.515,False,True,True
hist_gbdt,7bd296cd-c800-4be9-ab0f-07e8d68cb648,584,high,2,0.801124,map,9.513,False,True,True
hist_gbdt,7bd296cd-c800-4be9-ab0f-07e8d68cb648,585,high,2,0.933558,map,23.505,False,False,True
hist_gbdt,7bd296cd-c800-4be9-ab0f-07e8d68cb648,586,high,2,0.819087,map,18.069,False,False,True
hist_gbdt,7bd296cd-c800-4be9-ab0f-07e8d68cb648,587,high,1,0.676187,map,0.0,True,True,True
hist_gbdt,7bd296cd-c800-4be9-ab0f-07e8d68cb648,588,high,1,0.696689,map,0.0,True,True,True
hist_gbdt,7bd296cd-c800-4be9-ab0f-07e8d68cb648,589,medium_high,1,0.742828,map,4.123,True,True,True
hist_gbdt,7bd296cd-c800-4be9-ab0f-07e8d68cb648,590,medium_high,1,0.573097,map,3.0,True,True,True
hist_gbdt,aaf1eafd-36d7-43e4-a539-fd79029ddf90,288,high,1,0.84309,temporal_stack,0.0,True,True,True
hist_gbdt,aaf1eafd-36d7-43e4-a539-fd79029ddf90,290,high,1,0.74485,temporal_stack,0.0,True,True,True
hist_gbdt,aaf1eafd-36d7-43e4-a539-fd79029ddf90,291,high,3,0.507258,temporal_stack,4.0,True,True,True
hist_gbdt,aaf1eafd-36d7-43e4-a539-fd79029ddf90,303,high,5,0.264527,temporal_stack,7.211,True,True,True
hist_gbdt,aaf1eafd-36d7-43e4-a539-fd79029ddf90,304,high,6,0.197077,temporal_stack,8.062,False,True,True
hist_gbdt,aaf1eafd-36d7-43e4-a539-fd79029ddf90,305,high,5,0.250387,temporal_stack,5.657,True,True,True
hist_gbdt,aaf1eafd-36d7-43e4-a539-fd79029ddf90,306,high,4,0.181326,temporal_stack,5.657,True,True,True
hist_gbdt,aaf1eafd-36d7-43e4-a539-fd79029ddf90,307,high,5,0.237322,temporal_stack,7.211,True,True,True
hist_gbdt,aaf1eafd-36d7-43e4-a539-fd79029ddf90,308,high,5,0.259648,temporal_stack,7.211,True,True,True
hist_gbdt,aaf1eafd-36d7-43e4-a539-fd79029ddf90,309,high,8,0.289938,temporal_stack,6.403,True,True,True
hist_gbdt,aaf1eafd-36d7-43e4-a539-fd79029ddf90,310,high,6,0.275711,temporal_stack,3.0,True,True,True
hist_gbdt,aaf1eafd-36d7-43e4-a539-fd79029ddf90,311,high,6,0.275711,temporal_stack,6.0,True,True,True
hist_gbdt,aaf1eafd-36d7-43e4-a539-fd79029ddf90,312,high,8,0.275711,temporal_stack,3.162,True,True,True
hist_gbdt,aaf1eafd-36d7-43e4-a539-fd79029ddf90,313,high,7,0.273787,temporal_stack,2.828,True,True,True
hist_gbdt,aaf1eafd-36d7-43e4-a539-fd79029ddf90,314,high,5,0.236537,temporal_stack,2.828,True,True,True
hist_gbdt,aaf1eafd-36d7-43e4-a539-fd79029ddf90,315,high,7,0.245589,temporal_stack,6.708,True,True,True
hist_gbdt,aaf1eafd-36d7-43e4-a539-fd79029ddf90,316,high,5,0.187539,temporal_stack,6.708,True,True,True
hist_gbdt,aaf1eafd-36d7-43e4-a539-fd79029ddf90,317,high,5,0.224522,temporal_stack,6.403,True,True,True
hist_gbdt,aaf1eafd-36d7-43e4-a539-fd79029ddf90,318,high,5,0.224522,temporal_stack,6.403,True,True,True
hist_gbdt,aaf1eafd-36d7-43e4-a539-fd79029ddf90,319,high,5,0.224522,temporal_stack,6.403,True,True,True
hist_gbdt,aaf1eafd-36d7-43e4-a539-fd79029ddf90,320,high,9,0.185638,temporal_stack,8.602,False,True,True
hist_gbdt,aaf1eafd-36d7-43e4-a539-fd79029ddf90,321,high,7,0.184869,temporal_stack,3.0,True,True,True
hist_gbdt,aaf1eafd-36d7-43e4-a539-fd79029ddf90,322,high,14,0.092547,temporal_stack,13.0,False,True,True
hist_gbdt,aaf1eafd-36d7-43e4-a539-fd79029ddf90,323,high,5,0.157775,temporal_stack,6.403,True,True,True
hist_gbdt,aaf1eafd-36d7-43e4-a539-fd79029ddf90,324,high,5,0.166181,temporal_stack,10.44,False,True,True
hist_gbdt,aaf1eafd-36d7-43e4-a539-fd79029ddf90,325,high,7,0.15893,temporal_stack,12.649,False,True,True
hist_gbdt,aaf1eafd-36d7-43e4-a539-fd79029ddf90,326,high,5,0.166181,temporal_stack,5.657,True,True,True
hist_gbdt,aaf1eafd-36d7-43e4-a539-fd79029ddf90,327,high,14,0.041568,temporal_stack,14.0,False,True,True
hist_gbdt,aaf1eafd-36d7-43e4-a539-fd79029ddf90,328,high,2,0.015534,temporal_stack,3.0,True,True,True
hist_gbdt,aaf1eafd-36d7-43e4-a539-fd79029ddf90,329,high,45,0.019091,map,115.974,False,False,True
hist_gbdt,aaf1eafd-36d7-43e4-a539-fd79029ddf90,330,high,44,0.14714,map,123.167,False,False,True
hist_gbdt,aaf1eafd-36d7-43e4-a539-fd79029ddf90,331,high,48,0.14714,map,122.115,False,False,True
hist_gbdt,aaf1eafd-36d7-43e4-a539-fd79029ddf90,332,high,30,0.084966,temporal_stack,82.925,False,False,True
hist_gbdt,aaf1eafd-36d7-43e4-a539-fd79029ddf90,333,high,23,0.084966,temporal_stack,82.925,False,False,True
hist_gbdt,aaf1eafd-36d7-43e4-a539-fd79029ddf90,334,high,35,0.027152,appearance,87.328,False,False,True
hist_gbdt,aaf1eafd-36d7-43e4-a539-fd79029ddf90,335,high,8,0.037383,appearance,96.469,False,False,True
hist_gbdt,aaf1eafd-36d7-43e4-a539-fd79029ddf90,336,high,4,0.085395,appearance,96.945,False,False,True
hist_gbdt,aaf1eafd-36d7-43e4-a539-fd79029ddf90,337,high,2,0.273121,appearance,102.53,False,False,True
hist_gbdt,aaf1eafd-36d7-43e4-a539-fd79029ddf90,338,high,2,0.273121,appearance,106.021,False,False,True
hist_gbdt,aaf1eafd-36d7-43e4-a539-fd79029ddf90,339,high,2,0.247339,appearance,108.012,False,False,True
hist_gbdt,aaf1eafd-36d7-43e4-a539-fd79029ddf90,340,high,2,0.398688,appearance,120.566,False,False,True
hist_gbdt,aaf1eafd-36d7-43e4-a539-fd79029ddf90,341,high,14,0.162011,map,170.018,False,False,True
hist_gbdt,aaf1eafd-36d7-43e4-a539-fd79029ddf90,342,high,3,0.07011,appearance,127.681,False,False,True
hist_gbdt,aaf1eafd-36d7-43e4-a539-fd79029ddf90,343,high,2,0.041825,appearance,38.994,False,False,True
hist_gbdt,aaf1eafd-36d7-43e4-a539-fd79029ddf90,344,high,2,0.036081,map,41.231,False,False,True
hist_gbdt,aaf1eafd-36d7-43e4-a539-fd79029ddf90,345,high,14,0.018321,map,175.932,False,False,True
hist_gbdt,aaf1eafd-36d7-43e4-a539-fd79029ddf90,346,high,14,0.013957,map,95.0,False,False,True
hist_gbdt,aaf1eafd-36d7-43e4-a539-fd79029ddf90,347,high,46,0.027592,map,85.51,False,False,True
hist_gbdt,aaf1eafd-36d7-43e4-a539-fd79029ddf90,348,high,17,0.013957,map,94.005,False,False,True
hist_gbdt,aaf1eafd-36d7-43e4-a539-fd79029ddf90,349,high,24,0.014095,map,94.021,False,False,True
hist_gbdt,aaf1eafd-36d7-43e4-a539-fd79029ddf90,350,high,45,0.032905,map,153.286,False,False,True
hist_gbdt,aaf1eafd-36d7-43e4-a539-fd79029ddf90,351,high,38,0.032905,map,150.301,False,False,True
hist_gbdt,aaf1eafd-36d7-43e4-a539-fd79029ddf90,352,high,44,0.034701,appearance,16.643,False,False,True
hist_gbdt,aaf1eafd-36d7-43e4-a539-fd79029ddf90,353,high,1,0.033363,appearance,106.622,False,False,True
hist_gbdt,aaf1eafd-36d7-43e4-a539-fd79029ddf90,642,high,1,0.855299,temporal_stack,2.0,True,True,True
hist_gbdt,aaf1eafd-36d7-43e4-a539-fd79029ddf90,643,high,2,0.9259,temporal_stack,0.0,True,True,True
hist_gbdt,aaf1eafd-36d7-43e4-a539-fd79029ddf90,644,high,1,0.937295,temporal_stack,0.0,True,True,True
hist_gbdt,aaf1eafd-36d7-43e4-a539-fd79029ddf90,645,high,1,0.939638,temporal_stack,0.0,True,True,True
hist_gbdt,aaf1eafd-36d7-43e4-a539-fd79029ddf90,646,high,1,0.958872,temporal_stack,0.0,True,True,True
hist_gbdt,aaf1eafd-36d7-43e4-a539-fd79029ddf90,647,high,1,0.901091,temporal_stack,3.0,True,True,True
hist_gbdt,b96cec7a-3912-46b7-9014-dc3c632ffa12,186,high,1,0.019449,map,0.0,True,True,True
hist_gbdt,b96cec7a-3912-46b7-9014-dc3c632ffa12,192,high,1,0.9632,map,0.0,True,True,True
hist_gbdt,b96cec7a-3912-46b7-9014-dc3c632ffa12,198,high,1,0.9632,map,0.0,True,True,True
hist_gbdt,b96cec7a-3912-46b7-9014-dc3c632ffa12,204,high,1,0.9632,map,0.0,True,True,True
hist_gbdt,b96cec7a-3912-46b7-9014-dc3c632ffa12,210,high,1,0.9632,map,0.0,True,True,True
hist_gbdt,b96cec7a-3912-46b7-9014-dc3c632ffa12,216,high,1,0.9632,map,0.0,True,True,True
hist_gbdt,b96cec7a-3912-46b7-9014-dc3c632ffa12,222,high,1,0.9632,map,0.0,True,True,True
hist_gbdt,b96cec7a-3912-46b7-9014-dc3c632ffa12,228,high,1,0.9632,map,0.0,True,True,True
hist_gbdt,b96cec7a-3912-46b7-9014-dc3c632ffa12,234,high,1,0.9632,appearance,0.0,True,True,True
hist_gbdt,b96cec7a-3912-46b7-9014-dc3c632ffa12,240,high,1,0.9632,map,0.0,True,True,True
hist_gbdt,b96cec7a-3912-46b7-9014-dc3c632ffa12,246,high,1,0.9632,appearance,0.0,True,True,True
hist_gbdt,b96cec7a-3912-46b7-9014-dc3c632ffa12,252,high,1,0.9632,map,0.0,True,True,True
hist_gbdt,b96cec7a-3912-46b7-9014-dc3c632ffa12,258,high,1,0.9632,map,0.0,True,True,True
hist_gbdt,b96cec7a-3912-46b7-9014-dc3c632ffa12,264,high,1,0.9632,appearance,0.0,True,True,True
hist_gbdt,b96cec7a-3912-46b7-9014-dc3c632ffa12,270,high,1,0.9632,map,0.0,True,True,True
hist_gbdt,b96cec7a-3912-46b7-9014-dc3c632ffa12,276,high,2,0.9632,map,3.0,True,True,True
hist_gbdt,b96cec7a-3912-46b7-9014-dc3c632ffa12,282,high,1,0.960474,map,0.0,True,True,True
hist_gbdt,b96cec7a-3912-46b7-9014-dc3c632ffa12,288,high,1,0.9632,map,0.0,True,True,True
hist_gbdt,d129cd72-3228-426d-9252-4e0b3e14927b,212,medium_high,5,0.07543,map,0.0,True,True,True
hist_gbdt,d129cd72-3228-426d-9252-4e0b3e14927b,213,medium_high,3,0.38917,map,1.458,True,True,True
hist_gbdt,d129cd72-3228-426d-9252-4e0b3e14927b,214,medium_high,13,0.076591,map,226.09,False,False,True
hist_gbdt,d129cd72-3228-426d-9252-4e0b3e14927b,215,medium_high,3,0.322712,map,252.306,False,False,True
hist_gbdt,d129cd72-3228-426d-9252-4e0b3e14927b,216,high,80,0.1625,map,227.689,False,False,True
hist_gbdt,d129cd72-3228-426d-9252-4e0b3e14927b,217,high,76,0.1625,map,227.901,False,False,True
hist_gbdt,d129cd72-3228-426d-9252-4e0b3e14927b,218,high,1,0.238414,map,1.677,True,True,True
hist_gbdt,d129cd72-3228-426d-9252-4e0b3e14927b,219,high,2,0.854212,map,2.65,True,True,True
hist_gbdt,d129cd72-3228-426d-9252-4e0b3e14927b,220,high,9,0.525647,motion,2.121,True,True,True
hist_gbdt,d129cd72-3228-426d-9252-4e0b3e14927b,221,high,1,0.846651,map,1.07,True,True,True
hist_gbdt,d129cd72-3228-426d-9252-4e0b3e14927b,222,high,2,0.867928,map,1.031,True,True,True
hist_gbdt,d129cd72-3228-426d-9252-4e0b3e14927b,223,high,1,0.896989,map,0.12,True,True,True
hist_gbdt,d129cd72-3228-426d-9252-4e0b3e14927b,224,high,2,0.918584,map,0.0,True,True,True
hist_gbdt,d129cd72-3228-426d-9252-4e0b3e14927b,225,high,2,0.932311,map,0.277,True,True,True
hist_gbdt,d129cd72-3228-426d-9252-4e0b3e14927b,226,high,2,0.924877,map,1.346,True,True,True
hist_gbdt,d129cd72-3228-426d-9252-4e0b3e14927b,227,high,1,0.81867,map,2.393,True,True,True
hist_gbdt,d129cd72-3228-426d-9252-4e0b3e14927b,228,high,1,0.829695,map,0.5,True,True,True
hist_gbdt,d129cd72-3228-426d-9252-4e0b3e14927b,229,high,1,0.83481,map,0.669,True,True,True
hist_gbdt,d129cd72-3228-426d-9252-4e0b3e14927b,230,high,1,0.81867,map,0.901,True,True,True
hist_gbdt,d129cd72-3228-426d-9252-4e0b3e14927b,231,high,1,0.843903,map,0.277,True,True,True
hist_gbdt,d129cd72-3228-426d-9252-4e0b3e14927b,232,high,1,0.83481,map,0.0,True,True,True
hist_gbdt,d129cd72-3228-426d-9252-4e0b3e14927b,233,high,2,0.843903,map,0.841,True,True,True
hist_gbdt,d129cd72-3228-426d-9252-4e0b3e14927b,234,high,2,0.668726,map,0.901,True,True,True
hist_gbdt,d129cd72-3228-426d-9252-4e0b3e14927b,235,high,1,0.719508,map,0.277,True,True,True
hist_gbdt,d129cd72-3228-426d-9252-4e0b3e14927b,236,high,1,0.845074,map,0.5,True,True,True
hist_gbdt,d129cd72-3228-426d-9252-4e0b3e14927b,237,high,1,0.836119,map,1.148,True,True,True
hist_gbdt,d129cd72-3228-426d-9252-4e0b3e14927b,238,high,1,0.845153,map,0.559,True,True,True
hist_gbdt,d129cd72-3228-426d-9252-4e0b3e14927b,239,high,1,0.932282,map,2.461,True,True,True
hist_gbdt,d129cd72-3228-426d-9252-4e0b3e14927b,240,high,1,0.929071,map,0.0,True,True,True
hist_gbdt,d129cd72-3228-426d-9252-4e0b3e14927b,241,high,1,0.938159,map,0.354,True,True,True
hist_gbdt,d129cd72-3228-426d-9252-4e0b3e14927b,242,high,1,0.929071,map,0.707,True,True,True
hist_gbdt,d129cd72-3228-426d-9252-4e0b3e14927b,243,high,1,0.942384,map,0.791,True,True,True
hist_gbdt,d129cd72-3228-426d-9252-4e0b3e14927b,244,high,1,0.946706,appearance,1.803,True,True,True
hist_gbdt,d129cd72-3228-426d-9252-4e0b3e14927b,245,high,2,0.953256,appearance,2.475,True,True,True
hist_gbdt,d129cd72-3228-426d-9252-4e0b3e14927b,246,high,2,0.953256,appearance,3.202,True,True,True
hist_gbdt,d129cd72-3228-426d-9252-4e0b3e14927b,247,high,1,0.966752,appearance,1.458,True,True,True
hist_gbdt,d129cd72-3228-426d-9252-4e0b3e14927b,248,high,2,0.966752,appearance,2.121,True,True,True
hist_gbdt,d129cd72-3228-426d-9252-4e0b3e14927b,249,high,1,0.966752,appearance,1.803,True,True,True
hist_gbdt,e2711620-6d4e-4f9c-8922-b1b2d1fb74f2,1,high,18,0.78629,large_dark,0.707,True,True,True
hist_gbdt,e2711620-6d4e-4f9c-8922-b1b2d1fb74f2,2,high,25,0.859854,large_dark,0.707,True,True,True
hist_gbdt,e2711620-6d4e-4f9c-8922-b1b2d1fb74f2,3,high,29,0.884731,large_dark,0.5,True,True,True
hist_gbdt,e2711620-6d4e-4f9c-8922-b1b2d1fb74f2,4,high,22,0.879656,large_dark,0.5,True,True,True
hist_gbdt,e2711620-6d4e-4f9c-8922-b1b2d1fb74f2,5,high,21,0.888879,large_dark,0.0,True,True,True
hist_gbdt,e2711620-6d4e-4f9c-8922-b1b2d1fb74f2,6,high,18,0.693908,large_dark,0.0,True,True,True
hist_gbdt,e2711620-6d4e-4f9c-8922-b1b2d1fb74f2,7,high,17,0.904334,large_dark,0.5,True,True,True
hist_gbdt,e2711620-6d4e-4f9c-8922-b1b2d1fb74f2,8,high,14,0.914088,large_dark,0.0,True,True,True
hist_gbdt,e2711620-6d4e-4f9c-8922-b1b2d1fb74f2,9,high,11,0.942029,large_dark,0.0,True,True,True
hist_gbdt,e2711620-6d4e-4f9c-8922-b1b2d1fb74f2,10,high,10,0.927232,large_dark,0.5,True,True,True
hist_gbdt,e2711620-6d4e-4f9c-8922-b1b2d1fb74f2,11,high,6,0.900531,large_dark,0.5,True,True,True
hist_gbdt,e2711620-6d4e-4f9c-8922-b1b2d1fb74f2,12,high,5,0.900138,large_dark,0.5,True,True,True
hist_gbdt,e2711620-6d4e-4f9c-8922-b1b2d1fb74f2,13,high,4,0.90053,large_dark,0.707,True,True,True
hist_gbdt,e2711620-6d4e-4f9c-8922-b1b2d1fb74f2,14,high,3,0.897454,large_dark,0.707,True,True,True
hist_gbdt,e2711620-6d4e-4f9c-8922-b1b2d1fb74f2,15,high,3,0.897454,large_dark,0.0,True,True,True
hist_gbdt,e2711620-6d4e-4f9c-8922-b1b2d1fb74f2,16,high,3,0.899146,large_dark,0.0,True,True,True
hist_gbdt,e2711620-6d4e-4f9c-8922-b1b2d1fb74f2,17,high,3,0.899146,large_dark,0.5,True,True,True
hist_gbdt,e2711620-6d4e-4f9c-8922-b1b2d1fb74f2,18,high,2,0.897269,large_dark,0.0,True,True,True
hist_gbdt,e2711620-6d4e-4f9c-8922-b1b2d1fb74f2,19,high,1,0.897269,large_dark,0.0,True,True,True
hist_gbdt,e2711620-6d4e-4f9c-8922-b1b2d1fb74f2,20,high,2,0.897269,large_dark,0.5,True,True,True
hist_gbdt,e2711620-6d4e-4f9c-8922-b1b2d1fb74f2,21,high,1,0.756726,large_dark,0.5,True,True,True
hist_gbdt,e2711620-6d4e-4f9c-8922-b1b2d1fb74f2,22,high,1,0.766412,large_dark,0.0,True,True,True
hist_gbdt,e2711620-6d4e-4f9c-8922-b1b2d1fb74f2,23,high,1,0.766412,large_dark,0.707,True,True,True
hist_gbdt,e2711620-6d4e-4f9c-8922-b1b2d1fb74f2,24,high,2,0.846655,large_dark,42.101,False,False,True
hist_gbdt,e2711620-6d4e-4f9c-8922-b1b2d1fb74f2,25,high,3,0.772028,large_dark,43.417,False,False,True
hist_gbdt,e2711620-6d4e-4f9c-8922-b1b2d1fb74f2,26,high,1,0.754353,large_dark,0.0,True,True,True
hist_gbdt,e2711620-6d4e-4f9c-8922-b1b2d1fb74f2,27,high,1,0.754353,large_dark,0.707,True,True,True
hist_gbdt,e2711620-6d4e-4f9c-8922-b1b2d1fb74f2,28,high,20,0.861046,large_dark,16.621,False,False,True
hist_gbdt,e2711620-6d4e-4f9c-8922-b1b2d1fb74f2,29,high,21,0.850855,large_dark,16.279,False,False,True
hist_gbdt,e2711620-6d4e-4f9c-8922-b1b2d1fb74f2,30,high,17,0.8143,large_dark,16.711,False,False,True
hist_gbdt,e2711620-6d4e-4f9c-8922-b1b2d1fb74f2,31,high,21,0.766869,large_dark,16.711,False,False,True
hist_gbdt,e2711620-6d4e-4f9c-8922-b1b2d1fb74f2,32,high,22,0.796221,large_dark,18.2,False,False,True
hist_gbdt,e2711620-6d4e-4f9c-8922-b1b2d1fb74f2,33,high,1,0.754353,large_dark,0.0,True,True,True
hist_gbdt,e2711620-6d4e-4f9c-8922-b1b2d1fb74f2,34,high,1,0.754353,large_dark,0.0,True,True,True
hist_gbdt,e2711620-6d4e-4f9c-8922-b1b2d1fb74f2,35,high,7,0.857935,appearance,15.232,False,True,True
hist_gbdt,e2711620-6d4e-4f9c-8922-b1b2d1fb74f2,36,high,5,0.863406,appearance,15.232,False,True,True
hist_gbdt,e2711620-6d4e-4f9c-8922-b1b2d1fb74f2,37,high,5,0.867555,appearance,14.577,False,True,True
hist_gbdt,e2711620-6d4e-4f9c-8922-b1b2d1fb74f2,38,high,1,0.896079,large_dark,0.5,True,True,True
hist_gbdt,e2711620-6d4e-4f9c-8922-b1b2d1fb74f2,39,high,1,0.896079,large_dark,0.5,True,True,True
hist_gbdt,e2711620-6d4e-4f9c-8922-b1b2d1fb74f2,40,high,1,0.896079,large_dark,2.062,True,True,True
hist_gbdt,e2711620-6d4e-4f9c-8922-b1b2d1fb74f2,41,high,1,0.896079,large_dark,2.062,True,True,True
hist_gbdt,e2711620-6d4e-4f9c-8922-b1b2d1fb74f2,42,high,1,0.896079,large_dark,0.707,True,True,True
hist_gbdt,e2711620-6d4e-4f9c-8922-b1b2d1fb74f2,43,high,3,0.934264,large_dark,16.508,False,False,True
hist_gbdt,e2711620-6d4e-4f9c-8922-b1b2d1fb74f2,44,high,3,0.893147,large_dark,16.508,False,False,True
hist_gbdt,e2711620-6d4e-4f9c-8922-b1b2d1fb74f2,45,high,13,0.884665,large_dark,15.443,False,True,True
hist_gbdt,e2711620-6d4e-4f9c-8922-b1b2d1fb74f2,46,high,1,0.884037,large_dark,0.707,True,True,True
hist_gbdt,e2711620-6d4e-4f9c-8922-b1b2d1fb74f2,47,high,2,0.953347,map,4.031,True,True,True
hist_gbdt,e2711620-6d4e-4f9c-8922-b1b2d1fb74f2,48,high,2,0.953347,map,5.59,True,True,True
hist_gbdt,e2711620-6d4e-4f9c-8922-b1b2d1fb74f2,49,high,3,0.950611,map,6.801,True,True,True
hist_gbdt,e2711620-6d4e-4f9c-8922-b1b2d1fb74f2,50,high,1,0.884037,large_dark,0.5,True,True,True
hist_gbdt,e2711620-6d4e-4f9c-8922-b1b2d1fb74f2,51,high,1,0.884037,large_dark,0.5,True,True,True
hist_gbdt,e2711620-6d4e-4f9c-8922-b1b2d1fb74f2,52,high,2,0.947552,appearance,5.0,True,True,True
hist_gbdt,e2711620-6d4e-4f9c-8922-b1b2d1fb74f2,53,high,3,0.950611,map,5.701,True,True,True
hist_gbdt,e2711620-6d4e-4f9c-8922-b1b2d1fb74f2,54,high,3,0.950611,map,7.649,True,True,True
hist_gbdt,e2711620-6d4e-4f9c-8922-b1b2d1fb74f2,55,high,2,0.947552,appearance,4.743,True,True,True
hist_gbdt,e2711620-6d4e-4f9c-8922-b1b2d1fb74f2,56,high,2,0.947552,appearance,4.743,True,True,True
hist_gbdt,e2711620-6d4e-4f9c-8922-b1b2d1fb74f2,57,high,2,0.948637,map,3.202,True,True,True
hist_gbdt,e2711620-6d4e-4f9c-8922-b1b2d1fb74f2,58,high,3,0.950611,appearance,7.762,True,True,True
hist_gbdt,e2711620-6d4e-4f9c-8922-b1b2d1fb74f2,59,high,2,0.948637,map,6.103,True,True,True
hist_gbdt,e2711620-6d4e-4f9c-8922-b1b2d1fb74f2,60,high,1,0.947552,large_dark,0.5,True,True,True
hist_gbdt,e2711620-6d4e-4f9c-8922-b1b2d1fb74f2,61,high,1,0.947552,large_dark,0.5,True,True,True
hist_gbdt,e2711620-6d4e-4f9c-8922-b1b2d1fb74f2,62,high,1,0.947552,large_dark,0.5,True,True,True
hist_gbdt,e2711620-6d4e-4f9c-8922-b1b2d1fb74f2,63,high,2,0.947552,appearance,4.123,True,True,True
hist_gbdt,e2711620-6d4e-4f9c-8922-b1b2d1fb74f2,64,high,2,0.947552,appearance,3.5,True,True,True
hist_gbdt,e2711620-6d4e-4f9c-8922-b1b2d1fb74f2,65,high,3,0.944497,appearance,3.5,True,True,True
hist_gbdt,e2711620-6d4e-4f9c-8922-b1b2d1fb74f2,66,high,3,0.944497,appearance,4.5,True,True,True
hist_gbdt,e2711620-6d4e-4f9c-8922-b1b2d1fb74f2,67,high,5,0.950827,large_dark,16.101,False,False,True
hist_gbdt,e2711620-6d4e-4f9c-8922-b1b2d1fb74f2,68,high,10,0.953636,large_dark,21.506,False,False,True
hist_gbdt,e2711620-6d4e-4f9c-8922-b1b2d1fb74f2,69,high,9,0.945433,large_dark,19.3,False,False,True
hist_gbdt,e2711620-6d4e-4f9c-8922-b1b2d1fb74f2,70,high,8,0.943647,large_dark,19.704,False,False,True
hist_gbdt,e2711620-6d4e-4f9c-8922-b1b2d1fb74f2,71,high,2,0.937845,large_dark,15.042,False,True,True
hist_gbdt,e2711620-6d4e-4f9c-8922-b1b2d1fb74f2,72,high,3,0.934264,large_dark,19.647,False,False,True
hist_gbdt,e2711620-6d4e-4f9c-8922-b1b2d1fb74f2,73,high,2,0.937845,large_dark,15.66,False,True,True
hist_gbdt,e2711620-6d4e-4f9c-8922-b1b2d1fb74f2,74,high,5,0.918522,large_dark,20.742,False,False,True
hist_gbdt,e2711620-6d4e-4f9c-8922-b1b2d1fb74f2,75,high,6,0.91976,large_dark,16.14,False,False,True
hist_gbdt,e2711620-6d4e-4f9c-8922-b1b2d1fb74f2,76,high,1,0.880119,large_dark,0.707,True,True,True
hist_gbdt,e2711620-6d4e-4f9c-8922-b1b2d1fb74f2,77,high,1,0.90844,large_dark,0.707,True,True,True
hist_gbdt,e2711620-6d4e-4f9c-8922-b1b2d1fb74f2,78,high,1,0.90844,large_dark,0.707,True,True,True
hist_gbdt,e2711620-6d4e-4f9c-8922-b1b2d1fb74f2,79,high,1,0.897858,large_dark,0.707,True,True,True
hist_gbdt,e2711620-6d4e-4f9c-8922-b1b2d1fb74f2,80,high,2,0.96274,appearance,2.062,True,True,True
hist_gbdt,e2711620-6d4e-4f9c-8922-b1b2d1fb74f2,81,high,2,0.948637,appearance,2.062,True,True,True
hist_gbdt,e2711620-6d4e-4f9c-8922-b1b2d1fb74f2,82,high,2,0.947552,appearance,3.041,True,True,True
hist_gbdt,e2711620-6d4e-4f9c-8922-b1b2d1fb74f2,83,high,2,0.947552,appearance,4.031,True,True,True
hist_gbdt,e2711620-6d4e-4f9c-8922-b1b2d1fb74f2,84,high,2,0.937845,large_dark,14.116,False,True,True
hist_gbdt,e2711620-6d4e-4f9c-8922-b1b2d1fb74f2,85,high,2,0.937845,large_dark,19.5,False,False,True
hist_gbdt,e2711620-6d4e-4f9c-8922-b1b2d1fb74f2,86,high,3,0.918516,large_dark,24.885,False,False,True
hist_gbdt,e2711620-6d4e-4f9c-8922-b1b2d1fb74f2,87,high,1,0.897858,large_dark,0.0,True,True,True
hist_gbdt,e2711620-6d4e-4f9c-8922-b1b2d1fb74f2,88,high,1,0.90844,large_dark,0.5,True,True,True
hist_gbdt,e2711620-6d4e-4f9c-8922-b1b2d1fb74f2,89,high,1,0.90844,large_dark,0.5,True,True,True
hist_gbdt,e2711620-6d4e-4f9c-8922-b1b2d1fb74f2,90,high,1,0.90844,large_dark,0.5,True,True,True
hist_gbdt,e2711620-6d4e-4f9c-8922-b1b2d1fb74f2,91,high,1,0.90844,large_dark,0.5,True,True,True
hist_gbdt,e2711620-6d4e-4f9c-8922-b1b2d1fb74f2,92,high,1,0.90844,large_dark,0.5,True,True,True
hist_gbdt,e2711620-6d4e-4f9c-8922-b1b2d1fb74f2,93,high,2,0.942814,large_dark,15.042,False,True,True
hist_gbdt,e2711620-6d4e-4f9c-8922-b1b2d1fb74f2,94,high,2,0.939975,large_dark,15.042,False,True,True
hist_gbdt,e2711620-6d4e-4f9c-8922-b1b2d1fb74f2,95,high,2,0.929663,large_dark,15.042,False,True,True
hist_gbdt,e2711620-6d4e-4f9c-8922-b1b2d1fb74f2,96,high,2,0.942814,large_dark,15.042,False,True,True
hist_gbdt,e2711620-6d4e-4f9c-8922-b1b2d1fb74f2,97,high,2,0.942814,large_dark,14.866,False,True,True
hist_gbdt,e2711620-6d4e-4f9c-8922-b1b2d1fb74f2,98,high,2,0.967256,appearance,3.536,True,True,True
hist_gbdt,e2711620-6d4e-4f9c-8922-b1b2d1fb74f2,99,high,2,0.954317,appearance,3.536,True,True,True
hist_gbdt,e2711620-6d4e-4f9c-8922-b1b2d1fb74f2,100,high,2,0.967256,appearance,2.0,True,True,True
hist_gbdt,e2711620-6d4e-4f9c-8922-b1b2d1fb74f2,101,high,2,0.953347,appearance,2.0,True,True,True
hist_gbdt,e2711620-6d4e-4f9c-8922-b1b2d1fb74f2,102,high,2,0.964889,appearance,3.0,True,True,True
hist_gbdt,e2711620-6d4e-4f9c-8922-b1b2d1fb74f2,103,high,2,0.964889,appearance,2.55,True,True,True
hist_gbdt,e2711620-6d4e-4f9c-8922-b1b2d1fb74f2,104,high,2,0.964889,appearance,3.536,True,True,True
hist_gbdt,e2711620-6d4e-4f9c-8922-b1b2d1fb74f2,105,high,2,0.967256,appearance,4.0,True,True,True
hist_gbdt,e2711620-6d4e-4f9c-8922-b1b2d1fb74f2,106,high,2,0.948637,appearance,4.0,True,True,True
hist_gbdt,e2711620-6d4e-4f9c-8922-b1b2d1fb74f2,107,high,2,0.967256,appearance,3.5,True,True,True
hist_gbdt,e2711620-6d4e-4f9c-8922-b1b2d1fb74f2,108,high,2,0.948637,appearance,3.5,True,True,True
hist_gbdt,e2711620-6d4e-4f9c-8922-b1b2d1fb74f2,109,high,2,0.967256,appearance,3.5,True,True,True
hist_gbdt,e2711620-6d4e-4f9c-8922-b1b2d1fb74f2,110,high,2,0.967256,map,3.808,True,True,True
hist_gbdt,e2711620-6d4e-4f9c-8922-b1b2d1fb74f2,111,high,2,0.96274,appearance,4.0,True,True,True
hist_gbdt,e2711620-6d4e-4f9c-8922-b1b2d1fb74f2,112,high,2,0.96427,appearance,3.5,True,True,True
hist_gbdt,e2711620-6d4e-4f9c-8922-b1b2d1fb74f2,113,high,2,0.96427,appearance,5.5,True,True,True
hist_gbdt,e2711620-6d4e-4f9c-8922-b1b2d1fb74f2,114,high,2,0.953347,appearance,7.5,True,True,True
hist_gbdt,e2711620-6d4e-4f9c-8922-b1b2d1fb74f2,115,high,3,0.95665,map,4.61,True,True,True
hist_gbdt,e2711620-6d4e-4f9c-8922-b1b2d1fb74f2,116,high,3,0.95665,map,6.021,True,True,True
hist_gbdt,e2711620-6d4e-4f9c-8922-b1b2d1fb74f2,117,high,3,0.95665,map,6.727,True,True,True
hist_gbdt,e2711620-6d4e-4f9c-8922-b1b2d1fb74f2,118,high,2,0.953347,appearance,4.0,True,True,True
hist_gbdt,e2711620-6d4e-4f9c-8922-b1b2d1fb74f2,119,high,2,0.953347,appearance,4.0,True,True,True
hist_gbdt,e2711620-6d4e-4f9c-8922-b1b2d1fb74f2,120,high,2,0.953347,appearance,5.0,True,True,True
hist_gbdt,e2711620-6d4e-4f9c-8922-b1b2d1fb74f2,121,high,2,0.953347,appearance,4.031,True,True,True
hist_gbdt,e2711620-6d4e-4f9c-8922-b1b2d1fb74f2,122,high,2,0.953347,appearance,3.5,True,True,True
hist_gbdt,e2711620-6d4e-4f9c-8922-b1b2d1fb74f2,123,high,1,0.956204,appearance,5.408,True,True,True
hist_gbdt,e2711620-6d4e-4f9c-8922-b1b2d1fb74f2,124,high,3,0.9679,appearance,5.408,True,True,True
hist_gbdt,e2711620-6d4e-4f9c-8922-b1b2d1fb74f2,125,high,2,0.967256,map,3.536,True,True,True
hist_gbdt,e2711620-6d4e-4f9c-8922-b1b2d1fb74f2,126,high,3,0.966814,appearance,5.408,True,True,True
hist_gbdt,e2711620-6d4e-4f9c-8922-b1b2d1fb74f2,127,high,4,0.955829,appearance,3.5,True,True,True
hist_gbdt,e2711620-6d4e-4f9c-8922-b1b2d1fb74f2,128,high,6,0.958767,appearance,5.408,True,True,True
hist_gbdt,e2711620-6d4e-4f9c-8922-b1b2d1fb74f2,129,high,8,0.948198,appearance,5.408,True,True,True
hist_gbdt,e2711620-6d4e-4f9c-8922-b1b2d1fb74f2,130,high,10,0.943857,map,4.301,True,True,True
hist_gbdt,e2711620-6d4e-4f9c-8922-b1b2d1fb74f2,131,high,6,0.95359,large_dark,0.0,True,True,True
hist_gbdt,e2711620-6d4e-4f9c-8922-b1b2d1fb74f2,132,high,6,0.947293,large_dark,0.0,True,True,True
hist_gbdt,e2711620-6d4e-4f9c-8922-b1b2d1fb74f2,133,high,11,0.935403,large_dark,0.5,True,True,True
hist_gbdt,e2711620-6d4e-4f9c-8922-b1b2d1fb74f2,134,high,12,0.932205,appearance,5.852,True,True,True
hist_gbdt,e2711620-6d4e-4f9c-8922-b1b2d1fb74f2,135,high,19,0.920483,large_dark,13.583,False,True,True
hist_gbdt,e2711620-6d4e-4f9c-8922-b1b2d1fb74f2,136,high,9,0.924829,appearance,5.408,True,True,True
hist_gbdt,e2711620-6d4e-4f9c-8922-b1b2d1fb74f2,137,high,11,0.903972,large_dark,0.707,True,True,True
hist_gbdt,e2711620-6d4e-4f9c-8922-b1b2d1fb74f2,138,high,6,0.906149,large_dark,47.024,False,False,True
hist_gbdt,e2711620-6d4e-4f9c-8922-b1b2d1fb74f2,139,high,5,0.904596,large_dark,47.024,False,False,True
hist_gbdt,e2711620-6d4e-4f9c-8922-b1b2d1fb74f2,140,high,10,0.921981,large_dark,0.0,True,True,True
hist_gbdt,e2711620-6d4e-4f9c-8922-b1b2d1fb74f2,141,high,5,0.913059,large_dark,0.0,True,True,True
hist_gbdt,e2711620-6d4e-4f9c-8922-b1b2d1fb74f2,142,high,6,0.925083,large_dark,0.5,True,True,True
hist_gbdt,e2711620-6d4e-4f9c-8922-b1b2d1fb74f2,143,high,3,0.952449,large_dark,0.5,True,True,True
hist_gbdt,e2711620-6d4e-4f9c-8922-b1b2d1fb74f2,144,high,2,0.954718,large_dark,0.5,True,True,True
hist_gbdt,e2711620-6d4e-4f9c-8922-b1b2d1fb74f2,145,high,6,0.964988,map,3.64,True,True,True
hist_gbdt,e2711620-6d4e-4f9c-8922-b1b2d1fb74f2,146,high,1,0.967256,large_dark,0.5,True,True,True
hist_gbdt,e2711620-6d4e-4f9c-8922-b1b2d1fb74f2,147,high,1,0.967256,large_dark,0.0,True,True,True
hist_gbdt,e2711620-6d4e-4f9c-8922-b1b2d1fb74f2,148,high,2,0.967256,appearance,5.385,True,True,True
hist_gbdt,e2711620-6d4e-4f9c-8922-b1b2d1fb74f2,149,high,2,0.965812,appearance,5.385,True,True,True
hist_gbdt,e2711620-6d4e-4f9c-8922-b1b2d1fb74f2,150,high,2,0.954317,appearance,5.385,True,True,True
hist_gbdt,e2711620-6d4e-4f9c-8922-b1b2d1fb74f2,151,high,2,0.967256,appearance,5.385,True,True,True
hist_gbdt,e2711620-6d4e-4f9c-8922-b1b2d1fb74f2,152,high,2,0.952331,appearance,5.852,True,True,True
hist_gbdt,e2711620-6d4e-4f9c-8922-b1b2d1fb74f2,153,high,4,0.952175,map,4.717,True,True,True
hist_gbdt,e2711620-6d4e-4f9c-8922-b1b2d1fb74f2,154,high,2,0.952331,appearance,6.083,True,True,True
hist_gbdt,e2711620-6d4e-4f9c-8922-b1b2d1fb74f2,155,high,3,0.949539,appearance,6.083,True,True,True
hist_gbdt,e2711620-6d4e-4f9c-8922-b1b2d1fb74f2,156,high,2,0.953347,appearance,6.083,True,True,True
hist_gbdt,e2711620-6d4e-4f9c-8922-b1b2d1fb74f2,157,high,2,0.952331,appearance,5.831,True,True,True
hist_gbdt,e2711620-6d4e-4f9c-8922-b1b2d1fb74f2,158,high,3,0.949539,appearance,6.083,True,True,True
hist_gbdt,e2711620-6d4e-4f9c-8922-b1b2d1fb74f2,159,high,2,0.953347,appearance,6.083,True,True,True
hist_gbdt,e2711620-6d4e-4f9c-8922-b1b2d1fb74f2,160,high,4,0.951161,map,3.905,True,True,True
hist_gbdt,e2711620-6d4e-4f9c-8922-b1b2d1fb74f2,161,high,2,0.965812,appearance,5.852,True,True,True
hist_gbdt,e2711620-6d4e-4f9c-8922-b1b2d1fb74f2,162,high,3,0.96378,appearance,6.083,True,True,True
hist_gbdt,e2711620-6d4e-4f9c-8922-b1b2d1fb74f2,163,high,2,0.967256,map,9.055,False,True,True
hist_gbdt,e2711620-6d4e-4f9c-8922-b1b2d1fb74f2,164,high,3,0.9679,appearance,6.5,True,True,True
hist_gbdt,e2711620-6d4e-4f9c-8922-b1b2d1fb74f2,165,high,3,0.9679,appearance,6.042,True,True,True
hist_gbdt,e2711620-6d4e-4f9c-8922-b1b2d1fb74f2,166,high,3,0.9679,appearance,6.042,True,True,True
hist_gbdt,e2711620-6d4e-4f9c-8922-b1b2d1fb74f2,167,high,3,0.964156,map,14.509,False,True,True
hist_gbdt,e2711620-6d4e-4f9c-8922-b1b2d1fb74f2,168,high,4,0.958671,map,11.511,False,True,True
hist_gbdt,e2711620-6d4e-4f9c-8922-b1b2d1fb74f2,169,high,1,0.95756,large_dark,0.0,True,True,True
hist_gbdt,e2711620-6d4e-4f9c-8922-b1b2d1fb74f2,170,high,2,0.95756,large_dark,11.543,False,True,True
hist_gbdt,e2711620-6d4e-4f9c-8922-b1b2d1fb74f2,171,high,5,0.95769,appearance,6.5,True,True,True
hist_gbdt,e2711620-6d4e-4f9c-8922-b1b2d1fb74f2,172,high,4,0.957184,map,9.124,False,True,True
hist_gbdt,e2711620-6d4e-4f9c-8922-b1b2d1fb74f2,173,high,4,0.957184,map,9.124,False,True,True
hist_gbdt,e2711620-6d4e-4f9c-8922-b1b2d1fb74f2,174,high,2,0.955248,appearance,6.5,True,True,True
hist_gbdt,e2711620-6d4e-4f9c-8922-b1b2d1fb74f2,175,high,3,0.953122,map,13.463,False,True,True
hist_gbdt,e2711620-6d4e-4f9c-8922-b1b2d1fb74f2,176,high,2,0.955248,appearance,5.701,True,True,True
hist_gbdt,e2711620-6d4e-4f9c-8922-b1b2d1fb74f2,177,high,3,0.955624,large_dark,0.5,True,True,True
hist_gbdt,e2711620-6d4e-4f9c-8922-b1b2d1fb74f2,178,high,4,0.966936,large_dark,3.64,True,True,True
hist_gbdt,e2711620-6d4e-4f9c-8922-b1b2d1fb74f2,179,high,2,0.953347,appearance,6.042,True,True,True
hist_gbdt,e2711620-6d4e-4f9c-8922-b1b2d1fb74f2,180,high,2,0.953347,map,3.536,True,True,True
hist_gbdt,e2711620-6d4e-4f9c-8922-b1b2d1fb74f2,181,high,2,0.955833,appearance,6.185,True,True,True
hist_gbdt,e2711620-6d4e-4f9c-8922-b1b2d1fb74f2,182,high,3,0.96378,map,6.671,True,True,True
hist_gbdt,e2711620-6d4e-4f9c-8922-b1b2d1fb74f2,183,high,4,0.964189,map,7.906,True,True,True
hist_gbdt,e2711620-6d4e-4f9c-8922-b1b2d1fb74f2,184,high,6,0.95422,map,9.487,False,True,True
hist_gbdt,e2711620-6d4e-4f9c-8922-b1b2d1fb74f2,185,high,2,0.955833,appearance,6.325,True,True,True
hist_gbdt,e2711620-6d4e-4f9c-8922-b1b2d1fb74f2,186,high,2,0.953347,appearance,6.325,True,True,True
hist_gbdt,e2711620-6d4e-4f9c-8922-b1b2d1fb74f2,187,high,2,0.953347,map,4.031,True,True,True
hist_gbdt,e2711620-6d4e-4f9c-8922-b1b2d1fb74f2,188,high,2,0.953347,appearance,6.325,True,True,True
hist_gbdt,e2711620-6d4e-4f9c-8922-b1b2d1fb74f2,189,high,4,0.967115,map,8.485,False,True,True
hist_gbdt,e2711620-6d4e-4f9c-8922-b1b2d1fb74f2,190,high,4,0.967115,map,6.801,True,True,True
hist_gbdt,e2711620-6d4e-4f9c-8922-b1b2d1fb74f2,191,high,4,0.967308,map,8.078,False,True,True
hist_gbdt,e2711620-6d4e-4f9c-8922-b1b2d1fb74f2,192,high,1,0.954317,map,9.487,False,True,True
hist_gbdt,e2711620-6d4e-4f9c-8922-b1b2d1fb74f2,193,high,1,0.954317,appearance,7.28,True,True,True
hist_gbdt,e2711620-6d4e-4f9c-8922-b1b2d1fb74f2,194,high,4,0.965699,map,8.846,False,True,True
hist_gbdt,e2711620-6d4e-4f9c-8922-b1b2d1fb74f2,195,high,1,0.966781,appearance,6.042,True,True,True
hist_gbdt,e2711620-6d4e-4f9c-8922-b1b2d1fb74f2,196,high,2,0.967256,appearance,6.042,True,True,True
hist_gbdt,e2711620-6d4e-4f9c-8922-b1b2d1fb74f2,197,high,2,0.965812,map,8.846,False,True,True
hist_gbdt,e2711620-6d4e-4f9c-8922-b1b2d1fb74f2,198,high,2,0.965812,appearance,6.576,True,True,True
hist_gbdt,e2711620-6d4e-4f9c-8922-b1b2d1fb74f2,199,high,4,0.964189,map,8.139,False,True,True
hist_gbdt,e2711620-6d4e-4f9c-8922-b1b2d1fb74f2,200,high,1,0.954869,large_dark,0.707,True,True,True
hist_gbdt,e2711620-6d4e-4f9c-8922-b1b2d1fb74f2,201,high,1,0.955833,large_dark,0.707,True,True,True
hist_gbdt,e2711620-6d4e-4f9c-8922-b1b2d1fb74f2,202,high,1,0.953347,large_dark,0.707,True,True,True
hist_gbdt,e2711620-6d4e-4f9c-8922-b1b2d1fb74f2,203,high,1,0.953347,large_dark,0.707,True,True,True
hist_gbdt,e2711620-6d4e-4f9c-8922-b1b2d1fb74f2,204,high,1,0.953347,large_dark,13.342,False,True,True
hist_gbdt,e2711620-6d4e-4f9c-8922-b1b2d1fb74f2,205,high,2,0.952331,appearance,5.701,True,True,True
hist_gbdt,e2711620-6d4e-4f9c-8922-b1b2d1fb74f2,206,high,2,0.953347,appearance,6.964,True,True,True
hist_gbdt,e2711620-6d4e-4f9c-8922-b1b2d1fb74f2,207,high,2,0.954317,map,4.743,True,True,True
hist_gbdt,e2711620-6d4e-4f9c-8922-b1b2d1fb74f2,208,high,2,0.953347,appearance,6.801,True,True,True
hist_gbdt,e2711620-6d4e-4f9c-8922-b1b2d1fb74f2,209,high,2,0.953347,map,4.743,True,True,True
hist_gbdt,e2711620-6d4e-4f9c-8922-b1b2d1fb74f2,210,high,2,0.953347,map,8.078,False,True,True
hist_gbdt,e2711620-6d4e-4f9c-8922-b1b2d1fb74f2,211,high,2,0.953347,appearance,6.801,True,True,True
hist_gbdt,e2711620-6d4e-4f9c-8922-b1b2d1fb74f2,212,high,2,0.950918,map,9.552,False,True,True
hist_gbdt,e2711620-6d4e-4f9c-8922-b1b2d1fb74f2,213,high,2,0.953347,appearance,6.801,True,True,True
hist_gbdt,e2711620-6d4e-4f9c-8922-b1b2d1fb74f2,214,high,2,0.953347,map,8.732,False,True,True
hist_gbdt,e2711620-6d4e-4f9c-8922-b1b2d1fb74f2,215,high,2,0.954317,map,8.078,False,True,True
hist_gbdt,e2711620-6d4e-4f9c-8922-b1b2d1fb74f2,216,high,1,0.954317,appearance,5.852,True,True,True
hist_gbdt,e2711620-6d4e-4f9c-8922-b1b2d1fb74f2,217,high,2,0.954317,map,8.382,False,True,True
hist_gbdt,e2711620-6d4e-4f9c-8922-b1b2d1fb74f2,218,high,2,0.954317,appearance,6.964,True,True,True
hist_gbdt,e2711620-6d4e-4f9c-8922-b1b2d1fb74f2,219,high,3,0.954209,map,10.512,False,True,True
hist_gbdt,e2711620-6d4e-4f9c-8922-b1b2d1fb74f2,220,high,5,0.955254,map,5.025,True,True,True
hist_gbdt,e2711620-6d4e-4f9c-8922-b1b2d1fb74f2,221,high,1,0.952331,appearance,6.042,True,True,True
hist_gbdt,e2711620-6d4e-4f9c-8922-b1b2d1fb74f2,222,high,2,0.952331,map,8.732,False,True,True
hist_gbdt,e2711620-6d4e-4f9c-8922-b1b2d1fb74f2,223,high,1,0.933567,large_dark,0.5,True,True,True
hist_gbdt,e2711620-6d4e-4f9c-8922-b1b2d1fb74f2,224,high,1,0.954317,large_dark,0.0,True,True,True
hist_gbdt,e2711620-6d4e-4f9c-8922-b1b2d1fb74f2,225,high,1,0.954317,large_dark,0.707,True,True,True
hist_gbdt,e2711620-6d4e-4f9c-8922-b1b2d1fb74f2,226,high,1,0.954317,large_dark,0.707,True,True,True
hist_gbdt,e2711620-6d4e-4f9c-8922-b1b2d1fb74f2,227,high,1,0.954317,large_dark,12.021,False,True,True
hist_gbdt,e2711620-6d4e-4f9c-8922-b1b2d1fb74f2,228,high,1,0.954317,appearance,5.852,True,True,True
hist_gbdt,e2711620-6d4e-4f9c-8922-b1b2d1fb74f2,229,high,2,0.954317,map,7.906,True,True,True
hist_gbdt,e2711620-6d4e-4f9c-8922-b1b2d1fb74f2,230,high,2,0.954317,map,8.276,False,True,True
hist_gbdt,e2711620-6d4e-4f9c-8922-b1b2d1fb74f2,231,high,2,0.953347,map,4.123,True,True,True
hist_gbdt,e2711620-6d4e-4f9c-8922-b1b2d1fb74f2,232,high,2,0.953347,appearance,6.325,True,True,True
hist_gbdt,e2711620-6d4e-4f9c-8922-b1b2d1fb74f2,233,high,2,0.953347,appearance,6.325,True,True,True
hist_gbdt,e2711620-6d4e-4f9c-8922-b1b2d1fb74f2,234,high,2,0.953347,map,8.944,False,True,True
hist_gbdt,e2711620-6d4e-4f9c-8922-b1b2d1fb74f2,235,high,4,0.926711,map,10.112,False,True,True
hist_gbdt,e2711620-6d4e-4f9c-8922-b1b2d1fb74f2,236,high,2,0.953347,appearance,5.59,True,True,True
hist_gbdt,e2711620-6d4e-4f9c-8922-b1b2d1fb74f2,237,high,2,0.953347,map,4.61,True,True,True
hist_gbdt,e2711620-6d4e-4f9c-8922-b1b2d1fb74f2,238,high,2,0.953347,appearance,6.325,True,True,True
hist_gbdt,e2711620-6d4e-4f9c-8922-b1b2d1fb74f2,239,high,2,0.953347,appearance,5.385,True,True,True
hist_gbdt,e2711620-6d4e-4f9c-8922-b1b2d1fb74f2,240,high,2,0.953347,map,4.61,True,True,True
hist_gbdt,e2711620-6d4e-4f9c-8922-b1b2d1fb74f2,241,high,2,0.953347,appearance,6.325,True,True,True
hist_gbdt,e2711620-6d4e-4f9c-8922-b1b2d1fb74f2,242,high,2,0.953347,appearance,6.185,True,True,True
hist_gbdt,e2711620-6d4e-4f9c-8922-b1b2d1fb74f2,243,high,2,0.953347,appearance,6.185,True,True,True
hist_gbdt,e2711620-6d4e-4f9c-8922-b1b2d1fb74f2,244,high,2,0.954317,map,3.354,True,True,True
hist_gbdt,e2711620-6d4e-4f9c-8922-b1b2d1fb74f2,245,high,1,0.954317,map,8.139,False,True,True
hist_gbdt,e2711620-6d4e-4f9c-8922-b1b2d1fb74f2,246,high,1,0.954317,appearance,5.701,True,True,True
hist_gbdt,e2711620-6d4e-4f9c-8922-b1b2d1fb74f2,247,high,1,0.954317,map,4.031,True,True,True
hist_gbdt,e2711620-6d4e-4f9c-8922-b1b2d1fb74f2,248,high,2,0.954317,appearance,5.701,True,True,True
hist_gbdt,e2711620-6d4e-4f9c-8922-b1b2d1fb74f2,249,high,3,0.965307,appearance,7.159,True,True,True
hist_gbdt,e2711620-6d4e-4f9c-8922-b1b2d1fb74f2,250,high,1,0.952331,large_dark,7.071,True,True,True
hist_gbdt,e2711620-6d4e-4f9c-8922-b1b2d1fb74f2,251,high,3,0.96378,large_dark,7.071,True,True,True
hist_gbdt,e2711620-6d4e-4f9c-8922-b1b2d1fb74f2,252,high,1,0.952331,large_dark,0.5,True,True,True
hist_gbdt,e2711620-6d4e-4f9c-8922-b1b2d1fb74f2,253,high,1,0.952331,large_dark,0.5,True,True,True
hist_gbdt,e2711620-6d4e-4f9c-8922-b1b2d1fb74f2,254,high,4,0.954258,map,7.906,True,True,True
hist_gbdt,e2711620-6d4e-4f9c-8922-b1b2d1fb74f2,255,high,1,0.952331,map,3.202,True,True,True
hist_gbdt,e2711620-6d4e-4f9c-8922-b1b2d1fb74f2,256,high,1,0.952331,large_dark,0.5,True,True,True
hist_gbdt,e2711620-6d4e-4f9c-8922-b1b2d1fb74f2,257,high,1,0.952331,large_dark,0.707,True,True,True
hist_gbdt,e2711620-6d4e-4f9c-8922-b1b2d1fb74f2,258,high,1,0.952331,large_dark,0.707,True,True,True
hist_gbdt,e2711620-6d4e-4f9c-8922-b1b2d1fb74f2,259,high,1,0.965812,large_dark,0.707,True,True,True
hist_gbdt,e2711620-6d4e-4f9c-8922-b1b2d1fb74f2,260,high,1,0.965812,large_dark,0.5,True,True,True
hist_gbdt,e2711620-6d4e-4f9c-8922-b1b2d1fb74f2,261,high,2,0.965812,large_dark,1.803,True,True,True
hist_gbdt,e2711620-6d4e-4f9c-8922-b1b2d1fb74f2,262,high,2,0.967256,map,3.808,True,True,True
hist_gbdt,e2711620-6d4e-4f9c-8922-b1b2d1fb74f2,263,high,1,0.954317,large_dark,0.0,True,True,True
hist_gbdt,e2711620-6d4e-4f9c-8922-b1b2d1fb74f2,264,high,2,0.954317,appearance,3.0,True,True,True
hist_gbdt,e2711620-6d4e-4f9c-8922-b1b2d1fb74f2,265,high,2,0.954317,appearance,3.5,True,True,True
hist_gbdt,e2711620-6d4e-4f9c-8922-b1b2d1fb74f2,266,high,2,0.967256,appearance,4.5,True,True,True
hist_gbdt,e2711620-6d4e-4f9c-8922-b1b2d1fb74f2,267,high,1,0.953347,large_dark,0.5,True,True,True
hist_gbdt,e2711620-6d4e-4f9c-8922-b1b2d1fb74f2,268,high,1,0.953347,large_dark,0.5,True,True,True
hist_gbdt,e2711620-6d4e-4f9c-8922-b1b2d1fb74f2,269,high,2,0.954317,appearance,2.5,True,True,True
hist_gbdt,e2711620-6d4e-4f9c-8922-b1b2d1fb74f2,270,high,2,0.954317,appearance,3.0,True,True,True
hist_gbdt,e2711620-6d4e-4f9c-8922-b1b2d1fb74f2,271,high,2,0.953347,appearance,3.0,True,True,True
hist_gbdt,e2711620-6d4e-4f9c-8922-b1b2d1fb74f2,272,high,2,0.953347,appearance,2.062,True,True,True
hist_gbdt,e2711620-6d4e-4f9c-8922-b1b2d1fb74f2,273,high,3,0.950611,appearance,3.041,True,True,True
hist_gbdt,e2711620-6d4e-4f9c-8922-b1b2d1fb74f2,274,high,2,0.967256,appearance,3.0,True,True,True
hist_gbdt,e2711620-6d4e-4f9c-8922-b1b2d1fb74f2,500,medium_high,34,0.938642,appearance,22.074,False,False,True
hist_gbdt,e2711620-6d4e-4f9c-8922-b1b2d1fb74f2,501,medium_high,48,0.934637,appearance,19.66,False,False,True
hist_gbdt,e2711620-6d4e-4f9c-8922-b1b2d1fb74f2,502,medium_high,33,0.935497,appearance,19.059,False,False,True
hist_gbdt,e2711620-6d4e-4f9c-8922-b1b2d1fb74f2,503,medium_high,31,0.927556,appearance,17.868,False,False,True
hist_gbdt,e2711620-6d4e-4f9c-8922-b1b2d1fb74f2,504,medium_high,3,0.914899,large_dark,0.707,True,True,True
hist_gbdt,e2711620-6d4e-4f9c-8922-b1b2d1fb74f2,505,medium_high,3,0.914899,large_dark,0.707,True,True,True
hist_gbdt,e2711620-6d4e-4f9c-8922-b1b2d1fb74f2,506,medium_high,5,0.960246,appearance,5.59,True,True,True
hist_gbdt,e2711620-6d4e-4f9c-8922-b1b2d1fb74f2,507,medium_high,5,0.960246,appearance,8.322,False,True,True
hist_gbdt,e2711620-6d4e-4f9c-8922-b1b2d1fb74f2,508,medium_high,5,0.940773,appearance,36.912,False,False,True
hist_gbdt,e2711620-6d4e-4f9c-8922-b1b2d1fb74f2,509,medium_high,9,0.940566,appearance,21.024,False,False,True
hist_gbdt,e2711620-6d4e-4f9c-8922-b1b2d1fb74f2,510,medium_high,7,0.968474,appearance,21.024,False,False,True
hist_gbdt,e2711620-6d4e-4f9c-8922-b1b2d1fb74f2,511,medium_high,8,0.96367,appearance,19.059,False,False,True
hist_gbdt,e2711620-6d4e-4f9c-8922-b1b2d1fb74f2,512,medium_high,5,0.969064,appearance,2.062,True,True,True
hist_gbdt,e2711620-6d4e-4f9c-8922-b1b2d1fb74f2,513,medium_high,5,0.969064,appearance,2.062,True,True,True
hist_gbdt,e2711620-6d4e-4f9c-8922-b1b2d1fb74f2,514,medium_high,6,0.96956,appearance,2.55,True,True,True
hist_gbdt,e2711620-6d4e-4f9c-8922-b1b2d1fb74f2,515,medium_high,5,0.959245,appearance,20.156,False,False,True
hist_gbdt,e2711620-6d4e-4f9c-8922-b1b2d1fb74f2,516,medium_high,4,0.942081,appearance,19.647,False,False,True
hist_gbdt,e2711620-6d4e-4f9c-8922-b1b2d1fb74f2,517,medium_high,6,0.960105,motion,4.61,True,True,True
hist_gbdt,e2711620-6d4e-4f9c-8922-b1b2d1fb74f2,518,medium_high,8,0.960105,motion,6.021,True,True,True
hist_gbdt,e2711620-6d4e-4f9c-8922-b1b2d1fb74f2,519,medium_high,6,0.946065,appearance,18.118,False,False,True
hist_gbdt,e2711620-6d4e-4f9c-8922-b1b2d1fb74f2,520,medium_high,6,0.946065,appearance,18.118,False,False,True
hist_gbdt,e2711620-6d4e-4f9c-8922-b1b2d1fb74f2,521,medium_high,4,0.944562,appearance,19.609,False,False,True
hist_gbdt,e2711620-6d4e-4f9c-8922-b1b2d1fb74f2,522,medium_high,7,0.95356,appearance,19.449,False,False,True
hist_gbdt,e2711620-6d4e-4f9c-8922-b1b2d1fb74f2,523,medium_high,5,0.951734,appearance,19.449,False,False,True
hist_gbdt,e2711620-6d4e-4f9c-8922-b1b2d1fb74f2,524,medium_high,4,0.95688,appearance,18.822,False,False,True
hist_gbdt,e2711620-6d4e-4f9c-8922-b1b2d1fb74f2,525,medium_high,4,0.95688,appearance,18.822,False,False,True
hist_gbdt,e2711620-6d4e-4f9c-8922-b1b2d1fb74f2,526,medium_high,4,0.952095,appearance,19.007,False,False,True
hist_gbdt,e2711620-6d4e-4f9c-8922-b1b2d1fb74f2,527,medium_high,1,0.913472,large_dark,0.0,True,True,True
hist_gbdt,e2711620-6d4e-4f9c-8922-b1b2d1fb74f2,528,medium_high,4,0.936545,appearance,21.26,False,False,True
hist_gbdt,e2711620-6d4e-4f9c-8922-b1b2d1fb74f2,529,medium_high,4,0.914029,map,62.598,False,False,True
hist_gbdt,e2711620-6d4e-4f9c-8922-b1b2d1fb74f2,530,medium_high,6,0.921677,appearance,21.006,False,False,True
hist_gbdt,e2711620-6d4e-4f9c-8922-b1b2d1fb74f2,531,medium_high,10,0.935909,appearance,23.817,False,False,True
hist_gbdt,e2711620-6d4e-4f9c-8922-b1b2d1fb74f2,532,medium_high,3,0.957952,map,5.099,True,True,True
hist_gbdt,e2711620-6d4e-4f9c-8922-b1b2d1fb74f2,533,medium_high,4,0.949619,map,7.071,True,True,True
hist_gbdt,e2711620-6d4e-4f9c-8922-b1b2d1fb74f2,534,medium_high,20,0.93973,appearance,19.849,False,False,True
hist_gbdt,e2711620-6d4e-4f9c-8922-b1b2d1fb74f2,535,medium_high,1,0.912067,large_dark,0.707,True,True,True
hist_gbdt,e2711620-6d4e-4f9c-8922-b1b2d1fb74f2,536,medium_high,17,0.918696,appearance,25.52,False,False,True
hist_gbdt,e2711620-6d4e-4f9c-8922-b1b2d1fb74f2,537,medium_high,4,0.91837,appearance,18.822,False,False,True
hist_gbdt,e2711620-6d4e-4f9c-8922-b1b2d1fb74f2,538,medium_high,16,0.937919,appearance,22.411,False,False,True
hist_gbdt,e2711620-6d4e-4f9c-8922-b1b2d1fb74f2,539,medium_high,11,0.939272,appearance,19.812,False,False,True
hist_gbdt,e2711620-6d4e-4f9c-8922-b1b2d1fb74f2,540,medium_high,13,0.937952,appearance,26.856,False,False,True
hist_gbdt,e2711620-6d4e-4f9c-8922-b1b2d1fb74f2,541,medium_high,2,0.967256,appearance,2.5,True,True,True
hist_gbdt,e2711620-6d4e-4f9c-8922-b1b2d1fb74f2,542,medium_high,2,0.967256,appearance,2.062,True,True,True
hist_gbdt,e2711620-6d4e-4f9c-8922-b1b2d1fb74f2,543,medium_high,2,0.967256,appearance,2.062,True,True,True
hist_gbdt,e2711620-6d4e-4f9c-8922-b1b2d1fb74f2,544,medium_high,1,0.913287,large_dark,0.707,True,True,True
hist_gbdt,e2711620-6d4e-4f9c-8922-b1b2d1fb74f2,545,medium_high,1,0.898114,large_dark,0.707,True,True,True
hist_gbdt,e2711620-6d4e-4f9c-8922-b1b2d1fb74f2,546,medium_high,3,0.941436,appearance,29.908,False,False,True
hist_gbdt,e2711620-6d4e-4f9c-8922-b1b2d1fb74f2,547,medium_high,4,0.942081,appearance,30.859,False,False,True
hist_gbdt,e2711620-6d4e-4f9c-8922-b1b2d1fb74f2,548,medium_high,4,0.950196,appearance,30.859,False,False,True
hist_gbdt,e2711620-6d4e-4f9c-8922-b1b2d1fb74f2,549,medium_high,4,0.946412,appearance,35.004,False,False,True
hist_gbdt,e2711620-6d4e-4f9c-8922-b1b2d1fb74f2,550,medium_high,1,0.913287,large_dark,0.707,True,True,True
hist_gbdt,e2711620-6d4e-4f9c-8922-b1b2d1fb74f2,551,medium_high,2,0.967256,native_map,3.5,True,True,True
hist_gbdt,e2711620-6d4e-4f9c-8922-b1b2d1fb74f2,552,medium_high,2,0.967256,native_map,3.5,True,True,True
hist_gbdt,e2711620-6d4e-4f9c-8922-b1b2d1fb74f2,553,medium_high,2,0.967256,native_map,3.5,True,True,True
hist_gbdt,e2711620-6d4e-4f9c-8922-b1b2d1fb74f2,554,medium_high,2,0.967256,appearance,3.041,True,True,True
hist_gbdt,e2711620-6d4e-4f9c-8922-b1b2d1fb74f2,555,medium_high,2,0.967256,appearance,3.041,True,True,True
hist_gbdt,e2711620-6d4e-4f9c-8922-b1b2d1fb74f2,556,medium_high,1,0.964889,appearance,5.025,True,True,True
hist_gbdt,e2711620-6d4e-4f9c-8922-b1b2d1fb74f2,557,medium_high,2,0.964889,appearance,3.0,True,True,True
hist_gbdt,e2711620-6d4e-4f9c-8922-b1b2d1fb74f2,558,medium_high,1,0.957118,large_dark,0.707,True,True,True
hist_gbdt,e2711620-6d4e-4f9c-8922-b1b2d1fb74f2,559,medium_high,2,0.967063,appearance,2.55,True,True,True
hist_gbdt,e2711620-6d4e-4f9c-8922-b1b2d1fb74f2,560,medium_high,1,0.956204,large_dark,0.707,True,True,True
hist_gbdt,e2711620-6d4e-4f9c-8922-b1b2d1fb74f2,561,medium_high,1,0.967256,large_dark,0.0,True,True,True
hist_gbdt,e2711620-6d4e-4f9c-8922-b1b2d1fb74f2,562,medium_high,3,0.9679,large_dark,0.5,True,True,True
hist_gbdt,e2711620-6d4e-4f9c-8922-b1b2d1fb74f2,563,medium_high,1,0.967256,appearance,5.099,True,True,True
hist_gbdt,e2711620-6d4e-4f9c-8922-b1b2d1fb74f2,564,medium_high,1,0.967256,large_dark,0.5,True,True,True
hist_gbdt,e2711620-6d4e-4f9c-8922-b1b2d1fb74f2,565,medium_high,1,0.913287,large_dark,0.5,True,True,True
hist_gbdt,e2711620-6d4e-4f9c-8922-b1b2d1fb74f2,566,medium_high,1,0.913287,large_dark,0.5,True,True,True
hist_gbdt,e2711620-6d4e-4f9c-8922-b1b2d1fb74f2,567,medium_high,1,0.913287,large_dark,0.5,True,True,True
hist_gbdt,e2711620-6d4e-4f9c-8922-b1b2d1fb74f2,568,medium_high,2,0.967256,map,3.808,True,True,True
hist_gbdt,e2711620-6d4e-4f9c-8922-b1b2d1fb74f2,569,medium_high,2,0.967256,map,2.062,True,True,True
hist_gbdt,e2711620-6d4e-4f9c-8922-b1b2d1fb74f2,570,medium_high,2,0.955978,map,2.062,True,True,True
hist_gbdt,e2711620-6d4e-4f9c-8922-b1b2d1fb74f2,571,medium_high,3,0.920359,map,6.671,True,True,True
hist_gbdt,e2711620-6d4e-4f9c-8922-b1b2d1fb74f2,572,medium_high,1,0.904013,large_dark,0.0,True,True,True
hist_gbdt,e2711620-6d4e-4f9c-8922-b1b2d1fb74f2,573,medium_high,2,0.957118,native_map,3.162,True,True,True
hist_gbdt,e2711620-6d4e-4f9c-8922-b1b2d1fb74f2,574,medium_high,2,0.957118,map,7.28,True,True,True
hist_gbdt,e2711620-6d4e-4f9c-8922-b1b2d1fb74f2,575,medium_high,3,0.957952,appearance,5.59,True,True,True
hist_gbdt,e2711620-6d4e-4f9c-8922-b1b2d1fb74f2,576,medium_high,3,0.956117,appearance,5.099,True,True,True
hist_gbdt,e2711620-6d4e-4f9c-8922-b1b2d1fb74f2,577,medium_high,7,0.943581,motion,7.106,True,True,True
hist_gbdt,e2711620-6d4e-4f9c-8922-b1b2d1fb74f2,578,medium_high,8,0.909644,motion,8.515,False,True,True
hist_gbdt,e2711620-6d4e-4f9c-8922-b1b2d1fb74f2,579,medium_high,2,0.955248,motion,7.5,True,True,True
hist_gbdt,e2711620-6d4e-4f9c-8922-b1b2d1fb74f2,580,medium_high,2,0.955248,appearance,5.523,True,True,True
hist_gbdt,e2711620-6d4e-4f9c-8922-b1b2d1fb74f2,581,medium_high,2,0.955248,appearance,5.523,True,True,True
hist_gbdt,e2711620-6d4e-4f9c-8922-b1b2d1fb74f2,582,medium_high,3,0.956117,appearance,2.55,True,True,True
hist_gbdt,e2711620-6d4e-4f9c-8922-b1b2d1fb74f2,583,medium_high,2,0.955248,appearance,2.55,True,True,True
hist_gbdt,e2711620-6d4e-4f9c-8922-b1b2d1fb74f2,584,medium_high,2,0.955248,appearance,6.083,True,True,True
hist_gbdt,e2711620-6d4e-4f9c-8922-b1b2d1fb74f2,585,medium_high,2,0.955248,appearance,6.083,True,True,True
hist_gbdt,e2711620-6d4e-4f9c-8922-b1b2d1fb74f2,586,medium_high,2,0.955248,appearance,5.523,True,True,True
hist_gbdt,e2711620-6d4e-4f9c-8922-b1b2d1fb74f2,587,medium_high,2,0.946418,map,3.536,True,True,True
hist_gbdt,e2711620-6d4e-4f9c-8922-b1b2d1fb74f2,588,medium_high,3,0.96378,map,4.301,True,True,True
hist_gbdt,e2711620-6d4e-4f9c-8922-b1b2d1fb74f2,589,medium_high,2,0.965812,map,6.801,True,True,True
hist_gbdt,e2711620-6d4e-4f9c-8922-b1b2d1fb74f2,590,medium_high,3,0.96378,map,9.014,False,True,True
hist_gbdt,e2711620-6d4e-4f9c-8922-b1b2d1fb74f2,591,medium_high,3,0.949539,map,11.511,False,True,True
hist_gbdt,e2711620-6d4e-4f9c-8922-b1b2d1fb74f2,592,medium_high,2,0.965812,map,3.64,True,True,True
hist_gbdt,e2711620-6d4e-4f9c-8922-b1b2d1fb74f2,593,medium_high,2,0.946418,appearance,6.083,True,True,True
hist_gbdt,e2711620-6d4e-4f9c-8922-b1b2d1fb74f2,594,medium_high,2,0.948637,map,4.301,True,True,True
hist_gbdt,e2711620-6d4e-4f9c-8922-b1b2d1fb74f2,595,medium_high,2,0.946418,appearance,3.905,True,True,True
hist_gbdt,e2711620-6d4e-4f9c-8922-b1b2d1fb74f2,596,medium_high,2,0.952331,appearance,2.5,True,True,True
hist_gbdt,e2711620-6d4e-4f9c-8922-b1b2d1fb74f2,597,medium_high,2,0.954317,map,3.536,True,True,True
hist_gbdt,e2711620-6d4e-4f9c-8922-b1b2d1fb74f2,598,medium_high,2,0.954317,appearance,3.536,True,True,True
hist_gbdt,e2711620-6d4e-4f9c-8922-b1b2d1fb74f2,599,medium_high,2,0.952331,appearance,2.062,True,True,True
hist_gbdt,e2711620-6d4e-4f9c-8922-b1b2d1fb74f2,600,medium_high,2,0.955248,appearance,3.041,True,True,True
hist_gbdt,e2711620-6d4e-4f9c-8922-b1b2d1fb74f2,601,medium_high,2,0.957118,map,4.301,True,True,True
hist_gbdt,e2711620-6d4e-4f9c-8922-b1b2d1fb74f2,602,medium_high,3,0.957056,map,2.0,True,True,True
hist_gbdt,e2711620-6d4e-4f9c-8922-b1b2d1fb74f2,603,medium_high,3,0.957056,map,0.707,True,True,True
hist_gbdt,e2711620-6d4e-4f9c-8922-b1b2d1fb74f2,604,medium_high,3,0.957056,map,3.536,True,True,True
hist_gbdt,e2711620-6d4e-4f9c-8922-b1b2d1fb74f2,605,medium_high,3,0.957056,map,1.0,True,True,True
hist_gbdt,e2711620-6d4e-4f9c-8922-b1b2d1fb74f2,622,medium_high,2,0.952331,appearance,3.5,True,True,True
hist_gbdt,e2711620-6d4e-4f9c-8922-b1b2d1fb74f2,623,medium_high,2,0.953347,appearance,4.5,True,True,True
hist_gbdt,e2711620-6d4e-4f9c-8922-b1b2d1fb74f2,624,medium_high,2,0.953347,appearance,2.55,True,True,True
hist_gbdt,e2711620-6d4e-4f9c-8922-b1b2d1fb74f2,625,medium_high,2,0.953347,appearance,7.071,True,True,True
hist_gbdt,e2711620-6d4e-4f9c-8922-b1b2d1fb74f2,626,medium_high,2,0.948637,map,0.0,True,True,True
hist_gbdt,e2711620-6d4e-4f9c-8922-b1b2d1fb74f2,627,medium_high,2,0.948637,map,5.148,True,True,True
hist_gbdt,e2711620-6d4e-4f9c-8922-b1b2d1fb74f2,628,medium_high,2,0.947552,appearance,4.031,True,True,True
hist_gbdt,e2711620-6d4e-4f9c-8922-b1b2d1fb74f2,629,medium_high,2,0.947552,map,0.0,True,True,True
hist_gbdt,e2711620-6d4e-4f9c-8922-b1b2d1fb74f2,630,medium_high,2,0.947552,appearance,3.808,True,True,True
hist_gbdt,e2711620-6d4e-4f9c-8922-b1b2d1fb74f2,631,medium_high,2,0.947552,map,3.536,True,True,True
hist_gbdt,e2711620-6d4e-4f9c-8922-b1b2d1fb74f2,632,medium_high,2,0.947552,map,4.743,True,True,True
hist_gbdt,e2711620-6d4e-4f9c-8922-b1b2d1fb74f2,633,medium_high,2,0.947552,appearance,4.61,True,True,True
hist_gbdt,e2711620-6d4e-4f9c-8922-b1b2d1fb74f2,634,medium_high,2,0.947552,map,0.0,True,True,True
hist_gbdt,e2711620-6d4e-4f9c-8922-b1b2d1fb74f2,635,medium_high,2,0.947552,appearance,7.826,True,True,True
hist_gbdt,e2711620-6d4e-4f9c-8922-b1b2d1fb74f2,636,medium_high,2,0.948637,map,3.808,True,True,True
hist_gbdt,e2711620-6d4e-4f9c-8922-b1b2d1fb74f2,637,medium_high,2,0.947552,appearance,3.354,True,True,True
hist_gbdt,e2711620-6d4e-4f9c-8922-b1b2d1fb74f2,638,medium_high,2,0.947552,appearance,3.354,True,True,True
hist_gbdt,e2711620-6d4e-4f9c-8922-b1b2d1fb74f2,639,medium_high,2,0.947552,appearance,1.803,True,True,True
hist_gbdt,e2711620-6d4e-4f9c-8922-b1b2d1fb74f2,640,medium_high,2,0.947552,appearance,7.762,True,True,True
hist_gbdt,e2711620-6d4e-4f9c-8922-b1b2d1fb74f2,641,medium_high,6,0.943647,appearance,26.879,False,False,True
hist_gbdt,e2711620-6d4e-4f9c-8922-b1b2d1fb74f2,642,medium_high,3,0.948048,appearance,16.808,False,False,True
hist_gbdt,e2711620-6d4e-4f9c-8922-b1b2d1fb74f2,643,medium_high,4,0.948624,appearance,13.601,False,True,True
hist_gbdt,e2711620-6d4e-4f9c-8922-b1b2d1fb74f2,644,medium_high,8,0.949819,appearance,47.461,False,False,True
hist_gbdt,e2711620-6d4e-4f9c-8922-b1b2d1fb74f2,645,medium_high,5,0.949019,appearance,45.853,False,False,True
hist_gbdt,e2711620-6d4e-4f9c-8922-b1b2d1fb74f2,646,medium_high,2,0.955747,large_dark,40.522,False,False,True
hist_gbdt,e2711620-6d4e-4f9c-8922-b1b2d1fb74f2,647,medium_high,2,0.948637,appearance,3.0,True,True,True
hist_gbdt,e2711620-6d4e-4f9c-8922-b1b2d1fb74f2,648,medium_high,2,0.948637,appearance,3.162,True,True,True
hist_gbdt,e2711620-6d4e-4f9c-8922-b1b2d1fb74f2,649,medium_high,2,0.954317,appearance,3.606,True,True,True
hist_gbdt,e2711620-6d4e-4f9c-8922-b1b2d1fb74f2,650,high,2,0.954317,appearance,3.606,True,True,True
hist_gbdt,e2711620-6d4e-4f9c-8922-b1b2d1fb74f2,651,high,2,0.952331,appearance,3.808,True,True,True
hist_gbdt,e2711620-6d4e-4f9c-8922-b1b2d1fb74f2,652,high,2,0.952331,appearance,8.746,False,True,True
hist_gbdt,e2711620-6d4e-4f9c-8922-b1b2d1fb74f2,653,high,2,0.965812,appearance,10.977,False,True,True
hist_gbdt,e2711620-6d4e-4f9c-8922-b1b2d1fb74f2,654,high,1,0.948637,large_dark,3.202,True,True,True
hist_gbdt,e2711620-6d4e-4f9c-8922-b1b2d1fb74f2,655,high,1,0.948637,large_dark,3.202,True,True,True
hist_gbdt,e2711620-6d4e-4f9c-8922-b1b2d1fb74f2,656,high,1,0.953347,appearance,6.103,True,True,True
hist_gbdt,e2711620-6d4e-4f9c-8922-b1b2d1fb74f2,657,high,1,0.953347,large_dark,13.601,False,True,True
hist_gbdt,e2711620-6d4e-4f9c-8922-b1b2d1fb74f2,658,high,1,0.953347,large_dark,13.601,False,True,True
hist_gbdt,e2711620-6d4e-4f9c-8922-b1b2d1fb74f2,659,high,1,0.953347,map,14.56,False,True,True
hist_gbdt,e2711620-6d4e-4f9c-8922-b1b2d1fb74f2,660,high,8,0.956287,large_dark,78.313,False,False,True
hist_gbdt,e2711620-6d4e-4f9c-8922-b1b2d1fb74f2,661,high,1,0.952331,large_dark,22.94,False,False,True
hist_gbdt,e2711620-6d4e-4f9c-8922-b1b2d1fb74f2,662,high,5,0.952736,map,18.682,False,False,True
hist_gbdt,e2711620-6d4e-4f9c-8922-b1b2d1fb74f2,663,high,1,0.937557,large_dark,25.632,False,False,True
hist_gbdt,e2711620-6d4e-4f9c-8922-b1b2d1fb74f2,664,high,3,0.949539,large_dark,28.324,False,False,True
hist_gbdt,e2711620-6d4e-4f9c-8922-b1b2d1fb74f2,665,high,12,0.878071,map,84.595,False,False,True
hist_gbdt,e2711620-6d4e-4f9c-8922-b1b2d1fb74f2,666,high,5,0.934656,appearance,4.61,True,True,True
hist_gbdt,e2711620-6d4e-4f9c-8922-b1b2d1fb74f2,667,high,8,0.935667,appearance,5.701,True,True,True
hist_gbdt,e2711620-6d4e-4f9c-8922-b1b2d1fb74f2,668,high,11,0.869378,appearance,5.701,True,True,True
hist_gbdt,e2711620-6d4e-4f9c-8922-b1b2d1fb74f2,669,high,13,0.852545,map,106.964,False,False,True
hist_gbdt,e2711620-6d4e-4f9c-8922-b1b2d1fb74f2,670,high,4,0.931288,large_dark,119.068,False,False,True
hist_gbdt,e2711620-6d4e-4f9c-8922-b1b2d1fb74f2,671,high,2,0.953347,map,30.7,False,False,True
hist_gbdt,e2711620-6d4e-4f9c-8922-b1b2d1fb74f2,672,high,3,0.938522,large_dark,38.108,False,False,True
hist_gbdt,e2711620-6d4e-4f9c-8922-b1b2d1fb74f2,673,high,2,0.953347,large_dark,38.108,False,False,True
hist_gbdt,e2711620-6d4e-4f9c-8922-b1b2d1fb74f2,674,high,2,0.953347,map,40.636,False,False,True
hist_gbdt,e2711620-6d4e-4f9c-8922-b1b2d1fb74f2,675,high,3,0.938522,map,41.908,False,False,True
hist_gbdt,e2711620-6d4e-4f9c-8922-b1b2d1fb74f2,676,high,3,0.899917,map,42.691,False,False,True
hist_gbdt,e2711620-6d4e-4f9c-8922-b1b2d1fb74f2,677,high,8,0.86261,map,38.2,False,False,True
hist_gbdt,e2711620-6d4e-4f9c-8922-b1b2d1fb74f2,678,high,3,0.760286,large_dark,22.299,False,False,True
hist_gbdt,e2711620-6d4e-4f9c-8922-b1b2d1fb74f2,679,high,4,0.932874,map,41.113,False,False,True
hist_gbdt,e2711620-6d4e-4f9c-8922-b1b2d1fb74f2,680,high,6,0.834702,map,39.424,False,False,True
hist_gbdt,e2711620-6d4e-4f9c-8922-b1b2d1fb74f2,681,high,4,0.923999,map,44.272,False,False,True
hist_gbdt,e2711620-6d4e-4f9c-8922-b1b2d1fb74f2,682,high,6,0.926015,map,43.732,False,False,True
hist_gbdt,e2711620-6d4e-4f9c-8922-b1b2d1fb74f2,683,high,8,0.787689,map,42.714,False,False,True
hist_gbdt,e2711620-6d4e-4f9c-8922-b1b2d1fb74f2,684,high,13,0.774752,large_dark,51.909,False,False,True
hist_gbdt,e2711620-6d4e-4f9c-8922-b1b2d1fb74f2,685,high,8,0.794713,large_dark,42.573,False,False,True
hist_gbdt,e2711620-6d4e-4f9c-8922-b1b2d1fb74f2,686,high,8,0.7536,large_dark,52.031,False,False,True
hist_gbdt,e2711620-6d4e-4f9c-8922-b1b2d1fb74f2,687,high,6,0.765297,large_dark,52.652,False,False,True
hist_gbdt,e2711620-6d4e-4f9c-8922-b1b2d1fb74f2,688,high,6,0.867054,large_dark,52.652,False,False,True
hist_gbdt,e2711620-6d4e-4f9c-8922-b1b2d1fb74f2,689,high,5,0.867785,large_dark,53.285,False,False,True
hist_gbdt,e2711620-6d4e-4f9c-8922-b1b2d1fb74f2,690,high,8,0.861699,large_dark,32.745,False,False,True
hist_gbdt,e2711620-6d4e-4f9c-8922-b1b2d1fb74f2,691,high,8,0.768906,large_dark,32.882,False,False,True
hist_gbdt,e2711620-6d4e-4f9c-8922-b1b2d1fb74f2,692,high,1,0.743121,large_dark,35.781,False,False,True
hist_gbdt,e2711620-6d4e-4f9c-8922-b1b2d1fb74f2,693,high,1,0.743121,large_dark,35.781,False,False,True
hist_gbdt,e2711620-6d4e-4f9c-8922-b1b2d1fb74f2,694,high,1,0.743121,large_dark,35.781,False,False,True
hist_gbdt,e2711620-6d4e-4f9c-8922-b1b2d1fb74f2,695,high,2,0.743121,large_dark,35.781,False,False,True
hist_gbdt,e2711620-6d4e-4f9c-8922-b1b2d1fb74f2,696,high,8,0.797959,appearance,42.264,False,False,True
hist_gbdt,e2711620-6d4e-4f9c-8922-b1b2d1fb74f2,697,high,19,0.795103,appearance,4.472,True,True,True
hist_gbdt,e2711620-6d4e-4f9c-8922-b1b2d1fb74f2,698,high,9,0.907551,large_dark,31.149,False,False,True
extra_trees,1c1258a1-d0f6-433e-9466-dbc1705fa263,25,medium_high,1,0.531245,map,103.13,False,False,True
extra_trees,1c1258a1-d0f6-433e-9466-dbc1705fa263,26,medium_high,1,0.520347,map,1.471,True,True,True
extra_trees,1c1258a1-d0f6-433e-9466-dbc1705fa263,27,medium_high,2,0.540258,appearance,2.223,True,True,True
extra_trees,1c1258a1-d0f6-433e-9466-dbc1705fa263,28,medium_high,2,0.592645,appearance,2.697,True,True,True
extra_trees,1c1258a1-d0f6-433e-9466-dbc1705fa263,29,medium_high,2,0.545875,map,1.05,True,True,True
extra_trees,1c1258a1-d0f6-433e-9466-dbc1705fa263,30,high,2,0.56149,map,0.0,True,True,True
extra_trees,1c1258a1-d0f6-433e-9466-dbc1705fa263,31,high,1,0.609654,map,0.0,True,True,True
extra_trees,1c1258a1-d0f6-433e-9466-dbc1705fa263,32,high,1,0.619644,appearance,4.61,True,True,True
extra_trees,1c1258a1-d0f6-433e-9466-dbc1705fa263,33,high,1,0.661369,appearance,3.808,True,True,True
extra_trees,1c1258a1-d0f6-433e-9466-dbc1705fa263,34,high,1,0.659422,appearance,5.701,True,True,True
extra_trees,1c1258a1-d0f6-433e-9466-dbc1705fa263,35,high,2,0.656366,map,0.0,True,True,True
extra_trees,1c1258a1-d0f6-433e-9466-dbc1705fa263,36,high,1,0.666415,map,0.0,True,True,True
extra_trees,1c1258a1-d0f6-433e-9466-dbc1705fa263,37,high,1,0.678874,appearance,4.95,True,True,True
extra_trees,1c1258a1-d0f6-433e-9466-dbc1705fa263,38,high,1,0.721756,map,0.0,True,True,True
extra_trees,1c1258a1-d0f6-433e-9466-dbc1705fa263,39,high,1,0.702197,appearance,0.0,True,True,True
extra_trees,1c1258a1-d0f6-433e-9466-dbc1705fa263,40,high,1,0.704992,map,0.0,True,True,True
extra_trees,1c1258a1-d0f6-433e-9466-dbc1705fa263,41,high,1,0.76818,map,0.0,True,True,True
extra_trees,1c1258a1-d0f6-433e-9466-dbc1705fa263,42,high,1,0.770237,appearance,3.202,True,True,True
extra_trees,1c1258a1-d0f6-433e-9466-dbc1705fa263,43,high,1,0.810009,map,0.0,True,True,True
extra_trees,1c1258a1-d0f6-433e-9466-dbc1705fa263,44,high,1,0.809339,appearance,4.031,True,True,True
extra_trees,1c1258a1-d0f6-433e-9466-dbc1705fa263,45,high,1,0.829882,map,0.0,True,True,True
extra_trees,1c1258a1-d0f6-433e-9466-dbc1705fa263,46,high,2,0.841619,map,0.0,True,True,True
extra_trees,1c1258a1-d0f6-433e-9466-dbc1705fa263,47,high,1,0.835905,appearance,6.519,True,True,True
extra_trees,1c1258a1-d0f6-433e-9466-dbc1705fa263,48,high,1,0.856254,map,0.0,True,True,True
extra_trees,1c1258a1-d0f6-433e-9466-dbc1705fa263,49,high,1,0.841761,appearance,3.041,True,True,True
extra_trees,1c1258a1-d0f6-433e-9466-dbc1705fa263,50,high,1,0.852948,map,0.0,True,True,True
extra_trees,1c1258a1-d0f6-433e-9466-dbc1705fa263,51,high,1,0.855991,map,0.0,True,True,True
extra_trees,1c1258a1-d0f6-433e-9466-dbc1705fa263,52,high,1,0.828969,map,3.162,True,True,True
extra_trees,1c1258a1-d0f6-433e-9466-dbc1705fa263,53,high,1,0.865322,map,0.0,True,True,True
extra_trees,1c1258a1-d0f6-433e-9466-dbc1705fa263,54,high,2,0.838044,map,0.0,True,True,True
extra_trees,1c1258a1-d0f6-433e-9466-dbc1705fa263,55,high,1,0.870672,map,0.0,True,True,True
extra_trees,1c1258a1-d0f6-433e-9466-dbc1705fa263,56,high,1,0.870813,map,0.0,True,True,True
extra_trees,1c1258a1-d0f6-433e-9466-dbc1705fa263,57,high,1,0.843042,map,0.0,True,True,True
extra_trees,1c1258a1-d0f6-433e-9466-dbc1705fa263,58,high,3,0.846983,map,0.0,True,True,True
extra_trees,1c1258a1-d0f6-433e-9466-dbc1705fa263,59,high,3,0.817732,map,0.0,True,True,True
extra_trees,1c1258a1-d0f6-433e-9466-dbc1705fa263,60,high,2,0.809603,map,0.0,True,True,True
extra_trees,1c1258a1-d0f6-433e-9466-dbc1705fa263,61,high,1,0.814729,map,0.0,True,True,True
extra_trees,1c1258a1-d0f6-433e-9466-dbc1705fa263,62,high,1,0.779108,map,0.0,True,True,True
extra_trees,1c1258a1-d0f6-433e-9466-dbc1705fa263,63,high,1,0.818035,map,0.0,True,True,True
extra_trees,1c1258a1-d0f6-433e-9466-dbc1705fa263,64,high,1,0.780395,map,0.0,True,True,True
extra_trees,1c1258a1-d0f6-433e-9466-dbc1705fa263,65,high,1,0.812979,map,0.0,True,True,True
extra_trees,1c1258a1-d0f6-433e-9466-dbc1705fa263,66,high,1,0.820396,map,0.0,True,True,True
extra_trees,1c1258a1-d0f6-433e-9466-dbc1705fa263,67,high,1,0.787603,map,0.0,True,True,True
extra_trees,1c1258a1-d0f6-433e-9466-dbc1705fa263,68,high,1,0.844815,map,0.0,True,True,True
extra_trees,1c1258a1-d0f6-433e-9466-dbc1705fa263,69,high,1,0.814313,map,0.0,True,True,True
extra_trees,1c1258a1-d0f6-433e-9466-dbc1705fa263,70,high,2,0.820222,map,0.0,True,True,True
extra_trees,1c1258a1-d0f6-433e-9466-dbc1705fa263,71,high,1,0.83016,map,0.0,True,True,True
extra_trees,1c1258a1-d0f6-433e-9466-dbc1705fa263,72,high,1,0.794036,map,0.0,True,True,True
extra_trees,1c1258a1-d0f6-433e-9466-dbc1705fa263,73,high,1,0.798634,map,0.0,True,True,True
extra_trees,1c1258a1-d0f6-433e-9466-dbc1705fa263,74,high,1,0.771448,appearance,10.77,False,True,True
extra_trees,1c1258a1-d0f6-433e-9466-dbc1705fa263,75,high,1,0.78189,map,0.0,True,True,True
extra_trees,1c1258a1-d0f6-433e-9466-dbc1705fa263,76,high,2,0.790261,map,3.808,True,True,True
extra_trees,1c1258a1-d0f6-433e-9466-dbc1705fa263,77,high,1,0.771378,appearance,3.0,True,True,True
extra_trees,1c1258a1-d0f6-433e-9466-dbc1705fa263,78,high,1,0.806344,map,0.0,True,True,True
extra_trees,1c1258a1-d0f6-433e-9466-dbc1705fa263,79,high,1,0.784444,appearance,0.0,True,True,True
extra_trees,1c1258a1-d0f6-433e-9466-dbc1705fa263,80,high,1,0.799349,map,0.0,True,True,True
extra_trees,1c1258a1-d0f6-433e-9466-dbc1705fa263,81,high,1,0.836333,map,0.0,True,True,True
extra_trees,1c1258a1-d0f6-433e-9466-dbc1705fa263,82,high,1,0.823454,appearance,11.705,False,True,True
extra_trees,1c1258a1-d0f6-433e-9466-dbc1705fa263,83,high,1,0.839091,map,0.0,True,True,True
extra_trees,1c1258a1-d0f6-433e-9466-dbc1705fa263,84,high,1,0.820054,appearance,3.0,True,True,True
extra_trees,1c1258a1-d0f6-433e-9466-dbc1705fa263,85,high,1,0.838824,map,0.0,True,True,True
extra_trees,1c1258a1-d0f6-433e-9466-dbc1705fa263,86,high,1,0.845941,map,0.0,True,True,True
extra_trees,1c1258a1-d0f6-433e-9466-dbc1705fa263,87,high,1,0.834085,appearance,11.63,False,True,True
extra_trees,1c1258a1-d0f6-433e-9466-dbc1705fa263,88,high,1,0.851911,map,0.0,True,True,True
extra_trees,1c1258a1-d0f6-433e-9466-dbc1705fa263,89,high,2,0.833482,map,0.0,True,True,True
extra_trees,1c1258a1-d0f6-433e-9466-dbc1705fa263,90,high,1,0.848761,map,0.0,True,True,True
extra_trees,1c1258a1-d0f6-433e-9466-dbc1705fa263,91,high,1,0.839498,map,0.0,True,True,True
extra_trees,1c1258a1-d0f6-433e-9466-dbc1705fa263,92,high,1,0.817501,map,0.0,True,True,True
extra_trees,1c1258a1-d0f6-433e-9466-dbc1705fa263,93,high,1,0.769711,map,0.0,True,True,True
extra_trees,1c1258a1-d0f6-433e-9466-dbc1705fa263,94,high,3,0.734033,appearance,11.068,False,True,True
extra_trees,1c1258a1-d0f6-433e-9466-dbc1705fa263,95,high,1,0.649879,map,0.0,True,True,True
extra_trees,1c1258a1-d0f6-433e-9466-dbc1705fa263,96,medium_high,1,0.576364,map,2.709,True,True,True
extra_trees,1c1258a1-d0f6-433e-9466-dbc1705fa263,97,medium_high,2,0.49864,map,3.425,True,True,True
extra_trees,1c1258a1-d0f6-433e-9466-dbc1705fa263,98,medium_high,1,0.496094,map,3.038,True,True,True
extra_trees,1c1258a1-d0f6-433e-9466-dbc1705fa263,99,medium_high,1,0.53162,appearance,1.834,True,True,True
extra_trees,1c1258a1-d0f6-433e-9466-dbc1705fa263,100,medium_high,1,0.662295,map,3.797,True,True,True
extra_trees,1c1258a1-d0f6-433e-9466-dbc1705fa263,101,medium_high,1,0.656251,map,5.325,True,True,True
extra_trees,1c1258a1-d0f6-433e-9466-dbc1705fa263,102,medium_high,2,0.604285,map,8.974,False,True,True
extra_trees,1c1258a1-d0f6-433e-9466-dbc1705fa263,103,medium_high,2,0.643943,map,5.837,True,True,True
extra_trees,1c1258a1-d0f6-433e-9466-dbc1705fa263,104,medium_high,1,0.691467,appearance,5.678,True,True,True
extra_trees,1c1258a1-d0f6-433e-9466-dbc1705fa263,105,medium_high,2,0.669418,appearance,6.398,True,True,True
extra_trees,1c1258a1-d0f6-433e-9466-dbc1705fa263,106,medium_high,1,0.62697,appearance,5.534,True,True,True
extra_trees,1c1258a1-d0f6-433e-9466-dbc1705fa263,107,medium_high,1,0.647618,map,5.508,True,True,True
extra_trees,1c1258a1-d0f6-433e-9466-dbc1705fa263,108,medium_high,2,0.653243,map,1.703,True,True,True
extra_trees,1c1258a1-d0f6-433e-9466-dbc1705fa263,109,medium_high,1,0.560053,map,1.838,True,True,True
extra_trees,1c1258a1-d0f6-433e-9466-dbc1705fa263,110,medium_high,1,0.650001,map,4.487,True,True,True
extra_trees,1c1258a1-d0f6-433e-9466-dbc1705fa263,111,medium_high,1,0.708945,appearance,3.814,True,True,True
extra_trees,1c1258a1-d0f6-433e-9466-dbc1705fa263,112,medium_high,2,0.620499,map,9.259,False,True,True
extra_trees,1c1258a1-d0f6-433e-9466-dbc1705fa263,113,medium_high,1,0.638612,map,2.569,True,True,True
extra_trees,1c1258a1-d0f6-433e-9466-dbc1705fa263,114,medium_high,1,0.701823,appearance,2.442,True,True,True
extra_trees,1c1258a1-d0f6-433e-9466-dbc1705fa263,115,medium_high,1,0.70066,map,1.729,True,True,True
extra_trees,1c1258a1-d0f6-433e-9466-dbc1705fa263,116,medium_high,1,0.686688,appearance,2.321,True,True,True
extra_trees,1c1258a1-d0f6-433e-9466-dbc1705fa263,117,high,1,0.666259,map,0.0,True,True,True
extra_trees,1c1258a1-d0f6-433e-9466-dbc1705fa263,118,high,1,0.728452,map,0.0,True,True,True
extra_trees,1c1258a1-d0f6-433e-9466-dbc1705fa263,119,high,1,0.697393,appearance,0.0,True,True,True
extra_trees,1c1258a1-d0f6-433e-9466-dbc1705fa263,120,high,1,0.6928,map,0.0,True,True,True
extra_trees,1c1258a1-d0f6-433e-9466-dbc1705fa263,121,high,1,0.73868,appearance,1.118,True,True,True
extra_trees,1c1258a1-d0f6-433e-9466-dbc1705fa263,122,high,1,0.728213,map,0.0,True,True,True
extra_trees,1c1258a1-d0f6-433e-9466-dbc1705fa263,123,high,1,0.760134,map,0.0,True,True,True
extra_trees,1c1258a1-d0f6-433e-9466-dbc1705fa263,124,high,1,0.746947,appearance,6.265,True,True,True
extra_trees,1c1258a1-d0f6-433e-9466-dbc1705fa263,125,high,1,0.740105,map,0.0,True,True,True
extra_trees,1c1258a1-d0f6-433e-9466-dbc1705fa263,126,high,1,0.76869,appearance,0.5,True,True,True
extra_trees,1c1258a1-d0f6-433e-9466-dbc1705fa263,127,high,1,0.727322,map,0.0,True,True,True
extra_trees,1c1258a1-d0f6-433e-9466-dbc1705fa263,128,high,1,0.746155,map,0.0,True,True,True
extra_trees,1c1258a1-d0f6-433e-9466-dbc1705fa263,129,high,1,0.756,appearance,0.5,True,True,True
extra_trees,1c1258a1-d0f6-433e-9466-dbc1705fa263,130,high,1,0.735507,map,0.0,True,True,True
extra_trees,1c1258a1-d0f6-433e-9466-dbc1705fa263,131,high,1,0.750095,appearance,0.0,True,True,True
extra_trees,1c1258a1-d0f6-433e-9466-dbc1705fa263,132,high,1,0.686844,map,0.0,True,True,True
extra_trees,1c1258a1-d0f6-433e-9466-dbc1705fa263,133,high,1,0.709297,map,0.0,True,True,True
extra_trees,1c1258a1-d0f6-433e-9466-dbc1705fa263,134,high,1,0.724937,appearance,2.5,True,True,True
extra_trees,1c1258a1-d0f6-433e-9466-dbc1705fa263,135,high,1,0.7159,map,0.0,True,True,True
extra_trees,1c1258a1-d0f6-433e-9466-dbc1705fa263,136,high,1,0.736536,appearance,1.118,True,True,True
extra_trees,1c1258a1-d0f6-433e-9466-dbc1705fa263,137,high,1,0.711854,map,0.0,True,True,True
extra_trees,1c1258a1-d0f6-433e-9466-dbc1705fa263,138,high,1,0.722026,map,0.0,True,True,True
extra_trees,1c1258a1-d0f6-433e-9466-dbc1705fa263,139,high,1,0.726784,appearance,1.581,True,True,True
extra_trees,1c1258a1-d0f6-433e-9466-dbc1705fa263,140,high,1,0.709918,map,0.0,True,True,True
extra_trees,1c1258a1-d0f6-433e-9466-dbc1705fa263,141,high,1,0.733116,appearance,0.707,True,True,True
extra_trees,1c1258a1-d0f6-433e-9466-dbc1705fa263,142,high,1,0.71172,map,0.0,True,True,True
extra_trees,1c1258a1-d0f6-433e-9466-dbc1705fa263,143,high,1,0.724718,map,0.0,True,True,True
extra_trees,1c1258a1-d0f6-433e-9466-dbc1705fa263,144,high,1,0.703982,appearance,1.581,True,True,True
extra_trees,1c1258a1-d0f6-433e-9466-dbc1705fa263,145,high,1,0.721077,map,0.0,True,True,True
extra_trees,1c1258a1-d0f6-433e-9466-dbc1705fa263,146,high,1,0.720963,appearance,2.55,True,True,True
extra_trees,1c1258a1-d0f6-433e-9466-dbc1705fa263,147,high,1,0.656582,map,0.0,True,True,True
extra_trees,1c1258a1-d0f6-433e-9466-dbc1705fa263,148,high,1,0.693829,map,0.0,True,True,True
extra_trees,1c1258a1-d0f6-433e-9466-dbc1705fa263,149,high,1,0.688955,appearance,1.581,True,True,True
extra_trees,1c1258a1-d0f6-433e-9466-dbc1705fa263,150,high,1,0.692164,map,0.0,True,True,True
extra_trees,1c1258a1-d0f6-433e-9466-dbc1705fa263,151,high,1,0.684892,appearance,1.581,True,True,True
extra_trees,1c1258a1-d0f6-433e-9466-dbc1705fa263,152,high,1,0.666728,map,0.0,True,True,True
extra_trees,1c1258a1-d0f6-433e-9466-dbc1705fa263,153,high,1,0.697997,map,3.808,True,True,True
extra_trees,1c1258a1-d0f6-433e-9466-dbc1705fa263,154,high,1,0.651091,appearance,3.041,True,True,True
extra_trees,1c1258a1-d0f6-433e-9466-dbc1705fa263,155,high,1,0.678662,map,0.0,True,True,True
extra_trees,1c1258a1-d0f6-433e-9466-dbc1705fa263,156,high,1,0.679921,appearance,1.581,True,True,True
extra_trees,1c1258a1-d0f6-433e-9466-dbc1705fa263,157,high,1,0.659917,map,0.0,True,True,True
extra_trees,1c1258a1-d0f6-433e-9466-dbc1705fa263,158,high,1,0.688122,map,0.0,True,True,True
extra_trees,1c1258a1-d0f6-433e-9466-dbc1705fa263,159,high,1,0.689089,appearance,1.581,True,True,True
extra_trees,1c1258a1-d0f6-433e-9466-dbc1705fa263,160,high,1,0.68605,map,0.0,True,True,True
extra_trees,1c1258a1-d0f6-433e-9466-dbc1705fa263,161,high,1,0.618139,map,0.0,True,True,True
extra_trees,1c1258a1-d0f6-433e-9466-dbc1705fa263,162,high,1,0.63433,map,0.0,True,True,True
extra_trees,1c1258a1-d0f6-433e-9466-dbc1705fa263,163,high,1,0.679083,map,0.0,True,True,True
extra_trees,1c1258a1-d0f6-433e-9466-dbc1705fa263,164,high,1,0.668622,appearance,1.581,True,True,True
extra_trees,1c1258a1-d0f6-433e-9466-dbc1705fa263,165,high,1,0.684029,map,0.0,True,True,True
extra_trees,1c1258a1-d0f6-433e-9466-dbc1705fa263,166,high,1,0.620648,map,0.0,True,True,True
extra_trees,1c1258a1-d0f6-433e-9466-dbc1705fa263,167,high,1,0.635759,map,0.0,True,True,True
extra_trees,1c1258a1-d0f6-433e-9466-dbc1705fa263,168,high,1,0.643192,map,0.0,True,True,True
extra_trees,1c1258a1-d0f6-433e-9466-dbc1705fa263,169,high,1,0.668321,appearance,2.121,True,True,True
extra_trees,1c1258a1-d0f6-433e-9466-dbc1705fa263,170,high,1,0.710542,map,0.0,True,True,True
extra_trees,1c1258a1-d0f6-433e-9466-dbc1705fa263,171,high,1,0.708374,appearance,2.121,True,True,True
extra_trees,1c1258a1-d0f6-433e-9466-dbc1705fa263,172,high,1,0.684163,map,0.0,True,True,True
extra_trees,1c1258a1-d0f6-433e-9466-dbc1705fa263,173,high,1,0.710591,map,0.0,True,True,True
extra_trees,1c1258a1-d0f6-433e-9466-dbc1705fa263,174,high,1,0.704033,appearance,1.803,True,True,True
extra_trees,1c1258a1-d0f6-433e-9466-dbc1705fa263,175,high,1,0.747092,map,0.0,True,True,True
extra_trees,1c1258a1-d0f6-433e-9466-dbc1705fa263,176,high,1,0.733189,appearance,1.803,True,True,True
extra_trees,1c1258a1-d0f6-433e-9466-dbc1705fa263,177,high,1,0.738597,map,0.0,True,True,True
extra_trees,1c1258a1-d0f6-433e-9466-dbc1705fa263,178,high,1,0.806008,map,0.0,True,True,True
extra_trees,1c1258a1-d0f6-433e-9466-dbc1705fa263,180,high,1,0.801371,map,0.0,True,True,True
extra_trees,1c1258a1-d0f6-433e-9466-dbc1705fa263,182,high,1,0.809034,map,0.0,True,True,True
extra_trees,1c1258a1-d0f6-433e-9466-dbc1705fa263,183,high,1,0.821195,map,0.0,True,True,True
extra_trees,1c1258a1-d0f6-433e-9466-dbc1705fa263,184,high,1,0.804104,appearance,2.5,True,True,True
extra_trees,1c1258a1-d0f6-433e-9466-dbc1705fa263,185,high,1,0.839354,map,0.0,True,True,True
extra_trees,1c1258a1-d0f6-433e-9466-dbc1705fa263,186,high,1,0.809509,appearance,7.159,True,True,True
extra_trees,1c1258a1-d0f6-433e-9466-dbc1705fa263,187,high,1,0.807247,map,0.0,True,True,True
extra_trees,1c1258a1-d0f6-433e-9466-dbc1705fa263,188,high,1,0.827535,map,0.0,True,True,True
extra_trees,1c1258a1-d0f6-433e-9466-dbc1705fa263,189,high,1,0.817119,map,1.581,True,True,True
extra_trees,1c1258a1-d0f6-433e-9466-dbc1705fa263,190,high,1,0.823046,map,0.0,True,True,True
extra_trees,1c1258a1-d0f6-433e-9466-dbc1705fa263,191,high,1,0.782096,map,0.0,True,True,True
extra_trees,1c1258a1-d0f6-433e-9466-dbc1705fa263,192,high,1,0.788094,map,0.0,True,True,True
extra_trees,1c1258a1-d0f6-433e-9466-dbc1705fa263,193,high,1,0.792058,map,0.0,True,True,True
extra_trees,1c1258a1-d0f6-433e-9466-dbc1705fa263,194,high,1,0.734373,map,0.0,True,True,True
extra_trees,1c1258a1-d0f6-433e-9466-dbc1705fa263,195,high,1,0.733003,map,0.0,True,True,True
extra_trees,1c1258a1-d0f6-433e-9466-dbc1705fa263,197,high,1,0.72028,map,0.0,True,True,True
extra_trees,1c1258a1-d0f6-433e-9466-dbc1705fa263,198,high,1,0.716678,map,0.0,True,True,True
extra_trees,1c1258a1-d0f6-433e-9466-dbc1705fa263,200,high,1,0.743607,map,0.0,True,True,True
extra_trees,1c1258a1-d0f6-433e-9466-dbc1705fa263,201,high,1,0.670771,map,0.0,True,True,True
extra_trees,1c1258a1-d0f6-433e-9466-dbc1705fa263,202,high,1,0.693149,map,0.0,True,True,True
extra_trees,1c1258a1-d0f6-433e-9466-dbc1705fa263,203,high,1,0.74927,map,0.0,True,True,True
extra_trees,1c1258a1-d0f6-433e-9466-dbc1705fa263,204,high,1,0.724438,appearance,3.162,True,True,True
extra_trees,1c1258a1-d0f6-433e-9466-dbc1705fa263,205,high,1,0.69861,map,0.0,True,True,True
extra_trees,1c1258a1-d0f6-433e-9466-dbc1705fa263,207,high,1,0.688322,map,0.0,True,True,True
extra_trees,1c1258a1-d0f6-433e-9466-dbc1705fa263,208,high,1,0.710516,map,0.0,True,True,True
extra_trees,1c1258a1-d0f6-433e-9466-dbc1705fa263,210,high,1,0.745716,map,0.0,True,True,True
extra_trees,1c1258a1-d0f6-433e-9466-dbc1705fa263,211,high,1,0.757656,appearance,1.803,True,True,True
extra_trees,1c1258a1-d0f6-433e-9466-dbc1705fa263,212,high,1,0.749117,map,0.0,True,True,True
extra_trees,1c1258a1-d0f6-433e-9466-dbc1705fa263,213,high,1,0.742868,map,0.0,True,True,True
extra_trees,1c1258a1-d0f6-433e-9466-dbc1705fa263,215,high,1,0.79141,map,0.0,True,True,True
extra_trees,1c1258a1-d0f6-433e-9466-dbc1705fa263,216,high,1,0.78867,map,1.581,True,True,True
extra_trees,1c1258a1-d0f6-433e-9466-dbc1705fa263,217,high,1,0.75332,map,0.0,True,True,True
extra_trees,1c1258a1-d0f6-433e-9466-dbc1705fa263,218,high,1,0.771417,map,0.0,True,True,True
extra_trees,1c1258a1-d0f6-433e-9466-dbc1705fa263,219,high,1,0.775026,appearance,2.915,True,True,True
extra_trees,1c1258a1-d0f6-433e-9466-dbc1705fa263,220,high,1,0.779475,map,0.0,True,True,True
extra_trees,1c1258a1-d0f6-433e-9466-dbc1705fa263,222,high,1,0.735939,map,0.0,True,True,True
extra_trees,1c1258a1-d0f6-433e-9466-dbc1705fa263,223,high,1,0.789086,map,3.536,True,True,True
extra_trees,1c1258a1-d0f6-433e-9466-dbc1705fa263,225,high,1,0.764842,map,3.536,True,True,True
extra_trees,1c1258a1-d0f6-433e-9466-dbc1705fa263,227,high,1,0.738086,map,0.0,True,True,True
extra_trees,1c1258a1-d0f6-433e-9466-dbc1705fa263,228,high,1,0.763539,map,0.0,True,True,True
extra_trees,1c1258a1-d0f6-433e-9466-dbc1705fa263,230,high,2,0.786294,motion,3.162,True,True,True
extra_trees,1c1258a1-d0f6-433e-9466-dbc1705fa263,233,high,2,0.80703,map,0.0,True,True,True
extra_trees,1c1258a1-d0f6-433e-9466-dbc1705fa263,234,medium_high,1,0.733974,appearance,2.0,True,True,True
extra_trees,1c1258a1-d0f6-433e-9466-dbc1705fa263,235,medium_high,1,0.713245,appearance,2.001,True,True,True
extra_trees,1c1258a1-d0f6-433e-9466-dbc1705fa263,236,medium_high,1,0.654603,appearance,2.532,True,True,True
extra_trees,1c1258a1-d0f6-433e-9466-dbc1705fa263,237,medium_high,3,0.598742,map,5.668,True,True,True
extra_trees,1c1258a1-d0f6-433e-9466-dbc1705fa263,238,medium_high,20,0.477832,map,6.905,True,True,True
extra_trees,1c1258a1-d0f6-433e-9466-dbc1705fa263,239,medium_high,21,0.434651,map,36.883,False,False,True
extra_trees,1c1258a1-d0f6-433e-9466-dbc1705fa263,240,medium_high,18,0.445459,map,35.065,False,False,True
extra_trees,1c1258a1-d0f6-433e-9466-dbc1705fa263,241,medium_high,9,0.463306,map,34.894,False,False,True
extra_trees,1c1258a1-d0f6-433e-9466-dbc1705fa263,242,medium_high,18,0.440118,map,35.053,False,False,True
extra_trees,1c1258a1-d0f6-433e-9466-dbc1705fa263,243,medium_high,20,0.445739,map,33.282,False,False,True
extra_trees,1c1258a1-d0f6-433e-9466-dbc1705fa263,244,medium_high,17,0.446265,map,33.073,False,False,True
extra_trees,1c1258a1-d0f6-433e-9466-dbc1705fa263,245,medium_high,13,0.445895,map,32.085,False,False,True
extra_trees,1c1258a1-d0f6-433e-9466-dbc1705fa263,246,medium_high,8,0.464423,map,33.062,False,False,True
extra_trees,1c1258a1-d0f6-433e-9466-dbc1705fa263,247,medium_high,14,0.460322,map,31.3,False,False,True
extra_trees,1c1258a1-d0f6-433e-9466-dbc1705fa263,248,medium_high,20,0.439411,map,31.532,False,False,True
extra_trees,1c1258a1-d0f6-433e-9466-dbc1705fa263,249,medium_high,18,0.439864,map,31.286,False,False,True
extra_trees,1c1258a1-d0f6-433e-9466-dbc1705fa263,250,medium_high,23,0.349285,map,31.277,False,False,True
extra_trees,1c1258a1-d0f6-433e-9466-dbc1705fa263,251,medium_high,1,0.289535,appearance,5.951,True,True,True
extra_trees,1c1258a1-d0f6-433e-9466-dbc1705fa263,252,medium_high,26,0.387328,map,4.37,True,True,True
extra_trees,1c1258a1-d0f6-433e-9466-dbc1705fa263,253,medium_high,1,0.429953,map,8.769,False,True,True
extra_trees,1c1258a1-d0f6-433e-9466-dbc1705fa263,254,medium_high,2,0.428186,map,9.407,False,True,True
extra_trees,1c1258a1-d0f6-433e-9466-dbc1705fa263,255,medium_high,1,0.522002,map,8.723,False,True,True
extra_trees,1c1258a1-d0f6-433e-9466-dbc1705fa263,256,medium_high,1,0.458554,map,8.692,False,True,True
extra_trees,1c1258a1-d0f6-433e-9466-dbc1705fa263,257,medium_high,1,0.412677,appearance,4.888,True,True,True
extra_trees,1c1258a1-d0f6-433e-9466-dbc1705fa263,258,medium_high,27,0.382449,map,46.284,False,False,True
extra_trees,1c1258a1-d0f6-433e-9466-dbc1705fa263,259,medium_high,1,0.406484,appearance,3.714,True,True,True
extra_trees,1c1258a1-d0f6-433e-9466-dbc1705fa263,260,medium_high,1,0.517189,map,2.1,True,True,True
extra_trees,1c1258a1-d0f6-433e-9466-dbc1705fa263,261,medium_high,1,0.494315,appearance,2.719,True,True,True
extra_trees,1c1258a1-d0f6-433e-9466-dbc1705fa263,262,medium_high,1,0.638713,map,0.03,True,True,True
extra_trees,1c1258a1-d0f6-433e-9466-dbc1705fa263,263,high,1,0.697014,map,0.0,True,True,True
extra_trees,1c1258a1-d0f6-433e-9466-dbc1705fa263,264,high,1,0.753585,appearance,3.0,True,True,True
extra_trees,1c1258a1-d0f6-433e-9466-dbc1705fa263,265,high,1,0.788676,map,0.0,True,True,True
extra_trees,1c1258a1-d0f6-433e-9466-dbc1705fa263,266,high,1,0.809921,appearance,3.536,True,True,True
extra_trees,1c1258a1-d0f6-433e-9466-dbc1705fa263,267,high,1,0.834868,map,0.0,True,True,True
extra_trees,1c1258a1-d0f6-433e-9466-dbc1705fa263,268,high,1,0.852499,map,0.0,True,True,True
extra_trees,1c1258a1-d0f6-433e-9466-dbc1705fa263,269,high,1,0.867948,appearance,4.123,True,True,True
extra_trees,1c1258a1-d0f6-433e-9466-dbc1705fa263,270,high,1,0.871781,map,0.0,True,True,True
extra_trees,1c1258a1-d0f6-433e-9466-dbc1705fa263,271,high,1,0.873779,appearance,3.041,True,True,True
extra_trees,1c1258a1-d0f6-433e-9466-dbc1705fa263,272,high,1,0.870021,map,0.0,True,True,True
extra_trees,1c1258a1-d0f6-433e-9466-dbc1705fa263,273,high,2,0.881712,appearance,3.041,True,True,True
extra_trees,1c1258a1-d0f6-433e-9466-dbc1705fa263,274,high,1,0.868588,appearance,4.031,True,True,True
extra_trees,1c1258a1-d0f6-433e-9466-dbc1705fa263,275,high,1,0.870001,map,0.0,True,True,True
extra_trees,1c1258a1-d0f6-433e-9466-dbc1705fa263,276,high,1,0.85978,appearance,3.808,True,True,True
extra_trees,1c1258a1-d0f6-433e-9466-dbc1705fa263,277,high,1,0.861612,map,0.0,True,True,True
extra_trees,1c1258a1-d0f6-433e-9466-dbc1705fa263,278,high,1,0.861696,map,0.0,True,True,True
extra_trees,1c1258a1-d0f6-433e-9466-dbc1705fa263,279,high,1,0.85305,appearance,3.5,True,True,True
extra_trees,1c1258a1-d0f6-433e-9466-dbc1705fa263,280,high,2,0.856458,map,4.743,True,True,True
extra_trees,1c1258a1-d0f6-433e-9466-dbc1705fa263,281,high,1,0.842845,appearance,3.041,True,True,True
extra_trees,1c1258a1-d0f6-433e-9466-dbc1705fa263,282,high,1,0.84354,map,0.0,True,True,True
extra_trees,1c1258a1-d0f6-433e-9466-dbc1705fa263,283,high,1,0.84994,map,0.0,True,True,True
extra_trees,1c1258a1-d0f6-433e-9466-dbc1705fa263,284,high,1,0.84796,appearance,3.5,True,True,True
extra_trees,1c1258a1-d0f6-433e-9466-dbc1705fa263,285,high,3,0.854757,map,5.148,True,True,True
extra_trees,1c1258a1-d0f6-433e-9466-dbc1705fa263,286,high,1,0.83934,appearance,3.041,True,True,True
extra_trees,1c1258a1-d0f6-433e-9466-dbc1705fa263,287,high,1,0.841107,map,0.0,True,True,True
extra_trees,1c1258a1-d0f6-433e-9466-dbc1705fa263,288,high,1,0.845309,map,0.0,True,True,True
extra_trees,1c1258a1-d0f6-433e-9466-dbc1705fa263,289,high,1,0.837538,appearance,3.162,True,True,True
extra_trees,1c1258a1-d0f6-433e-9466-dbc1705fa263,290,high,1,0.843956,map,0.0,True,True,True
extra_trees,1c1258a1-d0f6-433e-9466-dbc1705fa263,291,high,1,0.830209,appearance,3.5,True,True,True
extra_trees,1c1258a1-d0f6-433e-9466-dbc1705fa263,292,high,1,0.839875,map,0.0,True,True,True
extra_trees,1c1258a1-d0f6-433e-9466-dbc1705fa263,293,high,1,0.843004,map,0.0,True,True,True
extra_trees,1c1258a1-d0f6-433e-9466-dbc1705fa263,294,high,1,0.835556,appearance,3.64,True,True,True
extra_trees,1c1258a1-d0f6-433e-9466-dbc1705fa263,295,high,1,0.845744,map,0.0,True,True,True
extra_trees,1c1258a1-d0f6-433e-9466-dbc1705fa263,296,high,1,0.819737,appearance,3.041,True,True,True
extra_trees,1c1258a1-d0f6-433e-9466-dbc1705fa263,297,high,1,0.827685,map,0.0,True,True,True
extra_trees,1c1258a1-d0f6-433e-9466-dbc1705fa263,298,high,1,0.83032,map,0.0,True,True,True
extra_trees,1c1258a1-d0f6-433e-9466-dbc1705fa263,299,high,2,0.807818,appearance,7.106,True,True,True
extra_trees,1c1258a1-d0f6-433e-9466-dbc1705fa263,300,high,1,0.813402,map,0.0,True,True,True
extra_trees,1c1258a1-d0f6-433e-9466-dbc1705fa263,301,high,1,0.779558,map,0.0,True,True,True
extra_trees,1c1258a1-d0f6-433e-9466-dbc1705fa263,302,high,1,0.785132,map,0.0,True,True,True
extra_trees,1c1258a1-d0f6-433e-9466-dbc1705fa263,303,high,2,0.788334,map,0.0,True,True,True
extra_trees,1c1258a1-d0f6-433e-9466-dbc1705fa263,304,high,1,0.75188,map,0.0,True,True,True
extra_trees,1c1258a1-d0f6-433e-9466-dbc1705fa263,305,high,1,0.787578,map,0.0,True,True,True
extra_trees,1c1258a1-d0f6-433e-9466-dbc1705fa263,306,high,1,0.744883,map,0.0,True,True,True
extra_trees,1c1258a1-d0f6-433e-9466-dbc1705fa263,307,high,1,0.7661,map,0.0,True,True,True
extra_trees,1c1258a1-d0f6-433e-9466-dbc1705fa263,308,high,2,0.765084,map,0.0,True,True,True
extra_trees,1c1258a1-d0f6-433e-9466-dbc1705fa263,309,high,1,0.733067,map,0.0,True,True,True
extra_trees,1c1258a1-d0f6-433e-9466-dbc1705fa263,310,high,1,0.755162,map,0.0,True,True,True
extra_trees,1c1258a1-d0f6-433e-9466-dbc1705fa263,311,high,1,0.732543,map,3.606,True,True,True
extra_trees,1c1258a1-d0f6-433e-9466-dbc1705fa263,312,high,1,0.755562,map,0.0,True,True,True
extra_trees,1c1258a1-d0f6-433e-9466-dbc1705fa263,313,high,1,0.748703,map,0.0,True,True,True
extra_trees,1c1258a1-d0f6-433e-9466-dbc1705fa263,314,high,1,0.736155,map,0.0,True,True,True
extra_trees,1c1258a1-d0f6-433e-9466-dbc1705fa263,315,high,1,0.785734,map,0.0,True,True,True
extra_trees,1c1258a1-d0f6-433e-9466-dbc1705fa263,316,high,1,0.76918,map,0.0,True,True,True
extra_trees,1c1258a1-d0f6-433e-9466-dbc1705fa263,317,high,1,0.795893,map,0.0,True,True,True
extra_trees,1c1258a1-d0f6-433e-9466-dbc1705fa263,318,high,2,0.786056,map,0.0,True,True,True
extra_trees,1c1258a1-d0f6-433e-9466-dbc1705fa263,319,high,2,0.754403,map,0.0,True,True,True
extra_trees,1c1258a1-d0f6-433e-9466-dbc1705fa263,320,high,1,0.808066,map,0.0,True,True,True
extra_trees,1c1258a1-d0f6-433e-9466-dbc1705fa263,321,high,1,0.776745,map,3.162,True,True,True
extra_trees,1c1258a1-d0f6-433e-9466-dbc1705fa263,322,high,1,0.795265,map,0.0,True,True,True
extra_trees,1c1258a1-d0f6-433e-9466-dbc1705fa263,323,high,1,0.796138,map,0.0,True,True,True
extra_trees,1c1258a1-d0f6-433e-9466-dbc1705fa263,324,high,2,0.764804,map,0.0,True,True,True
extra_trees,1c1258a1-d0f6-433e-9466-dbc1705fa263,325,high,1,0.769176,map,0.0,True,True,True
extra_trees,1c1258a1-d0f6-433e-9466-dbc1705fa263,326,high,1,0.736038,appearance,5.025,True,True,True
extra_trees,1c1258a1-d0f6-433e-9466-dbc1705fa263,327,high,1,0.711445,map,19.66,False,False,True
extra_trees,1c1258a1-d0f6-433e-9466-dbc1705fa263,328,high,1,0.699503,map,0.0,True,True,True
extra_trees,1c1258a1-d0f6-433e-9466-dbc1705fa263,329,high,3,0.661734,appearance,13.0,False,True,True
extra_trees,1c1258a1-d0f6-433e-9466-dbc1705fa263,330,high,1,0.606983,map,13.285,False,True,True
extra_trees,1c1258a1-d0f6-433e-9466-dbc1705fa263,331,high,1,0.622955,appearance,9.014,False,True,True
extra_trees,1c1258a1-d0f6-433e-9466-dbc1705fa263,332,high,1,0.6265,map,10.7,False,True,True
extra_trees,1c1258a1-d0f6-433e-9466-dbc1705fa263,333,high,3,0.629331,map,14.765,False,True,True
extra_trees,1c1258a1-d0f6-433e-9466-dbc1705fa263,334,high,2,0.589992,map,63.657,False,False,False
extra_trees,1c1258a1-d0f6-433e-9466-dbc1705fa263,335,high,5,0.594103,map,60.401,False,False,True
extra_trees,1c1258a1-d0f6-433e-9466-dbc1705fa263,336,high,3,0.585984,map,56.036,False,False,True
extra_trees,1c1258a1-d0f6-433e-9466-dbc1705fa263,337,high,2,0.594329,map,49.932,False,False,True
extra_trees,1c1258a1-d0f6-433e-9466-dbc1705fa263,338,high,3,0.593134,map,46.543,False,False,True
extra_trees,1c1258a1-d0f6-433e-9466-dbc1705fa263,339,high,5,0.588086,map,44.3,False,False,False
extra_trees,1c1258a1-d0f6-433e-9466-dbc1705fa263,340,high,5,0.587729,map,42.479,False,False,True
extra_trees,1c1258a1-d0f6-433e-9466-dbc1705fa263,341,high,3,0.599827,map,24.052,False,False,False
extra_trees,1c1258a1-d0f6-433e-9466-dbc1705fa263,342,high,3,0.590315,map,26.655,False,False,False
extra_trees,1c1258a1-d0f6-433e-9466-dbc1705fa263,343,high,1,0.574558,map,12.53,False,True,True
extra_trees,1c1258a1-d0f6-433e-9466-dbc1705fa263,344,high,1,0.604048,appearance,11.673,False,True,True
extra_trees,1c1258a1-d0f6-433e-9466-dbc1705fa263,345,high,1,0.675567,map,12.298,False,True,True
extra_trees,1c1258a1-d0f6-433e-9466-dbc1705fa263,346,high,1,0.692694,appearance,11.336,False,True,False
extra_trees,529a6584-8974-4cf9-b7f7-f66d49cd3845,37,high,1,0.769136,map,0.0,True,True,True
extra_trees,529a6584-8974-4cf9-b7f7-f66d49cd3845,38,high,1,0.826473,map,0.0,True,True,True
extra_trees,529a6584-8974-4cf9-b7f7-f66d49cd3845,39,high,2,0.824111,map,3.606,True,True,True
extra_trees,529a6584-8974-4cf9-b7f7-f66d49cd3845,40,high,1,0.918693,map,0.0,True,True,True
extra_trees,529a6584-8974-4cf9-b7f7-f66d49cd3845,41,high,2,0.918474,map,4.472,True,True,True
extra_trees,529a6584-8974-4cf9-b7f7-f66d49cd3845,42,high,1,0.955466,map,0.0,True,True,True
extra_trees,529a6584-8974-4cf9-b7f7-f66d49cd3845,43,high,1,0.958043,map,0.0,True,True,True
extra_trees,529a6584-8974-4cf9-b7f7-f66d49cd3845,44,high,2,0.963362,map,0.0,True,True,True
extra_trees,529a6584-8974-4cf9-b7f7-f66d49cd3845,45,high,1,0.965298,map,0.0,True,True,True
extra_trees,529a6584-8974-4cf9-b7f7-f66d49cd3845,46,high,2,0.963029,map,0.0,True,True,True
extra_trees,529a6584-8974-4cf9-b7f7-f66d49cd3845,47,high,1,0.96616,map,0.0,True,True,True
extra_trees,529a6584-8974-4cf9-b7f7-f66d49cd3845,48,high,1,0.965357,map,0.0,True,True,True
extra_trees,529a6584-8974-4cf9-b7f7-f66d49cd3845,49,high,1,0.95197,map,0.0,True,True,True
extra_trees,529a6584-8974-4cf9-b7f7-f66d49cd3845,50,high,1,0.963903,map,0.0,True,True,True
extra_trees,529a6584-8974-4cf9-b7f7-f66d49cd3845,51,high,1,0.948986,map,0.0,True,True,True
extra_trees,529a6584-8974-4cf9-b7f7-f66d49cd3845,52,high,1,0.960061,map,0.0,True,True,True
extra_trees,529a6584-8974-4cf9-b7f7-f66d49cd3845,53,high,1,0.965613,map,0.0,True,True,True
extra_trees,529a6584-8974-4cf9-b7f7-f66d49cd3845,54,high,1,0.948964,map,0.0,True,True,True
extra_trees,529a6584-8974-4cf9-b7f7-f66d49cd3845,55,high,1,0.962322,map,0.0,True,True,True
extra_trees,529a6584-8974-4cf9-b7f7-f66d49cd3845,56,high,2,0.958073,map,0.0,True,True,True
extra_trees,529a6584-8974-4cf9-b7f7-f66d49cd3845,57,high,1,0.958913,map,0.0,True,True,True
extra_trees,529a6584-8974-4cf9-b7f7-f66d49cd3845,58,high,1,0.962338,map,0.0,True,True,True
extra_trees,529a6584-8974-4cf9-b7f7-f66d49cd3845,59,high,2,0.955111,map,0.0,True,True,True
extra_trees,529a6584-8974-4cf9-b7f7-f66d49cd3845,60,high,1,0.95694,map,0.0,True,True,True
extra_trees,529a6584-8974-4cf9-b7f7-f66d49cd3845,61,high,2,0.953556,map,0.0,True,True,True
extra_trees,529a6584-8974-4cf9-b7f7-f66d49cd3845,62,high,1,0.952357,map,0.0,True,True,True
extra_trees,529a6584-8974-4cf9-b7f7-f66d49cd3845,63,high,1,0.95523,map,0.0,True,True,True
extra_trees,529a6584-8974-4cf9-b7f7-f66d49cd3845,64,high,2,0.948622,map,0.0,True,True,True
extra_trees,529a6584-8974-4cf9-b7f7-f66d49cd3845,100,high,1,0.952443,map,0.0,True,True,True
extra_trees,529a6584-8974-4cf9-b7f7-f66d49cd3845,101,high,2,0.954702,map,0.0,True,True,True
extra_trees,529a6584-8974-4cf9-b7f7-f66d49cd3845,102,high,1,0.955975,map,0.0,True,True,True
extra_trees,529a6584-8974-4cf9-b7f7-f66d49cd3845,103,high,1,0.955088,map,0.0,True,True,True
extra_trees,529a6584-8974-4cf9-b7f7-f66d49cd3845,105,high,1,0.956119,map,0.0,True,True,True
extra_trees,529a6584-8974-4cf9-b7f7-f66d49cd3845,106,high,1,0.95364,appearance,9.192,False,True,True
extra_trees,529a6584-8974-4cf9-b7f7-f66d49cd3845,107,high,1,0.956943,map,0.0,True,True,True
extra_trees,529a6584-8974-4cf9-b7f7-f66d49cd3845,108,high,1,0.954384,map,0.0,True,True,True
extra_trees,529a6584-8974-4cf9-b7f7-f66d49cd3845,109,high,2,0.949138,map,0.0,True,True,True
extra_trees,529a6584-8974-4cf9-b7f7-f66d49cd3845,115,high,1,0.959348,map,0.0,True,True,True
extra_trees,529a6584-8974-4cf9-b7f7-f66d49cd3845,116,high,2,0.952522,map,0.0,True,True,True
extra_trees,529a6584-8974-4cf9-b7f7-f66d49cd3845,118,high,1,0.958991,map,0.0,True,True,True
extra_trees,529a6584-8974-4cf9-b7f7-f66d49cd3845,119,high,2,0.953937,map,0.0,True,True,True
extra_trees,529a6584-8974-4cf9-b7f7-f66d49cd3845,122,high,1,0.959497,map,0.0,True,True,True
extra_trees,529a6584-8974-4cf9-b7f7-f66d49cd3845,123,high,1,0.960009,map,0.0,True,True,True
extra_trees,529a6584-8974-4cf9-b7f7-f66d49cd3845,124,high,2,0.950872,map,0.0,True,True,True
extra_trees,529a6584-8974-4cf9-b7f7-f66d49cd3845,127,high,1,0.954905,map,0.0,True,True,True
extra_trees,529a6584-8974-4cf9-b7f7-f66d49cd3845,128,high,1,0.957258,map,0.0,True,True,True
extra_trees,529a6584-8974-4cf9-b7f7-f66d49cd3845,129,high,2,0.949214,map,0.0,True,True,True
extra_trees,529a6584-8974-4cf9-b7f7-f66d49cd3845,135,high,1,0.954553,map,8.062,False,True,True
extra_trees,529a6584-8974-4cf9-b7f7-f66d49cd3845,136,high,2,0.944697,map,10.296,False,True,True
extra_trees,529a6584-8974-4cf9-b7f7-f66d49cd3845,140,high,1,0.941335,map,7.906,True,True,True
extra_trees,529a6584-8974-4cf9-b7f7-f66d49cd3845,141,high,1,0.91897,appearance,5.148,True,True,True
extra_trees,529a6584-8974-4cf9-b7f7-f66d49cd3845,143,high,3,0.940213,map,0.0,True,True,True
extra_trees,529a6584-8974-4cf9-b7f7-f66d49cd3845,144,high,3,0.885439,map,0.0,True,True,True
extra_trees,529a6584-8974-4cf9-b7f7-f66d49cd3845,147,high,1,0.921325,map,0.0,True,True,True
extra_trees,529a6584-8974-4cf9-b7f7-f66d49cd3845,148,high,1,0.937878,map,0.0,True,True,True
extra_trees,59e41a0c-f704-4589-96db-d7c283d33717,324,high,1,0.684627,map,0.0,True,True,True
extra_trees,59e41a0c-f704-4589-96db-d7c283d33717,330,high,1,0.72644,map,0.0,True,True,True
extra_trees,59e41a0c-f704-4589-96db-d7c283d33717,336,high,1,0.905945,map,0.0,True,True,True
extra_trees,59e41a0c-f704-4589-96db-d7c283d33717,342,high,1,0.837829,appearance,0.0,True,True,True
extra_trees,59e41a0c-f704-4589-96db-d7c283d33717,348,high,1,0.916808,map,0.0,True,True,True
extra_trees,7bd296cd-c800-4be9-ab0f-07e8d68cb648,437,high,1,0.883723,map,0.0,True,True,True
extra_trees,7bd296cd-c800-4be9-ab0f-07e8d68cb648,438,high,1,0.916784,map,0.0,True,True,True
extra_trees,7bd296cd-c800-4be9-ab0f-07e8d68cb648,439,high,2,0.90549,map,3.606,True,True,True
extra_trees,7bd296cd-c800-4be9-ab0f-07e8d68cb648,440,high,1,0.954795,map,0.0,True,True,True
extra_trees,7bd296cd-c800-4be9-ab0f-07e8d68cb648,441,high,2,0.95123,map,4.472,True,True,True
extra_trees,7bd296cd-c800-4be9-ab0f-07e8d68cb648,442,high,1,0.968274,map,0.0,True,True,True
extra_trees,7bd296cd-c800-4be9-ab0f-07e8d68cb648,443,high,1,0.968539,map,0.0,True,True,True
extra_trees,7bd296cd-c800-4be9-ab0f-07e8d68cb648,444,high,2,0.965633,map,0.0,True,True,True
extra_trees,7bd296cd-c800-4be9-ab0f-07e8d68cb648,445,high,1,0.968231,map,0.0,True,True,True
extra_trees,7bd296cd-c800-4be9-ab0f-07e8d68cb648,446,high,1,0.959957,map,0.0,True,True,True
extra_trees,7bd296cd-c800-4be9-ab0f-07e8d68cb648,447,high,1,0.966752,map,0.0,True,True,True
extra_trees,7bd296cd-c800-4be9-ab0f-07e8d68cb648,448,high,1,0.960284,map,4.743,True,True,True
extra_trees,7bd296cd-c800-4be9-ab0f-07e8d68cb648,449,high,1,0.948739,map,4.243,True,True,True
extra_trees,7bd296cd-c800-4be9-ab0f-07e8d68cb648,450,high,1,0.964445,map,0.0,True,True,True
extra_trees,7bd296cd-c800-4be9-ab0f-07e8d68cb648,451,high,1,0.95126,map,0.0,True,True,True
extra_trees,7bd296cd-c800-4be9-ab0f-07e8d68cb648,452,high,1,0.955563,map,0.0,True,True,True
extra_trees,7bd296cd-c800-4be9-ab0f-07e8d68cb648,453,high,1,0.965266,map,0.0,True,True,True
extra_trees,7bd296cd-c800-4be9-ab0f-07e8d68cb648,454,high,1,0.953576,map,0.0,True,True,True
extra_trees,7bd296cd-c800-4be9-ab0f-07e8d68cb648,455,high,1,0.964753,map,0.0,True,True,True
extra_trees,7bd296cd-c800-4be9-ab0f-07e8d68cb648,456,high,2,0.956911,map,0.0,True,True,True
extra_trees,7bd296cd-c800-4be9-ab0f-07e8d68cb648,457,high,1,0.963309,map,0.0,True,True,True
extra_trees,7bd296cd-c800-4be9-ab0f-07e8d68cb648,458,high,1,0.96712,map,0.0,True,True,True
extra_trees,7bd296cd-c800-4be9-ab0f-07e8d68cb648,459,high,1,0.951104,map,0.0,True,True,True
extra_trees,7bd296cd-c800-4be9-ab0f-07e8d68cb648,460,high,1,0.96098,map,0.0,True,True,True
extra_trees,7bd296cd-c800-4be9-ab0f-07e8d68cb648,461,high,2,0.958093,map,0.0,True,True,True
extra_trees,7bd296cd-c800-4be9-ab0f-07e8d68cb648,462,high,1,0.954571,map,0.0,True,True,True
extra_trees,7bd296cd-c800-4be9-ab0f-07e8d68cb648,463,high,1,0.963253,map,0.0,True,True,True
extra_trees,7bd296cd-c800-4be9-ab0f-07e8d68cb648,465,high,1,0.949418,map,0.0,True,True,True
extra_trees,7bd296cd-c800-4be9-ab0f-07e8d68cb648,494,high,2,0.938025,map,1.414,True,True,True
extra_trees,7bd296cd-c800-4be9-ab0f-07e8d68cb648,500,high,1,0.940521,map,0.0,True,True,True
extra_trees,7bd296cd-c800-4be9-ab0f-07e8d68cb648,501,high,1,0.915856,appearance,4.0,True,True,True
extra_trees,7bd296cd-c800-4be9-ab0f-07e8d68cb648,503,high,1,0.94666,map,0.0,True,True,True
extra_trees,7bd296cd-c800-4be9-ab0f-07e8d68cb648,505,high,1,0.959264,map,0.0,True,True,True
extra_trees,7bd296cd-c800-4be9-ab0f-07e8d68cb648,506,high,1,0.95762,appearance,10.548,False,True,True
extra_trees,7bd296cd-c800-4be9-ab0f-07e8d68cb648,508,high,1,0.957997,map,0.0,True,True,True
extra_trees,7bd296cd-c800-4be9-ab0f-07e8d68cb648,509,high,2,0.943179,map,0.0,True,True,True
extra_trees,7bd296cd-c800-4be9-ab0f-07e8d68cb648,510,high,1,0.957415,map,0.0,True,True,True
extra_trees,7bd296cd-c800-4be9-ab0f-07e8d68cb648,511,high,2,0.944869,map,0.0,True,True,True
extra_trees,7bd296cd-c800-4be9-ab0f-07e8d68cb648,515,high,1,0.96162,map,0.0,True,True,True
extra_trees,7bd296cd-c800-4be9-ab0f-07e8d68cb648,516,high,2,0.945917,map,0.0,True,True,True
extra_trees,7bd296cd-c800-4be9-ab0f-07e8d68cb648,517,high,1,0.962139,map,0.0,True,True,True
extra_trees,7bd296cd-c800-4be9-ab0f-07e8d68cb648,532,high,1,0.932811,map,8.602,False,True,True
extra_trees,7bd296cd-c800-4be9-ab0f-07e8d68cb648,535,high,1,0.934803,map,8.062,False,True,True
extra_trees,7bd296cd-c800-4be9-ab0f-07e8d68cb648,536,high,1,0.907922,appearance,6.265,True,True,True
extra_trees,7bd296cd-c800-4be9-ab0f-07e8d68cb648,537,high,2,0.932134,map,3.536,True,True,True
extra_trees,7bd296cd-c800-4be9-ab0f-07e8d68cb648,540,high,1,0.935706,map,7.906,True,True,True
extra_trees,7bd296cd-c800-4be9-ab0f-07e8d68cb648,541,high,2,0.913404,map,10.124,False,True,True
extra_trees,7bd296cd-c800-4be9-ab0f-07e8d68cb648,547,high,1,0.911656,map,0.0,True,True,True
extra_trees,7bd296cd-c800-4be9-ab0f-07e8d68cb648,550,high,1,0.907994,map,6.364,True,True,True
extra_trees,7bd296cd-c800-4be9-ab0f-07e8d68cb648,551,high,2,0.889475,map,9.192,False,True,True
extra_trees,7bd296cd-c800-4be9-ab0f-07e8d68cb648,552,high,1,0.911916,map,0.0,True,True,True
extra_trees,7bd296cd-c800-4be9-ab0f-07e8d68cb648,553,high,1,0.9237,map,0.0,True,True,True
extra_trees,7bd296cd-c800-4be9-ab0f-07e8d68cb648,554,high,1,0.884252,appearance,0.0,True,True,True
extra_trees,7bd296cd-c800-4be9-ab0f-07e8d68cb648,555,high,1,0.897813,map,0.0,True,True,True
extra_trees,7bd296cd-c800-4be9-ab0f-07e8d68cb648,556,high,1,0.867238,appearance,4.472,True,True,True
extra_trees,7bd296cd-c800-4be9-ab0f-07e8d68cb648,557,high,1,0.884078,map,0.0,True,True,True
extra_trees,7bd296cd-c800-4be9-ab0f-07e8d68cb648,558,high,1,0.888448,map,0.0,True,True,True
extra_trees,7bd296cd-c800-4be9-ab0f-07e8d68cb648,559,high,1,0.843477,map,0.0,True,True,True
extra_trees,7bd296cd-c800-4be9-ab0f-07e8d68cb648,560,high,1,0.846317,map,0.0,True,True,True
extra_trees,7bd296cd-c800-4be9-ab0f-07e8d68cb648,561,high,2,0.789493,map,6.083,True,True,True
extra_trees,7bd296cd-c800-4be9-ab0f-07e8d68cb648,562,high,1,0.84013,map,0.0,True,True,True
extra_trees,7bd296cd-c800-4be9-ab0f-07e8d68cb648,563,high,1,0.843701,map,0.0,True,True,True
extra_trees,7bd296cd-c800-4be9-ab0f-07e8d68cb648,564,high,1,0.798766,map,0.0,True,True,True
extra_trees,7bd296cd-c800-4be9-ab0f-07e8d68cb648,565,high,1,0.788817,map,0.0,True,True,True
extra_trees,7bd296cd-c800-4be9-ab0f-07e8d68cb648,566,high,2,0.744635,map,0.0,True,True,True
extra_trees,7bd296cd-c800-4be9-ab0f-07e8d68cb648,568,high,1,0.79864,map,0.0,True,True,True
extra_trees,7bd296cd-c800-4be9-ab0f-07e8d68cb648,569,high,1,0.791864,map,0.0,True,True,True
extra_trees,7bd296cd-c800-4be9-ab0f-07e8d68cb648,570,high,1,0.818987,map,7.382,True,True,True
extra_trees,7bd296cd-c800-4be9-ab0f-07e8d68cb648,571,high,1,0.761185,map,0.0,True,True,True
extra_trees,7bd296cd-c800-4be9-ab0f-07e8d68cb648,572,high,2,0.720501,motion,7.762,True,True,True
extra_trees,7bd296cd-c800-4be9-ab0f-07e8d68cb648,573,high,2,0.73301,map,5.701,True,True,True
extra_trees,7bd296cd-c800-4be9-ab0f-07e8d68cb648,574,high,1,0.753732,map,0.0,True,True,True
extra_trees,7bd296cd-c800-4be9-ab0f-07e8d68cb648,575,high,2,0.757015,map,14.714,False,True,True
extra_trees,7bd296cd-c800-4be9-ab0f-07e8d68cb648,576,high,2,0.759724,appearance,11.068,False,True,True
extra_trees,7bd296cd-c800-4be9-ab0f-07e8d68cb648,577,high,3,0.741773,map,7.106,True,True,True
extra_trees,7bd296cd-c800-4be9-ab0f-07e8d68cb648,578,high,7,0.724201,map,4.743,True,True,True
extra_trees,7bd296cd-c800-4be9-ab0f-07e8d68cb648,579,high,1,0.717717,map,0.0,True,True,True
extra_trees,7bd296cd-c800-4be9-ab0f-07e8d68cb648,580,high,4,0.726059,map,13.657,False,True,True
extra_trees,7bd296cd-c800-4be9-ab0f-07e8d68cb648,581,high,3,0.68998,appearance,4.472,True,True,True
extra_trees,7bd296cd-c800-4be9-ab0f-07e8d68cb648,582,high,3,0.746995,map,16.643,False,False,True
extra_trees,7bd296cd-c800-4be9-ab0f-07e8d68cb648,583,high,2,0.724579,map,8.515,False,True,True
extra_trees,7bd296cd-c800-4be9-ab0f-07e8d68cb648,584,high,2,0.708587,map,9.513,False,True,True
extra_trees,7bd296cd-c800-4be9-ab0f-07e8d68cb648,585,high,3,0.736161,map,26.306,False,False,True
extra_trees,7bd296cd-c800-4be9-ab0f-07e8d68cb648,586,high,1,0.704794,map,28.284,False,False,True
extra_trees,7bd296cd-c800-4be9-ab0f-07e8d68cb648,587,high,1,0.748407,map,0.0,True,True,True
extra_trees,7bd296cd-c800-4be9-ab0f-07e8d68cb648,588,high,1,0.763899,map,0.0,True,True,True
extra_trees,7bd296cd-c800-4be9-ab0f-07e8d68cb648,589,medium_high,1,0.705958,map,4.123,True,True,True
extra_trees,7bd296cd-c800-4be9-ab0f-07e8d68cb648,590,medium_high,1,0.801649,map,3.0,True,True,True
extra_trees,aaf1eafd-36d7-43e4-a539-fd79029ddf90,288,high,3,0.539014,temporal_stack,3.0,True,True,True
extra_trees,aaf1eafd-36d7-43e4-a539-fd79029ddf90,290,high,2,0.562289,temporal_stack,4.0,True,True,True
extra_trees,aaf1eafd-36d7-43e4-a539-fd79029ddf90,291,high,4,0.578125,temporal_stack,5.0,True,True,True
extra_trees,aaf1eafd-36d7-43e4-a539-fd79029ddf90,303,high,6,0.571717,map,5.657,True,True,True
extra_trees,aaf1eafd-36d7-43e4-a539-fd79029ddf90,304,high,2,0.552636,temporal_stack,4.0,True,True,True
extra_trees,aaf1eafd-36d7-43e4-a539-fd79029ddf90,305,high,3,0.612159,map,11.662,False,True,True
extra_trees,aaf1eafd-36d7-43e4-a539-fd79029ddf90,306,high,5,0.60111,map,16.125,False,False,True
extra_trees,aaf1eafd-36d7-43e4-a539-fd79029ddf90,307,high,6,0.547064,map,21.471,False,False,True
extra_trees,aaf1eafd-36d7-43e4-a539-fd79029ddf90,308,high,3,0.579224,temporal_stack,5.0,True,True,True
extra_trees,aaf1eafd-36d7-43e4-a539-fd79029ddf90,309,high,5,0.568751,temporal_stack,5.148,True,True,True
extra_trees,aaf1eafd-36d7-43e4-a539-fd79029ddf90,310,high,4,0.560997,temporal_stack,6.708,True,True,True
extra_trees,aaf1eafd-36d7-43e4-a539-fd79029ddf90,311,high,4,0.560852,temporal_stack,8.485,False,True,True
extra_trees,aaf1eafd-36d7-43e4-a539-fd79029ddf90,312,high,3,0.576193,temporal_stack,4.743,True,True,True
extra_trees,aaf1eafd-36d7-43e4-a539-fd79029ddf90,313,high,3,0.544772,temporal_stack,8.944,False,True,True
extra_trees,aaf1eafd-36d7-43e4-a539-fd79029ddf90,314,high,3,0.536233,temporal_stack,8.944,False,True,True
extra_trees,aaf1eafd-36d7-43e4-a539-fd79029ddf90,315,high,2,0.568032,map,14.318,False,True,True
extra_trees,aaf1eafd-36d7-43e4-a539-fd79029ddf90,316,high,6,0.538343,map,18.788,False,False,True
extra_trees,aaf1eafd-36d7-43e4-a539-fd79029ddf90,317,high,1,0.509363,temporal_stack,0.0,True,True,True
extra_trees,aaf1eafd-36d7-43e4-a539-fd79029ddf90,318,high,1,0.53328,temporal_stack,0.0,True,True,True
extra_trees,aaf1eafd-36d7-43e4-a539-fd79029ddf90,319,high,4,0.569785,map,18.668,False,False,True
extra_trees,aaf1eafd-36d7-43e4-a539-fd79029ddf90,320,high,8,0.528578,map,23.505,False,False,True
extra_trees,aaf1eafd-36d7-43e4-a539-fd79029ddf90,321,high,1,0.518499,temporal_stack,0.0,True,True,True
extra_trees,aaf1eafd-36d7-43e4-a539-fd79029ddf90,322,high,9,0.550751,map,44.3,False,False,True
extra_trees,aaf1eafd-36d7-43e4-a539-fd79029ddf90,323,high,8,0.520984,map,44.66,False,False,True
extra_trees,aaf1eafd-36d7-43e4-a539-fd79029ddf90,324,high,10,0.521605,map,45.238,False,False,True
extra_trees,aaf1eafd-36d7-43e4-a539-fd79029ddf90,325,high,8,0.564942,map,45.238,False,False,True
extra_trees,aaf1eafd-36d7-43e4-a539-fd79029ddf90,326,high,2,0.501441,temporal_stack,2.828,True,True,True
extra_trees,aaf1eafd-36d7-43e4-a539-fd79029ddf90,327,high,9,0.541741,map,45.238,False,False,True
extra_trees,aaf1eafd-36d7-43e4-a539-fd79029ddf90,328,high,1,0.475595,temporal_stack,0.0,True,True,True
extra_trees,aaf1eafd-36d7-43e4-a539-fd79029ddf90,329,high,1,0.466996,temporal_stack,0.0,True,True,True
extra_trees,aaf1eafd-36d7-43e4-a539-fd79029ddf90,330,high,4,0.471862,temporal_stack,6.708,True,True,True
extra_trees,aaf1eafd-36d7-43e4-a539-fd79029ddf90,331,high,2,0.473815,temporal_stack,3.0,True,True,True
extra_trees,aaf1eafd-36d7-43e4-a539-fd79029ddf90,332,high,1,0.466731,temporal_stack,0.0,True,True,True
extra_trees,aaf1eafd-36d7-43e4-a539-fd79029ddf90,333,high,14,0.488426,appearance,86.806,False,False,True
extra_trees,aaf1eafd-36d7-43e4-a539-fd79029ddf90,334,high,13,0.556283,appearance,91.654,False,False,True
extra_trees,aaf1eafd-36d7-43e4-a539-fd79029ddf90,335,high,8,0.617391,appearance,96.469,False,False,True
extra_trees,aaf1eafd-36d7-43e4-a539-fd79029ddf90,336,high,4,0.623843,appearance,96.945,False,False,True
extra_trees,aaf1eafd-36d7-43e4-a539-fd79029ddf90,337,high,2,0.641546,appearance,102.53,False,False,True
extra_trees,aaf1eafd-36d7-43e4-a539-fd79029ddf90,338,high,3,0.637246,appearance,109.007,False,False,True
extra_trees,aaf1eafd-36d7-43e4-a539-fd79029ddf90,339,high,3,0.647339,appearance,116.286,False,False,True
extra_trees,aaf1eafd-36d7-43e4-a539-fd79029ddf90,340,high,2,0.662332,appearance,120.566,False,False,True
extra_trees,aaf1eafd-36d7-43e4-a539-fd79029ddf90,341,high,3,0.640537,appearance,122.148,False,False,True
extra_trees,aaf1eafd-36d7-43e4-a539-fd79029ddf90,342,high,3,0.637565,appearance,127.681,False,False,True
extra_trees,aaf1eafd-36d7-43e4-a539-fd79029ddf90,343,high,3,0.576785,appearance,134.076,False,False,True
extra_trees,aaf1eafd-36d7-43e4-a539-fd79029ddf90,344,high,4,0.579554,appearance,140.126,False,False,True
extra_trees,aaf1eafd-36d7-43e4-a539-fd79029ddf90,345,high,6,0.573387,appearance,144.676,False,False,True
extra_trees,aaf1eafd-36d7-43e4-a539-fd79029ddf90,346,high,15,0.494855,appearance,150.722,False,False,True
extra_trees,aaf1eafd-36d7-43e4-a539-fd79029ddf90,347,high,9,0.441725,map,44.407,False,False,True
extra_trees,aaf1eafd-36d7-43e4-a539-fd79029ddf90,348,high,1,0.445223,temporal_stack,0.0,True,True,True
extra_trees,aaf1eafd-36d7-43e4-a539-fd79029ddf90,349,high,20,0.442791,appearance,42.714,False,False,True
extra_trees,aaf1eafd-36d7-43e4-a539-fd79029ddf90,350,high,4,0.521824,map,108.78,False,False,True
extra_trees,aaf1eafd-36d7-43e4-a539-fd79029ddf90,351,high,5,0.51772,appearance,107.616,False,False,True
extra_trees,aaf1eafd-36d7-43e4-a539-fd79029ddf90,352,high,3,0.530694,appearance,107.616,False,False,True
extra_trees,aaf1eafd-36d7-43e4-a539-fd79029ddf90,353,high,1,0.525947,appearance,106.622,False,False,True
extra_trees,aaf1eafd-36d7-43e4-a539-fd79029ddf90,642,high,1,0.768554,temporal_stack,2.0,True,True,True
extra_trees,aaf1eafd-36d7-43e4-a539-fd79029ddf90,643,high,2,0.735071,temporal_stack,0.0,True,True,True
extra_trees,aaf1eafd-36d7-43e4-a539-fd79029ddf90,644,high,1,0.757144,temporal_stack,0.0,True,True,True
extra_trees,aaf1eafd-36d7-43e4-a539-fd79029ddf90,645,high,1,0.733541,temporal_stack,0.0,True,True,True
extra_trees,aaf1eafd-36d7-43e4-a539-fd79029ddf90,646,high,1,0.686323,temporal_stack,0.0,True,True,True
extra_trees,aaf1eafd-36d7-43e4-a539-fd79029ddf90,647,high,2,0.662011,temporal_stack,5.0,True,True,True
extra_trees,b96cec7a-3912-46b7-9014-dc3c632ffa12,186,high,1,0.200133,map,0.0,True,True,True
extra_trees,b96cec7a-3912-46b7-9014-dc3c632ffa12,192,high,1,0.960436,map,0.0,True,True,True
extra_trees,b96cec7a-3912-46b7-9014-dc3c632ffa12,198,high,1,0.970804,map,0.0,True,True,True
extra_trees,b96cec7a-3912-46b7-9014-dc3c632ffa12,204,high,1,0.958645,map,0.0,True,True,True
extra_trees,b96cec7a-3912-46b7-9014-dc3c632ffa12,210,high,1,0.964157,map,0.0,True,True,True
extra_trees,b96cec7a-3912-46b7-9014-dc3c632ffa12,216,high,2,0.954716,map,3.606,True,True,True
extra_trees,b96cec7a-3912-46b7-9014-dc3c632ffa12,222,high,2,0.926743,map,4.528,True,True,True
extra_trees,b96cec7a-3912-46b7-9014-dc3c632ffa12,228,high,1,0.930419,map,0.0,True,True,True
extra_trees,b96cec7a-3912-46b7-9014-dc3c632ffa12,234,high,2,0.948444,map,3.202,True,True,True
extra_trees,b96cec7a-3912-46b7-9014-dc3c632ffa12,240,high,2,0.954299,map,4.528,True,True,True
extra_trees,b96cec7a-3912-46b7-9014-dc3c632ffa12,246,high,2,0.940569,map,4.272,True,True,True
extra_trees,b96cec7a-3912-46b7-9014-dc3c632ffa12,252,high,1,0.948332,map,0.0,True,True,True
extra_trees,b96cec7a-3912-46b7-9014-dc3c632ffa12,258,high,1,0.958813,map,0.0,True,True,True
extra_trees,b96cec7a-3912-46b7-9014-dc3c632ffa12,264,high,2,0.960383,map,3.808,True,True,True
extra_trees,b96cec7a-3912-46b7-9014-dc3c632ffa12,270,high,1,0.963827,map,0.0,True,True,True
extra_trees,b96cec7a-3912-46b7-9014-dc3c632ffa12,276,high,2,0.944503,map,3.0,True,True,True
extra_trees,b96cec7a-3912-46b7-9014-dc3c632ffa12,282,high,1,0.957521,map,0.0,True,True,True
extra_trees,b96cec7a-3912-46b7-9014-dc3c632ffa12,288,high,2,0.952771,map,7.106,True,True,True
extra_trees,d129cd72-3228-426d-9252-4e0b3e14927b,212,medium_high,1,0.657091,appearance,156.205,False,False,True
extra_trees,d129cd72-3228-426d-9252-4e0b3e14927b,213,medium_high,5,0.685681,map,61.202,False,False,True
extra_trees,d129cd72-3228-426d-9252-4e0b3e14927b,214,medium_high,1,0.675749,appearance,156.557,False,False,True
extra_trees,d129cd72-3228-426d-9252-4e0b3e14927b,215,medium_high,1,0.650185,appearance,158.073,False,False,True
extra_trees,d129cd72-3228-426d-9252-4e0b3e14927b,216,high,2,0.726323,map,162.742,False,False,True
extra_trees,d129cd72-3228-426d-9252-4e0b3e14927b,217,high,4,0.629208,map,165.053,False,False,True
extra_trees,d129cd72-3228-426d-9252-4e0b3e14927b,218,high,1,0.667782,map,1.677,True,True,True
extra_trees,d129cd72-3228-426d-9252-4e0b3e14927b,219,high,1,0.632522,appearance,135.988,False,False,True
extra_trees,d129cd72-3228-426d-9252-4e0b3e14927b,220,high,1,0.611319,appearance,136.485,False,False,True
extra_trees,d129cd72-3228-426d-9252-4e0b3e14927b,221,high,1,0.712304,map,1.07,True,True,True
extra_trees,d129cd72-3228-426d-9252-4e0b3e14927b,222,high,1,0.63472,appearance,136.025,False,False,True
extra_trees,d129cd72-3228-426d-9252-4e0b3e14927b,223,high,1,0.737884,map,0.12,True,True,True
extra_trees,d129cd72-3228-426d-9252-4e0b3e14927b,224,high,2,0.669416,map,0.0,True,True,True
extra_trees,d129cd72-3228-426d-9252-4e0b3e14927b,225,high,7,0.705528,appearance,220.783,False,False,True
extra_trees,d129cd72-3228-426d-9252-4e0b3e14927b,226,high,2,0.730522,map,1.346,True,True,True
extra_trees,d129cd72-3228-426d-9252-4e0b3e14927b,227,high,2,0.671903,map,145.322,False,False,True
extra_trees,d129cd72-3228-426d-9252-4e0b3e14927b,228,high,1,0.729051,map,0.5,True,True,True
extra_trees,d129cd72-3228-426d-9252-4e0b3e14927b,229,high,3,0.662403,appearance,137.057,False,False,True
extra_trees,d129cd72-3228-426d-9252-4e0b3e14927b,230,high,3,0.687337,appearance,136.658,False,False,True
extra_trees,d129cd72-3228-426d-9252-4e0b3e14927b,231,high,3,0.738417,appearance,178.528,False,False,True
extra_trees,d129cd72-3228-426d-9252-4e0b3e14927b,232,high,3,0.701688,appearance,178.682,False,False,True
extra_trees,d129cd72-3228-426d-9252-4e0b3e14927b,233,high,1,0.716583,appearance,182.906,False,False,True
extra_trees,d129cd72-3228-426d-9252-4e0b3e14927b,234,high,1,0.706955,appearance,182.463,False,False,True
extra_trees,d129cd72-3228-426d-9252-4e0b3e14927b,235,high,2,0.697402,appearance,136.412,False,False,True
extra_trees,d129cd72-3228-426d-9252-4e0b3e14927b,236,high,5,0.720302,appearance,178.889,False,False,True
extra_trees,d129cd72-3228-426d-9252-4e0b3e14927b,237,high,2,0.685218,appearance,136.713,False,False,True
extra_trees,d129cd72-3228-426d-9252-4e0b3e14927b,238,high,3,0.690259,map,139.74,False,False,True
extra_trees,d129cd72-3228-426d-9252-4e0b3e14927b,239,high,1,0.719261,map,2.461,True,True,True
extra_trees,d129cd72-3228-426d-9252-4e0b3e14927b,240,high,1,0.754776,map,0.0,True,True,True
extra_trees,d129cd72-3228-426d-9252-4e0b3e14927b,241,high,1,0.846385,map,0.354,True,True,True
extra_trees,d129cd72-3228-426d-9252-4e0b3e14927b,242,high,1,0.760034,map,0.707,True,True,True
extra_trees,d129cd72-3228-426d-9252-4e0b3e14927b,243,high,1,0.849725,map,0.791,True,True,True
extra_trees,d129cd72-3228-426d-9252-4e0b3e14927b,244,high,1,0.864718,appearance,1.803,True,True,True
extra_trees,d129cd72-3228-426d-9252-4e0b3e14927b,245,high,1,0.865408,map,0.354,True,True,True
extra_trees,d129cd72-3228-426d-9252-4e0b3e14927b,246,high,1,0.892573,map,0.707,True,True,True
extra_trees,d129cd72-3228-426d-9252-4e0b3e14927b,247,high,1,0.891659,appearance,1.458,True,True,True
extra_trees,d129cd72-3228-426d-9252-4e0b3e14927b,248,high,1,0.899757,map,0.0,True,True,True
extra_trees,d129cd72-3228-426d-9252-4e0b3e14927b,249,high,1,0.881671,appearance,1.803,True,True,True
extra_trees,e2711620-6d4e-4f9c-8922-b1b2d1fb74f2,1,high,18,0.417814,large_dark,0.707,True,True,True
extra_trees,e2711620-6d4e-4f9c-8922-b1b2d1fb74f2,2,high,25,0.50283,large_dark,0.707,True,True,True
extra_trees,e2711620-6d4e-4f9c-8922-b1b2d1fb74f2,3,high,29,0.508277,large_dark,0.5,True,True,True
extra_trees,e2711620-6d4e-4f9c-8922-b1b2d1fb74f2,4,high,22,0.528209,large_dark,0.5,True,True,True
extra_trees,e2711620-6d4e-4f9c-8922-b1b2d1fb74f2,5,high,21,0.570609,large_dark,0.0,True,True,True
extra_trees,e2711620-6d4e-4f9c-8922-b1b2d1fb74f2,6,high,18,0.620828,large_dark,0.0,True,True,True
extra_trees,e2711620-6d4e-4f9c-8922-b1b2d1fb74f2,7,high,17,0.657544,large_dark,0.5,True,True,True
extra_trees,e2711620-6d4e-4f9c-8922-b1b2d1fb74f2,8,high,14,0.728693,large_dark,0.0,True,True,True
extra_trees,e2711620-6d4e-4f9c-8922-b1b2d1fb74f2,9,high,11,0.774683,large_dark,0.0,True,True,True
extra_trees,e2711620-6d4e-4f9c-8922-b1b2d1fb74f2,10,high,4,0.803612,large_dark,37.125,False,False,True
extra_trees,e2711620-6d4e-4f9c-8922-b1b2d1fb74f2,11,high,3,0.810738,large_dark,37.125,False,False,True
extra_trees,e2711620-6d4e-4f9c-8922-b1b2d1fb74f2,12,high,3,0.81404,large_dark,37.366,False,False,True
extra_trees,e2711620-6d4e-4f9c-8922-b1b2d1fb74f2,13,high,4,0.798756,large_dark,0.707,True,True,True
extra_trees,e2711620-6d4e-4f9c-8922-b1b2d1fb74f2,14,high,3,0.797907,large_dark,0.707,True,True,True
extra_trees,e2711620-6d4e-4f9c-8922-b1b2d1fb74f2,15,high,3,0.799218,large_dark,0.0,True,True,True
extra_trees,e2711620-6d4e-4f9c-8922-b1b2d1fb74f2,16,high,3,0.795955,large_dark,0.0,True,True,True
extra_trees,e2711620-6d4e-4f9c-8922-b1b2d1fb74f2,17,high,3,0.793121,large_dark,0.5,True,True,True
extra_trees,e2711620-6d4e-4f9c-8922-b1b2d1fb74f2,18,high,2,0.79672,large_dark,0.0,True,True,True
extra_trees,e2711620-6d4e-4f9c-8922-b1b2d1fb74f2,19,high,1,0.799682,large_dark,0.0,True,True,True
extra_trees,e2711620-6d4e-4f9c-8922-b1b2d1fb74f2,20,high,2,0.796083,large_dark,0.5,True,True,True
extra_trees,e2711620-6d4e-4f9c-8922-b1b2d1fb74f2,21,high,1,0.794717,large_dark,0.5,True,True,True
extra_trees,e2711620-6d4e-4f9c-8922-b1b2d1fb74f2,22,high,1,0.798889,large_dark,0.0,True,True,True
extra_trees,e2711620-6d4e-4f9c-8922-b1b2d1fb74f2,23,high,1,0.807434,large_dark,0.707,True,True,True
extra_trees,e2711620-6d4e-4f9c-8922-b1b2d1fb74f2,24,high,1,0.800427,large_dark,0.707,True,True,True
extra_trees,e2711620-6d4e-4f9c-8922-b1b2d1fb74f2,25,high,1,0.804167,large_dark,0.0,True,True,True
extra_trees,e2711620-6d4e-4f9c-8922-b1b2d1fb74f2,26,high,1,0.799895,large_dark,0.0,True,True,True
extra_trees,e2711620-6d4e-4f9c-8922-b1b2d1fb74f2,27,high,1,0.80287,large_dark,0.707,True,True,True
extra_trees,e2711620-6d4e-4f9c-8922-b1b2d1fb74f2,28,high,1,0.807395,large_dark,0.5,True,True,True
extra_trees,e2711620-6d4e-4f9c-8922-b1b2d1fb74f2,29,high,1,0.816303,large_dark,1.0,True,True,True
extra_trees,e2711620-6d4e-4f9c-8922-b1b2d1fb74f2,30,high,1,0.822031,large_dark,0.5,True,True,True
extra_trees,e2711620-6d4e-4f9c-8922-b1b2d1fb74f2,31,high,1,0.812975,large_dark,0.5,True,True,True
extra_trees,e2711620-6d4e-4f9c-8922-b1b2d1fb74f2,32,high,1,0.815034,large_dark,0.5,True,True,True
extra_trees,e2711620-6d4e-4f9c-8922-b1b2d1fb74f2,33,high,1,0.816817,large_dark,0.0,True,True,True
extra_trees,e2711620-6d4e-4f9c-8922-b1b2d1fb74f2,34,high,1,0.804532,large_dark,0.0,True,True,True
extra_trees,e2711620-6d4e-4f9c-8922-b1b2d1fb74f2,35,high,1,0.80993,large_dark,0.707,True,True,True
extra_trees,e2711620-6d4e-4f9c-8922-b1b2d1fb74f2,36,high,1,0.812147,large_dark,0.707,True,True,True
extra_trees,e2711620-6d4e-4f9c-8922-b1b2d1fb74f2,37,high,1,0.82008,large_dark,0.0,True,True,True
extra_trees,e2711620-6d4e-4f9c-8922-b1b2d1fb74f2,38,high,1,0.830507,large_dark,0.5,True,True,True
extra_trees,e2711620-6d4e-4f9c-8922-b1b2d1fb74f2,39,high,1,0.830522,large_dark,0.5,True,True,True
extra_trees,e2711620-6d4e-4f9c-8922-b1b2d1fb74f2,40,high,1,0.834279,large_dark,2.062,True,True,True
extra_trees,e2711620-6d4e-4f9c-8922-b1b2d1fb74f2,41,high,1,0.823361,large_dark,2.062,True,True,True
extra_trees,e2711620-6d4e-4f9c-8922-b1b2d1fb74f2,42,high,1,0.825668,large_dark,0.707,True,True,True
extra_trees,e2711620-6d4e-4f9c-8922-b1b2d1fb74f2,43,high,1,0.826101,large_dark,1.581,True,True,True
extra_trees,e2711620-6d4e-4f9c-8922-b1b2d1fb74f2,44,high,1,0.802771,large_dark,1.581,True,True,True
extra_trees,e2711620-6d4e-4f9c-8922-b1b2d1fb74f2,45,high,4,0.838093,large_dark,15.508,False,True,True
extra_trees,e2711620-6d4e-4f9c-8922-b1b2d1fb74f2,46,high,6,0.832864,large_dark,15.508,False,True,True
extra_trees,e2711620-6d4e-4f9c-8922-b1b2d1fb74f2,47,high,2,0.846203,map,4.031,True,True,True
extra_trees,e2711620-6d4e-4f9c-8922-b1b2d1fb74f2,48,high,2,0.824036,map,5.59,True,True,True
extra_trees,e2711620-6d4e-4f9c-8922-b1b2d1fb74f2,49,high,1,0.799199,large_dark,1.5,True,True,True
extra_trees,e2711620-6d4e-4f9c-8922-b1b2d1fb74f2,50,high,1,0.809986,large_dark,0.5,True,True,True
extra_trees,e2711620-6d4e-4f9c-8922-b1b2d1fb74f2,51,high,1,0.805314,large_dark,0.5,True,True,True
extra_trees,e2711620-6d4e-4f9c-8922-b1b2d1fb74f2,52,high,2,0.819459,appearance,5.0,True,True,True
extra_trees,e2711620-6d4e-4f9c-8922-b1b2d1fb74f2,53,high,6,0.841389,large_dark,15.133,False,True,True
extra_trees,e2711620-6d4e-4f9c-8922-b1b2d1fb74f2,54,high,1,0.834468,large_dark,0.0,True,True,True
extra_trees,e2711620-6d4e-4f9c-8922-b1b2d1fb74f2,55,high,1,0.840221,large_dark,0.0,True,True,True
extra_trees,e2711620-6d4e-4f9c-8922-b1b2d1fb74f2,56,high,1,0.837275,large_dark,0.0,True,True,True
extra_trees,e2711620-6d4e-4f9c-8922-b1b2d1fb74f2,57,high,2,0.88479,map,3.202,True,True,True
extra_trees,e2711620-6d4e-4f9c-8922-b1b2d1fb74f2,58,high,2,0.877329,map,4.717,True,True,True
extra_trees,e2711620-6d4e-4f9c-8922-b1b2d1fb74f2,59,high,2,0.858335,map,6.103,True,True,True
extra_trees,e2711620-6d4e-4f9c-8922-b1b2d1fb74f2,60,high,1,0.857984,large_dark,0.5,True,True,True
extra_trees,e2711620-6d4e-4f9c-8922-b1b2d1fb74f2,61,high,1,0.8529,large_dark,0.5,True,True,True
extra_trees,e2711620-6d4e-4f9c-8922-b1b2d1fb74f2,62,high,1,0.862059,large_dark,0.5,True,True,True
extra_trees,e2711620-6d4e-4f9c-8922-b1b2d1fb74f2,63,high,1,0.862606,large_dark,0.707,True,True,True
extra_trees,e2711620-6d4e-4f9c-8922-b1b2d1fb74f2,64,high,2,0.878169,appearance,3.5,True,True,True
extra_trees,e2711620-6d4e-4f9c-8922-b1b2d1fb74f2,65,high,1,0.865272,large_dark,0.707,True,True,True
extra_trees,e2711620-6d4e-4f9c-8922-b1b2d1fb74f2,66,high,1,0.857741,large_dark,0.707,True,True,True
extra_trees,e2711620-6d4e-4f9c-8922-b1b2d1fb74f2,67,high,1,0.861853,large_dark,0.5,True,True,True
extra_trees,e2711620-6d4e-4f9c-8922-b1b2d1fb74f2,68,high,1,0.858598,large_dark,0.707,True,True,True
extra_trees,e2711620-6d4e-4f9c-8922-b1b2d1fb74f2,69,high,1,0.851804,large_dark,0.707,True,True,True
extra_trees,e2711620-6d4e-4f9c-8922-b1b2d1fb74f2,70,high,1,0.855916,large_dark,0.5,True,True,True
extra_trees,e2711620-6d4e-4f9c-8922-b1b2d1fb74f2,71,high,1,0.848167,large_dark,0.5,True,True,True
extra_trees,e2711620-6d4e-4f9c-8922-b1b2d1fb74f2,72,high,1,0.851803,large_dark,0.0,True,True,True
extra_trees,e2711620-6d4e-4f9c-8922-b1b2d1fb74f2,73,high,1,0.84321,large_dark,0.5,True,True,True
extra_trees,e2711620-6d4e-4f9c-8922-b1b2d1fb74f2,74,high,1,0.818498,large_dark,0.5,True,True,True
extra_trees,e2711620-6d4e-4f9c-8922-b1b2d1fb74f2,75,high,1,0.817602,large_dark,0.707,True,True,True
extra_trees,e2711620-6d4e-4f9c-8922-b1b2d1fb74f2,76,high,1,0.807829,large_dark,0.707,True,True,True
extra_trees,e2711620-6d4e-4f9c-8922-b1b2d1fb74f2,77,high,1,0.807427,large_dark,0.707,True,True,True
extra_trees,e2711620-6d4e-4f9c-8922-b1b2d1fb74f2,78,high,1,0.806781,large_dark,0.707,True,True,True
extra_trees,e2711620-6d4e-4f9c-8922-b1b2d1fb74f2,79,high,1,0.807294,large_dark,0.707,True,True,True
extra_trees,e2711620-6d4e-4f9c-8922-b1b2d1fb74f2,80,high,2,0.876236,appearance,2.062,True,True,True
extra_trees,e2711620-6d4e-4f9c-8922-b1b2d1fb74f2,81,high,2,0.877716,appearance,2.062,True,True,True
extra_trees,e2711620-6d4e-4f9c-8922-b1b2d1fb74f2,82,high,2,0.830218,appearance,3.041,True,True,True
extra_trees,e2711620-6d4e-4f9c-8922-b1b2d1fb74f2,83,high,3,0.812398,large_dark,14.116,False,True,True
extra_trees,e2711620-6d4e-4f9c-8922-b1b2d1fb74f2,84,high,2,0.817814,large_dark,14.116,False,True,True
extra_trees,e2711620-6d4e-4f9c-8922-b1b2d1fb74f2,85,high,2,0.791912,large_dark,19.5,False,False,True
extra_trees,e2711620-6d4e-4f9c-8922-b1b2d1fb74f2,86,high,1,0.791785,large_dark,0.5,True,True,True
extra_trees,e2711620-6d4e-4f9c-8922-b1b2d1fb74f2,87,high,1,0.805159,large_dark,0.0,True,True,True
extra_trees,e2711620-6d4e-4f9c-8922-b1b2d1fb74f2,88,high,1,0.808146,large_dark,0.5,True,True,True
extra_trees,e2711620-6d4e-4f9c-8922-b1b2d1fb74f2,89,high,1,0.803767,large_dark,0.5,True,True,True
extra_trees,e2711620-6d4e-4f9c-8922-b1b2d1fb74f2,90,high,1,0.80666,large_dark,0.5,True,True,True
extra_trees,e2711620-6d4e-4f9c-8922-b1b2d1fb74f2,91,high,1,0.803734,large_dark,0.5,True,True,True
extra_trees,e2711620-6d4e-4f9c-8922-b1b2d1fb74f2,92,high,1,0.814177,large_dark,0.5,True,True,True
extra_trees,e2711620-6d4e-4f9c-8922-b1b2d1fb74f2,93,high,2,0.822122,large_dark,15.042,False,True,True
extra_trees,e2711620-6d4e-4f9c-8922-b1b2d1fb74f2,94,high,2,0.831593,large_dark,15.042,False,True,True
extra_trees,e2711620-6d4e-4f9c-8922-b1b2d1fb74f2,95,high,2,0.824691,large_dark,15.042,False,True,True
extra_trees,e2711620-6d4e-4f9c-8922-b1b2d1fb74f2,96,high,2,0.82673,large_dark,15.042,False,True,True
extra_trees,e2711620-6d4e-4f9c-8922-b1b2d1fb74f2,97,high,2,0.825326,large_dark,14.866,False,True,True
extra_trees,e2711620-6d4e-4f9c-8922-b1b2d1fb74f2,98,high,2,0.887995,appearance,3.536,True,True,True
extra_trees,e2711620-6d4e-4f9c-8922-b1b2d1fb74f2,99,high,2,0.894635,appearance,3.536,True,True,True
extra_trees,e2711620-6d4e-4f9c-8922-b1b2d1fb74f2,100,high,2,0.903539,appearance,2.0,True,True,True
extra_trees,e2711620-6d4e-4f9c-8922-b1b2d1fb74f2,101,high,2,0.868845,appearance,2.0,True,True,True
extra_trees,e2711620-6d4e-4f9c-8922-b1b2d1fb74f2,102,high,2,0.893315,appearance,3.0,True,True,True
extra_trees,e2711620-6d4e-4f9c-8922-b1b2d1fb74f2,103,high,2,0.880415,appearance,2.55,True,True,True
extra_trees,e2711620-6d4e-4f9c-8922-b1b2d1fb74f2,104,high,2,0.857364,appearance,3.536,True,True,True
extra_trees,e2711620-6d4e-4f9c-8922-b1b2d1fb74f2,105,high,2,0.906632,appearance,4.0,True,True,True
extra_trees,e2711620-6d4e-4f9c-8922-b1b2d1fb74f2,106,high,2,0.901625,appearance,4.0,True,True,True
extra_trees,e2711620-6d4e-4f9c-8922-b1b2d1fb74f2,107,high,2,0.921691,appearance,3.5,True,True,True
extra_trees,e2711620-6d4e-4f9c-8922-b1b2d1fb74f2,108,high,2,0.905943,appearance,3.5,True,True,True
extra_trees,e2711620-6d4e-4f9c-8922-b1b2d1fb74f2,109,high,2,0.901456,appearance,3.5,True,True,True
extra_trees,e2711620-6d4e-4f9c-8922-b1b2d1fb74f2,110,high,2,0.885512,map,3.808,True,True,True
extra_trees,e2711620-6d4e-4f9c-8922-b1b2d1fb74f2,111,high,2,0.898368,appearance,4.0,True,True,True
extra_trees,e2711620-6d4e-4f9c-8922-b1b2d1fb74f2,112,high,2,0.902378,appearance,3.5,True,True,True
extra_trees,e2711620-6d4e-4f9c-8922-b1b2d1fb74f2,113,high,2,0.88549,appearance,5.5,True,True,True
extra_trees,e2711620-6d4e-4f9c-8922-b1b2d1fb74f2,114,high,2,0.82985,appearance,7.5,True,True,True
extra_trees,e2711620-6d4e-4f9c-8922-b1b2d1fb74f2,115,high,2,0.899844,appearance,4.5,True,True,True
extra_trees,e2711620-6d4e-4f9c-8922-b1b2d1fb74f2,116,high,2,0.869146,appearance,4.5,True,True,True
extra_trees,e2711620-6d4e-4f9c-8922-b1b2d1fb74f2,117,high,2,0.873604,appearance,3.5,True,True,True
extra_trees,e2711620-6d4e-4f9c-8922-b1b2d1fb74f2,118,high,2,0.873426,appearance,4.0,True,True,True
extra_trees,e2711620-6d4e-4f9c-8922-b1b2d1fb74f2,119,high,2,0.875805,appearance,4.0,True,True,True
extra_trees,e2711620-6d4e-4f9c-8922-b1b2d1fb74f2,120,high,5,0.856031,large_dark,16.763,False,False,True
extra_trees,e2711620-6d4e-4f9c-8922-b1b2d1fb74f2,121,high,2,0.872091,appearance,4.031,True,True,True
extra_trees,e2711620-6d4e-4f9c-8922-b1b2d1fb74f2,122,high,2,0.859658,appearance,3.5,True,True,True
extra_trees,e2711620-6d4e-4f9c-8922-b1b2d1fb74f2,123,high,1,0.867025,appearance,5.408,True,True,True
extra_trees,e2711620-6d4e-4f9c-8922-b1b2d1fb74f2,124,high,3,0.895485,appearance,5.408,True,True,True
extra_trees,e2711620-6d4e-4f9c-8922-b1b2d1fb74f2,125,high,2,0.889494,map,3.536,True,True,True
extra_trees,e2711620-6d4e-4f9c-8922-b1b2d1fb74f2,126,high,3,0.89116,appearance,5.408,True,True,True
extra_trees,e2711620-6d4e-4f9c-8922-b1b2d1fb74f2,127,high,4,0.889844,appearance,3.5,True,True,True
extra_trees,e2711620-6d4e-4f9c-8922-b1b2d1fb74f2,128,high,6,0.879083,appearance,5.408,True,True,True
extra_trees,e2711620-6d4e-4f9c-8922-b1b2d1fb74f2,129,high,8,0.862321,appearance,5.408,True,True,True
extra_trees,e2711620-6d4e-4f9c-8922-b1b2d1fb74f2,130,high,10,0.842315,map,4.301,True,True,True
extra_trees,e2711620-6d4e-4f9c-8922-b1b2d1fb74f2,131,high,8,0.843476,appearance,5.831,True,True,True
extra_trees,e2711620-6d4e-4f9c-8922-b1b2d1fb74f2,132,high,9,0.807854,appearance,5.831,True,True,True
extra_trees,e2711620-6d4e-4f9c-8922-b1b2d1fb74f2,133,high,11,0.843624,large_dark,0.5,True,True,True
extra_trees,e2711620-6d4e-4f9c-8922-b1b2d1fb74f2,134,high,9,0.84476,large_dark,0.5,True,True,True
extra_trees,e2711620-6d4e-4f9c-8922-b1b2d1fb74f2,135,high,14,0.792369,appearance,5.408,True,True,True
extra_trees,e2711620-6d4e-4f9c-8922-b1b2d1fb74f2,136,high,9,0.819207,appearance,5.408,True,True,True
extra_trees,e2711620-6d4e-4f9c-8922-b1b2d1fb74f2,137,high,13,0.788477,appearance,4.031,True,True,True
extra_trees,e2711620-6d4e-4f9c-8922-b1b2d1fb74f2,138,high,6,0.772511,large_dark,47.024,False,False,True
extra_trees,e2711620-6d4e-4f9c-8922-b1b2d1fb74f2,139,high,5,0.786399,large_dark,47.024,False,False,True
extra_trees,e2711620-6d4e-4f9c-8922-b1b2d1fb74f2,140,high,10,0.846037,large_dark,0.0,True,True,True
extra_trees,e2711620-6d4e-4f9c-8922-b1b2d1fb74f2,141,high,5,0.860191,large_dark,0.0,True,True,True
extra_trees,e2711620-6d4e-4f9c-8922-b1b2d1fb74f2,142,high,6,0.877487,large_dark,0.5,True,True,True
extra_trees,e2711620-6d4e-4f9c-8922-b1b2d1fb74f2,143,high,3,0.900156,large_dark,0.5,True,True,True
extra_trees,e2711620-6d4e-4f9c-8922-b1b2d1fb74f2,144,high,2,0.901267,large_dark,0.5,True,True,True
extra_trees,e2711620-6d4e-4f9c-8922-b1b2d1fb74f2,145,high,3,0.902119,large_dark,0.5,True,True,True
extra_trees,e2711620-6d4e-4f9c-8922-b1b2d1fb74f2,146,high,1,0.919943,large_dark,0.5,True,True,True
extra_trees,e2711620-6d4e-4f9c-8922-b1b2d1fb74f2,147,high,1,0.928321,large_dark,0.0,True,True,True
extra_trees,e2711620-6d4e-4f9c-8922-b1b2d1fb74f2,148,high,2,0.919491,appearance,5.385,True,True,True
extra_trees,e2711620-6d4e-4f9c-8922-b1b2d1fb74f2,149,high,2,0.898154,appearance,5.385,True,True,True
extra_trees,e2711620-6d4e-4f9c-8922-b1b2d1fb74f2,150,high,2,0.91773,appearance,5.385,True,True,True
extra_trees,e2711620-6d4e-4f9c-8922-b1b2d1fb74f2,151,high,2,0.918995,appearance,5.385,True,True,True
extra_trees,e2711620-6d4e-4f9c-8922-b1b2d1fb74f2,152,high,2,0.910586,appearance,5.852,True,True,True
extra_trees,e2711620-6d4e-4f9c-8922-b1b2d1fb74f2,153,high,4,0.906963,map,4.717,True,True,True
extra_trees,e2711620-6d4e-4f9c-8922-b1b2d1fb74f2,154,high,2,0.904341,appearance,6.083,True,True,True
extra_trees,e2711620-6d4e-4f9c-8922-b1b2d1fb74f2,155,high,2,0.897426,map,7.106,True,True,True
extra_trees,e2711620-6d4e-4f9c-8922-b1b2d1fb74f2,156,high,2,0.86957,appearance,6.083,True,True,True
extra_trees,e2711620-6d4e-4f9c-8922-b1b2d1fb74f2,157,high,3,0.906626,large_dark,10.607,False,True,True
extra_trees,e2711620-6d4e-4f9c-8922-b1b2d1fb74f2,158,high,3,0.903635,appearance,6.083,True,True,True
extra_trees,e2711620-6d4e-4f9c-8922-b1b2d1fb74f2,159,high,3,0.851762,map,12.042,False,True,True
extra_trees,e2711620-6d4e-4f9c-8922-b1b2d1fb74f2,160,high,4,0.857331,map,3.905,True,True,True
extra_trees,e2711620-6d4e-4f9c-8922-b1b2d1fb74f2,161,high,2,0.878002,appearance,5.852,True,True,True
extra_trees,e2711620-6d4e-4f9c-8922-b1b2d1fb74f2,162,high,4,0.881108,map,11.885,False,True,True
extra_trees,e2711620-6d4e-4f9c-8922-b1b2d1fb74f2,163,high,5,0.904634,large_dark,0.707,True,True,True
extra_trees,e2711620-6d4e-4f9c-8922-b1b2d1fb74f2,164,high,1,0.912235,large_dark,0.707,True,True,True
extra_trees,e2711620-6d4e-4f9c-8922-b1b2d1fb74f2,165,high,3,0.922903,appearance,6.042,True,True,True
extra_trees,e2711620-6d4e-4f9c-8922-b1b2d1fb74f2,166,high,3,0.927365,appearance,6.042,True,True,True
extra_trees,e2711620-6d4e-4f9c-8922-b1b2d1fb74f2,167,high,1,0.926608,large_dark,0.707,True,True,True
extra_trees,e2711620-6d4e-4f9c-8922-b1b2d1fb74f2,168,high,1,0.922646,large_dark,0.707,True,True,True
extra_trees,e2711620-6d4e-4f9c-8922-b1b2d1fb74f2,169,high,1,0.912859,large_dark,0.0,True,True,True
extra_trees,e2711620-6d4e-4f9c-8922-b1b2d1fb74f2,170,high,3,0.905996,large_dark,0.5,True,True,True
extra_trees,e2711620-6d4e-4f9c-8922-b1b2d1fb74f2,171,high,1,0.914706,large_dark,0.5,True,True,True
extra_trees,e2711620-6d4e-4f9c-8922-b1b2d1fb74f2,172,high,1,0.908404,large_dark,0.5,True,True,True
extra_trees,e2711620-6d4e-4f9c-8922-b1b2d1fb74f2,173,high,1,0.921382,large_dark,0.5,True,True,True
extra_trees,e2711620-6d4e-4f9c-8922-b1b2d1fb74f2,174,high,1,0.924752,large_dark,0.5,True,True,True
extra_trees,e2711620-6d4e-4f9c-8922-b1b2d1fb74f2,175,high,1,0.925541,large_dark,0.5,True,True,True
extra_trees,e2711620-6d4e-4f9c-8922-b1b2d1fb74f2,176,high,1,0.921374,large_dark,0.5,True,True,True
extra_trees,e2711620-6d4e-4f9c-8922-b1b2d1fb74f2,177,high,3,0.932008,large_dark,0.5,True,True,True
extra_trees,e2711620-6d4e-4f9c-8922-b1b2d1fb74f2,178,high,1,0.928917,appearance,6.042,True,True,True
extra_trees,e2711620-6d4e-4f9c-8922-b1b2d1fb74f2,179,high,1,0.93216,large_dark,0.5,True,True,True
extra_trees,e2711620-6d4e-4f9c-8922-b1b2d1fb74f2,180,high,1,0.919429,large_dark,0.0,True,True,True
extra_trees,e2711620-6d4e-4f9c-8922-b1b2d1fb74f2,181,high,1,0.918663,large_dark,0.0,True,True,True
extra_trees,e2711620-6d4e-4f9c-8922-b1b2d1fb74f2,182,high,1,0.920563,large_dark,0.707,True,True,True
extra_trees,e2711620-6d4e-4f9c-8922-b1b2d1fb74f2,183,high,1,0.920405,large_dark,0.707,True,True,True
extra_trees,e2711620-6d4e-4f9c-8922-b1b2d1fb74f2,184,high,1,0.92133,large_dark,0.0,True,True,True
extra_trees,e2711620-6d4e-4f9c-8922-b1b2d1fb74f2,185,high,1,0.917497,large_dark,0.5,True,True,True
extra_trees,e2711620-6d4e-4f9c-8922-b1b2d1fb74f2,186,high,1,0.914451,large_dark,0.5,True,True,True
extra_trees,e2711620-6d4e-4f9c-8922-b1b2d1fb74f2,187,high,1,0.919828,large_dark,0.5,True,True,True
extra_trees,e2711620-6d4e-4f9c-8922-b1b2d1fb74f2,188,high,2,0.875497,appearance,6.325,True,True,True
extra_trees,e2711620-6d4e-4f9c-8922-b1b2d1fb74f2,189,high,3,0.902192,large_dark,0.0,True,True,True
extra_trees,e2711620-6d4e-4f9c-8922-b1b2d1fb74f2,190,high,4,0.890045,map,6.801,True,True,True
extra_trees,e2711620-6d4e-4f9c-8922-b1b2d1fb74f2,191,high,3,0.870398,map,3.905,True,True,True
extra_trees,e2711620-6d4e-4f9c-8922-b1b2d1fb74f2,192,high,1,0.891882,map,9.487,False,True,True
extra_trees,e2711620-6d4e-4f9c-8922-b1b2d1fb74f2,193,high,1,0.901541,appearance,7.28,True,True,True
extra_trees,e2711620-6d4e-4f9c-8922-b1b2d1fb74f2,194,high,2,0.909076,appearance,6.801,True,True,True
extra_trees,e2711620-6d4e-4f9c-8922-b1b2d1fb74f2,195,high,3,0.90715,large_dark,0.5,True,True,True
extra_trees,e2711620-6d4e-4f9c-8922-b1b2d1fb74f2,196,high,1,0.905073,large_dark,0.5,True,True,True
extra_trees,e2711620-6d4e-4f9c-8922-b1b2d1fb74f2,197,high,2,0.913679,map,8.846,False,True,True
extra_trees,e2711620-6d4e-4f9c-8922-b1b2d1fb74f2,198,high,1,0.931783,large_dark,0.5,True,True,True
extra_trees,e2711620-6d4e-4f9c-8922-b1b2d1fb74f2,199,high,1,0.928887,large_dark,0.5,True,True,True
extra_trees,e2711620-6d4e-4f9c-8922-b1b2d1fb74f2,200,high,1,0.9384,large_dark,0.707,True,True,True
extra_trees,e2711620-6d4e-4f9c-8922-b1b2d1fb74f2,201,high,1,0.923455,large_dark,0.707,True,True,True
extra_trees,e2711620-6d4e-4f9c-8922-b1b2d1fb74f2,202,high,1,0.920808,large_dark,0.707,True,True,True
extra_trees,e2711620-6d4e-4f9c-8922-b1b2d1fb74f2,203,high,1,0.914699,large_dark,0.707,True,True,True
extra_trees,e2711620-6d4e-4f9c-8922-b1b2d1fb74f2,204,high,2,0.889064,map,8.544,False,True,True
extra_trees,e2711620-6d4e-4f9c-8922-b1b2d1fb74f2,205,high,2,0.90192,appearance,5.701,True,True,True
extra_trees,e2711620-6d4e-4f9c-8922-b1b2d1fb74f2,206,high,2,0.866692,appearance,6.964,True,True,True
extra_trees,e2711620-6d4e-4f9c-8922-b1b2d1fb74f2,207,high,2,0.906557,map,4.743,True,True,True
extra_trees,e2711620-6d4e-4f9c-8922-b1b2d1fb74f2,208,high,2,0.863519,appearance,6.801,True,True,True
extra_trees,e2711620-6d4e-4f9c-8922-b1b2d1fb74f2,209,high,2,0.864982,map,4.743,True,True,True
extra_trees,e2711620-6d4e-4f9c-8922-b1b2d1fb74f2,210,high,2,0.849317,map,8.078,False,True,True
extra_trees,e2711620-6d4e-4f9c-8922-b1b2d1fb74f2,211,high,2,0.863737,appearance,6.801,True,True,True
extra_trees,e2711620-6d4e-4f9c-8922-b1b2d1fb74f2,212,high,2,0.836546,map,9.552,False,True,True
extra_trees,e2711620-6d4e-4f9c-8922-b1b2d1fb74f2,213,high,2,0.873852,appearance,6.801,True,True,True
extra_trees,e2711620-6d4e-4f9c-8922-b1b2d1fb74f2,214,high,2,0.861261,map,8.732,False,True,True
extra_trees,e2711620-6d4e-4f9c-8922-b1b2d1fb74f2,215,high,2,0.912268,map,8.078,False,True,True
extra_trees,e2711620-6d4e-4f9c-8922-b1b2d1fb74f2,216,high,1,0.922191,appearance,5.852,True,True,True
extra_trees,e2711620-6d4e-4f9c-8922-b1b2d1fb74f2,217,high,2,0.938503,map,8.382,False,True,True
extra_trees,e2711620-6d4e-4f9c-8922-b1b2d1fb74f2,218,high,2,0.931583,appearance,6.964,True,True,True
extra_trees,e2711620-6d4e-4f9c-8922-b1b2d1fb74f2,219,high,3,0.915031,map,10.512,False,True,True
extra_trees,e2711620-6d4e-4f9c-8922-b1b2d1fb74f2,220,high,5,0.895224,map,5.025,True,True,True
extra_trees,e2711620-6d4e-4f9c-8922-b1b2d1fb74f2,221,high,3,0.888297,large_dark,0.5,True,True,True
extra_trees,e2711620-6d4e-4f9c-8922-b1b2d1fb74f2,222,high,2,0.880512,map,8.732,False,True,True
extra_trees,e2711620-6d4e-4f9c-8922-b1b2d1fb74f2,223,high,4,0.82643,map,10.689,False,True,True
extra_trees,e2711620-6d4e-4f9c-8922-b1b2d1fb74f2,224,high,2,0.895736,map,3.808,True,True,True
extra_trees,e2711620-6d4e-4f9c-8922-b1b2d1fb74f2,225,high,2,0.913377,map,9.487,False,True,True
extra_trees,e2711620-6d4e-4f9c-8922-b1b2d1fb74f2,226,high,3,0.906844,map,12.369,False,True,True
extra_trees,e2711620-6d4e-4f9c-8922-b1b2d1fb74f2,227,high,2,0.906682,map,8.631,False,True,True
extra_trees,e2711620-6d4e-4f9c-8922-b1b2d1fb74f2,228,high,1,0.911816,appearance,5.852,True,True,True
extra_trees,e2711620-6d4e-4f9c-8922-b1b2d1fb74f2,229,high,2,0.913785,map,7.906,True,True,True
extra_trees,e2711620-6d4e-4f9c-8922-b1b2d1fb74f2,230,high,2,0.926768,map,8.276,False,True,True
extra_trees,e2711620-6d4e-4f9c-8922-b1b2d1fb74f2,231,high,3,0.922709,map,9.192,False,True,True
extra_trees,e2711620-6d4e-4f9c-8922-b1b2d1fb74f2,232,high,4,0.892863,map,10.512,False,True,True
extra_trees,e2711620-6d4e-4f9c-8922-b1b2d1fb74f2,233,high,2,0.851272,appearance,6.325,True,True,True
extra_trees,e2711620-6d4e-4f9c-8922-b1b2d1fb74f2,234,high,2,0.82502,map,8.944,False,True,True
extra_trees,e2711620-6d4e-4f9c-8922-b1b2d1fb74f2,235,high,1,0.807948,large_dark,0.5,True,True,True
extra_trees,e2711620-6d4e-4f9c-8922-b1b2d1fb74f2,236,high,2,0.863143,appearance,5.59,True,True,True
extra_trees,e2711620-6d4e-4f9c-8922-b1b2d1fb74f2,237,high,2,0.892355,map,4.61,True,True,True
extra_trees,e2711620-6d4e-4f9c-8922-b1b2d1fb74f2,238,high,2,0.898069,appearance,6.325,True,True,True
extra_trees,e2711620-6d4e-4f9c-8922-b1b2d1fb74f2,239,high,2,0.899106,appearance,5.385,True,True,True
extra_trees,e2711620-6d4e-4f9c-8922-b1b2d1fb74f2,240,high,2,0.902909,map,4.61,True,True,True
extra_trees,e2711620-6d4e-4f9c-8922-b1b2d1fb74f2,241,high,2,0.889042,appearance,6.325,True,True,True
extra_trees,e2711620-6d4e-4f9c-8922-b1b2d1fb74f2,242,high,2,0.90465,appearance,6.185,True,True,True
extra_trees,e2711620-6d4e-4f9c-8922-b1b2d1fb74f2,243,high,2,0.888418,appearance,6.185,True,True,True
extra_trees,e2711620-6d4e-4f9c-8922-b1b2d1fb74f2,244,high,2,0.912283,map,3.354,True,True,True
extra_trees,e2711620-6d4e-4f9c-8922-b1b2d1fb74f2,245,high,1,0.918924,map,8.139,False,True,True
extra_trees,e2711620-6d4e-4f9c-8922-b1b2d1fb74f2,246,high,1,0.927328,appearance,5.701,True,True,True
extra_trees,e2711620-6d4e-4f9c-8922-b1b2d1fb74f2,247,high,2,0.950811,large_dark,0.5,True,True,True
extra_trees,e2711620-6d4e-4f9c-8922-b1b2d1fb74f2,248,high,2,0.952093,appearance,5.701,True,True,True
extra_trees,e2711620-6d4e-4f9c-8922-b1b2d1fb74f2,249,high,1,0.953114,large_dark,0.707,True,True,True
extra_trees,e2711620-6d4e-4f9c-8922-b1b2d1fb74f2,250,high,2,0.943755,appearance,3.0,True,True,True
extra_trees,e2711620-6d4e-4f9c-8922-b1b2d1fb74f2,251,high,2,0.946825,appearance,3.0,True,True,True
extra_trees,e2711620-6d4e-4f9c-8922-b1b2d1fb74f2,252,high,1,0.935088,large_dark,0.5,True,True,True
extra_trees,e2711620-6d4e-4f9c-8922-b1b2d1fb74f2,253,high,1,0.932346,large_dark,0.5,True,True,True
extra_trees,e2711620-6d4e-4f9c-8922-b1b2d1fb74f2,254,high,1,0.930482,large_dark,0.707,True,True,True
extra_trees,e2711620-6d4e-4f9c-8922-b1b2d1fb74f2,255,high,1,0.917034,map,3.202,True,True,True
extra_trees,e2711620-6d4e-4f9c-8922-b1b2d1fb74f2,256,high,1,0.932369,large_dark,0.5,True,True,True
extra_trees,e2711620-6d4e-4f9c-8922-b1b2d1fb74f2,257,high,1,0.93,large_dark,0.707,True,True,True
extra_trees,e2711620-6d4e-4f9c-8922-b1b2d1fb74f2,258,high,1,0.924393,large_dark,0.707,True,True,True
extra_trees,e2711620-6d4e-4f9c-8922-b1b2d1fb74f2,259,high,1,0.933879,large_dark,0.707,True,True,True
extra_trees,e2711620-6d4e-4f9c-8922-b1b2d1fb74f2,260,high,1,0.938136,large_dark,0.5,True,True,True
extra_trees,e2711620-6d4e-4f9c-8922-b1b2d1fb74f2,261,high,1,0.93365,large_dark,6.801,True,True,True
extra_trees,e2711620-6d4e-4f9c-8922-b1b2d1fb74f2,262,high,1,0.932479,large_dark,0.0,True,True,True
extra_trees,e2711620-6d4e-4f9c-8922-b1b2d1fb74f2,263,high,1,0.929696,large_dark,0.0,True,True,True
extra_trees,e2711620-6d4e-4f9c-8922-b1b2d1fb74f2,264,high,2,0.914328,appearance,3.0,True,True,True
extra_trees,e2711620-6d4e-4f9c-8922-b1b2d1fb74f2,265,high,2,0.911369,appearance,3.5,True,True,True
extra_trees,e2711620-6d4e-4f9c-8922-b1b2d1fb74f2,266,high,1,0.907548,large_dark,0.5,True,True,True
extra_trees,e2711620-6d4e-4f9c-8922-b1b2d1fb74f2,267,high,1,0.912714,large_dark,0.5,True,True,True
extra_trees,e2711620-6d4e-4f9c-8922-b1b2d1fb74f2,268,high,1,0.907482,large_dark,0.5,True,True,True
extra_trees,e2711620-6d4e-4f9c-8922-b1b2d1fb74f2,269,high,2,0.909934,appearance,2.5,True,True,True
extra_trees,e2711620-6d4e-4f9c-8922-b1b2d1fb74f2,270,high,2,0.915427,appearance,3.0,True,True,True
extra_trees,e2711620-6d4e-4f9c-8922-b1b2d1fb74f2,271,high,2,0.877492,appearance,3.0,True,True,True
extra_trees,e2711620-6d4e-4f9c-8922-b1b2d1fb74f2,272,high,2,0.866378,appearance,2.062,True,True,True
extra_trees,e2711620-6d4e-4f9c-8922-b1b2d1fb74f2,273,high,1,0.866676,large_dark,0.5,True,True,True
extra_trees,e2711620-6d4e-4f9c-8922-b1b2d1fb74f2,274,high,2,0.91846,appearance,3.0,True,True,True
extra_trees,e2711620-6d4e-4f9c-8922-b1b2d1fb74f2,500,medium_high,2,0.825933,large_dark,0.5,True,True,True
extra_trees,e2711620-6d4e-4f9c-8922-b1b2d1fb74f2,501,medium_high,3,0.836902,large_dark,0.0,True,True,True
extra_trees,e2711620-6d4e-4f9c-8922-b1b2d1fb74f2,502,medium_high,3,0.830844,large_dark,0.5,True,True,True
extra_trees,e2711620-6d4e-4f9c-8922-b1b2d1fb74f2,503,medium_high,3,0.828636,large_dark,0.5,True,True,True
extra_trees,e2711620-6d4e-4f9c-8922-b1b2d1fb74f2,504,medium_high,3,0.838087,large_dark,0.707,True,True,True
extra_trees,e2711620-6d4e-4f9c-8922-b1b2d1fb74f2,505,medium_high,3,0.833734,large_dark,0.707,True,True,True
extra_trees,e2711620-6d4e-4f9c-8922-b1b2d1fb74f2,506,medium_high,5,0.874407,appearance,5.59,True,True,True
extra_trees,e2711620-6d4e-4f9c-8922-b1b2d1fb74f2,507,medium_high,5,0.863131,appearance,8.322,False,True,True
extra_trees,e2711620-6d4e-4f9c-8922-b1b2d1fb74f2,508,medium_high,6,0.851071,large_dark,42.027,False,False,True
extra_trees,e2711620-6d4e-4f9c-8922-b1b2d1fb74f2,509,medium_high,3,0.848514,large_dark,0.707,True,True,True
extra_trees,e2711620-6d4e-4f9c-8922-b1b2d1fb74f2,510,medium_high,3,0.841554,large_dark,0.707,True,True,True
extra_trees,e2711620-6d4e-4f9c-8922-b1b2d1fb74f2,511,medium_high,3,0.845204,large_dark,1.118,True,True,True
extra_trees,e2711620-6d4e-4f9c-8922-b1b2d1fb74f2,512,medium_high,5,0.870811,appearance,2.062,True,True,True
extra_trees,e2711620-6d4e-4f9c-8922-b1b2d1fb74f2,513,medium_high,5,0.898684,appearance,2.062,True,True,True
extra_trees,e2711620-6d4e-4f9c-8922-b1b2d1fb74f2,514,medium_high,6,0.887436,appearance,2.55,True,True,True
extra_trees,e2711620-6d4e-4f9c-8922-b1b2d1fb74f2,515,medium_high,2,0.862541,large_dark,0.0,True,True,True
extra_trees,e2711620-6d4e-4f9c-8922-b1b2d1fb74f2,516,medium_high,2,0.861334,large_dark,0.707,True,True,True
extra_trees,e2711620-6d4e-4f9c-8922-b1b2d1fb74f2,517,medium_high,2,0.860951,large_dark,0.5,True,True,True
extra_trees,e2711620-6d4e-4f9c-8922-b1b2d1fb74f2,518,medium_high,2,0.853637,large_dark,0.5,True,True,True
extra_trees,e2711620-6d4e-4f9c-8922-b1b2d1fb74f2,519,medium_high,3,0.859145,large_dark,1.118,True,True,True
extra_trees,e2711620-6d4e-4f9c-8922-b1b2d1fb74f2,520,medium_high,2,0.832893,large_dark,1.118,True,True,True
extra_trees,e2711620-6d4e-4f9c-8922-b1b2d1fb74f2,521,medium_high,3,0.832494,large_dark,0.0,True,True,True
extra_trees,e2711620-6d4e-4f9c-8922-b1b2d1fb74f2,522,medium_high,4,0.823601,large_dark,1.0,True,True,True
extra_trees,e2711620-6d4e-4f9c-8922-b1b2d1fb74f2,523,medium_high,2,0.821103,large_dark,1.0,True,True,True
extra_trees,e2711620-6d4e-4f9c-8922-b1b2d1fb74f2,524,medium_high,3,0.832411,large_dark,0.5,True,True,True
extra_trees,e2711620-6d4e-4f9c-8922-b1b2d1fb74f2,525,medium_high,2,0.828603,large_dark,0.5,True,True,True
extra_trees,e2711620-6d4e-4f9c-8922-b1b2d1fb74f2,526,medium_high,1,0.833754,large_dark,0.5,True,True,True
extra_trees,e2711620-6d4e-4f9c-8922-b1b2d1fb74f2,527,medium_high,1,0.834867,large_dark,0.0,True,True,True
extra_trees,e2711620-6d4e-4f9c-8922-b1b2d1fb74f2,528,medium_high,1,0.835766,large_dark,0.0,True,True,True
extra_trees,e2711620-6d4e-4f9c-8922-b1b2d1fb74f2,529,medium_high,1,0.839666,large_dark,1.0,True,True,True
extra_trees,e2711620-6d4e-4f9c-8922-b1b2d1fb74f2,530,medium_high,1,0.835353,large_dark,1.0,True,True,True
extra_trees,e2711620-6d4e-4f9c-8922-b1b2d1fb74f2,531,medium_high,1,0.835497,large_dark,0.5,True,True,True
extra_trees,e2711620-6d4e-4f9c-8922-b1b2d1fb74f2,532,medium_high,3,0.872675,map,5.099,True,True,True
extra_trees,e2711620-6d4e-4f9c-8922-b1b2d1fb74f2,533,medium_high,4,0.846303,map,7.071,True,True,True
extra_trees,e2711620-6d4e-4f9c-8922-b1b2d1fb74f2,534,medium_high,1,0.829747,large_dark,0.707,True,True,True
extra_trees,e2711620-6d4e-4f9c-8922-b1b2d1fb74f2,535,medium_high,1,0.801262,large_dark,0.707,True,True,True
extra_trees,e2711620-6d4e-4f9c-8922-b1b2d1fb74f2,536,medium_high,1,0.834463,large_dark,0.5,True,True,True
extra_trees,e2711620-6d4e-4f9c-8922-b1b2d1fb74f2,537,medium_high,1,0.833266,large_dark,0.5,True,True,True
extra_trees,e2711620-6d4e-4f9c-8922-b1b2d1fb74f2,538,medium_high,1,0.824856,large_dark,0.5,True,True,True
extra_trees,e2711620-6d4e-4f9c-8922-b1b2d1fb74f2,539,medium_high,1,0.825727,large_dark,1.0,True,True,True
extra_trees,e2711620-6d4e-4f9c-8922-b1b2d1fb74f2,540,medium_high,1,0.828963,large_dark,1.0,True,True,True
extra_trees,e2711620-6d4e-4f9c-8922-b1b2d1fb74f2,541,medium_high,2,0.892832,appearance,2.5,True,True,True
extra_trees,e2711620-6d4e-4f9c-8922-b1b2d1fb74f2,542,medium_high,2,0.882634,appearance,2.062,True,True,True
extra_trees,e2711620-6d4e-4f9c-8922-b1b2d1fb74f2,543,medium_high,2,0.85869,appearance,2.062,True,True,True
extra_trees,e2711620-6d4e-4f9c-8922-b1b2d1fb74f2,544,medium_high,1,0.853845,large_dark,0.707,True,True,True
extra_trees,e2711620-6d4e-4f9c-8922-b1b2d1fb74f2,545,medium_high,1,0.815071,large_dark,0.707,True,True,True
extra_trees,e2711620-6d4e-4f9c-8922-b1b2d1fb74f2,546,medium_high,1,0.85156,large_dark,0.0,True,True,True
extra_trees,e2711620-6d4e-4f9c-8922-b1b2d1fb74f2,547,medium_high,1,0.849575,large_dark,0.5,True,True,True
extra_trees,e2711620-6d4e-4f9c-8922-b1b2d1fb74f2,548,medium_high,1,0.846459,large_dark,0.5,True,True,True
extra_trees,e2711620-6d4e-4f9c-8922-b1b2d1fb74f2,549,medium_high,1,0.85019,large_dark,0.707,True,True,True
extra_trees,e2711620-6d4e-4f9c-8922-b1b2d1fb74f2,550,medium_high,1,0.846033,large_dark,0.707,True,True,True
extra_trees,e2711620-6d4e-4f9c-8922-b1b2d1fb74f2,551,medium_high,2,0.890384,native_map,3.5,True,True,True
extra_trees,e2711620-6d4e-4f9c-8922-b1b2d1fb74f2,552,medium_high,2,0.881505,native_map,3.5,True,True,True
extra_trees,e2711620-6d4e-4f9c-8922-b1b2d1fb74f2,553,medium_high,1,0.851402,large_dark,0.5,True,True,True
extra_trees,e2711620-6d4e-4f9c-8922-b1b2d1fb74f2,554,medium_high,2,0.907748,appearance,3.041,True,True,True
extra_trees,e2711620-6d4e-4f9c-8922-b1b2d1fb74f2,555,medium_high,2,0.896365,appearance,3.041,True,True,True
extra_trees,e2711620-6d4e-4f9c-8922-b1b2d1fb74f2,556,medium_high,1,0.890457,appearance,5.025,True,True,True
extra_trees,e2711620-6d4e-4f9c-8922-b1b2d1fb74f2,557,medium_high,1,0.920283,large_dark,0.707,True,True,True
extra_trees,e2711620-6d4e-4f9c-8922-b1b2d1fb74f2,558,medium_high,1,0.919152,large_dark,0.707,True,True,True
extra_trees,e2711620-6d4e-4f9c-8922-b1b2d1fb74f2,559,medium_high,1,0.921335,large_dark,0.707,True,True,True
extra_trees,e2711620-6d4e-4f9c-8922-b1b2d1fb74f2,560,medium_high,1,0.908479,large_dark,0.707,True,True,True
extra_trees,e2711620-6d4e-4f9c-8922-b1b2d1fb74f2,561,medium_high,1,0.925551,large_dark,0.0,True,True,True
extra_trees,e2711620-6d4e-4f9c-8922-b1b2d1fb74f2,562,medium_high,3,0.9245,large_dark,0.5,True,True,True
extra_trees,e2711620-6d4e-4f9c-8922-b1b2d1fb74f2,563,medium_high,2,0.918472,large_dark,0.5,True,True,True
extra_trees,e2711620-6d4e-4f9c-8922-b1b2d1fb74f2,564,medium_high,1,0.920997,large_dark,0.5,True,True,True
extra_trees,e2711620-6d4e-4f9c-8922-b1b2d1fb74f2,565,medium_high,1,0.838719,large_dark,0.5,True,True,True
extra_trees,e2711620-6d4e-4f9c-8922-b1b2d1fb74f2,566,medium_high,1,0.842364,large_dark,0.5,True,True,True
extra_trees,e2711620-6d4e-4f9c-8922-b1b2d1fb74f2,567,medium_high,1,0.844239,large_dark,0.5,True,True,True
extra_trees,e2711620-6d4e-4f9c-8922-b1b2d1fb74f2,568,medium_high,2,0.892935,map,3.808,True,True,True
extra_trees,e2711620-6d4e-4f9c-8922-b1b2d1fb74f2,569,medium_high,2,0.883981,map,2.062,True,True,True
extra_trees,e2711620-6d4e-4f9c-8922-b1b2d1fb74f2,570,medium_high,2,0.846565,map,2.062,True,True,True
extra_trees,e2711620-6d4e-4f9c-8922-b1b2d1fb74f2,571,medium_high,1,0.838555,large_dark,0.0,True,True,True
extra_trees,e2711620-6d4e-4f9c-8922-b1b2d1fb74f2,572,medium_high,1,0.844842,large_dark,0.0,True,True,True
extra_trees,e2711620-6d4e-4f9c-8922-b1b2d1fb74f2,573,medium_high,2,0.876965,native_map,3.162,True,True,True
extra_trees,e2711620-6d4e-4f9c-8922-b1b2d1fb74f2,574,medium_high,2,0.897352,map,7.28,True,True,True
extra_trees,e2711620-6d4e-4f9c-8922-b1b2d1fb74f2,575,medium_high,3,0.913147,appearance,5.59,True,True,True
extra_trees,e2711620-6d4e-4f9c-8922-b1b2d1fb74f2,576,medium_high,4,0.909076,motion,9.5,False,True,True
extra_trees,e2711620-6d4e-4f9c-8922-b1b2d1fb74f2,577,medium_high,7,0.88515,motion,7.106,True,True,True
extra_trees,e2711620-6d4e-4f9c-8922-b1b2d1fb74f2,578,medium_high,8,0.837959,motion,8.515,False,True,True
extra_trees,e2711620-6d4e-4f9c-8922-b1b2d1fb74f2,579,medium_high,2,0.892236,motion,7.5,True,True,True
extra_trees,e2711620-6d4e-4f9c-8922-b1b2d1fb74f2,580,medium_high,2,0.89521,appearance,5.523,True,True,True
extra_trees,e2711620-6d4e-4f9c-8922-b1b2d1fb74f2,581,medium_high,2,0.881517,appearance,5.523,True,True,True
extra_trees,e2711620-6d4e-4f9c-8922-b1b2d1fb74f2,582,medium_high,3,0.884482,appearance,2.55,True,True,True
extra_trees,e2711620-6d4e-4f9c-8922-b1b2d1fb74f2,583,medium_high,2,0.857857,appearance,2.55,True,True,True
extra_trees,e2711620-6d4e-4f9c-8922-b1b2d1fb74f2,584,medium_high,2,0.898057,appearance,6.083,True,True,True
extra_trees,e2711620-6d4e-4f9c-8922-b1b2d1fb74f2,585,medium_high,2,0.912811,appearance,6.083,True,True,True
extra_trees,e2711620-6d4e-4f9c-8922-b1b2d1fb74f2,586,medium_high,2,0.89812,appearance,5.523,True,True,True
extra_trees,e2711620-6d4e-4f9c-8922-b1b2d1fb74f2,587,medium_high,2,0.915198,map,3.536,True,True,True
extra_trees,e2711620-6d4e-4f9c-8922-b1b2d1fb74f2,588,medium_high,2,0.92491,appearance,5.59,True,True,True
extra_trees,e2711620-6d4e-4f9c-8922-b1b2d1fb74f2,589,medium_high,3,0.929932,appearance,6.083,True,True,True
extra_trees,e2711620-6d4e-4f9c-8922-b1b2d1fb74f2,590,medium_high,2,0.920271,appearance,6.083,True,True,True
extra_trees,e2711620-6d4e-4f9c-8922-b1b2d1fb74f2,591,medium_high,2,0.922,appearance,6.185,True,True,True
extra_trees,e2711620-6d4e-4f9c-8922-b1b2d1fb74f2,592,medium_high,2,0.936253,map,3.64,True,True,True
extra_trees,e2711620-6d4e-4f9c-8922-b1b2d1fb74f2,593,medium_high,2,0.902548,appearance,6.083,True,True,True
extra_trees,e2711620-6d4e-4f9c-8922-b1b2d1fb74f2,594,medium_high,2,0.911021,map,4.301,True,True,True
extra_trees,e2711620-6d4e-4f9c-8922-b1b2d1fb74f2,595,medium_high,2,0.90521,appearance,3.905,True,True,True
extra_trees,e2711620-6d4e-4f9c-8922-b1b2d1fb74f2,596,medium_high,2,0.90671,appearance,2.5,True,True,True
extra_trees,e2711620-6d4e-4f9c-8922-b1b2d1fb74f2,597,medium_high,2,0.915169,map,3.536,True,True,True
extra_trees,e2711620-6d4e-4f9c-8922-b1b2d1fb74f2,598,medium_high,2,0.900167,appearance,3.536,True,True,True
extra_trees,e2711620-6d4e-4f9c-8922-b1b2d1fb74f2,599,medium_high,2,0.902273,appearance,2.062,True,True,True
extra_trees,e2711620-6d4e-4f9c-8922-b1b2d1fb74f2,600,medium_high,2,0.893213,appearance,3.041,True,True,True
extra_trees,e2711620-6d4e-4f9c-8922-b1b2d1fb74f2,601,medium_high,2,0.908054,map,4.301,True,True,True
extra_trees,e2711620-6d4e-4f9c-8922-b1b2d1fb74f2,602,medium_high,2,0.883653,appearance,3.606,True,True,True
extra_trees,e2711620-6d4e-4f9c-8922-b1b2d1fb74f2,603,medium_high,2,0.87911,appearance,7.382,True,True,True
extra_trees,e2711620-6d4e-4f9c-8922-b1b2d1fb74f2,604,medium_high,2,0.886497,map,0.0,True,True,True
extra_trees,e2711620-6d4e-4f9c-8922-b1b2d1fb74f2,605,medium_high,2,0.877028,appearance,3.606,True,True,True
extra_trees,e2711620-6d4e-4f9c-8922-b1b2d1fb74f2,622,medium_high,3,0.902823,map,0.0,True,True,True
extra_trees,e2711620-6d4e-4f9c-8922-b1b2d1fb74f2,623,medium_high,2,0.871045,appearance,4.5,True,True,True
extra_trees,e2711620-6d4e-4f9c-8922-b1b2d1fb74f2,624,medium_high,2,0.877192,appearance,2.55,True,True,True
extra_trees,e2711620-6d4e-4f9c-8922-b1b2d1fb74f2,625,medium_high,2,0.883597,appearance,7.071,True,True,True
extra_trees,e2711620-6d4e-4f9c-8922-b1b2d1fb74f2,626,medium_high,2,0.917354,map,0.0,True,True,True
extra_trees,e2711620-6d4e-4f9c-8922-b1b2d1fb74f2,627,medium_high,3,0.918675,map,0.0,True,True,True
extra_trees,e2711620-6d4e-4f9c-8922-b1b2d1fb74f2,628,medium_high,3,0.907123,map,1.414,True,True,True
extra_trees,e2711620-6d4e-4f9c-8922-b1b2d1fb74f2,629,medium_high,4,0.895146,map,9.618,False,True,True
extra_trees,e2711620-6d4e-4f9c-8922-b1b2d1fb74f2,630,medium_high,2,0.88536,appearance,3.808,True,True,True
extra_trees,e2711620-6d4e-4f9c-8922-b1b2d1fb74f2,631,medium_high,2,0.891926,map,3.536,True,True,True
extra_trees,e2711620-6d4e-4f9c-8922-b1b2d1fb74f2,632,medium_high,2,0.900091,map,4.743,True,True,True
extra_trees,e2711620-6d4e-4f9c-8922-b1b2d1fb74f2,633,medium_high,3,0.887719,map,1.414,True,True,True
extra_trees,e2711620-6d4e-4f9c-8922-b1b2d1fb74f2,634,medium_high,2,0.886074,map,0.0,True,True,True
extra_trees,e2711620-6d4e-4f9c-8922-b1b2d1fb74f2,635,medium_high,2,0.884092,appearance,7.826,True,True,True
extra_trees,e2711620-6d4e-4f9c-8922-b1b2d1fb74f2,636,medium_high,2,0.920576,map,3.808,True,True,True
extra_trees,e2711620-6d4e-4f9c-8922-b1b2d1fb74f2,637,medium_high,2,0.885396,appearance,3.354,True,True,True
extra_trees,e2711620-6d4e-4f9c-8922-b1b2d1fb74f2,638,medium_high,2,0.884663,appearance,3.354,True,True,True
extra_trees,e2711620-6d4e-4f9c-8922-b1b2d1fb74f2,639,medium_high,2,0.89149,appearance,1.803,True,True,True
extra_trees,e2711620-6d4e-4f9c-8922-b1b2d1fb74f2,640,medium_high,2,0.887915,appearance,7.762,True,True,True
extra_trees,e2711620-6d4e-4f9c-8922-b1b2d1fb74f2,641,medium_high,3,0.87633,large_dark,17.464,False,False,True
extra_trees,e2711620-6d4e-4f9c-8922-b1b2d1fb74f2,642,medium_high,1,0.896142,map,0.0,True,True,True
extra_trees,e2711620-6d4e-4f9c-8922-b1b2d1fb74f2,643,medium_high,2,0.889489,appearance,3.354,True,True,True
extra_trees,e2711620-6d4e-4f9c-8922-b1b2d1fb74f2,644,medium_high,3,0.860039,map,2.828,True,True,True
extra_trees,e2711620-6d4e-4f9c-8922-b1b2d1fb74f2,645,medium_high,3,0.841604,large_dark,41.593,False,False,True
extra_trees,e2711620-6d4e-4f9c-8922-b1b2d1fb74f2,646,medium_high,2,0.84676,large_dark,40.522,False,False,True
extra_trees,e2711620-6d4e-4f9c-8922-b1b2d1fb74f2,647,medium_high,2,0.917603,appearance,3.0,True,True,True
extra_trees,e2711620-6d4e-4f9c-8922-b1b2d1fb74f2,648,medium_high,2,0.914496,appearance,3.162,True,True,True
extra_trees,e2711620-6d4e-4f9c-8922-b1b2d1fb74f2,649,medium_high,2,0.911446,appearance,3.606,True,True,True
extra_trees,e2711620-6d4e-4f9c-8922-b1b2d1fb74f2,650,high,2,0.913625,appearance,3.606,True,True,True
extra_trees,e2711620-6d4e-4f9c-8922-b1b2d1fb74f2,651,high,2,0.918817,appearance,3.808,True,True,True
extra_trees,e2711620-6d4e-4f9c-8922-b1b2d1fb74f2,652,high,1,0.929769,large_dark,2.062,True,True,True
extra_trees,e2711620-6d4e-4f9c-8922-b1b2d1fb74f2,653,high,1,0.932727,large_dark,2.062,True,True,True
extra_trees,e2711620-6d4e-4f9c-8922-b1b2d1fb74f2,654,high,1,0.936792,large_dark,3.202,True,True,True
extra_trees,e2711620-6d4e-4f9c-8922-b1b2d1fb74f2,655,high,1,0.927874,large_dark,3.202,True,True,True
extra_trees,e2711620-6d4e-4f9c-8922-b1b2d1fb74f2,656,high,4,0.906836,large_dark,15.692,False,True,True
extra_trees,e2711620-6d4e-4f9c-8922-b1b2d1fb74f2,657,high,1,0.909927,large_dark,13.601,False,True,True
extra_trees,e2711620-6d4e-4f9c-8922-b1b2d1fb74f2,658,high,2,0.912444,large_dark,4.472,True,True,True
extra_trees,e2711620-6d4e-4f9c-8922-b1b2d1fb74f2,659,high,3,0.927796,large_dark,21.541,False,False,True
extra_trees,e2711620-6d4e-4f9c-8922-b1b2d1fb74f2,660,high,1,0.904378,large_dark,4.123,True,True,True
extra_trees,e2711620-6d4e-4f9c-8922-b1b2d1fb74f2,661,high,2,0.884527,large_dark,4.272,True,True,True
extra_trees,e2711620-6d4e-4f9c-8922-b1b2d1fb74f2,662,high,3,0.869669,large_dark,25.632,False,False,True
extra_trees,e2711620-6d4e-4f9c-8922-b1b2d1fb74f2,663,high,1,0.86158,large_dark,25.632,False,False,True
extra_trees,e2711620-6d4e-4f9c-8922-b1b2d1fb74f2,664,high,3,0.861521,large_dark,28.324,False,False,True
extra_trees,e2711620-6d4e-4f9c-8922-b1b2d1fb74f2,665,high,6,0.822085,large_dark,94.256,False,False,True
extra_trees,e2711620-6d4e-4f9c-8922-b1b2d1fb74f2,666,high,3,0.815249,large_dark,25.773,False,False,True
extra_trees,e2711620-6d4e-4f9c-8922-b1b2d1fb74f2,667,high,9,0.860085,motion,102.485,False,False,True
extra_trees,e2711620-6d4e-4f9c-8922-b1b2d1fb74f2,668,high,7,0.859669,large_dark,109.768,False,False,True
extra_trees,e2711620-6d4e-4f9c-8922-b1b2d1fb74f2,669,high,4,0.86069,map,117.487,False,False,True
extra_trees,e2711620-6d4e-4f9c-8922-b1b2d1fb74f2,670,high,4,0.895894,large_dark,119.068,False,False,True
extra_trees,e2711620-6d4e-4f9c-8922-b1b2d1fb74f2,671,high,7,0.877188,motion,119.852,False,False,True
extra_trees,e2711620-6d4e-4f9c-8922-b1b2d1fb74f2,672,high,8,0.876433,motion,131.207,False,False,True
extra_trees,e2711620-6d4e-4f9c-8922-b1b2d1fb74f2,673,high,2,0.84121,large_dark,38.108,False,False,True
extra_trees,e2711620-6d4e-4f9c-8922-b1b2d1fb74f2,674,high,6,0.819651,map,151.909,False,False,True
extra_trees,e2711620-6d4e-4f9c-8922-b1b2d1fb74f2,675,high,6,0.805466,large_dark,37.165,False,False,True
extra_trees,e2711620-6d4e-4f9c-8922-b1b2d1fb74f2,676,high,7,0.795918,large_dark,37.583,False,False,True
extra_trees,e2711620-6d4e-4f9c-8922-b1b2d1fb74f2,677,high,1,0.787702,large_dark,32.882,False,False,True
extra_trees,e2711620-6d4e-4f9c-8922-b1b2d1fb74f2,678,high,3,0.783978,large_dark,22.299,False,False,True
extra_trees,e2711620-6d4e-4f9c-8922-b1b2d1fb74f2,679,high,1,0.781115,large_dark,32.882,False,False,True
extra_trees,e2711620-6d4e-4f9c-8922-b1b2d1fb74f2,680,high,4,0.782042,large_dark,22.299,False,False,True
extra_trees,e2711620-6d4e-4f9c-8922-b1b2d1fb74f2,681,high,4,0.778561,map,44.272,False,False,True
extra_trees,e2711620-6d4e-4f9c-8922-b1b2d1fb74f2,682,high,4,0.824598,large_dark,47.122,False,False,True
extra_trees,e2711620-6d4e-4f9c-8922-b1b2d1fb74f2,683,high,3,0.838758,large_dark,47.122,False,False,True
extra_trees,e2711620-6d4e-4f9c-8922-b1b2d1fb74f2,684,high,4,0.832582,large_dark,45.238,False,False,True
extra_trees,e2711620-6d4e-4f9c-8922-b1b2d1fb74f2,685,high,3,0.821959,large_dark,45.238,False,False,True
extra_trees,e2711620-6d4e-4f9c-8922-b1b2d1fb74f2,686,high,4,0.824051,large_dark,47.289,False,False,True
extra_trees,e2711620-6d4e-4f9c-8922-b1b2d1fb74f2,687,high,4,0.813435,large_dark,48.231,False,False,True
extra_trees,e2711620-6d4e-4f9c-8922-b1b2d1fb74f2,688,high,4,0.810084,large_dark,48.231,False,False,True
extra_trees,e2711620-6d4e-4f9c-8922-b1b2d1fb74f2,689,high,5,0.820513,large_dark,53.285,False,False,True
extra_trees,e2711620-6d4e-4f9c-8922-b1b2d1fb74f2,690,high,4,0.818476,large_dark,53.285,False,False,True
extra_trees,e2711620-6d4e-4f9c-8922-b1b2d1fb74f2,691,high,4,0.811935,large_dark,53.285,False,False,True
extra_trees,e2711620-6d4e-4f9c-8922-b1b2d1fb74f2,692,high,4,0.809133,large_dark,55.814,False,False,True
extra_trees,e2711620-6d4e-4f9c-8922-b1b2d1fb74f2,693,high,4,0.804499,large_dark,55.814,False,False,True
extra_trees,e2711620-6d4e-4f9c-8922-b1b2d1fb74f2,694,high,4,0.813574,large_dark,55.814,False,False,True
extra_trees,e2711620-6d4e-4f9c-8922-b1b2d1fb74f2,695,high,3,0.805053,large_dark,55.814,False,False,True
extra_trees,e2711620-6d4e-4f9c-8922-b1b2d1fb74f2,696,high,4,0.799839,large_dark,56.136,False,False,True
extra_trees,e2711620-6d4e-4f9c-8922-b1b2d1fb74f2,697,high,3,0.7956,large_dark,56.8,False,False,True
extra_trees,e2711620-6d4e-4f9c-8922-b1b2d1fb74f2,698,high,1,0.792615,large_dark,46.607,False,False,True
