frame,track_id,x,y,w,h,score,verified_score,tube_verifier_score,misses,vx,vy,cand_is_current,cand_frame,cand_source,cand_area,cand_fill,cand_aspect,cand_mean_residual,cand_mean_appearance,cand_local_contrast,cand_texture,cand_line_context,cand_isolation,cand_score,cand_local_flow_score,cand_local_flow_delta_px,cand_local_flow_bg_sigma,cand_local_flow_inside_n,cand_local_flow_annulus_n,cand_local_bg_residual,cand_local_residual_ratio,cand_local_comp_score,cand_map_score,cand_attached_support,cand_native_dark_score,cand_sky_like,cand_router_state,cand_router_confidence,cand_router_close_sky_like,cand_router_close_texture,cand_router_far_sky_like,cand_router_far_texture,tube_tube_hits,tube_tube_len,tube_hit_rate,tube_miss_rate,tube_mean_score,tube_score_std,tube_mean_map_score,tube_map_hit_rate,tube_appearance_only_rate,tube_surface_source_rate,tube_router_surface_backed_rate,tube_router_clean_sky_rate,tube_router_boundary_rate,tube_router_line_attached_rate,tube_router_unknown_rate,tube_tiny_rate,tube_mean_line_context,tube_max_line_context,tube_mean_attached_support,tube_max_attached_support,tube_mean_native_dark_score,tube_max_native_dark_score,tube_mean_sky_like,tube_max_sky_like,tube_sky_hit_rate,tube_mean_texture,tube_mean_residual,tube_mean_appearance,tube_mean_area,tube_mean_pair_score,tube_positive_pair_rate,tube_mean_pair_raw,tube_positive_pair_raw_rate,tube_mean_pair_bg,tube_positive_pair_bg_rate,tube_mean_pair_bg_local,tube_positive_pair_bg_local_rate,tube_mean_align_gain,tube_positive_align_rate,tube_mean_bg_dist,tube_mean_cv_resid,tube_mean_bg_minus_cv,tube_mean_cand_density,tube_log_cand_density,tube_mean_speed,tube_max_speed,tube_mean_accel,tube_max_accel
3,4,80,102,14,14,11.145545,14.205885,3.06034,0,0.0,0.2275,1,3,large_dark,196,1.0,1.0,5.76,6.62,7.14,95.26,0.424,0.0,4.628,0.0,0.0,0.0,0,0,0.0,0.0,0.0,51.677,2.931,0.0,0.0,unrouted,0.0,0.0,0.0,0.0,0.0,3.0,3.0,1.0,0.0,4.686667,0.041684,52.717,1.0,0.0,0.0,0.0,0.0,0.0,0.0,1.0,0.0,0.435,0.442,2.890667,2.931,0.0,0.0,0.0,0.0,0.0,95.513333,3.743333,6.28,196.0,0.070295,0.333333,0.070295,0.333333,0.0,0.0,0.0,0.0,0.0,0.0,0.333333,0.45,-0.116667,20.333333,3.060271,0.333333,1.0,0.45,1.0
4,4,80,102,14,14,15.337713,18.330706,2.992993,0,0.0,0.147875,1,4,large_dark,196,1.0,1.0,0.05,6.61,7.07,95.2,0.426,0.0,4.576,0.0,0.0,0.0,0,0,0.0,0.0,0.0,51.673,2.921,0.0,0.0,unrouted,0.0,0.0,0.0,0.0,0.0,4.0,4.0,1.0,0.0,4.659,0.059996,52.456,1.0,0.0,0.0,0.0,0.0,0.0,0.0,1.0,0.0,0.43275,0.442,2.89825,2.931,0.0,0.0,0.0,0.0,0.0,95.435,2.82,6.3625,196.0,0.052721,0.25,0.052721,0.25,0.0,0.0,0.0,0.0,0.0,0.0,0.25,0.394375,-0.144375,20.25,3.056357,0.25,1.0,0.394375,1.0
5,4,80,102,14,14,19.518996,22.486011,2.967014,0,0.0,0.096119,1,5,large_dark,196,1.0,1.0,5.48,7.08,7.88,94.89,0.428,0.0,4.562,0.0,0.0,0.0,0,0,0.0,0.0,0.0,50.71,2.812,0.0,0.0,unrouted,0.0,0.0,0.0,0.0,0.0,5.0,5.0,1.0,0.0,4.6396,0.06622,52.1068,1.0,0.0,0.0,0.0,0.0,0.0,0.0,1.0,0.0,0.4318,0.442,2.881,2.931,0.0,0.0,0.0,0.0,0.0,95.326,3.352,6.506,196.0,0.042177,0.2,0.042177,0.2,0.0,0.0,0.0,0.0,0.0,0.0,0.4,0.345075,0.054925,20.6,3.072693,0.2,1.0,0.345075,1.0
6,4,80,102,14,14,23.655883,26.605637,2.949754,0,0.0,0.062477,1,6,large_dark,196,1.0,1.0,0.0,7.08,7.88,94.88,0.427,0.0,4.513,0.0,0.0,0.0,0,0,0.0,0.0,0.0,50.71,2.813,0.0,0.0,unrouted,0.0,0.0,0.0,0.0,0.0,6.0,6.0,1.0,0.0,4.6185,0.076683,51.874,1.0,0.0,0.0,0.0,0.0,0.0,0.0,1.0,0.0,0.431,0.442,2.869667,2.931,0.0,0.0,0.0,0.0,0.0,95.251667,2.793333,6.601667,196.0,0.035147,0.166667,0.035147,0.166667,0.0,0.0,0.0,0.0,0.0,0.0,0.333333,0.303582,0.029751,20.666667,3.075775,0.166667,1.0,0.303582,1.0
7,4,80,103,14,14,27.747102,30.725462,2.978361,0,0.0,0.39061,1,7,large_dark,196,1.0,1.0,4.77,7.53,7.19,94.18,0.406,0.0,4.537,0.0,0.0,0.0,0,0,0.0,0.0,0.0,50.374,2.702,0.0,0.0,unrouted,0.0,0.0,0.0,0.0,0.0,7.0,7.0,1.0,0.0,4.606857,0.076509,51.659714,1.0,0.0,0.0,0.0,0.0,0.0,0.0,1.0,0.0,0.427429,0.442,2.845714,2.931,0.0,0.0,0.0,0.0,0.0,95.098571,3.075714,6.734286,196.0,0.034985,0.142857,0.034985,0.142857,0.0,0.0,0.0,0.0,0.0,0.0,0.285714,0.394145,-0.108431,20.714286,3.07797,0.285714,1.0,0.394145,1.0
8,4,80,104,14,14,31.686286,34.67915,2.992863,0,0.0,0.603897,1,8,large_dark,196,1.0,1.0,5.15,7.99,6.3,93.9,0.394,0.0,4.491,0.0,0.0,0.0,0,0,0.0,0.0,0.0,49.698,2.73,0.0,0.0,unrouted,0.0,0.0,0.0,0.0,0.0,8.0,8.0,1.0,0.0,4.592375,0.081179,51.4145,1.0,0.0,0.0,0.0,0.0,0.0,0.0,1.0,0.0,0.42325,0.442,2.83125,2.931,0.0,0.0,0.0,0.0,0.0,94.94875,3.335,6.89125,196.0,0.009354,0.125,0.009354,0.125,0.0,0.0,0.0,0.0,0.0,0.0,0.25,0.421051,-0.171051,20.75,3.079614,0.375,1.0,0.421051,1.0
9,4,80,104,14,14,35.733369,38.720692,2.987323,0,0.0,0.392533,1,9,large_dark,196,1.0,1.0,0.55,7.98,6.5,93.98,0.397,0.0,4.452,0.0,0.0,0.0,0,0,0.0,0.0,0.0,49.716,2.746,0.0,0.0,unrouted,0.0,0.0,0.0,0.0,0.0,9.0,9.0,1.0,0.0,4.576778,0.08834,51.225778,1.0,0.0,0.0,0.0,0.0,0.0,0.0,1.0,0.0,0.420333,0.442,2.821778,2.931,0.0,0.0,0.0,0.0,0.0,94.841111,3.025556,7.012222,196.0,0.008314,0.111111,0.008314,0.111111,0.0,0.0,0.0,0.0,0.0,0.0,0.222222,0.441367,-0.219145,20.777778,3.08089,0.333333,1.0,0.441367,1.0
10,4,80,104,14,14,37.354592,40.356427,3.001834,0,0.0,0.255146,1,10,large_dark,196,1.0,1.0,4.34,8.45,7.88,93.67,0.394,0.0,4.535,0.0,0.0,0.0,0,0,0.0,0.0,0.0,50.093,2.729,0.0,0.0,unrouted,0.0,0.0,0.0,0.0,0.0,9.0,9.0,1.0,0.0,4.556111,0.072523,50.833444,1.0,0.0,0.0,0.0,0.0,0.0,0.0,1.0,0.0,0.415,0.439,2.81,2.931,0.0,0.0,0.0,0.0,0.0,94.635556,3.507778,7.301111,196.0,0.008314,0.111111,0.008314,0.111111,0.0,0.0,0.0,0.0,0.0,0.0,0.333333,0.484982,-0.151648,21.0,3.091042,0.333333,1.0,0.484982,1.0
11,4,80,104,14,14,37.099979,40.034355,2.934376,0,0.0,0.165845,1,11,large_dark,196,1.0,1.0,0.06,8.45,7.89,93.73,0.395,0.0,4.498,0.0,0.0,0.0,0,0,0.0,0.0,0.0,50.098,2.728,0.0,0.0,unrouted,0.0,0.0,0.0,0.0,0.0,9.0,9.0,1.0,0.0,4.532444,0.049083,50.527667,1.0,0.0,0.0,0.0,0.0,0.0,0.0,1.0,0.0,0.410111,0.428,2.790222,2.931,0.0,0.0,0.0,0.0,0.0,94.41,2.906667,7.532222,196.0,-0.015117,0.0,-0.015117,0.0,0.0,0.0,0.0,0.0,0.0,0.0,0.333333,0.40222,-0.068887,20.888889,3.085979,0.222222,1.0,0.40222,0.937523
12,4,80,104,14,14,37.023737,39.974697,2.95096,0,0.0,0.107799,1,12,large_dark,196,1.0,1.0,4.85,8.8,7.89,92.62,0.385,0.0,4.521,0.0,0.0,0.0,0,0,0.0,0.0,0.0,49.755,2.796,0.0,0.0,unrouted,0.0,0.0,0.0,0.0,0.0,9.0,9.0,1.0,0.0,4.520556,0.035606,50.314111,1.0,0.0,0.0,0.0,0.0,0.0,0.0,1.0,0.0,0.405778,0.428,2.775222,2.921,0.0,0.0,0.0,0.0,0.0,94.116667,2.805556,7.774444,196.0,-0.015117,0.0,-0.015117,0.0,0.0,0.0,0.0,0.0,0.0,0.0,0.333333,0.381759,-0.048425,20.666667,3.075775,0.222222,1.0,0.381759,0.937523
13,4,80,106,14,14,36.318536,39.322971,3.004436,0,0.0,0.77007,1,13,large_dark,196,1.0,1.0,4.43,9.42,6.45,91.88,0.394,0.0,4.414,0.0,0.0,0.0,0,0,0.0,0.0,0.0,48.466,2.767,0.0,0.0,unrouted,0.0,0.0,0.0,0.0,0.0,9.0,9.0,1.0,0.0,4.502556,0.043172,49.957778,1.0,0.0,0.0,0.0,0.0,0.0,0.0,1.0,0.0,0.402222,0.428,2.758111,2.813,0.0,0.0,0.0,0.0,0.0,93.747778,3.292222,8.086667,196.0,-0.033258,0.0,-0.033258,0.0,0.0,0.0,0.0,0.0,0.0,0.0,0.444444,0.566725,-0.122281,20.444444,3.065466,0.444444,2.0,0.566725,1.892201
14,4,80,106,14,14,36.085932,39.100434,3.014502,0,0.0,0.500545,1,14,large_dark,196,1.0,1.0,0.08,9.41,6.45,91.88,0.394,0.0,4.376,0.0,0.0,0.0,0,0,0.0,0.0,0.0,48.476,2.766,0.0,0.0,unrouted,0.0,0.0,0.0,0.0,0.0,9.0,9.0,1.0,0.0,4.481889,0.053138,49.709556,1.0,0.0,0.0,0.0,0.0,0.0,0.0,1.0,0.0,0.398444,0.427,2.753,2.813,0.0,0.0,0.0,0.0,0.0,93.413333,2.692222,8.345556,196.0,-0.033258,0.0,-0.033258,0.0,0.0,0.0,0.0,0.0,0.0,0.0,0.333333,0.635858,-0.302525,20.0,3.044522,0.444444,2.0,0.635858,1.892201
15,4,80,106,14,14,35.975278,38.989619,3.014341,0,0.0,0.325354,1,15,large_dark,196,1.0,1.0,4.08,9.4,7.31,92.18,0.403,0.0,4.418,0.0,0.0,0.0,0,0,0.0,0.0,0.0,48.509,2.89,0.0,0.0,unrouted,0.0,0.0,0.0,0.0,0.0,9.0,9.0,1.0,0.0,4.471333,0.055301,49.465,1.0,0.0,0.0,0.0,0.0,0.0,0.0,1.0,0.0,0.395778,0.406,2.761556,2.89,0.0,0.0,0.0,0.0,0.0,93.113333,3.145556,8.603333,196.0,-0.033258,0.0,-0.033258,0.0,0.0,0.0,0.0,0.0,0.0,0.0,0.444444,0.680794,-0.23635,20.222222,3.055049,0.444444,2.0,0.680794,1.892201
16,4,80,106,14,14,35.8934,38.875896,2.982496,0,0.0,0.21148,1,16,large_dark,196,1.0,1.0,0.0,9.4,7.3,92.17,0.403,0.0,4.382,0.0,0.0,0.0,0,0,0.0,0.0,0.0,48.509,2.888,0.0,0.0,unrouted,0.0,0.0,0.0,0.0,0.0,9.0,9.0,1.0,0.0,4.454111,0.056296,49.257778,1.0,0.0,0.0,0.0,0.0,0.0,0.0,1.0,0.0,0.395444,0.403,2.782222,2.89,0.0,0.0,0.0,0.0,0.0,92.89,2.615556,8.811111,196.0,-0.037037,0.0,-0.037037,0.0,0.0,0.0,0.0,0.0,0.0,0.0,0.444444,0.612776,-0.168331,20.111111,3.049799,0.333333,2.0,0.612776,1.892201
17,4,80,107,14,14,35.741326,38.699062,2.957736,0,0.0,0.487462,1,17,large_dark,196,1.0,1.0,4.11,9.49,6.95,92.64,0.418,0.0,4.332,0.0,0.0,0.0,0,0,0.0,0.0,0.0,47.468,3.076,0.0,0.0,unrouted,0.0,0.0,0.0,0.0,0.0,9.0,9.0,1.0,0.0,4.436444,0.066051,49.01,1.0,0.0,0.0,0.0,0.0,0.0,0.0,1.0,0.0,0.398111,0.418,2.820667,3.076,0.0,0.0,0.0,0.0,0.0,92.75,2.5,8.977778,196.0,-0.032124,0.0,-0.032124,0.0,0.0,0.0,0.0,0.0,0.0,0.0,0.444444,0.632679,-0.188234,20.555556,3.070634,0.333333,2.0,0.632679,1.892201
18,4,80,108,14,14,35.41072,38.362538,2.951818,0,0.0,0.66685,1,18,large_dark,196,1.0,1.0,4.39,9.96,7.51,93.14,0.435,0.0,4.206,0.0,0.0,0.0,0,0,0.0,0.0,0.0,45.748,3.022,0.0,0.0,unrouted,0.0,0.0,0.0,0.0,0.0,9.0,9.0,1.0,0.0,4.409111,0.097413,48.569111,1.0,0.0,0.0,0.0,0.0,0.0,0.0,1.0,0.0,0.402333,0.435,2.851333,3.076,0.0,0.0,0.0,0.0,0.0,92.656667,2.926667,9.197778,196.0,-0.044596,0.0,-0.044596,0.0,0.0,0.0,0.0,0.0,0.0,0.0,0.444444,0.622528,-0.178083,20.222222,3.055049,0.444444,2.0,0.622528,1.892201
19,1,64,93,14,14,52.185843,31.374608,-20.811235,0,0.221126,-0.064823,1,19,large_dark,196,1.0,1.0,0.0,13.85,37.68,79.43,0.516,0.0,6.23,0.0,0.0,0.0,0,0,0.0,0.0,0.0,69.118,14.506,0.0,0.0,unrouted,0.0,0.0,0.0,0.0,0.0,9.0,9.0,1.0,0.0,6.405889,0.104558,71.168778,1.0,0.0,0.0,0.0,0.0,0.0,0.0,1.0,0.0,0.520333,0.53,22.794444,29.351,0.0,0.0,0.0,0.0,0.0,81.083333,5.83,11.815556,196.0,-0.067522,0.0,-0.067522,0.0,0.0,0.0,0.0,0.0,0.0,0.0,0.490468,0.533665,-0.043197,19.666667,3.028522,0.268246,1.414214,0.533665,1.335245
20,4,80,108,14,14,34.609399,37.504889,2.89549,0,0.0,0.281744,1,20,large_dark,196,1.0,1.0,3.94,9.48,7.16,93.45,0.449,0.0,4.109,0.0,0.0,0.0,0,0,0.0,0.0,0.0,44.768,3.098,0.0,0.0,unrouted,0.0,0.0,0.0,0.0,0.0,9.0,9.0,1.0,0.0,4.325,0.127657,47.494111,1.0,0.0,0.0,0.0,0.0,0.0,0.0,1.0,0.0,0.412889,0.449,2.924778,3.098,0.0,0.0,0.0,0.0,0.0,92.565556,2.876667,9.48,196.0,-0.044596,0.0,-0.044596,0.0,0.0,0.0,0.0,0.0,0.0,0.0,0.444444,0.67282,-0.228375,19.555556,3.023131,0.444444,2.0,0.67282,1.892201
21,1,64,93,14,14,51.530378,33.941354,-17.589024,0,0.093426,-0.027388,1,21,large_dark,196,1.0,1.0,0.0,14.33,38.05,79.83,0.52,0.0,6.127,0.0,0.0,0.0,0,0,0.0,0.0,0.0,67.726,14.539,0.0,0.0,unrouted,0.0,0.0,0.0,0.0,0.0,9.0,9.0,1.0,0.0,6.325556,0.111502,69.926667,1.0,0.0,0.0,0.0,0.0,0.0,0.0,1.0,0.0,0.523,0.53,19.625889,26.762,0.0,0.0,0.0,0.0,0.0,80.416667,5.657778,12.921111,196.0,-0.067522,0.0,-0.067522,0.0,0.0,0.0,0.0,0.0,0.0,0.0,0.379357,0.47831,-0.098953,19.555556,3.023131,0.268246,1.414214,0.47831,1.335245
22,1,65,92,14,14,50.665677,34.723844,-15.941833,0,0.410727,-0.367802,1,22,large_dark,196,1.0,1.0,9.98,15.37,39.51,78.34,0.536,0.0,6.104,0.0,0.0,0.0,0,0,0.0,0.0,0.0,66.122,4.18,0.0,0.0,unrouted,0.0,0.0,0.0,0.0,0.0,9.0,9.0,1.0,0.0,6.291,0.125713,69.368444,1.0,0.0,0.0,0.0,0.0,0.0,0.0,1.0,0.0,0.524333,0.536,17.116778,26.76,0.0,0.0,0.0,0.0,0.0,79.991111,5.586667,13.494444,196.0,-0.114385,0.0,-0.114385,0.0,0.0,0.0,0.0,0.0,0.0,0.0,0.425381,0.601052,-0.175671,19.333333,3.012262,0.425381,1.414214,0.601052,1.335245
23,1,66,92,14,14,50.364948,37.732599,-12.632349,0,0.616972,-0.239071,1,23,large_dark,196,1.0,1.0,9.43,15.45,39.43,78.17,0.56,0.0,6.022,0.0,0.0,0.0,0,0,0.0,0.0,0.0,65.203,2.814,0.0,0.0,unrouted,0.0,0.0,0.0,0.0,0.0,9.0,9.0,1.0,0.0,6.257667,0.150419,68.708,1.0,0.0,0.0,0.0,0.0,0.0,0.0,1.0,0.0,0.528333,0.56,14.456111,23.289,0.0,0.0,0.0,0.0,0.0,79.545556,6.627778,14.076667,196.0,-0.107583,0.0,-0.107583,0.0,0.0,0.0,0.0,0.0,0.0,0.0,0.536492,0.661989,-0.125497,19.0,2.995732,0.536492,1.414214,0.661989,1.335245
24,1,66,92,14,14,50.346807,39.174485,-11.172322,0,0.401032,-0.155396,1,24,large_dark,196,1.0,1.0,0.0,15.45,39.43,78.19,0.56,0.0,5.938,0.0,0.0,0.0,0,0,0.0,0.0,0.0,65.203,2.815,0.0,0.0,unrouted,0.0,0.0,0.0,0.0,0.0,9.0,9.0,1.0,0.0,6.199111,0.160546,68.047778,1.0,0.0,0.0,0.0,0.0,0.0,0.0,1.0,0.0,0.531667,0.56,12.181222,23.285,0.0,0.0,0.0,0.0,0.0,79.291111,5.438889,14.361111,196.0,-0.064248,0.0,-0.064248,0.0,0.0,0.0,0.0,0.0,0.0,0.0,0.379357,0.587148,-0.20779,18.0,2.944439,0.379357,1.414214,0.587148,1.329606
25,1,66,91,14,14,50.000045,42.497307,-7.502738,0,0.260671,-0.451008,1,25,large_dark,196,1.0,1.0,9.14,16.71,39.72,77.15,0.567,0.0,6.043,0.0,0.0,0.0,0,0,0.0,0.0,0.0,65.22,2.854,0.0,0.0,unrouted,0.0,0.0,0.0,0.0,0.0,9.0,9.0,1.0,0.0,6.162667,0.154505,67.389444,1.0,0.0,0.0,0.0,0.0,0.0,0.0,1.0,0.0,0.535778,0.567,9.911111,18.449,0.0,0.0,0.0,0.0,0.0,78.922222,6.454444,14.785556,196.0,-0.058201,0.0,-0.058201,0.0,0.0,0.0,0.0,0.0,0.0,0.0,0.490468,0.630149,-0.139681,17.777778,2.932674,0.490468,1.414214,0.630149,1.329606
26,1,66,91,14,14,49.72712,45.092234,-4.634886,0,0.169436,-0.293155,1,26,large_dark,196,1.0,1.0,0.0,16.71,39.73,77.16,0.567,0.0,5.962,0.0,0.0,0.0,0,0,0.0,0.0,0.0,65.22,2.854,0.0,0.0,unrouted,0.0,0.0,0.0,0.0,0.0,9.0,9.0,1.0,0.0,6.106222,0.121099,66.739556,1.0,0.0,0.0,0.0,0.0,0.0,0.0,1.0,0.0,0.540222,0.567,8.178333,14.539,0.0,0.0,0.0,0.0,0.0,78.616667,5.343333,15.116667,196.0,-0.034014,0.0,-0.034014,0.0,0.0,0.0,0.0,0.0,0.0,0.0,0.379357,0.602437,-0.22308,16.666667,2.87168,0.379357,1.414214,0.602437,1.329606
27,1,66,91,14,14,49.27619,45.469104,-3.807086,0,0.110133,-0.190551,1,27,large_dark,196,1.0,1.0,8.49,16.9,40.0,77.38,0.558,0.0,5.835,0.0,0.0,0.0,0,0,0.0,0.0,0.0,62.624,2.984,0.0,0.0,unrouted,0.0,0.0,0.0,0.0,0.0,9.0,9.0,1.0,0.0,6.052556,0.122373,66.018,1.0,0.0,0.0,0.0,0.0,0.0,0.0,1.0,0.0,0.544889,0.567,6.898333,14.539,0.0,0.0,0.0,0.0,0.0,78.386667,5.188889,15.455556,196.0,-0.034014,0.0,-0.034014,0.0,0.0,0.0,0.0,0.0,0.0,0.0,0.379357,0.579459,-0.200102,16.555556,2.86537,0.379357,1.414214,0.579459,1.329606
28,1,67,90,14,14,48.614645,45.650442,-2.964203,0,0.421587,-0.473858,1,28,large_dark,196,1.0,1.0,8.64,17.91,40.54,76.7,0.546,0.0,5.825,0.0,0.0,0.0,0,0,0.0,0.0,0.0,62.201,3.137,0.0,0.0,unrouted,0.0,0.0,0.0,0.0,0.0,9.0,9.0,1.0,0.0,6.007556,0.123309,65.249444,1.0,0.0,0.0,0.0,0.0,0.0,0.0,1.0,0.0,0.548222,0.567,5.635111,14.539,0.0,0.0,0.0,0.0,0.0,78.083333,6.148889,15.906667,196.0,-0.047997,0.0,-0.047997,0.0,0.0,0.0,0.0,0.0,0.0,0.0,0.536492,0.673729,-0.137238,16.777778,2.877949,0.536492,1.414214,0.673729,1.329606
29,1,67,92,14,14,47.34712,45.250767,-2.096353,0,0.274031,0.391992,1,29,large_dark,196,1.0,1.0,0.77,15.52,37.28,78.21,0.547,0.0,5.707,0.0,0.0,0.0,0,0,0.0,0.0,0.0,62.182,3.026,0.0,0.0,unrouted,0.0,0.0,0.0,0.0,0.0,9.0,9.0,1.0,0.0,5.951444,0.132097,64.633444,1.0,0.0,0.0,0.0,0.0,0.0,0.0,1.0,0.0,0.551222,0.567,4.355889,14.539,0.0,0.0,0.0,0.0,0.0,77.903333,5.161111,16.038889,196.0,-0.051776,0.0,-0.051776,0.0,0.0,0.0,0.0,0.0,0.0,0.0,0.758714,0.926962,-0.168248,16.555556,2.86537,0.758714,2.0,0.926962,2.509524
30,1,68,92,14,14,46.854838,49.666557,2.811719,0,0.52812,0.254795,1,30,large_dark,196,1.0,1.0,8.55,15.13,36.24,78.35,0.549,0.0,5.672,0.0,0.0,0.0,0,0,0.0,0.0,0.0,60.975,3.151,0.0,0.0,unrouted,0.0,0.0,0.0,0.0,0.0,9.0,9.0,1.0,0.0,5.900889,0.141936,63.883333,1.0,0.0,0.0,0.0,0.0,0.0,0.0,1.0,0.0,0.554444,0.567,3.090556,4.18,0.0,0.0,0.0,0.0,0.0,77.738889,6.111111,16.127778,196.0,-0.047953,0.0,-0.047953,0.0,0.0,0.0,0.0,0.0,0.0,0.0,0.869825,1.00199,-0.132165,16.777778,2.877949,0.869825,2.0,1.00199,2.509524
31,1,68,92,14,14,46.897681,49.765849,2.868167,0,0.343278,0.165617,1,31,large_dark,196,1.0,1.0,0.0,15.13,36.24,78.36,0.549,0.0,5.596,0.0,0.0,0.0,0,0,0.0,0.0,0.0,60.975,3.151,0.0,0.0,unrouted,0.0,0.0,0.0,0.0,0.0,9.0,9.0,1.0,0.0,5.844444,0.150681,63.311444,1.0,0.0,0.0,0.0,0.0,0.0,0.0,1.0,0.0,0.555889,0.567,2.976222,3.151,0.0,0.0,0.0,0.0,0.0,77.741111,5.002222,16.101111,196.0,-0.001089,0.0,-0.001089,0.0,0.0,0.0,0.0,0.0,0.0,0.0,0.71269,0.919409,-0.206719,17.222222,2.902642,0.71269,2.0,0.919409,2.509524
32,1,68,91,14,14,46.519209,49.36928,2.850071,0,0.223131,-0.242349,1,32,large_dark,196,1.0,1.0,8.12,16.93,39.65,77.73,0.533,0.0,5.664,0.0,0.0,0.0,0,0,0.0,0.0,0.0,60.456,3.134,0.0,0.0,unrouted,0.0,0.0,0.0,0.0,0.0,9.0,9.0,1.0,0.0,5.804667,0.14573,62.784,1.0,0.0,0.0,0.0,0.0,0.0,0.0,1.0,0.0,0.552889,0.567,3.011778,3.151,0.0,0.0,0.0,0.0,0.0,77.692222,4.856667,16.265556,196.0,0.008167,0.0,0.008167,0.0,0.0,0.0,0.0,0.0,0.0,0.0,0.71269,0.97724,-0.264549,17.666667,2.926739,0.71269,2.0,0.97724,2.509524
33,1,69,91,14,14,46.313421,49.168147,2.854726,0,0.495035,-0.157527,1,33,large_dark,196,1.0,1.0,8.34,17.21,40.09,78.69,0.519,0.0,5.766,0.0,0.0,0.0,0,0,0.0,0.0,0.0,61.597,3.071,0.0,0.0,unrouted,0.0,0.0,0.0,0.0,0.0,9.0,9.0,1.0,0.0,5.785556,0.138069,62.383333,1.0,0.0,0.0,0.0,0.0,0.0,0.0,1.0,0.0,0.548333,0.567,3.040222,3.151,0.0,0.0,0.0,0.0,0.0,77.747778,5.783333,16.461111,196.0,0.004344,0.0,0.004344,0.0,0.0,0.0,0.0,0.0,0.0,0.0,0.823802,0.994142,-0.17034,18.0,2.944439,0.823802,2.0,0.994142,2.509524
34,1,69,91,14,14,46.022516,48.844858,2.822342,0,0.321773,-0.102392,1,34,large_dark,196,1.0,1.0,0.0,17.2,40.09,78.69,0.519,0.0,5.692,0.0,0.0,0.0,0,0,0.0,0.0,0.0,61.597,3.071,0.0,0.0,unrouted,0.0,0.0,0.0,0.0,0.0,9.0,9.0,1.0,0.0,5.746556,0.105595,61.980778,1.0,0.0,0.0,0.0,0.0,0.0,0.0,1.0,0.0,0.543,0.567,3.064333,3.151,0.0,0.0,0.0,0.0,0.0,77.918889,4.767778,16.515556,196.0,-0.001703,0.0,-0.001703,0.0,0.0,0.0,0.0,0.0,0.0,0.0,0.71269,0.947977,-0.235287,17.888889,2.938574,0.71269,2.0,0.947977,2.509524
35,1,70,90,14,14,46.002365,48.847953,2.845588,0,0.559152,-0.416555,1,35,large_dark,196,1.0,1.0,7.24,18.71,42.02,78.43,0.509,0.0,5.997,0.0,0.0,0.0,0,0,0.0,0.0,0.0,64.222,3.025,0.0,0.0,unrouted,0.0,0.0,0.0,0.0,0.0,9.0,9.0,1.0,0.0,5.750444,0.113785,61.869889,1.0,0.0,0.0,0.0,0.0,0.0,0.0,1.0,0.0,0.536556,0.558,3.083333,3.151,0.0,0.0,0.0,0.0,0.0,78.06,5.572222,16.737778,196.0,0.004344,0.0,0.004344,0.0,0.0,0.0,0.0,0.0,0.0,0.0,0.869825,1.015101,-0.145275,18.0,2.944439,0.869825,2.0,1.015101,2.509524
36,1,70,90,14,14,46.067641,48.915023,2.847382,0,0.363449,-0.270761,1,36,large_dark,196,1.0,1.0,0.02,18.71,42.01,78.42,0.509,0.0,5.933,0.0,0.0,0.0,0,0,0.0,0.0,0.0,64.222,3.027,0.0,0.0,unrouted,0.0,0.0,0.0,0.0,0.0,9.0,9.0,1.0,0.0,5.761333,0.125447,62.047444,1.0,0.0,0.0,0.0,0.0,0.0,0.0,1.0,0.0,0.531111,0.549,3.088111,3.151,0.0,0.0,0.0,0.0,0.0,78.175556,4.631111,16.938889,196.0,0.004344,0.0,0.004344,0.0,0.0,0.0,0.0,0.0,0.0,0.0,0.869825,1.054952,-0.185126,17.555556,2.920769,0.869825,2.0,1.054952,2.509524
37,1,70,90,14,14,46.657652,49.501496,2.843844,0,0.236242,-0.175995,1,37,large_dark,196,1.0,1.0,7.31,18.82,42.25,79.42,0.496,0.0,6.158,0.0,0.0,0.0,0,0,0.0,0.0,0.0,66.171,2.912,0.0,0.0,unrouted,0.0,0.0,0.0,0.0,0.0,9.0,9.0,1.0,0.0,5.798333,0.177201,62.488556,1.0,0.0,0.0,0.0,0.0,0.0,0.0,1.0,0.0,0.525556,0.549,3.063111,3.151,0.0,0.0,0.0,0.0,0.0,78.477778,4.483333,17.04,196.0,0.018327,0.0,0.018327,0.0,0.0,0.0,0.0,0.0,0.0,0.0,0.71269,0.971649,-0.258959,17.777778,2.932674,0.71269,2.0,0.971649,2.509524
38,1,70,90,14,14,48.229039,51.043639,2.8146,0,0.153557,-0.114396,1,38,large_dark,196,1.0,1.0,7.66,19.63,43.59,79.21,0.498,0.0,6.528,0.0,0.0,0.0,0,0,0.0,0.0,0.0,70.573,2.958,0.0,0.0,unrouted,0.0,0.0,0.0,0.0,0.0,9.0,9.0,1.0,0.0,5.889556,0.285147,63.420889,1.0,0.0,0.0,0.0,0.0,0.0,0.0,1.0,0.0,0.520111,0.549,3.055556,3.151,0.0,0.0,0.0,0.0,0.0,78.588889,5.248889,17.496667,196.0,0.022106,0.0,0.022106,0.0,0.0,0.0,0.0,0.0,0.0,0.0,0.490468,0.725545,-0.235077,18.222222,2.956067,0.490468,1.414214,0.725545,1.215114
39,1,70,90,14,14,49.044313,51.85714,2.812827,0,0.099812,-0.074358,1,39,large_dark,196,1.0,1.0,0.0,19.63,43.59,79.21,0.498,0.0,6.461,0.0,0.0,0.0,0,0,0.0,0.0,0.0,70.573,2.956,0.0,0.0,unrouted,0.0,0.0,0.0,0.0,0.0,9.0,9.0,1.0,0.0,5.977222,0.323493,64.487333,1.0,0.0,0.0,0.0,0.0,0.0,0.0,1.0,0.0,0.514444,0.549,3.033889,3.151,0.0,0.0,0.0,0.0,0.0,78.684444,4.298889,17.996667,196.0,0.018283,0.0,0.018283,0.0,0.0,0.0,0.0,0.0,0.0,0.0,0.379357,0.655151,-0.275794,18.0,2.944439,0.379357,1.414214,0.655151,1.215114
40,1,71,90,14,14,49.630749,52.478617,2.847867,0,0.414878,-0.048333,1,40,large_dark,196,1.0,1.0,7.76,20.31,45.13,79.02,0.489,0.0,6.446,0.0,0.0,0.0,0,0,0.0,0.0,0.0,69.348,2.942,0.0,0.0,unrouted,0.0,0.0,0.0,0.0,0.0,9.0,9.0,1.0,0.0,6.071667,0.322486,65.417667,1.0,0.0,0.0,0.0,0.0,0.0,0.0,1.0,0.0,0.507778,0.533,3.010667,3.134,0.0,0.0,0.0,0.0,0.0,78.757778,5.161111,18.572222,196.0,-0.005934,0.0,-0.005934,0.0,0.0,0.0,0.0,0.0,0.0,0.0,0.490468,0.69036,-0.199892,18.0,2.944439,0.490468,1.414214,0.69036,1.215114
41,1,71,90,14,14,50.356602,53.198577,2.841975,0,0.269671,-0.031416,1,41,large_dark,196,1.0,1.0,0.0,20.32,45.12,79.02,0.489,0.0,6.377,0.0,0.0,0.0,0,0,0.0,0.0,0.0,69.34,2.944,0.0,0.0,unrouted,0.0,0.0,0.0,0.0,0.0,9.0,9.0,1.0,0.0,6.150889,0.299356,66.404778,1.0,0.0,0.0,0.0,0.0,0.0,0.0,1.0,0.0,0.502889,0.519,2.989556,3.071,0.0,0.0,0.0,0.0,0.0,78.901111,4.258889,18.948889,196.0,-0.021993,0.0,-0.021993,0.0,0.0,0.0,0.0,0.0,0.0,0.0,0.379357,0.601756,-0.222399,18.111111,2.95027,0.379357,1.414214,0.601756,1.125029
42,1,72,90,14,14,51.168781,54.036601,2.86782,0,0.525286,-0.02042,1,42,large_dark,196,1.0,1.0,7.59,21.15,46.86,79.43,0.487,0.0,6.559,0.0,0.0,0.0,0,0,0.0,0.0,0.0,70.568,2.772,0.0,0.0,unrouted,0.0,0.0,0.0,0.0,0.0,9.0,9.0,1.0,0.0,6.239,0.289649,67.401556,1.0,0.0,0.0,0.0,0.0,0.0,0.0,1.0,0.0,0.499333,0.519,2.956333,3.071,0.0,0.0,0.0,0.0,0.0,78.983333,4.175556,19.386667,196.0,-0.017792,0.0,-0.017792,0.0,0.0,0.0,0.0,0.0,0.0,0.0,0.379357,0.592558,-0.213201,18.444444,2.967561,0.379357,1.414214,0.592558,1.125029
43,1,72,89,14,14,51.844332,54.764088,2.919756,0,0.341436,-0.363273,1,43,large_dark,196,1.0,1.0,7.17,23.1,49.31,78.32,0.459,0.0,6.435,0.0,0.0,0.0,0,0,0.0,0.0,0.0,68.528,2.741,0.0,0.0,unrouted,0.0,0.0,0.0,0.0,0.0,9.0,9.0,1.0,0.0,6.321556,0.219326,68.171667,1.0,0.0,0.0,0.0,0.0,0.0,0.0,1.0,0.0,0.492667,0.509,2.919667,3.027,0.0,0.0,0.0,0.0,0.0,78.942222,4.972222,20.042222,196.0,-0.00938,0.0,-0.00938,0.0,0.0,0.0,0.0,0.0,0.0,0.0,0.490468,0.65834,-0.167871,18.666667,2.978925,0.490468,1.414214,0.65834,1.125029
44,1,72,89,14,14,52.293706,55.209177,2.915471,0,0.221933,-0.236128,1,44,large_dark,196,1.0,1.0,0.0,23.1,49.31,78.29,0.459,0.0,6.371,0.0,0.0,0.0,0,0,0.0,0.0,0.0,68.528,2.741,0.0,0.0,unrouted,0.0,0.0,0.0,0.0,0.0,9.0,9.0,1.0,0.0,6.363111,0.186935,68.650111,1.0,0.0,0.0,0.0,0.0,0.0,0.0,1.0,0.0,0.487111,0.509,2.888111,3.027,0.0,0.0,0.0,0.0,0.0,78.926667,4.167778,20.53,196.0,-0.015426,0.0,-0.015426,0.0,0.0,0.0,0.0,0.0,0.0,0.0,0.333333,0.58873,-0.255397,18.888889,2.990161,0.333333,1.0,0.58873,1.111531
45,1,72,88,14,14,52.896578,55.867706,2.971127,0,0.144257,-0.503483,1,45,large_dark,196,1.0,1.0,8.86,22.77,46.44,76.3,0.436,0.0,6.514,0.0,0.0,0.0,0,0,0.0,0.0,0.0,69.352,2.654,0.0,0.0,unrouted,0.0,0.0,0.0,0.0,0.0,9.0,9.0,1.0,0.0,6.427667,0.112925,69.220111,1.0,0.0,0.0,0.0,0.0,0.0,0.0,1.0,0.0,0.479,0.498,2.846667,2.958,0.0,0.0,0.0,0.0,0.0,78.691111,5.15,20.981111,196.0,-0.009758,0.0,-0.009758,0.0,0.0,0.0,0.0,0.0,0.0,0.0,0.444444,0.599641,-0.155197,19.888889,3.039217,0.444444,1.0,0.599641,1.111531
46,1,72,88,14,14,53.173311,56.169072,2.995761,0,0.093767,-0.327264,1,46,large_dark,196,1.0,1.0,0.04,22.76,46.43,76.28,0.436,0.0,6.436,0.0,0.0,0.0,0,0,0.0,0.0,0.0,69.354,2.654,0.0,0.0,unrouted,0.0,0.0,0.0,0.0,0.0,9.0,9.0,1.0,0.0,6.458556,0.061038,69.573778,1.0,0.0,0.0,0.0,0.0,0.0,0.0,1.0,0.0,0.472333,0.498,2.818,2.958,0.0,0.0,0.0,0.0,0.0,78.342222,4.342222,21.418889,196.0,-0.009758,0.0,-0.009758,0.0,0.0,0.0,0.0,0.0,0.0,0.0,0.444444,0.607477,-0.163033,20.0,3.044522,0.444444,1.0,0.607477,1.111531
47,1,72,87,14,14,53.165639,56.213551,3.047912,0,0.060948,-0.562722,1,47,large_dark,196,1.0,1.0,7.95,21.81,40.45,74.68,0.449,0.0,6.467,0.0,0.0,0.0,0,0,0.0,0.0,0.0,69.135,2.616,0.0,0.0,unrouted,0.0,0.0,0.0,0.0,0.0,9.0,9.0,1.0,0.0,6.451778,0.05614,69.414,1.0,0.0,0.0,0.0,0.0,0.0,0.0,1.0,0.0,0.466889,0.498,2.78,2.956,0.0,0.0,0.0,0.0,0.0,77.838889,4.374444,21.661111,196.0,0.000447,0.0,0.000447,0.0,0.0,0.0,0.0,0.0,0.0,0.0,0.555556,0.650216,-0.09466,20.222222,3.055049,0.555556,1.0,0.650216,1.111531
48,1,73,88,14,14,52.626941,55.731601,3.104659,0,0.389616,-0.015769,1,48,large_dark,196,1.0,1.0,7.84,21.65,44.3,74.33,0.428,0.0,6.548,0.0,0.0,0.0,0,0,0.0,0.0,0.0,70.14,2.545,0.0,0.0,unrouted,0.0,0.0,0.0,0.0,0.0,9.0,9.0,1.0,0.0,6.461444,0.063856,69.365889,1.0,0.0,0.0,0.0,0.0,0.0,0.0,1.0,0.0,0.459111,0.489,2.734333,2.944,0.0,0.0,0.0,0.0,0.0,77.296667,5.245556,21.885556,196.0,-0.032433,0.0,-0.032433,0.0,0.0,0.0,0.0,0.0,0.0,0.0,0.71269,0.831513,-0.118823,20.777778,3.08089,0.71269,1.414214,0.831513,1.823161
49,1,73,88,14,14,52.943979,56.069537,3.125558,0,0.253251,-0.01025,1,49,large_dark,196,1.0,1.0,0.0,21.64,44.29,74.31,0.428,0.0,6.479,0.0,0.0,0.0,0,0,0.0,0.0,0.0,70.14,2.544,0.0,0.0,unrouted,0.0,0.0,0.0,0.0,0.0,9.0,9.0,1.0,0.0,6.465111,0.063811,69.453889,1.0,0.0,0.0,0.0,0.0,0.0,0.0,1.0,0.0,0.452333,0.489,2.690111,2.944,0.0,0.0,0.0,0.0,0.0,76.773333,4.383333,22.033333,196.0,-0.008217,0.0,-0.008217,0.0,0.0,0.0,0.0,0.0,0.0,0.0,0.601579,0.774478,-0.172898,21.0,3.091042,0.601579,1.414214,0.774478,1.823161
50,1,73,86,14,14,52.803788,56.005024,3.201236,0,0.164613,-0.706662,1,50,large_dark,196,1.0,1.0,8.09,20.36,34.4,71.54,0.422,0.0,6.591,0.0,0.0,0.0,0,0,0.0,0.0,0.0,70.936,2.586,0.0,0.0,unrouted,0.0,0.0,0.0,0.0,0.0,9.0,9.0,1.0,0.0,6.488889,0.066368,69.631222,1.0,0.0,0.0,0.0,0.0,0.0,0.0,1.0,0.0,0.444889,0.487,2.650333,2.772,0.0,0.0,0.0,0.0,0.0,75.942222,5.282222,22.037778,196.0,0.004274,0.0,0.004274,0.0,0.0,0.0,0.0,0.0,0.0,0.0,0.823802,0.950935,-0.127134,21.0,3.091042,0.823802,2.0,0.950935,2.005802
51,1,73,86,14,14,52.787675,55.98875,3.201075,0,0.106998,-0.459331,1,51,large_dark,196,1.0,1.0,0.06,20.36,34.31,71.54,0.422,0.0,6.52,0.0,0.0,0.0,0,0,0.0,0.0,0.0,70.943,2.586,0.0,0.0,unrouted,0.0,0.0,0.0,0.0,0.0,9.0,9.0,1.0,0.0,6.484556,0.062828,69.672889,1.0,0.0,0.0,0.0,0.0,0.0,0.0,1.0,0.0,0.437667,0.459,2.629667,2.741,0.0,0.0,0.0,0.0,0.0,75.065556,4.445556,21.95,196.0,0.003896,0.0,0.003896,0.0,0.0,0.0,0.0,0.0,0.0,0.0,0.71269,0.950333,-0.237642,21.0,3.091042,0.71269,2.0,0.950333,2.005802
52,1,74,86,14,14,53.011034,56.229044,3.21801,0,0.419549,-0.298565,1,52,large_dark,196,1.0,1.0,8.54,20.72,33.95,71.5,0.423,0.0,6.748,0.0,0.0,0.0,0,0,0.0,0.0,0.0,72.767,2.505,0.0,0.0,unrouted,0.0,0.0,0.0,0.0,0.0,9.0,9.0,1.0,0.0,6.519333,0.100878,70.143889,1.0,0.0,0.0,0.0,0.0,0.0,0.0,1.0,0.0,0.433667,0.459,2.603444,2.741,0.0,0.0,0.0,0.0,0.0,74.307778,4.597778,21.685556,196.0,-0.010941,0.0,-0.010941,0.0,0.0,0.0,0.0,0.0,0.0,0.0,0.71269,0.938408,-0.225718,21.666667,3.120895,0.71269,2.0,0.938408,2.005802
53,1,74,85,14,14,53.493922,56.751464,3.257542,0,0.272707,-0.544067,1,53,large_dark,196,1.0,1.0,8.16,20.21,28.2,70.11,0.433,0.0,7.057,0.0,0.0,0.0,0,0,0.0,0.0,0.0,76.827,2.449,0.0,0.0,unrouted,0.0,0.0,0.0,0.0,0.0,9.0,9.0,1.0,0.0,6.595556,0.184506,71.066,1.0,0.0,0.0,0.0,0.0,0.0,0.0,1.0,0.0,0.430778,0.449,2.571,2.654,0.0,0.0,0.0,0.0,0.0,73.398889,5.504444,21.364444,196.0,-0.02757,0.0,-0.02757,0.0,0.0,0.0,0.0,0.0,0.0,0.0,0.823802,0.973829,-0.150028,22.555556,3.159362,0.823802,2.0,0.973829,2.005802
54,1,74,85,14,14,53.931058,57.182288,3.25123,0,0.177259,-0.353644,1,54,large_dark,196,1.0,1.0,0.02,20.2,28.22,70.1,0.433,0.0,6.985,0.0,0.0,0.0,0,0,0.0,0.0,0.0,76.827,2.449,0.0,0.0,unrouted,0.0,0.0,0.0,0.0,0.0,9.0,9.0,1.0,0.0,6.647889,0.217753,71.896556,1.0,0.0,0.0,0.0,0.0,0.0,0.0,1.0,0.0,0.430444,0.449,2.548222,2.654,0.0,0.0,0.0,0.0,0.0,72.71,4.522222,21.078889,196.0,-0.033239,0.0,-0.033239,0.0,0.0,0.0,0.0,0.0,0.0,0.0,0.71269,0.953066,-0.240375,22.777778,3.168751,0.71269,2.0,0.953066,2.005802
55,1,74,84,14,14,54.519678,57.801947,3.282269,0,0.115219,-0.579868,1,55,large_dark,196,1.0,1.0,7.94,19.64,22.41,69.08,0.439,0.0,7.113,0.0,0.0,0.0,0,0,0.0,0.0,0.0,78.061,2.482,0.0,0.0,unrouted,0.0,0.0,0.0,0.0,0.0,9.0,9.0,1.0,0.0,6.723111,0.246589,72.864,1.0,0.0,0.0,0.0,0.0,0.0,0.0,1.0,0.0,0.430778,0.449,2.529111,2.616,0.0,0.0,0.0,0.0,0.0,71.91,5.4,20.732222,196.0,-0.037572,0.0,-0.037572,0.0,0.0,0.0,0.0,0.0,0.0,0.0,0.823802,0.969341,-0.14554,23.111111,3.182673,0.823802,2.0,0.969341,2.005802
56,1,74,84,14,14,55.005492,58.275888,3.270396,0,0.074892,-0.376914,1,56,large_dark,196,1.0,1.0,0.0,19.64,22.42,69.05,0.439,0.0,7.043,0.0,0.0,0.0,0,0,0.0,0.0,0.0,78.061,2.482,0.0,0.0,unrouted,0.0,0.0,0.0,0.0,0.0,9.0,9.0,1.0,0.0,6.787111,0.24656,73.855778,1.0,0.0,0.0,0.0,0.0,0.0,0.0,1.0,0.0,0.429667,0.439,2.514222,2.586,0.0,0.0,0.0,0.0,0.0,71.284444,4.516667,20.491111,196.0,-0.047776,0.0,-0.047776,0.0,0.0,0.0,0.0,0.0,0.0,0.0,0.71269,0.95956,-0.246869,23.111111,3.182673,0.71269,2.0,0.95956,2.005802
57,1,74,84,14,14,56.617968,59.864021,3.246054,0,0.04868,-0.244994,1,57,large_dark,196,1.0,1.0,8.02,19.16,22.33,69.05,0.439,0.0,7.583,0.0,0.0,0.0,0,0,0.0,0.0,0.0,84.046,2.589,0.0,0.0,unrouted,0.0,0.0,0.0,0.0,0.0,9.0,9.0,1.0,0.0,6.902111,0.33406,75.400889,1.0,0.0,0.0,0.0,0.0,0.0,0.0,1.0,0.0,0.430889,0.439,2.519111,2.589,0.0,0.0,0.0,0.0,0.0,70.697778,4.536667,20.214444,196.0,-0.014897,0.0,-0.014897,0.0,0.0,0.0,0.0,0.0,0.0,0.0,0.555556,0.799684,-0.244129,22.777778,3.168751,0.555556,2.0,0.799684,2.005802
58,1,75,84,14,14,57.704301,60.968113,3.263812,0,0.381642,-0.159246,1,58,large_dark,196,1.0,1.0,8.81,19.81,24.02,68.93,0.442,0.0,7.841,0.0,0.0,0.0,0,0,0.0,0.0,0.0,86.877,2.508,0.0,0.0,unrouted,0.0,0.0,0.0,0.0,0.0,9.0,9.0,1.0,0.0,7.053444,0.408349,77.260556,1.0,0.0,0.0,0.0,0.0,0.0,0.0,1.0,0.0,0.432444,0.442,2.515111,2.589,0.0,0.0,0.0,0.0,0.0,70.1,5.515556,20.011111,196.0,-0.028662,0.0,-0.028662,0.0,0.0,0.0,0.0,0.0,0.0,0.0,0.666667,0.865509,-0.198843,22.444444,3.154634,0.666667,2.0,0.865509,2.005802
59,1,75,84,14,14,59.177694,62.402017,3.224323,0,0.248067,-0.10351,1,59,large_dark,196,1.0,1.0,0.0,19.81,24.03,68.93,0.442,0.0,7.763,0.0,0.0,0.0,0,0,0.0,0.0,0.0,86.877,2.508,0.0,0.0,unrouted,0.0,0.0,0.0,0.0,0.0,9.0,9.0,1.0,0.0,7.183667,0.42658,79.031778,1.0,0.0,0.0,0.0,0.0,0.0,0.0,1.0,0.0,0.434667,0.442,2.506444,2.589,0.0,0.0,0.0,0.0,0.0,69.81,4.616667,19.95,196.0,-0.041152,0.0,-0.041152,0.0,0.0,0.0,0.0,0.0,0.0,0.0,0.444444,0.68859,-0.244146,22.222222,3.14511,0.444444,1.0,0.68859,1.004209
60,1,76,83,14,14,60.443974,63.695917,3.251943,0,0.511244,-0.417282,1,60,large_dark,196,1.0,1.0,7.67,19.33,20.07,67.73,0.44,0.0,8.216,0.0,0.0,0.0,0,0,0.0,0.0,0.0,92.157,2.463,0.0,0.0,unrouted,0.0,0.0,0.0,0.0,0.0,9.0,9.0,1.0,0.0,7.372111,0.464685,81.388889,1.0,0.0,0.0,0.0,0.0,0.0,0.0,1.0,0.0,0.436667,0.442,2.492778,2.589,0.0,0.0,0.0,0.0,0.0,69.386667,5.462222,19.835556,196.0,-0.072142,0.0,-0.072142,0.0,0.0,0.0,0.0,0.0,0.0,0.0,0.601579,0.73798,-0.1364,22.555556,3.159362,0.601579,1.414214,0.73798,1.170084
61,1,76,83,14,14,61.886081,65.120864,3.234783,0,0.332308,-0.271233,1,61,large_dark,196,1.0,1.0,0.0,19.33,20.07,67.72,0.441,0.0,8.148,0.0,0.0,0.0,0,0,0.0,0.0,0.0,92.157,2.463,0.0,0.0,unrouted,0.0,0.0,0.0,0.0,0.0,9.0,9.0,1.0,0.0,7.527667,0.464052,83.543333,1.0,0.0,0.0,0.0,0.0,0.0,0.0,1.0,0.0,0.438667,0.442,2.488111,2.589,0.0,0.0,0.0,0.0,0.0,68.966667,4.513333,19.681111,196.0,-0.065718,0.0,-0.065718,0.0,0.0,0.0,0.0,0.0,0.0,0.0,0.490468,0.699725,-0.209257,21.888889,3.130652,0.490468,1.414214,0.699725,1.170084
62,1,76,82,14,14,63.378648,66.611712,3.233064,0,0.216,-0.526301,1,62,large_dark,196,1.0,1.0,8.48,18.21,16.05,66.2,0.452,0.0,8.375,0.0,0.0,0.0,0,0,0.0,0.0,0.0,94.709,2.557,0.0,0.0,unrouted,0.0,0.0,0.0,0.0,0.0,9.0,9.0,1.0,0.0,7.674111,0.499059,85.530222,1.0,0.0,0.0,0.0,0.0,0.0,0.0,1.0,0.0,0.440778,0.452,2.500111,2.589,0.0,0.0,0.0,0.0,0.0,68.532222,4.548889,19.458889,196.0,-0.033794,0.0,-0.033794,0.0,0.0,0.0,0.0,0.0,0.0,0.0,0.490468,0.697906,-0.207437,21.444444,3.111043,0.490468,1.414214,0.697906,1.170084
63,1,76,80,14,14,64.566391,67.837995,3.271604,0,0.1404,-1.042096,1,63,large_dark,196,1.0,1.0,10.44,14.61,4.66,62.85,0.473,0.0,8.365,0.0,0.0,0.0,0,0,0.0,0.0,0.0,96.301,2.465,0.0,0.0,unrouted,0.0,0.0,0.0,0.0,0.0,9.0,9.0,1.0,0.0,7.827444,0.475206,87.694,1.0,0.0,0.0,0.0,0.0,0.0,0.0,1.0,0.0,0.445222,0.473,2.501889,2.589,0.0,0.0,0.0,0.0,0.0,67.726667,5.706667,18.837778,196.0,-0.019009,0.0,-0.019009,0.0,0.0,0.0,0.0,0.0,0.0,0.0,0.71269,0.795779,-0.083088,20.888889,3.085979,0.71269,2.0,0.795779,1.489444
64,1,76,80,14,14,65.610004,68.860519,3.250515,0,0.09126,-0.677362,1,64,large_dark,196,1.0,1.0,0.0,14.61,4.66,62.84,0.473,0.0,8.272,0.0,0.0,0.0,0,0,0.0,0.0,0.0,96.301,2.465,0.0,0.0,unrouted,0.0,0.0,0.0,0.0,0.0,9.0,9.0,1.0,0.0,7.956222,0.41771,89.720667,1.0,0.0,0.0,0.0,0.0,0.0,0.0,1.0,0.0,0.449,0.473,2.5,2.589,0.0,0.0,0.0,0.0,0.0,67.033333,4.824444,18.278889,196.0,-0.014676,0.0,-0.014676,0.0,0.0,0.0,0.0,0.0,0.0,0.0,0.601579,0.838144,-0.236565,20.111111,3.049799,0.601579,2.0,0.838144,1.489444
65,1,76,82,14,14,66.329075,69.611397,3.282321,0,0.059319,0.259714,1,65,large_dark,196,1.0,1.0,8.63,17.65,17.14,64.93,0.457,0.0,8.782,0.0,0.0,0.0,0,0,0.0,0.0,0.0,99.832,2.522,0.0,0.0,unrouted,0.0,0.0,0.0,0.0,0.0,9.0,9.0,1.0,0.0,8.149444,0.346771,92.139667,1.0,0.0,0.0,0.0,0.0,0.0,0.0,1.0,0.0,0.451,0.473,2.504444,2.589,0.0,0.0,0.0,0.0,0.0,66.575556,5.783333,18.057778,196.0,-0.028696,0.0,-0.028696,0.0,0.0,0.0,0.0,0.0,0.0,0.0,0.823802,1.070112,-0.246311,19.444444,3.017711,0.823802,2.0,1.070112,2.678917
66,1,76,82,14,14,67.39833,70.68369,3.28536,0,0.038557,0.168814,1,66,large_dark,196,1.0,1.0,0.0,17.65,17.14,64.92,0.457,0.0,8.706,0.0,0.0,0.0,0,0,0.0,0.0,0.0,99.832,2.522,0.0,0.0,unrouted,0.0,0.0,0.0,0.0,0.0,9.0,9.0,1.0,0.0,8.274222,0.321632,93.893667,1.0,0.0,0.0,0.0,0.0,0.0,0.0,1.0,0.0,0.453,0.473,2.497,2.557,0.0,0.0,0.0,0.0,0.0,66.116667,4.892222,17.89,196.0,-0.028696,0.0,-0.028696,0.0,0.0,0.0,0.0,0.0,0.0,0.0,0.823802,1.057014,-0.233213,18.777778,2.984559,0.823802,2.0,1.057014,2.678917
67,1,77,82,14,14,68.407531,71.688555,3.281023,0,0.375062,0.109729,1,67,large_dark,196,1.0,1.0,9.43,17.3,17.17,64.36,0.451,0.0,8.999,0.0,0.0,0.0,0,0,0.0,0.0,0.0,102.532,2.515,0.0,0.0,unrouted,0.0,0.0,0.0,0.0,0.0,9.0,9.0,1.0,0.0,8.402889,0.352712,95.633111,1.0,0.0,0.0,0.0,0.0,0.0,0.0,1.0,0.0,0.454,0.473,2.497778,2.557,0.0,0.0,0.0,0.0,0.0,65.608889,4.961111,17.611111,196.0,-0.040422,0.0,-0.040422,0.0,0.0,0.0,0.0,0.0,0.0,0.0,0.823802,1.056324,-0.232523,18.888889,2.990161,0.823802,2.0,1.056324,2.678917
68,1,78,82,14,14,69.267739,72.569181,3.301442,0,0.593791,0.071324,1,68,large_dark,196,1.0,1.0,9.09,17.43,17.58,64.12,0.43,0.0,8.958,0.0,0.0,0.0,0,0,0.0,0.0,0.0,101.931,2.405,0.0,0.0,unrouted,0.0,0.0,0.0,0.0,0.0,9.0,9.0,1.0,0.0,8.535667,0.309061,97.305778,1.0,0.0,0.0,0.0,0.0,0.0,0.0,1.0,0.0,0.452667,0.473,2.486333,2.557,0.0,0.0,0.0,0.0,0.0,65.074444,5.971111,17.346667,196.0,-0.073302,0.0,-0.073302,0.0,0.0,0.0,0.0,0.0,0.0,0.0,0.934913,1.080876,-0.145963,19.111111,3.001272,0.934913,2.0,1.080876,2.678917
69,1,78,82,14,14,70.258605,73.544699,3.286094,0,0.385964,0.046361,1,69,large_dark,196,1.0,1.0,0.0,17.43,17.58,64.11,0.43,0.0,8.878,0.0,0.0,0.0,0,0,0.0,0.0,0.0,101.931,2.405,0.0,0.0,unrouted,0.0,0.0,0.0,0.0,0.0,9.0,9.0,1.0,0.0,8.609222,0.302945,98.391778,1.0,0.0,0.0,0.0,0.0,0.0,0.0,1.0,0.0,0.451556,0.473,2.479889,2.557,0.0,0.0,0.0,0.0,0.0,64.672222,5.118889,17.135556,196.0,-0.042311,0.0,-0.042311,0.0,0.0,0.0,0.0,0.0,0.0,0.0,0.777778,1.017318,-0.23954,18.444444,2.967561,0.777778,2.0,1.017318,2.678917
70,1,78,81,14,14,71.227891,74.54032,3.312429,0,0.250876,-0.319866,1,70,large_dark,196,1.0,1.0,11.68,14.87,10.82,62.33,0.452,0.0,9.116,0.0,0.0,0.0,0,0,0.0,0.0,0.0,104.893,2.428,0.0,0.0,unrouted,0.0,0.0,0.0,0.0,0.0,9.0,9.0,1.0,0.0,8.716778,0.291732,99.806889,1.0,0.0,0.0,0.0,0.0,0.0,0.0,1.0,0.0,0.452778,0.473,2.476,2.557,0.0,0.0,0.0,0.0,0.0,64.073333,6.416667,16.64,196.0,-0.022683,0.0,-0.022683,0.0,0.0,0.0,0.0,0.0,0.0,0.0,0.888889,1.067913,-0.179024,18.444444,2.967561,0.888889,2.0,1.067913,2.678917
71,1,78,81,14,14,71.77443,75.072352,3.297922,0,0.16307,-0.207913,1,71,large_dark,196,1.0,1.0,0.0,14.87,10.83,62.33,0.452,0.0,9.013,0.0,0.0,0.0,0,0,0.0,0.0,0.0,104.893,2.428,0.0,0.0,unrouted,0.0,0.0,0.0,0.0,0.0,9.0,9.0,1.0,0.0,8.787667,0.277223,100.938444,1.0,0.0,0.0,0.0,0.0,0.0,0.0,1.0,0.0,0.452778,0.473,2.461667,2.522,0.0,0.0,0.0,0.0,0.0,63.643333,5.474444,16.268889,196.0,-0.037978,0.0,-0.037978,0.0,0.0,0.0,0.0,0.0,0.0,0.0,0.777778,1.024086,-0.246308,17.888889,2.938574,0.777778,2.0,1.024086,2.678917
72,1,78,81,14,14,72.755756,76.008098,3.252343,0,0.105995,-0.135143,1,72,large_dark,196,1.0,1.0,7.97,14.01,9.82,61.78,0.455,0.0,9.238,0.0,0.0,0.0,0,0,0.0,0.0,0.0,107.132,2.516,0.0,0.0,unrouted,0.0,0.0,0.0,0.0,0.0,9.0,9.0,1.0,0.0,8.884667,0.264816,102.141889,1.0,0.0,0.0,0.0,0.0,0.0,0.0,1.0,0.0,0.450778,0.473,2.467333,2.522,0.0,0.0,0.0,0.0,0.0,63.524444,5.2,16.202222,196.0,-0.052763,0.0,-0.052763,0.0,0.0,0.0,0.0,0.0,0.0,0.0,0.555556,0.887951,-0.332396,18.222222,2.956067,0.555556,2.0,0.887951,2.678917
73,1,78,80,14,14,73.82717,77.169217,3.342047,0,0.068897,-0.437843,1,73,large_dark,196,1.0,1.0,8.67,11.49,1.98,60.39,0.47,0.0,9.125,0.0,0.0,0.0,0,0,0.0,0.0,0.0,106.983,2.449,0.0,0.0,unrouted,0.0,0.0,0.0,0.0,0.0,9.0,9.0,1.0,0.0,8.979444,0.160797,103.328778,1.0,0.0,0.0,0.0,0.0,0.0,0.0,1.0,0.0,0.450444,0.47,2.465556,2.522,0.0,0.0,0.0,0.0,0.0,63.252222,6.163333,15.855556,196.0,-0.024213,0.111111,-0.024213,0.111111,0.0,0.0,0.0,0.0,0.0,0.0,0.666667,0.867931,-0.201264,18.444444,2.967561,0.666667,2.0,0.867931,2.678917
74,1,78,80,14,14,75.020797,78.330321,3.309524,0,0.044783,-0.284598,1,74,large_dark,196,1.0,1.0,0.0,11.49,1.98,60.39,0.47,0.0,9.049,0.0,0.0,0.0,0,0,0.0,0.0,0.0,106.983,2.449,0.0,0.0,unrouted,0.0,0.0,0.0,0.0,0.0,9.0,9.0,1.0,0.0,9.009111,0.145538,104.123333,1.0,0.0,0.0,0.0,0.0,0.0,0.0,1.0,0.0,0.451889,0.47,2.457444,2.522,0.0,0.0,0.0,0.0,0.0,62.747778,5.204444,15.171111,196.0,-0.010193,0.111111,-0.010193,0.111111,0.0,0.0,0.0,0.0,0.0,0.0,0.444444,0.619521,-0.175077,18.444444,2.967561,0.444444,1.0,0.619521,1.115275
75,1,78,80,14,14,75.451014,78.764755,3.313741,0,0.029109,-0.184989,1,75,large_dark,196,1.0,1.0,7.02,11.11,1.22,60.58,0.482,0.0,9.169,0.0,0.0,0.0,0,0,0.0,0.0,0.0,107.906,2.429,0.0,0.0,unrouted,0.0,0.0,0.0,0.0,0.0,9.0,9.0,1.0,0.0,9.060556,0.105674,105.020444,1.0,0.0,0.0,0.0,0.0,0.0,0.0,1.0,0.0,0.454667,0.482,2.447111,2.516,0.0,0.0,0.0,0.0,0.0,62.265556,5.984444,14.444444,196.0,-0.010193,0.111111,-0.010193,0.111111,0.0,0.0,0.0,0.0,0.0,0.0,0.444444,0.621932,-0.177488,19.0,2.995732,0.444444,1.0,0.621932,1.115275
76,1,78,80,14,14,75.847978,79.151202,3.303225,0,0.018921,-0.120243,1,76,large_dark,196,1.0,1.0,0.0,11.11,1.22,60.57,0.482,0.0,9.107,0.0,0.0,0.0,0,0,0.0,0.0,0.0,107.906,2.429,0.0,0.0,unrouted,0.0,0.0,0.0,0.0,0.0,9.0,9.0,1.0,0.0,9.072556,0.104123,105.617556,1.0,0.0,0.0,0.0,0.0,0.0,0.0,1.0,0.0,0.458111,0.482,2.437556,2.516,0.0,0.0,0.0,0.0,0.0,61.844444,4.936667,13.756667,196.0,0.015298,0.111111,0.015298,0.111111,0.0,0.0,0.0,0.0,0.0,0.0,0.333333,0.534278,-0.200945,18.666667,2.978925,0.333333,1.0,0.534278,1.115275
77,1,78,80,14,14,76.4064,79.692472,3.286072,0,0.012299,-0.078158,1,77,large_dark,196,1.0,1.0,4.98,10.4,0.69,60.63,0.483,0.0,9.252,0.0,0.0,0.0,0,0,0.0,0.0,0.0,109.378,2.406,0.0,0.0,unrouted,0.0,0.0,0.0,0.0,0.0,9.0,9.0,1.0,0.0,9.105222,0.10906,106.445,1.0,0.0,0.0,0.0,0.0,0.0,0.0,1.0,0.0,0.464,0.483,2.437667,2.516,0.0,0.0,0.0,0.0,0.0,61.456667,4.48,12.975556,196.0,0.048178,0.111111,0.048178,0.111111,0.0,0.0,0.0,0.0,0.0,0.0,0.222222,0.477303,-0.255081,18.444444,2.967561,0.222222,1.0,0.477303,1.115275
78,1,78,80,14,14,76.727915,80.008299,3.280383,0,0.007994,-0.050803,1,78,large_dark,196,1.0,1.0,5.1,10.21,1.8,60.58,0.471,0.0,9.187,0.0,0.0,0.0,0,0,0.0,0.0,0.0,108.472,2.427,0.0,0.0,unrouted,0.0,0.0,0.0,0.0,0.0,9.0,9.0,1.0,0.0,9.139556,0.075643,107.171778,1.0,0.0,0.0,0.0,0.0,0.0,0.0,1.0,0.0,0.468556,0.483,2.440111,2.516,0.0,0.0,0.0,0.0,0.0,61.064444,5.046667,12.173333,196.0,0.048178,0.111111,0.048178,0.111111,0.0,0.0,0.0,0.0,0.0,0.0,0.222222,0.419643,-0.197421,18.777778,2.984559,0.222222,1.0,0.419643,1.115275
79,1,78,80,14,14,76.744399,79.998048,3.253649,0,0.005196,-0.033022,1,79,large_dark,196,1.0,1.0,0.01,10.21,1.81,60.64,0.471,0.0,9.142,0.0,0.0,0.0,0,0,0.0,0.0,0.0,108.473,2.427,0.0,0.0,unrouted,0.0,0.0,0.0,0.0,0.0,9.0,9.0,1.0,0.0,9.142444,0.075183,107.569556,1.0,0.0,0.0,0.0,0.0,0.0,0.0,1.0,0.0,0.470667,0.483,2.44,2.516,0.0,0.0,0.0,0.0,0.0,60.876667,3.75,11.655556,196.0,0.02855,0.111111,0.02855,0.111111,0.0,0.0,0.0,0.0,0.0,0.0,0.111111,0.301438,-0.190327,18.444444,2.967561,0.111111,1.0,0.301438,0.871328
80,1,79,80,14,14,76.82552,80.096624,3.271103,0,0.353377,-0.021464,1,80,large_dark,196,1.0,1.0,9.88,9.95,3.14,60.47,0.472,0.0,9.265,0.0,0.0,0.0,0,0,0.0,0.0,0.0,108.862,2.412,0.0,0.0,unrouted,0.0,0.0,0.0,0.0,0.0,9.0,9.0,1.0,0.0,9.170444,0.068378,108.010556,1.0,0.0,0.0,0.0,0.0,0.0,0.0,1.0,0.0,0.472889,0.483,2.438222,2.516,0.0,0.0,0.0,0.0,0.0,60.67,4.847778,11.108889,196.0,0.021747,0.111111,0.021747,0.111111,0.0,0.0,0.0,0.0,0.0,0.0,0.222222,0.366864,-0.144642,18.222222,2.956067,0.222222,1.0,0.366864,0.995352
81,1,79,80,14,14,76.755041,80.031955,3.276915,0,0.229695,-0.013952,1,81,large_dark,196,1.0,1.0,0.0,9.95,3.13,60.44,0.472,0.0,9.177,0.0,0.0,0.0,0,0,0.0,0.0,0.0,108.862,2.412,0.0,0.0,unrouted,0.0,0.0,0.0,0.0,0.0,9.0,9.0,1.0,0.0,9.163667,0.064244,108.202778,1.0,0.0,0.0,0.0,0.0,0.0,0.0,1.0,0.0,0.474778,0.483,2.426667,2.449,0.0,0.0,0.0,0.0,0.0,60.521111,3.962222,10.657778,196.0,0.021747,0.111111,0.021747,0.111111,0.0,0.0,0.0,0.0,0.0,0.0,0.222222,0.376841,-0.154619,17.222222,2.902642,0.222222,1.0,0.376841,0.995352
82,1,79,80,14,14,76.814908,80.006763,3.191855,0,0.149302,-0.009069,1,82,large_dark,196,1.0,1.0,6.91,9.81,3.87,60.4,0.467,0.0,9.328,0.0,0.0,0.0,0,0,0.0,0.0,0.0,109.935,2.409,0.0,0.0,unrouted,0.0,0.0,0.0,0.0,0.0,9.0,9.0,1.0,0.0,9.186222,0.080331,108.530778,1.0,0.0,0.0,0.0,0.0,0.0,0.0,1.0,0.0,0.474444,0.483,2.422222,2.449,0.0,0.0,0.0,0.0,0.0,60.522222,3.766667,10.471111,196.0,-0.006803,0.0,-0.006803,0.0,0.0,0.0,0.0,0.0,0.0,0.0,0.111111,0.305596,-0.194485,16.888889,2.88418,0.111111,1.0,0.305596,0.995352
83,1,79,80,14,14,77.089986,80.288296,3.19831,0,0.097046,-0.005895,1,83,large_dark,196,1.0,1.0,5.43,9.59,5.23,60.35,0.482,0.0,9.321,0.0,0.0,0.0,0,0,0.0,0.0,0.0,109.978,2.343,0.0,0.0,unrouted,0.0,0.0,0.0,0.0,0.0,9.0,9.0,1.0,0.0,9.216444,0.073931,108.863556,1.0,0.0,0.0,0.0,0.0,0.0,0.0,1.0,0.0,0.475778,0.483,2.410444,2.429,0.0,0.0,0.0,0.0,0.0,60.517778,4.37,10.26,196.0,-0.006803,0.0,-0.006803,0.0,0.0,0.0,0.0,0.0,0.0,0.0,0.111111,0.272968,-0.161857,17.111111,2.896526,0.111111,1.0,0.272968,0.995352
84,1,79,80,14,14,77.197433,80.401982,3.204549,0,0.06308,-0.003831,1,84,large_dark,196,1.0,1.0,0.0,9.59,5.23,60.33,0.481,0.0,9.273,0.0,0.0,0.0,0,0,0.0,0.0,0.0,109.978,2.344,0.0,0.0,unrouted,0.0,0.0,0.0,0.0,0.0,9.0,9.0,1.0,0.0,9.228,0.07374,109.093778,1.0,0.0,0.0,0.0,0.0,0.0,0.0,1.0,0.0,0.475667,0.483,2.401,2.429,0.0,0.0,0.0,0.0,0.0,60.49,3.59,10.091111,196.0,-0.006803,0.0,-0.006803,0.0,0.0,0.0,0.0,0.0,0.0,0.0,0.111111,0.25176,-0.140648,16.555556,2.86537,0.111111,1.0,0.25176,0.995352
85,1,79,80,14,14,77.462248,80.666247,3.203999,0,0.041002,-0.00249,1,85,large_dark,196,1.0,1.0,5.55,9.38,6.6,60.98,0.494,0.0,9.387,0.0,0.0,0.0,0,0,0.0,0.0,0.0,110.749,2.231,0.0,0.0,unrouted,0.0,0.0,0.0,0.0,0.0,9.0,9.0,1.0,0.0,9.259111,0.075179,109.409667,1.0,0.0,0.0,0.0,0.0,0.0,0.0,1.0,0.0,0.477,0.494,2.379,2.427,0.0,0.0,0.0,0.0,0.0,60.535556,4.206667,9.898889,196.0,-0.006803,0.0,-0.006803,0.0,0.0,0.0,0.0,0.0,0.0,0.0,0.111111,0.237974,-0.126863,16.222222,2.846201,0.111111,1.0,0.237974,0.995352
86,1,79,80,14,14,77.542038,80.744938,3.202899,0,0.026651,-0.001619,1,86,large_dark,196,1.0,1.0,0.0,9.38,6.6,60.96,0.494,0.0,9.338,0.0,0.0,0.0,0,0,0.0,0.0,0.0,110.749,2.229,0.0,0.0,unrouted,0.0,0.0,0.0,0.0,0.0,9.0,9.0,1.0,0.0,9.268667,0.079034,109.562,1.0,0.0,0.0,0.0,0.0,0.0,0.0,1.0,0.0,0.478222,0.494,2.359333,2.427,0.0,0.0,0.0,0.0,0.0,60.572222,3.653333,9.785556,196.0,-0.006803,0.0,-0.006803,0.0,0.0,0.0,0.0,0.0,0.0,0.0,0.111111,0.229014,-0.117903,15.555556,2.806722,0.111111,1.0,0.229014,0.995352
87,1,79,81,14,14,77.711373,81.002181,3.290808,0,0.017323,0.348948,1,87,large_dark,196,1.0,1.0,6.08,10.9,0.02,61.51,0.489,0.0,9.221,0.0,0.0,0.0,0,0,0.0,0.0,0.0,108.831,2.242,0.0,0.0,unrouted,0.0,0.0,0.0,0.0,0.0,9.0,9.0,1.0,0.0,9.272444,0.075786,109.601889,1.0,0.0,0.0,0.0,0.0,0.0,0.0,1.0,0.0,0.480222,0.494,2.338778,2.427,0.0,0.0,0.0,0.0,0.0,60.675556,3.762222,9.862222,196.0,0.027589,0.111111,0.027589,0.111111,0.0,0.0,0.0,0.0,0.0,0.0,0.222222,0.331553,-0.109331,15.222222,2.786382,0.222222,1.0,0.331553,1.001973
88,1,80,81,14,14,77.747893,81.056094,3.308201,0,0.36126,0.226816,1,88,large_dark,196,1.0,1.0,5.4,10.5,1.9,61.4,0.513,0.0,9.282,0.0,0.0,0.0,0,0,0.0,0.0,0.0,109.654,2.157,0.0,0.0,unrouted,0.0,0.0,0.0,0.0,0.0,9.0,9.0,1.0,0.0,9.288,0.060176,109.733111,1.0,0.0,0.0,0.0,0.0,0.0,0.0,1.0,0.0,0.484889,0.513,2.308778,2.412,0.0,0.0,0.0,0.0,0.0,60.76,4.361111,9.894444,196.0,0.033962,0.111111,0.033962,0.111111,0.0,0.0,0.0,0.0,0.0,0.0,0.333333,0.441705,-0.108371,15.444444,2.799988,0.333333,1.0,0.441705,1.042793
89,1,80,81,14,14,77.853225,81.139027,3.285802,0,0.234819,0.14743,1,89,large_dark,196,1.0,1.0,0.0,10.5,1.91,61.4,0.513,0.0,9.234,0.0,0.0,0.0,0,0,0.0,0.0,0.0,109.654,2.157,0.0,0.0,unrouted,0.0,0.0,0.0,0.0,0.0,9.0,9.0,1.0,0.0,9.284556,0.062245,109.821111,1.0,0.0,0.0,0.0,0.0,0.0,0.0,1.0,0.0,0.489444,0.513,2.280444,2.412,0.0,0.0,0.0,0.0,0.0,60.863333,3.263333,9.955556,196.0,0.040764,0.111111,0.040764,0.111111,0.0,0.0,0.0,0.0,0.0,0.0,0.222222,0.378506,-0.156284,15.333333,2.793208,0.222222,1.0,0.378506,1.042793
90,1,80,81,14,14,77.87283,81.153732,3.280902,0,0.152632,0.09583,1,90,large_dark,196,1.0,1.0,7.38,10.14,3.21,61.44,0.521,0.0,9.21,0.0,0.0,0.0,0,0,0.0,0.0,0.0,108.528,2.209,0.0,0.0,unrouted,0.0,0.0,0.0,0.0,0.0,9.0,9.0,1.0,0.0,9.288222,0.056509,109.784,1.0,0.0,0.0,0.0,0.0,0.0,0.0,1.0,0.0,0.494889,0.521,2.257889,2.409,0.0,0.0,0.0,0.0,0.0,60.974444,4.083333,9.976667,196.0,0.040764,0.111111,0.040764,0.111111,0.0,0.0,0.0,0.0,0.0,0.0,0.222222,0.369976,-0.147754,15.777778,2.820055,0.222222,1.0,0.369976,1.042793
91,1,80,81,14,14,77.683057,80.958659,3.275602,0,0.099211,0.062289,1,91,large_dark,196,1.0,1.0,0.01,10.14,3.24,61.41,0.52,0.0,9.145,0.0,0.0,0.0,0,0,0.0,0.0,0.0,108.529,2.207,0.0,0.0,unrouted,0.0,0.0,0.0,0.0,0.0,9.0,9.0,1.0,0.0,9.267889,0.06988,109.627778,1.0,0.0,0.0,0.0,0.0,0.0,0.0,1.0,0.0,0.500778,0.521,2.235444,2.344,0.0,0.0,0.0,0.0,0.0,61.086667,3.316667,10.013333,196.0,0.040764,0.111111,0.040764,0.111111,0.0,0.0,0.0,0.0,0.0,0.0,0.222222,0.364432,-0.14221,15.333333,2.793208,0.222222,1.0,0.364432,1.042793
92,1,79,82,14,14,77.556156,80.923935,3.367779,0,-0.285513,0.390488,1,92,large_dark,196,1.0,1.0,7.22,11.98,3.73,62.12,0.516,0.0,9.261,0.0,0.0,0.0,0,0,0.0,0.0,0.0,108.684,2.372,0.0,0.0,unrouted,0.0,0.0,0.0,0.0,0.0,9.0,9.0,1.0,0.0,9.261222,0.06731,109.484,1.0,0.0,0.0,0.0,0.0,0.0,0.0,1.0,0.0,0.504556,0.521,2.238667,2.372,0.0,0.0,0.0,0.0,0.0,61.283333,3.515556,10.278889,196.0,0.06549,0.222222,0.06549,0.222222,0.0,0.0,0.0,0.0,0.0,0.0,0.379357,0.508351,-0.128993,15.111111,2.779509,0.379357,1.414214,0.508351,1.444841
93,1,79,82,14,14,77.454303,80.818082,3.363779,0,-0.185583,0.253817,1,93,large_dark,196,1.0,1.0,12.19,11.59,2.83,62.27,0.521,0.0,9.209,0.0,0.0,0.0,0,0,0.0,0.0,0.0,107.669,2.409,0.0,0.0,unrouted,0.0,0.0,0.0,0.0,0.0,9.0,9.0,1.0,0.0,9.254111,0.069048,109.227444,1.0,0.0,0.0,0.0,0.0,0.0,0.0,1.0,0.0,0.509,0.521,2.245889,2.409,0.0,0.0,0.0,0.0,0.0,61.498889,4.87,10.501111,196.0,0.06549,0.222222,0.06549,0.222222,0.0,0.0,0.0,0.0,0.0,0.0,0.379357,0.551296,-0.171939,15.444444,2.799988,0.379357,1.414214,0.551296,1.444841
94,1,79,82,14,14,77.162153,80.523233,3.361079,0,-0.120629,0.164981,1,94,large_dark,196,1.0,1.0,0.0,11.59,2.84,62.25,0.521,0.0,9.101,0.0,0.0,0.0,0,0,0.0,0.0,0.0,107.669,2.409,0.0,0.0,unrouted,0.0,0.0,0.0,0.0,0.0,9.0,9.0,1.0,0.0,9.222333,0.066336,108.885222,1.0,0.0,0.0,0.0,0.0,0.0,0.0,1.0,0.0,0.512,0.521,2.265667,2.409,0.0,0.0,0.0,0.0,0.0,61.64,4.253333,10.746667,196.0,0.06549,0.222222,0.06549,0.222222,0.0,0.0,0.0,0.0,0.0,0.0,0.379357,0.579211,-0.199853,15.666667,2.813411,0.379357,1.414214,0.579211,1.444841
95,1,79,82,14,14,77.001076,80.358255,3.357179,0,-0.078409,0.107238,1,95,large_dark,196,1.0,1.0,8.86,11.41,1.47,62.3,0.533,0.0,9.188,0.0,0.0,0.0,0,0,0.0,0.0,0.0,107.968,2.5,0.0,0.0,unrouted,0.0,0.0,0.0,0.0,0.0,9.0,9.0,1.0,0.0,9.205667,0.052603,108.576222,1.0,0.0,0.0,0.0,0.0,0.0,0.0,1.0,0.0,0.516333,0.533,2.295778,2.5,0.0,0.0,0.0,0.0,0.0,61.788889,5.237778,10.972222,196.0,0.06549,0.222222,0.06549,0.222222,0.0,0.0,0.0,0.0,0.0,0.0,0.379357,0.597355,-0.217998,16.222222,2.846201,0.379357,1.414214,0.597355,1.444841
96,1,79,82,14,14,76.735235,79.998305,3.26307,0,-0.050966,0.069705,1,96,large_dark,196,1.0,1.0,0.0,11.41,1.47,62.28,0.533,0.0,9.109,0.0,0.0,0.0,0,0,0.0,0.0,0.0,107.968,2.501,0.0,0.0,unrouted,0.0,0.0,0.0,0.0,0.0,9.0,9.0,1.0,0.0,9.193222,0.060203,108.480333,1.0,0.0,0.0,0.0,0.0,0.0,0.0,1.0,0.0,0.521222,0.533,2.324556,2.501,0.0,0.0,0.0,0.0,0.0,61.874444,4.562222,11.028889,196.0,0.031099,0.111111,0.031099,0.111111,0.0,0.0,0.0,0.0,0.0,0.0,0.268246,0.500785,-0.232539,16.0,2.833213,0.268246,1.414214,0.500785,1.444841
97,1,79,82,14,14,76.583751,79.821128,3.237377,0,-0.033128,0.045308,1,97,large_dark,196,1.0,1.0,10.34,10.72,0.01,61.75,0.554,0.0,9.052,0.0,0.0,0.0,0,0,0.0,0.0,0.0,106.456,2.468,0.0,0.0,unrouted,0.0,0.0,0.0,0.0,0.0,9.0,9.0,1.0,0.0,9.167667,0.065662,108.125,1.0,0.0,0.0,0.0,0.0,0.0,0.0,1.0,0.0,0.525778,0.554,2.359111,2.501,0.0,0.0,0.0,0.0,0.0,61.913333,5.111111,11.053333,196.0,0.024726,0.111111,0.024726,0.111111,0.0,0.0,0.0,0.0,0.0,0.0,0.157135,0.394514,-0.237379,15.888889,2.826656,0.157135,1.414214,0.394514,1.444841
98,1,79,81,14,14,76.131226,79.377057,3.24583,0,-0.021533,-0.32055,1,98,large_dark,196,1.0,1.0,9.63,9.24,8.29,60.69,0.568,0.0,9.088,0.0,0.0,0.0,0,0,0.0,0.0,0.0,106.626,2.479,0.0,0.0,unrouted,0.0,0.0,0.0,0.0,0.0,9.0,9.0,1.0,0.0,9.151444,0.065305,107.788556,1.0,0.0,0.0,0.0,0.0,0.0,0.0,1.0,0.0,0.531889,0.568,2.394889,2.501,0.0,0.0,0.0,0.0,0.0,61.834444,6.181111,10.913333,196.0,0.000539,0.111111,0.000539,0.111111,0.0,0.0,0.0,0.0,0.0,0.0,0.268246,0.463322,-0.195076,16.555556,2.86537,0.268246,1.414214,0.463322,1.444841
99,1,79,81,14,14,75.914465,79.139417,3.224952,0,-0.013996,-0.208357,1,99,large_dark,196,1.0,1.0,0.01,9.24,8.29,60.69,0.568,0.0,9.002,0.0,0.0,0.0,0,0,0.0,0.0,0.0,106.626,2.479,0.0,0.0,unrouted,0.0,0.0,0.0,0.0,0.0,9.0,9.0,1.0,0.0,9.128333,0.076362,107.577222,1.0,0.0,0.0,0.0,0.0,0.0,0.0,1.0,0.0,0.537111,0.568,2.424889,2.501,0.0,0.0,0.0,0.0,0.0,61.751111,5.362222,10.813333,196.0,0.000539,0.111111,0.000539,0.111111,0.0,0.0,0.0,0.0,0.0,0.0,0.268246,0.468211,-0.199965,16.777778,2.877949,0.268246,1.414214,0.468211,1.444841
100,1,78,82,14,14,75.15079,78.365344,3.214554,0,-0.359098,0.214568,1,100,large_dark,196,1.0,1.0,10.93,10.49,1.03,62.14,0.55,0.0,9.051,0.0,0.0,0.0,0,0,0.0,0.0,0.0,106.337,2.531,0.0,0.0,unrouted,0.0,0.0,0.0,0.0,0.0,9.0,9.0,1.0,0.0,9.117889,0.079722,107.333667,1.0,0.0,0.0,0.0,0.0,0.0,0.0,1.0,0.0,0.540444,0.568,2.460889,2.531,0.0,0.0,0.0,0.0,0.0,61.832222,6.575556,10.852222,196.0,-0.048592,0.111111,-0.048592,0.111111,0.0,0.0,0.0,0.0,0.0,0.0,0.425381,0.621475,-0.196094,17.333333,2.908721,0.425381,1.414214,0.621475,1.559593
101,1,78,82,14,14,74.887915,77.992009,3.104094,0,-0.233414,0.139469,1,101,large_dark,196,1.0,1.0,0.0,10.49,1.03,62.16,0.55,0.0,8.955,0.0,0.0,0.0,0,0,0.0,0.0,0.0,106.337,2.531,0.0,0.0,unrouted,0.0,0.0,0.0,0.0,0.0,9.0,9.0,1.0,0.0,9.083889,0.07663,107.072889,1.0,0.0,0.0,0.0,0.0,0.0,0.0,1.0,0.0,0.544222,0.568,2.478556,2.531,0.0,0.0,0.0,0.0,0.0,61.836667,5.773333,10.686667,196.0,-0.073318,0.0,-0.073318,0.0,0.0,0.0,0.0,0.0,0.0,0.0,0.268246,0.507417,-0.239171,17.222222,2.902642,0.268246,1.414214,0.507417,1.559593
102,1,78,82,14,14,74.879909,77.971453,3.091544,0,-0.151719,0.090655,1,102,large_dark,196,1.0,1.0,10.08,10.65,1.82,61.35,0.536,0.0,9.186,0.0,0.0,0.0,0,0,0.0,0.0,0.0,107.968,2.562,0.0,0.0,unrouted,0.0,0.0,0.0,0.0,0.0,9.0,9.0,1.0,0.0,9.081333,0.072697,107.106111,1.0,0.0,0.0,0.0,0.0,0.0,0.0,1.0,0.0,0.545889,0.568,2.495556,2.562,0.0,0.0,0.0,0.0,0.0,61.734444,5.538889,10.582222,196.0,-0.073318,0.0,-0.073318,0.0,0.0,0.0,0.0,0.0,0.0,0.0,0.268246,0.48388,-0.215634,17.333333,2.908721,0.268246,1.414214,0.48388,1.559593
103,1,78,83,14,14,74.814673,77.974174,3.159502,0,-0.098617,0.408926,1,103,large_dark,196,1.0,1.0,10.73,12.68,4.84,62.39,0.523,0.0,8.924,0.0,0.0,0.0,0,0,0.0,0.0,0.0,103.834,2.676,0.0,0.0,unrouted,0.0,0.0,0.0,0.0,0.0,9.0,9.0,1.0,0.0,9.061667,0.08721,106.68,1.0,0.0,0.0,0.0,0.0,0.0,0.0,1.0,0.0,0.546111,0.568,2.525222,2.676,0.0,0.0,0.0,0.0,0.0,61.75,6.731111,10.703333,196.0,-0.047997,0.111111,-0.047997,0.111111,0.0,0.0,0.0,0.0,0.0,0.0,0.379357,0.551379,-0.172022,17.777778,2.932674,0.379357,1.414214,0.551379,1.559593
104,1,78,83,14,14,74.462593,77.610583,3.147991,0,-0.064101,0.265802,1,104,large_dark,196,1.0,1.0,0.02,12.69,4.84,62.31,0.521,0.0,8.83,0.0,0.0,0.0,0,0,0.0,0.0,0.0,103.834,2.676,0.0,0.0,unrouted,0.0,0.0,0.0,0.0,0.0,9.0,9.0,1.0,0.0,9.021889,0.10106,106.220667,1.0,0.0,0.0,0.0,0.0,0.0,0.0,1.0,0.0,0.544778,0.568,2.544778,2.676,0.0,0.0,0.0,0.0,0.0,61.751111,5.748889,10.845556,196.0,-0.047997,0.111111,-0.047997,0.111111,0.0,0.0,0.0,0.0,0.0,0.0,0.379357,0.575409,-0.196052,17.666667,2.926739,0.379357,1.414214,0.575409,1.559593
105,1,78,82,14,14,74.234319,77.454891,3.220572,0,-0.041666,-0.177229,1,105,large_dark,196,1.0,1.0,10.42,10.79,4.18,60.55,0.54,0.0,8.78,0.0,0.0,0.0,0,0,0.0,0.0,0.0,102.624,2.735,0.0,0.0,unrouted,0.0,0.0,0.0,0.0,0.0,9.0,9.0,1.0,0.0,8.985333,0.120561,105.626889,1.0,0.0,0.0,0.0,0.0,0.0,0.0,1.0,0.0,0.545556,0.568,2.570778,2.735,0.0,0.0,0.0,0.0,0.0,61.558889,6.906667,10.776667,196.0,-0.011716,0.222222,-0.011716,0.222222,0.0,0.0,0.0,0.0,0.0,0.0,0.490468,0.701473,-0.211005,18.333333,2.961831,0.490468,1.414214,0.701473,1.559593
106,1,78,82,14,14,73.890324,77.093012,3.202689,0,-0.027083,-0.115199,1,106,large_dark,196,1.0,1.0,0.0,10.79,4.19,60.53,0.54,0.0,8.688,0.0,0.0,0.0,0,0,0.0,0.0,0.0,102.624,2.735,0.0,0.0,unrouted,0.0,0.0,0.0,0.0,0.0,9.0,9.0,1.0,0.0,8.944889,0.149092,105.201111,1.0,0.0,0.0,0.0,0.0,0.0,0.0,1.0,0.0,0.544,0.568,2.600444,2.735,0.0,0.0,0.0,0.0,0.0,61.423333,5.757778,10.784444,196.0,-0.011716,0.222222,-0.011716,0.222222,0.0,0.0,0.0,0.0,0.0,0.0,0.490468,0.712108,-0.22164,18.555556,2.973259,0.490468,1.414214,0.712108,1.559593
107,1,78,82,14,14,73.973409,77.148911,3.175502,0,-0.017604,-0.074879,1,107,large_dark,196,1.0,1.0,12.91,10.72,5.27,60.06,0.54,0.0,8.834,0.0,0.0,0.0,0,0,0.0,0.0,0.0,102.936,2.701,0.0,0.0,unrouted,0.0,0.0,0.0,0.0,0.0,9.0,9.0,1.0,0.0,8.916667,0.143257,104.791111,1.0,0.0,0.0,0.0,0.0,0.0,0.0,1.0,0.0,0.540889,0.568,2.625111,2.735,0.0,0.0,0.0,0.0,0.0,61.353333,6.122222,10.948889,196.0,0.012472,0.222222,0.012472,0.222222,0.0,0.0,0.0,0.0,0.0,0.0,0.379357,0.609053,-0.229696,18.333333,2.961831,0.379357,1.414214,0.609053,1.559593
108,1,78,82,14,14,73.603338,76.769879,3.166541,0,-0.011442,-0.048671,1,108,large_dark,196,1.0,1.0,10.41,10.36,7.05,59.64,0.537,0.0,8.589,0.0,0.0,0.0,0,0,0.0,0.0,0.0,100.081,2.646,0.0,0.0,unrouted,0.0,0.0,0.0,0.0,0.0,9.0,9.0,1.0,0.0,8.870778,0.171863,104.063889,1.0,0.0,0.0,0.0,0.0,0.0,0.0,1.0,0.0,0.537444,0.55,2.643667,2.735,0.0,0.0,0.0,0.0,0.0,61.236667,7.277778,11.073333,196.0,0.012472,0.222222,0.012472,0.222222,0.0,0.0,0.0,0.0,0.0,0.0,0.379357,0.581903,-0.202546,18.333333,2.961831,0.379357,1.414214,0.581903,1.559593
109,1,78,82,14,14,73.748863,76.892297,3.143434,0,-0.007438,-0.031636,1,109,large_dark,196,1.0,1.0,0.0,10.36,7.06,59.61,0.538,0.0,8.497,0.0,0.0,0.0,0,0,0.0,0.0,0.0,100.081,2.646,0.0,0.0,unrouted,0.0,0.0,0.0,0.0,0.0,9.0,9.0,1.0,0.0,8.809222,0.194068,103.368778,1.0,0.0,0.0,0.0,0.0,0.0,0.0,1.0,0.0,0.536111,0.55,2.656444,2.735,0.0,0.0,0.0,0.0,0.0,60.955556,6.063333,11.058889,196.0,0.061602,0.222222,0.061602,0.222222,0.0,0.0,0.0,0.0,0.0,0.0,0.222222,0.41417,-0.191948,18.222222,2.956067,0.222222,1.0,0.41417,1.267424
110,1,77,83,14,14,73.279766,76.354103,3.074337,0,-0.354834,0.329436,1,110,large_dark,196,1.0,1.0,12.18,11.93,0.56,60.92,0.544,0.0,8.939,0.0,0.0,0.0,0,0,0.0,0.0,0.0,104.474,3.783,0.0,0.0,unrouted,0.0,0.0,0.0,0.0,0.0,9.0,9.0,1.0,0.0,8.807444,0.192794,103.161778,1.0,0.0,0.0,0.0,0.0,0.0,0.0,1.0,0.0,0.535444,0.544,2.795556,3.783,0.0,0.0,0.0,0.0,0.0,60.817778,7.416667,11.218889,196.0,0.031368,0.222222,0.031368,0.222222,0.0,0.0,0.0,0.0,0.0,0.0,0.379357,0.526756,-0.147399,18.444444,2.967561,0.379357,1.414214,0.526756,1.431591
111,1,77,83,14,14,72.921265,75.870464,2.949199,0,-0.230642,0.214134,1,111,large_dark,196,1.0,1.0,0.0,11.92,0.57,60.93,0.543,0.0,8.831,0.0,0.0,0.0,0,0,0.0,0.0,0.0,104.475,4.285,0.0,0.0,unrouted,0.0,0.0,0.0,0.0,0.0,9.0,9.0,1.0,0.0,8.768,0.140543,102.773667,1.0,0.0,0.0,0.0,0.0,0.0,0.0,1.0,0.0,0.536222,0.544,2.987,4.285,0.0,0.0,0.0,0.0,0.0,60.771111,6.296667,11.36,196.0,0.031368,0.222222,0.031368,0.222222,0.0,0.0,0.0,0.0,0.0,0.0,0.379357,0.550343,-0.170986,17.888889,2.938574,0.379357,1.414214,0.550343,1.431591
112,1,76,84,14,14,71.931781,73.327753,1.395972,0,-0.499918,0.489187,1,112,large_dark,196,1.0,1.0,11.52,13.32,5.11,62.17,0.531,0.0,8.789,0.0,0.0,0.0,0,0,0.0,0.0,0.0,101.905,7.93,0.0,0.0,unrouted,0.0,0.0,0.0,0.0,0.0,9.0,9.0,1.0,0.0,8.753,0.129894,102.559333,1.0,0.0,0.0,0.0,0.0,0.0,0.0,1.0,0.0,0.537111,0.544,3.570778,7.93,0.0,0.0,0.0,0.0,0.0,60.746667,6.384444,11.431111,196.0,-0.075208,0.111111,-0.075208,0.111111,0.0,0.0,0.0,0.0,0.0,0.0,0.425381,0.570105,-0.144724,17.555556,2.920769,0.425381,1.414214,0.570105,1.431591
113,1,76,84,14,14,71.835028,72.312055,0.477028,0,-0.324946,0.317971,1,113,large_dark,196,1.0,1.0,10.16,13.21,4.11,62.05,0.537,0.0,8.773,0.0,0.0,0.0,0,0,0.0,0.0,0.0,101.988,8.96,0.0,0.0,unrouted,0.0,0.0,0.0,0.0,0.0,9.0,9.0,1.0,0.0,8.746667,0.12735,102.354222,1.0,0.0,0.0,0.0,0.0,0.0,0.0,1.0,0.0,0.538889,0.544,4.269,8.96,0.0,0.0,0.0,0.0,0.0,60.717778,7.511111,11.488889,196.0,-0.075208,0.111111,-0.075208,0.111111,0.0,0.0,0.0,0.0,0.0,0.0,0.425381,0.601082,-0.175701,17.666667,2.926739,0.425381,1.414214,0.601082,1.431591
114,1,76,84,14,14,71.634527,71.57209,-0.062437,0,-0.211215,0.206681,1,114,large_dark,196,1.0,1.0,0.0,13.21,4.11,61.99,0.537,0.0,8.684,0.0,0.0,0.0,0,0,0.0,0.0,0.0,101.988,8.96,0.0,0.0,unrouted,0.0,0.0,0.0,0.0,0.0,9.0,9.0,1.0,0.0,8.736,0.128129,102.283556,1.0,0.0,0.0,0.0,0.0,0.0,0.0,1.0,0.0,0.538556,0.544,4.960667,8.96,0.0,0.0,0.0,0.0,0.0,60.877778,6.353333,11.757778,196.0,-0.111489,0.0,-0.111489,0.0,0.0,0.0,0.0,0.0,0.0,0.0,0.31427,0.510772,-0.196503,17.111111,2.896526,0.31427,1.414214,0.510772,1.431591
115,1,76,84,14,14,71.842589,71.331157,-0.511431,0,-0.13729,0.134343,1,115,large_dark,196,1.0,1.0,11.58,13.0,2.89,61.31,0.537,0.0,8.913,0.0,0.0,0.0,0,0,0.0,0.0,0.0,103.738,8.956,0.0,0.0,unrouted,0.0,0.0,0.0,0.0,0.0,9.0,9.0,1.0,0.0,8.761,0.137903,102.407333,1.0,0.0,0.0,0.0,0.0,0.0,0.0,1.0,0.0,0.538222,0.544,5.651889,8.96,0.0,0.0,0.0,0.0,0.0,60.964444,7.64,12.003333,196.0,-0.111489,0.0,-0.111489,0.0,0.0,0.0,0.0,0.0,0.0,0.0,0.31427,0.523378,-0.209109,17.222222,2.902642,0.31427,1.414214,0.523378,1.431591
116,1,76,84,14,14,71.674819,70.783788,-0.891031,0,-0.089238,0.087323,1,116,large_dark,196,1.0,1.0,1.11,12.97,2.86,61.34,0.54,0.0,8.66,0.0,0.0,0.0,0,0,0.0,0.0,0.0,101.746,7.957,0.0,0.0,unrouted,0.0,0.0,0.0,0.0,0.0,9.0,9.0,1.0,0.0,8.741667,0.138509,102.275111,1.0,0.0,0.0,0.0,0.0,0.0,0.0,1.0,0.0,0.538222,0.544,6.235889,8.96,0.0,0.0,0.0,0.0,0.0,61.106667,6.328889,12.253333,196.0,-0.111489,0.0,-0.111489,0.0,0.0,0.0,0.0,0.0,0.0,0.0,0.31427,0.531572,-0.217302,17.0,2.890372,0.31427,1.414214,0.531572,1.431591
117,1,76,84,14,14,71.79185,69.658341,-2.133509,0,-0.058005,0.05676,1,117,large_dark,196,1.0,1.0,8.89,12.65,1.32,60.31,0.537,0.0,8.714,0.0,0.0,0.0,0,0,0.0,0.0,0.0,101.765,10.466,0.0,0.0,unrouted,0.0,0.0,0.0,0.0,0.0,9.0,9.0,1.0,0.0,8.755556,0.128402,102.462222,1.0,0.0,0.0,0.0,0.0,0.0,0.0,1.0,0.0,0.538222,0.544,7.104778,10.466,0.0,0.0,0.0,0.0,0.0,61.181111,6.16,12.507778,196.0,-0.111489,0.0,-0.111489,0.0,0.0,0.0,0.0,0.0,0.0,0.0,0.31427,0.536898,-0.222628,16.777778,2.877949,0.31427,1.414214,0.536898,1.431591
118,1,75,84,14,14,71.666201,66.098677,-5.567524,0,-0.387703,0.036894,1,118,large_dark,196,1.0,1.0,12.86,12.68,1.43,60.41,0.54,0.0,8.734,0.0,0.0,0.0,0,0,0.0,0.0,0.0,101.564,15.983,0.0,0.0,unrouted,0.0,0.0,0.0,0.0,0.0,9.0,9.0,1.0,0.0,8.781889,0.091747,102.627,1.0,0.0,0.0,0.0,0.0,0.0,0.0,1.0,0.0,0.538444,0.544,8.586667,15.983,0.0,0.0,0.0,0.0,0.0,61.27,7.588889,12.765556,196.0,-0.143235,0.0,-0.143235,0.0,0.0,0.0,0.0,0.0,0.0,0.0,0.425381,0.636199,-0.210818,17.111111,2.896526,0.425381,1.414214,0.636199,1.431591
119,1,75,84,14,14,71.82321,65.35425,-6.46896,0,-0.252007,0.023981,1,119,large_dark,196,1.0,1.0,0.0,12.68,1.42,60.41,0.54,0.0,8.62,0.0,0.0,0.0,0,0,0.0,0.0,0.0,101.564,15.983,0.0,0.0,unrouted,0.0,0.0,0.0,0.0,0.0,9.0,9.0,1.0,0.0,8.746444,0.085618,102.303667,1.0,0.0,0.0,0.0,0.0,0.0,0.0,1.0,0.0,0.538,0.543,9.942222,15.983,0.0,0.0,0.0,0.0,0.0,61.213333,6.235556,12.848889,196.0,-0.113001,0.0,-0.113001,0.0,0.0,0.0,0.0,0.0,0.0,0.0,0.268246,0.520406,-0.25216,16.777778,2.877949,0.268246,1.414214,0.520406,1.099771
120,1,75,84,14,14,71.600404,62.745477,-8.854927,0,-0.163805,0.015588,1,120,large_dark,196,1.0,1.0,10.22,12.5,0.23,60.28,0.559,0.0,8.581,0.0,0.0,0.0,0,0,0.0,0.0,0.0,100.145,18.931,0.0,0.0,unrouted,0.0,0.0,0.0,0.0,0.0,9.0,9.0,1.0,0.0,8.718667,0.093839,101.822556,1.0,0.0,0.0,0.0,0.0,0.0,0.0,1.0,0.0,0.539778,0.559,11.569556,18.931,0.0,0.0,0.0,0.0,0.0,61.141111,7.371111,12.913333,196.0,-0.113001,0.0,-0.113001,0.0,0.0,0.0,0.0,0.0,0.0,0.0,0.268246,0.494735,-0.226489,17.0,2.890372,0.268246,1.414214,0.494735,1.099771
121,1,75,84,14,14,72.070415,62.410201,-9.660214,0,-0.106473,0.010132,1,121,large_dark,196,1.0,1.0,0.0,12.5,0.24,60.29,0.559,0.0,8.49,0.0,0.0,0.0,0,0,0.0,0.0,0.0,100.145,18.931,0.0,0.0,unrouted,0.0,0.0,0.0,0.0,0.0,9.0,9.0,1.0,0.0,8.685444,0.113852,101.627,1.0,0.0,0.0,0.0,0.0,0.0,0.0,1.0,0.0,0.542889,0.559,12.791889,18.931,0.0,0.0,0.0,0.0,0.0,60.932222,6.091111,12.822222,196.0,-0.031746,0.0,-0.031746,0.0,0.0,0.0,0.0,0.0,0.0,0.0,0.111111,0.390821,-0.279709,16.777778,2.877949,0.111111,1.0,0.390821,0.943704
122,1,74,84,14,14,71.870525,58.395358,-13.475167,0,-0.419207,0.006586,1,122,large_dark,196,1.0,1.0,10.49,12.74,1.33,60.03,0.564,0.0,8.837,0.0,0.0,0.0,0,0,0.0,0.0,0.0,103.174,24.877,0.0,0.0,unrouted,0.0,0.0,0.0,0.0,0.0,9.0,9.0,1.0,0.0,8.692556,0.12088,101.758778,1.0,0.0,0.0,0.0,0.0,0.0,0.0,1.0,0.0,0.545889,0.564,14.560444,24.877,0.0,0.0,0.0,0.0,0.0,60.707778,6.127778,12.77,196.0,-0.059713,0.0,-0.059713,0.0,0.0,0.0,0.0,0.0,0.0,0.0,0.222222,0.412392,-0.19017,16.444444,2.859021,0.222222,1.0,0.412392,0.943704
123,1,79,93,4,4,65.025009,50.338901,-14.686108,0,-0.272485,1.404281,1,123,appearance,16,1.0,1.0,23.44,69.94,88.15,104.89,0.165,0.0,3.534,0.0,0.0,0.0,0,0,0.0,0.0,0.0,0.0,22.425,0.0,0.0,unrouted,0.0,0.0,0.0,0.0,0.0,9.0,9.0,1.0,0.0,8.120333,1.62601,90.426778,0.888889,0.111111,0.0,0.0,0.0,0.0,0.0,1.0,0.111111,0.504556,0.564,16.056556,24.877,0.0,0.0,0.0,0.0,0.0,65.474444,8.732222,19.073333,176.0,-0.082389,0.0,-0.082389,0.0,0.0,0.0,0.0,0.0,0.0,0.0,0.666667,0.808027,-0.14136,16.555556,2.86537,0.666667,4.0,0.808027,4.015357
124,1,70,85,14,14,71.428128,41.563858,-29.86427,0,-1.087115,0.230282,1,124,large_dark,196,1.0,1.0,0.0,14.06,2.24,61.91,0.519,0.0,8.827,0.0,0.0,0.0,0,0,0.0,0.0,0.0,103.703,48.903,0.0,0.0,unrouted,0.0,0.0,0.0,0.0,0.0,9.0,9.0,1.0,0.0,8.708,0.127199,101.945444,1.0,0.0,0.0,0.0,0.0,0.0,0.0,1.0,0.0,0.541889,0.564,23.437111,48.903,0.0,0.0,0.0,0.0,0.0,60.764444,5.866667,12.982222,196.0,0.121315,0.111111,0.121315,0.111111,0.0,0.0,0.0,0.0,0.0,0.0,0.680345,0.93189,-0.251545,15.888889,2.826656,0.680345,4.123106,0.93189,3.716039
125,1,69,85,14,14,71.052161,37.666261,-33.3859,0,-1.056625,0.149684,1,125,large_dark,196,1.0,1.0,7.49,13.66,0.45,62.04,0.523,0.0,8.906,0.0,0.0,0.0,0,0,0.0,0.0,0.0,104.126,49.987,0.0,0.0,unrouted,0.0,0.0,0.0,0.0,0.0,9.0,9.0,1.0,0.0,8.735333,0.139759,102.209889,1.0,0.0,0.0,0.0,0.0,0.0,0.0,1.0,0.0,0.54,0.564,28.107111,49.987,0.0,0.0,0.0,0.0,0.0,60.842222,6.575556,13.058889,196.0,0.041194,0.111111,0.041194,0.111111,0.0,0.0,0.0,0.0,0.0,0.0,0.791456,0.937904,-0.146447,16.333333,2.852631,0.791456,4.123106,0.937904,3.716039
126,1,69,85,14,14,71.042435,34.803712,-36.238723,0,-0.686806,0.097294,1,126,large_dark,196,1.0,1.0,0.0,13.67,0.45,62.06,0.523,0.0,8.84,0.0,0.0,0.0,0,0,0.0,0.0,0.0,104.126,49.986,0.0,0.0,unrouted,0.0,0.0,0.0,0.0,0.0,9.0,9.0,1.0,0.0,8.749333,0.143189,102.472222,1.0,0.0,0.0,0.0,0.0,0.0,0.0,1.0,0.0,0.538444,0.564,32.498222,49.987,0.0,0.0,0.0,0.0,0.0,61.036667,5.587778,13.172222,196.0,0.041194,0.111111,0.041194,0.111111,0.0,0.0,0.0,0.0,0.0,0.0,0.791456,1.042606,-0.25115,16.222222,2.846201,0.791456,4.123106,1.042606,3.716039
127,1,74,84,14,14,66.427904,28.739742,-37.688162,0,1.303576,-0.286759,1,127,large_dark,196,1.0,1.0,10.7,12.83,0.34,59.31,0.59,0.0,8.74,0.0,0.0,0.0,0,0,0.0,0.0,0.0,102.079,36.808,0.0,0.0,unrouted,0.0,0.0,0.0,0.0,0.0,9.0,9.0,1.0,0.0,8.75,0.14313,102.529444,1.0,0.0,0.0,0.0,0.0,0.0,0.0,1.0,0.0,0.544,0.59,34.812111,49.987,0.0,0.0,0.0,0.0,0.0,60.914444,5.347778,13.188889,196.0,-0.048375,0.111111,-0.048375,0.111111,0.0,0.0,0.0,0.0,0.0,0.0,1.246903,1.581272,-0.33437,16.222222,2.846201,1.246903,5.09902,1.581272,5.791703
128,690,118,118,14,14,31.665175,34.676505,3.011329,0,0.945123,0.759278,1,128,large_dark,196,1.0,1.0,3.99,2.59,8.04,78.46,0.871,0.0,5.347,0.0,0.0,0.0,0,0,0.0,0.0,0.0,62.866,2.565,0.0,0.0,unrouted,0.0,0.0,0.0,0.0,0.0,9.0,9.0,1.0,0.0,5.044111,0.232128,59.397333,1.0,0.0,0.0,0.0,0.0,0.0,0.0,1.0,0.0,0.854333,0.893,2.656333,2.795,0.0,0.0,0.0,0.0,0.0,79.23,2.692222,3.211111,196.0,0.003401,0.0,0.003401,0.0,0.0,0.0,0.0,0.0,0.0,0.0,1.515409,2.220933,-0.705524,16.666667,2.87168,1.838864,5.656854,2.220933,6.739673
129,1440,96,117,14,14,32.713439,22.064646,-10.648794,0,0.714002,0.585574,1,129,large_dark,196,1.0,1.0,0.0,3.33,3.65,83.99,0.397,0.0,4.167,0.0,0.0,0.0,0,0,0.0,0.0,0.0,47.588,2.544,0.0,0.0,unrouted,0.0,0.0,0.0,0.0,0.0,9.0,9.0,1.0,0.0,4.180111,0.092581,47.460778,1.0,0.0,0.0,0.0,0.0,0.0,0.0,1.0,0.0,0.364222,0.398,2.561333,2.668,0.0,0.0,0.0,0.0,0.0,84.082222,1.558889,3.6,196.0,-0.021164,0.0,-0.021164,0.0,0.0,0.0,0.0,0.0,0.0,0.0,0.555556,1.171035,-0.61548,16.777778,2.877949,0.967578,2.236068,1.171035,1.886358
130,690,120,118,14,14,33.198902,36.199864,3.000962,0,1.099314,0.320795,1,130,large_dark,196,1.0,1.0,3.73,2.28,8.72,77.19,0.879,0.0,5.318,0.0,0.0,0.0,0,0,0.0,0.0,0.0,62.569,2.497,0.0,0.0,unrouted,0.0,0.0,0.0,0.0,0.0,9.0,9.0,1.0,0.0,5.165111,0.196738,60.920667,1.0,0.0,0.0,0.0,0.0,0.0,0.0,1.0,0.0,0.854333,0.893,2.651444,2.795,0.0,0.0,0.0,0.0,0.0,78.833333,2.591111,2.794444,196.0,0.015495,0.0,0.015495,0.0,0.0,0.0,0.0,0.0,0.0,0.0,1.515409,2.115946,-0.600538,17.111111,2.896526,1.746817,5.656854,2.115946,6.739673
131,2267,6,116,14,14,23.164624,26.264661,3.100038,0,-0.700031,0.613596,1,131,large_dark,196,1.0,1.0,0.05,5.07,16.86,74.87,0.849,0.0,3.278,0.0,0.0,0.0,0,0,0.0,0.0,0.0,36.005,2.085,0.0,0.0,unrouted,0.0,0.0,0.0,0.0,0.0,9.0,9.0,1.0,0.0,3.433222,0.113007,37.095,1.0,0.0,0.0,0.0,0.0,0.0,0.0,1.0,0.0,0.828111,0.849,2.116889,2.218,0.0,0.0,0.0,0.0,0.0,74.678889,2.536667,4.97,196.0,0.031746,0.111111,0.031746,0.111111,0.0,0.0,0.0,0.0,0.0,0.0,0.444444,1.141706,-0.697262,17.333333,2.908721,0.896055,2.828427,1.141706,2.157762
132,690,120,120,14,14,38.821669,27.727248,-11.094422,0,0.46446,0.835536,1,132,large_dark,196,1.0,1.0,3.27,2.53,11.65,78.11,0.871,0.0,5.229,0.0,0.0,0.0,0,0,0.0,0.0,0.0,61.173,2.338,0.0,0.0,unrouted,0.0,0.0,0.0,0.0,0.0,9.0,9.0,1.0,0.0,5.243667,0.088741,61.875778,1.0,0.0,0.0,0.0,0.0,0.0,0.0,1.0,0.0,0.856222,0.879,2.613667,2.795,0.0,0.0,0.0,0.0,0.0,78.595556,2.098889,2.497778,196.0,-0.004913,0.0,-0.004913,0.0,0.0,0.0,0.0,0.0,0.0,0.0,0.693627,1.54295,-0.849323,17.444444,2.914763,1.118277,2.828427,1.54295,3.099521
133,690,120,120,14,14,38.741518,27.680813,-11.060705,0,0.301899,0.543098,1,133,large_dark,196,1.0,1.0,3.25,2.24,13.58,76.7,0.855,0.0,4.914,0.0,0.0,0.0,0,0,0.0,0.0,0.0,57.089,2.294,0.0,0.0,unrouted,0.0,0.0,0.0,0.0,0.0,9.0,9.0,1.0,0.0,5.223,0.131263,61.464,1.0,0.0,0.0,0.0,0.0,0.0,0.0,1.0,0.0,0.858,0.879,2.559333,2.795,0.0,0.0,0.0,0.0,0.0,78.334444,2.46,2.426667,196.0,-0.004913,0.0,-0.004913,0.0,0.0,0.0,0.0,0.0,0.0,0.0,0.850762,1.50131,-0.650548,18.0,2.944439,1.118277,2.828427,1.50131,3.099521
134,690,120,120,14,14,39.56237,28.489688,-11.072682,0,0.196234,0.353014,1,134,large_dark,196,1.0,1.0,0.0,2.24,13.58,76.7,0.855,0.0,4.885,0.0,0.0,0.0,0,0,0.0,0.0,0.0,57.089,2.293,0.0,0.0,unrouted,0.0,0.0,0.0,0.0,0.0,9.0,9.0,1.0,0.0,5.192778,0.168898,61.069333,1.0,0.0,0.0,0.0,0.0,0.0,0.0,1.0,0.0,0.861111,0.879,2.503778,2.795,0.0,0.0,0.0,0.0,0.0,77.945556,2.053333,2.387778,196.0,-0.007181,0.0,-0.007181,0.0,0.0,0.0,0.0,0.0,0.0,0.0,0.693627,1.225959,-0.532333,17.555556,2.920769,0.869825,2.828427,1.225959,2.505453
135,24,18,116,14,14,25.746073,25.640651,-0.105422,0,-0.754398,0.662398,1,135,large_dark,196,1.0,1.0,3.96,5.61,12.87,75.45,0.717,0.0,3.391,0.0,0.0,0.0,0,0,0.0,0.0,0.0,36.888,1.949,0.0,0.0,unrouted,0.0,0.0,0.0,0.0,0.0,9.0,9.0,1.0,0.0,3.515,0.094621,38.172889,1.0,0.0,0.0,0.0,0.0,0.0,0.0,1.0,0.0,0.718556,0.733,4.256333,10.079,0.0,0.0,0.0,0.0,0.0,74.91,2.961111,5.365556,196.0,-0.050265,0.0,-0.050265,0.0,0.0,0.0,0.0,0.0,0.0,0.0,0.601579,1.157592,-0.556013,17.444444,2.914763,1.144507,2.236068,1.157592,1.752031
136,1440,100,122,14,14,32.299354,21.593485,-10.705869,0,0.483575,0.668699,1,136,large_dark,196,1.0,1.0,0.0,4.63,7.08,80.54,0.449,0.0,4.081,0.0,0.0,0.0,0,0,0.0,0.0,0.0,46.016,2.71,0.0,0.0,unrouted,0.0,0.0,0.0,0.0,0.0,9.0,9.0,1.0,0.0,4.131333,0.033944,46.663444,1.0,0.0,0.0,0.0,0.0,0.0,0.0,1.0,0.0,0.393778,0.449,2.624889,2.71,0.0,0.0,0.0,0.0,0.0,82.677778,1.738889,4.116667,196.0,-0.01096,0.0,-0.01096,0.0,0.0,0.0,0.0,0.0,0.0,0.0,0.444444,1.185651,-0.741207,16.666667,2.87168,1.013602,2.236068,1.185651,1.777657
137,1440,102,124,14,14,32.146938,21.442052,-10.704886,0,1.014324,1.134654,1,137,large_dark,196,1.0,1.0,3.38,4.38,10.37,77.83,0.551,0.0,4.126,0.0,0.0,0.0,0,0,0.0,0.0,0.0,46.229,2.582,0.0,0.0,unrouted,0.0,0.0,0.0,0.0,0.0,9.0,9.0,1.0,0.0,4.123889,0.026028,46.512444,1.0,0.0,0.0,0.0,0.0,0.0,0.0,1.0,0.0,0.410778,0.551,2.629111,2.71,0.0,0.0,0.0,0.0,0.0,81.993333,1.797778,4.233333,196.0,0.017763,0.0,0.017763,0.0,0.0,0.0,0.0,0.0,0.0,0.0,0.333333,1.254824,-0.921491,16.222222,2.846201,1.07942,2.828427,1.254824,2.017897
138,24,14,118,14,14,25.117453,28.132693,3.01524,0,-1.362176,0.636911,1,138,large_dark,196,1.0,1.0,4.51,5.71,11.52,75.43,0.756,0.0,3.352,0.0,0.0,0.0,0,0,0.0,0.0,0.0,36.526,1.844,0.0,0.0,unrouted,0.0,0.0,0.0,0.0,0.0,9.0,9.0,1.0,0.0,3.428556,0.106911,37.317889,1.0,0.0,0.0,0.0,0.0,0.0,0.0,1.0,0.0,0.726444,0.756,2.643889,5.003,0.0,0.0,0.0,0.0,0.0,75.238889,2.868889,5.572222,196.0,-0.021164,0.0,-0.021164,0.0,0.0,0.0,0.0,0.0,0.0,0.0,0.555556,1.160917,-0.605361,15.888889,2.826656,1.210325,2.828427,1.160917,2.177651
139,1440,104,125,14,14,31.91332,21.212707,-10.700612,0,0.883552,0.706891,1,139,large_dark,196,1.0,1.0,0.0,3.61,13.66,76.9,0.634,0.0,4.09,0.0,0.0,0.0,0,0,0.0,0.0,0.0,46.257,2.38,0.0,0.0,unrouted,0.0,0.0,0.0,0.0,0.0,9.0,9.0,1.0,0.0,4.115667,0.022978,46.336,1.0,0.0,0.0,0.0,0.0,0.0,0.0,1.0,0.0,0.466333,0.634,2.592222,2.71,0.0,0.0,0.0,0.0,0.0,80.486667,1.865556,4.174444,196.0,0.04006,0.0,0.04006,0.0,0.0,0.0,0.0,0.0,0.0,0.0,0.333333,1.309208,-0.975874,15.111111,2.779509,1.216761,2.828427,1.309208,2.017897
140,24,13,118,14,14,20.552249,23.681945,3.129697,1,-0.885415,0.413992,0,,,,,,,,,,,,,,,,,,,,,,,,,,,,,,,8.0,9.0,0.888889,0.111111,3.373875,0.07086,36.796125,1.0,0.0,0.0,0.0,0.0,0.0,0.0,1.0,0.0,0.73275,0.756,1.954125,2.065,0.0,0.0,0.0,0.0,0.0,75.4275,2.63125,5.6275,196.0,-0.017385,0.0,-0.017385,0.0,0.0,0.0,0.0,0.0,0.0,0.0,0.444444,1.120238,-0.675794,14.777778,2.758602,1.207816,2.828427,1.120238,2.177651
141,1440,106,126,14,14,31.912319,21.184849,-10.72747,0,0.828301,0.526162,1,141,large_dark,196,1.0,1.0,0.0,3.28,15.35,75.53,0.691,0.0,4.058,0.0,0.0,0.0,0,0,0.0,0.0,0.0,45.925,2.388,0.0,0.0,unrouted,0.0,0.0,0.0,0.0,0.0,9.0,9.0,1.0,0.0,4.107111,0.029122,46.214778,1.0,0.0,0.0,0.0,0.0,0.0,0.0,1.0,0.0,0.536333,0.691,2.549556,2.71,0.0,0.0,0.0,0.0,0.0,78.776667,1.895556,3.942222,196.0,0.073696,0.0,0.073696,0.0,0.0,0.0,0.0,0.0,0.0,0.0,0.333333,1.311512,-0.978179,14.0,2.70805,1.216761,2.828427,1.311512,2.017897
142,1440,108,128,14,14,31.918031,21.219539,-10.698491,0,1.238395,1.042005,1,142,large_dark,196,1.0,1.0,3.46,3.5,16.86,69.57,0.637,0.0,4.691,0.0,0.0,0.0,0,0,0.0,0.0,0.0,53.129,2.319,0.0,0.0,unrouted,0.0,0.0,0.0,0.0,0.0,9.0,9.0,1.0,0.0,4.166222,0.18691,46.934333,1.0,0.0,0.0,0.0,0.0,0.0,0.0,1.0,0.0,0.566667,0.691,2.506778,2.71,0.0,0.0,0.0,0.0,0.0,77.325556,1.907778,3.883333,196.0,0.074452,0.0,0.074452,0.0,0.0,0.0,0.0,0.0,0.0,0.0,0.333333,1.481074,-1.14774,13.555556,2.677973,1.373895,2.828427,1.481074,2.017897
143,2435,46,97,14,14,26.024197,28.094144,2.069947,0,0.017158,0.35,1,143,large_dark,196,1.0,1.0,5.05,11.94,14.66,73.91,0.369,0.0,3.741,0.0,0.0,0.0,0,0,0.0,0.0,0.0,38.582,6.943,0.0,0.0,unrouted,0.0,0.0,0.0,0.0,0.0,8.0,9.0,0.888889,0.111111,3.730875,0.068745,39.063625,1.0,0.0,0.0,0.0,0.0,0.0,0.0,1.0,0.0,0.33375,0.371,3.3005,6.943,0.0,0.0,0.0,0.0,0.0,74.12875,2.6525,11.205,196.0,-0.004157,0.0,-0.004157,0.0,0.0,0.0,0.0,0.0,0.0,0.0,0.222222,0.324992,-0.10277,13.444444,2.67031,0.2475,1.0,0.324992,1.000348
144,1440,110,130,14,14,32.313268,21.635853,-10.677414,0,0.978222,0.895247,1,144,large_dark,196,1.0,1.0,0.0,3.63,17.94,66.8,0.586,0.0,4.629,0.0,0.0,0.0,0,0,0.0,0.0,0.0,52.486,2.338,0.0,0.0,unrouted,0.0,0.0,0.0,0.0,0.0,9.0,9.0,1.0,0.0,4.282111,0.267588,48.301111,1.0,0.0,0.0,0.0,0.0,0.0,0.0,1.0,0.0,0.606556,0.691,2.424556,2.71,0.0,0.0,0.0,0.0,0.0,74.042222,1.842222,3.727778,196.0,0.041194,0.0,0.041194,0.0,0.0,0.0,0.0,0.0,0.0,0.0,0.222222,1.537092,-1.31487,13.0,2.639057,1.439713,2.828427,1.537092,2.040064
145,2435,46,97,14,14,25.968324,27.275175,1.306851,0,0.007249,0.147875,1,145,large_dark,196,1.0,1.0,4.41,12.37,15.54,74.23,0.388,0.0,3.711,0.0,0.0,0.0,0,0,0.0,0.0,0.0,38.145,6.971,0.0,0.0,unrouted,0.0,0.0,0.0,0.0,0.0,8.0,9.0,0.888889,0.111111,3.71375,0.064335,38.773375,1.0,0.0,0.0,0.0,0.0,0.0,0.0,1.0,0.0,0.354125,0.388,4.4195,6.971,0.0,0.0,0.0,0.0,0.0,73.9575,2.67625,11.50625,196.0,-0.00189,0.0,-0.00189,0.0,0.0,0.0,0.0,0.0,0.0,0.0,0.111111,0.239236,-0.128125,13.666667,2.685577,0.136389,1.0,0.239236,1.000348
146,1,66,86,14,14,50.249366,45.963371,-4.285995,0,-0.290519,0.403482,1,146,large_dark,196,1.0,1.0,0.0,12.01,13.28,60.95,0.545,0.0,9.273,0.0,0.0,0.0,0,0,0.0,0.0,0.0,108.844,3.193,0.0,0.0,unrouted,0.0,0.0,0.0,0.0,0.0,8.0,9.0,0.888889,0.111111,7.78975,2.645234,81.72675,0.75,0.25,0.0,0.0,0.0,0.0,0.0,1.0,0.0,0.590125,0.628,6.349375,14.689,0.0,0.0,0.0,0.0,0.0,66.7875,6.47625,26.07375,152.5,0.071051,0.222222,0.071051,0.222222,0.0,0.0,0.0,0.0,0.0,0.0,1.180137,1.823018,-0.642881,13.444444,2.67031,1.284254,5.385165,1.823018,6.073878
147,1,67,83,14,14,56.405223,52.817424,-3.587798,0,0.161163,-0.787737,1,147,large_dark,196,1.0,1.0,9.84,13.92,15.12,58.17,0.667,0.0,9.489,0.0,0.0,0.0,0,0,0.0,0.0,0.0,110.14,3.268,0.0,0.0,unrouted,0.0,0.0,0.0,0.0,0.0,8.0,9.0,0.888889,0.111111,8.540875,2.114773,95.49425,0.875,0.125,0.0,0.0,0.0,0.0,0.0,1.0,0.0,0.602375,0.667,6.22225,14.689,0.0,0.0,0.0,0.0,0.0,63.015,4.33625,19.2825,174.25,0.239985,0.333333,0.239985,0.333333,0.0,0.0,0.0,0.0,0.0,0.0,1.309279,1.944192,-0.634913,13.777778,2.693125,1.413396,5.385165,1.944192,6.073878
148,1,67,82,14,14,62.483706,59.478453,-3.005253,0,0.104756,-0.862029,1,148,large_dark,196,1.0,1.0,8.28,14.38,15.42,57.51,0.68,0.0,9.635,0.0,0.0,0.0,0,0,0.0,0.0,0.0,112.031,3.215,0.0,0.0,unrouted,0.0,0.0,0.0,0.0,0.0,8.0,9.0,0.888889,0.111111,9.376375,0.134182,109.498125,1.0,0.0,0.0,0.0,0.0,0.0,0.0,1.0,0.0,0.61625,0.68,6.0885,14.689,0.0,0.0,0.0,0.0,0.0,59.15875,5.37125,12.54875,196.0,0.192366,0.333333,0.192366,0.333333,0.0,0.0,0.0,0.0,0.0,0.0,1.42039,1.853644,-0.433254,14.111111,2.71543,1.524507,5.385165,1.853644,6.073878
149,1,67,82,14,14,65.813673,63.526646,-2.287027,0,0.068091,-0.560319,1,149,large_dark,196,1.0,1.0,0.0,14.39,15.42,57.52,0.68,0.0,9.641,0.0,0.0,0.0,0,0,0.0,0.0,0.0,113.02,3.215,0.0,0.0,unrouted,0.0,0.0,0.0,0.0,0.0,8.0,9.0,0.888889,0.111111,9.40125,0.160003,109.831,1.0,0.0,0.0,0.0,0.0,0.0,0.0,1.0,0.0,0.623875,0.68,4.65425,14.689,0.0,0.0,0.0,0.0,0.0,58.94875,4.40375,12.9175,196.0,0.038927,0.222222,0.038927,0.222222,0.0,0.0,0.0,0.0,0.0,0.0,0.822038,1.275254,-0.453216,13.777778,2.693125,0.926155,3.162278,1.275254,3.639935
150,1,67,82,14,14,66.364539,69.139349,2.77481,0,0.044259,-0.364207,1,150,large_dark,196,1.0,1.0,7.62,14.48,15.98,57.02,0.698,0.0,9.763,0.0,0.0,0.0,0,0,0.0,0.0,0.0,113.674,3.173,0.0,0.0,unrouted,0.0,0.0,0.0,0.0,0.0,8.0,9.0,0.888889,0.111111,9.449625,0.198844,110.243375,1.0,0.0,0.0,0.0,0.0,0.0,0.0,1.0,0.0,0.63375,0.698,3.21475,3.268,0.0,0.0,0.0,0.0,0.0,58.67875,5.35,13.29875,196.0,0.038927,0.222222,0.038927,0.222222,0.0,0.0,0.0,0.0,0.0,0.0,0.822038,1.177791,-0.355752,14.111111,2.71543,0.926155,3.162278,1.177791,3.639935
151,1,67,82,14,14,76.414537,79.206158,2.791621,0,0.028769,-0.236735,1,151,large_dark,196,1.0,1.0,0.0,14.48,15.98,57.02,0.698,0.0,9.695,0.0,0.0,0.0,0,0,0.0,0.0,0.0,113.674,3.172,0.0,0.0,unrouted,0.0,0.0,0.0,0.0,0.0,9.0,9.0,1.0,0.0,9.476889,0.202712,110.624556,1.0,0.0,0.0,0.0,0.0,0.0,0.0,1.0,0.0,0.640889,0.698,3.21,3.268,0.0,0.0,0.0,0.0,0.0,58.494444,4.755556,13.43,196.0,0.038927,0.222222,0.038927,0.222222,0.0,0.0,0.0,0.0,0.0,0.0,0.822038,1.218556,-0.396517,13.555556,2.677973,0.822038,3.162278,1.218556,3.639935
152,1,67,82,14,14,76.926652,79.628519,2.701866,0,0.0187,-0.153878,1,152,large_dark,196,1.0,1.0,8.07,14.73,15.81,57.48,0.701,0.0,9.754,0.0,0.0,0.0,0,0,0.0,0.0,0.0,113.484,3.085,0.0,0.0,unrouted,0.0,0.0,0.0,0.0,0.0,9.0,9.0,1.0,0.0,9.531111,0.204311,111.267556,1.0,0.0,0.0,0.0,0.0,0.0,0.0,1.0,0.0,0.649111,0.701,3.193889,3.268,0.0,0.0,0.0,0.0,0.0,58.363333,4.644444,13.666667,196.0,-0.007937,0.111111,-0.007937,0.111111,0.0,0.0,0.0,0.0,0.0,0.0,0.710927,1.032454,-0.321527,13.333333,2.662588,0.710927,3.162278,1.032454,3.639935
153,1,66,85,14,14,75.426535,78.172467,2.745932,0,-0.337845,0.94998,1,153,large_dark,196,1.0,1.0,7.42,11.84,21.69,61.83,0.603,0.0,10.003,0.0,0.0,0.0,0,0,0.0,0.0,0.0,116.581,3.089,0.0,0.0,unrouted,0.0,0.0,0.0,0.0,0.0,9.0,9.0,1.0,0.0,9.621889,0.212158,112.254667,1.0,0.0,0.0,0.0,0.0,0.0,0.0,1.0,0.0,0.646333,0.701,3.178111,3.268,0.0,0.0,0.0,0.0,0.0,58.715556,5.468889,13.582222,196.0,-0.135676,0.111111,-0.135676,0.111111,0.0,0.0,0.0,0.0,0.0,0.0,1.062291,1.367779,-0.305488,13.777778,2.693125,1.062291,3.162278,1.367779,3.639935
154,1,66,85,14,14,76.905675,79.622675,2.717,0,-0.219599,0.617487,1,154,large_dark,196,1.0,1.0,0.0,11.84,21.68,61.85,0.603,0.0,9.937,0.0,0.0,0.0,0,0,0.0,0.0,0.0,116.581,3.089,0.0,0.0,unrouted,0.0,0.0,0.0,0.0,0.0,9.0,9.0,1.0,0.0,9.687778,0.207659,113.114333,1.0,0.0,0.0,0.0,0.0,0.0,0.0,1.0,0.0,0.652778,0.701,3.166556,3.268,0.0,0.0,0.0,0.0,0.0,58.816667,4.581111,13.563333,196.0,-0.079365,0.111111,-0.079365,0.111111,0.0,0.0,0.0,0.0,0.0,0.0,0.813839,1.225791,-0.411951,12.777778,2.623057,0.813839,3.162278,1.225791,3.639935
155,1,66,84,14,14,77.321874,80.063141,2.741267,0,-0.14274,0.051366,1,155,large_dark,196,1.0,1.0,6.84,11.51,22.24,60.59,0.62,0.0,9.992,0.0,0.0,0.0,0,0,0.0,0.0,0.0,116.586,3.034,0.0,0.0,unrouted,0.0,0.0,0.0,0.0,0.0,9.0,9.0,1.0,0.0,9.767667,0.167056,113.974556,1.0,0.0,0.0,0.0,0.0,0.0,0.0,1.0,0.0,0.661111,0.701,3.148889,3.268,0.0,0.0,0.0,0.0,0.0,58.776667,5.341111,13.507778,196.0,-0.078231,0.111111,-0.078231,0.111111,0.0,0.0,0.0,0.0,0.0,0.0,0.924951,1.32217,-0.397219,13.0,2.639057,0.924951,3.162278,1.32217,3.639935
156,1,66,84,14,14,78.612431,81.226942,2.614511,0,-0.092781,0.033388,1,156,large_dark,196,1.0,1.0,0.0,11.51,22.24,60.59,0.62,0.0,9.932,0.0,0.0,0.0,0,0,0.0,0.0,0.0,116.586,3.034,0.0,0.0,unrouted,0.0,0.0,0.0,0.0,0.0,9.0,9.0,1.0,0.0,9.816889,0.140916,114.690778,1.0,0.0,0.0,0.0,0.0,0.0,0.0,1.0,0.0,0.655889,0.701,3.122889,3.215,0.0,0.0,0.0,0.0,0.0,59.045556,4.247778,13.24,196.0,-0.174225,0.0,-0.174225,0.0,0.0,0.0,0.0,0.0,0.0,0.0,0.573586,0.934588,-0.361002,12.111111,2.57346,0.573586,3.162278,0.934588,3.314316
157,1,66,84,14,14,68.970219,71.549915,2.579696,1,-0.092781,0.033388,0,,,,,,,,,,,,,,,,,,,,,,,,,,,,,,,8.0,9.0,0.888889,0.111111,9.839625,0.132992,115.02325,1.0,0.0,0.0,0.0,0.0,0.0,0.0,1.0,0.0,0.652875,0.701,3.111375,3.215,0.0,0.0,0.0,0.0,0.0,59.2375,3.74375,13.0975,196.0,-0.126606,0.0,-0.126606,0.0,0.0,0.0,0.0,0.0,0.0,0.0,0.462475,0.904976,-0.442501,12.111111,2.57346,0.473431,3.162278,0.904976,3.314316
158,1,67,84,14,14,69.459643,72.087859,2.628216,0,0.289693,0.021702,1,158,large_dark,196,1.0,1.0,8.44,14.57,18.66,60.61,0.653,0.0,10.171,0.0,0.0,0.0,0,0,0.0,0.0,0.0,118.32,2.913,0.0,0.0,unrouted,0.0,0.0,0.0,0.0,0.0,8.0,9.0,0.888889,0.111111,9.905875,0.148636,115.68575,1.0,0.0,0.0,0.0,0.0,0.0,0.0,1.0,0.0,0.6495,0.701,3.073625,3.173,0.0,0.0,0.0,0.0,0.0,59.62375,4.79875,13.12,196.0,-0.122827,0.0,-0.122827,0.0,0.0,0.0,0.0,0.0,0.0,0.0,0.573586,0.929967,-0.356381,12.222222,2.581899,0.584543,3.162278,0.929967,3.314316
159,1,67,84,14,14,69.821195,72.475598,2.654403,0,0.1883,0.014106,1,159,large_dark,196,1.0,1.0,0.07,14.56,18.68,60.67,0.653,0.0,10.097,0.0,0.0,0.0,0,0,0.0,0.0,0.0,118.316,2.913,0.0,0.0,unrouted,0.0,0.0,0.0,0.0,0.0,8.0,9.0,0.888889,0.111111,9.947625,0.149546,116.266,1.0,0.0,0.0,0.0,0.0,0.0,0.0,1.0,0.0,0.643875,0.701,3.041125,3.172,0.0,0.0,0.0,0.0,0.0,60.08,3.855,13.13,196.0,-0.122827,0.0,-0.122827,0.0,0.0,0.0,0.0,0.0,0.0,0.0,0.573586,0.89953,-0.325943,11.555556,2.530163,0.584543,3.162278,0.89953,3.314316
160,1,68,80,14,14,69.564191,71.535774,1.971583,0,0.472395,-1.390831,1,160,large_dark,196,1.0,1.0,10.64,16.7,13.77,55.36,0.771,0.0,10.254,0.0,0.0,0.0,0,0,0.0,0.0,0.0,119.33,6.76,0.0,0.0,unrouted,0.0,0.0,0.0,0.0,0.0,8.0,9.0,0.888889,0.111111,10.0175,0.14573,116.973,1.0,0.0,0.0,0.0,0.0,0.0,0.0,1.0,0.0,0.653,0.771,3.489625,6.76,0.0,0.0,0.0,0.0,0.0,59.8725,5.185,13.4075,196.0,0.038549,0.111111,0.038549,0.111111,0.0,0.0,0.0,0.0,0.0,0.0,1.031709,1.313804,-0.282094,11.888889,2.556366,1.042665,4.123106,1.313804,4.095352
161,1,68,80,14,14,69.672913,71.338108,1.665195,0,0.307057,-0.90404,1,161,large_dark,196,1.0,1.0,0.0,16.69,13.8,55.37,0.771,0.0,10.16,0.0,0.0,0.0,0,0,0.0,0.0,0.0,119.33,6.759,0.0,0.0,unrouted,0.0,0.0,0.0,0.0,0.0,8.0,9.0,0.888889,0.111111,10.06825,0.111897,117.70375,1.0,0.0,0.0,0.0,0.0,0.0,0.0,1.0,0.0,0.66175,0.771,3.948875,6.76,0.0,0.0,0.0,0.0,0.0,59.60875,4.17625,13.6525,196.0,0.038549,0.111111,0.038549,0.111111,0.0,0.0,0.0,0.0,0.0,0.0,1.031709,1.450514,-0.418804,11.444444,2.521274,1.042665,4.123106,1.450514,4.095352
162,1,68,83,14,14,69.613184,68.816163,-0.797021,0,0.199587,0.462374,1,162,large_dark,196,1.0,1.0,9.61,16.22,16.24,59.19,0.694,0.0,10.505,0.0,0.0,0.0,0,0,0.0,0.0,0.0,122.285,10.809,0.0,0.0,unrouted,0.0,0.0,0.0,0.0,0.0,8.0,9.0,0.888889,0.111111,10.131,0.178592,118.41675,1.0,0.0,0.0,0.0,0.0,0.0,0.0,1.0,0.0,0.673125,0.771,4.913875,10.809,0.0,0.0,0.0,0.0,0.0,59.27875,4.45,14.2,196.0,0.040816,0.111111,0.040816,0.111111,0.0,0.0,0.0,0.0,0.0,0.0,1.013678,1.517378,-0.5037,11.111111,2.494123,1.024635,4.123106,1.517378,4.095352
163,1,68,83,14,14,59.406033,58.401727,-1.004306,1,0.199587,0.462374,0,,,,,,,,,,,,,,,,,,,,,,,,,,,,,,,7.0,9.0,0.777778,0.222222,10.158714,0.174088,118.679,1.0,0.0,0.0,0.0,0.0,0.0,0.0,1.0,0.0,0.683143,0.771,5.174571,10.809,0.0,0.0,0.0,0.0,0.0,58.911429,5.085714,14.537143,196.0,0.040816,0.111111,0.040816,0.111111,0.0,0.0,0.0,0.0,0.0,0.0,1.013678,1.405348,-0.39167,11.555556,2.530163,1.080591,4.123106,1.405348,4.095352
164,1,80,80,14,14,58.757641,50.916298,-7.841342,0,2.376388,-0.407522,1,164,large_dark,196,1.0,1.0,0.0,14.23,15.25,55.73,0.746,0.0,10.488,0.0,0.0,0.0,0,0,0.0,0.0,0.0,123.838,2.936,0.0,0.0,unrouted,0.0,0.0,0.0,0.0,0.0,8.0,9.0,0.888889,0.111111,9.39275,2.253193,104.94475,0.875,0.125,0.0,0.0,0.0,0.0,0.0,1.0,0.0,0.682375,0.771,6.48975,23.667,0.0,0.0,0.0,0.0,0.0,59.54875,6.2625,23.03625,174.75,0.201814,0.222222,0.201814,0.222222,0.0,0.0,0.0,0.0,0.0,0.0,1.975132,2.401944,-0.426812,10.888889,2.475604,1.986088,6.800735,2.401944,5.949799
165,1,81,80,12,12,51.998929,44.221315,-7.777614,0,1.544652,-0.614889,1,165,map,144,1.0,1.0,12.12,16.06,6.67,54.48,0.761,0.0,3.32,0.0,0.0,0.0,0,0,0.0,0.0,0.0,2.759,3.169,0.0,0.0,unrouted,0.0,0.0,0.0,0.0,0.0,8.0,9.0,0.888889,0.111111,8.56625,2.994531,90.716375,0.875,0.125,0.0,0.0,0.0,0.0,0.0,1.0,0.0,0.7,0.771,6.506625,23.667,0.0,0.0,0.0,0.0,0.0,58.785,7.7775,23.605,168.25,0.239607,0.333333,0.239607,0.333333,0.0,0.0,0.0,0.0,0.0,0.0,2.086243,2.657215,-0.570971,11.111111,2.494123,2.0972,6.800735,2.657215,5.949799
166,1,69,78,14,14,61.863049,50.700337,-11.162712,0,-0.144251,-0.583958,1,166,large_dark,196,1.0,1.0,0.0,17.34,9.71,52.41,0.784,0.0,10.68,0.0,0.0,0.0,0,0,0.0,0.0,0.0,126.084,16.616,0.0,0.0,unrouted,0.0,0.0,0.0,0.0,0.0,8.0,9.0,0.888889,0.111111,9.55825,2.181865,106.48425,1.0,0.0,0.0,0.0,0.0,0.0,0.0,1.0,0.0,0.695875,0.784,11.0835,25.282,0.0,0.0,0.0,0.0,0.0,56.7,7.83,19.4525,177.625,-0.01285,0.222222,-0.01285,0.222222,0.0,0.0,0.0,0.0,0.0,0.0,1.619346,2.129452,-0.510106,10.555556,2.447166,1.747942,4.123106,2.129452,4.095352
167,1,70,78,14,14,62.642853,50.348831,-12.294022,0,0.256237,-0.379573,1,167,large_dark,196,1.0,1.0,12.46,18.94,7.05,51.83,0.852,0.0,11.035,0.0,0.0,0.0,0,0,0.0,0.0,0.0,129.163,16.595,0.0,0.0,unrouted,0.0,0.0,0.0,0.0,0.0,8.0,9.0,0.888889,0.111111,9.66625,2.230367,107.839625,1.0,0.0,0.0,0.0,0.0,0.0,0.0,1.0,0.0,0.72075,0.852,12.79375,25.282,0.0,0.0,0.0,0.0,0.0,55.6025,8.3325,19.99875,177.625,-0.00189,0.222222,-0.00189,0.222222,0.0,0.0,0.0,0.0,0.0,0.0,1.619346,2.150714,-0.531368,11.333333,2.512306,1.747942,4.123106,2.150714,4.095352
168,1,70,78,14,14,63.346856,49.918978,-13.427878,0,0.166554,-0.246722,1,168,large_dark,196,1.0,1.0,0.17,18.94,7.1,51.83,0.851,0.0,10.927,0.0,0.0,0.0,0,0,0.0,0.0,0.0,129.17,16.594,0.0,0.0,unrouted,0.0,0.0,0.0,0.0,0.0,8.0,9.0,0.888889,0.111111,9.77,2.266995,109.196375,1.0,0.0,0.0,0.0,0.0,0.0,0.0,1.0,0.0,0.7455,0.852,14.503875,25.282,0.0,0.0,0.0,0.0,0.0,54.4975,8.345,20.54625,177.625,-0.00189,0.222222,-0.00189,0.222222,0.0,0.0,0.0,0.0,0.0,0.0,1.619346,2.169321,-0.549974,11.666667,2.538974,1.747942,4.123106,2.169321,4.095352
169,1,70,77,14,14,64.434793,49.830084,-14.604709,0,0.10826,-0.510369,1,169,large_dark,196,1.0,1.0,11.32,18.17,6.8,50.28,0.823,0.0,10.966,0.0,0.0,0.0,0,0,0.0,0.0,0.0,128.572,19.043,0.0,0.0,unrouted,0.0,0.0,0.0,0.0,0.0,8.0,9.0,0.888889,0.111111,9.859,2.298013,110.351625,1.0,0.0,0.0,0.0,0.0,0.0,0.0,1.0,0.0,0.752,0.852,16.03925,25.282,0.0,0.0,0.0,0.0,0.0,53.8625,8.43,20.73,177.625,-0.199546,0.111111,-0.199546,0.111111,0.0,0.0,0.0,0.0,0.0,0.0,1.318358,1.800001,-0.481642,11.555556,2.530163,1.40093,3.535534,1.800001,3.916097
170,1,71,81,12,12,55.461231,39.216144,-16.245087,0,0.070369,0.71826,1,170,map,144,1.0,1.0,14.64,16.78,5.41,55.38,0.681,0.0,3.692,0.0,0.0,0.0,0,0,0.0,0.0,0.0,3.114,25.568,0.0,0.0,unrouted,0.0,0.0,0.0,0.0,0.0,8.0,9.0,0.888889,0.111111,9.0505,3.061022,95.824625,1.0,0.0,0.0,0.0,0.0,0.0,0.0,1.0,0.0,0.74075,0.852,18.390375,25.568,0.0,0.0,0.0,0.0,0.0,53.86375,10.26,20.74125,171.125,-0.413832,0.111111,-0.413832,0.111111,0.0,0.0,0.0,0.0,0.0,0.0,1.651691,2.02702,-0.375328,12.222222,2.581899,1.734264,3.535534,2.02702,3.916097
171,1,82,77,14,14,53.48331,39.23887,-14.24444,0,2.337802,-0.414694,1,171,large_dark,196,1.0,1.0,0.01,14.1,11.81,51.07,0.784,0.0,11.062,0.0,0.0,0.0,0,0,0.0,0.0,0.0,131.449,2.912,0.0,0.0,unrouted,0.0,0.0,0.0,0.0,0.0,8.0,9.0,0.888889,0.111111,9.117125,3.16934,96.9415,0.875,0.125,0.0,0.0,0.0,0.0,0.0,1.0,0.0,0.738625,0.852,15.157125,25.282,0.0,0.0,0.0,0.0,0.0,53.44375,10.155,27.54125,156.75,-0.037793,0.222222,-0.037793,0.222222,0.0,0.0,0.0,0.0,0.0,0.0,2.128736,2.734992,-0.606256,12.111111,2.57346,2.363716,6.964194,2.734992,5.612191
172,1,82,76,14,14,60.341855,48.42717,-11.914685,0,1.519572,-0.619551,1,172,large_dark,196,1.0,1.0,10.43,15.54,9.24,48.94,0.851,0.0,11.356,0.0,0.0,0.0,0,0,0.0,0.0,0.0,134.022,2.818,0.0,0.0,unrouted,0.0,0.0,0.0,0.0,0.0,8.0,9.0,0.888889,0.111111,10.059125,2.50529,113.428625,0.875,0.125,0.0,0.0,0.0,0.0,0.0,1.0,0.0,0.787875,0.852,12.349125,23.73,0.0,0.0,0.0,0.0,0.0,52.3625,8.6175,24.20875,175.125,-0.188587,0.111111,-0.188587,0.111111,0.0,0.0,0.0,0.0,0.0,0.0,1.893033,2.586024,-0.69299,12.0,2.564949,2.08199,6.964194,2.586024,5.612191
173,1,82,76,14,14,71.520939,60.359498,-11.161441,0,0.987722,-0.402708,1,173,large_dark,196,1.0,1.0,0.03,15.52,9.27,48.97,0.852,0.0,11.264,0.0,0.0,0.0,0,0,0.0,0.0,0.0,134.022,2.818,0.0,0.0,unrouted,0.0,0.0,0.0,0.0,0.0,9.0,9.0,1.0,0.0,10.193,2.392169,115.716778,0.888889,0.111111,0.0,0.0,0.0,0.0,0.0,1.0,0.0,0.795,0.852,11.290111,23.73,0.0,0.0,0.0,0.0,0.0,51.985556,7.663333,23.243333,177.444444,-0.188587,0.111111,-0.188587,0.111111,0.0,0.0,0.0,0.0,0.0,0.0,1.893033,2.768359,-0.875326,12.0,2.564949,1.953394,6.964194,2.768359,5.612191
174,1,82,76,14,14,74.423323,64.228909,-10.194415,0,0.642019,-0.26176,1,174,large_dark,196,1.0,1.0,15.04,17.09,7.39,48.81,0.894,0.0,11.26,0.0,0.0,0.0,0,0,0.0,0.0,0.0,132.214,2.739,0.0,0.0,unrouted,0.0,0.0,0.0,0.0,0.0,9.0,9.0,1.0,0.0,10.246444,2.409971,116.397889,0.888889,0.111111,0.0,0.0,0.0,0.0,0.0,1.0,0.0,0.807222,0.894,9.748222,23.73,0.0,0.0,0.0,0.0,0.0,51.586667,8.095556,23.215556,177.444444,-0.052154,0.111111,-0.052154,0.111111,0.0,0.0,0.0,0.0,0.0,0.0,1.569092,2.484112,-0.915021,12.111111,2.57346,1.629452,6.964194,2.484112,5.612191
175,1,83,76,14,14,75.102941,65.9334,-9.169541,0,0.767312,-0.170144,1,175,large_dark,196,1.0,1.0,10.67,16.51,8.3,48.38,0.855,0.0,11.211,0.0,0.0,0.0,0,0,0.0,0.0,0.0,132.045,2.659,0.0,0.0,unrouted,0.0,0.0,0.0,0.0,0.0,9.0,9.0,1.0,0.0,10.305444,2.426307,117.060222,0.888889,0.111111,0.0,0.0,0.0,0.0,0.0,1.0,0.0,0.815111,0.894,8.197444,23.73,0.0,0.0,0.0,0.0,0.0,51.138889,9.281111,23.123333,177.444444,-0.036281,0.111111,-0.036281,0.111111,0.0,0.0,0.0,0.0,0.0,0.0,1.569092,2.430565,-0.861473,12.888889,2.631089,1.740563,6.964194,2.430565,5.612191
176,1,83,76,14,14,75.190862,67.003825,-8.187037,0,0.498753,-0.110594,1,176,large_dark,196,1.0,1.0,0.0,16.51,8.3,48.38,0.855,0.0,11.117,0.0,0.0,0.0,0,0,0.0,0.0,0.0,132.045,2.659,0.0,0.0,unrouted,0.0,0.0,0.0,0.0,0.0,9.0,9.0,1.0,0.0,10.314556,2.429182,117.380444,0.888889,0.111111,0.0,0.0,0.0,0.0,0.0,1.0,0.0,0.815444,0.894,6.649,23.73,0.0,0.0,0.0,0.0,0.0,50.755556,7.896667,22.853333,177.444444,-0.05102,0.111111,-0.05102,0.111111,0.0,0.0,0.0,0.0,0.0,0.0,1.45798,2.375154,-0.917173,12.111111,2.57346,1.629452,6.964194,2.375154,5.612191
177,1,84,80,7,7,67.288641,60.19308,-7.095561,0,-0.550811,0.103114,1,177,map,49,1.0,1.0,22.86,54.35,77.73,47.48,0.165,0.0,3.859,0.0,0.0,0.0,0,0,0.0,0.0,0.0,2.086,2.988,0.0,0.0,unrouted,0.0,0.0,0.0,0.0,0.0,9.0,9.0,1.0,0.0,9.529222,3.142128,103.26,0.888889,0.111111,0.0,0.0,0.0,0.0,0.0,1.0,0.0,0.739222,0.894,5.137222,23.73,0.0,0.0,0.0,0.0,0.0,50.272222,10.417778,26.787778,161.111111,-0.0941,0.111111,-0.0941,0.111111,0.0,0.0,0.0,0.0,0.0,0.0,1.741259,2.6643,-0.923041,12.111111,2.57346,1.912731,6.964194,2.6643,5.612191
178,1,82,80,6,7,71.176936,73.750128,2.573192,0,-1.233027,0.067024,1,178,appearance,33,0.786,1.167,0.0,71.38,93.74,46.12,0.334,0.0,3.203,0.0,0.0,0.0,0,0,0.0,0.0,0.0,0.0,3.261,0.0,0.0,unrouted,0.0,0.0,0.0,0.0,0.0,9.0,9.0,1.0,0.0,9.501556,3.196148,103.26,0.888889,0.111111,0.0,0.0,0.0,0.0,0.0,1.0,0.0,0.708222,0.894,2.862889,3.261,0.0,0.0,0.0,0.0,0.0,48.802222,8.055556,26.122222,161.555556,-0.001885,0.111111,-0.001885,0.111111,0.0,0.0,0.0,0.0,0.0,0.0,1.491991,2.257603,-0.765612,11.888889,2.556366,1.557078,6.964194,2.257603,5.306399
179,1,83,80,5,6,66.557744,65.984529,-0.573215,0,-0.626467,-0.131434,1,179,appearance,25,0.833,1.2,29.27,86.73,112.3,59.21,0.265,0.0,3.728,0.0,0.0,0.0,0,0,0.0,0.0,0.0,0.0,10.015,0.0,0.0,unrouted,0.0,0.0,0.0,0.0,0.0,9.0,9.0,1.0,0.0,8.673333,3.594359,88.653667,0.777778,0.222222,0.0,0.0,0.0,0.0,0.0,1.0,0.0,0.650556,0.894,3.652111,10.015,0.0,0.0,0.0,0.0,0.0,49.706667,9.812222,34.192222,142.555556,-0.093344,0.0,-0.093344,0.0,0.0,0.0,0.0,0.0,0.0,0.0,0.796759,1.870607,-1.073848,11.777778,2.547708,0.861846,2.54951,1.870607,3.652766
180,1,85,74,14,14,61.483818,60.977991,-0.505827,0,1.867796,-0.785432,1,180,large_dark,196,1.0,1.0,8.69,16.84,2.17,45.27,0.776,0.0,10.832,0.0,0.0,0.0,0,0,0.0,0.0,0.0,127.789,3.898,0.0,0.0,unrouted,0.0,0.0,0.0,0.0,0.0,9.0,9.0,1.0,0.0,8.647778,3.578066,88.247,0.777778,0.222222,0.0,0.0,0.0,0.0,0.0,1.0,0.0,0.649667,0.894,3.761667,10.015,0.0,0.0,0.0,0.0,0.0,49.062222,10.776667,34.496667,142.555556,-0.086207,0.0,-0.086207,0.0,0.0,0.0,0.0,0.0,0.0,0.0,1.44702,2.28334,-0.83632,12.0,2.564949,1.617484,6.800735,2.28334,7.367366
181,1,85,74,14,14,61.655265,61.075589,-0.579676,0,1.214068,-0.510531,1,181,large_dark,196,1.0,1.0,0.0,16.84,2.16,45.25,0.776,0.0,10.755,0.0,0.0,0.0,0,0,0.0,0.0,0.0,127.789,3.899,0.0,0.0,unrouted,0.0,0.0,0.0,0.0,0.0,9.0,9.0,1.0,0.0,8.581,3.532213,87.554444,0.777778,0.222222,0.0,0.0,0.0,0.0,0.0,1.0,0.0,0.641333,0.894,3.881778,10.015,0.0,0.0,0.0,0.0,0.0,48.652222,9.617778,34.641111,142.555556,-0.019313,0.0,-0.019313,0.0,0.0,0.0,0.0,0.0,0.0,0.0,1.289885,2.240702,-0.950817,11.666667,2.538974,1.506372,6.800735,2.240702,7.367366
182,1,86,74,14,14,61.90606,61.097389,-0.808671,0,1.139144,-0.331845,1,182,large_dark,196,1.0,1.0,9.72,15.29,3.95,45.56,0.746,0.0,11.26,0.0,0.0,0.0,0,0,0.0,0.0,0.0,133.165,6.381,0.0,0.0,unrouted,0.0,0.0,0.0,0.0,0.0,9.0,9.0,1.0,0.0,8.580556,3.531876,87.459222,0.777778,0.222222,0.0,0.0,0.0,0.0,0.0,1.0,0.0,0.629556,0.894,4.277667,10.015,0.0,0.0,0.0,0.0,0.0,48.273333,10.694444,34.615556,142.555556,-0.028384,0.0,-0.028384,0.0,0.0,0.0,0.0,0.0,0.0,0.0,1.400996,2.119877,-0.718881,12.333333,2.590267,1.617484,6.800735,2.119877,7.367366
183,1,86,74,14,14,61.84465,60.787746,-1.056904,0,0.740444,-0.215699,1,183,large_dark,196,1.0,1.0,0.05,15.3,3.96,45.56,0.746,0.0,11.175,0.0,0.0,0.0,0,0,0.0,0.0,0.0,133.166,6.381,0.0,0.0,unrouted,0.0,0.0,0.0,0.0,0.0,9.0,9.0,1.0,0.0,8.571111,3.524805,87.565,0.777778,0.222222,0.0,0.0,0.0,0.0,0.0,1.0,0.0,0.613111,0.855,4.682333,10.015,0.0,0.0,0.0,0.0,0.0,47.912222,9.028889,34.416667,142.555556,-0.028384,0.0,-0.028384,0.0,0.0,0.0,0.0,0.0,0.0,0.0,1.400996,2.133192,-0.732196,12.111111,2.57346,1.617484,6.800735,2.133192,7.367366
184,1,86,73,14,14,61.216332,59.48382,-1.732512,0,0.481288,-0.490205,1,184,large_dark,196,1.0,1.0,11.05,17.45,2.02,43.54,0.766,0.0,11.05,0.0,0.0,0.0,0,0,0.0,0.0,0.0,130.098,10.284,0.0,0.0,unrouted,0.0,0.0,0.0,0.0,0.0,9.0,9.0,1.0,0.0,8.553222,3.511746,87.348667,0.777778,0.222222,0.0,0.0,0.0,0.0,0.0,1.0,0.0,0.603222,0.855,5.529556,10.284,0.0,0.0,0.0,0.0,0.0,47.374444,9.071111,34.521111,142.555556,-0.079434,0.0,-0.079434,0.0,0.0,0.0,0.0,0.0,0.0,0.0,1.512107,2.203762,-0.691655,12.333333,2.590267,1.617484,6.800735,2.203762,7.367366
185,1,86,73,14,14,61.209121,56.871482,-4.337639,0,0.312837,-0.318633,1,185,large_dark,196,1.0,1.0,10.72,19.21,4.97,42.43,0.782,0.0,11.064,0.0,0.0,0.0,0,0,0.0,0.0,0.0,129.668,14.232,0.0,0.0,unrouted,0.0,0.0,0.0,0.0,0.0,9.0,9.0,1.0,0.0,8.547333,3.507484,87.084556,0.777778,0.222222,0.0,0.0,0.0,0.0,0.0,1.0,0.0,0.595111,0.782,6.815444,14.232,0.0,0.0,0.0,0.0,0.0,46.713333,10.262222,34.821111,142.555556,-0.079434,0.0,-0.079434,0.0,0.0,0.0,0.0,0.0,0.0,0.0,1.623218,2.192765,-0.569547,12.555556,2.606796,1.617484,6.800735,2.192765,7.367366
186,1,86,73,14,14,69.176562,63.924836,-5.251726,0,0.203344,-0.207111,1,186,large_dark,196,1.0,1.0,0.0,19.2,4.95,42.47,0.783,0.0,10.969,0.0,0.0,0.0,0,0,0.0,0.0,0.0,129.668,14.232,0.0,0.0,unrouted,0.0,0.0,0.0,0.0,0.0,9.0,9.0,1.0,0.0,9.337333,3.144467,101.260333,0.777778,0.222222,0.0,0.0,0.0,0.0,0.0,1.0,0.0,0.663778,0.783,8.064778,14.232,0.0,0.0,0.0,0.0,0.0,46.156667,7.722222,30.915556,158.888889,-0.036354,0.0,-0.036354,0.0,0.0,0.0,0.0,0.0,0.0,0.0,1.33994,1.902349,-0.562409,12.555556,2.606796,1.334205,6.800735,1.902349,7.367366
187,1,87,72,14,14,76.615152,71.018604,-5.596549,0,0.482174,-0.484622,1,187,large_dark,196,1.0,1.0,11.22,17.67,4.79,41.66,0.73,0.0,11.13,0.0,0.0,0.0,0,0,0.0,0.0,0.0,130.687,13.223,0.0,0.0,unrouted,0.0,0.0,0.0,0.0,0.0,9.0,9.0,1.0,0.0,10.218111,2.299535,115.781111,0.888889,0.111111,0.0,0.0,0.0,0.0,0.0,1.0,0.0,0.707778,0.783,9.171667,14.232,0.0,0.0,0.0,0.0,0.0,45.661111,8.968889,24.947778,177.0,-0.070249,0.0,-0.070249,0.0,0.0,0.0,0.0,0.0,0.0,0.0,1.219297,1.810356,-0.591059,13.222222,2.654806,1.213562,6.800735,1.810356,7.367366
188,1,87,72,14,14,83.732655,78.288319,-5.444335,0,0.313413,-0.315005,1,188,large_dark,196,1.0,1.0,0.0,17.66,4.78,41.64,0.729,0.0,11.03,0.0,0.0,0.0,0,0,0.0,0.0,0.0,130.687,13.223,0.0,0.0,unrouted,0.0,0.0,0.0,0.0,0.0,9.0,9.0,1.0,0.0,11.029444,0.150565,130.301889,1.0,0.0,0.0,0.0,0.0,0.0,0.0,1.0,0.0,0.759333,0.783,9.528111,14.232,0.0,0.0,0.0,0.0,0.0,43.708889,5.716667,17.273333,196.0,-0.070249,0.0,-0.070249,0.0,0.0,0.0,0.0,0.0,0.0,0.0,1.140729,1.683711,-0.542982,12.888889,2.631089,1.134994,6.800735,1.683711,7.367366
189,1,86,78,7,7,79.498236,74.202987,-5.29525,0,-1.371282,0.670247,1,189,map,49,1.0,1.0,16.82,64.37,85.08,48.34,0.247,0.0,3.701,0.0,0.0,0.0,0,0,0.0,0.0,0.0,2.006,1.915,0.0,0.0,unrouted,0.0,0.0,0.0,0.0,0.0,9.0,9.0,1.0,0.0,10.237111,2.314712,116.326,1.0,0.0,0.0,0.0,0.0,0.0,0.0,1.0,0.0,0.700556,0.783,9.307778,14.232,0.0,0.0,0.0,0.0,0.0,44.05,6.62,22.554444,179.666667,-0.126139,0.0,-0.126139,0.0,0.0,0.0,0.0,0.0,0.0,0.0,1.062448,1.484685,-0.422237,13.222222,2.654806,0.951337,5.147815,1.484685,5.576127
190,1,88,72,14,14,79.911537,73.078967,-6.83257,0,0.553718,-0.204753,1,190,large_dark,196,1.0,1.0,7.79,16.6,3.92,41.39,0.705,0.0,11.145,0.0,0.0,0.0,0,0,0.0,0.0,0.0,131.524,13.665,0.0,0.0,unrouted,0.0,0.0,0.0,0.0,0.0,8.0,9.0,0.888889,0.111111,11.102875,0.08656,131.082875,1.0,0.0,0.0,0.0,0.0,0.0,0.0,1.0,0.0,0.748375,0.783,11.452625,14.232,0.0,0.0,0.0,0.0,0.0,43.03125,6.31875,17.2975,196.0,-0.074837,0.0,-0.074837,0.0,0.0,0.0,0.0,0.0,0.0,0.0,0.601579,0.723913,-0.122334,13.777778,2.693125,0.539841,1.414214,0.723913,1.186495
191,1,88,72,14,14,79.817102,72.379505,-7.437597,0,0.359917,-0.133089,1,191,large_dark,196,1.0,1.0,0.05,16.61,3.94,41.38,0.705,0.0,11.078,0.0,0.0,0.0,0,0,0.0,0.0,0.0,131.536,13.666,0.0,0.0,unrouted,0.0,0.0,0.0,0.0,0.0,8.0,9.0,0.888889,0.111111,11.080125,0.062979,130.87925,1.0,0.0,0.0,0.0,0.0,0.0,0.0,1.0,0.0,0.74325,0.783,12.36325,14.232,0.0,0.0,0.0,0.0,0.0,42.50875,5.11,17.4625,196.0,-0.065767,0.0,-0.065767,0.0,0.0,0.0,0.0,0.0,0.0,0.0,0.490468,0.727998,-0.23753,13.0,2.639057,0.42873,1.414214,0.727998,1.186495
192,1,88,76,7,7,71.688746,64.795592,-6.893154,0,-0.991054,0.088492,1,192,map,49,1.0,1.0,13.06,52.47,72.23,51.34,0.202,0.0,3.699,0.0,0.0,0.0,0,0,0.0,0.0,0.0,2.036,2.237,0.0,0.0,unrouted,0.0,0.0,0.0,0.0,0.0,8.0,9.0,0.888889,0.111111,10.145625,2.437145,114.488,1.0,0.0,0.0,0.0,0.0,0.0,0.0,1.0,0.0,0.67525,0.783,11.84525,14.232,0.0,0.0,0.0,0.0,0.0,43.23125,6.73625,22.10875,177.625,-0.006883,0.111111,-0.006883,0.111111,0.0,0.0,0.0,0.0,0.0,0.0,0.883305,1.030776,-0.14747,13.666667,2.685577,0.821567,3.535534,1.030776,3.911491
193,1,87,77,5,7,64.605898,58.031483,-6.574415,0,-1.344185,0.40752,1,193,appearance,29,0.829,1.4,1.26,84.8,111.91,51.63,0.257,0.0,3.219,0.0,0.0,0.0,0,0,0.0,0.0,0.0,0.0,1.321,0.0,0.0,unrouted,0.0,0.0,0.0,0.0,0.0,8.0,9.0,0.888889,0.111111,9.16675,3.297955,98.22575,0.875,0.125,0.0,0.0,0.0,0.0,0.0,1.0,0.0,0.611625,0.783,10.724875,14.232,0.0,0.0,0.0,0.0,0.0,44.2425,5.5125,30.5275,156.75,0.027161,0.111111,0.027161,0.111111,0.0,0.0,0.0,0.0,0.0,0.0,1.020646,1.06201,-0.041364,12.555556,2.606796,0.958908,3.535534,1.06201,3.911491
194,1,76,76,14,14,62.28858,55.767348,-6.521232,0,-2.35247,0.833638,1,194,large_dark,196,1.0,1.0,6.43,15.73,8.45,45.66,0.681,0.0,10.867,0.0,0.0,0.0,0,0,0.0,0.0,0.0,127.946,10.387,0.0,0.0,unrouted,0.0,0.0,0.0,0.0,0.0,8.0,9.0,0.888889,0.111111,10.153625,2.442695,114.765625,1.0,0.0,0.0,0.0,0.0,0.0,0.0,1.0,0.0,0.653875,0.783,11.5655,14.232,0.0,0.0,0.0,0.0,0.0,43.88625,4.885,21.61875,177.625,0.021114,0.111111,0.021114,0.111111,0.0,0.0,0.0,0.0,0.0,0.0,1.68246,2.177633,-0.495173,12.555556,2.606796,1.731833,9.192388,2.177633,8.247585
195,1,87,77,6,7,50.325575,45.168054,-5.157521,0,-0.392918,0.172177,1,195,appearance,34,0.81,1.167,11.95,74.83,98.73,48.66,0.251,0.0,3.464,0.0,0.0,0.0,0,0,0.0,0.0,0.0,0.0,1.222,0.0,0.004,unrouted,0.0,0.0,0.0,0.0,0.0,8.0,9.0,0.888889,0.111111,7.288125,3.809728,65.80875,0.625,0.375,0.0,0.0,0.0,0.0,0.0,1.0,0.0,0.473,0.73,7.60575,13.666,0.0,0.0,0.0005,0.004,0.0,46.12125,7.6375,45.80125,115.75,0.027161,0.111111,0.027161,0.111111,0.0,0.0,0.0,0.0,0.0,0.0,0.965091,1.247578,-0.282488,12.555556,2.606796,1.014464,3.535534,1.247578,3.911491
196,1,88,71,14,14,51.80204,43.402901,-8.399139,0,0.882103,-0.456835,1,196,large_dark,196,1.0,1.0,0.01,19.13,9.94,38.92,0.735,0.0,11.031,0.0,0.0,0.0,0,0,0.0,0.0,0.0,129.896,18.119,0.0,0.0,unrouted,0.0,0.0,0.0,0.0,0.0,8.0,9.0,0.888889,0.111111,8.229625,3.676587,81.946875,0.75,0.25,0.0,0.0,0.0,0.0,0.0,1.0,0.0,0.534,0.735,10.33,18.12,0.0,0.0,0.0,0.0,0.0,44.5575,5.6425,39.02125,136.0,0.050358,0.111111,0.050358,0.111111,0.0,0.0,0.0,0.0,0.0,0.0,1.423681,1.909007,-0.485326,11.555556,2.530163,1.473054,6.041523,1.909007,6.947583
197,2522,53,112,14,14,39.580594,42.654151,3.073557,0,-0.350256,0.527312,1,197,large_dark,196,1.0,1.0,4.95,7.08,18.78,78.17,0.725,0.0,4.67,0.0,0.0,0.0,0,0,0.0,0.0,0.0,51.894,2.551,0.0,0.0,unrouted,0.0,0.0,0.0,0.0,0.0,9.0,9.0,1.0,0.0,4.902333,0.143643,54.291111,1.0,0.0,0.0,0.0,0.0,0.0,0.0,1.0,0.0,0.642778,0.725,2.489667,2.593,0.0,0.0,0.0,0.0,0.0,81.445556,2.946667,8.905556,196.0,0.028224,0.0,0.028224,0.0,0.0,0.0,0.0,0.0,0.0,0.0,0.71269,0.613162,0.099528,12.0,2.564949,0.490468,1.414214,0.613162,1.236143
198,1,76,75,14,14,47.686043,43.711042,-3.975,0,-1.700405,0.388534,1,198,large_dark,196,1.0,1.0,0.01,13.62,8.66,43.37,0.671,0.0,11.058,0.0,0.0,0.0,0,0,0.0,0.0,0.0,131.503,7.45,0.0,0.0,unrouted,0.0,0.0,0.0,0.0,0.0,9.0,9.0,1.0,0.0,6.837,3.811466,58.677889,0.555556,0.444444,0.0,0.0,0.0,0.0,0.0,1.0,0.0,0.435444,0.705,5.614444,13.666,0.0,0.0,0.000889,0.004,0.0,46.787778,6.085556,48.128889,106.666667,-0.023821,0.111111,-0.023821,0.111111,0.0,0.0,0.0,0.0,0.0,0.0,1.60339,2.157663,-0.554273,11.0,2.484907,1.60339,7.158911,2.157663,6.88596
199,1,76,75,14,14,47.158632,43.759005,-3.399627,0,-1.105263,0.252547,1,199,large_dark,196,1.0,1.0,5.04,12.84,9.48,43.11,0.67,0.0,10.909,0.0,0.0,0.0,0,0,0.0,0.0,0.0,129.197,5.461,0.0,0.0,unrouted,0.0,0.0,0.0,0.0,0.0,9.0,9.0,1.0,0.0,6.810778,3.782439,58.419333,0.555556,0.444444,0.0,0.0,0.0,0.0,0.0,1.0,0.0,0.431556,0.705,4.702889,13.666,0.0,0.0,0.000889,0.004,0.0,46.978889,5.78,47.711111,106.666667,-0.02637,0.111111,-0.02637,0.111111,0.0,0.0,0.0,0.0,0.0,0.0,1.492279,2.267533,-0.775254,11.0,2.484907,1.492279,7.158911,2.267533,6.88596
200,1,76,74,14,14,46.777464,47.006585,0.229121,0,-0.718421,-0.185844,1,200,large_dark,196,1.0,1.0,4.22,12.17,8.11,41.75,0.661,0.0,10.971,0.0,0.0,0.0,0,0,0.0,0.0,0.0,130.318,2.483,0.0,0.0,unrouted,0.0,0.0,0.0,0.0,0.0,9.0,9.0,1.0,0.0,6.798889,3.769152,58.284,0.555556,0.444444,0.0,0.0,0.0,0.0,0.0,1.0,0.0,0.426667,0.671,3.460333,7.451,0.0,0.0,0.000889,0.004,0.0,47.02,6.243333,47.217778,106.666667,-0.026625,0.111111,-0.026625,0.111111,0.0,0.0,0.0,0.0,0.0,0.0,1.60339,2.387546,-0.784155,11.777778,2.547708,1.60339,7.158911,2.387546,6.88596
201,1,76,74,14,14,54.702404,54.721343,0.018939,0,-0.466974,-0.120799,1,201,large_dark,196,1.0,1.0,0.51,12.04,8.44,41.68,0.66,0.0,10.821,0.0,0.0,0.0,0,0,0.0,0.0,0.0,128.855,2.484,0.0,0.0,unrouted,0.0,0.0,0.0,0.0,0.0,9.0,9.0,1.0,0.0,7.590222,3.782867,72.375,0.555556,0.444444,0.0,0.0,0.0,0.0,0.0,1.0,0.0,0.477556,0.671,3.487778,7.451,0.0,0.0,0.000889,0.004,0.0,45.946667,4.848889,42.725556,123.0,-0.085509,0.0,-0.085509,0.0,0.0,0.0,0.0,0.0,0.0,0.0,1.210553,2.035388,-0.824835,11.0,2.484907,1.210553,7.158911,2.035388,6.88596
202,1,76,74,14,14,62.048744,62.345034,0.29629,0,-0.303533,-0.078519,1,202,large_dark,196,1.0,1.0,6.65,11.72,8.66,41.6,0.653,0.0,10.885,0.0,0.0,0.0,0,0,0.0,0.0,0.0,129.01,2.471,0.0,0.0,unrouted,0.0,0.0,0.0,0.0,0.0,9.0,9.0,1.0,0.0,8.442,3.559167,86.709444,0.666667,0.333333,0.0,0.0,0.0,0.0,0.0,1.0,0.0,0.521556,0.671,3.615556,7.451,0.0,0.0,0.000889,0.004,0.0,44.832222,5.447778,34.605556,141.555556,-0.084375,0.0,-0.084375,0.0,0.0,0.0,0.0,0.0,0.0,0.0,1.073212,1.937902,-0.86469,11.444444,2.521274,0.962101,7.158911,1.937902,6.88596
203,1,76,74,14,14,68.902153,69.584943,0.68279,0,-0.197296,-0.051037,1,203,large_dark,196,1.0,1.0,0.68,11.77,8.61,41.57,0.653,0.0,10.683,0.0,0.0,0.0,0,0,0.0,0.0,0.0,127.133,2.471,0.0,0.0,unrouted,0.0,0.0,0.0,0.0,0.0,9.0,9.0,1.0,0.0,9.235667,3.150526,100.835333,0.777778,0.222222,0.0,0.0,0.0,0.0,0.0,1.0,0.0,0.571333,0.671,3.635778,7.451,0.0,0.0,0.000889,0.004,0.0,43.754444,3.771111,26.383333,160.0,-0.084375,0.0,-0.084375,0.0,0.0,0.0,0.0,0.0,0.0,0.0,1.073212,1.816672,-0.743459,10.888889,2.475604,0.962101,7.158911,1.816672,6.88596
204,1,76,74,14,14,64.834327,65.629035,0.794709,1,-0.197296,-0.051037,0,,,,,,,,,,,,,,,,,,,,,,,,,,,,,,,8.0,9.0,0.888889,0.111111,9.957125,2.545982,113.43975,0.875,0.125,0.0,0.0,0.0,0.0,0.0,1.0,0.0,0.611375,0.671,3.9375,7.451,0.0,0.0,0.0005,0.004,0.0,43.14125,2.74875,20.3275,175.75,-0.084375,0.0,-0.084375,0.0,0.0,0.0,0.0,0.0,0.0,0.0,1.017657,1.661224,-0.643568,11.777778,2.547708,0.929189,7.158911,1.661224,6.88596
205,1,77,75,14,14,71.654689,72.379282,0.724593,0,0.221757,0.316826,1,205,large_dark,196,1.0,1.0,8.86,16.27,4.03,42.1,0.636,0.0,10.701,0.0,0.0,0.0,0,0,0.0,0.0,0.0,125.754,7.553,0.0,0.0,unrouted,0.0,0.0,0.0,0.0,0.0,8.0,9.0,0.888889,0.111111,10.891125,0.142747,129.159,1.0,0.0,0.0,0.0,0.0,0.0,0.0,1.0,0.0,0.659375,0.671,4.728,7.553,0.0,0.0,0.0,0.0,0.0,42.3175,3.85625,13.0075,196.0,-0.066276,0.0,-0.066276,0.0,0.0,0.0,0.0,0.0,0.0,0.0,1.128768,1.790578,-0.66181,12.333333,2.590267,1.086324,7.158911,1.790578,6.88596
206,1,77,75,14,14,77.527782,78.124702,0.59692,0,0.144142,0.205937,1,206,large_dark,196,1.0,1.0,0.02,16.28,4.02,42.11,0.637,0.0,10.623,0.0,0.0,0.0,0,0,0.0,0.0,0.0,125.758,7.555,0.0,0.0,unrouted,0.0,0.0,0.0,0.0,0.0,8.0,9.0,0.888889,0.111111,10.831375,0.142432,128.441,1.0,0.0,0.0,0.0,0.0,0.0,0.0,1.0,0.0,0.655125,0.671,4.741,7.555,0.0,0.0,0.0,0.0,0.0,42.16125,3.24875,13.33875,196.0,0.017844,0.0,0.017844,0.0,0.0,0.0,0.0,0.0,0.0,0.0,0.333333,1.068441,-0.735107,11.555556,2.530163,0.290889,1.414214,1.068441,2.68343
207,1,77,75,14,14,78.391468,78.444575,0.053107,0,0.093692,0.133859,1,207,large_dark,196,1.0,1.0,6.15,16.14,3.97,42.05,0.636,0.0,11.053,0.0,0.0,0.0,0,0,0.0,0.0,0.0,130.485,8.57,0.0,0.0,unrouted,0.0,0.0,0.0,0.0,0.0,8.0,9.0,0.888889,0.111111,10.83075,0.141444,128.31375,1.0,0.0,0.0,0.0,0.0,0.0,0.0,1.0,0.0,0.65075,0.67,4.881,8.57,0.0,0.0,0.0,0.0,0.0,41.99625,4.01625,13.65375,196.0,0.017844,0.0,0.017844,0.0,0.0,0.0,0.0,0.0,0.0,0.0,0.333333,0.798212,-0.464879,12.333333,2.590267,0.290889,1.414214,0.798212,1.744229
208,1,77,75,14,14,78.849341,78.653554,-0.195787,0,0.0609,0.087008,1,208,large_dark,196,1.0,1.0,0.0,16.14,3.96,42.06,0.637,0.0,10.998,0.0,0.0,0.0,0,0,0.0,0.0,0.0,130.485,8.57,0.0,0.0,unrouted,0.0,0.0,0.0,0.0,0.0,8.0,9.0,0.888889,0.111111,10.841875,0.150379,128.47475,1.0,0.0,0.0,0.0,0.0,0.0,0.0,1.0,0.0,0.646625,0.661,5.269625,8.57,0.0,0.0,0.0,0.0,0.0,41.865,3.38625,14.06625,196.0,0.017844,0.0,0.017844,0.0,0.0,0.0,0.0,0.0,0.0,0.0,0.333333,0.622563,-0.28923,11.777778,2.547708,0.290889,1.414214,0.622563,1.670473
209,1,77,75,14,14,79.079874,78.358226,-0.721648,0,0.039585,0.056555,1,209,large_dark,196,1.0,1.0,7.71,15.96,4.18,41.99,0.625,0.0,10.847,0.0,0.0,0.0,0,0,0.0,0.0,0.0,127.74,8.599,0.0,0.0,unrouted,0.0,0.0,0.0,0.0,0.0,8.0,9.0,0.888889,0.111111,10.826375,0.142453,128.1525,1.0,0.0,0.0,0.0,0.0,0.0,0.0,1.0,0.0,0.642125,0.66,6.034125,8.599,0.0,0.0,0.0,0.0,0.0,41.895,3.8225,14.54,196.0,0.018099,0.0,0.018099,0.0,0.0,0.0,0.0,0.0,0.0,0.0,0.333333,0.448755,-0.115422,11.777778,2.547708,0.179778,1.414214,0.448755,1.593172
210,1,77,76,14,14,79.1701,78.126693,-1.043407,0,0.02573,0.386761,1,210,large_dark,196,1.0,1.0,7.55,15.7,6.47,43.73,0.659,0.0,11.031,0.0,0.0,0.0,0,0,0.0,0.0,0.0,129.996,6.664,0.0,0.0,unrouted,0.0,0.0,0.0,0.0,0.0,8.0,9.0,0.888889,0.111111,10.852625,0.157588,128.295125,1.0,0.0,0.0,0.0,0.0,0.0,0.0,1.0,0.0,0.642,0.659,6.556625,8.599,0.0,0.0,0.0,0.0,0.0,42.15125,4.7025,14.9975,196.0,0.009113,0.0,0.009113,0.0,0.0,0.0,0.0,0.0,0.0,0.0,0.444444,0.471223,-0.026778,12.666667,2.61496,0.290889,1.414214,0.471223,1.593172
211,1,77,76,14,14,79.252662,77.867899,-1.384763,0,0.016725,0.251395,1,211,large_dark,196,1.0,1.0,0.0,15.69,6.47,43.74,0.659,0.0,10.964,0.0,0.0,0.0,0,0,0.0,0.0,0.0,129.992,6.664,0.0,0.0,unrouted,0.0,0.0,0.0,0.0,0.0,8.0,9.0,0.888889,0.111111,10.8625,0.161728,128.417875,1.0,0.0,0.0,0.0,0.0,0.0,0.0,1.0,0.0,0.64275,0.659,7.08075,8.599,0.0,0.0,0.0,0.0,0.0,42.41875,3.87125,15.49375,196.0,0.009113,0.0,0.009113,0.0,0.0,0.0,0.0,0.0,0.0,0.0,0.333333,0.460697,-0.127364,12.444444,2.598566,0.290889,1.414214,0.460697,1.593172
212,1,77,76,14,14,79.278946,77.511083,-1.767863,0,0.010871,0.163407,1,212,large_dark,196,1.0,1.0,7.63,15.84,5.74,43.17,0.648,0.0,10.704,0.0,0.0,0.0,0,0,0.0,0.0,0.0,125.908,7.193,0.0,0.0,unrouted,0.0,0.0,0.0,0.0,0.0,8.0,9.0,0.888889,0.111111,10.865125,0.15894,128.26475,1.0,0.0,0.0,0.0,0.0,0.0,0.0,1.0,0.0,0.642125,0.659,7.671,8.599,0.0,0.0,0.0,0.0,0.0,42.61875,4.74,16.0025,196.0,0.009113,0.0,0.009113,0.0,0.0,0.0,0.0,0.0,0.0,0.0,0.333333,0.453856,-0.120522,13.555556,2.677973,0.290889,1.414214,0.453856,1.593172
213,1,77,76,14,14,90.253544,88.554284,-1.69926,0,0.007066,0.106214,1,213,large_dark,196,1.0,1.0,0.04,15.83,5.74,43.2,0.648,0.0,10.637,0.0,0.0,0.0,0,0,0.0,0.0,0.0,125.907,7.195,0.0,0.0,unrouted,0.0,0.0,0.0,0.0,0.0,9.0,9.0,1.0,0.0,10.839778,0.166117,128.002778,1.0,0.0,0.0,0.0,0.0,0.0,0.0,1.0,0.0,0.642778,0.659,7.618111,8.599,0.0,0.0,0.0,0.0,0.0,42.683333,4.217778,15.983333,196.0,0.009113,0.0,0.009113,0.0,0.0,0.0,0.0,0.0,0.0,0.0,0.333333,0.472052,-0.138719,12.666667,2.61496,0.268246,1.414214,0.472052,1.593172
214,1,76,76,14,14,90.253039,88.880618,-1.372421,0,-0.345407,0.069039,1,214,large_dark,196,1.0,1.0,9.66,11.23,12.09,43.55,0.654,0.0,10.893,0.0,0.0,0.0,0,0,0.0,0.0,0.0,128.589,2.726,0.0,0.0,unrouted,0.0,0.0,0.0,0.0,0.0,9.0,9.0,1.0,0.0,10.861111,0.159105,128.317778,1.0,0.0,0.0,0.0,0.0,0.0,0.0,1.0,0.0,0.644778,0.659,7.081778,8.599,0.0,0.0,0.0,0.0,0.0,42.844444,4.306667,15.423333,196.0,-0.037663,0.0,-0.037663,0.0,0.0,0.0,0.0,0.0,0.0,0.0,0.444444,0.40755,0.036895,12.777778,2.623057,0.222222,1.0,0.40755,1.012652
215,1,79,73,12,12,82.537293,81.275931,-1.261362,0,0.475485,-1.355124,1,215,map,144,1.0,1.0,12.51,21.86,19.71,37.44,0.523,0.0,5.055,0.0,0.0,0.0,0,0,0.0,0.0,0.0,4.336,7.487,0.0,0.0,unrouted,0.0,0.0,0.0,0.0,0.0,9.0,9.0,1.0,0.0,10.242444,1.839001,114.826444,1.0,0.0,0.0,0.0,0.0,0.0,0.0,1.0,0.0,0.632111,0.659,7.074222,8.599,0.0,0.0,0.0,0.0,0.0,42.325556,5.694444,16.043333,190.222222,-0.016442,0.0,-0.016442,0.0,0.0,0.0,0.0,0.0,0.0,0.0,0.902567,0.886425,0.016143,13.333333,2.662588,0.719126,4.472136,0.886425,4.696596
216,1,88,78,5,7,72.947628,72.382556,-0.565071,0,1.805316,-0.434581,1,216,appearance,30,0.857,1.4,0.0,84.06,111.18,49.57,0.222,0.0,3.223,0.0,0.0,0.0,0,0,0.0,0.0,0.0,0.0,1.208,0.0,0.006,unrouted,0.0,0.0,0.0,0.0,0.0,9.0,9.0,1.0,0.0,9.255889,3.023555,100.086778,0.888889,0.111111,0.0,0.0,0.0,0.0,0.0,1.0,0.0,0.542556,0.659,5.645889,8.599,0.0,0.0,0.000667,0.006,0.0,48.125556,6.536667,29.827778,158.555556,0.003059,0.111111,0.003059,0.111111,0.0,0.0,0.0,0.0,0.0,0.0,1.195973,1.091432,0.104541,12.666667,2.61496,1.084305,5.522681,1.091432,5.873039
217,1,76,77,14,14,67.66073,66.860591,-0.800139,0,-0.224515,0.394876,1,217,large_dark,196,1.0,1.0,10.97,12.35,12.16,44.59,0.703,0.0,11.096,0.0,0.0,0.0,0,0,0.0,0.0,0.0,130.83,3.704,0.0,0.0,unrouted,0.0,0.0,0.0,0.0,0.0,7.0,9.0,0.777778,0.222222,10.881714,0.154816,128.423143,1.0,0.0,0.0,0.0,0.0,0.0,0.0,1.0,0.0,0.656571,0.703,6.106429,8.599,0.0,0.0,0.0,0.0,0.0,43.424286,6.222857,14.657143,196.0,-0.067232,0.0,-0.067232,0.0,0.0,0.0,0.0,0.0,0.0,0.0,0.601579,0.428826,0.172753,13.222222,2.654806,0.411609,1.0,0.428826,1.012652
218,1,76,77,14,14,67.753998,68.030388,0.276389,0,-0.145934,0.256669,1,218,large_dark,196,1.0,1.0,0.02,12.35,12.12,44.55,0.702,0.0,10.998,0.0,0.0,0.0,0,0,0.0,0.0,0.0,130.828,3.703,0.0,0.0,unrouted,0.0,0.0,0.0,0.0,0.0,7.0,9.0,0.777778,0.222222,10.903286,0.158941,128.864286,1.0,0.0,0.0,0.0,0.0,0.0,0.0,1.0,0.0,0.667571,0.703,5.407,7.195,0.0,0.0,0.0,0.0,0.0,43.79,5.124286,14.141429,196.0,-0.067232,0.0,-0.067232,0.0,0.0,0.0,0.0,0.0,0.0,0.0,0.490468,0.467497,0.022971,12.666667,2.61496,0.411609,1.0,0.467497,1.012652
219,1,76,78,14,14,68.108492,68.744588,0.636096,0,-0.094857,0.516835,1,219,large_dark,196,1.0,1.0,7.04,12.87,13.04,46.43,0.719,0.0,11.455,0.0,0.0,0.0,0,0,0.0,0.0,0.0,135.602,2.684,0.0,0.0,unrouted,0.0,0.0,0.0,0.0,0.0,7.0,9.0,0.777778,0.222222,10.963857,0.250494,129.665143,1.0,0.0,0.0,0.0,0.0,0.0,0.0,1.0,0.0,0.676143,0.719,4.838429,7.195,0.0,0.0,0.0,0.0,0.0,44.175714,5.051429,13.737143,196.0,-0.075836,0.0,-0.075836,0.0,0.0,0.0,0.0,0.0,0.0,0.0,0.490468,0.446746,0.043722,13.111111,2.646963,0.411609,1.0,0.446746,1.012652
220,1,78,78,12,12,62.234533,62.172193,-0.062341,0,0.288343,-0.014057,1,220,map,144,1.0,1.0,13.97,19.2,5.46,41.53,0.563,0.0,4.926,0.0,0.0,0.0,0,0,0.0,0.0,0.0,4.398,8.592,0.0,0.0,unrouted,0.0,0.0,0.0,0.0,0.0,7.0,9.0,0.777778,0.222222,10.101286,2.127599,111.723143,1.0,0.0,0.0,0.0,0.0,0.0,0.0,1.0,0.0,0.662429,0.719,5.113857,8.592,0.0,0.0,0.0,0.0,0.0,43.86,7.047143,14.238571,188.571429,-0.04582,0.111111,-0.04582,0.111111,0.0,0.0,0.0,0.0,0.0,0.0,0.647603,0.611533,0.03607,13.555556,2.677973,0.568744,1.414214,0.611533,1.870695
221,1,87,80,6,7,51.319607,51.403996,0.08439,0,2.287423,-0.184137,1,221,appearance,34,0.81,1.167,0.0,75.02,98.37,47.78,0.273,0.0,3.219,0.0,0.0,0.0,0,0,0.0,0.0,0.0,0.0,1.275,0.0,0.0,unrouted,0.0,0.0,0.0,0.0,0.0,7.0,9.0,0.777778,0.222222,9.032,3.177729,93.736286,0.857143,0.142857,0.0,0.0,0.0,0.0,0.0,1.0,0.0,0.608857,0.719,4.268429,8.592,0.0,0.0,0.0,0.0,0.0,44.518571,5.957143,22.692857,165.428571,-0.04582,0.111111,-0.04582,0.111111,0.0,0.0,0.0,0.0,0.0,0.0,1.31658,1.22046,0.096121,12.555556,2.606796,1.237721,6.020797,1.22046,5.732292
222,1,76,78,14,14,51.608142,52.245286,0.637144,0,-0.162577,0.340863,1,222,large_dark,196,1.0,1.0,13.93,14.91,9.92,45.75,0.671,0.0,11.665,0.0,0.0,0.0,0,0,0.0,0.0,0.0,137.129,2.648,0.0,0.0,unrouted,0.0,0.0,0.0,0.0,0.0,6.0,9.0,0.666667,0.333333,10.172167,2.361198,111.229333,1.0,0.0,0.0,0.0,0.0,0.0,0.0,1.0,0.0,0.668667,0.719,4.0095,8.592,0.0,0.0,0.0,0.0,0.0,44.4,9.265,13.818333,187.333333,-0.077429,0.111111,-0.077429,0.111111,0.0,0.0,0.0,0.0,0.0,0.0,0.896055,0.747515,0.14854,12.777778,2.623057,0.757955,1.414214,0.747515,1.870695
223,1,76,78,14,14,52.544385,53.174598,0.630213,0,-0.105675,0.221561,1,223,large_dark,196,1.0,1.0,0.0,14.92,9.92,45.74,0.671,0.0,11.542,0.0,0.0,0.0,0,0,0.0,0.0,0.0,137.129,2.648,0.0,0.0,unrouted,0.0,0.0,0.0,0.0,0.0,6.0,9.0,0.666667,0.333333,10.280333,2.406179,112.652667,1.0,0.0,0.0,0.0,0.0,0.0,0.0,1.0,0.0,0.6715,0.719,3.9965,8.592,0.0,0.0,0.0,0.0,0.0,44.765,7.655,14.433333,187.333333,-0.048751,0.111111,-0.048751,0.111111,0.0,0.0,0.0,0.0,0.0,0.0,0.673833,0.676959,-0.003126,12.333333,2.590267,0.646843,1.414214,0.676959,1.870695
224,1,76,79,14,14,63.888566,64.688735,0.800168,0,-0.068689,0.494015,1,224,large_dark,196,1.0,1.0,15.61,15.95,10.67,46.51,0.69,0.0,11.247,0.0,0.0,0.0,0,0,0.0,0.0,0.0,131.448,2.655,0.0,0.0,unrouted,0.0,0.0,0.0,0.0,0.0,7.0,9.0,0.777778,0.222222,10.418429,2.253224,115.337714,1.0,0.0,0.0,0.0,0.0,0.0,0.0,1.0,0.0,0.674143,0.719,3.804857,8.592,0.0,0.0,0.0,0.0,0.0,45.014286,8.791429,14.65,188.571429,-0.065066,0.111111,-0.065066,0.111111,0.0,0.0,0.0,0.0,0.0,0.0,0.830968,0.764246,0.066722,12.555556,2.606796,0.718817,1.414214,0.764246,1.870695
225,1,76,80,14,14,75.275439,75.958301,0.682862,0,-0.044648,0.671109,1,225,large_dark,196,1.0,1.0,15.28,16.9,10.87,47.78,0.726,0.0,11.377,0.0,0.0,0.0,0,0,0.0,0.0,0.0,132.964,5.72,0.0,0.0,unrouted,0.0,0.0,0.0,0.0,0.0,8.0,9.0,0.888889,0.111111,10.53825,2.131406,117.541,1.0,0.0,0.0,0.0,0.0,0.0,0.0,1.0,0.0,0.680625,0.726,4.04425,8.592,0.0,0.0,0.0,0.0,0.0,45.36,9.6025,14.93125,189.5,-0.09591,0.111111,-0.09591,0.111111,0.0,0.0,0.0,0.0,0.0,0.0,0.988102,0.820982,0.167121,13.222222,2.654806,0.79079,1.414214,0.820982,1.870695
226,1,76,80,14,14,75.697061,76.20101,0.503948,0,-0.029021,0.436221,1,226,large_dark,196,1.0,1.0,0.0,16.9,10.85,47.74,0.726,0.0,11.242,0.0,0.0,0.0,0,0,0.0,0.0,0.0,132.964,5.719,0.0,0.0,unrouted,0.0,0.0,0.0,0.0,0.0,8.0,9.0,0.888889,0.111111,10.5565,2.136722,117.80775,1.0,0.0,0.0,0.0,0.0,0.0,0.0,1.0,0.0,0.6835,0.726,4.296125,8.592,0.0,0.0,0.0,0.0,0.0,45.75375,8.23125,15.5,189.5,-0.06634,0.111111,-0.06634,0.111111,0.0,0.0,0.0,0.0,0.0,0.0,0.830968,0.785384,0.045583,12.555556,2.606796,0.679679,1.414214,0.785384,1.870695
227,1,76,80,14,14,64.418984,64.84009,0.421106,1,-0.029021,0.436221,0,,,,,,,,,,,,,,,,,,,,,,,,,,,,,,,7.0,9.0,0.777778,0.222222,10.493429,2.277276,115.947714,1.0,0.0,0.0,0.0,0.0,0.0,0.0,1.0,0.0,0.680857,0.726,4.380857,8.592,0.0,0.0,0.0,0.0,0.0,45.925714,9.404286,15.95,188.571429,-0.06634,0.111111,-0.06634,0.111111,0.0,0.0,0.0,0.0,0.0,0.0,0.830968,0.734913,0.096054,13.333333,2.662588,0.728255,1.414214,0.734913,1.870695
228,1,86,82,6,7,60.281616,54.345696,-5.93592,0,1.720239,-0.095697,1,228,appearance,34,0.81,1.167,0.0,73.93,97.06,45.98,0.292,0.0,3.211,0.0,0.0,0.0,0,0,0.0,0.0,0.0,0.0,1.602,0.0,0.0,unrouted,0.0,0.0,0.0,0.0,0.0,8.0,9.0,0.888889,0.111111,8.758,3.466275,84.997125,0.875,0.125,0.0,0.0,0.0,0.0,0.0,1.0,0.0,0.6385,0.769,6.1505,19.62,0.0,0.0,0.0,0.0,0.0,45.03125,9.72375,25.13,162.75,-0.012236,0.222222,-0.012236,0.222222,0.0,0.0,0.0,0.0,0.0,0.0,1.458405,1.323954,0.134451,12.0,2.564949,1.307116,3.605551,1.323954,3.887177
229,1,75,81,14,14,58.503462,59.05029,0.546829,0,-0.368864,0.633544,1,229,large_dark,196,1.0,1.0,11.18,14.61,15.65,49.58,0.706,0.0,11.072,0.0,0.0,0.0,0,0,0.0,0.0,0.0,129.664,7.792,0.0,0.0,unrouted,0.0,0.0,0.0,0.0,0.0,6.0,9.0,0.666667,0.333333,11.3575,0.198342,133.549667,1.0,0.0,0.0,0.0,0.0,0.0,0.0,1.0,0.0,0.698333,0.726,4.530333,7.792,0.0,0.0,0.0,0.0,0.0,47.183333,9.333333,15.698333,196.0,-0.106871,0.0,-0.106871,0.0,0.0,0.0,0.0,0.0,0.0,0.0,0.719857,0.567643,0.152213,12.222222,2.581899,0.66572,1.414214,0.567643,1.639555
230,1,74,82,14,14,69.423932,70.08395,0.660018,0,-0.589761,0.761803,1,230,large_dark,196,1.0,1.0,14.28,11.85,20.62,51.58,0.727,0.0,11.238,0.0,0.0,0.0,0,0,0.0,0.0,0.0,131.665,3.744,0.0,0.0,unrouted,0.0,0.0,0.0,0.0,0.0,7.0,9.0,0.777778,0.222222,11.340429,0.18833,133.280429,1.0,0.0,0.0,0.0,0.0,0.0,0.0,1.0,0.0,0.702429,0.727,4.418,7.792,0.0,0.0,0.0,0.0,0.0,47.811429,10.04,15.148571,196.0,-0.177035,0.0,-0.177035,0.0,0.0,0.0,0.0,0.0,0.0,0.0,0.968309,0.648733,0.319575,12.888889,2.631089,0.790779,1.414214,0.648733,1.639555
231,1,74,82,14,14,69.331287,69.861952,0.530665,0,-0.383345,0.495172,1,231,large_dark,196,1.0,1.0,0.05,11.83,20.63,51.61,0.727,0.0,11.111,0.0,0.0,0.0,0,0,0.0,0.0,0.0,131.663,3.744,0.0,0.0,unrouted,0.0,0.0,0.0,0.0,0.0,7.0,9.0,0.777778,0.222222,11.261286,0.147224,132.499571,1.0,0.0,0.0,0.0,0.0,0.0,0.0,1.0,0.0,0.710429,0.727,4.574571,7.792,0.0,0.0,0.0,0.0,0.0,48.648571,8.057143,14.708571,196.0,-0.145426,0.0,-0.145426,0.0,0.0,0.0,0.0,0.0,0.0,0.0,0.719857,0.573606,0.14625,12.444444,2.598566,0.633644,1.414214,0.573606,1.122785
232,1,74,82,14,14,68.624918,69.058904,0.433986,0,-0.249174,0.321862,1,232,large_dark,196,1.0,1.0,14.56,13.51,18.56,51.35,0.7,0.0,10.841,0.0,0.0,0.0,0,0,0.0,0.0,0.0,126.394,3.649,0.0,0.0,unrouted,0.0,0.0,0.0,0.0,0.0,7.0,9.0,0.777778,0.222222,11.161143,0.160073,130.966,1.0,0.0,0.0,0.0,0.0,0.0,0.0,1.0,0.0,0.714571,0.727,4.717571,7.792,0.0,0.0,0.0,0.0,0.0,49.45,10.137143,14.507143,196.0,-0.145426,0.0,-0.145426,0.0,0.0,0.0,0.0,0.0,0.0,0.0,0.830968,0.601225,0.229743,13.444444,2.67031,0.633644,1.414214,0.601225,1.122785
233,1,74,82,14,14,68.292441,68.61692,0.324479,0,-0.161963,0.20921,1,233,large_dark,196,1.0,1.0,0.0,13.51,18.57,51.33,0.7,0.0,10.712,0.0,0.0,0.0,0,0,0.0,0.0,0.0,126.394,3.649,0.0,0.0,unrouted,0.0,0.0,0.0,0.0,0.0,7.0,9.0,0.777778,0.222222,11.084714,0.218054,130.244,1.0,0.0,0.0,0.0,0.0,0.0,0.0,1.0,0.0,0.716,0.727,4.859571,7.792,0.0,0.0,0.0,0.0,0.0,50.138571,7.907143,14.158571,196.0,-0.129112,0.0,-0.129112,0.0,0.0,0.0,0.0,0.0,0.0,0.0,0.673833,0.559165,0.114668,12.777778,2.623057,0.522533,1.414214,0.559165,1.122785
234,1,74,83,14,14,67.758796,68.138045,0.37925,0,-0.105276,0.485987,1,234,large_dark,196,1.0,1.0,15.61,14.85,18.19,52.61,0.715,0.0,10.832,0.0,0.0,0.0,0,0,0.0,0.0,0.0,125.917,5.155,0.0,0.0,unrouted,0.0,0.0,0.0,0.0,0.0,7.0,9.0,0.777778,0.222222,11.006857,0.195971,129.237286,1.0,0.0,0.0,0.0,0.0,0.0,0.0,1.0,0.0,0.714429,0.727,4.778857,7.792,0.0,0.0,0.0,0.0,0.0,50.828571,7.954286,13.865714,196.0,-0.125543,0.0,-0.125543,0.0,0.0,0.0,0.0,0.0,0.0,0.0,0.673833,0.592118,0.081714,12.888889,2.631089,0.522533,1.414214,0.592118,1.122785
235,1,75,80,14,14,65.29538,65.639064,0.343683,0,0.281571,-0.734109,1,235,large_dark,196,1.0,1.0,17.89,18.59,8.8,47.18,0.78,0.0,10.757,0.0,0.0,0.0,0,0,0.0,0.0,0.0,124.841,6.556,0.0,0.0,unrouted,0.0,0.0,0.0,0.0,0.0,7.0,9.0,0.777778,0.222222,10.937571,0.186074,128.076857,1.0,0.0,0.0,0.0,0.0,0.0,0.0,1.0,0.0,0.722143,0.78,4.898429,7.792,0.0,0.0,0.0,0.0,0.0,50.748571,10.51,14.107143,196.0,-0.182133,0.0,-0.182133,0.0,0.0,0.0,0.0,0.0,0.0,0.0,1.007166,0.923721,0.083446,13.777778,2.693125,0.873897,3.162278,0.923721,3.657012
236,1,75,80,14,14,76.117531,76.350173,0.232642,0,0.183021,-0.477171,1,236,large_dark,196,1.0,1.0,0.0,18.59,8.8,47.17,0.78,0.0,10.599,0.0,0.0,0.0,0,0,0.0,0.0,0.0,124.841,6.556,0.0,0.0,unrouted,0.0,0.0,0.0,0.0,0.0,8.0,9.0,0.888889,0.111111,10.89525,0.206962,127.672375,1.0,0.0,0.0,0.0,0.0,0.0,0.0,1.0,0.0,0.729375,0.78,5.105625,7.792,0.0,0.0,0.0,0.0,0.0,50.30125,9.19625,14.6675,196.0,-0.182133,0.0,-0.182133,0.0,0.0,0.0,0.0,0.0,0.0,0.0,1.007166,1.011082,-0.003916,13.222222,2.654806,0.825321,3.162278,1.011082,3.657012
237,1,74,84,14,14,84.905052,85.282595,0.377543,0,-0.231036,1.089839,1,237,large_dark,196,1.0,1.0,15.91,16.8,16.56,53.86,0.745,0.0,10.657,0.0,0.0,0.0,0,0,0.0,0.0,0.0,123.449,5.663,0.0,0.0,unrouted,0.0,0.0,0.0,0.0,0.0,9.0,9.0,1.0,0.0,10.868778,0.208999,127.203111,1.0,0.0,0.0,0.0,0.0,0.0,0.0,1.0,0.0,0.731111,0.78,5.167556,7.792,0.0,0.0,0.0,0.0,0.0,50.696667,9.942222,14.904444,196.0,-0.130131,0.111111,-0.130131,0.111111,0.0,0.0,0.0,0.0,0.0,0.0,1.50407,1.525619,-0.021549,14.0,2.70805,1.234868,4.123106,1.525619,4.630831
238,1,74,84,14,14,84.580899,85.643173,1.062274,0,-0.150174,0.708395,1,238,large_dark,196,1.0,1.0,0.0,16.8,16.57,53.85,0.745,0.0,10.516,0.0,0.0,0.0,0,0,0.0,0.0,0.0,123.449,5.664,0.0,0.0,unrouted,0.0,0.0,0.0,0.0,0.0,9.0,9.0,1.0,0.0,10.807,0.221592,126.512556,1.0,0.0,0.0,0.0,0.0,0.0,0.0,1.0,0.0,0.735444,0.78,4.931111,6.556,0.0,0.0,0.0,0.0,0.0,51.171111,8.7,15.147778,196.0,-0.102028,0.111111,-0.102028,0.111111,0.0,0.0,0.0,0.0,0.0,0.0,1.346935,1.524649,-0.177714,13.555556,2.677973,1.077733,4.123106,1.524649,4.630831
239,1,73,84,14,14,84.055493,85.192916,1.137422,0,-0.447613,0.460457,1,239,large_dark,196,1.0,1.0,13.91,14.02,20.95,55.14,0.701,0.0,10.587,0.0,0.0,0.0,0,0,0.0,0.0,0.0,122.961,2.7,0.0,0.0,unrouted,0.0,0.0,0.0,0.0,0.0,9.0,9.0,1.0,0.0,10.734667,0.169141,125.545444,1.0,0.0,0.0,0.0,0.0,0.0,0.0,1.0,0.0,0.732556,0.78,4.815111,6.556,0.0,0.0,0.0,0.0,0.0,51.566667,8.658889,15.388889,196.0,-0.080297,0.111111,-0.080297,0.111111,0.0,0.0,0.0,0.0,0.0,0.0,1.320706,1.566488,-0.245783,13.555556,2.677973,1.031709,4.123106,1.566488,4.630831
240,1,73,84,14,14,83.847218,84.990346,1.143128,0,-0.290948,0.299297,1,240,large_dark,196,1.0,1.0,16.07,15.1,19.53,54.85,0.714,0.0,10.822,0.0,0.0,0.0,0,0,0.0,0.0,0.0,125.558,3.683,0.0,0.0,unrouted,0.0,0.0,0.0,0.0,0.0,9.0,9.0,1.0,0.0,10.702556,0.112644,124.867111,1.0,0.0,0.0,0.0,0.0,0.0,0.0,1.0,0.0,0.731111,0.78,4.808333,6.556,0.0,0.0,0.0,0.0,0.0,51.926667,10.438889,15.752222,196.0,-0.080297,0.111111,-0.080297,0.111111,0.0,0.0,0.0,0.0,0.0,0.0,1.431817,1.530794,-0.098978,14.777778,2.758602,1.031709,4.123106,1.530794,4.630831
241,1,73,84,14,14,83.715735,84.855008,1.139272,0,-0.189116,0.194543,1,241,large_dark,196,1.0,1.0,0.0,15.1,19.53,54.83,0.714,0.0,10.68,0.0,0.0,0.0,0,0,0.0,0.0,0.0,125.558,3.683,0.0,0.0,unrouted,0.0,0.0,0.0,0.0,0.0,9.0,9.0,1.0,0.0,10.684667,0.101467,124.774222,1.0,0.0,0.0,0.0,0.0,0.0,0.0,1.0,0.0,0.732667,0.78,4.812111,6.556,0.0,0.0,0.0,0.0,0.0,52.313333,8.821111,15.928889,196.0,-0.080297,0.111111,-0.080297,0.111111,0.0,0.0,0.0,0.0,0.0,0.0,1.320706,1.507593,-0.186888,14.222222,2.722756,1.031709,4.123106,1.507593,4.630831
242,1,72,85,14,14,82.897408,84.121321,1.223913,0,-0.472926,0.476453,1,242,large_dark,196,1.0,1.0,14.06,12.03,24.51,57.25,0.686,0.0,10.53,0.0,0.0,0.0,0,0,0.0,0.0,0.0,122.346,2.656,0.0,0.0,unrouted,0.0,0.0,0.0,0.0,0.0,9.0,9.0,1.0,0.0,10.664444,0.111631,124.324444,1.0,0.0,0.0,0.0,0.0,0.0,0.0,1.0,0.0,0.731111,0.78,4.701778,6.556,0.0,0.0,0.0,0.0,0.0,52.971111,10.383333,15.764444,196.0,-0.147338,0.111111,-0.147338,0.111111,0.0,0.0,0.0,0.0,0.0,0.0,1.569157,1.589359,-0.020201,15.666667,2.813411,1.188844,4.123106,1.589359,4.630831
243,1,72,85,14,14,82.735007,84.12905,1.394043,0,-0.307402,0.309694,1,243,large_dark,196,1.0,1.0,0.01,12.04,24.5,57.29,0.686,0.0,10.405,0.0,0.0,0.0,0,0,0.0,0.0,0.0,122.344,2.657,0.0,0.0,unrouted,0.0,0.0,0.0,0.0,0.0,9.0,9.0,1.0,0.0,10.617,0.120707,123.927444,1.0,0.0,0.0,0.0,0.0,0.0,0.0,1.0,0.0,0.727889,0.78,4.424222,6.556,0.0,0.0,0.0,0.0,0.0,53.491111,8.65,15.452222,196.0,-0.120062,0.111111,-0.120062,0.111111,0.0,0.0,0.0,0.0,0.0,0.0,1.412023,1.57426,-0.162237,15.555556,2.806722,1.077733,4.123106,1.57426,4.630831
244,1,72,85,14,14,84.688575,86.327064,1.638489,0,-0.199811,0.201301,1,244,large_dark,196,1.0,1.0,16.56,13.04,23.61,57.06,0.68,0.0,10.656,0.0,0.0,0.0,0,0,0.0,0.0,0.0,123.465,2.63,0.0,0.0,unrouted,0.0,0.0,0.0,0.0,0.0,9.0,9.0,1.0,0.0,10.605778,0.111515,123.774556,1.0,0.0,0.0,0.0,0.0,0.0,0.0,1.0,0.0,0.716778,0.78,3.988,6.556,0.0,0.0,0.0,0.0,0.0,54.588889,8.502222,14.835556,196.0,-0.063472,0.111111,-0.063472,0.111111,0.0,0.0,0.0,0.0,0.0,0.0,1.1898,1.216409,-0.026609,16.0,2.833213,0.726369,4.123106,1.216409,4.630831
245,1,80,88,5,5,78.202336,80.662844,2.460508,0,1.095123,-0.394154,1,245,map,25,1.0,1.0,54.76,57.36,76.31,68.22,0.052,0.0,4.216,0.0,0.0,0.0,0,0,0.0,0.0,0.0,2.085,4.201,0.0,0.0,unrouted,0.0,0.0,0.0,0.0,0.0,9.0,9.0,1.0,0.0,9.896556,2.011472,110.135,1.0,0.0,0.0,0.0,0.0,0.0,0.0,1.0,0.0,0.635889,0.745,3.726333,5.664,0.0,0.0,0.0,0.0,0.0,56.927778,14.586667,19.143333,177.0,0.098395,0.222222,0.098395,0.222222,0.0,0.0,0.0,0.0,0.0,0.0,1.513742,1.581517,-0.067775,16.333333,2.852631,1.149467,4.123106,1.581517,4.630831
246,1,82,87,6,7,72.992469,75.145326,2.152857,0,1.58683,-0.2562,1,246,appearance,33,0.786,1.167,0.0,66.31,81.11,51.93,0.582,0.0,3.091,0.0,0.0,0.0,0,0,0.0,0.0,0.0,0.0,2.519,0.0,0.0,unrouted,0.0,0.0,0.0,0.0,0.0,9.0,9.0,1.0,0.0,9.055889,2.901934,96.418444,0.888889,0.111111,0.0,0.0,0.0,0.0,0.0,1.0,0.0,0.617778,0.745,3.377,5.664,0.0,0.0,0.0,0.0,0.0,56.713333,12.818889,24.644444,158.888889,0.046394,0.111111,0.046394,0.111111,0.0,0.0,0.0,0.0,0.0,0.0,1.294616,1.229105,0.065511,15.777778,2.820055,0.969122,3.807887,1.229105,4.072226
247,1,80,88,5,5,66.863491,69.440098,2.576607,0,0.156439,-0.16653,1,247,map,25,1.0,1.0,53.96,61.48,79.58,73.02,0.098,0.0,4.154,0.0,0.0,0.0,0,0,0.0,0.0,0.0,2.028,3.955,0.0,0.0,unrouted,0.0,0.0,0.0,0.0,0.0,9.0,9.0,1.0,0.0,8.349,3.217838,82.927222,0.888889,0.111111,0.0,0.0,0.0,0.0,0.0,1.0,0.0,0.545889,0.714,3.187111,4.201,0.0,0.0,0.0,0.0,0.0,58.843333,18.814444,29.608889,139.888889,0.249238,0.222222,0.249238,0.222222,0.0,0.0,0.0,0.0,0.0,0.0,1.683505,1.560304,0.123201,16.333333,2.852631,1.2469,3.807887,1.560304,4.094852
248,1,72,86,14,14,66.164243,68.785068,2.620825,0,-0.694564,0.460505,1,248,large_dark,196,1.0,1.0,0.0,14.49,21.76,61.88,0.704,0.0,10.362,0.0,0.0,0.0,0,0,0.0,0.0,0.0,121.5,2.914,0.0,0.0,unrouted,0.0,0.0,0.0,0.0,0.0,9.0,9.0,1.0,0.0,9.029556,2.888896,96.039556,0.888889,0.111111,0.0,0.0,0.0,0.0,0.0,1.0,0.0,0.613556,0.714,3.095222,4.201,0.0,0.0,0.0,0.0,0.0,58.353333,13.056667,24.44,158.888889,0.1908,0.222222,0.1908,0.222222,0.0,0.0,0.0,0.0,0.0,0.0,1.898286,2.021731,-0.123445,16.111111,2.839728,1.580233,6.5,2.021731,8.071965
249,1,72,86,14,14,66.108998,68.784935,2.675936,0,-0.451467,0.299329,1,249,large_dark,196,1.0,1.0,16.51,15.01,20.7,62.09,0.719,0.0,10.801,0.0,0.0,0.0,0,0,0.0,0.0,0.0,125.183,2.913,0.0,0.0,unrouted,0.0,0.0,0.0,0.0,0.0,9.0,9.0,1.0,0.0,9.027222,2.887455,95.997889,0.888889,0.111111,0.0,0.0,0.0,0.0,0.0,1.0,0.0,0.614111,0.719,3.009667,4.201,0.0,0.0,0.0,0.0,0.0,59.157778,13.105556,24.43,158.888889,0.1908,0.222222,0.1908,0.222222,0.0,0.0,0.0,0.0,0.0,0.0,1.898286,2.042975,-0.144688,15.777778,2.820055,1.580233,6.5,2.042975,8.071965
250,1,72,86,14,14,55.133692,57.791963,2.658271,1,-0.451467,0.299329,0,,,,,,,,,,,,,,,,,,,,,,,,,,,,,,,8.0,9.0,0.888889,0.111111,8.820625,2.999239,92.302875,0.875,0.125,0.0,0.0,0.0,0.0,0.0,1.0,0.0,0.601625,0.719,2.9255,4.201,0.0,0.0,0.0,0.0,0.0,59.69875,14.74375,25.59625,154.25,0.1908,0.222222,0.1908,0.222222,0.0,0.0,0.0,0.0,0.0,0.0,1.898286,1.996596,-0.09831,16.222222,2.846201,1.64042,6.5,1.996596,8.071965
251,1,77,81,14,14,56.787175,50.891549,-5.895626,0,0.946755,-1.011034,1,251,large_dark,196,1.0,1.0,0.0,19.21,9.3,52.22,0.85,0.0,10.352,0.0,0.0,0.0,0,0,0.0,0.0,0.0,121.736,19.402,0.0,0.0,unrouted,0.0,0.0,0.0,0.0,0.0,9.0,9.0,1.0,0.0,8.997,2.871762,95.505444,0.888889,0.111111,0.0,0.0,0.0,0.0,0.0,1.0,0.0,0.647444,0.85,6.616889,19.402,0.0,0.0,0.0,0.0,0.0,58.31,14.484444,25.684444,158.888889,-0.025618,0.222222,-0.025618,0.222222,0.0,0.0,0.0,0.0,0.0,0.0,2.361293,2.951122,-0.589829,15.111111,2.779509,2.208773,7.071068,2.951122,8.071965
252,1,71,86,14,14,48.974458,43.310427,-5.664032,0,-1.484609,1.092828,1,252,large_dark,196,1.0,1.0,18.26,13.96,22.04,63.31,0.675,0.0,10.814,0.0,0.0,0.0,0,0,0.0,0.0,0.0,125.163,3.129,0.0,0.0,unrouted,0.0,0.0,0.0,0.0,0.0,9.0,9.0,1.0,0.0,9.042444,2.896811,95.818667,0.888889,0.111111,0.0,0.0,0.0,0.0,0.0,1.0,0.0,0.646222,0.85,6.669333,19.402,0.0,0.0,0.0,0.0,0.0,58.978889,16.512222,25.897778,158.888889,0.218585,0.333333,0.218585,0.333333,0.0,0.0,0.0,0.0,0.0,0.0,3.317107,3.897242,-0.580135,15.333333,2.793208,3.076578,7.81025,3.897242,9.186399
253,1,71,86,14,14,48.587947,42.888304,-5.699643,0,-0.964996,0.710338,1,253,large_dark,196,1.0,1.0,0.0,13.96,22.05,63.32,0.675,0.0,10.652,0.0,0.0,0.0,0,0,0.0,0.0,0.0,125.163,3.13,0.0,0.0,unrouted,0.0,0.0,0.0,0.0,0.0,9.0,9.0,1.0,0.0,9.042,2.896564,96.007333,0.888889,0.111111,0.0,0.0,0.0,0.0,0.0,1.0,0.0,0.645667,0.85,6.724889,19.402,0.0,0.0,0.0,0.0,0.0,59.674444,14.672222,26.0,158.888889,0.218585,0.333333,0.218585,0.333333,0.0,0.0,0.0,0.0,0.0,0.0,3.205996,4.053587,-0.847591,14.333333,2.730029,3.076578,7.81025,4.053587,9.186399
254,1,70,86,14,14,54.553361,48.703417,-5.849944,0,-0.977247,0.46172,1,254,large_dark,196,1.0,1.0,12.84,11.69,25.55,63.62,0.651,0.0,10.451,0.0,0.0,0.0,0,0,0.0,0.0,0.0,121.396,3.261,0.0,0.0,unrouted,0.0,0.0,0.0,0.0,0.0,9.0,9.0,1.0,0.0,9.734778,2.35434,109.264111,0.888889,0.111111,0.0,0.0,0.0,0.0,0.0,1.0,0.0,0.712222,0.85,6.620444,19.402,0.0,0.0,0.0,0.0,0.0,59.163333,10.014444,20.925556,177.888889,-0.000637,0.222222,-0.000637,0.222222,0.0,0.0,0.0,0.0,0.0,0.0,3.104276,3.680139,-0.575863,14.555556,2.744418,2.764591,7.81025,3.680139,9.186399
255,1,78,88,5,5,53.989156,48.773164,-5.215991,0,0.589789,-0.574882,1,255,map,25,1.0,1.0,48.92,50.84,63.91,76.22,0.112,0.0,4.234,0.0,0.0,0.0,0,0,0.0,0.0,0.0,2.139,2.519,0.0,0.0,unrouted,0.0,0.0,0.0,0.0,0.0,9.0,9.0,1.0,0.0,9.861778,1.996104,109.501778,1.0,0.0,0.0,0.0,0.0,0.0,0.0,1.0,0.0,0.66,0.85,6.620444,19.402,0.0,0.0,0.0,0.0,0.0,61.862222,15.45,19.206667,177.0,0.180858,0.333333,0.180858,0.333333,0.0,0.0,0.0,0.0,0.0,0.0,3.219335,4.114481,-0.895146,15.0,2.772589,2.96472,7.81025,4.114481,9.186399
256,1,76,82,14,14,60.355933,53.954602,-6.401331,0,1.258363,-0.898673,1,256,large_dark,196,1.0,1.0,0.0,18.49,12.02,55.38,0.822,0.0,10.36,0.0,0.0,0.0,0,0,0.0,0.0,0.0,121.698,16.992,0.0,0.0,unrouted,0.0,0.0,0.0,0.0,0.0,9.0,9.0,1.0,0.0,9.845778,1.991463,109.523778,1.0,0.0,0.0,0.0,0.0,0.0,0.0,1.0,0.0,0.673111,0.85,8.184667,19.402,0.0,0.0,0.0,0.0,0.0,61.141111,13.666667,19.651111,177.0,0.084885,0.222222,0.084885,0.222222,0.0,0.0,0.0,0.0,0.0,0.0,2.717384,3.453422,-0.736038,14.111111,2.71543,2.56644,7.81025,3.453422,9.186399
257,1,76,82,14,14,60.313102,52.984832,-7.32827,0,0.817936,-0.584138,1,257,large_dark,196,1.0,1.0,24.26,17.89,13.42,55.93,0.825,0.0,10.455,0.0,0.0,0.0,0,0,0.0,0.0,0.0,120.233,15.581,0.0,0.0,unrouted,0.0,0.0,0.0,0.0,0.0,9.0,9.0,1.0,0.0,9.856111,1.994354,109.383,1.0,0.0,0.0,0.0,0.0,0.0,0.0,1.0,0.0,0.686556,0.85,9.592111,19.402,0.0,0.0,0.0,0.0,0.0,60.48,16.362222,20.028889,177.0,0.084885,0.222222,0.084885,0.222222,0.0,0.0,0.0,0.0,0.0,0.0,2.828495,3.482781,-0.654285,14.444444,2.737249,2.56644,7.81025,3.482781,9.186399
258,1,76,82,14,14,59.705754,51.452046,-8.253709,0,0.531658,-0.379689,1,258,large_dark,196,1.0,1.0,0.0,17.89,13.42,55.95,0.825,0.0,10.241,0.0,0.0,0.0,0,0,0.0,0.0,0.0,120.234,15.58,0.0,0.0,unrouted,0.0,0.0,0.0,0.0,0.0,9.0,9.0,1.0,0.0,9.793889,1.97252,108.833111,1.0,0.0,0.0,0.0,0.0,0.0,0.0,1.0,0.0,0.698333,0.85,10.999556,19.402,0.0,0.0,0.0,0.0,0.0,59.797778,14.527778,20.348889,177.0,0.084885,0.222222,0.084885,0.222222,0.0,0.0,0.0,0.0,0.0,0.0,2.717384,3.501864,-0.78448,13.888889,2.700615,2.56644,7.81025,3.501864,9.186399
259,1,76,82,14,14,68.653248,60.784266,-7.868982,0,0.345578,-0.246798,1,259,large_dark,196,1.0,1.0,25.0,17.32,14.04,56.36,0.819,0.0,10.463,0.0,0.0,0.0,0,0,0.0,0.0,0.0,120.317,13.141,0.0,0.0,unrouted,0.0,0.0,0.0,0.0,0.0,9.0,9.0,1.0,0.0,9.780222,1.967404,108.675444,1.0,0.0,0.0,0.0,0.0,0.0,0.0,1.0,0.0,0.694889,0.85,10.303889,19.402,0.0,0.0,0.0,0.0,0.0,60.256667,14.364444,20.138889,177.0,0.368344,0.222222,0.368344,0.222222,0.0,0.0,0.0,0.0,0.0,0.0,2.117037,2.729708,-0.612671,13.555556,2.677973,1.780765,7.81025,2.729708,9.186399
260,1,70,86,14,14,64.240012,58.904438,-5.335574,0,-1.875374,1.239581,1,260,large_dark,196,1.0,1.0,18.9,13.69,23.75,63.98,0.711,0.0,10.531,0.0,0.0,0.0,0,0,0.0,0.0,0.0,121.558,3.199,0.0,0.0,unrouted,0.0,0.0,0.0,0.0,0.0,9.0,9.0,1.0,0.0,9.800111,1.973978,108.655667,1.0,0.0,0.0,0.0,0.0,0.0,0.0,1.0,0.0,0.679444,0.825,8.503556,16.992,0.0,0.0,0.0,0.0,0.0,61.563333,16.464444,19.525556,177.0,0.606175,0.333333,0.606175,0.333333,0.0,0.0,0.0,0.0,0.0,0.0,3.012844,3.341331,-0.328488,14.333333,2.730029,2.581999,7.81025,3.341331,9.186399
261,1,75,82,14,14,72.053934,65.070163,-6.983771,0,-0.203993,-0.104272,1,261,large_dark,196,1.0,1.0,0.91,17.02,14.24,57.33,0.83,0.0,10.337,0.0,0.0,0.0,0,0,0.0,0.0,0.0,121.484,9.174,0.0,0.0,unrouted,0.0,0.0,0.0,0.0,0.0,9.0,9.0,1.0,0.0,9.178333,2.346899,95.264111,1.0,0.0,0.0,0.0,0.0,0.0,0.0,1.0,0.0,0.708778,0.83,10.193333,16.992,0.0,0.0,0.0,0.0,0.0,60.068889,16.358889,20.823333,171.222222,0.123007,0.111111,0.123007,0.111111,0.0,0.0,0.0,0.0,0.0,0.0,1.383446,1.656642,-0.273196,13.888889,2.700615,1.024071,4.301163,1.656642,5.368196
262,1,75,82,14,14,72.124976,64.797033,-7.327943,0,-0.132596,-0.067777,1,262,large_dark,196,1.0,1.0,25.36,16.44,15.24,57.78,0.84,0.0,10.365,0.0,0.0,0.0,0,0,0.0,0.0,0.0,119.203,7.667,0.0,0.0,unrouted,0.0,0.0,0.0,0.0,0.0,9.0,9.0,1.0,0.0,9.146444,2.328537,94.601889,1.0,0.0,0.0,0.0,0.0,0.0,0.0,1.0,0.0,0.727111,0.84,10.697444,16.992,0.0,0.0,0.0,0.0,0.0,59.453333,19.176667,21.098889,171.222222,0.123007,0.111111,0.123007,0.111111,0.0,0.0,0.0,0.0,0.0,0.0,1.494557,1.477269,0.017288,14.555556,2.744418,1.024071,4.301163,1.477269,5.368196
263,1,75,82,14,14,72.26104,64.590324,-7.670716,0,-0.086187,-0.044055,1,263,large_dark,196,1.0,1.0,0.0,16.44,15.25,57.79,0.84,0.0,10.141,0.0,0.0,0.0,0,0,0.0,0.0,0.0,119.203,7.667,0.0,0.0,unrouted,0.0,0.0,0.0,0.0,0.0,9.0,9.0,1.0,0.0,9.112,2.311213,94.358222,1.0,0.0,0.0,0.0,0.0,0.0,0.0,1.0,0.0,0.748111,0.84,11.187,16.992,0.0,0.0,0.0,0.0,0.0,58.805556,17.75,21.626667,171.222222,0.180362,0.111111,0.180362,0.111111,0.0,0.0,0.0,0.0,0.0,0.0,1.272334,1.414792,-0.142458,13.777778,2.693125,0.91296,4.301163,1.414792,5.368196
264,1,74,82,14,14,79.721989,71.750062,-7.971927,0,-0.406022,-0.028636,1,264,large_dark,196,1.0,1.0,26.42,16.12,15.66,58.43,0.83,0.0,10.595,0.0,0.0,0.0,0,0,0.0,0.0,0.0,121.977,3.171,0.0,0.0,unrouted,0.0,0.0,0.0,0.0,0.0,9.0,9.0,1.0,0.0,9.818778,1.562901,107.673556,1.0,0.0,0.0,0.0,0.0,0.0,0.0,1.0,0.0,0.827889,0.84,11.259444,16.992,0.0,0.0,0.0,0.0,0.0,56.828889,15.25,17.768889,190.222222,-0.04039,0.0,-0.04039,0.0,0.0,0.0,0.0,0.0,0.0,0.0,1.10172,0.919979,0.181741,14.444444,2.737249,0.546164,2.915476,0.919979,2.122439
265,1,74,83,14,14,79.897009,73.517618,-6.379391,0,-0.263914,0.331387,1,265,large_dark,196,1.0,1.0,24.71,15.52,16.53,60.46,0.825,0.0,10.279,0.0,0.0,0.0,0,0,0.0,0.0,0.0,118.268,3.135,0.0,0.0,unrouted,0.0,0.0,0.0,0.0,0.0,9.0,9.0,1.0,0.0,9.809778,1.559989,107.292444,1.0,0.0,0.0,0.0,0.0,0.0,0.0,1.0,0.0,0.828222,0.84,9.719778,15.581,0.0,0.0,0.0,0.0,0.0,57.393333,17.995556,17.438889,190.222222,-0.058743,0.0,-0.058743,0.0,0.0,0.0,0.0,0.0,0.0,0.0,0.934913,0.807026,0.127886,15.333333,2.793208,0.333333,1.0,0.807026,1.546315
266,1,74,83,14,14,79.787094,74.307031,-5.480064,0,-0.171544,0.215401,1,266,large_dark,196,1.0,1.0,0.0,15.52,16.52,60.46,0.825,0.0,10.061,0.0,0.0,0.0,0,0,0.0,0.0,0.0,118.268,3.135,0.0,0.0,unrouted,0.0,0.0,0.0,0.0,0.0,9.0,9.0,1.0,0.0,9.766,1.54674,107.074111,1.0,0.0,0.0,0.0,0.0,0.0,0.0,1.0,0.0,0.828222,0.84,8.336889,15.58,0.0,0.0,0.0,0.0,0.0,57.896667,15.3,17.175556,190.222222,-0.058743,0.0,-0.058743,0.0,0.0,0.0,0.0,0.0,0.0,0.0,0.823802,0.682284,0.141517,14.666667,2.751535,0.333333,1.0,0.682284,1.235088
267,1,74,84,14,14,79.854418,76.382899,-3.471518,0,-0.111504,0.490011,1,267,large_dark,196,1.0,1.0,27.32,14.85,18.31,62.15,0.809,0.0,10.447,0.0,0.0,0.0,0,0,0.0,0.0,0.0,120.035,3.185,0.0,0.0,unrouted,0.0,0.0,0.0,0.0,0.0,9.0,9.0,1.0,0.0,9.788889,1.555102,107.052,1.0,0.0,0.0,0.0,0.0,0.0,0.0,1.0,0.0,0.826444,0.84,6.959667,13.141,0.0,0.0,0.0,0.0,0.0,58.585556,18.335556,16.837778,190.222222,-0.08194,0.0,-0.08194,0.0,0.0,0.0,0.0,0.0,0.0,0.0,0.980936,0.659843,0.321093,15.222222,2.786382,0.444444,1.0,0.659843,1.235088
268,1,74,84,14,14,79.63343,77.232506,-2.400924,0,-0.072477,0.318507,1,268,large_dark,196,1.0,1.0,0.0,14.85,18.31,62.15,0.809,0.0,10.205,0.0,0.0,0.0,0,0,0.0,0.0,0.0,120.03,3.185,0.0,0.0,unrouted,0.0,0.0,0.0,0.0,0.0,9.0,9.0,1.0,0.0,9.760222,1.544755,107.020111,1.0,0.0,0.0,0.0,0.0,0.0,0.0,1.0,0.0,0.825333,0.84,5.853444,12.362,0.0,0.0,0.0,0.0,0.0,59.228889,15.557778,16.563333,190.222222,-0.08194,0.0,-0.08194,0.0,0.0,0.0,0.0,0.0,0.0,0.0,0.869825,0.64309,0.226736,15.0,2.772589,0.444444,1.0,0.64309,1.235088
269,1,74,84,14,14,84.591644,84.216492,-0.375152,0,-0.04711,0.20703,1,269,large_dark,196,1.0,1.0,25.19,14.06,19.6,62.13,0.785,0.0,10.609,0.0,0.0,0.0,0,0,0.0,0.0,0.0,122.308,4.225,0.0,0.0,unrouted,0.0,0.0,0.0,0.0,0.0,9.0,9.0,1.0,0.0,10.337667,0.179136,120.086222,1.0,0.0,0.0,0.0,0.0,0.0,0.0,1.0,0.0,0.821444,0.84,4.949333,9.174,0.0,0.0,0.0,0.0,0.0,59.853333,14.434444,15.646667,196.0,-0.08194,0.0,-0.08194,0.0,0.0,0.0,0.0,0.0,0.0,0.0,0.869825,0.6322,0.237625,14.777778,2.758602,0.444444,1.0,0.6322,1.235088
270,1,74,85,14,14,84.515267,85.167061,0.651794,0,-0.030622,0.484569,1,270,large_dark,196,1.0,1.0,26.32,13.29,20.41,63.92,0.777,0.0,10.38,0.0,0.0,0.0,0,0,0.0,0.0,0.0,119.416,4.308,0.0,0.0,unrouted,0.0,0.0,0.0,0.0,0.0,9.0,9.0,1.0,0.0,10.342444,0.179627,119.856444,1.0,0.0,0.0,0.0,0.0,0.0,0.0,1.0,0.0,0.815556,0.84,4.408667,7.667,0.0,0.0,0.0,0.0,0.0,60.585556,17.257778,15.232222,196.0,-0.11369,0.0,-0.11369,0.0,0.0,0.0,0.0,0.0,0.0,0.0,0.915849,0.583231,0.332618,15.333333,2.793208,0.444444,1.0,0.583231,1.105868
271,1,74,85,14,14,84.308562,85.209323,0.900761,0,-0.019904,0.31497,1,271,large_dark,196,1.0,1.0,0.0,13.29,20.41,63.9,0.777,0.0,10.147,0.0,0.0,0.0,0,0,0.0,0.0,0.0,119.416,4.307,0.0,0.0,unrouted,0.0,0.0,0.0,0.0,0.0,9.0,9.0,1.0,0.0,10.318222,0.189386,119.880111,1.0,0.0,0.0,0.0,0.0,0.0,0.0,1.0,0.0,0.808556,0.84,4.035333,7.667,0.0,0.0,0.0,0.0,0.0,61.265556,14.44,14.882222,196.0,-0.11369,0.0,-0.11369,0.0,0.0,0.0,0.0,0.0,0.0,0.0,0.804738,0.611724,0.193014,14.888889,2.76562,0.444444,1.0,0.611724,1.105868
272,1,74,87,14,14,84.821568,87.003846,2.182278,0,-0.012938,0.904731,1,272,large_dark,196,1.0,1.0,25.79,12.12,17.3,66.32,0.751,0.0,10.093,0.0,0.0,0.0,0,0,0.0,0.0,0.0,116.377,5.34,0.0,0.0,unrouted,0.0,0.0,0.0,0.0,0.0,9.0,9.0,1.0,0.0,10.312889,0.194897,119.566111,1.0,0.0,0.0,0.0,0.0,0.0,0.0,1.0,0.0,0.798667,0.83,3.776778,5.34,0.0,0.0,0.0,0.0,0.0,62.213333,17.305556,14.402222,196.0,-0.00051,0.111111,-0.00051,0.111111,0.0,0.0,0.0,0.0,0.0,0.0,1.05319,0.782417,0.270773,15.777778,2.820055,0.666667,2.0,0.782417,1.685148
273,1,74,87,14,14,84.457845,86.481332,2.023487,0,-0.008409,0.588075,1,273,large_dark,196,1.0,1.0,0.0,12.12,17.3,66.33,0.751,0.0,9.865,0.0,0.0,0.0,0,0,0.0,0.0,0.0,116.377,5.338,0.0,0.0,unrouted,0.0,0.0,0.0,0.0,0.0,9.0,9.0,1.0,0.0,10.231778,0.211784,118.943889,1.0,0.0,0.0,0.0,0.0,0.0,0.0,1.0,0.0,0.789889,0.825,4.017556,5.34,0.0,0.0,0.0,0.0,0.0,63.091111,14.37,13.957778,196.0,0.038746,0.111111,0.038746,0.111111,0.0,0.0,0.0,0.0,0.0,0.0,0.830968,0.7813,0.049668,14.555556,2.744418,0.555556,2.0,0.7813,1.685148
274,1,74,87,14,14,84.232075,86.235728,2.003653,0,-0.005466,0.382249,1,274,large_dark,196,1.0,1.0,24.71,10.91,16.55,67.27,0.745,0.0,9.753,0.0,0.0,0.0,0,0,0.0,0.0,0.0,112.593,3.307,0.0,0.0,unrouted,0.0,0.0,0.0,0.0,0.0,9.0,9.0,1.0,0.0,10.173333,0.258183,118.313333,1.0,0.0,0.0,0.0,0.0,0.0,0.0,1.0,0.0,0.781,0.825,4.036667,5.34,0.0,0.0,0.0,0.0,0.0,63.847778,14.37,13.445556,196.0,0.0571,0.111111,0.0571,0.111111,0.0,0.0,0.0,0.0,0.0,0.0,0.784944,0.723774,0.06117,14.444444,2.737249,0.444444,2.0,0.723774,1.685148
275,1,74,88,14,14,83.436682,85.453227,2.016544,0,-0.003553,0.598462,1,275,large_dark,196,1.0,1.0,22.64,10.46,13.37,69.61,0.727,0.0,9.281,0.0,0.0,0.0,0,0,0.0,0.0,0.0,107.259,3.34,0.0,0.0,unrouted,0.0,0.0,0.0,0.0,0.0,9.0,9.0,1.0,0.0,10.086667,0.382385,117.090111,1.0,0.0,0.0,0.0,0.0,0.0,0.0,1.0,0.0,0.770111,0.809,4.059444,5.34,0.0,0.0,0.0,0.0,0.0,64.864444,16.885556,12.883333,196.0,0.048688,0.111111,0.048688,0.111111,0.0,0.0,0.0,0.0,0.0,0.0,0.942079,0.745345,0.196734,15.0,2.772589,0.555556,2.0,0.745345,1.685148
276,1,74,88,14,14,82.379062,84.378411,1.999349,0,-0.002309,0.389,1,276,large_dark,196,1.0,1.0,0.0,10.46,13.36,69.61,0.727,0.0,9.08,0.0,0.0,0.0,0,0,0.0,0.0,0.0,107.259,3.34,0.0,0.0,unrouted,0.0,0.0,0.0,0.0,0.0,9.0,9.0,1.0,0.0,9.934778,0.470446,115.670556,1.0,0.0,0.0,0.0,0.0,0.0,0.0,1.0,0.0,0.761,0.809,4.076667,5.34,0.0,0.0,0.0,0.0,0.0,65.693333,13.85,12.395556,196.0,0.071884,0.111111,0.071884,0.111111,0.0,0.0,0.0,0.0,0.0,0.0,0.784944,0.722605,0.062339,14.444444,2.737249,0.444444,2.0,0.722605,1.685148
277,1,73,90,14,14,81.386178,83.500045,2.113867,0,-0.351501,0.95285,1,277,large_dark,196,1.0,1.0,21.93,11.74,2.27,72.22,0.705,0.0,8.928,0.0,0.0,0.0,0,0,0.0,0.0,0.0,103.567,3.473,0.0,0.0,unrouted,0.0,0.0,0.0,0.0,0.0,9.0,9.0,1.0,0.0,9.792889,0.552898,113.841333,1.0,0.0,0.0,0.0,0.0,0.0,0.0,1.0,0.0,0.749444,0.785,4.108667,5.34,0.0,0.0,0.0,0.0,0.0,66.812222,16.286667,12.05,196.0,0.148226,0.222222,0.148226,0.222222,0.0,0.0,0.0,0.0,0.0,0.0,1.099214,0.877314,0.2219,14.777778,2.758602,0.692896,2.236068,0.877314,1.894916
278,1,73,90,14,14,79.522758,81.698936,2.176178,0,-0.228476,0.619353,1,278,large_dark,196,1.0,1.0,0.0,11.74,2.27,72.22,0.705,0.0,8.735,0.0,0.0,0.0,0,0,0.0,0.0,0.0,103.567,3.473,0.0,0.0,unrouted,0.0,0.0,0.0,0.0,0.0,9.0,9.0,1.0,0.0,9.584667,0.559181,111.759,1.0,0.0,0.0,0.0,0.0,0.0,0.0,1.0,0.0,0.740556,0.777,4.025111,5.34,0.0,0.0,0.0,0.0,0.0,67.933333,13.487778,11.792222,196.0,0.148226,0.222222,0.148226,0.222222,0.0,0.0,0.0,0.0,0.0,0.0,0.988102,0.953866,0.034237,13.888889,2.700615,0.692896,2.236068,0.953866,1.894916
279,1,73,90,14,14,78.104663,80.337806,2.233143,0,-0.148509,0.402579,1,279,large_dark,196,1.0,1.0,20.2,12.88,2.25,72.0,0.702,0.0,8.57,0.0,0.0,0.0,0,0,0.0,0.0,0.0,99.004,3.46,0.0,0.0,unrouted,0.0,0.0,0.0,0.0,0.0,9.0,9.0,1.0,0.0,9.383556,0.562448,109.491,1.0,0.0,0.0,0.0,0.0,0.0,0.0,1.0,0.0,0.732222,0.777,3.930889,5.34,0.0,0.0,0.0,0.0,0.0,68.831111,12.807778,11.746667,196.0,0.181109,0.222222,0.181109,0.222222,0.0,0.0,0.0,0.0,0.0,0.0,0.942079,0.938952,0.003126,14.111111,2.71543,0.581785,2.236068,0.938952,1.894916
280,1,73,92,14,14,76.673297,79.102323,2.429027,0,-0.096531,0.961676,1,280,large_dark,196,1.0,1.0,17.75,14.56,7.54,74.35,0.686,0.0,8.002,0.0,0.0,0.0,0,0,0.0,0.0,0.0,91.254,3.508,0.0,0.0,unrouted,0.0,0.0,0.0,0.0,0.0,9.0,9.0,1.0,0.0,9.145222,0.637857,106.361889,1.0,0.0,0.0,0.0,0.0,0.0,0.0,1.0,0.0,0.722111,0.751,3.842111,5.34,0.0,0.0,0.0,0.0,0.0,69.992222,14.78,11.887778,196.0,0.292976,0.333333,0.292976,0.333333,0.0,0.0,0.0,0.0,0.0,0.0,1.190531,1.063261,0.12727,14.333333,2.730029,0.804008,2.236068,1.063261,1.894916
281,1,73,92,14,14,73.923414,76.361918,2.438504,0,-0.062745,0.62509,1,281,large_dark,196,1.0,1.0,0.0,14.56,7.54,74.36,0.686,0.0,7.845,0.0,0.0,0.0,0,0,0.0,0.0,0.0,91.254,3.507,0.0,0.0,unrouted,0.0,0.0,0.0,0.0,0.0,9.0,9.0,1.0,0.0,8.895444,0.657651,103.570444,1.0,0.0,0.0,0.0,0.0,0.0,0.0,1.0,0.0,0.714889,0.751,3.638444,5.338,0.0,0.0,0.0,0.0,0.0,70.885556,11.914444,12.158889,196.0,0.179797,0.222222,0.179797,0.222222,0.0,0.0,0.0,0.0,0.0,0.0,0.942079,0.983412,-0.041333,13.555556,2.677973,0.581785,2.236068,0.983412,1.894916
282,1,73,92,14,14,71.226686,73.794401,2.567715,0,-0.040784,0.406308,1,282,large_dark,196,1.0,1.0,14.36,13.7,7.34,73.66,0.678,0.0,6.946,0.0,0.0,0.0,0,0,0.0,0.0,0.0,78.629,3.65,0.0,0.0,unrouted,0.0,0.0,0.0,0.0,0.0,9.0,9.0,1.0,0.0,8.571111,0.803196,99.376222,1.0,0.0,0.0,0.0,0.0,0.0,0.0,1.0,0.0,0.706778,0.745,3.450889,3.65,0.0,0.0,0.0,0.0,0.0,71.7,13.51,12.334444,196.0,0.179797,0.222222,0.179797,0.222222,0.0,0.0,0.0,0.0,0.0,0.0,1.05319,0.952679,0.10051,14.222222,2.722756,0.581785,2.236068,0.952679,1.894916
283,1,73,92,14,14,68.486091,71.035734,2.549643,0,-0.02651,0.2641,1,283,large_dark,196,1.0,1.0,0.04,13.68,7.3,73.68,0.678,0.0,6.821,0.0,0.0,0.0,0,0,0.0,0.0,0.0,78.664,3.65,0.0,0.0,unrouted,0.0,0.0,0.0,0.0,0.0,9.0,9.0,1.0,0.0,8.245333,0.850945,95.606333,1.0,0.0,0.0,0.0,0.0,0.0,0.0,1.0,0.0,0.699333,0.727,3.489,3.65,0.0,0.0,0.0,0.0,0.0,72.412222,10.768889,12.642222,196.0,0.179797,0.222222,0.179797,0.222222,0.0,0.0,0.0,0.0,0.0,0.0,0.942079,0.932703,0.009375,13.777778,2.693125,0.581785,2.236068,0.932703,1.894916
284,1,73,94,14,14,66.17831,68.81881,2.6405,0,-0.017231,0.871665,1,284,large_dark,196,1.0,1.0,13.06,13.63,17.72,74.83,0.651,0.0,6.272,0.0,0.0,0.0,0,0,0.0,0.0,0.0,69.375,3.69,0.0,0.0,unrouted,0.0,0.0,0.0,0.0,0.0,9.0,9.0,1.0,0.0,7.911,0.962196,91.397,1.0,0.0,0.0,0.0,0.0,0.0,0.0,1.0,0.0,0.690889,0.727,3.527889,3.69,0.0,0.0,0.0,0.0,0.0,72.992222,9.704444,12.994444,196.0,0.289494,0.333333,0.289494,0.333333,0.0,0.0,0.0,0.0,0.0,0.0,1.033396,1.056962,-0.023566,13.888889,2.700615,0.692896,2.236068,1.056962,1.894916
285,1,73,95,14,14,63.500984,66.211636,2.710652,0,-0.0112,0.916582,1,285,large_dark,196,1.0,1.0,12.52,14.23,25.94,76.26,0.633,0.0,5.591,0.0,0.0,0.0,0,0,0.0,0.0,0.0,59.993,3.877,0.0,0.0,unrouted,0.0,0.0,0.0,0.0,0.0,9.0,9.0,1.0,0.0,7.523333,1.105323,86.145222,1.0,0.0,0.0,0.0,0.0,0.0,0.0,1.0,0.0,0.680444,0.705,3.587556,3.877,0.0,0.0,0.0,0.0,0.0,73.731111,11.095556,13.413333,196.0,0.36319,0.444444,0.36319,0.444444,0.0,0.0,0.0,0.0,0.0,0.0,1.190531,1.004852,0.185678,14.444444,2.737249,0.804008,2.236068,1.004852,1.894916
286,1,73,95,14,14,59.996377,62.560134,2.563756,0,-0.00728,0.595779,1,286,large_dark,196,1.0,1.0,0.0,14.23,25.93,76.25,0.633,0.0,5.48,0.0,0.0,0.0,0,0,0.0,0.0,0.0,59.993,3.877,0.0,0.0,unrouted,0.0,0.0,0.0,0.0,0.0,9.0,9.0,1.0,0.0,7.140222,1.148759,81.303667,1.0,0.0,0.0,0.0,0.0,0.0,0.0,1.0,0.0,0.672444,0.705,3.632444,3.877,0.0,0.0,0.0,0.0,0.0,74.178889,8.658889,13.69,196.0,0.286848,0.333333,0.286848,0.333333,0.0,0.0,0.0,0.0,0.0,0.0,0.876261,0.896156,-0.019895,13.777778,2.693125,0.555556,2.0,0.896156,1.736102
287,1,72,97,14,14,57.089927,59.760696,2.67077,0,-0.354732,1.087256,1,287,large_dark,196,1.0,1.0,10.54,15.15,33.79,77.22,0.594,0.0,5.313,0.0,0.0,0.0,0,0,0.0,0.0,0.0,56.376,3.853,0.0,0.0,unrouted,0.0,0.0,0.0,0.0,0.0,9.0,9.0,1.0,0.0,6.76,1.124036,76.060222,1.0,0.0,0.0,0.0,0.0,0.0,0.0,1.0,0.0,0.660111,0.702,3.674667,3.877,0.0,0.0,0.0,0.0,0.0,74.734444,9.83,14.068889,196.0,0.356948,0.444444,0.356948,0.444444,0.0,0.0,0.0,0.0,0.0,0.0,1.190531,0.974386,0.216144,14.888889,2.76562,0.804008,2.236068,0.974386,1.736102
288,1,72,97,14,14,53.840051,56.493237,2.653186,0,-0.230576,0.706716,1,288,large_dark,196,1.0,1.0,0.0,15.15,33.79,77.22,0.594,0.0,5.22,0.0,0.0,0.0,0,0,0.0,0.0,0.0,56.376,3.853,0.0,0.0,unrouted,0.0,0.0,0.0,0.0,0.0,9.0,9.0,1.0,0.0,6.387778,1.012131,71.323778,1.0,0.0,0.0,0.0,0.0,0.0,0.0,1.0,0.0,0.648111,0.686,3.718333,3.877,0.0,0.0,0.0,0.0,0.0,75.314444,7.585556,14.321111,196.0,0.356948,0.444444,0.356948,0.444444,0.0,0.0,0.0,0.0,0.0,0.0,1.07942,1.02811,0.05131,14.0,2.70805,0.804008,2.236068,1.02811,1.736102
289,1,72,100,14,14,50.720397,53.378869,2.658472,0,-0.149874,1.509366,1,289,large_dark,196,1.0,1.0,11.37,14.16,35.55,79.01,0.561,0.0,5.282,0.0,0.0,0.0,0,0,0.0,0.0,0.0,56.057,3.771,0.0,0.0,unrouted,0.0,0.0,0.0,0.0,0.0,9.0,9.0,1.0,0.0,6.085556,0.88284,67.413,1.0,0.0,0.0,0.0,0.0,0.0,0.0,1.0,0.0,0.634222,0.686,3.747556,3.877,0.0,0.0,0.0,0.0,0.0,75.832222,6.876667,14.276667,196.0,0.324068,0.444444,0.324068,0.444444,0.0,0.0,0.0,0.0,0.0,0.0,1.182332,1.105947,0.076385,14.444444,2.737249,0.915119,3.0,1.105947,2.304846
290,1,72,100,14,14,48.444178,51.087505,2.643327,0,-0.097418,0.981088,1,290,large_dark,196,1.0,1.0,11.96,13.92,34.93,79.45,0.55,0.0,5.572,0.0,0.0,0.0,0,0,0.0,0.0,0.0,59.635,3.905,0.0,0.0,unrouted,0.0,0.0,0.0,0.0,0.0,9.0,9.0,1.0,0.0,5.833,0.633219,63.899778,1.0,0.0,0.0,0.0,0.0,0.0,0.0,1.0,0.0,0.619111,0.678,3.791778,3.905,0.0,0.0,0.0,0.0,0.0,76.397778,8.205556,14.205556,196.0,0.324068,0.444444,0.324068,0.444444,0.0,0.0,0.0,0.0,0.0,0.0,1.293443,1.167089,0.126354,15.444444,2.799988,0.915119,3.0,1.167089,2.304846
291,1,72,100,14,14,47.01357,49.651281,2.637711,0,-0.063322,0.637707,1,291,large_dark,196,1.0,1.0,0.0,13.92,34.93,79.45,0.55,0.0,5.466,0.0,0.0,0.0,0,0,0.0,0.0,0.0,59.635,3.905,0.0,0.0,unrouted,0.0,0.0,0.0,0.0,0.0,9.0,9.0,1.0,0.0,5.668556,0.501247,61.789333,1.0,0.0,0.0,0.0,0.0,0.0,0.0,1.0,0.0,0.604889,0.678,3.820111,3.905,0.0,0.0,0.0,0.0,0.0,77.041111,6.61,14.23,196.0,0.324068,0.444444,0.324068,0.444444,0.0,0.0,0.0,0.0,0.0,0.0,1.182332,1.206832,-0.0245,15.444444,2.799988,0.915119,3.0,1.206832,2.304846
292,1,72,102,14,14,46.303025,49.059107,2.756082,0,-0.041159,1.11451,1,292,large_dark,196,1.0,1.0,11.65,11.78,30.8,80.91,0.527,0.0,5.373,0.0,0.0,0.0,0,0,0.0,0.0,0.0,57.644,3.989,0.0,0.0,unrouted,0.0,0.0,0.0,0.0,0.0,9.0,9.0,1.0,0.0,5.507667,0.295804,59.453778,1.0,0.0,0.0,0.0,0.0,0.0,0.0,1.0,0.0,0.588111,0.651,3.857778,3.989,0.0,0.0,0.0,0.0,0.0,77.844444,7.9,14.018889,196.0,0.430644,0.555556,0.430644,0.555556,0.0,0.0,0.0,0.0,0.0,0.0,1.430784,1.312989,0.117795,16.444444,2.859021,1.137341,3.0,1.312989,2.304846
293,1,72,102,14,14,44.831999,47.452454,2.620456,0,-0.026754,0.724431,1,293,large_dark,196,1.0,1.0,0.0,11.78,30.8,80.91,0.527,0.0,5.27,0.0,0.0,0.0,0,0,0.0,0.0,0.0,57.644,3.989,0.0,0.0,unrouted,0.0,0.0,0.0,0.0,0.0,9.0,9.0,1.0,0.0,5.396333,0.128332,58.150333,1.0,0.0,0.0,0.0,0.0,0.0,0.0,1.0,0.0,0.574333,0.633,3.891,3.989,0.0,0.0,0.0,0.0,0.0,78.52,6.448889,13.813333,196.0,0.329359,0.444444,0.329359,0.444444,0.0,0.0,0.0,0.0,0.0,0.0,1.182332,1.244007,-0.061676,16.333333,2.852631,0.915119,3.0,1.244007,2.304846
294,1,72,104,14,14,44.233173,46.875723,2.642549,0,-0.01739,1.17088,1,294,large_dark,196,1.0,1.0,9.51,10.01,25.81,82.26,0.531,0.0,5.178,0.0,0.0,0.0,0,0,0.0,0.0,0.0,55.926,3.967,0.0,0.0,unrouted,0.0,0.0,0.0,0.0,0.0,9.0,9.0,1.0,0.0,5.350444,0.124295,57.698444,1.0,0.0,0.0,0.0,0.0,0.0,0.0,1.0,0.0,0.563,0.633,3.901,3.989,0.0,0.0,0.0,0.0,0.0,79.186667,6.114444,13.344444,196.0,0.322935,0.444444,0.322935,0.444444,0.0,0.0,0.0,0.0,0.0,0.0,1.273649,1.371381,-0.097732,16.555556,2.86537,1.02623,3.0,1.371381,2.304846
295,1,72,104,14,14,43.986887,46.634765,2.647877,0,-0.011303,0.761072,1,295,large_dark,196,1.0,1.0,8.88,9.31,26.0,81.82,0.514,0.0,5.244,0.0,0.0,0.0,0,0,0.0,0.0,0.0,56.93,3.968,0.0,0.0,unrouted,0.0,0.0,0.0,0.0,0.0,9.0,9.0,1.0,0.0,5.324222,0.118978,57.358111,1.0,0.0,0.0,0.0,0.0,0.0,0.0,1.0,0.0,0.549778,0.594,3.911111,3.989,0.0,0.0,0.0,0.0,0.0,79.805556,7.101111,12.797778,196.0,0.322935,0.444444,0.322935,0.444444,0.0,0.0,0.0,0.0,0.0,0.0,1.273649,1.399643,-0.125994,17.888889,2.938574,1.02623,3.0,1.399643,2.304846
296,1,72,105,14,14,43.64343,46.189217,2.545786,0,-0.007347,0.844697,1,296,large_dark,196,1.0,1.0,0.03,9.68,26.11,82.57,0.518,0.0,5.119,0.0,0.0,0.0,0,0,0.0,0.0,0.0,56.251,3.942,0.0,0.0,unrouted,0.0,0.0,0.0,0.0,0.0,9.0,9.0,1.0,0.0,5.302667,0.135487,57.344222,1.0,0.0,0.0,0.0,0.0,0.0,0.0,1.0,0.0,0.541333,0.594,3.921,3.989,0.0,0.0,0.0,0.0,0.0,80.4,5.933333,12.19,196.0,0.253212,0.333333,0.253212,0.333333,0.0,0.0,0.0,0.0,0.0,0.0,1.07049,1.235144,-0.164653,17.333333,2.908721,0.888889,3.0,1.235144,2.304846
297,1,72,106,14,14,44.129018,46.69705,2.568032,0,-0.004776,0.899053,1,297,large_dark,196,1.0,1.0,10.27,10.08,26.51,83.76,0.506,0.0,5.485,0.0,0.0,0.0,0,0,0.0,0.0,0.0,59.54,3.966,0.0,0.0,unrouted,0.0,0.0,0.0,0.0,0.0,9.0,9.0,1.0,0.0,5.332111,0.142914,57.695778,1.0,0.0,0.0,0.0,0.0,0.0,0.0,1.0,0.0,0.531556,0.561,3.933556,3.989,0.0,0.0,0.0,0.0,0.0,81.126667,7.074444,11.626667,196.0,0.259637,0.333333,0.259637,0.333333,0.0,0.0,0.0,0.0,0.0,0.0,1.181602,1.125346,0.056256,18.333333,2.961831,1.0,3.0,1.125346,2.304846
298,1,72,106,14,14,44.190209,46.608799,2.41859,0,-0.003104,0.584384,1,298,large_dark,196,1.0,1.0,0.0,10.08,26.51,83.76,0.506,0.0,5.394,0.0,0.0,0.0,0,0,0.0,0.0,0.0,59.54,3.966,0.0,0.0,unrouted,0.0,0.0,0.0,0.0,0.0,9.0,9.0,1.0,0.0,5.344556,0.142885,58.082778,1.0,0.0,0.0,0.0,0.0,0.0,0.0,1.0,0.0,0.525444,0.55,3.955222,3.989,0.0,0.0,0.0,0.0,0.0,81.654444,5.811111,11.173333,196.0,0.18065,0.222222,0.18065,0.222222,0.0,0.0,0.0,0.0,0.0,0.0,0.830237,0.969148,-0.13891,18.0,2.944439,0.666667,2.0,0.969148,1.516788
299,1,72,108,14,14,44.528864,47.06196,2.533096,0,-0.002018,1.07985,1,299,large_dark,196,1.0,1.0,9.34,10.51,24.9,85.46,0.505,0.0,5.408,0.0,0.0,0.0,0,0,0.0,0.0,0.0,58.722,3.982,0.0,0.0,unrouted,0.0,0.0,0.0,0.0,0.0,9.0,9.0,1.0,0.0,5.326333,0.121587,57.981333,1.0,0.0,0.0,0.0,0.0,0.0,0.0,1.0,0.0,0.520444,0.55,3.963778,3.989,0.0,0.0,0.0,0.0,0.0,82.322222,5.52,10.794444,196.0,0.238473,0.333333,0.238473,0.333333,0.0,0.0,0.0,0.0,0.0,0.0,0.941348,0.957907,-0.016558,18.0,2.944439,0.888889,2.0,0.957907,1.415619
300,1,72,109,14,14,44.608751,47.171165,2.562414,0,-0.001312,1.051902,1,300,large_dark,196,1.0,1.0,8.78,10.8,23.71,85.88,0.512,0.0,5.301,0.0,0.0,0.0,0,0,0.0,0.0,0.0,57.501,3.877,0.0,0.0,unrouted,0.0,0.0,0.0,0.0,0.0,9.0,9.0,1.0,0.0,5.308,0.111136,57.744222,1.0,0.0,0.0,0.0,0.0,0.0,0.0,1.0,0.0,0.516222,0.531,3.960667,3.989,0.0,0.0,0.0,0.0,0.0,83.036667,6.495556,10.447778,196.0,0.252457,0.333333,0.252457,0.333333,0.0,0.0,0.0,0.0,0.0,0.0,0.941348,0.857236,0.084112,18.111111,2.95027,1.0,2.0,0.857236,1.415619
301,1,72,109,14,14,43.746984,46.191232,2.444248,0,-0.000852,0.683737,1,301,large_dark,196,1.0,1.0,0.0,10.8,23.71,85.88,0.512,0.0,5.224,0.0,0.0,0.0,0,0,0.0,0.0,0.0,57.501,3.877,0.0,0.0,unrouted,0.0,0.0,0.0,0.0,0.0,9.0,9.0,1.0,0.0,5.291444,0.111317,57.728333,1.0,0.0,0.0,0.0,0.0,0.0,0.0,1.0,0.0,0.514556,0.531,3.948222,3.989,0.0,0.0,0.0,0.0,0.0,83.588889,5.201111,10.338889,196.0,0.145881,0.222222,0.145881,0.222222,0.0,0.0,0.0,0.0,0.0,0.0,0.692896,0.822585,-0.129688,17.111111,2.896526,0.777778,2.0,0.822585,1.415619
302,1,72,110,14,14,43.961568,46.430554,2.468986,0,-0.000554,0.794429,1,302,large_dark,196,1.0,1.0,7.32,10.76,22.01,87.21,0.509,0.0,5.427,0.0,0.0,0.0,0,0,0.0,0.0,0.0,59.387,3.913,0.0,0.0,unrouted,0.0,0.0,0.0,0.0,0.0,9.0,9.0,1.0,0.0,5.308889,0.11865,57.922,1.0,0.0,0.0,0.0,0.0,0.0,0.0,1.0,0.0,0.512556,0.531,3.939778,3.982,0.0,0.0,0.0,0.0,0.0,84.288889,6.014444,10.225556,196.0,0.135676,0.222222,0.135676,0.222222,0.0,0.0,0.0,0.0,0.0,0.0,0.692896,0.733806,-0.04091,17.555556,2.920769,0.888889,2.0,0.733806,1.415619
303,1,72,110,14,14,43.749386,46.106543,2.357157,0,-0.00036,0.516379,1,303,large_dark,196,1.0,1.0,0.0,10.76,22.01,87.21,0.509,0.0,5.362,0.0,0.0,0.0,0,0,0.0,0.0,0.0,59.387,3.913,0.0,0.0,unrouted,0.0,0.0,0.0,0.0,0.0,9.0,9.0,1.0,0.0,5.329333,0.109863,58.306556,1.0,0.0,0.0,0.0,0.0,0.0,0.0,1.0,0.0,0.510111,0.518,3.933778,3.982,0.0,0.0,0.0,0.0,0.0,84.838889,4.957778,10.308889,196.0,0.068405,0.111111,0.068405,0.111111,0.0,0.0,0.0,0.0,0.0,0.0,0.444444,0.680315,-0.235871,16.888889,2.88418,0.666667,2.0,0.680315,1.415619
304,1,72,112,14,14,44.201792,46.671948,2.470156,0,-0.000234,1.035646,1,304,large_dark,196,1.0,1.0,6.29,10.07,18.29,88.9,0.523,0.0,5.466,0.0,0.0,0.0,0,0,0.0,0.0,0.0,60.523,3.86,0.0,0.0,unrouted,0.0,0.0,0.0,0.0,0.0,9.0,9.0,1.0,0.0,5.354,0.112816,58.705778,1.0,0.0,0.0,0.0,0.0,0.0,0.0,1.0,0.0,0.511111,0.523,3.921778,3.982,0.0,0.0,0.0,0.0,0.0,85.625556,4.67,10.393333,196.0,0.113379,0.222222,0.113379,0.222222,0.0,0.0,0.0,0.0,0.0,0.0,0.555556,0.71505,-0.159494,16.444444,2.859021,0.888889,2.0,0.71505,1.483621
305,1,72,113,14,14,45.025739,47.566331,2.540593,0,-0.000152,1.02317,1,305,large_dark,196,1.0,1.0,5.98,9.87,15.57,90.03,0.54,0.0,5.707,0.0,0.0,0.0,0,0,0.0,0.0,0.0,63.903,3.788,0.0,0.0,unrouted,0.0,0.0,0.0,0.0,0.0,9.0,9.0,1.0,0.0,5.419333,0.127155,59.556,1.0,0.0,0.0,0.0,0.0,0.0,0.0,1.0,0.0,0.513556,0.54,3.904667,3.982,0.0,0.0,0.0,0.0,0.0,86.454444,5.331111,10.414444,196.0,0.148148,0.333333,0.148148,0.333333,0.0,0.0,0.0,0.0,0.0,0.0,0.444444,0.692434,-0.247989,17.0,2.890372,0.888889,2.0,0.692434,1.483621
306,1,72,113,14,14,45.0029,47.524375,2.521475,0,-9.9e-05,0.665061,1,306,large_dark,196,1.0,1.0,0.0,9.87,15.57,90.03,0.54,0.0,5.654,0.0,0.0,0.0,0,0,0.0,0.0,0.0,63.903,3.788,0.0,0.0,unrouted,0.0,0.0,0.0,0.0,0.0,9.0,9.0,1.0,0.0,5.438111,0.146477,60.040778,1.0,0.0,0.0,0.0,0.0,0.0,0.0,1.0,0.0,0.517333,0.54,3.884889,3.982,0.0,0.0,0.0,0.0,0.0,87.151111,4.19,10.391111,196.0,0.141723,0.333333,0.141723,0.333333,0.0,0.0,0.0,0.0,0.0,0.0,0.333333,0.788844,-0.455511,16.444444,2.859021,0.777778,2.0,0.788844,1.483621
307,1,72,114,14,14,45.743495,48.358302,2.614807,0,-6.4e-05,0.782289,1,307,large_dark,196,1.0,1.0,5.43,10.01,13.72,90.73,0.537,0.0,5.777,0.0,0.0,0.0,0,0,0.0,0.0,0.0,64.967,3.784,0.0,0.0,unrouted,0.0,0.0,0.0,0.0,0.0,9.0,9.0,1.0,0.0,5.480667,0.179413,60.643778,1.0,0.0,0.0,0.0,0.0,0.0,0.0,1.0,0.0,0.520778,0.54,3.864667,3.982,0.0,0.0,0.0,0.0,0.0,87.925556,4.793333,10.383333,196.0,0.181406,0.444444,0.181406,0.444444,0.0,0.0,0.0,0.0,0.0,0.0,0.333333,0.726163,-0.39283,16.888889,2.88418,0.888889,2.0,0.726163,1.483621
308,1,72,114,14,14,45.762121,48.266605,2.504485,0,-4.2e-05,0.508488,1,308,large_dark,196,1.0,1.0,0.0,10.01,13.72,90.73,0.537,0.0,5.729,0.0,0.0,0.0,0,0,0.0,0.0,0.0,64.967,3.784,0.0,0.0,unrouted,0.0,0.0,0.0,0.0,0.0,9.0,9.0,1.0,0.0,5.516333,0.192827,61.337667,1.0,0.0,0.0,0.0,0.0,0.0,0.0,1.0,0.0,0.524333,0.54,3.842667,3.913,0.0,0.0,0.0,0.0,0.0,88.511111,3.755556,10.327778,196.0,0.123583,0.333333,0.123583,0.333333,0.0,0.0,0.0,0.0,0.0,0.0,0.111111,0.655793,-0.544682,16.222222,2.846201,0.666667,2.0,0.655793,1.483621
309,1,72,114,14,14,46.193036,48.686397,2.493361,0,-2.7e-05,0.330517,1,309,large_dark,196,1.0,1.0,4.27,10.24,13.07,89.47,0.547,0.0,5.912,0.0,0.0,0.0,0,0,0.0,0.0,0.0,66.806,3.602,0.0,0.0,unrouted,0.0,0.0,0.0,0.0,0.0,9.0,9.0,1.0,0.0,5.584222,0.211698,62.371556,1.0,0.0,0.0,0.0,0.0,0.0,0.0,1.0,0.0,0.528222,0.547,3.812111,3.913,0.0,0.0,0.0,0.0,0.0,88.91,3.254444,10.265556,196.0,0.109599,0.333333,0.109599,0.333333,0.0,0.0,0.0,0.0,0.0,0.0,0.222222,0.703417,-0.481195,16.0,2.833213,0.555556,2.0,0.703417,1.483621
310,1,72,116,14,14,46.72499,49.283679,2.55869,0,-1.8e-05,0.914836,1,310,large_dark,196,1.0,1.0,4.86,10.07,9.28,90.77,0.547,0.0,5.936,0.0,0.0,0.0,0,0,0.0,0.0,0.0,67.415,3.434,0.0,0.0,unrouted,0.0,0.0,0.0,0.0,0.0,9.0,9.0,1.0,0.0,5.663333,0.194652,63.473111,1.0,0.0,0.0,0.0,0.0,0.0,0.0,1.0,0.0,0.532111,0.547,3.762889,3.913,0.0,0.0,0.0,0.0,0.0,89.453333,3.794444,10.184444,196.0,0.11867,0.333333,0.11867,0.333333,0.0,0.0,0.0,0.0,0.0,0.0,0.333333,0.772037,-0.438703,16.444444,2.859021,0.777778,2.0,0.772037,1.669483
311,1,72,116,14,14,47.143664,49.711733,2.568068,0,-1.1e-05,0.594644,1,311,large_dark,196,1.0,1.0,0.0,10.07,9.28,90.78,0.547,0.0,5.893,0.0,0.0,0.0,0,0,0.0,0.0,0.0,67.415,3.434,0.0,0.0,unrouted,0.0,0.0,0.0,0.0,0.0,9.0,9.0,1.0,0.0,5.715111,0.186717,64.365111,1.0,0.0,0.0,0.0,0.0,0.0,0.0,1.0,0.0,0.536333,0.547,3.709667,3.913,0.0,0.0,0.0,0.0,0.0,89.85,2.981111,10.107778,196.0,0.128874,0.333333,0.128874,0.333333,0.0,0.0,0.0,0.0,0.0,0.0,0.333333,0.838545,-0.505211,15.777778,2.820055,0.666667,2.0,0.838545,1.669483
312,1,72,117,14,14,47.491767,50.101863,2.610096,0,-7e-06,0.736518,1,312,large_dark,196,1.0,1.0,4.68,9.65,7.06,91.21,0.552,0.0,5.695,0.0,0.0,0.0,0,0,0.0,0.0,0.0,64.738,3.483,0.0,0.0,unrouted,0.0,0.0,0.0,0.0,0.0,9.0,9.0,1.0,0.0,5.752111,0.140303,64.959667,1.0,0.0,0.0,0.0,0.0,0.0,0.0,1.0,0.0,0.541111,0.552,3.661889,3.86,0.0,0.0,0.0,0.0,0.0,90.294444,3.501111,9.984444,196.0,0.12774,0.333333,0.12774,0.333333,0.0,0.0,0.0,0.0,0.0,0.0,0.333333,0.795315,-0.461981,16.111111,2.839728,0.777778,2.0,0.795315,1.669483
313,1,72,117,14,14,47.514407,50.03391,2.519503,0,-5e-06,0.478737,1,313,large_dark,196,1.0,1.0,0.0,9.65,7.06,91.21,0.552,0.0,5.654,0.0,0.0,0.0,0,0,0.0,0.0,0.0,64.738,3.483,0.0,0.0,unrouted,0.0,0.0,0.0,0.0,0.0,9.0,9.0,1.0,0.0,5.773,0.105937,65.428,1.0,0.0,0.0,0.0,0.0,0.0,0.0,1.0,0.0,0.544333,0.552,3.62,3.788,0.0,0.0,0.0,0.0,0.0,90.551111,2.802222,9.937778,196.0,0.082766,0.222222,0.082766,0.222222,0.0,0.0,0.0,0.0,0.0,0.0,0.222222,0.712303,-0.490081,15.555556,2.806722,0.555556,2.0,0.712303,1.669483
314,1,71,116,14,14,46.960614,49.450744,2.49013,0,-0.350003,-0.038821,1,314,large_dark,196,1.0,1.0,5.6,10.14,7.28,90.56,0.547,0.0,5.681,0.0,0.0,0.0,0,0,0.0,0.0,0.0,64.311,3.38,0.0,0.0,unrouted,0.0,0.0,0.0,0.0,0.0,9.0,9.0,1.0,0.0,5.770111,0.108031,65.473333,1.0,0.0,0.0,0.0,0.0,0.0,0.0,1.0,0.0,0.545111,0.552,3.574667,3.788,0.0,0.0,0.0,0.0,0.0,90.61,2.76,9.967778,196.0,0.06387,0.111111,0.06387,0.111111,0.0,0.0,0.0,0.0,0.0,0.0,0.470674,0.906689,-0.436015,15.333333,2.793208,0.601579,2.0,0.906689,1.78512
315,1,71,118,14,14,46.198596,48.742339,2.543743,0,-0.227502,0.674766,1,315,large_dark,196,1.0,1.0,5.77,9.34,2.21,90.77,0.563,0.0,5.558,0.0,0.0,0.0,0,0,0.0,0.0,0.0,63.44,3.432,0.0,0.0,unrouted,0.0,0.0,0.0,0.0,0.0,9.0,9.0,1.0,0.0,5.759444,0.122711,65.421889,1.0,0.0,0.0,0.0,0.0,0.0,0.0,1.0,0.0,0.547667,0.563,3.535111,3.784,0.0,0.0,0.0,0.0,0.0,90.692222,3.401111,9.908889,196.0,0.027967,0.111111,0.027967,0.111111,0.0,0.0,0.0,0.0,0.0,0.0,0.581785,1.022853,-0.441068,15.0,2.772589,0.823802,2.0,1.022853,2.068645
316,1,71,118,14,14,45.581658,48.057219,2.475561,0,-0.147876,0.438598,1,316,large_dark,196,1.0,1.0,0.0,9.34,2.21,90.77,0.563,0.0,5.507,0.0,0.0,0.0,0,0,0.0,0.0,0.0,63.44,3.431,0.0,0.0,unrouted,0.0,0.0,0.0,0.0,0.0,9.0,9.0,1.0,0.0,5.729444,0.145618,65.252222,1.0,0.0,0.0,0.0,0.0,0.0,0.0,1.0,0.0,0.550556,0.563,3.495889,3.784,0.0,0.0,0.0,0.0,0.0,90.696667,2.797778,9.834444,196.0,-0.011716,0.0,-0.011716,0.0,0.0,0.0,0.0,0.0,0.0,0.0,0.581785,1.064758,-0.482973,13.777778,2.693125,0.71269,2.0,1.064758,2.068645
317,1,70,118,14,14,45.428278,47.951187,2.522909,0,-0.44612,0.285089,1,317,large_dark,196,1.0,1.0,6.33,9.04,1.3,91.46,0.554,0.0,5.747,0.0,0.0,0.0,0,0,0.0,0.0,0.0,65.873,3.313,0.0,0.0,unrouted,0.0,0.0,0.0,0.0,0.0,9.0,9.0,1.0,0.0,5.731444,0.145722,65.352889,1.0,0.0,0.0,0.0,0.0,0.0,0.0,1.0,0.0,0.552444,0.563,3.443556,3.602,0.0,0.0,0.0,0.0,0.0,90.777778,3.501111,9.726667,196.0,-0.028345,0.0,-0.028345,0.0,0.0,0.0,0.0,0.0,0.0,0.0,0.73892,1.084323,-0.345403,14.0,2.70805,0.823802,2.0,1.084323,2.068645
318,3588,120,127,14,14,45.560199,48.295929,2.73573,0,0.062553,0.436823,1,318,large_dark,196,1.0,1.0,0.0,5.14,23.11,94.39,0.701,0.0,5.539,0.0,0.0,0.0,0,0,0.0,0.0,0.0,63.325,2.561,0.0,0.0,unrouted,0.0,0.0,0.0,0.0,0.0,9.0,9.0,1.0,0.0,5.672778,0.088523,64.751222,1.0,0.0,0.0,0.0,0.0,0.0,0.0,1.0,0.0,0.692556,0.71,2.886111,3.993,0.0,0.0,0.0,0.0,0.0,92.744444,3.127778,6.285556,196.0,0.017763,0.0,0.017763,0.0,0.0,0.0,0.0,0.0,0.0,0.0,0.277778,0.852191,-0.574414,13.333333,2.662588,0.73892,2.236068,0.852191,1.380049
319,3588,120,128,14,14,45.016562,47.820345,2.803783,0,0.040659,0.633935,1,319,large_dark,196,1.0,1.0,4.31,4.33,25.5,94.46,0.703,0.0,5.195,0.0,0.0,0.0,0,0,0.0,0.0,0.0,58.535,2.517,0.0,0.0,unrouted,0.0,0.0,0.0,0.0,0.0,9.0,9.0,1.0,0.0,5.613222,0.171103,63.991667,1.0,0.0,0.0,0.0,0.0,0.0,0.0,1.0,0.0,0.695778,0.71,2.722111,3.993,0.0,0.0,0.0,0.0,0.0,93.137778,3.016667,5.962222,196.0,-0.010204,0.0,-0.010204,0.0,0.0,0.0,0.0,0.0,0.0,0.0,0.222222,0.761813,-0.53959,13.0,2.639057,0.601579,1.414214,0.761813,1.367681
320,1,70,118,14,14,44.939597,47.448483,2.508886,0,-0.122516,0.078293,1,320,large_dark,196,1.0,1.0,7.13,8.81,1.53,90.59,0.569,0.0,5.561,0.0,0.0,0.0,0,0,0.0,0.0,0.0,63.538,3.31,0.0,0.0,unrouted,0.0,0.0,0.0,0.0,0.0,9.0,9.0,1.0,0.0,5.635889,0.074218,64.493444,1.0,0.0,0.0,0.0,0.0,0.0,0.0,1.0,0.0,0.557111,0.569,3.389778,3.483,0.0,0.0,0.0,0.0,0.0,91.028889,4.002222,9.298889,196.0,-0.037415,0.0,-0.037415,0.0,0.0,0.0,0.0,0.0,0.0,0.0,0.73892,0.862594,-0.123674,12.888889,2.631089,0.601579,2.0,0.862594,2.068645
321,1,70,118,14,14,44.772675,47.27335,2.500675,0,-0.079635,0.05089,1,321,large_dark,196,1.0,1.0,0.0,8.81,1.53,90.57,0.569,0.0,5.498,0.0,0.0,0.0,0,0,0.0,0.0,0.0,63.538,3.31,0.0,0.0,unrouted,0.0,0.0,0.0,0.0,0.0,9.0,9.0,1.0,0.0,5.614,0.08218,64.360111,1.0,0.0,0.0,0.0,0.0,0.0,0.0,1.0,0.0,0.559,0.569,3.370556,3.483,0.0,0.0,0.0,0.0,0.0,90.957778,3.482222,9.205556,196.0,-0.036281,0.0,-0.036281,0.0,0.0,0.0,0.0,0.0,0.0,0.0,0.73892,0.83371,-0.09479,12.111111,2.57346,0.490468,2.0,0.83371,2.068645
322,1,70,119,14,14,44.677909,47.214505,2.536596,0,-0.051763,0.383079,1,322,large_dark,196,1.0,1.0,7.41,8.12,0.44,89.18,0.559,0.0,5.712,0.0,0.0,0.0,0,0,0.0,0.0,0.0,65.629,3.237,0.0,0.0,unrouted,0.0,0.0,0.0,0.0,0.0,9.0,9.0,1.0,0.0,5.620444,0.087186,64.459111,1.0,0.0,0.0,0.0,0.0,0.0,0.0,1.0,0.0,0.559778,0.569,3.343222,3.432,0.0,0.0,0.0,0.0,0.0,90.732222,4.305556,9.035556,196.0,-0.049887,0.0,-0.049887,0.0,0.0,0.0,0.0,0.0,0.0,0.0,0.73892,0.857702,-0.118781,12.555556,2.606796,0.601579,2.0,0.857702,2.068645
323,1,70,119,14,14,44.881013,47.395923,2.51491,0,-0.033646,0.249001,1,323,large_dark,196,1.0,1.0,0.0,8.12,0.43,89.18,0.559,0.0,5.647,0.0,0.0,0.0,0,0,0.0,0.0,0.0,65.629,3.237,0.0,0.0,unrouted,0.0,0.0,0.0,0.0,0.0,9.0,9.0,1.0,0.0,5.616667,0.085194,64.605556,1.0,0.0,0.0,0.0,0.0,0.0,0.0,1.0,0.0,0.561111,0.569,3.327333,3.432,0.0,0.0,0.0,0.0,0.0,90.578889,3.683333,8.811111,196.0,-0.066138,0.0,-0.066138,0.0,0.0,0.0,0.0,0.0,0.0,0.0,0.490468,0.702306,-0.211838,11.777778,2.547708,0.444444,2.0,0.702306,2.068645
324,1,70,120,14,14,45.413123,47.937036,2.523913,0,-0.02187,0.511851,1,324,large_dark,196,1.0,1.0,7.55,8.06,0.77,88.48,0.563,0.0,5.408,0.0,0.0,0.0,0,0,0.0,0.0,0.0,61.808,3.169,0.0,0.0,unrouted,0.0,0.0,0.0,0.0,0.0,9.0,9.0,1.0,0.0,5.6,0.106938,64.424222,1.0,0.0,0.0,0.0,0.0,0.0,0.0,1.0,0.0,0.561111,0.569,3.298111,3.431,0.0,0.0,0.0,0.0,0.0,90.324444,3.881111,8.668889,196.0,-0.036281,0.0,-0.036281,0.0,0.0,0.0,0.0,0.0,0.0,0.0,0.379357,0.555985,-0.176628,12.0,2.564949,0.333333,1.0,0.555985,0.958375
325,1,70,119,14,14,45.401358,47.962834,2.561476,0,-0.014215,-0.017297,1,325,large_dark,196,1.0,1.0,8.06,8.96,1.44,88.39,0.574,0.0,5.577,0.0,0.0,0.0,0,0,0.0,0.0,0.0,63.622,3.272,0.0,0.0,unrouted,0.0,0.0,0.0,0.0,0.0,9.0,9.0,1.0,0.0,5.607778,0.102338,64.444444,1.0,0.0,0.0,0.0,0.0,0.0,0.0,1.0,0.0,0.562333,0.574,3.280444,3.363,0.0,0.0,0.0,0.0,0.0,90.06,4.776667,8.626667,196.0,-0.018141,0.0,-0.018141,0.0,0.0,0.0,0.0,0.0,0.0,0.0,0.601579,0.644865,-0.043286,12.333333,2.590267,0.444444,1.0,0.644865,1.512009
326,1,70,119,14,14,45.403021,47.953027,2.550005,0,-0.00924,-0.011243,1,326,large_dark,196,1.0,1.0,0.0,8.96,1.44,88.39,0.574,0.0,5.506,0.0,0.0,0.0,0,0,0.0,0.0,0.0,63.622,3.272,0.0,0.0,unrouted,0.0,0.0,0.0,0.0,0.0,9.0,9.0,1.0,0.0,5.581,0.093559,64.194333,1.0,0.0,0.0,0.0,0.0,0.0,0.0,1.0,0.0,0.564556,0.574,3.275889,3.363,0.0,0.0,0.0,0.0,0.0,89.718889,4.073333,8.617778,196.0,-0.001512,0.0,-0.001512,0.0,0.0,0.0,0.0,0.0,0.0,0.0,0.444444,0.540866,-0.096422,11.666667,2.538974,0.333333,1.0,0.540866,1.512009
327,1,70,119,14,14,45.444862,47.994768,2.549905,0,-0.006006,-0.007308,1,327,large_dark,196,1.0,1.0,8.42,8.85,1.16,88.67,0.573,0.0,5.707,0.0,0.0,0.0,0,0,0.0,0.0,0.0,65.243,3.331,0.0,0.0,unrouted,0.0,0.0,0.0,0.0,0.0,9.0,9.0,1.0,0.0,5.582778,0.095759,64.124333,1.0,0.0,0.0,0.0,0.0,0.0,0.0,1.0,0.0,0.566667,0.574,3.277889,3.363,0.0,0.0,0.0,0.0,0.0,89.408889,5.008889,8.596667,196.0,-0.001512,0.0,-0.001512,0.0,0.0,0.0,0.0,0.0,0.0,0.0,0.555556,0.483658,0.071898,12.0,2.564949,0.333333,1.0,0.483658,1.512009
328,1,70,119,14,14,45.457743,48.011515,2.553772,0,-0.003904,-0.00475,1,328,large_dark,196,1.0,1.0,0.0,8.85,1.16,88.66,0.573,0.0,5.632,0.0,0.0,0.0,0,0,0.0,0.0,0.0,65.243,3.331,0.0,0.0,unrouted,0.0,0.0,0.0,0.0,0.0,9.0,9.0,1.0,0.0,5.583111,0.095924,64.208,1.0,0.0,0.0,0.0,0.0,0.0,0.0,1.0,0.0,0.568111,0.574,3.274333,3.331,0.0,0.0,0.0,0.0,0.0,89.123333,4.285556,8.615556,196.0,-0.001512,0.0,-0.001512,0.0,0.0,0.0,0.0,0.0,0.0,0.0,0.444444,0.446472,-0.002027,11.444444,2.521274,0.333333,1.0,0.446472,1.512009
329,1,70,120,14,14,45.492105,48.052102,2.559997,0,-0.002538,0.346912,1,329,large_dark,196,1.0,1.0,8.64,8.03,0.3,89.03,0.577,0.0,5.926,0.0,0.0,0.0,0,0,0.0,0.0,0.0,68.24,3.426,0.0,0.0,unrouted,0.0,0.0,0.0,0.0,0.0,9.0,9.0,1.0,0.0,5.623667,0.143409,64.730444,1.0,0.0,0.0,0.0,0.0,0.0,0.0,1.0,0.0,0.569,0.577,3.287222,3.426,0.0,0.0,0.0,0.0,0.0,88.95,4.453333,8.528889,196.0,-0.026833,0.0,-0.026833,0.0,0.0,0.0,0.0,0.0,0.0,0.0,0.333333,0.533258,-0.199924,11.555556,2.530163,0.444444,1.0,0.533258,1.512009
330,1,70,120,14,14,45.948439,48.502964,2.554525,0,-0.001649,0.225493,1,330,large_dark,196,1.0,1.0,8.82,7.45,0.95,89.04,0.575,0.0,5.994,0.0,0.0,0.0,0,0,0.0,0.0,0.0,69.145,3.401,0.0,0.0,unrouted,0.0,0.0,0.0,0.0,0.0,9.0,9.0,1.0,0.0,5.678778,0.176104,65.353444,1.0,0.0,0.0,0.0,0.0,0.0,0.0,1.0,0.0,0.569667,0.577,3.297333,3.426,0.0,0.0,0.0,0.0,0.0,88.78,5.433333,8.377778,196.0,-0.026833,0.0,-0.026833,0.0,0.0,0.0,0.0,0.0,0.0,0.0,0.444444,0.55565,-0.111205,12.222222,2.581899,0.444444,1.0,0.55565,1.512009
331,1,70,120,14,14,46.342736,48.867263,2.524526,0,-0.001072,0.14657,1,331,large_dark,196,1.0,1.0,0.0,7.45,0.95,89.05,0.576,0.0,5.915,0.0,0.0,0.0,0,0,0.0,0.0,0.0,69.145,3.401,0.0,0.0,unrouted,0.0,0.0,0.0,0.0,0.0,9.0,9.0,1.0,0.0,5.701333,0.191262,65.744111,1.0,0.0,0.0,0.0,0.0,0.0,0.0,1.0,0.0,0.571556,0.577,3.315556,3.426,0.0,0.0,0.0,0.0,0.0,88.765556,4.61,8.303333,196.0,-0.013228,0.0,-0.013228,0.0,0.0,0.0,0.0,0.0,0.0,0.0,0.444444,0.474878,-0.030433,11.444444,2.521274,0.333333,1.0,0.474878,1.512009
332,1,70,120,14,14,46.719302,49.241196,2.521893,0,-0.000697,0.095271,1,332,large_dark,196,1.0,1.0,9.03,7.07,1.04,89.84,0.578,0.0,6.034,0.0,0.0,0.0,0,0,0.0,0.0,0.0,69.719,3.237,0.0,0.0,unrouted,0.0,0.0,0.0,0.0,0.0,9.0,9.0,1.0,0.0,5.744333,0.216103,66.198556,1.0,0.0,0.0,0.0,0.0,0.0,0.0,1.0,0.0,0.573667,0.578,3.315556,3.426,0.0,0.0,0.0,0.0,0.0,88.838889,5.613333,8.186667,196.0,-0.013228,0.0,-0.013228,0.0,0.0,0.0,0.0,0.0,0.0,0.0,0.555556,0.448213,0.107343,12.111111,2.57346,0.333333,1.0,0.448213,1.512009
333,1,70,120,14,14,47.34531,49.84101,2.495699,0,-0.000453,0.061926,1,333,large_dark,196,1.0,1.0,0.0,7.07,1.04,89.84,0.578,0.0,5.954,0.0,0.0,0.0,0,0,0.0,0.0,0.0,69.719,3.234,0.0,0.0,unrouted,0.0,0.0,0.0,0.0,0.0,9.0,9.0,1.0,0.0,5.805,0.187978,67.077556,1.0,0.0,0.0,0.0,0.0,0.0,0.0,1.0,0.0,0.575333,0.578,3.322778,3.426,0.0,0.0,0.0,0.0,0.0,88.99,4.774444,8.076667,196.0,-0.007181,0.0,-0.007181,0.0,0.0,0.0,0.0,0.0,0.0,0.0,0.555556,0.375271,0.180285,11.555556,2.530163,0.222222,1.0,0.375271,1.512009
334,1,70,119,14,14,48.065516,50.638639,2.573123,0,-0.000294,-0.309748,1,334,large_dark,196,1.0,1.0,9.27,8.02,2.13,89.06,0.577,0.0,6.108,0.0,0.0,0.0,0,0,0.0,0.0,0.0,70.29,3.067,0.0,0.0,unrouted,0.0,0.0,0.0,0.0,0.0,9.0,9.0,1.0,0.0,5.864,0.190473,67.818444,1.0,0.0,0.0,0.0,0.0,0.0,0.0,1.0,0.0,0.575667,0.578,3.3,3.426,0.0,0.0,0.0,0.0,0.0,89.064444,4.908889,7.972222,196.0,0.003023,0.111111,0.003023,0.111111,0.0,0.0,0.0,0.0,0.0,0.0,0.555556,0.325261,0.230294,11.888889,2.556366,0.222222,1.0,0.325261,1.061926
335,1,70,119,14,14,48.795214,51.382508,2.587295,0,-0.000191,-0.201336,1,335,large_dark,196,1.0,1.0,9.51,8.33,2.77,89.92,0.572,0.0,6.286,0.0,0.0,0.0,0,0,0.0,0.0,0.0,72.34,3.055,0.0,0.0,unrouted,0.0,0.0,0.0,0.0,0.0,9.0,9.0,1.0,0.0,5.950667,0.185244,68.787111,1.0,0.0,0.0,0.0,0.0,0.0,0.0,1.0,0.0,0.575444,0.578,3.275889,3.426,0.0,0.0,0.0,0.0,0.0,89.234444,5.965556,7.902222,196.0,0.003023,0.111111,0.003023,0.111111,0.0,0.0,0.0,0.0,0.0,0.0,0.666667,0.35719,0.309476,12.333333,2.590267,0.222222,1.0,0.35719,1.061926
336,1,70,119,14,14,49.260791,51.866631,2.605839,0,-0.000124,-0.130869,1,336,large_dark,196,1.0,1.0,0.0,8.33,2.77,89.92,0.573,0.0,6.202,0.0,0.0,0.0,0,0,0.0,0.0,0.0,72.34,3.055,0.0,0.0,unrouted,0.0,0.0,0.0,0.0,0.0,9.0,9.0,1.0,0.0,6.005667,0.178079,69.575667,1.0,0.0,0.0,0.0,0.0,0.0,0.0,1.0,0.0,0.575444,0.578,3.245222,3.426,0.0,0.0,0.0,0.0,0.0,89.373333,5.03,7.844444,196.0,0.003023,0.111111,0.003023,0.111111,0.0,0.0,0.0,0.0,0.0,0.0,0.555556,0.377944,0.177612,12.111111,2.57346,0.222222,1.0,0.377944,1.061926
337,1,70,119,14,14,49.821384,52.439318,2.617934,0,-8.1e-05,-0.085065,1,337,large_dark,196,1.0,1.0,10.27,8.63,2.99,89.71,0.613,0.0,6.239,0.0,0.0,0.0,0,0,0.0,0.0,0.0,71.687,3.092,0.0,0.0,unrouted,0.0,0.0,0.0,0.0,0.0,9.0,9.0,1.0,0.0,6.073111,0.133036,70.291667,1.0,0.0,0.0,0.0,0.0,0.0,0.0,1.0,0.0,0.579889,0.613,3.218667,3.426,0.0,0.0,0.0,0.0,0.0,89.49,6.171111,7.82,196.0,0.003023,0.111111,0.003023,0.111111,0.0,0.0,0.0,0.0,0.0,0.0,0.666667,0.391434,0.275233,12.666667,2.61496,0.222222,1.0,0.391434,1.061926
338,1,70,119,14,14,50.334523,52.958564,2.624042,0,-5.3e-05,-0.055292,1,338,large_dark,196,1.0,1.0,0.0,8.63,2.99,89.7,0.613,0.0,6.148,0.0,0.0,0.0,0,0,0.0,0.0,0.0,71.687,3.092,0.0,0.0,unrouted,0.0,0.0,0.0,0.0,0.0,9.0,9.0,1.0,0.0,6.097778,0.123728,70.674667,1.0,0.0,0.0,0.0,0.0,0.0,0.0,1.0,0.0,0.583889,0.613,3.181556,3.401,0.0,0.0,0.0,0.0,0.0,89.564444,5.211111,7.886667,196.0,0.028345,0.111111,0.028345,0.111111,0.0,0.0,0.0,0.0,0.0,0.0,0.666667,0.289246,0.377421,12.222222,2.581899,0.111111,1.0,0.289246,1.061926
339,1,70,118,14,14,50.511137,53.242477,2.73134,0,-3.4e-05,-0.38594,1,339,large_dark,196,1.0,1.0,10.49,9.87,4.49,90.36,0.603,0.0,5.965,0.0,0.0,0.0,0,0,0.0,0.0,0.0,67.774,3.118,0.0,0.0,unrouted,0.0,0.0,0.0,0.0,0.0,9.0,9.0,1.0,0.0,6.094556,0.12673,70.522333,1.0,0.0,0.0,0.0,0.0,0.0,0.0,1.0,0.0,0.587,0.613,3.150111,3.401,0.0,0.0,0.0,0.0,0.0,89.711111,5.396667,8.155556,196.0,0.068405,0.222222,0.068405,0.222222,0.0,0.0,0.0,0.0,0.0,0.0,0.777778,0.355667,0.422111,12.222222,2.581899,0.222222,1.0,0.355667,1.061926
340,1,70,118,14,14,50.36143,53.108182,2.746751,0,-2.2e-05,-0.250861,1,340,large_dark,196,1.0,1.0,8.68,10.42,4.27,91.36,0.597,0.0,5.778,0.0,0.0,0.0,0,0,0.0,0.0,0.0,65.515,3.123,0.0,0.0,unrouted,0.0,0.0,0.0,0.0,0.0,9.0,9.0,1.0,0.0,6.079333,0.152907,70.119,1.0,0.0,0.0,0.0,0.0,0.0,0.0,1.0,0.0,0.589333,0.613,3.119222,3.237,0.0,0.0,0.0,0.0,0.0,89.967778,6.361111,8.485556,196.0,0.068405,0.222222,0.068405,0.222222,0.0,0.0,0.0,0.0,0.0,0.0,0.888889,0.373493,0.515396,13.0,2.639057,0.222222,1.0,0.373493,1.061926
341,1,70,118,14,14,50.034774,52.786375,2.751601,0,-1.4e-05,-0.16306,1,341,large_dark,196,1.0,1.0,0.06,10.42,4.25,91.37,0.597,0.0,5.702,0.0,0.0,0.0,0,0,0.0,0.0,0.0,65.518,3.12,0.0,0.0,unrouted,0.0,0.0,0.0,0.0,0.0,9.0,9.0,1.0,0.0,6.042444,0.193937,69.652222,1.0,0.0,0.0,0.0,0.0,0.0,0.0,1.0,0.0,0.591444,0.613,3.106222,3.234,0.0,0.0,0.0,0.0,0.0,90.137778,5.364444,8.857778,196.0,0.068405,0.222222,0.068405,0.222222,0.0,0.0,0.0,0.0,0.0,0.0,0.777778,0.385081,0.392697,12.555556,2.606796,0.222222,1.0,0.385081,1.061926
342,1,70,118,14,14,49.85964,52.605853,2.746212,0,-9e-06,-0.105989,1,342,large_dark,196,1.0,1.0,8.8,10.47,4.12,91.35,0.605,0.0,5.782,0.0,0.0,0.0,0,0,0.0,0.0,0.0,65.565,3.248,0.0,0.0,unrouted,0.0,0.0,0.0,0.0,0.0,9.0,9.0,1.0,0.0,6.023333,0.209557,69.190667,1.0,0.0,0.0,0.0,0.0,0.0,0.0,1.0,0.0,0.594444,0.613,3.107778,3.248,0.0,0.0,0.0,0.0,0.0,90.305556,6.342222,9.235556,196.0,0.068405,0.222222,0.068405,0.222222,0.0,0.0,0.0,0.0,0.0,0.0,0.888889,0.392612,0.496276,13.0,2.639057,0.222222,1.0,0.392612,1.061926
343,1,70,118,14,14,49.383197,52.022895,2.639698,0,-6e-06,-0.068893,1,343,large_dark,196,1.0,1.0,0.0,10.47,4.12,91.35,0.604,0.0,5.704,0.0,0.0,0.0,0,0,0.0,0.0,0.0,65.565,3.248,0.0,0.0,unrouted,0.0,0.0,0.0,0.0,0.0,9.0,9.0,1.0,0.0,5.978444,0.228982,68.665667,1.0,0.0,0.0,0.0,0.0,0.0,0.0,1.0,0.0,0.597444,0.613,3.127889,3.248,0.0,0.0,0.0,0.0,0.0,90.56,5.312222,9.507778,196.0,0.04006,0.111111,0.04006,0.111111,0.0,0.0,0.0,0.0,0.0,0.0,0.666667,0.286397,0.380269,12.444444,2.598566,0.111111,1.0,0.286397,0.944708
344,1,70,118,14,14,48.854623,51.466049,2.611426,0,-4e-06,-0.04478,1,344,large_dark,196,1.0,1.0,8.12,10.58,5.0,90.77,0.599,0.0,5.728,0.0,0.0,0.0,0,0,0.0,0.0,0.0,64.85,3.396,0.0,0.0,unrouted,0.0,0.0,0.0,0.0,0.0,9.0,9.0,1.0,0.0,5.916444,0.212245,67.833444,1.0,0.0,0.0,0.0,0.0,0.0,0.0,1.0,0.0,0.600444,0.613,3.165778,3.396,0.0,0.0,0.0,0.0,0.0,90.654444,5.157778,9.757778,196.0,0.04006,0.111111,0.04006,0.111111,0.0,0.0,0.0,0.0,0.0,0.0,0.666667,0.259635,0.407031,12.555556,2.606796,0.111111,1.0,0.259635,0.944708
345,1,70,118,14,14,48.398897,50.97149,2.572593,0,-3e-06,-0.029107,1,345,large_dark,196,1.0,1.0,8.58,10.6,5.99,90.29,0.599,0.0,5.727,0.0,0.0,0.0,0,0,0.0,0.0,0.0,64.69,3.551,0.0,0.0,unrouted,0.0,0.0,0.0,0.0,0.0,9.0,9.0,1.0,0.0,5.863667,0.192847,66.983444,1.0,0.0,0.0,0.0,0.0,0.0,0.0,1.0,0.0,0.603333,0.613,3.220889,3.551,0.0,0.0,0.0,0.0,0.0,90.695556,6.111111,10.01,196.0,0.04006,0.111111,0.04006,0.111111,0.0,0.0,0.0,0.0,0.0,0.0,0.777778,0.24224,0.535537,13.444444,2.67031,0.111111,1.0,0.24224,0.944708
346,1,70,118,14,14,47.84727,50.387557,2.540287,0,-2e-06,-0.01892,1,346,large_dark,196,1.0,1.0,0.0,10.6,6.01,90.3,0.598,0.0,5.651,0.0,0.0,0.0,0,0,0.0,0.0,0.0,64.69,3.551,0.0,0.0,unrouted,0.0,0.0,0.0,0.0,0.0,9.0,9.0,1.0,0.0,5.798333,0.149312,66.206,1.0,0.0,0.0,0.0,0.0,0.0,0.0,1.0,0.0,0.601667,0.613,3.271889,3.551,0.0,0.0,0.0,0.0,0.0,90.761111,4.97,10.228889,196.0,0.04006,0.111111,0.04006,0.111111,0.0,0.0,0.0,0.0,0.0,0.0,0.666667,0.230934,0.435733,13.444444,2.67031,0.111111,1.0,0.230934,0.944708
347,1,70,118,14,14,47.286269,49.78324,2.496971,0,-1e-06,-0.012298,1,347,large_dark,196,1.0,1.0,9.15,11.1,8.05,89.77,0.594,0.0,5.55,0.0,0.0,0.0,0,0,0.0,0.0,0.0,62.104,3.717,0.0,0.0,unrouted,0.0,0.0,0.0,0.0,0.0,9.0,9.0,1.0,0.0,5.731889,0.105575,65.141222,1.0,0.0,0.0,0.0,0.0,0.0,0.0,1.0,0.0,0.599556,0.605,3.341333,3.717,0.0,0.0,0.0,0.0,0.0,90.768889,5.986667,10.503333,196.0,0.04006,0.111111,0.04006,0.111111,0.0,0.0,0.0,0.0,0.0,0.0,0.777778,0.223584,0.554194,14.444444,2.737249,0.111111,1.0,0.223584,0.944708
348,1,70,118,14,14,46.687197,49.050697,2.3635,0,-1e-06,-0.007994,1,348,large_dark,196,1.0,1.0,1.02,11.09,8.1,89.84,0.596,0.0,5.541,0.0,0.0,0.0,0,0,0.0,0.0,0.0,62.899,3.722,0.0,0.0,unrouted,0.0,0.0,0.0,0.0,0.0,9.0,9.0,1.0,0.0,5.684778,0.083292,64.599556,1.0,0.0,0.0,0.0,0.0,0.0,0.0,1.0,0.0,0.598778,0.605,3.408444,3.722,0.0,0.0,0.0,0.0,0.0,90.711111,4.934444,10.638889,196.0,0.0,0.0,0.0,0.0,0.0,0.0,0.0,0.0,0.0,0.0,0.555556,0.119983,0.435573,14.444444,2.737249,0.0,0.0,0.119983,0.38594
349,1,70,117,14,14,46.732277,49.137362,2.405086,0,-0.0,-0.355196,1,349,large_dark,196,1.0,1.0,9.37,11.36,9.13,88.51,0.593,0.0,5.729,0.0,0.0,0.0,0,0,0.0,0.0,0.0,64.15,3.806,0.0,0.0,unrouted,0.0,0.0,0.0,0.0,0.0,9.0,9.0,1.0,0.0,5.679333,0.078483,64.447889,1.0,0.0,0.0,0.0,0.0,0.0,0.0,1.0,0.0,0.598333,0.605,3.484333,3.806,0.0,0.0,0.0,0.0,0.0,90.394444,5.011111,10.743333,196.0,0.024943,0.111111,0.024943,0.111111,0.0,0.0,0.0,0.0,0.0,0.0,0.666667,0.187324,0.479343,14.0,2.70805,0.111111,1.0,0.187324,0.992006
350,1,70,117,14,14,46.853053,49.216717,2.363664,0,-0.0,-0.230877,1,350,large_dark,196,1.0,1.0,9.33,11.51,7.7,88.08,0.6,0.0,5.838,0.0,0.0,0.0,0,0,0.0,0.0,0.0,65.635,3.74,0.0,0.0,unrouted,0.0,0.0,0.0,0.0,0.0,9.0,9.0,1.0,0.0,5.694444,0.09312,64.460889,1.0,0.0,0.0,0.0,0.0,0.0,0.0,1.0,0.0,0.598667,0.605,3.553222,3.806,0.0,0.0,0.0,0.0,0.0,90.028889,6.041111,10.864444,196.0,0.024943,0.111111,0.024943,0.111111,0.0,0.0,0.0,0.0,0.0,0.0,0.777778,0.198916,0.578861,14.555556,2.744418,0.111111,1.0,0.198916,0.992006
351,1,70,117,14,14,46.827079,49.15927,2.332191,0,-0.0,-0.15007,1,351,large_dark,196,1.0,1.0,0.0,11.51,7.7,88.08,0.6,0.0,5.756,0.0,0.0,0.0,0,0,0.0,0.0,0.0,65.635,3.741,0.0,0.0,unrouted,0.0,0.0,0.0,0.0,0.0,9.0,9.0,1.0,0.0,5.691556,0.090732,64.468667,1.0,0.0,0.0,0.0,0.0,0.0,0.0,1.0,0.0,0.598111,0.604,3.608,3.806,0.0,0.0,0.0,0.0,0.0,89.665556,5.063333,10.98,196.0,0.024943,0.111111,0.024943,0.111111,0.0,0.0,0.0,0.0,0.0,0.0,0.666667,0.206452,0.460215,14.555556,2.744418,0.111111,1.0,0.206452,0.992006
352,1,70,116,14,14,46.984246,49.310616,2.326371,0,-0.0,-0.447546,1,352,large_dark,196,1.0,1.0,9.28,10.18,6.32,87.96,0.597,0.0,5.832,0.0,0.0,0.0,0,0,0.0,0.0,0.0,65.991,3.721,0.0,0.0,unrouted,0.0,0.0,0.0,0.0,0.0,9.0,9.0,1.0,0.0,5.705778,0.101017,64.516,1.0,0.0,0.0,0.0,0.0,0.0,0.0,1.0,0.0,0.597333,0.6,3.660556,3.806,0.0,0.0,0.0,0.0,0.0,89.288889,6.094444,10.947778,196.0,0.040438,0.111111,0.040438,0.111111,0.0,0.0,0.0,0.0,0.0,0.0,0.888889,0.289112,0.599777,15.222222,2.786382,0.222222,1.0,0.289112,0.992006
353,1,70,116,14,14,46.982482,49.288702,2.306221,0,-0.0,-0.290905,1,353,large_dark,196,1.0,1.0,0.0,10.18,6.33,87.96,0.597,0.0,5.75,0.0,0.0,0.0,0,0,0.0,0.0,0.0,65.991,3.721,0.0,0.0,unrouted,0.0,0.0,0.0,0.0,0.0,9.0,9.0,1.0,0.0,5.708222,0.101788,64.642778,1.0,0.0,0.0,0.0,0.0,0.0,0.0,1.0,0.0,0.597111,0.6,3.696667,3.806,0.0,0.0,0.0,0.0,0.0,88.976667,5.192222,10.903333,196.0,0.040438,0.111111,0.040438,0.111111,0.0,0.0,0.0,0.0,0.0,0.0,0.777778,0.331184,0.446593,14.777778,2.758602,0.222222,1.0,0.331184,0.992006
354,1,70,116,14,14,47.038586,49.339201,2.300615,0,-0.0,-0.189088,1,354,large_dark,196,1.0,1.0,8.72,9.72,5.24,88.23,0.592,0.0,5.794,0.0,0.0,0.0,0,0,0.0,0.0,0.0,65.773,3.67,0.0,0.0,unrouted,0.0,0.0,0.0,0.0,0.0,9.0,9.0,1.0,0.0,5.715667,0.10528,64.763111,1.0,0.0,0.0,0.0,0.0,0.0,0.0,1.0,0.0,0.596333,0.6,3.709889,3.806,0.0,0.0,0.0,0.0,0.0,88.747778,5.207778,10.805556,196.0,0.040438,0.111111,0.040438,0.111111,0.0,0.0,0.0,0.0,0.0,0.0,0.777778,0.358532,0.419246,14.444444,2.737249,0.222222,1.0,0.358532,0.992006
355,1,70,116,14,14,47.028832,49.320658,2.291826,0,-0.0,-0.122907,1,355,large_dark,196,1.0,1.0,9.32,10.04,6.31,88.2,0.611,0.0,5.65,0.0,0.0,0.0,0,0,0.0,0.0,0.0,63.786,3.687,0.0,0.0,unrouted,0.0,0.0,0.0,0.0,0.0,9.0,9.0,1.0,0.0,5.715556,0.105348,64.662667,1.0,0.0,0.0,0.0,0.0,0.0,0.0,1.0,0.0,0.597778,0.611,3.725,3.806,0.0,0.0,0.0,0.0,0.0,88.514444,6.243333,10.743333,196.0,0.040438,0.111111,0.040438,0.111111,0.0,0.0,0.0,0.0,0.0,0.0,0.888889,0.376307,0.512582,14.888889,2.76562,0.222222,1.0,0.376307,0.992006
356,1,70,116,14,14,47.037726,49.331691,2.293965,0,-0.0,-0.07989,1,356,large_dark,196,1.0,1.0,0.0,10.03,6.31,88.2,0.611,0.0,5.567,0.0,0.0,0.0,0,0,0.0,0.0,0.0,63.786,3.688,0.0,0.0,unrouted,0.0,0.0,0.0,0.0,0.0,9.0,9.0,1.0,0.0,5.717444,0.102476,64.849556,1.0,0.0,0.0,0.0,0.0,0.0,0.0,1.0,0.0,0.599667,0.611,3.721778,3.806,0.0,0.0,0.0,0.0,0.0,88.34,5.226667,10.624444,196.0,0.040438,0.111111,0.040438,0.111111,0.0,0.0,0.0,0.0,0.0,0.0,0.777778,0.387861,0.389916,14.222222,2.722756,0.222222,1.0,0.387861,0.992006
357,1,70,115,14,14,47.10558,49.50463,2.399051,0,-0.0,-0.401928,1,357,large_dark,196,1.0,1.0,10.36,10.09,8.75,88.26,0.606,0.0,5.541,0.0,0.0,0.0,0,0,0.0,0.0,0.0,62.062,3.479,0.0,0.0,unrouted,0.0,0.0,0.0,0.0,0.0,9.0,9.0,1.0,0.0,5.717444,0.102476,64.756556,1.0,0.0,0.0,0.0,0.0,0.0,0.0,1.0,0.0,0.600778,0.611,3.694778,3.806,0.0,0.0,0.0,0.0,0.0,88.164444,6.264444,10.513333,196.0,0.063114,0.222222,0.063114,0.222222,0.0,0.0,0.0,0.0,0.0,0.0,1.0,0.488729,0.511271,14.777778,2.758602,0.333333,1.0,0.488729,0.992006
358,1,70,115,14,14,46.743286,49.077584,2.334298,0,-0.0,-0.261253,1,358,large_dark,196,1.0,1.0,0.0,10.09,8.75,88.26,0.606,0.0,5.449,0.0,0.0,0.0,0,0,0.0,0.0,0.0,62.062,3.479,0.0,0.0,unrouted,0.0,0.0,0.0,0.0,0.0,9.0,9.0,1.0,0.0,5.686333,0.132384,64.524556,1.0,0.0,0.0,0.0,0.0,0.0,0.0,1.0,0.0,0.602222,0.611,3.658444,3.741,0.0,0.0,0.0,0.0,0.0,88.136667,5.223333,10.372222,196.0,0.038171,0.111111,0.038171,0.111111,0.0,0.0,0.0,0.0,0.0,0.0,0.777778,0.423165,0.354613,15.0,2.772589,0.222222,1.0,0.423165,0.92011
359,1,70,114,14,14,46.726039,49.171442,2.445403,0,-0.0,-0.519815,1,359,large_dark,196,1.0,1.0,9.54,9.84,8.13,88.61,0.613,0.0,5.528,0.0,0.0,0.0,0,0,0.0,0.0,0.0,62.128,3.449,0.0,0.0,unrouted,0.0,0.0,0.0,0.0,0.0,9.0,9.0,1.0,0.0,5.651889,0.12872,64.134889,1.0,0.0,0.0,0.0,0.0,0.0,0.0,1.0,0.0,0.603667,0.613,3.626111,3.741,0.0,0.0,0.0,0.0,0.0,88.195556,5.246667,10.186667,196.0,0.081633,0.222222,0.081633,0.222222,0.0,0.0,0.0,0.0,0.0,0.0,0.888889,0.465782,0.423107,15.0,2.772589,0.333333,1.0,0.465782,0.92011
360,1,70,114,14,14,46.666267,49.130047,2.46378,0,-0.0,-0.33788,1,360,large_dark,196,1.0,1.0,9.29,9.75,6.84,89.0,0.614,0.0,5.725,0.0,0.0,0.0,0,0,0.0,0.0,0.0,64.763,3.453,0.0,0.0,unrouted,0.0,0.0,0.0,0.0,0.0,9.0,9.0,1.0,0.0,5.648444,0.126279,64.038,1.0,0.0,0.0,0.0,0.0,0.0,0.0,1.0,0.0,0.605222,0.614,3.594111,3.721,0.0,0.0,0.0,0.0,0.0,88.297778,6.278889,9.991111,196.0,0.081633,0.222222,0.081633,0.222222,0.0,0.0,0.0,0.0,0.0,0.0,1.0,0.497886,0.502114,15.222222,2.786382,0.333333,1.0,0.497886,0.92011
361,1,70,114,14,14,46.436036,48.892442,2.456407,0,-0.0,-0.219622,1,361,large_dark,196,1.0,1.0,0.0,9.75,6.84,89.0,0.614,0.0,5.643,0.0,0.0,0.0,0,0,0.0,0.0,0.0,64.763,3.453,0.0,0.0,unrouted,0.0,0.0,0.0,0.0,0.0,9.0,9.0,1.0,0.0,5.627444,0.108467,63.901556,1.0,0.0,0.0,0.0,0.0,0.0,0.0,1.0,0.0,0.607111,0.614,3.564333,3.721,0.0,0.0,0.0,0.0,0.0,88.413333,5.247778,9.943333,196.0,0.066138,0.222222,0.066138,0.222222,0.0,0.0,0.0,0.0,0.0,0.0,0.777778,0.440992,0.336786,14.444444,2.737249,0.222222,1.0,0.440992,0.92011
362,1,70,114,14,14,46.382547,48.855048,2.472501,0,-0.0,-0.142754,1,362,large_dark,196,1.0,1.0,9.64,10.15,7.65,88.73,0.629,0.0,5.686,0.0,0.0,0.0,0,0,0.0,0.0,0.0,64.097,3.442,0.0,0.0,unrouted,0.0,0.0,0.0,0.0,0.0,9.0,9.0,1.0,0.0,5.620333,0.102111,63.691111,1.0,0.0,0.0,0.0,0.0,0.0,0.0,1.0,0.0,0.610667,0.629,3.533333,3.688,0.0,0.0,0.0,0.0,0.0,88.498889,6.318889,9.94,196.0,0.066138,0.222222,0.066138,0.222222,0.0,0.0,0.0,0.0,0.0,0.0,0.888889,0.415667,0.473222,14.555556,2.744418,0.222222,1.0,0.415667,0.92011
363,1,70,114,14,14,46.193931,48.678643,2.484712,0,-0.0,-0.09279,1,363,large_dark,196,1.0,1.0,0.0,10.15,7.65,88.73,0.629,0.0,5.601,0.0,0.0,0.0,0,0,0.0,0.0,0.0,64.097,3.442,0.0,0.0,unrouted,0.0,0.0,0.0,0.0,0.0,9.0,9.0,1.0,0.0,5.598889,0.081592,63.504889,1.0,0.0,0.0,0.0,0.0,0.0,0.0,1.0,0.0,0.614778,0.629,3.508,3.688,0.0,0.0,0.0,0.0,0.0,88.554444,5.35,9.987778,196.0,0.066138,0.222222,0.066138,0.222222,0.0,0.0,0.0,0.0,0.0,0.0,0.777778,0.399206,0.378572,13.777778,2.693125,0.222222,1.0,0.399206,0.92011
364,1,70,112,14,14,45.920387,48.535904,2.615516,0,-0.0,-0.760314,1,364,large_dark,196,1.0,1.0,9.95,9.62,10.01,88.06,0.619,0.0,5.503,0.0,0.0,0.0,0,0,0.0,0.0,0.0,61.672,3.403,0.0,0.0,unrouted,0.0,0.0,0.0,0.0,0.0,9.0,9.0,1.0,0.0,5.582556,0.084391,63.27,1.0,0.0,0.0,0.0,0.0,0.0,0.0,1.0,0.0,0.615667,0.629,3.476444,3.688,0.0,0.0,0.0,0.0,0.0,88.538889,5.42,9.941111,196.0,0.105442,0.333333,0.105442,0.333333,0.0,0.0,0.0,0.0,0.0,0.0,1.0,0.590108,0.409892,13.333333,2.662588,0.444444,2.0,0.590108,1.90721
365,1,70,112,14,14,45.807936,48.440708,2.632772,0,-0.0,-0.494204,1,365,large_dark,196,1.0,1.0,9.1,9.3,9.29,88.57,0.612,0.0,5.521,0.0,0.0,0.0,0,0,0.0,0.0,0.0,62.108,3.442,0.0,0.0,unrouted,0.0,0.0,0.0,0.0,0.0,9.0,9.0,1.0,0.0,5.577444,0.086544,63.083556,1.0,0.0,0.0,0.0,0.0,0.0,0.0,1.0,0.0,0.615778,0.629,3.449111,3.479,0.0,0.0,0.0,0.0,0.0,88.58,6.431111,9.86,196.0,0.105442,0.333333,0.105442,0.333333,0.0,0.0,0.0,0.0,0.0,0.0,1.111111,0.660931,0.45018,13.444444,2.67031,0.444444,2.0,0.660931,1.90721
366,1,70,112,14,14,45.609179,48.156971,2.547792,0,-0.0,-0.321233,1,366,large_dark,196,1.0,1.0,0.0,9.3,9.29,88.57,0.612,0.0,5.44,0.0,0.0,0.0,0,0,0.0,0.0,0.0,62.108,3.441,0.0,0.0,unrouted,0.0,0.0,0.0,0.0,0.0,9.0,9.0,1.0,0.0,5.566222,0.096516,63.088667,1.0,0.0,0.0,0.0,0.0,0.0,0.0,1.0,0.0,0.616444,0.629,3.444889,3.479,0.0,0.0,0.0,0.0,0.0,88.614444,5.28,9.772222,196.0,0.082766,0.222222,0.082766,0.222222,0.0,0.0,0.0,0.0,0.0,0.0,0.888889,0.613608,0.275281,12.111111,2.57346,0.333333,2.0,0.613608,1.90721
367,1,70,112,14,14,45.664868,48.212316,2.547447,0,-0.0,-0.208801,1,367,large_dark,196,1.0,1.0,9.28,9.17,8.76,87.97,0.617,0.0,5.504,0.0,0.0,0.0,0,0,0.0,0.0,0.0,61.975,3.473,0.0,0.0,unrouted,0.0,0.0,0.0,0.0,0.0,9.0,9.0,1.0,0.0,5.572333,0.090451,63.079,1.0,0.0,0.0,0.0,0.0,0.0,0.0,1.0,0.0,0.617667,0.629,3.444222,3.473,0.0,0.0,0.0,0.0,0.0,88.582222,6.311111,9.67,196.0,0.082766,0.222222,0.082766,0.222222,0.0,0.0,0.0,0.0,0.0,0.0,1.0,0.604642,0.395358,12.0,2.564949,0.333333,2.0,0.604642,1.90721
368,1,70,112,14,14,45.290892,47.744929,2.454037,0,-0.0,-0.135721,1,368,large_dark,196,1.0,1.0,0.0,9.17,8.76,87.98,0.617,0.0,5.422,0.0,0.0,0.0,0,0,0.0,0.0,0.0,61.975,3.473,0.0,0.0,unrouted,0.0,0.0,0.0,0.0,0.0,9.0,9.0,1.0,0.0,5.560556,0.101663,63.062,1.0,0.0,0.0,0.0,0.0,0.0,0.0,1.0,0.0,0.618111,0.629,3.446889,3.473,0.0,0.0,0.0,0.0,0.0,88.512222,5.251111,9.595556,196.0,0.039305,0.111111,0.039305,0.111111,0.0,0.0,0.0,0.0,0.0,0.0,0.777778,0.545759,0.232019,11.111111,2.494123,0.222222,2.0,0.545759,1.90721
369,1,70,112,14,14,45.147067,47.598277,2.451209,0,-0.0,-0.088218,1,369,large_dark,196,1.0,1.0,8.62,8.65,7.92,87.56,0.633,0.0,5.549,0.0,0.0,0.0,0,0,0.0,0.0,0.0,62.85,3.488,0.0,0.0,unrouted,0.0,0.0,0.0,0.0,0.0,9.0,9.0,1.0,0.0,5.541,0.083445,62.849444,1.0,0.0,0.0,0.0,0.0,0.0,0.0,1.0,0.0,0.620222,0.633,3.450778,3.488,0.0,0.0,0.0,0.0,0.0,88.352222,5.176667,9.473333,196.0,0.039305,0.111111,0.039305,0.111111,0.0,0.0,0.0,0.0,0.0,0.0,0.777778,0.503082,0.274696,10.555556,2.447166,0.222222,2.0,0.503082,1.90721
370,1,70,111,14,14,44.697044,47.154179,2.457135,0,-0.0,-0.407342,1,370,large_dark,196,1.0,1.0,8.08,8.53,10.4,87.89,0.614,0.0,5.428,0.0,0.0,0.0,0,0,0.0,0.0,0.0,61.146,3.593,0.0,0.0,unrouted,0.0,0.0,0.0,0.0,0.0,9.0,9.0,1.0,0.0,5.517111,0.081579,62.447556,1.0,0.0,0.0,0.0,0.0,0.0,0.0,1.0,0.0,0.620222,0.633,3.466333,3.593,0.0,0.0,0.0,0.0,0.0,88.228889,6.074444,9.337778,196.0,0.018519,0.111111,0.018519,0.111111,0.0,0.0,0.0,0.0,0.0,0.0,1.0,0.566849,0.433151,11.333333,2.512306,0.333333,2.0,0.566849,1.90721
371,1,70,111,14,14,44.374992,46.823582,2.448591,0,-0.0,-0.264772,1,371,large_dark,196,1.0,1.0,0.0,8.53,10.4,87.89,0.614,0.0,5.356,0.0,0.0,0.0,0,0,0.0,0.0,0.0,61.146,3.594,0.0,0.0,unrouted,0.0,0.0,0.0,0.0,0.0,9.0,9.0,1.0,0.0,5.480444,0.070891,62.119667,1.0,0.0,0.0,0.0,0.0,0.0,0.0,1.0,0.0,0.618556,0.633,3.483222,3.594,0.0,0.0,0.0,0.0,0.0,88.135556,5.003333,9.157778,196.0,0.018519,0.111111,0.018519,0.111111,0.0,0.0,0.0,0.0,0.0,0.0,0.888889,0.587707,0.301182,11.111111,2.494123,0.333333,2.0,0.587707,1.90721
372,1,70,110,14,14,44.289864,46.744354,2.45449,0,-0.0,-0.522102,1,372,large_dark,196,1.0,1.0,8.71,9.24,13.04,87.36,0.612,0.0,5.628,0.0,0.0,0.0,0,0,0.0,0.0,0.0,63.175,3.657,0.0,0.0,unrouted,0.0,0.0,0.0,0.0,0.0,9.0,9.0,1.0,0.0,5.483444,0.076295,62.017222,1.0,0.0,0.0,0.0,0.0,0.0,0.0,1.0,0.0,0.616667,0.633,3.507111,3.657,0.0,0.0,0.0,0.0,0.0,87.983333,5.971111,9.056667,196.0,0.011338,0.111111,0.011338,0.111111,0.0,0.0,0.0,0.0,0.0,0.0,1.111111,0.653537,0.457574,11.888889,2.556366,0.444444,2.0,0.653537,1.90721
373,1,70,110,14,14,44.440983,46.767669,2.326686,0,-0.0,-0.339366,1,373,large_dark,196,1.0,1.0,0.0,9.24,13.04,87.36,0.612,0.0,5.551,0.0,0.0,0.0,0,0,0.0,0.0,0.0,63.175,3.657,0.0,0.0,unrouted,0.0,0.0,0.0,0.0,0.0,9.0,9.0,1.0,0.0,5.488778,0.079102,62.184222,1.0,0.0,0.0,0.0,0.0,0.0,0.0,1.0,0.0,0.615889,0.633,3.535333,3.657,0.0,0.0,0.0,0.0,0.0,87.905556,4.865556,9.014444,196.0,-0.027967,0.0,-0.027967,0.0,0.0,0.0,0.0,0.0,0.0,0.0,0.777778,0.499636,0.278142,11.444444,2.521274,0.222222,1.0,0.499636,0.911782
374,1,71,110,14,14,44.750665,47.102469,2.351804,0,0.35,-0.220588,1,374,large_dark,196,1.0,1.0,8.08,10.47,17.2,87.62,0.596,0.0,5.799,0.0,0.0,0.0,0,0,0.0,0.0,0.0,64.669,3.455,0.0,0.0,unrouted,0.0,0.0,0.0,0.0,0.0,9.0,9.0,1.0,0.0,5.519667,0.126019,62.468778,1.0,0.0,0.0,0.0,0.0,0.0,0.0,1.0,0.0,0.614111,0.633,3.536778,3.657,0.0,0.0,0.0,0.0,0.0,87.8,4.752222,9.144444,196.0,-0.014361,0.0,-0.014361,0.0,0.0,0.0,0.0,0.0,0.0,0.0,0.823802,0.532492,0.29131,11.333333,2.512306,0.333333,1.0,0.532492,1.056016
375,1,71,110,14,14,45.119746,47.472901,2.353154,0,0.2275,-0.143382,1,375,large_dark,196,1.0,1.0,7.68,10.84,17.18,87.1,0.604,0.0,5.817,0.0,0.0,0.0,0,0,0.0,0.0,0.0,64.871,3.456,0.0,0.0,unrouted,0.0,0.0,0.0,0.0,0.0,9.0,9.0,1.0,0.0,5.561556,0.152459,62.775778,1.0,0.0,0.0,0.0,0.0,0.0,0.0,1.0,0.0,0.613222,0.633,3.538444,3.657,0.0,0.0,0.0,0.0,0.0,87.636667,5.605556,9.315556,196.0,-0.014361,0.0,-0.014361,0.0,0.0,0.0,0.0,0.0,0.0,0.0,0.934913,0.523549,0.411364,11.444444,2.521274,0.333333,1.0,0.523549,1.056016
376,1,71,110,14,14,45.35987,47.716418,2.356549,0,0.147875,-0.093198,1,376,large_dark,196,1.0,1.0,0.0,10.84,17.18,87.1,0.605,0.0,5.749,0.0,0.0,0.0,0,0,0.0,0.0,0.0,64.871,3.456,0.0,0.0,unrouted,0.0,0.0,0.0,0.0,0.0,9.0,9.0,1.0,0.0,5.588778,0.161365,63.097556,1.0,0.0,0.0,0.0,0.0,0.0,0.0,1.0,0.0,0.611889,0.633,3.536556,3.657,0.0,0.0,0.0,0.0,0.0,87.54,4.574444,9.501111,196.0,-0.014361,0.0,-0.014361,0.0,0.0,0.0,0.0,0.0,0.0,0.0,0.823802,0.517735,0.306066,11.0,2.484907,0.333333,1.0,0.517735,1.056016
377,1,71,109,14,14,45.620682,47.997286,2.376605,0,0.096119,-0.410579,1,377,large_dark,196,1.0,1.0,8.45,11.77,19.59,86.68,0.588,0.0,5.742,0.0,0.0,0.0,0,0,0.0,0.0,0.0,63.373,3.552,0.0,0.0,unrouted,0.0,0.0,0.0,0.0,0.0,9.0,9.0,1.0,0.0,5.624333,0.15586,63.252889,1.0,0.0,0.0,0.0,0.0,0.0,0.0,1.0,0.0,0.608667,0.633,3.545333,3.657,0.0,0.0,0.0,0.0,0.0,87.395556,5.513333,9.79,196.0,-0.008692,0.0,-0.008692,0.0,0.0,0.0,0.0,0.0,0.0,0.0,1.046024,0.596622,0.449402,11.222222,2.503256,0.444444,1.0,0.596622,1.056016
378,1,71,109,14,14,45.729077,48.106537,2.37746,0,0.062477,-0.266876,1,378,large_dark,196,1.0,1.0,0.0,11.77,19.59,86.68,0.588,0.0,5.667,0.0,0.0,0.0,0,0,0.0,0.0,0.0,63.373,3.552,0.0,0.0,unrouted,0.0,0.0,0.0,0.0,0.0,9.0,9.0,1.0,0.0,5.637444,0.153923,63.311,1.0,0.0,0.0,0.0,0.0,0.0,0.0,1.0,0.0,0.603667,0.614,3.552444,3.657,0.0,0.0,0.0,0.0,0.0,87.297778,4.555556,10.136667,196.0,-0.008692,0.0,-0.008692,0.0,0.0,0.0,0.0,0.0,0.0,0.0,0.934913,0.628395,0.306517,11.333333,2.512306,0.444444,1.0,0.628395,1.056016
379,1,72,109,14,14,46.267736,48.666043,2.398307,0,0.39061,-0.17347,1,379,large_dark,196,1.0,1.0,8.07,13.41,24.9,85.19,0.581,0.0,5.845,0.0,0.0,0.0,0,0,0.0,0.0,0.0,63.821,3.457,0.0,0.0,unrouted,0.0,0.0,0.0,0.0,0.0,9.0,9.0,1.0,0.0,5.683778,0.146485,63.608222,1.0,0.0,0.0,0.0,0.0,0.0,0.0,1.0,0.0,0.6,0.614,3.537333,3.657,0.0,0.0,0.0,0.0,0.0,86.997778,4.554444,10.678889,196.0,0.010204,0.0,0.010204,0.0,0.0,0.0,0.0,0.0,0.0,0.0,0.869825,0.635394,0.234432,11.0,2.484907,0.444444,1.0,0.635394,1.056016
380,5111,94,99,14,14,47.448574,49.590291,2.141717,0,0.403004,0.421445,1,380,large_dark,196,1.0,1.0,3.85,12.46,19.33,76.09,0.786,0.0,5.897,0.0,0.0,0.0,0,0,0.0,0.0,0.0,66.182,3.573,0.0,0.0,unrouted,0.0,0.0,0.0,0.0,0.0,9.0,9.0,1.0,0.0,5.936,0.069213,66.744556,1.0,0.0,0.0,0.0,0.0,0.0,0.0,1.0,0.0,0.788667,0.799,3.748111,3.851,0.0,0.0,0.0,0.0,0.0,76.06,2.687778,12.6,196.0,-0.015117,0.0,-0.015117,0.0,0.0,0.0,0.0,0.0,0.0,0.0,0.490468,0.775365,-0.284897,11.111111,2.494123,0.647603,1.414214,0.775365,1.177228
381,1,72,108,14,14,46.921834,48.029427,1.107593,0,0.165033,-0.300791,1,381,large_dark,196,1.0,1.0,0.0,14.12,28.32,83.73,0.571,0.0,5.689,0.0,0.0,0.0,0,0,0.0,0.0,0.0,62.431,7.36,0.0,0.0,unrouted,0.0,0.0,0.0,0.0,0.0,9.0,9.0,1.0,0.0,5.735667,0.084647,63.668333,1.0,0.0,0.0,0.0,0.0,0.0,0.0,1.0,0.0,0.590667,0.612,4.367222,7.36,0.0,0.0,0.0,0.0,0.0,86.133333,4.5,11.842222,196.0,0.040438,0.111111,0.040438,0.111111,0.0,0.0,0.0,0.0,0.0,0.0,0.869825,0.668665,0.20116,10.444444,2.437504,0.444444,1.0,0.668665,1.056016
382,5111,95,100,14,14,47.348483,49.567806,2.219324,0,0.520269,0.528061,1,382,large_dark,196,1.0,1.0,4.52,12.47,19.43,75.68,0.771,0.0,5.761,0.0,0.0,0.0,0,0,0.0,0.0,0.0,64.359,3.459,0.0,0.0,unrouted,0.0,0.0,0.0,0.0,0.0,9.0,9.0,1.0,0.0,5.932778,0.077627,66.688222,1.0,0.0,0.0,0.0,0.0,0.0,0.0,1.0,0.0,0.788333,0.799,3.674,3.844,0.0,0.0,0.0,0.0,0.0,75.974444,2.703333,12.611111,196.0,-0.011716,0.0,-0.011716,0.0,0.0,0.0,0.0,0.0,0.0,0.0,0.490468,0.838791,-0.348323,10.888889,2.475604,0.804738,1.414214,0.838791,1.177228
383,1,72,108,14,14,46.884315,43.860779,-3.023536,0,0.069726,-0.127084,1,383,large_dark,196,1.0,1.0,0.0,14.81,30.57,82.84,0.575,0.0,5.59,0.0,0.0,0.0,0,0,0.0,0.0,0.0,61.031,13.373,0.0,0.0,unrouted,0.0,0.0,0.0,0.0,0.0,9.0,9.0,1.0,0.0,5.724,0.076648,63.025889,1.0,0.0,0.0,0.0,0.0,0.0,0.0,1.0,0.0,0.584222,0.605,6.548778,13.373,0.0,0.0,0.0,0.0,0.0,85.1,4.425556,12.943333,196.0,0.026833,0.111111,0.026833,0.111111,0.0,0.0,0.0,0.0,0.0,0.0,0.823802,0.556219,0.267583,10.666667,2.456736,0.333333,1.0,0.556219,0.974768
384,5464,60,94,14,14,41.026544,43.783619,2.757075,0,0.035676,0.229689,1,384,large_dark,196,1.0,1.0,6.1,12.88,34.79,77.8,0.51,0.0,5.154,0.0,0.0,0.0,0,0,0.0,0.0,0.0,55.207,3.106,0.0,0.0,unrouted,0.0,0.0,0.0,0.0,0.0,9.0,9.0,1.0,0.0,5.118778,0.104639,55.077111,1.0,0.0,0.0,0.0,0.0,0.0,0.0,1.0,0.0,0.541,0.575,3.095333,3.18,0.0,0.0,0.0,0.0,0.0,77.871111,3.252222,13.25,196.0,-0.015117,0.0,-0.015117,0.0,0.0,0.0,0.0,0.0,0.0,0.0,0.470674,0.740847,-0.270173,11.222222,2.503256,0.470674,2.236068,0.740847,2.167695
385,5111,97,101,14,14,47.014832,49.340933,2.326101,0,0.720379,0.495019,1,385,large_dark,196,1.0,1.0,3.24,13.26,19.61,75.12,0.763,0.0,5.867,0.0,0.0,0.0,0,0,0.0,0.0,0.0,65.6,3.176,0.0,0.0,unrouted,0.0,0.0,0.0,0.0,0.0,9.0,9.0,1.0,0.0,5.871778,0.108257,65.921556,1.0,0.0,0.0,0.0,0.0,0.0,0.0,1.0,0.0,0.782556,0.799,3.507889,3.714,0.0,0.0,0.0,0.0,0.0,75.77,2.616667,12.734444,196.0,-0.004157,0.0,-0.004157,0.0,0.0,0.0,0.0,0.0,0.0,0.0,0.268246,0.784568,-0.516322,11.666667,2.538974,0.758714,1.414214,0.784568,1.084739
386,5464,60,94,14,14,42.060428,44.783167,2.722739,0,0.015073,0.097044,1,386,large_dark,196,1.0,1.0,0.0,13.19,35.04,77.1,0.508,0.0,5.18,0.0,0.0,0.0,0,0,0.0,0.0,0.0,56.124,3.13,0.0,0.0,unrouted,0.0,0.0,0.0,0.0,0.0,9.0,9.0,1.0,0.0,5.154444,0.094626,55.517333,1.0,0.0,0.0,0.0,0.0,0.0,0.0,1.0,0.0,0.528111,0.557,3.103889,3.18,0.0,0.0,0.0,0.0,0.0,77.748889,3.175556,13.163333,196.0,0.002268,0.0,0.002268,0.0,0.0,0.0,0.0,0.0,0.0,0.0,0.222222,0.528824,-0.306601,11.555556,2.530163,0.222222,1.0,0.528824,0.888257
387,5111,98,102,14,14,46.56158,48.992839,2.431259,0,0.65436,0.559145,1,387,large_dark,196,1.0,1.0,4.36,13.21,19.59,75.01,0.748,0.0,5.684,0.0,0.0,0.0,0,0,0.0,0.0,0.0,63.163,3.049,0.0,0.0,unrouted,0.0,0.0,0.0,0.0,0.0,9.0,9.0,1.0,0.0,5.815111,0.088449,65.171556,1.0,0.0,0.0,0.0,0.0,0.0,0.0,1.0,0.0,0.774,0.799,3.374333,3.632,0.0,0.0,0.0,0.0,0.0,75.533333,2.66,12.828889,196.0,0.005291,0.0,0.005291,0.0,0.0,0.0,0.0,0.0,0.0,0.0,0.268246,0.824726,-0.55648,12.0,2.564949,0.804738,1.414214,0.824726,1.084739
388,5464,61,95,14,14,42.195511,44.955905,2.760394,0,0.233868,0.268501,1,388,large_dark,196,1.0,1.0,0.0,13.02,34.01,77.28,0.504,0.0,5.16,0.0,0.0,0.0,0,0,0.0,0.0,0.0,55.914,3.145,0.0,0.0,unrouted,0.0,0.0,0.0,0.0,0.0,9.0,9.0,1.0,0.0,5.195222,0.032265,56.025889,1.0,0.0,0.0,0.0,0.0,0.0,0.0,1.0,0.0,0.517111,0.538,3.098889,3.145,0.0,0.0,0.0,0.0,0.0,77.592222,3.176667,13.051111,196.0,-0.01285,0.0,-0.01285,0.0,0.0,0.0,0.0,0.0,0.0,0.0,0.379357,0.586396,-0.207039,11.444444,2.521274,0.379357,1.414214,0.586396,1.336193
389,5464,62,96,14,14,42.073777,44.819465,2.745688,0,0.502014,0.524526,1,389,large_dark,196,1.0,1.0,5.71,12.86,33.21,76.89,0.499,0.0,5.236,0.0,0.0,0.0,0,0,0.0,0.0,0.0,56.252,3.401,0.0,0.0,unrouted,0.0,0.0,0.0,0.0,0.0,9.0,9.0,1.0,0.0,5.197667,0.034361,56.066,1.0,0.0,0.0,0.0,0.0,0.0,0.0,1.0,0.0,0.512778,0.538,3.134444,3.401,0.0,0.0,0.0,0.0,0.0,77.496667,3.123333,12.987778,196.0,-0.027967,0.0,-0.027967,0.0,0.0,0.0,0.0,0.0,0.0,0.0,0.425381,0.605397,-0.180017,11.444444,2.521274,0.425381,1.414214,0.605397,1.336193
390,5464,62,96,14,14,42.244378,44.965666,2.721288,0,0.326309,0.340942,1,390,large_dark,196,1.0,1.0,5.7,13.21,33.65,75.54,0.483,0.0,5.354,0.0,0.0,0.0,0,0,0.0,0.0,0.0,57.608,3.494,0.0,0.0,unrouted,0.0,0.0,0.0,0.0,0.0,9.0,9.0,1.0,0.0,5.219333,0.057102,56.256778,1.0,0.0,0.0,0.0,0.0,0.0,0.0,1.0,0.0,0.506667,0.522,3.180444,3.494,0.0,0.0,0.0,0.0,0.0,77.251111,3.756667,12.963333,196.0,-0.027967,0.0,-0.027967,0.0,0.0,0.0,0.0,0.0,0.0,0.0,0.425381,0.630513,-0.205132,12.333333,2.590267,0.425381,1.414214,0.630513,1.336193
391,5464,62,96,14,14,42.368328,45.041455,2.673127,0,0.212101,0.221612,1,391,large_dark,196,1.0,1.0,0.0,13.21,33.65,75.54,0.483,0.0,5.304,0.0,0.0,0.0,0,0,0.0,0.0,0.0,57.608,3.494,0.0,0.0,unrouted,0.0,0.0,0.0,0.0,0.0,9.0,9.0,1.0,0.0,5.224889,0.062392,56.370556,1.0,0.0,0.0,0.0,0.0,0.0,0.0,1.0,0.0,0.502333,0.522,3.231222,3.494,0.0,0.0,0.0,0.0,0.0,76.963333,3.114444,13.025556,196.0,-0.024187,0.0,-0.024187,0.0,0.0,0.0,0.0,0.0,0.0,0.0,0.31427,0.603616,-0.289346,11.777778,2.547708,0.31427,1.414214,0.603616,1.336193
392,5464,62,96,14,14,42.567475,45.204858,2.637383,0,0.137866,0.144048,1,392,large_dark,196,1.0,1.0,5.73,13.91,34.69,74.38,0.462,0.0,5.364,0.0,0.0,0.0,0,0,0.0,0.0,0.0,57.51,3.615,0.0,0.0,unrouted,0.0,0.0,0.0,0.0,0.0,9.0,9.0,1.0,0.0,5.242778,0.075298,56.473444,1.0,0.0,0.0,0.0,0.0,0.0,0.0,1.0,0.0,0.495667,0.51,3.295444,3.615,0.0,0.0,0.0,0.0,0.0,76.546667,3.751111,13.165556,196.0,-0.024187,0.0,-0.024187,0.0,0.0,0.0,0.0,0.0,0.0,0.0,0.425381,0.576571,-0.15119,12.0,2.564949,0.31427,1.414214,0.576571,1.336193
393,5464,62,96,14,14,42.74677,45.352192,2.605422,0,0.089613,0.093631,1,393,large_dark,196,1.0,1.0,0.0,13.91,34.69,74.38,0.462,0.0,5.313,0.0,0.0,0.0,0,0,0.0,0.0,0.0,57.51,3.615,0.0,0.0,unrouted,0.0,0.0,0.0,0.0,0.0,9.0,9.0,1.0,0.0,5.260444,0.070921,56.729333,1.0,0.0,0.0,0.0,0.0,0.0,0.0,1.0,0.0,0.490333,0.508,3.352,3.615,0.0,0.0,0.0,0.0,0.0,76.166667,3.073333,13.28,196.0,-0.024187,0.0,-0.024187,0.0,0.0,0.0,0.0,0.0,0.0,0.0,0.425381,0.558991,-0.13361,11.222222,2.503256,0.31427,1.414214,0.558991,1.336193
394,5464,62,97,14,14,42.637601,45.233195,2.595594,0,0.058248,0.41086,1,394,large_dark,196,1.0,1.0,4.17,13.17,33.36,73.78,0.448,0.0,5.175,0.0,0.0,0.0,0,0,0.0,0.0,0.0,55.464,3.629,0.0,0.0,unrouted,0.0,0.0,0.0,0.0,0.0,9.0,9.0,1.0,0.0,5.255,0.075258,56.656,1.0,0.0,0.0,0.0,0.0,0.0,0.0,1.0,0.0,0.483667,0.508,3.407556,3.629,0.0,0.0,0.0,0.0,0.0,75.796667,2.982222,13.277778,196.0,-0.023054,0.0,-0.023054,0.0,0.0,0.0,0.0,0.0,0.0,0.0,0.536492,0.634363,-0.097871,11.555556,2.530163,0.425381,1.414214,0.634363,1.336193
395,5464,62,98,14,14,42.539406,45.121899,2.582493,0,0.037861,0.617059,1,395,large_dark,196,1.0,1.0,5.12,12.85,32.4,74.12,0.431,0.0,5.138,0.0,0.0,0.0,0,0,0.0,0.0,0.0,54.928,3.674,0.0,0.0,unrouted,0.0,0.0,0.0,0.0,0.0,9.0,9.0,1.0,0.0,5.250333,0.080858,56.523111,1.0,0.0,0.0,0.0,0.0,0.0,0.0,1.0,0.0,0.475111,0.504,3.468,3.674,0.0,0.0,0.0,0.0,0.0,75.465556,3.551111,13.24,196.0,-0.029101,0.0,-0.029101,0.0,0.0,0.0,0.0,0.0,0.0,0.0,0.536492,0.683354,-0.146862,11.888889,2.556366,0.536492,1.414214,0.683354,1.336193
396,5464,62,98,14,14,42.738223,45.265306,2.527083,0,0.02461,0.401088,1,396,large_dark,196,1.0,1.0,0.0,12.85,32.4,74.12,0.431,0.0,5.093,0.0,0.0,0.0,0,0,0.0,0.0,0.0,54.928,3.674,0.0,0.0,unrouted,0.0,0.0,0.0,0.0,0.0,9.0,9.0,1.0,0.0,5.237444,0.094512,56.413556,1.0,0.0,0.0,0.0,0.0,0.0,0.0,1.0,0.0,0.467,0.504,3.526778,3.674,0.0,0.0,0.0,0.0,0.0,75.114444,2.936667,13.221111,196.0,-0.013983,0.0,-0.013983,0.0,0.0,0.0,0.0,0.0,0.0,0.0,0.379357,0.60358,-0.224223,11.222222,2.503256,0.379357,1.414214,0.60358,1.059268
397,5464,62,98,14,14,42.572912,45.070728,2.497816,0,0.015996,0.260707,1,397,large_dark,196,1.0,1.0,4.75,13.27,33.08,73.08,0.437,0.0,4.944,0.0,0.0,0.0,0,0,0.0,0.0,0.0,52.463,3.643,0.0,0.0,unrouted,0.0,0.0,0.0,0.0,0.0,9.0,9.0,1.0,0.0,5.213444,0.131369,56.030111,1.0,0.0,0.0,0.0,0.0,0.0,0.0,1.0,0.0,0.459556,0.499,3.582111,3.674,0.0,0.0,0.0,0.0,0.0,74.647778,3.464444,13.248889,196.0,-0.013983,0.0,-0.013983,0.0,0.0,0.0,0.0,0.0,0.0,0.0,0.490468,0.587362,-0.096894,12.0,2.564949,0.379357,1.414214,0.587362,1.059268
398,5464,62,98,14,14,42.473806,44.934255,2.46045,0,0.010398,0.16946,1,398,large_dark,196,1.0,1.0,0.0,13.27,33.08,73.09,0.437,0.0,4.902,0.0,0.0,0.0,0,0,0.0,0.0,0.0,52.463,3.644,0.0,0.0,unrouted,0.0,0.0,0.0,0.0,0.0,9.0,9.0,1.0,0.0,5.176333,0.1631,55.609111,1.0,0.0,0.0,0.0,0.0,0.0,0.0,1.0,0.0,0.452667,0.483,3.609111,3.674,0.0,0.0,0.0,0.0,0.0,74.225556,2.83,13.294444,196.0,-0.004913,0.0,-0.004913,0.0,0.0,0.0,0.0,0.0,0.0,0.0,0.333333,0.498687,-0.165354,11.777778,2.547708,0.222222,1.0,0.498687,0.910788
399,5464,58,88,14,14,27.002161,29.697039,2.694877,0,-1.393242,-3.389851,1,399,large_dark,196,1.0,1.0,6.22,11.96,14.1,66.99,0.486,0.0,4.333,0.0,0.0,0.0,0,0,0.0,0.0,0.0,46.195,3.125,0.0,0.0,unrouted,0.0,0.0,0.0,0.0,0.0,9.0,9.0,1.0,0.0,5.062889,0.298744,54.341,1.0,0.0,0.0,0.0,0.0,0.0,0.0,1.0,0.0,0.453,0.486,3.568111,3.674,0.0,0.0,0.0,0.0,0.0,73.275556,2.887778,13.155556,196.0,-0.034228,0.0,-0.034228,0.0,0.0,0.0,0.0,0.0,0.0,0.0,1.633856,1.632644,0.001211,11.222222,2.503256,1.418926,10.77033,1.632644,10.931661
400,5111,104,108,14,14,43.716388,33.72707,-9.989318,0,0.791414,0.799152,1,400,large_dark,196,1.0,1.0,3.98,13.05,16.16,68.69,0.717,0.0,5.511,0.0,0.0,0.0,0,0,0.0,0.0,0.0,61.306,22.577,0.0,0.0,unrouted,0.0,0.0,0.0,0.0,0.0,9.0,9.0,1.0,0.0,5.590778,0.069575,62.382667,1.0,0.0,0.0,0.0,0.0,0.0,0.0,1.0,0.0,0.707889,0.719,10.741222,22.577,0.0,0.0,0.0,0.0,0.0,71.335556,2.623333,13.067778,196.0,0.024356,0.0,0.024356,0.0,0.0,0.0,0.0,0.0,0.0,0.0,0.988102,1.090732,-0.10263,11.888889,2.556366,0.73965,2.828427,1.090732,2.621132
401,5464,58,88,14,14,22.668637,25.415715,2.747077,0,-0.588645,-1.432212,1,401,large_dark,196,1.0,1.0,0.0,11.78,12.98,66.39,0.478,0.0,4.218,0.0,0.0,0.0,0,0,0.0,0.0,0.0,45.572,3.186,0.0,0.0,unrouted,0.0,0.0,0.0,0.0,0.0,9.0,9.0,1.0,0.0,4.820111,0.404753,51.677222,1.0,0.0,0.0,0.0,0.0,0.0,0.0,1.0,0.0,0.454222,0.486,3.486111,3.674,0.0,0.0,0.0,0.0,0.0,71.37,2.837778,12.76,196.0,-0.034228,0.0,-0.034228,0.0,0.0,0.0,0.0,0.0,0.0,0.0,1.522744,2.21804,-0.695295,11.333333,2.512306,1.418926,10.77033,2.21804,10.931661
402,4629,40,84,14,14,32.862374,31.028464,-1.83391,0,0.045675,0.52806,1,402,large_dark,196,1.0,1.0,4.13,11.42,17.74,61.81,0.434,0.0,4.106,0.0,0.0,0.0,0,0,0.0,0.0,0.0,43.263,11.584,0.0,0.0,unrouted,0.0,0.0,0.0,0.0,0.0,9.0,9.0,1.0,0.0,4.053333,0.112287,43.212667,1.0,0.0,0.0,0.0,0.0,0.0,0.0,1.0,0.0,0.444444,0.463,6.117,11.584,0.0,0.0,0.0,0.0,0.0,60.867778,2.765556,10.794444,196.0,0.019759,0.0,0.019759,0.0,0.0,0.0,0.0,0.0,0.0,0.0,0.555556,0.671329,-0.115773,12.111111,2.57346,0.555556,1.0,0.671329,1.015075
403,5933,0,84,14,14,31.022755,25.72037,-5.302384,0,0.0,0.345924,1,403,large_dark,196,1.0,1.0,0.0,11.13,41.66,55.2,0.722,0.0,4.181,0.0,0.0,0.0,0,0,0.0,0.0,0.0,44.682,13.379,0.0,0.0,unrouted,0.0,0.0,0.0,0.0,0.0,9.0,9.0,1.0,0.0,3.966778,0.248526,41.647889,1.0,0.0,0.0,0.0,0.0,0.0,0.0,1.0,0.0,0.683333,0.722,9.843667,13.379,0.0,0.0,0.0,0.0,0.0,53.996667,2.574444,11.003333,196.0,0.006196,0.0,0.006196,0.0,0.0,0.0,0.0,0.0,0.0,0.0,0.470674,0.689017,-0.218343,11.111111,2.494123,0.444444,2.0,0.689017,2.0
404,1,120,120,14,14,35.301778,38.33805,3.036272,0,0.074042,0.367231,1,404,large_dark,196,1.0,1.0,7.9,12.68,18.5,64.54,0.765,0.0,4.316,0.0,0.0,0.0,0,0,0.0,0.0,0.0,45.931,2.327,0.0,0.0,unrouted,0.0,0.0,0.0,0.0,0.0,9.0,9.0,1.0,0.0,4.528333,0.11147,48.468778,1.0,0.0,0.0,0.0,0.0,0.0,0.0,1.0,0.0,0.748889,0.765,2.312,2.386,0.0,0.0,0.0,0.0,0.0,65.702222,2.512222,13.992222,196.0,-0.005186,0.0,-0.005186,0.0,0.0,0.0,0.0,0.0,0.0,0.0,0.405587,0.91171,-0.506123,11.0,2.484907,0.536492,2.0,0.91171,1.76048
405,1,120,120,14,14,34.927163,37.961635,3.034472,0,0.048127,0.2387,1,405,large_dark,196,1.0,1.0,3.75,12.71,18.39,64.11,0.748,0.0,4.21,0.0,0.0,0.0,0,0,0.0,0.0,0.0,45.023,2.261,0.0,0.0,unrouted,0.0,0.0,0.0,0.0,0.0,9.0,9.0,1.0,0.0,4.472444,0.129509,47.853778,1.0,0.0,0.0,0.0,0.0,0.0,0.0,1.0,0.0,0.750889,0.765,2.311444,2.386,0.0,0.0,0.0,0.0,0.0,65.258889,2.928889,13.751111,196.0,-0.005186,0.0,-0.005186,0.0,0.0,0.0,0.0,0.0,0.0,0.0,0.529813,0.839167,-0.309354,10.888889,2.475604,0.536492,2.0,0.839167,1.76048
406,1,120,120,14,14,34.568514,37.575353,3.006838,0,0.031283,0.155155,1,406,large_dark,196,1.0,1.0,0.97,12.66,18.34,64.17,0.744,0.0,4.103,0.0,0.0,0.0,0,0,0.0,0.0,0.0,44.005,2.275,0.0,0.0,unrouted,0.0,0.0,0.0,0.0,0.0,9.0,9.0,1.0,0.0,4.420444,0.167794,47.352111,1.0,0.0,0.0,0.0,0.0,0.0,0.0,1.0,0.0,0.751111,0.765,2.314111,2.386,0.0,0.0,0.0,0.0,0.0,64.908889,2.692222,13.517778,196.0,-0.001784,0.0,-0.001784,0.0,0.0,0.0,0.0,0.0,0.0,0.0,0.529813,0.782788,-0.252976,10.0,2.397895,0.379357,2.0,0.782788,1.76048
407,1,120,121,14,14,33.929075,36.954766,3.025691,0,0.020334,0.450851,1,407,large_dark,196,1.0,1.0,4.4,11.51,14.95,64.29,0.742,0.0,3.889,0.0,0.0,0.0,0,0,0.0,0.0,0.0,41.523,2.213,0.0,0.0,unrouted,0.0,0.0,0.0,0.0,0.0,9.0,9.0,1.0,0.0,4.347778,0.229318,46.574667,1.0,0.0,0.0,0.0,0.0,0.0,0.0,1.0,0.0,0.751111,0.765,2.309889,2.386,0.0,0.0,0.0,0.0,0.0,64.572222,3.181111,13.156667,196.0,-0.006373,0.0,-0.006373,0.0,0.0,0.0,0.0,0.0,0.0,0.0,0.585368,0.773585,-0.188216,10.111111,2.407946,0.490468,2.0,0.773585,1.76048
408,1,120,121,14,14,33.224315,36.220486,2.996171,0,0.013217,0.293053,1,408,large_dark,196,1.0,1.0,0.0,11.51,14.95,64.3,0.742,0.0,3.85,0.0,0.0,0.0,0,0,0.0,0.0,0.0,41.523,2.209,0.0,0.0,unrouted,0.0,0.0,0.0,0.0,0.0,9.0,9.0,1.0,0.0,4.259222,0.249656,45.695556,1.0,0.0,0.0,0.0,0.0,0.0,0.0,1.0,0.0,0.752556,0.765,2.303889,2.386,0.0,0.0,0.0,0.0,0.0,64.424444,2.751111,12.813333,196.0,-0.006118,0.0,-0.006118,0.0,0.0,0.0,0.0,0.0,0.0,0.0,0.585368,0.733543,-0.148175,9.555556,2.356652,0.333333,2.0,0.733543,1.76048
409,1,120,121,14,14,28.152728,31.115814,2.963086,1,0.013217,0.293053,0,,,,,,,,,,,,,,,,,,,,,,,,,,,,,,,8.0,9.0,0.888889,0.111111,4.222,0.240103,45.365,1.0,0.0,0.0,0.0,0.0,0.0,0.0,1.0,0.0,0.752625,0.765,2.29925,2.386,0.0,0.0,0.0,0.0,0.0,64.44375,2.63125,12.58875,196.0,-0.006118,0.0,-0.006118,0.0,0.0,0.0,0.0,0.0,0.0,0.0,0.461142,0.634989,-0.173847,9.222222,2.324564,0.365928,2.0,0.634989,1.76048
410,5464,58,97,14,14,28.080632,30.870209,2.789577,0,-0.233872,0.897064,1,410,large_dark,196,1.0,1.0,4.13,14.6,35.12,69.98,0.416,0.0,4.842,0.0,0.0,0.0,0,0,0.0,0.0,0.0,50.876,3.292,0.0,0.0,unrouted,0.0,0.0,0.0,0.0,0.0,9.0,9.0,1.0,0.0,4.433667,0.282957,47.025111,1.0,0.0,0.0,0.0,0.0,0.0,0.0,1.0,0.0,0.455111,0.482,3.544778,3.771,0.0,0.0,0.0,0.0,0.0,67.621111,3.64,13.141111,196.0,0.036725,0.111111,0.036725,0.111111,0.0,0.0,0.0,0.0,0.0,0.0,1.433277,2.133415,-0.700137,9.444444,2.34607,1.433277,7.071068,2.133415,7.07764
411,5464,58,97,14,14,29.148622,31.955565,2.806943,0,-0.152017,0.583092,1,411,large_dark,196,1.0,1.0,0.0,14.6,35.14,70.01,0.416,0.0,4.805,0.0,0.0,0.0,0,0,0.0,0.0,0.0,50.876,3.292,0.0,0.0,unrouted,0.0,0.0,0.0,0.0,0.0,9.0,9.0,1.0,0.0,4.499889,0.292219,47.668444,1.0,0.0,0.0,0.0,0.0,0.0,0.0,1.0,0.0,0.447778,0.482,3.499111,3.771,0.0,0.0,0.0,0.0,0.0,68.091111,2.983333,13.468889,196.0,0.041058,0.111111,0.041058,0.111111,0.0,0.0,0.0,0.0,0.0,0.0,1.322166,1.998761,-0.676595,8.666667,2.268684,1.322166,7.071068,1.998761,7.07764
412,5464,58,97,14,14,29.892942,32.733835,2.840893,0,-0.098811,0.37901,1,412,large_dark,196,1.0,1.0,3.75,14.88,35.22,69.39,0.422,0.0,4.855,0.0,0.0,0.0,0,0,0.0,0.0,0.0,51.035,3.316,0.0,0.0,unrouted,0.0,0.0,0.0,0.0,0.0,9.0,9.0,1.0,0.0,4.577444,0.283417,48.329444,1.0,0.0,0.0,0.0,0.0,0.0,0.0,1.0,0.0,0.441111,0.482,3.456111,3.771,0.0,0.0,0.0,0.0,0.0,68.492222,3.4,13.827778,196.0,0.041058,0.111111,0.041058,0.111111,0.0,0.0,0.0,0.0,0.0,0.0,1.322166,1.962214,-0.640048,9.111111,2.313635,1.322166,7.071068,1.962214,7.07764
413,5464,58,97,14,14,30.787106,33.636401,2.849295,0,-0.064227,0.246356,1,413,large_dark,196,1.0,1.0,0.0,14.88,35.22,69.39,0.422,0.0,4.822,0.0,0.0,0.0,0,0,0.0,0.0,0.0,51.035,3.316,0.0,0.0,unrouted,0.0,0.0,0.0,0.0,0.0,9.0,9.0,1.0,0.0,4.638111,0.270543,48.936222,1.0,0.0,0.0,0.0,0.0,0.0,0.0,1.0,0.0,0.434667,0.482,3.405556,3.699,0.0,0.0,0.0,0.0,0.0,68.915556,2.602222,14.157778,196.0,0.033156,0.111111,0.033156,0.111111,0.0,0.0,0.0,0.0,0.0,0.0,1.165031,1.794353,-0.629321,8.555556,2.257123,1.165031,7.071068,1.794353,7.07764
414,5464,58,97,14,14,31.587063,34.446852,2.859788,0,-0.041748,0.160132,1,414,large_dark,196,1.0,1.0,5.02,15.05,34.75,68.9,0.42,0.0,4.76,0.0,0.0,0.0,0,0,0.0,0.0,0.0,49.653,3.358,0.0,0.0,unrouted,0.0,0.0,0.0,0.0,0.0,9.0,9.0,1.0,0.0,4.704222,0.213549,49.524778,1.0,0.0,0.0,0.0,0.0,0.0,0.0,1.0,0.0,0.428111,0.482,3.368111,3.699,0.0,0.0,0.0,0.0,0.0,69.262222,2.575556,14.496667,196.0,0.034176,0.111111,0.034176,0.111111,0.0,0.0,0.0,0.0,0.0,0.0,1.05392,1.674094,-0.620174,9.0,2.302585,1.05392,7.071068,1.674094,7.07764
415,5933,0,86,14,14,37.30243,33.181444,-4.120986,0,0.0,0.068974,1,415,large_dark,196,1.0,1.0,7.63,10.99,40.33,58.95,0.711,0.0,4.834,0.0,0.0,0.0,0,0,0.0,0.0,0.0,52.002,3.523,0.0,0.0,unrouted,0.0,0.0,0.0,0.0,0.0,9.0,9.0,1.0,0.0,4.657222,0.085407,50.263111,1.0,0.0,0.0,0.0,0.0,0.0,0.0,1.0,0.0,0.74,0.756,9.253333,11.404,0.0,0.0,0.0,0.0,0.0,57.277778,4.157778,10.928889,196.0,0.005924,0.0,0.005924,0.0,0.0,0.0,0.0,0.0,0.0,0.0,0.222222,0.360212,-0.137989,10.0,2.397895,0.222222,1.0,0.360212,0.959863
416,5933,0,86,14,14,37.440961,33.767664,-3.673297,0,0.0,0.044833,1,416,large_dark,196,1.0,1.0,0.0,10.99,40.32,58.94,0.711,0.0,4.767,0.0,0.0,0.0,0,0,0.0,0.0,0.0,52.002,3.522,0.0,0.0,unrouted,0.0,0.0,0.0,0.0,0.0,9.0,9.0,1.0,0.0,4.672222,0.091311,50.481333,1.0,0.0,0.0,0.0,0.0,0.0,0.0,1.0,0.0,0.736889,0.756,8.568889,11.404,0.0,0.0,0.0,0.0,0.0,57.722222,3.731111,10.964444,196.0,0.005924,0.0,0.005924,0.0,0.0,0.0,0.0,0.0,0.0,0.0,0.222222,0.35732,-0.135098,9.777778,2.377486,0.222222,1.0,0.35732,0.959863
417,5464,54,92,14,14,31.404485,34.349468,2.944983,0,-0.40084,-0.695399,1,417,large_dark,196,1.0,1.0,3.74,13.65,25.35,65.24,0.434,0.0,4.937,0.0,0.0,0.0,0,0,0.0,0.0,0.0,52.47,3.014,0.0,0.0,unrouted,0.0,0.0,0.0,0.0,0.0,9.0,9.0,1.0,0.0,4.821,0.05724,50.791222,1.0,0.0,0.0,0.0,0.0,0.0,0.0,1.0,0.0,0.420778,0.434,3.163556,3.358,0.0,0.0,0.0,0.0,0.0,68.417778,2.766667,14.593333,196.0,-0.018846,0.0,-0.018846,0.0,0.0,0.0,0.0,0.0,0.0,0.0,1.165031,1.929742,-0.764711,10.666667,2.456736,1.165031,7.071068,1.929742,7.156202
418,5933,0,86,14,14,37.491887,34.59669,-2.895197,0,0.0,0.018942,1,418,large_dark,196,1.0,1.0,0.0,11.1,39.48,60.31,0.714,0.0,4.595,0.0,0.0,0.0,0,0,0.0,0.0,0.0,49.837,4.551,0.0,0.0,unrouted,0.0,0.0,0.0,0.0,0.0,9.0,9.0,1.0,0.0,4.668444,0.091934,50.414111,1.0,0.0,0.0,0.0,0.0,0.0,0.0,1.0,0.0,0.731333,0.756,7.346556,11.404,0.0,0.0,0.0,0.0,0.0,58.771111,3.607778,11.042222,196.0,0.000255,0.0,0.000255,0.0,0.0,0.0,0.0,0.0,0.0,0.0,0.111111,0.252027,-0.140916,10.222222,2.417896,0.111111,1.0,0.252027,0.623911
419,5933,0,86,14,14,37.535738,35.120293,-2.415444,0,0.0,0.012312,1,419,large_dark,196,1.0,1.0,9.46,10.76,38.03,59.92,0.716,0.0,4.571,0.0,0.0,0.0,0,0,0.0,0.0,0.0,48.578,4.525,0.0,0.0,unrouted,0.0,0.0,0.0,0.0,0.0,9.0,9.0,1.0,0.0,4.667111,0.093241,50.373556,1.0,0.0,0.0,0.0,0.0,0.0,0.0,1.0,0.0,0.728,0.756,6.582222,11.404,0.0,0.0,0.0,0.0,0.0,58.988889,3.833333,11.004444,196.0,0.0,0.0,0.0,0.0,0.0,0.0,0.0,0.0,0.0,0.0,0.0,0.184808,-0.184808,11.0,2.484907,0.0,0.0,0.184808,0.594458
420,5933,0,86,14,14,37.756224,36.504713,-1.251511,0,0.0,0.008003,1,420,large_dark,196,1.0,1.0,6.52,10.71,37.37,60.56,0.703,0.0,4.69,0.0,0.0,0.0,0,0,0.0,0.0,0.0,50.364,1.633,0.0,0.0,unrouted,0.0,0.0,0.0,0.0,0.0,9.0,9.0,1.0,0.0,4.686222,0.076918,50.531,1.0,0.0,0.0,0.0,0.0,0.0,0.0,1.0,0.0,0.723333,0.756,5.496556,10.395,0.0,0.0,0.0,0.0,0.0,59.277778,4.554444,10.961111,196.0,0.0,0.0,0.0,0.0,0.0,0.0,0.0,0.0,0.0,0.0,0.0,0.120125,-0.120125,12.0,2.564949,0.0,0.0,0.120125,0.386398
421,5933,0,86,14,14,37.711239,37.097839,-0.6134,0,0.0,0.005202,1,421,large_dark,196,1.0,1.0,0.04,10.71,37.42,60.57,0.703,0.0,4.632,0.0,0.0,0.0,0,0,0.0,0.0,0.0,50.364,1.633,0.0,0.0,unrouted,0.0,0.0,0.0,0.0,0.0,9.0,9.0,1.0,0.0,4.676667,0.077715,50.486889,1.0,0.0,0.0,0.0,0.0,0.0,0.0,1.0,0.0,0.717444,0.756,4.523,10.395,0.0,0.0,0.0,0.0,0.0,59.528889,3.814444,10.924444,196.0,0.0,0.0,0.0,0.0,0.0,0.0,0.0,0.0,0.0,0.0,0.0,0.078081,-0.078081,11.666667,2.538974,0.0,0.0,0.078081,0.251158
422,5933,0,86,14,14,37.830908,39.655475,1.824567,0,0.0,0.003381,1,422,large_dark,196,1.0,1.0,8.0,10.51,36.42,60.87,0.7,0.0,4.756,0.0,0.0,0.0,0,0,0.0,0.0,0.0,51.078,1.77,0.0,0.0,unrouted,0.0,0.0,0.0,0.0,0.0,9.0,9.0,1.0,0.0,4.687444,0.081167,50.522111,1.0,0.0,0.0,0.0,0.0,0.0,0.0,1.0,0.0,0.711222,0.729,3.564667,6.374,0.0,0.0,0.0,0.0,0.0,59.813333,4.703333,10.865556,196.0,0.0,0.0,0.0,0.0,0.0,0.0,0.0,0.0,0.0,0.0,0.0,0.050753,-0.050753,13.0,2.639057,0.0,0.0,0.050753,0.163253
423,5933,0,86,14,14,37.836135,40.389413,2.553278,0,0.0,0.002198,1,423,large_dark,196,1.0,1.0,0.0,10.51,36.42,60.87,0.7,0.0,4.686,0.0,0.0,0.0,0,0,0.0,0.0,0.0,51.078,1.77,0.0,0.0,unrouted,0.0,0.0,0.0,0.0,0.0,9.0,9.0,1.0,0.0,4.686556,0.081134,50.571111,1.0,0.0,0.0,0.0,0.0,0.0,0.0,1.0,0.0,0.708,0.716,3.053111,4.551,0.0,0.0,0.0,0.0,0.0,60.146667,4.18,10.82,196.0,0.0,0.0,0.0,0.0,0.0,0.0,0.0,0.0,0.0,0.0,0.0,0.032989,-0.032989,12.444444,2.598566,0.0,0.0,0.032989,0.106114
424,5464,53,92,14,14,38.629086,41.536484,2.907398,0,-0.284252,-0.03409,1,424,large_dark,196,1.0,1.0,3.11,13.46,24.23,64.92,0.457,0.0,4.986,0.0,0.0,0.0,0,0,0.0,0.0,0.0,53.361,2.965,0.0,0.0,unrouted,0.0,0.0,0.0,0.0,0.0,9.0,9.0,1.0,0.0,4.910889,0.053604,52.355444,1.0,0.0,0.0,0.0,0.0,0.0,0.0,1.0,0.0,0.443111,0.464,2.999333,3.119,0.0,0.0,0.0,0.0,0.0,65.005556,2.752222,13.593333,196.0,0.003058,0.0,0.003058,0.0,0.0,0.0,0.0,0.0,0.0,0.0,0.444444,1.123841,-0.679396,12.555556,2.606796,0.444444,1.0,1.123841,2.42224
425,5464,54,92,14,14,39.64475,42.538001,2.893251,0,0.165236,-0.022159,1,425,large_dark,196,1.0,1.0,9.31,12.59,21.47,65.03,0.473,0.0,5.434,0.0,0.0,0.0,0,0,0.0,0.0,0.0,58.778,3.15,0.0,0.0,unrouted,0.0,0.0,0.0,0.0,0.0,9.0,9.0,1.0,0.0,4.980778,0.164767,53.228,1.0,0.0,0.0,0.0,0.0,0.0,0.0,1.0,0.0,0.449444,0.473,3.039667,3.15,0.0,0.0,0.0,0.0,0.0,64.831111,3.786667,13.394444,196.0,-0.005864,0.0,-0.005864,0.0,0.0,0.0,0.0,0.0,0.0,0.0,0.555556,0.997448,-0.441892,13.111111,2.646963,0.555556,1.0,0.997448,2.406073
426,5464,54,92,14,14,40.756469,43.6172,2.860731,0,0.107403,-0.014403,1,426,large_dark,196,1.0,1.0,0.0,12.6,21.47,64.99,0.473,0.0,5.352,0.0,0.0,0.0,0,0,0.0,0.0,0.0,58.778,3.151,0.0,0.0,unrouted,0.0,0.0,0.0,0.0,0.0,9.0,9.0,1.0,0.0,5.026889,0.200302,53.928889,1.0,0.0,0.0,0.0,0.0,0.0,0.0,1.0,0.0,0.453778,0.473,3.054889,3.151,0.0,0.0,0.0,0.0,0.0,64.803333,3.371111,13.277778,196.0,-0.000766,0.0,-0.000766,0.0,0.0,0.0,0.0,0.0,0.0,0.0,0.444444,0.74863,-0.304186,12.222222,2.581899,0.444444,1.0,0.74863,1.30497
427,5464,54,92,14,14,41.255562,44.10026,2.844697,0,0.069812,-0.009362,1,427,large_dark,196,1.0,1.0,2.26,12.59,21.05,65.21,0.486,0.0,5.368,0.0,0.0,0.0,0,0,0.0,0.0,0.0,58.793,3.162,0.0,0.0,unrouted,0.0,0.0,0.0,0.0,0.0,9.0,9.0,1.0,0.0,5.078444,0.220711,54.631444,1.0,0.0,0.0,0.0,0.0,0.0,0.0,1.0,0.0,0.459556,0.486,3.071556,3.162,0.0,0.0,0.0,0.0,0.0,64.802222,3.622222,13.16,196.0,-0.000766,0.0,-0.000766,0.0,0.0,0.0,0.0,0.0,0.0,0.0,0.444444,0.671487,-0.227043,13.333333,2.662588,0.444444,1.0,0.671487,1.30497
428,5464,54,92,14,14,41.704343,44.541735,2.837392,0,0.045378,-0.006085,1,428,large_dark,196,1.0,1.0,0.28,12.59,21.12,65.21,0.485,0.0,5.338,0.0,0.0,0.0,0,0,0.0,0.0,0.0,58.638,3.162,0.0,0.0,unrouted,0.0,0.0,0.0,0.0,0.0,9.0,9.0,1.0,0.0,5.128889,0.222381,55.390111,1.0,0.0,0.0,0.0,0.0,0.0,0.0,1.0,0.0,0.464222,0.486,3.076333,3.162,0.0,0.0,0.0,0.0,0.0,64.888889,3.074444,13.051111,196.0,-0.000766,0.0,-0.000766,0.0,0.0,0.0,0.0,0.0,0.0,0.0,0.444444,0.621344,-0.1769,12.444444,2.598566,0.444444,1.0,0.621344,1.30497
429,5464,54,93,14,14,42.041995,44.857441,2.815446,0,0.029496,0.346045,1,429,large_dark,196,1.0,1.0,5.05,13.13,24.77,65.3,0.485,0.0,5.454,0.0,0.0,0.0,0,0,0.0,0.0,0.0,59.103,3.117,0.0,0.0,unrouted,0.0,0.0,0.0,0.0,0.0,9.0,9.0,1.0,0.0,5.189778,0.227969,56.191,1.0,0.0,0.0,0.0,0.0,0.0,0.0,1.0,0.0,0.469444,0.486,3.095889,3.162,0.0,0.0,0.0,0.0,0.0,64.941111,3.116667,12.966667,196.0,-0.018906,0.0,-0.018906,0.0,0.0,0.0,0.0,0.0,0.0,0.0,0.444444,0.635348,-0.190903,12.0,2.564949,0.444444,1.0,0.635348,1.30497
430,5464,54,93,14,14,42.76139,45.558408,2.797018,0,0.019172,0.224929,1,430,large_dark,196,1.0,1.0,3.69,13.15,24.28,65.04,0.493,0.0,5.632,0.0,0.0,0.0,0,0,0.0,0.0,0.0,61.529,3.12,0.0,0.0,unrouted,0.0,0.0,0.0,0.0,0.0,9.0,9.0,1.0,0.0,5.274444,0.23488,57.253333,1.0,0.0,0.0,0.0,0.0,0.0,0.0,1.0,0.0,0.475556,0.493,3.115778,3.162,0.0,0.0,0.0,0.0,0.0,64.964444,3.498889,12.888889,196.0,-0.018906,0.0,-0.018906,0.0,0.0,0.0,0.0,0.0,0.0,0.0,0.444444,0.618588,-0.174143,12.888889,2.631089,0.444444,1.0,0.618588,1.30497
431,5464,54,93,14,14,43.564448,46.338711,2.774262,0,0.012462,0.146204,1,431,large_dark,196,1.0,1.0,0.02,13.15,24.3,65.05,0.493,0.0,5.6,0.0,0.0,0.0,0,0,0.0,0.0,0.0,61.53,3.12,0.0,0.0,unrouted,0.0,0.0,0.0,0.0,0.0,9.0,9.0,1.0,0.0,5.342556,0.230489,58.184444,1.0,0.0,0.0,0.0,0.0,0.0,0.0,1.0,0.0,0.478778,0.493,3.117222,3.162,0.0,0.0,0.0,0.0,0.0,65.026667,2.635556,12.912222,196.0,-0.014573,0.0,-0.014573,0.0,0.0,0.0,0.0,0.0,0.0,0.0,0.333333,0.498674,-0.16534,11.666667,2.538974,0.333333,1.0,0.498674,1.284705
432,5464,51,90,14,14,41.50719,44.362241,2.855051,0,-1.0419,-0.954968,1,432,large_dark,196,1.0,1.0,2.93,12.81,17.53,63.8,0.486,0.0,5.419,0.0,0.0,0.0,0,0,0.0,0.0,0.0,59.623,3.02,0.0,0.0,unrouted,0.0,0.0,0.0,0.0,0.0,9.0,9.0,1.0,0.0,5.398111,0.17537,58.903667,1.0,0.0,0.0,0.0,0.0,0.0,0.0,1.0,0.0,0.481222,0.493,3.107444,3.162,0.0,0.0,0.0,0.0,0.0,64.95,2.961111,12.896667,196.0,-0.047453,0.0,-0.047453,0.0,0.0,0.0,0.0,0.0,0.0,0.0,0.804738,0.963181,-0.158444,12.444444,2.598566,0.804738,4.242641,0.963181,4.355861
433,5464,51,90,14,14,41.778417,44.606213,2.827796,0,-0.677235,-0.620729,1,433,large_dark,196,1.0,1.0,0.02,12.83,17.53,63.79,0.486,0.0,5.394,0.0,0.0,0.0,0,0,0.0,0.0,0.0,59.625,3.02,0.0,0.0,unrouted,0.0,0.0,0.0,0.0,0.0,9.0,9.0,1.0,0.0,5.443444,0.099151,59.599667,1.0,0.0,0.0,0.0,0.0,0.0,0.0,1.0,0.0,0.484444,0.493,3.113556,3.162,0.0,0.0,0.0,0.0,0.0,64.824444,2.617778,12.826667,196.0,-0.048982,0.0,-0.048982,0.0,0.0,0.0,0.0,0.0,0.0,0.0,0.693627,0.99773,-0.304103,11.444444,2.521274,0.693627,4.242641,0.99773,4.355861
434,5933,0,88,14,14,38.781313,41.404268,2.622956,0,0.0,0.069746,1,434,large_dark,196,1.0,1.0,4.32,10.9,39.58,60.48,0.685,0.0,4.99,0.0,0.0,0.0,0,0,0.0,0.0,0.0,54.278,1.627,0.0,0.0,unrouted,0.0,0.0,0.0,0.0,0.0,9.0,9.0,1.0,0.0,4.815556,0.074059,52.239222,1.0,0.0,0.0,0.0,0.0,0.0,0.0,1.0,0.0,0.708,0.727,2.521,6.158,0.0,0.0,0.0,0.0,0.0,61.094444,3.371111,10.981111,196.0,-0.000378,0.0,-0.000378,0.0,0.0,0.0,0.0,0.0,0.0,0.0,0.111111,0.297566,-0.186455,11.444444,2.521274,0.111111,1.0,0.297566,0.937357
435,5933,0,88,14,14,38.871896,41.874101,3.002206,0,0.0,0.045335,1,435,large_dark,196,1.0,1.0,7.52,10.96,38.78,61.52,0.682,0.0,4.868,0.0,0.0,0.0,0,0,0.0,0.0,0.0,52.378,1.606,0.0,0.0,unrouted,0.0,0.0,0.0,0.0,0.0,9.0,9.0,1.0,0.0,4.822667,0.075663,52.226556,1.0,0.0,0.0,0.0,0.0,0.0,0.0,1.0,0.0,0.703,0.72,2.015222,3.265,0.0,0.0,0.0,0.0,0.0,61.075556,4.206667,10.967778,196.0,-0.000378,0.0,-0.000378,0.0,0.0,0.0,0.0,0.0,0.0,0.0,0.111111,0.266323,-0.155212,12.333333,2.590267,0.111111,1.0,0.266323,0.937357
436,5933,0,88,14,14,38.887328,41.893333,3.006006,0,0.0,0.029468,1,436,large_dark,196,1.0,1.0,0.0,10.96,38.78,61.51,0.682,0.0,4.802,0.0,0.0,0.0,0,0,0.0,0.0,0.0,52.378,1.606,0.0,0.0,unrouted,0.0,0.0,0.0,0.0,0.0,9.0,9.0,1.0,0.0,4.822222,0.075771,52.258778,1.0,0.0,0.0,0.0,0.0,0.0,0.0,1.0,0.0,0.698778,0.72,1.830889,2.763,0.0,0.0,0.0,0.0,0.0,61.065556,3.76,10.972222,196.0,-0.000378,0.0,-0.000378,0.0,0.0,0.0,0.0,0.0,0.0,0.0,0.111111,0.246016,-0.134905,11.222222,2.503256,0.111111,1.0,0.246016,0.937357
437,5933,0,88,14,14,39.042218,42.050924,3.008706,0,0.0,0.019154,1,437,large_dark,196,1.0,1.0,10.44,10.99,37.66,61.0,0.693,0.0,4.921,0.0,0.0,0.0,0,0,0.0,0.0,0.0,52.726,2.497,0.0,0.0,unrouted,0.0,0.0,0.0,0.0,0.0,9.0,9.0,1.0,0.0,4.839,0.078999,52.329667,1.0,0.0,0.0,0.0,0.0,0.0,0.0,1.0,0.0,0.695778,0.716,1.801333,2.497,0.0,0.0,0.0,0.0,0.0,60.998889,4.918889,10.981111,196.0,-0.000378,0.0,-0.000378,0.0,0.0,0.0,0.0,0.0,0.0,0.0,0.111111,0.232816,-0.121705,12.111111,2.57346,0.111111,1.0,0.232816,0.937357
438,5933,0,88,14,14,39.156892,42.167998,3.011106,0,0.0,0.01245,1,438,large_dark,196,1.0,1.0,0.01,10.99,37.67,61.02,0.692,0.0,4.828,0.0,0.0,0.0,0,0,0.0,0.0,0.0,52.726,2.497,0.0,0.0,unrouted,0.0,0.0,0.0,0.0,0.0,9.0,9.0,1.0,0.0,4.851333,0.066697,52.585556,1.0,0.0,0.0,0.0,0.0,0.0,0.0,1.0,0.0,0.693111,0.704,1.880333,2.497,0.0,0.0,0.0,0.0,0.0,61.097778,3.871111,11.012222,196.0,-0.000378,0.0,-0.000378,0.0,0.0,0.0,0.0,0.0,0.0,0.0,0.111111,0.224236,-0.113125,11.888889,2.556366,0.111111,1.0,0.224236,0.937357
439,5933,0,88,14,14,39.336026,42.329426,2.9934,0,0.0,0.008093,1,439,large_dark,196,1.0,1.0,9.01,11.17,37.0,61.09,0.682,0.0,4.941,0.0,0.0,0.0,0,0,0.0,0.0,0.0,53.067,4.355,0.0,0.0,unrouted,0.0,0.0,0.0,0.0,0.0,9.0,9.0,1.0,0.0,4.858778,0.072314,52.640889,1.0,0.0,0.0,0.0,0.0,0.0,0.0,1.0,0.0,0.690667,0.704,2.160778,4.355,0.0,0.0,0.0,0.0,0.0,61.105556,4.131111,11.022222,196.0,0.0,0.0,0.0,0.0,0.0,0.0,0.0,0.0,0.0,0.0,0.0,0.121468,-0.121468,12.111111,2.57346,0.0,0.0,0.121468,0.390718
440,5933,0,88,14,14,39.592495,42.591195,2.9987,0,0.0,0.00526,1,440,large_dark,196,1.0,1.0,6.57,11.17,36.76,62.53,0.651,0.0,5.002,0.0,0.0,0.0,0,0,0.0,0.0,0.0,54.025,3.311,0.0,0.0,unrouted,0.0,0.0,0.0,0.0,0.0,9.0,9.0,1.0,0.0,4.884444,0.077418,52.866,1.0,0.0,0.0,0.0,0.0,0.0,0.0,1.0,0.0,0.684778,0.698,2.325222,4.355,0.0,0.0,0.0,0.0,0.0,61.271111,4.832222,11.035556,196.0,0.0,0.0,0.0,0.0,0.0,0.0,0.0,0.0,0.0,0.0,0.0,0.078954,-0.078954,12.888889,2.631089,0.0,0.0,0.078954,0.253967
441,5933,0,88,14,14,39.726046,42.66264,2.936594,0,0.0,0.003419,1,441,large_dark,196,1.0,1.0,0.0,11.17,36.76,62.53,0.651,0.0,4.944,0.0,0.0,0.0,0,0,0.0,0.0,0.0,54.025,3.311,0.0,0.0,unrouted,0.0,0.0,0.0,0.0,0.0,9.0,9.0,1.0,0.0,4.897222,0.0767,53.079,1.0,0.0,0.0,0.0,0.0,0.0,0.0,1.0,0.0,0.679556,0.698,2.502778,4.355,0.0,0.0,0.0,0.0,0.0,61.424444,4.207778,11.044444,196.0,0.0,0.0,0.0,0.0,0.0,0.0,0.0,0.0,0.0,0.0,0.0,0.05132,-0.05132,12.555556,2.606796,0.0,0.0,0.05132,0.165078
442,5933,0,88,14,14,39.996363,42.826969,2.830606,0,0.0,0.002222,1,442,large_dark,196,1.0,1.0,5.3,11.11,35.74,63.24,0.65,0.0,5.043,0.0,0.0,0.0,0,0,0.0,0.0,0.0,54.681,3.249,0.0,0.0,unrouted,0.0,0.0,0.0,0.0,0.0,9.0,9.0,1.0,0.0,4.926556,0.076359,53.364889,1.0,0.0,0.0,0.0,0.0,0.0,0.0,1.0,0.0,0.674222,0.693,2.673222,4.355,0.0,0.0,0.0,0.0,0.0,61.657778,4.796667,11.046667,196.0,0.0,0.0,0.0,0.0,0.0,0.0,0.0,0.0,0.0,0.0,0.0,0.033358,-0.033358,13.888889,2.700615,0.0,0.0,0.033358,0.107301
443,5933,0,88,14,14,40.014926,42.73196,2.717033,0,0.0,0.001445,1,443,large_dark,196,1.0,1.0,0.0,11.11,35.74,63.24,0.65,0.0,4.996,0.0,0.0,0.0,0,0,0.0,0.0,0.0,54.681,3.248,0.0,0.0,unrouted,0.0,0.0,0.0,0.0,0.0,9.0,9.0,1.0,0.0,4.927222,0.076934,53.409667,1.0,0.0,0.0,0.0,0.0,0.0,0.0,1.0,0.0,0.670333,0.693,2.853333,4.355,0.0,0.0,0.0,0.0,0.0,61.964444,4.316667,11.07,196.0,0.0,0.0,0.0,0.0,0.0,0.0,0.0,0.0,0.0,0.0,0.0,0.021683,-0.021683,13.555556,2.677973,0.0,0.0,0.021683,0.069746
444,5933,0,88,14,14,40.117527,42.649877,2.53235,0,0.0,0.000939,1,444,large_dark,196,1.0,1.0,6.51,10.99,34.96,63.18,0.672,0.0,4.972,0.0,0.0,0.0,0,0,0.0,0.0,0.0,53.755,4.177,0.0,0.0,unrouted,0.0,0.0,0.0,0.0,0.0,9.0,9.0,1.0,0.0,4.938778,0.074956,53.562667,1.0,0.0,0.0,0.0,0.0,0.0,0.0,1.0,0.0,0.669222,0.693,3.139,4.355,0.0,0.0,0.0,0.0,0.0,62.148889,4.204444,11.073333,196.0,0.0,0.0,0.0,0.0,0.0,0.0,0.0,0.0,0.0,0.0,0.0,0.014094,-0.014094,13.777778,2.693125,0.0,0.0,0.014094,0.045335
445,5933,0,88,14,14,40.306365,41.666515,1.36015,0,0.0,0.00061,1,445,large_dark,196,1.0,1.0,7.38,10.8,34.39,62.78,0.646,0.0,4.987,0.0,0.0,0.0,0,0,0.0,0.0,0.0,53.824,7.213,0.0,0.0,unrouted,0.0,0.0,0.0,0.0,0.0,9.0,9.0,1.0,0.0,4.959333,0.0581,53.723333,1.0,0.0,0.0,0.0,0.0,0.0,0.0,1.0,0.0,0.665222,0.693,3.762,7.213,0.0,0.0,0.0,0.0,0.0,62.29,5.024444,11.055556,196.0,0.0,0.0,0.0,0.0,0.0,0.0,0.0,0.0,0.0,0.0,0.0,0.009161,-0.009161,15.333333,2.793208,0.0,0.0,0.009161,0.029468
446,5464,52,90,14,14,52.579886,41.369997,-11.209889,0,0.004745,-0.002295,1,446,large_dark,196,1.0,1.0,0.33,12.49,15.07,62.93,0.462,0.0,6.339,0.0,0.0,0.0,0,0,0.0,0.0,0.0,71.643,2.998,0.0,0.0,unrouted,0.0,0.0,0.0,0.0,0.0,9.0,9.0,1.0,0.0,6.326667,0.0932,71.345,1.0,0.0,0.0,0.0,0.0,0.0,0.0,1.0,0.0,0.475667,0.486,3.010444,3.06,0.0,0.0,0.0,0.0,0.0,63.527778,1.83,12.471111,196.0,0.0,0.0,0.0,0.0,0.0,0.0,0.0,0.0,0.0,0.0,0.0,0.079119,-0.079119,14.555556,2.744418,0.0,0.0,0.079119,0.254497
447,5464,52,90,14,14,52.926089,41.714722,-11.211367,0,0.003084,-0.001492,1,447,large_dark,196,1.0,1.0,4.21,12.31,14.06,62.32,0.475,0.0,6.519,0.0,0.0,0.0,0,0,0.0,0.0,0.0,73.635,2.997,0.0,0.0,unrouted,0.0,0.0,0.0,0.0,0.0,9.0,9.0,1.0,0.0,6.366111,0.091107,71.796111,1.0,0.0,0.0,0.0,0.0,0.0,0.0,1.0,0.0,0.475222,0.486,3.013333,3.06,0.0,0.0,0.0,0.0,0.0,63.373333,2.297778,12.475556,196.0,0.0,0.0,0.0,0.0,0.0,0.0,0.0,0.0,0.0,0.0,0.0,0.051428,-0.051428,15.0,2.772589,0.0,0.0,0.051428,0.165423
448,5464,52,90,14,14,53.017755,41.803521,-11.214233,0,0.002005,-0.00097,1,448,large_dark,196,1.0,1.0,0.01,12.31,14.07,62.31,0.475,0.0,6.482,0.0,0.0,0.0,0,0,0.0,0.0,0.0,73.638,2.996,0.0,0.0,unrouted,0.0,0.0,0.0,0.0,0.0,9.0,9.0,1.0,0.0,6.376111,0.098073,71.986,1.0,0.0,0.0,0.0,0.0,0.0,0.0,1.0,0.0,0.474556,0.486,3.018667,3.06,0.0,0.0,0.0,0.0,0.0,63.267778,1.886667,12.452222,196.0,0.0,0.0,0.0,0.0,0.0,0.0,0.0,0.0,0.0,0.0,0.0,0.033428,-0.033428,13.888889,2.700615,0.0,0.0,0.033428,0.107525
449,5464,52,90,14,14,53.261496,42.04653,-11.214967,0,0.001303,-0.00063,1,449,large_dark,196,1.0,1.0,2.38,12.32,13.2,61.55,0.502,0.0,6.498,0.0,0.0,0.0,0,0,0.0,0.0,0.0,73.718,3.046,0.0,0.0,unrouted,0.0,0.0,0.0,0.0,0.0,9.0,9.0,1.0,0.0,6.405111,0.090983,72.392889,1.0,0.0,0.0,0.0,0.0,0.0,0.0,1.0,0.0,0.476333,0.502,3.017333,3.06,0.0,0.0,0.0,0.0,0.0,63.013333,1.755556,12.436667,196.0,0.0,0.0,0.0,0.0,0.0,0.0,0.0,0.0,0.0,0.0,0.0,0.021728,-0.021728,13.555556,2.677973,0.0,0.0,0.021728,0.069891
450,5464,52,90,14,14,53.542408,42.329864,-11.212544,0,0.000847,-0.00041,1,450,large_dark,196,1.0,1.0,3.13,12.26,12.3,61.46,0.481,0.0,6.499,0.0,0.0,0.0,0,0,0.0,0.0,0.0,73.693,3.032,0.0,0.0,unrouted,0.0,0.0,0.0,0.0,0.0,9.0,9.0,1.0,0.0,6.437667,0.061583,72.797,1.0,0.0,0.0,0.0,0.0,0.0,0.0,1.0,0.0,0.475889,0.502,3.014222,3.046,0.0,0.0,0.0,0.0,0.0,62.748889,2.103333,12.413333,196.0,0.0,0.0,0.0,0.0,0.0,0.0,0.0,0.0,0.0,0.0,0.0,0.014123,-0.014123,14.0,2.70805,0.0,0.0,0.014123,0.045429
451,5464,52,90,14,14,53.576945,42.363539,-11.213406,0,0.000551,-0.000266,1,451,large_dark,196,1.0,1.0,0.12,12.28,12.24,61.48,0.482,0.0,6.474,0.0,0.0,0.0,0,0,0.0,0.0,0.0,73.707,3.032,0.0,0.0,unrouted,0.0,0.0,0.0,0.0,0.0,9.0,9.0,1.0,0.0,6.441889,0.062618,72.911556,1.0,0.0,0.0,0.0,0.0,0.0,0.0,1.0,0.0,0.476444,0.502,3.014778,3.046,0.0,0.0,0.0,0.0,0.0,62.473333,1.877778,12.392222,196.0,0.0,0.0,0.0,0.0,0.0,0.0,0.0,0.0,0.0,0.0,0.0,0.00918,-0.00918,12.666667,2.61496,0.0,0.0,0.00918,0.029529
452,5464,52,90,14,14,53.571856,42.364512,-11.207344,0,0.000358,-0.000173,1,452,large_dark,196,1.0,1.0,2.56,12.08,11.64,61.15,0.485,0.0,6.414,0.0,0.0,0.0,0,0,0.0,0.0,0.0,72.807,2.933,0.0,0.0,unrouted,0.0,0.0,0.0,0.0,0.0,9.0,9.0,1.0,0.0,6.441556,0.062757,72.926111,1.0,0.0,0.0,0.0,0.0,0.0,0.0,1.0,0.0,0.477333,0.502,3.004222,3.046,0.0,0.0,0.0,0.0,0.0,62.162222,2.162222,12.348889,196.0,0.0,0.0,0.0,0.0,0.0,0.0,0.0,0.0,0.0,0.0,0.0,0.005967,-0.005967,13.666667,2.685577,0.0,0.0,0.005967,0.019194
453,5464,52,90,14,14,53.586674,42.383057,-11.203617,0,0.000233,-0.000113,1,453,large_dark,196,1.0,1.0,0.11,12.08,11.69,61.18,0.486,0.0,6.394,0.0,0.0,0.0,0,0,0.0,0.0,0.0,72.816,2.935,0.0,0.0,unrouted,0.0,0.0,0.0,0.0,0.0,9.0,9.0,1.0,0.0,6.443889,0.060515,73.042889,1.0,0.0,0.0,0.0,0.0,0.0,0.0,1.0,0.0,0.478889,0.502,2.996333,3.046,0.0,0.0,0.0,0.0,0.0,61.926667,1.824444,12.296667,196.0,0.0,0.0,0.0,0.0,0.0,0.0,0.0,0.0,0.0,0.0,0.0,0.003879,-0.003879,12.777778,2.623057,0.0,0.0,0.003879,0.012476
454,5464,52,90,14,14,54.087152,42.885274,-11.201878,0,0.000151,-7.3e-05,1,454,large_dark,196,1.0,1.0,3.3,11.62,10.29,60.81,0.493,0.0,6.914,0.0,0.0,0.0,0,0,0.0,0.0,0.0,79.216,2.931,0.0,0.0,unrouted,0.0,0.0,0.0,0.0,0.0,9.0,9.0,1.0,0.0,6.503667,0.155347,73.874778,1.0,0.0,0.0,0.0,0.0,0.0,0.0,1.0,0.0,0.482333,0.502,2.988889,3.046,0.0,0.0,0.0,0.0,0.0,61.687778,1.794444,12.194444,196.0,0.0,0.0,0.0,0.0,0.0,0.0,0.0,0.0,0.0,0.0,0.0,0.002521,-0.002521,12.0,2.564949,0.0,0.0,0.002521,0.008109
455,5464,52,90,14,14,54.622717,43.427373,-11.195344,0,9.8e-05,-4.8e-05,1,455,large_dark,196,1.0,1.0,5.3,11.46,9.47,60.63,0.492,0.0,6.913,0.0,0.0,0.0,0,0,0.0,0.0,0.0,79.102,2.866,0.0,0.0,unrouted,0.0,0.0,0.0,0.0,0.0,9.0,9.0,1.0,0.0,6.567444,0.188863,74.703556,1.0,0.0,0.0,0.0,0.0,0.0,0.0,1.0,0.0,0.485667,0.502,2.974222,3.046,0.0,0.0,0.0,0.0,0.0,61.432222,2.346667,12.08,196.0,0.0,0.0,0.0,0.0,0.0,0.0,0.0,0.0,0.0,0.0,0.0,0.001639,-0.001639,12.444444,2.598566,0.0,0.0,0.001639,0.005271
456,5464,52,90,14,14,54.94749,43.759907,-11.187583,0,6.4e-05,-3.1e-05,1,456,large_dark,196,1.0,1.0,0.05,11.46,9.45,60.63,0.492,0.0,6.868,0.0,0.0,0.0,0,0,0.0,0.0,0.0,79.109,2.866,0.0,0.0,unrouted,0.0,0.0,0.0,0.0,0.0,9.0,9.0,1.0,0.0,6.606222,0.209623,75.311778,1.0,0.0,0.0,0.0,0.0,0.0,0.0,1.0,0.0,0.487556,0.502,2.959667,3.046,0.0,0.0,0.0,0.0,0.0,61.244444,1.884444,11.985556,196.0,0.0,0.0,0.0,0.0,0.0,0.0,0.0,0.0,0.0,0.0,0.0,0.001065,-0.001065,11.666667,2.538974,0.0,0.0,0.001065,0.003426
457,5464,52,90,14,14,55.433158,43.61973,-11.813428,0,4.2e-05,-2e-05,1,457,large_dark,196,1.0,1.0,4.41,11.19,8.06,59.69,0.507,0.0,7.005,0.0,0.0,0.0,0,0,0.0,0.0,0.0,80.574,6.346,0.0,0.0,unrouted,0.0,0.0,0.0,0.0,0.0,9.0,9.0,1.0,0.0,6.664333,0.237739,76.082444,1.0,0.0,0.0,0.0,0.0,0.0,0.0,1.0,0.0,0.491111,0.507,3.331889,6.346,0.0,0.0,0.0,0.0,0.0,60.953333,2.373333,11.861111,196.0,0.0,0.0,0.0,0.0,0.0,0.0,0.0,0.0,0.0,0.0,0.0,0.000692,-0.000692,12.222222,2.581899,0.0,0.0,0.000692,0.002227
458,5464,52,90,14,14,55.876287,43.824026,-12.052261,0,2.7e-05,-1.3e-05,1,458,large_dark,196,1.0,1.0,0.0,11.19,8.06,59.69,0.507,0.0,6.966,0.0,0.0,0.0,0,0,0.0,0.0,0.0,80.574,6.346,0.0,0.0,unrouted,0.0,0.0,0.0,0.0,0.0,9.0,9.0,1.0,0.0,6.716333,0.246684,76.844222,1.0,0.0,0.0,0.0,0.0,0.0,0.0,1.0,0.0,0.491667,0.507,3.698556,6.346,0.0,0.0,0.0,0.0,0.0,60.746667,2.108889,11.735556,196.0,0.0,0.0,0.0,0.0,0.0,0.0,0.0,0.0,0.0,0.0,0.0,0.00045,-0.00045,11.777778,2.547708,0.0,0.0,0.00045,0.001448
459,1,77,104,14,14,43.412348,46.052735,2.640387,0,0.064294,0.113043,1,459,large_dark,196,1.0,1.0,5.11,15.71,50.05,71.64,0.61,0.0,5.859,0.0,0.0,0.0,0,0,0.0,0.0,0.0,63.716,3.035,0.0,0.0,unrouted,0.0,0.0,0.0,0.0,0.0,9.0,9.0,1.0,0.0,5.760667,0.069112,62.383222,1.0,0.0,0.0,0.0,0.0,0.0,0.0,1.0,0.0,0.593667,0.61,3.162444,3.303,0.0,0.0,0.0,0.0,0.0,71.053333,2.922222,16.952222,196.0,-0.018896,0.0,-0.018896,0.0,0.0,0.0,0.0,0.0,0.0,0.0,0.379357,1.489817,-1.11046,11.666667,2.538974,0.333333,1.0,1.489817,4.063921
460,5464,52,92,14,14,56.279907,55.003049,-1.276859,0,1.1e-05,0.699994,1,460,large_dark,196,1.0,1.0,5.44,12.83,15.58,60.45,0.501,0.0,6.967,0.0,0.0,0.0,0,0,0.0,0.0,0.0,78.904,11.762,0.0,0.0,unrouted,0.0,0.0,0.0,0.0,0.0,9.0,9.0,1.0,0.0,6.809222,0.221783,77.990444,1.0,0.0,0.0,0.0,0.0,0.0,0.0,1.0,0.0,0.496556,0.507,4.97,11.762,0.0,0.0,0.0,0.0,0.0,60.387778,2.845556,11.623333,196.0,0.013765,0.0,0.013765,0.0,0.0,0.0,0.0,0.0,0.0,0.0,0.111111,0.222411,-0.1113,14.333333,2.730029,0.222222,2.0,0.222411,2.000008
461,5464,52,92,14,14,56.694942,54.778833,-1.916109,0,7e-06,0.454996,1,461,large_dark,196,1.0,1.0,0.0,12.83,15.58,60.47,0.501,0.0,6.919,0.0,0.0,0.0,0,0,0.0,0.0,0.0,78.904,11.762,0.0,0.0,unrouted,0.0,0.0,0.0,0.0,0.0,9.0,9.0,1.0,0.0,6.865333,0.173271,78.667889,1.0,0.0,0.0,0.0,0.0,0.0,0.0,1.0,0.0,0.498333,0.507,5.951,11.762,0.0,0.0,0.0,0.0,0.0,60.312222,2.561111,11.706667,196.0,0.013765,0.0,0.013765,0.0,0.0,0.0,0.0,0.0,0.0,0.0,0.111111,0.30012,-0.189009,13.333333,2.662588,0.222222,2.0,0.30012,2.000008
462,5464,52,92,14,14,57.248943,52.075862,-5.173081,0,5e-06,0.295748,1,462,large_dark,196,1.0,1.0,4.62,12.39,14.53,60.66,0.486,0.0,7.003,0.0,0.0,0.0,0,0,0.0,0.0,0.0,79.607,16.778,0.0,0.0,unrouted,0.0,0.0,0.0,0.0,0.0,9.0,9.0,1.0,0.0,6.933,0.053533,79.422444,1.0,0.0,0.0,0.0,0.0,0.0,0.0,1.0,0.0,0.498333,0.507,7.489111,16.778,0.0,0.0,0.0,0.0,0.0,60.254444,3.062222,11.741111,196.0,0.013765,0.0,0.013765,0.0,0.0,0.0,0.0,0.0,0.0,0.0,0.111111,0.350631,-0.23952,14.666667,2.751535,0.222222,2.0,0.350631,2.000008
463,5464,52,92,14,14,57.28705,51.114608,-6.172442,0,3e-06,0.192236,1,463,large_dark,196,1.0,1.0,0.0,12.39,14.53,60.67,0.486,0.0,6.962,0.0,0.0,0.0,0,0,0.0,0.0,0.0,79.607,16.778,0.0,0.0,unrouted,0.0,0.0,0.0,0.0,0.0,9.0,9.0,1.0,0.0,6.938333,0.053765,79.465889,1.0,0.0,0.0,0.0,0.0,0.0,0.0,1.0,0.0,0.497556,0.507,9.027667,16.778,0.0,0.0,0.0,0.0,0.0,60.238889,2.695556,11.826667,196.0,0.013765,0.0,0.013765,0.0,0.0,0.0,0.0,0.0,0.0,0.0,0.111111,0.383463,-0.272352,14.222222,2.722756,0.222222,2.0,0.383463,2.000008
464,1,78,106,14,14,47.054826,49.728853,2.674027,0,0.069937,0.223468,1,464,large_dark,196,1.0,1.0,6.4,13.58,48.08,73.89,0.621,0.0,5.789,0.0,0.0,0.0,0,0,0.0,0.0,0.0,63.224,3.169,0.0,0.0,unrouted,0.0,0.0,0.0,0.0,0.0,9.0,9.0,1.0,0.0,5.804778,0.043256,63.392778,1.0,0.0,0.0,0.0,0.0,0.0,0.0,1.0,0.0,0.605222,0.621,3.115111,3.169,0.0,0.0,0.0,0.0,0.0,72.822222,3.087778,15.08,196.0,0.001062,0.0,0.001062,0.0,0.0,0.0,0.0,0.0,0.0,0.0,0.490468,0.690227,-0.199758,14.555556,2.744418,0.379357,1.414214,0.690227,1.367755
465,1,78,106,14,14,47.360653,50.032808,2.672155,0,0.045459,0.145255,1,465,large_dark,196,1.0,1.0,5.56,13.0,46.32,73.43,0.628,0.0,5.987,0.0,0.0,0.0,0,0,0.0,0.0,0.0,65.955,3.106,0.0,0.0,unrouted,0.0,0.0,0.0,0.0,0.0,9.0,9.0,1.0,0.0,5.834333,0.062507,63.817889,1.0,0.0,0.0,0.0,0.0,0.0,0.0,1.0,0.0,0.610111,0.628,3.111222,3.169,0.0,0.0,0.0,0.0,0.0,73.01,3.705556,14.616667,196.0,0.001062,0.0,0.001062,0.0,0.0,0.0,0.0,0.0,0.0,0.0,0.601579,0.628736,-0.027157,15.555556,2.806722,0.379357,1.414214,0.628736,1.367755
466,1,78,106,14,14,47.60934,50.252873,2.643533,0,0.029548,0.094415,1,466,large_dark,196,1.0,1.0,0.0,13.0,46.33,73.4,0.628,0.0,5.938,0.0,0.0,0.0,0,0,0.0,0.0,0.0,65.955,3.106,0.0,0.0,unrouted,0.0,0.0,0.0,0.0,0.0,9.0,9.0,1.0,0.0,5.842778,0.07032,64.084444,1.0,0.0,0.0,0.0,0.0,0.0,0.0,1.0,0.0,0.614444,0.628,3.116889,3.169,0.0,0.0,0.0,0.0,0.0,73.181111,3.102222,14.268889,196.0,-0.003096,0.0,-0.003096,0.0,0.0,0.0,0.0,0.0,0.0,0.0,0.444444,0.493675,-0.04923,15.222222,2.786382,0.268246,1.414214,0.493675,1.289278
467,1,78,106,14,14,47.870647,50.518041,2.647394,0,0.019207,0.06137,1,467,large_dark,196,1.0,1.0,7.54,12.58,44.12,72.92,0.593,0.0,6.079,0.0,0.0,0.0,0,0,0.0,0.0,0.0,66.9,2.998,0.0,0.0,unrouted,0.0,0.0,0.0,0.0,0.0,9.0,9.0,1.0,0.0,5.872222,0.100925,64.456,1.0,0.0,0.0,0.0,0.0,0.0,0.0,1.0,0.0,0.614889,0.628,3.110333,3.169,0.0,0.0,0.0,0.0,0.0,73.301111,3.94,13.874444,196.0,-0.003096,0.0,-0.003096,0.0,0.0,0.0,0.0,0.0,0.0,0.0,0.555556,0.470466,0.085089,18.666667,2.978925,0.268246,1.414214,0.470466,1.289278
468,1,78,106,14,14,48.027499,50.679293,2.651794,0,0.012484,0.039891,1,468,large_dark,196,1.0,1.0,0.0,12.61,44.13,72.9,0.592,0.0,6.013,0.0,0.0,0.0,0,0,0.0,0.0,0.0,66.9,2.999,0.0,0.0,unrouted,0.0,0.0,0.0,0.0,0.0,9.0,9.0,1.0,0.0,5.889333,0.10989,64.809778,1.0,0.0,0.0,0.0,0.0,0.0,0.0,1.0,0.0,0.612889,0.628,3.106333,3.169,0.0,0.0,0.0,0.0,0.0,73.441111,3.372222,13.53,196.0,-0.003096,0.0,-0.003096,0.0,0.0,0.0,0.0,0.0,0.0,0.0,0.444444,0.455381,-0.010937,18.111111,2.95027,0.268246,1.414214,0.455381,1.289278
469,1,78,107,14,14,48.309656,50.965317,2.655661,0,0.008115,0.375929,1,469,large_dark,196,1.0,1.0,5.54,11.74,43.1,72.98,0.574,0.0,5.974,0.0,0.0,0.0,0,0,0.0,0.0,0.0,65.955,3.023,0.0,0.0,unrouted,0.0,0.0,0.0,0.0,0.0,9.0,9.0,1.0,0.0,5.907444,0.108915,65.102778,1.0,0.0,0.0,0.0,0.0,0.0,0.0,1.0,0.0,0.608111,0.628,3.095444,3.169,0.0,0.0,0.0,0.0,0.0,73.391111,3.33,13.218889,196.0,0.0,0.0,0.0,0.0,0.0,0.0,0.0,0.0,0.0,0.0,0.333333,0.418816,-0.085482,18.333333,2.961831,0.222222,1.0,0.418816,0.960191
470,1,78,108,14,14,48.663486,51.354236,2.69075,0,0.005275,0.594354,1,470,large_dark,196,1.0,1.0,5.82,10.91,43.19,73.86,0.56,0.0,6.118,0.0,0.0,0.0,0,0,0.0,0.0,0.0,67.886,2.991,0.0,0.0,unrouted,0.0,0.0,0.0,0.0,0.0,9.0,9.0,1.0,0.0,5.947333,0.112911,65.610333,1.0,0.0,0.0,0.0,0.0,0.0,0.0,1.0,0.0,0.601778,0.628,3.081,3.169,0.0,0.0,0.0,0.0,0.0,73.438889,3.976667,12.815556,196.0,0.0,0.0,0.0,0.0,0.0,0.0,0.0,0.0,0.0,0.0,0.333333,0.424061,-0.090728,18.666667,2.978925,0.333333,1.0,0.424061,0.960191
471,1,78,108,14,14,48.821176,51.506285,2.68511,0,0.003428,0.38633,1,471,large_dark,196,1.0,1.0,0.0,10.91,43.19,73.86,0.56,0.0,6.066,0.0,0.0,0.0,0,0,0.0,0.0,0.0,67.886,2.991,0.0,0.0,unrouted,0.0,0.0,0.0,0.0,0.0,9.0,9.0,1.0,0.0,5.972889,0.11083,66.057778,1.0,0.0,0.0,0.0,0.0,0.0,0.0,1.0,0.0,0.596222,0.628,3.061222,3.169,0.0,0.0,0.0,0.0,0.0,73.446667,3.428889,12.476667,196.0,-0.013983,0.0,-0.013983,0.0,0.0,0.0,0.0,0.0,0.0,0.0,0.333333,0.404749,-0.071416,17.222222,2.902642,0.222222,1.0,0.404749,0.960191
472,1,79,108,14,14,48.764893,51.498586,2.733694,0,0.352229,0.251114,1,472,large_dark,196,1.0,1.0,6.97,10.61,42.5,73.64,0.562,0.0,5.779,0.0,0.0,0.0,0,0,0.0,0.0,0.0,63.596,2.857,0.0,0.0,unrouted,0.0,0.0,0.0,0.0,0.0,9.0,9.0,1.0,0.0,5.971444,0.113236,66.028556,1.0,0.0,0.0,0.0,0.0,0.0,0.0,1.0,0.0,0.590889,0.628,3.026667,3.169,0.0,0.0,0.0,0.0,0.0,73.431111,4.203333,12.104444,196.0,-0.008692,0.0,-0.008692,0.0,0.0,0.0,0.0,0.0,0.0,0.0,0.490468,0.461929,0.028539,17.777778,2.932674,0.333333,1.0,0.461929,1.068834
473,1,79,108,14,14,48.710527,51.472653,2.762127,0,0.228949,0.163224,1,473,large_dark,196,1.0,1.0,0.0,10.61,42.52,73.62,0.562,0.0,5.717,0.0,0.0,0.0,0,0,0.0,0.0,0.0,63.596,2.857,0.0,0.0,unrouted,0.0,0.0,0.0,0.0,0.0,9.0,9.0,1.0,0.0,5.963444,0.12749,66.069889,1.0,0.0,0.0,0.0,0.0,0.0,0.0,1.0,0.0,0.584333,0.628,2.992,3.106,0.0,0.0,0.0,0.0,0.0,73.401111,3.492222,11.774444,196.0,-0.008692,0.0,-0.008692,0.0,0.0,0.0,0.0,0.0,0.0,0.0,0.379357,0.469966,-0.090609,16.888889,2.88418,0.333333,1.0,0.469966,1.068834
474,1,79,108,14,14,48.696992,51.491119,2.794127,0,0.148817,0.106096,1,474,large_dark,196,1.0,1.0,5.86,10.02,42.58,73.23,0.555,0.0,5.949,0.0,0.0,0.0,0,0,0.0,0.0,0.0,65.972,2.764,0.0,0.0,unrouted,0.0,0.0,0.0,0.0,0.0,9.0,9.0,1.0,0.0,5.959222,0.127269,66.071778,1.0,0.0,0.0,0.0,0.0,0.0,0.0,1.0,0.0,0.576222,0.628,2.954,3.106,0.0,0.0,0.0,0.0,0.0,73.378889,3.525556,11.443333,196.0,-0.008692,0.0,-0.008692,0.0,0.0,0.0,0.0,0.0,0.0,0.0,0.379357,0.475191,-0.095834,16.444444,2.859021,0.333333,1.0,0.475191,1.068834
475,1,79,108,14,14,48.807221,51.637014,2.829794,0,0.096731,0.068962,1,475,large_dark,196,1.0,1.0,6.97,10.09,42.61,74.05,0.553,0.0,6.028,0.0,0.0,0.0,0,0,0.0,0.0,0.0,66.811,2.716,0.0,0.0,unrouted,0.0,0.0,0.0,0.0,0.0,9.0,9.0,1.0,0.0,5.969222,0.128736,66.166889,1.0,0.0,0.0,0.0,0.0,0.0,0.0,1.0,0.0,0.567889,0.593,2.910667,3.023,0.0,0.0,0.0,0.0,0.0,73.451111,4.3,11.12,196.0,-0.008692,0.0,-0.008692,0.0,0.0,0.0,0.0,0.0,0.0,0.0,0.379357,0.478587,-0.09923,17.222222,2.902642,0.333333,1.0,0.478587,1.068834
476,1,79,108,14,14,48.712971,51.567131,2.85416,0,0.062875,0.044826,1,476,large_dark,196,1.0,1.0,0.0,10.09,42.61,74.05,0.553,0.0,5.966,0.0,0.0,0.0,0,0,0.0,0.0,0.0,66.811,2.716,0.0,0.0,unrouted,0.0,0.0,0.0,0.0,0.0,9.0,9.0,1.0,0.0,5.956667,0.12279,66.157,1.0,0.0,0.0,0.0,0.0,0.0,0.0,1.0,0.0,0.563444,0.592,2.879333,3.023,0.0,0.0,0.0,0.0,0.0,73.576667,3.462222,10.843333,196.0,-0.008692,0.0,-0.008692,0.0,0.0,0.0,0.0,0.0,0.0,0.0,0.268246,0.480794,-0.212548,13.777778,2.693125,0.333333,1.0,0.480794,1.068834
477,1,80,108,14,14,48.671704,51.567019,2.895315,0,0.390869,0.029137,1,477,large_dark,196,1.0,1.0,6.98,10.4,41.88,74.1,0.548,0.0,6.104,0.0,0.0,0.0,0,0,0.0,0.0,0.0,67.672,2.75,0.0,0.0,unrouted,0.0,0.0,0.0,0.0,0.0,9.0,9.0,1.0,0.0,5.966778,0.130516,66.242778,1.0,0.0,0.0,0.0,0.0,0.0,0.0,1.0,0.0,0.558556,0.574,2.851667,3.023,0.0,0.0,0.0,0.0,0.0,73.71,4.237778,10.597778,196.0,-0.013605,0.0,-0.013605,0.0,0.0,0.0,0.0,0.0,0.0,0.0,0.379357,0.577893,-0.198536,14.555556,2.744418,0.444444,1.0,0.577893,1.068834
478,1,80,108,14,14,48.944971,51.846243,2.901272,0,0.254065,0.018939,1,478,large_dark,196,1.0,1.0,0.02,10.42,41.88,74.11,0.548,0.0,6.042,0.0,0.0,0.0,0,0,0.0,0.0,0.0,67.673,2.748,0.0,0.0,unrouted,0.0,0.0,0.0,0.0,0.0,9.0,9.0,1.0,0.0,5.974333,0.132666,66.433667,1.0,0.0,0.0,0.0,0.0,0.0,0.0,1.0,0.0,0.555667,0.562,2.821111,2.991,0.0,0.0,0.0,0.0,0.0,73.835556,3.624444,10.451111,196.0,0.000378,0.0,0.000378,0.0,0.0,0.0,0.0,0.0,0.0,0.0,0.379357,0.514755,-0.135398,11.666667,2.538974,0.333333,1.0,0.514755,1.068834
479,1,80,108,14,14,49.015047,51.928219,2.913172,0,0.165142,0.01231,1,479,large_dark,196,1.0,1.0,7.42,10.64,41.51,73.37,0.527,0.0,6.138,0.0,0.0,0.0,0,0,0.0,0.0,0.0,67.944,2.595,0.0,0.0,unrouted,0.0,0.0,0.0,0.0,0.0,9.0,9.0,1.0,0.0,5.976556,0.135197,66.440111,1.0,0.0,0.0,0.0,0.0,0.0,0.0,1.0,0.0,0.552,0.562,2.777111,2.991,0.0,0.0,0.0,0.0,0.0,73.781111,3.802222,10.421111,196.0,0.000378,0.0,0.000378,0.0,0.0,0.0,0.0,0.0,0.0,0.0,0.536492,0.473716,0.062776,11.666667,2.538974,0.222222,1.0,0.473716,1.068834
480,1,80,108,14,14,49.233314,52.187486,2.954172,0,0.107342,0.008002,1,480,large_dark,196,1.0,1.0,8.06,11.07,40.42,73.7,0.514,0.0,6.238,0.0,0.0,0.0,0,0,0.0,0.0,0.0,68.983,2.487,0.0,0.0,unrouted,0.0,0.0,0.0,0.0,0.0,9.0,9.0,1.0,0.0,5.995667,0.156904,66.562,1.0,0.0,0.0,0.0,0.0,0.0,0.0,1.0,0.0,0.546889,0.562,2.721111,2.857,0.0,0.0,0.0,0.0,0.0,73.763333,4.697778,10.438889,196.0,0.000378,0.0,0.000378,0.0,0.0,0.0,0.0,0.0,0.0,0.0,0.693627,0.426074,0.267553,12.111111,2.57346,0.222222,1.0,0.426074,1.068834
481,1,80,108,14,14,49.713493,52.677765,2.964272,0,0.069773,0.005201,1,481,large_dark,196,1.0,1.0,0.0,11.07,40.4,73.75,0.515,0.0,6.166,0.0,0.0,0.0,0,0,0.0,0.0,0.0,68.983,2.487,0.0,0.0,unrouted,0.0,0.0,0.0,0.0,0.0,9.0,9.0,1.0,0.0,6.038667,0.144144,67.160556,1.0,0.0,0.0,0.0,0.0,0.0,0.0,1.0,0.0,0.541667,0.562,2.68,2.857,0.0,0.0,0.0,0.0,0.0,73.775556,3.923333,10.49,196.0,-0.004913,0.0,-0.004913,0.0,0.0,0.0,0.0,0.0,0.0,0.0,0.536492,0.319275,0.217217,11.333333,2.512306,0.111111,1.0,0.319275,0.938196
482,1,80,108,14,14,50.052842,53.055158,3.002316,0,0.045352,0.003381,1,482,large_dark,196,1.0,1.0,8.32,11.6,40.32,73.89,0.508,0.0,6.031,0.0,0.0,0.0,0,0,0.0,0.0,0.0,66.23,2.405,0.0,0.0,unrouted,0.0,0.0,0.0,0.0,0.0,9.0,9.0,1.0,0.0,6.073556,0.089835,67.453222,1.0,0.0,0.0,0.0,0.0,0.0,0.0,1.0,0.0,0.535667,0.555,2.629778,2.764,0.0,0.0,0.0,0.0,0.0,73.805556,4.847778,10.6,196.0,-0.004913,0.0,-0.004913,0.0,0.0,0.0,0.0,0.0,0.0,0.0,0.693627,0.278985,0.414642,11.888889,2.556366,0.111111,1.0,0.278985,0.938196
483,1,80,108,14,14,50.086329,53.119273,3.032944,0,0.029479,0.002197,1,483,large_dark,196,1.0,1.0,0.0,11.6,40.32,73.89,0.508,0.0,5.958,0.0,0.0,0.0,0,0,0.0,0.0,0.0,66.23,2.405,0.0,0.0,unrouted,0.0,0.0,0.0,0.0,0.0,9.0,9.0,1.0,0.0,6.074556,0.088482,67.481889,1.0,0.0,0.0,0.0,0.0,0.0,0.0,1.0,0.0,0.530444,0.553,2.589889,2.75,0.0,0.0,0.0,0.0,0.0,73.878889,4.196667,10.775556,196.0,-0.004913,0.0,-0.004913,0.0,0.0,0.0,0.0,0.0,0.0,0.0,0.582516,0.252796,0.32972,11.555556,2.530163,0.111111,1.0,0.252796,0.938196
484,1,80,108,14,14,50.235202,53.299829,3.064627,0,0.019161,0.001428,1,484,large_dark,196,1.0,1.0,9.38,11.64,39.71,73.89,0.494,0.0,6.159,0.0,0.0,0.0,0,0,0.0,0.0,0.0,67.661,2.359,0.0,0.0,unrouted,0.0,0.0,0.0,0.0,0.0,9.0,9.0,1.0,0.0,6.089111,0.090381,67.576333,1.0,0.0,0.0,0.0,0.0,0.0,0.0,1.0,0.0,0.523889,0.553,2.550222,2.75,0.0,0.0,0.0,0.0,0.0,73.861111,4.464444,10.947778,196.0,-0.004913,0.0,-0.004913,0.0,0.0,0.0,0.0,0.0,0.0,0.0,0.73965,0.235773,0.503877,11.333333,2.512306,0.111111,1.0,0.235773,0.938196
485,1,80,108,14,14,50.53477,53.631286,3.096516,0,0.012455,0.000928,1,485,large_dark,196,1.0,1.0,8.57,11.88,39.38,73.09,0.471,0.0,6.25,0.0,0.0,0.0,0,0,0.0,0.0,0.0,68.774,2.388,0.0,0.0,unrouted,0.0,0.0,0.0,0.0,0.0,9.0,9.0,1.0,0.0,6.120667,0.091461,67.794444,1.0,0.0,0.0,0.0,0.0,0.0,0.0,1.0,0.0,0.514778,0.548,2.513778,2.75,0.0,0.0,0.0,0.0,0.0,73.754444,5.416667,11.146667,196.0,-0.004913,0.0,-0.004913,0.0,0.0,0.0,0.0,0.0,0.0,0.0,0.896785,0.224709,0.672077,11.888889,2.556366,0.111111,1.0,0.224709,0.938196
486,1,80,108,14,14,50.771417,53.883006,3.111589,0,0.008096,0.000603,1,486,large_dark,196,1.0,1.0,0.0,11.88,39.39,73.09,0.471,0.0,6.174,0.0,0.0,0.0,0,0,0.0,0.0,0.0,68.774,2.388,0.0,0.0,unrouted,0.0,0.0,0.0,0.0,0.0,9.0,9.0,1.0,0.0,6.128444,0.092681,67.916889,1.0,0.0,0.0,0.0,0.0,0.0,0.0,1.0,0.0,0.506222,0.548,2.473556,2.748,0.0,0.0,0.0,0.0,0.0,73.642222,4.641111,11.311111,196.0,0.0,0.0,0.0,0.0,0.0,0.0,0.0,0.0,0.0,0.0,0.785674,0.121852,0.663822,11.111111,2.494123,0.0,0.0,0.121852,0.391953
487,1,80,108,14,14,51.144101,54.289312,3.145211,0,0.005262,0.000392,1,487,large_dark,196,1.0,1.0,8.51,11.66,37.01,71.5,0.44,0.0,6.375,0.0,0.0,0.0,0,0,0.0,0.0,0.0,70.327,2.432,0.0,0.0,unrouted,0.0,0.0,0.0,0.0,0.0,9.0,9.0,1.0,0.0,6.165444,0.114651,68.211778,1.0,0.0,0.0,0.0,0.0,0.0,0.0,1.0,0.0,0.494222,0.527,2.438444,2.595,0.0,0.0,0.0,0.0,0.0,73.352222,5.584444,11.448889,196.0,0.0,0.0,0.0,0.0,0.0,0.0,0.0,0.0,0.0,0.0,0.942809,0.079204,0.863605,12.0,2.564949,0.0,0.0,0.079204,0.25477
488,1,80,108,14,14,51.336299,54.502126,3.165828,0,0.00342,0.000255,1,488,large_dark,196,1.0,1.0,0.0,11.66,37.01,71.48,0.44,0.0,6.3,0.0,0.0,0.0,0,0,0.0,0.0,0.0,70.327,2.43,0.0,0.0,unrouted,0.0,0.0,0.0,0.0,0.0,9.0,9.0,1.0,0.0,6.183444,0.121445,68.476556,1.0,0.0,0.0,0.0,0.0,0.0,0.0,1.0,0.0,0.484556,0.515,2.420111,2.487,0.0,0.0,0.0,0.0,0.0,73.142222,4.76,11.562222,196.0,0.0,0.0,0.0,0.0,0.0,0.0,0.0,0.0,0.0,0.0,0.785674,0.051483,0.734192,11.555556,2.530163,0.0,0.0,0.051483,0.1656
489,1,80,108,14,14,51.416986,52.398408,0.981422,0,0.002223,0.000166,1,489,large_dark,196,1.0,1.0,8.42,12.2,36.66,71.42,0.442,0.0,6.293,0.0,0.0,0.0,0,0,0.0,0.0,0.0,69.18,9.28,0.0,0.0,unrouted,0.0,0.0,0.0,0.0,0.0,9.0,9.0,1.0,0.0,6.189556,0.125357,68.498444,1.0,0.0,0.0,0.0,0.0,0.0,0.0,1.0,0.0,0.476556,0.515,3.174889,9.28,0.0,0.0,0.0,0.0,0.0,72.888889,4.8,11.687778,196.0,0.0,0.0,0.0,0.0,0.0,0.0,0.0,0.0,0.0,0.0,0.785674,0.033464,0.75221,11.555556,2.530163,0.0,0.0,0.033464,0.10764
490,1,80,108,14,14,51.579656,51.098517,-0.481139,0,0.001445,0.000108,1,490,large_dark,196,1.0,1.0,9.55,12.59,36.45,72.32,0.422,0.0,6.302,0.0,0.0,0.0,0,0,0.0,0.0,0.0,69.024,11.159,0.0,0.0,unrouted,0.0,0.0,0.0,0.0,0.0,9.0,9.0,1.0,0.0,6.204667,0.129728,68.503,1.0,0.0,0.0,0.0,0.0,0.0,0.0,1.0,0.0,0.466222,0.508,4.138444,11.159,0.0,0.0,0.0,0.0,0.0,72.73,5.861111,11.856667,196.0,0.0,0.0,0.0,0.0,0.0,0.0,0.0,0.0,0.0,0.0,0.896785,0.021751,0.875034,15.0,2.772589,0.0,0.0,0.021751,0.069966
491,1,80,108,14,14,51.787181,50.682408,-1.104772,0,0.000939,7e-05,1,491,large_dark,196,1.0,1.0,0.0,12.59,36.44,72.32,0.422,0.0,6.217,0.0,0.0,0.0,0,0,0.0,0.0,0.0,69.024,11.159,0.0,0.0,unrouted,0.0,0.0,0.0,0.0,0.0,9.0,9.0,1.0,0.0,6.225333,0.114315,68.813444,1.0,0.0,0.0,0.0,0.0,0.0,0.0,1.0,0.0,0.456667,0.508,5.111111,11.159,0.0,0.0,0.0,0.0,0.0,72.555556,4.936667,11.966667,196.0,0.0,0.0,0.0,0.0,0.0,0.0,0.0,0.0,0.0,0.0,0.73965,0.014138,0.725512,14.555556,2.744418,0.0,0.0,0.014138,0.045478
492,1,80,108,14,14,52.062065,47.233526,-4.828539,0,0.000611,4.6e-05,1,492,large_dark,196,1.0,1.0,9.45,13.11,35.99,72.39,0.419,0.0,6.214,0.0,0.0,0.0,0,0,0.0,0.0,0.0,67.805,17.096,0.0,0.0,unrouted,0.0,0.0,0.0,0.0,0.0,9.0,9.0,1.0,0.0,6.253778,0.065821,68.988444,1.0,0.0,0.0,0.0,0.0,0.0,0.0,1.0,0.0,0.446778,0.494,6.743444,17.096,0.0,0.0,0.0,0.0,0.0,72.388889,5.986667,12.134444,196.0,0.0,0.0,0.0,0.0,0.0,0.0,0.0,0.0,0.0,0.0,0.896785,0.00919,0.887595,15.0,2.772589,0.0,0.0,0.00919,0.029561
493,1,80,108,14,14,52.054397,46.163697,-5.8907,0,0.000397,3e-05,1,493,large_dark,196,1.0,1.0,1.01,13.11,36.11,72.44,0.42,0.0,6.123,0.0,0.0,0.0,0,0,0.0,0.0,0.0,67.609,17.106,0.0,0.0,unrouted,0.0,0.0,0.0,0.0,0.0,9.0,9.0,1.0,0.0,6.249778,0.07224,68.982667,1.0,0.0,0.0,0.0,0.0,0.0,0.0,1.0,0.0,0.438556,0.471,8.382,17.106,0.0,0.0,0.0,0.0,0.0,72.227778,5.056667,12.297778,196.0,0.0,0.0,0.0,0.0,0.0,0.0,0.0,0.0,0.0,0.0,0.73965,0.005973,0.733677,14.333333,2.730029,0.0,0.0,0.005973,0.019214
494,6574,25,94,14,14,42.41774,45.777894,3.360154,0,-0.359274,0.058851,1,494,large_dark,196,1.0,1.0,8.09,5.76,10.34,62.69,0.024,0.0,5.397,0.0,0.0,0.0,0,0,0.0,0.0,0.0,59.936,2.281,0.0,0.0,unrouted,0.0,0.0,0.0,0.0,0.0,9.0,9.0,1.0,0.0,5.039667,0.159016,55.808111,1.0,0.0,0.0,0.0,0.0,0.0,0.0,1.0,0.0,0.084556,0.122,2.092,2.281,0.0,0.0,0.0,0.0,0.0,59.281111,3.342222,6.328889,196.0,0.000615,0.0,0.000615,0.0,0.0,0.0,0.0,0.0,0.0,0.0,0.536492,0.537805,-0.001314,15.0,2.772589,0.333333,1.0,0.537805,1.008918
495,6574,25,94,14,14,42.709052,46.069205,3.360154,0,-0.233528,0.038253,1,495,large_dark,196,1.0,1.0,7.03,5.63,8.43,63.29,0.006,0.0,5.203,0.0,0.0,0.0,0,0,0.0,0.0,0.0,57.784,2.374,0.0,0.0,unrouted,0.0,0.0,0.0,0.0,0.0,9.0,9.0,1.0,0.0,5.068,0.162831,56.057333,1.0,0.0,0.0,0.0,0.0,0.0,0.0,1.0,0.0,0.071667,0.118,2.116222,2.374,0.0,0.0,0.0,0.0,0.0,59.664444,4.123333,6.291111,196.0,0.000615,0.0,0.000615,0.0,0.0,0.0,0.0,0.0,0.0,0.0,0.758714,0.528166,0.230548,15.888889,2.826656,0.333333,1.0,0.528166,1.008918
496,6574,25,94,14,14,42.946053,46.285734,3.339681,0,-0.151793,0.024864,1,496,large_dark,196,1.0,1.0,0.0,5.63,8.43,63.29,0.005,0.0,5.141,0.0,0.0,0.0,0,0,0.0,0.0,0.0,57.784,2.374,0.0,0.0,unrouted,0.0,0.0,0.0,0.0,0.0,9.0,9.0,1.0,0.0,5.079333,0.163963,56.296778,1.0,0.0,0.0,0.0,0.0,0.0,0.0,1.0,0.0,0.059111,0.117,2.151111,2.374,0.0,0.0,0.0,0.0,0.0,60.064444,3.532222,6.197778,196.0,-0.001275,0.0,-0.001275,0.0,0.0,0.0,0.0,0.0,0.0,0.0,0.601579,0.442358,0.159221,15.444444,2.799988,0.222222,1.0,0.442358,0.989881
497,6574,24,95,14,14,42.84784,46.211409,3.363568,0,-0.448666,0.366162,1,497,large_dark,196,1.0,1.0,7.44,5.89,13.23,63.8,0.058,0.0,5.198,0.0,0.0,0.0,0,0,0.0,0.0,0.0,57.316,2.354,0.0,0.0,unrouted,0.0,0.0,0.0,0.0,0.0,9.0,9.0,1.0,0.0,5.102222,0.164552,56.483889,1.0,0.0,0.0,0.0,0.0,0.0,0.0,1.0,0.0,0.052556,0.104,2.183667,2.374,0.0,0.0,0.0,0.0,0.0,60.522222,4.354444,6.133333,196.0,-0.018863,0.0,-0.018863,0.0,0.0,0.0,0.0,0.0,0.0,0.0,0.71269,0.53958,0.17311,18.0,2.944439,0.379357,1.414214,0.53958,1.292418
498,6574,24,95,14,14,43.264245,46.608705,3.344461,0,-0.291633,0.238005,1,498,large_dark,196,1.0,1.0,0.0,5.89,13.24,63.81,0.058,0.0,5.132,0.0,0.0,0.0,0,0,0.0,0.0,0.0,57.316,2.354,0.0,0.0,unrouted,0.0,0.0,0.0,0.0,0.0,9.0,9.0,1.0,0.0,5.142222,0.116015,57.081,1.0,0.0,0.0,0.0,0.0,0.0,0.0,1.0,0.0,0.047444,0.077,2.213111,2.374,0.0,0.0,0.0,0.0,0.0,61.051111,3.944444,6.001111,196.0,-0.015295,0.0,-0.015295,0.0,0.0,0.0,0.0,0.0,0.0,0.0,0.555556,0.518587,0.036968,18.111111,2.95027,0.268246,1.414214,0.518587,1.292418
499,6574,24,96,14,14,43.358974,46.722287,3.363314,0,-0.189561,0.504703,1,499,large_dark,196,1.0,1.0,6.62,6.43,17.87,64.25,0.08,0.0,5.21,0.0,0.0,0.0,0,0,0.0,0.0,0.0,57.072,2.342,0.0,0.0,unrouted,0.0,0.0,0.0,0.0,0.0,9.0,9.0,1.0,0.0,5.163111,0.109214,57.314222,1.0,0.0,0.0,0.0,0.0,0.0,0.0,1.0,0.0,0.047778,0.08,2.247333,2.374,0.0,0.0,0.0,0.0,0.0,61.658889,3.928889,5.987778,196.0,-0.019883,0.0,-0.019883,0.0,0.0,0.0,0.0,0.0,0.0,0.0,0.444444,0.552191,-0.107746,17.444444,2.914763,0.379357,1.414214,0.552191,1.292418
500,6574,24,96,14,14,43.517111,46.880425,3.363314,0,-0.123215,0.328057,1,500,large_dark,196,1.0,1.0,0.08,6.44,17.89,64.24,0.08,0.0,5.152,0.0,0.0,0.0,0,0,0.0,0.0,0.0,57.065,2.347,0.0,0.0,unrouted,0.0,0.0,0.0,0.0,0.0,9.0,9.0,1.0,0.0,5.184222,0.083676,57.546667,1.0,0.0,0.0,0.0,0.0,0.0,0.0,1.0,0.0,0.048111,0.08,2.282111,2.374,0.0,0.0,0.0,0.0,0.0,62.265556,3.937778,5.975556,196.0,-0.019883,0.0,-0.019883,0.0,0.0,0.0,0.0,0.0,0.0,0.0,0.444444,0.57501,-0.130566,17.666667,2.926739,0.379357,1.414214,0.57501,1.292418
501,6574,24,96,14,14,43.665855,47.029168,3.363314,0,-0.08009,0.213237,1,501,large_dark,196,1.0,1.0,7.31,6.09,15.04,62.98,0.082,0.0,5.269,0.0,0.0,0.0,0,0,0.0,0.0,0.0,58.068,2.39,0.0,0.0,unrouted,0.0,0.0,0.0,0.0,0.0,9.0,9.0,1.0,0.0,5.203556,0.080883,57.735667,1.0,0.0,0.0,0.0,0.0,0.0,0.0,1.0,0.0,0.050444,0.082,2.319889,2.39,0.0,0.0,0.0,0.0,0.0,62.882222,4.161111,5.981111,196.0,-0.019883,0.0,-0.019883,0.0,0.0,0.0,0.0,0.0,0.0,0.0,0.444444,0.589843,-0.145398,19.111111,3.001272,0.379357,1.414214,0.589843,1.292418
502,6574,24,96,14,14,43.638676,47.00199,3.363314,0,-0.052058,0.138604,1,502,large_dark,196,1.0,1.0,6.13,6.28,13.68,62.47,0.087,0.0,5.115,0.0,0.0,0.0,0,0,0.0,0.0,0.0,56.361,2.344,0.0,0.0,unrouted,0.0,0.0,0.0,0.0,0.0,9.0,9.0,1.0,0.0,5.201889,0.082519,57.633556,1.0,0.0,0.0,0.0,0.0,0.0,0.0,1.0,0.0,0.053333,0.087,2.351111,2.39,0.0,0.0,0.0,0.0,0.0,63.424444,4.744444,6.004444,196.0,-0.019883,0.0,-0.019883,0.0,0.0,0.0,0.0,0.0,0.0,0.0,0.555556,0.599484,-0.043928,19.888889,3.039217,0.379357,1.414214,0.599484,1.292418
503,6574,24,96,14,14,43.394336,46.737076,3.34274,0,-0.033838,0.090093,1,503,large_dark,196,1.0,1.0,0.0,6.28,13.68,62.47,0.087,0.0,5.06,0.0,0.0,0.0,0,0,0.0,0.0,0.0,56.361,2.343,0.0,0.0,unrouted,0.0,0.0,0.0,0.0,0.0,9.0,9.0,1.0,0.0,5.164444,0.058433,57.236333,1.0,0.0,0.0,0.0,0.0,0.0,0.0,1.0,0.0,0.060333,0.087,2.358,2.39,0.0,0.0,0.0,0.0,0.0,63.4,3.845556,6.062222,196.0,-0.022177,0.0,-0.022177,0.0,0.0,0.0,0.0,0.0,0.0,0.0,0.555556,0.505948,0.049607,19.0,2.995732,0.268246,1.414214,0.505948,1.292418
504,6574,24,96,14,14,43.183613,46.526353,3.34274,0,-0.021995,0.05856,1,504,large_dark,196,1.0,1.0,6.4,6.35,12.78,61.37,0.124,0.0,5.009,0.0,0.0,0.0,0,0,0.0,0.0,0.0,55.169,2.407,0.0,0.0,unrouted,0.0,0.0,0.0,0.0,0.0,9.0,9.0,1.0,0.0,5.142889,0.073956,56.945778,1.0,0.0,0.0,0.0,0.0,0.0,0.0,1.0,0.0,0.073444,0.124,2.361667,2.407,0.0,0.0,0.0,0.0,0.0,63.186667,3.775556,6.142222,196.0,-0.022177,0.0,-0.022177,0.0,0.0,0.0,0.0,0.0,0.0,0.0,0.444444,0.47619,-0.031745,20.555556,3.070634,0.268246,1.414214,0.47619,1.292418
505,6574,24,96,14,14,42.969471,46.312211,3.34274,0,-0.014296,0.038064,1,505,large_dark,196,1.0,1.0,0.0,6.35,12.78,61.36,0.124,0.0,4.952,0.0,0.0,0.0,0,0,0.0,0.0,0.0,55.169,2.407,0.0,0.0,unrouted,0.0,0.0,0.0,0.0,0.0,9.0,9.0,1.0,0.0,5.121889,0.095272,56.655222,1.0,0.0,0.0,0.0,0.0,0.0,0.0,1.0,0.0,0.086667,0.124,2.365333,2.407,0.0,0.0,0.0,0.0,0.0,62.972222,3.775556,6.222222,196.0,-0.022177,0.0,-0.022177,0.0,0.0,0.0,0.0,0.0,0.0,0.0,0.444444,0.456847,-0.012403,20.555556,3.070634,0.268246,1.414214,0.456847,1.292418
506,6574,23,96,14,14,42.809291,46.147105,3.337814,0,-0.359293,0.024742,1,506,large_dark,196,1.0,1.0,6.98,6.19,11.97,60.31,0.174,0.0,4.876,0.0,0.0,0.0,0,0,0.0,0.0,0.0,53.672,2.379,0.0,0.0,unrouted,0.0,0.0,0.0,0.0,0.0,9.0,9.0,1.0,0.0,5.086111,0.117775,56.250333,1.0,0.0,0.0,0.0,0.0,0.0,0.0,1.0,0.0,0.099556,0.174,2.368111,2.407,0.0,0.0,0.0,0.0,0.0,62.584444,3.724444,6.255556,196.0,-0.008746,0.0,-0.008746,0.0,0.0,0.0,0.0,0.0,0.0,0.0,0.490468,0.422849,0.067619,21.333333,3.10608,0.222222,1.0,0.422849,0.986438
507,6574,23,96,14,14,42.61737,45.955184,3.337814,0,-0.23354,0.016082,1,507,large_dark,196,1.0,1.0,6.16,6.27,10.82,60.03,0.183,0.0,4.95,0.0,0.0,0.0,0,0,0.0,0.0,0.0,54.806,2.483,0.0,0.0,unrouted,0.0,0.0,0.0,0.0,0.0,9.0,9.0,1.0,0.0,5.065889,0.123639,55.971444,1.0,0.0,0.0,0.0,0.0,0.0,0.0,1.0,0.0,0.113444,0.183,2.382444,2.483,0.0,0.0,0.0,0.0,0.0,62.164444,4.408889,6.297778,196.0,-0.008746,0.0,-0.008746,0.0,0.0,0.0,0.0,0.0,0.0,0.0,0.601579,0.398519,0.20306,23.888889,3.214421,0.222222,1.0,0.398519,0.986438
508,6574,23,96,14,14,42.391028,45.709988,3.318961,0,-0.151801,0.010453,1,508,large_dark,196,1.0,1.0,0.0,6.27,10.83,60.01,0.183,0.0,4.896,0.0,0.0,0.0,0,0,0.0,0.0,0.0,54.806,2.483,0.0,0.0,unrouted,0.0,0.0,0.0,0.0,0.0,9.0,9.0,1.0,0.0,5.031,0.122347,55.719667,1.0,0.0,0.0,0.0,0.0,0.0,0.0,1.0,0.0,0.124889,0.183,2.398111,2.483,0.0,0.0,0.0,0.0,0.0,61.693333,3.673333,6.28,196.0,-0.004157,0.0,-0.004157,0.0,0.0,0.0,0.0,0.0,0.0,0.0,0.601579,0.333874,0.267705,21.555556,3.115981,0.111111,1.0,0.333874,0.986438
509,6574,22,97,14,14,41.932896,45.264766,3.33187,0,-0.448671,0.356795,1,509,large_dark,196,1.0,1.0,4.18,6.48,15.82,60.58,0.236,0.0,5.012,0.0,0.0,0.0,0,0,0.0,0.0,0.0,55.434,2.531,0.0,0.0,unrouted,0.0,0.0,0.0,0.0,0.0,9.0,9.0,1.0,0.0,5.015444,0.11463,55.538444,1.0,0.0,0.0,0.0,0.0,0.0,0.0,1.0,0.0,0.142222,0.236,2.418556,2.531,0.0,0.0,0.0,0.0,0.0,61.286667,4.128889,6.284444,196.0,-0.017413,0.0,-0.017413,0.0,0.0,0.0,0.0,0.0,0.0,0.0,0.71269,0.418784,0.293906,22.0,3.135494,0.268246,1.414214,0.418784,1.30332
510,6574,22,97,14,14,41.57538,44.897067,3.321687,0,-0.291636,0.231917,1,510,large_dark,196,1.0,1.0,0.0,6.48,15.82,60.58,0.236,0.0,4.975,0.0,0.0,0.0,0,0,0.0,0.0,0.0,55.434,2.531,0.0,0.0,unrouted,0.0,0.0,0.0,0.0,0.0,9.0,9.0,1.0,0.0,4.982778,0.071493,55.245778,1.0,0.0,0.0,0.0,0.0,0.0,0.0,1.0,0.0,0.159333,0.236,2.434222,2.531,0.0,0.0,0.0,0.0,0.0,61.02,3.316667,6.327778,196.0,-0.017413,0.0,-0.017413,0.0,0.0,0.0,0.0,0.0,0.0,0.0,0.601579,0.443541,0.158038,20.444444,3.065466,0.268246,1.414214,0.443541,1.30332
511,6574,22,98,14,14,41.219102,44.544841,3.325738,0,-0.189563,0.500746,1,511,large_dark,196,1.0,1.0,4.39,6.75,19.81,61.5,0.244,0.0,4.897,0.0,0.0,0.0,0,0,0.0,0.0,0.0,53.563,2.556,0.0,0.0,unrouted,0.0,0.0,0.0,0.0,0.0,9.0,9.0,1.0,0.0,4.958556,0.058306,54.934889,1.0,0.0,0.0,0.0,0.0,0.0,0.0,1.0,0.0,0.176778,0.244,2.457778,2.556,0.0,0.0,0.0,0.0,0.0,60.912222,3.123333,6.38,196.0,-0.019962,0.0,-0.019962,0.0,0.0,0.0,0.0,0.0,0.0,0.0,0.647603,0.509519,0.138084,20.555556,3.070634,0.379357,1.414214,0.509519,1.30332
512,6574,22,98,14,14,40.83911,44.156687,3.317577,0,-0.123216,0.325485,1,512,large_dark,196,1.0,1.0,9.96,6.99,19.0,61.72,0.256,0.0,4.756,0.0,0.0,0.0,0,0,0.0,0.0,0.0,51.232,2.456,0.0,0.0,unrouted,0.0,0.0,0.0,0.0,0.0,9.0,9.0,1.0,0.0,4.924778,0.075326,54.365,1.0,0.0,0.0,0.0,0.0,0.0,0.0,1.0,0.0,0.195556,0.256,2.470333,2.556,0.0,0.0,0.0,0.0,0.0,60.828889,4.23,6.458889,196.0,-0.019962,0.0,-0.019962,0.0,0.0,0.0,0.0,0.0,0.0,0.0,0.758714,0.55256,0.206154,22.777778,3.168751,0.379357,1.414214,0.55256,1.30332
513,6574,22,98,14,14,40.479698,43.793881,3.314183,0,-0.080091,0.211565,1,513,large_dark,196,1.0,1.0,0.22,6.92,18.91,61.73,0.256,0.0,4.693,0.0,0.0,0.0,0,0,0.0,0.0,0.0,51.554,2.454,0.0,0.0,unrouted,0.0,0.0,0.0,0.0,0.0,9.0,9.0,1.0,0.0,4.889667,0.098092,53.963333,1.0,0.0,0.0,0.0,0.0,0.0,0.0,1.0,0.0,0.210222,0.256,2.475556,2.556,0.0,0.0,0.0,0.0,0.0,60.868889,3.543333,6.522222,196.0,-0.019962,0.0,-0.019962,0.0,0.0,0.0,0.0,0.0,0.0,0.0,0.647603,0.580537,0.067066,20.666667,3.075775,0.379357,1.414214,0.580537,1.30332
514,5464,52,100,14,14,50.781488,44.980937,-5.800552,0,0.001076,0.447968,1,514,large_dark,196,1.0,1.0,4.43,12.64,13.85,67.42,0.123,0.0,5.908,0.0,0.0,0.0,0,0,0.0,0.0,0.0,65.016,3.358,0.0,0.0,unrouted,0.0,0.0,0.0,0.0,0.0,9.0,9.0,1.0,0.0,6.011111,0.111628,67.052,1.0,0.0,0.0,0.0,0.0,0.0,0.0,1.0,0.0,0.140444,0.154,7.531,18.405,0.0,0.0,0.0,0.0,0.0,66.413333,3.168889,11.682222,196.0,0.007392,0.0,0.007392,0.0,0.0,0.0,0.0,0.0,0.0,0.0,0.555556,0.298723,0.256833,20.888889,3.085979,0.222222,1.0,0.298723,0.989657
515,5464,52,100,14,14,50.376553,47.449534,-2.927019,0,0.000699,0.291179,1,515,large_dark,196,1.0,1.0,0.03,12.63,13.92,67.44,0.122,0.0,5.867,0.0,0.0,0.0,0,0,0.0,0.0,0.0,64.995,3.36,0.0,0.0,unrouted,0.0,0.0,0.0,0.0,0.0,9.0,9.0,1.0,0.0,5.965111,0.06752,66.474778,1.0,0.0,0.0,0.0,0.0,0.0,0.0,1.0,0.0,0.136889,0.145,5.859333,14.434,0.0,0.0,0.0,0.0,0.0,66.513333,2.622222,11.755556,196.0,0.007392,0.0,0.007392,0.0,0.0,0.0,0.0,0.0,0.0,0.0,0.444444,0.337018,0.107426,17.888889,2.938574,0.222222,1.0,0.337018,0.989657
516,5464,52,100,14,14,50.167529,48.049038,-2.118491,0,0.000455,0.189267,1,516,large_dark,196,1.0,1.0,3.7,12.08,12.27,68.37,0.099,0.0,5.725,0.0,0.0,0.0,0,0,0.0,0.0,0.0,63.034,3.239,0.0,0.0,unrouted,0.0,0.0,0.0,0.0,0.0,9.0,9.0,1.0,0.0,5.939889,0.101536,66.104556,1.0,0.0,0.0,0.0,0.0,0.0,0.0,1.0,0.0,0.131778,0.145,4.615444,14.434,0.0,0.0,0.0,0.0,0.0,66.743333,2.524444,11.832222,196.0,0.007392,0.0,0.007392,0.0,0.0,0.0,0.0,0.0,0.0,0.0,0.333333,0.361911,-0.028577,15.666667,2.813411,0.222222,1.0,0.361911,0.989657
517,5464,52,100,14,14,49.996036,52.718073,2.722037,0,0.000295,0.123023,1,517,large_dark,196,1.0,1.0,7.31,11.7,11.55,68.85,0.073,0.0,5.71,0.0,0.0,0.0,0,0,0.0,0.0,0.0,62.526,3.077,0.0,0.0,unrouted,0.0,0.0,0.0,0.0,0.0,9.0,9.0,1.0,0.0,5.917444,0.124866,65.678333,1.0,0.0,0.0,0.0,0.0,0.0,0.0,1.0,0.0,0.123778,0.142,3.353556,3.511,0.0,0.0,0.0,0.0,0.0,67.027778,3.326667,11.865556,196.0,0.007392,0.0,0.007392,0.0,0.0,0.0,0.0,0.0,0.0,0.0,0.444444,0.378091,0.066354,17.777778,2.932674,0.222222,1.0,0.378091,0.989657
518,5464,52,100,14,14,49.634079,52.38746,2.753381,0,0.000192,0.079965,1,518,large_dark,196,1.0,1.0,0.0,11.7,11.57,68.84,0.073,0.0,5.645,0.0,0.0,0.0,0,0,0.0,0.0,0.0,62.53,3.077,0.0,0.0,unrouted,0.0,0.0,0.0,0.0,0.0,9.0,9.0,1.0,0.0,5.872444,0.140931,65.083111,1.0,0.0,0.0,0.0,0.0,0.0,0.0,1.0,0.0,0.116111,0.142,3.305333,3.511,0.0,0.0,0.0,0.0,0.0,67.365556,3.022222,11.933333,196.0,0.007392,0.0,0.007392,0.0,0.0,0.0,0.0,0.0,0.0,0.0,0.444444,0.388608,0.055837,17.333333,2.908721,0.222222,1.0,0.388608,0.989657
519,5464,52,100,14,14,49.13764,51.918754,2.781115,0,0.000125,0.051977,1,519,large_dark,196,1.0,1.0,3.62,11.04,10.33,68.33,0.062,0.0,5.474,0.0,0.0,0.0,0,0,0.0,0.0,0.0,60.234,3.127,0.0,0.0,unrouted,0.0,0.0,0.0,0.0,0.0,9.0,9.0,1.0,0.0,5.811111,0.176408,64.232778,1.0,0.0,0.0,0.0,0.0,0.0,0.0,1.0,0.0,0.107222,0.138,3.262667,3.384,0.0,0.0,0.0,0.0,0.0,67.645556,3.424444,11.927778,196.0,0.007392,0.0,0.007392,0.0,0.0,0.0,0.0,0.0,0.0,0.0,0.444444,0.395444,0.049001,17.444444,2.914763,0.222222,1.0,0.395444,0.989657
520,5464,52,100,14,14,48.68524,51.464852,2.779612,0,8.1e-05,0.033785,1,520,large_dark,196,1.0,1.0,0.0,11.04,10.32,68.33,0.062,0.0,5.442,0.0,0.0,0.0,0,0,0.0,0.0,0.0,60.234,3.127,0.0,0.0,unrouted,0.0,0.0,0.0,0.0,0.0,9.0,9.0,1.0,0.0,5.741556,0.184628,63.413444,1.0,0.0,0.0,0.0,0.0,0.0,0.0,1.0,0.0,0.098889,0.138,3.234111,3.371,0.0,0.0,0.0,0.0,0.0,67.871111,3.144444,11.825556,196.0,0.007137,0.0,0.007137,0.0,0.0,0.0,0.0,0.0,0.0,0.0,0.333333,0.291257,0.042076,16.555556,2.86537,0.111111,1.0,0.291257,0.849281
521,5464,52,100,14,14,48.322652,51.117359,2.794707,0,5.3e-05,0.02196,1,521,large_dark,196,1.0,1.0,3.89,10.74,9.29,67.84,0.049,0.0,5.562,0.0,0.0,0.0,0,0,0.0,0.0,0.0,61.424,3.162,0.0,0.0,unrouted,0.0,0.0,0.0,0.0,0.0,9.0,9.0,1.0,0.0,5.693778,0.168576,62.896556,1.0,0.0,0.0,0.0,0.0,0.0,0.0,1.0,0.0,0.089,0.138,3.210889,3.371,0.0,0.0,0.0,0.0,0.0,68.004444,2.553333,11.707778,196.0,0.007137,0.0,0.007137,0.0,0.0,0.0,0.0,0.0,0.0,0.0,0.222222,0.255371,-0.033149,14.555556,2.744418,0.111111,1.0,0.255371,0.849281
522,5464,57,100,14,14,44.933206,47.811276,2.87807,0,1.750034,0.014274,1,522,large_dark,196,1.0,1.0,3.42,13.32,11.68,65.27,0.121,0.0,5.621,0.0,0.0,0.0,0,0,0.0,0.0,0.0,61.574,3.544,0.0,0.0,unrouted,0.0,0.0,0.0,0.0,0.0,9.0,9.0,1.0,0.0,5.661556,0.150749,62.396333,1.0,0.0,0.0,0.0,0.0,0.0,0.0,1.0,0.0,0.087111,0.123,3.230111,3.544,0.0,0.0,0.0,0.0,0.0,67.854444,2.933333,11.876667,196.0,-0.009432,0.0,-0.009432,0.0,0.0,0.0,0.0,0.0,0.0,0.0,0.777778,0.785161,-0.007383,14.777778,2.758602,0.666667,5.0,0.785161,4.999995
523,6574,20,100,14,14,37.505121,40.871493,3.366372,0,-0.17535,0.378223,1,523,large_dark,196,1.0,1.0,0.0,7.76,24.46,65.5,0.377,0.0,4.258,0.0,0.0,0.0,0,0,0.0,0.0,0.0,45.743,2.43,0.0,0.0,unrouted,0.0,0.0,0.0,0.0,0.0,9.0,9.0,1.0,0.0,4.577,0.170108,49.858,1.0,0.0,0.0,0.0,0.0,0.0,0.0,1.0,0.0,0.345889,0.386,2.390889,2.506,0.0,0.0,0.0,0.0,0.0,63.703333,3.053333,7.337778,196.0,-0.007647,0.0,-0.007647,0.0,0.0,0.0,0.0,0.0,0.0,0.0,0.647603,0.525105,0.122498,14.222222,2.722756,0.379357,1.414214,0.525105,1.337641
524,5464,57,100,14,14,43.968484,46.797181,2.828697,0,0.739389,0.006031,1,524,large_dark,196,1.0,1.0,2.8,13.01,11.64,65.49,0.134,0.0,5.663,0.0,0.0,0.0,0,0,0.0,0.0,0.0,62.284,3.556,0.0,0.0,unrouted,0.0,0.0,0.0,0.0,0.0,9.0,9.0,1.0,0.0,5.603667,0.092138,61.712667,1.0,0.0,0.0,0.0,0.0,0.0,0.0,1.0,0.0,0.088111,0.134,3.272556,3.556,0.0,0.0,0.0,0.0,0.0,67.397778,2.748889,11.995556,196.0,-0.016569,0.0,-0.016569,0.0,0.0,0.0,0.0,0.0,0.0,0.0,0.666667,0.961872,-0.295205,14.111111,2.71543,0.555556,5.0,0.961872,4.999995
525,6574,19,100,14,14,36.920738,40.289418,3.36868,0,-0.301585,0.159799,1,525,large_dark,196,1.0,1.0,0.0,7.75,23.21,65.75,0.386,0.0,4.528,0.0,0.0,0.0,0,0,0.0,0.0,0.0,49.26,2.368,0.0,0.0,unrouted,0.0,0.0,0.0,0.0,0.0,9.0,9.0,1.0,0.0,4.535111,0.14541,49.254444,1.0,0.0,0.0,0.0,0.0,0.0,0.0,1.0,0.0,0.368667,0.386,2.368444,2.43,0.0,0.0,0.0,0.0,0.0,64.31,3.142222,7.473333,196.0,-0.011216,0.0,-0.011216,0.0,0.0,0.0,0.0,0.0,0.0,0.0,0.536492,0.657295,-0.120803,13.111111,2.646963,0.490468,1.414214,0.657295,1.337641
526,1,78,98,14,14,75.350849,40.464032,-34.886817,0,-0.005259,-0.547581,1,526,large_dark,196,1.0,1.0,14.71,9.96,7.99,59.49,0.225,0.0,8.982,0.0,0.0,0.0,0,0,0.0,0.0,0.0,103.73,35.968,0.0,0.0,unrouted,0.0,0.0,0.0,0.0,0.0,9.0,9.0,1.0,0.0,8.721,0.156648,101.815333,1.0,0.0,0.0,0.0,0.0,0.0,0.0,1.0,0.0,0.230556,0.252,37.698556,40.048,0.0,0.0,0.0,0.0,0.0,61.932222,7.037778,9.876667,196.0,0.242042,0.333333,0.242042,0.333333,0.0,0.0,0.0,0.0,0.0,0.0,0.647603,0.514156,0.133447,13.0,2.639057,0.333333,1.0,0.514156,0.882152
527,1,77,98,14,14,75.677369,40.602182,-35.075187,0,-0.353418,-0.355928,1,527,large_dark,196,1.0,1.0,12.28,10.63,5.91,59.77,0.202,0.0,9.135,0.0,0.0,0.0,0,0,0.0,0.0,0.0,105.882,35.89,0.0,0.0,unrouted,0.0,0.0,0.0,0.0,0.0,9.0,9.0,1.0,0.0,8.786889,0.188895,102.405333,1.0,0.0,0.0,0.0,0.0,0.0,0.0,1.0,0.0,0.225,0.248,38.012556,40.048,0.0,0.0,0.0,0.0,0.0,61.405556,8.397778,9.957778,196.0,0.224963,0.333333,0.224963,0.333333,0.0,0.0,0.0,0.0,0.0,0.0,0.869825,0.583958,0.285867,13.222222,2.654806,0.444444,1.0,0.583958,1.135498
528,1,77,98,14,14,76.061476,41.067033,-34.994442,0,-0.229722,-0.231353,1,528,large_dark,196,1.0,1.0,0.0,10.63,5.91,59.77,0.202,0.0,9.027,0.0,0.0,0.0,0,0,0.0,0.0,0.0,105.882,35.89,0.0,0.0,unrouted,0.0,0.0,0.0,0.0,0.0,9.0,9.0,1.0,0.0,8.832,0.192339,103.027556,1.0,0.0,0.0,0.0,0.0,0.0,0.0,1.0,0.0,0.219889,0.248,37.888333,40.048,0.0,0.0,0.0,0.0,0.0,60.968889,7.153333,10.035556,196.0,0.224963,0.333333,0.224963,0.333333,0.0,0.0,0.0,0.0,0.0,0.0,0.869825,0.603053,0.266772,12.777778,2.623057,0.444444,1.0,0.603053,1.135498
529,1,77,98,14,14,76.726585,42.279153,-34.447431,0,-0.149319,-0.15038,1,529,large_dark,196,1.0,1.0,12.88,11.33,5.57,59.39,0.179,0.0,9.205,0.0,0.0,0.0,0,0,0.0,0.0,0.0,106.493,29.44,0.0,0.0,unrouted,0.0,0.0,0.0,0.0,0.0,9.0,9.0,1.0,0.0,8.907889,0.18978,103.717667,1.0,0.0,0.0,0.0,0.0,0.0,0.0,1.0,0.0,0.212222,0.23,37.046778,40.048,0.0,0.0,0.0,0.0,0.0,60.493333,8.584444,10.191111,196.0,0.224963,0.333333,0.224963,0.333333,0.0,0.0,0.0,0.0,0.0,0.0,0.980936,0.615465,0.365472,13.444444,2.67031,0.444444,1.0,0.615465,1.135498
530,1,77,98,14,14,76.909922,43.065401,-33.844522,0,-0.097057,-0.097747,1,530,large_dark,196,1.0,1.0,0.02,11.33,5.61,59.39,0.179,0.0,9.092,0.0,0.0,0.0,0,0,0.0,0.0,0.0,106.498,29.438,0.0,0.0,unrouted,0.0,0.0,0.0,0.0,0.0,9.0,9.0,1.0,0.0,8.957778,0.171748,104.403444,1.0,0.0,0.0,0.0,0.0,0.0,0.0,1.0,0.0,0.206556,0.225,35.976889,40.048,0.0,0.0,0.0,0.0,0.0,60.256667,7.238889,10.308889,196.0,0.179335,0.222222,0.179335,0.222222,0.0,0.0,0.0,0.0,0.0,0.0,0.823802,0.540994,0.282807,13.0,2.639057,0.333333,1.0,0.540994,1.135498
531,1,76,97,14,14,77.573325,44.909523,-32.663802,0,-0.413087,-0.413535,1,531,large_dark,196,1.0,1.0,12.87,11.98,8.73,58.62,0.143,0.0,9.291,0.0,0.0,0.0,0,0,0.0,0.0,0.0,107.047,25.075,0.0,0.0,unrouted,0.0,0.0,0.0,0.0,0.0,9.0,9.0,1.0,0.0,9.016667,0.184566,104.981333,1.0,0.0,0.0,0.0,0.0,0.0,0.0,1.0,0.0,0.197556,0.225,34.313222,40.048,0.0,0.0,0.0,0.0,0.0,59.93,7.317778,10.551111,196.0,0.219101,0.333333,0.219101,0.333333,0.0,0.0,0.0,0.0,0.0,0.0,0.961142,0.634959,0.326184,13.0,2.639057,0.490468,1.414214,0.634959,1.276466
532,1,76,96,14,14,78.473542,48.340345,-30.133198,0,-0.268507,-0.618798,1,532,large_dark,196,1.0,1.0,14.57,12.53,12.41,58.48,0.132,0.0,9.287,0.0,0.0,0.0,0,0,0.0,0.0,0.0,106.322,15.703,0.0,0.0,unrouted,0.0,0.0,0.0,0.0,0.0,9.0,9.0,1.0,0.0,9.087111,0.150091,105.478667,1.0,0.0,0.0,0.0,0.0,0.0,0.0,1.0,0.0,0.187333,0.225,31.608222,38.535,0.0,0.0,0.0,0.0,0.0,59.59,8.936667,10.854444,196.0,0.260673,0.444444,0.260673,0.444444,0.0,0.0,0.0,0.0,0.0,0.0,1.118277,0.683551,0.434726,14.555556,2.744418,0.601579,1.414214,0.683551,1.276466
533,1,76,96,14,14,78.391462,49.814915,-28.576547,0,-0.174529,-0.402219,1,533,large_dark,196,1.0,1.0,0.0,12.53,12.39,58.45,0.132,0.0,9.158,0.0,0.0,0.0,0,0,0.0,0.0,0.0,106.322,15.703,0.0,0.0,unrouted,0.0,0.0,0.0,0.0,0.0,9.0,9.0,1.0,0.0,9.111333,0.141755,105.767,1.0,0.0,0.0,0.0,0.0,0.0,0.0,1.0,0.0,0.178444,0.225,29.071333,38.535,0.0,0.0,0.0,0.0,0.0,59.34,7.481111,11.175556,196.0,0.215809,0.333333,0.215809,0.333333,0.0,0.0,0.0,0.0,0.0,0.0,0.961142,0.667475,0.293667,14.222222,2.722756,0.490468,1.414214,0.667475,1.276466
534,1,76,96,14,14,79.005047,53.65845,-25.346597,0,-0.113444,-0.261442,1,534,large_dark,196,1.0,1.0,11.71,13.01,12.36,58.16,0.117,0.0,9.432,0.0,0.0,0.0,0,0,0.0,0.0,0.0,108.3,9.807,0.0,0.0,unrouted,0.0,0.0,0.0,0.0,0.0,9.0,9.0,1.0,0.0,9.178778,0.133646,106.275111,1.0,0.0,0.0,0.0,0.0,0.0,0.0,1.0,0.0,0.167889,0.225,25.879333,35.968,0.0,0.0,0.0,0.0,0.0,59.057778,8.782222,11.547778,196.0,0.215809,0.333333,0.215809,0.333333,0.0,0.0,0.0,0.0,0.0,0.0,0.961142,0.664213,0.29693,14.888889,2.76562,0.490468,1.414214,0.664213,1.276466
535,1,76,96,14,14,78.261467,54.720378,-23.54109,0,-0.073739,-0.169937,1,535,large_dark,196,1.0,1.0,0.0,13.01,12.35,58.16,0.117,0.0,9.329,0.0,0.0,0.0,0,0,0.0,0.0,0.0,108.3,9.807,0.0,0.0,unrouted,0.0,0.0,0.0,0.0,0.0,9.0,9.0,1.0,0.0,9.217333,0.120747,106.782889,1.0,0.0,0.0,0.0,0.0,0.0,0.0,1.0,0.0,0.155889,0.202,22.972556,35.89,0.0,0.0,0.0,0.0,0.0,58.91,7.147778,11.886667,196.0,0.064259,0.222222,0.064259,0.222222,0.0,0.0,0.0,0.0,0.0,0.0,0.73892,0.618537,0.120383,12.333333,2.590267,0.379357,1.414214,0.618537,1.276466
536,1,76,94,14,14,79.294398,58.063016,-21.231382,0,-0.04793,-0.810459,1,536,large_dark,196,1.0,1.0,10.78,13.46,15.13,56.79,0.097,0.0,9.464,0.0,0.0,0.0,0,0,0.0,0.0,0.0,108.395,5.454,0.0,0.0,unrouted,0.0,0.0,0.0,0.0,0.0,9.0,9.0,1.0,0.0,9.253889,0.138747,107.062111,1.0,0.0,0.0,0.0,0.0,0.0,0.0,1.0,0.0,0.144222,0.202,19.590778,35.89,0.0,0.0,0.0,0.0,0.0,58.578889,6.981111,12.201111,196.0,0.186024,0.333333,0.186024,0.333333,0.0,0.0,0.0,0.0,0.0,0.0,0.73892,0.695876,0.043044,12.333333,2.590267,0.490468,2.0,0.695876,1.831548
537,1,76,94,14,14,79.849337,63.714783,-16.134554,0,-0.031155,-0.526799,1,537,large_dark,196,1.0,1.0,9.96,13.94,13.83,56.46,0.127,0.0,9.635,0.0,0.0,0.0,0,0,0.0,0.0,0.0,110.693,5.507,0.0,0.0,unrouted,0.0,0.0,0.0,0.0,0.0,9.0,9.0,1.0,0.0,9.321444,0.158447,107.596667,1.0,0.0,0.0,0.0,0.0,0.0,0.0,1.0,0.0,0.135889,0.179,16.214889,29.44,0.0,0.0,0.0,0.0,0.0,58.211111,8.087778,12.568889,196.0,0.186024,0.333333,0.186024,0.333333,0.0,0.0,0.0,0.0,0.0,0.0,0.73892,0.730353,0.008568,13.222222,2.654806,0.490468,2.0,0.730353,1.831548
538,1,76,94,14,14,80.171866,65.766562,-14.405304,0,-0.02025,-0.342419,1,538,large_dark,196,1.0,1.0,0.0,13.94,13.83,56.46,0.127,0.0,9.547,0.0,0.0,0.0,0,0,0.0,0.0,0.0,110.693,5.509,0.0,0.0,unrouted,0.0,0.0,0.0,0.0,0.0,9.0,9.0,1.0,0.0,9.359444,0.166757,108.063333,1.0,0.0,0.0,0.0,0.0,0.0,0.0,1.0,0.0,0.130111,0.179,13.555889,29.438,0.0,0.0,0.0,0.0,0.0,57.885556,6.656667,12.858889,196.0,0.186024,0.333333,0.186024,0.333333,0.0,0.0,0.0,0.0,0.0,0.0,0.627809,0.752762,-0.124953,12.555556,2.606796,0.490468,2.0,0.752762,1.831548
539,1,76,94,14,14,80.725265,70.08381,-10.641454,0,-0.013163,-0.222572,1,539,large_dark,196,1.0,1.0,10.11,13.99,13.0,56.22,0.108,0.0,9.657,0.0,0.0,0.0,0,0,0.0,0.0,0.0,110.977,4.508,0.0,0.0,unrouted,0.0,0.0,0.0,0.0,0.0,9.0,9.0,1.0,0.0,9.422222,0.16049,108.561,1.0,0.0,0.0,0.0,0.0,0.0,0.0,1.0,0.0,0.122222,0.143,10.785889,25.075,0.0,0.0,0.0,0.0,0.0,57.533333,7.777778,13.154444,196.0,0.186024,0.333333,0.186024,0.333333,0.0,0.0,0.0,0.0,0.0,0.0,0.627809,0.767329,-0.13952,13.333333,2.662588,0.490468,2.0,0.767329,1.831548
540,1,76,94,14,14,80.885234,75.847454,-5.03778,0,-0.008556,-0.144672,1,540,large_dark,196,1.0,1.0,0.03,14.01,12.96,56.21,0.108,0.0,9.568,0.0,0.0,0.0,0,0,0.0,0.0,0.0,110.968,4.505,0.0,0.0,unrouted,0.0,0.0,0.0,0.0,0.0,9.0,9.0,1.0,0.0,9.453,0.158927,108.996667,1.0,0.0,0.0,0.0,0.0,0.0,0.0,1.0,0.0,0.118333,0.132,8.500333,15.703,0.0,0.0,0.0,0.0,0.0,57.265556,6.351111,13.38,196.0,0.146259,0.222222,0.146259,0.222222,0.0,0.0,0.0,0.0,0.0,0.0,0.379357,0.650272,-0.270915,12.888889,2.631089,0.333333,2.0,0.650272,1.831548
541,1,76,92,14,14,80.698696,76.567793,-4.130904,0,-0.005561,-0.794037,1,541,large_dark,196,1.0,1.0,10.71,14.56,14.29,53.24,0.127,0.0,9.757,0.0,0.0,0.0,0,0,0.0,0.0,0.0,111.951,2.449,0.0,0.0,unrouted,0.0,0.0,0.0,0.0,0.0,9.0,9.0,1.0,0.0,9.505222,0.172445,109.622111,1.0,0.0,0.0,0.0,0.0,0.0,0.0,1.0,0.0,0.117778,0.132,7.027667,15.703,0.0,0.0,0.0,0.0,0.0,56.683333,5.922222,13.605556,196.0,0.109275,0.111111,0.109275,0.111111,0.0,0.0,0.0,0.0,0.0,0.0,0.333333,0.776717,-0.443384,12.111111,2.57346,0.444444,2.0,0.776717,1.855348
542,1,76,93,14,14,80.524112,80.013942,-0.51017,0,-0.003615,-0.166124,1,542,large_dark,196,1.0,1.0,10.6,14.58,12.84,53.45,0.102,0.0,9.744,0.0,0.0,0.0,0,0,0.0,0.0,0.0,111.857,2.398,0.0,0.0,unrouted,0.0,0.0,0.0,0.0,0.0,9.0,9.0,1.0,0.0,9.570333,0.135783,110.237111,1.0,0.0,0.0,0.0,0.0,0.0,0.0,1.0,0.0,0.114444,0.127,5.549333,9.807,0.0,0.0,0.0,0.0,0.0,56.127778,7.1,13.833333,196.0,0.055744,0.111111,0.055744,0.111111,0.0,0.0,0.0,0.0,0.0,0.0,0.444444,0.901107,-0.456662,12.666667,2.61496,0.555556,2.0,0.901107,1.855348
543,1,76,93,14,14,80.756721,80.781646,0.024925,0,-0.00235,-0.107981,1,543,large_dark,196,1.0,1.0,0.04,14.59,12.85,53.44,0.102,0.0,9.651,0.0,0.0,0.0,0,0,0.0,0.0,0.0,111.864,2.398,0.0,0.0,unrouted,0.0,0.0,0.0,0.0,0.0,9.0,9.0,1.0,0.0,9.594667,0.128225,110.633111,1.0,0.0,0.0,0.0,0.0,0.0,0.0,1.0,0.0,0.112778,0.127,4.726111,9.807,0.0,0.0,0.0,0.0,0.0,55.603333,5.803333,14.008889,196.0,0.055744,0.111111,0.055744,0.111111,0.0,0.0,0.0,0.0,0.0,0.0,0.444444,0.870852,-0.426408,12.111111,2.57346,0.555556,2.0,0.870852,1.855348
544,1,76,92,14,14,81.366428,83.947403,2.580974,0,-0.001527,-0.420187,1,544,large_dark,196,1.0,1.0,11.36,14.87,12.78,52.13,0.091,0.0,9.729,0.0,0.0,0.0,0,0,0.0,0.0,0.0,111.499,2.457,0.0,0.0,unrouted,0.0,0.0,0.0,0.0,0.0,9.0,9.0,1.0,0.0,9.639111,0.092894,110.988556,1.0,0.0,0.0,0.0,0.0,0.0,0.0,1.0,0.0,0.109889,0.127,3.909444,5.509,0.0,0.0,0.0,0.0,0.0,54.933333,7.065556,14.215556,196.0,0.095764,0.222222,0.095764,0.222222,0.0,0.0,0.0,0.0,0.0,0.0,0.555556,0.9383,-0.382744,12.777778,2.623057,0.666667,2.0,0.9383,1.855348
545,1,76,92,14,14,81.10525,83.775392,2.670142,0,-0.000993,-0.273122,1,545,large_dark,196,1.0,1.0,0.0,14.87,12.78,52.11,0.091,0.0,9.629,0.0,0.0,0.0,0,0,0.0,0.0,0.0,111.499,2.457,0.0,0.0,unrouted,0.0,0.0,0.0,0.0,0.0,9.0,9.0,1.0,0.0,9.657444,0.069981,111.333444,1.0,0.0,0.0,0.0,0.0,0.0,0.0,1.0,0.0,0.109222,0.127,3.576444,5.509,0.0,0.0,0.0,0.0,0.0,54.413333,5.867778,14.372222,196.0,-0.008922,0.111111,-0.008922,0.111111,0.0,0.0,0.0,0.0,0.0,0.0,0.333333,0.781482,-0.448149,11.888889,2.556366,0.444444,2.0,0.781482,1.855348
546,1,75,92,14,14,80.990354,81.577574,0.587219,0,-0.350645,-0.177529,1,546,large_dark,196,1.0,1.0,20.17,15.05,11.55,52.01,0.103,0.0,9.837,0.0,0.0,0.0,0,0,0.0,0.0,0.0,111.969,9.519,0.0,0.0,unrouted,0.0,0.0,0.0,0.0,0.0,9.0,9.0,1.0,0.0,9.679889,0.088994,111.475222,1.0,0.0,0.0,0.0,0.0,0.0,0.0,1.0,0.0,0.106556,0.127,4.022222,9.519,0.0,0.0,0.0,0.0,0.0,53.918889,7.002222,14.495556,196.0,-0.04359,0.111111,-0.04359,0.111111,0.0,0.0,0.0,0.0,0.0,0.0,0.581785,0.806348,-0.224563,13.333333,2.662588,0.555556,2.0,0.806348,1.855348
547,1,75,92,14,14,81.399152,79.626149,-1.773003,0,-0.227919,-0.115394,1,547,large_dark,196,1.0,1.0,16.51,15.23,10.87,51.27,0.117,0.0,9.958,0.0,0.0,0.0,0,0,0.0,0.0,0.0,113.939,13.484,0.0,0.0,unrouted,0.0,0.0,0.0,0.0,0.0,9.0,9.0,1.0,0.0,9.725556,0.111652,111.835889,1.0,0.0,0.0,0.0,0.0,0.0,0.0,1.0,0.0,0.105444,0.127,4.908333,13.484,0.0,0.0,0.0,0.0,0.0,53.342222,8.836667,14.638889,196.0,-0.04359,0.111111,-0.04359,0.111111,0.0,0.0,0.0,0.0,0.0,0.0,0.692896,0.791382,-0.098486,15.777778,2.820055,0.555556,2.0,0.791382,1.855348
548,1,75,92,14,14,81.550914,79.202011,-2.348903,0,-0.148148,-0.075006,1,548,large_dark,196,1.0,1.0,0.02,15.24,10.88,51.25,0.117,0.0,9.814,0.0,0.0,0.0,0,0,0.0,0.0,0.0,113.954,12.482,0.0,0.0,unrouted,0.0,0.0,0.0,0.0,0.0,9.0,9.0,1.0,0.0,9.743,0.111843,112.166667,1.0,0.0,0.0,0.0,0.0,0.0,0.0,1.0,0.0,0.106444,0.127,5.794333,13.484,0.0,0.0,0.0,0.0,0.0,52.79,7.715556,14.777778,196.0,-0.04359,0.111111,-0.04359,0.111111,0.0,0.0,0.0,0.0,0.0,0.0,0.692896,0.781655,-0.088758,14.888889,2.76562,0.555556,2.0,0.781655,1.855348
549,1,75,92,14,14,81.99387,78.442928,-3.550942,0,-0.096296,-0.048754,1,549,large_dark,196,1.0,1.0,10.2,15.49,10.02,50.58,0.128,0.0,10.038,0.0,0.0,0.0,0,0,0.0,0.0,0.0,115.687,14.544,0.0,0.0,unrouted,0.0,0.0,0.0,0.0,0.0,9.0,9.0,1.0,0.0,9.795222,0.126682,112.691,1.0,0.0,0.0,0.0,0.0,0.0,0.0,1.0,0.0,0.108667,0.128,6.909778,14.544,0.0,0.0,0.0,0.0,0.0,52.164444,8.845556,14.942222,196.0,-0.04359,0.111111,-0.04359,0.111111,0.0,0.0,0.0,0.0,0.0,0.0,0.804008,0.775331,0.028676,15.111111,2.779509,0.555556,2.0,0.775331,1.855348
550,1,75,92,14,14,82.552319,78.08618,-4.466139,0,-0.062592,-0.03169,1,550,large_dark,196,1.0,1.0,0.0,15.49,10.02,50.58,0.128,0.0,9.948,0.0,0.0,0.0,0,0,0.0,0.0,0.0,115.687,14.545,0.0,0.0,unrouted,0.0,0.0,0.0,0.0,0.0,9.0,9.0,1.0,0.0,9.816444,0.134273,113.106111,1.0,0.0,0.0,0.0,0.0,0.0,0.0,1.0,0.0,0.108778,0.128,8.253778,14.545,0.0,0.0,0.0,0.0,0.0,51.868889,7.655556,15.045556,196.0,-0.048178,0.111111,-0.048178,0.111111,0.0,0.0,0.0,0.0,0.0,0.0,0.692896,0.581174,0.111722,13.888889,2.700615,0.333333,1.0,0.581174,1.794045
551,1,75,90,14,14,83.462352,77.977549,-5.484803,0,-0.040685,-0.720599,1,551,large_dark,196,1.0,1.0,8.16,15.47,11.81,49.01,0.178,0.0,10.174,0.0,0.0,0.0,0,0,0.0,0.0,0.0,117.584,15.009,0.0,0.0,unrouted,0.0,0.0,0.0,0.0,0.0,9.0,9.0,1.0,0.0,9.864222,0.171372,113.742444,1.0,0.0,0.0,0.0,0.0,0.0,0.0,1.0,0.0,0.117222,0.178,9.655,15.009,0.0,0.0,0.0,0.0,0.0,51.375556,7.384444,15.144444,196.0,0.031099,0.222222,0.031099,0.222222,0.0,0.0,0.0,0.0,0.0,0.0,0.804008,0.600648,0.20336,14.0,2.70805,0.444444,2.0,0.600648,1.969305
552,1,75,90,14,14,83.711351,76.548609,-7.162742,0,-0.026445,-0.468389,1,552,large_dark,196,1.0,1.0,11.35,15.35,11.67,48.78,0.181,0.0,10.004,0.0,0.0,0.0,0,0,0.0,0.0,0.0,115.157,16.478,0.0,0.0,unrouted,0.0,0.0,0.0,0.0,0.0,9.0,9.0,1.0,0.0,9.903444,0.157954,114.108333,1.0,0.0,0.0,0.0,0.0,0.0,0.0,1.0,0.0,0.126,0.181,11.219444,16.478,0.0,0.0,0.0,0.0,0.0,50.857778,8.641111,15.228889,196.0,0.031099,0.222222,0.031099,0.222222,0.0,0.0,0.0,0.0,0.0,0.0,0.804008,0.662379,0.141628,14.222222,2.722756,0.444444,2.0,0.662379,1.969305
553,1,75,90,14,14,83.608721,75.342235,-8.266486,0,-0.017189,-0.304453,1,553,large_dark,196,1.0,1.0,0.02,15.35,11.67,48.79,0.181,0.0,9.904,0.0,0.0,0.0,0,0,0.0,0.0,0.0,115.152,16.478,0.0,0.0,unrouted,0.0,0.0,0.0,0.0,0.0,9.0,9.0,1.0,0.0,9.922889,0.145568,114.514222,1.0,0.0,0.0,0.0,0.0,0.0,0.0,1.0,0.0,0.136,0.181,12.777333,16.478,0.0,0.0,0.0,0.0,0.0,50.486667,7.381111,15.282222,196.0,-0.008922,0.111111,-0.008922,0.111111,0.0,0.0,0.0,0.0,0.0,0.0,0.692896,0.615392,0.077505,13.333333,2.662588,0.333333,2.0,0.615392,1.969305
554,1,75,89,14,14,83.615779,74.426491,-9.189288,0,-0.011173,-0.547894,1,554,large_dark,196,1.0,1.0,10.05,15.58,11.33,47.47,0.216,0.0,9.945,0.0,0.0,0.0,0,0,0.0,0.0,0.0,114.618,15.415,0.0,0.0,unrouted,0.0,0.0,0.0,0.0,0.0,9.0,9.0,1.0,0.0,9.958,0.102053,114.860778,1.0,0.0,0.0,0.0,0.0,0.0,0.0,1.0,0.0,0.149889,0.216,14.217111,16.478,0.0,0.0,0.0,0.0,0.0,49.971111,8.497778,15.361111,196.0,-0.036707,0.111111,-0.036707,0.111111,0.0,0.0,0.0,0.0,0.0,0.0,0.804008,0.64601,0.157997,14.111111,2.71543,0.444444,2.0,0.64601,1.969305
555,1,75,89,14,14,83.952097,74.325726,-9.626371,0,-0.007263,-0.356131,1,555,large_dark,196,1.0,1.0,0.0,15.56,11.35,47.5,0.216,0.0,9.855,0.0,0.0,0.0,0,0,0.0,0.0,0.0,114.615,15.414,0.0,0.0,unrouted,0.0,0.0,0.0,0.0,0.0,9.0,9.0,1.0,0.0,9.96,0.099814,115.154778,1.0,0.0,0.0,0.0,0.0,0.0,0.0,1.0,0.0,0.162444,0.216,14.872111,16.478,0.0,0.0,0.0,0.0,0.0,49.47,6.256667,15.417778,196.0,-0.002039,0.111111,-0.002039,0.111111,0.0,0.0,0.0,0.0,0.0,0.0,0.555556,0.591826,-0.03627,11.444444,2.521274,0.333333,2.0,0.591826,1.969305
556,1,79,96,5,5,76.880053,67.728772,-9.151281,0,-0.179721,0.643515,1,556,appearance,21,0.84,1.0,24.48,75.52,92.69,52.59,0.37,0.0,3.544,0.0,0.0,0.0,0,0,0.0,0.0,0.0,0.0,1.503,0.0,0.0,unrouted,0.0,0.0,0.0,0.0,0.0,9.0,9.0,1.0,0.0,9.247333,2.018902,102.494889,0.888889,0.111111,0.0,0.0,0.0,0.0,0.0,1.0,0.0,0.190556,0.37,13.540889,16.478,0.0,0.0,0.0,0.0,0.0,49.616667,7.142222,22.116667,176.555556,0.010961,0.111111,0.010961,0.111111,0.0,0.0,0.0,0.0,0.0,0.0,0.727723,0.870192,-0.142469,9.666667,2.367124,0.616612,2.54951,0.870192,2.898323
557,1,74,88,14,14,74.89099,62.529265,-12.361724,0,-0.291818,-0.806715,1,557,large_dark,196,1.0,1.0,8.41,15.53,11.13,46.01,0.226,0.0,10.159,0.0,0.0,0.0,0,0,0.0,0.0,0.0,117.536,22.195,0.0,0.0,unrouted,0.0,0.0,0.0,0.0,0.0,9.0,9.0,1.0,0.0,9.285667,2.032526,102.892889,0.888889,0.111111,0.0,0.0,0.0,0.0,0.0,1.0,0.0,0.202667,0.37,14.620111,22.195,0.0,0.0,0.0,0.0,0.0,49.034444,8.074444,22.148889,176.555556,-0.017079,0.111111,-0.017079,0.111111,0.0,0.0,0.0,0.0,0.0,0.0,1.12056,1.303571,-0.183011,10.222222,2.417896,1.009449,3.535534,1.303571,4.155874
558,1,74,88,14,14,74.816119,61.901823,-12.914297,0,-0.189682,-0.524365,1,558,large_dark,196,1.0,1.0,0.0,15.55,11.1,46.01,0.226,0.0,10.085,0.0,0.0,0.0,0,0,0.0,0.0,0.0,117.537,22.195,0.0,0.0,unrouted,0.0,0.0,0.0,0.0,0.0,9.0,9.0,1.0,0.0,9.290889,2.034512,103.098444,0.888889,0.111111,0.0,0.0,0.0,0.0,0.0,1.0,0.0,0.213556,0.37,15.470222,22.195,0.0,0.0,0.0,0.0,0.0,48.526667,6.941111,22.155556,176.555556,-0.017079,0.111111,-0.017079,0.111111,0.0,0.0,0.0,0.0,0.0,0.0,1.009449,1.38044,-0.370991,9.666667,2.367124,1.009449,3.535534,1.38044,4.155874
559,1,74,88,14,14,74.943106,60.212532,-14.730574,0,-0.123293,-0.340837,1,559,large_dark,196,1.0,1.0,12.7,15.49,10.95,45.73,0.243,0.0,10.162,0.0,0.0,0.0,0,0,0.0,0.0,0.0,117.166,24.615,0.0,0.0,unrouted,0.0,0.0,0.0,0.0,0.0,9.0,9.0,1.0,0.0,9.314667,2.043285,103.262778,0.888889,0.111111,0.0,0.0,0.0,0.0,0.0,1.0,0.0,0.226333,0.37,16.589111,24.615,0.0,0.0,0.0,0.0,0.0,47.987778,8.352222,22.155556,176.555556,-0.017079,0.111111,-0.017079,0.111111,0.0,0.0,0.0,0.0,0.0,0.0,1.12056,1.430405,-0.309844,10.333333,2.427748,1.009449,3.535534,1.430405,4.155874
560,1,74,88,14,14,75.055796,59.523385,-15.532411,0,-0.080141,-0.221544,1,560,large_dark,196,1.0,1.0,0.01,15.51,10.99,45.71,0.243,0.0,10.051,0.0,0.0,0.0,0,0,0.0,0.0,0.0,117.17,24.616,0.0,0.0,unrouted,0.0,0.0,0.0,0.0,0.0,9.0,9.0,1.0,0.0,9.301,2.037895,103.216778,0.888889,0.111111,0.0,0.0,0.0,0.0,0.0,1.0,0.0,0.233556,0.37,17.656556,24.616,0.0,0.0,0.0,0.0,0.0,47.621111,7.446667,22.16,176.555556,-0.042825,0.0,-0.042825,0.0,0.0,0.0,0.0,0.0,0.0,0.0,0.898338,1.251866,-0.353527,9.333333,2.335375,0.787227,3.535534,1.251866,4.155874
561,1,74,90,14,14,75.659948,56.803156,-18.856792,0,-0.052091,0.555996,1,561,large_dark,196,1.0,1.0,17.69,15.46,9.46,47.49,0.239,0.0,10.194,0.0,0.0,0.0,0,0,0.0,0.0,0.0,117.14,30.111,0.0,0.0,unrouted,0.0,0.0,0.0,0.0,0.0,9.0,9.0,1.0,0.0,9.322111,2.046037,103.437111,0.888889,0.111111,0.0,0.0,0.0,0.0,0.0,1.0,0.0,0.24,0.37,19.171333,30.111,0.0,0.0,0.0,0.0,0.0,47.477778,8.151111,22.172222,176.555556,0.08463,0.111111,0.08463,0.111111,0.0,0.0,0.0,0.0,0.0,0.0,1.231672,1.41867,-0.186999,9.222222,2.324564,1.009449,3.535534,1.41867,4.155874
562,1,76,94,5,5,70.260316,52.400909,-17.859406,0,-0.908859,0.186398,1,562,map,25,1.0,1.0,22.16,37.92,42.14,52.98,0.138,0.0,4.093,0.0,0.0,0.0,0,0,0.0,0.0,0.0,2.365,4.642,0.0,0.0,unrouted,0.0,0.0,0.0,0.0,0.0,9.0,9.0,1.0,0.0,8.676444,2.60191,90.905222,0.888889,0.111111,0.0,0.0,0.0,0.0,0.0,1.0,0.0,0.235222,0.37,17.856222,30.111,0.0,0.0,0.0,0.0,0.0,47.943333,10.611111,24.68,157.555556,0.206477,0.222222,0.206477,0.222222,0.0,0.0,0.0,0.0,0.0,0.0,1.51495,1.662763,-0.147813,10.111111,2.407946,1.292728,3.535534,1.662763,4.155874
563,1,79,95,4,5,62.565973,44.198536,-18.367437,0,-0.267009,0.409908,1,563,appearance,19,0.95,1.25,0.0,86.85,112.45,54.32,0.198,0.0,3.09,0.0,0.0,0.0,0,0,0.0,0.0,0.0,0.0,2.257,0.0,0.0,unrouted,0.0,0.0,0.0,0.0,0.0,9.0,9.0,1.0,0.0,7.916889,3.076116,78.286222,0.777778,0.222222,0.0,0.0,0.0,0.0,0.0,1.0,0.0,0.246333,0.37,17.841667,30.111,0.0,0.0,0.0,0.0,0.0,47.928889,8.643333,30.65,151.111111,0.117768,0.111111,0.117768,0.111111,0.0,0.0,0.0,0.0,0.0,0.0,1.571844,1.822107,-0.250262,9.444444,2.34607,1.349622,3.535534,1.822107,4.155874
564,1,74,90,14,14,67.559101,34.370883,-33.188218,0,0.996319,-0.25156,1,564,large_dark,196,1.0,1.0,10.53,15.76,8.99,47.01,0.304,0.0,10.061,0.0,0.0,0.0,0,0,0.0,0.0,0.0,116.406,42.031,0.0,0.0,unrouted,0.0,0.0,0.0,0.0,0.0,9.0,9.0,1.0,0.0,9.423444,2.080252,104.738556,0.888889,0.111111,0.0,0.0,0.0,0.0,0.0,1.0,0.0,0.246111,0.37,29.247111,47.979,0.0,0.0,0.0,0.0,0.0,48.215556,9.017778,21.558889,176.555556,0.092277,0.222222,0.092277,0.222222,0.0,0.0,0.0,0.0,0.0,0.0,2.317264,2.778493,-0.461229,10.222222,2.417896,2.095041,5.385165,2.778493,6.721246
565,1,74,90,14,14,74.468775,38.74374,-35.725036,0,0.647608,-0.163514,1,565,large_dark,196,1.0,1.0,0.02,15.75,9.03,47.02,0.304,0.0,9.97,0.0,0.0,0.0,0,0,0.0,0.0,0.0,116.425,42.031,0.0,0.0,unrouted,0.0,0.0,0.0,0.0,0.0,9.0,9.0,1.0,0.0,10.137444,0.099841,117.674667,1.0,0.0,0.0,0.0,0.0,0.0,0.0,1.0,0.0,0.238778,0.304,33.750222,47.979,0.0,0.0,0.0,0.0,0.0,47.596667,6.3,14.917778,196.0,0.079277,0.222222,0.079277,0.222222,0.0,0.0,0.0,0.0,0.0,0.0,2.033985,2.570633,-0.536648,9.111111,2.313635,1.811763,5.385165,2.570633,6.721246
566,1,74,90,14,14,76.571008,38.864216,-37.706792,0,0.420945,-0.106284,1,566,large_dark,196,1.0,1.0,11.55,15.82,8.75,46.31,0.309,0.0,10.052,0.0,0.0,0.0,0,0,0.0,0.0,0.0,116.2,48.086,0.0,0.0,unrouted,0.0,0.0,0.0,0.0,0.0,9.0,9.0,1.0,0.0,10.125556,0.102891,117.526222,1.0,0.0,0.0,0.0,0.0,0.0,0.0,1.0,0.0,0.248,0.309,36.627,48.086,0.0,0.0,0.0,0.0,0.0,47.63,6.648889,14.95,196.0,0.107317,0.222222,0.107317,0.222222,0.0,0.0,0.0,0.0,0.0,0.0,1.641148,2.183084,-0.541936,8.888889,2.291412,1.418926,5.385165,2.183084,6.721246
567,1,74,90,14,14,76.405651,36.260775,-40.144875,0,0.273614,-0.069085,1,567,large_dark,196,1.0,1.0,11.19,16.18,8.23,46.39,0.325,0.0,9.878,0.0,0.0,0.0,0,0,0.0,0.0,0.0,114.072,49.174,0.0,0.0,unrouted,0.0,0.0,0.0,0.0,0.0,9.0,9.0,1.0,0.0,10.102556,0.129167,117.141222,1.0,0.0,0.0,0.0,0.0,0.0,0.0,1.0,0.0,0.259,0.325,39.624667,49.174,0.0,0.0,0.0,0.0,0.0,47.672222,7.892222,15.02,196.0,0.107317,0.222222,0.107317,0.222222,0.0,0.0,0.0,0.0,0.0,0.0,1.641148,2.136004,-0.494856,9.555556,2.356652,1.418926,5.385165,2.136004,6.721246
568,1,74,90,14,14,76.080556,34.161975,-41.918581,0,0.177849,-0.044905,1,568,large_dark,196,1.0,1.0,0.93,16.15,8.56,46.35,0.325,0.0,9.821,0.0,0.0,0.0,0,0,0.0,0.0,0.0,114.464,49.174,0.0,0.0,unrouted,0.0,0.0,0.0,0.0,0.0,9.0,9.0,1.0,0.0,10.064667,0.153831,116.841,1.0,0.0,0.0,0.0,0.0,0.0,0.0,1.0,0.0,0.268111,0.325,42.353444,49.174,0.0,0.0,0.0,0.0,0.0,47.741111,6.584444,15.093333,196.0,0.107317,0.222222,0.107317,0.222222,0.0,0.0,0.0,0.0,0.0,0.0,1.530037,2.105402,-0.575366,9.0,2.302585,1.418926,5.385165,2.105402,6.721246
569,1,74,90,14,14,75.948498,32.240094,-43.708403,0,0.115602,-0.029188,1,569,large_dark,196,1.0,1.0,14.39,16.16,8.41,45.3,0.337,0.0,9.934,0.0,0.0,0.0,0,0,0.0,0.0,0.0,114.434,49.205,0.0,0.0,unrouted,0.0,0.0,0.0,0.0,0.0,9.0,9.0,1.0,0.0,10.051667,0.159284,116.537,1.0,0.0,0.0,0.0,0.0,0.0,0.0,1.0,0.0,0.278556,0.337,45.085556,49.205,0.0,0.0,0.0,0.0,0.0,47.695556,8.182222,15.165556,196.0,0.107317,0.222222,0.107317,0.222222,0.0,0.0,0.0,0.0,0.0,0.0,1.641148,2.085511,-0.444363,9.333333,2.335375,1.418926,5.385165,2.085511,6.721246
570,1,74,90,14,14,75.163245,29.942856,-45.220389,0,0.075141,-0.018972,1,570,large_dark,196,1.0,1.0,0.0,16.16,8.41,45.29,0.336,0.0,9.807,0.0,0.0,0.0,0,0,0.0,0.0,0.0,114.434,49.205,0.0,0.0,unrouted,0.0,0.0,0.0,0.0,0.0,9.0,9.0,1.0,0.0,10.008667,0.167101,116.236333,1.0,0.0,0.0,0.0,0.0,0.0,0.0,1.0,0.0,0.289333,0.337,47.207111,49.205,0.0,0.0,0.0,0.0,0.0,47.451111,6.216667,15.243333,196.0,-0.020138,0.111111,-0.020138,0.111111,0.0,0.0,0.0,0.0,0.0,0.0,1.307814,1.85176,-0.543946,8.888889,2.291412,1.196703,5.385165,1.85176,6.721246
571,1,74,88,14,14,76.555131,31.295184,-45.259946,0,0.048842,-0.712332,1,571,large_dark,196,1.0,1.0,14.39,16.35,8.79,43.42,0.453,0.0,9.955,0.0,0.0,0.0,0,0,0.0,0.0,0.0,114.911,46.339,0.0,0.0,unrouted,0.0,0.0,0.0,0.0,0.0,9.0,9.0,1.0,0.0,9.969222,0.128832,115.688,1.0,0.0,0.0,0.0,0.0,0.0,0.0,1.0,0.0,0.319444,0.453,47.024889,49.205,0.0,0.0,0.0,0.0,0.0,46.531111,7.0,15.658889,196.0,-0.136886,0.0,-0.136886,0.0,0.0,0.0,0.0,0.0,0.0,0.0,0.957915,1.499331,-0.541416,8.888889,2.291412,0.820574,5.385165,1.499331,6.721246
572,1,74,88,14,14,76.654548,31.682596,-44.971952,0,0.031747,-0.463016,1,572,large_dark,196,1.0,1.0,12.14,16.3,9.05,43.23,0.497,0.0,9.985,0.0,0.0,0.0,0,0,0.0,0.0,0.0,115.638,43.936,0.0,0.0,unrouted,0.0,0.0,0.0,0.0,0.0,9.0,9.0,1.0,0.0,9.940333,0.085676,115.220444,1.0,0.0,0.0,0.0,0.0,0.0,0.0,1.0,0.0,0.354444,0.497,46.575667,49.205,0.0,0.0,0.0,0.0,0.0,45.591111,8.348889,16.07,196.0,-0.136886,0.0,-0.136886,0.0,0.0,0.0,0.0,0.0,0.0,0.0,0.957915,1.348026,-0.390112,9.666667,2.367124,0.820574,5.385165,1.348026,6.721246
573,1,74,88,14,14,82.32072,37.100942,-45.219778,0,0.020636,-0.30096,1,573,large_dark,196,1.0,1.0,0.19,16.29,9.08,43.22,0.497,0.0,9.877,0.0,0.0,0.0,0,0,0.0,0.0,0.0,115.602,43.936,0.0,0.0,unrouted,0.0,0.0,0.0,0.0,0.0,9.0,9.0,1.0,0.0,9.919889,0.075831,115.131111,1.0,0.0,0.0,0.0,0.0,0.0,0.0,1.0,0.0,0.375889,0.497,46.787333,49.205,0.0,0.0,0.0,0.0,0.0,45.17,7.2,16.128889,196.0,-0.069845,0.0,-0.069845,0.0,0.0,0.0,0.0,0.0,0.0,0.0,0.359563,0.652788,-0.293225,8.888889,2.291412,0.222222,2.0,0.652788,1.982452
574,1,68,92,14,14,76.738148,34.561834,-42.176314,0,-2.086587,1.204376,1,574,large_dark,196,1.0,1.0,6.91,11.29,17.02,51.11,0.326,0.0,10.249,0.0,0.0,0.0,0,0,0.0,0.0,0.0,119.558,2.976,0.0,0.0,unrouted,0.0,0.0,0.0,0.0,0.0,9.0,9.0,1.0,0.0,9.950889,0.128628,115.479222,1.0,0.0,0.0,0.0,0.0,0.0,0.0,1.0,0.0,0.378333,0.497,42.447889,49.205,0.0,0.0,0.0,0.0,0.0,45.624444,7.965556,15.633333,196.0,0.008922,0.111111,0.008922,0.111111,0.0,0.0,0.0,0.0,0.0,0.0,1.160797,1.360731,-0.199935,10.333333,2.427748,1.023456,7.211103,1.360731,7.399075
575,1,68,92,14,14,76.218455,37.298385,-38.92007,0,-1.356281,0.782844,1,575,large_dark,196,1.0,1.0,0.05,11.29,17.0,51.14,0.326,0.0,10.188,0.0,0.0,0.0,0,0,0.0,0.0,0.0,119.554,2.976,0.0,0.0,unrouted,0.0,0.0,0.0,0.0,0.0,9.0,9.0,1.0,0.0,9.966,0.146382,115.851889,1.0,0.0,0.0,0.0,0.0,0.0,0.0,1.0,0.0,0.380222,0.497,37.435667,49.205,0.0,0.0,0.0,0.0,0.0,46.161111,6.687778,15.13,196.0,0.008922,0.111111,0.008922,0.111111,0.0,0.0,0.0,0.0,0.0,0.0,1.160797,1.554209,-0.393412,9.888889,2.387743,1.023456,7.211103,1.554209,7.399075
576,1,68,92,14,14,76.363221,40.779812,-35.583409,0,-0.881583,0.508849,1,576,large_dark,196,1.0,1.0,10.96,11.65,16.59,50.51,0.372,0.0,10.334,0.0,0.0,0.0,0,0,0.0,0.0,0.0,120.248,2.909,0.0,0.0,unrouted,0.0,0.0,0.0,0.0,0.0,9.0,9.0,1.0,0.0,10.016667,0.181789,116.538111,1.0,0.0,0.0,0.0,0.0,0.0,0.0,1.0,0.0,0.385444,0.497,32.295111,49.205,0.0,0.0,0.0,0.0,0.0,46.618889,6.662222,14.626667,196.0,0.008922,0.111111,0.008922,0.111111,0.0,0.0,0.0,0.0,0.0,0.0,1.271908,1.679969,-0.408061,12.222222,2.581899,1.023456,7.211103,1.679969,7.399075
577,1,74,88,14,14,67.353264,33.114866,-34.238399,0,1.526971,-1.069248,1,577,large_dark,196,1.0,1.0,18.28,16.63,8.09,42.95,0.564,0.0,10.365,0.0,0.0,0.0,0,0,0.0,0.0,0.0,119.879,31.615,0.0,0.0,unrouted,0.0,0.0,0.0,0.0,0.0,9.0,9.0,1.0,0.0,10.077111,0.196524,117.139778,1.0,0.0,0.0,0.0,0.0,0.0,0.0,1.0,0.0,0.412,0.564,30.344111,49.205,0.0,0.0,0.0,0.0,0.0,46.241111,8.59,14.68,196.0,-0.164926,0.111111,-0.164926,0.111111,0.0,0.0,0.0,0.0,0.0,0.0,2.017264,2.56274,-0.545476,12.666667,2.61496,1.824689,7.211103,2.56274,8.227144
578,1,74,88,14,14,67.116765,34.126516,-32.990249,0,0.992531,-0.695011,1,578,large_dark,196,1.0,1.0,0.0,16.66,8.02,42.89,0.563,0.0,10.203,0.0,0.0,0.0,0,0,0.0,0.0,0.0,119.88,31.61,0.0,0.0,unrouted,0.0,0.0,0.0,0.0,0.0,9.0,9.0,1.0,0.0,10.107,0.192908,117.744889,1.0,0.0,0.0,0.0,0.0,0.0,0.0,1.0,0.0,0.437111,0.564,28.389111,49.205,0.0,0.0,0.0,0.0,0.0,45.973333,6.991111,14.735556,196.0,-0.164926,0.111111,-0.164926,0.111111,0.0,0.0,0.0,0.0,0.0,0.0,1.906153,2.749483,-0.84333,12.555556,2.606796,1.824689,7.211103,2.749483,8.227144
579,1,68,92,14,14,58.889862,30.650396,-28.239465,0,-1.454855,0.948243,1,579,large_dark,196,1.0,1.0,13.64,12.55,15.28,50.21,0.447,0.0,10.574,0.0,0.0,0.0,0,0,0.0,0.0,0.0,123.042,2.942,0.0,0.0,unrouted,0.0,0.0,0.0,0.0,0.0,9.0,9.0,1.0,0.0,10.192222,0.210197,118.701333,1.0,0.0,0.0,0.0,0.0,0.0,0.0,1.0,0.0,0.449444,0.564,23.248778,46.339,0.0,0.0,0.0,0.0,0.0,46.52,8.506667,14.334444,196.0,-0.217948,0.111111,-0.217948,0.111111,0.0,0.0,0.0,0.0,0.0,0.0,2.75235,3.672069,-0.91972,14.888889,2.76562,2.625923,7.211103,3.672069,8.422507
580,1,68,92,14,14,59.960566,35.914162,-24.046404,0,-0.945656,0.616358,1,580,large_dark,196,1.0,1.0,0.74,12.52,15.51,50.2,0.447,0.0,10.402,0.0,0.0,0.0,0,0,0.0,0.0,0.0,122.306,2.95,0.0,0.0,unrouted,0.0,0.0,0.0,0.0,0.0,9.0,9.0,1.0,0.0,10.241889,0.200881,119.523,1.0,0.0,0.0,0.0,0.0,0.0,0.0,1.0,0.0,0.448778,0.564,18.427778,43.936,0.0,0.0,0.0,0.0,0.0,47.273333,6.99,13.908889,196.0,-0.148102,0.111111,-0.148102,0.111111,0.0,0.0,0.0,0.0,0.0,0.0,2.503898,3.644752,-1.140854,14.111111,2.71543,2.403701,7.211103,3.644752,8.422507
581,1,68,92,14,14,60.148734,39.063664,-21.085071,0,-0.614676,0.400632,1,581,large_dark,196,1.0,1.0,10.04,13.08,15.0,49.97,0.463,0.0,10.268,0.0,0.0,0.0,0,0,0.0,0.0,0.0,119.547,2.98,0.0,0.0,unrouted,0.0,0.0,0.0,0.0,0.0,9.0,9.0,1.0,0.0,10.273333,0.179186,119.957333,1.0,0.0,0.0,0.0,0.0,0.0,0.0,1.0,0.0,0.445,0.564,13.877111,43.936,0.0,0.0,0.0,0.0,0.0,48.022222,6.756667,13.551111,196.0,-0.148102,0.111111,-0.148102,0.111111,0.0,0.0,0.0,0.0,0.0,0.0,2.503898,3.690839,-1.186941,14.111111,2.71543,2.403701,7.211103,3.690839,8.422507
582,1,73,88,14,14,54.537829,42.088455,-12.449374,0,1.350461,-1.139589,1,582,large_dark,196,1.0,1.0,17.99,17.11,7.54,42.79,0.649,0.0,10.274,0.0,0.0,0.0,0,0,0.0,0.0,0.0,118.924,2.476,0.0,0.0,unrouted,0.0,0.0,0.0,0.0,0.0,9.0,9.0,1.0,0.0,10.317444,0.112732,120.326444,1.0,0.0,0.0,0.0,0.0,0.0,0.0,1.0,0.0,0.461889,0.649,9.270444,31.615,0.0,0.0,0.0,0.0,0.0,47.974444,8.734444,13.642222,196.0,-0.128984,0.111111,-0.128984,0.111111,0.0,0.0,0.0,0.0,0.0,0.0,3.289572,4.431909,-1.142337,17.222222,2.902642,3.115159,7.211103,4.431909,8.422507
583,1,73,88,14,14,59.889379,47.239348,-12.650031,0,0.877799,-0.740733,1,583,large_dark,196,1.0,1.0,0.0,17.1,7.55,42.82,0.65,0.0,10.115,0.0,0.0,0.0,0,0,0.0,0.0,0.0,118.924,2.477,0.0,0.0,unrouted,0.0,0.0,0.0,0.0,0.0,9.0,9.0,1.0,0.0,10.302556,0.12853,120.256,1.0,0.0,0.0,0.0,0.0,0.0,0.0,1.0,0.0,0.497889,0.65,9.215,31.615,0.0,0.0,0.0,0.0,0.0,47.053333,7.966667,14.287778,196.0,-0.207751,0.0,-0.207751,0.0,0.0,0.0,0.0,0.0,0.0,0.0,2.488338,3.806127,-1.317788,15.888889,2.826656,2.313925,7.211103,3.806127,8.422507
584,1,68,92,14,14,55.011641,42.553427,-12.458214,0,-1.17943,0.918524,1,584,large_dark,196,1.0,1.0,8.51,14.12,13.58,50.17,0.544,0.0,10.604,0.0,0.0,0.0,0,0,0.0,0.0,0.0,124.004,3.004,0.0,0.0,unrouted,0.0,0.0,0.0,0.0,0.0,9.0,9.0,1.0,0.0,10.348778,0.15173,120.750444,1.0,0.0,0.0,0.0,0.0,0.0,0.0,1.0,0.0,0.522111,0.65,9.218111,31.615,0.0,0.0,0.0,0.0,0.0,46.945556,8.906667,14.602222,196.0,-0.08361,0.111111,-0.08361,0.111111,0.0,0.0,0.0,0.0,0.0,0.0,3.199797,4.377475,-1.177679,17.0,2.890372,3.025384,7.211103,4.377475,8.422507
585,1,68,92,14,14,55.162054,42.679563,-12.482491,0,-0.76663,0.59704,1,585,large_dark,196,1.0,1.0,0.0,14.12,13.58,50.17,0.544,0.0,10.528,0.0,0.0,0.0,0,0,0.0,0.0,0.0,124.002,3.007,0.0,0.0,unrouted,0.0,0.0,0.0,0.0,0.0,9.0,9.0,1.0,0.0,10.370333,0.161561,121.167556,1.0,0.0,0.0,0.0,0.0,0.0,0.0,1.0,0.0,0.541222,0.65,9.229,31.615,0.0,0.0,0.0,0.0,0.0,46.907778,7.688889,14.876667,196.0,-0.08361,0.111111,-0.08361,0.111111,0.0,0.0,0.0,0.0,0.0,0.0,3.088685,4.369576,-1.280891,13.888889,2.700615,3.025384,7.211103,4.369576,8.422507
586,1,67,92,14,14,64.140127,53.627263,-10.512865,0,-0.848309,0.388076,1,586,large_dark,196,1.0,1.0,9.3,12.48,16.72,51.14,0.524,0.0,10.447,0.0,0.0,0.0,0,0,0.0,0.0,0.0,122.011,3.141,0.0,0.0,unrouted,0.0,0.0,0.0,0.0,0.0,9.0,9.0,1.0,0.0,10.379444,0.163306,121.404444,1.0,0.0,0.0,0.0,0.0,0.0,0.0,1.0,0.0,0.536778,0.65,6.065222,31.61,0.0,0.0,0.0,0.0,0.0,47.817778,6.691111,14.415556,196.0,0.022687,0.111111,0.022687,0.111111,0.0,0.0,0.0,0.0,0.0,0.0,2.454441,3.526675,-1.072234,14.111111,2.71543,2.335261,7.211103,3.526675,8.422507
587,1,67,92,14,14,65.280373,68.568375,3.288002,0,-0.551401,0.25225,1,587,large_dark,196,1.0,1.0,10.8,13.38,15.93,51.62,0.572,0.0,11.078,0.0,0.0,0.0,0,0,0.0,0.0,0.0,129.71,3.194,0.0,0.0,unrouted,0.0,0.0,0.0,0.0,0.0,9.0,9.0,1.0,0.0,10.476667,0.260725,122.496667,1.0,0.0,0.0,0.0,0.0,0.0,0.0,1.0,0.0,0.537778,0.65,2.907889,3.194,0.0,0.0,0.0,0.0,0.0,48.787778,7.891111,14.051111,196.0,0.022687,0.111111,0.022687,0.111111,0.0,0.0,0.0,0.0,0.0,0.0,2.565552,3.423202,-0.85765,15.222222,2.786382,2.335261,7.211103,3.423202,8.422507
588,1,67,92,14,14,74.499114,77.625549,3.126435,0,-0.358411,0.163962,1,588,large_dark,196,1.0,1.0,0.0,13.38,15.93,51.61,0.571,0.0,10.982,0.0,0.0,0.0,0,0,0.0,0.0,0.0,129.71,3.194,0.0,0.0,unrouted,0.0,0.0,0.0,0.0,0.0,9.0,9.0,1.0,0.0,10.522,0.305358,123.237556,1.0,0.0,0.0,0.0,0.0,0.0,0.0,1.0,0.0,0.551556,0.65,2.935889,3.194,0.0,0.0,0.0,0.0,0.0,48.943333,6.375556,14.143333,196.0,0.075708,0.111111,0.075708,0.111111,0.0,0.0,0.0,0.0,0.0,0.0,1.719355,2.554741,-0.835386,13.222222,2.654806,1.534028,6.403124,2.554741,7.551362
589,1,66,92,14,14,74.498649,77.628513,3.129863,0,-0.582967,0.106575,1,589,large_dark,196,1.0,1.0,12.19,11.05,20.58,52.83,0.543,0.0,10.504,0.0,0.0,0.0,0,0,0.0,0.0,0.0,122.452,2.878,0.0,0.0,unrouted,0.0,0.0,0.0,0.0,0.0,9.0,9.0,1.0,0.0,10.533333,0.302574,123.253778,1.0,0.0,0.0,0.0,0.0,0.0,0.0,1.0,0.0,0.562222,0.65,2.927889,3.194,0.0,0.0,0.0,0.0,0.0,49.235556,7.647778,13.98,196.0,0.02702,0.111111,0.02702,0.111111,0.0,0.0,0.0,0.0,0.0,0.0,1.87649,2.435365,-0.558875,16.111111,2.839728,1.645139,6.403124,2.435365,7.551362
590,1,66,92,14,14,74.703486,77.832644,3.129158,0,-0.378929,0.069274,1,590,large_dark,196,1.0,1.0,0.0,11.05,20.58,52.81,0.543,0.0,10.396,0.0,0.0,0.0,0,0,0.0,0.0,0.0,122.452,2.879,0.0,0.0,unrouted,0.0,0.0,0.0,0.0,0.0,9.0,9.0,1.0,0.0,10.547556,0.292612,123.576556,1.0,0.0,0.0,0.0,0.0,0.0,0.0,1.0,0.0,0.571111,0.65,2.916667,3.194,0.0,0.0,0.0,0.0,0.0,49.551111,6.532222,13.754444,196.0,0.02702,0.111111,0.02702,0.111111,0.0,0.0,0.0,0.0,0.0,0.0,1.87649,2.375792,-0.499302,15.555556,2.806722,1.645139,6.403124,2.375792,7.551362
591,1,66,92,14,14,80.594368,83.582534,2.988166,0,-0.246304,0.045028,1,591,large_dark,196,1.0,1.0,12.54,11.87,20.01,52.05,0.568,0.0,10.19,0.0,0.0,0.0,0,0,0.0,0.0,0.0,118.405,2.701,0.0,0.0,unrouted,0.0,0.0,0.0,0.0,0.0,9.0,9.0,1.0,0.0,10.538222,0.302366,123.518889,1.0,0.0,0.0,0.0,0.0,0.0,0.0,1.0,0.0,0.562111,0.65,2.941667,3.194,0.0,0.0,0.0,0.0,0.0,50.58,5.926667,13.172222,196.0,0.007902,0.111111,0.007902,0.111111,0.0,0.0,0.0,0.0,0.0,0.0,1.201926,1.625955,-0.424029,15.333333,2.793208,0.93368,6.403124,1.625955,7.551362
592,1,66,92,14,14,81.763211,84.737754,2.974544,0,-0.160097,0.029268,1,592,large_dark,196,1.0,1.0,12.81,12.89,18.55,51.79,0.623,0.0,10.949,0.0,0.0,0.0,0,0,0.0,0.0,0.0,127.892,2.703,0.0,0.0,unrouted,0.0,0.0,0.0,0.0,0.0,9.0,9.0,1.0,0.0,10.630889,0.285805,124.515333,1.0,0.0,0.0,0.0,0.0,0.0,0.0,1.0,0.0,0.559111,0.623,2.966778,3.194,0.0,0.0,0.0,0.0,0.0,51.576667,7.35,12.704444,196.0,0.007902,0.111111,0.007902,0.111111,0.0,0.0,0.0,0.0,0.0,0.0,1.313038,1.457439,-0.144402,16.222222,2.846201,0.93368,6.403124,1.457439,7.551362
593,1,66,92,14,14,87.845991,90.614237,2.768246,0,-0.104063,0.019024,1,593,large_dark,196,1.0,1.0,0.0,12.9,18.52,51.78,0.623,0.0,10.836,0.0,0.0,0.0,0,0,0.0,0.0,0.0,127.892,2.702,0.0,0.0,unrouted,0.0,0.0,0.0,0.0,0.0,9.0,9.0,1.0,0.0,10.656667,0.292599,124.947333,1.0,0.0,0.0,0.0,0.0,0.0,0.0,1.0,0.0,0.567889,0.623,2.933222,3.194,0.0,0.0,0.0,0.0,0.0,51.755556,6.404444,12.568889,196.0,-0.116239,0.0,-0.116239,0.0,0.0,0.0,0.0,0.0,0.0,0.0,0.601579,0.636482,-0.034903,15.444444,2.799988,0.222222,1.0,0.636482,1.494905
594,1,66,92,14,14,88.459028,91.124968,2.66594,0,-0.067641,0.012366,1,594,large_dark,196,1.0,1.0,15.47,13.91,17.33,51.26,0.704,0.0,10.952,0.0,0.0,0.0,0,0,0.0,0.0,0.0,127.7,4.202,0.0,0.0,unrouted,0.0,0.0,0.0,0.0,0.0,9.0,9.0,1.0,0.0,10.703778,0.302071,125.358222,1.0,0.0,0.0,0.0,0.0,0.0,0.0,1.0,0.0,0.585667,0.704,3.066,4.202,0.0,0.0,0.0,0.0,0.0,51.876667,8.123333,12.545556,196.0,-0.116239,0.0,-0.116239,0.0,0.0,0.0,0.0,0.0,0.0,0.0,0.71269,0.482136,0.230555,16.555556,2.86537,0.222222,1.0,0.482136,0.932862
595,1,66,92,14,14,89.31138,91.87958,2.5682,0,-0.043967,0.008038,1,595,large_dark,196,1.0,1.0,0.01,13.92,17.3,51.26,0.704,0.0,10.815,0.0,0.0,0.0,0,0,0.0,0.0,0.0,127.7,4.202,0.0,0.0,unrouted,0.0,0.0,0.0,0.0,0.0,9.0,9.0,1.0,0.0,10.744667,0.289177,125.990333,1.0,0.0,0.0,0.0,0.0,0.0,0.0,1.0,0.0,0.605667,0.704,3.183889,4.202,0.0,0.0,0.0,0.0,0.0,51.89,7.091111,12.705556,196.0,-0.048688,0.0,-0.048688,0.0,0.0,0.0,0.0,0.0,0.0,0.0,0.601579,0.418551,0.183029,16.222222,2.846201,0.111111,1.0,0.418551,0.932862
596,1,65,92,14,14,87.654107,86.041405,-1.612702,0,-0.378578,0.005225,1,596,large_dark,196,1.0,1.0,13.6,12.28,20.92,51.75,0.671,0.0,10.459,0.0,0.0,0.0,0,0,0.0,0.0,0.0,121.739,13.142,0.0,0.0,unrouted,0.0,0.0,0.0,0.0,0.0,9.0,9.0,1.0,0.0,10.675889,0.274981,125.104667,1.0,0.0,0.0,0.0,0.0,0.0,0.0,1.0,0.0,0.616667,0.704,4.289222,13.142,0.0,0.0,0.0,0.0,0.0,51.904444,7.402222,12.583333,196.0,-0.18323,0.0,-0.18323,0.0,0.0,0.0,0.0,0.0,0.0,0.0,0.73892,0.421129,0.317791,17.666667,2.926739,0.222222,1.0,0.421129,0.956067
597,1,65,92,14,14,86.919188,81.158331,-5.760858,0,-0.246076,0.003396,1,597,large_dark,196,1.0,1.0,14.42,13.45,19.6,51.65,0.725,0.0,10.237,0.0,0.0,0.0,0,0,0.0,0.0,0.0,118.847,19.68,0.0,0.0,unrouted,0.0,0.0,0.0,0.0,0.0,9.0,9.0,1.0,0.0,10.593111,0.282407,123.897667,1.0,0.0,0.0,0.0,0.0,0.0,0.0,1.0,0.0,0.633778,0.725,6.121,19.68,0.0,0.0,0.0,0.0,0.0,51.908889,9.004444,12.591111,196.0,-0.18323,0.0,-0.18323,0.0,0.0,0.0,0.0,0.0,0.0,0.0,0.850031,0.395824,0.454208,18.555556,2.973259,0.222222,1.0,0.395824,0.956067
598,1,65,92,14,14,86.898916,79.898525,-7.000391,0,-0.159949,0.002207,1,598,large_dark,196,1.0,1.0,0.14,13.51,19.56,51.66,0.726,0.0,10.11,0.0,0.0,0.0,0,0,0.0,0.0,0.0,118.823,19.679,0.0,0.0,unrouted,0.0,0.0,0.0,0.0,0.0,9.0,9.0,1.0,0.0,10.549333,0.320761,123.494444,1.0,0.0,0.0,0.0,0.0,0.0,0.0,1.0,0.0,0.654111,0.726,7.987778,19.68,0.0,0.0,0.0,0.0,0.0,51.778889,7.665556,12.864444,196.0,-0.134543,0.0,-0.134543,0.0,0.0,0.0,0.0,0.0,0.0,0.0,0.692896,0.349589,0.343307,15.888889,2.826656,0.111111,1.0,0.349589,0.956067
599,1,64,92,14,14,85.988928,75.663798,-10.32513,0,-0.453967,0.001435,1,599,large_dark,196,1.0,1.0,14.55,11.77,23.26,52.87,0.674,0.0,10.426,0.0,0.0,0.0,0,0,0.0,0.0,0.0,121.139,23.683,0.0,0.0,unrouted,0.0,0.0,0.0,0.0,0.0,9.0,9.0,1.0,0.0,10.552667,0.319303,123.348556,1.0,0.0,0.0,0.0,0.0,0.0,0.0,1.0,0.0,0.668667,0.726,10.299333,23.683,0.0,0.0,0.0,0.0,0.0,51.785556,9.282222,12.944444,196.0,-0.245654,0.0,-0.245654,0.0,0.0,0.0,0.0,0.0,0.0,0.0,0.941348,0.377081,0.564267,17.888889,2.938574,0.222222,1.0,0.377081,0.956067
600,1,64,92,14,14,86.047439,74.232526,-11.814913,0,-0.295079,0.000933,1,600,large_dark,196,1.0,1.0,0.0,11.77,23.26,52.86,0.674,0.0,10.297,0.0,0.0,0.0,0,0,0.0,0.0,0.0,121.139,23.182,0.0,0.0,unrouted,0.0,0.0,0.0,0.0,0.0,9.0,9.0,1.0,0.0,10.564556,0.307346,123.652333,1.0,0.0,0.0,0.0,0.0,0.0,0.0,1.0,0.0,0.680444,0.726,12.575,23.683,0.0,0.0,0.0,0.0,0.0,51.875556,7.888889,12.933333,196.0,-0.245654,0.0,-0.245654,0.0,0.0,0.0,0.0,0.0,0.0,0.0,0.830237,0.384721,0.445516,15.111111,2.779509,0.222222,1.0,0.384721,0.956067
601,1,64,92,14,14,85.803328,71.413581,-14.389747,0,-0.191801,0.000606,1,601,large_dark,196,1.0,1.0,16.53,13.44,20.86,52.28,0.712,0.0,10.728,0.0,0.0,0.0,0,0,0.0,0.0,0.0,124.605,25.695,0.0,0.0,unrouted,0.0,0.0,0.0,0.0,0.0,9.0,9.0,1.0,0.0,10.54,0.283558,123.287111,1.0,0.0,0.0,0.0,0.0,0.0,0.0,1.0,0.0,0.690333,0.726,15.129667,25.695,0.0,0.0,0.0,0.0,0.0,51.93,8.302222,12.994444,196.0,-0.245654,0.0,-0.245654,0.0,0.0,0.0,0.0,0.0,0.0,0.0,0.876261,0.389687,0.486574,15.222222,2.786382,0.222222,1.0,0.389687,0.956067
602,1,64,92,14,14,85.653155,69.731602,-15.921552,0,-0.124671,0.000394,1,602,large_dark,196,1.0,1.0,17.52,15.02,18.49,51.97,0.765,0.0,10.731,0.0,0.0,0.0,0,0,0.0,0.0,0.0,124.507,23.715,0.0,0.0,unrouted,0.0,0.0,0.0,0.0,0.0,9.0,9.0,1.0,0.0,10.528333,0.273106,122.911,1.0,0.0,0.0,0.0,0.0,0.0,0.0,1.0,0.0,0.706111,0.765,17.464444,25.695,0.0,0.0,0.0,0.0,0.0,51.951111,10.248889,13.23,196.0,-0.245654,0.0,-0.245654,0.0,0.0,0.0,0.0,0.0,0.0,0.0,1.033396,0.392915,0.640481,17.111111,2.896526,0.222222,1.0,0.392915,0.956067
603,1,64,92,14,14,85.274959,67.938035,-17.336925,0,-0.081036,0.000256,1,603,large_dark,196,1.0,1.0,0.0,15.02,18.48,51.97,0.765,0.0,10.576,0.0,0.0,0.0,0,0,0.0,0.0,0.0,124.507,23.715,0.0,0.0,unrouted,0.0,0.0,0.0,0.0,0.0,9.0,9.0,1.0,0.0,10.486556,0.230544,122.556222,1.0,0.0,0.0,0.0,0.0,0.0,0.0,1.0,0.0,0.712889,0.765,19.632556,25.695,0.0,0.0,0.0,0.0,0.0,52.03,8.53,13.353333,196.0,-0.245654,0.0,-0.245654,0.0,0.0,0.0,0.0,0.0,0.0,0.0,0.922285,0.395013,0.527272,16.0,2.833213,0.222222,1.0,0.395013,0.956067
604,1,63,92,14,14,84.627811,66.009091,-18.61872,0,-0.402673,0.000166,1,604,large_dark,196,1.0,1.0,15.18,13.79,20.74,52.56,0.738,0.0,11.268,0.0,0.0,0.0,0,0,0.0,0.0,0.0,131.502,21.743,0.0,0.0,unrouted,0.0,0.0,0.0,0.0,0.0,9.0,9.0,1.0,0.0,10.536889,0.326315,122.978667,1.0,0.0,0.0,0.0,0.0,0.0,0.0,1.0,0.0,0.716667,0.765,21.581556,25.695,0.0,0.0,0.0,0.0,0.0,52.174444,10.215556,13.338889,196.0,-0.371834,0.0,-0.371834,0.0,0.0,0.0,0.0,0.0,0.0,0.0,1.144507,0.48948,0.655027,16.888889,2.88418,0.333333,1.0,0.48948,0.956067
605,1,63,92,14,14,86.365334,67.132367,-19.232967,0,-0.261738,0.000108,1,605,large_dark,196,1.0,1.0,0.0,13.79,20.74,52.56,0.738,0.0,11.134,0.0,0.0,0.0,0,0,0.0,0.0,0.0,131.502,21.743,0.0,0.0,unrouted,0.0,0.0,0.0,0.0,0.0,9.0,9.0,1.0,0.0,10.611889,0.373896,124.063444,1.0,0.0,0.0,0.0,0.0,0.0,0.0,1.0,0.0,0.724111,0.765,22.537222,25.695,0.0,0.0,0.0,0.0,0.0,52.264444,8.704444,13.506667,196.0,-0.237291,0.0,-0.237291,0.0,0.0,0.0,0.0,0.0,0.0,0.0,0.896055,0.427992,0.468063,14.444444,2.737249,0.222222,1.0,0.427992,0.918964
606,1,62,92,14,14,86.837176,67.537506,-19.29967,0,-0.52013,7e-05,1,606,large_dark,196,1.0,1.0,16.95,11.96,24.13,53.32,0.737,0.0,11.07,0.0,0.0,0.0,0,0,0.0,0.0,0.0,128.959,20.743,0.0,0.0,unrouted,0.0,0.0,0.0,0.0,0.0,9.0,9.0,1.0,0.0,10.704444,0.372739,125.187,1.0,0.0,0.0,0.0,0.0,0.0,0.0,1.0,0.0,0.725444,0.765,22.655333,25.695,0.0,0.0,0.0,0.0,0.0,52.45,8.985556,13.341111,196.0,-0.272214,0.0,-0.272214,0.0,0.0,0.0,0.0,0.0,0.0,0.0,1.033396,0.467953,0.565443,16.666667,2.87168,0.333333,1.0,0.467953,0.918964
607,1,61,92,14,14,76.394164,56.824243,-19.569921,1,-0.52013,7e-05,0,,,,,,,,,,,,,,,,,,,,,,,,,,,,,,,8.0,9.0,0.888889,0.111111,10.77875,0.326511,125.9825,1.0,0.0,0.0,0.0,0.0,0.0,0.0,1.0,0.0,0.725375,0.765,23.027375,25.695,0.0,0.0,0.0,0.0,0.0,52.54875,10.09125,13.32,196.0,-0.272214,0.0,-0.272214,0.0,0.0,0.0,0.0,0.0,0.0,0.0,1.033396,0.440608,0.592787,17.444444,2.914763,0.391126,1.0,0.440608,0.918964
608,1,74,89,14,14,73.541143,56.809438,-16.731705,0,3.245245,-0.86622,1,608,large_dark,196,1.0,1.0,0.0,14.53,13.31,46.74,0.785,0.0,10.334,0.0,0.0,0.0,0,0,0.0,0.0,0.0,122.113,2.377,0.0,0.0,unrouted,0.0,0.0,0.0,0.0,0.0,9.0,9.0,1.0,0.0,10.024333,2.125606,112.092667,0.888889,0.111111,0.0,0.0,0.0,0.0,0.0,1.0,0.0,0.716333,0.785,18.385222,25.695,0.0,0.0,0.0,0.0,0.0,51.385556,13.744444,19.681111,178.111111,-0.267209,0.0,-0.267209,0.0,0.0,0.0,0.0,0.0,0.0,0.0,2.052145,1.573854,0.478291,15.666667,2.813411,1.596591,6.184658,1.573854,6.690463
609,1,70,94,5,5,64.50769,48.761533,-15.746157,0,-0.130591,-0.571793,1,609,map,25,1.0,1.0,55.12,62.72,77.33,71.88,0.232,0.0,4.837,0.0,0.0,0.0,0,0,0.0,0.0,0.0,2.824,5.2,0.0,0.0,unrouted,0.0,0.0,0.0,0.0,0.0,9.0,9.0,1.0,0.0,8.612889,3.292137,85.378444,0.777778,0.222222,0.0,0.0,0.0,0.0,0.0,1.0,0.0,0.639222,0.765,16.406778,25.695,0.0,0.0,0.0,0.0,0.0,53.662222,19.868889,31.262222,141.222222,0.066124,0.111111,0.066124,0.111111,0.0,0.0,0.0,0.0,0.0,0.0,1.769411,1.656074,0.113337,17.111111,2.896526,1.208582,6.184658,1.656074,6.690463
610,1,62,92,14,14,66.833308,50.455517,-16.377791,0,0.235245,3e-05,1,610,large_dark,196,1.0,1.0,0.0,14.91,19.67,52.87,0.79,0.0,10.871,0.0,0.0,0.0,0,0,0.0,0.0,0.0,128.176,12.685,0.0,0.0,unrouted,0.0,0.0,0.0,0.0,0.0,7.0,9.0,0.777778,0.222222,10.952571,0.222978,128.189857,1.0,0.0,0.0,0.0,0.0,0.0,0.0,1.0,0.0,0.760429,0.79,19.575571,23.715,0.0,0.0,0.0,0.0,0.0,52.588571,9.464286,14.2,196.0,-0.12669,0.111111,-0.12669,0.111111,0.0,0.0,0.0,0.0,0.0,0.0,0.73892,0.584269,0.154651,16.444444,2.859021,0.560029,2.0,0.584269,2.52013
611,1,62,92,14,14,67.122286,52.320209,-14.802077,0,0.152909,1.9e-05,1,611,large_dark,196,1.0,1.0,17.48,15.87,17.38,52.74,0.819,0.0,11.058,0.0,0.0,0.0,0,0,0.0,0.0,0.0,128.624,6.671,0.0,0.0,unrouted,0.0,0.0,0.0,0.0,0.0,7.0,9.0,0.777778,0.222222,10.999286,0.205211,128.778,1.0,0.0,0.0,0.0,0.0,0.0,0.0,1.0,0.0,0.768143,0.819,17.140714,23.715,0.0,0.0,0.0,0.0,0.0,52.698571,9.458571,14.321429,196.0,-0.12669,0.111111,-0.12669,0.111111,0.0,0.0,0.0,0.0,0.0,0.0,0.804008,0.589096,0.214912,15.333333,2.793208,0.560029,2.0,0.589096,2.52013
612,1,68,92,7,7,61.626541,49.551221,-12.07532,0,0.974391,-1.224987,1,612,map,49,1.0,1.0,52.53,50.08,60.01,53.9,0.398,0.0,5.352,0.0,0.0,0.0,0,0,0.0,0.0,0.0,3.478,6.516,0.0,0.0,unrouted,0.0,0.0,0.0,0.0,0.0,7.0,9.0,0.777778,0.222222,10.253,2.003884,111.488143,1.0,0.0,0.0,0.0,0.0,0.0,0.0,1.0,0.0,0.715714,0.819,14.683714,21.743,0.0,0.0,0.0,0.0,0.0,52.974286,16.962857,19.33,175.0,0.065257,0.222222,0.065257,0.222222,0.0,0.0,0.0,0.0,0.0,0.0,1.087286,1.043481,0.043805,15.666667,2.813411,1.037936,4.301163,1.043481,4.214139
613,1,72,88,14,14,57.23164,45.62552,-11.606121,0,3.258354,-0.971242,1,613,large_dark,196,1.0,1.0,0.0,17.33,9.4,45.64,0.895,0.0,11.022,0.0,0.0,0.0,0,0,0.0,0.0,0.0,130.671,18.216,0.0,0.0,unrouted,0.0,0.0,0.0,0.0,0.0,7.0,9.0,0.777778,0.222222,10.217857,1.987868,111.369429,1.0,0.0,0.0,0.0,0.0,0.0,0.0,1.0,0.0,0.738143,0.895,14.179857,21.743,0.0,0.0,0.0,0.0,0.0,51.985714,14.794286,19.835714,175.0,0.191437,0.222222,0.191437,0.222222,0.0,0.0,0.0,0.0,0.0,0.0,1.700247,1.670903,0.029345,14.444444,2.737249,1.762008,7.516648,1.670903,6.565758
614,1,61,91,14,14,48.176665,39.442328,-8.734336,0,-1.11957,0.234943,1,614,large_dark,196,1.0,1.0,18.92,15.1,20.33,52.68,0.801,0.0,11.647,0.0,0.0,0.0,0,0,0.0,0.0,0.0,135.706,2.749,0.0,0.0,unrouted,0.0,0.0,0.0,0.0,0.0,7.0,9.0,0.777778,0.222222,9.156429,3.191388,93.302714,0.857143,0.142857,0.0,0.0,0.0,0.0,0.0,1.0,0.0,0.699286,0.819,9.805286,20.743,0.0,0.0,0.0,0.0,0.0,52.858571,17.497143,27.424286,152.0,0.297225,0.333333,0.297225,0.333333,0.0,0.0,0.0,0.0,0.0,0.0,1.943999,2.058219,-0.11422,16.777778,2.877949,1.913185,6.184658,2.058219,7.756497
615,1,61,91,14,14,48.719169,45.262306,-3.456863,0,-0.72772,0.152713,1,615,large_dark,196,1.0,1.0,0.0,15.1,20.32,52.65,0.801,0.0,11.48,0.0,0.0,0.0,0,0,0.0,0.0,0.0,135.706,2.749,0.0,0.0,unrouted,0.0,0.0,0.0,0.0,0.0,7.0,9.0,0.777778,0.222222,9.215,3.229505,94.266571,0.857143,0.142857,0.0,0.0,0.0,0.0,0.0,1.0,0.0,0.708429,0.819,7.234714,12.685,0.0,0.0,0.0,0.0,0.0,52.762857,15.075714,27.872857,152.0,0.332147,0.333333,0.332147,0.333333,0.0,0.0,0.0,0.0,0.0,0.0,1.695547,2.103297,-0.407749,13.555556,2.677973,1.802074,6.184658,2.103297,7.756497
616,1,60,91,14,14,48.719169,45.266775,-3.452394,1,-0.72772,0.152713,0,,,,,,,,,,,,,,,,,,,,,,,,,,,,,,,7.0,9.0,0.777778,0.222222,9.215,3.229505,94.266571,0.857143,0.142857,0.0,0.0,0.0,0.0,0.0,1.0,0.0,0.708429,0.819,7.234714,12.685,0.0,0.0,0.0,0.0,0.0,52.762857,15.075714,27.872857,152.0,0.332147,0.333333,0.332147,0.333333,0.0,0.0,0.0,0.0,0.0,0.0,1.695547,2.103297,-0.407749,15.666667,2.813411,1.8269,6.184658,2.103297,7.756497
617,1,60,90,14,14,60.523483,57.623777,-2.899706,0,-0.473018,-0.250737,1,617,large_dark,196,1.0,1.0,18.71,13.74,25.43,52.35,0.761,0.0,11.491,0.0,0.0,0.0,0,0,0.0,0.0,0.0,133.551,2.699,0.0,0.0,unrouted,0.0,0.0,0.0,0.0,0.0,8.0,9.0,0.888889,0.111111,9.4995,3.113289,99.177125,0.875,0.125,0.0,0.0,0.0,0.0,0.0,1.0,0.0,0.715,0.819,6.66775,12.685,0.0,0.0,0.0,0.0,0.0,52.71125,15.53,26.10625,157.5,0.368344,0.444444,0.368344,0.444444,0.0,0.0,0.0,0.0,0.0,0.0,2.009817,2.254764,-0.244946,17.777778,2.932674,1.880219,6.184658,2.254764,7.756497
618,1,60,90,14,14,61.290752,59.095957,-2.194796,0,-0.307462,-0.162979,1,618,large_dark,196,1.0,1.0,0.0,13.74,25.43,52.35,0.761,0.0,11.326,0.0,0.0,0.0,0,0,0.0,0.0,0.0,133.551,2.699,0.0,0.0,unrouted,0.0,0.0,0.0,0.0,0.0,8.0,9.0,0.888889,0.111111,9.538,3.133667,99.849,0.875,0.125,0.0,0.0,0.0,0.0,0.0,1.0,0.0,0.711375,0.819,5.4195,12.685,0.0,0.0,0.0,0.0,0.0,52.64625,13.455,25.96,157.5,0.333932,0.333333,0.333932,0.333333,0.0,0.0,0.0,0.0,0.0,0.0,1.898706,2.034234,-0.135528,16.444444,2.859021,1.657997,6.184658,2.034234,7.756497
619,1,60,90,14,14,62.458567,63.781053,1.322486,0,-0.19985,-0.105936,1,619,large_dark,196,1.0,1.0,18.08,13.62,24.83,52.12,0.771,0.0,12.092,0.0,0.0,0.0,0,0,0.0,0.0,0.0,141.238,2.73,0.0,0.0,unrouted,0.0,0.0,0.0,0.0,0.0,8.0,9.0,0.888889,0.111111,9.690625,3.223326,101.48175,0.875,0.125,0.0,0.0,0.0,0.0,0.0,1.0,0.0,0.709,0.819,4.175125,6.671,0.0,0.0,0.0,0.0,0.0,52.5525,15.715,25.79875,157.5,0.333932,0.333333,0.333932,0.333333,0.0,0.0,0.0,0.0,0.0,0.0,2.120928,2.032686,0.088242,19.111111,3.001272,1.657997,6.184658,2.032686,7.756497
620,1,60,90,14,14,63.306779,64.99222,1.685442,0,-0.129903,-0.068859,1,620,large_dark,196,1.0,1.0,0.0,13.62,24.83,52.11,0.771,0.0,11.932,0.0,0.0,0.0,0,0,0.0,0.0,0.0,141.238,2.73,0.0,0.0,unrouted,0.0,0.0,0.0,0.0,0.0,8.0,9.0,0.888889,0.111111,9.799875,3.282095,103.0585,0.875,0.125,0.0,0.0,0.0,0.0,0.0,1.0,0.0,0.703,0.801,3.6825,6.588,0.0,0.0,0.0,0.0,0.0,52.47375,13.53,25.5175,157.5,0.333932,0.333333,0.333932,0.333333,0.0,0.0,0.0,0.0,0.0,0.0,1.898706,2.03168,-0.132975,18.333333,2.961831,1.657997,6.184658,2.03168,7.756497
621,1,60,90,14,14,69.873172,71.621824,1.748652,0,-0.084437,-0.044758,1,621,large_dark,196,1.0,1.0,19.74,13.04,23.86,52.23,0.792,0.0,11.714,0.0,0.0,0.0,0,0,0.0,0.0,0.0,136.611,2.791,0.0,0.0,unrouted,0.0,0.0,0.0,0.0,0.0,8.0,9.0,0.888889,0.111111,10.595125,2.850397,119.700125,0.875,0.125,0.0,0.0,0.0,0.0,0.0,1.0,0.0,0.75225,0.801,3.216875,6.588,0.0,0.0,0.0,0.0,0.0,52.265,9.43125,20.8875,175.875,0.141985,0.222222,0.141985,0.222222,0.0,0.0,0.0,0.0,0.0,0.0,1.837649,1.579779,0.25787,20.333333,3.060271,1.18009,6.184658,1.579779,7.756497
622,1,60,90,14,14,78.987474,81.957905,2.970432,0,-0.054884,-0.029093,1,622,large_dark,196,1.0,1.0,19.9,13.33,21.94,51.84,0.78,0.0,11.836,0.0,0.0,0.0,0,0,0.0,0.0,0.0,138.188,2.763,0.0,0.0,unrouted,0.0,0.0,0.0,0.0,0.0,8.0,9.0,0.888889,0.111111,11.68975,0.239819,136.973625,1.0,0.0,0.0,0.0,0.0,0.0,0.0,1.0,0.0,0.77975,0.801,2.73875,2.791,0.0,0.0,0.0,0.0,0.0,52.29125,11.91875,13.91125,196.0,0.141985,0.222222,0.141985,0.222222,0.0,0.0,0.0,0.0,0.0,0.0,1.760696,1.290643,0.470053,21.555556,3.115981,0.880914,6.184658,1.290643,7.756497
623,1,60,90,14,14,85.417161,88.177566,2.760405,0,-0.035675,-0.01891,1,623,large_dark,196,1.0,1.0,0.02,13.33,21.94,51.84,0.78,0.0,11.66,0.0,0.0,0.0,0,0,0.0,0.0,0.0,138.183,2.763,0.0,0.0,unrouted,0.0,0.0,0.0,0.0,0.0,8.0,9.0,0.888889,0.111111,11.691375,0.239568,137.28325,1.0,0.0,0.0,0.0,0.0,0.0,0.0,1.0,0.0,0.777125,0.801,2.7405,2.791,0.0,0.0,0.0,0.0,0.0,52.18625,9.55625,13.69,196.0,0.036197,0.111111,0.036197,0.111111,0.0,0.0,0.0,0.0,0.0,0.0,0.980936,0.435712,0.545224,19.222222,3.006782,0.19373,1.0,0.435712,1.363203
624,1,60,89,14,14,85.96727,88.836596,2.869326,0,-0.023188,-0.362292,1,624,large_dark,196,1.0,1.0,22.4,14.07,20.22,50.85,0.785,0.0,11.685,0.0,0.0,0.0,0,0,0.0,0.0,0.0,136.009,2.553,0.0,0.0,unrouted,0.0,0.0,0.0,0.0,0.0,8.0,9.0,0.888889,0.111111,11.717,0.226177,137.321125,1.0,0.0,0.0,0.0,0.0,0.0,0.0,1.0,0.0,0.775125,0.792,2.716,2.791,0.0,0.0,0.0,0.0,0.0,51.96125,12.35625,13.56125,196.0,0.076537,0.222222,0.076537,0.222222,0.0,0.0,0.0,0.0,0.0,0.0,1.332301,0.417688,0.914612,19.888889,3.039217,0.304841,1.0,0.417688,1.363203
625,1,60,89,14,14,97.688976,100.593177,2.904201,0,-0.015072,-0.23549,1,625,large_dark,196,1.0,1.0,0.0,14.07,20.22,50.87,0.785,0.0,11.487,0.0,0.0,0.0,0,0,0.0,0.0,0.0,136.009,2.552,0.0,0.0,unrouted,0.0,0.0,0.0,0.0,0.0,9.0,9.0,1.0,0.0,11.691444,0.22516,137.175333,1.0,0.0,0.0,0.0,0.0,0.0,0.0,1.0,0.0,0.776222,0.792,2.697778,2.791,0.0,0.0,0.0,0.0,0.0,51.84,10.983333,13.617778,196.0,0.076537,0.222222,0.076537,0.222222,0.0,0.0,0.0,0.0,0.0,0.0,1.332301,0.458025,0.874275,16.777778,2.877949,0.222222,1.0,0.458025,1.363203
626,1,60,89,14,14,98.04371,100.870706,2.826996,0,-0.009797,-0.153068,1,626,large_dark,196,1.0,1.0,20.85,14.99,18.56,50.93,0.825,0.0,11.952,0.0,0.0,0.0,0,0,0.0,0.0,0.0,139.552,2.431,0.0,0.0,unrouted,0.0,0.0,0.0,0.0,0.0,9.0,9.0,1.0,0.0,11.742667,0.226169,137.842111,1.0,0.0,0.0,0.0,0.0,0.0,0.0,1.0,0.0,0.783333,0.825,2.668,2.791,0.0,0.0,0.0,0.0,0.0,51.682222,11.221111,13.756667,196.0,0.040339,0.111111,0.040339,0.111111,0.0,0.0,0.0,0.0,0.0,0.0,1.351364,0.332777,1.018587,15.444444,2.799988,0.111111,1.0,0.332777,0.981738
627,1,60,89,14,14,98.881618,101.716191,2.834574,0,-0.006368,-0.099494,1,627,large_dark,196,1.0,1.0,21.77,15.97,17.29,51.63,0.873,0.0,12.216,0.0,0.0,0.0,0,0,0.0,0.0,0.0,142.751,2.439,0.0,0.0,unrouted,0.0,0.0,0.0,0.0,0.0,9.0,9.0,1.0,0.0,11.841556,0.216742,138.864333,1.0,0.0,0.0,0.0,0.0,0.0,0.0,1.0,0.0,0.795778,0.873,2.639111,2.791,0.0,0.0,0.0,0.0,0.0,51.602222,13.64,14.004444,196.0,0.040339,0.111111,0.040339,0.111111,0.0,0.0,0.0,0.0,0.0,0.0,1.684698,0.290335,1.394363,16.222222,2.846201,0.111111,1.0,0.290335,0.981738
628,1,60,89,14,14,98.794227,101.639517,2.84529,0,-0.004139,-0.064671,1,628,large_dark,196,1.0,1.0,0.0,15.98,17.3,51.63,0.874,0.0,12.024,0.0,0.0,0.0,0,0,0.0,0.0,0.0,142.752,2.439,0.0,0.0,unrouted,0.0,0.0,0.0,0.0,0.0,9.0,9.0,1.0,0.0,11.834,0.208924,139.032556,1.0,0.0,0.0,0.0,0.0,0.0,0.0,1.0,0.0,0.807222,0.874,2.606778,2.791,0.0,0.0,0.0,0.0,0.0,51.547778,11.631111,14.266667,196.0,0.040339,0.111111,0.040339,0.111111,0.0,0.0,0.0,0.0,0.0,0.0,1.462475,0.262747,1.199728,13.444444,2.67031,0.111111,1.0,0.262747,0.981738
629,1,59,89,14,14,97.729557,100.580652,2.851094,0,-0.352691,-0.042036,1,629,large_dark,196,1.0,1.0,20.58,14.45,19.81,53.1,0.82,0.0,11.844,0.0,0.0,0.0,0,0,0.0,0.0,0.0,138.236,2.474,0.0,0.0,unrouted,0.0,0.0,0.0,0.0,0.0,9.0,9.0,1.0,0.0,11.824222,0.206149,138.699,1.0,0.0,0.0,0.0,0.0,0.0,0.0,1.0,0.0,0.812667,0.874,2.578333,2.791,0.0,0.0,0.0,0.0,0.0,51.657778,13.917778,14.358889,196.0,-0.070801,0.111111,-0.070801,0.111111,0.0,0.0,0.0,0.0,0.0,0.0,1.710927,0.348499,1.362429,14.222222,2.722756,0.222222,1.0,0.348499,0.997958
630,1,59,89,14,14,97.665568,100.536757,2.871189,0,-0.229249,-0.027324,1,630,large_dark,196,1.0,1.0,0.11,14.45,19.91,53.1,0.82,0.0,11.67,0.0,0.0,0.0,0,0,0.0,0.0,0.0,138.317,2.474,0.0,0.0,unrouted,0.0,0.0,0.0,0.0,0.0,9.0,9.0,1.0,0.0,11.819333,0.209204,138.888556,1.0,0.0,0.0,0.0,0.0,0.0,0.0,1.0,0.0,0.815778,0.874,2.543111,2.763,0.0,0.0,0.0,0.0,0.0,51.754444,11.736667,14.515556,196.0,-0.070801,0.111111,-0.070801,0.111111,0.0,0.0,0.0,0.0,0.0,0.0,1.488705,0.371628,1.117077,12.444444,2.598566,0.222222,1.0,0.371628,0.997958
631,1,59,89,14,14,96.983012,99.870311,2.8873,0,-0.149012,-0.01776,1,631,large_dark,196,1.0,1.0,21.84,15.12,18.53,53.55,0.876,0.0,11.159,0.0,0.0,0.0,0,0,0.0,0.0,0.0,129.625,2.407,0.0,0.0,unrouted,0.0,0.0,0.0,0.0,0.0,9.0,9.0,1.0,0.0,11.744111,0.294153,137.937111,1.0,0.0,0.0,0.0,0.0,0.0,0.0,1.0,0.0,0.826444,0.876,2.503556,2.763,0.0,0.0,0.0,0.0,0.0,51.944444,11.952222,14.714444,196.0,-0.070801,0.111111,-0.070801,0.111111,0.0,0.0,0.0,0.0,0.0,0.0,1.488705,0.386662,1.102043,14.444444,2.737249,0.222222,1.0,0.386662,0.997958
632,1,58,90,14,14,95.528809,98.436881,2.908072,0,-0.446858,0.338456,1,632,large_dark,196,1.0,1.0,19.18,13.3,21.85,56.57,0.843,0.0,11.39,0.0,0.0,0.0,0,0,0.0,0.0,0.0,132.868,2.343,0.0,0.0,unrouted,0.0,0.0,0.0,0.0,0.0,9.0,9.0,1.0,0.0,11.714111,0.314281,137.346556,1.0,0.0,0.0,0.0,0.0,0.0,0.0,1.0,0.0,0.833444,0.876,2.456889,2.553,0.0,0.0,0.0,0.0,0.0,52.47,14.081111,14.711111,196.0,-0.196981,0.111111,-0.196981,0.111111,0.0,0.0,0.0,0.0,0.0,0.0,1.946828,0.527166,1.419662,15.555556,2.806722,0.379357,1.414214,0.527166,1.326656
633,1,58,90,14,14,94.837355,97.663698,2.826343,0,-0.290457,0.219996,1,633,large_dark,196,1.0,1.0,0.0,13.3,21.85,56.58,0.842,0.0,11.221,0.0,0.0,0.0,0,0,0.0,0.0,0.0,132.868,2.343,0.0,0.0,unrouted,0.0,0.0,0.0,0.0,0.0,9.0,9.0,1.0,0.0,11.662556,0.350768,136.997556,1.0,0.0,0.0,0.0,0.0,0.0,0.0,1.0,0.0,0.839778,0.876,2.433556,2.552,0.0,0.0,0.0,0.0,0.0,53.106667,11.592222,14.625556,196.0,-0.237321,0.0,-0.237321,0.0,0.0,0.0,0.0,0.0,0.0,0.0,1.595464,0.480369,1.115095,15.444444,2.799988,0.268246,1.414214,0.480369,1.326656
634,1,58,90,14,14,94.859438,97.69227,2.832832,0,-0.188797,0.142998,1,634,large_dark,196,1.0,1.0,21.6,14.17,20.97,56.56,0.905,0.0,11.554,0.0,0.0,0.0,0,0,0.0,0.0,0.0,134.679,2.296,0.0,0.0,unrouted,0.0,0.0,0.0,0.0,0.0,9.0,9.0,1.0,0.0,11.67,0.34766,136.849778,1.0,0.0,0.0,0.0,0.0,0.0,0.0,1.0,0.0,0.853111,0.905,2.405111,2.474,0.0,0.0,0.0,0.0,0.0,53.738889,13.992222,14.636667,196.0,-0.237321,0.0,-0.237321,0.0,0.0,0.0,0.0,0.0,0.0,0.0,1.817686,0.480517,1.337168,18.444444,2.967561,0.268246,1.414214,0.480517,1.326656
635,1,58,90,14,14,94.274562,97.102717,2.828154,0,-0.122718,0.092948,1,635,large_dark,196,1.0,1.0,0.06,14.17,20.94,56.57,0.905,0.0,11.366,0.0,0.0,0.0,0,0,0.0,0.0,0.0,134.707,2.296,0.0,0.0,unrouted,0.0,0.0,0.0,0.0,0.0,9.0,9.0,1.0,0.0,11.604889,0.3436,136.311444,1.0,0.0,0.0,0.0,0.0,0.0,0.0,1.0,0.0,0.862,0.905,2.390111,2.474,0.0,0.0,0.0,0.0,0.0,54.365556,11.682222,14.545556,196.0,-0.237321,0.0,-0.237321,0.0,0.0,0.0,0.0,0.0,0.0,0.0,1.484353,0.480614,1.003739,17.888889,2.938574,0.268246,1.414214,0.480614,1.326656
636,1,58,90,14,14,93.61509,96.434044,2.818954,0,-0.079767,0.060416,1,636,large_dark,196,1.0,1.0,23.2,14.76,20.6,56.46,0.965,0.0,11.556,0.0,0.0,0.0,0,0,0.0,0.0,0.0,134.567,2.212,0.0,0.0,unrouted,0.0,0.0,0.0,0.0,0.0,9.0,9.0,1.0,0.0,11.531556,0.267308,135.402111,1.0,0.0,0.0,0.0,0.0,0.0,0.0,1.0,0.0,0.872222,0.965,2.364889,2.474,0.0,0.0,0.0,0.0,0.0,54.902222,11.841111,14.411111,196.0,-0.237321,0.0,-0.237321,0.0,0.0,0.0,0.0,0.0,0.0,0.0,1.373242,0.480677,0.892565,20.444444,3.065466,0.268246,1.414214,0.480677,1.326656
637,1,57,90,14,14,91.503486,94.306989,2.803503,0,-0.401848,0.039271,1,637,large_dark,196,1.0,1.0,21.8,13.57,22.9,57.97,0.936,0.0,10.872,0.0,0.0,0.0,0,0,0.0,0.0,0.0,126.182,2.348,0.0,0.0,unrouted,0.0,0.0,0.0,0.0,0.0,9.0,9.0,1.0,0.0,11.403556,0.276513,133.561,1.0,0.0,0.0,0.0,0.0,0.0,0.0,1.0,0.0,0.879111,0.965,2.354778,2.474,0.0,0.0,0.0,0.0,0.0,55.606667,14.263333,14.143333,196.0,-0.354324,0.0,-0.354324,0.0,0.0,0.0,0.0,0.0,0.0,0.0,1.706575,0.572067,1.134508,22.888889,3.173413,0.379357,1.414214,0.572067,1.326656
638,1,57,90,14,14,91.377009,94.176597,2.799588,0,-0.261202,0.025526,1,638,large_dark,196,1.0,1.0,1.04,13.6,22.85,58.33,0.937,0.0,10.754,0.0,0.0,0.0,0,0,0.0,0.0,0.0,126.994,2.357,0.0,0.0,unrouted,0.0,0.0,0.0,0.0,0.0,9.0,9.0,1.0,0.0,11.282444,0.295156,132.311889,1.0,0.0,0.0,0.0,0.0,0.0,0.0,1.0,0.0,0.892111,0.965,2.341778,2.474,0.0,0.0,0.0,0.0,0.0,56.187778,12.092222,14.048889,196.0,-0.243184,0.0,-0.243184,0.0,0.0,0.0,0.0,0.0,0.0,0.0,1.458123,0.506046,0.952077,22.111111,3.140314,0.268246,1.414214,0.506046,1.326656
639,1,56,91,14,14,89.210949,91.99692,2.785971,0,-0.519781,0.366592,1,639,large_dark,196,1.0,1.0,21.13,12.87,20.43,59.85,0.907,0.0,10.665,0.0,0.0,0.0,0,0,0.0,0.0,0.0,123.975,2.27,0.0,0.0,unrouted,0.0,0.0,0.0,0.0,0.0,9.0,9.0,1.0,0.0,11.170778,0.316731,130.718333,1.0,0.0,0.0,0.0,0.0,0.0,0.0,1.0,0.0,0.901778,0.965,2.319111,2.407,0.0,0.0,0.0,0.0,0.0,56.937778,14.427778,13.873333,196.0,-0.375992,0.0,-0.375992,0.0,0.0,0.0,0.0,0.0,0.0,0.0,1.916246,0.602455,1.31379,23.111111,3.182673,0.425381,1.414214,0.602455,1.326656
640,1,56,91,14,14,88.511366,91.294236,2.782871,0,-0.337858,0.238285,1,640,large_dark,196,1.0,1.0,0.0,12.87,20.42,59.85,0.907,0.0,10.478,0.0,0.0,0.0,0,0,0.0,0.0,0.0,123.975,2.27,0.0,0.0,unrouted,0.0,0.0,0.0,0.0,0.0,9.0,9.0,1.0,0.0,11.095111,0.384584,130.090556,1.0,0.0,0.0,0.0,0.0,0.0,0.0,1.0,0.0,0.905222,0.965,2.303889,2.357,0.0,0.0,0.0,0.0,0.0,57.637778,12.001111,13.623333,196.0,-0.375992,0.0,-0.375992,0.0,0.0,0.0,0.0,0.0,0.0,0.0,1.694023,0.647475,1.046548,20.555556,3.070634,0.425381,1.414214,0.647475,1.326656
641,1,61,88,14,14,81.827756,84.623145,2.795389,0,1.530393,-0.895115,1,641,large_dark,196,1.0,1.0,36.75,16.18,12.17,53.68,1.106,0.0,10.748,0.0,0.0,0.0,0,0,0.0,0.0,0.0,123.746,2.378,0.0,0.0,unrouted,0.0,0.0,0.0,0.0,0.0,9.0,9.0,1.0,0.0,11.023778,0.382807,129.077,1.0,0.0,0.0,0.0,0.0,0.0,0.0,1.0,0.0,0.934444,1.106,2.307778,2.378,0.0,0.0,0.0,0.0,0.0,57.316667,13.953333,13.943333,196.0,-0.574056,0.0,-0.574056,0.0,0.0,0.0,0.0,0.0,0.0,0.0,1.707305,1.193773,0.513532,21.777778,3.125785,0.916129,5.830952,1.193773,6.243333
642,1,63,89,12,12,76.593877,79.476832,2.882955,0,1.344755,-0.581825,1,642,map,144,1.0,1.0,43.62,18.68,1.34,54.8,1.033,0.0,5.056,0.0,0.0,0.0,0,0,0.0,0.0,0.0,4.368,2.284,0.0,0.0,unrouted,0.0,0.0,0.0,0.0,0.0,9.0,9.0,1.0,0.0,10.338778,1.905294,114.799222,1.0,0.0,0.0,0.0,0.0,0.0,0.0,1.0,0.0,0.955667,1.106,2.301222,2.378,0.0,0.0,0.0,0.0,0.0,57.118889,18.8,14.541111,190.222222,-0.471838,0.111111,-0.471838,0.111111,0.0,0.0,0.0,0.0,0.0,0.0,1.818416,1.247094,0.571322,23.888889,3.214421,1.027241,5.830952,1.247094,6.243333
643,1,55,92,14,14,74.518367,77.247058,2.728691,0,-0.370245,0.328175,1,643,large_dark,196,1.0,1.0,0.0,14.62,6.99,60.53,0.942,0.0,10.047,0.0,0.0,0.0,0,0,0.0,0.0,0.0,119.456,2.363,0.0,0.0,unrouted,0.0,0.0,0.0,0.0,0.0,8.0,9.0,0.888889,0.111111,10.748125,0.483786,126.164,1.0,0.0,0.0,0.0,0.0,0.0,0.0,1.0,0.0,0.930125,0.965,2.309875,2.363,0.0,0.0,0.0,0.0,0.0,58.7625,11.24,13.885,196.0,-0.38058,0.0,-0.38058,0.0,0.0,0.0,0.0,0.0,0.0,0.0,1.365043,0.594014,0.771029,21.444444,3.111043,0.471318,1.414214,0.594014,1.222875
644,1,60,90,14,14,68.099152,70.862323,2.763171,0,1.509341,-0.486686,1,644,large_dark,196,1.0,1.0,37.77,12.76,11.93,57.01,1.101,0.0,10.65,0.0,0.0,0.0,0,0,0.0,0.0,0.0,123.23,2.495,0.0,0.0,unrouted,0.0,0.0,0.0,0.0,0.0,8.0,9.0,0.888889,0.111111,10.658625,0.423699,124.729375,1.0,0.0,0.0,0.0,0.0,0.0,0.0,1.0,0.0,0.954625,1.101,2.33475,2.495,0.0,0.0,0.0,0.0,0.0,58.8175,15.95375,13.70875,196.0,-0.585272,0.0,-0.585272,0.0,0.0,0.0,0.0,0.0,0.0,0.0,1.716407,1.218054,0.498353,21.888889,3.130652,1.06967,5.385165,1.218054,5.853198
645,1,60,90,14,14,66.576038,69.323909,2.747871,0,0.981072,-0.316346,1,645,large_dark,196,1.0,1.0,0.04,12.76,11.93,57.01,1.101,0.0,10.317,0.0,0.0,0.0,0,0,0.0,0.0,0.0,123.242,2.495,0.0,0.0,unrouted,0.0,0.0,0.0,0.0,0.0,8.0,9.0,0.888889,0.111111,10.50375,0.263558,123.31375,1.0,0.0,0.0,0.0,0.0,0.0,0.0,1.0,0.0,0.971625,1.101,2.370125,2.495,0.0,0.0,0.0,0.0,0.0,58.88625,13.05875,13.45875,196.0,-0.585272,0.0,-0.585272,0.0,0.0,0.0,0.0,0.0,0.0,0.0,1.494185,1.377156,0.117028,18.777778,2.984559,1.06967,5.385165,1.377156,5.853198
646,1,59,90,14,14,65.877442,68.612538,2.735096,0,0.287697,-0.205625,1,646,large_dark,196,1.0,1.0,36.48,12.78,7.59,57.06,1.113,0.0,10.373,0.0,0.0,0.0,0,0,0.0,0.0,0.0,120.33,2.483,0.0,0.0,unrouted,0.0,0.0,0.0,0.0,0.0,8.0,9.0,0.888889,0.111111,10.441375,0.225296,122.58225,1.0,0.0,0.0,0.0,0.0,0.0,0.0,1.0,0.0,0.99375,1.113,2.387,2.495,0.0,0.0,0.0,0.0,0.0,58.7725,14.89375,13.36,196.0,-0.556723,0.0,-0.556723,0.0,0.0,0.0,0.0,0.0,0.0,0.0,1.494185,1.497596,-0.003411,19.555556,3.023131,1.06967,5.385165,1.497596,5.853198
647,1,58,90,14,14,64.942872,67.660362,2.717491,0,-0.162997,-0.133656,1,647,large_dark,196,1.0,1.0,34.07,14.05,3.68,57.98,1.118,0.0,10.448,0.0,0.0,0.0,0,0,0.0,0.0,0.0,121.582,2.514,0.0,0.0,unrouted,0.0,0.0,0.0,0.0,0.0,8.0,9.0,0.888889,0.111111,10.403125,0.192572,121.90575,1.0,0.0,0.0,0.0,0.0,0.0,0.0,1.0,0.0,1.016375,1.118,2.406625,2.514,0.0,0.0,0.0,0.0,0.0,58.72875,19.0225,13.41625,196.0,-0.608469,0.0,-0.608469,0.0,0.0,0.0,0.0,0.0,0.0,0.0,1.827518,1.597623,0.229895,21.777778,3.125785,1.180781,5.385165,1.597623,5.853198
648,1,58,90,14,14,65.567972,68.246849,2.678877,0,-0.105948,-0.086877,1,648,large_dark,196,1.0,1.0,0.17,14.06,3.66,57.96,1.117,0.0,10.148,0.0,0.0,0.0,0,0,0.0,0.0,0.0,121.576,2.515,0.0,0.0,unrouted,0.0,0.0,0.0,0.0,0.0,8.0,9.0,0.888889,0.111111,10.3385,0.180198,121.605875,1.0,0.0,0.0,0.0,0.0,0.0,0.0,1.0,0.0,1.042625,1.118,2.43725,2.515,0.0,0.0,0.0,0.0,0.0,58.4925,16.4025,13.565,196.0,-0.475661,0.0,-0.475661,0.0,0.0,0.0,0.0,0.0,0.0,0.0,1.369395,1.485169,-0.115774,20.888889,3.085979,1.023646,5.385165,1.485169,5.853198
649,1,62,90,14,14,60.366037,62.98973,2.623694,0,1.331134,-0.05647,1,649,large_dark,196,1.0,1.0,27.55,8.78,18.98,57.94,1.105,0.0,9.839,0.0,0.0,0.0,0,0,0.0,0.0,0.0,114.551,2.634,0.0,0.0,unrouted,0.0,0.0,0.0,0.0,0.0,8.0,9.0,0.888889,0.111111,10.258625,0.234193,120.427875,1.0,0.0,0.0,0.0,0.0,0.0,0.0,1.0,0.0,1.067375,1.118,2.48275,2.634,0.0,0.0,0.0,0.0,0.0,58.25375,19.84625,13.05375,196.0,-0.808995,0.0,-0.808995,0.0,0.0,0.0,0.0,0.0,0.0,0.0,1.702728,1.870815,-0.168087,22.888889,3.173413,1.46809,5.385165,1.870815,5.853198
650,1,62,90,14,14,69.981629,72.621329,2.6397,0,0.865237,-0.036705,1,650,large_dark,196,1.0,1.0,0.06,8.76,18.99,57.91,1.105,0.0,9.595,0.0,0.0,0.0,0,0,0.0,0.0,0.0,114.548,2.633,0.0,0.0,unrouted,0.0,0.0,0.0,0.0,0.0,9.0,9.0,1.0,0.0,10.184889,0.303724,119.774556,1.0,0.0,0.0,0.0,0.0,0.0,0.0,1.0,0.0,1.071556,1.118,2.499444,2.634,0.0,0.0,0.0,0.0,0.0,58.215556,17.647778,12.576667,196.0,-0.808995,0.0,-0.808995,0.0,0.0,0.0,0.0,0.0,0.0,0.0,1.702728,2.018852,-0.316124,21.0,3.091042,1.422153,5.385165,2.018852,5.853198
651,1,61,92,14,14,67.952666,70.582457,2.629791,0,0.212404,0.676142,1,651,large_dark,196,1.0,1.0,24.52,14.04,3.73,60.27,1.086,0.0,8.765,0.0,0.0,0.0,0,0,0.0,0.0,0.0,101.521,2.629,0.0,0.0,unrouted,0.0,0.0,0.0,0.0,0.0,9.0,9.0,1.0,0.0,10.020222,0.537321,117.781778,1.0,0.0,0.0,0.0,0.0,0.0,0.0,1.0,0.0,1.087556,1.118,2.529,2.634,0.0,0.0,0.0,0.0,0.0,58.185556,17.851111,12.512222,196.0,-0.779935,0.0,-0.779935,0.0,0.0,0.0,0.0,0.0,0.0,0.0,1.751981,2.213572,-0.461591,21.222222,3.101093,1.51347,5.385165,2.213572,5.853198
652,1,60,92,14,14,63.948474,66.543729,2.595255,0,-0.211937,0.439492,1,652,large_dark,196,1.0,1.0,16.33,18.34,4.94,60.84,1.079,0.0,6.621,0.0,0.0,0.0,0,0,0.0,0.0,0.0,74.471,2.684,0.0,0.0,unrouted,0.0,0.0,0.0,0.0,0.0,9.0,9.0,1.0,0.0,9.639556,1.194815,112.783444,1.0,0.0,0.0,0.0,0.0,0.0,0.0,1.0,0.0,1.102778,1.118,2.564667,2.684,0.0,0.0,0.0,0.0,0.0,58.22,19.665556,12.925556,196.0,-0.850545,0.0,-0.850545,0.0,0.0,0.0,0.0,0.0,0.0,0.0,2.085314,2.283243,-0.197928,23.666667,3.205453,1.624581,5.385165,2.283243,5.853198
653,1,60,92,14,14,65.640249,68.167596,2.527347,0,-0.137759,0.28567,1,653,large_dark,196,1.0,1.0,0.03,18.34,4.92,60.84,1.079,0.0,6.477,0.0,0.0,0.0,0,0,0.0,0.0,0.0,74.473,2.683,0.0,0.0,unrouted,0.0,0.0,0.0,0.0,0.0,9.0,9.0,1.0,0.0,9.175889,1.486761,107.366,1.0,0.0,0.0,0.0,0.0,0.0,0.0,1.0,0.0,1.100333,1.118,2.585556,2.684,0.0,0.0,0.0,0.0,0.0,58.645556,15.472222,13.545556,196.0,-0.645852,0.0,-0.645852,0.0,0.0,0.0,0.0,0.0,0.0,0.0,1.73395,1.687101,0.046849,23.222222,3.18727,1.02623,4.0,1.687101,4.106867
654,1,60,92,14,14,61.379093,63.89374,2.514647,0,-0.089544,0.185685,1,654,large_dark,196,1.0,1.0,12.76,20.12,10.97,61.34,1.072,0.0,5.516,0.0,0.0,0.0,0,0,0.0,0.0,0.0,60.075,2.711,0.0,0.0,unrouted,0.0,0.0,0.0,0.0,0.0,9.0,9.0,1.0,0.0,8.642444,1.808183,100.347444,1.0,0.0,0.0,0.0,0.0,0.0,0.0,1.0,0.0,1.097111,1.118,2.609556,2.711,0.0,0.0,0.0,0.0,0.0,59.126667,16.885556,14.363333,196.0,-0.645852,0.0,-0.645852,0.0,0.0,0.0,0.0,0.0,0.0,0.0,1.845061,1.546133,0.298929,25.888889,3.291713,1.02623,4.0,1.546133,4.106867
655,1,60,92,14,14,57.826365,60.330759,2.504394,0,-0.058203,0.120695,1,655,large_dark,196,1.0,1.0,0.0,20.12,10.97,61.35,1.072,0.0,5.403,0.0,0.0,0.0,0,0,0.0,0.0,0.0,60.075,2.711,0.0,0.0,unrouted,0.0,0.0,0.0,0.0,0.0,9.0,9.0,1.0,0.0,8.090222,1.948799,93.652444,1.0,0.0,0.0,0.0,0.0,0.0,0.0,1.0,0.0,1.092556,1.118,2.634889,2.711,0.0,0.0,0.0,0.0,0.0,59.603333,12.832222,15.178889,196.0,-0.557399,0.0,-0.557399,0.0,0.0,0.0,0.0,0.0,0.0,0.0,1.511728,1.34613,0.165598,23.0,3.178054,0.915119,4.0,1.34613,4.106867
656,1,64,98,5,5,50.755537,51.785588,1.030051,0,-0.212832,0.603452,1,656,appearance,22,0.88,1.0,14.8,46.4,64.8,85.94,1.035,0.41,2.963,0.0,0.0,0.0,0,0,0.0,0.0,0.0,0.0,7.101,0.0,0.0,unrouted,0.0,0.0,0.0,0.0,0.0,9.0,9.0,1.0,0.0,7.258556,2.325812,80.143333,0.888889,0.111111,0.0,0.0,0.0,0.0,0.0,1.0,0.0,1.083333,1.117,3.144556,7.101,0.0,0.0,0.0,0.0,0.0,62.71,10.691111,18.773333,176.666667,-0.549752,0.0,-0.549752,0.0,0.0,0.0,0.0,0.0,0.0,0.0,1.414097,1.362166,0.051931,23.555556,3.200938,0.97969,4.0,1.362166,4.106867
657,1,53,94,14,14,44.348016,45.816567,1.468551,0,-1.800841,0.689744,1,657,large_dark,196,1.0,1.0,11.61,23.12,46.59,64.92,1.071,0.0,5.783,0.0,0.0,0.0,0,0,0.0,0.0,0.0,61.436,2.542,0.0,0.0,unrouted,0.0,0.0,0.0,0.0,0.0,9.0,9.0,1.0,0.0,6.927333,1.872342,73.788444,1.0,0.0,0.0,0.0,0.0,0.0,0.0,1.0,0.0,1.084444,1.105,3.173667,7.336,0.0,0.0,0.0,0.0,0.0,62.566667,12.276667,19.121111,179.666667,-0.555869,0.0,-0.555869,0.0,0.0,0.0,0.0,0.0,0.0,0.0,2.226692,1.931674,0.295018,25.888889,3.291713,1.653341,5.522681,1.931674,5.455
658,1,53,94,14,14,44.537456,46.019529,1.482073,0,-1.170547,0.448333,1,658,large_dark,196,1.0,1.0,0.06,23.07,46.52,64.94,1.071,0.0,5.681,0.0,0.0,0.0,0,0,0.0,0.0,0.0,61.448,2.54,0.0,0.0,unrouted,0.0,0.0,0.0,0.0,0.0,9.0,9.0,1.0,0.0,6.465333,1.588344,67.888111,1.0,0.0,0.0,0.0,0.0,0.0,0.0,1.0,0.0,1.080667,1.105,3.163222,7.336,0.0,0.0,0.0,0.0,0.0,63.344444,9.222222,20.708889,179.666667,-0.222536,0.0,-0.222536,0.0,0.0,0.0,0.0,0.0,0.0,0.0,1.893359,1.689624,0.203735,24.111111,3.22331,1.208897,5.522681,1.689624,5.455
659,1,55,95,12,12,38.91963,40.505325,1.585696,0,-0.410855,0.291417,1,659,map,144,1.0,1.0,14.44,24.84,52.8,70.29,1.096,0.0,3.869,0.0,0.0,0.0,0,0,0.0,0.0,0.0,3.014,2.422,0.0,0.0,unrouted,0.0,0.0,0.0,0.0,0.0,9.0,9.0,1.0,0.0,5.829111,1.333694,55.495444,1.0,0.0,0.0,0.0,0.0,0.0,0.0,1.0,0.0,1.079667,1.096,3.139778,7.336,0.0,0.0,0.0,0.0,0.0,64.72,10.82,22.495556,173.888889,-0.197045,0.111111,-0.197045,0.111111,0.0,0.0,0.0,0.0,0.0,0.0,1.893359,1.78785,0.105509,26.111111,3.299944,1.320008,5.522681,1.78785,5.455
660,1,69,94,14,14,34.94038,37.533754,2.593374,0,0.787847,0.138959,1,660,large_dark,196,1.0,1.0,0.0,15.29,3.8,63.13,1.031,0.0,4.505,0.0,0.0,0.0,0,0,0.0,0.0,0.0,50.539,3.117,0.0,0.0,unrouted,0.0,0.0,0.0,0.0,0.0,9.0,9.0,1.0,0.0,5.173889,0.828385,57.993667,1.0,0.0,0.0,0.0,0.0,0.0,0.0,1.0,0.0,1.054556,1.079,2.920333,3.147,0.0,0.0,0.0,0.0,0.0,62.052222,4.816667,16.748889,196.0,-0.007647,0.111111,-0.007647,0.111111,0.0,0.0,0.0,0.0,0.0,0.0,1.153907,1.479957,-0.32605,24.111111,3.22331,1.147173,6.324555,1.479957,6.342997
661,1,48,98,14,14,35.493188,36.503765,1.010577,0,-1.060836,0.714624,1,661,large_dark,196,1.0,1.0,10.35,9.74,26.18,69.13,1.025,0.0,5.851,0.0,0.0,0.0,0,0,0.0,0.0,0.0,65.533,6.193,0.0,0.0,unrouted,0.0,0.0,0.0,0.0,0.0,9.0,9.0,1.0,0.0,5.594,0.526607,56.956444,1.0,0.0,0.0,0.0,0.0,0.0,0.0,1.0,0.0,1.060111,1.091,4.2,7.336,0.0,0.0,0.0,0.0,0.0,66.387778,6.988889,19.567778,179.666667,0.015295,0.111111,0.015295,0.111111,0.0,0.0,0.0,0.0,0.0,0.0,2.071753,2.215835,-0.144082,24.777778,3.249513,1.560792,6.403124,2.215835,5.455
662,9241,30,98,14,14,37.091281,37.974828,0.883547,0,1.385497,-0.254402,1,662,large_dark,196,1.0,1.0,7.17,9.05,14.95,67.14,0.969,0.0,4.96,0.0,0.0,0.0,0,0,0.0,0.0,0.0,55.768,2.453,0.0,0.0,unrouted,0.0,0.0,0.0,0.0,0.0,9.0,9.0,1.0,0.0,4.878,0.106524,55.790889,1.0,0.0,0.0,0.0,0.0,0.0,0.0,1.0,0.0,0.996222,1.013,5.124778,6.101,0.0,0.0,0.0,0.0,0.0,65.451111,2.913333,8.078889,196.0,-0.010961,0.0,-0.010961,0.0,0.0,0.0,0.0,0.0,0.0,0.0,0.536492,1.045921,-0.509429,28.444444,3.382505,1.163571,2.236068,1.045921,1.729774
663,1,47,99,14,14,34.230631,33.500839,-0.729793,0,-0.675703,0.529428,1,663,large_dark,196,1.0,1.0,0.08,8.86,23.24,69.63,0.993,0.0,5.476,0.0,0.0,0.0,0,0,0.0,0.0,0.0,62.366,9.198,0.0,0.0,unrouted,0.0,0.0,0.0,0.0,0.0,9.0,9.0,1.0,0.0,5.49,0.425155,55.865222,1.0,0.0,0.0,0.0,0.0,0.0,0.0,1.0,0.0,1.041778,1.091,5.644667,9.198,0.0,0.0,0.0,0.0,0.0,68.296667,6.914444,17.261111,179.666667,-0.017589,0.111111,-0.017589,0.111111,0.0,0.0,0.0,0.0,0.0,0.0,2.209094,2.30554,-0.096446,26.222222,3.304034,1.717927,6.403124,2.30554,5.455
664,9241,30,98,14,14,36.890206,38.041019,1.150814,0,0.585372,-0.107485,1,664,large_dark,196,1.0,1.0,3.29,7.43,9.74,67.65,0.955,0.0,4.762,0.0,0.0,0.0,0,0,0.0,0.0,0.0,54.543,1.509,0.0,0.0,unrouted,0.0,0.0,0.0,0.0,0.0,9.0,9.0,1.0,0.0,4.842556,0.093588,55.298111,1.0,0.0,0.0,0.0,0.0,0.0,0.0,1.0,0.0,0.986556,1.013,4.668778,6.101,0.0,0.0,0.0,0.0,0.0,66.031111,2.784444,8.121111,196.0,-0.002294,0.0,-0.002294,0.0,0.0,0.0,0.0,0.0,0.0,0.0,0.536492,1.039188,-0.502696,28.666667,3.390024,0.941348,2.236068,1.039188,1.729774
665,6574,62,118,14,14,34.421188,37.264869,2.843681,0,0.406995,-0.112394,1,665,large_dark,196,1.0,1.0,0.0,5.42,3.82,81.14,0.645,0.0,5.19,0.0,0.0,0.0,0,0,0.0,0.0,0.0,60.477,2.937,0.0,0.0,unrouted,0.0,0.0,0.0,0.0,0.0,9.0,9.0,1.0,0.0,5.312111,0.097897,61.540333,1.0,0.0,0.0,0.0,0.0,0.0,0.0,1.0,0.0,0.667333,0.701,2.998778,3.062,0.0,0.0,0.0,0.0,0.0,79.371111,3.308889,5.608889,196.0,-0.022942,0.0,-0.022942,0.0,0.0,0.0,0.0,0.0,0.0,0.0,1.118029,2.321031,-1.203002,26.222222,3.304034,1.245678,7.211103,2.321031,5.558249
666,6574,62,118,14,14,35.482077,38.205934,2.723857,0,0.264547,-0.073056,1,666,large_dark,196,1.0,1.0,6.43,4.89,1.65,81.1,0.625,0.0,5.416,0.0,0.0,0.0,0,0,0.0,0.0,0.0,62.869,2.9,0.0,0.0,unrouted,0.0,0.0,0.0,0.0,0.0,9.0,9.0,1.0,0.0,5.313444,0.099213,61.624,1.0,0.0,0.0,0.0,0.0,0.0,0.0,1.0,0.0,0.658889,0.701,2.980778,3.061,0.0,0.0,0.0,0.0,0.0,79.773333,3.392222,5.438889,196.0,-0.002549,0.0,-0.002549,0.0,0.0,0.0,0.0,0.0,0.0,0.0,0.333333,2.065604,-1.732271,27.0,3.332205,0.444444,2.0,2.065604,5.558249
667,6574,63,118,14,14,39.204527,41.957189,2.752662,0,0.521955,-0.047486,1,667,large_dark,196,1.0,1.0,9.15,5.01,1.56,81.93,0.62,0.0,5.405,0.0,0.0,0.0,0,0,0.0,0.0,0.0,62.392,3.053,0.0,0.0,unrouted,0.0,0.0,0.0,0.0,0.0,9.0,9.0,1.0,0.0,5.319111,0.10276,61.654667,1.0,0.0,0.0,0.0,0.0,0.0,0.0,1.0,0.0,0.649889,0.676,2.979889,3.053,0.0,0.0,0.0,0.0,0.0,80.272222,4.408889,5.282222,196.0,-0.002039,0.0,-0.002039,0.0,0.0,0.0,0.0,0.0,0.0,0.0,0.333333,1.53014,-1.196807,30.333333,3.444682,0.555556,2.0,1.53014,4.43138
668,6574,63,118,14,14,41.352002,44.086861,2.734859,0,0.339271,-0.030866,1,668,large_dark,196,1.0,1.0,0.0,5.01,1.56,81.93,0.62,0.0,5.324,0.0,0.0,0.0,0,0,0.0,0.0,0.0,62.392,3.053,0.0,0.0,unrouted,0.0,0.0,0.0,0.0,0.0,9.0,9.0,1.0,0.0,5.303778,0.08977,61.581444,1.0,0.0,0.0,0.0,0.0,0.0,0.0,1.0,0.0,0.643667,0.676,2.981889,3.053,0.0,0.0,0.0,0.0,0.0,80.671111,3.744444,5.207778,196.0,-0.010451,0.0,-0.010451,0.0,0.0,0.0,0.0,0.0,0.0,0.0,0.333333,1.095999,-0.762666,28.444444,3.382505,0.444444,2.0,1.095999,2.179309
669,6574,64,118,14,14,41.877259,44.641317,2.764058,0,0.570526,-0.020063,1,669,large_dark,196,1.0,1.0,5.61,5.15,1.38,81.98,0.616,0.0,5.466,0.0,0.0,0.0,0,0,0.0,0.0,0.0,63.523,2.983,0.0,0.0,unrouted,0.0,0.0,0.0,0.0,0.0,9.0,9.0,1.0,0.0,5.310111,0.098551,61.633889,1.0,0.0,0.0,0.0,0.0,0.0,0.0,1.0,0.0,0.637,0.658,2.975889,3.053,0.0,0.0,0.0,0.0,0.0,81.075556,4.367778,5.148889,196.0,-0.013255,0.0,-0.013255,0.0,0.0,0.0,0.0,0.0,0.0,0.0,0.333333,0.937305,-0.603971,30.555556,3.45175,0.555556,2.0,0.937305,2.179309
670,6574,64,118,14,14,42.476043,45.221451,2.745408,0,0.370842,-0.013041,1,670,large_dark,196,1.0,1.0,0.0,5.15,1.38,81.98,0.616,0.0,5.417,0.0,0.0,0.0,0,0,0.0,0.0,0.0,63.523,2.983,0.0,0.0,unrouted,0.0,0.0,0.0,0.0,0.0,9.0,9.0,1.0,0.0,5.319333,0.104083,61.845,1.0,0.0,0.0,0.0,0.0,0.0,0.0,1.0,0.0,0.632333,0.652,2.979,3.053,0.0,0.0,0.0,0.0,0.0,81.365556,3.781111,5.104444,196.0,-0.016569,0.0,-0.016569,0.0,0.0,0.0,0.0,0.0,0.0,0.0,0.333333,0.75859,-0.425257,27.666667,3.355735,0.444444,2.0,0.75859,2.130297
671,6574,64,118,14,14,42.873463,45.622276,2.748813,0,0.241047,-0.008477,1,671,large_dark,196,1.0,1.0,6.84,5.06,1.22,82.53,0.61,0.0,5.603,0.0,0.0,0.0,0,0,0.0,0.0,0.0,65.115,2.992,0.0,0.0,unrouted,0.0,0.0,0.0,0.0,0.0,9.0,9.0,1.0,0.0,5.359444,0.13229,62.360222,1.0,0.0,0.0,0.0,0.0,0.0,0.0,1.0,0.0,0.627667,0.652,2.980222,3.053,0.0,0.0,0.0,0.0,0.0,81.585556,3.721111,5.116667,196.0,-0.016569,0.0,-0.016569,0.0,0.0,0.0,0.0,0.0,0.0,0.0,0.333333,0.723747,-0.390414,26.555556,3.316204,0.444444,2.0,0.723747,2.130297
672,6574,66,118,14,14,42.832184,45.625829,2.793645,0,0.856681,-0.00551,1,672,large_dark,196,1.0,1.0,7.24,5.9,2.44,83.15,0.603,0.0,5.57,0.0,0.0,0.0,0,0,0.0,0.0,0.0,64.33,2.944,0.0,0.0,unrouted,0.0,0.0,0.0,0.0,0.0,9.0,9.0,1.0,0.0,5.403111,0.129697,62.788667,1.0,0.0,0.0,0.0,0.0,0.0,0.0,1.0,0.0,0.622222,0.645,2.976111,3.053,0.0,0.0,0.0,0.0,0.0,81.875556,4.518889,5.223333,196.0,-0.02753,0.0,-0.02753,0.0,0.0,0.0,0.0,0.0,0.0,0.0,0.444444,0.869741,-0.425296,28.222222,3.374929,0.666667,2.0,0.869741,2.130297
673,6574,66,118,14,14,43.667592,46.428789,2.761197,0,0.556842,-0.003581,1,673,large_dark,196,1.0,1.0,0.0,5.9,2.45,83.12,0.603,0.0,5.506,0.0,0.0,0.0,0,0,0.0,0.0,0.0,64.33,2.943,0.0,0.0,unrouted,0.0,0.0,0.0,0.0,0.0,9.0,9.0,1.0,0.0,5.433,0.118484,63.216778,1.0,0.0,0.0,0.0,0.0,0.0,0.0,1.0,0.0,0.617556,0.645,2.976444,3.053,0.0,0.0,0.0,0.0,0.0,82.095556,3.918889,5.276667,196.0,-0.013255,0.0,-0.013255,0.0,0.0,0.0,0.0,0.0,0.0,0.0,0.333333,0.72823,-0.394896,25.666667,3.283414,0.444444,2.0,0.72823,1.758973
674,6574,66,118,14,14,43.993003,46.747612,2.754608,0,0.361948,-0.002328,1,674,large_dark,196,1.0,1.0,4.89,5.33,1.2,83.23,0.591,0.0,5.498,0.0,0.0,0.0,0,0,0.0,0.0,0.0,63.909,3.103,0.0,0.0,unrouted,0.0,0.0,0.0,0.0,0.0,9.0,9.0,1.0,0.0,5.467222,0.082315,63.598111,1.0,0.0,0.0,0.0,0.0,0.0,0.0,1.0,0.0,0.611556,0.625,2.994889,3.103,0.0,0.0,0.0,0.0,0.0,82.327778,4.462222,5.266667,196.0,-0.013255,0.0,-0.013255,0.0,0.0,0.0,0.0,0.0,0.0,0.0,0.444444,0.717926,-0.273482,28.0,3.367296,0.444444,2.0,0.717926,1.758973
675,6574,66,118,14,14,44.04736,46.790708,2.743347,0,0.235266,-0.001513,1,675,large_dark,196,1.0,1.0,0.0,5.33,1.2,83.24,0.591,0.0,5.455,0.0,0.0,0.0,0,0,0.0,0.0,0.0,63.909,3.103,0.0,0.0,unrouted,0.0,0.0,0.0,0.0,0.0,9.0,9.0,1.0,0.0,5.471556,0.080511,63.713667,1.0,0.0,0.0,0.0,0.0,0.0,0.0,1.0,0.0,0.607778,0.62,3.017444,3.103,0.0,0.0,0.0,0.0,0.0,82.565556,3.747778,5.315556,196.0,-0.013255,0.0,-0.013255,0.0,0.0,0.0,0.0,0.0,0.0,0.0,0.333333,0.711229,-0.377896,25.0,3.258097,0.444444,2.0,0.711229,1.758973
676,6574,68,118,14,14,43.853909,46.605801,2.751892,0,0.852923,-0.000984,1,676,large_dark,196,1.0,1.0,6.91,6.39,2.62,83.63,0.58,0.0,5.686,0.0,0.0,0.0,0,0,0.0,0.0,0.0,65.622,3.192,0.0,0.0,unrouted,0.0,0.0,0.0,0.0,0.0,9.0,9.0,1.0,0.0,5.502778,0.100621,64.072556,1.0,0.0,0.0,0.0,0.0,0.0,0.0,1.0,0.0,0.603333,0.62,3.032889,3.192,0.0,0.0,0.0,0.0,0.0,82.754444,3.498889,5.468889,196.0,-0.034923,0.0,-0.034923,0.0,0.0,0.0,0.0,0.0,0.0,0.0,0.444444,0.825192,-0.380747,24.111111,3.22331,0.555556,2.0,0.825192,1.764735
677,6574,68,118,14,14,44.221566,46.969741,2.748175,0,0.5544,-0.000639,1,677,large_dark,196,1.0,1.0,6.82,6.1,1.84,84.21,0.551,0.0,5.743,0.0,0.0,0.0,0,0,0.0,0.0,0.0,66.419,3.2,0.0,0.0,unrouted,0.0,0.0,0.0,0.0,0.0,9.0,9.0,1.0,0.0,5.549333,0.104009,64.52,1.0,0.0,0.0,0.0,0.0,0.0,0.0,1.0,0.0,0.595667,0.616,3.049222,3.2,0.0,0.0,0.0,0.0,0.0,83.007778,4.256667,5.59,196.0,-0.034923,0.0,-0.034923,0.0,0.0,0.0,0.0,0.0,0.0,0.0,0.555556,0.861726,-0.306171,27.333333,3.344039,0.555556,2.0,0.861726,1.764735
678,6574,68,118,14,14,44.486769,47.206545,2.719776,0,0.36036,-0.000416,1,678,large_dark,196,1.0,1.0,0.0,6.1,1.84,84.21,0.551,0.0,5.683,0.0,0.0,0.0,0,0,0.0,0.0,0.0,66.419,3.199,0.0,0.0,unrouted,0.0,0.0,0.0,0.0,0.0,9.0,9.0,1.0,0.0,5.573444,0.107005,64.841778,1.0,0.0,0.0,0.0,0.0,0.0,0.0,1.0,0.0,0.588444,0.616,3.073222,3.2,0.0,0.0,0.0,0.0,0.0,83.255556,3.633333,5.695556,196.0,-0.032119,0.0,-0.032119,0.0,0.0,0.0,0.0,0.0,0.0,0.0,0.555556,0.849832,-0.294277,25.111111,3.262361,0.444444,2.0,0.849832,1.764735
679,6574,69,118,14,14,44.66713,47.379345,2.712214,0,0.584234,-0.00027,1,679,large_dark,196,1.0,1.0,4.77,6.34,1.57,85.0,0.525,0.0,5.629,0.0,0.0,0.0,0,0,0.0,0.0,0.0,65.125,3.471,0.0,0.0,unrouted,0.0,0.0,0.0,0.0,0.0,9.0,9.0,1.0,0.0,5.597,0.092297,65.019778,1.0,0.0,0.0,0.0,0.0,0.0,0.0,1.0,0.0,0.578333,0.61,3.127444,3.471,0.0,0.0,0.0,0.0,0.0,83.591111,4.163333,5.827778,196.0,-0.037788,0.0,-0.037788,0.0,0.0,0.0,0.0,0.0,0.0,0.0,0.555556,0.857472,-0.301917,28.111111,3.37112,0.555556,2.0,0.857472,1.764735
680,6574,69,118,14,14,44.657652,47.343772,2.68612,0,0.379752,-0.000176,1,680,large_dark,196,1.0,1.0,0.03,6.35,1.58,84.98,0.525,0.0,5.587,0.0,0.0,0.0,0,0,0.0,0.0,0.0,65.121,3.471,0.0,0.0,unrouted,0.0,0.0,0.0,0.0,0.0,9.0,9.0,1.0,0.0,5.595222,0.092318,65.020444,1.0,0.0,0.0,0.0,0.0,0.0,0.0,1.0,0.0,0.568889,0.603,3.180667,3.471,0.0,0.0,0.0,0.0,0.0,83.863333,3.406667,5.971111,196.0,-0.037788,0.0,-0.037788,0.0,0.0,0.0,0.0,0.0,0.0,0.0,0.444444,0.881157,-0.436713,25.888889,3.291713,0.555556,2.0,0.881157,1.764735
681,6574,68,118,14,14,44.921343,47.562456,2.641113,0,-0.103161,-0.000114,1,681,large_dark,196,1.0,1.0,7.58,6.11,0.94,85.31,0.494,0.0,5.497,0.0,0.0,0.0,0,0,0.0,0.0,0.0,63.189,3.51,0.0,0.0,unrouted,0.0,0.0,0.0,0.0,0.0,9.0,9.0,1.0,0.0,5.587111,0.097253,64.893667,1.0,0.0,0.0,0.0,0.0,0.0,0.0,1.0,0.0,0.556778,0.603,3.243556,3.51,0.0,0.0,0.0,0.0,0.0,84.103333,3.444444,5.994444,196.0,-0.017905,0.0,-0.017905,0.0,0.0,0.0,0.0,0.0,0.0,0.0,0.555556,0.839021,-0.283466,27.222222,3.34011,0.444444,2.0,0.839021,1.764735
682,6574,69,118,14,14,45.006774,47.386155,2.379381,0,0.282945,-7.4e-05,1,682,large_dark,196,1.0,1.0,6.12,6.37,1.22,86.07,0.495,0.0,5.676,0.0,0.0,0.0,0,0,0.0,0.0,0.0,65.511,5.703,0.0,0.0,unrouted,0.0,0.0,0.0,0.0,0.0,9.0,9.0,1.0,0.0,5.606,0.096168,65.024889,1.0,0.0,0.0,0.0,0.0,0.0,0.0,1.0,0.0,0.544778,0.591,3.550222,5.703,0.0,0.0,0.0,0.0,0.0,84.431111,4.124444,6.046667,196.0,-0.025297,0.0,-0.025297,0.0,0.0,0.0,0.0,0.0,0.0,0.0,0.555556,0.866406,-0.310851,30.555556,3.45175,0.555556,2.0,0.866406,1.764735
683,6574,69,118,14,14,45.186101,47.387377,2.201276,0,0.183914,-4.8e-05,1,683,large_dark,196,1.0,1.0,0.0,6.37,1.23,86.05,0.495,0.0,5.622,0.0,0.0,0.0,0,0,0.0,0.0,0.0,65.511,5.702,0.0,0.0,unrouted,0.0,0.0,0.0,0.0,0.0,9.0,9.0,1.0,0.0,5.619778,0.088266,65.202889,1.0,0.0,0.0,0.0,0.0,0.0,0.0,1.0,0.0,0.534111,0.591,3.839,5.703,0.0,0.0,0.0,0.0,0.0,84.744444,3.581111,6.162222,196.0,-0.025297,0.0,-0.025297,0.0,0.0,0.0,0.0,0.0,0.0,0.0,0.444444,0.835972,-0.391527,28.555556,3.386272,0.555556,2.0,0.835972,1.764735
684,6574,70,118,14,14,45.326751,45.712421,0.38567,0,0.469544,-3.1e-05,1,684,large_dark,196,1.0,1.0,10.43,6.8,1.95,87.44,0.489,0.0,5.699,0.0,0.0,0.0,0,0,0.0,0.0,0.0,65.128,8.87,0.0,0.0,unrouted,0.0,0.0,0.0,0.0,0.0,9.0,9.0,1.0,0.0,5.646889,0.068821,65.338333,1.0,0.0,0.0,0.0,0.0,0.0,0.0,1.0,0.0,0.522778,0.58,4.479778,8.87,0.0,0.0,0.0,0.0,0.0,85.211111,4.74,6.325556,196.0,-0.033454,0.0,-0.033454,0.0,0.0,0.0,0.0,0.0,0.0,0.0,0.555556,0.886431,-0.330875,31.555556,3.482948,0.666667,2.0,0.886431,1.764735
685,6574,70,118,14,14,45.792204,45.737985,-0.054219,0,0.305204,-2e-05,1,685,large_dark,196,1.0,1.0,0.0,6.8,1.95,87.41,0.489,0.0,5.606,0.0,0.0,0.0,0,0,0.0,0.0,0.0,65.128,8.87,0.0,0.0,unrouted,0.0,0.0,0.0,0.0,0.0,9.0,9.0,1.0,0.0,5.638,0.06836,65.283444,1.0,0.0,0.0,0.0,0.0,0.0,0.0,1.0,0.0,0.512667,0.551,5.110667,8.87,0.0,0.0,0.0,0.0,0.0,85.631111,3.972222,6.371111,196.0,-0.012297,0.0,-0.012297,0.0,0.0,0.0,0.0,0.0,0.0,0.0,0.444444,0.742521,-0.298076,29.444444,3.415904,0.444444,1.0,0.742521,1.379752
686,6574,70,118,14,14,45.936432,45.552319,-0.384113,0,0.198382,-1.3e-05,1,686,large_dark,196,1.0,1.0,10.81,6.99,1.92,86.91,0.497,0.0,5.795,0.0,0.0,0.0,0,0,0.0,0.0,0.0,66.268,7.801,0.0,0.0,unrouted,0.0,0.0,0.0,0.0,0.0,9.0,9.0,1.0,0.0,5.643778,0.078444,65.266667,1.0,0.0,0.0,0.0,0.0,0.0,0.0,1.0,0.0,0.506667,0.551,5.621889,8.87,0.0,0.0,0.0,0.0,0.0,85.931111,4.415556,6.47,196.0,-0.012297,0.0,-0.012297,0.0,0.0,0.0,0.0,0.0,0.0,0.0,0.333333,0.681663,-0.34833,28.888889,3.397487,0.444444,1.0,0.681663,1.379752
687,6574,71,118,14,14,45.763139,44.994541,-0.768598,0,0.478949,-9e-06,1,687,large_dark,196,1.0,1.0,7.47,7.59,2.4,87.85,0.502,0.0,5.605,0.0,0.0,0.0,0,0,0.0,0.0,0.0,64.083,8.777,0.0,0.0,unrouted,0.0,0.0,0.0,0.0,0.0,9.0,9.0,1.0,0.0,5.635111,0.077939,65.007111,1.0,0.0,0.0,0.0,0.0,0.0,0.0,1.0,0.0,0.501222,0.525,6.241667,8.87,0.0,0.0,0.0,0.0,0.0,86.335556,5.245556,6.635556,196.0,-0.022238,0.0,-0.022238,0.0,0.0,0.0,0.0,0.0,0.0,0.0,0.444444,0.709132,-0.264687,32.111111,3.499869,0.555556,1.0,0.709132,1.379752
688,6574,71,118,14,14,45.749879,44.57862,-1.171259,0,0.311317,-6e-06,1,688,large_dark,196,1.0,1.0,0.0,7.59,2.4,87.85,0.502,0.0,5.539,0.0,0.0,0.0,0,0,0.0,0.0,0.0,64.083,8.777,0.0,0.0,unrouted,0.0,0.0,0.0,0.0,0.0,9.0,9.0,1.0,0.0,5.625111,0.083647,64.891333,1.0,0.0,0.0,0.0,0.0,0.0,0.0,1.0,0.0,0.498667,0.525,6.831222,8.87,0.0,0.0,0.0,0.0,0.0,86.652222,4.715556,6.774444,196.0,-0.016569,0.0,-0.016569,0.0,0.0,0.0,0.0,0.0,0.0,0.0,0.444444,0.691277,-0.246832,29.555556,3.419547,0.444444,1.0,0.691277,1.379752
689,6574,72,118,14,14,45.740974,42.696853,-3.04412,0,0.552356,-4e-06,1,689,large_dark,196,1.0,1.0,6.48,8.06,3.31,88.51,0.497,0.0,5.615,0.0,0.0,0.0,0,0,0.0,0.0,0.0,64.118,11.744,0.0,0.0,unrouted,0.0,0.0,0.0,0.0,0.0,9.0,9.0,1.0,0.0,5.628222,0.082687,64.779889,1.0,0.0,0.0,0.0,0.0,0.0,0.0,1.0,0.0,0.495556,0.502,7.750444,11.744,0.0,0.0,0.0,0.0,0.0,87.044444,5.432222,6.964444,196.0,-0.020348,0.0,-0.020348,0.0,0.0,0.0,0.0,0.0,0.0,0.0,0.555556,0.702882,-0.147327,32.666667,3.516508,0.555556,1.0,0.702882,1.379752
690,6574,72,118,14,14,45.921424,42.255995,-3.665429,0,0.359031,-2e-06,1,690,large_dark,196,1.0,1.0,0.0,8.06,3.31,88.53,0.497,0.0,5.558,0.0,0.0,0.0,0,0,0.0,0.0,0.0,64.118,11.745,0.0,0.0,unrouted,0.0,0.0,0.0,0.0,0.0,9.0,9.0,1.0,0.0,5.635,0.07366,64.883111,1.0,0.0,0.0,0.0,0.0,0.0,0.0,1.0,0.0,0.495889,0.502,8.665444,11.745,0.0,0.0,0.0,0.0,0.0,87.402222,4.59,7.181111,196.0,-0.02927,0.0,-0.02927,0.0,0.0,0.0,0.0,0.0,0.0,0.0,0.333333,0.61095,-0.277616,30.0,3.433987,0.444444,1.0,0.61095,1.103161
691,6574,72,117,14,14,45.853895,41.818789,-4.035106,0,0.23337,-0.350002,1,691,large_dark,196,1.0,1.0,9.09,7.53,2.39,89.07,0.515,0.0,5.571,0.0,0.0,0.0,0,0,0.0,0.0,0.0,63.529,10.761,0.0,0.0,unrouted,0.0,0.0,0.0,0.0,0.0,9.0,9.0,1.0,0.0,5.623333,0.074552,64.662889,1.0,0.0,0.0,0.0,0.0,0.0,0.0,1.0,0.0,0.498111,0.515,9.227444,11.745,0.0,0.0,0.0,0.0,0.0,87.735556,4.92,7.31,196.0,-0.025447,0.0,-0.025447,0.0,0.0,0.0,0.0,0.0,0.0,0.0,0.444444,0.606431,-0.161987,30.666667,3.455265,0.444444,1.0,0.606431,1.062496
692,6574,72,117,14,14,45.851147,41.320968,-4.530178,0,0.151691,-0.227501,1,692,large_dark,196,1.0,1.0,12.97,7.9,2.23,88.5,0.511,0.0,5.638,0.0,0.0,0.0,0,0,0.0,0.0,0.0,63.85,11.849,0.0,0.0,unrouted,0.0,0.0,0.0,0.0,0.0,9.0,9.0,1.0,0.0,5.625111,0.07469,64.478333,1.0,0.0,0.0,0.0,0.0,0.0,0.0,1.0,0.0,0.499889,0.515,9.910444,11.849,0.0,0.0,0.0,0.0,0.0,88.007778,6.361111,7.48,196.0,-0.025447,0.0,-0.025447,0.0,0.0,0.0,0.0,0.0,0.0,0.0,0.444444,0.621734,-0.177289,33.666667,3.545779,0.444444,1.0,0.621734,1.062496
693,6574,72,117,14,14,45.809989,41.043322,-4.766667,0,0.098599,-0.147876,1,693,large_dark,196,1.0,1.0,0.0,7.9,2.23,88.5,0.511,0.0,5.523,0.0,0.0,0.0,0,0,0.0,0.0,0.0,63.85,11.849,0.0,0.0,unrouted,0.0,0.0,0.0,0.0,0.0,9.0,9.0,1.0,0.0,5.605556,0.075816,64.336333,1.0,0.0,0.0,0.0,0.0,0.0,0.0,1.0,0.0,0.502333,0.515,10.241444,11.849,0.0,0.0,0.0,0.0,0.0,88.125556,5.202222,7.602222,196.0,-0.017289,0.0,-0.017289,0.0,0.0,0.0,0.0,0.0,0.0,0.0,0.333333,0.561439,-0.228106,31.222222,3.472656,0.333333,1.0,0.561439,1.062496
694,6574,73,117,14,14,45.631832,37.745555,-7.886277,0,0.414089,-0.096119,1,694,large_dark,196,1.0,1.0,10.01,8.01,1.76,89.55,0.513,0.0,5.587,0.0,0.0,0.0,0,0,0.0,0.0,0.0,63.569,17.435,0.0,0.0,unrouted,0.0,0.0,0.0,0.0,0.0,9.0,9.0,1.0,0.0,5.603444,0.076038,64.163111,1.0,0.0,0.0,0.0,0.0,0.0,0.0,1.0,0.0,0.505,0.515,11.193111,17.435,0.0,0.0,0.0,0.0,0.0,88.363333,6.314444,7.736667,196.0,-0.027486,0.0,-0.027486,0.0,0.0,0.0,0.0,0.0,0.0,0.0,0.444444,0.610762,-0.166318,33.888889,3.552168,0.444444,1.0,0.610762,1.062496
695,9241,32,91,14,14,34.082519,36.988713,2.906194,0,0.350982,-0.097832,1,695,large_dark,196,1.0,1.0,0.23,3.74,4.1,72.26,0.865,0.0,4.243,0.0,0.0,0.0,0,0,0.0,0.0,0.0,49.553,2.231,0.0,0.0,unrouted,0.0,0.0,0.0,0.0,0.0,9.0,9.0,1.0,0.0,4.412333,0.186338,51.489444,1.0,0.0,0.0,0.0,0.0,0.0,0.0,1.0,0.0,0.886222,0.903,1.652667,2.232,0.0,0.0,0.0,0.0,0.0,70.743333,2.68,3.658889,196.0,0.002039,0.0,0.002039,0.0,0.0,0.0,0.0,0.0,0.0,0.0,0.490468,0.773234,-0.282766,31.666667,3.486355,0.490468,2.0,0.773234,1.757743
696,9241,32,90,14,14,34.086483,36.979081,2.892598,0,0.228138,-0.413591,1,696,large_dark,196,1.0,1.0,5.18,4.27,1.93,72.82,0.867,0.0,4.319,0.0,0.0,0.0,0,0,0.0,0.0,0.0,50.027,2.19,0.0,0.0,unrouted,0.0,0.0,0.0,0.0,0.0,9.0,9.0,1.0,0.0,4.371111,0.159449,50.947222,1.0,0.0,0.0,0.0,0.0,0.0,0.0,1.0,0.0,0.882222,0.903,1.763556,2.232,0.0,0.0,0.0,0.0,0.0,71.102222,2.781111,3.748889,196.0,0.013255,0.0,0.013255,0.0,0.0,0.0,0.0,0.0,0.0,0.0,0.379357,0.685489,-0.306132,31.666667,3.486355,0.379357,1.414214,0.685489,1.303003
697,9241,32,90,14,14,33.852164,36.749362,2.897198,0,0.14829,-0.268834,1,697,large_dark,196,1.0,1.0,5.12,4.01,3.26,72.84,0.857,0.0,4.324,0.0,0.0,0.0,0,0,0.0,0.0,0.0,50.011,2.163,0.0,0.0,unrouted,0.0,0.0,0.0,0.0,0.0,9.0,9.0,1.0,0.0,4.334556,0.124521,50.403222,1.0,0.0,0.0,0.0,0.0,0.0,0.0,1.0,0.0,0.877111,0.895,1.871444,2.232,0.0,0.0,0.0,0.0,0.0,71.463333,3.35,3.81,196.0,0.013255,0.0,0.013255,0.0,0.0,0.0,0.0,0.0,0.0,0.0,0.379357,0.64237,-0.263013,35.0,3.583519,0.379357,1.414214,0.64237,1.303003
698,9241,48,94,14,14,37.473759,37.624539,0.150779,0,0.410917,0.052817,1,698,large_dark,196,1.0,1.0,0.42,9.61,9.52,77.35,0.858,0.0,5.143,0.0,0.0,0.0,0,0,0.0,0.0,0.0,58.875,2.197,0.0,0.0,unrouted,0.0,0.0,0.0,0.0,0.0,9.0,9.0,1.0,0.0,5.114556,0.085643,58.315444,1.0,0.0,0.0,0.0,0.0,0.0,0.0,1.0,0.0,0.869667,0.886,4.376778,8.838,0.0,0.0,0.0,0.0,0.0,76.408889,3.632222,8.733333,196.0,-0.011198,0.0,-0.011198,0.0,0.0,0.0,0.0,0.0,0.0,0.0,0.601579,1.505756,-0.904176,32.333333,3.506558,0.601579,2.0,1.505756,3.364914
